repoIndex,repoName,linkLocation,comment,keywords,buildSysteminFile,charPosition,startLine,endLine
10921,jdemetra/jdemetra-app,https://github.com/jdemetra/jdemetra-app/blob/2af4c3445b02b6b4197aa67113232bbc3ca0fb6f/pom.xml#L59,<!-- import of jdemetra deps > -->,[],Maven,12,59,59
10921,jdemetra/jdemetra-app,https://github.com/jdemetra/jdemetra-app/blob/2af4c3445b02b6b4197aa67113232bbc3ca0fb6f/pom.xml#L67,<!-- < import of jdemetra deps -->,[],Maven,12,67,67
10921,jdemetra/jdemetra-app,https://github.com/jdemetra/jdemetra-app/blob/2af4c3445b02b6b4197aa67113232bbc3ca0fb6f/pom.xml#L69,<!-- dependencies  -->,[],Maven,12,69,69
10921,jdemetra/jdemetra-app,https://github.com/jdemetra/jdemetra-app/blob/2af4c3445b02b6b4197aa67113232bbc3ca0fb6f/pom.xml#L78,<!-- NetBeans deps > -->,[],Maven,12,78,78
10921,jdemetra/jdemetra-app,https://github.com/jdemetra/jdemetra-app/blob/2af4c3445b02b6b4197aa67113232bbc3ca0fb6f/pom.xml#L206,<!-- < NetBeans deps -->,[],Maven,12,206,206
10921,jdemetra/jdemetra-app,https://github.com/jdemetra/jdemetra-app/blob/2af4c3445b02b6b4197aa67113232bbc3ca0fb6f/pom.xml#L208,<!-- nbdemetra modules > -->,[],Maven,12,208,208
10921,jdemetra/jdemetra-app,https://github.com/jdemetra/jdemetra-app/blob/2af4c3445b02b6b4197aa67113232bbc3ca0fb6f/pom.xml#L269,<!-- < nbdemetra modules -->,[],Maven,12,269,269
10921,jdemetra/jdemetra-app,https://github.com/jdemetra/jdemetra-app/blob/2af4c3445b02b6b4197aa67113232bbc3ca0fb6f/pom.xml#L289,<!-- Enforce reproducible builds -->,[],Maven,16,289,289
10921,jdemetra/jdemetra-app,https://github.com/jdemetra/jdemetra-app/blob/2af4c3445b02b6b4197aa67113232bbc3ca0fb6f/pom.xml#L330,<!-- Other plugins -->,[],Maven,16,330,330
10921,jdemetra/jdemetra-app,https://github.com/jdemetra/jdemetra-app/blob/2af4c3445b02b6b4197aa67113232bbc3ca0fb6f/pom.xml#L339,<!-- Clean binaries directory -->,[],Maven,12,339,339
10921,jdemetra/jdemetra-app,https://github.com/jdemetra/jdemetra-app/blob/2af4c3445b02b6b4197aa67113232bbc3ca0fb6f/pom.xml#L355,<!-- to have the jar plugin pickup the nbm generated manifest -->,[],Maven,20,355,355
10921,jdemetra/jdemetra-app,https://github.com/jdemetra/jdemetra-app/blob/2af4c3445b02b6b4197aa67113232bbc3ca0fb6f/pom.xml#L375,<!-- Base build java8 -->,[],Maven,8,375,375
10921,jdemetra/jdemetra-app,https://github.com/jdemetra/jdemetra-app/blob/2af4c3445b02b6b4197aa67113232bbc3ca0fb6f/pom.xml#L401,<!-- Enforce Java8 API -->,[],Maven,8,401,401
10921,jdemetra/jdemetra-app,https://github.com/jdemetra/jdemetra-app/blob/2af4c3445b02b6b4197aa67113232bbc3ca0fb6f/pom.xml#L412,<!-- Enforce dependency & Maven-central rules -->,[],Maven,8,412,412
10921,jdemetra/jdemetra-app,https://github.com/jdemetra/jdemetra-app/blob/2af4c3445b02b6b4197aa67113232bbc3ca0fb6f/pom.xml#L473,<!-- Enforce modern API -->,[],Maven,8,473,473
10921,jdemetra/jdemetra-app,https://github.com/jdemetra/jdemetra-app/blob/2af4c3445b02b6b4197aa67113232bbc3ca0fb6f/pom.xml#L510,<!-- Optional checks -->,[],Maven,8,510,510
10921,jdemetra/jdemetra-app,https://github.com/jdemetra/jdemetra-app/blob/2af4c3445b02b6b4197aa67113232bbc3ca0fb6f/pom.xml#L538,<!-- Base deploy -->,[],Maven,8,538,538
10921,jdemetra/jdemetra-app,https://github.com/jdemetra/jdemetra-app/blob/2af4c3445b02b6b4197aa67113232bbc3ca0fb6f/pom.xml#L589,<!-- Deploy SNAPSHOTS to OSSRH -->,[],Maven,8,589,589
10921,jdemetra/jdemetra-app,https://github.com/jdemetra/jdemetra-app/blob/2af4c3445b02b6b4197aa67113232bbc3ca0fb6f/pom.xml#L615,<!-- Deploy RELEASES to OSSRH -->,[],Maven,8,615,615
10921,jdemetra/jdemetra-app,https://github.com/jdemetra/jdemetra-app/blob/2af4c3445b02b6b4197aa67113232bbc3ca0fb6f/nbdemetra-anomalydetection/pom.xml#L18,<!-- compile only -->,[],Maven,8,18,18
10921,jdemetra/jdemetra-app,https://github.com/jdemetra/jdemetra-app/blob/2af4c3445b02b6b4197aa67113232bbc3ca0fb6f/nbdemetra-anomalydetection/pom.xml#L25,<!-- NetBeans -->,[],Maven,8,25,25
10921,jdemetra/jdemetra-app,https://github.com/jdemetra/jdemetra-app/blob/2af4c3445b02b6b4197aa67113232bbc3ca0fb6f/nbdemetra-anomalydetection/pom.xml#L111,<!-- Projects -->,[],Maven,8,111,111
10921,jdemetra/jdemetra-app,https://github.com/jdemetra/jdemetra-app/blob/2af4c3445b02b6b4197aa67113232bbc3ca0fb6f/nbdemetra-app/pom.xml#L27,<!-- NB platform -->,[],Maven,8,27,27
10921,jdemetra/jdemetra-app,https://github.com/jdemetra/jdemetra-app/blob/2af4c3445b02b6b4197aa67113232bbc3ca0fb6f/nbdemetra-app/pom.xml#L51,<!-- force specific version of commons-io to avoid dependency convergence issue with POI -->,[],Maven,8,51,51
10921,jdemetra/jdemetra-app,https://github.com/jdemetra/jdemetra-app/blob/2af4c3445b02b6b4197aa67113232bbc3ca0fb6f/nbdemetra-app/pom.xml#L58,<!-- NB additional modules -->,[],Maven,8,58,58
10921,jdemetra/jdemetra-app,https://github.com/jdemetra/jdemetra-app/blob/2af4c3445b02b6b4197aa67113232bbc3ca0fb6f/nbdemetra-app/pom.xml#L76,<!-- JD+ modules -->,[],Maven,8,76,76
10921,jdemetra/jdemetra-app,https://github.com/jdemetra/jdemetra-app/blob/2af4c3445b02b6b4197aa67113232bbc3ca0fb6f/nbdemetra-app/pom.xml#L121,<!-- Generates standalone application -->,[],Maven,12,121,121
10921,jdemetra/jdemetra-app,https://github.com/jdemetra/jdemetra-app/blob/2af4c3445b02b6b4197aa67113232bbc3ca0fb6f/nbdemetra-app/pom.xml#L126,<!--                    <finalName>${project.artifactId}-${project.version}-bin</finalName>-->,[],Maven,0,126,126
10921,jdemetra/jdemetra-app,https://github.com/jdemetra/jdemetra-app/blob/2af4c3445b02b6b4197aa67113232bbc3ca0fb6f/nbdemetra-app/pom.xml#L128,<!--                    <installerPack200Enable>false</installerPack200Enable>-->,[],Maven,0,128,128
10921,jdemetra/jdemetra-app,https://github.com/jdemetra/jdemetra-app/blob/2af4c3445b02b6b4197aa67113232bbc3ca0fb6f/nbdemetra-app/pom.xml#L133,<!-- Copies files to binaries -->,[],Maven,12,133,133
10921,jdemetra/jdemetra-app,https://github.com/jdemetra/jdemetra-app/blob/2af4c3445b02b6b4197aa67113232bbc3ca0fb6f/nbdemetra-app/pom.xml#L160,<!-- Renames binaries -->,[],Maven,12,160,160
10921,jdemetra/jdemetra-app,https://github.com/jdemetra/jdemetra-app/blob/2af4c3445b02b6b4197aa67113232bbc3ca0fb6f/nbdemetra-app/pom.xml#L190,<!-- Generates SHA256 on binaries -->,[],Maven,12,190,190
10921,jdemetra/jdemetra-app,https://github.com/jdemetra/jdemetra-app/blob/2af4c3445b02b6b4197aa67113232bbc3ca0fb6f/nbdemetra-common/pom.xml#L18,<!-- NetBeans -->,[],Maven,8,18,18
10921,jdemetra/jdemetra-app,https://github.com/jdemetra/jdemetra-app/blob/2af4c3445b02b6b4197aa67113232bbc3ca0fb6f/nbdemetra-common/pom.xml#L48,<!-- NbDemetra -->,[],Maven,8,48,48
10921,jdemetra/jdemetra-app,https://github.com/jdemetra/jdemetra-app/blob/2af4c3445b02b6b4197aa67113232bbc3ca0fb6f/nbdemetra-common/pom.xml#L58,<!-- JDemetra -->,[],Maven,8,58,58
10921,jdemetra/jdemetra-app,https://github.com/jdemetra/jdemetra-app/blob/2af4c3445b02b6b4197aa67113232bbc3ca0fb6f/nbdemetra-core/pom.xml#L30,<!-- compile only -->,[],Maven,8,30,30
10921,jdemetra/jdemetra-app,https://github.com/jdemetra/jdemetra-app/blob/2af4c3445b02b6b4197aa67113232bbc3ca0fb6f/nbdemetra-core/pom.xml#L42,<!-- NetBeans -->,[],Maven,8,42,42
10921,jdemetra/jdemetra-app,https://github.com/jdemetra/jdemetra-app/blob/2af4c3445b02b6b4197aa67113232bbc3ca0fb6f/nbdemetra-core/pom.xml#L56,<!-- JDemetra -->,[],Maven,8,56,56
10921,jdemetra/jdemetra-app,https://github.com/jdemetra/jdemetra-app/blob/2af4c3445b02b6b4197aa67113232bbc3ca0fb6f/nbdemetra-core/pom.xml#L134,<!-- strange bug (that appeared after guava update in demetra-core) solved by this: -->,[],Maven,24,134,134
10921,jdemetra/jdemetra-app,https://github.com/jdemetra/jdemetra-app/blob/2af4c3445b02b6b4197aa67113232bbc3ca0fb6f/nbdemetra-jdbc/pom.xml#L18,<!-- compile only -->,[],Maven,8,18,18
10921,jdemetra/jdemetra-app,https://github.com/jdemetra/jdemetra-app/blob/2af4c3445b02b6b4197aa67113232bbc3ca0fb6f/nbdemetra-jdbc/pom.xml#L30,<!-- NetBeans -->,[],Maven,8,30,30
10921,jdemetra/jdemetra-app,https://github.com/jdemetra/jdemetra-app/blob/2af4c3445b02b6b4197aa67113232bbc3ca0fb6f/nbdemetra-jdbc/pom.xml#L65,<!-- NbDemetra -->,[],Maven,8,65,65
10921,jdemetra/jdemetra-app,https://github.com/jdemetra/jdemetra-app/blob/2af4c3445b02b6b4197aa67113232bbc3ca0fb6f/nbdemetra-jdbc/pom.xml#L75,<!-- JDemetra -->,[],Maven,8,75,75
10921,jdemetra/jdemetra-app,https://github.com/jdemetra/jdemetra-app/blob/2af4c3445b02b6b4197aa67113232bbc3ca0fb6f/nbdemetra-odbc/pom.xml#L18,<!-- NetBeans -->,[],Maven,8,18,18
10921,jdemetra/jdemetra-app,https://github.com/jdemetra/jdemetra-app/blob/2af4c3445b02b6b4197aa67113232bbc3ca0fb6f/nbdemetra-odbc/pom.xml#L44,<!-- NbDemetra -->,[],Maven,8,44,44
10921,jdemetra/jdemetra-app,https://github.com/jdemetra/jdemetra-app/blob/2af4c3445b02b6b4197aa67113232bbc3ca0fb6f/nbdemetra-odbc/pom.xml#L58,<!-- JDemetra -->,[],Maven,8,58,58
10921,jdemetra/jdemetra-app,https://github.com/jdemetra/jdemetra-app/blob/2af4c3445b02b6b4197aa67113232bbc3ca0fb6f/nbdemetra-sa/pom.xml#L20,<!-- compile only -->,[],Maven,8,20,20
10921,jdemetra/jdemetra-app,https://github.com/jdemetra/jdemetra-app/blob/2af4c3445b02b6b4197aa67113232bbc3ca0fb6f/nbdemetra-sa/pom.xml#L27,<!-- NetBeans -->,[],Maven,8,27,27
10921,jdemetra/jdemetra-app,https://github.com/jdemetra/jdemetra-app/blob/2af4c3445b02b6b4197aa67113232bbc3ca0fb6f/nbdemetra-sa/pom.xml#L105,<!-- NbDemetra -->,[],Maven,8,105,105
10921,jdemetra/jdemetra-app,https://github.com/jdemetra/jdemetra-app/blob/2af4c3445b02b6b4197aa67113232bbc3ca0fb6f/nbdemetra-sdmx/pom.xml#L18,<!-- Demetra -->,[],Maven,8,18,18
10921,jdemetra/jdemetra-app,https://github.com/jdemetra/jdemetra-app/blob/2af4c3445b02b6b4197aa67113232bbc3ca0fb6f/nbdemetra-sdmx/pom.xml#L42,<!-- NbDemetra -->,[],Maven,8,42,42
10921,jdemetra/jdemetra-app,https://github.com/jdemetra/jdemetra-app/blob/2af4c3445b02b6b4197aa67113232bbc3ca0fb6f/nbdemetra-sdmx/pom.xml#L52,<!-- NetBeans -->,[],Maven,8,52,52
10921,jdemetra/jdemetra-app,https://github.com/jdemetra/jdemetra-app/blob/2af4c3445b02b6b4197aa67113232bbc3ca0fb6f/nbdemetra-spreadsheet/pom.xml#L18,<!-- compile only -->,[],Maven,8,18,18
10921,jdemetra/jdemetra-app,https://github.com/jdemetra/jdemetra-app/blob/2af4c3445b02b6b4197aa67113232bbc3ca0fb6f/nbdemetra-spreadsheet/pom.xml#L25,<!-- NetBeans -->,[],Maven,8,25,25
10921,jdemetra/jdemetra-app,https://github.com/jdemetra/jdemetra-app/blob/2af4c3445b02b6b4197aa67113232bbc3ca0fb6f/nbdemetra-spreadsheet/pom.xml#L75,<!-- NbDemetra -->,[],Maven,8,75,75
10921,jdemetra/jdemetra-app,https://github.com/jdemetra/jdemetra-app/blob/2af4c3445b02b6b4197aa67113232bbc3ca0fb6f/nbdemetra-spreadsheet/pom.xml#L85,<!-- JDemetra -->,[],Maven,8,85,85
10921,jdemetra/jdemetra-app,https://github.com/jdemetra/jdemetra-app/blob/2af4c3445b02b6b4197aa67113232bbc3ca0fb6f/nbdemetra-spreadsheet/pom.xml#L117,<!-- One dependency of com.github.nbbrd.spreadsheet4j:spreadsheet-poi seems to require some classes not found on classpath (org.objectweb.asm.*) -->,[],Maven,20,117,117
10921,jdemetra/jdemetra-app,https://github.com/jdemetra/jdemetra-app/blob/2af4c3445b02b6b4197aa67113232bbc3ca0fb6f/nbdemetra-ui/pom.xml#L65,<!-- compile only -->,[],Maven,8,65,65
10921,jdemetra/jdemetra-app,https://github.com/jdemetra/jdemetra-app/blob/2af4c3445b02b6b4197aa67113232bbc3ca0fb6f/nbdemetra-ui/pom.xml#L70,<!-- Force version to override the one defined in java-desktop-util imports -->,[],Maven,12,70,70
10921,jdemetra/jdemetra-app,https://github.com/jdemetra/jdemetra-app/blob/2af4c3445b02b6b4197aa67113232bbc3ca0fb6f/nbdemetra-ui/pom.xml#L79,<!-- test only -->,[],Maven,8,79,79
10921,jdemetra/jdemetra-app,https://github.com/jdemetra/jdemetra-app/blob/2af4c3445b02b6b4197aa67113232bbc3ca0fb6f/nbdemetra-ui/pom.xml#L86,<!-- NetBeans -->,[],Maven,8,86,86
10921,jdemetra/jdemetra-app,https://github.com/jdemetra/jdemetra-app/blob/2af4c3445b02b6b4197aa67113232bbc3ca0fb6f/nbdemetra-ui/pom.xml#L172,<!-- NbDemetra -->,[],Maven,8,172,172
10921,jdemetra/jdemetra-app,https://github.com/jdemetra/jdemetra-app/blob/2af4c3445b02b6b4197aa67113232bbc3ca0fb6f/nbdemetra-ui/pom.xml#L178,<!-- Other -->,[],Maven,8,178,178
