repoIndex,repoName,linkLocation,comment,keywords,buildSysteminFile,charPosition,startLine,endLine
11140,dapeng-soa/dapeng-soa,https://github.com/dapeng-soa/dapeng-soa/blob/d720f9370687ea4823461e730f1efb7e81bb32b8/pom.xml#L104,<!-- Source -->,[],Maven,20,104,104
11140,dapeng-soa/dapeng-soa,https://github.com/dapeng-soa/dapeng-soa/blob/d720f9370687ea4823461e730f1efb7e81bb32b8/pom.xml#L118,<!-- Javadoc -->,[],Maven,20,118,118
11140,dapeng-soa/dapeng-soa,https://github.com/dapeng-soa/dapeng-soa/blob/d720f9370687ea4823461e730f1efb7e81bb32b8/pom.xml#L136,<!-- Gpg Signature -->,[],Maven,20,136,136
11140,dapeng-soa/dapeng-soa,https://github.com/dapeng-soa/dapeng-soa/blob/d720f9370687ea4823461e730f1efb7e81bb32b8/pom.xml#L150,<!-- auto release -->,[],Maven,20,150,150
11140,dapeng-soa/dapeng-soa,https://github.com/dapeng-soa/dapeng-soa/blob/d720f9370687ea4823461e730f1efb7e81bb32b8/pom.xml#L193,<!-- Logging -->,[],Maven,12,193,193
11140,dapeng-soa/dapeng-soa,https://github.com/dapeng-soa/dapeng-soa/blob/d720f9370687ea4823461e730f1efb7e81bb32b8/pom.xml#L283,<!--源码打包插件-->,[],Maven,12,283,283
11140,dapeng-soa/dapeng-soa,https://github.com/dapeng-soa/dapeng-soa/blob/d720f9370687ea4823461e730f1efb7e81bb32b8/pom.xml#L284,"<!--<plugin>
                <artifactId>maven-source-plugin</artifactId>
                <version>2.1</version>
                <configuration>
                    <attach>true</attach>
                </configuration>
                <executions>
                    <execution>
                        <phase>install</phase>
                        <goals>
                            <goal>jar</goal>
                        </goals>
                    </execution>
                </executions>
            </plugin>-->",[],Maven,12,284,298
11140,dapeng-soa/dapeng-soa,https://github.com/dapeng-soa/dapeng-soa/blob/d720f9370687ea4823461e730f1efb7e81bb32b8/dapeng-api-doc/pom.xml#L44,<!--<exclusion>-->,[],Maven,16,44,44
11140,dapeng-soa/dapeng-soa,https://github.com/dapeng-soa/dapeng-soa/blob/d720f9370687ea4823461e730f1efb7e81bb32b8/dapeng-api-doc/pom.xml#L45,<!--<groupId>org.glassfish.web</groupId>-->,[],Maven,16,45,45
11140,dapeng-soa/dapeng-soa,https://github.com/dapeng-soa/dapeng-soa/blob/d720f9370687ea4823461e730f1efb7e81bb32b8/dapeng-api-doc/pom.xml#L46,<!--<artifactId>javax.servlet.jsp.jstl</artifactId>-->,[],Maven,16,46,46
11140,dapeng-soa/dapeng-soa,https://github.com/dapeng-soa/dapeng-soa/blob/d720f9370687ea4823461e730f1efb7e81bb32b8/dapeng-api-doc/pom.xml#L47,<!--</exclusion>-->,[],Maven,16,47,47
11140,dapeng-soa/dapeng-soa,https://github.com/dapeng-soa/dapeng-soa/blob/d720f9370687ea4823461e730f1efb7e81bb32b8/dapeng-api-doc/pom.xml#L74,<!--springMVC-->,[],Maven,8,74,74
11140,dapeng-soa/dapeng-soa,https://github.com/dapeng-soa/dapeng-soa/blob/d720f9370687ea4823461e730f1efb7e81bb32b8/dapeng-api-doc/pom.xml#L117,<!-- 使用jstl -->,[],Maven,8,117,117
11140,dapeng-soa/dapeng-soa,https://github.com/dapeng-soa/dapeng-soa/blob/d720f9370687ea4823461e730f1efb7e81bb32b8/dapeng-api-doc/pom.xml#L124,<!-- log -->,[],Maven,8,124,124
11140,dapeng-soa/dapeng-soa,https://github.com/dapeng-soa/dapeng-soa/blob/d720f9370687ea4823461e730f1efb7e81bb32b8/dapeng-api-doc/pom.xml#L140,<!-- dapeng-soa-->,[],Maven,8,140,140
11140,dapeng-soa/dapeng-soa,https://github.com/dapeng-soa/dapeng-soa/blob/d720f9370687ea4823461e730f1efb7e81bb32b8/dapeng-code-generator/pom.xml#L22,<!--scala-->,[],Maven,8,22,22
11140,dapeng-soa/dapeng-soa,https://github.com/dapeng-soa/dapeng-soa/blob/d720f9370687ea4823461e730f1efb7e81bb32b8/dapeng-code-generator/pom.xml#L47,<!--twitter-->,[],Maven,8,47,47
11140,dapeng-soa/dapeng-soa,https://github.com/dapeng-soa/dapeng-soa/blob/d720f9370687ea4823461e730f1efb7e81bb32b8/dapeng-code-generator/pom.xml#L81,<!--thrift-->,[],Maven,8,81,81
11140,dapeng-soa/dapeng-soa,https://github.com/dapeng-soa/dapeng-soa/blob/d720f9370687ea4823461e730f1efb7e81bb32b8/dapeng-code-generator/pom.xml#L82,"<!--
        <dependency>
            <groupId>org.apache.thrift</groupId>
            <artifactId>libthrift</artifactId>
            <version>0.9.2</version>
        </dependency>
        -->",[],Maven,8,82,88
11140,dapeng-soa/dapeng-soa,https://github.com/dapeng-soa/dapeng-soa/blob/d720f9370687ea4823461e730f1efb7e81bb32b8/dapeng-container/dapeng-container-impl/pom.xml#L141,<!--<plugin>-->,[],Maven,20,141,141
11140,dapeng-soa/dapeng-soa,https://github.com/dapeng-soa/dapeng-soa/blob/d720f9370687ea4823461e730f1efb7e81bb32b8/dapeng-container/dapeng-container-impl/pom.xml#L142,<!--<groupId>com.spotify</groupId>-->,[],Maven,24,142,142
11140,dapeng-soa/dapeng-soa,https://github.com/dapeng-soa/dapeng-soa/blob/d720f9370687ea4823461e730f1efb7e81bb32b8/dapeng-container/dapeng-container-impl/pom.xml#L143,<!--<artifactId>docker-maven-plugin</artifactId>-->,[],Maven,24,143,143
11140,dapeng-soa/dapeng-soa,https://github.com/dapeng-soa/dapeng-soa/blob/d720f9370687ea4823461e730f1efb7e81bb32b8/dapeng-container/dapeng-container-impl/pom.xml#L144,<!--<version>0.4.10</version>-->,[],Maven,24,144,144
11140,dapeng-soa/dapeng-soa,https://github.com/dapeng-soa/dapeng-soa/blob/d720f9370687ea4823461e730f1efb7e81bb32b8/dapeng-container/dapeng-container-impl/pom.xml#L145,<!--<configuration>-->,[],Maven,24,145,145
11140,dapeng-soa/dapeng-soa,https://github.com/dapeng-soa/dapeng-soa/blob/d720f9370687ea4823461e730f1efb7e81bb32b8/dapeng-container/dapeng-container-impl/pom.xml#L146,<!--<imageName>docker.io/dapengsoa/dapeng-container:${dapeng-version}</imageName>-->,[],Maven,28,146,146
11140,dapeng-soa/dapeng-soa,https://github.com/dapeng-soa/dapeng-soa/blob/d720f9370687ea4823461e730f1efb7e81bb32b8/dapeng-container/dapeng-container-impl/pom.xml#L147,<!--<dockerDirectory>${basedir}</dockerDirectory>-->,[],Maven,28,147,147
11140,dapeng-soa/dapeng-soa,https://github.com/dapeng-soa/dapeng-soa/blob/d720f9370687ea4823461e730f1efb7e81bb32b8/dapeng-container/dapeng-container-impl/pom.xml#L148,<!--</configuration>-->,[],Maven,24,148,148
11140,dapeng-soa/dapeng-soa,https://github.com/dapeng-soa/dapeng-soa/blob/d720f9370687ea4823461e730f1efb7e81bb32b8/dapeng-container/dapeng-container-impl/pom.xml#L149,<!--<executions>-->,[],Maven,24,149,149
11140,dapeng-soa/dapeng-soa,https://github.com/dapeng-soa/dapeng-soa/blob/d720f9370687ea4823461e730f1efb7e81bb32b8/dapeng-container/dapeng-container-impl/pom.xml#L150,<!--<execution>-->,[],Maven,28,150,150
11140,dapeng-soa/dapeng-soa,https://github.com/dapeng-soa/dapeng-soa/blob/d720f9370687ea4823461e730f1efb7e81bb32b8/dapeng-container/dapeng-container-impl/pom.xml#L151,<!--<id>build-image</id>-->,[],Maven,32,151,151
11140,dapeng-soa/dapeng-soa,https://github.com/dapeng-soa/dapeng-soa/blob/d720f9370687ea4823461e730f1efb7e81bb32b8/dapeng-container/dapeng-container-impl/pom.xml#L152,<!--<phase>package</phase>-->,[],Maven,32,152,152
11140,dapeng-soa/dapeng-soa,https://github.com/dapeng-soa/dapeng-soa/blob/d720f9370687ea4823461e730f1efb7e81bb32b8/dapeng-container/dapeng-container-impl/pom.xml#L153,<!--<goals>-->,[],Maven,32,153,153
11140,dapeng-soa/dapeng-soa,https://github.com/dapeng-soa/dapeng-soa/blob/d720f9370687ea4823461e730f1efb7e81bb32b8/dapeng-container/dapeng-container-impl/pom.xml#L154,<!--<goal>build</goal>-->,[],Maven,36,154,154
11140,dapeng-soa/dapeng-soa,https://github.com/dapeng-soa/dapeng-soa/blob/d720f9370687ea4823461e730f1efb7e81bb32b8/dapeng-container/dapeng-container-impl/pom.xml#L155,<!--</goals>-->,[],Maven,32,155,155
11140,dapeng-soa/dapeng-soa,https://github.com/dapeng-soa/dapeng-soa/blob/d720f9370687ea4823461e730f1efb7e81bb32b8/dapeng-container/dapeng-container-impl/pom.xml#L156,<!--</execution>-->,[],Maven,28,156,156
11140,dapeng-soa/dapeng-soa,https://github.com/dapeng-soa/dapeng-soa/blob/d720f9370687ea4823461e730f1efb7e81bb32b8/dapeng-container/dapeng-container-impl/pom.xml#L157,<!--</executions>-->,[],Maven,24,157,157
11140,dapeng-soa/dapeng-soa,https://github.com/dapeng-soa/dapeng-soa/blob/d720f9370687ea4823461e730f1efb7e81bb32b8/dapeng-container/dapeng-container-impl/pom.xml#L158,<!--</plugin>-->,[],Maven,20,158,158
11140,dapeng-soa/dapeng-soa,https://github.com/dapeng-soa/dapeng-soa/blob/d720f9370687ea4823461e730f1efb7e81bb32b8/dapeng-container/dapeng-container-impl/pom.xml#L180,<!-- copy child's output files into target/docker -->,[],Maven,28,180,180
11140,dapeng-soa/dapeng-soa,https://github.com/dapeng-soa/dapeng-soa/blob/d720f9370687ea4823461e730f1efb7e81bb32b8/dapeng-container/dapeng-container-impl/pom.xml#L195,<!-- delete folder under docker -->,[],Maven,28,195,195
11140,dapeng-soa/dapeng-soa,https://github.com/dapeng-soa/dapeng-soa/blob/d720f9370687ea4823461e730f1efb7e81bb32b8/dapeng-container/dapeng-container-impl/pom.xml#L267,<!--counter-->,[],Maven,8,267,267
11140,dapeng-soa/dapeng-soa,https://github.com/dapeng-soa/dapeng-soa/blob/d720f9370687ea4823461e730f1efb7e81bb32b8/dapeng-counter/dapeng-counter-api/pom.xml#L27,"<!--<build>
        <plugins>
            <plugin>
                <groupId>com.github.dapeng-soa</groupId>
                <artifactId>dapeng-maven-plugin</artifactId>
                <version>2.1.1</version>
                <executions>
                    <execution>
                        <phase>generate-sources</phase>
                        <goals>
                            <goal>thriftGenerator</goal>
                        </goals>
                        <configuration>
                            <language>java</language>
                        </configuration>
                    </execution>
                </executions>
            </plugin>
        </plugins>
    </build>-->",[],Maven,4,27,46
11140,dapeng-soa/dapeng-soa,https://github.com/dapeng-soa/dapeng-soa/blob/d720f9370687ea4823461e730f1efb7e81bb32b8/dapeng-json/pom.xml#L31,<!-- logger config -->,[],Maven,8,31,31
11140,dapeng-soa/dapeng-soa,https://github.com/dapeng-soa/dapeng-soa/blob/d720f9370687ea4823461e730f1efb7e81bb32b8/dapeng-maven-plugin/pom.xml#L43,<!-- dependencies to annotations -->,[],Maven,8,43,43
11140,dapeng-soa/dapeng-soa,https://github.com/dapeng-soa/dapeng-soa/blob/d720f9370687ea4823461e730f1efb7e81bb32b8/dapeng-maven-plugin/pom.xml#L94,<!-- if you want to generate help goal -->,[],Maven,20,94,94
11140,dapeng-soa/dapeng-soa,https://github.com/dapeng-soa/dapeng-soa/blob/d720f9370687ea4823461e730f1efb7e81bb32b8/dapeng-router/pom.xml#L37,<!-- https://mvnrepository.com/artifact/org.junit.jupiter/junit-jupiter-api -->,[],Maven,8,37,37
11140,dapeng-soa/dapeng-soa,https://github.com/dapeng-soa/dapeng-soa/blob/d720f9370687ea4823461e730f1efb7e81bb32b8/dapeng-transaction/dapeng-transaction-impl/pom.xml#L38,<!-- spring -->,[],Maven,8,38,38
11140,dapeng-soa/dapeng-soa,https://github.com/dapeng-soa/dapeng-soa/blob/d720f9370687ea4823461e730f1efb7e81bb32b8/dapeng-transaction/dapeng-transaction-impl/pom.xml#L57,<!-- alibaba -->,[],Maven,8,57,57
