repoIndex,repoName,linkLocation,comment,keywords,buildSysteminFile,charPosition,startLine,endLine
13031,librespot-org/librespot-java,https://github.com/librespot-org/librespot-java/blob/020ca70b24afa246c336386bab9f8876f41689a9/pom.xml#L1,"<!--
  ~ Copyright 2021 devgianlu
  ~
  ~ Licensed under the Apache License, Version 2.0 (the ""License"");
  ~ you may not use this file except in compliance with the License.
  ~ You may obtain a copy of the License at
  ~
  ~     http://www.apache.org/licenses/LICENSE-2.0
  ~
  ~ Unless required by applicable law or agreed to in writing, software
  ~ distributed under the License is distributed on an ""AS IS"" BASIS,
  ~ WITHOUT WARRANTIES OR CONDITIONS OF ANY KIND, either express or implied.
  ~ See the License for the specific language governing permissions and
  ~ limitations under the License.
  -->",[],Maven,0,1,15
13031,librespot-org/librespot-java,https://github.com/librespot-org/librespot-java/blob/020ca70b24afa246c336386bab9f8876f41689a9/pom.xml#L74,<!-- Annotations -->,[],Maven,8,74,74
13031,librespot-org/librespot-java,https://github.com/librespot-org/librespot-java/blob/020ca70b24afa246c336386bab9f8876f41689a9/pom.xml#L81,<!-- Unit tests -->,[],Maven,8,81,81
13031,librespot-org/librespot-java,https://github.com/librespot-org/librespot-java/blob/020ca70b24afa246c336386bab9f8876f41689a9/pom.xml#L92,<!-- Run tests -->,[],Maven,12,92,92
13031,librespot-org/librespot-java,https://github.com/librespot-org/librespot-java/blob/020ca70b24afa246c336386bab9f8876f41689a9/pom.xml#L163,<!-- To release to Maven central -->,[],Maven,20,163,163
13031,librespot-org/librespot-java,https://github.com/librespot-org/librespot-java/blob/020ca70b24afa246c336386bab9f8876f41689a9/pom.xml#L175,<!-- To sign the artifacts -->,[],Maven,20,175,175
13031,librespot-org/librespot-java,https://github.com/librespot-org/librespot-java/blob/020ca70b24afa246c336386bab9f8876f41689a9/pom.xml#L188,<!-- Prevent `gpg` from using pinentry programs -->,[],Maven,36,188,188
13031,librespot-org/librespot-java,https://github.com/librespot-org/librespot-java/blob/020ca70b24afa246c336386bab9f8876f41689a9/api/pom.xml#L1,"<!--
  ~ Copyright 2021 devgianlu
  ~
  ~ Licensed under the Apache License, Version 2.0 (the ""License"");
  ~ you may not use this file except in compliance with the License.
  ~ You may obtain a copy of the License at
  ~
  ~     http://www.apache.org/licenses/LICENSE-2.0
  ~
  ~ Unless required by applicable law or agreed to in writing, software
  ~ distributed under the License is distributed on an ""AS IS"" BASIS,
  ~ WITHOUT WARRANTIES OR CONDITIONS OF ANY KIND, either express or implied.
  ~ See the License for the specific language governing permissions and
  ~ limitations under the License.
  -->",[],Maven,0,1,15
13031,librespot-org/librespot-java,https://github.com/librespot-org/librespot-java/blob/020ca70b24afa246c336386bab9f8876f41689a9/api/pom.xml#L75,<!-- Logging -->,[],Maven,8,75,75
13031,librespot-org/librespot-java,https://github.com/librespot-org/librespot-java/blob/020ca70b24afa246c336386bab9f8876f41689a9/api/pom.xml#L98,<!-- HTTP server -->,[],Maven,8,98,98
13031,librespot-org/librespot-java,https://github.com/librespot-org/librespot-java/blob/020ca70b24afa246c336386bab9f8876f41689a9/dacp/pom.xml#L1,"<!--
  ~ Copyright 2021 devgianlu
  ~
  ~ Licensed under the Apache License, Version 2.0 (the ""License"");
  ~ you may not use this file except in compliance with the License.
  ~ You may obtain a copy of the License at
  ~
  ~     http://www.apache.org/licenses/LICENSE-2.0
  ~
  ~ Unless required by applicable law or agreed to in writing, software
  ~ distributed under the License is distributed on an ""AS IS"" BASIS,
  ~ WITHOUT WARRANTIES OR CONDITIONS OF ANY KIND, either express or implied.
  ~ See the License for the specific language governing permissions and
  ~ limitations under the License.
  -->",[],Maven,0,1,15
13031,librespot-org/librespot-java,https://github.com/librespot-org/librespot-java/blob/020ca70b24afa246c336386bab9f8876f41689a9/decoder-api/pom.xml#L1,"<!--
  ~ Copyright 2021 devgianlu
  ~
  ~ Licensed under the Apache License, Version 2.0 (the ""License"");
  ~ you may not use this file except in compliance with the License.
  ~ You may obtain a copy of the License at
  ~
  ~     http://www.apache.org/licenses/LICENSE-2.0
  ~
  ~ Unless required by applicable law or agreed to in writing, software
  ~ distributed under the License is distributed on an ""AS IS"" BASIS,
  ~ WITHOUT WARRANTIES OR CONDITIONS OF ANY KIND, either express or implied.
  ~ See the License for the specific language governing permissions and
  ~ limitations under the License.
  -->",[],Maven,0,1,15
13031,librespot-org/librespot-java,https://github.com/librespot-org/librespot-java/blob/020ca70b24afa246c336386bab9f8876f41689a9/decoder-api/pom.xml#L40,<!-- Logging -->,[],Maven,8,40,40
13031,librespot-org/librespot-java,https://github.com/librespot-org/librespot-java/blob/020ca70b24afa246c336386bab9f8876f41689a9/lib/pom.xml#L1,"<!--
  ~ Copyright 2021 devgianlu
  ~
  ~ Licensed under the Apache License, Version 2.0 (the ""License"");
  ~ you may not use this file except in compliance with the License.
  ~ You may obtain a copy of the License at
  ~
  ~     http://www.apache.org/licenses/LICENSE-2.0
  ~
  ~ Unless required by applicable law or agreed to in writing, software
  ~ distributed under the License is distributed on an ""AS IS"" BASIS,
  ~ WITHOUT WARRANTIES OR CONDITIONS OF ANY KIND, either express or implied.
  ~ See the License for the specific language governing permissions and
  ~ limitations under the License.
  -->",[],Maven,0,1,15
13031,librespot-org/librespot-java,https://github.com/librespot-org/librespot-java/blob/020ca70b24afa246c336386bab9f8876f41689a9/lib/pom.xml#L91,<!-- Audio -->,[],Maven,8,91,91
13031,librespot-org/librespot-java,https://github.com/librespot-org/librespot-java/blob/020ca70b24afa246c336386bab9f8876f41689a9/lib/pom.xml#L103,<!-- Data -->,[],Maven,8,103,103
13031,librespot-org/librespot-java,https://github.com/librespot-org/librespot-java/blob/020ca70b24afa246c336386bab9f8876f41689a9/lib/pom.xml#L115,<!-- Zeroconf -->,[],Maven,8,115,115
13031,librespot-org/librespot-java,https://github.com/librespot-org/librespot-java/blob/020ca70b24afa246c336386bab9f8876f41689a9/lib/pom.xml#L122,<!-- HTTP -->,[],Maven,8,122,122
13031,librespot-org/librespot-java,https://github.com/librespot-org/librespot-java/blob/020ca70b24afa246c336386bab9f8876f41689a9/lib/pom.xml#L129,<!-- Commons Net (NTP) -->,[],Maven,8,129,129
13031,librespot-org/librespot-java,https://github.com/librespot-org/librespot-java/blob/020ca70b24afa246c336386bab9f8876f41689a9/lib/pom.xml#L136,<!-- Logging -->,[],Maven,8,136,136
13031,librespot-org/librespot-java,https://github.com/librespot-org/librespot-java/blob/020ca70b24afa246c336386bab9f8876f41689a9/player/pom.xml#L1,"<!--
  ~ Copyright 2021 devgianlu
  ~
  ~ Licensed under the Apache License, Version 2.0 (the ""License"");
  ~ you may not use this file except in compliance with the License.
  ~ You may obtain a copy of the License at
  ~
  ~     http://www.apache.org/licenses/LICENSE-2.0
  ~
  ~ Unless required by applicable law or agreed to in writing, software
  ~ distributed under the License is distributed on an ""AS IS"" BASIS,
  ~ WITHOUT WARRANTIES OR CONDITIONS OF ANY KIND, either express or implied.
  ~ See the License for the specific language governing permissions and
  ~ limitations under the License.
  -->",[],Maven,0,1,15
13031,librespot-org/librespot-java,https://github.com/librespot-org/librespot-java/blob/020ca70b24afa246c336386bab9f8876f41689a9/player/pom.xml#L103,<!-- Logging -->,[],Maven,8,103,103
13031,librespot-org/librespot-java,https://github.com/librespot-org/librespot-java/blob/020ca70b24afa246c336386bab9f8876f41689a9/player/pom.xml#L131,<!-- TOML configuration -->,[],Maven,8,131,131
13031,librespot-org/librespot-java,https://github.com/librespot-org/librespot-java/blob/020ca70b24afa246c336386bab9f8876f41689a9/player/pom.xml#L138,<!-- Default sink -->,[],Maven,8,138,138
13031,librespot-org/librespot-java,https://github.com/librespot-org/librespot-java/blob/020ca70b24afa246c336386bab9f8876f41689a9/player/pom.xml#L145,<!-- DACP -->,[],Maven,8,145,145
13031,librespot-org/librespot-java,https://github.com/librespot-org/librespot-java/blob/020ca70b24afa246c336386bab9f8876f41689a9/sink-api/pom.xml#L1,"<!--
  ~ Copyright 2021 devgianlu
  ~
  ~ Licensed under the Apache License, Version 2.0 (the ""License"");
  ~ you may not use this file except in compliance with the License.
  ~ You may obtain a copy of the License at
  ~
  ~     http://www.apache.org/licenses/LICENSE-2.0
  ~
  ~ Unless required by applicable law or agreed to in writing, software
  ~ distributed under the License is distributed on an ""AS IS"" BASIS,
  ~ WITHOUT WARRANTIES OR CONDITIONS OF ANY KIND, either express or implied.
  ~ See the License for the specific language governing permissions and
  ~ limitations under the License.
  -->",[],Maven,0,1,15
13031,librespot-org/librespot-java,https://github.com/librespot-org/librespot-java/blob/020ca70b24afa246c336386bab9f8876f41689a9/sink/pom.xml#L1,"<!--
  ~ Copyright 2021 devgianlu
  ~
  ~ Licensed under the Apache License, Version 2.0 (the ""License"");
  ~ you may not use this file except in compliance with the License.
  ~ You may obtain a copy of the License at
  ~
  ~     http://www.apache.org/licenses/LICENSE-2.0
  ~
  ~ Unless required by applicable law or agreed to in writing, software
  ~ distributed under the License is distributed on an ""AS IS"" BASIS,
  ~ WITHOUT WARRANTIES OR CONDITIONS OF ANY KIND, either express or implied.
  ~ See the License for the specific language governing permissions and
  ~ limitations under the License.
  -->",[],Maven,0,1,15
13031,librespot-org/librespot-java,https://github.com/librespot-org/librespot-java/blob/020ca70b24afa246c336386bab9f8876f41689a9/sink/pom.xml#L40,<!-- Logging -->,[],Maven,8,40,40
