repoIndex,repoName,linkLocation,comment,keywords,buildSysteminFile,charPosition,startLine,endLine
13973,azure/autorest.java,https://github.com/azure/autorest.java/blob/62af9c09bc8d80f333d46e20c20e2aa0f72d7cb3/pom.xml#L49,<!-- This property configures whether PLAYBACK tests are ran in parallel. Default is true. -->,[],Maven,4,49,49
13973,azure/autorest.java,https://github.com/azure/autorest.java/blob/62af9c09bc8d80f333d46e20c20e2aa0f72d7cb3/pom.xml#L96,<!-- This plugin runs tests -->,[],Maven,8,96,96
13973,azure/autorest.java,https://github.com/azure/autorest.java/blob/62af9c09bc8d80f333d46e20c20e2aa0f72d7cb3/pom.xml#L117,<!-- This dependency is required until maven-surefire-plugin updates the version they use. -->,[],Maven,12,117,117
13973,azure/autorest.java,https://github.com/azure/autorest.java/blob/62af9c09bc8d80f333d46e20c20e2aa0f72d7cb3/pom.xml#L118,<!-- The current dependency version doesn't support Java 17. -->,[],Maven,12,118,118
13973,azure/autorest.java,https://github.com/azure/autorest.java/blob/62af9c09bc8d80f333d46e20c20e2aa0f72d7cb3/pom.xml#L122,<!-- {x-version-update;org.ow2.asm:asm;external_dependency} -->,[],Maven,37,122,122
13973,azure/autorest.java,https://github.com/azure/autorest.java/blob/62af9c09bc8d80f333d46e20c20e2aa0f72d7cb3/pom.xml#L252,<!-- Copy the pom file to output -->,[],Maven,6,252,252
13973,azure/autorest.java,https://github.com/azure/autorest.java/blob/62af9c09bc8d80f333d46e20c20e2aa0f72d7cb3/pom.xml#L273,<!-- This plugin adds sample code as tests for easier editing in IDEs -->,[],Maven,6,273,273
13973,azure/autorest.java,https://github.com/azure/autorest.java/blob/62af9c09bc8d80f333d46e20c20e2aa0f72d7cb3/androidgen/pom.xml#L2,<!-- Copyright (c) Microsoft Corporation. All rights reserved. -->,[],Maven,0,2,2
13973,azure/autorest.java,https://github.com/azure/autorest.java/blob/62af9c09bc8d80f333d46e20c20e2aa0f72d7cb3/androidgen/pom.xml#L3,<!-- Licensed under the MIT License. -->,[],Maven,0,3,3
13973,azure/autorest.java,https://github.com/azure/autorest.java/blob/62af9c09bc8d80f333d46e20c20e2aa0f72d7cb3/androidgen/pom.xml#L27,<!-- https://mvnrepository.com/artifact/com.fasterxml.jackson.core/jackson-databind -->,[],Maven,4,27,27
13973,azure/autorest.java,https://github.com/azure/autorest.java/blob/62af9c09bc8d80f333d46e20c20e2aa0f72d7cb3/androidgen/pom.xml#L64,<!-- Use -Dlocal to enable this profile when running autorest.java locally -->,[],Maven,4,64,64
13973,azure/autorest.java,https://github.com/azure/autorest.java/blob/62af9c09bc8d80f333d46e20c20e2aa0f72d7cb3/cadl-extension/pom.xml#L2,<!-- Copyright (c) Microsoft Corporation. All rights reserved. -->,[],Maven,0,2,2
13973,azure/autorest.java,https://github.com/azure/autorest.java/blob/62af9c09bc8d80f333d46e20c20e2aa0f72d7cb3/cadl-extension/pom.xml#L3,<!-- Licensed under the MIT License. -->,[],Maven,0,3,3
13973,azure/autorest.java,https://github.com/azure/autorest.java/blob/62af9c09bc8d80f333d46e20c20e2aa0f72d7cb3/customization-base/pom.xml#L2,<!-- Copyright (c) Microsoft Corporation. All rights reserved. -->,[],Maven,0,2,2
13973,azure/autorest.java,https://github.com/azure/autorest.java/blob/62af9c09bc8d80f333d46e20c20e2aa0f72d7cb3/customization-base/pom.xml#L3,<!-- Licensed under the MIT License. -->,[],Maven,0,3,3
13973,azure/autorest.java,https://github.com/azure/autorest.java/blob/62af9c09bc8d80f333d46e20c20e2aa0f72d7cb3/customization-base/pom.xml#L35,<!-- ClassCustomizationTests requires language server on a single port. -->,[],Maven,4,35,35
13973,azure/autorest.java,https://github.com/azure/autorest.java/blob/62af9c09bc8d80f333d46e20c20e2aa0f72d7cb3/customization-base/src/main/resources/pom.xml#L1,<!-- Copyright (c) Microsoft Corporation. All rights reserved. -->,[],Maven,0,1,1
13973,azure/autorest.java,https://github.com/azure/autorest.java/blob/62af9c09bc8d80f333d46e20c20e2aa0f72d7cb3/customization-base/src/main/resources/pom.xml#L2,<!-- Licensed under the MIT License. -->,[],Maven,0,2,2
13973,azure/autorest.java,https://github.com/azure/autorest.java/blob/62af9c09bc8d80f333d46e20c20e2aa0f72d7cb3/customization-base/src/main/resources/pom.xml#L46,<!-- Test Dependencies -->,[],Maven,4,46,46
13973,azure/autorest.java,https://github.com/azure/autorest.java/blob/62af9c09bc8d80f333d46e20c20e2aa0f72d7cb3/customization-tests/pom.xml#L1,"<!-- Copyright (c) Microsoft Corporation. All rights reserved.
     Licensed under the MIT License. -->",[],Maven,0,1,2
13973,azure/autorest.java,https://github.com/azure/autorest.java/blob/62af9c09bc8d80f333d46e20c20e2aa0f72d7cb3/customization-tests/pom.xml#L45,<!-- Test Dependencies -->,[],Maven,4,45,45
13973,azure/autorest.java,https://github.com/azure/autorest.java/blob/62af9c09bc8d80f333d46e20c20e2aa0f72d7cb3/docs/samples/specification/management/generated/pom.xml#L6,<!-- {x-version-update;com.azure.resourcemanager:azure-resourcemanager-locks;current} -->,[],Maven,36,6,6
13973,azure/autorest.java,https://github.com/azure/autorest.java/blob/62af9c09bc8d80f333d46e20c20e2aa0f72d7cb3/docs/samples/specification/management/generated/pom.xml#L41,<!-- {x-version-update;com.azure:azure-core;dependency} -->,[],Maven,38,41,41
13973,azure/autorest.java,https://github.com/azure/autorest.java/blob/62af9c09bc8d80f333d46e20c20e2aa0f72d7cb3/docs/samples/specification/management/generated/pom.xml#L46,<!-- {x-version-update;com.azure:azure-core-management;dependency} -->,[],Maven,37,46,46
13973,azure/autorest.java,https://github.com/azure/autorest.java/blob/62af9c09bc8d80f333d46e20c20e2aa0f72d7cb3/extension-base/pom.xml#L2,<!-- Copyright (c) Microsoft Corporation. All rights reserved. -->,[],Maven,0,2,2
13973,azure/autorest.java,https://github.com/azure/autorest.java/blob/62af9c09bc8d80f333d46e20c20e2aa0f72d7cb3/extension-base/pom.xml#L3,<!-- Licensed under the MIT License. -->,[],Maven,0,3,3
13973,azure/autorest.java,https://github.com/azure/autorest.java/blob/62af9c09bc8d80f333d46e20c20e2aa0f72d7cb3/fluentgen/pom.xml#L2,<!-- Copyright (c) Microsoft Corporation. All rights reserved. -->,[],Maven,0,2,2
13973,azure/autorest.java,https://github.com/azure/autorest.java/blob/62af9c09bc8d80f333d46e20c20e2aa0f72d7cb3/fluentgen/pom.xml#L3,<!-- Licensed under the MIT License. -->,[],Maven,0,3,3
13973,azure/autorest.java,https://github.com/azure/autorest.java/blob/62af9c09bc8d80f333d46e20c20e2aa0f72d7cb3/fluentgen/pom.xml#L25,"<!-- Tests requires shared static class, like FluentStatic. -->",[],Maven,4,25,25
13973,azure/autorest.java,https://github.com/azure/autorest.java/blob/62af9c09bc8d80f333d46e20c20e2aa0f72d7cb3/fluentnamer/pom.xml#L2,<!-- Copyright (c) Microsoft Corporation. All rights reserved. -->,[],Maven,0,2,2
13973,azure/autorest.java,https://github.com/azure/autorest.java/blob/62af9c09bc8d80f333d46e20c20e2aa0f72d7cb3/fluentnamer/pom.xml#L3,<!-- Licensed under the MIT License. -->,[],Maven,0,3,3
13973,azure/autorest.java,https://github.com/azure/autorest.java/blob/62af9c09bc8d80f333d46e20c20e2aa0f72d7cb3/javagen/pom.xml#L2,<!-- Copyright (c) Microsoft Corporation. All rights reserved. -->,[],Maven,0,2,2
13973,azure/autorest.java,https://github.com/azure/autorest.java/blob/62af9c09bc8d80f333d46e20c20e2aa0f72d7cb3/javagen/pom.xml#L3,<!-- Licensed under the MIT License. -->,[],Maven,0,3,3
13973,azure/autorest.java,https://github.com/azure/autorest.java/blob/62af9c09bc8d80f333d46e20c20e2aa0f72d7cb3/javagen/pom.xml#L72,<!-- Use -Dlocal to enable this profile when running autorest.java locally -->,[],Maven,4,72,72
13973,azure/autorest.java,https://github.com/azure/autorest.java/blob/62af9c09bc8d80f333d46e20c20e2aa0f72d7cb3/partial-update/pom.xml#L2,<!-- Copyright (c) Microsoft Corporation. All rights reserved. -->,[],Maven,0,2,2
13973,azure/autorest.java,https://github.com/azure/autorest.java/blob/62af9c09bc8d80f333d46e20c20e2aa0f72d7cb3/partial-update/pom.xml#L3,<!-- Licensed under the MIT License. -->,[],Maven,0,3,3
13973,azure/autorest.java,https://github.com/azure/autorest.java/blob/62af9c09bc8d80f333d46e20c20e2aa0f72d7cb3/postprocessor/pom.xml#L65,<!-- Use -Dlocal to enable this profile when running autorest.java locally -->,[],Maven,4,65,65
13973,azure/autorest.java,https://github.com/azure/autorest.java/blob/62af9c09bc8d80f333d46e20c20e2aa0f72d7cb3/postprocessor/src/main/resources/readme/pom.xml#L18,<!-- https://mvnrepository.com/artifact/com.fasterxml.jackson.core/jackson-databind -->,[],Maven,4,18,18
13973,azure/autorest.java,https://github.com/azure/autorest.java/blob/62af9c09bc8d80f333d46e20c20e2aa0f72d7cb3/preprocessor/pom.xml#L2,<!-- Copyright (c) Microsoft Corporation. All rights reserved. -->,[],Maven,0,2,2
13973,azure/autorest.java,https://github.com/azure/autorest.java/blob/62af9c09bc8d80f333d46e20c20e2aa0f72d7cb3/preprocessor/pom.xml#L3,<!-- Licensed under the MIT License. -->,[],Maven,0,3,3
13973,azure/autorest.java,https://github.com/azure/autorest.java/blob/62af9c09bc8d80f333d46e20c20e2aa0f72d7cb3/preprocessor/pom.xml#L51,<!-- Use -Dlocal to enable this profile when running autorest.java locally -->,[],Maven,4,51,51
13973,azure/autorest.java,https://github.com/azure/autorest.java/blob/62af9c09bc8d80f333d46e20c20e2aa0f72d7cb3/protocol-sdk-integration-tests/eng/code-quality-reports/pom.xml#L1,"<!-- Copyright (c) Microsoft Corporation. All rights reserved.
     Licensed under the MIT License. -->",[],Maven,0,1,2
13973,azure/autorest.java,https://github.com/azure/autorest.java/blob/62af9c09bc8d80f333d46e20c20e2aa0f72d7cb3/protocol-sdk-integration-tests/eng/code-quality-reports/pom.xml#L37,<!-- {x-version-update;com.puppycrawl.tools:checkstyle;external_dependency} -->,[],Maven,29,37,37
13973,azure/autorest.java,https://github.com/azure/autorest.java/blob/62af9c09bc8d80f333d46e20c20e2aa0f72d7cb3/protocol-sdk-integration-tests/eng/code-quality-reports/pom.xml#L43,<!-- {x-version-update;com.puppycrawl.tools:checkstyle;external_dependency} -->,[],Maven,29,43,43
13973,azure/autorest.java,https://github.com/azure/autorest.java/blob/62af9c09bc8d80f333d46e20c20e2aa0f72d7cb3/protocol-sdk-integration-tests/eng/code-quality-reports/pom.xml#L51,<!-- {x-version-update;com.google.truth:truth;external_dependency} -->,[],Maven,31,51,51
13973,azure/autorest.java,https://github.com/azure/autorest.java/blob/62af9c09bc8d80f333d46e20c20e2aa0f72d7cb3/protocol-sdk-integration-tests/eng/code-quality-reports/pom.xml#L58,<!-- {x-version-update;org.revapi:revapi;external_dependency} -->,[],Maven,32,58,58
13973,azure/autorest.java,https://github.com/azure/autorest.java/blob/62af9c09bc8d80f333d46e20c20e2aa0f72d7cb3/protocol-sdk-integration-tests/eng/code-quality-reports/pom.xml#L70,<!-- {x-version-update;junit:junit;external_dependency} -->,[],Maven,32,70,70
13973,azure/autorest.java,https://github.com/azure/autorest.java/blob/62af9c09bc8d80f333d46e20c20e2aa0f72d7cb3/protocol-sdk-integration-tests/eng/code-quality-reports/pom.xml#L80,<!-- {x-version-update;org.apache.maven.plugins:maven-site-plugin;external_dependency} -->,[],Maven,33,80,80
13973,azure/autorest.java,https://github.com/azure/autorest.java/blob/62af9c09bc8d80f333d46e20c20e2aa0f72d7cb3/protocol-sdk-integration-tests/eng/code-quality-reports/pom.xml#L85,<!-- {x-version-update;org.apache.maven.plugins:maven-project-info-reports-plugin;external_dependency} -->,[],Maven,33,85,85
13973,azure/autorest.java,https://github.com/azure/autorest.java/blob/62af9c09bc8d80f333d46e20c20e2aa0f72d7cb3/protocol-sdk-integration-tests/sdk/parents/azure-client-sdk-parent/pom.xml#L1,"<!-- Copyright (c) Microsoft Corporation. All rights reserved.
     Licensed under the MIT License. -->",[],Maven,0,1,2
13973,azure/autorest.java,https://github.com/azure/autorest.java/blob/62af9c09bc8d80f333d46e20c20e2aa0f72d7cb3/protocol-sdk-integration-tests/sdk/parents/azure-client-sdk-parent/pom.xml#L10,<!-- {x-version-update;com.azure:azure-client-sdk-parent;current} -->,[],Maven,27,10,10
13973,azure/autorest.java,https://github.com/azure/autorest.java/blob/62af9c09bc8d80f333d46e20c20e2aa0f72d7cb3/protocol-sdk-integration-tests/sdk/parents/azure-client-sdk-parent/pom.xml#L23,<!-- {x-version-update;com.azure:azure-sdk-parent;current} -->,[],Maven,29,23,23
13973,azure/autorest.java,https://github.com/azure/autorest.java/blob/62af9c09bc8d80f333d46e20c20e2aa0f72d7cb3/protocol-sdk-integration-tests/sdk/parents/azure-client-sdk-parent/pom.xml#L42,<!-- Repositories definitions -->,[],Maven,2,42,42
13973,azure/autorest.java,https://github.com/azure/autorest.java/blob/62af9c09bc8d80f333d46e20c20e2aa0f72d7cb3/protocol-sdk-integration-tests/sdk/parents/azure-client-sdk-parent/pom.xml#L111,<!-- This property determines the relative path from a pom.xml to the eng/ folder. -->,[],Maven,4,111,111
13973,azure/autorest.java,https://github.com/azure/autorest.java/blob/62af9c09bc8d80f333d46e20c20e2aa0f72d7cb3/protocol-sdk-integration-tests/sdk/parents/azure-client-sdk-parent/pom.xml#L114,"<!-- This property determines the max heap size of the Surefire JVM. By default 3GB, or 3096MB, is used. -->",[],Maven,4,114,114
13973,azure/autorest.java,https://github.com/azure/autorest.java/blob/62af9c09bc8d80f333d46e20c20e2aa0f72d7cb3/protocol-sdk-integration-tests/sdk/parents/azure-client-sdk-parent/pom.xml#L117,<!-- This property configures the max heap size of the Surefire JVM. -->,[],Maven,4,117,117
13973,azure/autorest.java,https://github.com/azure/autorest.java/blob/62af9c09bc8d80f333d46e20c20e2aa0f72d7cb3/protocol-sdk-integration-tests/sdk/parents/azure-client-sdk-parent/pom.xml#L120,<!-- This property configures creating a heap dump if the Surefire JVM fails with an OutOfMemoryError. -->,[],Maven,4,120,120
13973,azure/autorest.java,https://github.com/azure/autorest.java/blob/62af9c09bc8d80f333d46e20c20e2aa0f72d7cb3/protocol-sdk-integration-tests/sdk/parents/azure-client-sdk-parent/pom.xml#L124,<!-- Heap dump is produced before crashing. This flag makes sure JVM exists promptly after disaster instead of waiting for time out -->,[],Maven,6,124,124
13973,azure/autorest.java,https://github.com/azure/autorest.java/blob/62af9c09bc8d80f333d46e20c20e2aa0f72d7cb3/protocol-sdk-integration-tests/sdk/parents/azure-client-sdk-parent/pom.xml#L128,<!-- Reserved for general Surefire JVM arguments that affect all SDKs. -->,[],Maven,4,128,128
13973,azure/autorest.java,https://github.com/azure/autorest.java/blob/62af9c09bc8d80f333d46e20c20e2aa0f72d7cb3/protocol-sdk-integration-tests/sdk/parents/azure-client-sdk-parent/pom.xml#L134,"<!-- Reserved for SDK specific JVM arguments to export, open, or read modules in testing. -->",[],Maven,4,134,134
13973,azure/autorest.java,https://github.com/azure/autorest.java/blob/62af9c09bc8d80f333d46e20c20e2aa0f72d7cb3/protocol-sdk-integration-tests/sdk/parents/azure-client-sdk-parent/pom.xml#L138,<!-- Reserved for either general or SDK specific JVM arguments that are optional. -->,[],Maven,4,138,138
13973,azure/autorest.java,https://github.com/azure/autorest.java/blob/62af9c09bc8d80f333d46e20c20e2aa0f72d7cb3/protocol-sdk-integration-tests/sdk/parents/azure-client-sdk-parent/pom.xml#L142,<!-- Reserved for general Failsafe JVM arguments that affect all SDKs. -->,[],Maven,4,142,142
13973,azure/autorest.java,https://github.com/azure/autorest.java/blob/62af9c09bc8d80f333d46e20c20e2aa0f72d7cb3/protocol-sdk-integration-tests/sdk/parents/azure-client-sdk-parent/pom.xml#L148,"<!-- Reserved for SDK specific JVM arguments to export, open, or read modules in integration testing. -->",[],Maven,4,148,148
13973,azure/autorest.java,https://github.com/azure/autorest.java/blob/62af9c09bc8d80f333d46e20c20e2aa0f72d7cb3/protocol-sdk-integration-tests/sdk/parents/azure-client-sdk-parent/pom.xml#L149,<!-- Defaults to the same value as Surefire. -->,[],Maven,4,149,149
13973,azure/autorest.java,https://github.com/azure/autorest.java/blob/62af9c09bc8d80f333d46e20c20e2aa0f72d7cb3/protocol-sdk-integration-tests/sdk/parents/azure-client-sdk-parent/pom.xml#L154,<!-- Reserved for either general or SDK specific JVM arguments that are optional. -->,[],Maven,4,154,154
13973,azure/autorest.java,https://github.com/azure/autorest.java/blob/62af9c09bc8d80f333d46e20c20e2aa0f72d7cb3/protocol-sdk-integration-tests/sdk/parents/azure-client-sdk-parent/pom.xml#L155,<!-- Defaults to the same value as Surefire. -->,[],Maven,4,155,155
13973,azure/autorest.java,https://github.com/azure/autorest.java/blob/62af9c09bc8d80f333d46e20c20e2aa0f72d7cb3/protocol-sdk-integration-tests/sdk/parents/azure-client-sdk-parent/pom.xml#L160,<!-- This property configures whether PLAYBACK tests are ran in parallel. Default is true. -->,[],Maven,4,160,160
13973,azure/autorest.java,https://github.com/azure/autorest.java/blob/62af9c09bc8d80f333d46e20c20e2aa0f72d7cb3/protocol-sdk-integration-tests/sdk/parents/azure-client-sdk-parent/pom.xml#L163,<!-- This property configures whether LIVE or RECORD tests are ran in parallel. Default is false. -->,[],Maven,4,163,163
13973,azure/autorest.java,https://github.com/azure/autorest.java/blob/62af9c09bc8d80f333d46e20c20e2aa0f72d7cb3/protocol-sdk-integration-tests/sdk/parents/azure-client-sdk-parent/pom.xml#L166,<!-- This property configures whether the codesnippet-maven-plugin should be used. -->,[],Maven,4,166,166
13973,azure/autorest.java,https://github.com/azure/autorest.java/blob/62af9c09bc8d80f333d46e20c20e2aa0f72d7cb3/protocol-sdk-integration-tests/sdk/parents/azure-client-sdk-parent/pom.xml#L169,<!-- The following properties configure the maven-checkstyle-plugin. -->,[],Maven,4,169,169
13973,azure/autorest.java,https://github.com/azure/autorest.java/blob/62af9c09bc8d80f333d46e20c20e2aa0f72d7cb3/protocol-sdk-integration-tests/sdk/parents/azure-client-sdk-parent/pom.xml#L170,<!-- This property configures whether the maven-checkstyle-plugin should be used. -->,[],Maven,4,170,170
13973,azure/autorest.java,https://github.com/azure/autorest.java/blob/62af9c09bc8d80f333d46e20c20e2aa0f72d7cb3/protocol-sdk-integration-tests/sdk/parents/azure-client-sdk-parent/pom.xml#L173,<!-- These properties configures whether maven-checkstyle-plugin should fail on errors. -->,[],Maven,4,173,173
13973,azure/autorest.java,https://github.com/azure/autorest.java/blob/62af9c09bc8d80f333d46e20c20e2aa0f72d7cb3/protocol-sdk-integration-tests/sdk/parents/azure-client-sdk-parent/pom.xml#L177,<!-- This property configures a regex of source files to exclude from Checkstyle. -->,[],Maven,4,177,177
13973,azure/autorest.java,https://github.com/azure/autorest.java/blob/62af9c09bc8d80f333d46e20c20e2aa0f72d7cb3/protocol-sdk-integration-tests/sdk/parents/azure-client-sdk-parent/pom.xml#L180,<!-- This property configures whether test source files are included in Checkstyle. Default is true. -->,[],Maven,4,180,180
13973,azure/autorest.java,https://github.com/azure/autorest.java/blob/62af9c09bc8d80f333d46e20c20e2aa0f72d7cb3/protocol-sdk-integration-tests/sdk/parents/azure-client-sdk-parent/pom.xml#L183,<!-- The following properties configure the spotbugs-maven-plugin. -->,[],Maven,4,183,183
13973,azure/autorest.java,https://github.com/azure/autorest.java/blob/62af9c09bc8d80f333d46e20c20e2aa0f72d7cb3/protocol-sdk-integration-tests/sdk/parents/azure-client-sdk-parent/pom.xml#L184,<!-- This property configures whether the spotbugs-maven-plugin should be used. -->,[],Maven,4,184,184
13973,azure/autorest.java,https://github.com/azure/autorest.java/blob/62af9c09bc8d80f333d46e20c20e2aa0f72d7cb3/protocol-sdk-integration-tests/sdk/parents/azure-client-sdk-parent/pom.xml#L187,<!-- This property configures whether Spotbugs analysis is ran on samples and tests. Default is false. -->,[],Maven,4,187,187
13973,azure/autorest.java,https://github.com/azure/autorest.java/blob/62af9c09bc8d80f333d46e20c20e2aa0f72d7cb3/protocol-sdk-integration-tests/sdk/parents/azure-client-sdk-parent/pom.xml#L190,<!-- This property configures whether the spotbugs-maven-plugin should fail on errors. -->,[],Maven,4,190,190
13973,azure/autorest.java,https://github.com/azure/autorest.java/blob/62af9c09bc8d80f333d46e20c20e2aa0f72d7cb3/protocol-sdk-integration-tests/sdk/parents/azure-client-sdk-parent/pom.xml#L196,<!-- The following properties configure the revapi-maven-plugin. -->,[],Maven,4,196,196
13973,azure/autorest.java,https://github.com/azure/autorest.java/blob/62af9c09bc8d80f333d46e20c20e2aa0f72d7cb3/protocol-sdk-integration-tests/sdk/parents/azure-client-sdk-parent/pom.xml#L197,<!-- This property configures whether the revapi-maven-plugin should run. -->,[],Maven,4,197,197
13973,azure/autorest.java,https://github.com/azure/autorest.java/blob/62af9c09bc8d80f333d46e20c20e2aa0f72d7cb3/protocol-sdk-integration-tests/sdk/parents/azure-client-sdk-parent/pom.xml#L200,<!-- This property configures whether the revapi-maven-plugin should fail on errors. -->,[],Maven,4,200,200
13973,azure/autorest.java,https://github.com/azure/autorest.java/blob/62af9c09bc8d80f333d46e20c20e2aa0f72d7cb3/protocol-sdk-integration-tests/sdk/parents/azure-client-sdk-parent/pom.xml#L203,<!-- This property configures whether doclinting is performed when generating Javadocs. -->,[],Maven,4,203,203
13973,azure/autorest.java,https://github.com/azure/autorest.java/blob/62af9c09bc8d80f333d46e20c20e2aa0f72d7cb3/protocol-sdk-integration-tests/sdk/parents/azure-client-sdk-parent/pom.xml#L206,<!-- The following properties configure compile skipping. -->,[],Maven,4,206,206
13973,azure/autorest.java,https://github.com/azure/autorest.java/blob/62af9c09bc8d80f333d46e20c20e2aa0f72d7cb3/protocol-sdk-integration-tests/sdk/parents/azure-client-sdk-parent/pom.xml#L207,<!-- While maven-compiler-plugin has properties for skipping source and test compile other plugins -->,[],Maven,4,207,207
13973,azure/autorest.java,https://github.com/azure/autorest.java/blob/62af9c09bc8d80f333d46e20c20e2aa0f72d7cb3/protocol-sdk-integration-tests/sdk/parents/azure-client-sdk-parent/pom.xml#L208,<!-- key in on the properties as well. These properties ensure that skipping compiles doesn't result -->,[],Maven,4,208,208
13973,azure/autorest.java,https://github.com/azure/autorest.java/blob/62af9c09bc8d80f333d46e20c20e2aa0f72d7cb3/protocol-sdk-integration-tests/sdk/parents/azure-client-sdk-parent/pom.xml#L209,<!-- in unexpected plugin changes outside of maven-compiler-plugin. -->,[],Maven,4,209,209
13973,azure/autorest.java,https://github.com/azure/autorest.java/blob/62af9c09bc8d80f333d46e20c20e2aa0f72d7cb3/protocol-sdk-integration-tests/sdk/parents/azure-client-sdk-parent/pom.xml#L215,<!-- Set this to an empty value to enable the compiler to fail on usage of deprecated APIs. -->,[],Maven,4,215,215
13973,azure/autorest.java,https://github.com/azure/autorest.java/blob/62af9c09bc8d80f333d46e20c20e2aa0f72d7cb3/protocol-sdk-integration-tests/sdk/parents/azure-client-sdk-parent/pom.xml#L238,<!-- This plugin configures the bas requirements for compilation -->,[],Maven,6,238,238
13973,azure/autorest.java,https://github.com/azure/autorest.java/blob/62af9c09bc8d80f333d46e20c20e2aa0f72d7cb3/protocol-sdk-integration-tests/sdk/parents/azure-client-sdk-parent/pom.xml#L242,<!-- {x-version-update;org.apache.maven.plugins:maven-compiler-plugin;external_dependency} -->,[],Maven,34,242,242
13973,azure/autorest.java,https://github.com/azure/autorest.java/blob/62af9c09bc8d80f333d46e20c20e2aa0f72d7cb3/protocol-sdk-integration-tests/sdk/parents/azure-client-sdk-parent/pom.xml#L245,<!-- This plugin scans checkstyle issues in the code -->,[],Maven,6,245,245
13973,azure/autorest.java,https://github.com/azure/autorest.java/blob/62af9c09bc8d80f333d46e20c20e2aa0f72d7cb3/protocol-sdk-integration-tests/sdk/parents/azure-client-sdk-parent/pom.xml#L249,<!-- {x-version-update;org.apache.maven.plugins:maven-checkstyle-plugin;external_dependency} -->,[],Maven,33,249,249
13973,azure/autorest.java,https://github.com/azure/autorest.java/blob/62af9c09bc8d80f333d46e20c20e2aa0f72d7cb3/protocol-sdk-integration-tests/sdk/parents/azure-client-sdk-parent/pom.xml#L260,<!-- This plugin scans reports spotbugs in the code -->,[],Maven,6,260,260
13973,azure/autorest.java,https://github.com/azure/autorest.java/blob/62af9c09bc8d80f333d46e20c20e2aa0f72d7cb3/protocol-sdk-integration-tests/sdk/parents/azure-client-sdk-parent/pom.xml#L264,<!-- {x-version-update;com.github.spotbugs:spotbugs-maven-plugin;external_dependency} -->,[],Maven,33,264,264
13973,azure/autorest.java,https://github.com/azure/autorest.java/blob/62af9c09bc8d80f333d46e20c20e2aa0f72d7cb3/protocol-sdk-integration-tests/sdk/parents/azure-client-sdk-parent/pom.xml#L275,<!-- Configure the jar plugin -->,[],Maven,6,275,275
13973,azure/autorest.java,https://github.com/azure/autorest.java/blob/62af9c09bc8d80f333d46e20c20e2aa0f72d7cb3/protocol-sdk-integration-tests/sdk/parents/azure-client-sdk-parent/pom.xml#L279,<!-- {x-version-update;org.apache.maven.plugins:maven-jar-plugin;external_dependency} -->,[],Maven,33,279,279
13973,azure/autorest.java,https://github.com/azure/autorest.java/blob/62af9c09bc8d80f333d46e20c20e2aa0f72d7cb3/protocol-sdk-integration-tests/sdk/parents/azure-client-sdk-parent/pom.xml#L290,<!-- Configures the codesnippet replacement plugin -->,[],Maven,6,290,290
13973,azure/autorest.java,https://github.com/azure/autorest.java/blob/62af9c09bc8d80f333d46e20c20e2aa0f72d7cb3/protocol-sdk-integration-tests/sdk/parents/azure-client-sdk-parent/pom.xml#L294,<!-- {x-version-update;com.azure.tools:codesnippet-maven-plugin;external_dependency} -->,[],Maven,40,294,294
13973,azure/autorest.java,https://github.com/azure/autorest.java/blob/62af9c09bc8d80f333d46e20c20e2aa0f72d7cb3/protocol-sdk-integration-tests/sdk/parents/azure-client-sdk-parent/pom.xml#L315,<!-- Configure the javadoc plugin -->,[],Maven,6,315,315
13973,azure/autorest.java,https://github.com/azure/autorest.java/blob/62af9c09bc8d80f333d46e20c20e2aa0f72d7cb3/protocol-sdk-integration-tests/sdk/parents/azure-client-sdk-parent/pom.xml#L319,<!-- {x-version-update;org.apache.maven.plugins:maven-javadoc-plugin;external_dependency} -->,[],Maven,33,319,319
13973,azure/autorest.java,https://github.com/azure/autorest.java/blob/62af9c09bc8d80f333d46e20c20e2aa0f72d7cb3/protocol-sdk-integration-tests/sdk/parents/azure-client-sdk-parent/pom.xml#L330,<!-- Configure the source plugin -->,[],Maven,6,330,330
13973,azure/autorest.java,https://github.com/azure/autorest.java/blob/62af9c09bc8d80f333d46e20c20e2aa0f72d7cb3/protocol-sdk-integration-tests/sdk/parents/azure-client-sdk-parent/pom.xml#L334,<!-- {x-version-update;org.apache.maven.plugins:maven-source-plugin;external_dependency} -->,[],Maven,33,334,334
13973,azure/autorest.java,https://github.com/azure/autorest.java/blob/62af9c09bc8d80f333d46e20c20e2aa0f72d7cb3/protocol-sdk-integration-tests/sdk/parents/azure-client-sdk-parent/pom.xml#L348,<!-- Copy the pom file to output -->,[],Maven,6,348,348
13973,azure/autorest.java,https://github.com/azure/autorest.java/blob/62af9c09bc8d80f333d46e20c20e2aa0f72d7cb3/protocol-sdk-integration-tests/sdk/parents/azure-client-sdk-parent/pom.xml#L352,<!-- {x-version-update;org.apache.maven.plugins:maven-antrun-plugin;external_dependency} -->,[],Maven,31,352,352
13973,azure/autorest.java,https://github.com/azure/autorest.java/blob/62af9c09bc8d80f333d46e20c20e2aa0f72d7cb3/protocol-sdk-integration-tests/sdk/parents/azure-client-sdk-parent/pom.xml#L372,<!-- {x-version-update;org.jacoco:jacoco-maven-plugin;external_dependency} -->,[],Maven,33,372,372
13973,azure/autorest.java,https://github.com/azure/autorest.java/blob/62af9c09bc8d80f333d46e20c20e2aa0f72d7cb3/protocol-sdk-integration-tests/sdk/parents/azure-client-sdk-parent/pom.xml#L445,<!-- Allows the sample sources to be built during test-compile phase. -->,[],Maven,6,445,445
13973,azure/autorest.java,https://github.com/azure/autorest.java/blob/62af9c09bc8d80f333d46e20c20e2aa0f72d7cb3/protocol-sdk-integration-tests/sdk/parents/azure-client-sdk-parent/pom.xml#L449,<!-- {x-version-update;org.codehaus.mojo:build-helper-maven-plugin;external_dependency} -->,[],Maven,33,449,449
13973,azure/autorest.java,https://github.com/azure/autorest.java/blob/62af9c09bc8d80f333d46e20c20e2aa0f72d7cb3/protocol-sdk-integration-tests/sdk/parents/azure-client-sdk-parent/pom.xml#L475,<!-- Checks public surface area for breaking changes. -->,[],Maven,6,475,475
13973,azure/autorest.java,https://github.com/azure/autorest.java/blob/62af9c09bc8d80f333d46e20c20e2aa0f72d7cb3/protocol-sdk-integration-tests/sdk/parents/azure-client-sdk-parent/pom.xml#L479,<!-- {x-version-update;org.revapi:revapi-maven-plugin;external_dependency} -->,[],Maven,34,479,479
13973,azure/autorest.java,https://github.com/azure/autorest.java/blob/62af9c09bc8d80f333d46e20c20e2aa0f72d7cb3/protocol-sdk-integration-tests/sdk/parents/azure-client-sdk-parent/pom.xml#L492,<!-- {x-version-update;org.apache.maven.plugins:maven-enforcer-plugin;external_dependency} -->,[],Maven,36,492,492
13973,azure/autorest.java,https://github.com/azure/autorest.java/blob/62af9c09bc8d80f333d46e20c20e2aa0f72d7cb3/protocol-sdk-integration-tests/sdk/parents/azure-client-sdk-parent/pom.xml#L495,"<!--
            Rule: https://maven.apache.org/enforcer/enforcer-rules/bannedDependencies.html
            We have a list of blessed dependencies here: https://azure.github.io/azure-sdk/java_implementation.html#dependencies
            Format of includes / excludes is the following: 'groupId[:artifactId][:version][:type][:scope][:classifier]'.
            Wildcards can be used.
            -->",[],Maven,12,495,500
13973,azure/autorest.java,https://github.com/azure/autorest.java/blob/62af9c09bc8d80f333d46e20c20e2aa0f72d7cb3/protocol-sdk-integration-tests/sdk/parents/azure-client-sdk-parent/pom.xml#L504,"<!-- We exclude everything that is runtime-time, compile-time, or provided scoped (i.e. we allow
                dependencies when they are used for test scope or otherwise) -->",[],Maven,16,504,505
13973,azure/autorest.java,https://github.com/azure/autorest.java/blob/62af9c09bc8d80f333d46e20c20e2aa0f72d7cb3/protocol-sdk-integration-tests/sdk/parents/azure-client-sdk-parent/pom.xml#L515,<!-- Used by many libraries to bring in annotations used by Reactor -->,[],Maven,16,515,515
13973,azure/autorest.java,https://github.com/azure/autorest.java/blob/62af9c09bc8d80f333d46e20c20e2aa0f72d7cb3/protocol-sdk-integration-tests/sdk/parents/azure-client-sdk-parent/pom.xml#L516,<!-- {x-include-update;com.google.code.findbugs:jsr305;external_dependency} -->,[],Maven,75,516,516
13973,azure/autorest.java,https://github.com/azure/autorest.java/blob/62af9c09bc8d80f333d46e20c20e2aa0f72d7cb3/protocol-sdk-integration-tests/sdk/parents/azure-client-sdk-parent/pom.xml#L520,"<!--
            Rule: https://maven.apache.org/enforcer/enforcer-rules/requireReleaseDeps.html
            -->",[],Maven,12,520,522
13973,azure/autorest.java,https://github.com/azure/autorest.java/blob/62af9c09bc8d80f333d46e20c20e2aa0f72d7cb3/protocol-sdk-integration-tests/sdk/parents/azure-client-sdk-parent/pom.xml#L527,"<!--
            Rule: https://maven.apache.org/enforcer/enforcer-rules/requireSameVersions.html
            This rule is used to enforce that all modules depend on the same version of particular dependencies or
            plugins.
            -->",[],Maven,12,527,531
13973,azure/autorest.java,https://github.com/azure/autorest.java/blob/62af9c09bc8d80f333d46e20c20e2aa0f72d7cb3/protocol-sdk-integration-tests/sdk/parents/azure-client-sdk-parent/pom.xml#L548,<!-- This plugin configures the bas requirements for compilation -->,[],Maven,8,548,548
13973,azure/autorest.java,https://github.com/azure/autorest.java/blob/62af9c09bc8d80f333d46e20c20e2aa0f72d7cb3/protocol-sdk-integration-tests/sdk/parents/azure-client-sdk-parent/pom.xml#L552,<!-- {x-version-update;org.apache.maven.plugins:maven-compiler-plugin;external_dependency} -->,[],Maven,36,552,552
13973,azure/autorest.java,https://github.com/azure/autorest.java/blob/62af9c09bc8d80f333d46e20c20e2aa0f72d7cb3/protocol-sdk-integration-tests/sdk/parents/azure-client-sdk-parent/pom.xml#L559,<!-- https://docs.oracle.com/javase/7/docs/technotes/tools/windows/javac.html#xlintwarnings -->,[],Maven,14,559,559
13973,azure/autorest.java,https://github.com/azure/autorest.java/blob/62af9c09bc8d80f333d46e20c20e2aa0f72d7cb3/protocol-sdk-integration-tests/sdk/parents/azure-client-sdk-parent/pom.xml#L571,<!-- <arg>-Xlint:processing</arg> -->,[],Maven,14,571,571
13973,azure/autorest.java,https://github.com/azure/autorest.java/blob/62af9c09bc8d80f333d46e20c20e2aa0f72d7cb3/protocol-sdk-integration-tests/sdk/parents/azure-client-sdk-parent/pom.xml#L573,<!-- <arg>-Xlint:serial</arg> -->,[],Maven,14,573,573
13973,azure/autorest.java,https://github.com/azure/autorest.java/blob/62af9c09bc8d80f333d46e20c20e2aa0f72d7cb3/protocol-sdk-integration-tests/sdk/parents/azure-client-sdk-parent/pom.xml#L580,<!-- Default is annotation processing being off. -->,[],Maven,12,580,580
13973,azure/autorest.java,https://github.com/azure/autorest.java/blob/62af9c09bc8d80f333d46e20c20e2aa0f72d7cb3/protocol-sdk-integration-tests/sdk/parents/azure-client-sdk-parent/pom.xml#L587,<!-- This plugin scans checkstyle issues in the code -->,[],Maven,8,587,587
13973,azure/autorest.java,https://github.com/azure/autorest.java/blob/62af9c09bc8d80f333d46e20c20e2aa0f72d7cb3/protocol-sdk-integration-tests/sdk/parents/azure-client-sdk-parent/pom.xml#L591,<!-- {x-version-update;org.apache.maven.plugins:maven-checkstyle-plugin;external_dependency} -->,[],Maven,35,591,591
13973,azure/autorest.java,https://github.com/azure/autorest.java/blob/62af9c09bc8d80f333d46e20c20e2aa0f72d7cb3/protocol-sdk-integration-tests/sdk/parents/azure-client-sdk-parent/pom.xml#L596,<!-- {x-version-update;com.azure:sdk-build-tools;external_dependency} -->,[],Maven,39,596,596
13973,azure/autorest.java,https://github.com/azure/autorest.java/blob/62af9c09bc8d80f333d46e20c20e2aa0f72d7cb3/protocol-sdk-integration-tests/sdk/parents/azure-client-sdk-parent/pom.xml#L601,<!-- {x-version-update;com.puppycrawl.tools:checkstyle;external_dependency} -->,[],Maven,37,601,601
13973,azure/autorest.java,https://github.com/azure/autorest.java/blob/62af9c09bc8d80f333d46e20c20e2aa0f72d7cb3/protocol-sdk-integration-tests/sdk/parents/azure-client-sdk-parent/pom.xml#L620,<!-- This plugin scans reports spotbugs in the code -->,[],Maven,8,620,620
13973,azure/autorest.java,https://github.com/azure/autorest.java/blob/62af9c09bc8d80f333d46e20c20e2aa0f72d7cb3/protocol-sdk-integration-tests/sdk/parents/azure-client-sdk-parent/pom.xml#L624,<!-- {x-version-update;com.github.spotbugs:spotbugs-maven-plugin;external_dependency} -->,[],Maven,35,624,624
13973,azure/autorest.java,https://github.com/azure/autorest.java/blob/62af9c09bc8d80f333d46e20c20e2aa0f72d7cb3/protocol-sdk-integration-tests/sdk/parents/azure-client-sdk-parent/pom.xml#L629,<!-- {x-version-update;com.azure:sdk-build-tools;external_dependency} -->,[],Maven,39,629,629
13973,azure/autorest.java,https://github.com/azure/autorest.java/blob/62af9c09bc8d80f333d46e20c20e2aa0f72d7cb3/protocol-sdk-integration-tests/sdk/parents/azure-client-sdk-parent/pom.xml#L634,<!-- {x-version-update;com.github.spotbugs:spotbugs;external_dependency} -->,[],Maven,39,634,634
13973,azure/autorest.java,https://github.com/azure/autorest.java/blob/62af9c09bc8d80f333d46e20c20e2aa0f72d7cb3/protocol-sdk-integration-tests/sdk/parents/azure-client-sdk-parent/pom.xml#L646,<!-- Set this to true when src/samples and src/test are spotbugs clean in all Track 2 SDKs -->,[],Maven,12,646,646
13973,azure/autorest.java,https://github.com/azure/autorest.java/blob/62af9c09bc8d80f333d46e20c20e2aa0f72d7cb3/protocol-sdk-integration-tests/sdk/parents/azure-client-sdk-parent/pom.xml#L649,<!-- Enable this plugin when issues documented are fixed -->,[],Maven,12,649,649
13973,azure/autorest.java,https://github.com/azure/autorest.java/blob/62af9c09bc8d80f333d46e20c20e2aa0f72d7cb3/protocol-sdk-integration-tests/sdk/parents/azure-client-sdk-parent/pom.xml#L650,<!--          <plugins>-->,[],Maven,12,650,650
13973,azure/autorest.java,https://github.com/azure/autorest.java/blob/62af9c09bc8d80f333d46e20c20e2aa0f72d7cb3/protocol-sdk-integration-tests/sdk/parents/azure-client-sdk-parent/pom.xml#L651,<!--            <plugin>-->,[],Maven,12,651,651
13973,azure/autorest.java,https://github.com/azure/autorest.java/blob/62af9c09bc8d80f333d46e20c20e2aa0f72d7cb3/protocol-sdk-integration-tests/sdk/parents/azure-client-sdk-parent/pom.xml#L652,<!--              <groupId>com.h3xstream.findsecbugs</groupId>-->,[],Maven,12,652,652
13973,azure/autorest.java,https://github.com/azure/autorest.java/blob/62af9c09bc8d80f333d46e20c20e2aa0f72d7cb3/protocol-sdk-integration-tests/sdk/parents/azure-client-sdk-parent/pom.xml#L653,<!--              <artifactId>findsecbugs-plugin</artifactId>-->,[],Maven,12,653,653
13973,azure/autorest.java,https://github.com/azure/autorest.java/blob/62af9c09bc8d80f333d46e20c20e2aa0f72d7cb3/protocol-sdk-integration-tests/sdk/parents/azure-client-sdk-parent/pom.xml#L654,<!--              <version>1.9.0</version> &lt;!&ndash; {x-version-update;com.h3xstream.findsecbugs:findsecbugs-plugin;external_dependency} &ndash;&gt;-->,[],Maven,12,654,654
13973,azure/autorest.java,https://github.com/azure/autorest.java/blob/62af9c09bc8d80f333d46e20c20e2aa0f72d7cb3/protocol-sdk-integration-tests/sdk/parents/azure-client-sdk-parent/pom.xml#L655,<!--            </plugin>-->,[],Maven,12,655,655
13973,azure/autorest.java,https://github.com/azure/autorest.java/blob/62af9c09bc8d80f333d46e20c20e2aa0f72d7cb3/protocol-sdk-integration-tests/sdk/parents/azure-client-sdk-parent/pom.xml#L656,<!--          </plugins>-->,[],Maven,12,656,656
13973,azure/autorest.java,https://github.com/azure/autorest.java/blob/62af9c09bc8d80f333d46e20c20e2aa0f72d7cb3/protocol-sdk-integration-tests/sdk/parents/azure-client-sdk-parent/pom.xml#L660,<!-- This plugin generates Javadocs -->,[],Maven,8,660,660
13973,azure/autorest.java,https://github.com/azure/autorest.java/blob/62af9c09bc8d80f333d46e20c20e2aa0f72d7cb3/protocol-sdk-integration-tests/sdk/parents/azure-client-sdk-parent/pom.xml#L664,<!-- {x-version-update;org.apache.maven.plugins:maven-javadoc-plugin;external_dependency} -->,[],Maven,35,664,664
13973,azure/autorest.java,https://github.com/azure/autorest.java/blob/62af9c09bc8d80f333d46e20c20e2aa0f72d7cb3/protocol-sdk-integration-tests/sdk/parents/azure-client-sdk-parent/pom.xml#L684,"<!-- CosmosSkip - This is temporary, BridgeInternal gets converted to implementation -->",[],Maven,12,684,684
13973,azure/autorest.java,https://github.com/azure/autorest.java/blob/62af9c09bc8d80f333d46e20c20e2aa0f72d7cb3/protocol-sdk-integration-tests/sdk/parents/azure-client-sdk-parent/pom.xml#L694,<!-- JDK APIs -->,[],Maven,14,694,694
13973,azure/autorest.java,https://github.com/azure/autorest.java/blob/62af9c09bc8d80f333d46e20c20e2aa0f72d7cb3/protocol-sdk-integration-tests/sdk/parents/azure-client-sdk-parent/pom.xml#L697,<!-- Reactor APIs -->,[],Maven,14,697,697
13973,azure/autorest.java,https://github.com/azure/autorest.java/blob/62af9c09bc8d80f333d46e20c20e2aa0f72d7cb3/protocol-sdk-integration-tests/sdk/parents/azure-client-sdk-parent/pom.xml#L701,<!-- Jackson APIs -->,[],Maven,14,701,701
13973,azure/autorest.java,https://github.com/azure/autorest.java/blob/62af9c09bc8d80f333d46e20c20e2aa0f72d7cb3/protocol-sdk-integration-tests/sdk/parents/azure-client-sdk-parent/pom.xml#L706,<!-- Netty APIs -->,[],Maven,14,706,706
13973,azure/autorest.java,https://github.com/azure/autorest.java/blob/62af9c09bc8d80f333d46e20c20e2aa0f72d7cb3/protocol-sdk-integration-tests/sdk/parents/azure-client-sdk-parent/pom.xml#L709,<!-- Avro APIs -->,[],Maven,14,709,709
13973,azure/autorest.java,https://github.com/azure/autorest.java/blob/62af9c09bc8d80f333d46e20c20e2aa0f72d7cb3/protocol-sdk-integration-tests/sdk/parents/azure-client-sdk-parent/pom.xml#L715,<!-- JDK APIs -->,[],Maven,14,715,715
13973,azure/autorest.java,https://github.com/azure/autorest.java/blob/62af9c09bc8d80f333d46e20c20e2aa0f72d7cb3/protocol-sdk-integration-tests/sdk/parents/azure-client-sdk-parent/pom.xml#L721,<!-- Reactor APIs -->,[],Maven,14,721,721
13973,azure/autorest.java,https://github.com/azure/autorest.java/blob/62af9c09bc8d80f333d46e20c20e2aa0f72d7cb3/protocol-sdk-integration-tests/sdk/parents/azure-client-sdk-parent/pom.xml#L731,<!-- Jackson APIs -->,[],Maven,14,731,731
13973,azure/autorest.java,https://github.com/azure/autorest.java/blob/62af9c09bc8d80f333d46e20c20e2aa0f72d7cb3/protocol-sdk-integration-tests/sdk/parents/azure-client-sdk-parent/pom.xml#L745,<!-- Netty APIs -->,[],Maven,14,745,745
13973,azure/autorest.java,https://github.com/azure/autorest.java/blob/62af9c09bc8d80f333d46e20c20e2aa0f72d7cb3/protocol-sdk-integration-tests/sdk/parents/azure-client-sdk-parent/pom.xml#L751,<!-- Avro APIs -->,[],Maven,14,751,751
13973,azure/autorest.java,https://github.com/azure/autorest.java/blob/62af9c09bc8d80f333d46e20c20e2aa0f72d7cb3/protocol-sdk-integration-tests/sdk/parents/azure-client-sdk-parent/pom.xml#L765,<!-- This plugin runs tests -->,[],Maven,8,765,765
13973,azure/autorest.java,https://github.com/azure/autorest.java/blob/62af9c09bc8d80f333d46e20c20e2aa0f72d7cb3/protocol-sdk-integration-tests/sdk/parents/azure-client-sdk-parent/pom.xml#L769,<!-- {x-version-update;org.apache.maven.plugins:maven-surefire-plugin;external_dependency} -->,[],Maven,38,769,769
13973,azure/autorest.java,https://github.com/azure/autorest.java/blob/62af9c09bc8d80f333d46e20c20e2aa0f72d7cb3/protocol-sdk-integration-tests/sdk/parents/azure-client-sdk-parent/pom.xml#L786,<!-- This dependency is required until maven-surefire-plugin updates the version they use. -->,[],Maven,12,786,786
13973,azure/autorest.java,https://github.com/azure/autorest.java/blob/62af9c09bc8d80f333d46e20c20e2aa0f72d7cb3/protocol-sdk-integration-tests/sdk/parents/azure-client-sdk-parent/pom.xml#L787,<!-- The current dependency version doesn't support Java 17. -->,[],Maven,12,787,787
13973,azure/autorest.java,https://github.com/azure/autorest.java/blob/62af9c09bc8d80f333d46e20c20e2aa0f72d7cb3/protocol-sdk-integration-tests/sdk/parents/azure-client-sdk-parent/pom.xml#L791,<!-- {x-version-update;org.ow2.asm:asm;external_dependency} -->,[],Maven,37,791,791
13973,azure/autorest.java,https://github.com/azure/autorest.java/blob/62af9c09bc8d80f333d46e20c20e2aa0f72d7cb3/protocol-sdk-integration-tests/sdk/parents/azure-client-sdk-parent/pom.xml#L796,<!-- This plugin runs integration tests -->,[],Maven,8,796,796
13973,azure/autorest.java,https://github.com/azure/autorest.java/blob/62af9c09bc8d80f333d46e20c20e2aa0f72d7cb3/protocol-sdk-integration-tests/sdk/parents/azure-client-sdk-parent/pom.xml#L800,<!-- {x-version-update;org.apache.maven.plugins:maven-failsafe-plugin;external_dependency} -->,[],Maven,38,800,800
13973,azure/autorest.java,https://github.com/azure/autorest.java/blob/62af9c09bc8d80f333d46e20c20e2aa0f72d7cb3/protocol-sdk-integration-tests/sdk/parents/azure-client-sdk-parent/pom.xml#L817,<!-- This dependency is required until maven-failsafe-plugin updates the version they use. -->,[],Maven,12,817,817
13973,azure/autorest.java,https://github.com/azure/autorest.java/blob/62af9c09bc8d80f333d46e20c20e2aa0f72d7cb3/protocol-sdk-integration-tests/sdk/parents/azure-client-sdk-parent/pom.xml#L818,<!-- The current dependency version doesn't support Java 17. -->,[],Maven,12,818,818
13973,azure/autorest.java,https://github.com/azure/autorest.java/blob/62af9c09bc8d80f333d46e20c20e2aa0f72d7cb3/protocol-sdk-integration-tests/sdk/parents/azure-client-sdk-parent/pom.xml#L822,<!-- {x-version-update;org.ow2.asm:asm;external_dependency} -->,[],Maven,37,822,822
13973,azure/autorest.java,https://github.com/azure/autorest.java/blob/62af9c09bc8d80f333d46e20c20e2aa0f72d7cb3/protocol-sdk-integration-tests/sdk/parents/azure-client-sdk-parent/pom.xml#L827,<!-- Checks public surface area for breaking changes. -->,[],Maven,8,827,827
13973,azure/autorest.java,https://github.com/azure/autorest.java/blob/62af9c09bc8d80f333d46e20c20e2aa0f72d7cb3/protocol-sdk-integration-tests/sdk/parents/azure-client-sdk-parent/pom.xml#L831,<!-- {x-version-update;org.revapi:revapi-maven-plugin;external_dependency} -->,[],Maven,36,831,831
13973,azure/autorest.java,https://github.com/azure/autorest.java/blob/62af9c09bc8d80f333d46e20c20e2aa0f72d7cb3/protocol-sdk-integration-tests/sdk/parents/azure-client-sdk-parent/pom.xml#L843,<!-- The following configures reporting to file in addition to CLI reporting. -->,[],Maven,12,843,843
13973,azure/autorest.java,https://github.com/azure/autorest.java/blob/62af9c09bc8d80f333d46e20c20e2aa0f72d7cb3/protocol-sdk-integration-tests/sdk/parents/azure-client-sdk-parent/pom.xml#L866,<!-- {x-version-update;com.azure:sdk-build-tools;external_dependency} -->,[],Maven,39,866,866
13973,azure/autorest.java,https://github.com/azure/autorest.java/blob/62af9c09bc8d80f333d46e20c20e2aa0f72d7cb3/protocol-sdk-integration-tests/sdk/parents/azure-client-sdk-parent/pom.xml#L871,<!-- {x-version-update;org.revapi:revapi-java;external_dependency} -->,[],Maven,40,871,871
13973,azure/autorest.java,https://github.com/azure/autorest.java/blob/62af9c09bc8d80f333d46e20c20e2aa0f72d7cb3/protocol-sdk-integration-tests/sdk/parents/azure-client-sdk-parent/pom.xml#L876,<!-- {x-version-update;org.revapi:revapi-reporter-json;external_dependency} -->,[],Maven,39,876,876
13973,azure/autorest.java,https://github.com/azure/autorest.java/blob/62af9c09bc8d80f333d46e20c20e2aa0f72d7cb3/protocol-sdk-integration-tests/sdk/parents/azure-client-sdk-parent/pom.xml#L886,<!-- must be on the classpath -->,[],Maven,6,886,886
13973,azure/autorest.java,https://github.com/azure/autorest.java/blob/62af9c09bc8d80f333d46e20c20e2aa0f72d7cb3/protocol-sdk-integration-tests/sdk/parents/azure-client-sdk-parent/pom.xml#L890,<!-- {x-version-update;org.jacoco:org.jacoco.agent;external_dependency} -->,[],Maven,31,890,890
13973,azure/autorest.java,https://github.com/azure/autorest.java/blob/62af9c09bc8d80f333d46e20c20e2aa0f72d7cb3/protocol-sdk-integration-tests/sdk/parents/azure-client-sdk-parent/pom.xml#L900,<!-- {x-version-update;org.apache.maven.plugins:maven-checkstyle-plugin;external_dependency} -->,[],Maven,33,900,900
13973,azure/autorest.java,https://github.com/azure/autorest.java/blob/62af9c09bc8d80f333d46e20c20e2aa0f72d7cb3/protocol-sdk-integration-tests/sdk/parents/azure-client-sdk-parent/pom.xml#L913,<!-- {x-version-update;com.github.spotbugs:spotbugs-maven-plugin;external_dependency} -->,[],Maven,33,913,913
13973,azure/autorest.java,https://github.com/azure/autorest.java/blob/62af9c09bc8d80f333d46e20c20e2aa0f72d7cb3/protocol-sdk-integration-tests/sdk/parents/azure-client-sdk-parent/pom.xml#L918,<!-- {x-version-update;org.apache.maven.plugins:maven-javadoc-plugin;external_dependency} -->,[],Maven,33,918,918
13973,azure/autorest.java,https://github.com/azure/autorest.java/blob/62af9c09bc8d80f333d46e20c20e2aa0f72d7cb3/protocol-sdk-integration-tests/sdk/parents/azure-client-sdk-parent/pom.xml#L931,<!-- {x-version-update;org.apache.maven.plugins:maven-project-info-reports-plugin;external_dependency} -->,[],Maven,33,931,931
13973,azure/autorest.java,https://github.com/azure/autorest.java/blob/62af9c09bc8d80f333d46e20c20e2aa0f72d7cb3/protocol-sdk-integration-tests/sdk/parents/azure-client-sdk-parent/pom.xml#L950,<!-- {x-version-update;org.revapi:revapi-maven-plugin;external_dependency} -->,[],Maven,34,950,950
13973,azure/autorest.java,https://github.com/azure/autorest.java/blob/62af9c09bc8d80f333d46e20c20e2aa0f72d7cb3/protocol-sdk-integration-tests/sdk/parents/azure-client-sdk-parent/pom.xml#L967,<!-- Skip module-info.java on Java 8 -->,[],Maven,4,967,967
13973,azure/autorest.java,https://github.com/azure/autorest.java/blob/62af9c09bc8d80f333d46e20c20e2aa0f72d7cb3/protocol-sdk-integration-tests/sdk/parents/azure-client-sdk-parent/pom.xml#L979,"<!-- Don't compile module-info.java, see java 9+ profile -->",[],Maven,10,979,979
13973,azure/autorest.java,https://github.com/azure/autorest.java/blob/62af9c09bc8d80f333d46e20c20e2aa0f72d7cb3/protocol-sdk-integration-tests/sdk/parents/azure-client-sdk-parent/pom.xml#L983,<!-- {x-version-update;org.apache.maven.plugins:maven-compiler-plugin;external_dependency} -->,[],Maven,38,983,983
13973,azure/autorest.java,https://github.com/azure/autorest.java/blob/62af9c09bc8d80f333d46e20c20e2aa0f72d7cb3/protocol-sdk-integration-tests/sdk/parents/azure-client-sdk-parent/pom.xml#L998,<!-- Avoid errors from module-info -->,[],Maven,10,998,998
13973,azure/autorest.java,https://github.com/azure/autorest.java/blob/62af9c09bc8d80f333d46e20c20e2aa0f72d7cb3/protocol-sdk-integration-tests/sdk/parents/azure-client-sdk-parent/pom.xml#L1002,<!-- {x-version-update;org.apache.maven.plugins:maven-javadoc-plugin;external_dependency} -->,[],Maven,37,1002,1002
13973,azure/autorest.java,https://github.com/azure/autorest.java/blob/62af9c09bc8d80f333d46e20c20e2aa0f72d7cb3/protocol-sdk-integration-tests/sdk/parents/azure-client-sdk-parent/pom.xml#L1013,<!-- Avoid errors from module-info -->,[],Maven,10,1013,1013
13973,azure/autorest.java,https://github.com/azure/autorest.java/blob/62af9c09bc8d80f333d46e20c20e2aa0f72d7cb3/protocol-sdk-integration-tests/sdk/parents/azure-client-sdk-parent/pom.xml#L1017,<!-- {x-version-update;org.apache.maven.plugins:maven-javadoc-plugin;external_dependency} -->,[],Maven,37,1017,1017
13973,azure/autorest.java,https://github.com/azure/autorest.java/blob/62af9c09bc8d80f333d46e20c20e2aa0f72d7cb3/protocol-sdk-integration-tests/sdk/parents/azure-client-sdk-parent/pom.xml#L1028,<!-- Setup for Java 9+ -->,[],Maven,4,1028,1028
13973,azure/autorest.java,https://github.com/azure/autorest.java/blob/62af9c09bc8d80f333d46e20c20e2aa0f72d7cb3/protocol-sdk-integration-tests/sdk/parents/azure-client-sdk-parent/pom.xml#L1039,<!-- {x-version-update;org.apache.maven.plugins:maven-compiler-plugin;external_dependency} -->,[],Maven,38,1039,1039
13973,azure/autorest.java,https://github.com/azure/autorest.java/blob/62af9c09bc8d80f333d46e20c20e2aa0f72d7cb3/protocol-sdk-integration-tests/sdk/parents/azure-client-sdk-parent/pom.xml#L1048,<!-- compile first with VM's default Java version -->,[],Maven,14,1048,1048
13973,azure/autorest.java,https://github.com/azure/autorest.java/blob/62af9c09bc8d80f333d46e20c20e2aa0f72d7cb3/protocol-sdk-integration-tests/sdk/parents/azure-client-sdk-parent/pom.xml#L1049,"<!-- this will generate module-info with major class version based on the Java version being used, in CI this should be 61 (i.e Java 17) -->",[],Maven,14,1049,1049
13973,azure/autorest.java,https://github.com/azure/autorest.java/blob/62af9c09bc8d80f333d46e20c20e2aa0f72d7cb3/protocol-sdk-integration-tests/sdk/parents/azure-client-sdk-parent/pom.xml#L1060,<!-- then compile with Java 11 as the base version that supports module-info -->,[],Maven,14,1060,1060
13973,azure/autorest.java,https://github.com/azure/autorest.java/blob/62af9c09bc8d80f333d46e20c20e2aa0f72d7cb3/protocol-sdk-integration-tests/sdk/parents/azure-client-sdk-parent/pom.xml#L1061,"<!-- this is the Azure SDK baseline for jars that are released to Maven and should only be updated
              when the Azure SDK policy is changed -->",[],Maven,14,1061,1062
13973,azure/autorest.java,https://github.com/azure/autorest.java/blob/62af9c09bc8d80f333d46e20c20e2aa0f72d7cb3/protocol-sdk-integration-tests/sdk/parents/azure-client-sdk-parent/pom.xml#L1063,<!-- executing this after default-compile will generate module-info with major class version 55 (i.e Java 11) -->,[],Maven,14,1063,1063
13973,azure/autorest.java,https://github.com/azure/autorest.java/blob/62af9c09bc8d80f333d46e20c20e2aa0f72d7cb3/protocol-sdk-integration-tests/sdk/parents/azure-client-sdk-parent/pom.xml#L1077,<!-- then compile without module-info for Java 8 -->,[],Maven,14,1077,1077
13973,azure/autorest.java,https://github.com/azure/autorest.java/blob/62af9c09bc8d80f333d46e20c20e2aa0f72d7cb3/protocol-sdk-integration-tests/sdk/parents/azure-client-sdk-parent/pom.xml#L1091,<!-- test compile with the current VM's default Java version -->,[],Maven,14,1091,1091
13973,azure/autorest.java,https://github.com/azure/autorest.java/blob/62af9c09bc8d80f333d46e20c20e2aa0f72d7cb3/protocol-sdk-integration-tests/sdk/parents/azure-client-sdk-parent/pom.xml#L1103,<!-- then compile with Java 11 as the base version that supports module-info -->,[],Maven,14,1103,1103
13973,azure/autorest.java,https://github.com/azure/autorest.java/blob/62af9c09bc8d80f333d46e20c20e2aa0f72d7cb3/protocol-sdk-integration-tests/sdk/parents/azure-client-sdk-parent/pom.xml#L1104,"<!-- this is the Azure SDK baseline for jars that are released to Maven and should only be updated
              when the Azure SDK policy is changed -->",[],Maven,14,1104,1105
13973,azure/autorest.java,https://github.com/azure/autorest.java/blob/62af9c09bc8d80f333d46e20c20e2aa0f72d7cb3/protocol-sdk-integration-tests/sdk/parents/azure-client-sdk-parent/pom.xml#L1106,<!-- executing this after default-compile will generate module-info with major class version 55 (i.e Java 11) -->,[],Maven,14,1106,1106
13973,azure/autorest.java,https://github.com/azure/autorest.java/blob/62af9c09bc8d80f333d46e20c20e2aa0f72d7cb3/protocol-sdk-integration-tests/sdk/parents/azure-client-sdk-parent/pom.xml#L1121,<!-- then compile with Java 8 -->,[],Maven,14,1121,1121
13973,azure/autorest.java,https://github.com/azure/autorest.java/blob/62af9c09bc8d80f333d46e20c20e2aa0f72d7cb3/protocol-sdk-integration-tests/sdk/parents/azure-client-sdk-parent/pom.xml#L1141,<!-- {x-version-update;org.apache.maven.plugins:maven-surefire-plugin;external_dependency} -->,[],Maven,40,1141,1141
13973,azure/autorest.java,https://github.com/azure/autorest.java/blob/62af9c09bc8d80f333d46e20c20e2aa0f72d7cb3/protocol-sdk-integration-tests/sdk/parents/azure-client-sdk-parent/pom.xml#L1149,<!-- This is required as the Java 8 based implementation for ReflectionUtils may be loaded by IntelliJ when running tests with later versions of Java. -->,[],Maven,16,1149,1149
13973,azure/autorest.java,https://github.com/azure/autorest.java/blob/62af9c09bc8d80f333d46e20c20e2aa0f72d7cb3/protocol-sdk-integration-tests/sdk/parents/azure-client-sdk-parent/pom.xml#L1150,"<!-- In later versions of Java, java.base doesn't open java.lang.invoke to azure-core, so it needs to be done with this directive. This only affects tests. -->",[],Maven,16,1150,1150
13973,azure/autorest.java,https://github.com/azure/autorest.java/blob/62af9c09bc8d80f333d46e20c20e2aa0f72d7cb3/protocol-sdk-integration-tests/sdk/parents/azure-client-sdk-parent/pom.xml#L1160,<!-- {x-version-update;org.apache.maven.plugins:maven-failsafe-plugin;external_dependency} -->,[],Maven,40,1160,1160
13973,azure/autorest.java,https://github.com/azure/autorest.java/blob/62af9c09bc8d80f333d46e20c20e2aa0f72d7cb3/protocol-sdk-integration-tests/sdk/parents/azure-client-sdk-parent/pom.xml#L1165,<!-- This is required as the Java 8 based implementation for ReflectionUtils may be loaded by IntelliJ when running tests with later versions of Java. -->,[],Maven,16,1165,1165
13973,azure/autorest.java,https://github.com/azure/autorest.java/blob/62af9c09bc8d80f333d46e20c20e2aa0f72d7cb3/protocol-sdk-integration-tests/sdk/parents/azure-client-sdk-parent/pom.xml#L1166,"<!-- In later versions of Java, java.base doesn't open java.lang.invoke to azure-core, so it needs to be done with this directive. This only affects tests. -->",[],Maven,16,1166,1166
13973,azure/autorest.java,https://github.com/azure/autorest.java/blob/62af9c09bc8d80f333d46e20c20e2aa0f72d7cb3/protocol-sdk-integration-tests/sdk/parents/azure-client-sdk-parent/pom.xml#L1176,"<!-- Skip overview generation unless -Dgenerate-overview is passed as an argument.
      This is specifically done to prevent requiring python as a pre-requisite since
      this is only needed by the build system. -->",[],Maven,4,1176,1178
13973,azure/autorest.java,https://github.com/azure/autorest.java/blob/62af9c09bc8d80f333d46e20c20e2aa0f72d7cb3/protocol-sdk-integration-tests/sdk/parents/azure-client-sdk-parent/pom.xml#L1194,<!-- {x-version-update;org.codehaus.mojo:exec-maven-plugin;external_dependency} -->,[],Maven,37,1194,1194
13973,azure/autorest.java,https://github.com/azure/autorest.java/blob/62af9c09bc8d80f333d46e20c20e2aa0f72d7cb3/protocol-sdk-integration-tests/sdk/parents/azure-client-sdk-parent/pom.xml#L1218,<!-- Add the overview argument to the javadoc args -->,[],Maven,10,1218,1218
13973,azure/autorest.java,https://github.com/azure/autorest.java/blob/62af9c09bc8d80f333d46e20c20e2aa0f72d7cb3/protocol-sdk-integration-tests/sdk/parents/azure-client-sdk-parent/pom.xml#L1222,<!-- {x-version-update;org.apache.maven.plugins:maven-javadoc-plugin;external_dependency} -->,[],Maven,37,1222,1222
13973,azure/autorest.java,https://github.com/azure/autorest.java/blob/62af9c09bc8d80f333d46e20c20e2aa0f72d7cb3/protocol-sdk-integration-tests/sdk/parents/azure-client-sdk-parent/pom.xml#L1231,<!-- Verify that the CHANGELOG is formatted correctly. -->,[],Maven,4,1231,1231
13973,azure/autorest.java,https://github.com/azure/autorest.java/blob/62af9c09bc8d80f333d46e20c20e2aa0f72d7cb3/protocol-sdk-integration-tests/sdk/parents/azure-client-sdk-parent/pom.xml#L1244,<!-- {x-version-update;org.codehaus.mojo:exec-maven-plugin;external_dependency} -->,[],Maven,37,1244,1244
13973,azure/autorest.java,https://github.com/azure/autorest.java/blob/62af9c09bc8d80f333d46e20c20e2aa0f72d7cb3/protocol-sdk-integration-tests/sdk/parents/azure-client-sdk-parent/pom.xml#L1269,<!-- Runs the dependency checker. -->,[],Maven,4,1269,1269
13973,azure/autorest.java,https://github.com/azure/autorest.java/blob/62af9c09bc8d80f333d46e20c20e2aa0f72d7cb3/protocol-sdk-integration-tests/sdk/parents/azure-client-sdk-parent/pom.xml#L1282,<!-- {x-version-update;net.jonathangiles.tools:dependencyChecker-maven-plugin;external_dependency} -->,[],Maven,37,1282,1282
13973,azure/autorest.java,https://github.com/azure/autorest.java/blob/62af9c09bc8d80f333d46e20c20e2aa0f72d7cb3/protocol-sdk-integration-tests/sdk/parents/azure-client-sdk-parent/pom.xml#L1302,<!-- {x-version-update;net.jonathangiles.tools:whitelistgenerator-maven-plugin;external_dependency} -->,[],Maven,37,1302,1302
13973,azure/autorest.java,https://github.com/azure/autorest.java/blob/62af9c09bc8d80f333d46e20c20e2aa0f72d7cb3/protocol-sdk-integration-tests/sdk/parents/azure-client-sdk-parent/pom.xml#L1340,<!-- {x-version-update;org.apache.maven.plugins:maven-surefire-plugin;external_dependency} -->,[],Maven,40,1340,1340
13973,azure/autorest.java,https://github.com/azure/autorest.java/blob/62af9c09bc8d80f333d46e20c20e2aa0f72d7cb3/protocol-sdk-integration-tests/sdk/parents/azure-client-sdk-parent/pom.xml#L1362,<!-- {x-version-update;org.apache.maven.plugins:maven-surefire-plugin;external_dependency} -->,[],Maven,40,1362,1362
13973,azure/autorest.java,https://github.com/azure/autorest.java/blob/62af9c09bc8d80f333d46e20c20e2aa0f72d7cb3/protocol-sdk-integration-tests/sdk/parents/azure-client-sdk-parent/pom.xml#L1383,<!-- {x-version-update;org.apache.maven.plugins:maven-surefire-plugin;external_dependency} -->,[],Maven,40,1383,1383
13973,azure/autorest.java,https://github.com/azure/autorest.java/blob/62af9c09bc8d80f333d46e20c20e2aa0f72d7cb3/protocol-sdk-integration-tests/sdk/parents/azure-client-sdk-parent/pom.xml#L1405,<!-- {x-version-update;org.apache.maven.plugins:maven-surefire-plugin;external_dependency} -->,[],Maven,40,1405,1405
13973,azure/autorest.java,https://github.com/azure/autorest.java/blob/62af9c09bc8d80f333d46e20c20e2aa0f72d7cb3/protocol-sdk-integration-tests/sdk/parents/azure-client-sdk-parent/pom.xml#L1475,<!-- This plugin exports spotbugs reports in html form -->,[],Maven,10,1475,1475
13973,azure/autorest.java,https://github.com/azure/autorest.java/blob/62af9c09bc8d80f333d46e20c20e2aa0f72d7cb3/protocol-sdk-integration-tests/sdk/parents/azure-client-sdk-parent/pom.xml#L1479,<!-- {x-version-update;org.codehaus.mojo:xml-maven-plugin;external_dependency} -->,[],Maven,37,1479,1479
13973,azure/autorest.java,https://github.com/azure/autorest.java/blob/62af9c09bc8d80f333d46e20c20e2aa0f72d7cb3/protocol-sdk-integration-tests/sdk/parents/azure-client-sdk-parent/pom.xml#L1509,<!-- {x-version-update;com.github.spotbugs:spotbugs;external_dependency} -->,[],Maven,41,1509,1509
13973,azure/autorest.java,https://github.com/azure/autorest.java/blob/62af9c09bc8d80f333d46e20c20e2aa0f72d7cb3/protocol-sdk-integration-tests/sdk/parents/azure-client-sdk-parent/pom.xml#L1520,<!-- graalvm test dependencies -->,[],Maven,8,1520,1520
13973,azure/autorest.java,https://github.com/azure/autorest.java/blob/62af9c09bc8d80f333d46e20c20e2aa0f72d7cb3/protocol-sdk-integration-tests/sdk/parents/azure-client-sdk-parent/pom.xml#L1524,<!-- {x-version-update;org.graalvm.buildtools:junit-platform-native;external_dependency} -->,[],Maven,36,1524,1524
13973,azure/autorest.java,https://github.com/azure/autorest.java/blob/62af9c09bc8d80f333d46e20c20e2aa0f72d7cb3/protocol-sdk-integration-tests/sdk/parents/azure-client-sdk-parent/pom.xml#L1533,<!-- {x-version-update;org.graalvm.buildtools:native-maven-plugin;external_dependency} -->,[],Maven,39,1533,1533
13973,azure/autorest.java,https://github.com/azure/autorest.java/blob/62af9c09bc8d80f333d46e20c20e2aa0f72d7cb3/protocol-tests/pom.xml#L71,<!--          <execution>-->,[],Maven,10,71,71
13973,azure/autorest.java,https://github.com/azure/autorest.java/blob/62af9c09bc8d80f333d46e20c20e2aa0f72d7cb3/protocol-tests/pom.xml#L72,<!--            <id>report-coverage</id>-->,[],Maven,10,72,72
13973,azure/autorest.java,https://github.com/azure/autorest.java/blob/62af9c09bc8d80f333d46e20c20e2aa0f72d7cb3/protocol-tests/pom.xml#L73,<!--            <phase>test</phase>-->,[],Maven,10,73,73
13973,azure/autorest.java,https://github.com/azure/autorest.java/blob/62af9c09bc8d80f333d46e20c20e2aa0f72d7cb3/protocol-tests/pom.xml#L74,<!--            <goals>-->,[],Maven,10,74,74
13973,azure/autorest.java,https://github.com/azure/autorest.java/blob/62af9c09bc8d80f333d46e20c20e2aa0f72d7cb3/protocol-tests/pom.xml#L75,<!--              <goal>java</goal>-->,[],Maven,10,75,75
13973,azure/autorest.java,https://github.com/azure/autorest.java/blob/62af9c09bc8d80f333d46e20c20e2aa0f72d7cb3/protocol-tests/pom.xml#L76,<!--            </goals>-->,[],Maven,10,76,76
13973,azure/autorest.java,https://github.com/azure/autorest.java/blob/62af9c09bc8d80f333d46e20c20e2aa0f72d7cb3/protocol-tests/pom.xml#L77,<!--            <configuration>-->,[],Maven,10,77,77
13973,azure/autorest.java,https://github.com/azure/autorest.java/blob/62af9c09bc8d80f333d46e20c20e2aa0f72d7cb3/protocol-tests/pom.xml#L78,<!--              <mainClass>fixtures.report.CoverageReporter</mainClass>-->,[],Maven,10,78,78
13973,azure/autorest.java,https://github.com/azure/autorest.java/blob/62af9c09bc8d80f333d46e20c20e2aa0f72d7cb3/protocol-tests/pom.xml#L79,<!--              <classpathScope>test</classpathScope>-->,[],Maven,10,79,79
13973,azure/autorest.java,https://github.com/azure/autorest.java/blob/62af9c09bc8d80f333d46e20c20e2aa0f72d7cb3/protocol-tests/pom.xml#L80,<!--              <cleanupDaemonThreads>false</cleanupDaemonThreads>-->,[],Maven,10,80,80
13973,azure/autorest.java,https://github.com/azure/autorest.java/blob/62af9c09bc8d80f333d46e20c20e2aa0f72d7cb3/protocol-tests/pom.xml#L81,<!--            </configuration>-->,[],Maven,10,81,81
13973,azure/autorest.java,https://github.com/azure/autorest.java/blob/62af9c09bc8d80f333d46e20c20e2aa0f72d7cb3/protocol-tests/pom.xml#L82,<!--          </execution>-->,[],Maven,10,82,82
