repoIndex,repoName,linkLocation,comment,keywords,buildSysteminFile,charPosition,startLine,endLine
14945,nalukit/nalu-examples,https://github.com/nalukit/nalu-examples/blob/79ae10366bad83e871fbe2eb13a985d21cd5ee73/pom.xml#L54,<!--        <module>NaluControllerMultipleRoute</module>-->,[],Maven,0,54,54
14945,nalukit/nalu-examples,https://github.com/nalukit/nalu-examples/blob/79ae10366bad83e871fbe2eb13a985d21cd5ee73/pom.xml#L55,<!--        <module>NaluDominoCachedApplication</module>-->,[],Maven,0,55,55
14945,nalukit/nalu-examples,https://github.com/nalukit/nalu-examples/blob/79ae10366bad83e871fbe2eb13a985d21cd5ee73/pom.xml#L56,<!--        <module>NaluDominoCompositeCachedApplication</module>-->,[],Maven,0,56,56
14945,nalukit/nalu-examples,https://github.com/nalukit/nalu-examples/blob/79ae10366bad83e871fbe2eb13a985d21cd5ee73/pom.xml#L57,<!--        <module>NaluDominoLoginApplication</module>-->,[],Maven,0,57,57
14945,nalukit/nalu-examples,https://github.com/nalukit/nalu-examples/blob/79ae10366bad83e871fbe2eb13a985d21cd5ee73/pom.xml#L58,<!--        <module>NaluDominoLoginModuleApplication</module>-->,[],Maven,0,58,58
14945,nalukit/nalu-examples,https://github.com/nalukit/nalu-examples/blob/79ae10366bad83e871fbe2eb13a985d21cd5ee73/pom.xml#L59,<!--        <module>NaluDominoLoginNoHashModuleApplication</module>-->,[],Maven,0,59,59
14945,nalukit/nalu-examples,https://github.com/nalukit/nalu-examples/blob/79ae10366bad83e871fbe2eb13a985d21cd5ee73/pom.xml#L60,<!--        <module>NaluDominoSimpleApplication</module>-->,[],Maven,0,60,60
14945,nalukit/nalu-examples,https://github.com/nalukit/nalu-examples/blob/79ae10366bad83e871fbe2eb13a985d21cd5ee73/pom.xml#L61,<!--        <module>NaluDominoSimplePopUpApplication</module>-->,[],Maven,0,61,61
14945,nalukit/nalu-examples,https://github.com/nalukit/nalu-examples/blob/79ae10366bad83e871fbe2eb13a985d21cd5ee73/pom.xml#L62,<!--&lt;!&ndash;        <module>NaluElementoSimpleApplication</module>&ndash;&gt;-->,[],Maven,0,62,62
14945,nalukit/nalu-examples,https://github.com/nalukit/nalu-examples/blob/79ae10366bad83e871fbe2eb13a985d21cd5ee73/pom.xml#L63,<!--        <module>NaluGwtSimpleApplication</module>-->,[],Maven,0,63,63
14945,nalukit/nalu-examples,https://github.com/nalukit/nalu-examples/blob/79ae10366bad83e871fbe2eb13a985d21cd5ee73/pom.xml#L64,<!--        <module>NaluGxtSimpleApplication</module>-->,[],Maven,0,64,64
14945,nalukit/nalu-examples,https://github.com/nalukit/nalu-examples/blob/79ae10366bad83e871fbe2eb13a985d21cd5ee73/pom.xml#L65,<!--        <module>NaluMaterialSimpleApplication</module>-->,[],Maven,0,65,65
14945,nalukit/nalu-examples,https://github.com/nalukit/nalu-examples/blob/79ae10366bad83e871fbe2eb13a985d21cd5ee73/NaluControllerMultipleRoute/pom.xml#L3,"<!--
  ~ Copyright (C) 2018 - 2019 Frank Hossfeld <frank.hossfeld@googlemail.com>
  ~
  ~ Licensed under the Apache License, Version 2.0 (the ""License"");
  ~  you may not use this file except in compliance with the License.
  ~ You may obtain a copy of the License at
  ~
  ~ http://www.apache.org/licenses/LICENSE-2.0
  ~
  ~ Unless required by applicable law or agreed to in writing, software
  ~ distributed under the License is distributed on an ""AS IS"" BASIS,
  ~ WITHOUT WARRANTIES OR CONDITIONS OF ANY KIND, either express or implied.
  ~ See the License for the specific language governing permissions and
  ~ limitations under the License.
  ~
  -->",[],Maven,0,3,18
14945,nalukit/nalu-examples,https://github.com/nalukit/nalu-examples/blob/79ae10366bad83e871fbe2eb13a985d21cd5ee73/NaluControllerMultipleRoute/pom.xml#L38,<!-- GWT BOM -->,[],Maven,2,38,38
14945,nalukit/nalu-examples,https://github.com/nalukit/nalu-examples/blob/79ae10366bad83e871fbe2eb13a985d21cd5ee73/NaluControllerMultipleRoute/NaluControllerMultipleRoute-client/pom.xml#L3,"<!--
  ~ Copyright (C) 2018 - 2019 Frank Hossfeld <frank.hossfeld@googlemail.com>
  ~
  ~ Licensed under the Apache License, Version 2.0 (the ""License"");
  ~  you may not use this file except in compliance with the License.
  ~ You may obtain a copy of the License at
  ~
  ~ http://www.apache.org/licenses/LICENSE-2.0
  ~
  ~ Unless required by applicable law or agreed to in writing, software
  ~ distributed under the License is distributed on an ""AS IS"" BASIS,
  ~ WITHOUT WARRANTIES OR CONDITIONS OF ANY KIND, either express or implied.
  ~ See the License for the specific language governing permissions and
  ~ limitations under the License.
  ~
  -->",[],Maven,0,3,18
14945,nalukit/nalu-examples,https://github.com/nalukit/nalu-examples/blob/79ae10366bad83e871fbe2eb13a985d21cd5ee73/NaluControllerMultipleRoute/NaluControllerMultipleRoute-client/pom.xml#L37,<!-- nalu version -->,[],Maven,4,37,37
14945,nalukit/nalu-examples,https://github.com/nalukit/nalu-examples/blob/79ae10366bad83e871fbe2eb13a985d21cd5ee73/NaluControllerMultipleRoute/NaluControllerMultipleRoute-client/pom.xml#L39,<!-- DominoUI version -->,[],Maven,4,39,39
14945,nalukit/nalu-examples,https://github.com/nalukit/nalu-examples/blob/79ae10366bad83e871fbe2eb13a985d21cd5ee73/NaluControllerMultipleRoute/NaluControllerMultipleRoute-server/pom.xml#L3,"<!--
  ~ Copyright (C) 2018 - 2019 Frank Hossfeld <frank.hossfeld@googlemail.com>
  ~
  ~ Licensed under the Apache License, Version 2.0 (the ""License"");
  ~  you may not use this file except in compliance with the License.
  ~ You may obtain a copy of the License at
  ~
  ~ http://www.apache.org/licenses/LICENSE-2.0
  ~
  ~ Unless required by applicable law or agreed to in writing, software
  ~ distributed under the License is distributed on an ""AS IS"" BASIS,
  ~ WITHOUT WARRANTIES OR CONDITIONS OF ANY KIND, either express or implied.
  ~ See the License for the specific language governing permissions and
  ~ limitations under the License.
  ~
  -->",[],Maven,0,3,18
14945,nalukit/nalu-examples,https://github.com/nalukit/nalu-examples/blob/79ae10366bad83e871fbe2eb13a985d21cd5ee73/NaluControllerMultipleRoute/NaluControllerMultipleRoute-shared/pom.xml#L3,"<!--
  ~ Copyright (C) 2018 - 2019 Frank Hossfeld <frank.hossfeld@googlemail.com>
  ~
  ~ Licensed under the Apache License, Version 2.0 (the ""License"");
  ~  you may not use this file except in compliance with the License.
  ~ You may obtain a copy of the License at
  ~
  ~ http://www.apache.org/licenses/LICENSE-2.0
  ~
  ~ Unless required by applicable law or agreed to in writing, software
  ~ distributed under the License is distributed on an ""AS IS"" BASIS,
  ~ WITHOUT WARRANTIES OR CONDITIONS OF ANY KIND, either express or implied.
  ~ See the License for the specific language governing permissions and
  ~ limitations under the License.
  ~
  -->",[],Maven,0,3,18
14945,nalukit/nalu-examples,https://github.com/nalukit/nalu-examples/blob/79ae10366bad83e871fbe2eb13a985d21cd5ee73/NaluDominoCachedApplication/pom.xml#L2,"<!--
  ~ Copyright (c) 2018 - 2019 - Frank Hossfeld
  ~
  ~  Licensed under the Apache License, Version 2.0 (the ""License""); you may not
  ~  use this file except in compliance with the License. You may obtain a copy of
  ~  the License at
  ~
  ~  http://www.apache.org/licenses/LICENSE-2.0
  ~
  ~  Unless required by applicable law or agreed to in writing, software
  ~  distributed under the License is distributed on an ""AS IS"" BASIS, WITHOUT
  ~  WARRANTIES OR CONDITIONS OF ANY KIND, either express or implied. See the
  ~  License for the specific language governing permissions and limitations under
  ~  the License.
  ~
  -->",[],Maven,0,2,17
14945,nalukit/nalu-examples,https://github.com/nalukit/nalu-examples/blob/79ae10366bad83e871fbe2eb13a985d21cd5ee73/NaluDominoCachedApplication/pom.xml#L31,<!-- Convenience property to set the GWT version -->,[],Maven,4,31,31
14945,nalukit/nalu-examples,https://github.com/nalukit/nalu-examples/blob/79ae10366bad83e871fbe2eb13a985d21cd5ee73/NaluDominoCachedApplication/pom.xml#L34,<!-- nalu version -->,[],Maven,4,34,34
14945,nalukit/nalu-examples,https://github.com/nalukit/nalu-examples/blob/79ae10366bad83e871fbe2eb13a985d21cd5ee73/NaluDominoCachedApplication/pom.xml#L39,<!-- GWT needs at least java 1.6 -->,[],Maven,4,39,39
14945,nalukit/nalu-examples,https://github.com/nalukit/nalu-examples/blob/79ae10366bad83e871fbe2eb13a985d21cd5ee73/NaluDominoCachedApplication/pom.xml#L152,<!-- using an id of default-compile will override the default execution -->,[],Maven,37,152,152
14945,nalukit/nalu-examples,https://github.com/nalukit/nalu-examples/blob/79ae10366bad83e871fbe2eb13a985d21cd5ee73/NaluDominoCachedApplication/pom.xml#L165,<!--<plugin>-->,[],Maven,6,165,165
14945,nalukit/nalu-examples,https://github.com/nalukit/nalu-examples/blob/79ae10366bad83e871fbe2eb13a985d21cd5ee73/NaluDominoCachedApplication/pom.xml#L166,<!--<groupId>org.codehaus.mojo</groupId>-->,[],Maven,6,166,166
14945,nalukit/nalu-examples,https://github.com/nalukit/nalu-examples/blob/79ae10366bad83e871fbe2eb13a985d21cd5ee73/NaluDominoCachedApplication/pom.xml#L167,<!--<artifactId>build-helper-maven-plugin</artifactId>-->,[],Maven,6,167,167
14945,nalukit/nalu-examples,https://github.com/nalukit/nalu-examples/blob/79ae10366bad83e871fbe2eb13a985d21cd5ee73/NaluDominoCachedApplication/pom.xml#L168,<!--<executions>-->,[],Maven,6,168,168
14945,nalukit/nalu-examples,https://github.com/nalukit/nalu-examples/blob/79ae10366bad83e871fbe2eb13a985d21cd5ee73/NaluDominoCachedApplication/pom.xml#L169,<!--<execution>-->,[],Maven,6,169,169
14945,nalukit/nalu-examples,https://github.com/nalukit/nalu-examples/blob/79ae10366bad83e871fbe2eb13a985d21cd5ee73/NaluDominoCachedApplication/pom.xml#L170,<!--<id>add-source</id>-->,[],Maven,6,170,170
14945,nalukit/nalu-examples,https://github.com/nalukit/nalu-examples/blob/79ae10366bad83e871fbe2eb13a985d21cd5ee73/NaluDominoCachedApplication/pom.xml#L171,<!--<phase>generate-sources</phase>-->,[],Maven,6,171,171
14945,nalukit/nalu-examples,https://github.com/nalukit/nalu-examples/blob/79ae10366bad83e871fbe2eb13a985d21cd5ee73/NaluDominoCachedApplication/pom.xml#L172,<!--<goals>-->,[],Maven,6,172,172
14945,nalukit/nalu-examples,https://github.com/nalukit/nalu-examples/blob/79ae10366bad83e871fbe2eb13a985d21cd5ee73/NaluDominoCachedApplication/pom.xml#L173,<!--<goal>add-source</goal>-->,[],Maven,6,173,173
14945,nalukit/nalu-examples,https://github.com/nalukit/nalu-examples/blob/79ae10366bad83e871fbe2eb13a985d21cd5ee73/NaluDominoCachedApplication/pom.xml#L174,<!--</goals>-->,[],Maven,6,174,174
14945,nalukit/nalu-examples,https://github.com/nalukit/nalu-examples/blob/79ae10366bad83e871fbe2eb13a985d21cd5ee73/NaluDominoCachedApplication/pom.xml#L175,<!--<configuration>-->,[],Maven,6,175,175
14945,nalukit/nalu-examples,https://github.com/nalukit/nalu-examples/blob/79ae10366bad83e871fbe2eb13a985d21cd5ee73/NaluDominoCachedApplication/pom.xml#L176,<!--<sources>-->,[],Maven,6,176,176
14945,nalukit/nalu-examples,https://github.com/nalukit/nalu-examples/blob/79ae10366bad83e871fbe2eb13a985d21cd5ee73/NaluDominoCachedApplication/pom.xml#L177,<!--<source>${generated.source.directory}</source>-->,[],Maven,6,177,177
14945,nalukit/nalu-examples,https://github.com/nalukit/nalu-examples/blob/79ae10366bad83e871fbe2eb13a985d21cd5ee73/NaluDominoCachedApplication/pom.xml#L178,<!--</sources>-->,[],Maven,6,178,178
14945,nalukit/nalu-examples,https://github.com/nalukit/nalu-examples/blob/79ae10366bad83e871fbe2eb13a985d21cd5ee73/NaluDominoCachedApplication/pom.xml#L179,<!--</configuration>-->,[],Maven,6,179,179
14945,nalukit/nalu-examples,https://github.com/nalukit/nalu-examples/blob/79ae10366bad83e871fbe2eb13a985d21cd5ee73/NaluDominoCachedApplication/pom.xml#L180,<!--</execution>-->,[],Maven,6,180,180
14945,nalukit/nalu-examples,https://github.com/nalukit/nalu-examples/blob/79ae10366bad83e871fbe2eb13a985d21cd5ee73/NaluDominoCachedApplication/pom.xml#L181,<!--</executions>-->,[],Maven,6,181,181
14945,nalukit/nalu-examples,https://github.com/nalukit/nalu-examples/blob/79ae10366bad83e871fbe2eb13a985d21cd5ee73/NaluDominoCachedApplication/pom.xml#L182,<!--</plugin>-->,[],Maven,6,182,182
14945,nalukit/nalu-examples,https://github.com/nalukit/nalu-examples/blob/79ae10366bad83e871fbe2eb13a985d21cd5ee73/NaluDominoCachedApplication/pom.xml#L205,"<!-- GWT 2.8 requires 1.8, hence define sourceLevel here if you use
           a different source language for java compilation -->",[],Maven,10,205,206
14945,nalukit/nalu-examples,https://github.com/nalukit/nalu-examples/blob/79ae10366bad83e871fbe2eb13a985d21cd5ee73/NaluDominoCachedApplication/pom.xml#L208,<!-- Compiler configuration -->,[],Maven,10,208,208
14945,nalukit/nalu-examples,https://github.com/nalukit/nalu-examples/blob/79ae10366bad83e871fbe2eb13a985d21cd5ee73/NaluDominoCachedApplication/pom.xml#L210,<!--Ask GWT to create the Story of Your Compile (SOYC) (gwt:compile)-->,[],Maven,12,210,210
14945,nalukit/nalu-examples,https://github.com/nalukit/nalu-examples/blob/79ae10366bad83e871fbe2eb13a985d21cd5ee73/NaluDominoCachedApplication/pom.xml#L238,<!-- only used to copy static resources -->,[],Maven,6,238,238
14945,nalukit/nalu-examples,https://github.com/nalukit/nalu-examples/blob/79ae10366bad83e871fbe2eb13a985d21cd5ee73/NaluDominoCompositeCachedApplication/pom.xml#L2,"<!--
  ~ Copyright (c) 2018 - 2019 - Frank Hossfeld
  ~
  ~  Licensed under the Apache License, Version 2.0 (the ""License""); you may not
  ~  use this file except in compliance with the License. You may obtain a copy of
  ~  the License at
  ~
  ~  http://www.apache.org/licenses/LICENSE-2.0
  ~
  ~  Unless required by applicable law or agreed to in writing, software
  ~  distributed under the License is distributed on an ""AS IS"" BASIS, WITHOUT
  ~  WARRANTIES OR CONDITIONS OF ANY KIND, either express or implied. See the
  ~  License for the specific language governing permissions and limitations under
  ~  the License.
  ~
  -->",[],Maven,0,2,17
14945,nalukit/nalu-examples,https://github.com/nalukit/nalu-examples/blob/79ae10366bad83e871fbe2eb13a985d21cd5ee73/NaluDominoCompositeCachedApplication/pom.xml#L31,<!-- Convenience property to set the GWT version -->,[],Maven,4,31,31
14945,nalukit/nalu-examples,https://github.com/nalukit/nalu-examples/blob/79ae10366bad83e871fbe2eb13a985d21cd5ee73/NaluDominoCompositeCachedApplication/pom.xml#L34,<!-- nalu version -->,[],Maven,4,34,34
14945,nalukit/nalu-examples,https://github.com/nalukit/nalu-examples/blob/79ae10366bad83e871fbe2eb13a985d21cd5ee73/NaluDominoCompositeCachedApplication/pom.xml#L39,<!-- GWT needs at least java 1.6 -->,[],Maven,4,39,39
14945,nalukit/nalu-examples,https://github.com/nalukit/nalu-examples/blob/79ae10366bad83e871fbe2eb13a985d21cd5ee73/NaluDominoCompositeCachedApplication/pom.xml#L152,<!-- using an id of default-compile will override the default execution -->,[],Maven,37,152,152
14945,nalukit/nalu-examples,https://github.com/nalukit/nalu-examples/blob/79ae10366bad83e871fbe2eb13a985d21cd5ee73/NaluDominoCompositeCachedApplication/pom.xml#L165,<!--<plugin>-->,[],Maven,6,165,165
14945,nalukit/nalu-examples,https://github.com/nalukit/nalu-examples/blob/79ae10366bad83e871fbe2eb13a985d21cd5ee73/NaluDominoCompositeCachedApplication/pom.xml#L166,<!--<groupId>org.codehaus.mojo</groupId>-->,[],Maven,6,166,166
14945,nalukit/nalu-examples,https://github.com/nalukit/nalu-examples/blob/79ae10366bad83e871fbe2eb13a985d21cd5ee73/NaluDominoCompositeCachedApplication/pom.xml#L167,<!--<artifactId>build-helper-maven-plugin</artifactId>-->,[],Maven,6,167,167
14945,nalukit/nalu-examples,https://github.com/nalukit/nalu-examples/blob/79ae10366bad83e871fbe2eb13a985d21cd5ee73/NaluDominoCompositeCachedApplication/pom.xml#L168,<!--<executions>-->,[],Maven,6,168,168
14945,nalukit/nalu-examples,https://github.com/nalukit/nalu-examples/blob/79ae10366bad83e871fbe2eb13a985d21cd5ee73/NaluDominoCompositeCachedApplication/pom.xml#L169,<!--<execution>-->,[],Maven,6,169,169
14945,nalukit/nalu-examples,https://github.com/nalukit/nalu-examples/blob/79ae10366bad83e871fbe2eb13a985d21cd5ee73/NaluDominoCompositeCachedApplication/pom.xml#L170,<!--<id>add-source</id>-->,[],Maven,6,170,170
14945,nalukit/nalu-examples,https://github.com/nalukit/nalu-examples/blob/79ae10366bad83e871fbe2eb13a985d21cd5ee73/NaluDominoCompositeCachedApplication/pom.xml#L171,<!--<phase>generate-sources</phase>-->,[],Maven,6,171,171
14945,nalukit/nalu-examples,https://github.com/nalukit/nalu-examples/blob/79ae10366bad83e871fbe2eb13a985d21cd5ee73/NaluDominoCompositeCachedApplication/pom.xml#L172,<!--<goals>-->,[],Maven,6,172,172
14945,nalukit/nalu-examples,https://github.com/nalukit/nalu-examples/blob/79ae10366bad83e871fbe2eb13a985d21cd5ee73/NaluDominoCompositeCachedApplication/pom.xml#L173,<!--<goal>add-source</goal>-->,[],Maven,6,173,173
14945,nalukit/nalu-examples,https://github.com/nalukit/nalu-examples/blob/79ae10366bad83e871fbe2eb13a985d21cd5ee73/NaluDominoCompositeCachedApplication/pom.xml#L174,<!--</goals>-->,[],Maven,6,174,174
14945,nalukit/nalu-examples,https://github.com/nalukit/nalu-examples/blob/79ae10366bad83e871fbe2eb13a985d21cd5ee73/NaluDominoCompositeCachedApplication/pom.xml#L175,<!--<configuration>-->,[],Maven,6,175,175
14945,nalukit/nalu-examples,https://github.com/nalukit/nalu-examples/blob/79ae10366bad83e871fbe2eb13a985d21cd5ee73/NaluDominoCompositeCachedApplication/pom.xml#L176,<!--<sources>-->,[],Maven,6,176,176
14945,nalukit/nalu-examples,https://github.com/nalukit/nalu-examples/blob/79ae10366bad83e871fbe2eb13a985d21cd5ee73/NaluDominoCompositeCachedApplication/pom.xml#L177,<!--<source>${generated.source.directory}</source>-->,[],Maven,6,177,177
14945,nalukit/nalu-examples,https://github.com/nalukit/nalu-examples/blob/79ae10366bad83e871fbe2eb13a985d21cd5ee73/NaluDominoCompositeCachedApplication/pom.xml#L178,<!--</sources>-->,[],Maven,6,178,178
14945,nalukit/nalu-examples,https://github.com/nalukit/nalu-examples/blob/79ae10366bad83e871fbe2eb13a985d21cd5ee73/NaluDominoCompositeCachedApplication/pom.xml#L179,<!--</configuration>-->,[],Maven,6,179,179
14945,nalukit/nalu-examples,https://github.com/nalukit/nalu-examples/blob/79ae10366bad83e871fbe2eb13a985d21cd5ee73/NaluDominoCompositeCachedApplication/pom.xml#L180,<!--</execution>-->,[],Maven,6,180,180
14945,nalukit/nalu-examples,https://github.com/nalukit/nalu-examples/blob/79ae10366bad83e871fbe2eb13a985d21cd5ee73/NaluDominoCompositeCachedApplication/pom.xml#L181,<!--</executions>-->,[],Maven,6,181,181
14945,nalukit/nalu-examples,https://github.com/nalukit/nalu-examples/blob/79ae10366bad83e871fbe2eb13a985d21cd5ee73/NaluDominoCompositeCachedApplication/pom.xml#L182,<!--</plugin>-->,[],Maven,6,182,182
14945,nalukit/nalu-examples,https://github.com/nalukit/nalu-examples/blob/79ae10366bad83e871fbe2eb13a985d21cd5ee73/NaluDominoCompositeCachedApplication/pom.xml#L205,"<!-- GWT 2.8 requires 1.8, hence define sourceLevel here if you use
           a different source language for java compilation -->",[],Maven,10,205,206
14945,nalukit/nalu-examples,https://github.com/nalukit/nalu-examples/blob/79ae10366bad83e871fbe2eb13a985d21cd5ee73/NaluDominoCompositeCachedApplication/pom.xml#L208,<!-- Compiler configuration -->,[],Maven,10,208,208
14945,nalukit/nalu-examples,https://github.com/nalukit/nalu-examples/blob/79ae10366bad83e871fbe2eb13a985d21cd5ee73/NaluDominoCompositeCachedApplication/pom.xml#L210,<!--Ask GWT to create the Story of Your Compile (SOYC) (gwt:compile)-->,[],Maven,12,210,210
14945,nalukit/nalu-examples,https://github.com/nalukit/nalu-examples/blob/79ae10366bad83e871fbe2eb13a985d21cd5ee73/NaluDominoCompositeCachedApplication/pom.xml#L239,<!-- only used to copy static resources -->,[],Maven,6,239,239
14945,nalukit/nalu-examples,https://github.com/nalukit/nalu-examples/blob/79ae10366bad83e871fbe2eb13a985d21cd5ee73/NaluDominoLoginApplication/pom.xml#L2,"<!--
  ~ Copyright (c) 2018 - 2019 - Frank Hossfeld
  ~
  ~  Licensed under the Apache License, Version 2.0 (the ""License""); you may not
  ~  use this file except in compliance with the License. You may obtain a copy of
  ~  the License at
  ~
  ~  http://www.apache.org/licenses/LICENSE-2.0
  ~
  ~  Unless required by applicable law or agreed to in writing, software
  ~  distributed under the License is distributed on an ""AS IS"" BASIS, WITHOUT
  ~  WARRANTIES OR CONDITIONS OF ANY KIND, either express or implied. See the
  ~  License for the specific language governing permissions and limitations under
  ~  the License.
  ~
  -->",[],Maven,0,2,17
14945,nalukit/nalu-examples,https://github.com/nalukit/nalu-examples/blob/79ae10366bad83e871fbe2eb13a985d21cd5ee73/NaluDominoLoginApplication/pom.xml#L31,<!-- Convenience property to set the GWT version -->,[],Maven,4,31,31
14945,nalukit/nalu-examples,https://github.com/nalukit/nalu-examples/blob/79ae10366bad83e871fbe2eb13a985d21cd5ee73/NaluDominoLoginApplication/pom.xml#L34,<!-- nalu version -->,[],Maven,4,34,34
14945,nalukit/nalu-examples,https://github.com/nalukit/nalu-examples/blob/79ae10366bad83e871fbe2eb13a985d21cd5ee73/NaluDominoLoginApplication/pom.xml#L39,<!-- GWT needs at least java 1.6 -->,[],Maven,4,39,39
14945,nalukit/nalu-examples,https://github.com/nalukit/nalu-examples/blob/79ae10366bad83e871fbe2eb13a985d21cd5ee73/NaluDominoLoginApplication/pom.xml#L151,<!-- using an id of default-compile will override the default execution -->,[],Maven,37,151,151
14945,nalukit/nalu-examples,https://github.com/nalukit/nalu-examples/blob/79ae10366bad83e871fbe2eb13a985d21cd5ee73/NaluDominoLoginApplication/pom.xml#L186,"<!-- GWT 2.8 requires 1.8, hence define sourceLevel here if you use
           a different source language for java compilation -->",[],Maven,10,186,187
14945,nalukit/nalu-examples,https://github.com/nalukit/nalu-examples/blob/79ae10366bad83e871fbe2eb13a985d21cd5ee73/NaluDominoLoginApplication/pom.xml#L189,<!-- Compiler configuration -->,[],Maven,10,189,189
14945,nalukit/nalu-examples,https://github.com/nalukit/nalu-examples/blob/79ae10366bad83e871fbe2eb13a985d21cd5ee73/NaluDominoLoginApplication/pom.xml#L191,<!--Ask GWT to create the Story of Your Compile (SOYC) (gwt:compile)-->,[],Maven,12,191,191
14945,nalukit/nalu-examples,https://github.com/nalukit/nalu-examples/blob/79ae10366bad83e871fbe2eb13a985d21cd5ee73/NaluDominoLoginApplication/pom.xml#L204,<!--<arg>-bindAddress</arg>-->,[],Maven,12,204,204
14945,nalukit/nalu-examples,https://github.com/nalukit/nalu-examples/blob/79ae10366bad83e871fbe2eb13a985d21cd5ee73/NaluDominoLoginApplication/pom.xml#L205,<!--<arg>0.0.0.0</arg>-->,[],Maven,12,205,205
14945,nalukit/nalu-examples,https://github.com/nalukit/nalu-examples/blob/79ae10366bad83e871fbe2eb13a985d21cd5ee73/NaluDominoLoginApplication/pom.xml#L221,<!-- only used to copy static resources -->,[],Maven,6,221,221
14945,nalukit/nalu-examples,https://github.com/nalukit/nalu-examples/blob/79ae10366bad83e871fbe2eb13a985d21cd5ee73/NaluDominoLoginModuleApplication/pom.xml#L3,"<!--
  ~ Copyright (C) 2018 - 2019 Frank Hossfeld <frank.hossfeld@googlemail.com>
  ~
  ~ Licensed under the Apache License, Version 2.0 (the ""License"");
  ~  you may not use this file except in compliance with the License.
  ~ You may obtain a copy of the License at
  ~
  ~ http://www.apache.org/licenses/LICENSE-2.0
  ~
  ~ Unless required by applicable law or agreed to in writing, software
  ~ distributed under the License is distributed on an ""AS IS"" BASIS,
  ~ WITHOUT WARRANTIES OR CONDITIONS OF ANY KIND, either express or implied.
  ~ See the License for the specific language governing permissions and
  ~ limitations under the License.
  ~
  -->",[],Maven,0,3,18
14945,nalukit/nalu-examples,https://github.com/nalukit/nalu-examples/blob/79ae10366bad83e871fbe2eb13a985d21cd5ee73/NaluDominoLoginModuleApplication/pom.xml#L34,<!-- DominoUI version -->,[],Maven,4,34,34
14945,nalukit/nalu-examples,https://github.com/nalukit/nalu-examples/blob/79ae10366bad83e871fbe2eb13a985d21cd5ee73/NaluDominoLoginModuleApplication/pom.xml#L36,<!-- nalu version -->,[],Maven,4,36,36
14945,nalukit/nalu-examples,https://github.com/nalukit/nalu-examples/blob/79ae10366bad83e871fbe2eb13a985d21cd5ee73/NaluDominoLoginModuleApplication/pom.xml#L42,<!-- GWT BOM -->,[],Maven,2,42,42
14945,nalukit/nalu-examples,https://github.com/nalukit/nalu-examples/blob/79ae10366bad83e871fbe2eb13a985d21cd5ee73/NaluDominoLoginModuleApplication/pom.xml#L101,<!--<logLevel>TRACE</logLevel>-->,[],Maven,12,101,101
14945,nalukit/nalu-examples,https://github.com/nalukit/nalu-examples/blob/79ae10366bad83e871fbe2eb13a985d21cd5ee73/NaluDominoLoginModuleApplication/NaluDominoLoginModuleApplication-client/pom.xml#L3,"<!--
  ~ Copyright (C) 2018 - 2019 Frank Hossfeld <frank.hossfeld@googlemail.com>
  ~
  ~ Licensed under the Apache License, Version 2.0 (the ""License"");
  ~  you may not use this file except in compliance with the License.
  ~ You may obtain a copy of the License at
  ~
  ~ http://www.apache.org/licenses/LICENSE-2.0
  ~
  ~ Unless required by applicable law or agreed to in writing, software
  ~ distributed under the License is distributed on an ""AS IS"" BASIS,
  ~ WITHOUT WARRANTIES OR CONDITIONS OF ANY KIND, either express or implied.
  ~ See the License for the specific language governing permissions and
  ~ limitations under the License.
  ~
  -->",[],Maven,0,3,18
14945,nalukit/nalu-examples,https://github.com/nalukit/nalu-examples/blob/79ae10366bad83e871fbe2eb13a985d21cd5ee73/NaluDominoLoginModuleApplication/NaluDominoLoginModuleApplication-login/pom.xml#L3,"<!--
  ~ Copyright (C) 2018 - 2019 Frank Hossfeld <frank.hossfeld@googlemail.com>
  ~
  ~ Licensed under the Apache License, Version 2.0 (the ""License"");
  ~  you may not use this file except in compliance with the License.
  ~ You may obtain a copy of the License at
  ~
  ~ http://www.apache.org/licenses/LICENSE-2.0
  ~
  ~ Unless required by applicable law or agreed to in writing, software
  ~ distributed under the License is distributed on an ""AS IS"" BASIS,
  ~ WITHOUT WARRANTIES OR CONDITIONS OF ANY KIND, either express or implied.
  ~ See the License for the specific language governing permissions and
  ~ limitations under the License.
  ~
  -->",[],Maven,0,3,18
14945,nalukit/nalu-examples,https://github.com/nalukit/nalu-examples/blob/79ae10366bad83e871fbe2eb13a985d21cd5ee73/NaluDominoLoginModuleApplication/NaluDominoLoginModuleApplication-server/pom.xml#L3,"<!--
  ~ Copyright (C) 2018 - 2019 Frank Hossfeld <frank.hossfeld@googlemail.com>
  ~
  ~ Licensed under the Apache License, Version 2.0 (the ""License"");
  ~  you may not use this file except in compliance with the License.
  ~ You may obtain a copy of the License at
  ~
  ~ http://www.apache.org/licenses/LICENSE-2.0
  ~
  ~ Unless required by applicable law or agreed to in writing, software
  ~ distributed under the License is distributed on an ""AS IS"" BASIS,
  ~ WITHOUT WARRANTIES OR CONDITIONS OF ANY KIND, either express or implied.
  ~ See the License for the specific language governing permissions and
  ~ limitations under the License.
  ~
  -->",[],Maven,0,3,18
14945,nalukit/nalu-examples,https://github.com/nalukit/nalu-examples/blob/79ae10366bad83e871fbe2eb13a985d21cd5ee73/NaluDominoLoginModuleApplication/NaluDominoLoginModuleApplication-server/pom.xml#L61,<!--<webApp>-->,[],Maven,12,61,61
14945,nalukit/nalu-examples,https://github.com/nalukit/nalu-examples/blob/79ae10366bad83e871fbe2eb13a985d21cd5ee73/NaluDominoLoginModuleApplication/NaluDominoLoginModuleApplication-server/pom.xml#L62,<!--<extraClasspath>${basedir}/../NaluDominoLoginModuleApplication-shared/target/classes/</extraClasspath>-->,[],Maven,12,62,62
14945,nalukit/nalu-examples,https://github.com/nalukit/nalu-examples/blob/79ae10366bad83e871fbe2eb13a985d21cd5ee73/NaluDominoLoginModuleApplication/NaluDominoLoginModuleApplication-server/pom.xml#L63,<!--<extraClasspath>${basedir}/../NaluDominoLoginModuleApplication-core/target/classes/</extraClasspath>-->,[],Maven,12,63,63
14945,nalukit/nalu-examples,https://github.com/nalukit/nalu-examples/blob/79ae10366bad83e871fbe2eb13a985d21cd5ee73/NaluDominoLoginModuleApplication/NaluDominoLoginModuleApplication-server/pom.xml#L64,<!--</webApp>-->,[],Maven,12,64,64
14945,nalukit/nalu-examples,https://github.com/nalukit/nalu-examples/blob/79ae10366bad83e871fbe2eb13a985d21cd5ee73/NaluDominoLoginModuleApplication/NaluDominoLoginModuleApplication-shared/pom.xml#L3,"<!--
  ~ Copyright (C) 2018 - 2019 Frank Hossfeld <frank.hossfeld@googlemail.com>
  ~
  ~ Licensed under the Apache License, Version 2.0 (the ""License"");
  ~  you may not use this file except in compliance with the License.
  ~ You may obtain a copy of the License at
  ~
  ~ http://www.apache.org/licenses/LICENSE-2.0
  ~
  ~ Unless required by applicable law or agreed to in writing, software
  ~ distributed under the License is distributed on an ""AS IS"" BASIS,
  ~ WITHOUT WARRANTIES OR CONDITIONS OF ANY KIND, either express or implied.
  ~ See the License for the specific language governing permissions and
  ~ limitations under the License.
  ~
  -->",[],Maven,0,3,18
14945,nalukit/nalu-examples,https://github.com/nalukit/nalu-examples/blob/79ae10366bad83e871fbe2eb13a985d21cd5ee73/NaluDominoLoginNoHashModuleApplication/pom.xml#L3,"<!--
  ~ Copyright (C) 2018 - 2019 Frank Hossfeld <frank.hossfeld@googlemail.com>
  ~
  ~ Licensed under the Apache License, Version 2.0 (the ""License"");
  ~  you may not use this file except in compliance with the License.
  ~ You may obtain a copy of the License at
  ~
  ~ http://www.apache.org/licenses/LICENSE-2.0
  ~
  ~ Unless required by applicable law or agreed to in writing, software
  ~ distributed under the License is distributed on an ""AS IS"" BASIS,
  ~ WITHOUT WARRANTIES OR CONDITIONS OF ANY KIND, either express or implied.
  ~ See the License for the specific language governing permissions and
  ~ limitations under the License.
  ~
  -->",[],Maven,0,3,18
14945,nalukit/nalu-examples,https://github.com/nalukit/nalu-examples/blob/79ae10366bad83e871fbe2eb13a985d21cd5ee73/NaluDominoLoginNoHashModuleApplication/pom.xml#L34,<!-- DominoUI version -->,[],Maven,4,34,34
14945,nalukit/nalu-examples,https://github.com/nalukit/nalu-examples/blob/79ae10366bad83e871fbe2eb13a985d21cd5ee73/NaluDominoLoginNoHashModuleApplication/pom.xml#L36,<!-- nalu version -->,[],Maven,4,36,36
14945,nalukit/nalu-examples,https://github.com/nalukit/nalu-examples/blob/79ae10366bad83e871fbe2eb13a985d21cd5ee73/NaluDominoLoginNoHashModuleApplication/pom.xml#L42,<!-- GWT BOM -->,[],Maven,2,42,42
14945,nalukit/nalu-examples,https://github.com/nalukit/nalu-examples/blob/79ae10366bad83e871fbe2eb13a985d21cd5ee73/NaluDominoLoginNoHashModuleApplication/pom.xml#L101,<!--<logLevel>TRACE</logLevel>-->,[],Maven,12,101,101
14945,nalukit/nalu-examples,https://github.com/nalukit/nalu-examples/blob/79ae10366bad83e871fbe2eb13a985d21cd5ee73/NaluDominoLoginNoHashModuleApplication/NaluDominoLoginNoHashModuleApplication-client/pom.xml#L3,"<!--
  ~ Copyright (C) 2018 - 2019 Frank Hossfeld <frank.hossfeld@googlemail.com>
  ~
  ~ Licensed under the Apache License, Version 2.0 (the ""License"");
  ~  you may not use this file except in compliance with the License.
  ~ You may obtain a copy of the License at
  ~
  ~ http://www.apache.org/licenses/LICENSE-2.0
  ~
  ~ Unless required by applicable law or agreed to in writing, software
  ~ distributed under the License is distributed on an ""AS IS"" BASIS,
  ~ WITHOUT WARRANTIES OR CONDITIONS OF ANY KIND, either express or implied.
  ~ See the License for the specific language governing permissions and
  ~ limitations under the License.
  ~
  -->",[],Maven,0,3,18
14945,nalukit/nalu-examples,https://github.com/nalukit/nalu-examples/blob/79ae10366bad83e871fbe2eb13a985d21cd5ee73/NaluDominoLoginNoHashModuleApplication/NaluDominoLoginNoHashModuleApplication-login/pom.xml#L3,"<!--
  ~ Copyright (C) 2018 - 2019 Frank Hossfeld <frank.hossfeld@googlemail.com>
  ~
  ~ Licensed under the Apache License, Version 2.0 (the ""License"");
  ~  you may not use this file except in compliance with the License.
  ~ You may obtain a copy of the License at
  ~
  ~ http://www.apache.org/licenses/LICENSE-2.0
  ~
  ~ Unless required by applicable law or agreed to in writing, software
  ~ distributed under the License is distributed on an ""AS IS"" BASIS,
  ~ WITHOUT WARRANTIES OR CONDITIONS OF ANY KIND, either express or implied.
  ~ See the License for the specific language governing permissions and
  ~ limitations under the License.
  ~
  -->",[],Maven,0,3,18
14945,nalukit/nalu-examples,https://github.com/nalukit/nalu-examples/blob/79ae10366bad83e871fbe2eb13a985d21cd5ee73/NaluDominoLoginNoHashModuleApplication/NaluDominoLoginNoHashModuleApplication-server/pom.xml#L3,"<!--
  ~ Copyright (C) 2018 - 2019 Frank Hossfeld <frank.hossfeld@googlemail.com>
  ~
  ~ Licensed under the Apache License, Version 2.0 (the ""License"");
  ~  you may not use this file except in compliance with the License.
  ~ You may obtain a copy of the License at
  ~
  ~ http://www.apache.org/licenses/LICENSE-2.0
  ~
  ~ Unless required by applicable law or agreed to in writing, software
  ~ distributed under the License is distributed on an ""AS IS"" BASIS,
  ~ WITHOUT WARRANTIES OR CONDITIONS OF ANY KIND, either express or implied.
  ~ See the License for the specific language governing permissions and
  ~ limitations under the License.
  ~
  -->",[],Maven,0,3,18
14945,nalukit/nalu-examples,https://github.com/nalukit/nalu-examples/blob/79ae10366bad83e871fbe2eb13a985d21cd5ee73/NaluDominoLoginNoHashModuleApplication/NaluDominoLoginNoHashModuleApplication-server/pom.xml#L61,<!--<webApp>-->,[],Maven,12,61,61
14945,nalukit/nalu-examples,https://github.com/nalukit/nalu-examples/blob/79ae10366bad83e871fbe2eb13a985d21cd5ee73/NaluDominoLoginNoHashModuleApplication/NaluDominoLoginNoHashModuleApplication-server/pom.xml#L62,<!--<extraClasspath>${basedir}/../NaluDominoLoginPluginApplication-shared/target/classes/</extraClasspath>-->,[],Maven,12,62,62
14945,nalukit/nalu-examples,https://github.com/nalukit/nalu-examples/blob/79ae10366bad83e871fbe2eb13a985d21cd5ee73/NaluDominoLoginNoHashModuleApplication/NaluDominoLoginNoHashModuleApplication-server/pom.xml#L63,<!--<extraClasspath>${basedir}/../NaluDominoLoginPluginApplication-core/target/classes/</extraClasspath>-->,[],Maven,12,63,63
14945,nalukit/nalu-examples,https://github.com/nalukit/nalu-examples/blob/79ae10366bad83e871fbe2eb13a985d21cd5ee73/NaluDominoLoginNoHashModuleApplication/NaluDominoLoginNoHashModuleApplication-server/pom.xml#L64,<!--</webApp>-->,[],Maven,12,64,64
14945,nalukit/nalu-examples,https://github.com/nalukit/nalu-examples/blob/79ae10366bad83e871fbe2eb13a985d21cd5ee73/NaluDominoLoginNoHashModuleApplication/NaluDominoLoginNoHashModuleApplication-shared/pom.xml#L3,"<!--
  ~ Copyright (C) 2018 - 2019 Frank Hossfeld <frank.hossfeld@googlemail.com>
  ~
  ~ Licensed under the Apache License, Version 2.0 (the ""License"");
  ~  you may not use this file except in compliance with the License.
  ~ You may obtain a copy of the License at
  ~
  ~ http://www.apache.org/licenses/LICENSE-2.0
  ~
  ~ Unless required by applicable law or agreed to in writing, software
  ~ distributed under the License is distributed on an ""AS IS"" BASIS,
  ~ WITHOUT WARRANTIES OR CONDITIONS OF ANY KIND, either express or implied.
  ~ See the License for the specific language governing permissions and
  ~ limitations under the License.
  ~
  -->",[],Maven,0,3,18
14945,nalukit/nalu-examples,https://github.com/nalukit/nalu-examples/blob/79ae10366bad83e871fbe2eb13a985d21cd5ee73/NaluDominoNoHistoryModuleApplication/pom.xml#L3,"<!--
  ~ Copyright (C) 2018 - 2019 Frank Hossfeld <frank.hossfeld@googlemail.com>
  ~
  ~ Licensed under the Apache License, Version 2.0 (the ""License"");
  ~  you may not use this file except in compliance with the License.
  ~ You may obtain a copy of the License at
  ~
  ~ http://www.apache.org/licenses/LICENSE-2.0
  ~
  ~ Unless required by applicable law or agreed to in writing, software
  ~ distributed under the License is distributed on an ""AS IS"" BASIS,
  ~ WITHOUT WARRANTIES OR CONDITIONS OF ANY KIND, either express or implied.
  ~ See the License for the specific language governing permissions and
  ~ limitations under the License.
  ~
  -->",[],Maven,0,3,18
14945,nalukit/nalu-examples,https://github.com/nalukit/nalu-examples/blob/79ae10366bad83e871fbe2eb13a985d21cd5ee73/NaluDominoNoHistoryModuleApplication/pom.xml#L34,<!-- DominoUI version -->,[],Maven,4,34,34
14945,nalukit/nalu-examples,https://github.com/nalukit/nalu-examples/blob/79ae10366bad83e871fbe2eb13a985d21cd5ee73/NaluDominoNoHistoryModuleApplication/pom.xml#L36,<!-- nalu version -->,[],Maven,4,36,36
14945,nalukit/nalu-examples,https://github.com/nalukit/nalu-examples/blob/79ae10366bad83e871fbe2eb13a985d21cd5ee73/NaluDominoNoHistoryModuleApplication/pom.xml#L42,<!-- GWT BOM -->,[],Maven,2,42,42
14945,nalukit/nalu-examples,https://github.com/nalukit/nalu-examples/blob/79ae10366bad83e871fbe2eb13a985d21cd5ee73/NaluDominoNoHistoryModuleApplication/pom.xml#L100,<!--<logLevel>TRACE</logLevel>-->,[],Maven,12,100,100
14945,nalukit/nalu-examples,https://github.com/nalukit/nalu-examples/blob/79ae10366bad83e871fbe2eb13a985d21cd5ee73/NaluDominoNoHistoryModuleApplication/NaluDominoNoHistoryApplication-client/pom.xml#L3,"<!--
  ~ Copyright (C) 2018 - 2019 Frank Hossfeld <frank.hossfeld@googlemail.com>
  ~
  ~ Licensed under the Apache License, Version 2.0 (the ""License"");
  ~  you may not use this file except in compliance with the License.
  ~ You may obtain a copy of the License at
  ~
  ~ http://www.apache.org/licenses/LICENSE-2.0
  ~
  ~ Unless required by applicable law or agreed to in writing, software
  ~ distributed under the License is distributed on an ""AS IS"" BASIS,
  ~ WITHOUT WARRANTIES OR CONDITIONS OF ANY KIND, either express or implied.
  ~ See the License for the specific language governing permissions and
  ~ limitations under the License.
  ~
  -->",[],Maven,0,3,18
14945,nalukit/nalu-examples,https://github.com/nalukit/nalu-examples/blob/79ae10366bad83e871fbe2eb13a985d21cd5ee73/NaluDominoNoHistoryModuleApplication/NaluDominoNoHistoryApplication-core/pom.xml#L3,"<!--
  ~ Copyright (C) 2018 - 2019 Frank Hossfeld <frank.hossfeld@googlemail.com>
  ~
  ~ Licensed under the Apache License, Version 2.0 (the ""License"");
  ~  you may not use this file except in compliance with the License.
  ~ You may obtain a copy of the License at
  ~
  ~ http://www.apache.org/licenses/LICENSE-2.0
  ~
  ~ Unless required by applicable law or agreed to in writing, software
  ~ distributed under the License is distributed on an ""AS IS"" BASIS,
  ~ WITHOUT WARRANTIES OR CONDITIONS OF ANY KIND, either express or implied.
  ~ See the License for the specific language governing permissions and
  ~ limitations under the License.
  ~
  -->",[],Maven,0,3,18
14945,nalukit/nalu-examples,https://github.com/nalukit/nalu-examples/blob/79ae10366bad83e871fbe2eb13a985d21cd5ee73/NaluDominoNoHistoryModuleApplication/NaluDominoNoHistoryApplication-plugin-error/pom.xml#L3,"<!--
  ~ Copyright (C) 2018 - 2019 Frank Hossfeld <frank.hossfeld@googlemail.com>
  ~
  ~ Licensed under the Apache License, Version 2.0 (the ""License"");
  ~  you may not use this file except in compliance with the License.
  ~ You may obtain a copy of the License at
  ~
  ~ http://www.apache.org/licenses/LICENSE-2.0
  ~
  ~ Unless required by applicable law or agreed to in writing, software
  ~ distributed under the License is distributed on an ""AS IS"" BASIS,
  ~ WITHOUT WARRANTIES OR CONDITIONS OF ANY KIND, either express or implied.
  ~ See the License for the specific language governing permissions and
  ~ limitations under the License.
  ~
  -->",[],Maven,0,3,18
14945,nalukit/nalu-examples,https://github.com/nalukit/nalu-examples/blob/79ae10366bad83e871fbe2eb13a985d21cd5ee73/NaluDominoNoHistoryModuleApplication/NaluDominoNoHistoryApplication-plugin-login/pom.xml#L3,"<!--
  ~ Copyright (C) 2018 - 2019 Frank Hossfeld <frank.hossfeld@googlemail.com>
  ~
  ~ Licensed under the Apache License, Version 2.0 (the ""License"");
  ~  you may not use this file except in compliance with the License.
  ~ You may obtain a copy of the License at
  ~
  ~ http://www.apache.org/licenses/LICENSE-2.0
  ~
  ~ Unless required by applicable law or agreed to in writing, software
  ~ distributed under the License is distributed on an ""AS IS"" BASIS,
  ~ WITHOUT WARRANTIES OR CONDITIONS OF ANY KIND, either express or implied.
  ~ See the License for the specific language governing permissions and
  ~ limitations under the License.
  ~
  -->",[],Maven,0,3,18
14945,nalukit/nalu-examples,https://github.com/nalukit/nalu-examples/blob/79ae10366bad83e871fbe2eb13a985d21cd5ee73/NaluDominoNoHistoryModuleApplication/NaluDominoNoHistoryApplication-server/pom.xml#L3,"<!--
  ~ Copyright (C) 2018 - 2019 Frank Hossfeld <frank.hossfeld@googlemail.com>
  ~
  ~ Licensed under the Apache License, Version 2.0 (the ""License"");
  ~  you may not use this file except in compliance with the License.
  ~ You may obtain a copy of the License at
  ~
  ~ http://www.apache.org/licenses/LICENSE-2.0
  ~
  ~ Unless required by applicable law or agreed to in writing, software
  ~ distributed under the License is distributed on an ""AS IS"" BASIS,
  ~ WITHOUT WARRANTIES OR CONDITIONS OF ANY KIND, either express or implied.
  ~ See the License for the specific language governing permissions and
  ~ limitations under the License.
  ~
  -->",[],Maven,0,3,18
14945,nalukit/nalu-examples,https://github.com/nalukit/nalu-examples/blob/79ae10366bad83e871fbe2eb13a985d21cd5ee73/NaluDominoNoHistoryModuleApplication/NaluDominoNoHistoryApplication-server/pom.xml#L61,<!--<webApp>-->,[],Maven,12,61,61
14945,nalukit/nalu-examples,https://github.com/nalukit/nalu-examples/blob/79ae10366bad83e871fbe2eb13a985d21cd5ee73/NaluDominoNoHistoryModuleApplication/NaluDominoNoHistoryApplication-server/pom.xml#L62,<!--<extraClasspath>${basedir}/../NaluDominoNoHistoryApplication-shared/target/classes/</extraClasspath>-->,[],Maven,12,62,62
14945,nalukit/nalu-examples,https://github.com/nalukit/nalu-examples/blob/79ae10366bad83e871fbe2eb13a985d21cd5ee73/NaluDominoNoHistoryModuleApplication/NaluDominoNoHistoryApplication-server/pom.xml#L63,<!--<extraClasspath>${basedir}/../NaluDominoNoHistoryApplication-core/target/classes/</extraClasspath>-->,[],Maven,12,63,63
14945,nalukit/nalu-examples,https://github.com/nalukit/nalu-examples/blob/79ae10366bad83e871fbe2eb13a985d21cd5ee73/NaluDominoNoHistoryModuleApplication/NaluDominoNoHistoryApplication-server/pom.xml#L64,<!--</webApp>-->,[],Maven,12,64,64
14945,nalukit/nalu-examples,https://github.com/nalukit/nalu-examples/blob/79ae10366bad83e871fbe2eb13a985d21cd5ee73/NaluDominoNoHistoryModuleApplication/NaluDominoNoHistoryApplication-shared/pom.xml#L3,"<!--
  ~ Copyright (C) 2018 - 2019 Frank Hossfeld <frank.hossfeld@googlemail.com>
  ~
  ~ Licensed under the Apache License, Version 2.0 (the ""License"");
  ~  you may not use this file except in compliance with the License.
  ~ You may obtain a copy of the License at
  ~
  ~ http://www.apache.org/licenses/LICENSE-2.0
  ~
  ~ Unless required by applicable law or agreed to in writing, software
  ~ distributed under the License is distributed on an ""AS IS"" BASIS,
  ~ WITHOUT WARRANTIES OR CONDITIONS OF ANY KIND, either express or implied.
  ~ See the License for the specific language governing permissions and
  ~ limitations under the License.
  ~
  -->",[],Maven,0,3,18
14945,nalukit/nalu-examples,https://github.com/nalukit/nalu-examples/blob/79ae10366bad83e871fbe2eb13a985d21cd5ee73/NaluDominoSimpleApplication/pom.xml#L2,"<!--
  ~ Copyright (c) 2018 - 2019 - Frank Hossfeld
  ~
  ~  Licensed under the Apache License, Version 2.0 (the ""License""); you may not
  ~  use this file except in compliance with the License. You may obtain a copy of
  ~  the License at
  ~
  ~  http://www.apache.org/licenses/LICENSE-2.0
  ~
  ~  Unless required by applicable law or agreed to in writing, software
  ~  distributed under the License is distributed on an ""AS IS"" BASIS, WITHOUT
  ~  WARRANTIES OR CONDITIONS OF ANY KIND, either express or implied. See the
  ~  License for the specific language governing permissions and limitations under
  ~  the License.
  ~
  -->",[],Maven,0,2,17
14945,nalukit/nalu-examples,https://github.com/nalukit/nalu-examples/blob/79ae10366bad83e871fbe2eb13a985d21cd5ee73/NaluDominoSimpleApplication/pom.xml#L31,<!-- Convenience property to set the GWT version -->,[],Maven,4,31,31
14945,nalukit/nalu-examples,https://github.com/nalukit/nalu-examples/blob/79ae10366bad83e871fbe2eb13a985d21cd5ee73/NaluDominoSimpleApplication/pom.xml#L34,<!-- nalu version -->,[],Maven,4,34,34
14945,nalukit/nalu-examples,https://github.com/nalukit/nalu-examples/blob/79ae10366bad83e871fbe2eb13a985d21cd5ee73/NaluDominoSimpleApplication/pom.xml#L39,<!-- GWT needs at least java 1.6 -->,[],Maven,4,39,39
14945,nalukit/nalu-examples,https://github.com/nalukit/nalu-examples/blob/79ae10366bad83e871fbe2eb13a985d21cd5ee73/NaluDominoSimpleApplication/pom.xml#L152,<!-- using an id of default-compile will override the default execution -->,[],Maven,37,152,152
14945,nalukit/nalu-examples,https://github.com/nalukit/nalu-examples/blob/79ae10366bad83e871fbe2eb13a985d21cd5ee73/NaluDominoSimpleApplication/pom.xml#L187,"<!-- GWT 2.8 requires 1.8, hence define sourceLevel here if you use
           a different source language for java compilation -->",[],Maven,10,187,188
14945,nalukit/nalu-examples,https://github.com/nalukit/nalu-examples/blob/79ae10366bad83e871fbe2eb13a985d21cd5ee73/NaluDominoSimpleApplication/pom.xml#L190,<!-- Compiler configuration -->,[],Maven,10,190,190
14945,nalukit/nalu-examples,https://github.com/nalukit/nalu-examples/blob/79ae10366bad83e871fbe2eb13a985d21cd5ee73/NaluDominoSimpleApplication/pom.xml#L192,<!--Ask GWT to create the Story of Your Compile (SOYC) (gwt:compile)-->,[],Maven,12,192,192
14945,nalukit/nalu-examples,https://github.com/nalukit/nalu-examples/blob/79ae10366bad83e871fbe2eb13a985d21cd5ee73/NaluDominoSimpleApplication/pom.xml#L221,<!-- only used to copy static resources -->,[],Maven,6,221,221
14945,nalukit/nalu-examples,https://github.com/nalukit/nalu-examples/blob/79ae10366bad83e871fbe2eb13a985d21cd5ee73/NaluDominoSimplePopUpApplication/pom.xml#L2,"<!--
  ~ Copyright (c) 2018 - 2019 - Frank Hossfeld
  ~
  ~  Licensed under the Apache License, Version 2.0 (the ""License""); you may not
  ~  use this file except in compliance with the License. You may obtain a copy of
  ~  the License at
  ~
  ~  http://www.apache.org/licenses/LICENSE-2.0
  ~
  ~  Unless required by applicable law or agreed to in writing, software
  ~  distributed under the License is distributed on an ""AS IS"" BASIS, WITHOUT
  ~  WARRANTIES OR CONDITIONS OF ANY KIND, either express or implied. See the
  ~  License for the specific language governing permissions and limitations under
  ~  the License.
  ~
  -->",[],Maven,0,2,17
14945,nalukit/nalu-examples,https://github.com/nalukit/nalu-examples/blob/79ae10366bad83e871fbe2eb13a985d21cd5ee73/NaluDominoSimplePopUpApplication/pom.xml#L31,<!-- Convenience property to set the GWT version -->,[],Maven,4,31,31
14945,nalukit/nalu-examples,https://github.com/nalukit/nalu-examples/blob/79ae10366bad83e871fbe2eb13a985d21cd5ee73/NaluDominoSimplePopUpApplication/pom.xml#L34,<!-- nalu version -->,[],Maven,4,34,34
14945,nalukit/nalu-examples,https://github.com/nalukit/nalu-examples/blob/79ae10366bad83e871fbe2eb13a985d21cd5ee73/NaluDominoSimplePopUpApplication/pom.xml#L39,<!-- GWT needs at least java 1.6 -->,[],Maven,4,39,39
14945,nalukit/nalu-examples,https://github.com/nalukit/nalu-examples/blob/79ae10366bad83e871fbe2eb13a985d21cd5ee73/NaluDominoSimplePopUpApplication/pom.xml#L152,<!-- using an id of default-compile will override the default execution -->,[],Maven,37,152,152
14945,nalukit/nalu-examples,https://github.com/nalukit/nalu-examples/blob/79ae10366bad83e871fbe2eb13a985d21cd5ee73/NaluDominoSimplePopUpApplication/pom.xml#L187,"<!-- GWT 2.8 requires 1.8, hence define sourceLevel here if you use
           a different source language for java compilation -->",[],Maven,10,187,188
14945,nalukit/nalu-examples,https://github.com/nalukit/nalu-examples/blob/79ae10366bad83e871fbe2eb13a985d21cd5ee73/NaluDominoSimplePopUpApplication/pom.xml#L190,<!-- Compiler configuration -->,[],Maven,10,190,190
14945,nalukit/nalu-examples,https://github.com/nalukit/nalu-examples/blob/79ae10366bad83e871fbe2eb13a985d21cd5ee73/NaluDominoSimplePopUpApplication/pom.xml#L192,<!--Ask GWT to create the Story of Your Compile (SOYC) (gwt:compile)-->,[],Maven,12,192,192
14945,nalukit/nalu-examples,https://github.com/nalukit/nalu-examples/blob/79ae10366bad83e871fbe2eb13a985d21cd5ee73/NaluDominoSimplePopUpApplication/pom.xml#L220,<!-- only used to copy static resources -->,[],Maven,6,220,220
14945,nalukit/nalu-examples,https://github.com/nalukit/nalu-examples/blob/79ae10366bad83e871fbe2eb13a985d21cd5ee73/NaluElementoSimpleApplication/pom.xml#L2,"<!--
  ~ Copyright (c) 2018 - 2019 - Frank Hossfeld
  ~
  ~  Licensed under the Apache License, Version 2.0 (the ""License""); you may not
  ~  use this file except in compliance with the License. You may obtain a copy of
  ~  the License at
  ~
  ~  http://www.apache.org/licenses/LICENSE-2.0
  ~
  ~  Unless required by applicable law or agreed to in writing, software
  ~  distributed under the License is distributed on an ""AS IS"" BASIS, WITHOUT
  ~  WARRANTIES OR CONDITIONS OF ANY KIND, either express or implied. See the
  ~  License for the specific language governing permissions and limitations under
  ~  the License.
  ~
  -->",[],Maven,0,2,17
14945,nalukit/nalu-examples,https://github.com/nalukit/nalu-examples/blob/79ae10366bad83e871fbe2eb13a985d21cd5ee73/NaluElementoSimpleApplication/pom.xml#L31,<!-- Convenience property to set the GWT version -->,[],Maven,4,31,31
14945,nalukit/nalu-examples,https://github.com/nalukit/nalu-examples/blob/79ae10366bad83e871fbe2eb13a985d21cd5ee73/NaluElementoSimpleApplication/pom.xml#L34,<!-- nalu version -->,[],Maven,4,34,34
14945,nalukit/nalu-examples,https://github.com/nalukit/nalu-examples/blob/79ae10366bad83e871fbe2eb13a985d21cd5ee73/NaluElementoSimpleApplication/pom.xml#L39,<!-- GWT needs at least java 1.6 -->,[],Maven,4,39,39
14945,nalukit/nalu-examples,https://github.com/nalukit/nalu-examples/blob/79ae10366bad83e871fbe2eb13a985d21cd5ee73/NaluElementoSimpleApplication/pom.xml#L144,<!-- using an id of default-compile will override the default execution -->,[],Maven,37,144,144
14945,nalukit/nalu-examples,https://github.com/nalukit/nalu-examples/blob/79ae10366bad83e871fbe2eb13a985d21cd5ee73/NaluElementoSimpleApplication/pom.xml#L157,<!--<plugin>-->,[],Maven,6,157,157
14945,nalukit/nalu-examples,https://github.com/nalukit/nalu-examples/blob/79ae10366bad83e871fbe2eb13a985d21cd5ee73/NaluElementoSimpleApplication/pom.xml#L158,<!--<groupId>org.codehaus.mojo</groupId>-->,[],Maven,6,158,158
14945,nalukit/nalu-examples,https://github.com/nalukit/nalu-examples/blob/79ae10366bad83e871fbe2eb13a985d21cd5ee73/NaluElementoSimpleApplication/pom.xml#L159,<!--<artifactId>build-helper-maven-plugin</artifactId>-->,[],Maven,6,159,159
14945,nalukit/nalu-examples,https://github.com/nalukit/nalu-examples/blob/79ae10366bad83e871fbe2eb13a985d21cd5ee73/NaluElementoSimpleApplication/pom.xml#L160,<!--<executions>-->,[],Maven,6,160,160
14945,nalukit/nalu-examples,https://github.com/nalukit/nalu-examples/blob/79ae10366bad83e871fbe2eb13a985d21cd5ee73/NaluElementoSimpleApplication/pom.xml#L161,<!--<execution>-->,[],Maven,6,161,161
14945,nalukit/nalu-examples,https://github.com/nalukit/nalu-examples/blob/79ae10366bad83e871fbe2eb13a985d21cd5ee73/NaluElementoSimpleApplication/pom.xml#L162,<!--<id>add-source</id>-->,[],Maven,6,162,162
14945,nalukit/nalu-examples,https://github.com/nalukit/nalu-examples/blob/79ae10366bad83e871fbe2eb13a985d21cd5ee73/NaluElementoSimpleApplication/pom.xml#L163,<!--<phase>generate-sources</phase>-->,[],Maven,6,163,163
14945,nalukit/nalu-examples,https://github.com/nalukit/nalu-examples/blob/79ae10366bad83e871fbe2eb13a985d21cd5ee73/NaluElementoSimpleApplication/pom.xml#L164,<!--<goals>-->,[],Maven,6,164,164
14945,nalukit/nalu-examples,https://github.com/nalukit/nalu-examples/blob/79ae10366bad83e871fbe2eb13a985d21cd5ee73/NaluElementoSimpleApplication/pom.xml#L165,<!--<goal>add-source</goal>-->,[],Maven,6,165,165
14945,nalukit/nalu-examples,https://github.com/nalukit/nalu-examples/blob/79ae10366bad83e871fbe2eb13a985d21cd5ee73/NaluElementoSimpleApplication/pom.xml#L166,<!--</goals>-->,[],Maven,6,166,166
14945,nalukit/nalu-examples,https://github.com/nalukit/nalu-examples/blob/79ae10366bad83e871fbe2eb13a985d21cd5ee73/NaluElementoSimpleApplication/pom.xml#L167,<!--<configuration>-->,[],Maven,6,167,167
14945,nalukit/nalu-examples,https://github.com/nalukit/nalu-examples/blob/79ae10366bad83e871fbe2eb13a985d21cd5ee73/NaluElementoSimpleApplication/pom.xml#L168,<!--<sources>-->,[],Maven,6,168,168
14945,nalukit/nalu-examples,https://github.com/nalukit/nalu-examples/blob/79ae10366bad83e871fbe2eb13a985d21cd5ee73/NaluElementoSimpleApplication/pom.xml#L169,<!--<source>${generated.source.directory}</source>-->,[],Maven,6,169,169
14945,nalukit/nalu-examples,https://github.com/nalukit/nalu-examples/blob/79ae10366bad83e871fbe2eb13a985d21cd5ee73/NaluElementoSimpleApplication/pom.xml#L170,<!--</sources>-->,[],Maven,6,170,170
14945,nalukit/nalu-examples,https://github.com/nalukit/nalu-examples/blob/79ae10366bad83e871fbe2eb13a985d21cd5ee73/NaluElementoSimpleApplication/pom.xml#L171,<!--</configuration>-->,[],Maven,6,171,171
14945,nalukit/nalu-examples,https://github.com/nalukit/nalu-examples/blob/79ae10366bad83e871fbe2eb13a985d21cd5ee73/NaluElementoSimpleApplication/pom.xml#L172,<!--</execution>-->,[],Maven,6,172,172
14945,nalukit/nalu-examples,https://github.com/nalukit/nalu-examples/blob/79ae10366bad83e871fbe2eb13a985d21cd5ee73/NaluElementoSimpleApplication/pom.xml#L173,<!--</executions>-->,[],Maven,6,173,173
14945,nalukit/nalu-examples,https://github.com/nalukit/nalu-examples/blob/79ae10366bad83e871fbe2eb13a985d21cd5ee73/NaluElementoSimpleApplication/pom.xml#L174,<!--</plugin>-->,[],Maven,6,174,174
14945,nalukit/nalu-examples,https://github.com/nalukit/nalu-examples/blob/79ae10366bad83e871fbe2eb13a985d21cd5ee73/NaluElementoSimpleApplication/pom.xml#L198,"<!-- GWT 2.8 requires 1.8, hence define sourceLevel here if you use
           a different source language for java compilation -->",[],Maven,10,198,199
14945,nalukit/nalu-examples,https://github.com/nalukit/nalu-examples/blob/79ae10366bad83e871fbe2eb13a985d21cd5ee73/NaluElementoSimpleApplication/pom.xml#L201,<!-- Compiler configuration -->,[],Maven,10,201,201
14945,nalukit/nalu-examples,https://github.com/nalukit/nalu-examples/blob/79ae10366bad83e871fbe2eb13a985d21cd5ee73/NaluElementoSimpleApplication/pom.xml#L203,<!--Ask GWT to create the Story of Your Compile (SOYC) (gwt:compile)-->,[],Maven,12,203,203
14945,nalukit/nalu-examples,https://github.com/nalukit/nalu-examples/blob/79ae10366bad83e871fbe2eb13a985d21cd5ee73/NaluElementoSimpleApplication/pom.xml#L232,<!-- only used to copy static resources -->,[],Maven,6,232,232
14945,nalukit/nalu-examples,https://github.com/nalukit/nalu-examples/blob/79ae10366bad83e871fbe2eb13a985d21cd5ee73/NaluGwtSimpleApplication/pom.xml#L2,"<!--
  ~ Copyright (c) 2018 - 2019 - Frank Hossfeld
  ~
  ~  Licensed under the Apache License, Version 2.0 (the ""License""); you may not
  ~  use this file except in compliance with the License. You may obtain a copy of
  ~  the License at
  ~
  ~  http://www.apache.org/licenses/LICENSE-2.0
  ~
  ~  Unless required by applicable law or agreed to in writing, software
  ~  distributed under the License is distributed on an ""AS IS"" BASIS, WITHOUT
  ~  WARRANTIES OR CONDITIONS OF ANY KIND, either express or implied. See the
  ~  License for the specific language governing permissions and limitations under
  ~  the License.
  ~
  -->",[],Maven,0,2,17
14945,nalukit/nalu-examples,https://github.com/nalukit/nalu-examples/blob/79ae10366bad83e871fbe2eb13a985d21cd5ee73/NaluGwtSimpleApplication/pom.xml#L31,<!-- Convenience property to set the GWT version -->,[],Maven,4,31,31
14945,nalukit/nalu-examples,https://github.com/nalukit/nalu-examples/blob/79ae10366bad83e871fbe2eb13a985d21cd5ee73/NaluGwtSimpleApplication/pom.xml#L34,<!-- nalu version -->,[],Maven,4,34,34
14945,nalukit/nalu-examples,https://github.com/nalukit/nalu-examples/blob/79ae10366bad83e871fbe2eb13a985d21cd5ee73/NaluGwtSimpleApplication/pom.xml#L39,<!-- GWT needs at least java 1.6 -->,[],Maven,4,39,39
14945,nalukit/nalu-examples,https://github.com/nalukit/nalu-examples/blob/79ae10366bad83e871fbe2eb13a985d21cd5ee73/NaluGwtSimpleApplication/pom.xml#L144,<!-- using an id of default-compile will override the default execution -->,[],Maven,37,144,144
14945,nalukit/nalu-examples,https://github.com/nalukit/nalu-examples/blob/79ae10366bad83e871fbe2eb13a985d21cd5ee73/NaluGwtSimpleApplication/pom.xml#L198,"<!-- GWT 2.8 requires 1.8, hence define sourceLevel here if you use
           a different source language for java compilation -->",[],Maven,10,198,199
14945,nalukit/nalu-examples,https://github.com/nalukit/nalu-examples/blob/79ae10366bad83e871fbe2eb13a985d21cd5ee73/NaluGwtSimpleApplication/pom.xml#L203,<!--Ask GWT to create the Story of Your Compile (SOYC) (gwt:compile)-->,[],Maven,12,203,203
14945,nalukit/nalu-examples,https://github.com/nalukit/nalu-examples/blob/79ae10366bad83e871fbe2eb13a985d21cd5ee73/NaluGwtSimpleApplication/pom.xml#L207,<!--<logLevel>TRACE</logLevel>-->,[],Maven,10,207,207
14945,nalukit/nalu-examples,https://github.com/nalukit/nalu-examples/blob/79ae10366bad83e871fbe2eb13a985d21cd5ee73/NaluGwtSimpleApplication/pom.xml#L235,<!-- only used to copy static resources -->,[],Maven,6,235,235
14945,nalukit/nalu-examples,https://github.com/nalukit/nalu-examples/blob/79ae10366bad83e871fbe2eb13a985d21cd5ee73/NaluGxtSimpleApplication/pom.xml#L2,"<!--
  ~ Copyright (c) 2018 - 2019 - Frank Hossfeld
  ~
  ~  Licensed under the Apache License, Version 2.0 (the ""License""); you may not
  ~  use this file except in compliance with the License. You may obtain a copy of
  ~  the License at
  ~
  ~  http://www.apache.org/licenses/LICENSE-2.0
  ~
  ~  Unless required by applicable law or agreed to in writing, software
  ~  distributed under the License is distributed on an ""AS IS"" BASIS, WITHOUT
  ~  WARRANTIES OR CONDITIONS OF ANY KIND, either express or implied. See the
  ~  License for the specific language governing permissions and limitations under
  ~  the License.
  ~
  -->",[],Maven,0,2,17
14945,nalukit/nalu-examples,https://github.com/nalukit/nalu-examples/blob/79ae10366bad83e871fbe2eb13a985d21cd5ee73/NaluGxtSimpleApplication/pom.xml#L31,<!-- Convenience property to set the GWT version -->,[],Maven,4,31,31
14945,nalukit/nalu-examples,https://github.com/nalukit/nalu-examples/blob/79ae10366bad83e871fbe2eb13a985d21cd5ee73/NaluGxtSimpleApplication/pom.xml#L33,<!-- GXT GPL version without support -->,[],Maven,4,33,33
14945,nalukit/nalu-examples,https://github.com/nalukit/nalu-examples/blob/79ae10366bad83e871fbe2eb13a985d21cd5ee73/NaluGxtSimpleApplication/pom.xml#L36,<!-- nalu version -->,[],Maven,4,36,36
14945,nalukit/nalu-examples,https://github.com/nalukit/nalu-examples/blob/79ae10366bad83e871fbe2eb13a985d21cd5ee73/NaluGxtSimpleApplication/pom.xml#L41,<!-- GWT needs at least java 1.6 -->,[],Maven,4,41,41
14945,nalukit/nalu-examples,https://github.com/nalukit/nalu-examples/blob/79ae10366bad83e871fbe2eb13a985d21cd5ee73/NaluGxtSimpleApplication/pom.xml#L87,<!-- GXT -->,[],Maven,4,87,87
14945,nalukit/nalu-examples,https://github.com/nalukit/nalu-examples/blob/79ae10366bad83e871fbe2eb13a985d21cd5ee73/NaluGxtSimpleApplication/pom.xml#L93,<!-- GXT 3.1+ - Neptune Theme -->,[],Maven,4,93,93
14945,nalukit/nalu-examples,https://github.com/nalukit/nalu-examples/blob/79ae10366bad83e871fbe2eb13a985d21cd5ee73/NaluGxtSimpleApplication/pom.xml#L124,<!-- ~/.m2/settings.xml add <server/> with the support portal credentials -->,[],Maven,6,124,124
14945,nalukit/nalu-examples,https://github.com/nalukit/nalu-examples/blob/79ae10366bad83e871fbe2eb13a985d21cd5ee73/NaluGxtSimpleApplication/pom.xml#L127,<!-- GPL -->,[],Maven,6,127,127
14945,nalukit/nalu-examples,https://github.com/nalukit/nalu-examples/blob/79ae10366bad83e871fbe2eb13a985d21cd5ee73/NaluGxtSimpleApplication/pom.xml#L179,<!-- using an id of default-compile will override the default execution -->,[],Maven,37,179,179
14945,nalukit/nalu-examples,https://github.com/nalukit/nalu-examples/blob/79ae10366bad83e871fbe2eb13a985d21cd5ee73/NaluGxtSimpleApplication/pom.xml#L233,"<!-- GWT 2.8 requires 1.8, hence define sourceLevel here if you use
           a different source language for java compilation -->",[],Maven,10,233,234
14945,nalukit/nalu-examples,https://github.com/nalukit/nalu-examples/blob/79ae10366bad83e871fbe2eb13a985d21cd5ee73/NaluGxtSimpleApplication/pom.xml#L263,<!-- only used to copy static resources -->,[],Maven,6,263,263
14945,nalukit/nalu-examples,https://github.com/nalukit/nalu-examples/blob/79ae10366bad83e871fbe2eb13a985d21cd5ee73/NaluMaterialSimpleApplication/pom.xml#L2,"<!--
  ~ Copyright (c) 2018 - 2019 - Frank Hossfeld
  ~
  ~  Licensed under the Apache License, Version 2.0 (the ""License""); you may not
  ~  use this file except in compliance with the License. You may obtain a copy of
  ~  the License at
  ~
  ~  http://www.apache.org/licenses/LICENSE-2.0
  ~
  ~  Unless required by applicable law or agreed to in writing, software
  ~  distributed under the License is distributed on an ""AS IS"" BASIS, WITHOUT
  ~  WARRANTIES OR CONDITIONS OF ANY KIND, either express or implied. See the
  ~  License for the specific language governing permissions and limitations under
  ~  the License.
  ~
  -->",[],Maven,0,2,17
14945,nalukit/nalu-examples,https://github.com/nalukit/nalu-examples/blob/79ae10366bad83e871fbe2eb13a985d21cd5ee73/NaluMaterialSimpleApplication/pom.xml#L31,<!-- Convenience property to set the GWT version -->,[],Maven,4,31,31
14945,nalukit/nalu-examples,https://github.com/nalukit/nalu-examples/blob/79ae10366bad83e871fbe2eb13a985d21cd5ee73/NaluMaterialSimpleApplication/pom.xml#L34,<!-- GWT-Material version -->,[],Maven,4,34,34
14945,nalukit/nalu-examples,https://github.com/nalukit/nalu-examples/blob/79ae10366bad83e871fbe2eb13a985d21cd5ee73/NaluMaterialSimpleApplication/pom.xml#L37,<!-- nalu version -->,[],Maven,4,37,37
14945,nalukit/nalu-examples,https://github.com/nalukit/nalu-examples/blob/79ae10366bad83e871fbe2eb13a985d21cd5ee73/NaluMaterialSimpleApplication/pom.xml#L42,<!-- GWT needs at least java 1.6 -->,[],Maven,4,42,42
14945,nalukit/nalu-examples,https://github.com/nalukit/nalu-examples/blob/79ae10366bad83e871fbe2eb13a985d21cd5ee73/NaluMaterialSimpleApplication/pom.xml#L68,<!-- GwtMaterial -->,[],Maven,4,68,68
14945,nalukit/nalu-examples,https://github.com/nalukit/nalu-examples/blob/79ae10366bad83e871fbe2eb13a985d21cd5ee73/NaluMaterialSimpleApplication/pom.xml#L93,<!-- Gwt-Material -->,[],Maven,4,93,93
14945,nalukit/nalu-examples,https://github.com/nalukit/nalu-examples/blob/79ae10366bad83e871fbe2eb13a985d21cd5ee73/NaluMaterialSimpleApplication/pom.xml#L114,<!--<dependency>-->,[],Maven,4,114,114
14945,nalukit/nalu-examples,https://github.com/nalukit/nalu-examples/blob/79ae10366bad83e871fbe2eb13a985d21cd5ee73/NaluMaterialSimpleApplication/pom.xml#L115,<!--<groupId>org.gwtproject.event</groupId>-->,[],Maven,6,115,115
14945,nalukit/nalu-examples,https://github.com/nalukit/nalu-examples/blob/79ae10366bad83e871fbe2eb13a985d21cd5ee73/NaluMaterialSimpleApplication/pom.xml#L116,<!--<artifactId>gwt-event</artifactId>-->,[],Maven,6,116,116
14945,nalukit/nalu-examples,https://github.com/nalukit/nalu-examples/blob/79ae10366bad83e871fbe2eb13a985d21cd5ee73/NaluMaterialSimpleApplication/pom.xml#L117,<!--<version>${gwt-events.version}</version>-->,[],Maven,6,117,117
14945,nalukit/nalu-examples,https://github.com/nalukit/nalu-examples/blob/79ae10366bad83e871fbe2eb13a985d21cd5ee73/NaluMaterialSimpleApplication/pom.xml#L118,<!--</dependency>-->,[],Maven,4,118,118
14945,nalukit/nalu-examples,https://github.com/nalukit/nalu-examples/blob/79ae10366bad83e871fbe2eb13a985d21cd5ee73/NaluMaterialSimpleApplication/pom.xml#L179,<!-- using an id of default-compile will override the default execution -->,[],Maven,37,179,179
14945,nalukit/nalu-examples,https://github.com/nalukit/nalu-examples/blob/79ae10366bad83e871fbe2eb13a985d21cd5ee73/NaluMaterialSimpleApplication/pom.xml#L233,"<!-- GWT 2.8 requires 1.8, hence define sourceLevel here if you use
           a different source language for java compilation -->",[],Maven,10,233,234
14945,nalukit/nalu-examples,https://github.com/nalukit/nalu-examples/blob/79ae10366bad83e871fbe2eb13a985d21cd5ee73/NaluMaterialSimpleApplication/pom.xml#L236,<!-- Compiler configuration -->,[],Maven,10,236,236
14945,nalukit/nalu-examples,https://github.com/nalukit/nalu-examples/blob/79ae10366bad83e871fbe2eb13a985d21cd5ee73/NaluMaterialSimpleApplication/pom.xml#L238,<!--Ask GWT to create the Story of Your Compile (SOYC) (gwt:compile)-->,[],Maven,12,238,238
14945,nalukit/nalu-examples,https://github.com/nalukit/nalu-examples/blob/79ae10366bad83e871fbe2eb13a985d21cd5ee73/NaluMaterialSimpleApplication/pom.xml#L269,<!-- only used to copy static resources -->,[],Maven,6,269,269
14945,nalukit/nalu-examples,https://github.com/nalukit/nalu-examples/blob/79ae10366bad83e871fbe2eb13a985d21cd5ee73/NaluReuseController/pom.xml#L3,"<!--
  ~ Copyright (C) 2018 - 2019 Frank Hossfeld <frank.hossfeld@googlemail.com>
  ~
  ~ Licensed under the Apache License, Version 2.0 (the ""License"");
  ~  you may not use this file except in compliance with the License.
  ~ You may obtain a copy of the License at
  ~
  ~ http://www.apache.org/licenses/LICENSE-2.0
  ~
  ~ Unless required by applicable law or agreed to in writing, software
  ~ distributed under the License is distributed on an ""AS IS"" BASIS,
  ~ WITHOUT WARRANTIES OR CONDITIONS OF ANY KIND, either express or implied.
  ~ See the License for the specific language governing permissions and
  ~ limitations under the License.
  ~
  -->",[],Maven,0,3,18
14945,nalukit/nalu-examples,https://github.com/nalukit/nalu-examples/blob/79ae10366bad83e871fbe2eb13a985d21cd5ee73/NaluReuseController/pom.xml#L38,<!-- GWT BOM -->,[],Maven,2,38,38
14945,nalukit/nalu-examples,https://github.com/nalukit/nalu-examples/blob/79ae10366bad83e871fbe2eb13a985d21cd5ee73/NaluReuseController/NaluReuseController-client/pom.xml#L3,"<!--
  ~ Copyright (C) 2018 - 2019 Frank Hossfeld <frank.hossfeld@googlemail.com>
  ~
  ~ Licensed under the Apache License, Version 2.0 (the ""License"");
  ~  you may not use this file except in compliance with the License.
  ~ You may obtain a copy of the License at
  ~
  ~ http://www.apache.org/licenses/LICENSE-2.0
  ~
  ~ Unless required by applicable law or agreed to in writing, software
  ~ distributed under the License is distributed on an ""AS IS"" BASIS,
  ~ WITHOUT WARRANTIES OR CONDITIONS OF ANY KIND, either express or implied.
  ~ See the License for the specific language governing permissions and
  ~ limitations under the License.
  ~
  -->",[],Maven,0,3,18
14945,nalukit/nalu-examples,https://github.com/nalukit/nalu-examples/blob/79ae10366bad83e871fbe2eb13a985d21cd5ee73/NaluReuseController/NaluReuseController-client/pom.xml#L37,<!-- nalu version -->,[],Maven,4,37,37
14945,nalukit/nalu-examples,https://github.com/nalukit/nalu-examples/blob/79ae10366bad83e871fbe2eb13a985d21cd5ee73/NaluReuseController/NaluReuseController-client/pom.xml#L39,<!-- DominoUI version -->,[],Maven,4,39,39
14945,nalukit/nalu-examples,https://github.com/nalukit/nalu-examples/blob/79ae10366bad83e871fbe2eb13a985d21cd5ee73/NaluReuseController/NaluReuseController-server/pom.xml#L3,"<!--
  ~ Copyright (C) 2018 - 2019 Frank Hossfeld <frank.hossfeld@googlemail.com>
  ~
  ~ Licensed under the Apache License, Version 2.0 (the ""License"");
  ~  you may not use this file except in compliance with the License.
  ~ You may obtain a copy of the License at
  ~
  ~ http://www.apache.org/licenses/LICENSE-2.0
  ~
  ~ Unless required by applicable law or agreed to in writing, software
  ~ distributed under the License is distributed on an ""AS IS"" BASIS,
  ~ WITHOUT WARRANTIES OR CONDITIONS OF ANY KIND, either express or implied.
  ~ See the License for the specific language governing permissions and
  ~ limitations under the License.
  ~
  -->",[],Maven,0,3,18
14945,nalukit/nalu-examples,https://github.com/nalukit/nalu-examples/blob/79ae10366bad83e871fbe2eb13a985d21cd5ee73/NaluReuseController/NaluReuseController-shared/pom.xml#L3,"<!--
  ~ Copyright (C) 2018 - 2019 Frank Hossfeld <frank.hossfeld@googlemail.com>
  ~
  ~ Licensed under the Apache License, Version 2.0 (the ""License"");
  ~  you may not use this file except in compliance with the License.
  ~ You may obtain a copy of the License at
  ~
  ~ http://www.apache.org/licenses/LICENSE-2.0
  ~
  ~ Unless required by applicable law or agreed to in writing, software
  ~ distributed under the License is distributed on an ""AS IS"" BASIS,
  ~ WITHOUT WARRANTIES OR CONDITIONS OF ANY KIND, either express or implied.
  ~ See the License for the specific language governing permissions and
  ~ limitations under the License.
  ~
  -->",[],Maven,0,3,18
14945,nalukit/nalu-examples,https://github.com/nalukit/nalu-examples/blob/79ae10366bad83e871fbe2eb13a985d21cd5ee73/devkexample/pom.xml#L3,"<!--
  ~ Copyright (C) 2018 - 2019 Frank Hossfeld <frank.hossfeld@googlemail.com>
  ~
  ~ Licensed under the Apache License, Version 2.0 (the ""License"");
  ~  you may not use this file except in compliance with the License.
  ~ You may obtain a copy of the License at
  ~
  ~ http://www.apache.org/licenses/LICENSE-2.0
  ~
  ~ Unless required by applicable law or agreed to in writing, software
  ~ distributed under the License is distributed on an ""AS IS"" BASIS,
  ~ WITHOUT WARRANTIES OR CONDITIONS OF ANY KIND, either express or implied.
  ~ See the License for the specific language governing permissions and
  ~ limitations under the License.
  ~
  -->",[],Maven,0,3,18
14945,nalukit/nalu-examples,https://github.com/nalukit/nalu-examples/blob/79ae10366bad83e871fbe2eb13a985d21cd5ee73/devkexample/pom.xml#L40,<!-- GWT BOM -->,[],Maven,2,40,40
14945,nalukit/nalu-examples,https://github.com/nalukit/nalu-examples/blob/79ae10366bad83e871fbe2eb13a985d21cd5ee73/devkexample/devkexample-client/pom.xml#L3,"<!--
  ~ Copyright (C) 2018 - 2019 Frank Hossfeld <frank.hossfeld@googlemail.com>
  ~
  ~ Licensed under the Apache License, Version 2.0 (the ""License"");
  ~  you may not use this file except in compliance with the License.
  ~ You may obtain a copy of the License at
  ~
  ~ http://www.apache.org/licenses/LICENSE-2.0
  ~
  ~ Unless required by applicable law or agreed to in writing, software
  ~ distributed under the License is distributed on an ""AS IS"" BASIS,
  ~ WITHOUT WARRANTIES OR CONDITIONS OF ANY KIND, either express or implied.
  ~ See the License for the specific language governing permissions and
  ~ limitations under the License.
  ~
  -->",[],Maven,0,3,18
14945,nalukit/nalu-examples,https://github.com/nalukit/nalu-examples/blob/79ae10366bad83e871fbe2eb13a985d21cd5ee73/devkexample/devkexample-server/pom.xml#L3,"<!--
  ~ Copyright (C) 2018 - 2019 Frank Hossfeld <frank.hossfeld@googlemail.com>
  ~
  ~ Licensed under the Apache License, Version 2.0 (the ""License"");
  ~  you may not use this file except in compliance with the License.
  ~ You may obtain a copy of the License at
  ~
  ~ http://www.apache.org/licenses/LICENSE-2.0
  ~
  ~ Unless required by applicable law or agreed to in writing, software
  ~ distributed under the License is distributed on an ""AS IS"" BASIS,
  ~ WITHOUT WARRANTIES OR CONDITIONS OF ANY KIND, either express or implied.
  ~ See the License for the specific language governing permissions and
  ~ limitations under the License.
  ~
  -->",[],Maven,0,3,18
14945,nalukit/nalu-examples,https://github.com/nalukit/nalu-examples/blob/79ae10366bad83e871fbe2eb13a985d21cd5ee73/devkexample/devkexample-server/pom.xml#L115,<!-- https://mvnrepository.com/artifact/org.mapstruct/mapstruct -->,[],Maven,4,115,115
14945,nalukit/nalu-examples,https://github.com/nalukit/nalu-examples/blob/79ae10366bad83e871fbe2eb13a985d21cd5ee73/devkexample/devkexample-server/pom.xml#L121,<!-- https://mvnrepository.com/artifact/org.mapstruct/mapstruct-processor -->,[],Maven,4,121,121
14945,nalukit/nalu-examples,https://github.com/nalukit/nalu-examples/blob/79ae10366bad83e871fbe2eb13a985d21cd5ee73/devkexample/devkexample-server/pom.xml#L129,<!-- https://mvnrepository.com/artifact/javax.servlet/servlet-api -->,[],Maven,4,129,129
14945,nalukit/nalu-examples,https://github.com/nalukit/nalu-examples/blob/79ae10366bad83e871fbe2eb13a985d21cd5ee73/devkexample/devkexample-server/pom.xml#L137,<!--&lt;!&ndash; https://mvnrepository.com/artifact/org.json/json &ndash;&gt;-->,[],Maven,4,137,137
14945,nalukit/nalu-examples,https://github.com/nalukit/nalu-examples/blob/79ae10366bad83e871fbe2eb13a985d21cd5ee73/devkexample/devkexample-server/pom.xml#L138,<!--<dependency>-->,[],Maven,4,138,138
14945,nalukit/nalu-examples,https://github.com/nalukit/nalu-examples/blob/79ae10366bad83e871fbe2eb13a985d21cd5ee73/devkexample/devkexample-server/pom.xml#L139,<!--<groupId>org.json</groupId>-->,[],Maven,4,139,139
14945,nalukit/nalu-examples,https://github.com/nalukit/nalu-examples/blob/79ae10366bad83e871fbe2eb13a985d21cd5ee73/devkexample/devkexample-server/pom.xml#L140,<!--<artifactId>json</artifactId>-->,[],Maven,4,140,140
14945,nalukit/nalu-examples,https://github.com/nalukit/nalu-examples/blob/79ae10366bad83e871fbe2eb13a985d21cd5ee73/devkexample/devkexample-server/pom.xml#L141,<!--<version>${json.version}</version>-->,[],Maven,4,141,141
14945,nalukit/nalu-examples,https://github.com/nalukit/nalu-examples/blob/79ae10366bad83e871fbe2eb13a985d21cd5ee73/devkexample/devkexample-server/pom.xml#L142,<!--</dependency>-->,[],Maven,4,142,142
14945,nalukit/nalu-examples,https://github.com/nalukit/nalu-examples/blob/79ae10366bad83e871fbe2eb13a985d21cd5ee73/devkexample/devkexample-server/pom.xml#L143,<!-- https://mvnrepository.com/artifact/javax.xml.bind/jaxb-api -->,[],Maven,4,143,143
14945,nalukit/nalu-examples,https://github.com/nalukit/nalu-examples/blob/79ae10366bad83e871fbe2eb13a985d21cd5ee73/devkexample/devkexample-shared/pom.xml#L3,"<!--
  ~ Copyright (C) 2018 - 2019 Frank Hossfeld <frank.hossfeld@googlemail.com>
  ~
  ~ Licensed under the Apache License, Version 2.0 (the ""License"");
  ~  you may not use this file except in compliance with the License.
  ~ You may obtain a copy of the License at
  ~
  ~ http://www.apache.org/licenses/LICENSE-2.0
  ~
  ~ Unless required by applicable law or agreed to in writing, software
  ~ distributed under the License is distributed on an ""AS IS"" BASIS,
  ~ WITHOUT WARRANTIES OR CONDITIONS OF ANY KIND, either express or implied.
  ~ See the License for the specific language governing permissions and
  ~ limitations under the License.
  ~
  -->",[],Maven,0,3,18
14945,nalukit/nalu-examples,https://github.com/nalukit/nalu-examples/blob/79ae10366bad83e871fbe2eb13a985d21cd5ee73/nalu-complex-app-example/pom.xml#L3,"<!--
  ~ Copyright (C) 2018 - 2021 Frank Hossfeld <frank.hossfeld@googlemail.com>
  ~
  ~ Licensed under the Apache License, Version 2.0 (the ""License"");
  ~  you may not use this file except in compliance with the License.
  ~ You may obtain a copy of the License at
  ~
  ~ http://www.apache.org/licenses/LICENSE-2.0
  ~
  ~ Unless required by applicable law or agreed to in writing, software
  ~ distributed under the License is distributed on an ""AS IS"" BASIS,
  ~ WITHOUT WARRANTIES OR CONDITIONS OF ANY KIND, either express or implied.
  ~ See the License for the specific language governing permissions and
  ~ limitations under the License.
  ~
  -->",[],Maven,0,3,18
14945,nalukit/nalu-examples,https://github.com/nalukit/nalu-examples/blob/79ae10366bad83e871fbe2eb13a985d21cd5ee73/nalu-complex-app-example/pom.xml#L38,<!--    <gwt.version>2.9.0</gwt.version>-->,[],Maven,4,38,38
14945,nalukit/nalu-examples,https://github.com/nalukit/nalu-examples/blob/79ae10366bad83e871fbe2eb13a985d21cd5ee73/nalu-complex-app-example/pom.xml#L44,<!--    <nalu.version>HEAD-SNAPSHOT</nalu.version>-->,[],Maven,4,44,44
14945,nalukit/nalu-examples,https://github.com/nalukit/nalu-examples/blob/79ae10366bad83e871fbe2eb13a985d21cd5ee73/nalu-complex-app-example/pom.xml#L53,<!-- GWT BOM -->,[],Maven,2,53,53
14945,nalukit/nalu-examples,https://github.com/nalukit/nalu-examples/blob/79ae10366bad83e871fbe2eb13a985d21cd5ee73/nalu-complex-app-example/pom.xml#L159,<!-- for all our Windows 10 users ... :-) -->,[],Maven,10,159,159
14945,nalukit/nalu-examples,https://github.com/nalukit/nalu-examples/blob/79ae10366bad83e871fbe2eb13a985d21cd5ee73/nalu-complex-app-example/pom.xml#L208,<!--<updatePolicy>always</updatePolicy>-->,[],Maven,8,208,208
14945,nalukit/nalu-examples,https://github.com/nalukit/nalu-examples/blob/79ae10366bad83e871fbe2eb13a985d21cd5ee73/nalu-complex-app-example/pom.xml#L212,<!-- new GWT version -->,[],Maven,4,212,212
14945,nalukit/nalu-examples,https://github.com/nalukit/nalu-examples/blob/79ae10366bad83e871fbe2eb13a985d21cd5ee73/nalu-complex-app-example/pom.xml#L218,<!--<updatePolicy>always</updatePolicy>-->,[],Maven,8,218,218
14945,nalukit/nalu-examples,https://github.com/nalukit/nalu-examples/blob/79ae10366bad83e871fbe2eb13a985d21cd5ee73/nalu-complex-app-example/nalu-complex-app-example-client-common/pom.xml#L3,"<!--
  ~ Copyright (C) 2018 - 2021 Frank Hossfeld <frank.hossfeld@googlemail.com>
  ~
  ~ Licensed under the Apache License, Version 2.0 (the ""License"");
  ~  you may not use this file except in compliance with the License.
  ~ You may obtain a copy of the License at
  ~
  ~ http://www.apache.org/licenses/LICENSE-2.0
  ~
  ~ Unless required by applicable law or agreed to in writing, software
  ~ distributed under the License is distributed on an ""AS IS"" BASIS,
  ~ WITHOUT WARRANTIES OR CONDITIONS OF ANY KIND, either express or implied.
  ~ See the License for the specific language governing permissions and
  ~ limitations under the License.
  ~
  -->",[],Maven,0,3,18
14945,nalukit/nalu-examples,https://github.com/nalukit/nalu-examples/blob/79ae10366bad83e871fbe2eb13a985d21cd5ee73/nalu-complex-app-example/nalu-complex-app-example-client/pom.xml#L3,"<!--
  ~ Copyright (C) 2018 - 2021 Frank Hossfeld <frank.hossfeld@googlemail.com>
  ~
  ~ Licensed under the Apache License, Version 2.0 (the ""License"");
  ~  you may not use this file except in compliance with the License.
  ~ You may obtain a copy of the License at
  ~
  ~ http://www.apache.org/licenses/LICENSE-2.0
  ~
  ~ Unless required by applicable law or agreed to in writing, software
  ~ distributed under the License is distributed on an ""AS IS"" BASIS,
  ~ WITHOUT WARRANTIES OR CONDITIONS OF ANY KIND, either express or implied.
  ~ See the License for the specific language governing permissions and
  ~ limitations under the License.
  ~
  -->",[],Maven,0,3,18
14945,nalukit/nalu-examples,https://github.com/nalukit/nalu-examples/blob/79ae10366bad83e871fbe2eb13a985d21cd5ee73/nalu-complex-app-example/nalu-complex-app-example-client/pom.xml#L137,<!--          <style>PRETTY</style>-->,[],Maven,10,137,137
14945,nalukit/nalu-examples,https://github.com/nalukit/nalu-examples/blob/79ae10366bad83e871fbe2eb13a985d21cd5ee73/nalu-complex-app-example/nalu-complex-app-example-module-person/pom.xml#L3,"<!--
  ~ Copyright (C) 2018 - 2021 Frank Hossfeld <frank.hossfeld@googlemail.com>
  ~
  ~ Licensed under the Apache License, Version 2.0 (the ""License"");
  ~  you may not use this file except in compliance with the License.
  ~ You may obtain a copy of the License at
  ~
  ~ http://www.apache.org/licenses/LICENSE-2.0
  ~
  ~ Unless required by applicable law or agreed to in writing, software
  ~ distributed under the License is distributed on an ""AS IS"" BASIS,
  ~ WITHOUT WARRANTIES OR CONDITIONS OF ANY KIND, either express or implied.
  ~ See the License for the specific language governing permissions and
  ~ limitations under the License.
  ~
  -->",[],Maven,0,3,18
14945,nalukit/nalu-examples,https://github.com/nalukit/nalu-examples/blob/79ae10366bad83e871fbe2eb13a985d21cd5ee73/nalu-complex-app-example/nalu-complex-app-example-server/pom.xml#L3,"<!--
  ~ Copyright (C) 2018 - 2021 Frank Hossfeld <frank.hossfeld@googlemail.com>
  ~
  ~ Licensed under the Apache License, Version 2.0 (the ""License"");
  ~  you may not use this file except in compliance with the License.
  ~ You may obtain a copy of the License at
  ~
  ~ http://www.apache.org/licenses/LICENSE-2.0
  ~
  ~ Unless required by applicable law or agreed to in writing, software
  ~ distributed under the License is distributed on an ""AS IS"" BASIS,
  ~ WITHOUT WARRANTIES OR CONDITIONS OF ANY KIND, either express or implied.
  ~ See the License for the specific language governing permissions and
  ~ limitations under the License.
  ~
  -->",[],Maven,0,3,18
14945,nalukit/nalu-examples,https://github.com/nalukit/nalu-examples/blob/79ae10366bad83e871fbe2eb13a985d21cd5ee73/nalu-complex-app-example/nalu-complex-app-example-server/pom.xml#L62,<!-- Needed for Async Logging with Log4j 2 -->,[],Maven,4,62,62
14945,nalukit/nalu-examples,https://github.com/nalukit/nalu-examples/blob/79ae10366bad83e871fbe2eb13a985d21cd5ee73/nalu-complex-app-example/nalu-complex-app-example-server/pom.xml#L84,<!-- https://mvnrepository.com/artifact/javax.servlet/servlet-api -->,[],Maven,4,84,84
14945,nalukit/nalu-examples,https://github.com/nalukit/nalu-examples/blob/79ae10366bad83e871fbe2eb13a985d21cd5ee73/nalu-complex-app-example/nalu-complex-app-example-shared/pom.xml#L3,"<!--
  ~ Copyright (C) 2018 - 2021 Frank Hossfeld <frank.hossfeld@googlemail.com>
  ~
  ~ Licensed under the Apache License, Version 2.0 (the ""License"");
  ~  you may not use this file except in compliance with the License.
  ~ You may obtain a copy of the License at
  ~
  ~ http://www.apache.org/licenses/LICENSE-2.0
  ~
  ~ Unless required by applicable law or agreed to in writing, software
  ~ distributed under the License is distributed on an ""AS IS"" BASIS,
  ~ WITHOUT WARRANTIES OR CONDITIONS OF ANY KIND, either express or implied.
  ~ See the License for the specific language governing permissions and
  ~ limitations under the License.
  ~
  -->",[],Maven,0,3,18
