repoIndex,repoName,linkLocation,comment,keywords,buildSysteminFile,charPosition,startLine,endLine
15051,microfocus/almoctanejavarestsdk,https://github.com/microfocus/almoctanejavarestsdk/blob/27db3350eee29cdaf59d31266c8dac893e5460d2/pom.xml#L2,"<!--

    © Copyright 2016-2021 Micro Focus or one of its affiliates.
    Licensed under the Apache License, Version 2.0 (the ""License"");
    you may not use this file except in compliance with the License.
    You may obtain a copy of the License at
      http://www.apache.org/licenses/LICENSE-2.0

    Unless required by applicable law or agreed to in writing, software
    distributed under the License is distributed on an ""AS IS"" BASIS,
    WITHOUT WARRANTIES OR CONDITIONS OF ANY KIND, either express or implied.
    See the License for the specific language governing permissions and
    limitations under the License.

-->",[],Maven,0,2,16
15051,microfocus/almoctanejavarestsdk,https://github.com/microfocus/almoctanejavarestsdk/blob/27db3350eee29cdaf59d31266c8dac893e5460d2/pom.xml#L100,<!-- Logging -->,[],Maven,8,100,100
15051,microfocus/almoctanejavarestsdk,https://github.com/microfocus/almoctanejavarestsdk/blob/27db3350eee29cdaf59d31266c8dac893e5460d2/pom.xml#L189,"<!-- License headers are checked during the verify phase, the build will fail if a file is missing the header. -->",[],Maven,8,189,189
15051,microfocus/almoctanejavarestsdk,https://github.com/microfocus/almoctanejavarestsdk/blob/27db3350eee29cdaf59d31266c8dac893e5460d2/pom.xml#L191,<!-- mvn com.mycila:license-maven-plugin:format (add headers if missing) -->,[],Maven,8,191,191
15051,microfocus/almoctanejavarestsdk,https://github.com/microfocus/almoctanejavarestsdk/blob/27db3350eee29cdaf59d31266c8dac893e5460d2/pom.xml#L192,<!-- mvn com.mycila:license-maven-plugin:remove (remove existing header) -->,[],Maven,8,192,192
15051,microfocus/almoctanejavarestsdk,https://github.com/microfocus/almoctanejavarestsdk/blob/27db3350eee29cdaf59d31266c8dac893e5460d2/pom.xml#L199,<!-- Update this file accordingly to change the license everywhere -->,[],Maven,20,199,199
15051,microfocus/almoctanejavarestsdk,https://github.com/microfocus/almoctanejavarestsdk/blob/27db3350eee29cdaf59d31266c8dac893e5460d2/pom.xml#L210,<!-- Taken from third-party -->,[],Maven,24,210,210
15051,microfocus/almoctanejavarestsdk,https://github.com/microfocus/almoctanejavarestsdk/blob/27db3350eee29cdaf59d31266c8dac893e5460d2/pom.xml#L216,"<!--Do not use javadoc comments for .java files, use only /* -->",[],Maven,24,216,216
15051,microfocus/almoctanejavarestsdk,https://github.com/microfocus/almoctanejavarestsdk/blob/27db3350eee29cdaf59d31266c8dac893e5460d2/pom.xml#L217,<!--Not sure why that's the default.-->,[],Maven,24,217,217
15051,microfocus/almoctanejavarestsdk,https://github.com/microfocus/almoctanejavarestsdk/blob/27db3350eee29cdaf59d31266c8dac893e5460d2/sdk-extension/pom.xml#L2,"<!--

    © Copyright 2016-2021 Micro Focus or one of its affiliates.
    Licensed under the Apache License, Version 2.0 (the ""License"");
    you may not use this file except in compliance with the License.
    You may obtain a copy of the License at
      http://www.apache.org/licenses/LICENSE-2.0

    Unless required by applicable law or agreed to in writing, software
    distributed under the License is distributed on an ""AS IS"" BASIS,
    WITHOUT WARRANTIES OR CONDITIONS OF ANY KIND, either express or implied.
    See the License for the specific language governing permissions and
    limitations under the License.

-->",[],Maven,0,2,16
15051,microfocus/almoctanejavarestsdk,https://github.com/microfocus/almoctanejavarestsdk/blob/27db3350eee29cdaf59d31266c8dac893e5460d2/sdk-extension/sdk-extension-src/pom.xml#L2,"<!--

    © Copyright 2016-2021 Micro Focus or one of its affiliates.
    Licensed under the Apache License, Version 2.0 (the ""License"");
    you may not use this file except in compliance with the License.
    You may obtain a copy of the License at
      http://www.apache.org/licenses/LICENSE-2.0

    Unless required by applicable law or agreed to in writing, software
    distributed under the License is distributed on an ""AS IS"" BASIS,
    WITHOUT WARRANTIES OR CONDITIONS OF ANY KIND, either express or implied.
    See the License for the specific language governing permissions and
    limitations under the License.

-->",[],Maven,0,2,16
15051,microfocus/almoctanejavarestsdk,https://github.com/microfocus/almoctanejavarestsdk/blob/27db3350eee29cdaf59d31266c8dac893e5460d2/sdk-extension/sdk-extension-usage-examples/pom.xml#L2,"<!--

    © Copyright 2016-2021 Micro Focus or one of its affiliates.
    Licensed under the Apache License, Version 2.0 (the ""License"");
    you may not use this file except in compliance with the License.
    You may obtain a copy of the License at
      http://www.apache.org/licenses/LICENSE-2.0

    Unless required by applicable law or agreed to in writing, software
    distributed under the License is distributed on an ""AS IS"" BASIS,
    WITHOUT WARRANTIES OR CONDITIONS OF ANY KIND, either express or implied.
    See the License for the specific language governing permissions and
    limitations under the License.

-->",[],Maven,0,2,16
15051,microfocus/almoctanejavarestsdk,https://github.com/microfocus/almoctanejavarestsdk/blob/27db3350eee29cdaf59d31266c8dac893e5460d2/sdk-generate-entity-models-maven-plugin/pom.xml#L2,"<!--

    © Copyright 2016-2021 Micro Focus or one of its affiliates.
    Licensed under the Apache License, Version 2.0 (the ""License"");
    you may not use this file except in compliance with the License.
    You may obtain a copy of the License at
      http://www.apache.org/licenses/LICENSE-2.0

    Unless required by applicable law or agreed to in writing, software
    distributed under the License is distributed on an ""AS IS"" BASIS,
    WITHOUT WARRANTIES OR CONDITIONS OF ANY KIND, either express or implied.
    See the License for the specific language governing permissions and
    limitations under the License.

-->",[],Maven,0,2,16
15051,microfocus/almoctanejavarestsdk,https://github.com/microfocus/almoctanejavarestsdk/blob/27db3350eee29cdaf59d31266c8dac893e5460d2/sdk-integration-tests/pom.xml#L2,"<!--

    © Copyright 2016-2021 Micro Focus or one of its affiliates.
    Licensed under the Apache License, Version 2.0 (the ""License"");
    you may not use this file except in compliance with the License.
    You may obtain a copy of the License at
      http://www.apache.org/licenses/LICENSE-2.0

    Unless required by applicable law or agreed to in writing, software
    distributed under the License is distributed on an ""AS IS"" BASIS,
    WITHOUT WARRANTIES OR CONDITIONS OF ANY KIND, either express or implied.
    See the License for the specific language governing permissions and
    limitations under the License.

-->",[],Maven,0,2,16
15051,microfocus/almoctanejavarestsdk,https://github.com/microfocus/almoctanejavarestsdk/blob/27db3350eee29cdaf59d31266c8dac893e5460d2/sdk-src/pom.xml#L2,"<!--

    © Copyright 2016-2021 Micro Focus or one of its affiliates.
    Licensed under the Apache License, Version 2.0 (the ""License"");
    you may not use this file except in compliance with the License.
    You may obtain a copy of the License at
      http://www.apache.org/licenses/LICENSE-2.0

    Unless required by applicable law or agreed to in writing, software
    distributed under the License is distributed on an ""AS IS"" BASIS,
    WITHOUT WARRANTIES OR CONDITIONS OF ANY KIND, either express or implied.
    See the License for the specific language governing permissions and
    limitations under the License.

-->",[],Maven,0,2,16
15051,microfocus/almoctanejavarestsdk,https://github.com/microfocus/almoctanejavarestsdk/blob/27db3350eee29cdaf59d31266c8dac893e5460d2/sdk-usage-examples/pom.xml#L2,"<!--

    © Copyright 2016-2021 Micro Focus or one of its affiliates.
    Licensed under the Apache License, Version 2.0 (the ""License"");
    you may not use this file except in compliance with the License.
    You may obtain a copy of the License at
      http://www.apache.org/licenses/LICENSE-2.0

    Unless required by applicable law or agreed to in writing, software
    distributed under the License is distributed on an ""AS IS"" BASIS,
    WITHOUT WARRANTIES OR CONDITIONS OF ANY KIND, either express or implied.
    See the License for the specific language governing permissions and
    limitations under the License.

-->",[],Maven,0,2,16
