repoIndex,repoName,linkLocation,comment,keywords,buildSysteminFile,charPosition,startLine,endLine
16821,mypetorg/mypet,https://github.com/mypetorg/mypet/blob/df3f0dc6c7fdc78f6347723524de768f24459872/pom.xml#L1,"<!--
  ~ This file is part of MyPet
  ~
  ~ Copyright © 2011-2020 Keyle
  ~ MyPet is licensed under the GNU Lesser General Public License.
  ~
  ~ MyPet is free software: you can redistribute it and/or modify
  ~ it under the terms of the GNU General Public License as published by
  ~ the Free Software Foundation, either version 3 of the License, or
  ~ (at your option) any later version.
  ~
  ~ MyPet is distributed in the hope that it will be useful,
  ~ but WITHOUT ANY WARRANTY; without even the implied warranty of
  ~ MERCHANTABILITY or FITNESS FOR A PARTICULAR PURPOSE. See the
  ~ GNU General Public License for more details.
  ~
  ~ You should have received a copy of the GNU General Public License
  ~ along with this program. If not, see <http://www.gnu.org/licenses/>.
  -->",[],Maven,0,1,19
16821,mypetorg/mypet,https://github.com/mypetorg/mypet/blob/df3f0dc6c7fdc78f6347723524de768f24459872/pom.xml#L110,<!-- https://www.spigotmc.org/resources/citizens.13811/ -->,[],Maven,12,110,110
16821,mypetorg/mypet,https://github.com/mypetorg/mypet/blob/df3f0dc6c7fdc78f6347723524de768f24459872/pom.xml#L118,<!-- https://www.spigotmc.org/resources/pvpdifftimer.52205/ -->,[],Maven,12,118,118
16821,mypetorg/mypet,https://github.com/mypetorg/mypet/blob/df3f0dc6c7fdc78f6347723524de768f24459872/pom.xml#L126,<!-- https://www.spigotmc.org/resources/minigames.19687/ -->,[],Maven,12,126,126
16821,mypetorg/mypet,https://github.com/mypetorg/mypet/blob/df3f0dc6c7fdc78f6347723524de768f24459872/pom.xml#L134,<!-- Legacy version -->,[],Maven,12,134,134
16821,mypetorg/mypet,https://github.com/mypetorg/mypet/blob/df3f0dc6c7fdc78f6347723524de768f24459872/pom.xml#L142,<!-- https://www.spigotmc.org/resources/plotsquared.1177/ -->,[],Maven,12,142,142
16821,mypetorg/mypet,https://github.com/mypetorg/mypet/blob/df3f0dc6c7fdc78f6347723524de768f24459872/pom.xml#L160,<!-- https://dev.bukkit.org/projects/mythicmobs -->,[],Maven,12,160,160
16821,mypetorg/mypet,https://github.com/mypetorg/mypet/blob/df3f0dc6c7fdc78f6347723524de768f24459872/pom.xml#L168,<!-- https://dev.bukkit.org/projects/mythicmobs -->,[],Maven,12,168,168
16821,mypetorg/mypet,https://github.com/mypetorg/mypet/blob/df3f0dc6c7fdc78f6347723524de768f24459872/pom.xml#L175,<!-- http://dev.bukkit.org/bukkit-plugins/vault/ -->,[],Maven,12,175,175
16821,mypetorg/mypet,https://github.com/mypetorg/mypet/blob/df3f0dc6c7fdc78f6347723524de768f24459872/pom.xml#L184,<!-- https://www.spigotmc.org/resources/mcmmo.2445/ -->,[],Maven,12,184,184
16821,mypetorg/mypet,https://github.com/mypetorg/mypet/blob/df3f0dc6c7fdc78f6347723524de768f24459872/pom.xml#L192,<!-- http://dev.bukkit.org/bukkit-plugins/worldguard/ -->,[],Maven,12,192,192
16821,mypetorg/mypet,https://github.com/mypetorg/mypet/blob/df3f0dc6c7fdc78f6347723524de768f24459872/pom.xml#L200,<!-- http://dev.bukkit.org/bukkit-plugins/worldguard/ -->,[],Maven,12,200,200
16821,mypetorg/mypet,https://github.com/mypetorg/mypet/blob/df3f0dc6c7fdc78f6347723524de768f24459872/pom.xml#L208,<!-- https://dev.bukkit.org/projects/worldedit -->,[],Maven,12,208,208
16821,mypetorg/mypet,https://github.com/mypetorg/mypet/blob/df3f0dc6c7fdc78f6347723524de768f24459872/pom.xml#L216,<!-- http://dev.bukkit.org/bukkit-plugins/worldguard-custom-flags/ -->,[],Maven,12,216,216
16821,mypetorg/mypet,https://github.com/mypetorg/mypet/blob/df3f0dc6c7fdc78f6347723524de768f24459872/pom.xml#L224,<!-- http://dev.bukkit.org/bukkit-plugins/ancient-rpg/ -->,[],Maven,12,224,224
16821,mypetorg/mypet,https://github.com/mypetorg/mypet/blob/df3f0dc6c7fdc78f6347723524de768f24459872/pom.xml#L232,<!-- http://dev.bukkit.org/bukkit-plugins/factions/ -->,[],Maven,12,232,232
16821,mypetorg/mypet,https://github.com/mypetorg/mypet/blob/df3f0dc6c7fdc78f6347723524de768f24459872/pom.xml#L240,<!-- http://dev.bukkit.org/bukkit-plugins/mcore/ -->,[],Maven,12,240,240
16821,mypetorg/mypet,https://github.com/mypetorg/mypet/blob/df3f0dc6c7fdc78f6347723524de768f24459872/pom.xml#L248,<!-- http://dev.bukkit.org/bukkit-plugins/mobarena/ -->,[],Maven,12,248,248
16821,mypetorg/mypet,https://github.com/mypetorg/mypet/blob/df3f0dc6c7fdc78f6347723524de768f24459872/pom.xml#L256,<!-- https://www.spigotmc.org/resources/battle-arena.2164/ -->,[],Maven,12,256,256
16821,mypetorg/mypet,https://github.com/mypetorg/mypet/blob/df3f0dc6c7fdc78f6347723524de768f24459872/pom.xml#L264,<!-- https://www.spigotmc.org/resources/pvp-arena.16584/ -->,[],Maven,12,264,264
16821,mypetorg/mypet,https://github.com/mypetorg/mypet/blob/df3f0dc6c7fdc78f6347723524de768f24459872/pom.xml#L272,<!-- http://dev.bukkit.org/bukkit-plugins/ultimatesurvivalgames/ -->,[],Maven,12,272,272
16821,mypetorg/mypet,https://github.com/mypetorg/mypet/blob/df3f0dc6c7fdc78f6347723524de768f24459872/pom.xml#L280,<!-- https://www.spigotmc.org/resources/survival-games.17740/ -->,[],Maven,12,280,280
16821,mypetorg/mypet,https://github.com/mypetorg/mypet/blob/df3f0dc6c7fdc78f6347723524de768f24459872/pom.xml#L288,<!-- http://ltcraft.lt/Residence/ -->,[],Maven,12,288,288
16821,mypetorg/mypet,https://github.com/mypetorg/mypet/blob/df3f0dc6c7fdc78f6347723524de768f24459872/pom.xml#L296,<!-- http://towny.palmergames.com/ -->,[],Maven,12,296,296
16821,mypetorg/mypet,https://github.com/mypetorg/mypet/blob/df3f0dc6c7fdc78f6347723524de768f24459872/pom.xml#L304,<!-- http://104.236.246.108:8080/job/SimpleClans/ -->,[],Maven,12,304,304
16821,mypetorg/mypet,https://github.com/mypetorg/mypet/blob/df3f0dc6c7fdc78f6347723524de768f24459872/pom.xml#L312,<!-- https://www.spigotmc.org/resources/redprotect-for-all-versions-anti-grief-server-protection.15841/ -->,[],Maven,12,312,312
16821,mypetorg/mypet,https://github.com/mypetorg/mypet/blob/df3f0dc6c7fdc78f6347723524de768f24459872/pom.xml#L320,<!-- http://dev.bukkit.org/bukkit-plugins/grief-prevention/ -->,[],Maven,12,320,320
16821,mypetorg/mypet,https://github.com/mypetorg/mypet/blob/df3f0dc6c7fdc78f6347723524de768f24459872/pom.xml#L335,<!-- http://dev.bukkit.org/bukkit-plugins/pvpmanager/ -->,[],Maven,12,335,335
16821,mypetorg/mypet,https://github.com/mypetorg/mypet/blob/df3f0dc6c7fdc78f6347723524de768f24459872/pom.xml#L343,<!-- https://www.spigotmc.org/resources/kingdoms-plugin-demo.6392/ -->,[],Maven,12,343,343
16821,mypetorg/mypet,https://github.com/mypetorg/mypet/blob/df3f0dc6c7fdc78f6347723524de768f24459872/pom.xml#L351,<!-- http://dev.bukkit.org/bukkit-plugins/heroes/ -->,[],Maven,12,351,351
16821,mypetorg/mypet,https://github.com/mypetorg/mypet/blob/df3f0dc6c7fdc78f6347723524de768f24459872/pom.xml#L359,<!-- https://www.spigotmc.org/resources/skillapi.4824/ -->,[],Maven,12,359,359
16821,mypetorg/mypet,https://github.com/mypetorg/mypet/blob/df3f0dc6c7fdc78f6347723524de768f24459872/pom.xml#L367,<!-- https://github.com/TheComputerGeek2/MagicSpells -->,[],Maven,12,367,367
16821,mypetorg/mypet,https://github.com/mypetorg/mypet/blob/df3f0dc6c7fdc78f6347723524de768f24459872/pom.xml#L375,<!-- https://www.spigotmc.org/resources/protocollib.1997/ -->,[],Maven,12,375,375
16821,mypetorg/mypet,https://github.com/mypetorg/mypet/blob/df3f0dc6c7fdc78f6347723524de768f24459872/pom.xml#L383,<!-- https://www.spigotmc.org/resources/placeholderapi.6245/ -->,[],Maven,12,383,383
16821,mypetorg/mypet,https://github.com/mypetorg/mypet/blob/df3f0dc6c7fdc78f6347723524de768f24459872/pom.xml#L390,<!-- https://www.spigotmc.org/resources/nocheatplus2015-07-25.26/ -->,[],Maven,12,390,390
16821,mypetorg/mypet,https://github.com/mypetorg/mypet/blob/df3f0dc6c7fdc78f6347723524de768f24459872/pom.xml#L398,<!-- https://www.spigotmc.org/resources/supervanish-be-invisible.1331/ -->,[],Maven,12,398,398
16821,mypetorg/mypet,https://github.com/mypetorg/mypet/blob/df3f0dc6c7fdc78f6347723524de768f24459872/pom.xml#L406,<!-- https://www.spigotmc.org/resources/preciousstones.5270/ -->,[],Maven,12,406,406
16821,mypetorg/mypet,https://github.com/mypetorg/mypet/blob/df3f0dc6c7fdc78f6347723524de768f24459872/pom.xml#L414,<!-- https://www.spigotmc.org/resources/%E2%8C%BE-miniaturepets-%E2%8C%BE-custom-mobs-great-for-eula.23991/ -->,[],Maven,12,414,414
16821,mypetorg/mypet,https://github.com/mypetorg/mypet/blob/df3f0dc6c7fdc78f6347723524de768f24459872/pom.xml#L422,<!-- https://www.spigotmc.org/resources/combatlogx.31689/ -->,[],Maven,12,422,422
16821,mypetorg/mypet,https://github.com/mypetorg/mypet/blob/df3f0dc6c7fdc78f6347723524de768f24459872/pom.xml#L430,<!-- https://www.spigotmc.org/resources/mobstacker-merge-mobs-together-opensource.52459/ -->,[],Maven,12,430,430
16821,mypetorg/mypet,https://github.com/mypetorg/mypet/blob/df3f0dc6c7fdc78f6347723524de768f24459872/pom.xml#L438,<!-- https://www.spigotmc.org/resources/mobstacker.15596/ -->,[],Maven,12,438,438
16821,mypetorg/mypet,https://github.com/mypetorg/mypet/blob/df3f0dc6c7fdc78f6347723524de768f24459872/pom.xml#L446,<!-- https://www.spigotmc.org/resources/stackmob-enhance-your-servers-performance.29999/ -->,[],Maven,12,446,446
16821,mypetorg/mypet,https://github.com/mypetorg/mypet/blob/df3f0dc6c7fdc78f6347723524de768f24459872/pom.xml#L454,<!-- https://www.spigotmc.org/resources/guilds-v3-guilds-reborn-is-live.48920/ -->,[],Maven,12,454,454
16821,mypetorg/mypet,https://github.com/mypetorg/mypet/blob/df3f0dc6c7fdc78f6347723524de768f24459872/pom.xml#L462,<!-- https://www.spigotmc.org/resources/53313/ -->,[],Maven,12,462,462
16821,mypetorg/mypet,https://github.com/mypetorg/mypet/blob/df3f0dc6c7fdc78f6347723524de768f24459872/modules/API/pom.xml#L1,"<!--
  ~ This file is part of MyPet
  ~
  ~ Copyright © 2011-2020 Keyle
  ~ MyPet is licensed under the GNU Lesser General Public License.
  ~
  ~ MyPet is free software: you can redistribute it and/or modify
  ~ it under the terms of the GNU General Public License as published by
  ~ the Free Software Foundation, either version 3 of the License, or
  ~ (at your option) any later version.
  ~
  ~ MyPet is distributed in the hope that it will be useful,
  ~ but WITHOUT ANY WARRANTY; without even the implied warranty of
  ~ MERCHANTABILITY or FITNESS FOR A PARTICULAR PURPOSE. See the
  ~ GNU General Public License for more details.
  ~
  ~ You should have received a copy of the GNU General Public License
  ~ along with this program. If not, see <http://www.gnu.org/licenses/>.
  -->",[],Maven,0,1,19
16821,mypetorg/mypet,https://github.com/mypetorg/mypet/blob/df3f0dc6c7fdc78f6347723524de768f24459872/modules/GUI/pom.xml#L1,"<!--
  ~ This file is part of MyPet
  ~
  ~ Copyright © 2011-2020 Keyle
  ~ MyPet is licensed under the GNU Lesser General Public License.
  ~
  ~ MyPet is free software: you can redistribute it and/or modify
  ~ it under the terms of the GNU General Public License as published by
  ~ the Free Software Foundation, either version 3 of the License, or
  ~ (at your option) any later version.
  ~
  ~ MyPet is distributed in the hope that it will be useful,
  ~ but WITHOUT ANY WARRANTY; without even the implied warranty of
  ~ MERCHANTABILITY or FITNESS FOR A PARTICULAR PURPOSE. See the
  ~ GNU General Public License for more details.
  ~
  ~ You should have received a copy of the GNU General Public License
  ~ along with this program. If not, see <http://www.gnu.org/licenses/>.
  -->",[],Maven,0,1,19
16821,mypetorg/mypet,https://github.com/mypetorg/mypet/blob/df3f0dc6c7fdc78f6347723524de768f24459872/modules/MyPet/pom.xml#L1,"<!--
  ~ This file is part of MyPet
  ~
  ~ Copyright © 2011-2020 Keyle
  ~ MyPet is licensed under the GNU Lesser General Public License.
  ~
  ~ MyPet is free software: you can redistribute it and/or modify
  ~ it under the terms of the GNU General Public License as published by
  ~ the Free Software Foundation, either version 3 of the License, or
  ~ (at your option) any later version.
  ~
  ~ MyPet is distributed in the hope that it will be useful,
  ~ but WITHOUT ANY WARRANTY; without even the implied warranty of
  ~ MERCHANTABILITY or FITNESS FOR A PARTICULAR PURPOSE. See the
  ~ GNU General Public License for more details.
  ~
  ~ You should have received a copy of the GNU General Public License
  ~ along with this program. If not, see <http://www.gnu.org/licenses/>.
  -->",[],Maven,0,1,19
16821,mypetorg/mypet,https://github.com/mypetorg/mypet/blob/df3f0dc6c7fdc78f6347723524de768f24459872/modules/MyPet/pom.xml#L101,<!--suppress UnresolvedMavenProperty -->,[],Maven,28,101,101
16821,mypetorg/mypet,https://github.com/mypetorg/mypet/blob/df3f0dc6c7fdc78f6347723524de768f24459872/modules/MyPet/pom.xml#L106,<!--suppress UnresolvedMavenProperty -->,[],Maven,28,106,106
16821,mypetorg/mypet,https://github.com/mypetorg/mypet/blob/df3f0dc6c7fdc78f6347723524de768f24459872/modules/Plugin/pom.xml#L1,"<!--
  ~ This file is part of MyPet
  ~
  ~ Copyright © 2011-2020 Keyle
  ~ MyPet is licensed under the GNU Lesser General Public License.
  ~
  ~ MyPet is free software: you can redistribute it and/or modify
  ~ it under the terms of the GNU General Public License as published by
  ~ the Free Software Foundation, either version 3 of the License, or
  ~ (at your option) any later version.
  ~
  ~ MyPet is distributed in the hope that it will be useful,
  ~ but WITHOUT ANY WARRANTY; without even the implied warranty of
  ~ MERCHANTABILITY or FITNESS FOR A PARTICULAR PURPOSE. See the
  ~ GNU General Public License for more details.
  ~
  ~ You should have received a copy of the GNU General Public License
  ~ along with this program. If not, see <http://www.gnu.org/licenses/>.
  -->",[],Maven,0,1,19
16821,mypetorg/mypet,https://github.com/mypetorg/mypet/blob/df3f0dc6c7fdc78f6347723524de768f24459872/modules/Skills/pom.xml#L1,"<!--
  ~ This file is part of MyPet
  ~
  ~ Copyright © 2011-2020 Keyle
  ~ MyPet is licensed under the GNU Lesser General Public License.
  ~
  ~ MyPet is free software: you can redistribute it and/or modify
  ~ it under the terms of the GNU General Public License as published by
  ~ the Free Software Foundation, either version 3 of the License, or
  ~ (at your option) any later version.
  ~
  ~ MyPet is distributed in the hope that it will be useful,
  ~ but WITHOUT ANY WARRANTY; without even the implied warranty of
  ~ MERCHANTABILITY or FITNESS FOR A PARTICULAR PURPOSE. See the
  ~ GNU General Public License for more details.
  ~
  ~ You should have received a copy of the GNU General Public License
  ~ along with this program. If not, see <http://www.gnu.org/licenses/>.
  -->",[],Maven,0,1,19
16821,mypetorg/mypet,https://github.com/mypetorg/mypet/blob/df3f0dc6c7fdc78f6347723524de768f24459872/modules/v1_12_R1/pom.xml#L1,"<!--
  ~ This file is part of MyPet
  ~
  ~ Copyright © 2011-2020 Keyle
  ~ MyPet is licensed under the GNU Lesser General Public License.
  ~
  ~ MyPet is free software: you can redistribute it and/or modify
  ~ it under the terms of the GNU General Public License as published by
  ~ the Free Software Foundation, either version 3 of the License, or
  ~ (at your option) any later version.
  ~
  ~ MyPet is distributed in the hope that it will be useful,
  ~ but WITHOUT ANY WARRANTY; without even the implied warranty of
  ~ MERCHANTABILITY or FITNESS FOR A PARTICULAR PURPOSE. See the
  ~ GNU General Public License for more details.
  ~
  ~ You should have received a copy of the GNU General Public License
  ~ along with this program. If not, see <http://www.gnu.org/licenses/>.
  -->",[],Maven,0,1,19
16821,mypetorg/mypet,https://github.com/mypetorg/mypet/blob/df3f0dc6c7fdc78f6347723524de768f24459872/modules/v1_16_R1/pom.xml#L1,"<!--
  ~ This file is part of MyPet
  ~
  ~ Copyright © 2011-2020 Keyle
  ~ MyPet is licensed under the GNU Lesser General Public License.
  ~
  ~ MyPet is free software: you can redistribute it and/or modify
  ~ it under the terms of the GNU General Public License as published by
  ~ the Free Software Foundation, either version 3 of the License, or
  ~ (at your option) any later version.
  ~
  ~ MyPet is distributed in the hope that it will be useful,
  ~ but WITHOUT ANY WARRANTY; without even the implied warranty of
  ~ MERCHANTABILITY or FITNESS FOR A PARTICULAR PURPOSE. See the
  ~ GNU General Public License for more details.
  ~
  ~ You should have received a copy of the GNU General Public License
  ~ along with this program. If not, see <http://www.gnu.org/licenses/>.
  -->",[],Maven,0,1,19
16821,mypetorg/mypet,https://github.com/mypetorg/mypet/blob/df3f0dc6c7fdc78f6347723524de768f24459872/modules/v1_8_R3/pom.xml#L1,"<!--
  ~ This file is part of MyPet
  ~
  ~ Copyright © 2011-2020 Keyle
  ~ MyPet is licensed under the GNU Lesser General Public License.
  ~
  ~ MyPet is free software: you can redistribute it and/or modify
  ~ it under the terms of the GNU General Public License as published by
  ~ the Free Software Foundation, either version 3 of the License, or
  ~ (at your option) any later version.
  ~
  ~ MyPet is distributed in the hope that it will be useful,
  ~ but WITHOUT ANY WARRANTY; without even the implied warranty of
  ~ MERCHANTABILITY or FITNESS FOR A PARTICULAR PURPOSE. See the
  ~ GNU General Public License for more details.
  ~
  ~ You should have received a copy of the GNU General Public License
  ~ along with this program. If not, see <http://www.gnu.org/licenses/>.
  -->",[],Maven,0,1,19
16821,mypetorg/mypet,https://github.com/mypetorg/mypet/blob/df3f0dc6c7fdc78f6347723524de768f24459872/modules/v1_9_R2/pom.xml#L1,"<!--
  ~ This file is part of MyPet
  ~
  ~ Copyright © 2011-2020 Keyle
  ~ MyPet is licensed under the GNU Lesser General Public License.
  ~
  ~ MyPet is free software: you can redistribute it and/or modify
  ~ it under the terms of the GNU General Public License as published by
  ~ the Free Software Foundation, either version 3 of the License, or
  ~ (at your option) any later version.
  ~
  ~ MyPet is distributed in the hope that it will be useful,
  ~ but WITHOUT ANY WARRANTY; without even the implied warranty of
  ~ MERCHANTABILITY or FITNESS FOR A PARTICULAR PURPOSE. See the
  ~ GNU General Public License for more details.
  ~
  ~ You should have received a copy of the GNU General Public License
  ~ along with this program. If not, see <http://www.gnu.org/licenses/>.
  -->",[],Maven,0,1,19
