repoIndex,repoName,linkLocation,comment,keywords,buildSysteminFile,charPosition,startLine,endLine
17095,sinkyoungdeok/spring,https://github.com/sinkyoungdeok/spring/blob/2ef3cdd79c66e8731dff596ec0e46f0fffe7c1db/spring-in-action/chapter11-12/tacocloud-cassandra/tacocloud-api/pom.xml#L26,<!-- TacoCloud dependencies -->,[],Maven,2,26,26
17095,sinkyoungdeok/spring,https://github.com/sinkyoungdeok/spring/blob/2ef3cdd79c66e8731dff596ec0e46f0fffe7c1db/spring-in-action/chapter11-12/tacocloud-cassandra/tacocloud-api/pom.xml#L42,"<!--  		<dependency>
			<groupId>sia</groupId>
			<artifactId>tacocloud-messaging-jms</artifactId>
			<version>${tacocloud.version}</version>
		</dependency> -->",[],Maven,0,42,46
17095,sinkyoungdeok/spring,https://github.com/sinkyoungdeok/spring/blob/2ef3cdd79c66e8731dff596ec0e46f0fffe7c1db/spring-in-action/chapter11-12/tacocloud-cassandra/tacocloud-api/pom.xml#L52,"<!--   		<dependency>
			<groupId>sia</groupId>
			<artifactId>tacocloud-messaging-kafka</artifactId>
			<version>${tacocloud.version}</version>
		</dependency> -->",[],Maven,0,52,56
17095,sinkyoungdeok/spring,https://github.com/sinkyoungdeok/spring/blob/2ef3cdd79c66e8731dff596ec0e46f0fffe7c1db/spring-in-action/chapter11-12/tacocloud-cassandra/tacocloud-api/pom.xml#L58,<!-- Necessary Boot starters -->,[],Maven,2,58,58
17095,sinkyoungdeok/spring,https://github.com/sinkyoungdeok/spring/blob/2ef3cdd79c66e8731dff596ec0e46f0fffe7c1db/spring-in-action/chapter11-12/tacocloud-cassandra/tacocloud-api/pom.xml#L68,<!-- Lombok -->,[],Maven,2,68,68
17095,sinkyoungdeok/spring,https://github.com/sinkyoungdeok/spring/blob/2ef3cdd79c66e8731dff596ec0e46f0fffe7c1db/spring-in-action/chapter11-12/tacocloud-cassandra/tacocloud-api/pom.xml#L75,<!-- Test dependencies -->,[],Maven,2,75,75
17095,sinkyoungdeok/spring,https://github.com/sinkyoungdeok/spring/blob/2ef3cdd79c66e8731dff596ec0e46f0fffe7c1db/spring-in-action/chapter11-12/tacocloud-cassandra/tacocloud-data/pom.xml#L26,<!-- TacoCloud dependencies -->,[],Maven,2,26,26
17095,sinkyoungdeok/spring,https://github.com/sinkyoungdeok/spring/blob/2ef3cdd79c66e8731dff596ec0e46f0fffe7c1db/spring-in-action/chapter11-12/tacocloud-cassandra/tacocloud-data/pom.xml#L33,<!-- Necessary Boot starters -->,[],Maven,2,33,33
17095,sinkyoungdeok/spring,https://github.com/sinkyoungdeok/spring/blob/2ef3cdd79c66e8731dff596ec0e46f0fffe7c1db/spring-in-action/chapter11-12/tacocloud-cassandra/tacocloud-data/pom.xml#L47,<!-- Lombok -->,[],Maven,2,47,47
17095,sinkyoungdeok/spring,https://github.com/sinkyoungdeok/spring/blob/2ef3cdd79c66e8731dff596ec0e46f0fffe7c1db/spring-in-action/chapter11-12/tacocloud-cassandra/tacocloud-data/pom.xml#L54,<!-- Test dependencies -->,[],Maven,2,54,54
17095,sinkyoungdeok/spring,https://github.com/sinkyoungdeok/spring/blob/2ef3cdd79c66e8731dff596ec0e46f0fffe7c1db/spring-in-action/chapter11-12/tacocloud-cassandra/tacocloud-domain/pom.xml#L26,<!-- Necessary Boot starters -->,[],Maven,2,26,26
17095,sinkyoungdeok/spring,https://github.com/sinkyoungdeok/spring/blob/2ef3cdd79c66e8731dff596ec0e46f0fffe7c1db/spring-in-action/chapter11-12/tacocloud-cassandra/tacocloud-domain/pom.xml#L40,<!-- Lombok -->,[],Maven,2,40,40
17095,sinkyoungdeok/spring,https://github.com/sinkyoungdeok/spring/blob/2ef3cdd79c66e8731dff596ec0e46f0fffe7c1db/spring-in-action/chapter11-12/tacocloud-cassandra/tacocloud-domain/pom.xml#L47,<!-- H2 - TBD if this is strictly necessary except for testing -->,[],Maven,2,47,47
17095,sinkyoungdeok/spring,https://github.com/sinkyoungdeok/spring/blob/2ef3cdd79c66e8731dff596ec0e46f0fffe7c1db/spring-in-action/chapter11-12/tacocloud-cassandra/tacocloud-domain/pom.xml#L54,<!-- Test dependencies -->,[],Maven,2,54,54
17095,sinkyoungdeok/spring,https://github.com/sinkyoungdeok/spring/blob/2ef3cdd79c66e8731dff596ec0e46f0fffe7c1db/spring-in-action/chapter11-12/tacocloud-cassandra/tacocloud-email/pom.xml#L26,<!-- Necessary Boot starters -->,[],Maven,2,26,26
17095,sinkyoungdeok/spring,https://github.com/sinkyoungdeok/spring/blob/2ef3cdd79c66e8731dff596ec0e46f0fffe7c1db/spring-in-action/chapter11-12/tacocloud-cassandra/tacocloud-email/pom.xml#L40,<!-- Misc dependencies -->,[],Maven,2,40,40
17095,sinkyoungdeok/spring,https://github.com/sinkyoungdeok/spring/blob/2ef3cdd79c66e8731dff596ec0e46f0fffe7c1db/spring-in-action/chapter11-12/tacocloud-cassandra/tacocloud-email/pom.xml#L52,<!-- Lombok -->,[],Maven,2,52,52
17095,sinkyoungdeok/spring,https://github.com/sinkyoungdeok/spring/blob/2ef3cdd79c66e8731dff596ec0e46f0fffe7c1db/spring-in-action/chapter11-12/tacocloud-cassandra/tacocloud-email/pom.xml#L59,<!-- Test dependencies -->,[],Maven,2,59,59
17095,sinkyoungdeok/spring,https://github.com/sinkyoungdeok/spring/blob/2ef3cdd79c66e8731dff596ec0e46f0fffe7c1db/spring-in-action/chapter11-12/tacocloud-cassandra/tacocloud-kitchen/pom.xml#L26,<!-- Necessary Boot starters -->,[],Maven,2,26,26
17095,sinkyoungdeok/spring,https://github.com/sinkyoungdeok/spring/blob/2ef3cdd79c66e8731dff596ec0e46f0fffe7c1db/spring-in-action/chapter11-12/tacocloud-cassandra/tacocloud-kitchen/pom.xml#L48,<!-- Lombok -->,[],Maven,2,48,48
17095,sinkyoungdeok/spring,https://github.com/sinkyoungdeok/spring/blob/2ef3cdd79c66e8731dff596ec0e46f0fffe7c1db/spring-in-action/chapter11-12/tacocloud-cassandra/tacocloud-kitchen/pom.xml#L55,<!-- Test dependencies -->,[],Maven,2,55,55
17095,sinkyoungdeok/spring,https://github.com/sinkyoungdeok/spring/blob/2ef3cdd79c66e8731dff596ec0e46f0fffe7c1db/spring-in-action/chapter11-12/tacocloud-cassandra/tacocloud-kitchen/pom.xml#L62,<!-- Dev Tools -->,[],Maven,2,62,62
17095,sinkyoungdeok/spring,https://github.com/sinkyoungdeok/spring/blob/2ef3cdd79c66e8731dff596ec0e46f0fffe7c1db/spring-in-action/chapter11-12/tacocloud-cassandra/tacocloud-messaging-jms/pom.xml#L26,<!-- TacoCloud dependencies -->,[],Maven,2,26,26
17095,sinkyoungdeok/spring,https://github.com/sinkyoungdeok/spring/blob/2ef3cdd79c66e8731dff596ec0e46f0fffe7c1db/spring-in-action/chapter11-12/tacocloud-cassandra/tacocloud-messaging-jms/pom.xml#L33,<!-- Necessary Boot starters -->,[],Maven,2,33,33
17095,sinkyoungdeok/spring,https://github.com/sinkyoungdeok/spring/blob/2ef3cdd79c66e8731dff596ec0e46f0fffe7c1db/spring-in-action/chapter11-12/tacocloud-cassandra/tacocloud-messaging-jms/pom.xml#L39,<!-- Lombok -->,[],Maven,2,39,39
17095,sinkyoungdeok/spring,https://github.com/sinkyoungdeok/spring/blob/2ef3cdd79c66e8731dff596ec0e46f0fffe7c1db/spring-in-action/chapter11-12/tacocloud-cassandra/tacocloud-messaging-jms/pom.xml#L46,<!-- Test dependencies -->,[],Maven,2,46,46
17095,sinkyoungdeok/spring,https://github.com/sinkyoungdeok/spring/blob/2ef3cdd79c66e8731dff596ec0e46f0fffe7c1db/spring-in-action/chapter11-12/tacocloud-cassandra/tacocloud-messaging-kafka/pom.xml#L26,<!-- TacoCloud dependencies -->,[],Maven,2,26,26
17095,sinkyoungdeok/spring,https://github.com/sinkyoungdeok/spring/blob/2ef3cdd79c66e8731dff596ec0e46f0fffe7c1db/spring-in-action/chapter11-12/tacocloud-cassandra/tacocloud-messaging-kafka/pom.xml#L33,<!-- Necessary Boot starters -->,[],Maven,2,33,33
17095,sinkyoungdeok/spring,https://github.com/sinkyoungdeok/spring/blob/2ef3cdd79c66e8731dff596ec0e46f0fffe7c1db/spring-in-action/chapter11-12/tacocloud-cassandra/tacocloud-messaging-kafka/pom.xml#L39,<!-- Lombok -->,[],Maven,2,39,39
17095,sinkyoungdeok/spring,https://github.com/sinkyoungdeok/spring/blob/2ef3cdd79c66e8731dff596ec0e46f0fffe7c1db/spring-in-action/chapter11-12/tacocloud-cassandra/tacocloud-messaging-kafka/pom.xml#L46,<!-- Test dependencies -->,[],Maven,2,46,46
17095,sinkyoungdeok/spring,https://github.com/sinkyoungdeok/spring/blob/2ef3cdd79c66e8731dff596ec0e46f0fffe7c1db/spring-in-action/chapter11-12/tacocloud-cassandra/tacocloud-messaging-rabbitmq/pom.xml#L26,<!-- TacoCloud dependencies -->,[],Maven,2,26,26
17095,sinkyoungdeok/spring,https://github.com/sinkyoungdeok/spring/blob/2ef3cdd79c66e8731dff596ec0e46f0fffe7c1db/spring-in-action/chapter11-12/tacocloud-cassandra/tacocloud-messaging-rabbitmq/pom.xml#L33,<!-- Necessary Boot starters -->,[],Maven,2,33,33
17095,sinkyoungdeok/spring,https://github.com/sinkyoungdeok/spring/blob/2ef3cdd79c66e8731dff596ec0e46f0fffe7c1db/spring-in-action/chapter11-12/tacocloud-cassandra/tacocloud-messaging-rabbitmq/pom.xml#L39,<!-- Lombok -->,[],Maven,2,39,39
17095,sinkyoungdeok/spring,https://github.com/sinkyoungdeok/spring/blob/2ef3cdd79c66e8731dff596ec0e46f0fffe7c1db/spring-in-action/chapter11-12/tacocloud-cassandra/tacocloud-messaging-rabbitmq/pom.xml#L46,<!-- Test dependencies -->,[],Maven,2,46,46
17095,sinkyoungdeok/spring,https://github.com/sinkyoungdeok/spring/blob/2ef3cdd79c66e8731dff596ec0e46f0fffe7c1db/spring-in-action/chapter11-12/tacocloud-cassandra/tacocloud-restclient/pom.xml#L26,<!-- TacoCloud dependencies -->,[],Maven,2,26,26
17095,sinkyoungdeok/spring,https://github.com/sinkyoungdeok/spring/blob/2ef3cdd79c66e8731dff596ec0e46f0fffe7c1db/spring-in-action/chapter11-12/tacocloud-cassandra/tacocloud-restclient/pom.xml#L33,<!-- Necessary Boot starters -->,[],Maven,2,33,33
17095,sinkyoungdeok/spring,https://github.com/sinkyoungdeok/spring/blob/2ef3cdd79c66e8731dff596ec0e46f0fffe7c1db/spring-in-action/chapter11-12/tacocloud-cassandra/tacocloud-restclient/pom.xml#L39,<!-- Lombok -->,[],Maven,2,39,39
17095,sinkyoungdeok/spring,https://github.com/sinkyoungdeok/spring/blob/2ef3cdd79c66e8731dff596ec0e46f0fffe7c1db/spring-in-action/chapter11-12/tacocloud-cassandra/tacocloud-restclient/pom.xml#L46,<!-- Misc -->,[],Maven,2,46,46
17095,sinkyoungdeok/spring,https://github.com/sinkyoungdeok/spring/blob/2ef3cdd79c66e8731dff596ec0e46f0fffe7c1db/spring-in-action/chapter11-12/tacocloud-cassandra/tacocloud-restclient/pom.xml#L52,<!-- Test dependencies -->,[],Maven,2,52,52
17095,sinkyoungdeok/spring,https://github.com/sinkyoungdeok/spring/blob/2ef3cdd79c66e8731dff596ec0e46f0fffe7c1db/spring-in-action/chapter11-12/tacocloud-cassandra/tacocloud-security/pom.xml#L26,<!-- TacoCloud dependencies -->,[],Maven,2,26,26
17095,sinkyoungdeok/spring,https://github.com/sinkyoungdeok/spring/blob/2ef3cdd79c66e8731dff596ec0e46f0fffe7c1db/spring-in-action/chapter11-12/tacocloud-cassandra/tacocloud-security/pom.xml#L38,<!-- Necessary Boot starters -->,[],Maven,2,38,38
17095,sinkyoungdeok/spring,https://github.com/sinkyoungdeok/spring/blob/2ef3cdd79c66e8731dff596ec0e46f0fffe7c1db/spring-in-action/chapter11-12/tacocloud-cassandra/tacocloud-security/pom.xml#L44,<!-- Lombok -->,[],Maven,2,44,44
17095,sinkyoungdeok/spring,https://github.com/sinkyoungdeok/spring/blob/2ef3cdd79c66e8731dff596ec0e46f0fffe7c1db/spring-in-action/chapter11-12/tacocloud-cassandra/tacocloud-security/pom.xml#L51,<!-- Test dependencies -->,[],Maven,2,51,51
17095,sinkyoungdeok/spring,https://github.com/sinkyoungdeok/spring/blob/2ef3cdd79c66e8731dff596ec0e46f0fffe7c1db/spring-in-action/chapter11-12/tacocloud-cassandra/tacocloud-web/pom.xml#L26,<!-- TacoCloud dependencies -->,[],Maven,2,26,26
17095,sinkyoungdeok/spring,https://github.com/sinkyoungdeok/spring/blob/2ef3cdd79c66e8731dff596ec0e46f0fffe7c1db/spring-in-action/chapter11-12/tacocloud-cassandra/tacocloud-web/pom.xml#L38,<!-- Necessary Boot starters -->,[],Maven,2,38,38
17095,sinkyoungdeok/spring,https://github.com/sinkyoungdeok/spring/blob/2ef3cdd79c66e8731dff596ec0e46f0fffe7c1db/spring-in-action/chapter11-12/tacocloud-cassandra/tacocloud-web/pom.xml#L52,<!-- Lombok -->,[],Maven,2,52,52
17095,sinkyoungdeok/spring,https://github.com/sinkyoungdeok/spring/blob/2ef3cdd79c66e8731dff596ec0e46f0fffe7c1db/spring-in-action/chapter11-12/tacocloud-cassandra/tacocloud-web/pom.xml#L59,<!-- Misc -->,[],Maven,2,59,59
17095,sinkyoungdeok/spring,https://github.com/sinkyoungdeok/spring/blob/2ef3cdd79c66e8731dff596ec0e46f0fffe7c1db/spring-in-action/chapter11-12/tacocloud-cassandra/tacocloud-web/pom.xml#L79,<!-- Test dependencies -->,[],Maven,2,79,79
17095,sinkyoungdeok/spring,https://github.com/sinkyoungdeok/spring/blob/2ef3cdd79c66e8731dff596ec0e46f0fffe7c1db/spring-in-action/chapter11-12/tacocloud-cassandra/tacocloud-web/pom.xml#L96,<!-- For the sake of the configuration properties class -->,[],Maven,2,96,96
17095,sinkyoungdeok/spring,https://github.com/sinkyoungdeok/spring/blob/2ef3cdd79c66e8731dff596ec0e46f0fffe7c1db/spring-in-action/chapter11-12/tacocloud-cassandra/tacos/pom.xml#L26,<!-- TacoCloud dependencies -->,[],Maven,2,26,26
17095,sinkyoungdeok/spring,https://github.com/sinkyoungdeok/spring/blob/2ef3cdd79c66e8731dff596ec0e46f0fffe7c1db/spring-in-action/chapter11-12/tacocloud-cassandra/tacos/pom.xml#L53,<!-- Run against embedded H2 database by default -->,[],Maven,2,53,53
17095,sinkyoungdeok/spring,https://github.com/sinkyoungdeok/spring/blob/2ef3cdd79c66e8731dff596ec0e46f0fffe7c1db/spring-in-action/chapter11-12/tacocloud-cassandra/tacos/pom.xml#L60,<!-- Actuator and DevTools...just because -->,[],Maven,2,60,60
17095,sinkyoungdeok/spring,https://github.com/sinkyoungdeok/spring/blob/2ef3cdd79c66e8731dff596ec0e46f0fffe7c1db/spring-in-action/chapter11-12/tacocloud-cassandra/tacos/pom.xml#L71,<!-- Test dependencies -->,[],Maven,2,71,71
17095,sinkyoungdeok/spring,https://github.com/sinkyoungdeok/spring/blob/2ef3cdd79c66e8731dff596ec0e46f0fffe7c1db/spring-in-action/chapter11-12/tacocloud-mongodb/tacocloud-api/pom.xml#L26,<!-- TacoCloud dependencies -->,[],Maven,2,26,26
17095,sinkyoungdeok/spring,https://github.com/sinkyoungdeok/spring/blob/2ef3cdd79c66e8731dff596ec0e46f0fffe7c1db/spring-in-action/chapter11-12/tacocloud-mongodb/tacocloud-api/pom.xml#L42,"<!--  		<dependency>
			<groupId>sia</groupId>
			<artifactId>tacocloud-messaging-jms</artifactId>
			<version>${tacocloud.version}</version>
		</dependency> -->",[],Maven,0,42,46
17095,sinkyoungdeok/spring,https://github.com/sinkyoungdeok/spring/blob/2ef3cdd79c66e8731dff596ec0e46f0fffe7c1db/spring-in-action/chapter11-12/tacocloud-mongodb/tacocloud-api/pom.xml#L52,"<!--   		<dependency>
			<groupId>sia</groupId>
			<artifactId>tacocloud-messaging-kafka</artifactId>
			<version>${tacocloud.version}</version>
		</dependency> -->",[],Maven,0,52,56
17095,sinkyoungdeok/spring,https://github.com/sinkyoungdeok/spring/blob/2ef3cdd79c66e8731dff596ec0e46f0fffe7c1db/spring-in-action/chapter11-12/tacocloud-mongodb/tacocloud-api/pom.xml#L58,<!-- Necessary Boot starters -->,[],Maven,2,58,58
17095,sinkyoungdeok/spring,https://github.com/sinkyoungdeok/spring/blob/2ef3cdd79c66e8731dff596ec0e46f0fffe7c1db/spring-in-action/chapter11-12/tacocloud-mongodb/tacocloud-api/pom.xml#L68,<!-- Lombok -->,[],Maven,2,68,68
17095,sinkyoungdeok/spring,https://github.com/sinkyoungdeok/spring/blob/2ef3cdd79c66e8731dff596ec0e46f0fffe7c1db/spring-in-action/chapter11-12/tacocloud-mongodb/tacocloud-api/pom.xml#L75,<!-- Test dependencies -->,[],Maven,2,75,75
17095,sinkyoungdeok/spring,https://github.com/sinkyoungdeok/spring/blob/2ef3cdd79c66e8731dff596ec0e46f0fffe7c1db/spring-in-action/chapter11-12/tacocloud-mongodb/tacocloud-data-mongodb/pom.xml#L26,<!-- TacoCloud dependencies -->,[],Maven,2,26,26
17095,sinkyoungdeok/spring,https://github.com/sinkyoungdeok/spring/blob/2ef3cdd79c66e8731dff596ec0e46f0fffe7c1db/spring-in-action/chapter11-12/tacocloud-mongodb/tacocloud-data-mongodb/pom.xml#L33,<!-- Necessary Boot starters -->,[],Maven,2,33,33
17095,sinkyoungdeok/spring,https://github.com/sinkyoungdeok/spring/blob/2ef3cdd79c66e8731dff596ec0e46f0fffe7c1db/spring-in-action/chapter11-12/tacocloud-mongodb/tacocloud-data-mongodb/pom.xml#L47,<!-- Lombok -->,[],Maven,2,47,47
17095,sinkyoungdeok/spring,https://github.com/sinkyoungdeok/spring/blob/2ef3cdd79c66e8731dff596ec0e46f0fffe7c1db/spring-in-action/chapter11-12/tacocloud-mongodb/tacocloud-data-mongodb/pom.xml#L54,<!-- Test dependencies -->,[],Maven,2,54,54
17095,sinkyoungdeok/spring,https://github.com/sinkyoungdeok/spring/blob/2ef3cdd79c66e8731dff596ec0e46f0fffe7c1db/spring-in-action/chapter11-12/tacocloud-mongodb/tacocloud-domain-mongodb/pom.xml#L26,<!-- Necessary Boot starters -->,[],Maven,2,26,26
17095,sinkyoungdeok/spring,https://github.com/sinkyoungdeok/spring/blob/2ef3cdd79c66e8731dff596ec0e46f0fffe7c1db/spring-in-action/chapter11-12/tacocloud-mongodb/tacocloud-domain-mongodb/pom.xml#L40,<!-- Lombok -->,[],Maven,2,40,40
17095,sinkyoungdeok/spring,https://github.com/sinkyoungdeok/spring/blob/2ef3cdd79c66e8731dff596ec0e46f0fffe7c1db/spring-in-action/chapter11-12/tacocloud-mongodb/tacocloud-domain-mongodb/pom.xml#L47,<!-- H2 - TBD if this is strictly necessary except for testing -->,[],Maven,2,47,47
17095,sinkyoungdeok/spring,https://github.com/sinkyoungdeok/spring/blob/2ef3cdd79c66e8731dff596ec0e46f0fffe7c1db/spring-in-action/chapter11-12/tacocloud-mongodb/tacocloud-domain-mongodb/pom.xml#L54,<!-- Test dependencies -->,[],Maven,2,54,54
17095,sinkyoungdeok/spring,https://github.com/sinkyoungdeok/spring/blob/2ef3cdd79c66e8731dff596ec0e46f0fffe7c1db/spring-in-action/chapter11-12/tacocloud-mongodb/tacocloud-email/pom.xml#L26,<!-- Necessary Boot starters -->,[],Maven,2,26,26
17095,sinkyoungdeok/spring,https://github.com/sinkyoungdeok/spring/blob/2ef3cdd79c66e8731dff596ec0e46f0fffe7c1db/spring-in-action/chapter11-12/tacocloud-mongodb/tacocloud-email/pom.xml#L40,<!-- Misc dependencies -->,[],Maven,2,40,40
17095,sinkyoungdeok/spring,https://github.com/sinkyoungdeok/spring/blob/2ef3cdd79c66e8731dff596ec0e46f0fffe7c1db/spring-in-action/chapter11-12/tacocloud-mongodb/tacocloud-email/pom.xml#L52,<!-- Lombok -->,[],Maven,2,52,52
17095,sinkyoungdeok/spring,https://github.com/sinkyoungdeok/spring/blob/2ef3cdd79c66e8731dff596ec0e46f0fffe7c1db/spring-in-action/chapter11-12/tacocloud-mongodb/tacocloud-email/pom.xml#L59,<!-- Test dependencies -->,[],Maven,2,59,59
17095,sinkyoungdeok/spring,https://github.com/sinkyoungdeok/spring/blob/2ef3cdd79c66e8731dff596ec0e46f0fffe7c1db/spring-in-action/chapter11-12/tacocloud-mongodb/tacocloud-kitchen/pom.xml#L26,<!-- Necessary Boot starters -->,[],Maven,2,26,26
17095,sinkyoungdeok/spring,https://github.com/sinkyoungdeok/spring/blob/2ef3cdd79c66e8731dff596ec0e46f0fffe7c1db/spring-in-action/chapter11-12/tacocloud-mongodb/tacocloud-kitchen/pom.xml#L48,<!-- Lombok -->,[],Maven,2,48,48
17095,sinkyoungdeok/spring,https://github.com/sinkyoungdeok/spring/blob/2ef3cdd79c66e8731dff596ec0e46f0fffe7c1db/spring-in-action/chapter11-12/tacocloud-mongodb/tacocloud-kitchen/pom.xml#L55,<!-- Test dependencies -->,[],Maven,2,55,55
17095,sinkyoungdeok/spring,https://github.com/sinkyoungdeok/spring/blob/2ef3cdd79c66e8731dff596ec0e46f0fffe7c1db/spring-in-action/chapter11-12/tacocloud-mongodb/tacocloud-kitchen/pom.xml#L62,<!-- Dev Tools -->,[],Maven,2,62,62
17095,sinkyoungdeok/spring,https://github.com/sinkyoungdeok/spring/blob/2ef3cdd79c66e8731dff596ec0e46f0fffe7c1db/spring-in-action/chapter11-12/tacocloud-mongodb/tacocloud-messaging-jms/pom.xml#L26,<!-- TacoCloud dependencies -->,[],Maven,2,26,26
17095,sinkyoungdeok/spring,https://github.com/sinkyoungdeok/spring/blob/2ef3cdd79c66e8731dff596ec0e46f0fffe7c1db/spring-in-action/chapter11-12/tacocloud-mongodb/tacocloud-messaging-jms/pom.xml#L33,<!-- Necessary Boot starters -->,[],Maven,2,33,33
17095,sinkyoungdeok/spring,https://github.com/sinkyoungdeok/spring/blob/2ef3cdd79c66e8731dff596ec0e46f0fffe7c1db/spring-in-action/chapter11-12/tacocloud-mongodb/tacocloud-messaging-jms/pom.xml#L39,<!-- Lombok -->,[],Maven,2,39,39
17095,sinkyoungdeok/spring,https://github.com/sinkyoungdeok/spring/blob/2ef3cdd79c66e8731dff596ec0e46f0fffe7c1db/spring-in-action/chapter11-12/tacocloud-mongodb/tacocloud-messaging-jms/pom.xml#L46,<!-- Test dependencies -->,[],Maven,2,46,46
17095,sinkyoungdeok/spring,https://github.com/sinkyoungdeok/spring/blob/2ef3cdd79c66e8731dff596ec0e46f0fffe7c1db/spring-in-action/chapter11-12/tacocloud-mongodb/tacocloud-messaging-kafka/pom.xml#L26,<!-- TacoCloud dependencies -->,[],Maven,2,26,26
17095,sinkyoungdeok/spring,https://github.com/sinkyoungdeok/spring/blob/2ef3cdd79c66e8731dff596ec0e46f0fffe7c1db/spring-in-action/chapter11-12/tacocloud-mongodb/tacocloud-messaging-kafka/pom.xml#L33,<!-- Necessary Boot starters -->,[],Maven,2,33,33
17095,sinkyoungdeok/spring,https://github.com/sinkyoungdeok/spring/blob/2ef3cdd79c66e8731dff596ec0e46f0fffe7c1db/spring-in-action/chapter11-12/tacocloud-mongodb/tacocloud-messaging-kafka/pom.xml#L39,<!-- Lombok -->,[],Maven,2,39,39
17095,sinkyoungdeok/spring,https://github.com/sinkyoungdeok/spring/blob/2ef3cdd79c66e8731dff596ec0e46f0fffe7c1db/spring-in-action/chapter11-12/tacocloud-mongodb/tacocloud-messaging-kafka/pom.xml#L46,<!-- Test dependencies -->,[],Maven,2,46,46
17095,sinkyoungdeok/spring,https://github.com/sinkyoungdeok/spring/blob/2ef3cdd79c66e8731dff596ec0e46f0fffe7c1db/spring-in-action/chapter11-12/tacocloud-mongodb/tacocloud-messaging-rabbitmq/pom.xml#L26,<!-- TacoCloud dependencies -->,[],Maven,2,26,26
17095,sinkyoungdeok/spring,https://github.com/sinkyoungdeok/spring/blob/2ef3cdd79c66e8731dff596ec0e46f0fffe7c1db/spring-in-action/chapter11-12/tacocloud-mongodb/tacocloud-messaging-rabbitmq/pom.xml#L33,<!-- Necessary Boot starters -->,[],Maven,2,33,33
17095,sinkyoungdeok/spring,https://github.com/sinkyoungdeok/spring/blob/2ef3cdd79c66e8731dff596ec0e46f0fffe7c1db/spring-in-action/chapter11-12/tacocloud-mongodb/tacocloud-messaging-rabbitmq/pom.xml#L39,<!-- Lombok -->,[],Maven,2,39,39
17095,sinkyoungdeok/spring,https://github.com/sinkyoungdeok/spring/blob/2ef3cdd79c66e8731dff596ec0e46f0fffe7c1db/spring-in-action/chapter11-12/tacocloud-mongodb/tacocloud-messaging-rabbitmq/pom.xml#L46,<!-- Test dependencies -->,[],Maven,2,46,46
17095,sinkyoungdeok/spring,https://github.com/sinkyoungdeok/spring/blob/2ef3cdd79c66e8731dff596ec0e46f0fffe7c1db/spring-in-action/chapter11-12/tacocloud-mongodb/tacocloud-restclient/pom.xml#L26,<!-- TacoCloud dependencies -->,[],Maven,2,26,26
17095,sinkyoungdeok/spring,https://github.com/sinkyoungdeok/spring/blob/2ef3cdd79c66e8731dff596ec0e46f0fffe7c1db/spring-in-action/chapter11-12/tacocloud-mongodb/tacocloud-restclient/pom.xml#L33,<!-- Necessary Boot starters -->,[],Maven,2,33,33
17095,sinkyoungdeok/spring,https://github.com/sinkyoungdeok/spring/blob/2ef3cdd79c66e8731dff596ec0e46f0fffe7c1db/spring-in-action/chapter11-12/tacocloud-mongodb/tacocloud-restclient/pom.xml#L39,<!-- Lombok -->,[],Maven,2,39,39
17095,sinkyoungdeok/spring,https://github.com/sinkyoungdeok/spring/blob/2ef3cdd79c66e8731dff596ec0e46f0fffe7c1db/spring-in-action/chapter11-12/tacocloud-mongodb/tacocloud-restclient/pom.xml#L46,<!-- Misc -->,[],Maven,2,46,46
17095,sinkyoungdeok/spring,https://github.com/sinkyoungdeok/spring/blob/2ef3cdd79c66e8731dff596ec0e46f0fffe7c1db/spring-in-action/chapter11-12/tacocloud-mongodb/tacocloud-restclient/pom.xml#L52,<!-- Test dependencies -->,[],Maven,2,52,52
17095,sinkyoungdeok/spring,https://github.com/sinkyoungdeok/spring/blob/2ef3cdd79c66e8731dff596ec0e46f0fffe7c1db/spring-in-action/chapter11-12/tacocloud-mongodb/tacocloud-security/pom.xml#L26,<!-- TacoCloud dependencies -->,[],Maven,2,26,26
17095,sinkyoungdeok/spring,https://github.com/sinkyoungdeok/spring/blob/2ef3cdd79c66e8731dff596ec0e46f0fffe7c1db/spring-in-action/chapter11-12/tacocloud-mongodb/tacocloud-security/pom.xml#L38,<!-- Necessary Boot starters -->,[],Maven,2,38,38
17095,sinkyoungdeok/spring,https://github.com/sinkyoungdeok/spring/blob/2ef3cdd79c66e8731dff596ec0e46f0fffe7c1db/spring-in-action/chapter11-12/tacocloud-mongodb/tacocloud-security/pom.xml#L44,<!-- Lombok -->,[],Maven,2,44,44
17095,sinkyoungdeok/spring,https://github.com/sinkyoungdeok/spring/blob/2ef3cdd79c66e8731dff596ec0e46f0fffe7c1db/spring-in-action/chapter11-12/tacocloud-mongodb/tacocloud-security/pom.xml#L51,<!-- Test dependencies -->,[],Maven,2,51,51
17095,sinkyoungdeok/spring,https://github.com/sinkyoungdeok/spring/blob/2ef3cdd79c66e8731dff596ec0e46f0fffe7c1db/spring-in-action/chapter11-12/tacocloud-mongodb/tacocloud-web/pom.xml#L26,<!-- TacoCloud dependencies -->,[],Maven,2,26,26
17095,sinkyoungdeok/spring,https://github.com/sinkyoungdeok/spring/blob/2ef3cdd79c66e8731dff596ec0e46f0fffe7c1db/spring-in-action/chapter11-12/tacocloud-mongodb/tacocloud-web/pom.xml#L38,<!-- Necessary Boot starters -->,[],Maven,2,38,38
17095,sinkyoungdeok/spring,https://github.com/sinkyoungdeok/spring/blob/2ef3cdd79c66e8731dff596ec0e46f0fffe7c1db/spring-in-action/chapter11-12/tacocloud-mongodb/tacocloud-web/pom.xml#L52,<!-- Lombok -->,[],Maven,2,52,52
17095,sinkyoungdeok/spring,https://github.com/sinkyoungdeok/spring/blob/2ef3cdd79c66e8731dff596ec0e46f0fffe7c1db/spring-in-action/chapter11-12/tacocloud-mongodb/tacocloud-web/pom.xml#L59,<!-- Misc -->,[],Maven,2,59,59
17095,sinkyoungdeok/spring,https://github.com/sinkyoungdeok/spring/blob/2ef3cdd79c66e8731dff596ec0e46f0fffe7c1db/spring-in-action/chapter11-12/tacocloud-mongodb/tacocloud-web/pom.xml#L79,<!-- Test dependencies -->,[],Maven,2,79,79
17095,sinkyoungdeok/spring,https://github.com/sinkyoungdeok/spring/blob/2ef3cdd79c66e8731dff596ec0e46f0fffe7c1db/spring-in-action/chapter11-12/tacocloud-mongodb/tacocloud-web/pom.xml#L96,<!-- For the sake of the configuration properties class -->,[],Maven,2,96,96
17095,sinkyoungdeok/spring,https://github.com/sinkyoungdeok/spring/blob/2ef3cdd79c66e8731dff596ec0e46f0fffe7c1db/spring-in-action/chapter11-12/tacocloud-mongodb/tacos/pom.xml#L26,<!-- TacoCloud dependencies -->,[],Maven,2,26,26
17095,sinkyoungdeok/spring,https://github.com/sinkyoungdeok/spring/blob/2ef3cdd79c66e8731dff596ec0e46f0fffe7c1db/spring-in-action/chapter11-12/tacocloud-mongodb/tacos/pom.xml#L53,<!-- Run against embedded H2 database by default -->,[],Maven,2,53,53
17095,sinkyoungdeok/spring,https://github.com/sinkyoungdeok/spring/blob/2ef3cdd79c66e8731dff596ec0e46f0fffe7c1db/spring-in-action/chapter11-12/tacocloud-mongodb/tacos/pom.xml#L60,<!-- Actuator and DevTools...just because -->,[],Maven,2,60,60
17095,sinkyoungdeok/spring,https://github.com/sinkyoungdeok/spring/blob/2ef3cdd79c66e8731dff596ec0e46f0fffe7c1db/spring-in-action/chapter11-12/tacocloud-mongodb/tacos/pom.xml#L71,<!-- Test dependencies -->,[],Maven,2,71,71
17095,sinkyoungdeok/spring,https://github.com/sinkyoungdeok/spring/blob/2ef3cdd79c66e8731dff596ec0e46f0fffe7c1db/spring-in-action/chapter13/ingredient-client/pom.xml#L18,<!-- lookup parent from repository -->,[],Maven,19,18,18
17095,sinkyoungdeok/spring,https://github.com/sinkyoungdeok/spring/blob/2ef3cdd79c66e8731dff596ec0e46f0fffe7c1db/spring-in-action/chapter13/ingredient-client/bin/pom.xml#L18,<!-- lookup parent from repository -->,[],Maven,19,18,18
17095,sinkyoungdeok/spring,https://github.com/sinkyoungdeok/spring/blob/2ef3cdd79c66e8731dff596ec0e46f0fffe7c1db/spring-in-action/chapter13/ingredient-service/pom.xml#L18,<!-- lookup parent from repository -->,[],Maven,18,18,18
17095,sinkyoungdeok/spring,https://github.com/sinkyoungdeok/spring/blob/2ef3cdd79c66e8731dff596ec0e46f0fffe7c1db/spring-in-action/chapter13/ingredient-service/bin/pom.xml#L18,<!-- lookup parent from repository -->,[],Maven,18,18,18
17095,sinkyoungdeok/spring,https://github.com/sinkyoungdeok/spring/blob/2ef3cdd79c66e8731dff596ec0e46f0fffe7c1db/spring-in-action/chapter13/service-registry/pom.xml#L18,<!-- lookup parent from repository -->,[],Maven,18,18,18
17095,sinkyoungdeok/spring,https://github.com/sinkyoungdeok/spring/blob/2ef3cdd79c66e8731dff596ec0e46f0fffe7c1db/spring-in-action/chapter6/tacocloud-api/pom.xml#L26,<!-- TacoCloud dependencies -->,[],Maven,2,26,26
17095,sinkyoungdeok/spring,https://github.com/sinkyoungdeok/spring/blob/2ef3cdd79c66e8731dff596ec0e46f0fffe7c1db/spring-in-action/chapter6/tacocloud-api/pom.xml#L43,<!-- Necessary Boot starters -->,[],Maven,2,43,43
17095,sinkyoungdeok/spring,https://github.com/sinkyoungdeok/spring/blob/2ef3cdd79c66e8731dff596ec0e46f0fffe7c1db/spring-in-action/chapter6/tacocloud-api/pom.xml#L53,<!-- Lombok -->,[],Maven,2,53,53
17095,sinkyoungdeok/spring,https://github.com/sinkyoungdeok/spring/blob/2ef3cdd79c66e8731dff596ec0e46f0fffe7c1db/spring-in-action/chapter6/tacocloud-api/pom.xml#L60,<!-- Test dependencies -->,[],Maven,2,60,60
17095,sinkyoungdeok/spring,https://github.com/sinkyoungdeok/spring/blob/2ef3cdd79c66e8731dff596ec0e46f0fffe7c1db/spring-in-action/chapter6/tacocloud-data/pom.xml#L26,<!-- TacoCloud dependencies -->,[],Maven,2,26,26
17095,sinkyoungdeok/spring,https://github.com/sinkyoungdeok/spring/blob/2ef3cdd79c66e8731dff596ec0e46f0fffe7c1db/spring-in-action/chapter6/tacocloud-data/pom.xml#L33,<!-- Necessary Boot starters -->,[],Maven,2,33,33
17095,sinkyoungdeok/spring,https://github.com/sinkyoungdeok/spring/blob/2ef3cdd79c66e8731dff596ec0e46f0fffe7c1db/spring-in-action/chapter6/tacocloud-data/pom.xml#L48,<!-- Lombok -->,[],Maven,2,48,48
17095,sinkyoungdeok/spring,https://github.com/sinkyoungdeok/spring/blob/2ef3cdd79c66e8731dff596ec0e46f0fffe7c1db/spring-in-action/chapter6/tacocloud-data/pom.xml#L55,<!-- Test dependencies -->,[],Maven,2,55,55
17095,sinkyoungdeok/spring,https://github.com/sinkyoungdeok/spring/blob/2ef3cdd79c66e8731dff596ec0e46f0fffe7c1db/spring-in-action/chapter6/tacocloud-domain/pom.xml#L26,<!-- Necessary Boot starters -->,[],Maven,2,26,26
17095,sinkyoungdeok/spring,https://github.com/sinkyoungdeok/spring/blob/2ef3cdd79c66e8731dff596ec0e46f0fffe7c1db/spring-in-action/chapter6/tacocloud-domain/pom.xml#L40,<!-- Lombok -->,[],Maven,2,40,40
17095,sinkyoungdeok/spring,https://github.com/sinkyoungdeok/spring/blob/2ef3cdd79c66e8731dff596ec0e46f0fffe7c1db/spring-in-action/chapter6/tacocloud-domain/pom.xml#L47,<!-- H2 - TBD if this is strictly necessary except for testing -->,[],Maven,2,47,47
17095,sinkyoungdeok/spring,https://github.com/sinkyoungdeok/spring/blob/2ef3cdd79c66e8731dff596ec0e46f0fffe7c1db/spring-in-action/chapter6/tacocloud-domain/pom.xml#L54,<!-- Test dependencies -->,[],Maven,2,54,54
17095,sinkyoungdeok/spring,https://github.com/sinkyoungdeok/spring/blob/2ef3cdd79c66e8731dff596ec0e46f0fffe7c1db/spring-in-action/chapter6/tacocloud-security/pom.xml#L26,<!-- TacoCloud dependencies -->,[],Maven,2,26,26
17095,sinkyoungdeok/spring,https://github.com/sinkyoungdeok/spring/blob/2ef3cdd79c66e8731dff596ec0e46f0fffe7c1db/spring-in-action/chapter6/tacocloud-security/pom.xml#L38,<!-- Necessary Boot starters -->,[],Maven,2,38,38
17095,sinkyoungdeok/spring,https://github.com/sinkyoungdeok/spring/blob/2ef3cdd79c66e8731dff596ec0e46f0fffe7c1db/spring-in-action/chapter6/tacocloud-security/pom.xml#L44,<!-- Lombok -->,[],Maven,2,44,44
17095,sinkyoungdeok/spring,https://github.com/sinkyoungdeok/spring/blob/2ef3cdd79c66e8731dff596ec0e46f0fffe7c1db/spring-in-action/chapter6/tacocloud-security/pom.xml#L51,<!-- Test dependencies -->,[],Maven,2,51,51
17095,sinkyoungdeok/spring,https://github.com/sinkyoungdeok/spring/blob/2ef3cdd79c66e8731dff596ec0e46f0fffe7c1db/spring-in-action/chapter6/tacocloud-security/bin/pom.xml#L26,<!-- TacoCloud dependencies -->,[],Maven,2,26,26
17095,sinkyoungdeok/spring,https://github.com/sinkyoungdeok/spring/blob/2ef3cdd79c66e8731dff596ec0e46f0fffe7c1db/spring-in-action/chapter6/tacocloud-security/bin/pom.xml#L38,<!-- Necessary Boot starters -->,[],Maven,2,38,38
17095,sinkyoungdeok/spring,https://github.com/sinkyoungdeok/spring/blob/2ef3cdd79c66e8731dff596ec0e46f0fffe7c1db/spring-in-action/chapter6/tacocloud-security/bin/pom.xml#L44,<!-- Lombok -->,[],Maven,2,44,44
17095,sinkyoungdeok/spring,https://github.com/sinkyoungdeok/spring/blob/2ef3cdd79c66e8731dff596ec0e46f0fffe7c1db/spring-in-action/chapter6/tacocloud-security/bin/pom.xml#L51,<!-- Test dependencies -->,[],Maven,2,51,51
17095,sinkyoungdeok/spring,https://github.com/sinkyoungdeok/spring/blob/2ef3cdd79c66e8731dff596ec0e46f0fffe7c1db/spring-in-action/chapter6/tacocloud-web/pom.xml#L26,<!-- TacoCloud dependencies -->,[],Maven,2,26,26
17095,sinkyoungdeok/spring,https://github.com/sinkyoungdeok/spring/blob/2ef3cdd79c66e8731dff596ec0e46f0fffe7c1db/spring-in-action/chapter6/tacocloud-web/pom.xml#L38,<!-- Necessary Boot starters -->,[],Maven,2,38,38
17095,sinkyoungdeok/spring,https://github.com/sinkyoungdeok/spring/blob/2ef3cdd79c66e8731dff596ec0e46f0fffe7c1db/spring-in-action/chapter6/tacocloud-web/pom.xml#L52,<!-- Lombok -->,[],Maven,2,52,52
17095,sinkyoungdeok/spring,https://github.com/sinkyoungdeok/spring/blob/2ef3cdd79c66e8731dff596ec0e46f0fffe7c1db/spring-in-action/chapter6/tacocloud-web/pom.xml#L59,<!-- Misc -->,[],Maven,2,59,59
17095,sinkyoungdeok/spring,https://github.com/sinkyoungdeok/spring/blob/2ef3cdd79c66e8731dff596ec0e46f0fffe7c1db/spring-in-action/chapter6/tacocloud-web/pom.xml#L79,<!-- Test dependencies -->,[],Maven,2,79,79
17095,sinkyoungdeok/spring,https://github.com/sinkyoungdeok/spring/blob/2ef3cdd79c66e8731dff596ec0e46f0fffe7c1db/spring-in-action/chapter6/tacocloud-web/pom.xml#L96,<!-- For the sake of the configuration properties class -->,[],Maven,2,96,96
17095,sinkyoungdeok/spring,https://github.com/sinkyoungdeok/spring/blob/2ef3cdd79c66e8731dff596ec0e46f0fffe7c1db/spring-in-action/chapter6/tacos/pom.xml#L26,<!-- TacoCloud dependencies -->,[],Maven,2,26,26
17095,sinkyoungdeok/spring,https://github.com/sinkyoungdeok/spring/blob/2ef3cdd79c66e8731dff596ec0e46f0fffe7c1db/spring-in-action/chapter6/tacos/pom.xml#L55,<!-- Run against embedded H2 database by default -->,[],Maven,2,55,55
17095,sinkyoungdeok/spring,https://github.com/sinkyoungdeok/spring/blob/2ef3cdd79c66e8731dff596ec0e46f0fffe7c1db/spring-in-action/chapter6/tacos/pom.xml#L62,<!-- Actuator and DevTools...just because -->,[],Maven,2,62,62
17095,sinkyoungdeok/spring,https://github.com/sinkyoungdeok/spring/blob/2ef3cdd79c66e8731dff596ec0e46f0fffe7c1db/spring-in-action/chapter6/tacos/pom.xml#L73,<!-- Test dependencies -->,[],Maven,2,73,73
17095,sinkyoungdeok/spring,https://github.com/sinkyoungdeok/spring/blob/2ef3cdd79c66e8731dff596ec0e46f0fffe7c1db/spring-in-action/chapter7/tacocloud-api/pom.xml#L26,<!-- TacoCloud dependencies -->,[],Maven,2,26,26
17095,sinkyoungdeok/spring,https://github.com/sinkyoungdeok/spring/blob/2ef3cdd79c66e8731dff596ec0e46f0fffe7c1db/spring-in-action/chapter7/tacocloud-api/pom.xml#L43,<!-- Necessary Boot starters -->,[],Maven,2,43,43
17095,sinkyoungdeok/spring,https://github.com/sinkyoungdeok/spring/blob/2ef3cdd79c66e8731dff596ec0e46f0fffe7c1db/spring-in-action/chapter7/tacocloud-api/pom.xml#L53,<!-- Lombok -->,[],Maven,2,53,53
17095,sinkyoungdeok/spring,https://github.com/sinkyoungdeok/spring/blob/2ef3cdd79c66e8731dff596ec0e46f0fffe7c1db/spring-in-action/chapter7/tacocloud-api/pom.xml#L60,<!-- Test dependencies -->,[],Maven,2,60,60
17095,sinkyoungdeok/spring,https://github.com/sinkyoungdeok/spring/blob/2ef3cdd79c66e8731dff596ec0e46f0fffe7c1db/spring-in-action/chapter7/tacocloud-data/pom.xml#L26,<!-- TacoCloud dependencies -->,[],Maven,2,26,26
17095,sinkyoungdeok/spring,https://github.com/sinkyoungdeok/spring/blob/2ef3cdd79c66e8731dff596ec0e46f0fffe7c1db/spring-in-action/chapter7/tacocloud-data/pom.xml#L33,<!-- Necessary Boot starters -->,[],Maven,2,33,33
17095,sinkyoungdeok/spring,https://github.com/sinkyoungdeok/spring/blob/2ef3cdd79c66e8731dff596ec0e46f0fffe7c1db/spring-in-action/chapter7/tacocloud-data/pom.xml#L47,<!-- Lombok -->,[],Maven,2,47,47
17095,sinkyoungdeok/spring,https://github.com/sinkyoungdeok/spring/blob/2ef3cdd79c66e8731dff596ec0e46f0fffe7c1db/spring-in-action/chapter7/tacocloud-data/pom.xml#L54,<!-- Test dependencies -->,[],Maven,2,54,54
17095,sinkyoungdeok/spring,https://github.com/sinkyoungdeok/spring/blob/2ef3cdd79c66e8731dff596ec0e46f0fffe7c1db/spring-in-action/chapter7/tacocloud-domain/pom.xml#L26,<!-- Necessary Boot starters -->,[],Maven,2,26,26
17095,sinkyoungdeok/spring,https://github.com/sinkyoungdeok/spring/blob/2ef3cdd79c66e8731dff596ec0e46f0fffe7c1db/spring-in-action/chapter7/tacocloud-domain/pom.xml#L40,<!-- Lombok -->,[],Maven,2,40,40
17095,sinkyoungdeok/spring,https://github.com/sinkyoungdeok/spring/blob/2ef3cdd79c66e8731dff596ec0e46f0fffe7c1db/spring-in-action/chapter7/tacocloud-domain/pom.xml#L47,<!-- H2 - TBD if this is strictly necessary except for testing -->,[],Maven,2,47,47
17095,sinkyoungdeok/spring,https://github.com/sinkyoungdeok/spring/blob/2ef3cdd79c66e8731dff596ec0e46f0fffe7c1db/spring-in-action/chapter7/tacocloud-domain/pom.xml#L54,<!-- Test dependencies -->,[],Maven,2,54,54
17095,sinkyoungdeok/spring,https://github.com/sinkyoungdeok/spring/blob/2ef3cdd79c66e8731dff596ec0e46f0fffe7c1db/spring-in-action/chapter7/tacocloud-restclient/pom.xml#L26,<!-- TacoCloud dependencies -->,[],Maven,2,26,26
17095,sinkyoungdeok/spring,https://github.com/sinkyoungdeok/spring/blob/2ef3cdd79c66e8731dff596ec0e46f0fffe7c1db/spring-in-action/chapter7/tacocloud-restclient/pom.xml#L33,<!-- Necessary Boot starters -->,[],Maven,2,33,33
17095,sinkyoungdeok/spring,https://github.com/sinkyoungdeok/spring/blob/2ef3cdd79c66e8731dff596ec0e46f0fffe7c1db/spring-in-action/chapter7/tacocloud-restclient/pom.xml#L39,<!-- Lombok -->,[],Maven,2,39,39
17095,sinkyoungdeok/spring,https://github.com/sinkyoungdeok/spring/blob/2ef3cdd79c66e8731dff596ec0e46f0fffe7c1db/spring-in-action/chapter7/tacocloud-restclient/pom.xml#L46,<!-- Misc -->,[],Maven,2,46,46
17095,sinkyoungdeok/spring,https://github.com/sinkyoungdeok/spring/blob/2ef3cdd79c66e8731dff596ec0e46f0fffe7c1db/spring-in-action/chapter7/tacocloud-restclient/pom.xml#L52,<!-- Test dependencies -->,[],Maven,2,52,52
17095,sinkyoungdeok/spring,https://github.com/sinkyoungdeok/spring/blob/2ef3cdd79c66e8731dff596ec0e46f0fffe7c1db/spring-in-action/chapter7/tacocloud-security/pom.xml#L26,<!-- TacoCloud dependencies -->,[],Maven,2,26,26
17095,sinkyoungdeok/spring,https://github.com/sinkyoungdeok/spring/blob/2ef3cdd79c66e8731dff596ec0e46f0fffe7c1db/spring-in-action/chapter7/tacocloud-security/pom.xml#L38,<!-- Necessary Boot starters -->,[],Maven,2,38,38
17095,sinkyoungdeok/spring,https://github.com/sinkyoungdeok/spring/blob/2ef3cdd79c66e8731dff596ec0e46f0fffe7c1db/spring-in-action/chapter7/tacocloud-security/pom.xml#L44,<!-- Lombok -->,[],Maven,2,44,44
17095,sinkyoungdeok/spring,https://github.com/sinkyoungdeok/spring/blob/2ef3cdd79c66e8731dff596ec0e46f0fffe7c1db/spring-in-action/chapter7/tacocloud-security/pom.xml#L51,<!-- Test dependencies -->,[],Maven,2,51,51
17095,sinkyoungdeok/spring,https://github.com/sinkyoungdeok/spring/blob/2ef3cdd79c66e8731dff596ec0e46f0fffe7c1db/spring-in-action/chapter7/tacocloud-web/pom.xml#L26,<!-- TacoCloud dependencies -->,[],Maven,2,26,26
17095,sinkyoungdeok/spring,https://github.com/sinkyoungdeok/spring/blob/2ef3cdd79c66e8731dff596ec0e46f0fffe7c1db/spring-in-action/chapter7/tacocloud-web/pom.xml#L38,<!-- Necessary Boot starters -->,[],Maven,2,38,38
17095,sinkyoungdeok/spring,https://github.com/sinkyoungdeok/spring/blob/2ef3cdd79c66e8731dff596ec0e46f0fffe7c1db/spring-in-action/chapter7/tacocloud-web/pom.xml#L52,<!-- Lombok -->,[],Maven,2,52,52
17095,sinkyoungdeok/spring,https://github.com/sinkyoungdeok/spring/blob/2ef3cdd79c66e8731dff596ec0e46f0fffe7c1db/spring-in-action/chapter7/tacocloud-web/pom.xml#L59,<!-- Misc -->,[],Maven,2,59,59
17095,sinkyoungdeok/spring,https://github.com/sinkyoungdeok/spring/blob/2ef3cdd79c66e8731dff596ec0e46f0fffe7c1db/spring-in-action/chapter7/tacocloud-web/pom.xml#L79,<!-- Test dependencies -->,[],Maven,2,79,79
17095,sinkyoungdeok/spring,https://github.com/sinkyoungdeok/spring/blob/2ef3cdd79c66e8731dff596ec0e46f0fffe7c1db/spring-in-action/chapter7/tacocloud-web/pom.xml#L96,<!-- For the sake of the configuration properties class -->,[],Maven,2,96,96
17095,sinkyoungdeok/spring,https://github.com/sinkyoungdeok/spring/blob/2ef3cdd79c66e8731dff596ec0e46f0fffe7c1db/spring-in-action/chapter7/tacos/pom.xml#L26,<!-- TacoCloud dependencies -->,[],Maven,2,26,26
17095,sinkyoungdeok/spring,https://github.com/sinkyoungdeok/spring/blob/2ef3cdd79c66e8731dff596ec0e46f0fffe7c1db/spring-in-action/chapter7/tacos/pom.xml#L55,<!-- Run against embedded H2 database by default -->,[],Maven,2,55,55
17095,sinkyoungdeok/spring,https://github.com/sinkyoungdeok/spring/blob/2ef3cdd79c66e8731dff596ec0e46f0fffe7c1db/spring-in-action/chapter7/tacos/pom.xml#L62,<!-- Actuator and DevTools...just because -->,[],Maven,2,62,62
17095,sinkyoungdeok/spring,https://github.com/sinkyoungdeok/spring/blob/2ef3cdd79c66e8731dff596ec0e46f0fffe7c1db/spring-in-action/chapter7/tacos/pom.xml#L73,<!-- Test dependencies -->,[],Maven,2,73,73
17095,sinkyoungdeok/spring,https://github.com/sinkyoungdeok/spring/blob/2ef3cdd79c66e8731dff596ec0e46f0fffe7c1db/spring-in-action/chapter8/tacocloud-api/pom.xml#L26,<!-- TacoCloud dependencies -->,[],Maven,2,26,26
17095,sinkyoungdeok/spring,https://github.com/sinkyoungdeok/spring/blob/2ef3cdd79c66e8731dff596ec0e46f0fffe7c1db/spring-in-action/chapter8/tacocloud-api/pom.xml#L42,"<!--  		<dependency>
			<groupId>sia</groupId>
			<artifactId>tacocloud-messaging-jms</artifactId>
			<version>${tacocloud.version}</version>
		</dependency> -->",[],Maven,0,42,46
17095,sinkyoungdeok/spring,https://github.com/sinkyoungdeok/spring/blob/2ef3cdd79c66e8731dff596ec0e46f0fffe7c1db/spring-in-action/chapter8/tacocloud-api/pom.xml#L47,"<!-- 		<dependency>
			<groupId>sia</groupId>
			<artifactId>tacocloud-messaging-rabbitmq</artifactId>
			<version>${tacocloud.version}</version>
		</dependency> -->",[],Maven,0,47,51
17095,sinkyoungdeok/spring,https://github.com/sinkyoungdeok/spring/blob/2ef3cdd79c66e8731dff596ec0e46f0fffe7c1db/spring-in-action/chapter8/tacocloud-api/pom.xml#L58,<!-- Necessary Boot starters -->,[],Maven,2,58,58
17095,sinkyoungdeok/spring,https://github.com/sinkyoungdeok/spring/blob/2ef3cdd79c66e8731dff596ec0e46f0fffe7c1db/spring-in-action/chapter8/tacocloud-api/pom.xml#L68,<!-- Lombok -->,[],Maven,2,68,68
17095,sinkyoungdeok/spring,https://github.com/sinkyoungdeok/spring/blob/2ef3cdd79c66e8731dff596ec0e46f0fffe7c1db/spring-in-action/chapter8/tacocloud-api/pom.xml#L75,<!-- Test dependencies -->,[],Maven,2,75,75
17095,sinkyoungdeok/spring,https://github.com/sinkyoungdeok/spring/blob/2ef3cdd79c66e8731dff596ec0e46f0fffe7c1db/spring-in-action/chapter8/tacocloud-data/pom.xml#L26,<!-- TacoCloud dependencies -->,[],Maven,2,26,26
17095,sinkyoungdeok/spring,https://github.com/sinkyoungdeok/spring/blob/2ef3cdd79c66e8731dff596ec0e46f0fffe7c1db/spring-in-action/chapter8/tacocloud-data/pom.xml#L33,<!-- Necessary Boot starters -->,[],Maven,2,33,33
17095,sinkyoungdeok/spring,https://github.com/sinkyoungdeok/spring/blob/2ef3cdd79c66e8731dff596ec0e46f0fffe7c1db/spring-in-action/chapter8/tacocloud-data/pom.xml#L47,<!-- Lombok -->,[],Maven,2,47,47
17095,sinkyoungdeok/spring,https://github.com/sinkyoungdeok/spring/blob/2ef3cdd79c66e8731dff596ec0e46f0fffe7c1db/spring-in-action/chapter8/tacocloud-data/pom.xml#L54,<!-- Test dependencies -->,[],Maven,2,54,54
17095,sinkyoungdeok/spring,https://github.com/sinkyoungdeok/spring/blob/2ef3cdd79c66e8731dff596ec0e46f0fffe7c1db/spring-in-action/chapter8/tacocloud-domain/pom.xml#L26,<!-- Necessary Boot starters -->,[],Maven,2,26,26
17095,sinkyoungdeok/spring,https://github.com/sinkyoungdeok/spring/blob/2ef3cdd79c66e8731dff596ec0e46f0fffe7c1db/spring-in-action/chapter8/tacocloud-domain/pom.xml#L40,<!-- Lombok -->,[],Maven,2,40,40
17095,sinkyoungdeok/spring,https://github.com/sinkyoungdeok/spring/blob/2ef3cdd79c66e8731dff596ec0e46f0fffe7c1db/spring-in-action/chapter8/tacocloud-domain/pom.xml#L47,<!-- H2 - TBD if this is strictly necessary except for testing -->,[],Maven,2,47,47
17095,sinkyoungdeok/spring,https://github.com/sinkyoungdeok/spring/blob/2ef3cdd79c66e8731dff596ec0e46f0fffe7c1db/spring-in-action/chapter8/tacocloud-domain/pom.xml#L54,<!-- Test dependencies -->,[],Maven,2,54,54
17095,sinkyoungdeok/spring,https://github.com/sinkyoungdeok/spring/blob/2ef3cdd79c66e8731dff596ec0e46f0fffe7c1db/spring-in-action/chapter8/tacocloud-kitchen/pom.xml#L26,<!-- Necessary Boot starters -->,[],Maven,2,26,26
17095,sinkyoungdeok/spring,https://github.com/sinkyoungdeok/spring/blob/2ef3cdd79c66e8731dff596ec0e46f0fffe7c1db/spring-in-action/chapter8/tacocloud-kitchen/pom.xml#L48,<!-- Lombok -->,[],Maven,2,48,48
17095,sinkyoungdeok/spring,https://github.com/sinkyoungdeok/spring/blob/2ef3cdd79c66e8731dff596ec0e46f0fffe7c1db/spring-in-action/chapter8/tacocloud-kitchen/pom.xml#L55,<!-- Test dependencies -->,[],Maven,2,55,55
17095,sinkyoungdeok/spring,https://github.com/sinkyoungdeok/spring/blob/2ef3cdd79c66e8731dff596ec0e46f0fffe7c1db/spring-in-action/chapter8/tacocloud-kitchen/pom.xml#L62,<!-- Dev Tools -->,[],Maven,2,62,62
17095,sinkyoungdeok/spring,https://github.com/sinkyoungdeok/spring/blob/2ef3cdd79c66e8731dff596ec0e46f0fffe7c1db/spring-in-action/chapter8/tacocloud-messaging-jms/pom.xml#L26,<!-- TacoCloud dependencies -->,[],Maven,2,26,26
17095,sinkyoungdeok/spring,https://github.com/sinkyoungdeok/spring/blob/2ef3cdd79c66e8731dff596ec0e46f0fffe7c1db/spring-in-action/chapter8/tacocloud-messaging-jms/pom.xml#L33,<!-- Necessary Boot starters -->,[],Maven,2,33,33
17095,sinkyoungdeok/spring,https://github.com/sinkyoungdeok/spring/blob/2ef3cdd79c66e8731dff596ec0e46f0fffe7c1db/spring-in-action/chapter8/tacocloud-messaging-jms/pom.xml#L39,<!-- Lombok -->,[],Maven,2,39,39
17095,sinkyoungdeok/spring,https://github.com/sinkyoungdeok/spring/blob/2ef3cdd79c66e8731dff596ec0e46f0fffe7c1db/spring-in-action/chapter8/tacocloud-messaging-jms/pom.xml#L46,<!-- Test dependencies -->,[],Maven,2,46,46
17095,sinkyoungdeok/spring,https://github.com/sinkyoungdeok/spring/blob/2ef3cdd79c66e8731dff596ec0e46f0fffe7c1db/spring-in-action/chapter8/tacocloud-messaging-kafka/pom.xml#L26,<!-- TacoCloud dependencies -->,[],Maven,2,26,26
17095,sinkyoungdeok/spring,https://github.com/sinkyoungdeok/spring/blob/2ef3cdd79c66e8731dff596ec0e46f0fffe7c1db/spring-in-action/chapter8/tacocloud-messaging-kafka/pom.xml#L33,<!-- Necessary Boot starters -->,[],Maven,2,33,33
17095,sinkyoungdeok/spring,https://github.com/sinkyoungdeok/spring/blob/2ef3cdd79c66e8731dff596ec0e46f0fffe7c1db/spring-in-action/chapter8/tacocloud-messaging-kafka/pom.xml#L39,<!-- Lombok -->,[],Maven,2,39,39
17095,sinkyoungdeok/spring,https://github.com/sinkyoungdeok/spring/blob/2ef3cdd79c66e8731dff596ec0e46f0fffe7c1db/spring-in-action/chapter8/tacocloud-messaging-kafka/pom.xml#L46,<!-- Test dependencies -->,[],Maven,2,46,46
17095,sinkyoungdeok/spring,https://github.com/sinkyoungdeok/spring/blob/2ef3cdd79c66e8731dff596ec0e46f0fffe7c1db/spring-in-action/chapter8/tacocloud-messaging-rabbitmq/pom.xml#L26,<!-- TacoCloud dependencies -->,[],Maven,2,26,26
17095,sinkyoungdeok/spring,https://github.com/sinkyoungdeok/spring/blob/2ef3cdd79c66e8731dff596ec0e46f0fffe7c1db/spring-in-action/chapter8/tacocloud-messaging-rabbitmq/pom.xml#L33,<!-- Necessary Boot starters -->,[],Maven,2,33,33
17095,sinkyoungdeok/spring,https://github.com/sinkyoungdeok/spring/blob/2ef3cdd79c66e8731dff596ec0e46f0fffe7c1db/spring-in-action/chapter8/tacocloud-messaging-rabbitmq/pom.xml#L39,<!-- Lombok -->,[],Maven,2,39,39
17095,sinkyoungdeok/spring,https://github.com/sinkyoungdeok/spring/blob/2ef3cdd79c66e8731dff596ec0e46f0fffe7c1db/spring-in-action/chapter8/tacocloud-messaging-rabbitmq/pom.xml#L46,<!-- Test dependencies -->,[],Maven,2,46,46
17095,sinkyoungdeok/spring,https://github.com/sinkyoungdeok/spring/blob/2ef3cdd79c66e8731dff596ec0e46f0fffe7c1db/spring-in-action/chapter8/tacocloud-restclient/pom.xml#L26,<!-- TacoCloud dependencies -->,[],Maven,2,26,26
17095,sinkyoungdeok/spring,https://github.com/sinkyoungdeok/spring/blob/2ef3cdd79c66e8731dff596ec0e46f0fffe7c1db/spring-in-action/chapter8/tacocloud-restclient/pom.xml#L33,<!-- Necessary Boot starters -->,[],Maven,2,33,33
17095,sinkyoungdeok/spring,https://github.com/sinkyoungdeok/spring/blob/2ef3cdd79c66e8731dff596ec0e46f0fffe7c1db/spring-in-action/chapter8/tacocloud-restclient/pom.xml#L39,<!-- Lombok -->,[],Maven,2,39,39
17095,sinkyoungdeok/spring,https://github.com/sinkyoungdeok/spring/blob/2ef3cdd79c66e8731dff596ec0e46f0fffe7c1db/spring-in-action/chapter8/tacocloud-restclient/pom.xml#L46,<!-- Misc -->,[],Maven,2,46,46
17095,sinkyoungdeok/spring,https://github.com/sinkyoungdeok/spring/blob/2ef3cdd79c66e8731dff596ec0e46f0fffe7c1db/spring-in-action/chapter8/tacocloud-restclient/pom.xml#L52,<!-- Test dependencies -->,[],Maven,2,52,52
17095,sinkyoungdeok/spring,https://github.com/sinkyoungdeok/spring/blob/2ef3cdd79c66e8731dff596ec0e46f0fffe7c1db/spring-in-action/chapter8/tacocloud-security/pom.xml#L26,<!-- TacoCloud dependencies -->,[],Maven,2,26,26
17095,sinkyoungdeok/spring,https://github.com/sinkyoungdeok/spring/blob/2ef3cdd79c66e8731dff596ec0e46f0fffe7c1db/spring-in-action/chapter8/tacocloud-security/pom.xml#L38,<!-- Necessary Boot starters -->,[],Maven,2,38,38
17095,sinkyoungdeok/spring,https://github.com/sinkyoungdeok/spring/blob/2ef3cdd79c66e8731dff596ec0e46f0fffe7c1db/spring-in-action/chapter8/tacocloud-security/pom.xml#L44,<!-- Lombok -->,[],Maven,2,44,44
17095,sinkyoungdeok/spring,https://github.com/sinkyoungdeok/spring/blob/2ef3cdd79c66e8731dff596ec0e46f0fffe7c1db/spring-in-action/chapter8/tacocloud-security/pom.xml#L51,<!-- Test dependencies -->,[],Maven,2,51,51
17095,sinkyoungdeok/spring,https://github.com/sinkyoungdeok/spring/blob/2ef3cdd79c66e8731dff596ec0e46f0fffe7c1db/spring-in-action/chapter8/tacocloud-web/pom.xml#L26,<!-- TacoCloud dependencies -->,[],Maven,2,26,26
17095,sinkyoungdeok/spring,https://github.com/sinkyoungdeok/spring/blob/2ef3cdd79c66e8731dff596ec0e46f0fffe7c1db/spring-in-action/chapter8/tacocloud-web/pom.xml#L38,<!-- Necessary Boot starters -->,[],Maven,2,38,38
17095,sinkyoungdeok/spring,https://github.com/sinkyoungdeok/spring/blob/2ef3cdd79c66e8731dff596ec0e46f0fffe7c1db/spring-in-action/chapter8/tacocloud-web/pom.xml#L52,<!-- Lombok -->,[],Maven,2,52,52
17095,sinkyoungdeok/spring,https://github.com/sinkyoungdeok/spring/blob/2ef3cdd79c66e8731dff596ec0e46f0fffe7c1db/spring-in-action/chapter8/tacocloud-web/pom.xml#L59,<!-- Misc -->,[],Maven,2,59,59
17095,sinkyoungdeok/spring,https://github.com/sinkyoungdeok/spring/blob/2ef3cdd79c66e8731dff596ec0e46f0fffe7c1db/spring-in-action/chapter8/tacocloud-web/pom.xml#L79,<!-- Test dependencies -->,[],Maven,2,79,79
17095,sinkyoungdeok/spring,https://github.com/sinkyoungdeok/spring/blob/2ef3cdd79c66e8731dff596ec0e46f0fffe7c1db/spring-in-action/chapter8/tacocloud-web/pom.xml#L96,<!-- For the sake of the configuration properties class -->,[],Maven,2,96,96
17095,sinkyoungdeok/spring,https://github.com/sinkyoungdeok/spring/blob/2ef3cdd79c66e8731dff596ec0e46f0fffe7c1db/spring-in-action/chapter8/tacos/pom.xml#L26,<!-- TacoCloud dependencies -->,[],Maven,2,26,26
17095,sinkyoungdeok/spring,https://github.com/sinkyoungdeok/spring/blob/2ef3cdd79c66e8731dff596ec0e46f0fffe7c1db/spring-in-action/chapter8/tacos/pom.xml#L55,<!-- Run against embedded H2 database by default -->,[],Maven,2,55,55
17095,sinkyoungdeok/spring,https://github.com/sinkyoungdeok/spring/blob/2ef3cdd79c66e8731dff596ec0e46f0fffe7c1db/spring-in-action/chapter8/tacos/pom.xml#L62,<!-- Actuator and DevTools...just because -->,[],Maven,2,62,62
17095,sinkyoungdeok/spring,https://github.com/sinkyoungdeok/spring/blob/2ef3cdd79c66e8731dff596ec0e46f0fffe7c1db/spring-in-action/chapter8/tacos/pom.xml#L73,<!-- Test dependencies -->,[],Maven,2,73,73
17095,sinkyoungdeok/spring,https://github.com/sinkyoungdeok/spring/blob/2ef3cdd79c66e8731dff596ec0e46f0fffe7c1db/spring-in-action/chapter9/simple-flow/pom.xml#L18,<!-- lookup parent from repository -->,[],Maven,19,18,18
17095,sinkyoungdeok/spring,https://github.com/sinkyoungdeok/spring/blob/2ef3cdd79c66e8731dff596ec0e46f0fffe7c1db/spring-in-action/chapter9/simple-flow/bin/pom.xml#L18,<!-- lookup parent from repository -->,[],Maven,19,18,18
17095,sinkyoungdeok/spring,https://github.com/sinkyoungdeok/spring/blob/2ef3cdd79c66e8731dff596ec0e46f0fffe7c1db/spring-in-action/chapter9/taco-cloud/tacocloud-api/pom.xml#L26,<!-- TacoCloud dependencies -->,[],Maven,2,26,26
17095,sinkyoungdeok/spring,https://github.com/sinkyoungdeok/spring/blob/2ef3cdd79c66e8731dff596ec0e46f0fffe7c1db/spring-in-action/chapter9/taco-cloud/tacocloud-api/pom.xml#L42,"<!--  		<dependency>
			<groupId>sia</groupId>
			<artifactId>tacocloud-messaging-jms</artifactId>
			<version>${tacocloud.version}</version>
		</dependency> -->",[],Maven,0,42,46
17095,sinkyoungdeok/spring,https://github.com/sinkyoungdeok/spring/blob/2ef3cdd79c66e8731dff596ec0e46f0fffe7c1db/spring-in-action/chapter9/taco-cloud/tacocloud-api/pom.xml#L47,"<!-- 		<dependency>
			<groupId>sia</groupId>
			<artifactId>tacocloud-messaging-rabbitmq</artifactId>
			<version>${tacocloud.version}</version>
		</dependency> -->",[],Maven,0,47,51
17095,sinkyoungdeok/spring,https://github.com/sinkyoungdeok/spring/blob/2ef3cdd79c66e8731dff596ec0e46f0fffe7c1db/spring-in-action/chapter9/taco-cloud/tacocloud-api/pom.xml#L58,<!-- Necessary Boot starters -->,[],Maven,2,58,58
17095,sinkyoungdeok/spring,https://github.com/sinkyoungdeok/spring/blob/2ef3cdd79c66e8731dff596ec0e46f0fffe7c1db/spring-in-action/chapter9/taco-cloud/tacocloud-api/pom.xml#L68,<!-- Lombok -->,[],Maven,2,68,68
17095,sinkyoungdeok/spring,https://github.com/sinkyoungdeok/spring/blob/2ef3cdd79c66e8731dff596ec0e46f0fffe7c1db/spring-in-action/chapter9/taco-cloud/tacocloud-api/pom.xml#L75,<!-- Test dependencies -->,[],Maven,2,75,75
17095,sinkyoungdeok/spring,https://github.com/sinkyoungdeok/spring/blob/2ef3cdd79c66e8731dff596ec0e46f0fffe7c1db/spring-in-action/chapter9/taco-cloud/tacocloud-data/pom.xml#L26,<!-- TacoCloud dependencies -->,[],Maven,2,26,26
17095,sinkyoungdeok/spring,https://github.com/sinkyoungdeok/spring/blob/2ef3cdd79c66e8731dff596ec0e46f0fffe7c1db/spring-in-action/chapter9/taco-cloud/tacocloud-data/pom.xml#L33,<!-- Necessary Boot starters -->,[],Maven,2,33,33
17095,sinkyoungdeok/spring,https://github.com/sinkyoungdeok/spring/blob/2ef3cdd79c66e8731dff596ec0e46f0fffe7c1db/spring-in-action/chapter9/taco-cloud/tacocloud-data/pom.xml#L47,<!-- Lombok -->,[],Maven,2,47,47
17095,sinkyoungdeok/spring,https://github.com/sinkyoungdeok/spring/blob/2ef3cdd79c66e8731dff596ec0e46f0fffe7c1db/spring-in-action/chapter9/taco-cloud/tacocloud-data/pom.xml#L54,<!-- Test dependencies -->,[],Maven,2,54,54
17095,sinkyoungdeok/spring,https://github.com/sinkyoungdeok/spring/blob/2ef3cdd79c66e8731dff596ec0e46f0fffe7c1db/spring-in-action/chapter9/taco-cloud/tacocloud-domain/pom.xml#L26,<!-- Necessary Boot starters -->,[],Maven,2,26,26
17095,sinkyoungdeok/spring,https://github.com/sinkyoungdeok/spring/blob/2ef3cdd79c66e8731dff596ec0e46f0fffe7c1db/spring-in-action/chapter9/taco-cloud/tacocloud-domain/pom.xml#L40,<!-- Lombok -->,[],Maven,2,40,40
17095,sinkyoungdeok/spring,https://github.com/sinkyoungdeok/spring/blob/2ef3cdd79c66e8731dff596ec0e46f0fffe7c1db/spring-in-action/chapter9/taco-cloud/tacocloud-domain/pom.xml#L47,<!-- H2 - TBD if this is strictly necessary except for testing -->,[],Maven,2,47,47
17095,sinkyoungdeok/spring,https://github.com/sinkyoungdeok/spring/blob/2ef3cdd79c66e8731dff596ec0e46f0fffe7c1db/spring-in-action/chapter9/taco-cloud/tacocloud-domain/pom.xml#L54,<!-- Test dependencies -->,[],Maven,2,54,54
17095,sinkyoungdeok/spring,https://github.com/sinkyoungdeok/spring/blob/2ef3cdd79c66e8731dff596ec0e46f0fffe7c1db/spring-in-action/chapter9/taco-cloud/tacocloud-email/pom.xml#L26,<!-- Necessary Boot starters -->,[],Maven,2,26,26
17095,sinkyoungdeok/spring,https://github.com/sinkyoungdeok/spring/blob/2ef3cdd79c66e8731dff596ec0e46f0fffe7c1db/spring-in-action/chapter9/taco-cloud/tacocloud-email/pom.xml#L40,<!-- Misc dependencies -->,[],Maven,2,40,40
17095,sinkyoungdeok/spring,https://github.com/sinkyoungdeok/spring/blob/2ef3cdd79c66e8731dff596ec0e46f0fffe7c1db/spring-in-action/chapter9/taco-cloud/tacocloud-email/pom.xml#L52,<!-- Lombok -->,[],Maven,2,52,52
17095,sinkyoungdeok/spring,https://github.com/sinkyoungdeok/spring/blob/2ef3cdd79c66e8731dff596ec0e46f0fffe7c1db/spring-in-action/chapter9/taco-cloud/tacocloud-email/pom.xml#L59,<!-- Test dependencies -->,[],Maven,2,59,59
17095,sinkyoungdeok/spring,https://github.com/sinkyoungdeok/spring/blob/2ef3cdd79c66e8731dff596ec0e46f0fffe7c1db/spring-in-action/chapter9/taco-cloud/tacocloud-kitchen/pom.xml#L26,<!-- Necessary Boot starters -->,[],Maven,2,26,26
17095,sinkyoungdeok/spring,https://github.com/sinkyoungdeok/spring/blob/2ef3cdd79c66e8731dff596ec0e46f0fffe7c1db/spring-in-action/chapter9/taco-cloud/tacocloud-kitchen/pom.xml#L48,<!-- Lombok -->,[],Maven,2,48,48
17095,sinkyoungdeok/spring,https://github.com/sinkyoungdeok/spring/blob/2ef3cdd79c66e8731dff596ec0e46f0fffe7c1db/spring-in-action/chapter9/taco-cloud/tacocloud-kitchen/pom.xml#L55,<!-- Test dependencies -->,[],Maven,2,55,55
17095,sinkyoungdeok/spring,https://github.com/sinkyoungdeok/spring/blob/2ef3cdd79c66e8731dff596ec0e46f0fffe7c1db/spring-in-action/chapter9/taco-cloud/tacocloud-kitchen/pom.xml#L62,<!-- Dev Tools -->,[],Maven,2,62,62
17095,sinkyoungdeok/spring,https://github.com/sinkyoungdeok/spring/blob/2ef3cdd79c66e8731dff596ec0e46f0fffe7c1db/spring-in-action/chapter9/taco-cloud/tacocloud-messaging-jms/pom.xml#L26,<!-- TacoCloud dependencies -->,[],Maven,2,26,26
17095,sinkyoungdeok/spring,https://github.com/sinkyoungdeok/spring/blob/2ef3cdd79c66e8731dff596ec0e46f0fffe7c1db/spring-in-action/chapter9/taco-cloud/tacocloud-messaging-jms/pom.xml#L33,<!-- Necessary Boot starters -->,[],Maven,2,33,33
17095,sinkyoungdeok/spring,https://github.com/sinkyoungdeok/spring/blob/2ef3cdd79c66e8731dff596ec0e46f0fffe7c1db/spring-in-action/chapter9/taco-cloud/tacocloud-messaging-jms/pom.xml#L39,<!-- Lombok -->,[],Maven,2,39,39
17095,sinkyoungdeok/spring,https://github.com/sinkyoungdeok/spring/blob/2ef3cdd79c66e8731dff596ec0e46f0fffe7c1db/spring-in-action/chapter9/taco-cloud/tacocloud-messaging-jms/pom.xml#L46,<!-- Test dependencies -->,[],Maven,2,46,46
17095,sinkyoungdeok/spring,https://github.com/sinkyoungdeok/spring/blob/2ef3cdd79c66e8731dff596ec0e46f0fffe7c1db/spring-in-action/chapter9/taco-cloud/tacocloud-messaging-kafka/pom.xml#L26,<!-- TacoCloud dependencies -->,[],Maven,2,26,26
17095,sinkyoungdeok/spring,https://github.com/sinkyoungdeok/spring/blob/2ef3cdd79c66e8731dff596ec0e46f0fffe7c1db/spring-in-action/chapter9/taco-cloud/tacocloud-messaging-kafka/pom.xml#L33,<!-- Necessary Boot starters -->,[],Maven,2,33,33
17095,sinkyoungdeok/spring,https://github.com/sinkyoungdeok/spring/blob/2ef3cdd79c66e8731dff596ec0e46f0fffe7c1db/spring-in-action/chapter9/taco-cloud/tacocloud-messaging-kafka/pom.xml#L39,<!-- Lombok -->,[],Maven,2,39,39
17095,sinkyoungdeok/spring,https://github.com/sinkyoungdeok/spring/blob/2ef3cdd79c66e8731dff596ec0e46f0fffe7c1db/spring-in-action/chapter9/taco-cloud/tacocloud-messaging-kafka/pom.xml#L46,<!-- Test dependencies -->,[],Maven,2,46,46
17095,sinkyoungdeok/spring,https://github.com/sinkyoungdeok/spring/blob/2ef3cdd79c66e8731dff596ec0e46f0fffe7c1db/spring-in-action/chapter9/taco-cloud/tacocloud-messaging-rabbitmq/pom.xml#L26,<!-- TacoCloud dependencies -->,[],Maven,2,26,26
17095,sinkyoungdeok/spring,https://github.com/sinkyoungdeok/spring/blob/2ef3cdd79c66e8731dff596ec0e46f0fffe7c1db/spring-in-action/chapter9/taco-cloud/tacocloud-messaging-rabbitmq/pom.xml#L33,<!-- Necessary Boot starters -->,[],Maven,2,33,33
17095,sinkyoungdeok/spring,https://github.com/sinkyoungdeok/spring/blob/2ef3cdd79c66e8731dff596ec0e46f0fffe7c1db/spring-in-action/chapter9/taco-cloud/tacocloud-messaging-rabbitmq/pom.xml#L39,<!-- Lombok -->,[],Maven,2,39,39
17095,sinkyoungdeok/spring,https://github.com/sinkyoungdeok/spring/blob/2ef3cdd79c66e8731dff596ec0e46f0fffe7c1db/spring-in-action/chapter9/taco-cloud/tacocloud-messaging-rabbitmq/pom.xml#L46,<!-- Test dependencies -->,[],Maven,2,46,46
17095,sinkyoungdeok/spring,https://github.com/sinkyoungdeok/spring/blob/2ef3cdd79c66e8731dff596ec0e46f0fffe7c1db/spring-in-action/chapter9/taco-cloud/tacocloud-restclient/pom.xml#L26,<!-- TacoCloud dependencies -->,[],Maven,2,26,26
17095,sinkyoungdeok/spring,https://github.com/sinkyoungdeok/spring/blob/2ef3cdd79c66e8731dff596ec0e46f0fffe7c1db/spring-in-action/chapter9/taco-cloud/tacocloud-restclient/pom.xml#L33,<!-- Necessary Boot starters -->,[],Maven,2,33,33
17095,sinkyoungdeok/spring,https://github.com/sinkyoungdeok/spring/blob/2ef3cdd79c66e8731dff596ec0e46f0fffe7c1db/spring-in-action/chapter9/taco-cloud/tacocloud-restclient/pom.xml#L39,<!-- Lombok -->,[],Maven,2,39,39
17095,sinkyoungdeok/spring,https://github.com/sinkyoungdeok/spring/blob/2ef3cdd79c66e8731dff596ec0e46f0fffe7c1db/spring-in-action/chapter9/taco-cloud/tacocloud-restclient/pom.xml#L46,<!-- Misc -->,[],Maven,2,46,46
17095,sinkyoungdeok/spring,https://github.com/sinkyoungdeok/spring/blob/2ef3cdd79c66e8731dff596ec0e46f0fffe7c1db/spring-in-action/chapter9/taco-cloud/tacocloud-restclient/pom.xml#L52,<!-- Test dependencies -->,[],Maven,2,52,52
17095,sinkyoungdeok/spring,https://github.com/sinkyoungdeok/spring/blob/2ef3cdd79c66e8731dff596ec0e46f0fffe7c1db/spring-in-action/chapter9/taco-cloud/tacocloud-security/pom.xml#L26,<!-- TacoCloud dependencies -->,[],Maven,2,26,26
17095,sinkyoungdeok/spring,https://github.com/sinkyoungdeok/spring/blob/2ef3cdd79c66e8731dff596ec0e46f0fffe7c1db/spring-in-action/chapter9/taco-cloud/tacocloud-security/pom.xml#L38,<!-- Necessary Boot starters -->,[],Maven,2,38,38
17095,sinkyoungdeok/spring,https://github.com/sinkyoungdeok/spring/blob/2ef3cdd79c66e8731dff596ec0e46f0fffe7c1db/spring-in-action/chapter9/taco-cloud/tacocloud-security/pom.xml#L44,<!-- Lombok -->,[],Maven,2,44,44
17095,sinkyoungdeok/spring,https://github.com/sinkyoungdeok/spring/blob/2ef3cdd79c66e8731dff596ec0e46f0fffe7c1db/spring-in-action/chapter9/taco-cloud/tacocloud-security/pom.xml#L51,<!-- Test dependencies -->,[],Maven,2,51,51
17095,sinkyoungdeok/spring,https://github.com/sinkyoungdeok/spring/blob/2ef3cdd79c66e8731dff596ec0e46f0fffe7c1db/spring-in-action/chapter9/taco-cloud/tacocloud-web/pom.xml#L26,<!-- TacoCloud dependencies -->,[],Maven,2,26,26
17095,sinkyoungdeok/spring,https://github.com/sinkyoungdeok/spring/blob/2ef3cdd79c66e8731dff596ec0e46f0fffe7c1db/spring-in-action/chapter9/taco-cloud/tacocloud-web/pom.xml#L38,<!-- Necessary Boot starters -->,[],Maven,2,38,38
17095,sinkyoungdeok/spring,https://github.com/sinkyoungdeok/spring/blob/2ef3cdd79c66e8731dff596ec0e46f0fffe7c1db/spring-in-action/chapter9/taco-cloud/tacocloud-web/pom.xml#L52,<!-- Lombok -->,[],Maven,2,52,52
17095,sinkyoungdeok/spring,https://github.com/sinkyoungdeok/spring/blob/2ef3cdd79c66e8731dff596ec0e46f0fffe7c1db/spring-in-action/chapter9/taco-cloud/tacocloud-web/pom.xml#L59,<!-- Misc -->,[],Maven,2,59,59
17095,sinkyoungdeok/spring,https://github.com/sinkyoungdeok/spring/blob/2ef3cdd79c66e8731dff596ec0e46f0fffe7c1db/spring-in-action/chapter9/taco-cloud/tacocloud-web/pom.xml#L79,<!-- Test dependencies -->,[],Maven,2,79,79
17095,sinkyoungdeok/spring,https://github.com/sinkyoungdeok/spring/blob/2ef3cdd79c66e8731dff596ec0e46f0fffe7c1db/spring-in-action/chapter9/taco-cloud/tacocloud-web/pom.xml#L96,<!-- For the sake of the configuration properties class -->,[],Maven,2,96,96
17095,sinkyoungdeok/spring,https://github.com/sinkyoungdeok/spring/blob/2ef3cdd79c66e8731dff596ec0e46f0fffe7c1db/spring-in-action/chapter9/taco-cloud/tacos/pom.xml#L26,<!-- TacoCloud dependencies -->,[],Maven,2,26,26
17095,sinkyoungdeok/spring,https://github.com/sinkyoungdeok/spring/blob/2ef3cdd79c66e8731dff596ec0e46f0fffe7c1db/spring-in-action/chapter9/taco-cloud/tacos/pom.xml#L53,<!-- Run against embedded H2 database by default -->,[],Maven,2,53,53
17095,sinkyoungdeok/spring,https://github.com/sinkyoungdeok/spring/blob/2ef3cdd79c66e8731dff596ec0e46f0fffe7c1db/spring-in-action/chapter9/taco-cloud/tacos/pom.xml#L60,<!-- Actuator and DevTools...just because -->,[],Maven,2,60,60
17095,sinkyoungdeok/spring,https://github.com/sinkyoungdeok/spring/blob/2ef3cdd79c66e8731dff596ec0e46f0fffe7c1db/spring-in-action/chapter9/taco-cloud/tacos/pom.xml#L71,<!-- Test dependencies -->,[],Maven,2,71,71
