repoIndex,repoName,linkLocation,comment,keywords,buildSysteminFile,charPosition,startLine,endLine
18198,spring-attic/grails-ide,https://github.com/spring-attic/grails-ide/blob/500b95d77ea26949d399d514dd3048f02d223d9b/org.grails.ide.eclipse.core/build.properties#L1,"#
#Tue Mar 02 11:42:29 PST 2010",[],Ant,0,1,2
18198,spring-attic/grails-ide,https://github.com/spring-attic/grails-ide/blob/500b95d77ea26949d399d514dd3048f02d223d9b/org.grails.ide.eclipse.editor.groovy/build.properties#L1,"#
#Tue Mar 02 11:42:29 PST 2010",[],Ant,0,1,2
18198,spring-attic/grails-ide,https://github.com/spring-attic/grails-ide/blob/500b95d77ea26949d399d514dd3048f02d223d9b/org.grails.ide.eclipse.editor.gsp/build.properties#L1,"#
#Tue Mar 02 11:42:29 PST 2010",[],Ant,0,1,2
18198,spring-attic/grails-ide,https://github.com/spring-attic/grails-ide/blob/500b95d77ea26949d399d514dd3048f02d223d9b/org.grails.ide.eclipse.ui/build.properties#L1,"#
#Tue Mar 02 11:42:29 PST 2010",[],Ant,0,1,2
18198,spring-attic/grails-ide,https://github.com/spring-attic/grails-ide/blob/500b95d77ea26949d399d514dd3048f02d223d9b/pom.xml#L2,"<!--
   STS PARENT POM
-->",[],Maven,0,2,4
18198,spring-attic/grails-ide,https://github.com/spring-attic/grails-ide/blob/500b95d77ea26949d399d514dd3048f02d223d9b/pom.xml#L32,<!--	<module>org.grails.ide.eclipse.junit</module> -->,[],Maven,0,32,32
18198,spring-attic/grails-ide,https://github.com/spring-attic/grails-ide/blob/500b95d77ea26949d399d514dd3048f02d223d9b/pom.xml#L33,<!--	<module>org.grails.ide.eclipse.junit.runtime</module> -->,[],Maven,0,33,33
18198,spring-attic/grails-ide,https://github.com/spring-attic/grails-ide/blob/500b95d77ea26949d399d514dd3048f02d223d9b/pom.xml#L35,"<!-- hanging on server, disable -->",[],Maven,1,35,35
18198,spring-attic/grails-ide,https://github.com/spring-attic/grails-ide/blob/500b95d77ea26949d399d514dd3048f02d223d9b/pom.xml#L36,<!--	<module>org.grails.ide.eclipse.maven.test</module> -->,[],Maven,0,36,36
18198,spring-attic/grails-ide,https://github.com/spring-attic/grails-ide/blob/500b95d77ea26949d399d514dd3048f02d223d9b/pom.xml#L42,"<!-- nothing in here anymore that runs on the build server	
	<module>org.grails.ide.eclipse.test.ui</module> 
 -->",[],Maven,0,42,44
18198,spring-attic/grails-ide,https://github.com/spring-attic/grails-ide/blob/500b95d77ea26949d399d514dd3048f02d223d9b/pom.xml#L56,<!-- Common Configuration -->,[],Maven,2,56,56
18198,spring-attic/grails-ide,https://github.com/spring-attic/grails-ide/blob/500b95d77ea26949d399d514dd3048f02d223d9b/pom.xml#L79,<!-- Eclipse Integration Commons Properties -->,[],Maven,4,79,79
18198,spring-attic/grails-ide,https://github.com/spring-attic/grails-ide/blob/500b95d77ea26949d399d514dd3048f02d223d9b/pom.xml#L84,<!-- Signing -->,[],Maven,1,84,84
18198,spring-attic/grails-ide,https://github.com/spring-attic/grails-ide/blob/500b95d77ea26949d399d514dd3048f02d223d9b/pom.xml#L96,<!-- Common Properties -->,[],Maven,4,96,96
18198,spring-attic/grails-ide,https://github.com/spring-attic/grails-ide/blob/500b95d77ea26949d399d514dd3048f02d223d9b/pom.xml#L108,<!-- general version path extension for all dependencies -->,[],Maven,1,108,108
18198,spring-attic/grails-ide,https://github.com/spring-attic/grails-ide/blob/500b95d77ea26949d399d514dd3048f02d223d9b/pom.xml#L111,<!-- individual version path extensions for all the dependencies -->,[],Maven,1,111,111
18198,spring-attic/grails-ide,https://github.com/spring-attic/grails-ide/blob/500b95d77ea26949d399d514dd3048f02d223d9b/pom.xml#L176,"<!-- 	<repository> 
		  <id>platform201106131736</id>
		  <layout>p2</layout>
		  <url>https://download.eclipse.org/eclipse/updates/3.7/R-3.7-201106131736</url>
		</repository> -->",[],Maven,0,176,180
18198,spring-attic/grails-ide,https://github.com/spring-attic/grails-ide/blob/500b95d77ea26949d399d514dd3048f02d223d9b/pom.xml#L231,"<!-- this does not make sense, but without this site tycho can't find the 'SWT fragment bundles' -->",[],Maven,2,231,231
18198,spring-attic/grails-ide,https://github.com/spring-attic/grails-ide/blob/500b95d77ea26949d399d514dd3048f02d223d9b/pom.xml#L232,"<!-- <repository>
			<id>indigo</id>
			<layout>p2</layout>
			<url>https://download.eclipse.org/releases/indigo/</url>
		</repository> -->",[],Maven,2,232,236
18198,spring-attic/grails-ide,https://github.com/spring-attic/grails-ide/blob/500b95d77ea26949d399d514dd3048f02d223d9b/pom.xml#L282,"<!-- this does not make sense, but without this site tycho can't find the 'SWT fragment bundles' -->",[],Maven,2,282,282
18198,spring-attic/grails-ide,https://github.com/spring-attic/grails-ide/blob/500b95d77ea26949d399d514dd3048f02d223d9b/pom.xml#L283,"<!-- <repository>
			<id>indigo</id>
			<layout>p2</layout>
			<url>https://download.eclipse.org/releases/indigo/</url>
		</repository> -->",[],Maven,2,283,287
18198,spring-attic/grails-ide,https://github.com/spring-attic/grails-ide/blob/500b95d77ea26949d399d514dd3048f02d223d9b/pom.xml#L326,<!-- <version.weaving>1.1.0.I20140501-0200</version.weaving>  -->,[],Maven,2,326,326
18198,spring-attic/grails-ide,https://github.com/spring-attic/grails-ide/blob/500b95d77ea26949d399d514dd3048f02d223d9b/pom.xml#L327,<!-- <version.weaving>1.0.200.I20130319-1000</version.weaving> -->,[],Maven,2,327,327
18198,spring-attic/grails-ide,https://github.com/spring-attic/grails-ide/blob/500b95d77ea26949d399d514dd3048f02d223d9b/pom.xml#L335,"<!--   Should be using this, but it doesn't exist yet...
       <repository>
		  <id>luna</id>
		  <layout>p2</layout>
		  <url>https://download.eclipse.org/releases/kepler/</url>
		</repository> 
		So we use this instead: -->",[],Maven,0,335,341
18198,spring-attic/grails-ide,https://github.com/spring-attic/grails-ide/blob/500b95d77ea26949d399d514dd3048f02d223d9b/pom.xml#L351,<!--  when available should use release: https://download.eclipse.org/tools/ajdt/44/update -->,[],Maven,4,351,351
18198,spring-attic/grails-ide,https://github.com/spring-attic/grails-ide/blob/500b95d77ea26949d399d514dd3048f02d223d9b/pom.xml#L387,<!--  profile that restricts Groovy compiler to 2.1 for test running -->,[],Maven,7,387,387
18198,spring-attic/grails-ide,https://github.com/spring-attic/grails-ide/blob/500b95d77ea26949d399d514dd3048f02d223d9b/pom.xml#L394,<!--  profile that restricts Groovy compiler to 2.2 for test running -->,[],Maven,7,394,394
18198,spring-attic/grails-ide,https://github.com/spring-attic/grails-ide/blob/500b95d77ea26949d399d514dd3048f02d223d9b/pom.xml#L401,<!--  profile that restricts Groovy compiler to 2.2 for test running -->,[],Maven,7,401,401
18198,spring-attic/grails-ide,https://github.com/spring-attic/grails-ide/blob/500b95d77ea26949d399d514dd3048f02d223d9b/pom.xml#L449,<!-- required for Maven and Ant AWS dependency -->,[],Maven,4,449,449
18198,spring-attic/grails-ide,https://github.com/spring-attic/grails-ide/blob/500b95d77ea26949d399d514dd3048f02d223d9b/pom.xml#L455,<!-- required for commons-cli dependency in c.s.sts.grails.core -->,[],Maven,4,455,455
18198,spring-attic/grails-ide,https://github.com/spring-attic/grails-ide/blob/500b95d77ea26949d399d514dd3048f02d223d9b/pom.xml#L467,<!-- required for Maven and Ant AWS dependency -->,[],Maven,4,467,467
18198,spring-attic/grails-ide,https://github.com/spring-attic/grails-ide/blob/500b95d77ea26949d399d514dd3048f02d223d9b/pom.xml#L533,"<!-- do not fail if properties file does not exist to support, required to build eclipse-repository projects -->",[],Maven,14,533,533
18198,spring-attic/grails-ide,https://github.com/spring-attic/grails-ide/blob/500b95d77ea26949d399d514dd3048f02d223d9b/pom.xml#L647,<!-- Ensure we don't get multiple groovy compilers in the build -->,[],Maven,5,647,647
18198,spring-attic/grails-ide,https://github.com/spring-attic/grails-ide/blob/500b95d77ea26949d399d514dd3048f02d223d9b/pom.xml#L777,<!-- -XX:MaxPermSize=382m -XX:HeapDumpPath=${project.build.directory}/heapdumps -->,[],Maven,12,777,777
18198,spring-attic/grails-ide,https://github.com/spring-attic/grails-ide/blob/500b95d77ea26949d399d514dd3048f02d223d9b/pom.xml#L783,"<!-- Shouldn't put this or it will drag in multiple groovy compuler features and we need to be able to pick just one compiler for
   test builds.
               <dependency>
			    <type>p2-installable-unit</type>
			    <artifactId>org.grails.ide.eclipse.feature.group</artifactId>
			    <version>0.0.0</version>
			  </dependency> 
 -->",[],Maven,0,783,790
18198,spring-attic/grails-ide,https://github.com/spring-attic/grails-ide/blob/500b95d77ea26949d399d514dd3048f02d223d9b/org.grails.ide.eclipse.maven.test/testProjects/ggts-maven-test/pom.xml#L85,"<!-- Disables the Maven surefire plugin for Grails applications, as we 
				have our own test runner -->",[],Maven,3,85,86
18198,spring-attic/grails-ide,https://github.com/spring-attic/grails-ide/blob/500b95d77ea26949d399d514dd3048f02d223d9b/org.grails.ide.eclipse.maven.test/testProjects/ggts-maven-test/pom.xml#L131,"<!--
				<executions>
					<execution>
						<goals>
							<goal>init</goal>
							<goal>maven-clean</goal>
							<goal>validate</goal>
							<goal>config-directories</goal>
							<goal>maven-compile</goal>
							<goal>maven-test</goal>
							<goal>maven-war</goal>
							<goal>maven-functional-test</goal>
						</goals>
					</execution>
				</executions>
-->",[],Maven,0,131,146
18198,spring-attic/grails-ide,https://github.com/spring-attic/grails-ide/blob/500b95d77ea26949d399d514dd3048f02d223d9b/org.grails.ide.eclipse.maven.test/testProjects/ggts-maven-test/src/main/webapp/META-INF/maven/example/ggts-maven-test/pom.xml#L85,"<!-- Disables the Maven surefire plugin for Grails applications, as we 
				have our own test runner -->",[],Maven,3,85,86
18198,spring-attic/grails-ide,https://github.com/spring-attic/grails-ide/blob/500b95d77ea26949d399d514dd3048f02d223d9b/org.grails.ide.eclipse.site.dependencies/pom.xml#L28,<!--  convenient profile so user kdvolder can run 'deploy' build from his own machine -->,[],Maven,0,28,28
18198,spring-attic/grails-ide,https://github.com/spring-attic/grails-ide/blob/500b95d77ea26949d399d514dd3048f02d223d9b/org.grails.ide.eclipse.site.dependencies/pom.xml#L92,<!-- disable because we have our own stuff to upload to s3 -->,[],Maven,8,92,92
18198,spring-attic/grails-ide,https://github.com/spring-attic/grails-ide/blob/500b95d77ea26949d399d514dd3048f02d223d9b/org.grails.ide.eclipse.site.dependencies/pom.xml#L190,"<!-- 	
  <pluginRepositories>
    <pluginRepository> 
      <id>spring-maven-release</id>
      <name>Spring Maven Release Repository</name>
      <url>https://maven.springframework.org/release</url>
    </pluginRepository>
    <pluginRepository>
      <id>springsource-maven-release</id>
      <name>SpringSource Maven Release Repository</name>
      <url>https://repository.springsource.com/maven/bundles/release</url>
    </pluginRepository>
  </pluginRepositories>
	-->",[],Maven,0,190,203
