repoIndex,repoName,linkLocation,comment,keywords,buildSysteminFile,charPosition,startLine,endLine
19086,usdot-fhwa-ops/v2x-hub,https://github.com/usdot-fhwa-ops/v2x-hub/blob/ad372a380d4296d72ab9afa439cf520b0c39e27f/tools/port-drayage-webservice/pom.xml#L16,<!-- spring boot module for REST server -->,[],Maven,8,16,16
19086,usdot-fhwa-ops/v2x-hub,https://github.com/usdot-fhwa-ops/v2x-hub/blob/ad372a380d4296d72ab9afa439cf520b0c39e27f/tools/port-drayage-webservice/pom.xml#L31,<!-- Library for UI -->,[],Maven,8,31,31
19086,usdot-fhwa-ops/v2x-hub,https://github.com/usdot-fhwa-ops/v2x-hub/blob/ad372a380d4296d72ab9afa439cf520b0c39e27f/tools/port-drayage-webservice/pom.xml#L40,<!-- Library for spring bean monitoring (locahost:8080/actuator)-->,[],Maven,8,40,40
19086,usdot-fhwa-ops/v2x-hub,https://github.com/usdot-fhwa-ops/v2x-hub/blob/ad372a380d4296d72ab9afa439cf520b0c39e27f/tools/port-drayage-webservice/pom.xml#L45,<!-- Library for JSON parsing/writing-->,[],Maven,8,45,45
19086,usdot-fhwa-ops/v2x-hub,https://github.com/usdot-fhwa-ops/v2x-hub/blob/ad372a380d4296d72ab9afa439cf520b0c39e27f/tools/port-drayage-webservice/pom.xml#L50,<!-- UI web jars for css -->,[],Maven,8,50,50
19086,usdot-fhwa-ops/v2x-hub,https://github.com/usdot-fhwa-ops/v2x-hub/blob/ad372a380d4296d72ab9afa439cf520b0c39e27f/tools/port-drayage-webservice/pom.xml#L61,<!-- Unit test library for spring-->,[],Maven,8,61,61
19086,usdot-fhwa-ops/v2x-hub,https://github.com/usdot-fhwa-ops/v2x-hub/blob/ad372a380d4296d72ab9afa439cf520b0c39e27f/tools/port-drayage-webservice/pom.xml#L77,<!-- Plugin for OpenAPI REST server codegen-->,[],Maven,12,77,77
19086,usdot-fhwa-ops/v2x-hub,https://github.com/usdot-fhwa-ops/v2x-hub/blob/ad372a380d4296d72ab9afa439cf520b0c39e27f/tools/port-drayage-webservice/pom.xml#L106,<!-- Plugin for unit test coverage-->,[],Maven,12,106,106
19086,usdot-fhwa-ops/v2x-hub,https://github.com/usdot-fhwa-ops/v2x-hub/blob/ad372a380d4296d72ab9afa439cf520b0c39e27f/tools/port-drayage-webservice/pom.xml#L111,<!-- Exclude openapi codegen -->,[],Maven,20,111,111
19086,usdot-fhwa-ops/v2x-hub,https://github.com/usdot-fhwa-ops/v2x-hub/blob/ad372a380d4296d72ab9afa439cf520b0c39e27f/ext/botan/src/build-data/makefile.in#L2,# This makefile was generated using '%{command_line}',[],Autotool,0,2,2
19086,usdot-fhwa-ops/v2x-hub,https://github.com/usdot-fhwa-ops/v2x-hub/blob/ad372a380d4296d72ab9afa439cf520b0c39e27f/ext/botan/src/build-data/makefile.in#L4,# Paths to relevant programs,[],Autotool,0,4,4
19086,usdot-fhwa-ops/v2x-hub,https://github.com/usdot-fhwa-ops/v2x-hub/blob/ad372a380d4296d72ab9afa439cf520b0c39e27f/ext/botan/src/build-data/makefile.in#L12,# Compiler Flags,[],Autotool,0,12,12
19086,usdot-fhwa-ops/v2x-hub,https://github.com/usdot-fhwa-ops/v2x-hub/blob/ad372a380d4296d72ab9afa439cf520b0c39e27f/ext/botan/src/build-data/makefile.in#L31,# The primary target,[],Autotool,0,31,31
19086,usdot-fhwa-ops/v2x-hub,https://github.com/usdot-fhwa-ops/v2x-hub/blob/ad372a380d4296d72ab9afa439cf520b0c39e27f/ext/botan/src/build-data/makefile.in#L34,# Executable targets,[],Autotool,0,34,34
19086,usdot-fhwa-ops/v2x-hub,https://github.com/usdot-fhwa-ops/v2x-hub/blob/ad372a380d4296d72ab9afa439cf520b0c39e27f/ext/botan/src/build-data/makefile.in#L44,# Misc targets,[],Autotool,0,44,44
19086,usdot-fhwa-ops/v2x-hub,https://github.com/usdot-fhwa-ops/v2x-hub/blob/ad372a380d4296d72ab9afa439cf520b0c39e27f/ext/botan/src/build-data/makefile.in#L65,# Object Files,[],Autotool,0,65,65
19086,usdot-fhwa-ops/v2x-hub,https://github.com/usdot-fhwa-ops/v2x-hub/blob/ad372a380d4296d72ab9afa439cf520b0c39e27f/ext/botan/src/build-data/makefile.in#L72,# Executable targets,[],Autotool,0,72,72
19086,usdot-fhwa-ops/v2x-hub,https://github.com/usdot-fhwa-ops/v2x-hub/blob/ad372a380d4296d72ab9afa439cf520b0c39e27f/ext/botan/src/build-data/makefile.in#L98,# BoGo shim,[],Autotool,0,98,98
19086,usdot-fhwa-ops/v2x-hub,https://github.com/usdot-fhwa-ops/v2x-hub/blob/ad372a380d4296d72ab9afa439cf520b0c39e27f/ext/botan/src/build-data/makefile.in#L104,# Library targets,[],Autotool,0,104,104
19086,usdot-fhwa-ops/v2x-hub,https://github.com/usdot-fhwa-ops/v2x-hub/blob/ad372a380d4296d72ab9afa439cf520b0c39e27f/ext/botan/src/build-data/makefile.in#L123,# Build Commands,[],Autotool,0,123,123
19086,usdot-fhwa-ops/v2x-hub,https://github.com/usdot-fhwa-ops/v2x-hub/blob/ad372a380d4296d72ab9afa439cf520b0c39e27f/examples/tmx-exampleapps/CMakeLists.txt#L1,"#
# Example Plugins
# Makefile configuration script
#
# Author:
#    Gregory M. Baumgardner
# Version:
#    1.0 : Initial version
#",[],CMake,0,1,9
19086,usdot-fhwa-ops/v2x-hub,https://github.com/usdot-fhwa-ops/v2x-hub/blob/ad372a380d4296d72ab9afa439cf520b0c39e27f/examples/tmx-exampleapps/CMakeLists.txt#L13,# Global values,[],CMake,0,13,13
19086,usdot-fhwa-ops/v2x-hub,https://github.com/usdot-fhwa-ops/v2x-hub/blob/ad372a380d4296d72ab9afa439cf520b0c39e27f/examples/tmx-exampleapps/CMakeLists.txt#L17,# Global values,[],CMake,0,17,17
19086,usdot-fhwa-ops/v2x-hub,https://github.com/usdot-fhwa-ops/v2x-hub/blob/ad372a380d4296d72ab9afa439cf520b0c39e27f/examples/tmx-exampleapps/CMakeLists.txt#L94,"# Do not include the base source directory, or else it might recurse forever",[],CMake,4,94,94
19086,usdot-fhwa-ops/v2x-hub,https://github.com/usdot-fhwa-ops/v2x-hub/blob/ad372a380d4296d72ab9afa439cf520b0c39e27f/ext/ccserver/CMakeLists.txt#L8,# Set the possible values of build type for cmake-gui,[],CMake,2,8,8
19086,usdot-fhwa-ops/v2x-hub,https://github.com/usdot-fhwa-ops/v2x-hub/blob/ad372a380d4296d72ab9afa439cf520b0c39e27f/ext/ccserver/src/CMakeLists.txt#L27,# ${CMAKE_CURRENT_SOURCE_DIR}/main.cpp,[],CMake,3,27,27
19086,usdot-fhwa-ops/v2x-hub,https://github.com/usdot-fhwa-ops/v2x-hub/blob/ad372a380d4296d72ab9afa439cf520b0c39e27f/ext/ccserver/src/CMakeLists.txt#L38,#set_target_properties(${PROJECT_NAME} PROPERTIES VERSION ${PROJECT_VERSION} SOVERSION 1),[],CMake,0,38,38
19086,usdot-fhwa-ops/v2x-hub,https://github.com/usdot-fhwa-ops/v2x-hub/blob/ad372a380d4296d72ab9afa439cf520b0c39e27f/ext/pkcs11-proxy/CMakeLists.txt#L32,#add_executable (pkcs11-daemon ${GUI_TYPE} ${PKCS11_DAEMON_SRCS}),[],CMake,0,32,32
19086,usdot-fhwa-ops/v2x-hub,https://github.com/usdot-fhwa-ops/v2x-hub/blob/ad372a380d4296d72ab9afa439cf520b0c39e27f/ext/pkcs11-proxy/CMakeLists.txt#L40,"#install_targets (/lib pkcs11-proxy)
#install_targets (/bin pkcs11-daemon)",[],CMake,0,40,41
19086,usdot-fhwa-ops/v2x-hub,https://github.com/usdot-fhwa-ops/v2x-hub/blob/ad372a380d4296d72ab9afa439cf520b0c39e27f/ext/server/CMakeLists.txt#L8,# Set the possible values of build type for cmake-gui,[],CMake,2,8,8
19086,usdot-fhwa-ops/v2x-hub,https://github.com/usdot-fhwa-ops/v2x-hub/blob/ad372a380d4296d72ab9afa439cf520b0c39e27f/ext/server/src/CMakeLists.txt#L27,# ${CMAKE_CURRENT_SOURCE_DIR}/main.cpp,[],CMake,3,27,27
19086,usdot-fhwa-ops/v2x-hub,https://github.com/usdot-fhwa-ops/v2x-hub/blob/ad372a380d4296d72ab9afa439cf520b0c39e27f/ext/server/src/CMakeLists.txt#L38,#set_target_properties(${PROJECT_NAME} PROPERTIES VERSION ${PROJECT_VERSION} SOVERSION 1),[],CMake,0,38,38
19086,usdot-fhwa-ops/v2x-hub,https://github.com/usdot-fhwa-ops/v2x-hub/blob/ad372a380d4296d72ab9afa439cf520b0c39e27f/src/tmx/CMakeLists.txt#L1,"#
# Transportation Message eXchange (TMX)
# Makefile configuration script
#
# Author:
#    Gregory M. Baumgardner
# Version:
#    1.0 : Initial version
#",[],CMake,0,1,9
19086,usdot-fhwa-ops/v2x-hub,https://github.com/usdot-fhwa-ops/v2x-hub/blob/ad372a380d4296d72ab9afa439cf520b0c39e27f/src/tmx/CMakeLists.txt#L13,# Global values,[],CMake,0,13,13
19086,usdot-fhwa-ops/v2x-hub,https://github.com/usdot-fhwa-ops/v2x-hub/blob/ad372a380d4296d72ab9afa439cf520b0c39e27f/src/tmx/CMakeLists.txt#L42,"#
# Add the generated SAE J2735 library and an interface that contains the build properties
#",[],CMake,0,42,44
19086,usdot-fhwa-ops/v2x-hub,https://github.com/usdot-fhwa-ops/v2x-hub/blob/ad372a380d4296d72ab9afa439cf520b0c39e27f/src/tmx/CMakeLists.txt#L47,"#
# Set up some required platform dependencies, including MySQL
#",[],CMake,0,47,49
19086,usdot-fhwa-ops/v2x-hub,https://github.com/usdot-fhwa-ops/v2x-hub/blob/ad372a380d4296d72ab9afa439cf520b0c39e27f/src/tmx/CMakeLists.txt#L53,"#
# Include the API libraries and interfaces that contain the build properties
#",[],CMake,0,53,55
19086,usdot-fhwa-ops/v2x-hub,https://github.com/usdot-fhwa-ops/v2x-hub/blob/ad372a380d4296d72ab9afa439cf520b0c39e27f/src/tmx/CMakeLists.txt#L62,"#
# Now, add the server commands
#",[],CMake,4,62,64
19086,usdot-fhwa-ops/v2x-hub,https://github.com/usdot-fhwa-ops/v2x-hub/blob/ad372a380d4296d72ab9afa439cf520b0c39e27f/src/tmx/CMakeLists.txt#L69,# Installs and exports,[],CMake,4,69,69
19086,usdot-fhwa-ops/v2x-hub,https://github.com/usdot-fhwa-ops/v2x-hub/blob/ad372a380d4296d72ab9afa439cf520b0c39e27f/src/tmx/Asn_J2735/CMakeLists.txt#L1,# Use these lines and rebuild for debug information,[],CMake,0,1,1
19086,usdot-fhwa-ops/v2x-hub,https://github.com/usdot-fhwa-ops/v2x-hub/blob/ad372a380d4296d72ab9afa439cf520b0c39e27f/src/tmx/TmxApi/CMakeLists.txt#L7,# Configure Boost for TMX use,[],CMake,0,7,7
19086,usdot-fhwa-ops/v2x-hub,https://github.com/usdot-fhwa-ops/v2x-hub/blob/ad372a380d4296d72ab9afa439cf520b0c39e27f/src/tmx/TmxApi/CMakeLists.txt#L29,# Configure internationalization libraries needed at least for Boost regex,[],CMake,0,29,29
19086,usdot-fhwa-ops/v2x-hub,https://github.com/usdot-fhwa-ops/v2x-hub/blob/ad372a380d4296d72ab9afa439cf520b0c39e27f/src/tmx/TmxApi/CMakeLists.txt#L62,"# Always prefer to link against shared object, so it is ok to overwrite variables here",[],CMake,0,62,62
19086,usdot-fhwa-ops/v2x-hub,https://github.com/usdot-fhwa-ops/v2x-hub/blob/ad372a380d4296d72ab9afa439cf520b0c39e27f/src/tmx/TmxTools/CMakeLists.txt#L5,# Each tool is a new executable,[],CMake,0,5,5
19086,usdot-fhwa-ops/v2x-hub,https://github.com/usdot-fhwa-ops/v2x-hub/blob/ad372a380d4296d72ab9afa439cf520b0c39e27f/src/tmx/TmxUtils/CMakeLists.txt#L33,"#INSTALL (EXPORT ${TMX_APPNAME}-plugin DESTINATION share/${TMX_APPNAME}/${TMX_APPNAME}-plugin.cmake)
#EXPORT (TARGETS ${PROJECT_NAME} ${TMXAPI_LIBRARIES} ${ASN_J2735_LIBRARIES} ",[],CMake,0,33,34
19086,usdot-fhwa-ops/v2x-hub,https://github.com/usdot-fhwa-ops/v2x-hub/blob/ad372a380d4296d72ab9afa439cf520b0c39e27f/src/tmx/TmxUtils/CMakeLists.txt#L35,#       FILE ${CMAKE_SOURCE_DIR}/${TMX_APPNAME}-plugin.cmake),[],CMake,1,35,35
19086,usdot-fhwa-ops/v2x-hub,https://github.com/usdot-fhwa-ops/v2x-hub/blob/ad372a380d4296d72ab9afa439cf520b0c39e27f/src/tmx/TmxUtils/CMakeLists.txt#L37,################################,[],CMake,1,37,37
19086,usdot-fhwa-ops/v2x-hub,https://github.com/usdot-fhwa-ops/v2x-hub/blob/ad372a380d4296d72ab9afa439cf520b0c39e27f/src/tmx/TmxUtils/CMakeLists.txt#L38,"# GTest
################################",[],CMake,0,38,39
19086,usdot-fhwa-ops/v2x-hub,https://github.com/usdot-fhwa-ops/v2x-hub/blob/ad372a380d4296d72ab9afa439cf520b0c39e27f/src/tmx/TmxUtils/CMakeLists.txt#L42,"#############
## Testing ##
#############",[],CMake,0,42,44
19086,usdot-fhwa-ops/v2x-hub,https://github.com/usdot-fhwa-ops/v2x-hub/blob/ad372a380d4296d72ab9afa439cf520b0c39e27f/src/v2i-hub/CMakeLists.txt#L1,"#
# V2I Hub Plugins
# Makefile configuration script
#
# Author:
#    Gregory M. Baumgardner
# Version:
#    1.0 : Initial version
#",[],CMake,0,1,9
19086,usdot-fhwa-ops/v2x-hub,https://github.com/usdot-fhwa-ops/v2x-hub/blob/ad372a380d4296d72ab9afa439cf520b0c39e27f/src/v2i-hub/CMakeLists.txt#L14,# Global values,[],CMake,0,14,14
19086,usdot-fhwa-ops/v2x-hub,https://github.com/usdot-fhwa-ops/v2x-hub/blob/ad372a380d4296d72ab9afa439cf520b0c39e27f/src/v2i-hub/CMakeLists.txt#L18,# Global values,[],CMake,0,18,18
19086,usdot-fhwa-ops/v2x-hub,https://github.com/usdot-fhwa-ops/v2x-hub/blob/ad372a380d4296d72ab9afa439cf520b0c39e27f/src/v2i-hub/CMakeLists.txt#L101,"# Do not include the base source directory, or else it might recurse forever",[],CMake,4,101,101
19086,usdot-fhwa-ops/v2x-hub,https://github.com/usdot-fhwa-ops/v2x-hub/blob/ad372a380d4296d72ab9afa439cf520b0c39e27f/src/v2i-hub/CARMAStreetsPlugin/CMakeLists.txt#L7,"#############
## Testing ##
#############",[],CMake,0,7,9
19086,usdot-fhwa-ops/v2x-hub,https://github.com/usdot-fhwa-ops/v2x-hub/blob/ad372a380d4296d72ab9afa439cf520b0c39e27f/src/v2i-hub/CommandPlugin/CMakeLists.txt#L24,"# Do not try to send my own log messages to myself,
# but strictly log them to a file",[],CMake,0,24,25
19086,usdot-fhwa-ops/v2x-hub,https://github.com/usdot-fhwa-ops/v2x-hub/blob/ad372a380d4296d72ab9afa439cf520b0c39e27f/src/v2i-hub/DsrcImmediateForwardPlugin/CMakeLists.txt#L8,"#SET(CMAKE_BOTAN_SOURCE_DIR {CMAKE_SOURCE_DIR}/../../../ext/botan)
#include_directories(${CMAKE_BOTAN_SOURCE_DIR}/build/include)
#add_library( libbotan-2 SHARED IMPORTED )
#set_target_properties( libbotan-2 PROPERTIES IMPORTED_LOCATION /usr/local/lib/libbotan-2.so )",[],CMake,0,8,11
19086,usdot-fhwa-ops/v2x-hub,https://github.com/usdot-fhwa-ops/v2x-hub/blob/ad372a380d4296d72ab9afa439cf520b0c39e27f/src/v2i-hub/DsrcImmediateForwardPlugin/CMakeLists.txt#L19,#libbotan-2 ),[],CMake,70,19,19
19086,usdot-fhwa-ops/v2x-hub,https://github.com/usdot-fhwa-ops/v2x-hub/blob/ad372a380d4296d72ab9afa439cf520b0c39e27f/src/v2i-hub/MessageReceiverPlugin/CMakeLists.txt#L9,"#SET(CMAKE_BOTAN_SOURCE_DIR {CMAKE_SOURCE_DIR}/../../../ext/botan)
#include_directories(${CMAKE_BOTAN_SOURCE_DIR}/build/include)",[],CMake,0,9,10
19086,usdot-fhwa-ops/v2x-hub,https://github.com/usdot-fhwa-ops/v2x-hub/blob/ad372a380d4296d72ab9afa439cf520b0c39e27f/src/v2i-hub/MessageReceiverPlugin/CMakeLists.txt#L12,"#add_library( libbotan-2 SHARED IMPORTED )
#set_target_properties( libbotan-2 PROPERTIES IMPORTED_LOCATION /usr/local/lib/libbotan-2.so )",[],CMake,0,12,13
19086,usdot-fhwa-ops/v2x-hub,https://github.com/usdot-fhwa-ops/v2x-hub/blob/ad372a380d4296d72ab9afa439cf520b0c39e27f/src/v2i-hub/MessageReceiverPlugin/CMakeLists.txt#L19,#libbotan-2),[],CMake,51,19,19
19086,usdot-fhwa-ops/v2x-hub,https://github.com/usdot-fhwa-ops/v2x-hub/blob/ad372a380d4296d72ab9afa439cf520b0c39e27f/src/v2i-hub/PedestrianPlugin/CMakeLists.txt#L7,#FIND_PACKAGE (QHttpEngine REQUIRED),[],CMake,0,7,7
19086,usdot-fhwa-ops/v2x-hub,https://github.com/usdot-fhwa-ops/v2x-hub/blob/ad372a380d4296d72ab9afa439cf520b0c39e27f/src/v2i-hub/PedestrianPlugin/CMakeLists.txt#L13,"#set(qserverPedestrian_DIR ""/usr/local/share/qserverPedestrian/cmake"")",[],CMake,0,13,13
19086,usdot-fhwa-ops/v2x-hub,https://github.com/usdot-fhwa-ops/v2x-hub/blob/ad372a380d4296d72ab9afa439cf520b0c39e27f/src/v2i-hub/PedestrianPlugin/CMakeLists.txt#L42,# Locate GTest,[],CMake,0,42,42
19086,usdot-fhwa-ops/v2x-hub,https://github.com/usdot-fhwa-ops/v2x-hub/blob/ad372a380d4296d72ab9afa439cf520b0c39e27f/src/v2i-hub/PedestrianPlugin/CMakeLists.txt#L51,# Link runTests with what we want to test and the GTest and pthread library,[],CMake,0,51,51
19086,usdot-fhwa-ops/v2x-hub,https://github.com/usdot-fhwa-ops/v2x-hub/blob/ad372a380d4296d72ab9afa439cf520b0c39e27f/src/v2i-hub/PreemptionPlugin/CMakeLists.txt#L15,# Locate GTest,[],CMake,0,15,15
19086,usdot-fhwa-ops/v2x-hub,https://github.com/usdot-fhwa-ops/v2x-hub/blob/ad372a380d4296d72ab9afa439cf520b0c39e27f/src/v2i-hub/PreemptionPlugin/CMakeLists.txt#L24,# Link runPreemptionTests with what we want to test and the GTest and pthread library,[],CMake,0,24,24
19086,usdot-fhwa-ops/v2x-hub,https://github.com/usdot-fhwa-ops/v2x-hub/blob/ad372a380d4296d72ab9afa439cf520b0c39e27f/src/v2i-hub/SpatPlugin/CMakeLists.txt#L13,"################################
# GTest
################################",[],CMake,0,13,15
19086,usdot-fhwa-ops/v2x-hub,https://github.com/usdot-fhwa-ops/v2x-hub/blob/ad372a380d4296d72ab9afa439cf520b0c39e27f/src/v2i-hub/SpatPlugin/CMakeLists.txt#L24,"#############
## Testing ##
#############",[],CMake,0,24,26
19086,usdot-fhwa-ops/v2x-hub,https://github.com/usdot-fhwa-ops/v2x-hub/blob/ad372a380d4296d72ab9afa439cf520b0c39e27f/ext/pkcs11-proxy/cmake_install.cmake#L1,# Install script for directory: /home/anjanrayamajhi/Projects/pkcs11-proxy,[],CMake,0,1,1
19086,usdot-fhwa-ops/v2x-hub,https://github.com/usdot-fhwa-ops/v2x-hub/blob/ad372a380d4296d72ab9afa439cf520b0c39e27f/ext/pkcs11-proxy/cmake_install.cmake#L3,# Set the install prefix,[],CMake,0,3,3
19086,usdot-fhwa-ops/v2x-hub,https://github.com/usdot-fhwa-ops/v2x-hub/blob/ad372a380d4296d72ab9afa439cf520b0c39e27f/ext/pkcs11-proxy/cmake_install.cmake#L9,# Set the install configuration name.,[],CMake,0,9,9
19086,usdot-fhwa-ops/v2x-hub,https://github.com/usdot-fhwa-ops/v2x-hub/blob/ad372a380d4296d72ab9afa439cf520b0c39e27f/ext/pkcs11-proxy/cmake_install.cmake#L20,# Set the component getting installed.,[],CMake,0,20,20
19086,usdot-fhwa-ops/v2x-hub,https://github.com/usdot-fhwa-ops/v2x-hub/blob/ad372a380d4296d72ab9afa439cf520b0c39e27f/ext/pkcs11-proxy/cmake_install.cmake#L30,# Install shared libraries without execute permission?,[],CMake,0,30,30
19086,usdot-fhwa-ops/v2x-hub,https://github.com/usdot-fhwa-ops/v2x-hub/blob/ad372a380d4296d72ab9afa439cf520b0c39e27f/ext/pkcs11-proxy/cmake_install.cmake#L35,# Is this installation the result of a crosscompile?,[],CMake,0,35,35
19086,usdot-fhwa-ops/v2x-hub,https://github.com/usdot-fhwa-ops/v2x-hub/blob/ad372a380d4296d72ab9afa439cf520b0c39e27f/ext/server/QHTTPENGINE-prefix/src/QHTTPENGINE-build/src/qhttpengineConfigVersion.cmake#L1,"# This is a basic version file for the Config-mode of find_package().
# It is used by write_basic_package_version_file() as input file for configure_file()
# to create a version-file which can be installed along a config.cmake file.
#
# The created file sets PACKAGE_VERSION_EXACT if the current version string and
# the requested version string are exactly the same and it sets
# PACKAGE_VERSION_COMPATIBLE if the current version is >= requested version,
# but only if the requested major version is the same as the current one.
# The variable CVF_VERSION must be set before calling configure_file().",[],CMake,0,1,9
19086,usdot-fhwa-ops/v2x-hub,https://github.com/usdot-fhwa-ops/v2x-hub/blob/ad372a380d4296d72ab9afa439cf520b0c39e27f/ext/server/QHTTPENGINE-prefix/src/QHTTPENGINE-build/src/qhttpengineConfigVersion.cmake#L36,"# if the installed or the using project don't have CMAKE_SIZEOF_VOID_P set, ignore it:",[],CMake,0,36,36
19086,usdot-fhwa-ops/v2x-hub,https://github.com/usdot-fhwa-ops/v2x-hub/blob/ad372a380d4296d72ab9afa439cf520b0c39e27f/ext/server/QHTTPENGINE-prefix/src/QHTTPENGINE-build/src/qhttpengineConfigVersion.cmake#L41,# check that the installed version has the same 32/64bit-ness as the one which is currently searching:,[],CMake,0,41,41
19086,usdot-fhwa-ops/v2x-hub,https://github.com/usdot-fhwa-ops/v2x-hub/blob/ad372a380d4296d72ab9afa439cf520b0c39e27f/ext/server/QHTTPENGINE-prefix/tmp/QHTTPENGINE-gitclone.cmake#L26,# disable cert checking if explicitly told not to do it,[],CMake,0,26,26
19086,usdot-fhwa-ops/v2x-hub,https://github.com/usdot-fhwa-ops/v2x-hub/blob/ad372a380d4296d72ab9afa439cf520b0c39e27f/ext/server/QHTTPENGINE-prefix/tmp/QHTTPENGINE-gitclone.cmake#L50,# try the clone 3 times incase there is an odd git clone issue,[],CMake,0,50,50
19086,usdot-fhwa-ops/v2x-hub,https://github.com/usdot-fhwa-ops/v2x-hub/blob/ad372a380d4296d72ab9afa439cf520b0c39e27f/ext/server/QHTTPENGINE-prefix/tmp/QHTTPENGINE-gitclone.cmake#L96,"# Complete success, update the script-last-run stamp file:
#",[],CMake,0,96,97
19086,usdot-fhwa-ops/v2x-hub,https://github.com/usdot-fhwa-ops/v2x-hub/blob/ad372a380d4296d72ab9afa439cf520b0c39e27f/ext/server/QHTTPENGINE-prefix/tmp/QHTTPENGINE-gitupdate.cmake#L21,"# If a remote ref is asked for, which can possibly move around,
# we must always do a fetch and checkout.",[],CMake,0,21,22
19086,usdot-fhwa-ops/v2x-hub,https://github.com/usdot-fhwa-ops/v2x-hub/blob/ad372a380d4296d72ab9afa439cf520b0c39e27f/ext/server/QHTTPENGINE-prefix/tmp/QHTTPENGINE-gitupdate.cmake#L29,"# Tag is in the form <remote>/<tag> (i.e. origin/master) we must strip
# the remote from the tag.",[],CMake,0,29,30
19086,usdot-fhwa-ops/v2x-hub,https://github.com/usdot-fhwa-ops/v2x-hub/blob/ad372a380d4296d72ab9afa439cf520b0c39e27f/ext/server/QHTTPENGINE-prefix/tmp/QHTTPENGINE-gitupdate.cmake#L40,"# This will fail if the tag does not exist (it probably has not been fetched
# yet).",[],CMake,0,40,41
19086,usdot-fhwa-ops/v2x-hub,https://github.com/usdot-fhwa-ops/v2x-hub/blob/ad372a380d4296d72ab9afa439cf520b0c39e27f/ext/server/QHTTPENGINE-prefix/tmp/QHTTPENGINE-gitupdate.cmake#L50,# Is the hash checkout out that we want?,[],CMake,0,50,50
19086,usdot-fhwa-ops/v2x-hub,https://github.com/usdot-fhwa-ops/v2x-hub/blob/ad372a380d4296d72ab9afa439cf520b0c39e27f/ext/server/QHTTPENGINE-prefix/tmp/QHTTPENGINE-gitupdate.cmake#L62,# Check if stash is needed,[],CMake,4,62,62
19086,usdot-fhwa-ops/v2x-hub,https://github.com/usdot-fhwa-ops/v2x-hub/blob/ad372a380d4296d72ab9afa439cf520b0c39e27f/ext/server/QHTTPENGINE-prefix/tmp/QHTTPENGINE-gitupdate.cmake#L74,"# If not in clean state, stash changes in order to be able to be able to
# perform git pull --rebase",[],CMake,4,74,75
19086,usdot-fhwa-ops/v2x-hub,https://github.com/usdot-fhwa-ops/v2x-hub/blob/ad372a380d4296d72ab9afa439cf520b0c39e27f/ext/server/QHTTPENGINE-prefix/tmp/QHTTPENGINE-gitupdate.cmake#L87,# Pull changes from the remote branch,[],CMake,4,87,87
19086,usdot-fhwa-ops/v2x-hub,https://github.com/usdot-fhwa-ops/v2x-hub/blob/ad372a380d4296d72ab9afa439cf520b0c39e27f/ext/server/QHTTPENGINE-prefix/tmp/QHTTPENGINE-gitupdate.cmake#L94,# Rebase failed: Restore previous state.,[],CMake,6,94,94
19086,usdot-fhwa-ops/v2x-hub,https://github.com/usdot-fhwa-ops/v2x-hub/blob/ad372a380d4296d72ab9afa439cf520b0c39e27f/ext/server/QHTTPENGINE-prefix/tmp/QHTTPENGINE-gitupdate.cmake#L115,# Stash pop --index failed: Try again dropping the index,[],CMake,8,115,115
19086,usdot-fhwa-ops/v2x-hub,https://github.com/usdot-fhwa-ops/v2x-hub/blob/ad372a380d4296d72ab9afa439cf520b0c39e27f/ext/server/QHTTPENGINE-prefix/tmp/QHTTPENGINE-gitupdate.cmake#L127,# Stash pop failed: Restore previous state.,[],CMake,10,127,127
19086,usdot-fhwa-ops/v2x-hub,https://github.com/usdot-fhwa-ops/v2x-hub/blob/ad372a380d4296d72ab9afa439cf520b0c39e27f/ext/server/external/lib/cmake/qhttpengine/qhttpengineConfig-noconfig.cmake#L1,"#----------------------------------------------------------------
# Generated CMake target import file.
#----------------------------------------------------------------",[],CMake,0,1,3
19086,usdot-fhwa-ops/v2x-hub,https://github.com/usdot-fhwa-ops/v2x-hub/blob/ad372a380d4296d72ab9afa439cf520b0c39e27f/ext/server/external/lib/cmake/qhttpengine/qhttpengineConfig-noconfig.cmake#L5,# Commands may need to know the format version.,[],CMake,0,5,5
19086,usdot-fhwa-ops/v2x-hub,https://github.com/usdot-fhwa-ops/v2x-hub/blob/ad372a380d4296d72ab9afa439cf520b0c39e27f/ext/server/external/lib/cmake/qhttpengine/qhttpengineConfig-noconfig.cmake#L8,"# Import target ""qhttpengine"" for configuration """"",[],CMake,0,8,8
19086,usdot-fhwa-ops/v2x-hub,https://github.com/usdot-fhwa-ops/v2x-hub/blob/ad372a380d4296d72ab9afa439cf520b0c39e27f/ext/server/external/lib/cmake/qhttpengine/qhttpengineConfig-noconfig.cmake#L18,# Commands beyond this point should not need to know the version.,[],CMake,0,18,18
19086,usdot-fhwa-ops/v2x-hub,https://github.com/usdot-fhwa-ops/v2x-hub/blob/ad372a380d4296d72ab9afa439cf520b0c39e27f/ext/server/external/lib/cmake/qhttpengine/qhttpengineConfig.cmake#L1,# Generated by CMake,[],CMake,0,1,1
19086,usdot-fhwa-ops/v2x-hub,https://github.com/usdot-fhwa-ops/v2x-hub/blob/ad372a380d4296d72ab9afa439cf520b0c39e27f/ext/server/external/lib/cmake/qhttpengine/qhttpengineConfig.cmake#L8,"#----------------------------------------------------------------
# Generated CMake target import file.
#----------------------------------------------------------------",[],CMake,0,8,10
19086,usdot-fhwa-ops/v2x-hub,https://github.com/usdot-fhwa-ops/v2x-hub/blob/ad372a380d4296d72ab9afa439cf520b0c39e27f/ext/server/external/lib/cmake/qhttpengine/qhttpengineConfig.cmake#L12,# Commands may need to know the format version.,[],CMake,0,12,12
19086,usdot-fhwa-ops/v2x-hub,https://github.com/usdot-fhwa-ops/v2x-hub/blob/ad372a380d4296d72ab9afa439cf520b0c39e27f/ext/server/external/lib/cmake/qhttpengine/qhttpengineConfig.cmake#L15,"# Protect against multiple inclusion, which would fail when already imported targets are added once more.",[],CMake,0,15,15
19086,usdot-fhwa-ops/v2x-hub,https://github.com/usdot-fhwa-ops/v2x-hub/blob/ad372a380d4296d72ab9afa439cf520b0c39e27f/ext/server/external/lib/cmake/qhttpengine/qhttpengineConfig.cmake#L44,# Compute the installation prefix relative to this file.,[],CMake,0,44,44
19086,usdot-fhwa-ops/v2x-hub,https://github.com/usdot-fhwa-ops/v2x-hub/blob/ad372a380d4296d72ab9afa439cf520b0c39e27f/ext/server/external/lib/cmake/qhttpengine/qhttpengineConfig.cmake#L53,# Create imported target qhttpengine,[],CMake,0,53,53
19086,usdot-fhwa-ops/v2x-hub,https://github.com/usdot-fhwa-ops/v2x-hub/blob/ad372a380d4296d72ab9afa439cf520b0c39e27f/ext/server/external/lib/cmake/qhttpengine/qhttpengineConfig.cmake#L65,# Load information for each installed configuration.,[],CMake,0,65,65
19086,usdot-fhwa-ops/v2x-hub,https://github.com/usdot-fhwa-ops/v2x-hub/blob/ad372a380d4296d72ab9afa439cf520b0c39e27f/ext/server/external/lib/cmake/qhttpengine/qhttpengineConfig.cmake#L72,# Cleanup temporary variables.,[],CMake,0,72,72
19086,usdot-fhwa-ops/v2x-hub,https://github.com/usdot-fhwa-ops/v2x-hub/blob/ad372a380d4296d72ab9afa439cf520b0c39e27f/ext/server/external/lib/cmake/qhttpengine/qhttpengineConfig.cmake#L75,# Loop over all imported files and verify that they actually exist,[],CMake,0,75,75
19086,usdot-fhwa-ops/v2x-hub,https://github.com/usdot-fhwa-ops/v2x-hub/blob/ad372a380d4296d72ab9afa439cf520b0c39e27f/ext/server/external/lib/cmake/qhttpengine/qhttpengineConfig.cmake#L94,"# This file does not depend on other imported targets which have
# been exported from the same project but in a separate export set.",[],CMake,0,94,95
19086,usdot-fhwa-ops/v2x-hub,https://github.com/usdot-fhwa-ops/v2x-hub/blob/ad372a380d4296d72ab9afa439cf520b0c39e27f/ext/server/external/lib/cmake/qhttpengine/qhttpengineConfig.cmake#L97,# Commands beyond this point should not need to know the version.,[],CMake,0,97,97
19086,usdot-fhwa-ops/v2x-hub,https://github.com/usdot-fhwa-ops/v2x-hub/blob/ad372a380d4296d72ab9afa439cf520b0c39e27f/ext/server/external/lib/cmake/qhttpengine/qhttpengineConfigVersion.cmake#L1,"# This is a basic version file for the Config-mode of find_package().
# It is used by write_basic_package_version_file() as input file for configure_file()
# to create a version-file which can be installed along a config.cmake file.
#
# The created file sets PACKAGE_VERSION_EXACT if the current version string and
# the requested version string are exactly the same and it sets
# PACKAGE_VERSION_COMPATIBLE if the current version is >= requested version,
# but only if the requested major version is the same as the current one.
# The variable CVF_VERSION must be set before calling configure_file().",[],CMake,0,1,9
19086,usdot-fhwa-ops/v2x-hub,https://github.com/usdot-fhwa-ops/v2x-hub/blob/ad372a380d4296d72ab9afa439cf520b0c39e27f/ext/server/external/lib/cmake/qhttpengine/qhttpengineConfigVersion.cmake#L36,"# if the installed or the using project don't have CMAKE_SIZEOF_VOID_P set, ignore it:",[],CMake,0,36,36
19086,usdot-fhwa-ops/v2x-hub,https://github.com/usdot-fhwa-ops/v2x-hub/blob/ad372a380d4296d72ab9afa439cf520b0c39e27f/ext/server/external/lib/cmake/qhttpengine/qhttpengineConfigVersion.cmake#L41,# check that the installed version has the same 32/64bit-ness as the one which is currently searching:,[],CMake,0,41,41
19086,usdot-fhwa-ops/v2x-hub,https://github.com/usdot-fhwa-ops/v2x-hub/blob/ad372a380d4296d72ab9afa439cf520b0c39e27f/ext/server/src/MyLibConfig.cmake#L1,# Generated by CMake,[],CMake,0,1,1
19086,usdot-fhwa-ops/v2x-hub,https://github.com/usdot-fhwa-ops/v2x-hub/blob/ad372a380d4296d72ab9afa439cf520b0c39e27f/ext/server/src/MyLibConfig.cmake#L8,"#----------------------------------------------------------------
# Generated CMake target import file.
#----------------------------------------------------------------",[],CMake,0,8,10
19086,usdot-fhwa-ops/v2x-hub,https://github.com/usdot-fhwa-ops/v2x-hub/blob/ad372a380d4296d72ab9afa439cf520b0c39e27f/ext/server/src/MyLibConfig.cmake#L12,# Commands may need to know the format version.,[],CMake,0,12,12
19086,usdot-fhwa-ops/v2x-hub,https://github.com/usdot-fhwa-ops/v2x-hub/blob/ad372a380d4296d72ab9afa439cf520b0c39e27f/ext/server/src/MyLibConfig.cmake#L15,"# Protect against multiple inclusion, which would fail when already imported targets are added once more.",[],CMake,0,15,15
19086,usdot-fhwa-ops/v2x-hub,https://github.com/usdot-fhwa-ops/v2x-hub/blob/ad372a380d4296d72ab9afa439cf520b0c39e27f/ext/server/src/MyLibConfig.cmake#L44,# Create imported target qserverPedestrian,[],CMake,0,44,44
19086,usdot-fhwa-ops/v2x-hub,https://github.com/usdot-fhwa-ops/v2x-hub/blob/ad372a380d4296d72ab9afa439cf520b0c39e27f/ext/server/src/MyLibConfig.cmake#L52,"# Import target ""qserverPedestrian"" for configuration ""Release""",[],CMake,0,52,52
19086,usdot-fhwa-ops/v2x-hub,https://github.com/usdot-fhwa-ops/v2x-hub/blob/ad372a380d4296d72ab9afa439cf520b0c39e27f/ext/server/src/MyLibConfig.cmake#L59,"# This file does not depend on other imported targets which have
# been exported from the same project but in a separate export set.",[],CMake,0,59,60
19086,usdot-fhwa-ops/v2x-hub,https://github.com/usdot-fhwa-ops/v2x-hub/blob/ad372a380d4296d72ab9afa439cf520b0c39e27f/ext/server/src/MyLibConfig.cmake#L62,# Commands beyond this point should not need to know the version.,[],CMake,0,62,62
19086,usdot-fhwa-ops/v2x-hub,https://github.com/usdot-fhwa-ops/v2x-hub/blob/ad372a380d4296d72ab9afa439cf520b0c39e27f/ext/server/src/QserverPedestrianConfig.cmake#L1,# Generated by CMake,[],CMake,0,1,1
19086,usdot-fhwa-ops/v2x-hub,https://github.com/usdot-fhwa-ops/v2x-hub/blob/ad372a380d4296d72ab9afa439cf520b0c39e27f/ext/server/src/QserverPedestrianConfig.cmake#L8,"#----------------------------------------------------------------
# Generated CMake target import file.
#----------------------------------------------------------------",[],CMake,0,8,10
19086,usdot-fhwa-ops/v2x-hub,https://github.com/usdot-fhwa-ops/v2x-hub/blob/ad372a380d4296d72ab9afa439cf520b0c39e27f/ext/server/src/QserverPedestrianConfig.cmake#L12,# Commands may need to know the format version.,[],CMake,0,12,12
19086,usdot-fhwa-ops/v2x-hub,https://github.com/usdot-fhwa-ops/v2x-hub/blob/ad372a380d4296d72ab9afa439cf520b0c39e27f/ext/server/src/QserverPedestrianConfig.cmake#L15,"# Protect against multiple inclusion, which would fail when already imported targets are added once more.",[],CMake,0,15,15
19086,usdot-fhwa-ops/v2x-hub,https://github.com/usdot-fhwa-ops/v2x-hub/blob/ad372a380d4296d72ab9afa439cf520b0c39e27f/ext/server/src/QserverPedestrianConfig.cmake#L44,# Create imported target qserverPedestrian,[],CMake,0,44,44
19086,usdot-fhwa-ops/v2x-hub,https://github.com/usdot-fhwa-ops/v2x-hub/blob/ad372a380d4296d72ab9afa439cf520b0c39e27f/ext/server/src/QserverPedestrianConfig.cmake#L52,"# Import target ""qserverPedestrian"" for configuration ""Release""",[],CMake,0,52,52
19086,usdot-fhwa-ops/v2x-hub,https://github.com/usdot-fhwa-ops/v2x-hub/blob/ad372a380d4296d72ab9afa439cf520b0c39e27f/ext/server/src/QserverPedestrianConfig.cmake#L59,"# This file does not depend on other imported targets which have
# been exported from the same project but in a separate export set.",[],CMake,0,59,60
19086,usdot-fhwa-ops/v2x-hub,https://github.com/usdot-fhwa-ops/v2x-hub/blob/ad372a380d4296d72ab9afa439cf520b0c39e27f/ext/server/src/QserverPedestrianConfig.cmake#L62,# Commands beyond this point should not need to know the version.,[],CMake,0,62,62
19086,usdot-fhwa-ops/v2x-hub,https://github.com/usdot-fhwa-ops/v2x-hub/blob/ad372a380d4296d72ab9afa439cf520b0c39e27f/ext/server/src/qserverPedestrianConfig.cmake#L1,# Generated by CMake,[],CMake,0,1,1
19086,usdot-fhwa-ops/v2x-hub,https://github.com/usdot-fhwa-ops/v2x-hub/blob/ad372a380d4296d72ab9afa439cf520b0c39e27f/ext/server/src/qserverPedestrianConfig.cmake#L8,"#----------------------------------------------------------------
# Generated CMake target import file.
#----------------------------------------------------------------",[],CMake,0,8,10
19086,usdot-fhwa-ops/v2x-hub,https://github.com/usdot-fhwa-ops/v2x-hub/blob/ad372a380d4296d72ab9afa439cf520b0c39e27f/ext/server/src/qserverPedestrianConfig.cmake#L12,# Commands may need to know the format version.,[],CMake,0,12,12
19086,usdot-fhwa-ops/v2x-hub,https://github.com/usdot-fhwa-ops/v2x-hub/blob/ad372a380d4296d72ab9afa439cf520b0c39e27f/ext/server/src/qserverPedestrianConfig.cmake#L15,"# Protect against multiple inclusion, which would fail when already imported targets are added once more.",[],CMake,0,15,15
19086,usdot-fhwa-ops/v2x-hub,https://github.com/usdot-fhwa-ops/v2x-hub/blob/ad372a380d4296d72ab9afa439cf520b0c39e27f/ext/server/src/qserverPedestrianConfig.cmake#L44,# Create imported target qserverPedestrian,[],CMake,0,44,44
19086,usdot-fhwa-ops/v2x-hub,https://github.com/usdot-fhwa-ops/v2x-hub/blob/ad372a380d4296d72ab9afa439cf520b0c39e27f/ext/server/src/qserverPedestrianConfig.cmake#L52,"# Import target ""qserverPedestrian"" for configuration ""Release""",[],CMake,0,52,52
19086,usdot-fhwa-ops/v2x-hub,https://github.com/usdot-fhwa-ops/v2x-hub/blob/ad372a380d4296d72ab9afa439cf520b0c39e27f/ext/server/src/qserverPedestrianConfig.cmake#L59,"# This file does not depend on other imported targets which have
# been exported from the same project but in a separate export set.",[],CMake,0,59,60
19086,usdot-fhwa-ops/v2x-hub,https://github.com/usdot-fhwa-ops/v2x-hub/blob/ad372a380d4296d72ab9afa439cf520b0c39e27f/ext/server/src/qserverPedestrianConfig.cmake#L62,# Commands beyond this point should not need to know the version.,[],CMake,0,62,62
19086,usdot-fhwa-ops/v2x-hub,https://github.com/usdot-fhwa-ops/v2x-hub/blob/ad372a380d4296d72ab9afa439cf520b0c39e27f/src/tmx/FindTmxMySQL.cmake#L1,"# - Try to find MySQL Connector and Client libraries
# Once done, this will define the following variables:
#   LIBMYSQLCLIENT_FOUND - System has or does not have MySQL client libraries
#   LIBMYSQLCLIENT_INCLUDE_DIR - The MySQL Client include directories
#   LIBMYSQLCLIENT_LIBRARIES - The MySQL Client libraries
#   LIBMYSQLCLIENT_DEFINITIONS - Compiler switches required for using MySQL Client libraries
#
#   LIBMYSQLCONNECTOR_C_FOUND - System has or does not have MySQL connector libraries for C
#   LIBMYSQLCONNECTOR_C_INCLUDE_DIR - The MySQL connector include directories for C
#   LIBMYSQLCONNECTOR_C_LIBRARIES - The MySQL connector libraries for C
#   LIBMYSQLCONNECTOR_C_DEFINITIONS - Compiler switches required for using MySQL connector libraries for C
#
#   LIBMYSQLCONNECTOR_CXX_FOUND - System has or does not have MySQL connector libraries for C++
#   LIBMYSQLCONNECTOR_CXX_INCLUDE_DIR - The MySQL connector include directories for C++
#   LIBMYSQLCONNECTOR_CXX_LIBRARIES - The MySQL connector libraries for C++
#   LIBMYSQLCONNECTOR_CXX_DEFINITIONS - Compiler switches required for using MySQL connector libraries for C++",[],CMake,0,1,16
19086,usdot-fhwa-ops/v2x-hub,https://github.com/usdot-fhwa-ops/v2x-hub/blob/ad372a380d4296d72ab9afa439cf520b0c39e27f/src/tmx/FindTmxMySQL.cmake#L19,"# - Find mysqlclient
#
# -*- cmake -*-
#
# Find the native MySQL includes and library
#
#  MYSQL_INCLUDE_DIR - where to find mysql.h, etc.
#  MYSQL_LIBRARIES   - List of libraries when using MySQL.
#  MYSQL_FOUND       - True if MySQL found.",[],CMake,0,19,27
19086,usdot-fhwa-ops/v2x-hub,https://github.com/usdot-fhwa-ops/v2x-hub/blob/ad372a380d4296d72ab9afa439cf520b0c39e27f/src/tmx/FindTmxMySQL.cmake#L30,"# Already in cache, be silent",[],CMake,2,30,30
19086,usdot-fhwa-ops/v2x-hub,https://github.com/usdot-fhwa-ops/v2x-hub/blob/ad372a380d4296d72ab9afa439cf520b0c39e27f/src/tmx/FindTmxMySQL.cmake#L70,"#  
# Added by GMB
# 
# For including the MySQL C++ Connector library
#
# Note that on Cygwin, this library may be stored in a pre-compiled area
#",[],CMake,0,70,76
19086,usdot-fhwa-ops/v2x-hub,https://github.com/usdot-fhwa-ops/v2x-hub/blob/ad372a380d4296d72ab9afa439cf520b0c39e27f/src/v2i-hub/FindNetSNMP.cmake#L2,"# - Find Net-SNMP
#
# -*- cmake -*-
#
# Find the Net-SNMP module
#
#  NETSNMP_INCLUDE_DIR - where to find Net-SNMP.h, etc.
#  NETSNMP_LIBRARIES   - List of libraries when using Net-SNMP.
#  NETSNMP_FOUND       - True if Net-SNMP found.",[],CMake,0,2,10
19086,usdot-fhwa-ops/v2x-hub,https://github.com/usdot-fhwa-ops/v2x-hub/blob/ad372a380d4296d72ab9afa439cf520b0c39e27f/src/v2i-hub/FindNetSNMP.cmake#L13,"# Already in cache, be silent",[],CMake,2,13,13
19086,usdot-fhwa-ops/v2x-hub,https://github.com/usdot-fhwa-ops/v2x-hub/blob/ad372a380d4296d72ab9afa439cf520b0c39e27f/src/v2i-hub/FindNetSNMP.cmake#L56,#  ${NETSNMPTRAPD_LIBRARY},[],CMake,0,56,56
