repoIndex,repoName,linkLocation,comment,keywords,buildSysteminFile,charPosition,startLine,endLine
19118,devcoin/core,https://github.com/devcoin/core/blob/a5a65936e31a63041434f3fce31270c518d44ebc/Makefile.am#L1,"# Copyright (c) 2013-2020 The Bitcoin Core and Devcoin Core developers
# Distributed under the MIT software license, see the accompanying
# file COPYING or http://www.opensource.org/licenses/mit-license.php.",[],Autotool,0,1,3
19118,devcoin/core,https://github.com/devcoin/core/blob/a5a65936e31a63041434f3fce31270c518d44ebc/Makefile.am#L5,"# Pattern rule to print variables, e.g. make print-top_srcdir",[],Autotool,0,5,5
19118,devcoin/core,https://github.com/devcoin/core/blob/a5a65936e31a63041434f3fce31270c518d44ebc/Makefile.am#L46,#not installed,[],Autotool,46,46,46
19118,devcoin/core,https://github.com/devcoin/core/blob/a5a65936e31a63041434f3fce31270c518d44ebc/src/Makefile.am#L1,"# Copyright (c) 2013-2022 The Bitcoin Core and Devcoin Core developers
# Distributed under the MIT software license, see the accompanying
# file COPYING or http://www.opensource.org/licenses/mit-license.php.",[],Autotool,0,1,3
19118,devcoin/core,https://github.com/devcoin/core/blob/a5a65936e31a63041434f3fce31270c518d44ebc/src/Makefile.am#L5,"# Pattern rule to print variables, e.g. make print-top_srcdir",[],Autotool,0,5,5
19118,devcoin/core,https://github.com/devcoin/core/blob/a5a65936e31a63041434f3fce31270c518d44ebc/src/Makefile.am#L68,"# Make is not made aware of per-object dependencies to avoid limiting building parallelization
# But to build the less dependent modules first, we manually select their order here:",[],Autotool,0,68,69
19118,devcoin/core,https://github.com/devcoin/core/blob/a5a65936e31a63041434f3fce31270c518d44ebc/src/Makefile.am#L116,# devcoin core #,[],Autotool,0,116,116
19118,devcoin/core,https://github.com/devcoin/core/blob/a5a65936e31a63041434f3fce31270c518d44ebc/src/Makefile.am#L320,"# server: shared between devcoind and devcoin-qt
# Contains code accessing mempool and chain state that is meant to be separated
# from wallet and gui code (see node/README.md). Shared code should go in
# libdevcoin_common or libdevcoin_util libraries, instead.",[],Autotool,0,320,323
19118,devcoin/core,https://github.com/devcoin/core/blob/a5a65936e31a63041434f3fce31270c518d44ebc/src/Makefile.am#L405,"# wallet: shared between devcoind and devcoin-qt, but only linked
# when wallet enabled",[],Autotool,0,405,406
19118,devcoin/core,https://github.com/devcoin/core/blob/a5a65936e31a63041434f3fce31270c518d44ebc/src/Makefile.am#L446,# crypto primitives library,[],Autotool,0,446,446
19118,devcoin/core,https://github.com/devcoin/core/blob/a5a65936e31a63041434f3fce31270c518d44ebc/src/Makefile.am#L502,# consensus: shared between all executables that validate any consensus rules.,[],Autotool,0,502,502
19118,devcoin/core,https://github.com/devcoin/core/blob/a5a65936e31a63041434f3fce31270c518d44ebc/src/Makefile.am#L541,"# common: shared between devcoind, and devcoin-qt and non-server tools",[],Autotool,0,541,541
19118,devcoin/core,https://github.com/devcoin/core/blob/a5a65936e31a63041434f3fce31270c518d44ebc/src/Makefile.am#L579,"# util: shared between all executables.
# This library *must* be included to make sure that the glibc
# backward-compatibility objects and their sanity checks are linked.",[],Autotool,0,579,581
19118,devcoin/core,https://github.com/devcoin/core/blob/a5a65936e31a63041434f3fce31270c518d44ebc/src/Makefile.am#L634,# cli: shared between devcoin-cli and devcoin-qt,[],Autotool,0,634,634
19118,devcoin/core,https://github.com/devcoin/core/blob/a5a65936e31a63041434f3fce31270c518d44ebc/src/Makefile.am#L644,#,[],Autotool,0,644,644
19118,devcoin/core,https://github.com/devcoin/core/blob/a5a65936e31a63041434f3fce31270c518d44ebc/src/Makefile.am#L646,# devcoind & devcoin-node binaries #,[],Autotool,0,646,646
19118,devcoin/core,https://github.com/devcoin/core/blob/a5a65936e31a63041434f3fce31270c518d44ebc/src/Makefile.am#L683,# devcoin-cli binary #,[],Autotool,0,683,683
19118,devcoin/core,https://github.com/devcoin/core/blob/a5a65936e31a63041434f3fce31270c518d44ebc/src/Makefile.am#L700,#,[],Autotool,0,700,700
19118,devcoin/core,https://github.com/devcoin/core/blob/a5a65936e31a63041434f3fce31270c518d44ebc/src/Makefile.am#L702,# devcoin-tx binary #,[],Autotool,0,702,702
19118,devcoin/core,https://github.com/devcoin/core/blob/a5a65936e31a63041434f3fce31270c518d44ebc/src/Makefile.am#L721,#,[],Autotool,0,721,721
19118,devcoin/core,https://github.com/devcoin/core/blob/a5a65936e31a63041434f3fce31270c518d44ebc/src/Makefile.am#L723,# devcoin-wallet binary #,[],Autotool,0,723,723
19118,devcoin/core,https://github.com/devcoin/core/blob/a5a65936e31a63041434f3fce31270c518d44ebc/src/Makefile.am#L733,#,[],Autotool,0,733,733
19118,devcoin/core,https://github.com/devcoin/core/blob/a5a65936e31a63041434f3fce31270c518d44ebc/src/Makefile.am#L735,# devcoin-util binary #,[],Autotool,0,735,735
19118,devcoin/core,https://github.com/devcoin/core/blob/a5a65936e31a63041434f3fce31270c518d44ebc/src/Makefile.am#L754,#,[],Autotool,0,754,754
19118,devcoin/core,https://github.com/devcoin/core/blob/a5a65936e31a63041434f3fce31270c518d44ebc/src/Makefile.am#L756,# devcoinconsensus library #,[],Autotool,0,756,756
19118,devcoin/core,https://github.com/devcoin/core/blob/a5a65936e31a63041434f3fce31270c518d44ebc/src/Makefile.am#L771,#,[],Autotool,0,771,771
19118,devcoin/core,https://github.com/devcoin/core/blob/a5a65936e31a63041434f3fce31270c518d44ebc/src/secp256k1/Makefile.am#L83,# SECP_TEST_INCLUDES are only used here for CRYPTO_CPPFLAGS,[],Autotool,0,83,83
19118,devcoin/core,https://github.com/devcoin/core/blob/a5a65936e31a63041434f3fce31270c518d44ebc/configure.ac#L28,dnl Multi Process,[],Autotool,0,28,28
19118,devcoin/core,https://github.com/devcoin/core/blob/a5a65936e31a63041434f3fce31270c518d44ebc/configure.ac#L32,"dnl Unless the user specified ARFLAGS, force it to be cr",[],Autotool,0,32,32
19118,devcoin/core,https://github.com/devcoin/core/blob/a5a65936e31a63041434f3fce31270c518d44ebc/configure.ac#L40,#ifndef DEVCOIN_CONFIG_H]),[],Autotool,8,40,40
19118,devcoin/core,https://github.com/devcoin/core/blob/a5a65936e31a63041434f3fce31270c518d44ebc/configure.ac#L41,#define DEVCOIN_CONFIG_H]),[],Autotool,8,41,41
19118,devcoin/core,https://github.com/devcoin/core/blob/a5a65936e31a63041434f3fce31270c518d44ebc/configure.ac#L42,#endif //DEVCOIN_CONFIG_H]),[],Autotool,11,42,42
19118,devcoin/core,https://github.com/devcoin/core/blob/a5a65936e31a63041434f3fce31270c518d44ebc/configure.ac#L44,dnl faketime breaks configure and is only needed for make. Disable it here.,[],Autotool,0,44,44
19118,devcoin/core,https://github.com/devcoin/core/blob/a5a65936e31a63041434f3fce31270c518d44ebc/configure.ac#L47,dnl Automake init set-up and checks,[],Autotool,0,47,47
19118,devcoin/core,https://github.com/devcoin/core/blob/a5a65936e31a63041434f3fce31270c518d44ebc/configure.ac#L50,"dnl faketime messes with timestamps and causes configure to be re-run.
dnl --disable-maintainer-mode can be used to bypass this.",[],Autotool,0,50,51
19118,devcoin/core,https://github.com/devcoin/core/blob/a5a65936e31a63041434f3fce31270c518d44ebc/configure.ac#L54,dnl make the compilation flags quiet unless V=1 is used,[],Autotool,0,54,54
19118,devcoin/core,https://github.com/devcoin/core/blob/a5a65936e31a63041434f3fce31270c518d44ebc/configure.ac#L57,dnl Compiler checks (here before libtool).,[],Autotool,0,57,57
19118,devcoin/core,https://github.com/devcoin/core/blob/a5a65936e31a63041434f3fce31270c518d44ebc/configure.ac#L65,"dnl By default, libtool for mingw refuses to link static libs into a dll for
dnl fear of mixing pic/non-pic objects, and import/export complications. Since
dnl we have those under control, re-enable that functionality.",[],Autotool,0,65,67
19118,devcoin/core,https://github.com/devcoin/core/blob/a5a65936e31a63041434f3fce31270c518d44ebc/configure.ac#L74,dnl Require C++17 compiler (no GNU extensions),[],Autotool,0,74,74
19118,devcoin/core,https://github.com/devcoin/core/blob/a5a65936e31a63041434f3fce31270c518d44ebc/configure.ac#L77,dnl Check if -latomic is required for <std::atomic>,[],Autotool,0,77,77
19118,devcoin/core,https://github.com/devcoin/core/blob/a5a65936e31a63041434f3fce31270c518d44ebc/configure.ac#L80,"dnl Unless the user specified OBJCXX, force it to be the same as CXX. This ensures
dnl that we get the same -std flags for both.",[],Autotool,0,80,81
19118,devcoin/core,https://github.com/devcoin/core/blob/a5a65936e31a63041434f3fce31270c518d44ebc/configure.ac#L89,"dnl Since libtool 1.5.2 (released 2004-01-25), on Linux libtool no longer
dnl sets RPATH for any directories in the dynamic linker search path.
dnl See more: https://wiki.debian.org/RpathIssue",[],Autotool,0,89,91
19118,devcoin/core,https://github.com/devcoin/core/blob/a5a65936e31a63041434f3fce31270c518d44ebc/configure.ac#L93,dnl Libtool init checks.,[],Autotool,0,93,93
19118,devcoin/core,https://github.com/devcoin/core/blob/a5a65936e31a63041434f3fce31270c518d44ebc/configure.ac#L96,dnl Check/return PATH for base programs.,[],Autotool,0,96,96
19118,devcoin/core,https://github.com/devcoin/core/blob/a5a65936e31a63041434f3fce31270c518d44ebc/configure.ac#L103,"dnl Python 3.6 is specified in .python-version and should be used if available, see doc/dependencies.md",[],Autotool,0,103,103
19118,devcoin/core,https://github.com/devcoin/core/blob/a5a65936e31a63041434f3fce31270c518d44ebc/configure.ac#L221,"dnl Suppress warnings from external headers (e.g. Boost, Qt).
dnl May be useful if warnings from external headers clutter the build output
dnl too much, so that it becomes difficult to spot Devcoin Core warnings
dnl or if they cause a build failure with --enable-werror.",[],Autotool,0,221,224
19118,devcoin/core,https://github.com/devcoin/core/blob/a5a65936e31a63041434f3fce31270c518d44ebc/configure.ac#L301,dnl Enable debug,[],Autotool,0,301,301
19118,devcoin/core,https://github.com/devcoin/core/blob/a5a65936e31a63041434f3fce31270c518d44ebc/configure.ac#L308,dnl Enable different -fsanitize options,[],Autotool,0,308,308
19118,devcoin/core,https://github.com/devcoin/core/blob/a5a65936e31a63041434f3fce31270c518d44ebc/configure.ac#L314,dnl Enable gprof profiling,[],Autotool,0,314,314
19118,devcoin/core,https://github.com/devcoin/core/blob/a5a65936e31a63041434f3fce31270c518d44ebc/configure.ac#L321,dnl Turn warnings into errors,[],Autotool,0,321,321
19118,devcoin/core,https://github.com/devcoin/core/blob/a5a65936e31a63041434f3fce31270c518d44ebc/configure.ac#L335,"dnl Check for a flag to turn compiler warnings into errors. This is helpful for checks which may
dnl appear to succeed because by default they merely emit warnings when they fail.
dnl
dnl Note that this is not necessarily a check to see if -Werror is supported, but rather to see if
dnl a compile with -Werror can succeed. This is important because the compiler may already be
dnl warning about something unrelated, for example about some path issue. If that is the case,
dnl -Werror cannot be used because all of those warnings would be turned into errors.",[],Autotool,0,335,341
19118,devcoin/core,https://github.com/devcoin/core/blob/a5a65936e31a63041434f3fce31270c518d44ebc/configure.ac#L344,"dnl Check for a flag to turn linker warnings into errors. When flags are passed to linkers via the
dnl compiler driver using a -Wl,-foo flag, linker warnings may be swallowed rather than bubbling up.
dnl See note above, the same applies here as well.
dnl
dnl LDFLAG_WERROR Should only be used when testing -Wl,*",[],Autotool,0,344,348
19118,devcoin/core,https://github.com/devcoin/core/blob/a5a65936e31a63041434f3fce31270c518d44ebc/configure.ac#L359,dnl Clear default -g -O2 flags,[],Autotool,2,359,359
19118,devcoin/core,https://github.com/devcoin/core/blob/a5a65936e31a63041434f3fce31270c518d44ebc/configure.ac#L364,dnl Disable all optimizations,[],Autotool,2,364,364
19118,devcoin/core,https://github.com/devcoin/core/blob/a5a65936e31a63041434f3fce31270c518d44ebc/configure.ac#L367,"dnl Prefer -g3, fall back to -g if that is unavailable.",[],Autotool,2,367,367
19118,devcoin/core,https://github.com/devcoin/core/blob/a5a65936e31a63041434f3fce31270c518d44ebc/configure.ac#L381,"dnl First check if the compiler accepts flags. If an incompatible pair like
dnl -fsanitize=address,thread is used here, this check will fail. This will also
dnl fail if a bad argument is passed, e.g. -fsanitize=undfeined",[],Autotool,2,381,383
19118,devcoin/core,https://github.com/devcoin/core/blob/a5a65936e31a63041434f3fce31270c518d44ebc/configure.ac#L389,"dnl Some compilers (e.g. GCC) require additional libraries like libasan,
dnl libtsan, libubsan, etc. Make sure linking still works with the sanitize
dnl flag. This is a separate check so we can give a better error message when
dnl the sanitize flags are supported by the compiler but the actual sanitizer
dnl libs are missing.",[],Autotool,2,389,393
19118,devcoin/core,https://github.com/devcoin/core/blob/a5a65936e31a63041434f3fce31270c518d44ebc/configure.ac#L440,"dnl some compilers will ignore -Wformat-security without -Wformat, so just combine the two here.",[],Autotool,2,440,440
19118,devcoin/core,https://github.com/devcoin/core/blob/a5a65936e31a63041434f3fce31270c518d44ebc/configure.ac#L466,"dnl Some compilers (gcc) ignore unknown -Wno-* options, but warn about all
dnl unknown options if any other warning is produced. Test the -Wfoo case, and
dnl set the -Wno-foo case if it works.",[],Autotool,2,466,468
19118,devcoin/core,https://github.com/devcoin/core/blob/a5a65936e31a63041434f3fce31270c518d44ebc/configure.ac#L477,dnl Don't allow extended (non-ASCII) symbols in identifiers. This is easier for code review.,[],Autotool,0,477,477
19118,devcoin/core,https://github.com/devcoin/core/blob/a5a65936e31a63041434f3fce31270c518d44ebc/configure.ac#L487,"dnl Check for optional instruction set support. Enabling these does _not_ imply that all code will
dnl be compiled with them, rather that specific objects/libs may use them after checking for runtime
dnl compatibility.",[],Autotool,0,487,489
19118,devcoin/core,https://github.com/devcoin/core/blob/a5a65936e31a63041434f3fce31270c518d44ebc/configure.ac#L491,dnl x86,[],Autotool,0,491,491
19118,devcoin/core,https://github.com/devcoin/core/blob/a5a65936e31a63041434f3fce31270c518d44ebc/configure.ac#L566,# ARM,[],Autotool,0,566,566
19118,devcoin/core,https://github.com/devcoin/core/blob/a5a65936e31a63041434f3fce31270c518d44ebc/configure.ac#L648,"dnl -static is interpreted by libtool, where it has a different meaning.
dnl In libtool-speak, it's -all-static.",[],Autotool,5,648,649
19118,devcoin/core,https://github.com/devcoin/core/blob/a5a65936e31a63041434f3fce31270c518d44ebc/configure.ac#L664,"dnl libtool insists upon adding -nostdlib and a list of objects/libs to link against.
dnl That breaks our ability to build dll's with static libgcc/libstdc++/libssp. Override
dnl its command here, with the predeps/postdeps removed, and -static inserted. Postdeps are
dnl also overridden to prevent their insertion later.
dnl This should only affect dll's.",[],Autotool,5,664,668
19118,devcoin/core,https://github.com/devcoin/core/blob/a5a65936e31a63041434f3fce31270c518d44ebc/configure.ac#L672,dnl We require Windows 7 (NT 6.1) or later,[],Autotool,5,672,672
19118,devcoin/core,https://github.com/devcoin/core/blob/a5a65936e31a63041434f3fce31270c518d44ebc/configure.ac#L682,"dnl These Homebrew packages may be keg-only, meaning that they won't be found
dnl in expected paths because they may conflict with system files. Ask
dnl Homebrew where each one is located, then adjust paths accordingly.
dnl It's safe to add these paths even if the functionality is disabled by
dnl the user (--without-wallet or --without-gui for example).",[],Autotool,9,682,686
19118,devcoin/core,https://github.com/devcoin/core/blob/a5a65936e31a63041434f3fce31270c518d44ebc/configure.ac#L690,dnl This must precede the call to DEVCOIN_FIND_BDB48 below.,[],Autotool,11,690,690
19118,devcoin/core,https://github.com/devcoin/core/blob/a5a65936e31a63041434f3fce31270c518d44ebc/configure.ac#L718,"dnl libtool will try to strip the static lib, which is a problem for
dnl cross-builds because strip attempts to call a hard-coded ld,
dnl which may not exist in the path. Stripping the .a is not
dnl necessary, so just disable it.",[],Autotool,11,718,721
19118,devcoin/core,https://github.com/devcoin/core/blob/a5a65936e31a63041434f3fce31270c518d44ebc/configure.ac#L732,dnl make sure android stays above linux for hosts like *linux-android*,[],Autotool,5,732,732
19118,devcoin/core,https://github.com/devcoin/core/blob/a5a65936e31a63041434f3fce31270c518d44ebc/configure.ac#L805,dnl Check for __int128,[],Autotool,0,805,805
19118,devcoin/core,https://github.com/devcoin/core/blob/a5a65936e31a63041434f3fce31270c518d44ebc/configure.ac#L808,dnl Check for endianness,[],Autotool,0,808,808
19118,devcoin/core,https://github.com/devcoin/core/blob/a5a65936e31a63041434f3fce31270c518d44ebc/configure.ac#L811,dnl Check for pthread compile/link requirements,[],Autotool,0,811,811
19118,devcoin/core,https://github.com/devcoin/core/blob/a5a65936e31a63041434f3fce31270c518d44ebc/configure.ac#L814,"dnl The following macro will add the necessary defines to devcoin-config.h, but
dnl they also need to be passed down to any subprojects. Pull the results out of
dnl the cache and add them to CPPFLAGS.",[],Autotool,0,814,816
19118,devcoin/core,https://github.com/devcoin/core/blob/a5a65936e31a63041434f3fce31270c518d44ebc/configure.ac#L818,dnl detect POSIX or GNU variant of strerror_r,[],Autotool,0,818,818
19118,devcoin/core,https://github.com/devcoin/core/blob/a5a65936e31a63041434f3fce31270c518d44ebc/configure.ac#L846,"dnl -pg is incompatible with -pie. Since hardening and profiling together doesn't make sense,
dnl we simply make them mutually exclusive here. Additionally, hardened toolchains may force
dnl -pie by default, in which case it needs to be turned off with -no-pie.",[],Autotool,4,846,848
19118,devcoin/core,https://github.com/devcoin/core/blob/a5a65936e31a63041434f3fce31270c518d44ebc/configure.ac#L863,"dnl All windows code is PIC, forcing it on just adds useless compile warnings",[],Autotool,2,863,863
19118,devcoin/core,https://github.com/devcoin/core/blob/a5a65936e31a63041434f3fce31270c518d44ebc/configure.ac#L867,"dnl All versions of gcc that we commonly use for building are subject to bug
dnl https://gcc.gnu.org/bugzilla/show_bug.cgi?id=90348. To work around that, set
dnl -fstack-reuse=none for all gcc builds. (Only gcc understands this flag)",[],Autotool,0,867,869
19118,devcoin/core,https://github.com/devcoin/core/blob/a5a65936e31a63041434f3fce31270c518d44ebc/configure.ac#L876,"dnl -fcf-protection used with Clang 7 causes ld to emit warnings:
dnl ld: error: ... <corrupt x86 feature size: 0x8>
dnl Use CHECK_LINK_FLAG & --fatal-warnings to ensure we won't use the flag in this case.",[],Autotool,2,876,878
19118,devcoin/core,https://github.com/devcoin/core/blob/a5a65936e31a63041434f3fce31270c518d44ebc/configure.ac#L883,"dnl stack-clash-protection doesn't currently work, and likely should just be skipped for Windows.
dnl See https://gcc.gnu.org/bugzilla/show_bug.cgi?id=90458 for more details.",[],Autotool,6,883,884
19118,devcoin/core,https://github.com/devcoin/core/blob/a5a65936e31a63041434f3fce31270c518d44ebc/configure.ac#L892,"dnl When enable_debug is yes, all optimizations are disabled.
dnl However, FORTIFY_SOURCE requires that there is some level of optimization, otherwise it does nothing and just creates a compiler warning.
dnl Since FORTIFY_SOURCE is a no-op without optimizations, do not enable it when enable_debug is yes.",[],Autotool,2,892,894
19118,devcoin/core,https://github.com/devcoin/core/blob/a5a65936e31a63041434f3fce31270c518d44ebc/configure.ac#L920,"dnl These flags are specific to ld64, and may cause issues with other linkers.
dnl For example: GNU ld will interpret -dead_strip as -de and then try and use
dnl ""ad_strip"" as the symbol for the entry point.",[],Autotool,0,920,922
19118,devcoin/core,https://github.com/devcoin/core/blob/a5a65936e31a63041434f3fce31270c518d44ebc/configure.ac#L932,#include <sys/types.h>,[],Autotool,5,932,932
19118,devcoin/core,https://github.com/devcoin/core/blob/a5a65936e31a63041434f3fce31270c518d44ebc/configure.ac#L933,#include <ifaddrs.h>],[],Autotool,4,933,933
19118,devcoin/core,https://github.com/devcoin/core/blob/a5a65936e31a63041434f3fce31270c518d44ebc/configure.ac#L937,dnl These are used for daemonization in devcoind,[],Autotool,0,937,937
19118,devcoin/core,https://github.com/devcoin/core/blob/a5a65936e31a63041434f3fce31270c518d44ebc/configure.ac#L944,#if HAVE_ENDIAN_H,[],Autotool,3,944,944
19118,devcoin/core,https://github.com/devcoin/core/blob/a5a65936e31a63041434f3fce31270c518d44ebc/configure.ac#L945,"#include <endian.h>
#elif HAVE_SYS_ENDIAN_H
#include <sys/endian.h>
#endif])",[],Autotool,17,945,948
19118,devcoin/core,https://github.com/devcoin/core/blob/a5a65936e31a63041434f3fce31270c518d44ebc/configure.ac#L951,#if HAVE_BYTESWAP_H,[],Autotool,3,951,951
19118,devcoin/core,https://github.com/devcoin/core/blob/a5a65936e31a63041434f3fce31270c518d44ebc/configure.ac#L952,"#include <byteswap.h>
#endif])",[],Autotool,17,952,953
19118,devcoin/core,https://github.com/devcoin/core/blob/a5a65936e31a63041434f3fce31270c518d44ebc/configure.ac#L971,dnl Check for malloc_info (for memory statistics information in getmemoryinfo),[],Autotool,0,971,971
19118,devcoin/core,https://github.com/devcoin/core/blob/a5a65936e31a63041434f3fce31270c518d44ebc/configure.ac#L979,dnl Check for mallopt(M_ARENA_MAX) (to set glibc arenas),[],Autotool,0,979,979
19118,devcoin/core,https://github.com/devcoin/core/blob/a5a65936e31a63041434f3fce31270c518d44ebc/configure.ac#L987,dnl Check for posix_fallocate,[],Autotool,0,987,987
19118,devcoin/core,https://github.com/devcoin/core/blob/a5a65936e31a63041434f3fce31270c518d44ebc/configure.ac#L1032,"dnl thread_local is currently disabled when building with glibc back compat.
dnl Our minimum supported glibc is 2.17, however support for thread_local
dnl did not arrive in glibc until 2.18.",[],Autotool,0,1032,1034
19118,devcoin/core,https://github.com/devcoin/core/blob/a5a65936e31a63041434f3fce31270c518d44ebc/configure.ac#L1040,#include <thread>,[],Autotool,4,1040,1040
19118,devcoin/core,https://github.com/devcoin/core/blob/a5a65936e31a63041434f3fce31270c518d44ebc/configure.ac#L1051,"dnl mingw32's implementation of thread_local has also been shown to behave
dnl erroneously under concurrent usage; see:
dnl https://gist.github.com/jamesob/fe9a872051a88b2025b1aa37bfa98605",[],Autotool,10,1051,1053
19118,devcoin/core,https://github.com/devcoin/core/blob/a5a65936e31a63041434f3fce31270c518d44ebc/configure.ac#L1057,"dnl FreeBSD's implementation of thread_local is also buggy (per
dnl https://groups.google.com/d/msg/bsdmailinglist/22ncTZAbDp4/Dii_pII5AwAJ)",[],Autotool,10,1057,1058
19118,devcoin/core,https://github.com/devcoin/core/blob/a5a65936e31a63041434f3fce31270c518d44ebc/configure.ac#L1074,"dnl check for gmtime_r(), fallback to gmtime_s() if that is unavailable
dnl fail if neither are available.",[],Autotool,0,1074,1075
19118,devcoin/core,https://github.com/devcoin/core/blob/a5a65936e31a63041434f3fce31270c518d44ebc/configure.ac#L1090,dnl Check for different ways of gathering OS randomness,[],Autotool,0,1090,1090
19118,devcoin/core,https://github.com/devcoin/core/blob/a5a65936e31a63041434f3fce31270c518d44ebc/configure.ac#L1169,dnl crc32c platform checks,[],Autotool,0,1169,1169
19118,devcoin/core,https://github.com/devcoin/core/blob/a5a65936e31a63041434f3fce31270c518d44ebc/configure.ac#L1245,"dnl SUPPRESSED_CPPFLAGS=SUPPRESS_WARNINGS([$SOME_CPPFLAGS])
dnl Replace -I with -isystem in $SOME_CPPFLAGS to suppress warnings from
dnl headers from its include directories and return the result.
dnl See -isystem documentation:
dnl https://gcc.gnu.org/onlinedocs/gcc/Directory-Options.html
dnl https://clang.llvm.org/docs/ClangCommandLineReference.html#cmdoption-clang-isystem-directory
dnl Do not change ""-I/usr/include"" to ""-isystem /usr/include"" because that
dnl is not necessary (/usr/include is already a system directory) and because
dnl it would break GCC's #include_next.",[],Autotool,0,1245,1253
19118,devcoin/core,https://github.com/devcoin/core/blob/a5a65936e31a63041434f3fce31270c518d44ebc/configure.ac#L1257,dnl enable-fuzz should disable all other targets,[],Autotool,0,1257,1257
19118,devcoin/core,https://github.com/devcoin/core/blob/a5a65936e31a63041434f3fce31270c518d44ebc/configure.ac#L1298,"dnl sets $devcoin_enable_qt, $devcoin_enable_qt_test, $devcoin_enable_qt_dbus",[],Autotool,2,1298,1298
19118,devcoin/core,https://github.com/devcoin/core/blob/a5a65936e31a63041434f3fce31270c518d44ebc/configure.ac#L1301,dnl Keep a copy of the original $QT_INCLUDES and use it when invoking qt's moc,[],Autotool,2,1301,1301
19118,devcoin/core,https://github.com/devcoin/core/blob/a5a65936e31a63041434f3fce31270c518d44ebc/configure.ac#L1313,dnl Check for libdb_cxx only if wallet enabled,[],Autotool,4,1313,1313
19118,devcoin/core,https://github.com/devcoin/core/blob/a5a65936e31a63041434f3fce31270c518d44ebc/configure.ac#L1321,dnl Check for sqlite3,[],Autotool,4,1321,1321
19118,devcoin/core,https://github.com/devcoin/core/blob/a5a65936e31a63041434f3fce31270c518d44ebc/configure.ac#L1341,dnl Disable wallet if both --without-bdb and --without-sqlite,[],Autotool,4,1341,1341
19118,devcoin/core,https://github.com/devcoin/core/blob/a5a65936e31a63041434f3fce31270c518d44ebc/configure.ac#L1354,"#include <sys/sdt.h>],",[],Autotool,7,1354,1354
19118,devcoin/core,https://github.com/devcoin/core/blob/a5a65936e31a63041434f3fce31270c518d44ebc/configure.ac#L1362,dnl Check for libminiupnpc (optional),[],Autotool,0,1362,1362
19118,devcoin/core,https://github.com/devcoin/core/blob/a5a65936e31a63041434f3fce31270c518d44ebc/configure.ac#L1369,"dnl The minimum supported miniUPnPc API version is set to 10. This keeps compatibility
dnl with Ubuntu 16.04 LTS and Debian 8 libminiupnpc-dev packages.",[],Autotool,0,1369,1370
19118,devcoin/core,https://github.com/devcoin/core/blob/a5a65936e31a63041434f3fce31270c518d44ebc/configure.ac#L1391,dnl Check for libnatpmp (optional).,[],Autotool,0,1391,1391
19118,devcoin/core,https://github.com/devcoin/core/blob/a5a65936e31a63041434f3fce31270c518d44ebc/configure.ac#L1406,dnl Check for Boost headers,[],Autotool,2,1406,1406
19118,devcoin/core,https://github.com/devcoin/core/blob/a5a65936e31a63041434f3fce31270c518d44ebc/configure.ac#L1426,dnl Check for reduced exports,[],Autotool,0,1426,1426
19118,devcoin/core,https://github.com/devcoin/core/blob/a5a65936e31a63041434f3fce31270c518d44ebc/configure.ac#L1443,dnl Determine if -DBOOST_TEST_DYN_LINK is needed,[],Autotool,4,1443,1443
19118,devcoin/core,https://github.com/devcoin/core/blob/a5a65936e31a63041434f3fce31270c518d44ebc/configure.ac#L1450,"#define BOOST_TEST_DYN_LINK
#define BOOST_TEST_MAIN",[],Autotool,9,1450,1451
19118,devcoin/core,https://github.com/devcoin/core/blob/a5a65936e31a63041434f3fce31270c518d44ebc/configure.ac#L1452,#include <boost/test/unit_test.hpp>,[],Autotool,10,1452,1452
19118,devcoin/core,https://github.com/devcoin/core/blob/a5a65936e31a63041434f3fce31270c518d44ebc/configure.ac#L1464,dnl libevent check,[],Autotool,0,1464,1464
19118,devcoin/core,https://github.com/devcoin/core/blob/a5a65936e31a63041434f3fce31270c518d44ebc/configure.ac#L1477,dnl QR Code encoding library check,[],Autotool,0,1477,1477
19118,devcoin/core,https://github.com/devcoin/core/blob/a5a65936e31a63041434f3fce31270c518d44ebc/configure.ac#L1483,dnl ZMQ check,[],Autotool,0,1483,1483
19118,devcoin/core,https://github.com/devcoin/core/blob/a5a65936e31a63041434f3fce31270c518d44ebc/configure.ac#L1496,dnl Assume libzmq was built for static linking,[],Autotool,2,1496,1496
19118,devcoin/core,https://github.com/devcoin/core/blob/a5a65936e31a63041434f3fce31270c518d44ebc/configure.ac#L1504,dnl univalue check,[],Autotool,0,1504,1504
19118,devcoin/core,https://github.com/devcoin/core/blob/a5a65936e31a63041434f3fce31270c518d44ebc/configure.ac#L1532,dnl libmultiprocess library check,[],Autotool,0,1532,1532
19118,devcoin/core,https://github.com/devcoin/core/blob/a5a65936e31a63041434f3fce31270c518d44ebc/configure.ac#L1546,dnl Enable multiprocess check,[],Autotool,0,1546,1546
19118,devcoin/core,https://github.com/devcoin/core/blob/a5a65936e31a63041434f3fce31270c518d44ebc/configure.ac#L1563,dnl codegen tools check,[],Autotool,0,1563,1563
19118,devcoin/core,https://github.com/devcoin/core/blob/a5a65936e31a63041434f3fce31270c518d44ebc/configure.ac#L1624,dnl enable wallet,[],Autotool,0,1624,1624
19118,devcoin/core,https://github.com/devcoin/core/blob/a5a65936e31a63041434f3fce31270c518d44ebc/configure.ac#L1635,dnl enable upnp support,[],Autotool,0,1635,1635
19118,devcoin/core,https://github.com/devcoin/core/blob/a5a65936e31a63041434f3fce31270c518d44ebc/configure.ac#L1663,dnl Enable NAT-PMP support.,[],Autotool,0,1663,1663
19118,devcoin/core,https://github.com/devcoin/core/blob/a5a65936e31a63041434f3fce31270c518d44ebc/configure.ac#L1691,dnl these are only used when qt is enabled,[],Autotool,0,1691,1691
19118,devcoin/core,https://github.com/devcoin/core/blob/a5a65936e31a63041434f3fce31270c518d44ebc/configure.ac#L1694,dnl enable dbus support,[],Autotool,2,1694,1694
19118,devcoin/core,https://github.com/devcoin/core/blob/a5a65936e31a63041434f3fce31270c518d44ebc/configure.ac#L1701,dnl enable qr support,[],Autotool,2,1701,1701
19118,devcoin/core,https://github.com/devcoin/core/blob/a5a65936e31a63041434f3fce31270c518d44ebc/configure.ac#L1872,"dnl boost's m4 checks do something really nasty: they export these vars. As a
dnl result, they leak into secp256k1's configure and crazy things happen.
dnl Until this is fixed upstream and we've synced, we'll just un-export them.",[],Autotool,0,1872,1874
19118,devcoin/core,https://github.com/devcoin/core/blob/a5a65936e31a63041434f3fce31270c518d44ebc/configure.ac#L1904,dnl Replace the BUILDDIR path with the correct Windows path if compiling on Native Windows,[],Autotool,0,1904,1904
19118,devcoin/core,https://github.com/devcoin/core/blob/a5a65936e31a63041434f3fce31270c518d44ebc/src/secp256k1/configure.ac#L6,#ifndef LIBSECP256K1_CONFIG_H]),[],Autotool,8,6,6
19118,devcoin/core,https://github.com/devcoin/core/blob/a5a65936e31a63041434f3fce31270c518d44ebc/src/secp256k1/configure.ac#L7,#define LIBSECP256K1_CONFIG_H]),[],Autotool,8,7,7
19118,devcoin/core,https://github.com/devcoin/core/blob/a5a65936e31a63041434f3fce31270c518d44ebc/src/secp256k1/configure.ac#L8,#endif /*LIBSECP256K1_CONFIG_H*/]),[],Autotool,11,8,8
19118,devcoin/core,https://github.com/devcoin/core/blob/a5a65936e31a63041434f3fce31270c518d44ebc/src/secp256k1/configure.ac#L11,"# Set -g if CFLAGS are not already set, which matches the default autoconf
# behavior (see PROG_CC in the Autoconf manual) with the exception that we don't
# set -O2 here because we set it in any case (see further down).",[],Autotool,0,11,13
19118,devcoin/core,https://github.com/devcoin/core/blob/a5a65936e31a63041434f3fce31270c518d44ebc/src/secp256k1/configure.ac#L17,# Make the compilation flags quiet unless V=1 is used.,[],Autotool,0,17,17
19118,devcoin/core,https://github.com/devcoin/core/blob/a5a65936e31a63041434f3fce31270c518d44ebc/src/secp256k1/configure.ac#L26,"# Save definition of AC_PROG_CC because AM_PROG_CC_C_O in automake<=1.13 will
# redefine AC_PROG_CC to exit with an error, which avoids the user calling it
# accidently and screwing up the effect of AM_PROG_CC_C_O. However, we'll need
# AC_PROG_CC later on in AX_PROG_CC_FOR_BUILD, where its usage is fine, and
# we'll carefully make sure not to call AC_PROG_CC anywhere else.",[],Autotool,0,26,30
19118,devcoin/core,https://github.com/devcoin/core/blob/a5a65936e31a63041434f3fce31270c518d44ebc/src/secp256k1/configure.ac#L33,# Restore AC_PROG_CC,[],Autotool,0,33,33
19118,devcoin/core,https://github.com/devcoin/core/blob/a5a65936e31a63041434f3fce31270c518d44ebc/src/secp256k1/configure.ac#L47,"# These Homebrew packages may be keg-only, meaning that they won't be found
# in expected paths because they may conflict with system files. Ask
# Homebrew where each one is located, then adjust paths accordingly.",[],Autotool,9,47,49
19118,devcoin/core,https://github.com/devcoin/core/blob/a5a65936e31a63041434f3fce31270c518d44ebc/src/secp256k1/configure.ac#L62,"# If homebrew isn't installed and macports is, add the macports default paths
# as a last resort.",[],Autotool,9,62,63
19118,devcoin/core,https://github.com/devcoin/core/blob/a5a65936e31a63041434f3fce31270c518d44ebc/src/secp256k1/configure.ac#L103,"###
### Define config arguments
###",[],Autotool,0,103,105
19118,devcoin/core,https://github.com/devcoin/core/blob/a5a65936e31a63041434f3fce31270c518d44ebc/src/secp256k1/configure.ac#L167,"# Test-only override of the (autodetected by the C code) ""widemul"" setting.
# Legal values are int64 (for [u]int64_t), int128 (for [unsigned] __int128), and auto (the default).",[],Autotool,0,167,168
19118,devcoin/core,https://github.com/devcoin/core/blob/a5a65936e31a63041434f3fce31270c518d44ebc/src/secp256k1/configure.ac#L195,"###
### Handle config options (except for modules)
###",[],Autotool,0,195,197
19118,devcoin/core,https://github.com/devcoin/core/blob/a5a65936e31a63041434f3fce31270c518d44ebc/src/secp256k1/configure.ac#L249,# Select assembly optimization,[],Autotool,0,249,249
19118,devcoin/core,https://github.com/devcoin/core/blob/a5a65936e31a63041434f3fce31270c518d44ebc/src/secp256k1/configure.ac#L271,# Select wide multiplication implementation,[],Autotool,0,271,271
19118,devcoin/core,https://github.com/devcoin/core/blob/a5a65936e31a63041434f3fce31270c518d44ebc/src/secp256k1/configure.ac#L286,# Set ecmult window size,[],Autotool,0,286,286
19118,devcoin/core,https://github.com/devcoin/core/blob/a5a65936e31a63041434f3fce31270c518d44ebc/src/secp256k1/configure.ac#L296,# no valid integer,[],Autotool,2,296,296
19118,devcoin/core,https://github.com/devcoin/core/blob/a5a65936e31a63041434f3fce31270c518d44ebc/src/secp256k1/configure.ac#L301,# not in range,[],Autotool,4,301,301
19118,devcoin/core,https://github.com/devcoin/core/blob/a5a65936e31a63041434f3fce31270c518d44ebc/src/secp256k1/configure.ac#L308,# Set ecmult gen precision,[],Autotool,0,308,308
19118,devcoin/core,https://github.com/devcoin/core/blob/a5a65936e31a63041434f3fce31270c518d44ebc/src/secp256k1/configure.ac#L354,# Handle static precomputation (after everything which modifies CFLAGS and friends),[],Autotool,0,354,354
19118,devcoin/core,https://github.com/devcoin/core/blob/a5a65936e31a63041434f3fce31270c518d44ebc/src/secp256k1/configure.ac#L361,"# If we're not cross-compiling, simply use the same compiler for building the static precompation code.",[],Autotool,4,361,361
19118,devcoin/core,https://github.com/devcoin/core/blob/a5a65936e31a63041434f3fce31270c518d44ebc/src/secp256k1/configure.ac#L369,# Temporarily switch to an environment for the native compiler,[],Autotool,4,369,369
19118,devcoin/core,https://github.com/devcoin/core/blob/a5a65936e31a63041434f3fce31270c518d44ebc/src/secp256k1/configure.ac#L399,# Restore the environment,[],Autotool,4,399,399
19118,devcoin/core,https://github.com/devcoin/core/blob/a5a65936e31a63041434f3fce31270c518d44ebc/src/secp256k1/configure.ac#L433,"###
### Handle module options
###",[],Autotool,0,433,435
19118,devcoin/core,https://github.com/devcoin/core/blob/a5a65936e31a63041434f3fce31270c518d44ebc/src/secp256k1/configure.ac#L450,"# Test if extrakeys is set after the schnorrsig module to allow the schnorrsig
# module to set enable_module_extrakeys=yes",[],Autotool,0,450,451
19118,devcoin/core,https://github.com/devcoin/core/blob/a5a65936e31a63041434f3fce31270c518d44ebc/src/secp256k1/configure.ac#L460,"###
### Check for --enable-experimental if necessary
###",[],Autotool,0,460,462
19118,devcoin/core,https://github.com/devcoin/core/blob/a5a65936e31a63041434f3fce31270c518d44ebc/src/secp256k1/configure.ac#L483,"###
### Generate output
###",[],Autotool,0,483,485
19118,devcoin/core,https://github.com/devcoin/core/blob/a5a65936e31a63041434f3fce31270c518d44ebc/src/secp256k1/configure.ac#L505,# Make sure nothing new is exported so that we don't break the cache.,[],Autotool,0,505,505
19118,devcoin/core,https://github.com/devcoin/core/blob/a5a65936e31a63041434f3fce31270c518d44ebc/src/secp256k1/configure.ac#L528,# Hide test-only options unless they're used.,[],Autotool,0,528,528
19118,devcoin/core,https://github.com/devcoin/core/blob/a5a65936e31a63041434f3fce31270c518d44ebc/src/univalue/configure.ac#L5,"# If you need a modifier for the version number. 
# Normally empty, but can be used to make ""fixup"" releases.",[],Autotool,0,5,6
19118,devcoin/core,https://github.com/devcoin/core/blob/a5a65936e31a63041434f3fce31270c518d44ebc/src/univalue/configure.ac#L9,dnl libtool versioning from libunivalue,[],Autotool,0,9,9
19118,devcoin/core,https://github.com/devcoin/core/blob/a5a65936e31a63041434f3fce31270c518d44ebc/src/univalue/configure.ac#L20,dnl make the compilation flags quiet unless V=1 is used,[],Autotool,0,20,20
19118,devcoin/core,https://github.com/devcoin/core/blob/a5a65936e31a63041434f3fce31270c518d44ebc/src/univalue/configure.ac#L35,"# ABI version
# http://www.gnu.org/software/libtool/manual/html_node/Updating-version-info.html",[],Autotool,0,35,36
19118,devcoin/core,https://github.com/devcoin/core/blob/a5a65936e31a63041434f3fce31270c518d44ebc/src/crc32c/CMakeLists.txt#L1,"# Copyright 2017 The CRC32C Authors. All rights reserved.
# Use of this source code is governed by a BSD-style license that can be
# found in the LICENSE file. See the AUTHORS file for names of contributors.",[],CMake,0,1,3
19118,devcoin/core,https://github.com/devcoin/core/blob/a5a65936e31a63041434f3fce31270c518d44ebc/src/crc32c/CMakeLists.txt#L8,# C standard can be overridden when this is used as a sub-project.,[],CMake,0,8,8
19118,devcoin/core,https://github.com/devcoin/core/blob/a5a65936e31a63041434f3fce31270c518d44ebc/src/crc32c/CMakeLists.txt#L10,"# This project can use C11, but will gracefully decay down to C89.",[],CMake,2,10,10
19118,devcoin/core,https://github.com/devcoin/core/blob/a5a65936e31a63041434f3fce31270c518d44ebc/src/crc32c/CMakeLists.txt#L16,# C++ standard can be overridden when this is used as a sub-project.,[],CMake,0,16,16
19118,devcoin/core,https://github.com/devcoin/core/blob/a5a65936e31a63041434f3fce31270c518d44ebc/src/crc32c/CMakeLists.txt#L18,# This project requires C++11.,[],CMake,2,18,18
19118,devcoin/core,https://github.com/devcoin/core/blob/a5a65936e31a63041434f3fce31270c518d44ebc/src/crc32c/CMakeLists.txt#L24,# https://github.com/izenecloud/cmake/blob/master/SetCompilerWarningAll.cmake,[],CMake,0,24,24
19118,devcoin/core,https://github.com/devcoin/core/blob/a5a65936e31a63041434f3fce31270c518d44ebc/src/crc32c/CMakeLists.txt#L26,# Use the highest warning level for Visual Studio.,[],CMake,2,26,26
19118,devcoin/core,https://github.com/devcoin/core/blob/a5a65936e31a63041434f3fce31270c518d44ebc/src/crc32c/CMakeLists.txt#L34,# Disable C++ exceptions.,[],CMake,2,34,34
19118,devcoin/core,https://github.com/devcoin/core/blob/a5a65936e31a63041434f3fce31270c518d44ebc/src/crc32c/CMakeLists.txt#L39,# Disable RTTI.,[],CMake,2,39,39
19118,devcoin/core,https://github.com/devcoin/core/blob/a5a65936e31a63041434f3fce31270c518d44ebc/src/crc32c/CMakeLists.txt#L43,# Use -Wall for clang and gcc.,[],CMake,2,43,43
19118,devcoin/core,https://github.com/devcoin/core/blob/a5a65936e31a63041434f3fce31270c518d44ebc/src/crc32c/CMakeLists.txt#L48,# Use -Wextra for clang and gcc.,[],CMake,2,48,48
19118,devcoin/core,https://github.com/devcoin/core/blob/a5a65936e31a63041434f3fce31270c518d44ebc/src/crc32c/CMakeLists.txt#L53,# Use -Werror for clang and gcc.,[],CMake,2,53,53
19118,devcoin/core,https://github.com/devcoin/core/blob/a5a65936e31a63041434f3fce31270c518d44ebc/src/crc32c/CMakeLists.txt#L58,# Disable C++ exceptions.,[],CMake,2,58,58
19118,devcoin/core,https://github.com/devcoin/core/blob/a5a65936e31a63041434f3fce31270c518d44ebc/src/crc32c/CMakeLists.txt#L62,# Disable RTTI.,[],CMake,2,62,62
19118,devcoin/core,https://github.com/devcoin/core/blob/a5a65936e31a63041434f3fce31270c518d44ebc/src/crc32c/CMakeLists.txt#L76,# Used by glog.,[],CMake,0,76,76
19118,devcoin/core,https://github.com/devcoin/core/blob/a5a65936e31a63041434f3fce31270c518d44ebc/src/crc32c/CMakeLists.txt#L78,# Used by glog.,[],CMake,0,78,78
19118,devcoin/core,https://github.com/devcoin/core/blob/a5a65936e31a63041434f3fce31270c518d44ebc/src/crc32c/CMakeLists.txt#L80,# Used by glog.,[],CMake,0,80,80
19118,devcoin/core,https://github.com/devcoin/core/blob/a5a65936e31a63041434f3fce31270c518d44ebc/src/crc32c/CMakeLists.txt#L82,# Used by googletest.,[],CMake,0,82,82
19118,devcoin/core,https://github.com/devcoin/core/blob/a5a65936e31a63041434f3fce31270c518d44ebc/src/crc32c/CMakeLists.txt#L86,# Check for __builtin_prefetch support in the compiler.,[],CMake,0,86,86
19118,devcoin/core,https://github.com/devcoin/core/blob/a5a65936e31a63041434f3fce31270c518d44ebc/src/crc32c/CMakeLists.txt#L97,# Check for _mm_prefetch support in the compiler.,[],CMake,0,97,97
19118,devcoin/core,https://github.com/devcoin/core/blob/a5a65936e31a63041434f3fce31270c518d44ebc/src/crc32c/CMakeLists.txt#L114,# Check for SSE4.2 support in the compiler.,[],CMake,0,114,114
19118,devcoin/core,https://github.com/devcoin/core/blob/a5a65936e31a63041434f3fce31270c518d44ebc/src/crc32c/CMakeLists.txt#L139,# Check for ARMv8 w/ CRC and CRYPTO extensions support in the compiler.,[],CMake,0,139,139
19118,devcoin/core,https://github.com/devcoin/core/blob/a5a65936e31a63041434f3fce31270c518d44ebc/src/crc32c/CMakeLists.txt#L159,# Check for strong getauxval() support in the system headers.,[],CMake,0,159,159
19118,devcoin/core,https://github.com/devcoin/core/blob/a5a65936e31a63041434f3fce31270c518d44ebc/src/crc32c/CMakeLists.txt#L171,# Check for weak getauxval() support in the compiler.,[],CMake,0,171,171
19118,devcoin/core,https://github.com/devcoin/core/blob/a5a65936e31a63041434f3fce31270c518d44ebc/src/crc32c/CMakeLists.txt#L183,# glog requires this setting to avoid using dynamic_cast.,[],CMake,2,183,183
19118,devcoin/core,https://github.com/devcoin/core/blob/a5a65936e31a63041434f3fce31270c518d44ebc/src/crc32c/CMakeLists.txt#L186,"# glog's test targets trigger deprecation warnings, and compiling them burns
# CPU cycles on the CI.",[],CMake,2,186,187
19118,devcoin/core,https://github.com/devcoin/core/blob/a5a65936e31a63041434f3fce31270c518d44ebc/src/crc32c/CMakeLists.txt#L193,"# glog triggers deprecation warnings on OSX.
# https://github.com/google/glog/issues/185",[],CMake,2,193,194
19118,devcoin/core,https://github.com/devcoin/core/blob/a5a65936e31a63041434f3fce31270c518d44ebc/src/crc32c/CMakeLists.txt#L199,# glog triggers sign comparison warnings on gcc.,[],CMake,2,199,199
19118,devcoin/core,https://github.com/devcoin/core/blob/a5a65936e31a63041434f3fce31270c518d44ebc/src/crc32c/CMakeLists.txt#L204,# glog triggers unused parameter warnings on clang.,[],CMake,2,204,204
19118,devcoin/core,https://github.com/devcoin/core/blob/a5a65936e31a63041434f3fce31270c518d44ebc/src/crc32c/CMakeLists.txt#L220,"# ARM64 CRC32C code is built separately, so we don't accidentally compile
# unsupported instructions into code that gets run without ARM32 support.",[],CMake,0,220,221
19118,devcoin/core,https://github.com/devcoin/core/blob/a5a65936e31a63041434f3fce31270c518d44ebc/src/crc32c/CMakeLists.txt#L238,# CMake only enables PIC by default in SHARED and MODULE targets.,[],CMake,0,238,238
19118,devcoin/core,https://github.com/devcoin/core/blob/a5a65936e31a63041434f3fce31270c518d44ebc/src/crc32c/CMakeLists.txt#L243,"# SSE4.2 code is built separately, so we don't accidentally compile unsupported
# instructions into code that gets run without SSE4.2 support.",[],CMake,0,243,244
19118,devcoin/core,https://github.com/devcoin/core/blob/a5a65936e31a63041434f3fce31270c518d44ebc/src/crc32c/CMakeLists.txt#L260,# CMake only enables PIC by default in SHARED and MODULE targets.,[],CMake,0,260,260
19118,devcoin/core,https://github.com/devcoin/core/blob/a5a65936e31a63041434f3fce31270c518d44ebc/src/crc32c/CMakeLists.txt#L265,# Must be included before CMAKE_INSTALL_INCLUDEDIR is used.,[],CMake,0,265,265
19118,devcoin/core,https://github.com/devcoin/core/blob/a5a65936e31a63041434f3fce31270c518d44ebc/src/crc32c/CMakeLists.txt#L288,"# Only CMake 3.3+ supports PUBLIC sources in targets exported by ""install"".",[],CMake,2,288,288
19118,devcoin/core,https://github.com/devcoin/core/blob/a5a65936e31a63041434f3fce31270c518d44ebc/src/crc32c/CMakeLists.txt#L307,# Warnings as errors in Visual Studio for this project's targets.,[],CMake,0,307,307
19118,devcoin/core,https://github.com/devcoin/core/blob/a5a65936e31a63041434f3fce31270c518d44ebc/src/crc32c/CMakeLists.txt#L317,# Prevent overriding the parent project's compiler/linker settings on Windows.,[],CMake,2,317,317
19118,devcoin/core,https://github.com/devcoin/core/blob/a5a65936e31a63041434f3fce31270c518d44ebc/src/crc32c/CMakeLists.txt#L322,# This project is tested using GoogleTest.,[],CMake,2,322,322
19118,devcoin/core,https://github.com/devcoin/core/blob/a5a65936e31a63041434f3fce31270c518d44ebc/src/crc32c/CMakeLists.txt#L325,# GoogleTest triggers a missing field initializers warning.,[],CMake,2,325,325
19118,devcoin/core,https://github.com/devcoin/core/blob/a5a65936e31a63041434f3fce31270c518d44ebc/src/crc32c/CMakeLists.txt#L349,# Warnings as errors in Visual Studio for this project's targets.,[],CMake,2,349,349
19118,devcoin/core,https://github.com/devcoin/core/blob/a5a65936e31a63041434f3fce31270c518d44ebc/src/crc32c/CMakeLists.txt#L367,# Warnings as errors in Visual Studio for this project's targets.,[],CMake,2,367,367
19118,devcoin/core,https://github.com/devcoin/core/blob/a5a65936e31a63041434f3fce31270c518d44ebc/src/crc32c/CMakeLists.txt#L384,# This project uses Google benchmark for benchmarking.,[],CMake,2,384,384
19118,devcoin/core,https://github.com/devcoin/core/blob/a5a65936e31a63041434f3fce31270c518d44ebc/src/crc32c/CMakeLists.txt#L394,# Warnings as errors in Visual Studio for this project's targets.,[],CMake,2,394,394
19118,devcoin/core,https://github.com/devcoin/core/blob/a5a65936e31a63041434f3fce31270c518d44ebc/src/leveldb/CMakeLists.txt#L1,"# Copyright 2017 The LevelDB Authors. All rights reserved.
# Use of this source code is governed by a BSD-style license that can be
# found in the LICENSE file. See the AUTHORS file for names of contributors.",[],CMake,0,1,3
19118,devcoin/core,https://github.com/devcoin/core/blob/a5a65936e31a63041434f3fce31270c518d44ebc/src/leveldb/CMakeLists.txt#L6,# Keep the version below in sync with the one in db.h,[],CMake,0,6,6
19118,devcoin/core,https://github.com/devcoin/core/blob/a5a65936e31a63041434f3fce31270c518d44ebc/src/leveldb/CMakeLists.txt#L9,"# This project can use C11, but will gracefully decay down to C89.",[],CMake,0,9,9
19118,devcoin/core,https://github.com/devcoin/core/blob/a5a65936e31a63041434f3fce31270c518d44ebc/src/leveldb/CMakeLists.txt#L14,# This project requires C++11.,[],CMake,0,14,14
19118,devcoin/core,https://github.com/devcoin/core/blob/a5a65936e31a63041434f3fce31270c518d44ebc/src/leveldb/CMakeLists.txt#L43,"# Using check_cxx_symbol_exists() instead of check_c_symbol_exists() because
# we're including the header from C++, and feature detection should use the same
# compiler language that the project will use later. Principles aside, some
# versions of do not expose fdatasync() in <unistd.h> in standard C mode
# (-std=c11), but do expose the function in standard C++ mode (-std=c++11).",[],CMake,0,43,47
19118,devcoin/core,https://github.com/devcoin/core/blob/a5a65936e31a63041434f3fce31270c518d44ebc/src/leveldb/CMakeLists.txt#L53,# Disable C++ exceptions.,[],CMake,2,53,53
19118,devcoin/core,https://github.com/devcoin/core/blob/a5a65936e31a63041434f3fce31270c518d44ebc/src/leveldb/CMakeLists.txt#L58,# Disable RTTI.,[],CMake,2,58,58
19118,devcoin/core,https://github.com/devcoin/core/blob/a5a65936e31a63041434f3fce31270c518d44ebc/src/leveldb/CMakeLists.txt#L62,# Enable strict prototype warnings for C code in clang and gcc.,[],CMake,2,62,62
19118,devcoin/core,https://github.com/devcoin/core/blob/a5a65936e31a63041434f3fce31270c518d44ebc/src/leveldb/CMakeLists.txt#L67,# Disable C++ exceptions.,[],CMake,2,67,67
19118,devcoin/core,https://github.com/devcoin/core/blob/a5a65936e31a63041434f3fce31270c518d44ebc/src/leveldb/CMakeLists.txt#L71,# Disable RTTI.,[],CMake,2,71,71
19118,devcoin/core,https://github.com/devcoin/core/blob/a5a65936e31a63041434f3fce31270c518d44ebc/src/leveldb/CMakeLists.txt#L76,"# Test whether -Wthread-safety is available. See
# https://clang.llvm.org/docs/ThreadSafetyAnalysis.html",[],CMake,0,76,77
19118,devcoin/core,https://github.com/devcoin/core/blob/a5a65936e31a63041434f3fce31270c518d44ebc/src/leveldb/CMakeLists.txt#L83,# Test whether C++17 __has_include is available.,[],CMake,0,83,83
19118,devcoin/core,https://github.com/devcoin/core/blob/a5a65936e31a63041434f3fce31270c518d44ebc/src/leveldb/CMakeLists.txt#L105,# Only export LEVELDB_EXPORT symbols from the shared library.,[],CMake,2,105,105
19118,devcoin/core,https://github.com/devcoin/core/blob/a5a65936e31a63041434f3fce31270c518d44ebc/src/leveldb/CMakeLists.txt#L109,# Must be included before CMAKE_INSTALL_INCLUDEDIR is used.,[],CMake,0,109,109
19118,devcoin/core,https://github.com/devcoin/core/blob/a5a65936e31a63041434f3fce31270c518d44ebc/src/leveldb/CMakeLists.txt#L186,"# Only CMake 3.3+ supports PUBLIC sources in targets exported by ""install"".",[],CMake,2,186,186
19118,devcoin/core,https://github.com/devcoin/core/blob/a5a65936e31a63041434f3fce31270c518d44ebc/src/leveldb/CMakeLists.txt#L219,# MemEnv is not part of the interface and could be pulled to a separate library.,[],CMake,0,219,219
19118,devcoin/core,https://github.com/devcoin/core/blob/a5a65936e31a63041434f3fce31270c518d44ebc/src/leveldb/CMakeLists.txt#L237,# Used by include/export.h when building shared libraries.,[],CMake,4,237,237
19118,devcoin/core,https://github.com/devcoin/core/blob/a5a65936e31a63041434f3fce31270c518d44ebc/src/leveldb/CMakeLists.txt#L239,# Used by port/port.h.,[],CMake,4,239,239
19118,devcoin/core,https://github.com/devcoin/core/blob/a5a65936e31a63041434f3fce31270c518d44ebc/src/leveldb/CMakeLists.txt#L252,# Used by include/export.h.,[],CMake,6,252,252
19118,devcoin/core,https://github.com/devcoin/core/blob/a5a65936e31a63041434f3fce31270c518d44ebc/src/leveldb/CMakeLists.txt#L273,# Needed by port_stdcxx.h,[],CMake,0,273,273
19118,devcoin/core,https://github.com/devcoin/core/blob/a5a65936e31a63041434f3fce31270c518d44ebc/src/leveldb/CMakeLists.txt#L401,"# check_library_exists is insufficient here because the library names have
# different manglings when compiled with clang or gcc, at least when installed
# with Homebrew on Mac.",[],CMake,2,401,403
