repoIndex,repoName,linkLocation,comment,keywords,buildSysteminFile,charPosition,startLine,endLine
19723,rwengine/openrw,https://github.com/rwengine/openrw/blob/0f83c16f6518c427a4f156497c3edc843610c402/CMakeLists.txt#L7,# Read the configuration arguments,[],CMake,0,7,7
19723,rwengine/openrw,https://github.com/rwengine/openrw/blob/0f83c16f6518c427a4f156497c3edc843610c402/CMakeLists.txt#L12,# Include git hash in source,[],CMake,0,12,12
19723,rwengine/openrw,https://github.com/rwengine/openrw/blob/0f83c16f6518c427a4f156497c3edc843610c402/CMakeLists.txt#L39,# Do not link to SDL2main library,[],CMake,4,39,39
19723,rwengine/openrw,https://github.com/rwengine/openrw/blob/0f83c16f6518c427a4f156497c3edc843610c402/CMakeLists.txt#L62,# Create a rw_interface TARGET that holds all compiler options,[],CMake,0,62,62
19723,rwengine/openrw,https://github.com/rwengine/openrw/blob/0f83c16f6518c427a4f156497c3edc843610c402/CMakeLists.txt#L82,# Copy the license to the install directory,[],CMake,0,82,82
19723,rwengine/openrw,https://github.com/rwengine/openrw/blob/0f83c16f6518c427a4f156497c3edc843610c402/CMakeLists.txt#L87,# Copy the license to the build directory (for CI),[],CMake,0,87,87
19723,rwengine/openrw,https://github.com/rwengine/openrw/blob/0f83c16f6518c427a4f156497c3edc843610c402/rwcore/CMakeLists.txt#L2,"# GL stuff is only here temporarily, hoping to move it back to rwengine",[],CMake,4,2,2
19723,rwengine/openrw,https://github.com/rwengine/openrw/blob/0f83c16f6518c427a4f156497c3edc843610c402/CMakeCPack.cmake#L15,"# set(CPACK_PROJECT_CONFIG_FILE ""${CMAKE_CURRENT_SOURCE_DIR}/CMakeCPackOptions.cmake"")",[],CMake,0,15,15
19723,rwengine/openrw,https://github.com/rwengine/openrw/blob/0f83c16f6518c427a4f156497c3edc843610c402/cmake_configure.cmake#L61,# Required minimum version of Windows = Vista,[],CMake,4,61,61
19723,rwengine/openrw,https://github.com/rwengine/openrw/blob/0f83c16f6518c427a4f156497c3edc843610c402/cmake/modules/CodeCoverage.cmake#L1,# DOES NOT SUPPORT RUNNING IN PARALLEL: https://github.com/linux-test-project/lcov/issues/37,[],CMake,0,1,1
19723,rwengine/openrw,https://github.com/rwengine/openrw/blob/0f83c16f6518c427a4f156497c3edc843610c402/cmake/modules/CodeCoverage.cmake#L48,# Remove global optimization flags,[],CMake,4,48,48
19723,rwengine/openrw,https://github.com/rwengine/openrw/blob/0f83c16f6518c427a4f156497c3edc843610c402/cmake/modules/CodeCoverage.cmake#L108,#ignore generator expressions,[],CMake,12,108,108
19723,rwengine/openrw,https://github.com/rwengine/openrw/blob/0f83c16f6518c427a4f156497c3edc843610c402/cmake/modules/CodeCoverage.cmake#L222,# generate empty coverage files,[],CMake,8,222,222
19723,rwengine/openrw,https://github.com/rwengine/openrw/blob/0f83c16f6518c427a4f156497c3edc843610c402/cmake/modules/CodeCoverage.cmake#L298,# Concatenate all files generated by geninfo to a single file per target.,[],CMake,4,298,298
19723,rwengine/openrw,https://github.com/rwengine/openrw/blob/0f83c16f6518c427a4f156497c3edc843610c402/cmake/modules/CodeCoverage.cmake#L316,# Add target for generating html output for this target only.,[],CMake,4,316,316
19723,rwengine/openrw,https://github.com/rwengine/openrw/blob/0f83c16f6518c427a4f156497c3edc843610c402/cmake/modules/CodeCoverage.cmake#L406,# Generate merged file.,[],CMake,4,406,406
19723,rwengine/openrw,https://github.com/rwengine/openrw/blob/0f83c16f6518c427a4f156497c3edc843610c402/cmake/modules/FindClangTidy.cmake#L57,#options,[],CMake,24,57,57
19723,rwengine/openrw,https://github.com/rwengine/openrw/blob/0f83c16f6518c427a4f156497c3edc843610c402/cmake/modules/FindClangTidy.cmake#L58,#one_value_keywords,[],CMake,38,58,58
19723,rwengine/openrw,https://github.com/rwengine/openrw/blob/0f83c16f6518c427a4f156497c3edc843610c402/cmake/modules/FindClangTidy.cmake#L59,#multi_value_keywords,[],CMake,15,59,59
19723,rwengine/openrw,https://github.com/rwengine/openrw/blob/0f83c16f6518c427a4f156497c3edc843610c402/cmake/modules/FindFFmpeg.cmake#L1,"# - Try to find ffmpeg libraries (libavcodec, libavformat and libavutil)
# Once done this will define
#
# FFMPEG_FOUND - system has ffmpeg or libav
# FFMPEG_INCLUDE_DIR - the ffmpeg include directory
# FFMPEG_LIBRARIES - Link these to use ffmpeg
# FFMPEG_LIBAVCODEC
# FFMPEG_LIBAVFORMAT
# FFMPEG_LIBAVUTIL
# FFMPEG_SWRESAMPLE
#
# Copyright (c) 2008 Andreas Schneider <mail@cynapses.org>
# Modified for other libraries by Lasse Kärkkäinen <tronic>
# Modified for Hedgewars by Stepik777
#
# Redistribution and use is allowed according to the terms of the New
# BSD license.
#",[],CMake,0,1,18
19723,rwengine/openrw,https://github.com/rwengine/openrw/blob/0f83c16f6518c427a4f156497c3edc843610c402/cmake/modules/FindFFmpeg.cmake#L20,"# use pkg-config to get the directories and then use these values
# in the FIND_PATH() and FIND_LIBRARY() calls",[],CMake,0,20,21
19723,rwengine/openrw,https://github.com/rwengine/openrw/blob/0f83c16f6518c427a4f156497c3edc843610c402/cmake/modules/FindGLM.cmake#L1,"# FindGLM - attempts to locate the glm matrix/vector library.
#
# This module defines the following variables (on success):
#   GLM_INCLUDE_DIRS  - where to find glm/glm.hpp
#   GLM_FOUND         - if the library was successfully located
#
# It is trying a few standard installation locations, but can be customized
# with the following variables:
#   GLM_ROOT_DIR      - root directory of a glm installation
#                       Headers are expected to be found in either:
#                       <GLM_ROOT_DIR>/glm/glm.hpp           OR
#                       <GLM_ROOT_DIR>/include/glm/glm.hpp
#                       This variable can either be a cmake or environment
#                       variable. Note however that changing the value
#                       of the environment varible will NOT result in
#                       re-running the header search and therefore NOT
#                       adjust the variables set by this module.",[],CMake,0,1,17
19723,rwengine/openrw,https://github.com/rwengine/openrw/blob/0f83c16f6518c427a4f156497c3edc843610c402/cmake/modules/FindGLM.cmake#L19,"#=============================================================================
# Copyright 2012 Carsten Neumann
#
# Distributed under the OSI-approved BSD License (the ""License"");
# see accompanying file Copyright.txt for details.
#
# This software is distributed WITHOUT ANY WARRANTY; without even the
# implied warranty of MERCHANTABILITY or FITNESS FOR A PARTICULAR PURPOSE.
# See the License for more information.
#=============================================================================
# (To distribute this file outside of CMake, substitute the full
#  License text for the above reference.)",[],CMake,0,19,30
19723,rwengine/openrw,https://github.com/rwengine/openrw/blob/0f83c16f6518c427a4f156497c3edc843610c402/cmake/modules/FindGLM.cmake#L32,# default search dirs,[],CMake,0,32,32
19723,rwengine/openrw,https://github.com/rwengine/openrw/blob/0f83c16f6518c427a4f156497c3edc843610c402/cmake/modules/FindGLM.cmake#L37,# check environment variable,[],CMake,0,37,37
19723,rwengine/openrw,https://github.com/rwengine/openrw/blob/0f83c16f6518c427a4f156497c3edc843610c402/cmake/modules/FindGLM.cmake#L44,# put user specified location at beginning of search,[],CMake,0,44,44
19723,rwengine/openrw,https://github.com/rwengine/openrw/blob/0f83c16f6518c427a4f156497c3edc843610c402/cmake/modules/FindGLM.cmake#L51,# locate header,[],CMake,0,51,51
19723,rwengine/openrw,https://github.com/rwengine/openrw/blob/0f83c16f6518c427a4f156497c3edc843610c402/cmake/modules/FindSDL2.cmake#L1,"# Locate SDL2 library
# This module defines:
# - SDL2_LIBRARY, the name of the library to link against
# - SDL2_FOUND, if false, do not try to link to SDL2
# - SDL2_INCLUDE_DIR, where to find SDL.h
# and creates:
# - SDL2::SDL2 imported target
#
# This module responds to the the flag:
# SDL2_BUILDING_LIBRARY
# If this is defined, then no SDL2_main will be linked in because
# only applications need main().
# Otherwise, it is assumed you are building an application and this
# module will attempt to locate and set the the proper link flags
# as part of the returned SDL2_LIBRARY variable.
#
# SDL2_STATIC
# If this is defined, this module will search for static libraries.
# On Windows, it is uncertain whether a .lib belongs to a dynamic or static SDL2 build.
#
# Don't forget to include SDL2main.h and SDL2main.m your project for the
# OS X framework based version. (Other versions link to -lSDL2main which
# this module will try to find on your behalf.) Also for OS X, this
# module will automatically add the -framework Cocoa on your behalf.
#
# $SDL2DIR is an environment variable that would
# correspond to the ./configure --prefix=$SDL2DIR
# used in building SDL2.
# l.e.galup  9-20-02
#
# Modified by Eric Wing.
# Added code to assist with automated building by using environmental variables
# and providing a more controlled/consistent search behavior.
# Added new modifications to recognize OS X frameworks and
# additional Unix paths (FreeBSD, etc).
# Also corrected the header search path to follow ""proper"" SDL2 guidelines.
# Added a search for SDL2main which is needed by some platforms.
# Added a search for threads which is needed by some platforms.
# Added needed compile switches for MinGW.
#
# On OSX, this will prefer the Framework version (if found) over others.
# People will have to manually change the cache values of
# SDL2_LIBRARY to override this selection or set the CMake environment
# CMAKE_INCLUDE_PATH to modify the search paths.
#
# Note that the header path has changed from SDL2/SDL.h to just SDL.h
# This needed to change because ""proper"" SDL2 convention
# is #include ""SDL.h"", not <SDL2/SDL.h>. This is done for portability
# reasons because not all systems place things in SDL2/ (see FreeBSD).
#
# Ported by Johnny Patterson. This is a literal port for SDL2 of the FindSDL.cmake
# module with the minor edit of changing ""SDL"" to ""SDL2"" where necessary. This
# was not created for redistribution, and exists temporarily pending official
# SDL2 CMake modules.",[],CMake,0,1,54
19723,rwengine/openrw,https://github.com/rwengine/openrw/blob/0f83c16f6518c427a4f156497c3edc843610c402/cmake/modules/FindSDL2.cmake#L56,"#=============================================================================
# Copyright 2003-2009 Kitware, Inc.
#
# Distributed under the OSI-approved BSD License (the ""License"");
# see accompanying file Copyright.txt for details.
#
# This software is distributed WITHOUT ANY WARRANTY; without even the
# implied warranty of MERCHANTABILITY or FITNESS FOR A PARTICULAR PURPOSE.
# See the License for more information.
#=============================================================================
# (To distribute this file outside of CMake, substitute the full
#  License text for the above reference.)",[],CMake,0,56,67
19723,rwengine/openrw,https://github.com/rwengine/openrw/blob/0f83c16f6518c427a4f156497c3edc843610c402/cmake/modules/FindSDL2.cmake#L77,# Fink,[],CMake,12,77,77
19723,rwengine/openrw,https://github.com/rwengine/openrw/blob/0f83c16f6518c427a4f156497c3edc843610c402/cmake/modules/FindSDL2.cmake#L78,# DarwinPorts,[],CMake,19,78,78
19723,rwengine/openrw,https://github.com/rwengine/openrw/blob/0f83c16f6518c427a4f156497c3edc843610c402/cmake/modules/FindSDL2.cmake#L79,# Blastwave,[],CMake,17,79,79
19723,rwengine/openrw,https://github.com/rwengine/openrw/blob/0f83c16f6518c427a4f156497c3edc843610c402/cmake/modules/FindSDL2.cmake#L126,# Fink,[],CMake,12,126,126
19723,rwengine/openrw,https://github.com/rwengine/openrw/blob/0f83c16f6518c427a4f156497c3edc843610c402/cmake/modules/FindSDL2.cmake#L127,# DarwinPorts,[],CMake,19,127,127
19723,rwengine/openrw,https://github.com/rwengine/openrw/blob/0f83c16f6518c427a4f156497c3edc843610c402/cmake/modules/FindSDL2.cmake#L128,# Blastwave,[],CMake,17,128,128
19723,rwengine/openrw,https://github.com/rwengine/openrw/blob/0f83c16f6518c427a4f156497c3edc843610c402/cmake/modules/FindSDL2.cmake#L152,# For SDLmain,[],CMake,0,152,152
19723,rwengine/openrw,https://github.com/rwengine/openrw/blob/0f83c16f6518c427a4f156497c3edc843610c402/cmake/modules/FindSDL2.cmake#L161,"# For OS X, SDL2 uses Cocoa as a backend so it must link to Cocoa.
# CMake doesn't display the -framework Cocoa string in the UI even
# though it actually is there if I modify a pre-used variable.
# I think it has something to do with the CACHE STRING.
# So I use a temporary variable until the end so I can set the
# ""real"" variable in one-shot.",[],CMake,0,161,166
19723,rwengine/openrw,https://github.com/rwengine/openrw/blob/0f83c16f6518c427a4f156497c3edc843610c402/cmake/modules/FindSDL2.cmake#L171,"# SDL2 may require threads on your system.
# The Apple build may not need an explicit flag because one of the
# frameworks may already provide it.
# But for non-OSX systems, I will use the CMake Threads package.
# In fact, there seems to be a problem if I used the Threads package
# and try using this line, so I'm just skipping it entirely for OS X.",[],CMake,0,171,176
19723,rwengine/openrw,https://github.com/rwengine/openrw/blob/0f83c16f6518c427a4f156497c3edc843610c402/cmake/modules/FindSDL2.cmake#L182,"# MinGW needs an additional library, mwindows
# It's total link flags should look like -lmingw32 -lSDL2main -lSDL2 -lmwindows
# (Actually on second look, I think it only needs one of the m* libraries.)",[],CMake,0,182,184
19723,rwengine/openrw,https://github.com/rwengine/openrw/blob/0f83c16f6518c427a4f156497c3edc843610c402/cmake/modules/GetGitRevisionDescription.cmake#L1,"# - Returns a version string from Git
#
# These functions force a re-configure on each git commit so that you can
# trust the values of the variables in your build system.
#
#  get_git_head_revision(<refspecvar> <hashvar> [<additional arguments to git describe> ...])
#
# Returns the refspec and sha hash of the current head revision
#
#  git_describe(<var> [<additional arguments to git describe> ...])
#
# Returns the results of git describe on the source tree, and adjusting
# the output so that it tests false if an error occurs.
#
#  git_get_exact_tag(<var> [<additional arguments to git describe> ...])
#
# Returns the results of git describe --exact-match on the source tree,
# and adjusting the output so that it tests false if there was no exact
# matching tag.
#
# Requires CMake 2.6 or newer (uses the 'function' command)
#
# Original Author:
# 2009-2010 Ryan Pavlik <rpavlik@iastate.edu> <abiryan@ryand.net>
# http://academic.cleardefinition.com
# Iowa State University HCI Graduate Program/VRAC
#
# Copyright Iowa State University 2009-2010.
# Distributed under the Boost Software License, Version 1.0.
# (See accompanying file LICENSE_1_0.txt or copy at
# http://www.boost.org/LICENSE_1_0.txt)",[],CMake,0,1,31
19723,rwengine/openrw,https://github.com/rwengine/openrw/blob/0f83c16f6518c427a4f156497c3edc843610c402/cmake/modules/GetGitRevisionDescription.cmake#L38,"# We must run the following at ""include"" time, not at function call time,
# to find the path to this module rather than the path to a calling list file",[],CMake,0,38,39
19723,rwengine/openrw,https://github.com/rwengine/openrw/blob/0f83c16f6518c427a4f156497c3edc843610c402/cmake/modules/GetGitRevisionDescription.cmake#L45,"# .git dir not found, search parent directories",[],CMake,32,45,45
19723,rwengine/openrw,https://github.com/rwengine/openrw/blob/0f83c16f6518c427a4f156497c3edc843610c402/cmake/modules/GetGitRevisionDescription.cmake#L49,"# We have reached the root directory, we are not in git",[],CMake,3,49,49
19723,rwengine/openrw,https://github.com/rwengine/openrw/blob/0f83c16f6518c427a4f156497c3edc843610c402/cmake/modules/GetGitRevisionDescription.cmake#L56,# check if this is a submodule,[],CMake,1,56,56
19723,rwengine/openrw,https://github.com/rwengine/openrw/blob/0f83c16f6518c427a4f156497c3edc843610c402/cmake/modules/GetGitRevisionDescription.cmake#L105,"#message(STATUS ""Arguments to execute_process: ${ARGN}"")",[],CMake,1,105,105
