repoIndex,repoName,linkLocation,comment,keywords,buildSysteminFile,charPosition,startLine,endLine
2040,flightaware/pgtcl,https://github.com/flightaware/pgtcl/blob/1962df4d2dda3a1b4d279c4801edb8ddeba816dd/Makefile.in#L1,"# Makefile.in --
#
#	This file is a Makefile for Sample TEA Extension.  If it has the name
#	""Makefile.in"" then it is a template for a Makefile;  to generate the
#	actual Makefile, run ""./configure"", which is a configuration script
#	generated by the ""autoconf"" program (constructs like ""@foo@"" will get
#	replaced in the actual Makefile.
#
# Copyright (c) 1999 Scriptics Corporation.
# Copyright (c) 2002-2003 ActiveState Corporation.
#
# See the file ""license.terms"" for information on usage and redistribution
# of this file, and for a DISCLAIMER OF ALL WARRANTIES.
#
# RCS: @(#) $Id$",[],Autotool,0,1,15
2040,flightaware/pgtcl,https://github.com/flightaware/pgtcl/blob/1962df4d2dda3a1b4d279c4801edb8ddeba816dd/Makefile.in#L17,"#========================================================================
# Add additional lines to handle any additional AC_SUBST cases that
# have been added in a customized configure script.
#========================================================================",[],Autotool,0,17,20
2040,flightaware/pgtcl,https://github.com/flightaware/pgtcl/blob/1962df4d2dda3a1b4d279c4801edb8ddeba816dd/Makefile.in#L23,"#========================================================================
# Nothing of the variables below this line should need to be changed.
# Please check the TARGETS section below to make sure the make targets
# are correct.
#========================================================================",[],Autotool,0,23,27
2040,flightaware/pgtcl,https://github.com/flightaware/pgtcl/blob/1962df4d2dda3a1b4d279c4801edb8ddeba816dd/Makefile.in#L29,"#========================================================================
# The names of the source files is defined in the configure script.
# The object files are used for linking into the final library.
# This will be used when a dist target is added to the Makefile.
# It is not important to specify the directory, as long as it is the
# $(srcdir) or in the generic, win or unix subdirectory.
#========================================================================",[],Autotool,0,29,35
2040,flightaware/pgtcl,https://github.com/flightaware/pgtcl/blob/1962df4d2dda3a1b4d279c4801edb8ddeba816dd/Makefile.in#L43,"#========================================================================
# PKG_TCL_SOURCES identifies Tcl runtime files that are associated with
# this package that need to be installed, if any.
#========================================================================",[],Autotool,0,43,46
2040,flightaware/pgtcl,https://github.com/flightaware/pgtcl/blob/1962df4d2dda3a1b4d279c4801edb8ddeba816dd/Makefile.in#L50,"#========================================================================
# This is a list of public header files to be installed, if any.
#========================================================================",[],Autotool,0,50,52
2040,flightaware/pgtcl,https://github.com/flightaware/pgtcl/blob/1962df4d2dda3a1b4d279c4801edb8ddeba816dd/Makefile.in#L56,"#========================================================================
# ""PKG_LIB_FILE"" refers to the library (dynamic or static as per
# configuration options) composed of the named objects.
#========================================================================",[],Autotool,0,56,59
2040,flightaware/pgtcl,https://github.com/flightaware/pgtcl/blob/1962df4d2dda3a1b4d279c4801edb8ddeba816dd/Makefile.in#L113,#TCL_DEFS	= @TCL_DEFS@,[],Autotool,0,113,113
2040,flightaware/pgtcl,https://github.com/flightaware/pgtcl/blob/1962df4d2dda3a1b4d279c4801edb8ddeba816dd/Makefile.in#L117,"# Not used, but retained for reference of what libs Tcl required
#TCL_LIBS	= @TCL_LIBS@",[],Autotool,0,117,118
2040,flightaware/pgtcl,https://github.com/flightaware/pgtcl/blob/1962df4d2dda3a1b4d279c4801edb8ddeba816dd/Makefile.in#L120,"# For Sierra and beyond you need to patch the install path into the binary. See ""patch_name"" target, below",[],Autotool,0,120,120
2040,flightaware/pgtcl,https://github.com/flightaware/pgtcl/blob/1962df4d2dda3a1b4d279c4801edb8ddeba816dd/Makefile.in#L124,#,[],Autotool,0,124,124
2040,flightaware/pgtcl,https://github.com/flightaware/pgtcl/blob/1962df4d2dda3a1b4d279c4801edb8ddeba816dd/Makefile.in#L127,"#========================================================================
# TCLLIBPATH seeds the auto_path in Tcl's init.tcl so we can test our
# package without installing.  The other environment variables allow us
# to test against an uninstalled Tcl.  Add special env vars that you
# require for testing here (like TCLX_LIBRARY).
#========================================================================",[],Autotool,0,127,132
2040,flightaware/pgtcl,https://github.com/flightaware/pgtcl/blob/1962df4d2dda3a1b4d279c4801edb8ddeba816dd/Makefile.in#L150,"# TCL_DEFS is not strictly need here, but if you remove it, then you
# must make sure that configure.in checks for the necessary components
# that your library may use.  TCL_DEFS can actually be a problem if
# you do not compile with a similar machine setup as the Tcl core was
# compiled with.
#DEFS		= $(TCL_DEFS) @DEFS@ $(PKG_CFLAGS)",[],Autotool,0,150,155
2040,flightaware/pgtcl,https://github.com/flightaware/pgtcl/blob/1962df4d2dda3a1b4d279c4801edb8ddeba816dd/Makefile.in#L158,# Move pkgIndex.tl to 'BINARIES' var if it is generated in the Makefile,[],Autotool,0,158,158
2040,flightaware/pgtcl,https://github.com/flightaware/pgtcl/blob/1962df4d2dda3a1b4d279c4801edb8ddeba816dd/Makefile.in#L168,"#========================================================================
# Start of user-definable TARGETS section
#========================================================================",[],Autotool,0,168,170
2040,flightaware/pgtcl,https://github.com/flightaware/pgtcl/blob/1962df4d2dda3a1b4d279c4801edb8ddeba816dd/Makefile.in#L172,"#========================================================================
# TEA TARGETS.  Please note that the ""libraries:"" target refers to platform
# independent files, and the ""binaries:"" target inclues executable programs and
# platform-dependent libraries.  Modify these targets so that they install
# the various pieces of your package.  The make and install rules
# for the BINARIES that you specified above have already been done.
#========================================================================",[],Autotool,0,172,178
2040,flightaware/pgtcl,https://github.com/flightaware/pgtcl/blob/1962df4d2dda3a1b4d279c4801edb8ddeba816dd/Makefile.in#L182,"#========================================================================
# The binaries target builds executable programs, Windows .dll's, unix
# shared/static libraries, and any other platform-dependent files.
# The list of targets to build for ""binaries:"" is specified at the top
# of the Makefile, in the ""BINARIES"" variable.
#========================================================================",[],Autotool,0,182,187
2040,flightaware/pgtcl,https://github.com/flightaware/pgtcl/blob/1962df4d2dda3a1b4d279c4801edb8ddeba816dd/Makefile.in#L191,"# If defined, this target will trigger after the library is made",[],Autotool,0,191,191
2040,flightaware/pgtcl,https://github.com/flightaware/pgtcl/blob/1962df4d2dda3a1b4d279c4801edb8ddeba816dd/Makefile.in#L194,#,[],Autotool,0,194,194
2040,flightaware/pgtcl,https://github.com/flightaware/pgtcl/blob/1962df4d2dda3a1b4d279c4801edb8ddeba816dd/Makefile.in#L198,"#========================================================================
# Your doc target should differentiate from doc builds (by the developer)
# and doc installs (see install-doc), which just install the docs on the
# end user machine when building from source.
#========================================================================",[],Autotool,0,198,202
2040,flightaware/pgtcl,https://github.com/flightaware/pgtcl/blob/1962df4d2dda3a1b4d279c4801edb8ddeba816dd/Makefile.in#L212,"#========================================================================
# This rule installs platform-independent files, such as header files.
# The list=...; for p in $$list handles the empty list case x-platform.
#========================================================================",[],Autotool,0,212,215
2040,flightaware/pgtcl,https://github.com/flightaware/pgtcl/blob/1962df4d2dda3a1b4d279c4801edb8ddeba816dd/Makefile.in#L225,"#========================================================================
# Install documentation.  Unix manpages should go in the $(mandir)
# directory.
#========================================================================",[],Autotool,0,225,228
2040,flightaware/pgtcl,https://github.com/flightaware/pgtcl/blob/1962df4d2dda3a1b4d279c4801edb8ddeba816dd/Makefile.in#L250,"#========================================================================
# $(PKG_LIB_FILE) should be listed as part of the BINARIES variable
# mentioned above.  That will ensure that this target is built when you
# run ""make binaries"".
#
# The $(PKG_OBJECTS) objects are created and linked into the final
# library.  In most cases these object files will correspond to the
# source files above.
#========================================================================",[],Autotool,0,250,258
2040,flightaware/pgtcl,https://github.com/flightaware/pgtcl/blob/1962df4d2dda3a1b4d279c4801edb8ddeba816dd/Makefile.in#L276,"#========================================================================
# We need to enumerate the list of .c to .o lines here.
#
# In the following lines, $(srcdir) refers to the toplevel directory
# containing your extension.  If your sources are in a subdirectory,
# you will have to modify the paths to reflect this:
#
# sample.$(OBJEXT): $(srcdir)/generic/sample.c
# 	$(COMPILE) -c `@CYGPATH@ $(srcdir)/generic/sample.c` -o $@
#
# Setting the VPATH variable to a list of paths will cause the makefile
# to look into these paths when resolving .c to .obj dependencies.
# As necessary, add $(srcdir):$(srcdir)/compat:....
#========================================================================",[],Autotool,0,276,289
2040,flightaware/pgtcl,https://github.com/flightaware/pgtcl/blob/1962df4d2dda3a1b4d279c4801edb8ddeba816dd/Makefile.in#L296,"#========================================================================
# Distribution creation
# You may need to tweak this target to make it work correctly.
#========================================================================",[],Autotool,0,296,299
2040,flightaware/pgtcl,https://github.com/flightaware/pgtcl/blob/1962df4d2dda3a1b4d279c4801edb8ddeba816dd/Makefile.in#L301,#COMPRESS	= tar cvf $(PKG_DIR).tar $(PKG_DIR); compress $(PKG_DIR).tar,[],Autotool,0,301,301
2040,flightaware/pgtcl,https://github.com/flightaware/pgtcl/blob/1962df4d2dda3a1b4d279c4801edb8ddeba816dd/Makefile.in#L339,"#========================================================================
# End of user-definable section
#========================================================================",[],Autotool,0,339,341
2040,flightaware/pgtcl,https://github.com/flightaware/pgtcl/blob/1962df4d2dda3a1b4d279c4801edb8ddeba816dd/Makefile.in#L343,"#========================================================================
# Don't modify the file to clean here.  Instead, set the ""CLEANFILES""
# variable in configure.in
#========================================================================",[],Autotool,0,343,346
2040,flightaware/pgtcl,https://github.com/flightaware/pgtcl/blob/1962df4d2dda3a1b4d279c4801edb8ddeba816dd/Makefile.in#L358,"#========================================================================
# Install binary object libraries.  On Windows this includes both .dll and
# .lib files.  Because the .lib files are not explicitly listed anywhere,
# we need to deduce their existence from the .dll file of the same name.
# Library files go into the lib directory.
# In addition, this will generate the pkgIndex.tcl
# file in the install location (assuming it can find a usable tclsh shell)
#
# You should not have to modify this target.
#========================================================================",[],Autotool,0,358,367
2040,flightaware/pgtcl,https://github.com/flightaware/pgtcl/blob/1962df4d2dda3a1b4d279c4801edb8ddeba816dd/Makefile.in#L406,"#========================================================================
# Install binary executables (e.g. .exe files and dependent .dll files)
# This is for files that must go in the bin directory (located next to
# wish and tclsh), like dependent .dll files on Windows.
#
# You should not have to modify this target, except to define bin_BINARIES
# above if necessary.
#========================================================================",[],Autotool,0,406,413
2040,flightaware/pgtcl,https://github.com/flightaware/pgtcl/blob/1962df4d2dda3a1b4d279c4801edb8ddeba816dd/Makefile.in#L444,"# Tell versions [3.59,3.63) of GNU make to not export all variables.
# Otherwise a system limit (for SysV at least) may be exceeded.",[],Autotool,0,444,445
2040,flightaware/pgtcl,https://github.com/flightaware/pgtcl/blob/1962df4d2dda3a1b4d279c4801edb8ddeba816dd/configure.in#L1,#!/bin/bash -norc,[],Autotool,0,1,1
2040,flightaware/pgtcl,https://github.com/flightaware/pgtcl/blob/1962df4d2dda3a1b4d279c4801edb8ddeba816dd/configure.in#L2,"dnl	This file is an input file used by the GNU ""autoconf"" program to
dnl	generate the file ""configure"", which is run during Tcl installation
dnl	to configure the system for the local environment.",[],Autotool,0,2,4
2040,flightaware/pgtcl,https://github.com/flightaware/pgtcl/blob/1962df4d2dda3a1b4d279c4801edb8ddeba816dd/configure.in#L5,"#
# RCS: @(#) $Id$",[],Autotool,0,5,6
2040,flightaware/pgtcl,https://github.com/flightaware/pgtcl/blob/1962df4d2dda3a1b4d279c4801edb8ddeba816dd/configure.in#L8,"#-----------------------------------------------------------------------
# Sample configure.in for Tcl Extensions.  The only places you should
# need to modify this file are marked by the string __CHANGE__
#-----------------------------------------------------------------------",[],Autotool,0,8,11
2040,flightaware/pgtcl,https://github.com/flightaware/pgtcl/blob/1962df4d2dda3a1b4d279c4801edb8ddeba816dd/configure.in#L13,"#-----------------------------------------------------------------------
# __CHANGE__
# Set your package name and version numbers here.
#
# This initializes the environment with PACKAGE_NAME and PACKAGE_VERSION
# set as provided.  These will also be added as -D defs in your Makefile
# so you can encode the package version directly into the source files.
#-----------------------------------------------------------------------",[],Autotool,0,13,20
2040,flightaware/pgtcl,https://github.com/flightaware/pgtcl/blob/1962df4d2dda3a1b4d279c4801edb8ddeba816dd/configure.in#L24,"#-----
# Version with patch stripped
#-----",[],Autotool,0,24,26
2040,flightaware/pgtcl,https://github.com/flightaware/pgtcl/blob/1962df4d2dda3a1b4d279c4801edb8ddeba816dd/configure.in#L30,"#--------------------------------------------------------------------
# Call TEA_INIT as the first TEA_ macro to set up initial vars.
# This will define a ${TEA_PLATFORM} variable == ""unix"" or ""windows""
# as well as PKG_LIB_FILE and PKG_STUB_LIB_FILE.
#--------------------------------------------------------------------",[],Autotool,0,30,34
2040,flightaware/pgtcl,https://github.com/flightaware/pgtcl/blob/1962df4d2dda3a1b4d279c4801edb8ddeba816dd/configure.in#L40,"#--------------------------------------------------------------------
# Load the tclConfig.sh file
#--------------------------------------------------------------------",[],Autotool,0,40,42
2040,flightaware/pgtcl,https://github.com/flightaware/pgtcl/blob/1962df4d2dda3a1b4d279c4801edb8ddeba816dd/configure.in#L47,"#--------------------------------------------------------------------
# Load the tkConfig.sh file if necessary (Tk extension)
#--------------------------------------------------------------------",[],Autotool,0,47,49
2040,flightaware/pgtcl,https://github.com/flightaware/pgtcl/blob/1962df4d2dda3a1b4d279c4801edb8ddeba816dd/configure.in#L51,"#TEA_PATH_TKCONFIG
#TEA_LOAD_TKCONFIG",[],Autotool,0,51,52
2040,flightaware/pgtcl,https://github.com/flightaware/pgtcl/blob/1962df4d2dda3a1b4d279c4801edb8ddeba816dd/configure.in#L54,"#-----------------------------------------------------------------------
# Handle the --prefix=... option by defaulting to what Tcl gave.
# Must be called after TEA_LOAD_TCLCONFIG and before TEA_SETUP_COMPILER.
#-----------------------------------------------------------------------",[],Autotool,0,54,57
2040,flightaware/pgtcl,https://github.com/flightaware/pgtcl/blob/1962df4d2dda3a1b4d279c4801edb8ddeba816dd/configure.in#L61,"#-----------------------------------------------------------------------
# Standard compiler checks.
# This sets up CC by using the CC env var, or looks for gcc otherwise.
# This also calls AC_PROG_CC, AC_PROG_INSTALL and a few others to create
# the basic setup necessary to compile executables.
#-----------------------------------------------------------------------",[],Autotool,0,61,66
2040,flightaware/pgtcl,https://github.com/flightaware/pgtcl/blob/1962df4d2dda3a1b4d279c4801edb8ddeba816dd/configure.in#L70,"#--------------------------------------------------------------------
# Get the paths to the Postgres includes and libraries.
#--------------------------------------------------------------------",[],Autotool,0,70,72
2040,flightaware/pgtcl,https://github.com/flightaware/pgtcl/blob/1962df4d2dda3a1b4d279c4801edb8ddeba816dd/configure.in#L117,"#--------------------------------------------------------------------
# Determine if certain PostgreSQL functions are defined 
# (Postgres 7.4 and above)
#--------------------------------------------------------------------",[],Autotool,0,117,120
2040,flightaware/pgtcl,https://github.com/flightaware/pgtcl/blob/1962df4d2dda3a1b4d279c4801edb8ddeba816dd/configure.in#L134,"#-----------------------------------------------------------------------
# __CHANGE__
# Specify the C source files to compile in TEA_ADD_SOURCES,
# public headers that need to be installed in TEA_ADD_HEADERS,
# stub library C source files to compile in TEA_ADD_STUB_SOURCES,
# and runtime Tcl library files in TEA_ADD_TCL_SOURCES.
# This defines PKG(_STUB)_SOURCES, PKG(_STUB)_OBJECTS, PKG_HEADERS
# and PKG_TCL_SOURCES.
#-----------------------------------------------------------------------",[],Autotool,0,134,142
2040,flightaware/pgtcl,https://github.com/flightaware/pgtcl/blob/1962df4d2dda3a1b4d279c4801edb8ddeba816dd/configure.in#L152,"#--------------------------------------------------------------------
# SQLITE option
#--------------------------------------------------------------------",[],Autotool,0,152,154
2040,flightaware/pgtcl,https://github.com/flightaware/pgtcl/blob/1962df4d2dda3a1b4d279c4801edb8ddeba816dd/configure.in#L170,"#--------------------------------------------------------------------
# __CHANGE__
# A few miscellaneous platform-specific items:
#
# Define a special symbol for Windows (BUILD_sample in this case) so
# that we create the export library with the dll.
#
# Windows creates a few extra files that need to be cleaned up.
# You can add more files to clean if your extension creates any extra
# files.
#
# TEA_ADD_* any platform specific compiler/build info here.
#--------------------------------------------------------------------",[],Autotool,0,170,182
2040,flightaware/pgtcl,https://github.com/flightaware/pgtcl/blob/1962df4d2dda3a1b4d279c4801edb8ddeba816dd/configure.in#L184,"#CLEANFILES=""pkgIndex.tcl""",[],Autotool,0,184,184
2040,flightaware/pgtcl,https://github.com/flightaware/pgtcl/blob/1962df4d2dda3a1b4d279c4801edb8ddeba816dd/configure.in#L188,"#TEA_ADD_SOURCES([win/winFile.c])
#TEA_ADD_INCLUDES([-I\""$(${CYGPATH} ${srcdir}/win)\""])",[],Autotool,4,188,189
2040,flightaware/pgtcl,https://github.com/flightaware/pgtcl/blob/1962df4d2dda3a1b4d279c4801edb8ddeba816dd/configure.in#L191,# Ensure no empty else clauses,[],Autotool,4,191,191
2040,flightaware/pgtcl,https://github.com/flightaware/pgtcl/blob/1962df4d2dda3a1b4d279c4801edb8ddeba816dd/configure.in#L193,"#TEA_ADD_SOURCES([unix/unixFile.c])
#TEA_ADD_LIBS([-lsuperfly])",[],Autotool,4,193,194
2040,flightaware/pgtcl,https://github.com/flightaware/pgtcl/blob/1962df4d2dda3a1b4d279c4801edb8ddeba816dd/configure.in#L198,"#--------------------------------------------------------------------
# __CHANGE__
# Choose which headers you need.  Extension authors should try very
# hard to only rely on the Tcl public header files.  Internal headers
# contain private data structures and are subject to change without
# notice.
# This MUST be called after TEA_LOAD_TCLCONFIG / TEA_LOAD_TKCONFIG
#--------------------------------------------------------------------",[],Autotool,0,198,205
2040,flightaware/pgtcl,https://github.com/flightaware/pgtcl/blob/1962df4d2dda3a1b4d279c4801edb8ddeba816dd/configure.in#L208,#TEA_PRIVATE_TCL_HEADERS,[],Autotool,0,208,208
2040,flightaware/pgtcl,https://github.com/flightaware/pgtcl/blob/1962df4d2dda3a1b4d279c4801edb8ddeba816dd/configure.in#L210,"#TEA_PUBLIC_TK_HEADERS
#TEA_PRIVATE_TK_HEADERS
#TEA_PATH_X",[],Autotool,0,210,212
2040,flightaware/pgtcl,https://github.com/flightaware/pgtcl/blob/1962df4d2dda3a1b4d279c4801edb8ddeba816dd/configure.in#L214,"#--------------------------------------------------------------------
# Check whether --enable-threads or --disable-threads was given.
# This auto-enables if Tcl was compiled threaded.
#--------------------------------------------------------------------",[],Autotool,0,214,217
2040,flightaware/pgtcl,https://github.com/flightaware/pgtcl/blob/1962df4d2dda3a1b4d279c4801edb8ddeba816dd/configure.in#L221,"#--------------------------------------------------------------------
# The statement below defines a collection of symbols related to
# building as a shared library instead of a static library.
#--------------------------------------------------------------------",[],Autotool,0,221,224
2040,flightaware/pgtcl,https://github.com/flightaware/pgtcl/blob/1962df4d2dda3a1b4d279c4801edb8ddeba816dd/configure.in#L228,"#--------------------------------------------------------------------
# This macro figures out what flags to use with the compiler/linker
# when building shared/static debug/optimized objects.  This information
# can be taken from the tclConfig.sh file, but this figures it all out.
#--------------------------------------------------------------------",[],Autotool,0,228,232
2040,flightaware/pgtcl,https://github.com/flightaware/pgtcl/blob/1962df4d2dda3a1b4d279c4801edb8ddeba816dd/configure.in#L234,"# NOTE - WE HAVE A SPECIFAL VERSION OF TEA_CONFIG_CFLAGS that includes
# paths to the postgres libraries alongside the Tcl libraries.
# see aclocal.m4
# This now gets included by TEA_ENABLE_SYMBOLS below, so don't include
# anything here. Leaving this comment here so the next person to try and
# figure out what happened in 2.0 won't go down the rabbit hole.",[],Autotool,0,234,239
2040,flightaware/pgtcl,https://github.com/flightaware/pgtcl/blob/1962df4d2dda3a1b4d279c4801edb8ddeba816dd/configure.in#L241,"#--------------------------------------------------------------------
# Set the default compiler switches based on the --enable-symbols option.
#--------------------------------------------------------------------",[],Autotool,0,241,243
2040,flightaware/pgtcl,https://github.com/flightaware/pgtcl/blob/1962df4d2dda3a1b4d279c4801edb8ddeba816dd/configure.in#L247,"#--------------------------------------------------------------------
# Everyone should be linking against the Tcl stub library.  If you
# can't for some reason, remove this definition.  If you aren't using
# stubs, you also need to modify the SHLIB_LD_LIBS setting below to
# link against the non-stubbed Tcl library.  Add Tk too if necessary.
#--------------------------------------------------------------------",[],Autotool,0,247,252
2040,flightaware/pgtcl,https://github.com/flightaware/pgtcl/blob/1962df4d2dda3a1b4d279c4801edb8ddeba816dd/configure.in#L255,"#AC_DEFINE(USE_TK_STUBS, 1, [Use Tk stubs])",[],Autotool,0,255,255
2040,flightaware/pgtcl,https://github.com/flightaware/pgtcl/blob/1962df4d2dda3a1b4d279c4801edb8ddeba816dd/configure.in#L257,"#--------------------------------------------------------------------
# This macro generates a line to use when building a library.  It
# depends on values set by the TEA_ENABLE_SHARED, TEA_ENABLE_SYMBOLS,
# and TEA_LOAD_TCLCONFIG macros above.
#--------------------------------------------------------------------",[],Autotool,0,257,261
2040,flightaware/pgtcl,https://github.com/flightaware/pgtcl/blob/1962df4d2dda3a1b4d279c4801edb8ddeba816dd/configure.in#L265,"#--------------------------------------------------------------------
# Determine the name of the tclsh and/or wish executables in the
# Tcl and Tk build directories or the location they were installed
# into. These paths are used to support running test cases only,
# the Makefile should not be making use of these paths to generate
# a pkgIndex.tcl file or anything else at extension build time.
#--------------------------------------------------------------------",[],Autotool,0,265,271
2040,flightaware/pgtcl,https://github.com/flightaware/pgtcl/blob/1962df4d2dda3a1b4d279c4801edb8ddeba816dd/configure.in#L274,#TEA_PROG_WISH,[],Autotool,0,274,274
2040,flightaware/pgtcl,https://github.com/flightaware/pgtcl/blob/1962df4d2dda3a1b4d279c4801edb8ddeba816dd/configure.in#L276,"#--------------------------------------------------------------------
# Finally, substitute all of the various values into the Makefile.
# You may alternatively have a special pkgIndex.tcl.in or other files
# which require substituting th AC variables in.  Include these here.
#--------------------------------------------------------------------",[],Autotool,0,276,280
2040,flightaware/pgtcl,https://github.com/flightaware/pgtcl/blob/1962df4d2dda3a1b4d279c4801edb8ddeba816dd/aclocal.m4#L1,"#
# Include the TEA standard macro set
#",[],Autotool,0,1,3
2040,flightaware/pgtcl,https://github.com/flightaware/pgtcl/blob/1962df4d2dda3a1b4d279c4801edb8ddeba816dd/aclocal.m4#L7,"#
# Add here whatever m4 macros you want to define for your package
#",[],Autotool,0,7,9
2040,flightaware/pgtcl,https://github.com/flightaware/pgtcl/blob/1962df4d2dda3a1b4d279c4801edb8ddeba816dd/aclocal.m4#L11,"#--------------------------------------------------------------------
# TEA_CONFIG_CFLAGS (formerly PGTCL_CONFIG_CFLAGS)
#
# a modified copy of TEA_CONFIG_CFLAGS, overriding the original so it gets called at the right
# time by TEA_ENABLE_SYMBOLS
#
# The reason is that we have to set up search paths to the Tcl shared lib
# AND the postgresql libpq shared library.
#
# Unfortunately this is a big routine and our changes are small.  This is
# a maintenance problem as changes to TEA_CONFIG_CFLAGS in tcl.m4 need to be
# propagated.
#
# Basically anywhere you see LIB_RUNTIME_DIR you have to add
# LIB_PGTCL_RUNTIME_DIR, things like this:
#
#CC_SEARCH_FLAGS='-Wl,-R,${LIB_RUNTIME_DIR},-R,${LIB_PGTCL_RUNTIME_DIR}'
#CC_SEARCH_FLAGS='-R${LIB_RUNTIME_DIR},-R,${LIB_PGTCL_RUNTIME_DIR}'
#LD_SEARCH_FLAGS='-R ${LIB_RUNTIME_DIR} -R ${LIB_PGTCL_RUNTIME_DIR}'
#CC_SEARCH_FLAGS='-L${LIB_RUNTIME_DIR} -L{LIB_PGTCL_RUNTIME_DIR}'
#CC_SEARCH_FLAGS='-Wl,+s,+b,${LIB_RUNTIME_DIR}:${LIB_PGTCL_RUNTIME_DIR}:.'
#LD_SEARCH_FLAGS='+s +b ${LIB_RUNTIME_DIR}:${LIB_PGTCL_RUNTIME_DIR}:.'
#CC_SEARCH_FLAGS='-Wl,-rpath,${LIB_RUNTIME_DIR},-rpath,${LIB_PGTCL_RUNTIME_DIR}'
#
#	Try to determine the proper flags to pass to the compiler
#	for building shared libraries and other such nonsense.
#
# Arguments:
#	none
#
# Results:
#
#	Defines and substitutes the following vars:
#
#	DL_OBJS, DL_LIBS - removed for TEA, only needed by core.
#       LDFLAGS -      Flags to pass to the compiler when linking object
#                       files into an executable application binary such
#                       as tclsh.
#       LD_SEARCH_FLAGS-Flags to pass to ld, such as ""-R /usr/local/tcl/lib"",
#                       that tell the run-time dynamic linker where to look
#                       for shared libraries such as libtcl.so.  Depends on
#                       the variable LIB_RUNTIME_DIR in the Makefile. Could
#                       be the same as CC_SEARCH_FLAGS if ${CC} is used to link.
#       CC_SEARCH_FLAGS-Flags to pass to ${CC}, such as ""-Wl,-rpath,/usr/local/tcl/lib"",
#                       that tell the run-time dynamic linker where to look
#                       for shared libraries such as libtcl.so.  Depends on
#                       the variable LIB_RUNTIME_DIR in the Makefile.
#       SHLIB_CFLAGS -  Flags to pass to cc when compiling the components
#                       of a shared library (may request position-independent
#                       code, among other things).
#       SHLIB_LD -      Base command to use for combining object files
#                       into a shared library.
#       SHLIB_LD_LIBS - Dependent libraries for the linker to scan when
#                       creating shared libraries.  This symbol typically
#                       goes at the end of the ""ld"" commands that build
#                       shared libraries. The value of the symbol defaults to
#                       ""${LIBS}"" if all of the dependent libraries should
#                       be specified when creating a shared library.  If
#                       dependent libraries should not be specified (as on
#                       SunOS 4.x, where they cause the link to fail, or in
#                       general if Tcl and Tk aren't themselves shared
#                       libraries), then this symbol has an empty string
#                       as its value.
#       SHLIB_SUFFIX -  Suffix to use for the names of dynamically loadable
#                       extensions.  An empty string means we don't know how
#                       to use shared libraries on this platform.
#       LIB_SUFFIX -    Specifies everything that comes after the ""libfoo""
#                       in a static or shared library name, using the $PACKAGE_VERSION variable
#                       to put the version in the right place.  This is used
#                       by platforms that need non-standard library names.
#                       Examples:  ${PACKAGE_VERSION}.so.1.1 on NetBSD, since it needs
#                       to have a version after the .so, and ${PACKAGE_VERSION}.a
#                       on AIX, since a shared library needs to have
#                       a .a extension whereas shared objects for loadable
#                       extensions have a .so extension.  Defaults to
#                       ${PACKAGE_VERSION}${SHLIB_SUFFIX}.
#	CFLAGS_DEBUG -
#			Flags used when running the compiler in debug mode
#	CFLAGS_OPTIMIZE -
#			Flags used when running the compiler in optimize mode
#	CFLAGS -	Additional CFLAGS added as necessary (usually 64-bit)
#--------------------------------------------------------------------",[],Autotool,0,11,92
2040,flightaware/pgtcl,https://github.com/flightaware/pgtcl/blob/1962df4d2dda3a1b4d279c4801edb8ddeba816dd/aclocal.m4#L95,dnl TEA specific: Make sure we are initialized,[],Autotool,4,95,95
2040,flightaware/pgtcl,https://github.com/flightaware/pgtcl/blob/1962df4d2dda3a1b4d279c4801edb8ddeba816dd/aclocal.m4#L98,# Step 0.a: Enable 64 bit support?,[],Autotool,4,98,98
2040,flightaware/pgtcl,https://github.com/flightaware/pgtcl/blob/1962df4d2dda3a1b4d279c4801edb8ddeba816dd/aclocal.m4#L107,# Step 0.b: Enable Solaris 64 bit VIS support?,[],Autotool,4,107,107
2040,flightaware/pgtcl,https://github.com/flightaware/pgtcl/blob/1962df4d2dda3a1b4d279c4801edb8ddeba816dd/aclocal.m4#L115,# Force 64bit on with VIS,[],Autotool,4,115,115
2040,flightaware/pgtcl,https://github.com/flightaware/pgtcl/blob/1962df4d2dda3a1b4d279c4801edb8ddeba816dd/aclocal.m4#L118,"# Step 0.c: Check if visibility support is available. Do this here so
# that platform specific alternatives can be used below if this fails.",[],Autotool,4,118,119
2040,flightaware/pgtcl,https://github.com/flightaware/pgtcl/blob/1962df4d2dda3a1b4d279c4801edb8ddeba816dd/aclocal.m4#L136,# Step 0.d: Disable -rpath support?,[],Autotool,4,136,136
2040,flightaware/pgtcl,https://github.com/flightaware/pgtcl/blob/1962df4d2dda3a1b4d279c4801edb8ddeba816dd/aclocal.m4#L145,# TEA specific: Cross-compiling options for Windows/CE builds?,[],Autotool,4,145,145
2040,flightaware/pgtcl,https://github.com/flightaware/pgtcl/blob/1962df4d2dda3a1b4d279c4801edb8ddeba816dd/aclocal.m4#L156,"# Set the variable ""system"" to hold the name and version number
# for the system.",[],Autotool,4,156,157
2040,flightaware/pgtcl,https://github.com/flightaware/pgtcl/blob/1962df4d2dda3a1b4d279c4801edb8ddeba816dd/aclocal.m4#L161,# Require ranlib early so we can override it in special cases below.,[],Autotool,4,161,161
2040,flightaware/pgtcl,https://github.com/flightaware/pgtcl/blob/1962df4d2dda3a1b4d279c4801edb8ddeba816dd/aclocal.m4#L165,"# Set configuration options based on system name and version.
# This is similar to Tcl's unix/tcl.m4 except that we've added a
# ""windows"" case and removed some core-only vars.",[],Autotool,4,165,167
2040,flightaware/pgtcl,https://github.com/flightaware/pgtcl/blob/1962df4d2dda3a1b4d279c4801edb8ddeba816dd/aclocal.m4#L170,"# default to '{$LIBS}' and set to """" on per-platform necessary basis",[],Autotool,4,170,170
2040,flightaware/pgtcl,https://github.com/flightaware/pgtcl/blob/1962df4d2dda3a1b4d279c4801edb8ddeba816dd/aclocal.m4#L172,"# When ld needs options to work in 64-bit mode, put them in
# LDFLAGS_ARCH so they eventually end up in LDFLAGS even if [load]
# is disabled by the user. [Bug 1016796]",[],Autotool,4,172,174
2040,flightaware/pgtcl,https://github.com/flightaware/pgtcl/blob/1962df4d2dda3a1b4d279c4801edb8ddeba816dd/aclocal.m4#L177,# TEA specific: use PACKAGE_VERSION instead of VERSION,[],Autotool,4,177,177
2040,flightaware/pgtcl,https://github.com/flightaware/pgtcl/blob/1962df4d2dda3a1b4d279c4801edb8ddeba816dd/aclocal.m4#L194,# TEA specific:,[],Autotool,1,194,194
2040,flightaware/pgtcl,https://github.com/flightaware/pgtcl/blob/1962df4d2dda3a1b4d279c4801edb8ddeba816dd/aclocal.m4#L196,"# This is a 2-stage check to make sure we have the 64-bit SDK
# We have to know where the SDK is installed.
# This magic is based on MS Platform SDK for Win2003 SP1 - hobbs
# MACHINE is IX86 for LINK, but this is used by the manifest,
# which requires x86|amd64|ia64.",[],Autotool,5,196,200
2040,flightaware/pgtcl,https://github.com/flightaware/pgtcl/blob/1962df4d2dda3a1b4d279c4801edb8ddeba816dd/aclocal.m4#L210,# default to AMD64 64-bit build,[],Autotool,21,210,210
2040,flightaware/pgtcl,https://github.com/flightaware/pgtcl/blob/1962df4d2dda3a1b4d279c4801edb8ddeba816dd/aclocal.m4#L236,"# Set defaults for common evc4/PPC2003 setup
# Currently Tcl requires 300+, possibly 420+ for sockets",[],Autotool,2,236,237
2040,flightaware/pgtcl,https://github.com/flightaware/pgtcl/blob/1962df4d2dda3a1b4d279c4801edb8ddeba816dd/aclocal.m4#L238,# could be 211 300 301 400 420 ...,[],Autotool,19,238,238
2040,flightaware/pgtcl,https://github.com/flightaware/pgtcl/blob/1962df4d2dda3a1b4d279c4801edb8ddeba816dd/aclocal.m4#L239,# could be ARMV4 ARM MIPS SH3 X86 ...,[],Autotool,19,239,239
2040,flightaware/pgtcl,https://github.com/flightaware/pgtcl/blob/1962df4d2dda3a1b4d279c4801edb8ddeba816dd/aclocal.m4#L240,# could be ARM MIPS X86EM ...,[],Autotool,13,240,240
2040,flightaware/pgtcl,https://github.com/flightaware/pgtcl/blob/1962df4d2dda3a1b4d279c4801edb8ddeba816dd/aclocal.m4#L241,"# or ""Pocket PC 2002""",[],Autotool,29,241,241
2040,flightaware/pgtcl,https://github.com/flightaware/pgtcl/blob/1962df4d2dda3a1b4d279c4801edb8ddeba816dd/aclocal.m4#L243,"# If !yes then the user specified something
# Reset ARCH to allow user to skip specifying it",[],Autotool,6,243,244
2040,flightaware/pgtcl,https://github.com/flightaware/pgtcl/blob/1962df4d2dda3a1b4d279c4801edb8ddeba816dd/aclocal.m4#L277,"# We could PATH_NOSPACE these, but that's not important,
# as long as we quote them when used.",[],Autotool,6,277,278
2040,flightaware/pgtcl,https://github.com/flightaware/pgtcl/blob/1962df4d2dda3a1b4d279c4801edb8ddeba816dd/aclocal.m4#L295,# All this magic is necessary for the Win64 SDK RC1 - hobbs,[],Autotool,6,295,295
2040,flightaware/pgtcl,https://github.com/flightaware/pgtcl/blob/1962df4d2dda3a1b4d279c4801edb8ddeba816dd/aclocal.m4#L303,"# Avoid 'unresolved external symbol __security_cookie'
# errors, c.f. http://support.microsoft.com/?id=894573",[],Autotool,6,303,304
2040,flightaware/pgtcl,https://github.com/flightaware/pgtcl/blob/1962df4d2dda3a1b4d279c4801edb8ddeba816dd/aclocal.m4#L318,# Static CE builds require static celib as well,[],Autotool,3,318,318
2040,flightaware/pgtcl,https://github.com/flightaware/pgtcl/blob/1962df4d2dda3a1b4d279c4801edb8ddeba816dd/aclocal.m4#L342,# mingw gcc mode,[],Autotool,2,342,342
2040,flightaware/pgtcl,https://github.com/flightaware/pgtcl/blob/1962df4d2dda3a1b4d279c4801edb8ddeba816dd/aclocal.m4#L354,#ifdef _WIN32,[],Autotool,7,354,354
2040,flightaware/pgtcl,https://github.com/flightaware/pgtcl/blob/1962df4d2dda3a1b4d279c4801edb8ddeba816dd/aclocal.m4#L355,#error cross-compiler,[],Autotool,4,355,355
2040,flightaware/pgtcl,https://github.com/flightaware/pgtcl/blob/1962df4d2dda3a1b4d279c4801edb8ddeba816dd/aclocal.m4#L356,#endif,[],Autotool,7,356,356
2040,flightaware/pgtcl,https://github.com/flightaware/pgtcl/blob/1962df4d2dda3a1b4d279c4801edb8ddeba816dd/aclocal.m4#L382,# link -lib only works when -lib is the first arg,[],Autotool,2,382,382
2040,flightaware/pgtcl,https://github.com/flightaware/pgtcl/blob/1962df4d2dda3a1b4d279c4801edb8ddeba816dd/aclocal.m4#L386,"# For information on what debugtype is most useful, see:
# http://msdn.microsoft.com/library/en-us/dnvc60/html/gendepdebug.asp
# and also
# http://msdn2.microsoft.com/en-us/library/y0zzbyt4%28VS.80%29.aspx
# This essentially turns it all on.",[],Autotool,2,386,390
2040,flightaware/pgtcl,https://github.com/flightaware/pgtcl/blob/1962df4d2dda3a1b4d279c4801edb8ddeba816dd/aclocal.m4#L409,# AIX requires the _r compiler when gcc isn't being used,[],Autotool,2,409,409
2040,flightaware/pgtcl,https://github.com/flightaware/pgtcl/blob/1962df4d2dda3a1b4d279c4801edb8ddeba816dd/aclocal.m4#L412,# ok ...,[],Autotool,3,412,412
2040,flightaware/pgtcl,https://github.com/flightaware/pgtcl/blob/1962df4d2dda3a1b4d279c4801edb8ddeba816dd/aclocal.m4#L415,# Make sure only first arg gets _r,[],Autotool,3,415,415
2040,flightaware/pgtcl,https://github.com/flightaware/pgtcl/blob/1962df4d2dda3a1b4d279c4801edb8ddeba816dd/aclocal.m4#L427,# Check to enable 64-bit flags for compiler/linker,[],Autotool,5,427,427
2040,flightaware/pgtcl,https://github.com/flightaware/pgtcl/blob/1962df4d2dda3a1b4d279c4801edb8ddeba816dd/aclocal.m4#L442,"# AIX-5 uses ELF style dynamic libraries on IA-64, but not PPC",[],Autotool,2,442,442
2040,flightaware/pgtcl,https://github.com/flightaware/pgtcl/blob/1962df4d2dda3a1b4d279c4801edb8ddeba816dd/aclocal.m4#L467,"#-----------------------------------------------------------
# Check for inet_ntoa in -lbind, for BeOS (which also needs
# -lsocket, even if the network functions are in -lnet which
# is always linked to, for compatibility.
#-----------------------------------------------------------",[],Autotool,5,467,471
2040,flightaware/pgtcl,https://github.com/flightaware/pgtcl/blob/1962df4d2dda3a1b4d279c4801edb8ddeba816dd/aclocal.m4#L500,# Use updated header definitions where possible,[],Autotool,5,500,500
2040,flightaware/pgtcl,https://github.com/flightaware/pgtcl/blob/1962df4d2dda3a1b4d279c4801edb8ddeba816dd/aclocal.m4#L502,"# TEA specific: Needed by Tcl, but not most extensions
#AC_DEFINE(_XOPEN_SOURCE, 1, [Do we want to use the XOPEN network library?])
#LIBS=""$LIBS -lxnet""               # Use the XOPEN network library",[],Autotool,5,502,504
2040,flightaware/pgtcl,https://github.com/flightaware/pgtcl/blob/1962df4d2dda3a1b4d279c4801edb8ddeba816dd/aclocal.m4#L508,"# Use newer C++ library for C++ extensions
#if test ""$GCC"" != ""yes"" ; then
#   CPPFLAGS=""-AA""
#fi",[],Autotool,2,508,511
2040,flightaware/pgtcl,https://github.com/flightaware/pgtcl/blob/1962df4d2dda3a1b4d279c4801edb8ddeba816dd/aclocal.m4#L527,"# Users may want PA-RISC 1.1/2.0 portable code - needs HP cc
#CFLAGS=""$CFLAGS +DAportable""",[],Autotool,2,527,528
2040,flightaware/pgtcl,https://github.com/flightaware/pgtcl/blob/1962df4d2dda3a1b4d279c4801edb8ddeba816dd/aclocal.m4#L533,# Check to enable 64-bit flags for compiler/linker,[],Autotool,5,533,533
2040,flightaware/pgtcl,https://github.com/flightaware/pgtcl/blob/1962df4d2dda3a1b4d279c4801edb8ddeba816dd/aclocal.m4#L568,# Use to build 6.2 compatible binaries on 6.3.,[],Autotool,3,568,568
2040,flightaware/pgtcl,https://github.com/flightaware/pgtcl/blob/1962df4d2dda3a1b4d279c4801edb8ddeba816dd/aclocal.m4#L586,# Check to enable 64-bit flags for compiler/linker,[],Autotool,5,586,586
2040,flightaware/pgtcl,https://github.com/flightaware/pgtcl/blob/1962df4d2dda3a1b4d279c4801edb8ddeba816dd/aclocal.m4#L603,# TEA specific:,[],Autotool,5,603,603
2040,flightaware/pgtcl,https://github.com/flightaware/pgtcl/blob/1962df4d2dda3a1b4d279c4801edb8ddeba816dd/aclocal.m4#L606,# TEA specific: use LDFLAGS_DEFAULT instead of LDFLAGS,[],Autotool,5,606,606
2040,flightaware/pgtcl,https://github.com/flightaware/pgtcl/blob/1962df4d2dda3a1b4d279c4801edb8ddeba816dd/aclocal.m4#L625,"# The combo of gcc + glibc has a bug related to inlining of
# functions like strtod(). The -fno-builtin flag should address
# this problem but it does not work. The -fno-inline flag is kind
# of overkill but it works. Disable inlining only when one of the
# files in compat/*.c is being linked in.",[],Autotool,5,625,629
2040,flightaware/pgtcl,https://github.com/flightaware/pgtcl/blob/1962df4d2dda3a1b4d279c4801edb8ddeba816dd/aclocal.m4#L678,"# On OpenBSD:	Compile with -pthread
#		Don't link with -lpthread",[],Autotool,2,678,679
2040,flightaware/pgtcl,https://github.com/flightaware/pgtcl/blob/1962df4d2dda3a1b4d279c4801edb8ddeba816dd/aclocal.m4#L683,# OpenBSD doesn't do version numbers with dots.,[],Autotool,5,683,683
2040,flightaware/pgtcl,https://github.com/flightaware/pgtcl/blob/1962df4d2dda3a1b4d279c4801edb8ddeba816dd/aclocal.m4#L688,# NetBSD has ELF and can use 'cc -shared' to build shared libs,[],Autotool,5,688,688
2040,flightaware/pgtcl,https://github.com/flightaware/pgtcl/blob/1962df4d2dda3a1b4d279c4801edb8ddeba816dd/aclocal.m4#L697,"# The -pthread needs to go in the CFLAGS, not LIBS",[],Autotool,2,697,697
2040,flightaware/pgtcl,https://github.com/flightaware/pgtcl/blob/1962df4d2dda3a1b4d279c4801edb8ddeba816dd/aclocal.m4#L704,# This configuration from FreeBSD Ports.,[],Autotool,5,704,704
2040,flightaware/pgtcl,https://github.com/flightaware/pgtcl/blob/1962df4d2dda3a1b4d279c4801edb8ddeba816dd/aclocal.m4#L714,"# The -pthread needs to go in the LDFLAGS, not LIBS",[],Autotool,2,714,714
2040,flightaware/pgtcl,https://github.com/flightaware/pgtcl/blob/1962df4d2dda3a1b4d279c4801edb8ddeba816dd/aclocal.m4#L720,# Version numbers are dot-stripped by system policy.,[],Autotool,2,720,720
2040,flightaware/pgtcl,https://github.com/flightaware/pgtcl/blob/1962df4d2dda3a1b4d279c4801edb8ddeba816dd/aclocal.m4#L732,"# To avoid discrepancies between what headers configure sees during
# preprocessing tests and compiling tests, move any -isysroot and
# -mmacosx-version-min flags from CFLAGS to CPPFLAGS:",[],Autotool,5,732,734
2040,flightaware/pgtcl,https://github.com/flightaware/pgtcl/blob/1962df4d2dda3a1b4d279c4801edb8ddeba816dd/aclocal.m4#L771,# Check for combined 32-bit and 64-bit fat build,[],Autotool,2,771,771
2040,flightaware/pgtcl,https://github.com/flightaware/pgtcl/blob/1962df4d2dda3a1b4d279c4801edb8ddeba816dd/aclocal.m4#L786,# TEA specific: link shlib with current and compatibility version flags,[],Autotool,5,786,786
2040,flightaware/pgtcl,https://github.com/flightaware/pgtcl/blob/1962df4d2dda3a1b4d279c4801edb8ddeba816dd/aclocal.m4#L790,# Don't use -prebind when building for Mac OS X 10.4 or later only:,[],Autotool,5,790,790
2040,flightaware/pgtcl,https://github.com/flightaware/pgtcl/blob/1962df4d2dda3a1b4d279c4801edb8ddeba816dd/aclocal.m4#L813,"# TEA specific: for combined 32 & 64 bit fat builds of Tk
# extensions, verify that 64-bit build is possible.",[],Autotool,5,813,814
2040,flightaware/pgtcl,https://github.com/flightaware/pgtcl/blob/1962df4d2dda3a1b4d279c4801edb8ddeba816dd/aclocal.m4#L823,"#include <X11/Xlib.h>], [XrmInitialize();],",[],Autotool,16,823,823
2040,flightaware/pgtcl,https://github.com/flightaware/pgtcl/blob/1962df4d2dda3a1b4d279c4801edb8ddeba816dd/aclocal.m4#L836,"#include <tk.h>], [Tk_InitStubs(NULL, """", 0);],",[],Autotool,16,836,836
2040,flightaware/pgtcl,https://github.com/flightaware/pgtcl/blob/1962df4d2dda3a1b4d279c4801edb8ddeba816dd/aclocal.m4#L842,"# remove 64-bit arch flags from CFLAGS et al. if configuration
# does not support 64-bit.",[],Autotool,2,842,843
2040,flightaware/pgtcl,https://github.com/flightaware/pgtcl/blob/1962df4d2dda3a1b4d279c4801edb8ddeba816dd/aclocal.m4#L852,# Optimizer is buggy,[],Autotool,25,852,852
2040,flightaware/pgtcl,https://github.com/flightaware/pgtcl/blob/1962df4d2dda3a1b4d279c4801edb8ddeba816dd/aclocal.m4#L853,# needed in sys/socket.h,[],Autotool,31,853,853
2040,flightaware/pgtcl,https://github.com/flightaware/pgtcl/blob/1962df4d2dda3a1b4d279c4801edb8ddeba816dd/aclocal.m4#L857,# Digital OSF/1,[],Autotool,5,857,857
2040,flightaware/pgtcl,https://github.com/flightaware/pgtcl/blob/1962df4d2dda3a1b4d279c4801edb8ddeba816dd/aclocal.m4#L870,"# see pthread_intro(3) for pthread support on osf1, k.furukawa",[],Autotool,5,870,870
2040,flightaware/pgtcl,https://github.com/flightaware/pgtcl/blob/1962df4d2dda3a1b4d279c4801edb8ddeba816dd/aclocal.m4#L884,"# QNX RTP
# This may work for all QNX, but it was only reported for v6.",[],Autotool,5,884,885
2040,flightaware/pgtcl,https://github.com/flightaware/pgtcl/blob/1962df4d2dda3a1b4d279c4801edb8ddeba816dd/aclocal.m4#L908,# Careful to not let 5.10+ fall into this case,[],Autotool,5,908,908
2040,flightaware/pgtcl,https://github.com/flightaware/pgtcl/blob/1962df4d2dda3a1b4d279c4801edb8ddeba816dd/aclocal.m4#L910,"# Note: If _REENTRANT isn't defined, then Solaris
# won't define thread-safe library routines.",[],Autotool,5,910,911
2040,flightaware/pgtcl,https://github.com/flightaware/pgtcl/blob/1962df4d2dda3a1b4d279c4801edb8ddeba816dd/aclocal.m4#L930,"# Note: If _REENTRANT isn't defined, then Solaris
# won't define thread-safe library routines.",[],Autotool,5,930,931
2040,flightaware/pgtcl,https://github.com/flightaware/pgtcl/blob/1962df4d2dda3a1b4d279c4801edb8ddeba816dd/aclocal.m4#L939,# Check to enable 64-bit flags for compiler/linker,[],Autotool,5,939,939
2040,flightaware/pgtcl,https://github.com/flightaware/pgtcl/blob/1962df4d2dda3a1b4d279c4801edb8ddeba816dd/aclocal.m4#L961,"# Solaris 64 uses this as well
#LD_LIBRARY_PATH_VAR=""LD_LIBRARY_PATH_64""",[],Autotool,3,961,962
2040,flightaware/pgtcl,https://github.com/flightaware/pgtcl/blob/1962df4d2dda3a1b4d279c4801edb8ddeba816dd/aclocal.m4#L995,"# We need to specify -static-libgcc or we need to
# add the path to the sparv9 libgcc.
# JH: static-libgcc is necessary for core Tcl, but may
# not be necessary for extensions.",[],Autotool,3,995,998
2040,flightaware/pgtcl,https://github.com/flightaware/pgtcl/blob/1962df4d2dda3a1b4d279c4801edb8ddeba816dd/aclocal.m4#L1000,"# for finding sparcv9 libgcc, get the regular libgcc
# path, remove so name and append 'sparcv9'
#v9gcclibdir=""`gcc -print-file-name=libgcc_s.so` | ...""
#CC_SEARCH_FLAGS=""${CC_SEARCH_FLAGS},-R,$v9gcclibdir""",[],Autotool,3,1000,1003
2040,flightaware/pgtcl,https://github.com/flightaware/pgtcl/blob/1962df4d2dda3a1b4d279c4801edb8ddeba816dd/aclocal.m4#L1005,"# JH: static-libgcc is necessary for core Tcl, but may
# not be necessary for extensions.",[],Autotool,3,1005,1006
2040,flightaware/pgtcl,https://github.com/flightaware/pgtcl/blob/1962df4d2dda3a1b4d279c4801edb8ddeba816dd/aclocal.m4#L1013,# TEA specific: use LDFLAGS_DEFAULT instead of LDFLAGS,[],Autotool,3,1013,1013
2040,flightaware/pgtcl,https://github.com/flightaware/pgtcl/blob/1962df4d2dda3a1b4d279c4801edb8ddeba816dd/aclocal.m4#L1027,"# Some UNIX_SV* systems (unixware 1.1.2 for example) have linkers
# that don't grok the -Bexport option.  Test that it does.",[],Autotool,5,1027,1028
2040,flightaware/pgtcl,https://github.com/flightaware/pgtcl/blob/1962df4d2dda3a1b4d279c4801edb8ddeba816dd/aclocal.m4#L1046,"dnl # Add any CPPFLAGS set in the environment to our CFLAGS, but delay doing so
dnl # until the end of configure, as configure's compile and link tests use
dnl # both CPPFLAGS and CFLAGS (unlike our compile and link) but configure's
dnl # preprocessing tests use only CPPFLAGS.",[],Autotool,0,1046,1049
2040,flightaware/pgtcl,https://github.com/flightaware/pgtcl/blob/1962df4d2dda3a1b4d279c4801edb8ddeba816dd/aclocal.m4#L1052,"# Add in the arch flags late to ensure it wasn't removed.
# Not necessary in TEA, but this is aligned with core",[],Autotool,4,1052,1053
2040,flightaware/pgtcl,https://github.com/flightaware/pgtcl/blob/1962df4d2dda3a1b4d279c4801edb8ddeba816dd/aclocal.m4#L1056,"# If we're running gcc, then change the C flags for compiling shared
# libraries to the right flags for gcc, instead of those for the
# standard manufacturer compiler.",[],Autotool,4,1056,1058
2040,flightaware/pgtcl,https://github.com/flightaware/pgtcl/blob/1962df4d2dda3a1b4d279c4801edb8ddeba816dd/aclocal.m4#L1079,# TEA specific: use PACKAGE_VERSION instead of VERSION,[],Autotool,4,1079,1079
2040,flightaware/pgtcl,https://github.com/flightaware/pgtcl/blob/1962df4d2dda3a1b4d279c4801edb8ddeba816dd/aclocal.m4#L1082,# TEA specific: use PACKAGE_VERSION instead of VERSION,[],Autotool,4,1082,1082
2040,flightaware/pgtcl,https://github.com/flightaware/pgtcl/blob/1962df4d2dda3a1b4d279c4801edb8ddeba816dd/aclocal.m4#L1089,"#define WIN32_LEAN_AND_MEAN
#include <windows.h>
#undef WIN32_LEAN_AND_MEAN",[],Autotool,0,1089,1091
2040,flightaware/pgtcl,https://github.com/flightaware/pgtcl/blob/1962df4d2dda3a1b4d279c4801edb8ddeba816dd/aclocal.m4#L1113,"#
# Check to see if the excpt.h include file provided contains the
# definition for EXCEPTION_DISPOSITION; if not, which is the case
# with Cygwin's version as of 2002-04-10, define it to be int,
# sufficient for getting the current code to work.
#",[],Autotool,1,1113,1118
2040,flightaware/pgtcl,https://github.com/flightaware/pgtcl/blob/1962df4d2dda3a1b4d279c4801edb8ddeba816dd/aclocal.m4#L1122,"#	    define WIN32_LEAN_AND_MEAN
#	    include <windows.h>
#	    undef WIN32_LEAN_AND_MEAN",[],Autotool,0,1122,1124
2040,flightaware/pgtcl,https://github.com/flightaware/pgtcl/blob/1962df4d2dda3a1b4d279c4801edb8ddeba816dd/aclocal.m4#L1136,"# Check to see if winnt.h defines CHAR, SHORT, and LONG
# even if VOID has already been #defined. The win32api
# used by mingw and cygwin is known to do this.",[],Autotool,1,1136,1138
2040,flightaware/pgtcl,https://github.com/flightaware/pgtcl/blob/1962df4d2dda3a1b4d279c4801edb8ddeba816dd/aclocal.m4#L1143,"#define VOID void
#define WIN32_LEAN_AND_MEAN
#include <windows.h>
#undef WIN32_LEAN_AND_MEAN",[],Autotool,0,1143,1146
2040,flightaware/pgtcl,https://github.com/flightaware/pgtcl/blob/1962df4d2dda3a1b4d279c4801edb8ddeba816dd/aclocal.m4#L1161,"# See if the compiler supports casting to a union type.
# This is used to stop gcc from printing a compiler
# warning when initializing a union member.",[],Autotool,1,1161,1163
2040,flightaware/pgtcl,https://github.com/flightaware/pgtcl/blob/1962df4d2dda3a1b4d279c4801edb8ddeba816dd/aclocal.m4#L1194,"# These must be called after we do the basic CFLAGS checks and
# verify any possible 64-bit or similar switches are necessary",[],Autotool,4,1194,1195
2040,flightaware/pgtcl,https://github.com/flightaware/pgtcl/blob/1962df4d2dda3a1b4d279c4801edb8ddeba816dd/aclocal.m4#L1200,"# Local Variables:
# mode: autoconf
# End:",[],Autotool,0,1200,1202
