repoIndex,repoName,linkLocation,comment,keywords,buildSysteminFile,charPosition,startLine,endLine
21041,linbox-team/fflas-ffpack,https://github.com/linbox-team/fflas-ffpack/blob/cba05db764af3382fc79300b5b5e5bf90d58cb72/Makefile.am#L1,"# Copyright (c) 2011 FFLAS-FFPACK
# written by Brice Boyer (briceboyer) <boyer.brice@gmail.com>
# adapted from LinBox configuration
#
# ========LICENCE========
# This file is part of the library FFLAS-FFPACK.
#
# FFLAS-FFPACK is free software: you can redistribute it and/or modify
# it under the terms of the  GNU Lesser General Public
# License as published by the Free Software Foundation; either
# version 2.1 of the License, or (at your option) any later version.
#
# This library is distributed in the hope that it will be useful,
# but WITHOUT ANY WARRANTY; without even the implied warranty of
# MERCHANTABILITY or FITNESS FOR A PARTICULAR PURPOSE.  See the GNU
# Lesser General Public License for more details.
#
# You should have received a copy of the GNU Lesser General Public
# License along with this library; if not, write to the Free Software
# Foundation, Inc., 51 Franklin Street, Fifth Floor, Boston, MA  02110-1301  USA
# ========LICENCE========
#/",[],Autotool,0,1,22
21041,linbox-team/fflas-ffpack,https://github.com/linbox-team/fflas-ffpack/blob/cba05db764af3382fc79300b5b5e5bf90d58cb72/autotune/Makefile.am#L1,"# Copyright (c) 2016 FFLAS-FFPACK
# written by Clément Pernet <Clement.Pernet@imag.fr>
# Philippe LEDENT <philippe.ledent@etu.univ-grenoble-alpes.fr>
# ========LICENCE========
# This file is part of the library FFLAS-FFPACK.
#
# FFLAS-FFPACK is free software: you can redistribute it and/or modify
# it under the terms of the  GNU Lesser General Public
# License as published by the Free Software Foundation; either
# version 2.1 of the License, or (at your option) any later version.
#
# This library is distributed in the hope that it will be useful,
# but WITHOUT ANY WARRANTY; without even the implied warranty of
# MERCHANTABILITY or FITNESS FOR A PARTICULAR PURPOSE.  See the GNU
# Lesser General Public License for more details.
#
# You should have received a copy of the GNU Lesser General Public
# License along with this library; if not, write to the Free Software
# Foundation, Inc., 51 Franklin Street, Fifth Floor, Boston, MA  02110-1301  USA
# ========LICENCE========
#/",[],Autotool,0,1,21
21041,linbox-team/fflas-ffpack,https://github.com/linbox-team/fflas-ffpack/blob/cba05db764af3382fc79300b5b5e5bf90d58cb72/autotune/Makefile.am#L61,# This forces the autotune runs to be sequential,[],Autotool,0,61,61
21041,linbox-team/fflas-ffpack,https://github.com/linbox-team/fflas-ffpack/blob/cba05db764af3382fc79300b5b5e5bf90d58cb72/autotune/Makefile.am#L71,# Tune fgemm only,[],Autotool,0,71,71
21041,linbox-team/fflas-ffpack,https://github.com/linbox-team/fflas-ffpack/blob/cba05db764af3382fc79300b5b5e5bf90d58cb72/autotune/Makefile.am#L76,# Tune pluq only,[],Autotool,0,76,76
21041,linbox-team/fflas-ffpack,https://github.com/linbox-team/fflas-ffpack/blob/cba05db764af3382fc79300b5b5e5bf90d58cb72/autotune/Makefile.am#L81,# Tune ftrtri only,[],Autotool,0,81,81
21041,linbox-team/fflas-ffpack,https://github.com/linbox-team/fflas-ffpack/blob/cba05db764af3382fc79300b5b5e5bf90d58cb72/autotune/Makefile.am#L86,# Tune fsytrf only,[],Autotool,0,86,86
21041,linbox-team/fflas-ffpack,https://github.com/linbox-team/fflas-ffpack/blob/cba05db764af3382fc79300b5b5e5bf90d58cb72/autotune/Makefile.am#L91,# Tune fsyrk only,[],Autotool,0,91,91
21041,linbox-team/fflas-ffpack,https://github.com/linbox-team/fflas-ffpack/blob/cba05db764af3382fc79300b5b5e5bf90d58cb72/autotune/Makefile.am#L96,# Tune charpoly only,[],Autotool,0,96,96
21041,linbox-team/fflas-ffpack,https://github.com/linbox-team/fflas-ffpack/blob/cba05db764af3382fc79300b5b5e5bf90d58cb72/autotune/Makefile.am#L122,#arithprog_CXXFLAGS=$(#AM_CXXFLAGS),[],Autotool,0,122,122
21041,linbox-team/fflas-ffpack,https://github.com/linbox-team/fflas-ffpack/blob/cba05db764af3382fc79300b5b5e5bf90d58cb72/benchmarks/Makefile.am#L1,"# Copyright (c) 2014 FFLAS-FFPACK
# written by JGD <Jean-Guillaume.Dumas@imag.fr>
#
# ========LICENCE========
# This file is part of the library FFLAS-FFPACK.
#
# FFLAS-FFPACK is free software: you can redistribute it and/or modify
# it under the terms of the  GNU Lesser General Public
# License as published by the Free Software Foundation; either
# version 2.1 of the License, or (at your option) any later version.
#
# This library is distributed in the hope that it will be useful,
# but WITHOUT ANY WARRANTY; without even the implied warranty of
# MERCHANTABILITY or FITNESS FOR A PARTICULAR PURPOSE.  See the GNU
# Lesser General Public License for more details.
#
# You should have received a copy of the GNU Lesser General Public
# License along with this library; if not, write to the Free Software
# Foundation, Inc., 51 Franklin Street, Fifth Floor, Boston, MA  02110-1301  USA
# ========LICENCE========
#/",[],Autotool,0,1,21
21041,linbox-team/fflas-ffpack,https://github.com/linbox-team/fflas-ffpack/blob/cba05db764af3382fc79300b5b5e5bf90d58cb72/benchmarks/Makefile.am#L92,# Perfpublisher script interaction - AB 2014/11/17,[],Autotool,0,92,92
21041,linbox-team/fflas-ffpack,https://github.com/linbox-team/fflas-ffpack/blob/cba05db764af3382fc79300b5b5e5bf90d58cb72/benchmarks/Makefile.am#L99,# for compilation of new benchmarks,[],Autotool,0,99,99
21041,linbox-team/fflas-ffpack,https://github.com/linbox-team/fflas-ffpack/blob/cba05db764af3382fc79300b5b5e5bf90d58cb72/doc/Makefile.am#L1,"# Copyright (c) 2011 FFLAS-FFPACK
# written by Brice Boyer (briceboyer) <boyer.brice@gmail.com>
# adapted from LinBox documentation
#
# ========LICENCE========
# This file is part of the library FFLAS-FFPACK.
#
# FFLAS-FFPACK is free software: you can redistribute it and/or modify
# it under the terms of the  GNU Lesser General Public
# License as published by the Free Software Foundation; either
# version 2.1 of the License, or (at your option) any later version.
#
# This library is distributed in the hope that it will be useful,
# but WITHOUT ANY WARRANTY; without even the implied warranty of
# MERCHANTABILITY or FITNESS FOR A PARTICULAR PURPOSE.  See the GNU
# Lesser General Public License for more details.
#
# You should have received a copy of the GNU Lesser General Public
# License along with this library; if not, write to the Free Software
# Foundation, Inc., 51 Franklin Street, Fifth Floor, Boston, MA  02110-1301  USA
# ========LICENCE========
#/",[],Autotool,0,1,22
21041,linbox-team/fflas-ffpack,https://github.com/linbox-team/fflas-ffpack/blob/cba05db764af3382fc79300b5b5e5bf90d58cb72/doc/Makefile.am#L31,#man1_MANS = fflas-ffpack-config.1,[],Autotool,0,31,31
21041,linbox-team/fflas-ffpack,https://github.com/linbox-team/fflas-ffpack/blob/cba05db764af3382fc79300b5b5e5bf90d58cb72/doc/Makefile.am#L53,"#  cp tutorial.html fflas-ffpack-dev-html/
#  cp install-dist.html fflas-ffpack-dev-html/
#  cp install-dev.html fflas-ffpack-dev-html/",[],Autotool,0,53,55
21041,linbox-team/fflas-ffpack,https://github.com/linbox-team/fflas-ffpack/blob/cba05db764af3382fc79300b5b5e5bf90d58cb72/doc/Makefile.am#L70,"# \
#			doc.doxy            \
#			tutorial.doxy       \
#			fflas-ffpack.html         \
#			fflas-ffpack-config.1 \
#tutorial.html       \
#	install-dev.html    \
#	index-dev.html      \
#	install-dist.html",[],Autotool,0,70,78
21041,linbox-team/fflas-ffpack,https://github.com/linbox-team/fflas-ffpack/blob/cba05db764af3382fc79300b5b5e5bf90d58cb72/examples/Makefile.am#L1,"# Copyright (c) 2014 FFLAS-FFPACK
# written by JGD <Jean-Guillaume.Dumas@imag.fr>
#
# ========LICENCE========
# This file is part of the library FFLAS-FFPACK.
#
# FFLAS-FFPACK is free software: you can redistribute it and/or modify
# it under the terms of the  GNU Lesser General Public
# License as published by the Free Software Foundation; either
# version 2.1 of the License, or (at your option) any later version.
#
# This library is distributed in the hope that it will be useful,
# but WITHOUT ANY WARRANTY; without even the implied warranty of
# MERCHANTABILITY or FITNESS FOR A PARTICULAR PURPOSE.  See the GNU
# Lesser General Public License for more details.
#
# You should have received a copy of the GNU Lesser General Public
# License along with this library; if not, write to the Free Software
# Foundation, Inc., 51 Franklin Street, Fifth Floor, Boston, MA  02110-1301  USA
# ========LICENCE========
#/",[],Autotool,0,1,21
21041,linbox-team/fflas-ffpack,https://github.com/linbox-team/fflas-ffpack/blob/cba05db764af3382fc79300b5b5e5bf90d58cb72/fflas-ffpack/Makefile.am#L1,"# Copyright (c) 2011 FFLAS-FFPACK
# written by Brice Boyer (briceboyer) <boyer.brice@gmail.com>
# adapted from LinBox configuration
#
# ========LICENCE========
# This file is part of the library FFLAS-FFPACK.
#
# FFLAS-FFPACK is free software: you can redistribute it and/or modify
# it under the terms of the  GNU Lesser General Public
# License as published by the Free Software Foundation; either
# version 2.1 of the License, or (at your option) any later version.
#
# This library is distributed in the hope that it will be useful,
# but WITHOUT ANY WARRANTY; without even the implied warranty of
# MERCHANTABILITY or FITNESS FOR A PARTICULAR PURPOSE.  See the GNU
# Lesser General Public License for more details.
#
# You should have received a copy of the GNU Lesser General Public
# License along with this library; if not, write to the Free Software
# Foundation, Inc., 51 Franklin Street, Fifth Floor, Boston, MA  02110-1301  USA
# ========LICENCE========
#/",[],Autotool,0,1,22
21041,linbox-team/fflas-ffpack,https://github.com/linbox-team/fflas-ffpack/blob/cba05db764af3382fc79300b5b5e5bf90d58cb72/fflas-ffpack/checkers/Makefile.am#L1,"# Copyright (c) 2016 FFLAS-FFPACK
# written by Ashley Lesdalons (ash09) <ashley.lesdalons@e.ujf-grenoble.fr>
# adapted from LinBox configuration
#
# ========LICENCE========
# This file is part of the library FFLAS-FFPACK.
#
# FFLAS-FFPACK is free software: you can redistribute it and/or modify
# it under the terms of the  GNU Lesser General Public
# License as published by the Free Software Foundation; either
# version 2.1 of the License, or (at your option) any later version.
#
# This library is distributed in the hope that it will be useful,
# but WITHOUT ANY WARRANTY; without even the implied warranty of
# MERCHANTABILITY or FITNESS FOR A PARTICULAR PURPOSE.  See the GNU
# Lesser General Public License for more details.
#
# You should have received a copy of the GNU Lesser General Public
# License along with this library; if not, write to the Free Software
# Foundation, Inc., 51 Franklin Street, Fifth Floor, Boston, MA  02110-1301  USA
# ========LICENCE========
#/",[],Autotool,0,1,22
21041,linbox-team/fflas-ffpack,https://github.com/linbox-team/fflas-ffpack/blob/cba05db764af3382fc79300b5b5e5bf90d58cb72/fflas-ffpack/fflas/Makefile.am#L1,"# Copyright (c) 2011 FFLAS-FFPACK
# written by Brice Boyer (briceboyer) <boyer.brice@gmail.com>
# adapted from LinBox configuration
#
# ========LICENCE========
# This file is part of the library FFLAS-FFPACK.
#
# FFLAS-FFPACK is free software: you can redistribute it and/or modify
# it under the terms of the  GNU Lesser General Public
# License as published by the Free Software Foundation; either
# version 2.1 of the License, or (at your option) any later version.
#
# This library is distributed in the hope that it will be useful,
# but WITHOUT ANY WARRANTY; without even the implied warranty of
# MERCHANTABILITY or FITNESS FOR A PARTICULAR PURPOSE.  See the GNU
# Lesser General Public License for more details.
#
# You should have received a copy of the GNU Lesser General Public
# License along with this library; if not, write to the Free Software
# Foundation, Inc., 51 Franklin Street, Fifth Floor, Boston, MA  02110-1301  USA
# ========LICENCE========
#/",[],Autotool,0,1,22
21041,linbox-team/fflas-ffpack,https://github.com/linbox-team/fflas-ffpack/blob/cba05db764af3382fc79300b5b5e5bf90d58cb72/fflas-ffpack/fflas/fflas_fgemm/Makefile.am#L1,"# Copyright (c) 2014 FFLAS-FFPACK
# written by Brice Boyer (briceboyer) <boyer.brice@gmail.com>
#
#
# ========LICENCE========
# This file is part of the library FFLAS-FFPACK.
#
# FFLAS-FFPACK is free software: you can redistribute it and/or modify
# it under the terms of the  GNU Lesser General Public
# License as published by the Free Software Foundation; either
# version 2.1 of the License, or (at your option) any later version.
#
# This library is distributed in the hope that it will be useful,
# but WITHOUT ANY WARRANTY; without even the implied warranty of
# MERCHANTABILITY or FITNESS FOR A PARTICULAR PURPOSE.  See the GNU
# Lesser General Public License for more details.
#
# You should have received a copy of the GNU Lesser General Public
# License along with this library; if not, write to the Free Software
# Foundation, Inc., 51 Franklin Street, Fifth Floor, Boston, MA  02110-1301  USA
# ========LICENCE========
#/",[],Autotool,0,1,22
21041,linbox-team/fflas-ffpack,https://github.com/linbox-team/fflas-ffpack/blob/cba05db764af3382fc79300b5b5e5bf90d58cb72/fflas-ffpack/fflas/fflas_igemm/Makefile.am#L1,"# Copyright (c) 2014 FFLAS-FFPACK
# written by Brice Boyer (briceboyer) <boyer.brice@gmail.com>
#
#
# ========LICENCE========
# This file is part of the library FFLAS-FFPACK.
#
# FFLAS-FFPACK is free software: you can redistribute it and/or modify
# it under the terms of the  GNU Lesser General Public
# License as published by the Free Software Foundation; either
# version 2.1 of the License, or (at your option) any later version.
#
# This library is distributed in the hope that it will be useful,
# but WITHOUT ANY WARRANTY; without even the implied warranty of
# MERCHANTABILITY or FITNESS FOR A PARTICULAR PURPOSE.  See the GNU
# Lesser General Public License for more details.
#
# You should have received a copy of the GNU Lesser General Public
# License along with this library; if not, write to the Free Software
# Foundation, Inc., 51 Franklin Street, Fifth Floor, Boston, MA  02110-1301  USA
# ========LICENCE========
#/",[],Autotool,0,1,22
21041,linbox-team/fflas-ffpack,https://github.com/linbox-team/fflas-ffpack/blob/cba05db764af3382fc79300b5b5e5bf90d58cb72/fflas-ffpack/fflas/fflas_simd/Makefile.am#L1,"# Copyright (c) 2014 FFLAS-FFPACK
# written by Brice Boyer (briceboyer) <boyer.brice@gmail.com>
#
#
# ========LICENCE========
# This file is part of the library FFLAS-FFPACK.
#
# FFLAS-FFPACK is free software: you can redistribute it and/or modify
# it under the terms of the  GNU Lesser General Public
# License as published by the Free Software Foundation; either
# version 2.1 of the License, or (at your option) any later version.
#
# This library is distributed in the hope that it will be useful,
# but WITHOUT ANY WARRANTY; without even the implied warranty of
# MERCHANTABILITY or FITNESS FOR A PARTICULAR PURPOSE.  See the GNU
# Lesser General Public License for more details.
#
# You should have received a copy of the GNU Lesser General Public
# License along with this library; if not, write to the Free Software
# Foundation, Inc., 51 Franklin Street, Fifth Floor, Boston, MA  02110-1301  USA
# ========LICENCE========
#/",[],Autotool,0,1,22
21041,linbox-team/fflas-ffpack,https://github.com/linbox-team/fflas-ffpack/blob/cba05db764af3382fc79300b5b5e5bf90d58cb72/fflas-ffpack/fflas/fflas_sparse/Makefile.am#L1,"# Copyright (c) 2014 FFLAS-FFPACK
# written by Bastien Vialla <bastien.vialla@lirmm.fr>
#
#
# ========LICENCE========
# This file is part of the library FFLAS-FFPACK.
#
# FFLAS-FFPACK is free software: you can redistribute it and/or modify
# it under the terms of the  GNU Lesser General Public
# License as published by the Free Software Foundation; either
# version 2.1 of the License, or (at your option) any later version.
#
# This library is distributed in the hope that it will be useful,
# but WITHOUT ANY WARRANTY; without even the implied warranty of
# MERCHANTABILITY or FITNESS FOR A PARTICULAR PURPOSE.  See the GNU
# Lesser General Public License for more details.
#
# You should have received a copy of the GNU Lesser General Public
# License along with this library; if not, write to the Free Software
# Foundation, Inc., 51 Franklin Street, Fifth Floor, Boston, MA  02110-1301  USA
# ========LICENCE========
#/",[],Autotool,0,1,22
21041,linbox-team/fflas-ffpack,https://github.com/linbox-team/fflas-ffpack/blob/cba05db764af3382fc79300b5b5e5bf90d58cb72/fflas-ffpack/fflas/fflas_sparse/coo/Makefile.am#L1,"# Copyright (c) 2014 FFLAS-FFPACK
# written by Bastien Vialla <bastien.vialla@lirmm.fr>
#
#
# ========LICENCE========
# This file is part of the library FFLAS-FFPACK.
#
# FFLAS-FFPACK is free software: you can redistribute it and/or modify
# it under the terms of the  GNU Lesser General Public
# License as published by the Free Software Foundation; either
# version 2.1 of the License, or (at your option) any later version.
#
# This library is distributed in the hope that it will be useful,
# but WITHOUT ANY WARRANTY; without even the implied warranty of
# MERCHANTABILITY or FITNESS FOR A PARTICULAR PURPOSE.  See the GNU
# Lesser General Public License for more details.
#
# You should have received a copy of the GNU Lesser General Public
# License along with this library; if not, write to the Free Software
# Foundation, Inc., 51 Franklin Street, Fifth Floor, Boston, MA  02110-1301  USA
# ========LICENCE========
#/",[],Autotool,0,1,22
21041,linbox-team/fflas-ffpack,https://github.com/linbox-team/fflas-ffpack/blob/cba05db764af3382fc79300b5b5e5bf90d58cb72/fflas-ffpack/fflas/fflas_sparse/csr/Makefile.am#L1,"# Copyright (c) 2014 FFLAS-FFPACK
# written by Bastien Vialla <bastien.vialla@lirmm.fr>
#
#
# ========LICENCE========
# This file is part of the library FFLAS-FFPACK.
#
# FFLAS-FFPACK is free software: you can redistribute it and/or modify
# it under the terms of the  GNU Lesser General Public
# License as published by the Free Software Foundation; either
# version 2.1 of the License, or (at your option) any later version.
#
# This library is distributed in the hope that it will be useful,
# but WITHOUT ANY WARRANTY; without even the implied warranty of
# MERCHANTABILITY or FITNESS FOR A PARTICULAR PURPOSE.  See the GNU
# Lesser General Public License for more details.
#
# You should have received a copy of the GNU Lesser General Public
# License along with this library; if not, write to the Free Software
# Foundation, Inc., 51 Franklin Street, Fifth Floor, Boston, MA  02110-1301  USA
# ========LICENCE========
#/",[],Autotool,0,1,22
21041,linbox-team/fflas-ffpack,https://github.com/linbox-team/fflas-ffpack/blob/cba05db764af3382fc79300b5b5e5bf90d58cb72/fflas-ffpack/fflas/fflas_sparse/csr_hyb/Makefile.am#L1,"# Copyright (c) 2014 FFLAS-FFPACK
# written by Bastien Vialla <bastien.vialla@lirmm.fr>
#
#
# ========LICENCE========
# This file is part of the library FFLAS-FFPACK.
#
# FFLAS-FFPACK is free software: you can redistribute it and/or modify
# it under the terms of the  GNU Lesser General Public
# License as published by the Free Software Foundation; either
# version 2.1 of the License, or (at your option) any later version.
#
# This library is distributed in the hope that it will be useful,
# but WITHOUT ANY WARRANTY; without even the implied warranty of
# MERCHANTABILITY or FITNESS FOR A PARTICULAR PURPOSE.  See the GNU
# Lesser General Public License for more details.
#
# You should have received a copy of the GNU Lesser General Public
# License along with this library; if not, write to the Free Software
# Foundation, Inc., 51 Franklin Street, Fifth Floor, Boston, MA  02110-1301  USA
# ========LICENCE========
#/",[],Autotool,0,1,22
21041,linbox-team/fflas-ffpack,https://github.com/linbox-team/fflas-ffpack/blob/cba05db764af3382fc79300b5b5e5bf90d58cb72/fflas-ffpack/fflas/fflas_sparse/ell/Makefile.am#L1,"# Copyright (c) 2014 FFLAS-FFPACK
# written by Bastien Vialla <bastien.vialla@lirmm.fr>
#
#
# ========LICENCE========
# This file is part of the library FFLAS-FFPACK.
#
# FFLAS-FFPACK is free software: you can redistribute it and/or modify
# it under the terms of the  GNU Lesser General Public
# License as published by the Free Software Foundation; either
# version 2.1 of the License, or (at your option) any later version.
#
# This library is distributed in the hope that it will be useful,
# but WITHOUT ANY WARRANTY; without even the implied warranty of
# MERCHANTABILITY or FITNESS FOR A PARTICULAR PURPOSE.  See the GNU
# Lesser General Public License for more details.
#
# You should have received a copy of the GNU Lesser General Public
# License along with this library; if not, write to the Free Software
# Foundation, Inc., 51 Franklin Street, Fifth Floor, Boston, MA  02110-1301  USA
# ========LICENCE========
#/",[],Autotool,0,1,22
21041,linbox-team/fflas-ffpack,https://github.com/linbox-team/fflas-ffpack/blob/cba05db764af3382fc79300b5b5e5bf90d58cb72/fflas-ffpack/fflas/fflas_sparse/ell_r/Makefile.am#L1,"# Copyright (c) 2014 FFLAS-FFPACK
# written by Bastien Vialla <bastien.vialla@lirmm.fr>
#
#
# ========LICENCE========
# This file is part of the library FFLAS-FFPACK.
#
# FFLAS-FFPACK is free software: you can redistribute it and/or modify
# it under the terms of the  GNU Lesser General Public
# License as published by the Free Software Foundation; either
# version 2.1 of the License, or (at your option) any later version.
#
# This library is distributed in the hope that it will be useful,
# but WITHOUT ANY WARRANTY; without even the implied warranty of
# MERCHANTABILITY or FITNESS FOR A PARTICULAR PURPOSE.  See the GNU
# Lesser General Public License for more details.
#
# You should have received a copy of the GNU Lesser General Public
# License along with this library; if not, write to the Free Software
# Foundation, Inc., 51 Franklin Street, Fifth Floor, Boston, MA  02110-1301  USA
# ========LICENCE========
#/",[],Autotool,0,1,22
21041,linbox-team/fflas-ffpack,https://github.com/linbox-team/fflas-ffpack/blob/cba05db764af3382fc79300b5b5e5bf90d58cb72/fflas-ffpack/fflas/fflas_sparse/ell_simd/Makefile.am#L1,"# Copyright (c) 2014 FFLAS-FFPACK
# written by Bastien Vialla <bastien.vialla@lirmm.fr>
#
#
# ========LICENCE========
# This file is part of the library FFLAS-FFPACK.
#
# FFLAS-FFPACK is free software: you can redistribute it and/or modify
# it under the terms of the  GNU Lesser General Public
# License as published by the Free Software Foundation; either
# version 2.1 of the License, or (at your option) any later version.
#
# This library is distributed in the hope that it will be useful,
# but WITHOUT ANY WARRANTY; without even the implied warranty of
# MERCHANTABILITY or FITNESS FOR A PARTICULAR PURPOSE.  See the GNU
# Lesser General Public License for more details.
#
# You should have received a copy of the GNU Lesser General Public
# License along with this library; if not, write to the Free Software
# Foundation, Inc., 51 Franklin Street, Fifth Floor, Boston, MA  02110-1301  USA
# ========LICENCE========
#/",[],Autotool,0,1,22
21041,linbox-team/fflas-ffpack,https://github.com/linbox-team/fflas-ffpack/blob/cba05db764af3382fc79300b5b5e5bf90d58cb72/fflas-ffpack/fflas/fflas_sparse/hyb_zo/Makefile.am#L1,"# Copyright (c) 2014 FFLAS-FFPACK
# written by Bastien Vialla <bastien.vialla@lirmm.fr>
#
#
# ========LICENCE========
# This file is part of the library FFLAS-FFPACK.
#
# FFLAS-FFPACK is free software: you can redistribute it and/or modify
# it under the terms of the  GNU Lesser General Public
# License as published by the Free Software Foundation; either
# version 2.1 of the License, or (at your option) any later version.
#
# This library is distributed in the hope that it will be useful,
# but WITHOUT ANY WARRANTY; without even the implied warranty of
# MERCHANTABILITY or FITNESS FOR A PARTICULAR PURPOSE.  See the GNU
# Lesser General Public License for more details.
#
# You should have received a copy of the GNU Lesser General Public
# License along with this library; if not, write to the Free Software
# Foundation, Inc., 51 Franklin Street, Fifth Floor, Boston, MA  02110-1301  USA
# ========LICENCE========
#/",[],Autotool,0,1,22
21041,linbox-team/fflas-ffpack,https://github.com/linbox-team/fflas-ffpack/blob/cba05db764af3382fc79300b5b5e5bf90d58cb72/fflas-ffpack/fflas/fflas_sparse/sell/Makefile.am#L1,"# Copyright (c) 2014 FFLAS-FFPACK
# written by Bastien Vialla <bastien.vialla@lirmm.fr>
#
#
# ========LICENCE========
# This file is part of the library FFLAS-FFPACK.
#
# FFLAS-FFPACK is free software: you can redistribute it and/or modify
# it under the terms of the  GNU Lesser General Public
# License as published by the Free Software Foundation; either
# version 2.1 of the License, or (at your option) any later version.
#
# This library is distributed in the hope that it will be useful,
# but WITHOUT ANY WARRANTY; without even the implied warranty of
# MERCHANTABILITY or FITNESS FOR A PARTICULAR PURPOSE.  See the GNU
# Lesser General Public License for more details.
#
# You should have received a copy of the GNU Lesser General Public
# License along with this library; if not, write to the Free Software
# Foundation, Inc., 51 Franklin Street, Fifth Floor, Boston, MA  02110-1301  USA
# ========LICENCE========
#/",[],Autotool,0,1,22
21041,linbox-team/fflas-ffpack,https://github.com/linbox-team/fflas-ffpack/blob/cba05db764af3382fc79300b5b5e5bf90d58cb72/fflas-ffpack/ffpack/Makefile.am#L1,"# Copyright (c) 2011 FFLAS-FFPACK
# written by Brice Boyer (briceboyer) <boyer.brice@gmail.com>
# adapted from LinBox configuration
#
# ========LICENCE========
# This file is part of the library FFLAS-FFPACK.
#
# FFLAS-FFPACK is free software: you can redistribute it and/or modify
# it under the terms of the  GNU Lesser General Public
# License as published by the Free Software Foundation; either
# version 2.1 of the License, or (at your option) any later version.
#
# This library is distributed in the hope that it will be useful,
# but WITHOUT ANY WARRANTY; without even the implied warranty of
# MERCHANTABILITY or FITNESS FOR A PARTICULAR PURPOSE.  See the GNU
# Lesser General Public License for more details.
#
# You should have received a copy of the GNU Lesser General Public
# License along with this library; if not, write to the Free Software
# Foundation, Inc., 51 Franklin Street, Fifth Floor, Boston, MA  02110-1301  USA
# ========LICENCE========
#/",[],Autotool,0,1,22
21041,linbox-team/fflas-ffpack,https://github.com/linbox-team/fflas-ffpack/blob/cba05db764af3382fc79300b5b5e5bf90d58cb72/fflas-ffpack/field/Makefile.am#L1,"# Copyright (c) 2011 FFLAS-FFPACK
# written by Brice Boyer (briceboyer) <boyer.brice@gmail.com>
# adapted from LinBox configuration
#
# ========LICENCE========
# This file is part of the library FFLAS-FFPACK.
#
# FFLAS-FFPACK is free software: you can redistribute it and/or modify
# it under the terms of the  GNU Lesser General Public
# License as published by the Free Software Foundation; either
# version 2.1 of the License, or (at your option) any later version.
#
# This library is distributed in the hope that it will be useful,
# but WITHOUT ANY WARRANTY; without even the implied warranty of
# MERCHANTABILITY or FITNESS FOR A PARTICULAR PURPOSE.  See the GNU
# Lesser General Public License for more details.
#
# You should have received a copy of the GNU Lesser General Public
# License along with this library; if not, write to the Free Software
# Foundation, Inc., 51 Franklin Street, Fifth Floor, Boston, MA  02110-1301  USA
# ========LICENCE========
#/",[],Autotool,0,1,22
21041,linbox-team/fflas-ffpack,https://github.com/linbox-team/fflas-ffpack/blob/cba05db764af3382fc79300b5b5e5bf90d58cb72/fflas-ffpack/interfaces/Makefile.am#L1,"# Copyright (c) 2010 the LinBox group
# Written by Brice Boyer (briceboyer) <boyer.brice@gmail.com>
# ========LICENCE========
# This file is part of the library LinBox.
#
# LinBox is free software: you can redistribute it and/or modify
# it under the terms of the  GNU Lesser General Public
# License as published by the Free Software Foundation; either
# version 2.1 of the License, or (at your option) any later version.
#
# This library is distributed in the hope that it will be useful,
# but WITHOUT ANY WARRANTY; without even the implied warranty of
# MERCHANTABILITY or FITNESS FOR A PARTICULAR PURPOSE.  See the GNU
# Lesser General Public License for more details.
#
# You should have received a copy of the GNU Lesser General Public
# License along with this library; if not, write to the Free Software
# Foundation, Inc., 51 Franklin Street, Fifth Floor, Boston, MA  02110-1301  USA
# ========LICENCE========",[],Autotool,0,1,19
21041,linbox-team/fflas-ffpack,https://github.com/linbox-team/fflas-ffpack/blob/cba05db764af3382fc79300b5b5e5bf90d58cb72/fflas-ffpack/interfaces/libs/Makefile.am#L1,"# Copyright (c) 2010 the LinBox group
# Written by Brice Boyer (briceboyer) <boyer.brice@gmail.com>
# ========LICENCE========
# This file is part of the library LinBox.
#
# LinBox is free software: you can redistribute it and/or modify
# it under the terms of the  GNU Lesser General Public
# License as published by the Free Software Foundation; either
# version 2.1 of the License, or (at your option) any later version.
#
# This library is distributed in the hope that it will be useful,
# but WITHOUT ANY WARRANTY; without even the implied warranty of
# MERCHANTABILITY or FITNESS FOR A PARTICULAR PURPOSE.  See the GNU
# Lesser General Public License for more details.
#
# You should have received a copy of the GNU Lesser General Public
# License along with this library; if not, write to the Free Software
# Foundation, Inc., 51 Franklin Street, Fifth Floor, Boston, MA  02110-1301  USA
# ========LICENCE========",[],Autotool,0,1,19
21041,linbox-team/fflas-ffpack,https://github.com/linbox-team/fflas-ffpack/blob/cba05db764af3382fc79300b5b5e5bf90d58cb72/fflas-ffpack/interfaces/libs/Makefile.am#L27,#AM_LDFLAGS=-static ,[],Autotool,0,27,27
21041,linbox-team/fflas-ffpack,https://github.com/linbox-team/fflas-ffpack/blob/cba05db764af3382fc79300b5b5e5bf90d58cb72/fflas-ffpack/interfaces/libs/Makefile.am#L69,#libfflas_c_la_CPPFLAGS=$(AM_CPPFLAGS) -DFFLAS_COMPILED -DFFPACK_COMPILED,[],Autotool,0,69,69
21041,linbox-team/fflas-ffpack,https://github.com/linbox-team/fflas-ffpack/blob/cba05db764af3382fc79300b5b5e5bf90d58cb72/fflas-ffpack/interfaces/libs/Makefile.am#L74,#libffpack_c_la_CPPFLAGS=$(AM_CPPFLAGS) -DFFLAS_COMPILED -DFFPACK_COMPILED,[],Autotool,0,74,74
21041,linbox-team/fflas-ffpack,https://github.com/linbox-team/fflas-ffpack/blob/cba05db764af3382fc79300b5b5e5bf90d58cb72/fflas-ffpack/paladin/Makefile.am#L1,"# Copyright (c) 2011 FFLAS-FFPACK
# ========LICENCE========
# This file is part of the library FFLAS-FFPACK.
#
# FFLAS-FFPACK is free software: you can redistribute it and/or modify
# it under the terms of the  GNU Lesser General Public
# License as published by the Free Software Foundation; either
# version 2.1 of the License, or (at your option) any later version.
#
# This library is distributed in the hope that it will be useful,
# but WITHOUT ANY WARRANTY; without even the implied warranty of
# MERCHANTABILITY or FITNESS FOR A PARTICULAR PURPOSE.  See the GNU
# Lesser General Public License for more details.
#
# You should have received a copy of the GNU Lesser General Public
# License along with this library; if not, write to the Free Software
# Foundation, Inc., 51 Franklin Street, Fifth Floor, Boston, MA  02110-1301  USA
# ========LICENCE========",[],Autotool,0,1,18
21041,linbox-team/fflas-ffpack,https://github.com/linbox-team/fflas-ffpack/blob/cba05db764af3382fc79300b5b5e5bf90d58cb72/fflas-ffpack/utils/Makefile.am#L1,"# Copyright (c) 2011 FFLAS-FFPACK
# written by Brice Boyer (briceboyer) <boyer.brice@gmail.com>
# ========LICENCE========
# This file is part of the library FFLAS-FFPACK.
#
# FFLAS-FFPACK is free software: you can redistribute it and/or modify
# it under the terms of the  GNU Lesser General Public
# License as published by the Free Software Foundation; either
# version 2.1 of the License, or (at your option) any later version.
#
# This library is distributed in the hope that it will be useful,
# but WITHOUT ANY WARRANTY; without even the implied warranty of
# MERCHANTABILITY or FITNESS FOR A PARTICULAR PURPOSE.  See the GNU
# Lesser General Public License for more details.
#
# You should have received a copy of the GNU Lesser General Public
# License along with this library; if not, write to the Free Software
# Foundation, Inc., 51 Franklin Street, Fifth Floor, Boston, MA  02110-1301  USA
# ========LICENCE========",[],Autotool,0,1,19
21041,linbox-team/fflas-ffpack,https://github.com/linbox-team/fflas-ffpack/blob/cba05db764af3382fc79300b5b5e5bf90d58cb72/macros/Makefile.am#L1,"# Copyright (c) 2011 FFLAS-FFPACK
# written by Brice Boyer (briceboyer) <boyer.brice@gmail.com>
# adapted from LinBox configuration
#
# ========LICENCE========
# This file is part of the library FFLAS-FFPACK.
#
# FFLAS-FFPACK is free software: you can redistribute it and/or modify
# it under the terms of the  GNU Lesser General Public
# License as published by the Free Software Foundation; either
# version 2.1 of the License, or (at your option) any later version.
#
# This library is distributed in the hope that it will be useful,
# but WITHOUT ANY WARRANTY; without even the implied warranty of
# MERCHANTABILITY or FITNESS FOR A PARTICULAR PURPOSE.  See the GNU
# Lesser General Public License for more details.
#
# You should have received a copy of the GNU Lesser General Public
# License along with this library; if not, write to the Free Software
# Foundation, Inc., 51 Franklin Street, Fifth Floor, Boston, MA  02110-1301  USA
# ========LICENCE========
#/",[],Autotool,0,1,22
21041,linbox-team/fflas-ffpack,https://github.com/linbox-team/fflas-ffpack/blob/cba05db764af3382fc79300b5b5e5bf90d58cb72/macros/CodeChunk/Makefile.am#L1,"# Copyright (c) 2013 FFLAS-FFPACK
# written by Brice Boyer (briceboyer) <boyer.brice@gmail.com>
# adapted from LinBox configuration
#
# ========LICENCE========
# This file is part of the library FFLAS-FFPACK.
#
# FFLAS-FFPACK is free software: you can redistribute it and/or modify
# it under the terms of the  GNU Lesser General Public
# License as published by the Free Software Foundation; either
# version 2.1 of the License, or (at your option) any later version.
#
# This library is distributed in the hope that it will be useful,
# but WITHOUT ANY WARRANTY; without even the implied warranty of
# MERCHANTABILITY or FITNESS FOR A PARTICULAR PURPOSE.  See the GNU
# Lesser General Public License for more details.
#
# You should have received a copy of the GNU Lesser General Public
# License along with this library; if not, write to the Free Software
# Foundation, Inc., 51 Franklin Street, Fifth Floor, Boston, MA  02110-1301  USA
# ========LICENCE========
#/",[],Autotool,0,1,22
21041,linbox-team/fflas-ffpack,https://github.com/linbox-team/fflas-ffpack/blob/cba05db764af3382fc79300b5b5e5bf90d58cb72/tests/Makefile.am#L1,"# Copyright (c) 2011 FFLAS-FFPACK
# written by Brice Boyer (briceboyer) <boyer.brice@gmail.com>
#
# ========LICENCE========
# This file is part of the library FFLAS-FFPACK.
#
# FFLAS-FFPACK is free software: you can redistribute it and/or modify
# it under the terms of the  GNU Lesser General Public
# License as published by the Free Software Foundation; either
# version 2.1 of the License, or (at your option) any later version.
#
# This library is distributed in the hope that it will be useful,
# but WITHOUT ANY WARRANTY; without even the implied warranty of
# MERCHANTABILITY or FITNESS FOR A PARTICULAR PURPOSE.  See the GNU
# Lesser General Public License for more details.
#
# You should have received a copy of the GNU Lesser General Public
# License along with this library; if not, write to the Free Software
# Foundation, Inc., 51 Franklin Street, Fifth Floor, Boston, MA  02110-1301  USA
# ========LICENCE========
#/",[],Autotool,0,1,21
21041,linbox-team/fflas-ffpack,https://github.com/linbox-team/fflas-ffpack/blob/cba05db764af3382fc79300b5b5e5bf90d58cb72/tests/Makefile.am#L84,#test_interfaces_c_CFLAGS = $(AM_CXXFLAGS),[],Autotool,0,84,84
21041,linbox-team/fflas-ffpack,https://github.com/linbox-team/fflas-ffpack/blob/cba05db764af3382fc79300b5b5e5bf90d58cb72/tests/Makefile.am#L133,#  test_fgemm_SOURCES             = test-fgemm.C,[],Autotool,0,133,133
21041,linbox-team/fflas-ffpack,https://github.com/linbox-team/fflas-ffpack/blob/cba05db764af3382fc79300b5b5e5bf90d58cb72/tests/Makefile.am#L135,"#  test_ftrmm_SOURCES             = test-ftrmm.C
#  testeur_fgemm_SOURCES          = testeur_fgemm.C",[],Autotool,0,135,136
21041,linbox-team/fflas-ffpack,https://github.com/linbox-team/fflas-ffpack/blob/cba05db764af3382fc79300b5b5e5bf90d58cb72/tests/Makefile.am#L146,"#  test_redechelon_SOURCES        = test-redechelon.C
#  testeur_ftrsm_SOURCES          = testeur_ftrsm.C",[],Autotool,0,146,147
21041,linbox-team/fflas-ffpack,https://github.com/linbox-team/fflas-ffpack/blob/cba05db764af3382fc79300b5b5e5bf90d58cb72/tests/Makefile.am#L149,"#  testeur_lqup_SOURCES           = testeur_lqup.C
#  test_fullranksubmatrix_SOURCES = test-fullranksubmatrix.C
#  test_invert_SOURCES            = test-invert.C
#  test_krylov_elim_SOURCES       = test-krylov-elim.C",[],Autotool,0,149,152
21041,linbox-team/fflas-ffpack,https://github.com/linbox-team/fflas-ffpack/blob/cba05db764af3382fc79300b5b5e5bf90d58cb72/tests/Makefile.am#L154,#  test_frobenius_SOURCES         = test-frobenius.C,[],Autotool,0,154,154
21041,linbox-team/fflas-ffpack,https://github.com/linbox-team/fflas-ffpack/blob/cba05db764af3382fc79300b5b5e5bf90d58cb72/tests/Makefile.am#L160,#test_sparse_SOURCES = test-sparse.C,[],Autotool,0,160,160
21041,linbox-team/fflas-ffpack,https://github.com/linbox-team/fflas-ffpack/blob/cba05db764af3382fc79300b5b5e5bf90d58cb72/tests/Makefile.am#L163,#  test_fspmv_SOURCES = test-fspmv.C,[],Autotool,0,163,163
21041,linbox-team/fflas-ffpack,https://github.com/linbox-team/fflas-ffpack/blob/cba05db764af3382fc79300b5b5e5bf90d58cb72/tests/Makefile.am#L170,#test_pfgemm_DSL_SOURCES = test-pfgemm-DSL.C,[],Autotool,0,170,170
21041,linbox-team/fflas-ffpack,https://github.com/linbox-team/fflas-ffpack/blob/cba05db764af3382fc79300b5b5e5bf90d58cb72/tests/Makefile.am#L173,# Perfpublisher script interaction - AB 2014/11/17,[],Autotool,0,173,173
21041,linbox-team/fflas-ffpack,https://github.com/linbox-team/fflas-ffpack/blob/cba05db764af3382fc79300b5b5e5bf90d58cb72/tests/Makefile.am#L180,# for compilation of new tests,[],Autotool,0,180,180
21041,linbox-team/fflas-ffpack,https://github.com/linbox-team/fflas-ffpack/blob/cba05db764af3382fc79300b5b5e5bf90d58cb72/tests/data/Makefile.am#L1,"# Copyright (c) 2011 FFLAS-FFPACK
# written by Brice Boyer (briceboyer) <boyer.brice@gmail.com>
#
# ========LICENCE========
# This file is part of the library FFLAS-FFPACK.
#
# FFLAS-FFPACK is free software: you can redistribute it and/or modify
# it under the terms of the  GNU Lesser General Public
# License as published by the Free Software Foundation; either
# version 2.1 of the License, or (at your option) any later version.
#
# This library is distributed in the hope that it will be useful,
# but WITHOUT ANY WARRANTY; without even the implied warranty of
# MERCHANTABILITY or FITNESS FOR A PARTICULAR PURPOSE.  See the GNU
# Lesser General Public License for more details.
#
# You should have received a copy of the GNU Lesser General Public
# License along with this library; if not, write to the Free Software
# Foundation, Inc., 51 Franklin Street, Fifth Floor, Boston, MA  02110-1301  USA
# ========LICENCE========
#/",[],Autotool,0,1,21
21041,linbox-team/fflas-ffpack,https://github.com/linbox-team/fflas-ffpack/blob/cba05db764af3382fc79300b5b5e5bf90d58cb72/tutorials/Makefile.am#L1,"# Copyright (c) 2017 FFLAS-FFPACK
# written by JGD <Jean-Guillaume.Dumas@imag.fr>
# Philippe LEDENT <philippe.ledent@etu.univ-grenoble-alpes.fr>
#
# ========LICENCE========
# This file is part of the library FFLAS-FFPACK.
#
# FFLAS-FFPACK is free software: you can redistribute it and/or modify
# it under the terms of the  GNU Lesser General Public
# License as published by the Free Software Foundation; either
# version 2.1 of the License, or (at your option) any later version.
#
# This library is distributed in the hope that it will be useful,
# but WITHOUT ANY WARRANTY; without even the implied warranty of
# MERCHANTABILITY or FITNESS FOR A PARTICULAR PURPOSE.  See the GNU
# Lesser General Public License for more details.
#
# You should have received a copy of the GNU Lesser General Public
# License along with this library; if not, write to the Free Software
# Foundation, Inc., 51 Franklin Street, Fifth Floor, Boston, MA  02110-1301  USA
# ========LICENCE========
#/",[],Autotool,0,1,22
21041,linbox-team/fflas-ffpack,https://github.com/linbox-team/fflas-ffpack/blob/cba05db764af3382fc79300b5b5e5bf90d58cb72/configure.ac#L1,"# Copyright (c) 2011 FFLAS-FFPACK
# written by Brice Boyer (briceboyer) <boyer.brice@gmail.com>
# adapted from LinBox configuration
#
# ========LICENCE========
# This file is part of the library FFLAS-FFPACK.
#
# FFLAS-FFPACK is free software: you can redistribute it and/or modify
# it under the terms of the  GNU Lesser General Public
# License as published by the Free Software Foundation; either
# version 2.1 of the License, or (at your option) any later version.
#
# This library is distributed in the hope that it will be useful,
# but WITHOUT ANY WARRANTY; without even the implied warranty of
# MERCHANTABILITY or FITNESS FOR A PARTICULAR PURPOSE.  See the GNU
# Lesser General Public License for more details.
#
# You should have received a copy of the GNU Lesser General Public
# License along with this library; if not, write to the Free Software
# Foundation, Inc., 51 Franklin Street, Fifth Floor, Boston, MA  02110-1301  USA
# ========LICENCE========
#/",[],Autotool,0,1,22
21041,linbox-team/fflas-ffpack,https://github.com/linbox-team/fflas-ffpack/blob/cba05db764af3382fc79300b5b5e5bf90d58cb72/configure.ac#L40,"# Set CXXFLAGS to an empty string if not defined, and save it. We must do it
# before calling AC_PROG_CXX that sets it to '-O2 -g' if not defined",[],Autotool,0,40,41
21041,linbox-team/fflas-ffpack,https://github.com/linbox-team/fflas-ffpack/blob/cba05db764af3382fc79300b5b5e5bf90d58cb72/configure.ac#L45,# We set the language to C++,[],Autotool,0,45,45
21041,linbox-team/fflas-ffpack,https://github.com/linbox-team/fflas-ffpack/blob/cba05db764af3382fc79300b5b5e5bf90d58cb72/configure.ac#L49,#,[],Autotool,0,49,49
21041,linbox-team/fflas-ffpack,https://github.com/linbox-team/fflas-ffpack/blob/cba05db764af3382fc79300b5b5e5bf90d58cb72/configure.ac#L52,# Libtool,[],Autotool,0,52,52
21041,linbox-team/fflas-ffpack,https://github.com/linbox-team/fflas-ffpack/blob/cba05db764af3382fc79300b5b5e5bf90d58cb72/configure.ac#L57,# Look for headers,[],Autotool,0,57,57
21041,linbox-team/fflas-ffpack,https://github.com/linbox-team/fflas-ffpack/blob/cba05db764af3382fc79300b5b5e5bf90d58cb72/configure.ac#L61,#,[],Autotool,0,61,61
21041,linbox-team/fflas-ffpack,https://github.com/linbox-team/fflas-ffpack/blob/cba05db764af3382fc79300b5b5e5bf90d58cb72/configure.ac#L65,#################################################,[],Autotool,0,65,65
21041,linbox-team/fflas-ffpack,https://github.com/linbox-team/fflas-ffpack/blob/cba05db764af3382fc79300b5b5e5bf90d58cb72/configure.ac#L67,#################################################,[],Autotool,0,67,67
21041,linbox-team/fflas-ffpack,https://github.com/linbox-team/fflas-ffpack/blob/cba05db764af3382fc79300b5b5e5bf90d58cb72/configure.ac#L71,"# We need a C++11 compiler now - AB 2014-12-12
# clang-3.8 does not support __float128 without explicitly passing it -std=c++11",[],Autotool,0,71,72
21041,linbox-team/fflas-ffpack,https://github.com/linbox-team/fflas-ffpack/blob/cba05db764af3382fc79300b5b5e5bf90d58cb72/configure.ac#L78,# Add the c++11 flags for the configure compilations as clang needs it to work properly with a glibc++ compiled with gcc,[],Autotool,0,78,78
21041,linbox-team/fflas-ffpack,https://github.com/linbox-team/fflas-ffpack/blob/cba05db764af3382fc79300b5b5e5bf90d58cb72/configure.ac#L83,"# Set OPTIM_FLAGS, DEBUG_FLAGS depending on compiler and command line arguments",[],Autotool,0,83,83
21041,linbox-team/fflas-ffpack,https://github.com/linbox-team/fflas-ffpack/blob/cba05db764af3382fc79300b5b5e5bf90d58cb72/configure.ac#L86,"# Append -march=native or -mcpu=native (if recognized by the compiler) to
# OPTIM_FLAGS if not present in CXXFLAGS and not cross-compiling and
# --without-archnative is not set",[],Autotool,0,86,88
21041,linbox-team/fflas-ffpack,https://github.com/linbox-team/fflas-ffpack/blob/cba05db764af3382fc79300b5b5e5bf90d58cb72/configure.ac#L91,# Append -mfpmath=sse to OPTIM_FLAGS on i386 and i686 architecture with SSE,[],Autotool,0,91,91
21041,linbox-team/fflas-ffpack,https://github.com/linbox-team/fflas-ffpack/blob/cba05db764af3382fc79300b5b5e5bf90d58cb72/configure.ac#L95,# Machine characteristics,[],Autotool,0,95,95
21041,linbox-team/fflas-ffpack,https://github.com/linbox-team/fflas-ffpack/blob/cba05db764af3382fc79300b5b5e5bf90d58cb72/configure.ac#L97,# Size of some types,[],Autotool,0,97,97
21041,linbox-team/fflas-ffpack,https://github.com/linbox-team/fflas-ffpack/blob/cba05db764af3382fc79300b5b5e5bf90d58cb72/configure.ac#L105,# Looking for int128,[],Autotool,0,105,105
21041,linbox-team/fflas-ffpack,https://github.com/linbox-team/fflas-ffpack/blob/cba05db764af3382fc79300b5b5e5bf90d58cb72/configure.ac#L109,# check endianness of the architecture,[],Autotool,0,109,109
21041,linbox-team/fflas-ffpack,https://github.com/linbox-team/fflas-ffpack/blob/cba05db764af3382fc79300b5b5e5bf90d58cb72/configure.ac#L117,# Looking for OpenMP,[],Autotool,0,117,117
21041,linbox-team/fflas-ffpack,https://github.com/linbox-team/fflas-ffpack/blob/cba05db764af3382fc79300b5b5e5bf90d58cb72/configure.ac#L126,# Feature checks,[],Autotool,0,126,126
21041,linbox-team/fflas-ffpack,https://github.com/linbox-team/fflas-ffpack/blob/cba05db764af3382fc79300b5b5e5bf90d58cb72/configure.ac#L130,# Looking for Givaro. We get the flags for GMP at the same time,[],Autotool,0,130,130
21041,linbox-team/fflas-ffpack,https://github.com/linbox-team/fflas-ffpack/blob/cba05db764af3382fc79300b5b5e5bf90d58cb72/configure.ac#L146,# FF_CHECK_CUDA,[],Autotool,0,146,146
21041,linbox-team/fflas-ffpack,https://github.com/linbox-team/fflas-ffpack/blob/cba05db764af3382fc79300b5b5e5bf90d58cb72/configure.ac#L161,#################################################,[],Autotool,0,161,161
21041,linbox-team/fflas-ffpack,https://github.com/linbox-team/fflas-ffpack/blob/cba05db764af3382fc79300b5b5e5bf90d58cb72/configure.ac#L163,#################################################,[],Autotool,0,163,163
