repoIndex,repoName,linkLocation,comment,keywords,buildSysteminFile,charPosition,startLine,endLine
21281,stereolabs/zed-examples,https://github.com/stereolabs/zed-examples/blob/d2729132872ca29cac624687d2228a1320adc687/body tracking/csharp/CMakeLists.txt#L15,"# Set the target platform to x64, since ZED SDK does not support 32-bits arch",[],CMake,0,15,15
21281,stereolabs/zed-examples,https://github.com/stereolabs/zed-examples/blob/d2729132872ca29cac624687d2228a1320adc687/body tracking/csharp/CMakeLists.txt#L18,# Set the .NET Framework version for the target.,[],CMake,0,18,18
21281,stereolabs/zed-examples,https://github.com/stereolabs/zed-examples/blob/d2729132872ca29cac624687d2228a1320adc687/body tracking/csharp/CMakeLists.txt#L21,"# Set the C# language version, otherwise default 3.0 is taken",[],CMake,0,21,21
21281,stereolabs/zed-examples,https://github.com/stereolabs/zed-examples/blob/d2729132872ca29cac624687d2228a1320adc687/camera control/csharp/CMakeLists.txt#L12,"# Set the target platform to x64, since ZED SDK does not support 32-bits arch",[],CMake,0,12,12
21281,stereolabs/zed-examples,https://github.com/stereolabs/zed-examples/blob/d2729132872ca29cac624687d2228a1320adc687/camera control/csharp/CMakeLists.txt#L15,# Set the .NET Framework version for the target.,[],CMake,0,15,15
21281,stereolabs/zed-examples,https://github.com/stereolabs/zed-examples/blob/d2729132872ca29cac624687d2228a1320adc687/camera control/csharp/CMakeLists.txt#L18,"# Set the C# language version, otherwise default 3.0 is taken",[],CMake,0,18,18
21281,stereolabs/zed-examples,https://github.com/stereolabs/zed-examples/blob/d2729132872ca29cac624687d2228a1320adc687/depth sensing/csharp/CMakeLists.txt#L14,"# Set the target platform to x64, since ZED SDK does not support 32-bits arch",[],CMake,0,14,14
21281,stereolabs/zed-examples,https://github.com/stereolabs/zed-examples/blob/d2729132872ca29cac624687d2228a1320adc687/depth sensing/csharp/CMakeLists.txt#L17,# Set the .NET Framework version for the target.,[],CMake,0,17,17
21281,stereolabs/zed-examples,https://github.com/stereolabs/zed-examples/blob/d2729132872ca29cac624687d2228a1320adc687/depth sensing/csharp/CMakeLists.txt#L20,"# Set the C# language version, otherwise default 3.0 is taken",[],CMake,0,20,20
21281,stereolabs/zed-examples,https://github.com/stereolabs/zed-examples/blob/d2729132872ca29cac624687d2228a1320adc687/object detection/birds eye viewer/csharp/CMakeLists.txt#L17,"# Set the target platform to x64, since ZED SDK does not support 32-bits arch",[],CMake,0,17,17
21281,stereolabs/zed-examples,https://github.com/stereolabs/zed-examples/blob/d2729132872ca29cac624687d2228a1320adc687/object detection/birds eye viewer/csharp/CMakeLists.txt#L20,# Set the .NET Framework version for the target.,[],CMake,0,20,20
21281,stereolabs/zed-examples,https://github.com/stereolabs/zed-examples/blob/d2729132872ca29cac624687d2228a1320adc687/object detection/birds eye viewer/csharp/CMakeLists.txt#L23,"# Set the C# language version, otherwise default 3.0 is taken",[],CMake,0,23,23
21281,stereolabs/zed-examples,https://github.com/stereolabs/zed-examples/blob/d2729132872ca29cac624687d2228a1320adc687/object detection/custom detector/cpp/opencv_dnn_yolov4/CMakeLists.txt#L40,# cuda,[],CMake,0,40,40
21281,stereolabs/zed-examples,https://github.com/stereolabs/zed-examples/blob/d2729132872ca29cac624687d2228a1320adc687/object detection/custom detector/cpp/opencv_dnn_yolov4/CMakeLists.txt#L43,# tensorrt,[],CMake,0,43,43
21281,stereolabs/zed-examples,https://github.com/stereolabs/zed-examples/blob/d2729132872ca29cac624687d2228a1320adc687/object detection/custom detector/cpp/tensorrt_yolov5_v5.0/CMakeLists.txt#L40,# cuda,[],CMake,0,40,40
21281,stereolabs/zed-examples,https://github.com/stereolabs/zed-examples/blob/d2729132872ca29cac624687d2228a1320adc687/object detection/custom detector/cpp/tensorrt_yolov5_v5.0/CMakeLists.txt#L43,# tensorrt,[],CMake,0,43,43
21281,stereolabs/zed-examples,https://github.com/stereolabs/zed-examples/blob/d2729132872ca29cac624687d2228a1320adc687/object detection/custom detector/cpp/tensorrt_yolov5_v6.0/CMakeLists.txt#L46,# cuda,[],CMake,0,46,46
21281,stereolabs/zed-examples,https://github.com/stereolabs/zed-examples/blob/d2729132872ca29cac624687d2228a1320adc687/object detection/custom detector/cpp/tensorrt_yolov5_v6.0/CMakeLists.txt#L49,# tensorrt,[],CMake,0,49,49
21281,stereolabs/zed-examples,https://github.com/stereolabs/zed-examples/blob/d2729132872ca29cac624687d2228a1320adc687/object detection/image viewer/csharp/CMakeLists.txt#L14,"# Set the target platform to x64, since ZED SDK does not support 32-bits arch",[],CMake,0,14,14
21281,stereolabs/zed-examples,https://github.com/stereolabs/zed-examples/blob/d2729132872ca29cac624687d2228a1320adc687/object detection/image viewer/csharp/CMakeLists.txt#L17,# Set the .NET Framework version for the target.,[],CMake,0,17,17
21281,stereolabs/zed-examples,https://github.com/stereolabs/zed-examples/blob/d2729132872ca29cac624687d2228a1320adc687/object detection/image viewer/csharp/CMakeLists.txt#L20,"# Set the C# language version, otherwise default 3.0 is taken",[],CMake,0,20,20
21281,stereolabs/zed-examples,https://github.com/stereolabs/zed-examples/blob/d2729132872ca29cac624687d2228a1320adc687/plane detection/csharp/CMakeLists.txt#L14,"# Set the target platform to x64, since ZED SDK does not support 32-bits arch",[],CMake,0,14,14
21281,stereolabs/zed-examples,https://github.com/stereolabs/zed-examples/blob/d2729132872ca29cac624687d2228a1320adc687/plane detection/csharp/CMakeLists.txt#L17,# Set the .NET Framework version for the target.,[],CMake,0,17,17
21281,stereolabs/zed-examples,https://github.com/stereolabs/zed-examples/blob/d2729132872ca29cac624687d2228a1320adc687/plane detection/csharp/CMakeLists.txt#L20,"# Set the C# language version, otherwise default 3.0 is taken",[],CMake,0,20,20
21281,stereolabs/zed-examples,https://github.com/stereolabs/zed-examples/blob/d2729132872ca29cac624687d2228a1320adc687/positional tracking/csharp/CMakeLists.txt#L15,"# Set the target platform to x64, since ZED SDK does not support 32-bits arch",[],CMake,0,15,15
21281,stereolabs/zed-examples,https://github.com/stereolabs/zed-examples/blob/d2729132872ca29cac624687d2228a1320adc687/positional tracking/csharp/CMakeLists.txt#L18,# Set the .NET Framework version for the target.,[],CMake,0,18,18
21281,stereolabs/zed-examples,https://github.com/stereolabs/zed-examples/blob/d2729132872ca29cac624687d2228a1320adc687/positional tracking/csharp/CMakeLists.txt#L21,"# Set the C# language version, otherwise default 3.0 is taken",[],CMake,0,21,21
21281,stereolabs/zed-examples,https://github.com/stereolabs/zed-examples/blob/d2729132872ca29cac624687d2228a1320adc687/spatial mapping/basic/csharp/CMakeLists.txt#L14,"# Set the target platform to x64, since ZED SDK does not support 32-bits arch",[],CMake,0,14,14
21281,stereolabs/zed-examples,https://github.com/stereolabs/zed-examples/blob/d2729132872ca29cac624687d2228a1320adc687/spatial mapping/basic/csharp/CMakeLists.txt#L17,# Set the .NET Framework version for the target.,[],CMake,0,17,17
21281,stereolabs/zed-examples,https://github.com/stereolabs/zed-examples/blob/d2729132872ca29cac624687d2228a1320adc687/spatial mapping/basic/csharp/CMakeLists.txt#L20,"# Set the C# language version, otherwise default 3.0 is taken",[],CMake,0,20,20
21281,stereolabs/zed-examples,https://github.com/stereolabs/zed-examples/blob/d2729132872ca29cac624687d2228a1320adc687/svo recording/export/csharp/CMakeLists.txt#L12,"# Set the target platform to x64, since ZED SDK does not support 32-bits arch",[],CMake,0,12,12
21281,stereolabs/zed-examples,https://github.com/stereolabs/zed-examples/blob/d2729132872ca29cac624687d2228a1320adc687/svo recording/export/csharp/CMakeLists.txt#L15,# Set the .NET Framework version for the target.,[],CMake,0,15,15
21281,stereolabs/zed-examples,https://github.com/stereolabs/zed-examples/blob/d2729132872ca29cac624687d2228a1320adc687/svo recording/export/csharp/CMakeLists.txt#L18,"# Set the C# language version, otherwise default 3.0 is taken",[],CMake,0,18,18
21281,stereolabs/zed-examples,https://github.com/stereolabs/zed-examples/blob/d2729132872ca29cac624687d2228a1320adc687/svo recording/playback/csharp/CMakeLists.txt#L12,"# Set the target platform to x64, since ZED SDK does not support 32-bits arch",[],CMake,0,12,12
21281,stereolabs/zed-examples,https://github.com/stereolabs/zed-examples/blob/d2729132872ca29cac624687d2228a1320adc687/svo recording/playback/csharp/CMakeLists.txt#L15,# Set the .NET Framework version for the target.,[],CMake,0,15,15
21281,stereolabs/zed-examples,https://github.com/stereolabs/zed-examples/blob/d2729132872ca29cac624687d2228a1320adc687/svo recording/playback/csharp/CMakeLists.txt#L18,"# Set the C# language version, otherwise default 3.0 is taken",[],CMake,0,18,18
21281,stereolabs/zed-examples,https://github.com/stereolabs/zed-examples/blob/d2729132872ca29cac624687d2228a1320adc687/svo recording/recording/csharp/CMakeLists.txt#L12,"# Set the target platform to x64, since ZED SDK does not support 32-bits arch",[],CMake,0,12,12
21281,stereolabs/zed-examples,https://github.com/stereolabs/zed-examples/blob/d2729132872ca29cac624687d2228a1320adc687/svo recording/recording/csharp/CMakeLists.txt#L15,# Set the .NET Framework version for the target.,[],CMake,0,15,15
21281,stereolabs/zed-examples,https://github.com/stereolabs/zed-examples/blob/d2729132872ca29cac624687d2228a1320adc687/svo recording/recording/csharp/CMakeLists.txt#L18,"# Set the C# language version, otherwise default 3.0 is taken",[],CMake,0,18,18
21281,stereolabs/zed-examples,https://github.com/stereolabs/zed-examples/blob/d2729132872ca29cac624687d2228a1320adc687/tutorials/tutorial 1 - hello ZED/csharp/CMakeLists.txt#L13,"# Set the target platform to x64, since ZED SDK does not support 32-bits arch",[],CMake,0,13,13
21281,stereolabs/zed-examples,https://github.com/stereolabs/zed-examples/blob/d2729132872ca29cac624687d2228a1320adc687/tutorials/tutorial 1 - hello ZED/csharp/CMakeLists.txt#L16,# Set the .NET Framework version for the target.,[],CMake,0,16,16
21281,stereolabs/zed-examples,https://github.com/stereolabs/zed-examples/blob/d2729132872ca29cac624687d2228a1320adc687/tutorials/tutorial 1 - hello ZED/csharp/CMakeLists.txt#L19,"# Set the C# language version, otherwise default 3.0 is taken",[],CMake,0,19,19
21281,stereolabs/zed-examples,https://github.com/stereolabs/zed-examples/blob/d2729132872ca29cac624687d2228a1320adc687/tutorials/tutorial 2 - image capture/csharp/CMakeLists.txt#L12,"# Set the target platform to x64, since ZED SDK does not support 32-bits arch",[],CMake,0,12,12
21281,stereolabs/zed-examples,https://github.com/stereolabs/zed-examples/blob/d2729132872ca29cac624687d2228a1320adc687/tutorials/tutorial 2 - image capture/csharp/CMakeLists.txt#L15,# Set the .NET Framework version for the target.,[],CMake,0,15,15
21281,stereolabs/zed-examples,https://github.com/stereolabs/zed-examples/blob/d2729132872ca29cac624687d2228a1320adc687/tutorials/tutorial 2 - image capture/csharp/CMakeLists.txt#L18,"# Set the C# language version, otherwise default 3.0 is taken",[],CMake,0,18,18
21281,stereolabs/zed-examples,https://github.com/stereolabs/zed-examples/blob/d2729132872ca29cac624687d2228a1320adc687/tutorials/tutorial 3 - depth sensing/csharp/CMakeLists.txt#L12,"# Set the target platform to x64, since ZED SDK does not support 32-bits arch",[],CMake,0,12,12
21281,stereolabs/zed-examples,https://github.com/stereolabs/zed-examples/blob/d2729132872ca29cac624687d2228a1320adc687/tutorials/tutorial 3 - depth sensing/csharp/CMakeLists.txt#L15,# Set the .NET Framework version for the target.,[],CMake,0,15,15
21281,stereolabs/zed-examples,https://github.com/stereolabs/zed-examples/blob/d2729132872ca29cac624687d2228a1320adc687/tutorials/tutorial 3 - depth sensing/csharp/CMakeLists.txt#L18,"# Set the C# language version, otherwise default 3.0 is taken",[],CMake,0,18,18
21281,stereolabs/zed-examples,https://github.com/stereolabs/zed-examples/blob/d2729132872ca29cac624687d2228a1320adc687/tutorials/tutorial 4 - positional tracking/csharp/CMakeLists.txt#L12,"# Set the target platform to x64, since ZED SDK does not support 32-bits arch",[],CMake,0,12,12
21281,stereolabs/zed-examples,https://github.com/stereolabs/zed-examples/blob/d2729132872ca29cac624687d2228a1320adc687/tutorials/tutorial 4 - positional tracking/csharp/CMakeLists.txt#L15,# Set the .NET Framework version for the target.,[],CMake,0,15,15
21281,stereolabs/zed-examples,https://github.com/stereolabs/zed-examples/blob/d2729132872ca29cac624687d2228a1320adc687/tutorials/tutorial 4 - positional tracking/csharp/CMakeLists.txt#L18,"# Set the C# language version, otherwise default 3.0 is taken",[],CMake,0,18,18
21281,stereolabs/zed-examples,https://github.com/stereolabs/zed-examples/blob/d2729132872ca29cac624687d2228a1320adc687/tutorials/tutorial 5 - spatial mapping/csharp/CMakeLists.txt#L12,"# Set the target platform to x64, since ZED SDK does not support 32-bits arch",[],CMake,0,12,12
21281,stereolabs/zed-examples,https://github.com/stereolabs/zed-examples/blob/d2729132872ca29cac624687d2228a1320adc687/tutorials/tutorial 5 - spatial mapping/csharp/CMakeLists.txt#L15,# Set the .NET Framework version for the target.,[],CMake,0,15,15
21281,stereolabs/zed-examples,https://github.com/stereolabs/zed-examples/blob/d2729132872ca29cac624687d2228a1320adc687/tutorials/tutorial 5 - spatial mapping/csharp/CMakeLists.txt#L18,"# Set the C# language version, otherwise default 3.0 is taken",[],CMake,0,18,18
21281,stereolabs/zed-examples,https://github.com/stereolabs/zed-examples/blob/d2729132872ca29cac624687d2228a1320adc687/tutorials/tutorial 6 - object detection/csharp/CMakeLists.txt#L12,"# Set the target platform to x64, since ZED SDK does not support 32-bits arch",[],CMake,0,12,12
21281,stereolabs/zed-examples,https://github.com/stereolabs/zed-examples/blob/d2729132872ca29cac624687d2228a1320adc687/tutorials/tutorial 6 - object detection/csharp/CMakeLists.txt#L15,# Set the .NET Framework version for the target.,[],CMake,0,15,15
21281,stereolabs/zed-examples,https://github.com/stereolabs/zed-examples/blob/d2729132872ca29cac624687d2228a1320adc687/tutorials/tutorial 6 - object detection/csharp/CMakeLists.txt#L18,"# Set the C# language version, otherwise default 3.0 is taken",[],CMake,0,18,18
21281,stereolabs/zed-examples,https://github.com/stereolabs/zed-examples/blob/d2729132872ca29cac624687d2228a1320adc687/tutorials/tutorial 7 - sensor data/csharp/CMakeLists.txt#L12,"# Set the target platform to x64, since ZED SDK does not support 32-bits arch",[],CMake,0,12,12
21281,stereolabs/zed-examples,https://github.com/stereolabs/zed-examples/blob/d2729132872ca29cac624687d2228a1320adc687/tutorials/tutorial 7 - sensor data/csharp/CMakeLists.txt#L15,# Set the .NET Framework version for the target.,[],CMake,0,15,15
21281,stereolabs/zed-examples,https://github.com/stereolabs/zed-examples/blob/d2729132872ca29cac624687d2228a1320adc687/tutorials/tutorial 7 - sensor data/csharp/CMakeLists.txt#L18,"# Set the C# language version, otherwise default 3.0 is taken",[],CMake,0,18,18
21281,stereolabs/zed-examples,https://github.com/stereolabs/zed-examples/blob/d2729132872ca29cac624687d2228a1320adc687/tutorials/tutorial 8 - body tracking/csharp/CMakeLists.txt#L14,"# Set the target platform to x64, since ZED SDK does not support 32-bits arch",[],CMake,0,14,14
21281,stereolabs/zed-examples,https://github.com/stereolabs/zed-examples/blob/d2729132872ca29cac624687d2228a1320adc687/tutorials/tutorial 8 - body tracking/csharp/CMakeLists.txt#L17,# Set the .NET Framework version for the target.,[],CMake,0,17,17
21281,stereolabs/zed-examples,https://github.com/stereolabs/zed-examples/blob/d2729132872ca29cac624687d2228a1320adc687/tutorials/tutorial 8 - body tracking/csharp/CMakeLists.txt#L20,"# Set the C# language version, otherwise default 3.0 is taken",[],CMake,0,20,20
