repoIndex,repoName,linkLocation,comment,keywords,buildSysteminFile,charPosition,startLine,endLine
21492,intelligentsoftwaresystems/galois,https://github.com/intelligentsoftwaresystems/galois/blob/59d5aa54b4a7b6594660bb1b18b83ae6875b954c/libgalois/include/galois/config.h.in#L63,"// Macro to suppress compiler warnings that a variable is set but unused.
// This warning is buggy in gcc 7.",[],Autotool,0,63,64
21492,intelligentsoftwaresystems/galois,https://github.com/intelligentsoftwaresystems/galois/blob/59d5aa54b4a7b6594660bb1b18b83ae6875b954c/CMakeLists.txt#L14,# Also in COPYRIGHT,[],CMake,34,14,14
21492,intelligentsoftwaresystems/galois,https://github.com/intelligentsoftwaresystems/galois/blob/59d5aa54b4a7b6594660bb1b18b83ae6875b954c/CMakeLists.txt#L18,"# cmake default flags with relwithdebinfo is -O2 -g
# cmake default flags with release is -O3 -DNDEBUG",[],CMake,2,18,19
21492,intelligentsoftwaresystems/galois,https://github.com/intelligentsoftwaresystems/galois/blob/59d5aa54b4a7b6594660bb1b18b83ae6875b954c/CMakeLists.txt#L23,"###### Options (alternatively pass as options to cmake -DName=Value) ######
###### Distributed-heterogeneous features ######",[],CMake,0,23,24
21492,intelligentsoftwaresystems/galois,https://github.com/intelligentsoftwaresystems/galois/blob/59d5aa54b4a7b6594660bb1b18b83ae6875b954c/CMakeLists.txt#L26,"# e.g., ""3.7;6.1""",[],CMake,128,26,26
21492,intelligentsoftwaresystems/galois,https://github.com/intelligentsoftwaresystems/galois/blob/59d5aa54b4a7b6594660bb1b18b83ae6875b954c/CMakeLists.txt#L28,###### General features ######,[],CMake,0,28,28
21492,intelligentsoftwaresystems/galois,https://github.com/intelligentsoftwaresystems/galois/blob/59d5aa54b4a7b6594660bb1b18b83ae6875b954c/CMakeLists.txt#L37,"# This option is automatically handled by CMake.
# It makes add_library build a shared lib unless STATIC is explicitly specified.
# Putting this here is mostly just a placeholder so people know it's an option.
# Currently this is really only intended to change anything for the libgalois_shmem target.",[],CMake,0,37,40
21492,intelligentsoftwaresystems/galois,https://github.com/intelligentsoftwaresystems/galois/blob/59d5aa54b4a7b6594660bb1b18b83ae6875b954c/CMakeLists.txt#L42,###### Developer features ######,[],CMake,0,42,42
21492,intelligentsoftwaresystems/galois,https://github.com/intelligentsoftwaresystems/galois/blob/59d5aa54b4a7b6594660bb1b18b83ae6875b954c/CMakeLists.txt#L56,###### Configure (users don't need to go beyond here) ######,[],CMake,0,56,56
21492,intelligentsoftwaresystems/galois,https://github.com/intelligentsoftwaresystems/galois/blob/59d5aa54b4a7b6594660bb1b18b83ae6875b954c/CMakeLists.txt#L60,###### Configure compiler ######,[],CMake,0,60,60
21492,intelligentsoftwaresystems/galois,https://github.com/intelligentsoftwaresystems/galois/blob/59d5aa54b4a7b6594660bb1b18b83ae6875b954c/CMakeLists.txt#L62,# generate compile_commands.json,[],CMake,0,62,62
21492,intelligentsoftwaresystems/galois,https://github.com/intelligentsoftwaresystems/galois/blob/59d5aa54b4a7b6594660bb1b18b83ae6875b954c/CMakeLists.txt#L67,#...without compiler extensions like gnu++11,[],CMake,30,67,67
21492,intelligentsoftwaresystems/galois,https://github.com/intelligentsoftwaresystems/galois/blob/59d5aa54b4a7b6594660bb1b18b83ae6875b954c/CMakeLists.txt#L70,# Always include debug info,[],CMake,0,70,70
21492,intelligentsoftwaresystems/galois,https://github.com/intelligentsoftwaresystems/galois/blob/59d5aa54b4a7b6594660bb1b18b83ae6875b954c/CMakeLists.txt#L73,# GCC,[],CMake,0,73,73
21492,intelligentsoftwaresystems/galois,https://github.com/intelligentsoftwaresystems/galois/blob/59d5aa54b4a7b6594660bb1b18b83ae6875b954c/CMakeLists.txt#L111,# Avoid warnings when using noinline for methods defined inside class defintion.,[],CMake,2,111,111
21492,intelligentsoftwaresystems/galois,https://github.com/intelligentsoftwaresystems/galois/blob/59d5aa54b4a7b6594660bb1b18b83ae6875b954c/CMakeLists.txt#L115,# Enable architecture-specific optimizations,[],CMake,0,115,115
21492,intelligentsoftwaresystems/galois,https://github.com/intelligentsoftwaresystems/galois/blob/59d5aa54b4a7b6594660bb1b18b83ae6875b954c/CMakeLists.txt#L125,"# Ignore warning flags intended for the CXX program. This only works because
# the two compilers we care about, clang and gcc, both understand
# -Wno-unknown-warning-option.",[],CMake,2,125,127
21492,intelligentsoftwaresystems/galois,https://github.com/intelligentsoftwaresystems/galois/blob/59d5aa54b4a7b6594660bb1b18b83ae6875b954c/CMakeLists.txt#L131,###### Configure features ######,[],CMake,0,131,131
21492,intelligentsoftwaresystems/galois,https://github.com/intelligentsoftwaresystems/galois/blob/59d5aa54b4a7b6594660bb1b18b83ae6875b954c/CMakeLists.txt#L173,###### Test Inputs ######,[],CMake,0,173,173
21492,intelligentsoftwaresystems/galois,https://github.com/intelligentsoftwaresystems/galois/blob/59d5aa54b4a7b6594660bb1b18b83ae6875b954c/CMakeLists.txt#L190,###### Source finding ######,[],CMake,0,190,190
21492,intelligentsoftwaresystems/galois,https://github.com/intelligentsoftwaresystems/galois/blob/59d5aa54b4a7b6594660bb1b18b83ae6875b954c/CMakeLists.txt#L195,# Core libraries (lib),[],CMake,0,195,195
21492,intelligentsoftwaresystems/galois,https://github.com/intelligentsoftwaresystems/galois/blob/59d5aa54b4a7b6594660bb1b18b83ae6875b954c/CMakeLists.txt#L213,# This is necessary to allow building for CUDA 11.x (where CUB is bundled) and earlier versions (where CUB is not included),[],CMake,2,213,213
21492,intelligentsoftwaresystems/galois,https://github.com/intelligentsoftwaresystems/galois/blob/59d5aa54b4a7b6594660bb1b18b83ae6875b954c/CMakeLists.txt#L220,# Applications (apps),[],CMake,0,220,220
21492,intelligentsoftwaresystems/galois,https://github.com/intelligentsoftwaresystems/galois/blob/59d5aa54b4a7b6594660bb1b18b83ae6875b954c/CMakeLists.txt#L231,###### Documentation ######,[],CMake,0,231,231
21492,intelligentsoftwaresystems/galois,https://github.com/intelligentsoftwaresystems/galois/blob/59d5aa54b4a7b6594660bb1b18b83ae6875b954c/CMakeLists.txt#L244,###### Installation ######,[],CMake,0,244,244
21492,intelligentsoftwaresystems/galois,https://github.com/intelligentsoftwaresystems/galois/blob/59d5aa54b4a7b6594660bb1b18b83ae6875b954c/CMakeLists.txt#L270,###### Distribution ######,[],CMake,0,270,270
21492,intelligentsoftwaresystems/galois,https://github.com/intelligentsoftwaresystems/galois/blob/59d5aa54b4a7b6594660bb1b18b83ae6875b954c/libdist/CMakeLists.txt#L37,# do not clone submodules for external projects,[],CMake,2,37,37
21492,intelligentsoftwaresystems/galois,https://github.com/intelligentsoftwaresystems/galois/blob/59d5aa54b4a7b6594660bb1b18b83ae6875b954c/libgalois/CMakeLists.txt#L73,"# Autogenerated conan module doesn't provide header-only target. Extract one
# manually.",[],CMake,2,73,74
21492,intelligentsoftwaresystems/galois,https://github.com/intelligentsoftwaresystems/galois/blob/59d5aa54b4a7b6594660bb1b18b83ae6875b954c/libgalois/CMakeLists.txt#L78,# Standard CMake Boost module,[],CMake,2,78,78
21492,intelligentsoftwaresystems/galois,https://github.com/intelligentsoftwaresystems/galois/blob/59d5aa54b4a7b6594660bb1b18b83ae6875b954c/libgalois/test/CMakeLists.txt#L25,# Allow parallel tests,[],CMake,2,25,25
21492,intelligentsoftwaresystems/galois,https://github.com/intelligentsoftwaresystems/galois/blob/59d5aa54b4a7b6594660bb1b18b83ae6875b954c/libgpu/CMakeLists.txt#L6,#target_link_libraries(galois_gpu ${CUDA_cudadevrt_LIBRARY}),[],CMake,0,6,6
21492,intelligentsoftwaresystems/galois,https://github.com/intelligentsoftwaresystems/galois/blob/59d5aa54b4a7b6594660bb1b18b83ae6875b954c/libsupport/test/CMakeLists.txt#L11,# Allow parallel tests,[],CMake,2,11,11
21492,intelligentsoftwaresystems/galois,https://github.com/intelligentsoftwaresystems/galois/blob/59d5aa54b4a7b6594660bb1b18b83ae6875b954c/lonestar/CMakeLists.txt#L19,# Allow parallel tests,[],CMake,6,19,19
21492,intelligentsoftwaresystems/galois,https://github.com/intelligentsoftwaresystems/galois/blob/59d5aa54b4a7b6594660bb1b18b83ae6875b954c/lonestar/CMakeLists.txt#L67,# turn on cuda for distbench as well,[],CMake,4,67,67
21492,intelligentsoftwaresystems/galois,https://github.com/intelligentsoftwaresystems/galois/blob/59d5aa54b4a7b6594660bb1b18b83ae6875b954c/lonestar/CMakeLists.txt#L70,# for debugging,[],CMake,4,70,70
21492,intelligentsoftwaresystems/galois,https://github.com/intelligentsoftwaresystems/galois/blob/59d5aa54b4a7b6594660bb1b18b83ae6875b954c/lonestar/CMakeLists.txt#L147,# cut threads in system in half first,[],CMake,4,147,147
21492,intelligentsoftwaresystems/galois,https://github.com/intelligentsoftwaresystems/galois/blob/59d5aa54b4a7b6594660bb1b18b83ae6875b954c/lonestar/CMakeLists.txt#L152,# spawn at most 8 processes/use at most 8 threads during testing,[],CMake,4,152,152
21492,intelligentsoftwaresystems/galois,https://github.com/intelligentsoftwaresystems/galois/blob/59d5aa54b4a7b6594660bb1b18b83ae6875b954c/lonestar/analytics/cpu/gmetis/CMakeLists.txt#L6,# Disable failing test (issue #116).,[],CMake,0,6,6
21492,intelligentsoftwaresystems/galois,https://github.com/intelligentsoftwaresystems/galois/blob/59d5aa54b4a7b6594660bb1b18b83ae6875b954c/lonestar/analytics/gpu/matrixcompletion/CMakeLists.txt#L2,#add_test_gpu(matrixcompletion Epinions Epinions.out sgd ${BASEINPUT}/weighted/bipartite/Epinions_dataset.gr),[],CMake,0,2,2
21492,intelligentsoftwaresystems/galois,https://github.com/intelligentsoftwaresystems/galois/blob/59d5aa54b4a7b6594660bb1b18b83ae6875b954c/lonestar/mining/cpu/CMakeLists.txt#L19,# Allow parallel tests,[],CMake,6,19,19
21492,intelligentsoftwaresystems/galois,https://github.com/intelligentsoftwaresystems/galois/blob/59d5aa54b4a7b6594660bb1b18b83ae6875b954c/lonestar/mining/cpu/CMakeLists.txt#L30,#add_subdirectory(subgraph-listing),[],CMake,0,30,30
21492,intelligentsoftwaresystems/galois,https://github.com/intelligentsoftwaresystems/galois/blob/59d5aa54b4a7b6594660bb1b18b83ae6875b954c/lonestar/mining/gpu/CMakeLists.txt#L21,# Allow parallel tests,[],CMake,6,21,21
21492,intelligentsoftwaresystems/galois,https://github.com/intelligentsoftwaresystems/galois/blob/59d5aa54b4a7b6594660bb1b18b83ae6875b954c/lonestar/mining/gpu/motif-counting/CMakeLists.txt#L7,"#add_test_mine(small1 motif ""${BASEINPUT}/Mining/citeseer.csgr"")",[],CMake,0,7,7
21492,intelligentsoftwaresystems/galois,https://github.com/intelligentsoftwaresystems/galois/blob/59d5aa54b4a7b6594660bb1b18b83ae6875b954c/lonestar/scientific/gpu/delaunayrefinement/CMakeLists.txt#L2,#add_test_gpu(delaunayrefinement rmat15 rmat15.out dmr ${BASEINPUT}/reference/meshes/r10k.1 20),[],CMake,0,2,2
21492,intelligentsoftwaresystems/galois,https://github.com/intelligentsoftwaresystems/galois/blob/59d5aa54b4a7b6594660bb1b18b83ae6875b954c/python/galois/CMakeLists.txt#L8,# Avoid collisions with existing application targets with the same name.,[],CMake,0,8,8
21492,intelligentsoftwaresystems/galois,https://github.com/intelligentsoftwaresystems/galois/blob/59d5aa54b4a7b6594660bb1b18b83ae6875b954c/python/galois/CMakeLists.txt#L41,"# In order to preserve the directory structure, galois_shmem uses
# install(DIRECTORY) rather than setting the PUBLIC_HEADER property on the
# galois_shmem itself. Mirror the install(DIRECTORY) logic here.",[],CMake,0,41,43
21492,intelligentsoftwaresystems/galois,https://github.com/intelligentsoftwaresystems/galois/blob/59d5aa54b4a7b6594660bb1b18b83ae6875b954c/cmake/Modules/CheckArchFlags.cmake#L1,"# Find architecture-specific flags
#
# Once done this will define
#  ARCH_FLAGS_FOUND
#  ARCH_CXX_FLAGS - Compiler flags to enable architecture-specific optimizations
#  ARCH_C_FLAGS - Compiler flags to enable architecture-specific optimizations
#  ARCH_LINK_FLAGS - Compiler flags to enable architecture-specific optimizations",[],CMake,0,1,7
21492,intelligentsoftwaresystems/galois,https://github.com/intelligentsoftwaresystems/galois/blob/59d5aa54b4a7b6594660bb1b18b83ae6875b954c/cmake/Modules/FindCBLAS.cmake#L1,"# Copyright 2009-2011 The VOTCA Development Team (http://www.votca.org)
#
# Licensed under the Apache License, Version 2.0 (the ""License"");
# you may not use this file except in compliance with the License.
# You may obtain a copy of the License at
#
#     http://www.apache.org/licenses/LICENSE-2.0
#
# Unless required by applicable law or agreed to in writing, software
# distributed under the License is distributed on an ""AS IS"" BASIS,
# WITHOUT WARRANTIES OR CONDITIONS OF ANY KIND, either express or implied.
# See the License for the specific language governing permissions and
# limitations under the License.
#",[],CMake,0,1,14
21492,intelligentsoftwaresystems/galois,https://github.com/intelligentsoftwaresystems/galois/blob/59d5aa54b4a7b6594660bb1b18b83ae6875b954c/cmake/Modules/FindCBLAS.cmake#L16,"#! \file
#! \ingroup FindPackage
#! \brief Find CBLAS
#!
#! Find the native CBLAS headers and libraries.
#!
#! - `CBLAS_LIBRARIES`    - List of libraries when using cblas.
#! - `CBLAS_INCLUDE_DIRS` - List of include directories
#! - `CBLAS_FOUND`        - True if cblas found.
#!
#! Cblas can be provided by libblas (Ubuntu), cblas or gslcblas, it will be searched for in
#! this order.",[],CMake,0,16,27
21492,intelligentsoftwaresystems/galois,https://github.com/intelligentsoftwaresystems/galois/blob/59d5aa54b4a7b6594660bb1b18b83ae6875b954c/cmake/Modules/FindCBLAS.cmake#L54,# Check if libblas provides cblas (Ubuntu),[],CMake,0,54,54
21492,intelligentsoftwaresystems/galois,https://github.com/intelligentsoftwaresystems/galois/blob/59d5aa54b4a7b6594660bb1b18b83ae6875b954c/cmake/Modules/FindCBLAS.cmake#L82,"# Set the include dir variables and the libraries and let libfind_process do the rest.
# NOTE: Singular variables for this library, plural for libraries this this lib depends on.",[],CMake,0,82,83
21492,intelligentsoftwaresystems/galois,https://github.com/intelligentsoftwaresystems/galois/blob/59d5aa54b4a7b6594660bb1b18b83ae6875b954c/cmake/Modules/FindFortran.cmake#L1,"# Check if Fortran is possibly around before using enable_lanauge because
# enable_language(... OPTIONAL) does not fail gracefully if language is not
# found:
#  http://public.kitware.com/Bug/view.php?id=9220",[],CMake,0,1,4
21492,intelligentsoftwaresystems/galois,https://github.com/intelligentsoftwaresystems/galois/blob/59d5aa54b4a7b6594660bb1b18b83ae6875b954c/cmake/Modules/FindGASNET.cmake#L1,"# Find the GasNet librairy
#  GASNET_FOUND - system has GasNet lib
#  GASNET_INCLUDE_DIR - the GasNet include directory
#  GASNET_LIBRARIES - Libraries needed to use GasNet",[],CMake,0,1,4
21492,intelligentsoftwaresystems/galois,https://github.com/intelligentsoftwaresystems/galois/blob/59d5aa54b4a7b6594660bb1b18b83ae6875b954c/cmake/Modules/FindGMP.cmake#L1,"# Find the GMP librairies
#  GMP_FOUND - system has GMP lib
#  GMP_INCLUDE_DIR - the GMP include directory
#  GMP_LIBRARIES - Libraries needed to use GMP",[],CMake,0,1,4
21492,intelligentsoftwaresystems/galois,https://github.com/intelligentsoftwaresystems/galois/blob/59d5aa54b4a7b6594660bb1b18b83ae6875b954c/cmake/Modules/FindGMP.cmake#L6,"# Copyright (c) 2006, Laurent Montel, <montel@kde.org>
#
# Redistribution and use is allowed according to the terms of the BSD license.
# For details see the accompanying COPYING-CMAKE-SCRIPTS file.",[],CMake,0,6,9
21492,intelligentsoftwaresystems/galois,https://github.com/intelligentsoftwaresystems/galois/blob/59d5aa54b4a7b6594660bb1b18b83ae6875b954c/cmake/Modules/FindGit.cmake#L1,"# The module defines the following variables:
#   GIT_EXECUTABLE - path to git command line client
#   GIT_FOUND - true if the command line client was found
# Example usage:
#   find_package(Git)
#   if(GIT_FOUND)
#     message(""git found: ${GIT_EXECUTABLE}"")
#   endif()",[],CMake,0,1,8
21492,intelligentsoftwaresystems/galois,https://github.com/intelligentsoftwaresystems/galois/blob/59d5aa54b4a7b6594660bb1b18b83ae6875b954c/cmake/Modules/FindGit.cmake#L10,"#=============================================================================
# Copyright 2010 Kitware, Inc.
#
# Distributed under the OSI-approved BSD License (the ""License"");
# see accompanying file Copyright.txt for details.
#
# This software is distributed WITHOUT ANY WARRANTY; without even the
# implied warranty of MERCHANTABILITY or FITNESS FOR A PARTICULAR PURPOSE.
# See the License for more information.
#=============================================================================
# (To distributed this file outside of CMake, substitute the full
#  License text for the above reference.)",[],CMake,0,10,21
21492,intelligentsoftwaresystems/galois,https://github.com/intelligentsoftwaresystems/galois/blob/59d5aa54b4a7b6594660bb1b18b83ae6875b954c/cmake/Modules/FindGit.cmake#L23,"# Look for 'git' or 'eg' (easy git)
#",[],CMake,0,23,24
21492,intelligentsoftwaresystems/galois,https://github.com/intelligentsoftwaresystems/galois/blob/59d5aa54b4a7b6594660bb1b18b83ae6875b954c/cmake/Modules/FindGit.cmake#L27,"# Prefer .cmd variants on Windows unless running in a Makefile
# in the MSYS shell.
#",[],CMake,0,27,29
21492,intelligentsoftwaresystems/galois,https://github.com/intelligentsoftwaresystems/galois/blob/59d5aa54b4a7b6594660bb1b18b83ae6875b954c/cmake/Modules/FindGit.cmake#L42,"# Handle the QUIETLY and REQUIRED arguments and set GIT_FOUND to TRUE if
# all listed variables are TRUE",[],CMake,0,42,43
21492,intelligentsoftwaresystems/galois,https://github.com/intelligentsoftwaresystems/galois/blob/59d5aa54b4a7b6594660bb1b18b83ae6875b954c/cmake/Modules/FindNUMA.cmake#L1,"# Find numa library
# Once done this will define
#  NUMA_FOUND - libnuma found
#  NUMA_OLD - old libnuma API",[],CMake,0,1,4
21492,intelligentsoftwaresystems/galois,https://github.com/intelligentsoftwaresystems/galois/blob/59d5aa54b4a7b6594660bb1b18b83ae6875b954c/cmake/Modules/FindOpenCL.cmake#L1,"#
#  This file taken from FindOpenCL project @ http://gitorious.com/findopencl
#
# - Try to find OpenCL
# This module tries to find an OpenCL implementation on your system. It supports
# AMD / ATI, Apple and NVIDIA implementations, but should work, too.
#
# Once done this will define
#  OPENCL_FOUND        - system has OpenCL
#  OPENCL_INCLUDE_DIRS  - the OpenCL include directory
#  OPENCL_LIBRARIES    - link these to use OpenCL
#
# WIN32 should work, but is untested",[],CMake,0,1,13
21492,intelligentsoftwaresystems/galois,https://github.com/intelligentsoftwaresystems/galois/blob/59d5aa54b4a7b6594660bb1b18b83ae6875b954c/cmake/Modules/FindOpenCL.cmake#L45,"# find out if the user asked for a 64-bit build, and use the corresponding 
# 64 or 32 bit NVIDIA library paths to the search:",[],CMake,5,45,46
21492,intelligentsoftwaresystems/galois,https://github.com/intelligentsoftwaresystems/galois/blob/59d5aa54b4a7b6594660bb1b18b83ae6875b954c/cmake/Modules/FindOpenCL.cmake#L56,# On Win32 search relative to the library,[],CMake,5,56,56
21492,intelligentsoftwaresystems/galois,https://github.com/intelligentsoftwaresystems/galois/blob/59d5aa54b4a7b6594660bb1b18b83ae6875b954c/cmake/Modules/FindOpenCL.cmake#L62,# Unix style platforms,[],CMake,12,62,62
21492,intelligentsoftwaresystems/galois,https://github.com/intelligentsoftwaresystems/galois/blob/59d5aa54b4a7b6594660bb1b18b83ae6875b954c/cmake/Modules/FindOpenCL.cmake#L70,"# The AMD SDK currently does not place its headers
# in /usr/include, therefore also search relative
# to the library",[],CMake,12,70,72
21492,intelligentsoftwaresystems/galois,https://github.com/intelligentsoftwaresystems/galois/blob/59d5aa54b4a7b6594660bb1b18b83ae6875b954c/cmake/Modules/FindOpenCL.cmake#L85,"# This is often the same, so clean up",[],CMake,1,85,85
21492,intelligentsoftwaresystems/galois,https://github.com/intelligentsoftwaresystems/galois/blob/59d5aa54b4a7b6594660bb1b18b83ae6875b954c/cmake/Modules/FindPAPI.cmake#L1,"# Find PAPI libraries
# Once done this will define
#  PAPI_FOUND - System has PAPI
#  PAPI_INCLUDE_DIRS - The PAPI include directories
#  PAPI_LIBRARIES - The libraries needed to use PAPI",[],CMake,0,1,5
21492,intelligentsoftwaresystems/galois,https://github.com/intelligentsoftwaresystems/galois/blob/59d5aa54b4a7b6594660bb1b18b83ae6875b954c/cmake/Modules/FindQGLViewer.cmake#L1,"# Find QGLViewer libraries
# Once done this will define
#  QGLViewer_FOUND - System has QGLViewer
#  QGLViewer_INCLUDE_DIRS - The QGLViewer include directories
#  QGLViewer_LIBRARIES - The libraries needed to use QGLViewer",[],CMake,0,1,5
21492,intelligentsoftwaresystems/galois,https://github.com/intelligentsoftwaresystems/galois/blob/59d5aa54b4a7b6594660bb1b18b83ae6875b954c/cmake/Modules/FindTBB.cmake#L1,"# Locate Intel Threading Building Blocks include paths and libraries
# FindTBB.cmake can be found at https://code.google.com/p/findtbb/
# Written by Hannes Hofmann <hannes.hofmann _at_ informatik.uni-erlangen.de>
# Improvements by Gino van den Bergen <gino _at_ dtecta.com>,
#   Florian Uhlig <F.Uhlig _at_ gsi.de>,
#   Jiri Marsik <jiri.marsik89 _at_ gmail.com>",[],CMake,0,1,6
21492,intelligentsoftwaresystems/galois,https://github.com/intelligentsoftwaresystems/galois/blob/59d5aa54b4a7b6594660bb1b18b83ae6875b954c/cmake/Modules/FindTBB.cmake#L8,"# The MIT License
#
# Copyright (c) 2011 Hannes Hofmann
#
# Permission is hereby granted, free of charge, to any person obtaining a copy
# of this software and associated documentation files (the ""Software""), to deal
# in the Software without restriction, including without limitation the rights
# to use, copy, modify, merge, publish, distribute, sublicense, and/or sell
# copies of the Software, and to permit persons to whom the Software is
# furnished to do so, subject to the following conditions:
#
# The above copyright notice and this permission notice shall be included in
# all copies or substantial portions of the Software.
#
# THE SOFTWARE IS PROVIDED ""AS IS"", WITHOUT WARRANTY OF ANY KIND, EXPRESS OR
# IMPLIED, INCLUDING BUT NOT LIMITED TO THE WARRANTIES OF MERCHANTABILITY,
# FITNESS FOR A PARTICULAR PURPOSE AND NONINFRINGEMENT. IN NO EVENT SHALL THE
# AUTHORS OR COPYRIGHT HOLDERS BE LIABLE FOR ANY CLAIM, DAMAGES OR OTHER
# LIABILITY, WHETHER IN AN ACTION OF CONTRACT, TORT OR OTHERWISE, ARISING FROM,
# OUT OF OR IN CONNECTION WITH THE SOFTWARE OR THE USE OR OTHER DEALINGS IN
# THE SOFTWARE.",[],CMake,0,8,28
21492,intelligentsoftwaresystems/galois,https://github.com/intelligentsoftwaresystems/galois/blob/59d5aa54b4a7b6594660bb1b18b83ae6875b954c/cmake/Modules/FindTBB.cmake#L30,"# GvdB: This module uses the environment variable TBB_ARCH_PLATFORM which defines architecture and compiler.
#   e.g. ""ia32/vc8"" or ""em64t/cc4.1.0_libc2.4_kernel2.6.16.21""
#   TBB_ARCH_PLATFORM is set by the build script tbbvars[.bat|.sh|.csh], which can be found
#   in the TBB installation directory (TBB_INSTALL_DIR).
#
# GvdB: Mac OS X distribution places libraries directly in lib directory.
#
# For backwards compatibility, you may explicitely set the CMake variables TBB_ARCHITECTURE and TBB_COMPILER.
# TBB_ARCHITECTURE [ ia32 | em64t | itanium ]
#   which architecture to use
# TBB_COMPILER e.g. vc9 or cc3.2.3_libc2.3.2_kernel2.4.21 or cc4.0.1_os10.4.9
#   which compiler to use (detected automatically on Windows)",[],CMake,0,30,41
21492,intelligentsoftwaresystems/galois,https://github.com/intelligentsoftwaresystems/galois/blob/59d5aa54b4a7b6594660bb1b18b83ae6875b954c/cmake/Modules/FindTBB.cmake#L43,"# This module respects
# TBB_INSTALL_DIR or $ENV{TBB21_INSTALL_DIR} or $ENV{TBB_INSTALL_DIR}",[],CMake,0,43,44
21492,intelligentsoftwaresystems/galois,https://github.com/intelligentsoftwaresystems/galois/blob/59d5aa54b4a7b6594660bb1b18b83ae6875b954c/cmake/Modules/FindTBB.cmake#L46,"# This module defines
# TBB_INCLUDE_DIRS, where to find task_scheduler_init.h, etc.
# TBB_LIBRARY_DIRS, where to find libtbb, libtbbmalloc
# TBB_DEBUG_LIBRARY_DIRS, where to find libtbb_debug, libtbbmalloc_debug
# TBB_INSTALL_DIR, the base TBB install directory
# TBB_LIBRARIES, the libraries to link against to use TBB.
# TBB_DEBUG_LIBRARIES, the libraries to link against to use TBB with debug symbols.
# TBB_FOUND, If false, don't try to use TBB.
# TBB_INTERFACE_VERSION, as defined in tbb/tbb_stddef.h",[],CMake,0,46,54
21492,intelligentsoftwaresystems/galois,https://github.com/intelligentsoftwaresystems/galois/blob/59d5aa54b4a7b6594660bb1b18b83ae6875b954c/cmake/Modules/FindTBB.cmake#L58,"# has em64t/vc8 em64t/vc9
# has ia32/vc7.1 ia32/vc8 ia32/vc9",[],CMake,4,58,59
21492,intelligentsoftwaresystems/galois,https://github.com/intelligentsoftwaresystems/galois/blob/59d5aa54b4a7b6594660bb1b18b83ae6875b954c/cmake/Modules/FindTBB.cmake#L83,# MAC,[],CMake,8,83,83
21492,intelligentsoftwaresystems/galois,https://github.com/intelligentsoftwaresystems/galois/blob/59d5aa54b4a7b6594660bb1b18b83ae6875b954c/cmake/Modules/FindTBB.cmake#L85,"# libs: libtbb.dylib, libtbbmalloc.dylib, *_debug",[],CMake,8,85,85
21492,intelligentsoftwaresystems/galois,https://github.com/intelligentsoftwaresystems/galois/blob/59d5aa54b4a7b6594660bb1b18b83ae6875b954c/cmake/Modules/FindTBB.cmake#L90,"# default flavor on apple: ia32/cc4.0.1_os10.4.9
# Jiri: There is no reason to presume there is only one flavor and
#       that user's setting of variables should be ignored.",[],CMake,8,90,92
21492,intelligentsoftwaresystems/galois,https://github.com/intelligentsoftwaresystems/galois/blob/59d5aa54b4a7b6594660bb1b18b83ae6875b954c/cmake/Modules/FindTBB.cmake#L104,# LINUX,[],CMake,8,104,104
21492,intelligentsoftwaresystems/galois,https://github.com/intelligentsoftwaresystems/galois/blob/59d5aa54b4a7b6594660bb1b18b83ae6875b954c/cmake/Modules/FindTBB.cmake#L110,"# has em64t/cc3.2.3_libc2.3.2_kernel2.4.21 em64t/cc3.3.3_libc2.3.3_kernel2.6.5 em64t/cc3.4.3_libc2.3.4_kernel2.6.9 em64t/cc4.1.0_libc2.4_kernel2.6.16.21
# has ia32/*
# has itanium/*",[],CMake,8,110,112
21492,intelligentsoftwaresystems/galois,https://github.com/intelligentsoftwaresystems/galois/blob/59d5aa54b4a7b6594660bb1b18b83ae6875b954c/cmake/Modules/FindTBB.cmake#L119,"# SUN
# not yet supported
# has em64t/cc3.4.3_kernel5.10
# has ia32/*",[],CMake,0,119,122
21492,intelligentsoftwaresystems/galois,https://github.com/intelligentsoftwaresystems/galois/blob/59d5aa54b4a7b6594660bb1b18b83ae6875b954c/cmake/Modules/FindTBB.cmake#L126,#-- Clear the public variables,[],CMake,0,126,126
21492,intelligentsoftwaresystems/galois,https://github.com/intelligentsoftwaresystems/galois/blob/59d5aa54b4a7b6594660bb1b18b83ae6875b954c/cmake/Modules/FindTBB.cmake#L130,"#-- Find TBB install dir and set ${_TBB_INSTALL_DIR} and cached ${TBB_INSTALL_DIR}
# first: use CMake variable TBB_INSTALL_DIR",[],CMake,0,130,131
21492,intelligentsoftwaresystems/galois,https://github.com/intelligentsoftwaresystems/galois/blob/59d5aa54b4a7b6594660bb1b18b83ae6875b954c/cmake/Modules/FindTBB.cmake#L135,# second: use environment variable,[],CMake,0,135,135
21492,intelligentsoftwaresystems/galois,https://github.com/intelligentsoftwaresystems/galois/blob/59d5aa54b4a7b6594660bb1b18b83ae6875b954c/cmake/Modules/FindTBB.cmake#L143,# Intel recommends setting TBB21_INSTALL_DIR,[],CMake,4,143,143
21492,intelligentsoftwaresystems/galois,https://github.com/intelligentsoftwaresystems/galois/blob/59d5aa54b4a7b6594660bb1b18b83ae6875b954c/cmake/Modules/FindTBB.cmake#L154,# third: try to find path automatically,[],CMake,0,154,154
21492,intelligentsoftwaresystems/galois,https://github.com/intelligentsoftwaresystems/galois/blob/59d5aa54b4a7b6594660bb1b18b83ae6875b954c/cmake/Modules/FindTBB.cmake#L160,# sanity check,[],CMake,0,160,160
21492,intelligentsoftwaresystems/galois,https://github.com/intelligentsoftwaresystems/galois/blob/59d5aa54b4a7b6594660bb1b18b83ae6875b954c/cmake/Modules/FindTBB.cmake#L164,# finally: set the cached CMake variable TBB_INSTALL_DIR,[],CMake,0,164,164
21492,intelligentsoftwaresystems/galois,https://github.com/intelligentsoftwaresystems/galois/blob/59d5aa54b4a7b6594660bb1b18b83ae6875b954c/cmake/Modules/FindTBB.cmake#L171,"#-- A macro to rewrite the paths of the library. This is necessary, because
#   find_library() always found the em64t/vc9 version of the TBB libs",[],CMake,0,171,172
21492,intelligentsoftwaresystems/galois,https://github.com/intelligentsoftwaresystems/galois/blob/59d5aa54b4a7b6594660bb1b18b83ae6875b954c/cmake/Modules/FindTBB.cmake#L174,"#    if (NOT ""${_TBB_ARCHITECTURE}"" STREQUAL ""em64t"")",[],CMake,0,174,174
21492,intelligentsoftwaresystems/galois,https://github.com/intelligentsoftwaresystems/galois/blob/59d5aa54b4a7b6594660bb1b18b83ae6875b954c/cmake/Modules/FindTBB.cmake#L176,"#    endif (NOT ""${_TBB_ARCHITECTURE}"" STREQUAL ""em64t"")",[],CMake,0,176,176
21492,intelligentsoftwaresystems/galois,https://github.com/intelligentsoftwaresystems/galois/blob/59d5aa54b4a7b6594660bb1b18b83ae6875b954c/cmake/Modules/FindTBB.cmake#L185,#-- Look for include directory and set ${TBB_INCLUDE_DIR},[],CMake,0,185,185
21492,intelligentsoftwaresystems/galois,https://github.com/intelligentsoftwaresystems/galois/blob/59d5aa54b4a7b6594660bb1b18b83ae6875b954c/cmake/Modules/FindTBB.cmake#L187,"# Jiri: tbbvars now sets the CPATH environment variable to the directory
#       containing the headers.",[],CMake,0,187,188
21492,intelligentsoftwaresystems/galois,https://github.com/intelligentsoftwaresystems/galois/blob/59d5aa54b4a7b6594660bb1b18b83ae6875b954c/cmake/Modules/FindTBB.cmake#L196,"#-- Look for libraries
# GvdB: $ENV{TBB_ARCH_PLATFORM} is set by the build script tbbvars[.bat|.sh|.csh]",[],CMake,0,196,197
21492,intelligentsoftwaresystems/galois,https://github.com/intelligentsoftwaresystems/galois/blob/59d5aa54b4a7b6594660bb1b18b83ae6875b954c/cmake/Modules/FindTBB.cmake#L204,"# Jiri: This block isn't mutually exclusive with the previous one
#       (hence no else), instead I test if the user really specified
#       the variables in question.",[],CMake,0,204,206
21492,intelligentsoftwaresystems/galois,https://github.com/intelligentsoftwaresystems/galois/blob/59d5aa54b4a7b6594660bb1b18b83ae6875b954c/cmake/Modules/FindTBB.cmake#L208,# HH: deprecated,[],CMake,4,208,208
21492,intelligentsoftwaresystems/galois,https://github.com/intelligentsoftwaresystems/galois/blob/59d5aa54b4a7b6594660bb1b18b83ae6875b954c/cmake/Modules/FindTBB.cmake#L210,"# Jiri: It doesn't hurt to look in more places, so I store the hints from
#       ENV{TBB_ARCH_PLATFORM} and the TBB_ARCHITECTURE and TBB_COMPILER
#       variables and search them both.",[],CMake,4,210,212
21492,intelligentsoftwaresystems/galois,https://github.com/intelligentsoftwaresystems/galois/blob/59d5aa54b4a7b6594660bb1b18b83ae6875b954c/cmake/Modules/FindTBB.cmake#L216,# GvdB: Mac OS X distribution places libraries directly in lib directory.,[],CMake,0,216,216
21492,intelligentsoftwaresystems/galois,https://github.com/intelligentsoftwaresystems/galois/blob/59d5aa54b4a7b6594660bb1b18b83ae6875b954c/cmake/Modules/FindTBB.cmake#L219,"# Jiri: No reason not to check the default paths. From recent versions,
#       tbbvars has started exporting the LIBRARY_PATH and LD_LIBRARY_PATH
#       variables, which now point to the directories of the lib files.
#       It all makes more sense to use the ${_TBB_LIBRARY_DIR} as a HINTS
#       argument instead of the implicit PATHS as it isn't hard-coded
#       but computed by system introspection. Searching the LIBRARY_PATH
#       and LD_LIBRARY_PATH environment variables is now even more important
#       that tbbvars doesn't export TBB_ARCH_PLATFORM and it facilitates
#       the use of TBB built from sources.",[],CMake,0,219,227
21492,intelligentsoftwaresystems/galois,https://github.com/intelligentsoftwaresystems/galois/blob/59d5aa54b4a7b6594660bb1b18b83ae6875b954c/cmake/Modules/FindTBB.cmake#L233,#Extract path from TBB_LIBRARY name,[],CMake,0,233,233
21492,intelligentsoftwaresystems/galois,https://github.com/intelligentsoftwaresystems/galois/blob/59d5aa54b4a7b6594660bb1b18b83ae6875b954c/cmake/Modules/FindTBB.cmake#L236,"#TBB_CORRECT_LIB_DIR(TBB_LIBRARY)
#TBB_CORRECT_LIB_DIR(TBB_MALLOC_LIBRARY)",[],CMake,0,236,237
21492,intelligentsoftwaresystems/galois,https://github.com/intelligentsoftwaresystems/galois/blob/59d5aa54b4a7b6594660bb1b18b83ae6875b954c/cmake/Modules/FindTBB.cmake#L240,"#-- Look for debug libraries
# Jiri: Changed the same way as for the release libraries.",[],CMake,0,240,241
21492,intelligentsoftwaresystems/galois,https://github.com/intelligentsoftwaresystems/galois/blob/59d5aa54b4a7b6594660bb1b18b83ae6875b954c/cmake/Modules/FindTBB.cmake#L247,"# Jiri: Self-built TBB stores the debug libraries in a separate directory.
#       Extract path from TBB_LIBRARY_DEBUG name",[],CMake,0,247,248
21492,intelligentsoftwaresystems/galois,https://github.com/intelligentsoftwaresystems/galois/blob/59d5aa54b4a7b6594660bb1b18b83ae6875b954c/cmake/Modules/FindTBB.cmake#L251,"#TBB_CORRECT_LIB_DIR(TBB_LIBRARY_DEBUG)
#TBB_CORRECT_LIB_DIR(TBB_MALLOC_LIBRARY_DEBUG)",[],CMake,0,251,252
21492,intelligentsoftwaresystems/galois,https://github.com/intelligentsoftwaresystems/galois/blob/59d5aa54b4a7b6594660bb1b18b83ae6875b954c/cmake/Modules/FindTBB.cmake#L263,# Jiri: Self-built TBB stores the debug libraries in a separate directory.,[],CMake,8,263,263
21492,intelligentsoftwaresystems/galois,https://github.com/intelligentsoftwaresystems/galois/blob/59d5aa54b4a7b6594660bb1b18b83ae6875b954c/cmake/Modules/FindTBB.cmake#L273,"# do only throw fatal, if this pkg is REQUIRED",[],CMake,4,273,273
21492,intelligentsoftwaresystems/galois,https://github.com/intelligentsoftwaresystems/galois/blob/59d5aa54b4a7b6594660bb1b18b83ae6875b954c/cmake/Modules/FindTBB.cmake#L283,"#	FILE(READ ""${TBB_INCLUDE_DIRS}/tbb/tbb_stddef.h"" _TBB_VERSION_CONTENTS)",[],CMake,0,283,283
21492,intelligentsoftwaresystems/galois,https://github.com/intelligentsoftwaresystems/galois/blob/59d5aa54b4a7b6594660bb1b18b83ae6875b954c/cmake/Modules/FindVTune.cmake#L1,"# Find VTune libraries
# Once done this will define
#  VTune_FOUND - System has VTune
#  VTune_INCLUDE_DIRS - The VTune include directories
#  VTune_LIBRARIES - The libraries needed to use VTune",[],CMake,0,1,5
21492,intelligentsoftwaresystems/galois,https://github.com/intelligentsoftwaresystems/galois/blob/59d5aa54b4a7b6594660bb1b18b83ae6875b954c/cmake/Modules/GetGitVersion-write.cmake#L1,"### Don't include directly, for use by GetSVNVersion.cmake",[],CMake,0,1,1
21492,intelligentsoftwaresystems/galois,https://github.com/intelligentsoftwaresystems/galois/blob/59d5aa54b4a7b6594660bb1b18b83ae6875b954c/cmake/Modules/GetGitVersion-write.cmake#L3,# Extract svn info into MY_XXX variables,[],CMake,0,3,3
21492,intelligentsoftwaresystems/galois,https://github.com/intelligentsoftwaresystems/galois/blob/59d5aa54b4a7b6594660bb1b18b83ae6875b954c/cmake/Modules/GetGitVersion.cmake#L1,# DUMMY is a non-existent file to force regeneration of svn header every build,[],CMake,0,1,1
21492,intelligentsoftwaresystems/galois,https://github.com/intelligentsoftwaresystems/galois/blob/59d5aa54b4a7b6594660bb1b18b83ae6875b954c/cmake/Modules/HandleSanitizer.cmake#L1,"# Galois: taken from:
#   https://github.com/llvm/llvm-project/blob/master/llvm/cmake/modules/HandleLLVMOptions.cmake ",[],CMake,0,1,2
21492,intelligentsoftwaresystems/galois,https://github.com/intelligentsoftwaresystems/galois/blob/59d5aa54b4a7b6594660bb1b18b83ae6875b954c/cmake/Modules/HandleSanitizer.cmake#L35,"# Append -fno-omit-frame-pointer and turn on debug info to get better
# stack traces.",[],CMake,2,35,36
21492,intelligentsoftwaresystems/galois,https://github.com/intelligentsoftwaresystems/galois/blob/59d5aa54b4a7b6594660bb1b18b83ae6875b954c/cmake/Modules/HandleSanitizer.cmake#L42,"# Use -O1 even in debug mode, otherwise sanitizers slowdown is too large.",[],CMake,2,42,42
21492,intelligentsoftwaresystems/galois,https://github.com/intelligentsoftwaresystems/galois/blob/59d5aa54b4a7b6594660bb1b18b83ae6875b954c/cmake/Modules/LibFindMacros.cmake#L1,"# Copyright Raimar Sandner 2012–2014. Distributed under the Boost Software License, Version 1.0. (See accompanying file LICENSE.txt)",[],CMake,0,1,1
21492,intelligentsoftwaresystems/galois,https://github.com/intelligentsoftwaresystems/galois/blob/59d5aa54b4a7b6594660bb1b18b83ae6875b954c/cmake/Modules/LibFindMacros.cmake#L3,"#! \file
#! \ingroup Helpers
#! \brief Improved versions of %CMake's `find_package`",[],CMake,0,3,5
21492,intelligentsoftwaresystems/galois,https://github.com/intelligentsoftwaresystems/galois/blob/59d5aa54b4a7b6594660bb1b18b83ae6875b954c/cmake/Modules/LibFindMacros.cmake#L7,"#! \ingroup Helpers
#! \brief Works the same as `find_package`, but forwards the ""REQUIRED"" and ""QUIET"" arguments
#!   used for the current package.
#!
#! For this to work, the first parameter must be the prefix of the current package, then the
#! prefix of the new package etc, which are passed to `find_package`.",[],CMake,0,7,12
21492,intelligentsoftwaresystems/galois,https://github.com/intelligentsoftwaresystems/galois/blob/59d5aa54b4a7b6594660bb1b18b83ae6875b954c/cmake/Modules/LibFindMacros.cmake#L25,"#! \ingroup Helpers
#! \brief Do the final processing once the paths have been detected.
#!
#! If include dirs are needed, `${PREFIX}_PROCESS_INCLUDES` should be set to contain
#! all the variables, each of which contain one include directory.
#! Ditto for `${PREFIX}_PROCESS_LIBS` and library files.
#! Will set `${PREFIX}_FOUND`, `${PREFIX}_INCLUDE_DIRS` and `${PREFIX}_LIBRARIES`.
#! Also handles errors in case library detection was required, etc.",[],CMake,0,25,32
21492,intelligentsoftwaresystems/galois,https://github.com/intelligentsoftwaresystems/galois/blob/59d5aa54b4a7b6594660bb1b18b83ae6875b954c/cmake/Modules/LibFindMacros.cmake#L34,# Skip processing if already processed during this run,[],CMake,2,34,34
21492,intelligentsoftwaresystems/galois,https://github.com/intelligentsoftwaresystems/galois/blob/59d5aa54b4a7b6594660bb1b18b83ae6875b954c/cmake/Modules/LibFindMacros.cmake#L36,# Start with the assumption that the library was found,[],CMake,4,36,36
21492,intelligentsoftwaresystems/galois,https://github.com/intelligentsoftwaresystems/galois/blob/59d5aa54b4a7b6594660bb1b18b83ae6875b954c/cmake/Modules/LibFindMacros.cmake#L39,# Process all includes and set _FOUND to false if any are missing,[],CMake,4,39,39
21492,intelligentsoftwaresystems/galois,https://github.com/intelligentsoftwaresystems/galois/blob/59d5aa54b4a7b6594660bb1b18b83ae6875b954c/cmake/Modules/LibFindMacros.cmake#L49,# Process all libraries and set _FOUND to false if any are missing,[],CMake,4,49,49
21492,intelligentsoftwaresystems/galois,https://github.com/intelligentsoftwaresystems/galois/blob/59d5aa54b4a7b6594660bb1b18b83ae6875b954c/cmake/Modules/LibFindMacros.cmake#L59,# Print message and/or exit on fatal error,[],CMake,4,59,59
