repoIndex,repoName,linkLocation,comment,keywords,buildSysteminFile,charPosition,startLine,endLine
21849,mp3guy/elasticfusion,https://github.com/mp3guy/elasticfusion/blob/d22200c695dfa08296cc56028a47fdbf712269a5/CMakeLists.txt#L45,"#set(CMAKE_CXX_FLAGS ""${CMAKE_CXX_FLAGS} -g -Wall -std=c++11 -DSHADER_DIR=${efusion_SHADER_DIR}"")",[],CMake,0,45,45
21849,mp3guy/elasticfusion,https://github.com/mp3guy/elasticfusion/blob/d22200c695dfa08296cc56028a47fdbf712269a5/CMakeModules/CudaComputeTargetFlags.cmake#L1,"#
#  Compute target flags macros by Anatoly Baksheev
# 
#  Usage in CmakeLists.txt:
#   	include(CudaComputeTargetFlags.cmake)
#		APPEND_TARGET_ARCH_FLAGS() ",[],CMake,0,1,6
21849,mp3guy/elasticfusion,https://github.com/mp3guy/elasticfusion/blob/d22200c695dfa08296cc56028a47fdbf712269a5/CMakeModules/CudaComputeTargetFlags.cmake#L8,#compute flags macros,[],CMake,0,8,8
21849,mp3guy/elasticfusion,https://github.com/mp3guy/elasticfusion/blob/d22200c695dfa08296cc56028a47fdbf712269a5/CMakeModules/CudaComputeTargetFlags.cmake#L15,# Tell NVCC to add binaries for the specified GPUs,[],CMake,1,15,15
21849,mp3guy/elasticfusion,https://github.com/mp3guy/elasticfusion/blob/d22200c695dfa08296cc56028a47fdbf712269a5/CMakeModules/CudaComputeTargetFlags.cmake#L19,# User explicitly specified PTX for the concrete BIN					,[],CMake,3,19,19
21849,mp3guy/elasticfusion,https://github.com/mp3guy/elasticfusion/blob/d22200c695dfa08296cc56028a47fdbf712269a5/CMakeModules/CudaComputeTargetFlags.cmake#L22,"# User didn't explicitly specify PTX for the concrete BIN, we assume PTX=BIN                				",[],CMake,3,22,22
21849,mp3guy/elasticfusion,https://github.com/mp3guy/elasticfusion/blob/d22200c695dfa08296cc56028a47fdbf712269a5/CMakeModules/CudaComputeTargetFlags.cmake#L27,# Tell NVCC to add PTX intermediate code for the specified architectures,[],CMake,1,27,27
21849,mp3guy/elasticfusion,https://github.com/mp3guy/elasticfusion/blob/d22200c695dfa08296cc56028a47fdbf712269a5/CMakeModules/CudaDetect.cmake#L1,"# Taken from https://github.com/BVLC/caffe/blob/master/cmake/Cuda.cmake
################################################################################################
# A function for automatic detection of GPUs installed  (if autodetection is enabled)
# Usage:
#   detect_installed_gpus(out_variable)",[],CMake,0,1,5
21849,mp3guy/elasticfusion,https://github.com/mp3guy/elasticfusion/blob/d22200c695dfa08296cc56028a47fdbf712269a5/CMakeModules/FindBLAS.cmake#L42,"# This macro checks for the existence of the combination of fortran libraries
# given by _list.  If the combination is found, this macro checks (using the
# check_function_exists macro) whether can link against that library
# combination using the name of a routine given by _name using the linker
# flags given by _flags.  If the combination of libraries is found and passes
# the link test, LIBRARIES is set to the list of complete library paths that
# have been found and DEFINITIONS to the required definitions.
# Otherwise, LIBRARIES is set to FALSE.
# N.B. _prefix is the prefix applied to the names of all cached variables that
# are generated internally and marked advanced by this macro.",[],CMake,0,42,51
21849,mp3guy/elasticfusion,https://github.com/mp3guy/elasticfusion/blob/d22200c695dfa08296cc56028a47fdbf712269a5/CMakeModules/FindBLAS.cmake#L53,"#message(""DEBUG: check_fortran_libraries(${_list} in ${_path})"")",[],CMake,2,53,53
21849,mp3guy/elasticfusion,https://github.com/mp3guy/elasticfusion/blob/d22200c695dfa08296cc56028a47fdbf712269a5/CMakeModules/FindBLAS.cmake#L55,# Check for the existence of the libraries given by _list,[],CMake,2,55,55
21849,mp3guy/elasticfusion,https://github.com/mp3guy/elasticfusion/blob/d22200c695dfa08296cc56028a47fdbf712269a5/CMakeModules/FindBLAS.cmake#L65,# search first in ${_path},[],CMake,6,65,65
21849,mp3guy/elasticfusion,https://github.com/mp3guy/elasticfusion/blob/d22200c695dfa08296cc56028a47fdbf712269a5/CMakeModules/FindBLAS.cmake#L70,"# if not found, search in environment variables and system",[],CMake,6,70,70
21849,mp3guy/elasticfusion,https://github.com/mp3guy/elasticfusion/blob/d22200c695dfa08296cc56028a47fdbf712269a5/CMakeModules/FindBLAS.cmake#L87,"#message(""DEBUG: find_library(${_library}) = ${${_prefix}_${_library}_LIBRARY}"")",[],CMake,6,87,87
21849,mp3guy/elasticfusion,https://github.com/mp3guy/elasticfusion/blob/d22200c695dfa08296cc56028a47fdbf712269a5/CMakeModules/FindBLAS.cmake#L97,"# Test this combination of libraries with the Fortran/f2c interface.
# We test the Fortran interface first as it is well standardized.",[],CMake,2,97,98
21849,mp3guy/elasticfusion,https://github.com/mp3guy/elasticfusion/blob/d22200c695dfa08296cc56028a47fdbf712269a5/CMakeModules/FindBLAS.cmake#L102,"# Some C++ linkers require the f2c library to link with Fortran libraries.
# I do not know which ones, thus I just add the f2c library if it is available.",[],CMake,4,102,103
21849,mp3guy/elasticfusion,https://github.com/mp3guy/elasticfusion/blob/d22200c695dfa08296cc56028a47fdbf712269a5/CMakeModules/FindBLAS.cmake#L111,"#message(""DEBUG: CMAKE_REQUIRED_DEFINITIONS = ${CMAKE_REQUIRED_DEFINITIONS}"")
#message(""DEBUG: CMAKE_REQUIRED_LIBRARIES = ${CMAKE_REQUIRED_LIBRARIES}"")
# Check if function exists with f2c calling convention (ie a trailing underscore)",[],CMake,4,111,113
21849,mp3guy/elasticfusion,https://github.com/mp3guy/elasticfusion/blob/d22200c695dfa08296cc56028a47fdbf712269a5/CMakeModules/FindBLAS.cmake#L115,"#message(""DEBUG: check_function_exists(${_name}_) = ${${_prefix}_${_name}_${_combined_name}_f2c_WORKS}"")",[],CMake,4,115,115
21849,mp3guy/elasticfusion,https://github.com/mp3guy/elasticfusion/blob/d22200c695dfa08296cc56028a47fdbf712269a5/CMakeModules/FindBLAS.cmake#L122,"# If not found, test this combination of libraries with a C interface.
# A few implementations (ie ACML) provide a C interface. Unfortunately, there is no standard.",[],CMake,2,122,123
21849,mp3guy/elasticfusion,https://github.com/mp3guy/elasticfusion/blob/d22200c695dfa08296cc56028a47fdbf712269a5/CMakeModules/FindBLAS.cmake#L129,"#message(""DEBUG: CMAKE_REQUIRED_LIBRARIES = ${CMAKE_REQUIRED_LIBRARIES}"")",[],CMake,4,129,129
21849,mp3guy/elasticfusion,https://github.com/mp3guy/elasticfusion/blob/d22200c695dfa08296cc56028a47fdbf712269a5/CMakeModules/FindBLAS.cmake#L131,"#message(""DEBUG: check_function_exists(${_name}) = ${${_prefix}_${_name}${_combined_name}_WORKS}"")",[],CMake,4,131,131
21849,mp3guy/elasticfusion,https://github.com/mp3guy/elasticfusion/blob/d22200c695dfa08296cc56028a47fdbf712269a5/CMakeModules/FindBLAS.cmake#L137,# on failure,[],CMake,2,137,137
21849,mp3guy/elasticfusion,https://github.com/mp3guy/elasticfusion/blob/d22200c695dfa08296cc56028a47fdbf712269a5/CMakeModules/FindBLAS.cmake#L142,"#message(""DEBUG: ${DEFINITIONS} = ${${DEFINITIONS}}"")
#message(""DEBUG: ${LIBRARIES} = ${${LIBRARIES}}"")",[],CMake,2,142,143
21849,mp3guy/elasticfusion,https://github.com/mp3guy/elasticfusion/blob/d22200c695dfa08296cc56028a47fdbf712269a5/CMakeModules/FindBLAS.cmake#L147,"#
# main
#",[],CMake,0,147,149
21849,mp3guy/elasticfusion,https://github.com/mp3guy/elasticfusion/blob/d22200c695dfa08296cc56028a47fdbf712269a5/CMakeModules/FindBLAS.cmake#L151,# Is it already configured?,[],CMake,0,151,151
21849,mp3guy/elasticfusion,https://github.com/mp3guy/elasticfusion/blob/d22200c695dfa08296cc56028a47fdbf712269a5/CMakeModules/FindBLAS.cmake#L158,# reset variables,[],CMake,2,158,158
21849,mp3guy/elasticfusion,https://github.com/mp3guy/elasticfusion/blob/d22200c695dfa08296cc56028a47fdbf712269a5/CMakeModules/FindBLAS.cmake#L165,"# Look first for the TAUCS library distributed with CGAL in auxiliary/taucs.
# Set CGAL_TAUCS_FOUND, CGAL_TAUCS_INCLUDE_DIR and CGAL_TAUCS_LIBRARIES_DIR.
#include(CGAL_Locate_CGAL_TAUCS)",[],CMake,2,165,167
21849,mp3guy/elasticfusion,https://github.com/mp3guy/elasticfusion/blob/d22200c695dfa08296cc56028a47fdbf712269a5/CMakeModules/FindBLAS.cmake#L169,# Search for BLAS in CGAL_TAUCS_INCLUDE_DIR/CGAL_TAUCS_LIBRARIES_DIR (TAUCS shipped with CGAL)...,[],CMake,2,169,169
21849,mp3guy/elasticfusion,https://github.com/mp3guy/elasticfusion/blob/d22200c695dfa08296cc56028a47fdbf712269a5/CMakeModules/FindBLAS.cmake#L172,# if VC++: done,[],CMake,4,172,172
21849,mp3guy/elasticfusion,https://github.com/mp3guy/elasticfusion/blob/d22200c695dfa08296cc56028a47fdbf712269a5/CMakeModules/FindBLAS.cmake#L176,# ...else search for BLAS in $BLAS_LIB_DIR environment variable,[],CMake,2,176,176
21849,mp3guy/elasticfusion,https://github.com/mp3guy/elasticfusion/blob/d22200c695dfa08296cc56028a47fdbf712269a5/CMakeModules/FindBLAS.cmake#L179,"#
# Search for BLAS in possible libraries
# in $BLAS_LIB_DIR environment variable and in usual places.
#",[],CMake,4,179,182
21849,mp3guy/elasticfusion,https://github.com/mp3guy/elasticfusion/blob/d22200c695dfa08296cc56028a47fdbf712269a5/CMakeModules/FindBLAS.cmake#L184,# BLAS in ATLAS library? (http://math-atlas.sourceforge.net/),[],CMake,4,184,184
21849,mp3guy/elasticfusion,https://github.com/mp3guy/elasticfusion/blob/d22200c695dfa08296cc56028a47fdbf712269a5/CMakeModules/FindBLAS.cmake#L197,"# BLAS in PhiPACK libraries? (requires generic BLAS lib, too)",[],CMake,4,197,197
21849,mp3guy/elasticfusion,https://github.com/mp3guy/elasticfusion/blob/d22200c695dfa08296cc56028a47fdbf712269a5/CMakeModules/FindBLAS.cmake#L210,# BLAS in Alpha CXML library?,[],CMake,4,210,210
21849,mp3guy/elasticfusion,https://github.com/mp3guy/elasticfusion/blob/d22200c695dfa08296cc56028a47fdbf712269a5/CMakeModules/FindBLAS.cmake#L223,"# BLAS in Alpha DXML library? (now called CXML, see above)",[],CMake,4,223,223
21849,mp3guy/elasticfusion,https://github.com/mp3guy/elasticfusion/blob/d22200c695dfa08296cc56028a47fdbf712269a5/CMakeModules/FindBLAS.cmake#L236,# BLAS in Sun Performance library?,[],CMake,4,236,236
21849,mp3guy/elasticfusion,https://github.com/mp3guy/elasticfusion/blob/d22200c695dfa08296cc56028a47fdbf712269a5/CMakeModules/FindBLAS.cmake#L248,# Extra linker flag,[],CMake,8,248,248
21849,mp3guy/elasticfusion,https://github.com/mp3guy/elasticfusion/blob/d22200c695dfa08296cc56028a47fdbf712269a5/CMakeModules/FindBLAS.cmake#L253,# BLAS in SCSL library?  (SGI/Cray Scientific Library),[],CMake,4,253,253
21849,mp3guy/elasticfusion,https://github.com/mp3guy/elasticfusion/blob/d22200c695dfa08296cc56028a47fdbf712269a5/CMakeModules/FindBLAS.cmake#L266,# BLAS in SGIMATH library?,[],CMake,4,266,266
21849,mp3guy/elasticfusion,https://github.com/mp3guy/elasticfusion/blob/d22200c695dfa08296cc56028a47fdbf712269a5/CMakeModules/FindBLAS.cmake#L279,"# BLAS in IBM ESSL library? (requires generic BLAS lib, too)",[],CMake,4,279,279
21849,mp3guy/elasticfusion,https://github.com/mp3guy/elasticfusion/blob/d22200c695dfa08296cc56028a47fdbf712269a5/CMakeModules/FindBLAS.cmake#L292,# intel mkl 10 library?,[],CMake,4,292,292
21849,mp3guy/elasticfusion,https://github.com/mp3guy/elasticfusion/blob/d22200c695dfa08296cc56028a47fdbf712269a5/CMakeModules/FindBLAS.cmake#L295,"# intel mkl library? (static, 32bit)",[],CMake,6,295,295
21849,mp3guy/elasticfusion,https://github.com/mp3guy/elasticfusion/blob/d22200c695dfa08296cc56028a47fdbf712269a5/CMakeModules/FindBLAS.cmake#L308,"# intel mkl library? (static, ia64 and em64t 64 bit)",[],CMake,4,308,308
21849,mp3guy/elasticfusion,https://github.com/mp3guy/elasticfusion/blob/d22200c695dfa08296cc56028a47fdbf712269a5/CMakeModules/FindBLAS.cmake#L321,"# intel mkl library? (static, 32bit)",[],CMake,6,321,321
21849,mp3guy/elasticfusion,https://github.com/mp3guy/elasticfusion/blob/d22200c695dfa08296cc56028a47fdbf712269a5/CMakeModules/FindBLAS.cmake#L334,"# intel mkl library? (static, ia64 and em64t 64 bit)",[],CMake,4,334,334
21849,mp3guy/elasticfusion,https://github.com/mp3guy/elasticfusion/blob/d22200c695dfa08296cc56028a47fdbf712269a5/CMakeModules/FindBLAS.cmake#L348,# older versions of intel mkl libs,[],CMake,4,348,348
21849,mp3guy/elasticfusion,https://github.com/mp3guy/elasticfusion/blob/d22200c695dfa08296cc56028a47fdbf712269a5/CMakeModules/FindBLAS.cmake#L350,# intel mkl library? (shared),[],CMake,4,350,350
21849,mp3guy/elasticfusion,https://github.com/mp3guy/elasticfusion/blob/d22200c695dfa08296cc56028a47fdbf712269a5/CMakeModules/FindBLAS.cmake#L363,"# intel mkl library? (static, 32bit)",[],CMake,4,363,363
21849,mp3guy/elasticfusion,https://github.com/mp3guy/elasticfusion/blob/d22200c695dfa08296cc56028a47fdbf712269a5/CMakeModules/FindBLAS.cmake#L376,"# intel mkl library? (static, ia64 64bit)",[],CMake,2,376,376
21849,mp3guy/elasticfusion,https://github.com/mp3guy/elasticfusion/blob/d22200c695dfa08296cc56028a47fdbf712269a5/CMakeModules/FindBLAS.cmake#L389,"# intel mkl library? (static, em64t 64bit)",[],CMake,4,389,389
21849,mp3guy/elasticfusion,https://github.com/mp3guy/elasticfusion/blob/d22200c695dfa08296cc56028a47fdbf712269a5/CMakeModules/FindBLAS.cmake#L402,#BLAS in acml library?,[],CMake,4,402,402
21849,mp3guy/elasticfusion,https://github.com/mp3guy/elasticfusion/blob/d22200c695dfa08296cc56028a47fdbf712269a5/CMakeModules/FindBLAS.cmake#L415,# Apple BLAS library?,[],CMake,4,415,415
21849,mp3guy/elasticfusion,https://github.com/mp3guy/elasticfusion/blob/d22200c695dfa08296cc56028a47fdbf712269a5/CMakeModules/FindBLAS.cmake#L440,"# Generic BLAS library?
# This configuration *must* be the last try as this library is notably slow.",[],CMake,4,440,441
21849,mp3guy/elasticfusion,https://github.com/mp3guy/elasticfusion/blob/d22200c695dfa08296cc56028a47fdbf712269a5/CMakeModules/FindBLAS.cmake#L481,# Add variables to cache,[],CMake,2,481,481
21849,mp3guy/elasticfusion,https://github.com/mp3guy/elasticfusion/blob/d22200c695dfa08296cc56028a47fdbf712269a5/CMakeModules/FindBLAS.cmake#L493,"#message(""DEBUG: BLAS_INCLUDE_DIR = ${BLAS_INCLUDE_DIR}"")
#message(""DEBUG: BLAS_DEFINITIONS = ${BLAS_DEFINITIONS}"")
#message(""DEBUG: BLAS_LINKER_FLAGS = ${BLAS_LINKER_FLAGS}"")
#message(""DEBUG: BLAS_LIBRARIES = ${BLAS_LIBRARIES}"")
#message(""DEBUG: BLAS_LIBRARIES_DIR = ${BLAS_LIBRARIES_DIR}"")
#message(""DEBUG: BLAS_FOUND = ${BLAS_FOUND}"")",[],CMake,2,493,498
21849,mp3guy/elasticfusion,https://github.com/mp3guy/elasticfusion/blob/d22200c695dfa08296cc56028a47fdbf712269a5/CMakeModules/FindLAPACK.cmake#L35,"# This macro checks for the existence of the combination of fortran libraries
# given by _list.  If the combination is found, this macro checks (using the
# check_function_exists macro) whether can link against that library
# combination using the name of a routine given by _name using the linker
# flags given by _flags.  If the combination of libraries is found and passes
# the link test, LIBRARIES is set to the list of complete library paths that
# have been found and DEFINITIONS to the required definitions.
# Otherwise, LIBRARIES is set to FALSE.
# N.B. _prefix is the prefix applied to the names of all cached variables that
# are generated internally and marked advanced by this macro.",[],CMake,0,35,44
21849,mp3guy/elasticfusion,https://github.com/mp3guy/elasticfusion/blob/d22200c695dfa08296cc56028a47fdbf712269a5/CMakeModules/FindLAPACK.cmake#L46,"#message(""DEBUG: check_lapack_libraries(${_list} in ${_path} with ${_blas})"")",[],CMake,2,46,46
21849,mp3guy/elasticfusion,https://github.com/mp3guy/elasticfusion/blob/d22200c695dfa08296cc56028a47fdbf712269a5/CMakeModules/FindLAPACK.cmake#L48,# Check for the existence of the libraries given by _list,[],CMake,2,48,48
21849,mp3guy/elasticfusion,https://github.com/mp3guy/elasticfusion/blob/d22200c695dfa08296cc56028a47fdbf712269a5/CMakeModules/FindLAPACK.cmake#L58,# search first in ${_path},[],CMake,6,58,58
21849,mp3guy/elasticfusion,https://github.com/mp3guy/elasticfusion/blob/d22200c695dfa08296cc56028a47fdbf712269a5/CMakeModules/FindLAPACK.cmake#L63,"# if not found, search in environment variables and system",[],CMake,6,63,63
21849,mp3guy/elasticfusion,https://github.com/mp3guy/elasticfusion/blob/d22200c695dfa08296cc56028a47fdbf712269a5/CMakeModules/FindLAPACK.cmake#L89,"# Test this combination of libraries with the Fortran/f2c interface.
# We test the Fortran interface first as it is well standardized.",[],CMake,2,89,90
21849,mp3guy/elasticfusion,https://github.com/mp3guy/elasticfusion/blob/d22200c695dfa08296cc56028a47fdbf712269a5/CMakeModules/FindLAPACK.cmake#L94,"# Some C++ linkers require the f2c library to link with Fortran libraries.
# I do not know which ones, thus I just add the f2c library if it is available.",[],CMake,4,94,95
21849,mp3guy/elasticfusion,https://github.com/mp3guy/elasticfusion/blob/d22200c695dfa08296cc56028a47fdbf712269a5/CMakeModules/FindLAPACK.cmake#L103,"#message(""DEBUG: CMAKE_REQUIRED_DEFINITIONS = ${CMAKE_REQUIRED_DEFINITIONS}"")
#message(""DEBUG: CMAKE_REQUIRED_LIBRARIES = ${CMAKE_REQUIRED_LIBRARIES}"")
# Check if function exists with f2c calling convention (ie a trailing underscore)",[],CMake,4,103,105
21849,mp3guy/elasticfusion,https://github.com/mp3guy/elasticfusion/blob/d22200c695dfa08296cc56028a47fdbf712269a5/CMakeModules/FindLAPACK.cmake#L113,"# If not found, test this combination of libraries with a C interface.
# A few implementations (ie ACML) provide a C interface. Unfortunately, there is no standard.",[],CMake,2,113,114
21849,mp3guy/elasticfusion,https://github.com/mp3guy/elasticfusion/blob/d22200c695dfa08296cc56028a47fdbf712269a5/CMakeModules/FindLAPACK.cmake#L120,"#message(""DEBUG: CMAKE_REQUIRED_LIBRARIES = ${CMAKE_REQUIRED_LIBRARIES}"")",[],CMake,4,120,120
21849,mp3guy/elasticfusion,https://github.com/mp3guy/elasticfusion/blob/d22200c695dfa08296cc56028a47fdbf712269a5/CMakeModules/FindLAPACK.cmake#L127,# on failure,[],CMake,2,127,127
21849,mp3guy/elasticfusion,https://github.com/mp3guy/elasticfusion/blob/d22200c695dfa08296cc56028a47fdbf712269a5/CMakeModules/FindLAPACK.cmake#L132,"#message(""DEBUG: ${DEFINITIONS} = ${${DEFINITIONS}}"")
#message(""DEBUG: ${LIBRARIES} = ${${LIBRARIES}}"")",[],CMake,2,132,133
21849,mp3guy/elasticfusion,https://github.com/mp3guy/elasticfusion/blob/d22200c695dfa08296cc56028a47fdbf712269a5/CMakeModules/FindLAPACK.cmake#L137,"#
# main
#",[],CMake,0,137,139
21849,mp3guy/elasticfusion,https://github.com/mp3guy/elasticfusion/blob/d22200c695dfa08296cc56028a47fdbf712269a5/CMakeModules/FindLAPACK.cmake#L141,# LAPACK requires BLAS,[],CMake,0,141,141
21849,mp3guy/elasticfusion,https://github.com/mp3guy/elasticfusion/blob/d22200c695dfa08296cc56028a47fdbf712269a5/CMakeModules/FindLAPACK.cmake#L153,# Is it already configured?,[],CMake,0,153,153
21849,mp3guy/elasticfusion,https://github.com/mp3guy/elasticfusion/blob/d22200c695dfa08296cc56028a47fdbf712269a5/CMakeModules/FindLAPACK.cmake#L160,# reset variables,[],CMake,2,160,160
21849,mp3guy/elasticfusion,https://github.com/mp3guy/elasticfusion/blob/d22200c695dfa08296cc56028a47fdbf712269a5/CMakeModules/FindLAPACK.cmake#L163,# unused (yet),[],CMake,32,163,163
21849,mp3guy/elasticfusion,https://github.com/mp3guy/elasticfusion/blob/d22200c695dfa08296cc56028a47fdbf712269a5/CMakeModules/FindLAPACK.cmake#L167,"# Look first for the TAUCS library distributed with CGAL in auxiliary/taucs.
# Set CGAL_TAUCS_FOUND, CGAL_TAUCS_INCLUDE_DIR and CGAL_TAUCS_LIBRARIES_DIR.
#include(CGAL_Locate_CGAL_TAUCS)",[],CMake,2,167,169
21849,mp3guy/elasticfusion,https://github.com/mp3guy/elasticfusion/blob/d22200c695dfa08296cc56028a47fdbf712269a5/CMakeModules/FindLAPACK.cmake#L171,"# Search for LAPACK in CGAL_TAUCS_INCLUDE_DIR/CGAL_TAUCS_LIBRARIES_DIR (TAUCS shipped with CGAL),
# else in $LAPACK_INC_DIR/$LAPACK_LIB_DIR environment variables.",[],CMake,2,171,172
21849,mp3guy/elasticfusion,https://github.com/mp3guy/elasticfusion/blob/d22200c695dfa08296cc56028a47fdbf712269a5/CMakeModules/FindLAPACK.cmake#L175,# if VC++: done,[],CMake,4,175,175
21849,mp3guy/elasticfusion,https://github.com/mp3guy/elasticfusion/blob/d22200c695dfa08296cc56028a47fdbf712269a5/CMakeModules/FindLAPACK.cmake#L181,"#
# If Unix, search for LAPACK function in possible libraries
#",[],CMake,4,181,183
21849,mp3guy/elasticfusion,https://github.com/mp3guy/elasticfusion/blob/d22200c695dfa08296cc56028a47fdbf712269a5/CMakeModules/FindLAPACK.cmake#L185,#intel mkl lapack?,[],CMake,4,185,185
21849,mp3guy/elasticfusion,https://github.com/mp3guy/elasticfusion/blob/d22200c695dfa08296cc56028a47fdbf712269a5/CMakeModules/FindLAPACK.cmake#L199,#acml lapack?,[],CMake,4,199,199
21849,mp3guy/elasticfusion,https://github.com/mp3guy/elasticfusion/blob/d22200c695dfa08296cc56028a47fdbf712269a5/CMakeModules/FindLAPACK.cmake#L213,# Apple LAPACK library?,[],CMake,4,213,213
21849,mp3guy/elasticfusion,https://github.com/mp3guy/elasticfusion/blob/d22200c695dfa08296cc56028a47fdbf712269a5/CMakeModules/FindLAPACK.cmake#L240,"# Generic LAPACK library?
# This configuration *must* be the last try as this library is notably slow.",[],CMake,4,240,241
21849,mp3guy/elasticfusion,https://github.com/mp3guy/elasticfusion/blob/d22200c695dfa08296cc56028a47fdbf712269a5/CMakeModules/FindLAPACK.cmake#L293,# Add variables to cache,[],CMake,2,293,293
21849,mp3guy/elasticfusion,https://github.com/mp3guy/elasticfusion/blob/d22200c695dfa08296cc56028a47fdbf712269a5/CMakeModules/FindLAPACK.cmake#L305,"#message(""DEBUG: LAPACK_INCLUDE_DIR = ${LAPACK_INCLUDE_DIR}"")
#message(""DEBUG: LAPACK_DEFINITIONS = ${LAPACK_DEFINITIONS}"")
#message(""DEBUG: LAPACK_LINKER_FLAGS = ${LAPACK_LINKER_FLAGS}"")
#message(""DEBUG: LAPACK_LIBRARIES = ${LAPACK_LIBRARIES}"")
#message(""DEBUG: LAPACK_LIBRARIES_DIR = ${LAPACK_LIBRARIES_DIR}"")
#message(""DEBUG: LAPACK_FOUND = ${LAPACK_FOUND}"")",[],CMake,2,305,310
21849,mp3guy/elasticfusion,https://github.com/mp3guy/elasticfusion/blob/d22200c695dfa08296cc56028a47fdbf712269a5/CMakeModules/FindOpenNI2.cmake#L1,"###############################################################################
# Find OpenNI2
#
# This sets the following variables:
# OPENNI2_FOUND - True if OPENNI was found.
# OPENNI2_INCLUDE_DIRS - Directories containing the OPENNI include files.
# OPENNI2_LIBRARIES - Libraries needed to use OPENNI.",[],CMake,0,1,7
21849,mp3guy/elasticfusion,https://github.com/mp3guy/elasticfusion/blob/d22200c695dfa08296cc56028a47fdbf712269a5/CMakeModules/FindOpenNI2.cmake#L18,#add a hint so that it can find it without the pkg-config,[],CMake,0,18,18
21849,mp3guy/elasticfusion,https://github.com/mp3guy/elasticfusion/blob/d22200c695dfa08296cc56028a47fdbf712269a5/CMakeModules/FindOpenNI2.cmake#L48,#add a hint so that it can find it without the pkg-config,[],CMake,0,48,48
21849,mp3guy/elasticfusion,https://github.com/mp3guy/elasticfusion/blob/d22200c695dfa08296cc56028a47fdbf712269a5/CMakeModules/FindSuiteSparse.cmake#L1,"# - Try to find SUITESPARSE
# Once done this will define
#  
#  SUITESPARSE_FOUND            - system has SUITESPARSE
#  SUITESPARSE_INCLUDE_DIRS     - the SUITESPARSE include directory
#  SUITESPARSE_LIBRARIES        - Link these to use SUITESPARSE
#  SUITESPARSE_SPQR_LIBRARY     - name of spqr library (necessary due to error in debian package)
#  SUITESPARSE_SPQR_LIBRARY_DIR - name of spqr library (necessary due to error in debian package)
#  SUITESPARSE_LIBRARY_DIR      - Library main directory containing suitesparse libs
#  SUITESPARSE_LIBRARY_DIRS     - all Library directories containing suitesparse libs
#  SUITESPARSE_SPQR_VALID       - automatic identification whether or not spqr package is installed correctly",[],CMake,0,1,11
21849,mp3guy/elasticfusion,https://github.com/mp3guy/elasticfusion/blob/d22200c695dfa08296cc56028a47fdbf712269a5/CMakeModules/FindSuiteSparse.cmake#L14,"# Already in cache, be silent",[],CMake,2,14,14
21849,mp3guy/elasticfusion,https://github.com/mp3guy/elasticfusion/blob/d22200c695dfa08296cc56028a47fdbf712269a5/CMakeModules/FindSuiteSparse.cmake#L19,# the libraries may have lib prefix,[],CMake,2,19,19
21849,mp3guy/elasticfusion,https://github.com/mp3guy/elasticfusion/blob/d22200c695dfa08296cc56028a47fdbf712269a5/CMakeModules/FindSuiteSparse.cmake#L39,# Add cholmod include directory to collection include directories,[],CMake,3,39,39
21849,mp3guy/elasticfusion,https://github.com/mp3guy/elasticfusion/blob/d22200c695dfa08296cc56028a47fdbf712269a5/CMakeModules/FindSuiteSparse.cmake#L44,"# if we found the library, add it to the defined libraries",[],CMake,3,44,44
21849,mp3guy/elasticfusion,https://github.com/mp3guy/elasticfusion/blob/d22200c695dfa08296cc56028a47fdbf712269a5/CMakeModules/FindSuiteSparse.cmake#L86,# Metis and spqr are optional,[],CMake,7,86,86
