repoIndex,repoName,linkLocation,comment,keywords,buildSysteminFile,charPosition,startLine,endLine
22206,greenplum-db/gporca,https://github.com/greenplum-db/gporca/blob/a8063dcc90d4fa7f9b361b70849e87bcf8e457de/libgpos/config.h.in#L1,"//---------------------------------------------------------------------------
//	Greenplum Database
//	Copyright (C) 2016 Greenplum, Inc.
//
//	@filename:
//		config.h
//
//	@doc:
//		Various compile-time options that affect binary
//		compatibility.
//
//---------------------------------------------------------------------------",[],Autotool,0,1,12
22206,greenplum-db/gporca,https://github.com/greenplum-db/gporca/blob/a8063dcc90d4fa7f9b361b70849e87bcf8e457de/libgpos/config.h.in#L18,// These come from CMAKE_SYSTEM_PROCESSOR,[],Autotool,0,18,18
22206,greenplum-db/gporca,https://github.com/greenplum-db/gporca/blob/a8063dcc90d4fa7f9b361b70849e87bcf8e457de/libgpos/config.h.in#L25,// These come from CMAKE_ARCH_BITS (based on CMAKE_SIZEOF_VOID_P),[],Autotool,0,25,25
22206,greenplum-db/gporca,https://github.com/greenplum-db/gporca/blob/a8063dcc90d4fa7f9b361b70849e87bcf8e457de/libgpos/config.h.in#L29,// These come from CMAKE_SYSTEM_NAME,[],Autotool,0,29,29
22206,greenplum-db/gporca,https://github.com/greenplum-db/gporca/blob/a8063dcc90d4fa7f9b361b70849e87bcf8e457de/libgpos/config.h.in#L34,"// Atomics, detected by cmake/FindAtomics.cmake",[],Autotool,0,34,34
22206,greenplum-db/gporca,https://github.com/greenplum-db/gporca/blob/a8063dcc90d4fa7f9b361b70849e87bcf8e457de/libgpos/config.h.in#L41,// EOF,[],Autotool,0,41,41
22206,greenplum-db/gporca,https://github.com/greenplum-db/gporca/blob/a8063dcc90d4fa7f9b361b70849e87bcf8e457de/CMakeLists.txt#L1,"# Copyright (c) 2015, Pivotal Software, Inc.",[],CMake,0,1,1
22206,greenplum-db/gporca,https://github.com/greenplum-db/gporca/blob/a8063dcc90d4fa7f9b361b70849e87bcf8e457de/CMakeLists.txt#L12,"# Whenever an ABI-breaking change is made to GPORCA, this should be incremented.
# ABI changes include removing functions, and adding or removing function
# parameters. Because GPORCA is a C++ library, there are also several other cases
# that might cause ABI changes, including adding or removing class members,
# and things that might change vtables for classes with virtual methods. If in
# doubt, do the safe thing and increment this number.",[],CMake,0,12,17
22206,greenplum-db/gporca,https://github.com/greenplum-db/gporca/blob/a8063dcc90d4fa7f9b361b70849e87bcf8e457de/CMakeLists.txt#L20,# Default to shared libraries.,[],CMake,0,20,20
22206,greenplum-db/gporca,https://github.com/greenplum-db/gporca/blob/a8063dcc90d4fa7f9b361b70849e87bcf8e457de/CMakeLists.txt#L23,# Configure CCache if available,[],CMake,0,23,23
22206,greenplum-db/gporca,https://github.com/greenplum-db/gporca/blob/a8063dcc90d4fa7f9b361b70849e87bcf8e457de/CMakeLists.txt#L30,# Check build type,[],CMake,0,30,30
22206,greenplum-db/gporca,https://github.com/greenplum-db/gporca/blob/a8063dcc90d4fa7f9b361b70849e87bcf8e457de/CMakeLists.txt#L36,# Override CMAKE_SYSTEM_PROCESSOR if it has been explicitly set in a toolchain file.,[],CMake,0,36,36
22206,greenplum-db/gporca,https://github.com/greenplum-db/gporca/blob/a8063dcc90d4fa7f9b361b70849e87bcf8e457de/CMakeLists.txt#L41,# Turn on compiler flags for all warnings if available.,[],CMake,0,41,41
22206,greenplum-db/gporca,https://github.com/greenplum-db/gporca/blob/a8063dcc90d4fa7f9b361b70849e87bcf8e457de/CMakeLists.txt#L64,"# Turn off warnings about variadic macros if for some reason the C++ dialect is
# not compatible with C99.",[],CMake,0,64,65
22206,greenplum-db/gporca,https://github.com/greenplum-db/gporca/blob/a8063dcc90d4fa7f9b361b70849e87bcf8e457de/CMakeLists.txt#L71,# Generate maximum detail for DEBUG information with -g3 if available.,[],CMake,0,71,71
22206,greenplum-db/gporca,https://github.com/greenplum-db/gporca/blob/a8063dcc90d4fa7f9b361b70849e87bcf8e457de/CMakeLists.txt#L78,"# Do not omit frame pointer. Even with RELEASE builds, it is used for
# backtracing.",[],CMake,0,78,79
22206,greenplum-db/gporca,https://github.com/greenplum-db/gporca/blob/a8063dcc90d4fa7f9b361b70849e87bcf8e457de/CMakeLists.txt#L86,# Turn on GPOS_DEBUG define for DEBUG builds.,[],CMake,0,86,86
22206,greenplum-db/gporca,https://github.com/greenplum-db/gporca/blob/a8063dcc90d4fa7f9b361b70849e87bcf8e457de/CMakeLists.txt#L94,# Turn on platform-specific defines.,[],CMake,0,94,94
22206,greenplum-db/gporca,https://github.com/greenplum-db/gporca/blob/a8063dcc90d4fa7f9b361b70849e87bcf8e457de/CMakeLists.txt#L98,# Autodetect bit-width if not already set by toolchain file.,[],CMake,0,98,98
22206,greenplum-db/gporca,https://github.com/greenplum-db/gporca/blob/a8063dcc90d4fa7f9b361b70849e87bcf8e457de/CMakeLists.txt#L100,# Autodetect bit-width.,[],CMake,2,100,100
22206,greenplum-db/gporca,https://github.com/greenplum-db/gporca/blob/a8063dcc90d4fa7f9b361b70849e87bcf8e457de/CMakeLists.txt#L112,# Library dependencies for optimizer.,[],CMake,0,112,112
22206,greenplum-db/gporca,https://github.com/greenplum-db/gporca/blob/a8063dcc90d4fa7f9b361b70849e87bcf8e457de/CMakeLists.txt#L115,# POSIX threads.,[],CMake,0,115,115
22206,greenplum-db/gporca,https://github.com/greenplum-db/gporca/blob/a8063dcc90d4fa7f9b361b70849e87bcf8e457de/CMakeLists.txt#L121,# Xerces.,[],CMake,0,121,121
22206,greenplum-db/gporca,https://github.com/greenplum-db/gporca/blob/a8063dcc90d4fa7f9b361b70849e87bcf8e457de/CMakeLists.txt#L125,# GPOS.,[],CMake,0,125,125
22206,greenplum-db/gporca,https://github.com/greenplum-db/gporca/blob/a8063dcc90d4fa7f9b361b70849e87bcf8e457de/CMakeLists.txt#L128,# Extra system libs needed on Solaris.,[],CMake,0,128,128
22206,greenplum-db/gporca,https://github.com/greenplum-db/gporca/blob/a8063dcc90d4fa7f9b361b70849e87bcf8e457de/CMakeLists.txt#L148,# Sub-libraries.,[],CMake,0,148,148
22206,greenplum-db/gporca,https://github.com/greenplum-db/gporca/blob/a8063dcc90d4fa7f9b361b70849e87bcf8e457de/CMakeLists.txt#L154,# Tests.,[],CMake,0,154,154
22206,greenplum-db/gporca,https://github.com/greenplum-db/gporca/blob/a8063dcc90d4fa7f9b361b70849e87bcf8e457de/libgpdbcost/CMakeLists.txt#L1,"# Copyright (c) 2015, Pivotal Software, Inc. All Rights Reserved.",[],CMake,0,1,1
22206,greenplum-db/gporca,https://github.com/greenplum-db/gporca/blob/a8063dcc90d4fa7f9b361b70849e87bcf8e457de/libgpdbcost/CMakeLists.txt#L6,# for the generated config.h file.,[],CMake,0,6,6
22206,greenplum-db/gporca,https://github.com/greenplum-db/gporca/blob/a8063dcc90d4fa7f9b361b70849e87bcf8e457de/libgpdbcost/CMakeLists.txt#L12,"# Add headers to make them visible in some IDEs (Clion, VS, Xcode)",[],CMake,0,12,12
22206,greenplum-db/gporca,https://github.com/greenplum-db/gporca/blob/a8063dcc90d4fa7f9b361b70849e87bcf8e457de/libgpdbcost/CMakeLists.txt#L23,# Prevent linker errors from undefined symbols on OSX.,[],CMake,0,23,23
22206,greenplum-db/gporca,https://github.com/greenplum-db/gporca/blob/a8063dcc90d4fa7f9b361b70849e87bcf8e457de/libgpopt/CMakeLists.txt#L1,"# Copyright (c) 2015, Pivotal Software, Inc. All Rights Reserved.",[],CMake,0,1,1
22206,greenplum-db/gporca,https://github.com/greenplum-db/gporca/blob/a8063dcc90d4fa7f9b361b70849e87bcf8e457de/libgpopt/CMakeLists.txt#L7,# Generate version-number header.,[],CMake,0,7,7
22206,greenplum-db/gporca,https://github.com/greenplum-db/gporca/blob/a8063dcc90d4fa7f9b361b70849e87bcf8e457de/libgpopt/CMakeLists.txt#L11,# for the generated config.h file.,[],CMake,0,11,11
22206,greenplum-db/gporca,https://github.com/greenplum-db/gporca/blob/a8063dcc90d4fa7f9b361b70849e87bcf8e457de/libgpopt/CMakeLists.txt#L17,"# Add headers to make them visible in some IDEs (Clion, VS, Xcode)",[],CMake,0,17,17
22206,greenplum-db/gporca,https://github.com/greenplum-db/gporca/blob/a8063dcc90d4fa7f9b361b70849e87bcf8e457de/libgpos/CMakeLists.txt#L1,# Need pthreads.,[],CMake,0,1,1
22206,greenplum-db/gporca,https://github.com/greenplum-db/gporca/blob/a8063dcc90d4fa7f9b361b70849e87bcf8e457de/libgpos/CMakeLists.txt#L7,# Try to find atomic operations.,[],CMake,0,7,7
22206,greenplum-db/gporca,https://github.com/greenplum-db/gporca/blob/a8063dcc90d4fa7f9b361b70849e87bcf8e457de/libgpos/CMakeLists.txt#L26,# for the generated config.h file.,[],CMake,0,26,26
22206,greenplum-db/gporca,https://github.com/greenplum-db/gporca/blob/a8063dcc90d4fa7f9b361b70849e87bcf8e457de/libgpos/CMakeLists.txt#L32,"# Add headers to make them visible in some IDEs (Clion, VS, Xcode)",[],CMake,0,32,32
22206,greenplum-db/gporca,https://github.com/greenplum-db/gporca/blob/a8063dcc90d4fa7f9b361b70849e87bcf8e457de/libgpos/CMakeLists.txt#L39,# Extra system libs needed on Solaris.,[],CMake,0,39,39
22206,greenplum-db/gporca,https://github.com/greenplum-db/gporca/blob/a8063dcc90d4fa7f9b361b70849e87bcf8e457de/libgpos/CMakeLists.txt#L60,# Tests reside in the 'server' subdirectory.,[],CMake,0,60,60
22206,greenplum-db/gporca,https://github.com/greenplum-db/gporca/blob/a8063dcc90d4fa7f9b361b70849e87bcf8e457de/libgpos/CMakeLists.txt#L63,# Installation.,[],CMake,0,63,63
22206,greenplum-db/gporca,https://github.com/greenplum-db/gporca/blob/a8063dcc90d4fa7f9b361b70849e87bcf8e457de/libgpos/server/CMakeLists.txt#L1,"# Copyright (c) 2015, Pivotal Software, Inc. All Rights Reserved.",[],CMake,0,1,1
22206,greenplum-db/gporca,https://github.com/greenplum-db/gporca/blob/a8063dcc90d4fa7f9b361b70849e87bcf8e457de/libgpos/server/CMakeLists.txt#L3,# Include path for unit test headers.,[],CMake,0,3,3
22206,greenplum-db/gporca,https://github.com/greenplum-db/gporca/blob/a8063dcc90d4fa7f9b361b70849e87bcf8e457de/libgpos/server/CMakeLists.txt#L6,"# CExceptionTest has a function that intentionally calls itself with infinite
# recursion to test exception handling when exhausting the stack. Some C++
# compilers (notably Clang) detect this and generate a warning. We suppress
# such warnings ONLY for CExceptionTest, which we compile as a static library
# separate from the rest of the tests.",[],CMake,0,6,10
22206,greenplum-db/gporca,https://github.com/greenplum-db/gporca/blob/a8063dcc90d4fa7f9b361b70849e87bcf8e457de/libgpos/server/CMakeLists.txt#L18,"# CCacheTest sets some variables that are only read in DEBUG builds, causing
# warnings about unused variables for RELEASE builds. We suppress such warnings
# ONLY for CCacheTest, which we compile as a static library separate from the
# rest of the tests.",[],CMake,0,18,21
22206,greenplum-db/gporca,https://github.com/greenplum-db/gporca/blob/a8063dcc90d4fa7f9b361b70849e87bcf8e457de/libgpos/server/CMakeLists.txt#L32,"# Add headers to make them visible in some IDEs (Clion, VS, Xcode)",[],CMake,0,32,32
22206,greenplum-db/gporca,https://github.com/greenplum-db/gporca/blob/a8063dcc90d4fa7f9b361b70849e87bcf8e457de/libgpos/server/CMakeLists.txt#L35,# Monolithic gpos_test executable.,[],CMake,0,35,35
22206,greenplum-db/gporca,https://github.com/greenplum-db/gporca/blob/a8063dcc90d4fa7f9b361b70849e87bcf8e457de/libgpos/server/CMakeLists.txt#L41,"# Convenience function to add the test specified by 'TEST_NAME' to the set of
# tests to be run by CTest.",[],CMake,0,41,42
22206,greenplum-db/gporca,https://github.com/greenplum-db/gporca/blob/a8063dcc90d4fa7f9b361b70849e87bcf8e457de/libgpos/server/CMakeLists.txt#L47,"# Adaptation of the add_gpos_test for setting up a custom allocator instead of
# using CMemoryPoolMalloc in gpos_init().",[],CMake,0,47,48
22206,greenplum-db/gporca,https://github.com/greenplum-db/gporca/blob/a8063dcc90d4fa7f9b361b70849e87bcf8e457de/libgpos/server/CMakeLists.txt#L58,"# Individual unit tests are added here in the same order they appear in
# src/startup/main.cpp",[],CMake,0,58,59
22206,greenplum-db/gporca,https://github.com/greenplum-db/gporca/blob/a8063dcc90d4fa7f9b361b70849e87bcf8e457de/libgpos/server/CMakeLists.txt#L61,# common,[],CMake,0,61,61
22206,greenplum-db/gporca,https://github.com/greenplum-db/gporca/blob/a8063dcc90d4fa7f9b361b70849e87bcf8e457de/libgpos/server/CMakeLists.txt#L81,# error,[],CMake,0,81,81
22206,greenplum-db/gporca,https://github.com/greenplum-db/gporca/blob/a8063dcc90d4fa7f9b361b70849e87bcf8e457de/libgpos/server/CMakeLists.txt#L90,# io,[],CMake,0,90,90
22206,greenplum-db/gporca,https://github.com/greenplum-db/gporca/blob/a8063dcc90d4fa7f9b361b70849e87bcf8e457de/libgpos/server/CMakeLists.txt#L96,# memory,[],CMake,0,96,96
22206,greenplum-db/gporca,https://github.com/greenplum-db/gporca/blob/a8063dcc90d4fa7f9b361b70849e87bcf8e457de/libgpos/server/CMakeLists.txt#L100,# custom allocator,[],CMake,0,100,100
22206,greenplum-db/gporca,https://github.com/greenplum-db/gporca/blob/a8063dcc90d4fa7f9b361b70849e87bcf8e457de/libgpos/server/CMakeLists.txt#L104,# string,[],CMake,0,104,104
22206,greenplum-db/gporca,https://github.com/greenplum-db/gporca/blob/a8063dcc90d4fa7f9b361b70849e87bcf8e457de/libgpos/server/CMakeLists.txt#L108,# task,[],CMake,0,108,108
22206,greenplum-db/gporca,https://github.com/greenplum-db/gporca/blob/a8063dcc90d4fa7f9b361b70849e87bcf8e457de/libgpos/server/CMakeLists.txt#L111,# test,[],CMake,0,111,111
22206,greenplum-db/gporca,https://github.com/greenplum-db/gporca/blob/a8063dcc90d4fa7f9b361b70849e87bcf8e457de/libgpos/server/CMakeLists.txt#L117,# fault-simulation,[],CMake,2,117,117
22206,greenplum-db/gporca,https://github.com/greenplum-db/gporca/blob/a8063dcc90d4fa7f9b361b70849e87bcf8e457de/libgpos/server/CMakeLists.txt#L120,# fault-simulation while running other tests,[],CMake,4,120,120
22206,greenplum-db/gporca,https://github.com/greenplum-db/gporca/blob/a8063dcc90d4fa7f9b361b70849e87bcf8e457de/libgpos/server/CMakeLists.txt#L123,# time-slicing,[],CMake,4,123,123
22206,greenplum-db/gporca,https://github.com/greenplum-db/gporca/blob/a8063dcc90d4fa7f9b361b70849e87bcf8e457de/libnaucrates/CMakeLists.txt#L1,"# Copyright (c) 2015, Pivotal Software, Inc. All Rights Reserved.",[],CMake,0,1,1
22206,greenplum-db/gporca,https://github.com/greenplum-db/gporca/blob/a8063dcc90d4fa7f9b361b70849e87bcf8e457de/libnaucrates/CMakeLists.txt#L6,# for the generated config.h file.,[],CMake,0,6,6
22206,greenplum-db/gporca,https://github.com/greenplum-db/gporca/blob/a8063dcc90d4fa7f9b361b70849e87bcf8e457de/libnaucrates/CMakeLists.txt#L12,"# Add headers to make them visible in some IDEs (Clion, VS, Xcode)",[],CMake,0,12,12
22206,greenplum-db/gporca,https://github.com/greenplum-db/gporca/blob/a8063dcc90d4fa7f9b361b70849e87bcf8e457de/libnaucrates/CMakeLists.txt#L23,# Prevent linker errors from undefined symbols on OSX.,[],CMake,0,23,23
22206,greenplum-db/gporca,https://github.com/greenplum-db/gporca/blob/a8063dcc90d4fa7f9b361b70849e87bcf8e457de/server/CMakeLists.txt#L1,"# Copyright (c) 2015, Pivotal Software, Inc. All Rights Reserved.",[],CMake,0,1,1
22206,greenplum-db/gporca,https://github.com/greenplum-db/gporca/blob/a8063dcc90d4fa7f9b361b70849e87bcf8e457de/server/CMakeLists.txt#L7,# for the generated config.h file.,[],CMake,0,7,7
22206,greenplum-db/gporca,https://github.com/greenplum-db/gporca/blob/a8063dcc90d4fa7f9b361b70849e87bcf8e457de/server/CMakeLists.txt#L9,# for the auto generated minidump test classes,[],CMake,0,9,9
22206,greenplum-db/gporca,https://github.com/greenplum-db/gporca/blob/a8063dcc90d4fa7f9b361b70849e87bcf8e457de/server/CMakeLists.txt#L12,"# Some tests use C99 long long integer constants, but the C++ dialect may not
# explicitly include C99. We supress such errors here.",[],CMake,0,12,13
22206,greenplum-db/gporca,https://github.com/greenplum-db/gporca/blob/a8063dcc90d4fa7f9b361b70849e87bcf8e457de/server/CMakeLists.txt#L33,"# Convenience function to add the test specified by 'TEST_NAME' to the set of
# tests to be run by CTest.",[],CMake,0,33,34
22206,greenplum-db/gporca,https://github.com/greenplum-db/gporca/blob/a8063dcc90d4fa7f9b361b70849e87bcf8e457de/server/CMakeLists.txt#L36,"# Unit tests have many hard-coded paths to test data in optimizer/data. We
# explicitly set the WORKING_DIRECTORY so that the files can be found
# properly.",[],CMake,2,36,38
22206,greenplum-db/gporca,https://github.com/greenplum-db/gporca/blob/a8063dcc90d4fa7f9b361b70849e87bcf8e457de/server/CMakeLists.txt#L44,"# minidump tests must follow rule:
# ""CxxxTest: file1 file2; CxxxTest: file3 file4""
# each test case should end with "";"", EXCEPT LAST ONE.
# comments with format /*...*/ are allowed at any place.",[],CMake,0,44,47
22206,greenplum-db/gporca,https://github.com/greenplum-db/gporca/blob/a8063dcc90d4fa7f9b361b70849e87bcf8e457de/server/CMakeLists.txt#L323,"# if the old file exists and the new file is the same with old file,
# do nothing. otherwise, write the old file with new file's content.",[],CMake,0,323,324
22206,greenplum-db/gporca,https://github.com/greenplum-db/gporca/blob/a8063dcc90d4fa7f9b361b70849e87bcf8e457de/server/CMakeLists.txt#L344,# remove comments /*...*/ from minidump test group string,[],CMake,2,344,344
22206,greenplum-db/gporca,https://github.com/greenplum-db/gporca/blob/a8063dcc90d4fa7f9b361b70849e87bcf8e457de/server/CMakeLists.txt#L349,# get minidump test name,[],CMake,2,349,349
22206,greenplum-db/gporca,https://github.com/greenplum-db/gporca/blob/a8063dcc90d4fa7f9b361b70849e87bcf8e457de/server/CMakeLists.txt#L352,"# get the length of ""CxxxTest:""",[],CMake,2,352,352
22206,greenplum-db/gporca,https://github.com/greenplum-db/gporca/blob/a8063dcc90d4fa7f9b361b70849e87bcf8e457de/server/CMakeLists.txt#L355,# get minidump file names (without .mdp) concatenated by spaces,[],CMake,2,355,355
22206,greenplum-db/gporca,https://github.com/greenplum-db/gporca/blob/a8063dcc90d4fa7f9b361b70849e87bcf8e457de/server/CMakeLists.txt#L360,# generate full minidump paths array,[],CMake,2,360,360
22206,greenplum-db/gporca,https://github.com/greenplum-db/gporca/blob/a8063dcc90d4fa7f9b361b70849e87bcf8e457de/server/CMakeLists.txt#L364,# generate header/src file name for current test,[],CMake,2,364,364
22206,greenplum-db/gporca,https://github.com/greenplum-db/gporca/blob/a8063dcc90d4fa7f9b361b70849e87bcf8e457de/server/CMakeLists.txt#L368,# auto generate test class from template,[],CMake,2,368,368
22206,greenplum-db/gporca,https://github.com/greenplum-db/gporca/blob/a8063dcc90d4fa7f9b361b70849e87bcf8e457de/server/CMakeLists.txt#L375,# add test header file into include file used in main.cpp,[],CMake,2,375,375
22206,greenplum-db/gporca,https://github.com/greenplum-db/gporca/blob/a8063dcc90d4fa7f9b361b70849e87bcf8e457de/server/CMakeLists.txt#L378,# add unittest into test array in main.cpp,[],CMake,2,378,378
22206,greenplum-db/gporca,https://github.com/greenplum-db/gporca/blob/a8063dcc90d4fa7f9b361b70849e87bcf8e457de/server/CMakeLists.txt#L387,"# The ordering of tests and the conditions by which tests are enabled or
# disabled matches the static array of tests in ""src/startup/main.cpp"".",[],CMake,0,387,388
22206,greenplum-db/gporca,https://github.com/greenplum-db/gporca/blob/a8063dcc90d4fa7f9b361b70849e87bcf8e457de/server/CMakeLists.txt#L390,# Naucrates tests.,[],CMake,0,390,390
22206,greenplum-db/gporca,https://github.com/greenplum-db/gporca/blob/a8063dcc90d4fa7f9b361b70849e87bcf8e457de/server/CMakeLists.txt#L436,# Opt tests.,[],CMake,0,436,436
22206,greenplum-db/gporca,https://github.com/greenplum-db/gporca/blob/a8063dcc90d4fa7f9b361b70849e87bcf8e457de/server/CMakeLists.txt#L485,# fault-simulation while running other tests,[],CMake,4,485,485
22206,greenplum-db/gporca,https://github.com/greenplum-db/gporca/blob/a8063dcc90d4fa7f9b361b70849e87bcf8e457de/server/CMakeLists.txt#L488,# time-slicing,[],CMake,4,488,488
22206,greenplum-db/gporca,https://github.com/greenplum-db/gporca/blob/a8063dcc90d4fa7f9b361b70849e87bcf8e457de/server/CMakeLists.txt#L500,"# Add headers to make them visible in some IDEs (Clion, VS, Xcode)",[],CMake,0,500,500
22206,greenplum-db/gporca,https://github.com/greenplum-db/gporca/blob/a8063dcc90d4fa7f9b361b70849e87bcf8e457de/cmake/FindAtomics.cmake#L1,"# Copyright (c) 2015, Pivotal Software, Inc.",[],CMake,0,1,1
22206,greenplum-db/gporca,https://github.com/greenplum-db/gporca/blob/a8063dcc90d4fa7f9b361b70849e87bcf8e457de/cmake/FindAtomics.cmake#L3,# CMake module to find compiler built-ins for atomic operations.,[],CMake,0,3,3
22206,greenplum-db/gporca,https://github.com/greenplum-db/gporca/blob/a8063dcc90d4fa7f9b361b70849e87bcf8e457de/cmake/FindAtomics.cmake#L5,"# Test for GCC-style builtins for fetch-add and compare-and-swap (clang and ICC
# also have these). C++11 and C11 do this in an elegant standardized way, but
# we can not be assured of a C++11 compiler.",[],CMake,0,5,7
22206,greenplum-db/gporca,https://github.com/greenplum-db/gporca/blob/a8063dcc90d4fa7f9b361b70849e87bcf8e457de/cmake/FindXerces.cmake#L1,"# Module to find Xerces-C.
# We specifically try to find the Greenplum patched version of Xerces.",[],CMake,0,1,2
22206,greenplum-db/gporca,https://github.com/greenplum-db/gporca/blob/a8063dcc90d4fa7f9b361b70849e87bcf8e457de/cmake/FindXerces.cmake#L16,"# Check for patched Xerces. DOMImplementationList is a subclass of XMemory in
# the Greenplum version of Xerces, but not (yet) in upstream.",[],CMake,2,16,17
22206,greenplum-db/gporca,https://github.com/greenplum-db/gporca/blob/a8063dcc90d4fa7f9b361b70849e87bcf8e457de/cmake/i386.toolchain.cmake#L8,"# Older GCC versions give linking errors when using certain builtins without
# explicitly setting a 32-bit -march. Tell the root CMakeLists file to set that
# flag if needed.",[],CMake,0,8,10
