repoIndex,repoName,linkLocation,comment,keywords,buildSysteminFile,charPosition,startLine,endLine
23131,jvankatwijk/eti-stuff,https://github.com/jvankatwijk/eti-stuff/blob/5f4100df9daae2a7044b086560f9b9b91ee0eea0/eti-backend/CMakeLists.txt#L4,#	modify if you want,[],CMake,0,4,4
23131,jvankatwijk/eti-stuff,https://github.com/jvankatwijk/eti-stuff/blob/5f4100df9daae2a7044b086560f9b9b91ee0eea0/eti-backend/CMakeLists.txt#L11,"########################################################################
# select the release build type by default to get optimization flags
########################################################################",[],CMake,0,11,13
23131,jvankatwijk/eti-stuff,https://github.com/jvankatwijk/eti-stuff/blob/5f4100df9daae2a7044b086560f9b9b91ee0eea0/eti-backend/CMakeLists.txt#L20,### make sure our local CMake Modules path comes first,[],CMake,0,20,20
23131,jvankatwijk/eti-stuff,https://github.com/jvankatwijk/eti-stuff/blob/5f4100df9daae2a7044b086560f9b9b91ee0eea0/eti-backend/CMakeLists.txt#L23,"######################################################################
#       R E A D T H I S
#####################################################################
#	adjust to your likings",[],CMake,0,23,26
23131,jvankatwijk/eti-stuff,https://github.com/jvankatwijk/eti-stuff/blob/5f4100df9daae2a7044b086560f9b9b91ee0eea0/eti-backend/CMakeLists.txt#L28,"#	add_definitions (-DMSC_DATA__)		# use at your own risk
#
#	If you want a tcp stream of the audio rather than
#	audio being sent to the soundcard, uncomment",[],CMake,0,28,31
23131,jvankatwijk/eti-stuff,https://github.com/jvankatwijk/eti-stuff/blob/5f4100df9daae2a7044b086560f9b9b91ee0eea0/eti-backend/CMakeLists.txt#L33,########################################################################,[],CMake,0,33,33
23131,jvankatwijk/eti-stuff,https://github.com/jvankatwijk/eti-stuff/blob/5f4100df9daae2a7044b086560f9b9b91ee0eea0/eti-backend/CMakeLists.txt#L38,#	find_package (Qt5Declarative REQUIRED),[],CMake,0,38,38
23131,jvankatwijk/eti-stuff,https://github.com/jvankatwijk/eti-stuff/blob/5f4100df9daae2a7044b086560f9b9b91ee0eea0/eti-backend/CMakeLists.txt#L81,"#######################################################################
#
#	Here we really start",[],CMake,0,81,83
23131,jvankatwijk/eti-stuff,https://github.com/jvankatwijk/eti-stuff/blob/5f4100df9daae2a7044b086560f9b9b91ee0eea0/eti-backend/CMakeLists.txt#L193,#,[],CMake,0,193,193
23131,jvankatwijk/eti-stuff,https://github.com/jvankatwijk/eti-stuff/blob/5f4100df9daae2a7044b086560f9b9b91ee0eea0/eti-backend/CMakeLists.txt#L254,"########################################################################
# Create uninstall target
########################################################################",[],CMake,0,254,256
23131,jvankatwijk/eti-stuff,https://github.com/jvankatwijk/eti-stuff/blob/5f4100df9daae2a7044b086560f9b9b91ee0eea0/eti-cmdline/CMakeLists.txt#L2,"######################################################################
#       R E A D T H I S
#####################################################################",[],CMake,0,2,4
23131,jvankatwijk/eti-stuff,https://github.com/jvankatwijk/eti-stuff/blob/5f4100df9daae2a7044b086560f9b9b91ee0eea0/eti-cmdline/CMakeLists.txt#L6,"# options can be set from cmake command line, e.g. like this:
#   cmake ../eti-cmdline -DAIRSPY=ON -DX64_DEFINED=ON
# alternatives are to use cmake-gui  or  ccmake (for console)",[],CMake,0,6,8
23131,jvankatwijk/eti-stuff,https://github.com/jvankatwijk/eti-stuff/blob/5f4100df9daae2a7044b086560f9b9b91ee0eea0/eti-cmdline/CMakeLists.txt#L26,#######################################################################,[],CMake,0,26,26
23131,jvankatwijk/eti-stuff,https://github.com/jvankatwijk/eti-stuff/blob/5f4100df9daae2a7044b086560f9b9b91ee0eea0/eti-cmdline/CMakeLists.txt#L29,"#set (CMAKE_CXX_FLAGS ""${CMAKE_XCC_FLAGS} -Wall -std=c++11 -flto -ffast-math"")
#set (CMAKE_EXE_LINKER_FLAGS ""${CMAKE_EXE_LINKER_FLAGS} -flto -ffast-math"")",[],CMake,0,29,30
23131,jvankatwijk/eti-stuff,https://github.com/jvankatwijk/eti-stuff/blob/5f4100df9daae2a7044b086560f9b9b91ee0eea0/eti-cmdline/CMakeLists.txt#L36,"#set (CMAKE_INSTALL_PREFIX /usr/local/bin)
#	modify if you want",[],CMake,0,36,37
23131,jvankatwijk/eti-stuff,https://github.com/jvankatwijk/eti-stuff/blob/5f4100df9daae2a7044b086560f9b9b91ee0eea0/eti-cmdline/CMakeLists.txt#L43,"########################################################################
# select the release build type by default to get optimization flags
########################################################################",[],CMake,0,43,45
23131,jvankatwijk/eti-stuff,https://github.com/jvankatwijk/eti-stuff/blob/5f4100df9daae2a7044b086560f9b9b91ee0eea0/eti-cmdline/CMakeLists.txt#L52,### make sure our local CMake Modules path comes first,[],CMake,0,52,52
23131,jvankatwijk/eti-stuff,https://github.com/jvankatwijk/eti-stuff/blob/5f4100df9daae2a7044b086560f9b9b91ee0eea0/eti-cmdline/CMakeLists.txt#L128,########################################################################,[],CMake,0,128,128
23131,jvankatwijk/eti-stuff,https://github.com/jvankatwijk/eti-stuff/blob/5f4100df9daae2a7044b086560f9b9b91ee0eea0/eti-cmdline/CMakeLists.txt#L155,"#######################################################################
#
#	Here we really start",[],CMake,0,155,157
23131,jvankatwijk/eti-stuff,https://github.com/jvankatwijk/eti-stuff/blob/5f4100df9daae2a7044b086560f9b9b91ee0eea0/eti-cmdline/CMakeLists.txt#L183,#	     ./includes/eti-handling/viterbi-handler.h,[],CMake,0,183,183
23131,jvankatwijk/eti-stuff,https://github.com/jvankatwijk/eti-stuff/blob/5f4100df9daae2a7044b086560f9b9b91ee0eea0/eti-cmdline/CMakeLists.txt#L210,#	     ./src/eti-handling/viterbi-handler.cpp,[],CMake,0,210,210
23131,jvankatwijk/eti-stuff,https://github.com/jvankatwijk/eti-stuff/blob/5f4100df9daae2a7044b086560f9b9b91ee0eea0/eti-cmdline/CMakeLists.txt#L247,"# compiler options moved below add_executable .. and target specific
#set (CMAKE_CXX_FLAGS ""${CMAKE_XCC_FLAGS} -mcpu=cortex-a7 -mfloat-abi=hard -mfpu=neon-vfpv4"")
#set (CMAKE_EXE_LINKER_FLAGS ""${CMAKE_EXE_LINKER_FLAGS} -mcpu=cortex-a7 -mfloat-abi=hard -mfpu=neon-vfpv4"")",[],CMake,4,247,249
23131,jvankatwijk/eti-stuff,https://github.com/jvankatwijk/eti-stuff/blob/5f4100df9daae2a7044b086560f9b9b91ee0eea0/eti-cmdline/CMakeLists.txt#L261,"#	if (SDRPLAY)
#	   find_path (SDRPLAYLIB_INCLUDE_DIR
#                      NAMES mirsdrapi-rsp.h
#                      PATHS
#                      /usr/local/include/
#	   )
#           include_directories (${SDRPLAYLIB_INCLUDE_DIR})
#
#	   include_directories (
#	     ./devices/sdrplay-handler
#	   )
#
#	   set ($(objectName)_HDRS
#	        ${${objectName}_HDRS}
#	        ./devices/sdrplay-handler/sdrplay-handler.h
#           )
#
#	   set (${objectName}_SRCS
#	        ${${objectName}_SRCS}
#	        ./devices/sdrplay-handler/sdrplay-handler.cpp
#	   )
#
#	 add_definitions (-DHAVE_SDRPLAY)
#	endif (SDRPLAY)",[],CMake,0,261,284
23131,jvankatwijk/eti-stuff,https://github.com/jvankatwijk/eti-stuff/blob/5f4100df9daae2a7044b086560f9b9b91ee0eea0/eti-cmdline/CMakeLists.txt#L441,### include_directories (${AIRSPYLIB_INCLUDE_DIR}),[],CMake,4,441,441
23131,jvankatwijk/eti-stuff,https://github.com/jvankatwijk/eti-stuff/blob/5f4100df9daae2a7044b086560f9b9b91ee0eea0/eti-cmdline/CMakeLists.txt#L459,#,[],CMake,0,459,459
23131,jvankatwijk/eti-stuff,https://github.com/jvankatwijk/eti-stuff/blob/5f4100df9daae2a7044b086560f9b9b91ee0eea0/eti-cmdline/CMakeLists.txt#L484,#,[],CMake,0,484,484
23131,jvankatwijk/eti-stuff,https://github.com/jvankatwijk/eti-stuff/blob/5f4100df9daae2a7044b086560f9b9b91ee0eea0/eti-cmdline/CMakeLists.txt#L565,#	          ${FFTW_INCLUDE_DIRS},[],CMake,0,565,565
23131,jvankatwijk/eti-stuff,https://github.com/jvankatwijk/eti-stuff/blob/5f4100df9daae2a7044b086560f9b9b91ee0eea0/eti-cmdline/CMakeLists.txt#L571,#####################################################################,[],CMake,0,571,571
23131,jvankatwijk/eti-stuff,https://github.com/jvankatwijk/eti-stuff/blob/5f4100df9daae2a7044b086560f9b9b91ee0eea0/eti-cmdline/CMakeLists.txt#L578,"# compiler options seem changed with gcc versions. gcc 8.3.0 on Raspbian didn't accept -mcpu ..
# test options with ""make VERBOSE=1""",[],CMake,4,578,579
23131,jvankatwijk/eti-stuff,https://github.com/jvankatwijk/eti-stuff/blob/5f4100df9daae2a7044b086560f9b9b91ee0eea0/eti-cmdline/CMakeLists.txt#L583,#	                       ${FFTW3F_LIBRARIES},[],CMake,0,583,583
23131,jvankatwijk/eti-stuff,https://github.com/jvankatwijk/eti-stuff/blob/5f4100df9daae2a7044b086560f9b9b91ee0eea0/eti-cmdline/CMakeLists.txt#L589,#	INSTALL (TARGETS ${objectName} DESTINATION ./linux-bin),[],CMake,0,589,589
23131,jvankatwijk/eti-stuff,https://github.com/jvankatwijk/eti-stuff/blob/5f4100df9daae2a7044b086560f9b9b91ee0eea0/eti-cmdline/CMakeLists.txt#L592,"########################################################################
# Create uninstall target
########################################################################",[],CMake,0,592,594
23131,jvankatwijk/eti-stuff,https://github.com/jvankatwijk/eti-stuff/blob/5f4100df9daae2a7044b086560f9b9b91ee0eea0/eti-backend/cmake/Modules/FindFFTW3f.cmake#L1,"# http://tim.klingt.org/code/projects/supernova/repository/revisions/d336dd6f400e381bcfd720e96139656de0c53b6a/entry/cmake_modules/FindFFTW3f.cmake
# Modified to use pkg config and use standard var names",[],CMake,0,1,2
23131,jvankatwijk/eti-stuff,https://github.com/jvankatwijk/eti-stuff/blob/5f4100df9daae2a7044b086560f9b9b91ee0eea0/eti-backend/cmake/Modules/FindFFTW3f.cmake#L4,# Find single-precision (float) version of FFTW3,[],CMake,0,4,4
23131,jvankatwijk/eti-stuff,https://github.com/jvankatwijk/eti-stuff/blob/5f4100df9daae2a7044b086560f9b9b91ee0eea0/eti-backend/cmake/Modules/FindFaad.cmake#L1,"# Try to find FAAD library and include path.
# Once done this will define
#
# FAAD_INCLUDE_DIRS - where to find faad.h, etc.
# FAAD_LIBRARIES - List of libraries when using libfaad.
# FAAD_FOUND - True if libfaad found.",[],CMake,0,1,6
23131,jvankatwijk/eti-stuff,https://github.com/jvankatwijk/eti-stuff/blob/5f4100df9daae2a7044b086560f9b9b91ee0eea0/eti-backend/cmake/Modules/FindLibSampleRate.cmake#L1,# Find libsamplerate,[],CMake,0,1,1
23131,jvankatwijk/eti-stuff,https://github.com/jvankatwijk/eti-stuff/blob/5f4100df9daae2a7044b086560f9b9b91ee0eea0/eti-backend/cmake/Modules/FindLibSndFile.cmake#L1,# Find libsndfile,[],CMake,0,1,1
23131,jvankatwijk/eti-stuff,https://github.com/jvankatwijk/eti-stuff/blob/5f4100df9daae2a7044b086560f9b9b91ee0eea0/eti-backend/cmake/Modules/FindPortaudio.cmake#L1,"# - Try to find Portaudio
# Once done this will define
#
#  PORTAUDIO_FOUND - system has Portaudio
#  PORTAUDIO_INCLUDE_DIRS - the Portaudio include directory
#  PORTAUDIO_LIBRARIES - Link these to use Portaudio",[],CMake,0,1,6
23131,jvankatwijk/eti-stuff,https://github.com/jvankatwijk/eti-stuff/blob/5f4100df9daae2a7044b086560f9b9b91ee0eea0/eti-backend/cmake/Modules/FindPortaudio.cmake#L34,"# Found PORTAUDIO, but it may be version 18 which is not acceptable.",[],CMake,0,34,34
23131,jvankatwijk/eti-stuff,https://github.com/jvankatwijk/eti-stuff/blob/5f4100df9daae2a7044b086560f9b9b91ee0eea0/eti-backend/cmake/Modules/FindQwt.cmake#L1,"# - try to find Qwt libraries and include files
# QWT_INCLUDE_DIR where to find qwt_global.h, etc.
# QWT_LIBRARIES libraries to link against
# QWT_FOUND If false, do not try to use Qwt
# qwt_global.h holds a string with the QWT version;
#   test to make sure it's at least 5.2",[],CMake,0,1,6
23131,jvankatwijk/eti-stuff,https://github.com/jvankatwijk/eti-stuff/blob/5f4100df9daae2a7044b086560f9b9b91ee0eea0/eti-backend/cmake/Modules/FindQwt.cmake#L59,"# handle the QUIETLY and REQUIRED arguments and set QWT_FOUND to TRUE if
# all listed variables are TRUE",[],CMake,2,59,60
23131,jvankatwijk/eti-stuff,https://github.com/jvankatwijk/eti-stuff/blob/5f4100df9daae2a7044b086560f9b9b91ee0eea0/eti-backend/cmake/Modules/Findzlib.cmake#L1,# Find zlib,[],CMake,0,1,1
23131,jvankatwijk/eti-stuff,https://github.com/jvankatwijk/eti-stuff/blob/5f4100df9daae2a7044b086560f9b9b91ee0eea0/eti-cmdline/cmake/Modules/FindFFTW3f.cmake#L1,"# http://tim.klingt.org/code/projects/supernova/repository/revisions/d336dd6f400e381bcfd720e96139656de0c53b6a/entry/cmake_modules/FindFFTW3f.cmake
# Modified to use pkg config and use standard var names",[],CMake,0,1,2
23131,jvankatwijk/eti-stuff,https://github.com/jvankatwijk/eti-stuff/blob/5f4100df9daae2a7044b086560f9b9b91ee0eea0/eti-cmdline/cmake/Modules/FindFFTW3f.cmake#L4,# Find single-precision (float) version of FFTW3,[],CMake,0,4,4
23131,jvankatwijk/eti-stuff,https://github.com/jvankatwijk/eti-stuff/blob/5f4100df9daae2a7044b086560f9b9b91ee0eea0/eti-cmdline/cmake/Modules/FindFaad.cmake#L1,"# Try to find FAAD library and include path.
# Once done this will define
#
# FAAD_INCLUDE_DIRS - where to find faad.h, etc.
# FAAD_LIBRARIES - List of libraries when using libfaad.
# FAAD_FOUND - True if libfaad found.",[],CMake,0,1,6
23131,jvankatwijk/eti-stuff,https://github.com/jvankatwijk/eti-stuff/blob/5f4100df9daae2a7044b086560f9b9b91ee0eea0/eti-cmdline/cmake/Modules/FindLibSampleRate.cmake#L1,# Find libsamplerate,[],CMake,0,1,1
23131,jvankatwijk/eti-stuff,https://github.com/jvankatwijk/eti-stuff/blob/5f4100df9daae2a7044b086560f9b9b91ee0eea0/eti-cmdline/cmake/Modules/FindLibSndFile.cmake#L1,# Find libsndfile,[],CMake,0,1,1
23131,jvankatwijk/eti-stuff,https://github.com/jvankatwijk/eti-stuff/blob/5f4100df9daae2a7044b086560f9b9b91ee0eea0/eti-cmdline/cmake/Modules/FindPortaudio.cmake#L1,"# - Try to find Portaudio
# Once done this will define
#
#  PORTAUDIO_FOUND - system has Portaudio
#  PORTAUDIO_INCLUDE_DIRS - the Portaudio include directory
#  PORTAUDIO_LIBRARIES - Link these to use Portaudio",[],CMake,0,1,6
23131,jvankatwijk/eti-stuff,https://github.com/jvankatwijk/eti-stuff/blob/5f4100df9daae2a7044b086560f9b9b91ee0eea0/eti-cmdline/cmake/Modules/FindPortaudio.cmake#L34,"# Found PORTAUDIO, but it may be version 18 which is not acceptable.",[],CMake,0,34,34
23131,jvankatwijk/eti-stuff,https://github.com/jvankatwijk/eti-stuff/blob/5f4100df9daae2a7044b086560f9b9b91ee0eea0/eti-cmdline/cmake/Modules/FindQwt.cmake#L1,"# - try to find Qwt libraries and include files
# QWT_INCLUDE_DIR where to find qwt_global.h, etc.
# QWT_LIBRARIES libraries to link against
# QWT_FOUND If false, do not try to use Qwt
# qwt_global.h holds a string with the QWT version;
#   test to make sure it's at least 5.2",[],CMake,0,1,6
23131,jvankatwijk/eti-stuff,https://github.com/jvankatwijk/eti-stuff/blob/5f4100df9daae2a7044b086560f9b9b91ee0eea0/eti-cmdline/cmake/Modules/FindQwt.cmake#L59,"# handle the QUIETLY and REQUIRED arguments and set QWT_FOUND to TRUE if
# all listed variables are TRUE",[],CMake,2,59,60
23131,jvankatwijk/eti-stuff,https://github.com/jvankatwijk/eti-stuff/blob/5f4100df9daae2a7044b086560f9b9b91ee0eea0/eti-cmdline/cmake/Modules/Findzlib.cmake#L1,# Find zlib,[],CMake,0,1,1
