repoIndex,repoName,linkLocation,comment,keywords,buildSysteminFile,charPosition,startLine,endLine
23456,cjcliffe/cubicsdr,https://github.com/cjcliffe/cubicsdr/blob/ba7a35c336f8a8e0af8154b3075e5a3ac2b87c70/CMakeLists.txt#L19,"# Build options for custom deploys, optimization and debugging",[],CMake,0,19,19
23456,cjcliffe/cubicsdr,https://github.com/cjcliffe/cubicsdr/blob/ba7a35c336f8a8e0af8154b3075e5a3ac2b87c70/CMakeLists.txt#L22,# bundle flags,[],CMake,4,22,22
23456,cjcliffe/cubicsdr,https://github.com/cjcliffe/cubicsdr/blob/ba7a35c336f8a8e0af8154b3075e5a3ac2b87c70/CMakeLists.txt#L27,# feature flags,[],CMake,4,27,27
23456,cjcliffe/cubicsdr,https://github.com/cjcliffe/cubicsdr/blob/ba7a35c336f8a8e0af8154b3075e5a3ac2b87c70/CMakeLists.txt#L51,# bundle flags,[],CMake,4,51,51
23456,cjcliffe/cubicsdr,https://github.com/cjcliffe/cubicsdr/blob/ba7a35c336f8a8e0af8154b3075e5a3ac2b87c70/CMakeLists.txt#L56,# feature flags,[],CMake,4,56,56
23456,cjcliffe/cubicsdr,https://github.com/cjcliffe/cubicsdr/blob/ba7a35c336f8a8e0af8154b3075e5a3ac2b87c70/CMakeLists.txt#L191,"# Audio device selection is not mandatory, dummy audio device is used if none are compiled in.
# Can also compile support for more than one simultaneously.",[],CMake,4,191,192
23456,cjcliffe/cubicsdr,https://github.com/cjcliffe/cubicsdr/blob/ba7a35c336f8a8e0af8154b3075e5a3ac2b87c70/CMakeLists.txt#L198,# WASAPI,[],CMake,4,198,198
23456,cjcliffe/cubicsdr,https://github.com/cjcliffe/cubicsdr/blob/ba7a35c336f8a8e0af8154b3075e5a3ac2b87c70/CMakeLists.txt#L206,# DirectSound,[],CMake,4,206,206
23456,cjcliffe/cubicsdr,https://github.com/cjcliffe/cubicsdr/blob/ba7a35c336f8a8e0af8154b3075e5a3ac2b87c70/CMakeLists.txt#L782,"# SET(CMAKE_INSTALL_RPATH_USE_LINK_PATH FALSE)
# SET(CMAKE_BUILD_WITH_INSTALL_RPATH FALSE)",[],CMake,4,782,783
23456,cjcliffe/cubicsdr,https://github.com/cjcliffe/cubicsdr/blob/ba7a35c336f8a8e0af8154b3075e5a3ac2b87c70/CMakeLists.txt#L812,# prevent inclusion of libmirsdrapi-rsp.so,[],CMake,34,812,812
23456,cjcliffe/cubicsdr,https://github.com/cjcliffe/cubicsdr/blob/ba7a35c336f8a8e0af8154b3075e5a3ac2b87c70/CMakeLists.txt#L952,# This gets around a bug in the CPack installer name generation for MinGW 64-bit since 2.8,[],CMake,33,952,952
23456,cjcliffe/cubicsdr,https://github.com/cjcliffe/cubicsdr/blob/ba7a35c336f8a8e0af8154b3075e5a3ac2b87c70/cmake/Modules/FindJack.cmake#L1,"# Try to find JACK
# This will define the following variables:
#
#  JACK_FOUND - Whether Jack was found.
#  JACK_INCLUDE_DIRS - Jack include directories.
#  JACK_LIBRARIES - Jack libraries.",[],CMake,0,1,6
23456,cjcliffe/cubicsdr,https://github.com/cjcliffe/cubicsdr/blob/ba7a35c336f8a8e0af8154b3075e5a3ac2b87c70/cmake/Modules/FindJack.cmake#L12,# in cache already,[],CMake,2,12,12
23456,cjcliffe/cubicsdr,https://github.com/cjcliffe/cubicsdr/blob/ba7a35c336f8a8e0af8154b3075e5a3ac2b87c70/cmake/Modules/FindJack.cmake#L46,# show the JACK_INCLUDE_DIRS and JACK_LIBRARIES variables only in the advanced view,[],CMake,2,46,46
23456,cjcliffe/cubicsdr,https://github.com/cjcliffe/cubicsdr/blob/ba7a35c336f8a8e0af8154b3075e5a3ac2b87c70/cmake/Modules/FindLiquid.cmake#L1,"# - Find LIQUID
# Find the native LIQUID includes and library
#
#  LIQUID_INCLUDES    - where to find LIQUID.h
#  LIQUID_LIBRARIES   - List of libraries when using LIQUID.
#  LIQUID_FOUND       - True if LIQUID found.",[],CMake,0,1,6
23456,cjcliffe/cubicsdr,https://github.com/cjcliffe/cubicsdr/blob/ba7a35c336f8a8e0af8154b3075e5a3ac2b87c70/cmake/Modules/FindLiquid.cmake#L9,"# Already in cache, be silent",[],CMake,2,9,9
23456,cjcliffe/cubicsdr,https://github.com/cjcliffe/cubicsdr/blob/ba7a35c336f8a8e0af8154b3075e5a3ac2b87c70/cmake/Modules/FindLiquid.cmake#L17,"# handle the QUIETLY and REQUIRED arguments and set LIQUID_FOUND to TRUE if
# all listed variables are TRUE",[],CMake,0,17,18
23456,cjcliffe/cubicsdr,https://github.com/cjcliffe/cubicsdr/blob/ba7a35c336f8a8e0af8154b3075e5a3ac2b87c70/cmake/Modules/FindLiquid.cmake#L22,#mark_as_advanced (LIQUID_LIBRARIES LIQUID_INCLUDES),[],CMake,0,22,22
23456,cjcliffe/cubicsdr,https://github.com/cjcliffe/cubicsdr/blob/ba7a35c336f8a8e0af8154b3075e5a3ac2b87c70/cmake/Modules/FindRtAudio.cmake#L1,"# https://github.com/idiap/juicer/blob/master/cmake/FindRtAudio.cmake
#
# Copyright 2015 by Idiap Research Institute
#
# Licensed under 3-clause BSD.
#
# Author(s):
#   Phil Garner, November 2015
#
# ...but basically copied from FindSndFile in libube, in turn from the examples
# on the web.
#",[],CMake,0,1,12
23456,cjcliffe/cubicsdr,https://github.com/cjcliffe/cubicsdr/blob/ba7a35c336f8a8e0af8154b3075e5a3ac2b87c70/cmake/Modules/FindRtAudio.cmake#L14,"#
# Try to find RtAudio
# Once done this will define
#  RTAUDIO_FOUND          - System has RtAudio
#  RTAUDIO_INCLUDE_DIR    - The RtAudio include directories
#  RTAUDIO_LIBRARIES      - The libraries needed to use RtAudio
#  RTAUDIO_DEFINITIONS    - Compiler switches required for using RtAudio
#  RTAUDIO_VERSION_STRING - the version of RtAudio found
#",[],CMake,0,14,22
23456,cjcliffe/cubicsdr,https://github.com/cjcliffe/cubicsdr/blob/ba7a35c336f8a8e0af8154b3075e5a3ac2b87c70/cmake/Modules/FindRtAudio.cmake#L47,#mark_as_advanced(RTAUDIO_INCLUDE_DIR RTAUDIO_LIBRARIES),[],CMake,0,47,47
23456,cjcliffe/cubicsdr,https://github.com/cjcliffe/cubicsdr/blob/ba7a35c336f8a8e0af8154b3075e5a3ac2b87c70/cmake/Modules/Findhamlib.cmake#L62,"# message(STATUS ""Hamlib version: ${VERSION}"")",[],CMake,4,62,62
