repoIndex,repoName,linkLocation,comment,keywords,buildSysteminFile,charPosition,startLine,endLine
24070,seq-lang/seq,https://github.com/seq-lang/seq/blob/37b58696a411ac5867320dd3647fe50b958d2605/CMakeLists.txt#L11,"# set(CMAKE_CXX_FLAGS_DEBUG ""${CMAKE_CXX_FLAGS_DEBUG} -fno-omit-frame-pointer -fsanitize=address"")
# set(CMAKE_LINKER_FLAGS_DEBUG ""${CMAKE_LINKER_FLAGS_DEBUG} -fno-omit-frame-pointer -fsanitize=address"")",[],CMake,0,11,12
24070,seq-lang/seq,https://github.com/seq-lang/seq/blob/37b58696a411ac5867320dd3647fe50b958d2605/CMakeLists.txt#L42,# Seq runtime library,[],CMake,0,42,42
24070,seq-lang/seq,https://github.com/seq-lang/seq/blob/37b58696a411ac5867320dd3647fe50b958d2605/CMakeLists.txt#L79,# Seq compiler library,[],CMake,0,79,79
24070,seq-lang/seq,https://github.com/seq-lang/seq/blob/37b58696a411ac5867320dd3647fe50b958d2605/CMakeLists.txt#L291,# Seq command-line tool,[],CMake,0,291,291
24070,seq-lang/seq,https://github.com/seq-lang/seq/blob/37b58696a411ac5867320dd3647fe50b958d2605/CMakeLists.txt#L295,"# Seq test
# Download and unpack googletest at configure time",[],CMake,0,295,296
24070,seq-lang/seq,https://github.com/seq-lang/seq/blob/37b58696a411ac5867320dd3647fe50b958d2605/CMakeLists.txt#L300,# For Windows: Prevent overriding the parent project's compiler/linker settings,[],CMake,0,300,300
24070,seq-lang/seq,https://github.com/seq-lang/seq/blob/37b58696a411ac5867320dd3647fe50b958d2605/scripts/backtrace-config.h.cmake#L4,#define BACKTRACE_ELF_SIZE ${BACKTRACE_ELF_SIZE},[],CMake,0,4,4
24070,seq-lang/seq,https://github.com/seq-lang/seq/blob/37b58696a411ac5867320dd3647fe50b958d2605/scripts/backtrace-config.h.cmake#L7,#cmakedefine BACKTRACE_XCOFF_SIZE,[],CMake,0,7,7
24070,seq-lang/seq,https://github.com/seq-lang/seq/blob/37b58696a411ac5867320dd3647fe50b958d2605/scripts/backtrace-config.h.cmake#L10,#cmakedefine HAVE_ATOMIC_FUNCTIONS 1,[],CMake,0,10,10
24070,seq-lang/seq,https://github.com/seq-lang/seq/blob/37b58696a411ac5867320dd3647fe50b958d2605/scripts/backtrace-config.h.cmake#L13,#cmakedefine HAVE_CLOCK_GETTIME 1,[],CMake,0,13,13
24070,seq-lang/seq,https://github.com/seq-lang/seq/blob/37b58696a411ac5867320dd3647fe50b958d2605/scripts/backtrace-config.h.cmake#L17,#cmakedefine HAVE_DECL_STRNLEN 1,[],CMake,0,17,17
24070,seq-lang/seq,https://github.com/seq-lang/seq/blob/37b58696a411ac5867320dd3647fe50b958d2605/scripts/backtrace-config.h.cmake#L20,#cmakedefine HAVE_DLFCN_H 1,[],CMake,0,20,20
24070,seq-lang/seq,https://github.com/seq-lang/seq/blob/37b58696a411ac5867320dd3647fe50b958d2605/scripts/backtrace-config.h.cmake#L23,#cmakedefine HAVE_DL_ITERATE_PHDR 1,[],CMake,0,23,23
24070,seq-lang/seq,https://github.com/seq-lang/seq/blob/37b58696a411ac5867320dd3647fe50b958d2605/scripts/backtrace-config.h.cmake#L26,#cmakedefine HAVE_FCNTL 1,[],CMake,0,26,26
24070,seq-lang/seq,https://github.com/seq-lang/seq/blob/37b58696a411ac5867320dd3647fe50b958d2605/scripts/backtrace-config.h.cmake#L29,#cmakedefine HAVE_GETEXECNAME 1,[],CMake,0,29,29
24070,seq-lang/seq,https://github.com/seq-lang/seq/blob/37b58696a411ac5867320dd3647fe50b958d2605/scripts/backtrace-config.h.cmake#L32,#cmakedefine HAVE_GETIPINFO 1,[],CMake,0,32,32
24070,seq-lang/seq,https://github.com/seq-lang/seq/blob/37b58696a411ac5867320dd3647fe50b958d2605/scripts/backtrace-config.h.cmake#L35,#cmakedefine HAVE_INTTYPES_H 1,[],CMake,0,35,35
24070,seq-lang/seq,https://github.com/seq-lang/seq/blob/37b58696a411ac5867320dd3647fe50b958d2605/scripts/backtrace-config.h.cmake#L38,#cmakedefine HAVE_LIBZ 1,[],CMake,0,38,38
24070,seq-lang/seq,https://github.com/seq-lang/seq/blob/37b58696a411ac5867320dd3647fe50b958d2605/scripts/backtrace-config.h.cmake#L41,#cmakedefine HAVE_LINK_H 1,[],CMake,0,41,41
24070,seq-lang/seq,https://github.com/seq-lang/seq/blob/37b58696a411ac5867320dd3647fe50b958d2605/scripts/backtrace-config.h.cmake#L44,#cmakedefine HAVE_LOADQUERY 1,[],CMake,0,44,44
24070,seq-lang/seq,https://github.com/seq-lang/seq/blob/37b58696a411ac5867320dd3647fe50b958d2605/scripts/backtrace-config.h.cmake#L47,#cmakedefine HAVE_LSTAT 1,[],CMake,0,47,47
24070,seq-lang/seq,https://github.com/seq-lang/seq/blob/37b58696a411ac5867320dd3647fe50b958d2605/scripts/backtrace-config.h.cmake#L50,#cmakedefine HAVE_MEMORY_H 1,[],CMake,0,50,50
24070,seq-lang/seq,https://github.com/seq-lang/seq/blob/37b58696a411ac5867320dd3647fe50b958d2605/scripts/backtrace-config.h.cmake#L53,#cmakedefine HAVE_READLINK 1,[],CMake,0,53,53
24070,seq-lang/seq,https://github.com/seq-lang/seq/blob/37b58696a411ac5867320dd3647fe50b958d2605/scripts/backtrace-config.h.cmake#L56,#cmakedefine HAVE_STDINT_H 1,[],CMake,0,56,56
24070,seq-lang/seq,https://github.com/seq-lang/seq/blob/37b58696a411ac5867320dd3647fe50b958d2605/scripts/backtrace-config.h.cmake#L59,#cmakedefine HAVE_STDLIB_H 1,[],CMake,0,59,59
24070,seq-lang/seq,https://github.com/seq-lang/seq/blob/37b58696a411ac5867320dd3647fe50b958d2605/scripts/backtrace-config.h.cmake#L62,#cmakedefine HAVE_STRINGS_H 1,[],CMake,0,62,62
24070,seq-lang/seq,https://github.com/seq-lang/seq/blob/37b58696a411ac5867320dd3647fe50b958d2605/scripts/backtrace-config.h.cmake#L65,#cmakedefine HAVE_STRING_H 1,[],CMake,0,65,65
24070,seq-lang/seq,https://github.com/seq-lang/seq/blob/37b58696a411ac5867320dd3647fe50b958d2605/scripts/backtrace-config.h.cmake#L68,#cmakedefine HAVE_SYNC_FUNCTIONS 1,[],CMake,0,68,68
24070,seq-lang/seq,https://github.com/seq-lang/seq/blob/37b58696a411ac5867320dd3647fe50b958d2605/scripts/backtrace-config.h.cmake#L71,#cmakedefine HAVE_SYS_LDR_H 1,[],CMake,0,71,71
24070,seq-lang/seq,https://github.com/seq-lang/seq/blob/37b58696a411ac5867320dd3647fe50b958d2605/scripts/backtrace-config.h.cmake#L74,#cmakedefine HAVE_SYS_MMAN_H 1,[],CMake,0,74,74
24070,seq-lang/seq,https://github.com/seq-lang/seq/blob/37b58696a411ac5867320dd3647fe50b958d2605/scripts/backtrace-config.h.cmake#L77,#cmakedefine HAVE_SYS_STAT_H 1,[],CMake,0,77,77
24070,seq-lang/seq,https://github.com/seq-lang/seq/blob/37b58696a411ac5867320dd3647fe50b958d2605/scripts/backtrace-config.h.cmake#L80,#cmakedefine HAVE_SYS_TYPES_H 1,[],CMake,0,80,80
24070,seq-lang/seq,https://github.com/seq-lang/seq/blob/37b58696a411ac5867320dd3647fe50b958d2605/scripts/backtrace-config.h.cmake#L83,#cmakedefine HAVE_UNISTD_H 1,[],CMake,0,83,83
24070,seq-lang/seq,https://github.com/seq-lang/seq/blob/37b58696a411ac5867320dd3647fe50b958d2605/scripts/backtrace-config.h.cmake#L86,#cmakedefine HAVE_ZLIB 1,[],CMake,0,86,86
24070,seq-lang/seq,https://github.com/seq-lang/seq/blob/37b58696a411ac5867320dd3647fe50b958d2605/scripts/backtrace-supported.h.cmake#L35,#include'd to see whether the backtrace library will be able to,[],CMake,6,35,35
24070,seq-lang/seq,https://github.com/seq-lang/seq/blob/37b58696a411ac5867320dd3647fe50b958d2605/scripts/backtrace-supported.h.cmake#L38,#define'd as 1 if the backtrace library,[],CMake,31,38,38
24070,seq-lang/seq,https://github.com/seq-lang/seq/blob/37b58696a411ac5867320dd3647fe50b958d2605/scripts/backtrace-supported.h.cmake#L39,#include this to make,[],CMake,49,39,39
24070,seq-lang/seq,https://github.com/seq-lang/seq/blob/37b58696a411ac5867320dd3647fe50b958d2605/scripts/backtrace-supported.h.cmake#L42,#cmakedefine01 BACKTRACE_SUPPORTED,[],CMake,0,42,42
24070,seq-lang/seq,https://github.com/seq-lang/seq/blob/37b58696a411ac5867320dd3647fe50b958d2605/scripts/backtrace-supported.h.cmake#L44,#define'd as 1 if the backtrace,[],CMake,33,44,44
24070,seq-lang/seq,https://github.com/seq-lang/seq/blob/37b58696a411ac5867320dd3647fe50b958d2605/scripts/backtrace-supported.h.cmake#L53,#cmakedefine01 BACKTRACE_USES_MALLOC,[],CMake,0,53,53
24070,seq-lang/seq,https://github.com/seq-lang/seq/blob/37b58696a411ac5867320dd3647fe50b958d2605/scripts/backtrace-supported.h.cmake#L55,#define'd as 1 if the backtrace,[],CMake,38,55,55
24070,seq-lang/seq,https://github.com/seq-lang/seq/blob/37b58696a411ac5867320dd3647fe50b958d2605/scripts/backtrace-supported.h.cmake#L60,#cmakedefine01 BACKTRACE_SUPPORTS_THREADS,[],CMake,0,60,60
24070,seq-lang/seq,https://github.com/seq-lang/seq/blob/37b58696a411ac5867320dd3647fe50b958d2605/scripts/backtrace-supported.h.cmake#L62,#defined'd as 1 if the backtrace_syminfo,[],CMake,35,62,62
24070,seq-lang/seq,https://github.com/seq-lang/seq/blob/37b58696a411ac5867320dd3647fe50b958d2605/scripts/backtrace-supported.h.cmake#L65,#cmakedefine01 BACKTRACE_SUPPORTS_DATA,[],CMake,0,65,65
24070,seq-lang/seq,https://github.com/seq-lang/seq/blob/37b58696a411ac5867320dd3647fe50b958d2605/scripts/deps.cmake#L52,# https://go.googlesource.com/gollvm/+/refs/heads/master/cmake/modules/LibbacktraceUtils.cmake,[],CMake,4,52,52
24070,seq-lang/seq,https://github.com/seq-lang/seq/blob/37b58696a411ac5867320dd3647fe50b958d2605/scripts/deps.cmake#L63,# Generate backtrace-supported.h based on the above.,[],CMake,4,63,63
24070,seq-lang/seq,https://github.com/seq-lang/seq/blob/37b58696a411ac5867320dd3647fe50b958d2605/scripts/htslib-config.h.cmake#L4,#defines reflecting your,[],CMake,44,4,4
24070,seq-lang/seq,https://github.com/seq-lang/seq/blob/37b58696a411ac5867320dd3647fe50b958d2605/scripts/htslib-config.h.cmake#L15,#undef ENABLE_GCS */,[],CMake,3,15,15
24070,seq-lang/seq,https://github.com/seq-lang/seq/blob/37b58696a411ac5867320dd3647fe50b958d2605/scripts/htslib-config.h.cmake#L18,#undef ENABLE_PLUGINS */,[],CMake,3,18,18
24070,seq-lang/seq,https://github.com/seq-lang/seq/blob/37b58696a411ac5867320dd3647fe50b958d2605/scripts/htslib-config.h.cmake#L21,#undef ENABLE_S3 */,[],CMake,3,21,21
24070,seq-lang/seq,https://github.com/seq-lang/seq/blob/37b58696a411ac5867320dd3647fe50b958d2605/scripts/htslib-config.h.cmake#L24,#undef HAVE_COMMONCRYPTO */,[],CMake,3,24,24
24070,seq-lang/seq,https://github.com/seq-lang/seq/blob/37b58696a411ac5867320dd3647fe50b958d2605/scripts/htslib-config.h.cmake#L27,#define HAVE_DRAND48 1,[],CMake,0,27,27
24070,seq-lang/seq,https://github.com/seq-lang/seq/blob/37b58696a411ac5867320dd3647fe50b958d2605/scripts/htslib-config.h.cmake#L30,#undef HAVE_EXTERNAL_LIBHTSCODECS */,[],CMake,3,30,30
24070,seq-lang/seq,https://github.com/seq-lang/seq/blob/37b58696a411ac5867320dd3647fe50b958d2605/scripts/htslib-config.h.cmake#L33,#undef HAVE_FDATASYNC */,[],CMake,3,33,33
24070,seq-lang/seq,https://github.com/seq-lang/seq/blob/37b58696a411ac5867320dd3647fe50b958d2605/scripts/htslib-config.h.cmake#L36,#define HAVE_FSYNC 1,[],CMake,0,36,36
24070,seq-lang/seq,https://github.com/seq-lang/seq/blob/37b58696a411ac5867320dd3647fe50b958d2605/scripts/htslib-config.h.cmake#L39,#define HAVE_GETPAGESIZE 1,[],CMake,0,39,39
24070,seq-lang/seq,https://github.com/seq-lang/seq/blob/37b58696a411ac5867320dd3647fe50b958d2605/scripts/htslib-config.h.cmake#L42,#define HAVE_GMTIME_R 1,[],CMake,0,42,42
24070,seq-lang/seq,https://github.com/seq-lang/seq/blob/37b58696a411ac5867320dd3647fe50b958d2605/scripts/htslib-config.h.cmake#L45,#undef HAVE_HMAC */,[],CMake,3,45,45
24070,seq-lang/seq,https://github.com/seq-lang/seq/blob/37b58696a411ac5867320dd3647fe50b958d2605/scripts/htslib-config.h.cmake#L48,#define HAVE_INTTYPES_H 1,[],CMake,0,48,48
24070,seq-lang/seq,https://github.com/seq-lang/seq/blob/37b58696a411ac5867320dd3647fe50b958d2605/scripts/htslib-config.h.cmake#L51,#define HAVE_LIBBZ2 1,[],CMake,0,51,51
24070,seq-lang/seq,https://github.com/seq-lang/seq/blob/37b58696a411ac5867320dd3647fe50b958d2605/scripts/htslib-config.h.cmake#L54,#undef HAVE_LIBCURL */,[],CMake,3,54,54
24070,seq-lang/seq,https://github.com/seq-lang/seq/blob/37b58696a411ac5867320dd3647fe50b958d2605/scripts/htslib-config.h.cmake#L57,#undef HAVE_LIBDEFLATE */,[],CMake,3,57,57
24070,seq-lang/seq,https://github.com/seq-lang/seq/blob/37b58696a411ac5867320dd3647fe50b958d2605/scripts/htslib-config.h.cmake#L60,#define HAVE_LIBLZMA 1,[],CMake,0,60,60
24070,seq-lang/seq,https://github.com/seq-lang/seq/blob/37b58696a411ac5867320dd3647fe50b958d2605/scripts/htslib-config.h.cmake#L63,#define HAVE_LIBZ 1,[],CMake,0,63,63
24070,seq-lang/seq,https://github.com/seq-lang/seq/blob/37b58696a411ac5867320dd3647fe50b958d2605/scripts/htslib-config.h.cmake#L66,#define HAVE_LZMA_H 1,[],CMake,0,66,66
24070,seq-lang/seq,https://github.com/seq-lang/seq/blob/37b58696a411ac5867320dd3647fe50b958d2605/scripts/htslib-config.h.cmake#L69,#define HAVE_MMAP 1,[],CMake,0,69,69
24070,seq-lang/seq,https://github.com/seq-lang/seq/blob/37b58696a411ac5867320dd3647fe50b958d2605/scripts/htslib-config.h.cmake#L72,#undef HAVE_SRAND48_DETERMINISTIC */,[],CMake,3,72,72
24070,seq-lang/seq,https://github.com/seq-lang/seq/blob/37b58696a411ac5867320dd3647fe50b958d2605/scripts/htslib-config.h.cmake#L75,#define HAVE_STDINT_H 1,[],CMake,0,75,75
24070,seq-lang/seq,https://github.com/seq-lang/seq/blob/37b58696a411ac5867320dd3647fe50b958d2605/scripts/htslib-config.h.cmake#L78,#define HAVE_STDIO_H 1,[],CMake,0,78,78
24070,seq-lang/seq,https://github.com/seq-lang/seq/blob/37b58696a411ac5867320dd3647fe50b958d2605/scripts/htslib-config.h.cmake#L81,#define HAVE_STDLIB_H 1,[],CMake,0,81,81
24070,seq-lang/seq,https://github.com/seq-lang/seq/blob/37b58696a411ac5867320dd3647fe50b958d2605/scripts/htslib-config.h.cmake#L84,#define HAVE_STRINGS_H 1,[],CMake,0,84,84
24070,seq-lang/seq,https://github.com/seq-lang/seq/blob/37b58696a411ac5867320dd3647fe50b958d2605/scripts/htslib-config.h.cmake#L87,#define HAVE_STRING_H 1,[],CMake,0,87,87
24070,seq-lang/seq,https://github.com/seq-lang/seq/blob/37b58696a411ac5867320dd3647fe50b958d2605/scripts/htslib-config.h.cmake#L90,#define HAVE_SYS_PARAM_H 1,[],CMake,0,90,90
24070,seq-lang/seq,https://github.com/seq-lang/seq/blob/37b58696a411ac5867320dd3647fe50b958d2605/scripts/htslib-config.h.cmake#L93,#define HAVE_SYS_STAT_H 1,[],CMake,0,93,93
24070,seq-lang/seq,https://github.com/seq-lang/seq/blob/37b58696a411ac5867320dd3647fe50b958d2605/scripts/htslib-config.h.cmake#L96,#define HAVE_SYS_TYPES_H 1,[],CMake,0,96,96
24070,seq-lang/seq,https://github.com/seq-lang/seq/blob/37b58696a411ac5867320dd3647fe50b958d2605/scripts/htslib-config.h.cmake#L99,#define HAVE_UNISTD_H 1,[],CMake,0,99,99
24070,seq-lang/seq,https://github.com/seq-lang/seq/blob/37b58696a411ac5867320dd3647fe50b958d2605/scripts/htslib-config.h.cmake#L102,"#define PACKAGE_BUGREPORT ""samtools-help@lists.sourceforge.net""",[],CMake,0,102,102
24070,seq-lang/seq,https://github.com/seq-lang/seq/blob/37b58696a411ac5867320dd3647fe50b958d2605/scripts/htslib-config.h.cmake#L105,"#define PACKAGE_NAME ""HTSlib""",[],CMake,0,105,105
24070,seq-lang/seq,https://github.com/seq-lang/seq/blob/37b58696a411ac5867320dd3647fe50b958d2605/scripts/htslib-config.h.cmake#L108,"#define PACKAGE_STRING ""HTSlib 1.13-23-g3eada2f""",[],CMake,0,108,108
24070,seq-lang/seq,https://github.com/seq-lang/seq/blob/37b58696a411ac5867320dd3647fe50b958d2605/scripts/htslib-config.h.cmake#L111,"#define PACKAGE_TARNAME ""htslib""",[],CMake,0,111,111
24070,seq-lang/seq,https://github.com/seq-lang/seq/blob/37b58696a411ac5867320dd3647fe50b958d2605/scripts/htslib-config.h.cmake#L114,"#define PACKAGE_URL ""http://www.htslib.org/""",[],CMake,0,114,114
24070,seq-lang/seq,https://github.com/seq-lang/seq/blob/37b58696a411ac5867320dd3647fe50b958d2605/scripts/htslib-config.h.cmake#L117,"#define PACKAGE_VERSION ""1.13-23-g3eada2f""",[],CMake,0,117,117
24070,seq-lang/seq,https://github.com/seq-lang/seq/blob/37b58696a411ac5867320dd3647fe50b958d2605/scripts/htslib-config.h.cmake#L120,#undef PLUGIN_EXT */,[],CMake,3,120,120
24070,seq-lang/seq,https://github.com/seq-lang/seq/blob/37b58696a411ac5867320dd3647fe50b958d2605/scripts/htslib-config.h.cmake#L125,#define STDC_HEADERS 1,[],CMake,0,125,125
24070,seq-lang/seq,https://github.com/seq-lang/seq/blob/37b58696a411ac5867320dd3647fe50b958d2605/scripts/htslib-config.h.cmake#L128,#undef _FILE_OFFSET_BITS */,[],CMake,3,128,128
24070,seq-lang/seq,https://github.com/seq-lang/seq/blob/37b58696a411ac5867320dd3647fe50b958d2605/scripts/htslib-config.h.cmake#L131,#undef _LARGE_FILES */,[],CMake,3,131,131
24070,seq-lang/seq,https://github.com/seq-lang/seq/blob/37b58696a411ac5867320dd3647fe50b958d2605/scripts/htslib-config.h.cmake#L134,#undef _XOPEN_SOURCE */,[],CMake,3,134,134
