repoIndex,repoName,linkLocation,comment,keywords,buildSysteminFile,charPosition,startLine,endLine
24266,bdonnot/lightsim2grid,https://github.com/bdonnot/lightsim2grid/blob/911390a71b9a33062f0802deae39f43adce64673/build_cmake/CMakeLists.txt#L1,"# -----------------------------------------------------------------
# CMake build system for SuiteSparse
#  http://code.google.com/p/suitesparse-metis-for-windows/
# Created by Jose Luis Blanco (University of Almeria) 2013-2014
# Updated by jesnault (jerome.esnault@inria.fr) 2014-01-21
# -----------------------------------------------------------------",[],CMake,0,1,6
24266,bdonnot/lightsim2grid,https://github.com/bdonnot/lightsim2grid/blob/911390a71b9a33062f0802deae39f43adce64673/build_cmake/CMakeLists.txt#L8,# Hunter stuff must be included before project(),[],CMake,0,8,8
24266,bdonnot/lightsim2grid,https://github.com/bdonnot/lightsim2grid/blob/911390a71b9a33062f0802deae39f43adce64673/build_cmake/CMakeLists.txt#L12,# Use PKG_ROOT variables.,[],CMake,32,12,12
24266,bdonnot/lightsim2grid,https://github.com/bdonnot/lightsim2grid/blob/911390a71b9a33062f0802deae39f43adce64673/build_cmake/CMakeLists.txt#L24,# https://cmake.org/cmake/help/latest/prop_tgt/CXX_STANDARD.html,[],CMake,0,24,24
24266,bdonnot/lightsim2grid,https://github.com/bdonnot/lightsim2grid/blob/911390a71b9a33062f0802deae39f43adce64673/build_cmake/CMakeLists.txt#L35,# include(checkGetSuiteSparse.cmake),[],CMake,0,35,35
24266,bdonnot/lightsim2grid,https://github.com/bdonnot/lightsim2grid/blob/911390a71b9a33062f0802deae39f43adce64673/build_cmake/CMakeLists.txt#L45,"# Override ""CMAKE_INSTALL_PREFIX"", on Windows if not set:",[],CMake,0,45,45
24266,bdonnot/lightsim2grid,https://github.com/bdonnot/lightsim2grid/blob/911390a71b9a33062f0802deae39f43adce64673/build_cmake/CMakeLists.txt#L50,# pass user defined install prefix to SuiteSparse,[],CMake,4,50,50
24266,bdonnot/lightsim2grid,https://github.com/bdonnot/lightsim2grid/blob/911390a71b9a33062f0802deae39f43adce64673/build_cmake/CMakeLists.txt#L59,# allow creating DLLs in Windows without touching the source code:,[],CMake,0,59,59
24266,bdonnot/lightsim2grid,https://github.com/bdonnot/lightsim2grid/blob/911390a71b9a33062f0802deae39f43adce64673/build_cmake/CMakeLists.txt#L64,## get CMAKE_INSTALL_BINDIR and CMAKE_INSTALL_LIBDIR,[],CMake,0,64,64
24266,bdonnot/lightsim2grid,https://github.com/bdonnot/lightsim2grid/blob/911390a71b9a33062f0802deae39f43adce64673/build_cmake/CMakeLists.txt#L73,## get POSTFIX for lib install dir,[],CMake,0,73,73
24266,bdonnot/lightsim2grid,https://github.com/bdonnot/lightsim2grid/blob/911390a71b9a33062f0802deae39f43adce64673/build_cmake/CMakeLists.txt#L77,"# We want libraries to be named ""libXXX"" and ""libXXXd"" in all compilers:
# ------------------------------------------------------------------------",[],CMake,0,77,78
24266,bdonnot/lightsim2grid,https://github.com/bdonnot/lightsim2grid/blob/911390a71b9a33062f0802deae39f43adce64673/build_cmake/CMakeLists.txt#L81,"# Libs are: ""libXXX""",[],CMake,27,81,81
24266,bdonnot/lightsim2grid,https://github.com/bdonnot/lightsim2grid/blob/911390a71b9a33062f0802deae39f43adce64673/build_cmake/CMakeLists.txt#L84,## check if we can build metis,[],CMake,0,84,84
24266,bdonnot/lightsim2grid,https://github.com/bdonnot/lightsim2grid/blob/911390a71b9a33062f0802deae39f43adce64673/build_cmake/CMakeLists.txt#L102,## use a string pattern to check if we have to do the modif,[],CMake,82,102,102
24266,bdonnot/lightsim2grid,https://github.com/bdonnot/lightsim2grid/blob/911390a71b9a33062f0802deae39f43adce64673/build_cmake/CMakeLists.txt#L118,## important part for building metis from its src files,[],CMake,46,118,118
24266,bdonnot/lightsim2grid,https://github.com/bdonnot/lightsim2grid/blob/911390a71b9a33062f0802deae39f43adce64673/build_cmake/CMakeLists.txt#L122,"## For EXPORT only :
## Previous version of cmake (>2.8.12) doesn't auto take into account external lib (here I mean blas and lapack) we need to link to for our current target we want to export.
## Or at least we need to investigate how to do with previous version.
## This may cause some trouble in case you want to build in static mode and then use it into another custom project.
## You will need to manually link your target into your custom project to the correct dependencies link interfaces.",[],CMake,0,122,126
24266,bdonnot/lightsim2grid,https://github.com/bdonnot/lightsim2grid/blob/911390a71b9a33062f0802deae39f43adce64673/build_cmake/CMakeLists.txt#L127,## (policies introduced both in 2.8.12),[],CMake,90,127,127
24266,bdonnot/lightsim2grid,https://github.com/bdonnot/lightsim2grid/blob/911390a71b9a33062f0802deae39f43adce64673/build_cmake/CMakeLists.txt#L131,## just for respecting the new target_link_libraries(...) signature procedure,[],CMake,32,131,131
24266,bdonnot/lightsim2grid,https://github.com/bdonnot/lightsim2grid/blob/911390a71b9a33062f0802deae39f43adce64673/build_cmake/CMakeLists.txt#L132,## use INTERFACE_LINK_LIBRARIES property for in-build targets and ignore old properties (IMPORTED_)?LINK_INTERFACE_LIBRARIES(_<CONFIG>)?,[],CMake,32,132,132
24266,bdonnot/lightsim2grid,https://github.com/bdonnot/lightsim2grid/blob/911390a71b9a33062f0802deae39f43adce64673/build_cmake/CMakeLists.txt#L133,"## Here, next version of cmake 2.8.12 auto take into account the link interface dependencies (see generated cmake/SuiteSparse-config*.cmake into your install dir)",[],CMake,2,133,133
24266,bdonnot/lightsim2grid,https://github.com/bdonnot/lightsim2grid/blob/911390a71b9a33062f0802deae39f43adce64673/build_cmake/CMakeLists.txt#L137,"## install_suitesparse_project(targetName headersList)
## factorise the way we will install all projects (part of the suitesparse project)
## <targetName> is the target of the current project you build
## <headersList> is the list of all public headers the project use and have to be known by other projects
## 	example of use:
## 		file(GLOB LIBHDRS ""Include/*.h"")
## 		add_library(<myTarget> ...)
## 		install_suitesparse_project(<myTarget> ""${LIBHDRS}"")",[],CMake,0,137,144
24266,bdonnot/lightsim2grid,https://github.com/bdonnot/lightsim2grid/blob/911390a71b9a33062f0802deae39f43adce64673/build_cmake/CMakeLists.txt#L147,"## set position independend code for GCC, Clang static (and shared?) libs",[],CMake,1,147,147
24266,bdonnot/lightsim2grid,https://github.com/bdonnot/lightsim2grid/blob/911390a71b9a33062f0802deae39f43adce64673/build_cmake/CMakeLists.txt#L152,## set include dir for install target,[],CMake,1,152,152
24266,bdonnot/lightsim2grid,https://github.com/bdonnot/lightsim2grid/blob/911390a71b9a33062f0802deae39f43adce64673/build_cmake/CMakeLists.txt#L168,"## declare_suitesparse_library(targetName srcsList headersList)
## 	Example of use: See SuiteSparse/*/CMakeLists.txt",[],CMake,0,168,169
24266,bdonnot/lightsim2grid,https://github.com/bdonnot/lightsim2grid/blob/911390a71b9a33062f0802deae39f43adce64673/build_cmake/CMakeLists.txt#L172,## following args are optional,[],CMake,1,172,172
24266,bdonnot/lightsim2grid,https://github.com/bdonnot/lightsim2grid/blob/911390a71b9a33062f0802deae39f43adce64673/build_cmake/CMakeLists.txt#L198,## suitesparseconfig is used for every projects (embedded into cmake build),[],CMake,48,198,198
24266,bdonnot/lightsim2grid,https://github.com/bdonnot/lightsim2grid/blob/911390a71b9a33062f0802deae39f43adce64673/build_cmake/CMakeLists.txt#L199,## external required libs,[],CMake,30,199,199
24266,bdonnot/lightsim2grid,https://github.com/bdonnot/lightsim2grid/blob/911390a71b9a33062f0802deae39f43adce64673/build_cmake/CMakeLists.txt#L205,"# Example of usage:
#  REMOVE_MATCHING_FILES_FROM_LIST("".*_LIN.cpp"" my_srcs)",[],CMake,0,205,206
24266,bdonnot/lightsim2grid,https://github.com/bdonnot/lightsim2grid/blob/911390a71b9a33062f0802deae39f43adce64673/build_cmake/CMakeLists.txt#L252,# set version string,[],CMake,2,252,252
24266,bdonnot/lightsim2grid,https://github.com/bdonnot/lightsim2grid/blob/911390a71b9a33062f0802deae39f43adce64673/build_cmake/CMakeLists.txt#L257,# get SuiteSparse version,[],CMake,0,257,257
24266,bdonnot/lightsim2grid,https://github.com/bdonnot/lightsim2grid/blob/911390a71b9a33062f0802deae39f43adce64673/build_cmake/CMakeLists.txt#L261,## create targets file,[],CMake,0,261,261
24266,bdonnot/lightsim2grid,https://github.com/bdonnot/lightsim2grid/blob/911390a71b9a33062f0802deae39f43adce64673/build_cmake/CMakeLists.txt#L266,## create config file,[],CMake,0,266,266
24266,bdonnot/lightsim2grid,https://github.com/bdonnot/lightsim2grid/blob/911390a71b9a33062f0802deae39f43adce64673/build_cmake/CMakeLists.txt#L271,## do the EXPORT for allowing other project to easily use suitesparse with cmake,[],CMake,0,271,271
24266,bdonnot/lightsim2grid,https://github.com/bdonnot/lightsim2grid/blob/911390a71b9a33062f0802deae39f43adce64673/build_cmake/CMakeLists.txt#L280,## write config-version file,[],CMake,0,280,280
24266,bdonnot/lightsim2grid,https://github.com/bdonnot/lightsim2grid/blob/911390a71b9a33062f0802deae39f43adce64673/build_cmake/CMakeLists.txt#L287,## install config and config-version file,[],CMake,0,287,287
24266,bdonnot/lightsim2grid,https://github.com/bdonnot/lightsim2grid/blob/911390a71b9a33062f0802deae39f43adce64673/build_cmake/SuiteSparse/CMakeLists.txt#L3,# Set optimized building:,[],CMake,0,3,3
24266,bdonnot/lightsim2grid,https://github.com/bdonnot/lightsim2grid/blob/911390a71b9a33062f0802deae39f43adce64673/build_cmake/SuiteSparse/CMakeLists.txt#L7,# only optimize for native processer when NOT cross compiling,[],CMake,1,7,7
24266,bdonnot/lightsim2grid,https://github.com/bdonnot/lightsim2grid/blob/911390a71b9a33062f0802deae39f43adce64673/build_cmake/SuiteSparse/CMakeLists.txt#L14,# Global flags:,[],CMake,0,14,14
24266,bdonnot/lightsim2grid,https://github.com/bdonnot/lightsim2grid/blob/911390a71b9a33062f0802deae39f43adce64673/build_cmake/SuiteSparse/CMakeLists.txt#L21,"# Disable COMPLEX numbers: disable it by default, since it causes problems in some platforms.",[],CMake,0,21,21
24266,bdonnot/lightsim2grid,https://github.com/bdonnot/lightsim2grid/blob/911390a71b9a33062f0802deae39f43adce64673/build_cmake/SuiteSparse/CMakeLists.txt#L27,"# Used even for MSVC, so blas function names have the final ""_""",[],CMake,0,27,27
24266,bdonnot/lightsim2grid,https://github.com/bdonnot/lightsim2grid/blob/911390a71b9a33062f0802deae39f43adce64673/build_cmake/SuiteSparse/CMakeLists.txt#L33,"# Needed for ""SourceWrappers/*.c"" files",[],CMake,26,33,33
24266,bdonnot/lightsim2grid,https://github.com/bdonnot/lightsim2grid/blob/911390a71b9a33062f0802deae39f43adce64673/build_cmake/SuiteSparse/CMakeLists.txt#L35,# Needed by all subprojects,[],CMake,81,35,35
24266,bdonnot/lightsim2grid,https://github.com/bdonnot/lightsim2grid/blob/911390a71b9a33062f0802deae39f43adce64673/build_cmake/SuiteSparse/CMakeLists.txt#L53,"#CACHE STRING ""list of all sub-directories to add to cmake build""",[],CMake,1,53,53
24266,bdonnot/lightsim2grid,https://github.com/bdonnot/lightsim2grid/blob/911390a71b9a33062f0802deae39f43adce64673/build_cmake/SuiteSparse/CXSparse/CMakeLists.txt#L9,# Do we have <complex.h> in this compiler?,[],CMake,0,9,9
24266,bdonnot/lightsim2grid,https://github.com/bdonnot/lightsim2grid/blob/911390a71b9a33062f0802deae39f43adce64673/build_cmake/SuiteSparse/CXSparse/CMakeLists.txt#L15,# Remove *_ci and *_cl from the sources list:,[],CMake,1,15,15
24266,bdonnot/lightsim2grid,https://github.com/bdonnot/lightsim2grid/blob/911390a71b9a33062f0802deae39f43adce64673/build_cmake/SuiteSparse/CXSparse/CMakeLists.txt#L18,"# Remove cs_convert: We don't have any other choice, I'm afraid...",[],CMake,1,18,18
24266,bdonnot/lightsim2grid,https://github.com/bdonnot/lightsim2grid/blob/911390a71b9a33062f0802deae39f43adce64673/build_cmake/cmake/HunterGate.cmake#L1,"# Copyright (c) 2013-2019, Ruslan Baratov
# All rights reserved.
#
# Redistribution and use in source and binary forms, with or without
# modification, are permitted provided that the following conditions are met:
#
# * Redistributions of source code must retain the above copyright notice, this
#   list of conditions and the following disclaimer.
#
# * Redistributions in binary form must reproduce the above copyright notice,
#   this list of conditions and the following disclaimer in the documentation
#   and/or other materials provided with the distribution.
#
# THIS SOFTWARE IS PROVIDED BY THE COPYRIGHT HOLDERS AND CONTRIBUTORS ""AS IS""
# AND ANY EXPRESS OR IMPLIED WARRANTIES, INCLUDING, BUT NOT LIMITED TO, THE
# IMPLIED WARRANTIES OF MERCHANTABILITY AND FITNESS FOR A PARTICULAR PURPOSE ARE
# DISCLAIMED. IN NO EVENT SHALL THE COPYRIGHT HOLDER OR CONTRIBUTORS BE LIABLE
# FOR ANY DIRECT, INDIRECT, INCIDENTAL, SPECIAL, EXEMPLARY, OR CONSEQUENTIAL
# DAMAGES (INCLUDING, BUT NOT LIMITED TO, PROCUREMENT OF SUBSTITUTE GOODS OR
# SERVICES; LOSS OF USE, DATA, OR PROFITS; OR BUSINESS INTERRUPTION) HOWEVER
# CAUSED AND ON ANY THEORY OF LIABILITY, WHETHER IN CONTRACT, STRICT LIABILITY,
# OR TORT (INCLUDING NEGLIGENCE OR OTHERWISE) ARISING IN ANY WAY OUT OF THE USE
# OF THIS SOFTWARE, EVEN IF ADVISED OF THE POSSIBILITY OF SUCH DAMAGE.",[],CMake,0,1,23
24266,bdonnot/lightsim2grid,https://github.com/bdonnot/lightsim2grid/blob/911390a71b9a33062f0802deae39f43adce64673/build_cmake/cmake/HunterGate.cmake#L25,"# This is a gate file to Hunter package manager.
# Include this file using `include` command and add package you need, example:
#
#     cmake_minimum_required(VERSION 3.2)
#
#     include(""cmake/HunterGate.cmake"")
#     HunterGate(
#         URL ""https://github.com/path/to/hunter/archive.tar.gz""
#         SHA1 ""798501e983f14b28b10cda16afa4de69eee1da1d""
#     )
#
#     project(MyProject)
#
#     hunter_add_package(Foo)
#     hunter_add_package(Boo COMPONENTS Bar Baz)
#
# Projects:
#     * https://github.com/hunter-packages/gate/
#     * https://github.com/ruslo/hunter",[],CMake,0,25,43
24266,bdonnot/lightsim2grid,https://github.com/bdonnot/lightsim2grid/blob/911390a71b9a33062f0802deae39f43adce64673/build_cmake/cmake/HunterGate.cmake#L57,# cmake_parse_arguments,[],CMake,29,57,57
24266,bdonnot/lightsim2grid,https://github.com/bdonnot/lightsim2grid/blob/911390a71b9a33062f0802deae39f43adce64673/build_cmake/cmake/HunterGate.cmake#L144,# Set HUNTER_GATE_ROOT cmake variable to suitable value.,[],CMake,0,144,144
24266,bdonnot/lightsim2grid,https://github.com/bdonnot/lightsim2grid/blob/911390a71b9a33062f0802deae39f43adce64673/build_cmake/cmake/HunterGate.cmake#L146,# Check CMake variable,[],CMake,2,146,146
24266,bdonnot/lightsim2grid,https://github.com/bdonnot/lightsim2grid/blob/911390a71b9a33062f0802deae39f43adce64673/build_cmake/cmake/HunterGate.cmake#L154,# Check environment variable,[],CMake,2,154,154
24266,bdonnot/lightsim2grid,https://github.com/bdonnot/lightsim2grid/blob/911390a71b9a33062f0802deae39f43adce64673/build_cmake/cmake/HunterGate.cmake#L162,# Check HOME environment variable,[],CMake,2,162,162
24266,bdonnot/lightsim2grid,https://github.com/bdonnot/lightsim2grid/blob/911390a71b9a33062f0802deae39f43adce64673/build_cmake/cmake/HunterGate.cmake#L170,# Check SYSTEMDRIVE and USERPROFILE environment variable (windows only),[],CMake,2,170,170
24266,bdonnot/lightsim2grid,https://github.com/bdonnot/lightsim2grid/blob/911390a71b9a33062f0802deae39f43adce64673/build_cmake/cmake/HunterGate.cmake#L241,# while waiting for lock other instance can do all the job,[],CMake,4,241,241
24266,bdonnot/lightsim2grid,https://github.com/bdonnot/lightsim2grid/blob/911390a71b9a33062f0802deae39f43adce64673/build_cmake/cmake/HunterGate.cmake#L249,# check directory permissions,[],CMake,38,249,249
24266,bdonnot/lightsim2grid,https://github.com/bdonnot/lightsim2grid/blob/911390a71b9a33062f0802deae39f43adce64673/build_cmake/cmake/HunterGate.cmake#L251,"# Disabling languages speeds up a little bit, reduces noise in the output
# and avoids path too long windows error",[],CMake,2,251,252
24266,bdonnot/lightsim2grid,https://github.com/bdonnot/lightsim2grid/blob/911390a71b9a33062f0802deae39f43adce64673/build_cmake/cmake/HunterGate.cmake#L288,"# Need to add toolchain file too.
# Otherwise on Visual Studio + MDD this will fail with error:
# ""Could not find an appropriate version of the Windows 10 SDK installed on this machine""",[],CMake,2,288,290
24266,bdonnot/lightsim2grid,https://github.com/bdonnot/lightsim2grid/blob/911390a71b9a33062f0802deae39f43adce64673/build_cmake/cmake/HunterGate.cmake#L295,# 'toolchain_arg' can't be empty,[],CMake,4,295,295
24266,bdonnot/lightsim2grid,https://github.com/bdonnot/lightsim2grid/blob/911390a71b9a33062f0802deae39f43adce64673/build_cmake/cmake/HunterGate.cmake#L303,# Test case: remove Ninja from PATH but set it via CMAKE_MAKE_PROGRAM,[],CMake,4,303,303
24266,bdonnot/lightsim2grid,https://github.com/bdonnot/lightsim2grid/blob/911390a71b9a33062f0802deae39f43adce64673/build_cmake/cmake/HunterGate.cmake#L353,"# Must be a macro so master file 'cmake/Hunter' can
# apply all variables easily just by 'include' command
# (otherwise PARENT_SCOPE magic needed)",[],CMake,0,353,355
24266,bdonnot/lightsim2grid,https://github.com/bdonnot/lightsim2grid/blob/911390a71b9a33062f0802deae39f43adce64673/build_cmake/cmake/HunterGate.cmake#L358,"# variable HUNTER_GATE_DONE set explicitly for external project
# (see `hunter_download`)",[],CMake,4,358,359
24266,bdonnot/lightsim2grid,https://github.com/bdonnot/lightsim2grid/blob/911390a71b9a33062f0802deae39f43adce64673/build_cmake/cmake/HunterGate.cmake#L363,"# First HunterGate command will init Hunter, others will be ignored",[],CMake,2,363,363
24266,bdonnot/lightsim2grid,https://github.com/bdonnot/lightsim2grid/blob/911390a71b9a33062f0802deae39f43adce64673/build_cmake/cmake/HunterGate.cmake#L367,"# Empty function to avoid error ""unknown function""",[],CMake,4,367,367
24266,bdonnot/lightsim2grid,https://github.com/bdonnot/lightsim2grid/blob/911390a71b9a33062f0802deae39f43adce64673/build_cmake/cmake/HunterGate.cmake#L454,# set HUNTER_GATE_ROOT,[],CMake,30,454,454
24266,bdonnot/lightsim2grid,https://github.com/bdonnot/lightsim2grid/blob/911390a71b9a33062f0802deae39f43adce64673/build_cmake/cmake/HunterGate.cmake#L497,# Check Hunter already downloaded by HunterGate,[],CMake,4,497,497
