repoIndex,repoName,linkLocation,comment,keywords,buildSysteminFile,charPosition,startLine,endLine
24339,poacpm/poac,https://github.com/poacpm/poac/blob/c9a3ace843dc4a799987029a89e1840dba77e9f3/CMakeLists.txt#L1,"# Reference: https://github.com/opencv/opencv/blob/e329c84d5e7cfa5965b5dbbe7aa94d377ede23cf/CMakeLists.txt#L9-L15
# Disable in-source builds to prevent source tree corruption.",[],CMake,0,1,2
24339,poacpm/poac,https://github.com/poacpm/poac/blob/c9a3ace843dc4a799987029a89e1840dba77e9f3/CMakeLists.txt#L20,# -DVERBOSE=ON,[],CMake,41,20,20
24339,poacpm/poac,https://github.com/poacpm/poac/blob/c9a3ace843dc4a799987029a89e1840dba77e9f3/CMakeLists.txt#L24,# Option checks,[],CMake,0,24,24
24339,poacpm/poac,https://github.com/poacpm/poac/blob/c9a3ace843dc4a799987029a89e1840dba77e9f3/CMakeLists.txt#L30,# without compiler extensions like gnu++11,[],CMake,30,30,30
24339,poacpm/poac,https://github.com/poacpm/poac/blob/c9a3ace843dc4a799987029a89e1840dba77e9f3/lib/CMakeLists.txt#L1,# Headers including `poac/poac.hpp` require these libraries,[],CMake,0,1,1
24339,poacpm/poac,https://github.com/poacpm/poac/blob/c9a3ace843dc4a799987029a89e1840dba77e9f3/lib/core/CMakeLists.txt#L13,# via poac/config.hpp,[],CMake,23,13,13
24339,poacpm/poac,https://github.com/poacpm/poac/blob/c9a3ace843dc4a799987029a89e1840dba77e9f3/lib/core/builder/compiler/cxx/CMakeLists.txt#L13,# in cxx.cc,[],CMake,23,13,13
24339,poacpm/poac,https://github.com/poacpm/poac/blob/c9a3ace843dc4a799987029a89e1840dba77e9f3/lib/util/CMakeLists.txt#L74,# via poac/config.hpp,[],CMake,23,74,74
24339,poacpm/poac,https://github.com/poacpm/poac/blob/c9a3ace843dc4a799987029a89e1840dba77e9f3/tests/CMakeLists.txt#L1,"# Erase the compile options of Boost::ut because GCC provides many warnings.
# ref: https://github.com/boost-ext/ut/blob/67b136c0267a54248d05fcba63905ff5e6abf0b7/CMakeLists.txt#L83-L115
# CMake states:
#   When target dependencies are specified using target_link_libraries(),
#   CMake will read this property from all target dependencies to determine the build properties of the consumer.
# So, we need to erase the variable.
# ref about `INTERFACE_COMPILE_OPTIONS`:
#   https://cmake.org/cmake/help/latest/prop_tgt/INTERFACE_COMPILE_OPTIONS.html",[],CMake,0,1,8
24339,poacpm/poac,https://github.com/poacpm/poac/blob/c9a3ace843dc4a799987029a89e1840dba77e9f3/cmake/AddFmt.cmake#L8,# -DCMAKE_BUILD_TYPE=Release,[],CMake,39,8,8
24339,poacpm/poac,https://github.com/poacpm/poac/blob/c9a3ace843dc4a799987029a89e1840dba77e9f3/cmake/AddFmt.cmake#L15,# minimum required version,[],CMake,18,15,15
24339,poacpm/poac,https://github.com/poacpm/poac/blob/c9a3ace843dc4a799987029a89e1840dba77e9f3/cmake/AddLibArchive.cmake#L32,# If using downloaded package,[],CMake,22,32,32
24339,poacpm/poac,https://github.com/poacpm/poac/blob/c9a3ace843dc4a799987029a89e1840dba77e9f3/cmake/AddLibArchive.cmake#L34,# -DCMAKE_BUILD_TYPE=Debug,[],CMake,41,34,34
24339,poacpm/poac,https://github.com/poacpm/poac/blob/c9a3ace843dc4a799987029a89e1840dba77e9f3/cmake/AddLibArchive.cmake#L41,# If using local package,[],CMake,8,41,41
24339,poacpm/poac,https://github.com/poacpm/poac/blob/c9a3ace843dc4a799987029a89e1840dba77e9f3/cmake/AddLibGit2.cmake#L10,"# Override cache string in libgit2/CMakeLists.txt
# ref: https://github.com/libgit2/libgit2/blob/43b5075df4c543fc8801ed4b829702d7f9f2c0ad/CMakeLists.txt#L57
# ref2: https://github.com/libgit2/libgit2/blob/43b5075df4c543fc8801ed4b829702d7f9f2c0ad/src/CMakeLists.txt#L163
# ref for how to do this: https://stackoverflow.com/a/62702897",[],CMake,0,10,13
24339,poacpm/poac,https://github.com/poacpm/poac/blob/c9a3ace843dc4a799987029a89e1840dba77e9f3/cmake/AddLibGit2.cmake#L17,# -DCMAKE_BUILD_TYPE=Release,[],CMake,39,17,17
24339,poacpm/poac,https://github.com/poacpm/poac/blob/c9a3ace843dc4a799987029a89e1840dba77e9f3/cmake/AddLibGit2.cmake#L36,# If using downloaded package,[],CMake,19,36,36
24339,poacpm/poac,https://github.com/poacpm/poac/blob/c9a3ace843dc4a799987029a89e1840dba77e9f3/cmake/AddLibGit2.cmake#L39,# If using local package,[],CMake,8,39,39
24339,poacpm/poac,https://github.com/poacpm/poac/blob/c9a3ace843dc4a799987029a89e1840dba77e9f3/cmake/AddSpdlog.cmake#L8,# -DCMAKE_BUILD_TYPE=Release,[],CMake,39,8,8
24339,poacpm/poac,https://github.com/poacpm/poac/blob/c9a3ace843dc4a799987029a89e1840dba77e9f3/cmake/CMP0077PolicyFix.cmake#L1,"# ref: https://gitlab.kitware.com/cmake/cmake/-/issues/19854
# https://cmake.org/cmake/help/latest/variable/CMAKE_PROJECT_PROJECT-NAME_INCLUDE_BEFORE.html#variable:CMAKE_PROJECT_%3CPROJECT-NAME%3E_INCLUDE_BEFORE",[],CMake,0,1,2
24339,poacpm/poac,https://github.com/poacpm/poac/blob/c9a3ace843dc4a799987029a89e1840dba77e9f3/cmake/CPM.cmake#L5,# Expand relative path. This is important if the provided path contains a tilde (~),[],CMake,2,5,5
24339,poacpm/poac,https://github.com/poacpm/poac/blob/c9a3ace843dc4a799987029a89e1840dba77e9f3/cmake/ConfigDebug.cmake#L3,# ref: https://github.com/google/sanitizers/wiki/AddressSanitizer#using-addresssanitizer,[],CMake,0,3,3
24339,poacpm/poac,https://github.com/poacpm/poac/blob/c9a3ace843dc4a799987029a89e1840dba77e9f3/cmake/ConfigDebug.cmake#L5,# https://stackoverflow.com/a/38297422,[],CMake,0,5,5
24339,poacpm/poac,https://github.com/poacpm/poac/blob/c9a3ace843dc4a799987029a89e1840dba77e9f3/cmake/ConfigDebug.cmake#L6,# -fPIC,[],CMake,40,6,6
24339,poacpm/poac,https://github.com/poacpm/poac/blob/c9a3ace843dc4a799987029a89e1840dba77e9f3/cmake/ConfigRelease.cmake#L18,# ref: https://stackoverflow.com/a/3801032,[],CMake,4,18,18
24339,poacpm/poac,https://github.com/poacpm/poac/blob/c9a3ace843dc4a799987029a89e1840dba77e9f3/cmake/ConfigRelease.cmake#L22,# ref: https://stackoverflow.com/a/39256013,[],CMake,4,22,22
24339,poacpm/poac,https://github.com/poacpm/poac/blob/c9a3ace843dc4a799987029a89e1840dba77e9f3/cmake/ConfigRelease.cmake#L36,# use `ld`,[],CMake,37,36,36
24339,poacpm/poac,https://github.com/poacpm/poac/blob/c9a3ace843dc4a799987029a89e1840dba77e9f3/cmake/ConfigRelease.cmake#L40,"# For nix, ref: https://github.com/NixOS/nixpkgs/issues/166205",[],CMake,4,40,40
24339,poacpm/poac,https://github.com/poacpm/poac/blob/c9a3ace843dc4a799987029a89e1840dba77e9f3/cmake/Findlibgit2.cmake#L1,# ref: https://github.com/libgit2/libgit2-backends/blob/b2b968fb97ea4e984dc9a6983a0dbbb44fb5f31a/CMake/FindLibgit2.cmake,[],CMake,0,1,1
24339,poacpm/poac,https://github.com/poacpm/poac/blob/c9a3ace843dc4a799987029a89e1840dba77e9f3/cmake/Findlibgit2.cmake#L3,"# - Try to find the libgit2 library
# Once done this will define
#
#  LIBGIT2_FOUND - System has libgit2
#  LIBGIT2_INCLUDE_DIR - The libgit2 include directory
#  LIBGIT2_LIBRARIES - The libraries needed to use libgit2
#  LIBGIT2_DEFINITIONS - Compiler switches required for using libgit2",[],CMake,0,3,9
24339,poacpm/poac,https://github.com/poacpm/poac/blob/c9a3ace843dc4a799987029a89e1840dba77e9f3/cmake/Findlibgit2.cmake#L12,"# use pkg-config to get the directories and then use these values
# in the FIND_PATH() and FIND_LIBRARY() calls",[],CMake,0,12,13
24339,poacpm/poac,https://github.com/poacpm/poac/blob/c9a3ace843dc4a799987029a89e1840dba77e9f3/cmake/Helpers.cmake#L1,# ref: https://stackoverflow.com/a/7788165,[],CMake,0,1,1
24339,poacpm/poac,https://github.com/poacpm/poac/blob/c9a3ace843dc4a799987029a89e1840dba77e9f3/cmake/Helpers.cmake#L20,"# If no sources are provided, then only an interface target will be added.",[],CMake,0,20,20
24339,poacpm/poac,https://github.com/poacpm/poac/blob/c9a3ace843dc4a799987029a89e1840dba77e9f3/cmake/Helpers.cmake#L30,# prepare an interface target for dependents,[],CMake,42,30,30
24339,poacpm/poac,https://github.com/poacpm/poac/blob/c9a3ace843dc4a799987029a89e1840dba77e9f3/cmake/PoacConfig.cmake#L5,# undefined reference to symbol 'pthread_condattr_setclock@@GLIBC_2.3.3',[],CMake,4,5,5
24339,poacpm/poac,https://github.com/poacpm/poac/blob/c9a3ace843dc4a799987029a89e1840dba77e9f3/cmake/PoacConfig.cmake#L20,# -DCMAKE_BUILD_TYPE=Release,[],CMake,43,20,20
24339,poacpm/poac,https://github.com/poacpm/poac/blob/c9a3ace843dc4a799987029a89e1840dba77e9f3/cmake/PoacConfig.cmake#L28,# -DENABLE_STATIC=ON,[],CMake,39,28,28
24339,poacpm/poac,https://github.com/poacpm/poac/blob/c9a3ace843dc4a799987029a89e1840dba77e9f3/cmake/PoacConfig.cmake#L30,# -DCMAKE_BUILD_TYPE=Debug,[],CMake,41,30,30
24339,poacpm/poac,https://github.com/poacpm/poac/blob/c9a3ace843dc4a799987029a89e1840dba77e9f3/cmake/PoacConfig.cmake#L32,# -DCMAKE_BUILD_TYPE=Release,[],CMake,43,32,32
24339,poacpm/poac,https://github.com/poacpm/poac/blob/c9a3ace843dc4a799987029a89e1840dba77e9f3/cmake/PoacDependencies.cmake#L10,# Add files that match the regex,[],CMake,54,10,10
24339,poacpm/poac,https://github.com/poacpm/poac/blob/c9a3ace843dc4a799987029a89e1840dba77e9f3/cmake/PoacDependencies.cmake#L12,# Dev-dependencies,[],CMake,0,12,12
