repoIndex,repoName,linkLocation,comment,keywords,buildSysteminFile,charPosition,startLine,endLine
24460,airdcpp/airdcpp-windows,https://github.com/airdcpp/airdcpp-windows/blob/aced97766268af6fc954ebdd106ecd8477b0bd75/airdcpp-webapi/CMakeLists.txt#L3,# ######### General setup ##########,[],CMake,0,3,3
24460,airdcpp/airdcpp-windows,https://github.com/airdcpp/airdcpp-windows/blob/aced97766268af6fc954ebdd106ecd8477b0bd75/airdcpp/CMakeLists.txt#L15,# WINDOWS,[],CMake,0,15,15
24460,airdcpp/airdcpp-windows,https://github.com/airdcpp/airdcpp-windows/blob/aced97766268af6fc954ebdd106ecd8477b0bd75/airdcpp/CMakeLists.txt#L34,# APPLE,[],CMake,0,34,34
24460,airdcpp/airdcpp-windows,https://github.com/airdcpp/airdcpp-windows/blob/aced97766268af6fc954ebdd106ecd8477b0bd75/airdcpp/CMakeLists.txt#L40,# OPTIONAL LIBRARIES,[],CMake,0,40,40
24460,airdcpp/airdcpp-windows,https://github.com/airdcpp/airdcpp-windows/blob/aced97766268af6fc954ebdd106ecd8477b0bd75/airdcpp/CMakeLists.txt#L54,"#if (SNAPPY_FOUND)
#  list (APPEND airdcpp_extra_libs ${SNAPPY_LIBRARIES})
#endif (SNAPPY_FOUND)",[],CMake,0,54,56
24460,airdcpp/airdcpp-windows,https://github.com/airdcpp/airdcpp-windows/blob/aced97766268af6fc954ebdd106ecd8477b0bd75/airdcpp/CMakeLists.txt#L58,# GENERIC COMPILING PROPERTIES,[],CMake,0,58,58
24460,airdcpp/airdcpp-windows,https://github.com/airdcpp/airdcpp-windows/blob/aced97766268af6fc954ebdd106ecd8477b0bd75/airdcpp/CMakeLists.txt#L84,# LINKING,[],CMake,0,84,84
24460,airdcpp/airdcpp-windows,https://github.com/airdcpp/airdcpp-windows/blob/aced97766268af6fc954ebdd106ecd8477b0bd75/airdcpp/CMakeLists.txt#L99,"#if (WIN32)
#   set_property(TARGET airdcpp PROPERTY COMPILE_FLAGS)
#else(WIN32)
#   set_property(TARGET airdcpp PROPERTY COMPILE_FLAGS -fPIC)
#endif (WIN32)",[],CMake,0,99,103
24460,airdcpp/airdcpp-windows,https://github.com/airdcpp/airdcpp-windows/blob/aced97766268af6fc954ebdd106ecd8477b0bd75/airdcpp/CMakeLists.txt#L106,# INSTALLATION,[],CMake,0,106,106
24460,airdcpp/airdcpp-windows,https://github.com/airdcpp/airdcpp-windows/blob/aced97766268af6fc954ebdd106ecd8477b0bd75/boost/boost/safe_numerics/CMakeLists.txt#L1,"####################
# add include headers to IDE",[],CMake,0,1,2
24460,airdcpp/airdcpp-windows,https://github.com/airdcpp/airdcpp-windows/blob/aced97766268af6fc954ebdd106ecd8477b0bd75/boost/boost/safe_numerics/CMakeLists.txt#L12,"# end headers in IDE
####################",[],CMake,0,12,13
24460,airdcpp/airdcpp-windows,https://github.com/airdcpp/airdcpp-windows/blob/aced97766268af6fc954ebdd106ecd8477b0bd75/boost/boost/safe_numerics/concept/CMakeLists.txt#L1,"####################
# add include headers to IDE",[],CMake,0,1,2
24460,airdcpp/airdcpp-windows,https://github.com/airdcpp/airdcpp-windows/blob/aced97766268af6fc954ebdd106ecd8477b0bd75/boost/boost/safe_numerics/concept/CMakeLists.txt#L13,"# end headers in IDE
####################",[],CMake,0,13,14
24460,airdcpp/airdcpp-windows,https://github.com/airdcpp/airdcpp-windows/blob/aced97766268af6fc954ebdd106ecd8477b0bd75/boost/libs/interprocess/CMakeLists.txt#L1,"# Generated by `boostdep --cmake interprocess`
# Copyright 2020 Peter Dimov
# Distributed under the Boost Software License, Version 1.0.
# https://www.boost.org/LICENSE_1_0.txt",[],CMake,0,1,4
24460,airdcpp/airdcpp-windows,https://github.com/airdcpp/airdcpp-windows/blob/aced97766268af6fc954ebdd106ecd8477b0bd75/boost/libs/regex/CMakeLists.txt#L1,"# Copyright 2018 Mike Dev
# Copyright 2019 Peter Dimov
# Distributed under the Boost Software License, Version 1.0.
# See accompanying file LICENSE_1_0.txt or copy at http://www.boost.org/LICENSE_1_0.txt",[],CMake,0,1,4
24460,airdcpp/airdcpp-windows,https://github.com/airdcpp/airdcpp-windows/blob/aced97766268af6fc954ebdd106ecd8477b0bd75/boost/libs/regex/CMakeLists.txt#L6,"# We support CMake 3.5, but prefer 3.16 policies and behavior",[],CMake,0,6,6
24460,airdcpp/airdcpp-windows,https://github.com/airdcpp/airdcpp-windows/blob/aced97766268af6fc954ebdd106ecd8477b0bd75/boost/libs/regex/CMakeLists.txt#L37,"#option(BOOST_REGEX_ENABLE_ICU ""Boost.Regex: enable ICU support"" ${ICU_FOUND})",[],CMake,0,37,37
24460,airdcpp/airdcpp-windows,https://github.com/airdcpp/airdcpp-windows/blob/aced97766268af6fc954ebdd106ecd8477b0bd75/boost/libs/regex/example/snippets/CMakeLists.txt#L1,"# Copyright 2019 Mike Dev
# Distributed under the Boost Software License, Version 1.0.
# See accompanying file LICENSE_1_0.txt or copy at https://www.boost.org/LICENSE_1_0.txt
#
# NOTE: CMake support for Boost.Regex is currently experimental at best
#       and we are currently only building a few examples",[],CMake,0,1,6
24460,airdcpp/airdcpp-windows,https://github.com/airdcpp/airdcpp-windows/blob/aced97766268af6fc954ebdd106ecd8477b0bd75/boost/libs/regex/test/cmake_install_test/CMakeLists.txt#L1,"# Copyright 2018, 2019 Peter Dimov
# Distributed under the Boost Software License, Version 1.0.
# See accompanying file LICENSE_1_0.txt or copy at http://www.boost.org/LICENSE_1_0.txt",[],CMake,0,1,3
24460,airdcpp/airdcpp-windows,https://github.com/airdcpp/airdcpp-windows/blob/aced97766268af6fc954ebdd106ecd8477b0bd75/boost/libs/regex/test/cmake_subdir_test/CMakeLists.txt#L1,"# Copyright 2018, 2019 Peter Dimov
# Distributed under the Boost Software License, Version 1.0.
# See accompanying file LICENSE_1_0.txt or copy at http://www.boost.org/LICENSE_1_0.txt",[],CMake,0,1,3
24460,airdcpp/airdcpp-windows,https://github.com/airdcpp/airdcpp-windows/blob/aced97766268af6fc954ebdd106ecd8477b0bd75/boost/libs/regex/test/cmake_subdir_test_icu/CMakeLists.txt#L1,"# Copyright 2018, 2019 Peter Dimov
# Distributed under the Boost Software License, Version 1.0.
# See accompanying file LICENSE_1_0.txt or copy at http://www.boost.org/LICENSE_1_0.txt",[],CMake,0,1,3
24460,airdcpp/airdcpp-windows,https://github.com/airdcpp/airdcpp-windows/blob/aced97766268af6fc954ebdd106ecd8477b0bd75/boost/libs/system/CMakeLists.txt#L1,"# Copyright 2018-2021 Peter Dimov
# Distributed under the Boost Software License, Version 1.0.
# See accompanying file LICENSE_1_0.txt or copy at http://www.boost.org/LICENSE_1_0.txt",[],CMake,0,1,3
24460,airdcpp/airdcpp-windows,https://github.com/airdcpp/airdcpp-windows/blob/aced97766268af6fc954ebdd106ecd8477b0bd75/boost/libs/system/test/CMakeLists.txt#L1,"# Copyright 2018-2020 Peter Dimov
# Distributed under the Boost Software License, Version 1.0.
# See accompanying file LICENSE_1_0.txt or copy at http://www.boost.org/LICENSE_1_0.txt",[],CMake,0,1,3
24460,airdcpp/airdcpp-windows,https://github.com/airdcpp/airdcpp-windows/blob/aced97766268af6fc954ebdd106ecd8477b0bd75/boost/libs/system/test/CMakeLists.txt#L127,# result,[],CMake,0,127,127
24460,airdcpp/airdcpp-windows,https://github.com/airdcpp/airdcpp-windows/blob/aced97766268af6fc954ebdd106ecd8477b0bd75/boost/libs/system/test/cmake_install_test/CMakeLists.txt#L1,"# Copyright 2018, 2019 Peter Dimov
# Distributed under the Boost Software License, Version 1.0.
# See accompanying file LICENSE_1_0.txt or copy at http://www.boost.org/LICENSE_1_0.txt",[],CMake,0,1,3
24460,airdcpp/airdcpp-windows,https://github.com/airdcpp/airdcpp-windows/blob/aced97766268af6fc954ebdd106ecd8477b0bd75/boost/libs/system/test/cmake_subdir_test/CMakeLists.txt#L1,"# Copyright 2018-2021 Peter Dimov
# Distributed under the Boost Software License, Version 1.0.
# See accompanying file LICENSE_1_0.txt or copy at http://www.boost.org/LICENSE_1_0.txt",[],CMake,0,1,3
24460,airdcpp/airdcpp-windows,https://github.com/airdcpp/airdcpp-windows/blob/aced97766268af6fc954ebdd106ecd8477b0bd75/boost/libs/thread/CMakeLists.txt#L1,"# Generated by `boostdep --cmake thread`
# Copyright 2020 Peter Dimov
# Distributed under the Boost Software License, Version 1.0.
# https://www.boost.org/LICENSE_1_0.txt",[],CMake,0,1,4
24460,airdcpp/airdcpp-windows,https://github.com/airdcpp/airdcpp-windows/blob/aced97766268af6fc954ebdd106ecd8477b0bd75/leveldb/CMakeLists.txt#L1,"# Copyright 2017 The LevelDB Authors. All rights reserved.
# Use of this source code is governed by a BSD-style license that can be
# found in the LICENSE file. See the AUTHORS file for names of contributors.",[],CMake,0,1,3
24460,airdcpp/airdcpp-windows,https://github.com/airdcpp/airdcpp-windows/blob/aced97766268af6fc954ebdd106ecd8477b0bd75/leveldb/CMakeLists.txt#L6,# Keep the version below in sync with the one in db.h,[],CMake,0,6,6
24460,airdcpp/airdcpp-windows,https://github.com/airdcpp/airdcpp-windows/blob/aced97766268af6fc954ebdd106ecd8477b0bd75/leveldb/CMakeLists.txt#L9,# C standard can be overridden when this is used as a sub-project.,[],CMake,0,9,9
24460,airdcpp/airdcpp-windows,https://github.com/airdcpp/airdcpp-windows/blob/aced97766268af6fc954ebdd106ecd8477b0bd75/leveldb/CMakeLists.txt#L11,"# This project can use C11, but will gracefully decay down to C89.",[],CMake,2,11,11
24460,airdcpp/airdcpp-windows,https://github.com/airdcpp/airdcpp-windows/blob/aced97766268af6fc954ebdd106ecd8477b0bd75/leveldb/CMakeLists.txt#L17,# C++ standard can be overridden when this is used as a sub-project.,[],CMake,0,17,17
24460,airdcpp/airdcpp-windows,https://github.com/airdcpp/airdcpp-windows/blob/aced97766268af6fc954ebdd106ecd8477b0bd75/leveldb/CMakeLists.txt#L19,# This project requires C++11.,[],CMake,2,19,19
24460,airdcpp/airdcpp-windows,https://github.com/airdcpp/airdcpp-windows/blob/aced97766268af6fc954ebdd106ecd8477b0bd75/leveldb/CMakeLists.txt#L46,"# Using check_cxx_symbol_exists() instead of check_c_symbol_exists() because
# we're including the header from C++, and feature detection should use the same
# compiler language that the project will use later. Principles aside, some
# versions of do not expose fdatasync() in <unistd.h> in standard C mode
# (-std=c11), but do expose the function in standard C++ mode (-std=c++11).",[],CMake,0,46,50
24460,airdcpp/airdcpp-windows,https://github.com/airdcpp/airdcpp-windows/blob/aced97766268af6fc954ebdd106ecd8477b0bd75/leveldb/CMakeLists.txt#L56,# Disable C++ exceptions.,[],CMake,2,56,56
24460,airdcpp/airdcpp-windows,https://github.com/airdcpp/airdcpp-windows/blob/aced97766268af6fc954ebdd106ecd8477b0bd75/leveldb/CMakeLists.txt#L61,# Disable RTTI.,[],CMake,2,61,61
24460,airdcpp/airdcpp-windows,https://github.com/airdcpp/airdcpp-windows/blob/aced97766268af6fc954ebdd106ecd8477b0bd75/leveldb/CMakeLists.txt#L65,# Enable strict prototype warnings for C code in clang and gcc.,[],CMake,2,65,65
24460,airdcpp/airdcpp-windows,https://github.com/airdcpp/airdcpp-windows/blob/aced97766268af6fc954ebdd106ecd8477b0bd75/leveldb/CMakeLists.txt#L70,# Disable C++ exceptions.,[],CMake,2,70,70
24460,airdcpp/airdcpp-windows,https://github.com/airdcpp/airdcpp-windows/blob/aced97766268af6fc954ebdd106ecd8477b0bd75/leveldb/CMakeLists.txt#L74,# Disable RTTI.,[],CMake,2,74,74
24460,airdcpp/airdcpp-windows,https://github.com/airdcpp/airdcpp-windows/blob/aced97766268af6fc954ebdd106ecd8477b0bd75/leveldb/CMakeLists.txt#L79,"# Test whether -Wthread-safety is available. See
# https://clang.llvm.org/docs/ThreadSafetyAnalysis.html",[],CMake,0,79,80
24460,airdcpp/airdcpp-windows,https://github.com/airdcpp/airdcpp-windows/blob/aced97766268af6fc954ebdd106ecd8477b0bd75/leveldb/CMakeLists.txt#L84,# Used by googletest.,[],CMake,0,84,84
24460,airdcpp/airdcpp-windows,https://github.com/airdcpp/airdcpp-windows/blob/aced97766268af6fc954ebdd106ecd8477b0bd75/leveldb/CMakeLists.txt#L90,# Test whether C++17 __has_include is available.,[],CMake,0,90,90
24460,airdcpp/airdcpp-windows,https://github.com/airdcpp/airdcpp-windows/blob/aced97766268af6fc954ebdd106ecd8477b0bd75/leveldb/CMakeLists.txt#L112,# Only export LEVELDB_EXPORT symbols from the shared library.,[],CMake,2,112,112
24460,airdcpp/airdcpp-windows,https://github.com/airdcpp/airdcpp-windows/blob/aced97766268af6fc954ebdd106ecd8477b0bd75/leveldb/CMakeLists.txt#L116,# Must be included before CMAKE_INSTALL_INCLUDEDIR is used.,[],CMake,0,116,116
24460,airdcpp/airdcpp-windows,https://github.com/airdcpp/airdcpp-windows/blob/aced97766268af6fc954ebdd106ecd8477b0bd75/leveldb/CMakeLists.txt#L193,"# Only CMake 3.3+ supports PUBLIC sources in targets exported by ""install"".",[],CMake,2,193,193
24460,airdcpp/airdcpp-windows,https://github.com/airdcpp/airdcpp-windows/blob/aced97766268af6fc954ebdd106ecd8477b0bd75/leveldb/CMakeLists.txt#L226,# MemEnv is not part of the interface and could be pulled to a separate library.,[],CMake,0,226,226
24460,airdcpp/airdcpp-windows,https://github.com/airdcpp/airdcpp-windows/blob/aced97766268af6fc954ebdd106ecd8477b0bd75/leveldb/CMakeLists.txt#L244,# Used by include/export.h when building shared libraries.,[],CMake,4,244,244
24460,airdcpp/airdcpp-windows,https://github.com/airdcpp/airdcpp-windows/blob/aced97766268af6fc954ebdd106ecd8477b0bd75/leveldb/CMakeLists.txt#L246,# Used by port/port.h.,[],CMake,4,246,246
24460,airdcpp/airdcpp-windows,https://github.com/airdcpp/airdcpp-windows/blob/aced97766268af6fc954ebdd106ecd8477b0bd75/leveldb/CMakeLists.txt#L259,# Used by include/export.h.,[],CMake,6,259,259
24460,airdcpp/airdcpp-windows,https://github.com/airdcpp/airdcpp-windows/blob/aced97766268af6fc954ebdd106ecd8477b0bd75/leveldb/CMakeLists.txt#L280,# Needed by port_stdcxx.h,[],CMake,0,280,280
24460,airdcpp/airdcpp-windows,https://github.com/airdcpp/airdcpp-windows/blob/aced97766268af6fc954ebdd106ecd8477b0bd75/leveldb/CMakeLists.txt#L292,# Prevent overriding the parent project's compiler/linker settings on Windows.,[],CMake,2,292,292
24460,airdcpp/airdcpp-windows,https://github.com/airdcpp/airdcpp-windows/blob/aced97766268af6fc954ebdd106ecd8477b0bd75/leveldb/CMakeLists.txt#L298,# This project is tested using GoogleTest.,[],CMake,2,298,298
24460,airdcpp/airdcpp-windows,https://github.com/airdcpp/airdcpp-windows/blob/aced97766268af6fc954ebdd106ecd8477b0bd75/leveldb/CMakeLists.txt#L301,# This project uses Google benchmark for benchmarking.,[],CMake,2,301,301
24460,airdcpp/airdcpp-windows,https://github.com/airdcpp/airdcpp-windows/blob/aced97766268af6fc954ebdd106ecd8477b0bd75/leveldb/CMakeLists.txt#L306,# GoogleTest triggers a missing field initializers warning.,[],CMake,2,306,306
24460,airdcpp/airdcpp-windows,https://github.com/airdcpp/airdcpp-windows/blob/aced97766268af6fc954ebdd106ecd8477b0bd75/leveldb/CMakeLists.txt#L426,"# check_library_exists is insufficient here because the library names have
# different manglings when compiled with clang or gcc, at least when installed
# with Homebrew on Mac.",[],CMake,2,426,428
