repoIndex,repoName,linkLocation,comment,keywords,buildSysteminFile,charPosition,startLine,endLine
24501,deephealthproject/eddl,https://github.com/deephealthproject/eddl/blob/5ad2a2a8df108c98ab0dd291dc3bfc28527501b7/CMakeLists.txt#L3,"###########################################################################
################################ OPTIONS ##################################
###########################################################################",[],CMake,0,3,5
24501,deephealthproject/eddl,https://github.com/deephealthproject/eddl/blob/5ad2a2a8df108c98ab0dd291dc3bfc28527501b7/CMakeLists.txt#L8,# User options,[],CMake,0,8,8
24501,deephealthproject/eddl,https://github.com/deephealthproject/eddl/blob/5ad2a2a8df108c98ab0dd291dc3bfc28527501b7/CMakeLists.txt#L13,# Disable HPC to pass tests (there are numerical errors),[],CMake,68,13,13
24501,deephealthproject/eddl,https://github.com/deephealthproject/eddl/blob/5ad2a2a8df108c98ab0dd291dc3bfc28527501b7/CMakeLists.txt#L26,"###########################################################################
################################# BUILD ###################################
###########################################################################",[],CMake,0,26,28
24501,deephealthproject/eddl,https://github.com/deephealthproject/eddl/blob/5ad2a2a8df108c98ab0dd291dc3bfc28527501b7/CMakeLists.txt#L32,# Set a default build type if none was specified,[],CMake,0,32,32
24501,deephealthproject/eddl,https://github.com/deephealthproject/eddl/blob/5ad2a2a8df108c98ab0dd291dc3bfc28527501b7/CMakeLists.txt#L34,"#if(EXISTS ""${CMAKE_SOURCE_DIR}/.git"")
#    set(default_build_type ""Debug"")
#endif()",[],CMake,0,34,36
24501,deephealthproject/eddl,https://github.com/deephealthproject/eddl/blob/5ad2a2a8df108c98ab0dd291dc3bfc28527501b7/CMakeLists.txt#L42,# Set the possible values of build type for cmake-gui,[],CMake,4,42,42
24501,deephealthproject/eddl,https://github.com/deephealthproject/eddl/blob/5ad2a2a8df108c98ab0dd291dc3bfc28527501b7/CMakeLists.txt#L47,# Build Dependencies,[],CMake,0,47,47
24501,deephealthproject/eddl,https://github.com/deephealthproject/eddl/blob/5ad2a2a8df108c98ab0dd291dc3bfc28527501b7/CMakeLists.txt#L49,"# This is executed at building time: ""cmake ..""",[],CMake,4,49,49
24501,deephealthproject/eddl,https://github.com/deephealthproject/eddl/blob/5ad2a2a8df108c98ab0dd291dc3bfc28527501b7/CMakeLists.txt#L54,"# This is executed at compilation time: ""make""",[],CMake,0,54,54
24501,deephealthproject/eddl,https://github.com/deephealthproject/eddl/blob/5ad2a2a8df108c98ab0dd291dc3bfc28527501b7/CMakeLists.txt#L58,# SET C++ COMPILER STANDARD,[],CMake,0,58,58
24501,deephealthproject/eddl,https://github.com/deephealthproject/eddl/blob/5ad2a2a8df108c98ab0dd291dc3bfc28527501b7/CMakeLists.txt#L62,# Place binaries and libraries according to GNU standards,[],CMake,0,62,62
24501,deephealthproject/eddl,https://github.com/deephealthproject/eddl/blob/5ad2a2a8df108c98ab0dd291dc3bfc28527501b7/CMakeLists.txt#L68,# Disable in-source builds to prevent source tree corruption.,[],CMake,0,68,68
24501,deephealthproject/eddl,https://github.com/deephealthproject/eddl/blob/5ad2a2a8df108c98ab0dd291dc3bfc28527501b7/CMakeLists.txt#L73,# Flags: Global,[],CMake,0,73,73
24501,deephealthproject/eddl,https://github.com/deephealthproject/eddl/blob/5ad2a2a8df108c98ab0dd291dc3bfc28527501b7/CMakeLists.txt#L79,"# Flags: Optimization
# READ THIS: https://wiki.gentoo.org/wiki/GCC_optimization",[],CMake,4,79,80
24501,deephealthproject/eddl,https://github.com/deephealthproject/eddl/blob/5ad2a2a8df108c98ab0dd291dc3bfc28527501b7/CMakeLists.txt#L82,"#set(CMAKE_CXX_FLAGS ""${CMAKE_CXX_FLAGS}"")",[],CMake,4,82,82
24501,deephealthproject/eddl,https://github.com/deephealthproject/eddl/blob/5ad2a2a8df108c98ab0dd291dc3bfc28527501b7/CMakeLists.txt#L86,"# Flags: Sanitizers
# For the visualized output to be available, switch to Clang at least 3.8.0 or GCC at least 5.0.0",[],CMake,4,86,87
24501,deephealthproject/eddl,https://github.com/deephealthproject/eddl/blob/5ad2a2a8df108c98ab0dd291dc3bfc28527501b7/CMakeLists.txt#L91,#For more info: https://www.jetbrains.com/help/clion/google-sanitizers.html,[],CMake,8,91,91
24501,deephealthproject/eddl,https://github.com/deephealthproject/eddl/blob/5ad2a2a8df108c98ab0dd291dc3bfc28527501b7/CMakeLists.txt#L92,"# address, leak, thread, undefined, memory",[],CMake,94,92,92
24501,deephealthproject/eddl,https://github.com/deephealthproject/eddl/blob/5ad2a2a8df108c98ab0dd291dc3bfc28527501b7/CMakeLists.txt#L93,"# address, leak, thread, undefined, memory",[],CMake,78,93,93
24501,deephealthproject/eddl,https://github.com/deephealthproject/eddl/blob/5ad2a2a8df108c98ab0dd291dc3bfc28527501b7/CMakeLists.txt#L96,"# Code coverage
# Read: https://www.jetbrains.com/help/clion/code-coverage-clion.html",[],CMake,4,96,97
24501,deephealthproject/eddl,https://github.com/deephealthproject/eddl/blob/5ad2a2a8df108c98ab0dd291dc3bfc28527501b7/CMakeLists.txt#L101,# Apply coverage flags,[],CMake,8,101,101
24501,deephealthproject/eddl,https://github.com/deephealthproject/eddl/blob/5ad2a2a8df108c98ab0dd291dc3bfc28527501b7/CMakeLists.txt#L115,"###########################################################################
############################### WINDOWS ###################################
###########################################################################",[],CMake,0,115,117
24501,deephealthproject/eddl,https://github.com/deephealthproject/eddl/blob/5ad2a2a8df108c98ab0dd291dc3bfc28527501b7/CMakeLists.txt#L119,# Windows,[],CMake,0,119,119
24501,deephealthproject/eddl,https://github.com/deephealthproject/eddl/blob/5ad2a2a8df108c98ab0dd291dc3bfc28527501b7/CMakeLists.txt#L122,# Disable min/max macros in windef.h,[],CMake,21,122,122
24501,deephealthproject/eddl,https://github.com/deephealthproject/eddl/blob/5ad2a2a8df108c98ab0dd291dc3bfc28527501b7/CMakeLists.txt#L123,# Eliminate deprecation warnings less secure functions,[],CMake,36,123,123
24501,deephealthproject/eddl,https://github.com/deephealthproject/eddl/blob/5ad2a2a8df108c98ab0dd291dc3bfc28527501b7/CMakeLists.txt#L125,# Microsoft Visual C++,[],CMake,4,125,125
24501,deephealthproject/eddl,https://github.com/deephealthproject/eddl/blob/5ad2a2a8df108c98ab0dd291dc3bfc28527501b7/CMakeLists.txt#L127,# Display level 1 (severe) warnings,[],CMake,74,127,127
24501,deephealthproject/eddl,https://github.com/deephealthproject/eddl/blob/5ad2a2a8df108c98ab0dd291dc3bfc28527501b7/CMakeLists.txt#L128,# Enable parallel compilation,[],CMake,74,128,128
24501,deephealthproject/eddl,https://github.com/deephealthproject/eddl/blob/5ad2a2a8df108c98ab0dd291dc3bfc28527501b7/CMakeLists.txt#L133,"###########################################################################
############################## PACKAGES ###################################
###########################################################################",[],CMake,0,133,135
24501,deephealthproject/eddl,https://github.com/deephealthproject/eddl/blob/5ad2a2a8df108c98ab0dd291dc3bfc28527501b7/CMakeLists.txt#L137,# Build library,[],CMake,0,137,137
24501,deephealthproject/eddl,https://github.com/deephealthproject/eddl/blob/5ad2a2a8df108c98ab0dd291dc3bfc28527501b7/CMakeLists.txt#L140,# Build tests,[],CMake,0,140,140
24501,deephealthproject/eddl,https://github.com/deephealthproject/eddl/blob/5ad2a2a8df108c98ab0dd291dc3bfc28527501b7/CMakeLists.txt#L145,# Build examples,[],CMake,0,145,145
24501,deephealthproject/eddl,https://github.com/deephealthproject/eddl/blob/5ad2a2a8df108c98ab0dd291dc3bfc28527501b7/CMakeLists.txt#L150,# Build runtime,[],CMake,0,150,150
24501,deephealthproject/eddl,https://github.com/deephealthproject/eddl/blob/5ad2a2a8df108c98ab0dd291dc3bfc28527501b7/CMakeLists.txt#L156,"###########################################################################
########################## INSTALLATION ###################################
###########################################################################",[],CMake,0,156,158
24501,deephealthproject/eddl,https://github.com/deephealthproject/eddl/blob/5ad2a2a8df108c98ab0dd291dc3bfc28527501b7/CMakeLists.txt#L160,# Install,[],CMake,0,160,160
24501,deephealthproject/eddl,https://github.com/deephealthproject/eddl/blob/5ad2a2a8df108c98ab0dd291dc3bfc28527501b7/CMakeLists.txt#L183,"###########################################################################
############################### WARNINGS ##################################
###########################################################################",[],CMake,0,183,185
24501,deephealthproject/eddl,https://github.com/deephealthproject/eddl/blob/5ad2a2a8df108c98ab0dd291dc3bfc28527501b7/CMakeLists.txt#L187,# Issues with HPC and logic functions,[],CMake,0,187,187
24501,deephealthproject/eddl,https://github.com/deephealthproject/eddl/blob/5ad2a2a8df108c98ab0dd291dc3bfc28527501b7/CMakeLists.txt#L193,# Issues with HPC and logic functions,[],CMake,0,193,193
24501,deephealthproject/eddl,https://github.com/deephealthproject/eddl/blob/5ad2a2a8df108c98ab0dd291dc3bfc28527501b7/cmake/CMakeLists.txt#L1,#cmake_minimum_required(VERSION 3.9.2),[],CMake,0,1,1
24501,deephealthproject/eddl,https://github.com/deephealthproject/eddl/blob/5ad2a2a8df108c98ab0dd291dc3bfc28527501b7/cmake/CMakeLists.txt#L5,# Suppress warning for zlib_ROOT variable,[],CMake,31,5,5
24501,deephealthproject/eddl,https://github.com/deephealthproject/eddl/blob/5ad2a2a8df108c98ab0dd291dc3bfc28527501b7/cmake/CMakeLists.txt#L12,# Set parallelization,[],CMake,0,12,12
24501,deephealthproject/eddl,https://github.com/deephealthproject/eddl/blob/5ad2a2a8df108c98ab0dd291dc3bfc28527501b7/cmake/CMakeLists.txt#L20,# For development (ignore),[],CMake,0,20,20
24501,deephealthproject/eddl,https://github.com/deephealthproject/eddl/blob/5ad2a2a8df108c98ab0dd291dc3bfc28527501b7/cmake/CMakeLists.txt#L26,"#if(WIN32)
#    option(USE_SYSTEM_PTHREADS ""Use system dependency"" OFF)
#endif()",[],CMake,0,26,28
24501,deephealthproject/eddl,https://github.com/deephealthproject/eddl/blob/5ad2a2a8df108c98ab0dd291dc3bfc28527501b7/cmake/CMakeLists.txt#L30,# Set variables,[],CMake,0,30,30
24501,deephealthproject/eddl,https://github.com/deephealthproject/eddl/blob/5ad2a2a8df108c98ab0dd291dc3bfc28527501b7/cmake/CMakeLists.txt#L33,# Collect args,[],CMake,0,33,33
24501,deephealthproject/eddl,https://github.com/deephealthproject/eddl/blob/5ad2a2a8df108c98ab0dd291dc3bfc28527501b7/cmake/CMakeLists.txt#L38,"# message(""${var} = [${${var}}]  --  ${currentHelpString}"") # uncomment to see the variables being processed",[],CMake,8,38,38
24501,deephealthproject/eddl,https://github.com/deephealthproject/eddl/blob/5ad2a2a8df108c98ab0dd291dc3bfc28527501b7/cmake/CMakeLists.txt#L43,"#################################################################################
#################################################################################",[],CMake,0,43,44
24501,deephealthproject/eddl,https://github.com/deephealthproject/eddl/blob/5ad2a2a8df108c98ab0dd291dc3bfc28527501b7/cmake/CMakeLists.txt#L70,"# Build debug and release for multi-configuration generator
# this also installs libraries with ""d"" suffix",[],CMake,4,70,71
24501,deephealthproject/eddl,https://github.com/deephealthproject/eddl/blob/5ad2a2a8df108c98ab0dd291dc3bfc28527501b7/cmake/CMakeLists.txt#L77,"#############
##  GTEST  ##
#############",[],CMake,0,77,79
24501,deephealthproject/eddl,https://github.com/deephealthproject/eddl/blob/5ad2a2a8df108c98ab0dd291dc3bfc28527501b7/cmake/CMakeLists.txt#L84,# Download and unpack googletest at configure time,[],CMake,4,84,84
24501,deephealthproject/eddl,https://github.com/deephealthproject/eddl/blob/5ad2a2a8df108c98ab0dd291dc3bfc28527501b7/cmake/CMakeLists.txt#L90,# Set variables,[],CMake,4,90,90
24501,deephealthproject/eddl,https://github.com/deephealthproject/eddl/blob/5ad2a2a8df108c98ab0dd291dc3bfc28527501b7/cmake/CMakeLists.txt#L97,"##############
###  EIGEN  ##
##############",[],CMake,0,97,99
24501,deephealthproject/eddl,https://github.com/deephealthproject/eddl/blob/5ad2a2a8df108c98ab0dd291dc3bfc28527501b7/cmake/CMakeLists.txt#L107,# Set variables,[],CMake,4,107,107
24501,deephealthproject/eddl,https://github.com/deephealthproject/eddl/blob/5ad2a2a8df108c98ab0dd291dc3bfc28527501b7/cmake/CMakeLists.txt#L113,"################
##  PROTOBUF  ##
################",[],CMake,0,113,115
24501,deephealthproject/eddl,https://github.com/deephealthproject/eddl/blob/5ad2a2a8df108c98ab0dd291dc3bfc28527501b7/cmake/CMakeLists.txt#L119,# Download and unpack protobuf at configure time,[],CMake,4,119,119
24501,deephealthproject/eddl,https://github.com/deephealthproject/eddl/blob/5ad2a2a8df108c98ab0dd291dc3bfc28527501b7/cmake/CMakeLists.txt#L128,# Always static when superbuild is enabled,[],CMake,50,128,128
24501,deephealthproject/eddl,https://github.com/deephealthproject/eddl/blob/5ad2a2a8df108c98ab0dd291dc3bfc28527501b7/cmake/CMakeLists.txt#L136,# Only for distributed versions,[],CMake,0,136,136
24501,deephealthproject/eddl,https://github.com/deephealthproject/eddl/blob/5ad2a2a8df108c98ab0dd291dc3bfc28527501b7/cmake/CMakeLists.txt#L139,"############
##  ZLIB  ##
############",[],CMake,4,139,141
24501,deephealthproject/eddl,https://github.com/deephealthproject/eddl/blob/5ad2a2a8df108c98ab0dd291dc3bfc28527501b7/cmake/CMakeLists.txt#L146,# Download and unpack ZLIB at configure time,[],CMake,8,146,146
24501,deephealthproject/eddl,https://github.com/deephealthproject/eddl/blob/5ad2a2a8df108c98ab0dd291dc3bfc28527501b7/cmake/CMakeLists.txt#L151,# Set variables,[],CMake,8,151,151
24501,deephealthproject/eddl,https://github.com/deephealthproject/eddl/blob/5ad2a2a8df108c98ab0dd291dc3bfc28527501b7/cmake/CMakeLists.txt#L158,"###############
##  OPENSSL  ##
###############",[],CMake,4,158,160
24501,deephealthproject/eddl,https://github.com/deephealthproject/eddl/blob/5ad2a2a8df108c98ab0dd291dc3bfc28527501b7/cmake/CMakeLists.txt#L165,# Download and unpack ZLIB at configure time,[],CMake,8,165,165
24501,deephealthproject/eddl,https://github.com/deephealthproject/eddl/blob/5ad2a2a8df108c98ab0dd291dc3bfc28527501b7/cmake/CMakeLists.txt#L170,# Set variables,[],CMake,8,170,170
24501,deephealthproject/eddl,https://github.com/deephealthproject/eddl/blob/5ad2a2a8df108c98ab0dd291dc3bfc28527501b7/cmake/CMakeLists.txt#L178,"##################
##  PTHREADS4W  ##
##################
#if(WIN32)
#    if(USE_SYSTEM_PTHREADS)
#        set(PTHREADS_INSTALL_PATH ""$ENV{PTHREADS_ROOT}"" CACHE PATH ""Path to the installation of Pthreads under Windows (PTHREADS_ROOT env variable)"" PARENT_SCOPE)
#    else()
#        # Download and unpack pthreads4w at configure time
#        CONF_PACKAGE(pthreads4w ${CMAKE_BUILD_TYPE} @ONLY)
#        BUILD_PACKAGE(pthreads4w ${CMAKE_BUILD_TYPE})
#
#        set(PTHREADS_INSTALL_PATH ""${EP_BASE_DIR}/PTHREADS-BUILT"" PARENT_SCOPE)
#    endif()
#endif()",[],CMake,0,178,191
24501,deephealthproject/eddl,https://github.com/deephealthproject/eddl/blob/5ad2a2a8df108c98ab0dd291dc3bfc28527501b7/cmake/CMakeLists.txt#L193,"###############
#####  EDDL  ##
###############
#ExternalProject_Add(eddl
#        PREFIX eddl
#        DEPENDS ${EDDL_DEPENDENCIES}
#        SOURCE_DIR ""${PROJECT_SOURCE_DIR}""
#        BINARY_DIR ""${CMAKE_CURRENT_BINARY_DIR}/eddl""
#        INSTALL_COMMAND """"
#        CMAKE_ARGS ${CL_ARGS}  # Overrides CMAKE_CACHE_ARGS when an argument is duplicated
#        CMAKE_CACHE_ARGS
#            -DUSE_SUPERBUILD:BOOL=OFF
#            -DUSE_SYSTEM_EIGEN:BOOL=${USE_SYSTEM_EIGEN}
#            -DUSE_SYSTEM_GTEST:BOOL=${USE_SYSTEM_GTEST}
#            -DUSE_SYSTEM_ZLIB:BOOL=${USE_SYSTEM_ZLIB}
#            -DUSE_SYSTEM_PROTOBUF:BOOL=${USE_SYSTEM_PROTOBUF}
#
#            -DEigen3_DIR:PATH=${Eigen3_DIR}
#
#            -DGTEST_ROOT:PATH=${GTEST_ROOT}  # Special
#
#            -DZLIB_ROOT:PATH=${ZLIB_ROOT}  # Problems
#            -DZLIB_INCLUDE_DIRS:PATH=${ZLIB_INCLUDE_DIRS}
#            -DZLIB_LIBRARIES:PATH=${ZLIB_LIBRARIES}
#            -DZLIB_LIBRARIES_DIRS:PATH=${ZLIB_LIBRARIES_DIRS}
#
#            -DProtobuf_ROOT:PATH=${Protobuf_ROOT}  # Problems
#            -DProtobuf_INCLUDE_DIRS:PATH=${Protobuf_INCLUDE_DIRS}
#            -DProtobuf_LIBRARIES:PATH=${Protobuf_LIBRARIES}
#            -DProtobuf_LIBRARIES_DIRS:PATH=${Protobuf_LIBRARIES_DIRS}
#            -DProtobuf_PROTOC_EXECUTABLE:PATH=${Protobuf_PROTOC_EXECUTABLE}
#        )",[],CMake,0,193,224
24501,deephealthproject/eddl,https://github.com/deephealthproject/eddl/blob/5ad2a2a8df108c98ab0dd291dc3bfc28527501b7/cmake/CMakeLists.txt#L227,"## SHOW OPTIONS
#message(STATUS ""==========================================="" )
#message(STATUS ""==========================================="" )
#message(STATUS ""Cores used: "" ${NUM_PARALLEL} )
#message(STATUS ""Args used: "" ${CL_ARGS} )
#message(STATUS ""-------------------------------------------"" )
#message(STATUS ""Use system GTest: "" ${USE_SYSTEM_GTEST} )
#message(STATUS ""GTests root: "" ${GTEST_ROOT})
#message(STATUS ""-------------------------------------------"" )
#message(STATUS ""Use system Eigen: "" ${USE_SYSTEM_EIGEN} )
#message(STATUS ""Eigen dir: "" ${Eigen3_DIR})
#message(STATUS ""-------------------------------------------"" )
#message(STATUS ""Use system Zlib: "" ${USE_SYSTEM_ZLIB} )
#message(STATUS ""Zlib root: "" ${ZLIB_ROOT})
#message(STATUS ""Zlib include dirs: "" ${ZLIB_INCLUDE_DIRS})
#message(STATUS ""Zlib libraries dirs: "" ${ZLIB_LIBRARIES_DIRS})
#message(STATUS ""Zlib libraries: "" ${ZLIB_LIBRARIES})
#message(STATUS ""-------------------------------------------"" )
#message(STATUS ""Use system Protobuf: "" ${USE_SYSTEM_PROTOBUF} )
#message(STATUS ""Protobuf dir: "" ${Protobuf_ROOT})
#message(STATUS ""Protobuf include dirs: "" ${Protobuf_INCLUDE_DIRS})
#message(STATUS ""Protobuf libraries dirs: "" ${Protobuf_LIBRARIES_DIRS})
#message(STATUS ""Protobuf libraries: "" ${Protobuf_LIBRARIES})
#message(STATUS ""Protobuf compiler: "" ${Protobuf_PROTOC_EXECUTABLE})
#message(STATUS ""==========================================="" )
#message(STATUS ""==========================================="" )",[],CMake,0,227,252
24501,deephealthproject/eddl,https://github.com/deephealthproject/eddl/blob/5ad2a2a8df108c98ab0dd291dc3bfc28527501b7/examples/CMakeLists.txt#L6,# EXAMPLES: MNIST ****************************************************,[],CMake,0,6,6
24501,deephealthproject/eddl,https://github.com/deephealthproject/eddl/blob/5ad2a2a8df108c98ab0dd291dc3bfc28527501b7/examples/CMakeLists.txt#L47,# EXAMPLES: CIFAR10 ****************************************************,[],CMake,0,47,47
24501,deephealthproject/eddl,https://github.com/deephealthproject/eddl/blob/5ad2a2a8df108c98ab0dd291dc3bfc28527501b7/examples/CMakeLists.txt#L76,# EXAMPLES: Drive segmentation ****************************************************,[],CMake,0,76,76
24501,deephealthproject/eddl,https://github.com/deephealthproject/eddl/blob/5ad2a2a8df108c98ab0dd291dc3bfc28527501b7/examples/CMakeLists.txt#L81,# EXAMPLES: NLP ****************************************************,[],CMake,0,81,81
24501,deephealthproject/eddl,https://github.com/deephealthproject/eddl/blob/5ad2a2a8df108c98ab0dd291dc3bfc28527501b7/examples/CMakeLists.txt#L101,# EXAMPLES: SYNTHETIC IMAGENET ****************************************************,[],CMake,0,101,101
24501,deephealthproject/eddl,https://github.com/deephealthproject/eddl/blob/5ad2a2a8df108c98ab0dd291dc3bfc28527501b7/examples/CMakeLists.txt#L109,# EXAMPLES: Tensor ****************************************************,[],CMake,0,109,109
24501,deephealthproject/eddl,https://github.com/deephealthproject/eddl/blob/5ad2a2a8df108c98ab0dd291dc3bfc28527501b7/examples/CMakeLists.txt#L122,# EXAMPLES: FPGA ******************************************************,[],CMake,0,122,122
24501,deephealthproject/eddl,https://github.com/deephealthproject/eddl/blob/5ad2a2a8df108c98ab0dd291dc3bfc28527501b7/examples/CMakeLists.txt#L133,# EXAMPLES: APPLICATIONS *************************************************************,[],CMake,1,133,133
24501,deephealthproject/eddl,https://github.com/deephealthproject/eddl/blob/5ad2a2a8df108c98ab0dd291dc3bfc28527501b7/examples/CMakeLists.txt#L141,# EXAMPLES: RAW ONNX **************************************************************,[],CMake,1,141,141
24501,deephealthproject/eddl,https://github.com/deephealthproject/eddl/blob/5ad2a2a8df108c98ab0dd291dc3bfc28527501b7/examples/CMakeLists.txt#L167,# EXAMPLES: ONNX MNIST ****************************************************,[],CMake,1,167,167
24501,deephealthproject/eddl,https://github.com/deephealthproject/eddl/blob/5ad2a2a8df108c98ab0dd291dc3bfc28527501b7/examples/CMakeLists.txt#L209,# EXAMPLES: ONNX CIFAR10 ****************************************************,[],CMake,1,209,209
24501,deephealthproject/eddl,https://github.com/deephealthproject/eddl/blob/5ad2a2a8df108c98ab0dd291dc3bfc28527501b7/examples/CMakeLists.txt#L235,# EXAMPLES: Drive segmentation ****************************************************,[],CMake,1,235,235
24501,deephealthproject/eddl,https://github.com/deephealthproject/eddl/blob/5ad2a2a8df108c98ab0dd291dc3bfc28527501b7/examples/CMakeLists.txt#L240,# EXAMPLES: ONNX NLP ****************************************************,[],CMake,1,240,240
24501,deephealthproject/eddl,https://github.com/deephealthproject/eddl/blob/5ad2a2a8df108c98ab0dd291dc3bfc28527501b7/examples/CMakeLists.txt#L251,# TEST INTERNALS 1 ****************************************************,[],CMake,1,251,251
24501,deephealthproject/eddl,https://github.com/deephealthproject/eddl/blob/5ad2a2a8df108c98ab0dd291dc3bfc28527501b7/examples/CMakeLists.txt#L316,# TEST INTERNALS 2 ****************************************************,[],CMake,0,316,316
24501,deephealthproject/eddl,https://github.com/deephealthproject/eddl/blob/5ad2a2a8df108c98ab0dd291dc3bfc28527501b7/runtime/CMakeLists.txt#L6,# RUNTIME EXECUTABLES FOR AD HOC DISTRIBUTED VERSION: REQUIRES ONNX,[],CMake,0,6,6
24501,deephealthproject/eddl,https://github.com/deephealthproject/eddl/blob/5ad2a2a8df108c98ab0dd291dc3bfc28527501b7/src/CMakeLists.txt#L1,"##########################################################################
################################ OPTIONS ##################################
###########################################################################",[],CMake,0,1,3
24501,deephealthproject/eddl,https://github.com/deephealthproject/eddl/blob/5ad2a2a8df108c98ab0dd291dc3bfc28527501b7/src/CMakeLists.txt#L5,"# USER OPTIONS *******************************
#CUDNN option is CUDA+CUDNN",[],CMake,0,5,6
24501,deephealthproject/eddl,https://github.com/deephealthproject/eddl/blob/5ad2a2a8df108c98ab0dd291dc3bfc28527501b7/src/CMakeLists.txt#L8,"#option(OVERWRITE_PROTO_FILES ""Overwrite Protobuf files (requires a compatible Protobuf compiler)"" ON)",[],CMake,0,8,8
24501,deephealthproject/eddl,https://github.com/deephealthproject/eddl/blob/5ad2a2a8df108c98ab0dd291dc3bfc28527501b7/src/CMakeLists.txt#L10,# Double checks (restricted args),[],CMake,0,10,10
24501,deephealthproject/eddl,https://github.com/deephealthproject/eddl/blob/5ad2a2a8df108c98ab0dd291dc3bfc28527501b7/src/CMakeLists.txt#L13,# Initializations (Local's scope),[],CMake,0,13,13
24501,deephealthproject/eddl,https://github.com/deephealthproject/eddl/blob/5ad2a2a8df108c98ab0dd291dc3bfc28527501b7/src/CMakeLists.txt#L20,# Device specific setup,[],CMake,0,20,20
24501,deephealthproject/eddl,https://github.com/deephealthproject/eddl/blob/5ad2a2a8df108c98ab0dd291dc3bfc28527501b7/src/CMakeLists.txt#L21,"# Detect cpu, Cpu, CPU,...",[],CMake,46,21,21
24501,deephealthproject/eddl,https://github.com/deephealthproject/eddl/blob/5ad2a2a8df108c98ab0dd291dc3bfc28527501b7/src/CMakeLists.txt#L24,# Local's scope,[],CMake,21,24,24
24501,deephealthproject/eddl,https://github.com/deephealthproject/eddl/blob/5ad2a2a8df108c98ab0dd291dc3bfc28527501b7/src/CMakeLists.txt#L26,# Local's scope,[],CMake,21,26,26
24501,deephealthproject/eddl,https://github.com/deephealthproject/eddl/blob/5ad2a2a8df108c98ab0dd291dc3bfc28527501b7/src/CMakeLists.txt#L27,# Local's scope,[],CMake,22,27,27
24501,deephealthproject/eddl,https://github.com/deephealthproject/eddl/blob/5ad2a2a8df108c98ab0dd291dc3bfc28527501b7/src/CMakeLists.txt#L29,# Local's scope,[],CMake,21,29,29
24501,deephealthproject/eddl,https://github.com/deephealthproject/eddl/blob/5ad2a2a8df108c98ab0dd291dc3bfc28527501b7/src/CMakeLists.txt#L34,# Force default build type to Release,[],CMake,0,34,34
24501,deephealthproject/eddl,https://github.com/deephealthproject/eddl/blob/5ad2a2a8df108c98ab0dd291dc3bfc28527501b7/src/CMakeLists.txt#L38,"###########################################################################
############################### SANITY CHECKS #############################
###########################################################################",[],CMake,0,38,40
24501,deephealthproject/eddl,https://github.com/deephealthproject/eddl/blob/5ad2a2a8df108c98ab0dd291dc3bfc28527501b7/src/CMakeLists.txt#L42,"# Prefer static libraries
# There are problems since not all static libraries have been compile with -fPIC
#IF(WIN32)
#    SET(CMAKE_FIND_LIBRARY_SUFFIXES .lib .a ${CMAKE_FIND_LIBRARY_SUFFIXES})
#ELSE(WIN32)
#    SET(CMAKE_FIND_LIBRARY_SUFFIXES .a ${CMAKE_FIND_LIBRARY_SUFFIXES})
#ENDIF(WIN32)",[],CMake,0,42,48
24501,deephealthproject/eddl,https://github.com/deephealthproject/eddl/blob/5ad2a2a8df108c98ab0dd291dc3bfc28527501b7/src/CMakeLists.txt#L50,"###########################################################################
############################### GET FILES #################################
###########################################################################",[],CMake,0,50,52
24501,deephealthproject/eddl,https://github.com/deephealthproject/eddl/blob/5ad2a2a8df108c98ab0dd291dc3bfc28527501b7/src/CMakeLists.txt#L54,# C++ files,[],CMake,0,54,54
24501,deephealthproject/eddl,https://github.com/deephealthproject/eddl/blob/5ad2a2a8df108c98ab0dd291dc3bfc28527501b7/src/CMakeLists.txt#L59,# Remove dependent files of protobuf,[],CMake,0,59,59
24501,deephealthproject/eddl,https://github.com/deephealthproject/eddl/blob/5ad2a2a8df108c98ab0dd291dc3bfc28527501b7/src/CMakeLists.txt#L64,# Remove problematic files if they are not needed,[],CMake,0,64,64
24501,deephealthproject/eddl,https://github.com/deephealthproject/eddl/blob/5ad2a2a8df108c98ab0dd291dc3bfc28527501b7/src/CMakeLists.txt#L73,"# Setup-dependent  files (dependent on the setup)  ########################
# ONNX (these files might not exist yet)",[],CMake,0,73,74
24501,deephealthproject/eddl,https://github.com/deephealthproject/eddl/blob/5ad2a2a8df108c98ab0dd291dc3bfc28527501b7/src/CMakeLists.txt#L78,# CUDA & CUDNN,[],CMake,0,78,78
24501,deephealthproject/eddl,https://github.com/deephealthproject/eddl/blob/5ad2a2a8df108c98ab0dd291dc3bfc28527501b7/src/CMakeLists.txt#L82,# FPGA,[],CMake,0,82,82
24501,deephealthproject/eddl,https://github.com/deephealthproject/eddl/blob/5ad2a2a8df108c98ab0dd291dc3bfc28527501b7/src/CMakeLists.txt#L86,# Remove setup-dependent files (later we'll add the ones we need),[],CMake,0,86,86
24501,deephealthproject/eddl,https://github.com/deephealthproject/eddl/blob/5ad2a2a8df108c98ab0dd291dc3bfc28527501b7/src/CMakeLists.txt#L93,"###########################################################################
############################# SET LIBRARY #################################
###########################################################################",[],CMake,0,93,95
24501,deephealthproject/eddl,https://github.com/deephealthproject/eddl/blob/5ad2a2a8df108c98ab0dd291dc3bfc28527501b7/src/CMakeLists.txt#L97,# Make an automatic library - will be static or dynamic based on user setting,[],CMake,0,97,97
24501,deephealthproject/eddl,https://github.com/deephealthproject/eddl/blob/5ad2a2a8df108c98ab0dd291dc3bfc28527501b7/src/CMakeLists.txt#L100,"# We need this directory, and users of our library will need it too",[],CMake,0,100,100
24501,deephealthproject/eddl,https://github.com/deephealthproject/eddl/blob/5ad2a2a8df108c98ab0dd291dc3bfc28527501b7/src/CMakeLists.txt#L109,# All users of this library will need at least C++11,[],CMake,0,109,109
24501,deephealthproject/eddl,https://github.com/deephealthproject/eddl/blob/5ad2a2a8df108c98ab0dd291dc3bfc28527501b7/src/CMakeLists.txt#L112,"# IDEs should put the headers in a nice place
#source_group(TREE ""${PROJECT_SOURCE_DIR}/include"" PREFIX ""Header Files"" FILES ${CPP_HEADERS})",[],CMake,0,112,113
24501,deephealthproject/eddl,https://github.com/deephealthproject/eddl/blob/5ad2a2a8df108c98ab0dd291dc3bfc28527501b7/src/CMakeLists.txt#L116,"# Install the debug library with ""d"" suffix",[],CMake,4,116,116
24501,deephealthproject/eddl,https://github.com/deephealthproject/eddl/blob/5ad2a2a8df108c98ab0dd291dc3bfc28527501b7/src/CMakeLists.txt#L121,"###########################################################################
########################## COMPILE FOR RISK-V #############################
###########################################################################",[],CMake,0,121,123
24501,deephealthproject/eddl,https://github.com/deephealthproject/eddl/blob/5ad2a2a8df108c98ab0dd291dc3bfc28527501b7/src/CMakeLists.txt#L130,"###########################################################################
########################### LINK LIBRARIES ################################
###########################################################################",[],CMake,0,130,132
24501,deephealthproject/eddl,https://github.com/deephealthproject/eddl/blob/5ad2a2a8df108c98ab0dd291dc3bfc28527501b7/src/CMakeLists.txt#L134,# Eigen ***************************************,[],CMake,0,134,134
24501,deephealthproject/eddl,https://github.com/deephealthproject/eddl/blob/5ad2a2a8df108c98ab0dd291dc3bfc28527501b7/src/CMakeLists.txt#L135,# EIGEN_DIR => ok,[],CMake,45,135,135
24501,deephealthproject/eddl,https://github.com/deephealthproject/eddl/blob/5ad2a2a8df108c98ab0dd291dc3bfc28527501b7/src/CMakeLists.txt#L137,# Header only library,[],CMake,61,137,137
24501,deephealthproject/eddl,https://github.com/deephealthproject/eddl/blob/5ad2a2a8df108c98ab0dd291dc3bfc28527501b7/src/CMakeLists.txt#L139,# Protobuf ***************************************,[],CMake,0,139,139
24501,deephealthproject/eddl,https://github.com/deephealthproject/eddl/blob/5ad2a2a8df108c98ab0dd291dc3bfc28527501b7/src/CMakeLists.txt#L142,# Link library,[],CMake,4,142,142
24501,deephealthproject/eddl,https://github.com/deephealthproject/eddl/blob/5ad2a2a8df108c98ab0dd291dc3bfc28527501b7/src/CMakeLists.txt#L144,# Find libraries (need absolute paths),[],CMake,8,144,144
24501,deephealthproject/eddl,https://github.com/deephealthproject/eddl/blob/5ad2a2a8df108c98ab0dd291dc3bfc28527501b7/src/CMakeLists.txt#L149,# Problems with: Protobuf_ROOT,[],CMake,32,149,149
24501,deephealthproject/eddl,https://github.com/deephealthproject/eddl/blob/5ad2a2a8df108c98ab0dd291dc3bfc28527501b7/src/CMakeLists.txt#L152,# Check if Protobuf was really found,[],CMake,4,152,152
24501,deephealthproject/eddl,https://github.com/deephealthproject/eddl/blob/5ad2a2a8df108c98ab0dd291dc3bfc28527501b7/src/CMakeLists.txt#L154,# Add extra files,[],CMake,8,154,154
24501,deephealthproject/eddl,https://github.com/deephealthproject/eddl/blob/5ad2a2a8df108c98ab0dd291dc3bfc28527501b7/src/CMakeLists.txt#L157,# Add includes,[],CMake,8,157,157
24501,deephealthproject/eddl,https://github.com/deephealthproject/eddl/blob/5ad2a2a8df108c98ab0dd291dc3bfc28527501b7/src/CMakeLists.txt#L161,"# libprotobuf as shared lib requires PROTOBUF_USE_DLLS definition for MSVC :(
# Because of https://github.com/protocolbuffers/protobuf/issues/2502#issuecomment-412868718
# libprotobuf conda package is dynamically linked",[],CMake,12,161,163
24501,deephealthproject/eddl,https://github.com/deephealthproject/eddl/blob/5ad2a2a8df108c98ab0dd291dc3bfc28527501b7/src/CMakeLists.txt#L167,# Add libraries,[],CMake,8,167,167
24501,deephealthproject/eddl,https://github.com/deephealthproject/eddl/blob/5ad2a2a8df108c98ab0dd291dc3bfc28527501b7/src/CMakeLists.txt#L174,"# Create ""onnx.pb.cc"" and ""onnx.pb.h"" files (from serialization/onnx)
# Equivalent to: /usr/local/bin/protoc --cpp_out . onnx.proto
#if(OVERWRITE_PROTO_FILES)
#    EXEC_PROGRAM(${Protobuf_PROTOC_EXECUTABLE} ARGS --cpp_out ${PROJECT_SOURCE_DIR}/src/serialization/onnx/ --proto_path ${PROJECT_SOURCE_DIR}/src/serialization/onnx/ onnx.proto )
#endif()",[],CMake,8,174,178
24501,deephealthproject/eddl,https://github.com/deephealthproject/eddl/blob/5ad2a2a8df108c98ab0dd291dc3bfc28527501b7/src/CMakeLists.txt#L186,# Parent's scope,[],CMake,48,186,186
24501,deephealthproject/eddl,https://github.com/deephealthproject/eddl/blob/5ad2a2a8df108c98ab0dd291dc3bfc28527501b7/src/CMakeLists.txt#L189,# OpenMP ***************************************,[],CMake,0,189,189
24501,deephealthproject/eddl,https://github.com/deephealthproject/eddl/blob/5ad2a2a8df108c98ab0dd291dc3bfc28527501b7/src/CMakeLists.txt#L191,# find_package does not support Clang on Windows,[],CMake,4,191,191
24501,deephealthproject/eddl,https://github.com/deephealthproject/eddl/blob/5ad2a2a8df108c98ab0dd291dc3bfc28527501b7/src/CMakeLists.txt#L196,# Tell CMake where to find the OpenMP libraries.,[],CMake,8,196,196
24501,deephealthproject/eddl,https://github.com/deephealthproject/eddl/blob/5ad2a2a8df108c98ab0dd291dc3bfc28527501b7/src/CMakeLists.txt#L199,"# ""The command will apply only to targets created after it is called.""",[],CMake,77,199,199
24501,deephealthproject/eddl,https://github.com/deephealthproject/eddl/blob/5ad2a2a8df108c98ab0dd291dc3bfc28527501b7/src/CMakeLists.txt#L202,"#        find_library(OMP_LIBRARY libomp)
#        find_library(OMP5MD_LIBRARY libiomp5md)
#        target_link_libraries(${PROJECT_NAME} PUBLIC ${OMP_LIBRARY} ${OMP5MD_LIBRARY})",[],CMake,0,202,204
24501,deephealthproject/eddl,https://github.com/deephealthproject/eddl/blob/5ad2a2a8df108c98ab0dd291dc3bfc28527501b7/src/CMakeLists.txt#L209,"# OpenMP added through a flag (OpenMP_CXX_FLAGS==""-fopenmp"")",[],CMake,12,209,209
24501,deephealthproject/eddl,https://github.com/deephealthproject/eddl/blob/5ad2a2a8df108c98ab0dd291dc3bfc28527501b7/src/CMakeLists.txt#L218,# https://www.openmp.org/spec-html/5.0/openmpse59.html,[],CMake,40,218,218
24501,deephealthproject/eddl,https://github.com/deephealthproject/eddl/blob/5ad2a2a8df108c98ab0dd291dc3bfc28527501b7/src/CMakeLists.txt#L219,# Local's scope,[],CMake,31,219,219
24501,deephealthproject/eddl,https://github.com/deephealthproject/eddl/blob/5ad2a2a8df108c98ab0dd291dc3bfc28527501b7/src/CMakeLists.txt#L226,# Parent's scope,[],CMake,44,226,226
24501,deephealthproject/eddl,https://github.com/deephealthproject/eddl/blob/5ad2a2a8df108c98ab0dd291dc3bfc28527501b7/src/CMakeLists.txt#L229,# CUDA ***************************************,[],CMake,0,229,229
24501,deephealthproject/eddl,https://github.com/deephealthproject/eddl/blob/5ad2a2a8df108c98ab0dd291dc3bfc28527501b7/src/CMakeLists.txt#L231,# Due to CUDAToolkit,[],CMake,44,231,231
24501,deephealthproject/eddl,https://github.com/deephealthproject/eddl/blob/5ad2a2a8df108c98ab0dd291dc3bfc28527501b7/src/CMakeLists.txt#L233,# Check if cuda is available,[],CMake,4,233,233
24501,deephealthproject/eddl,https://github.com/deephealthproject/eddl/blob/5ad2a2a8df108c98ab0dd291dc3bfc28527501b7/src/CMakeLists.txt#L241,"#        # NVCC needs GCC versions to be less or equal than 8  (GCC < 9.0;)
#        if(CMAKE_CXX_COMPILER_ID STREQUAL ""GNU"")
#            if(CMAKE_CXX_COMPILER_VERSION VERSION_GREATER_EQUAL 9)
#                message(FATAL_ERROR ""[WARNING] The nvcc compiler in CUDA 10 (or later) does not support gcc versions later than 8 (DETECTED: ${CMAKE_CXX_COMPILER_VERSION}).
#        Hint: Use g++-8 (or older); Set other compiler version by using '-D CMAKE_CXX_COMPILER='$(which g++-8)' or creating a symbolic link."")
#            endif()
#        endif()",[],CMake,0,241,247
24501,deephealthproject/eddl,https://github.com/deephealthproject/eddl/blob/5ad2a2a8df108c98ab0dd291dc3bfc28527501b7/src/CMakeLists.txt#L249,# Set standard CUDA variables,[],CMake,8,249,249
24501,deephealthproject/eddl,https://github.com/deephealthproject/eddl/blob/5ad2a2a8df108c98ab0dd291dc3bfc28527501b7/src/CMakeLists.txt#L255,# Target properties,[],CMake,8,255,255
24501,deephealthproject/eddl,https://github.com/deephealthproject/eddl/blob/5ad2a2a8df108c98ab0dd291dc3bfc28527501b7/src/CMakeLists.txt#L261,# Add source files,[],CMake,8,261,261
24501,deephealthproject/eddl,https://github.com/deephealthproject/eddl/blob/5ad2a2a8df108c98ab0dd291dc3bfc28527501b7/src/CMakeLists.txt#L264,# Add includes,[],CMake,8,264,264
24501,deephealthproject/eddl,https://github.com/deephealthproject/eddl/blob/5ad2a2a8df108c98ab0dd291dc3bfc28527501b7/src/CMakeLists.txt#L267,# Add libraries,[],CMake,8,267,267
24501,deephealthproject/eddl,https://github.com/deephealthproject/eddl/blob/5ad2a2a8df108c98ab0dd291dc3bfc28527501b7/src/CMakeLists.txt#L278,# Check if the library has been found,[],CMake,12,278,278
24501,deephealthproject/eddl,https://github.com/deephealthproject/eddl/blob/5ad2a2a8df108c98ab0dd291dc3bfc28527501b7/src/CMakeLists.txt#L285,# Local's scope,[],CMake,40,285,285
24501,deephealthproject/eddl,https://github.com/deephealthproject/eddl/blob/5ad2a2a8df108c98ab0dd291dc3bfc28527501b7/src/CMakeLists.txt#L286,# Local's scope (disable),[],CMake,35,286,286
24501,deephealthproject/eddl,https://github.com/deephealthproject/eddl/blob/5ad2a2a8df108c98ab0dd291dc3bfc28527501b7/src/CMakeLists.txt#L291,"# We need to add the path to the driver (libcuda.dylib) as an rpath,
# so that the static cuda runtime can find it at runtime.",[],CMake,12,291,292
24501,deephealthproject/eddl,https://github.com/deephealthproject/eddl/blob/5ad2a2a8df108c98ab0dd291dc3bfc28527501b7/src/CMakeLists.txt#L297,# Make EDDL works for cuda 7.5,[],CMake,12,297,297
24501,deephealthproject/eddl,https://github.com/deephealthproject/eddl/blob/5ad2a2a8df108c98ab0dd291dc3bfc28527501b7/src/CMakeLists.txt#L303,# Local's scope,[],CMake,32,303,303
24501,deephealthproject/eddl,https://github.com/deephealthproject/eddl/blob/5ad2a2a8df108c98ab0dd291dc3bfc28527501b7/src/CMakeLists.txt#L304,# Local's scope (disable),[],CMake,27,304,304
24501,deephealthproject/eddl,https://github.com/deephealthproject/eddl/blob/5ad2a2a8df108c98ab0dd291dc3bfc28527501b7/src/CMakeLists.txt#L305,# Local's scope (disable),[],CMake,26,305,305
24501,deephealthproject/eddl,https://github.com/deephealthproject/eddl/blob/5ad2a2a8df108c98ab0dd291dc3bfc28527501b7/src/CMakeLists.txt#L308,# Parent's scope,[],CMake,40,308,308
24501,deephealthproject/eddl,https://github.com/deephealthproject/eddl/blob/5ad2a2a8df108c98ab0dd291dc3bfc28527501b7/src/CMakeLists.txt#L309,# Parent's scope,[],CMake,42,309,309
24501,deephealthproject/eddl,https://github.com/deephealthproject/eddl/blob/5ad2a2a8df108c98ab0dd291dc3bfc28527501b7/src/CMakeLists.txt#L312,# FPGA ***************************************,[],CMake,0,312,312
24501,deephealthproject/eddl,https://github.com/deephealthproject/eddl/blob/5ad2a2a8df108c98ab0dd291dc3bfc28527501b7/src/CMakeLists.txt#L319,#target_include_directories(${PROJECT_NAME} PUBLIC $<BUILD_INTERFACE:/opt/Xilinx/Vivado/2018.3/include)  # Is this cross-platform?,[],CMake,8,319,319
24501,deephealthproject/eddl,https://github.com/deephealthproject/eddl/blob/5ad2a2a8df108c98ab0dd291dc3bfc28527501b7/src/CMakeLists.txt#L330,# Add extra files,[],CMake,8,330,330
24501,deephealthproject/eddl,https://github.com/deephealthproject/eddl/blob/5ad2a2a8df108c98ab0dd291dc3bfc28527501b7/src/CMakeLists.txt#L336,# Local's scope,[],CMake,32,336,336
24501,deephealthproject/eddl,https://github.com/deephealthproject/eddl/blob/5ad2a2a8df108c98ab0dd291dc3bfc28527501b7/src/CMakeLists.txt#L337,# Local's scope (disable),[],CMake,26,337,337
24501,deephealthproject/eddl,https://github.com/deephealthproject/eddl/blob/5ad2a2a8df108c98ab0dd291dc3bfc28527501b7/src/CMakeLists.txt#L340,# Parent's scope,[],CMake,40,340,340
24501,deephealthproject/eddl,https://github.com/deephealthproject/eddl/blob/5ad2a2a8df108c98ab0dd291dc3bfc28527501b7/src/CMakeLists.txt#L343,# ZLIB  ***************************************,[],CMake,4,343,343
24501,deephealthproject/eddl,https://github.com/deephealthproject/eddl/blob/5ad2a2a8df108c98ab0dd291dc3bfc28527501b7/src/CMakeLists.txt#L349,# Check if ZLIB was really found,[],CMake,8,349,349
24501,deephealthproject/eddl,https://github.com/deephealthproject/eddl/blob/5ad2a2a8df108c98ab0dd291dc3bfc28527501b7/src/CMakeLists.txt#L358,# OPENSSL ***************************************,[],CMake,4,358,358
24501,deephealthproject/eddl,https://github.com/deephealthproject/eddl/blob/5ad2a2a8df108c98ab0dd291dc3bfc28527501b7/src/CMakeLists.txt#L366,# Check if ZLIB was really found,[],CMake,8,366,366
24501,deephealthproject/eddl,https://github.com/deephealthproject/eddl/blob/5ad2a2a8df108c98ab0dd291dc3bfc28527501b7/src/CMakeLists.txt#L376,"###########################################################################
################################## WINDOWS ################################
###########################################################################",[],CMake,0,376,378
24501,deephealthproject/eddl,https://github.com/deephealthproject/eddl/blob/5ad2a2a8df108c98ab0dd291dc3bfc28527501b7/src/CMakeLists.txt#L380,# Microsoft Visual C++ - set static/dynamic runtime,[],CMake,0,380,380
24501,deephealthproject/eddl,https://github.com/deephealthproject/eddl/blob/5ad2a2a8df108c98ab0dd291dc3bfc28527501b7/src/CMakeLists.txt#L409,"##########################################################################
############################# DEFINITIONS ################################
##########################################################################",[],CMake,0,409,411
24501,deephealthproject/eddl,https://github.com/deephealthproject/eddl/blob/5ad2a2a8df108c98ab0dd291dc3bfc28527501b7/src/CMakeLists.txt#L426,"##########################################################################
############################ INSTALLATION ################################
##########################################################################",[],CMake,0,426,428
24501,deephealthproject/eddl,https://github.com/deephealthproject/eddl/blob/5ad2a2a8df108c98ab0dd291dc3bfc28527501b7/src/CMakeLists.txt#L432,# Install,[],CMake,0,432,432
24501,deephealthproject/eddl,https://github.com/deephealthproject/eddl/blob/5ad2a2a8df108c98ab0dd291dc3bfc28527501b7/src/CMakeLists.txt#L441,# Add EDDL includes,[],CMake,0,441,441
24501,deephealthproject/eddl,https://github.com/deephealthproject/eddl/blob/5ad2a2a8df108c98ab0dd291dc3bfc28527501b7/src/CMakeLists.txt#L446,# SHOW OPTIONS,[],CMake,0,446,446
24501,deephealthproject/eddl,https://github.com/deephealthproject/eddl/blob/5ad2a2a8df108c98ab0dd291dc3bfc28527501b7/src/CMakeLists.txt#L515,"#    message(STATUS ""Protobuf libraries (debug): "" ${Protobuf_LIBRARY_DEBUG} )
#    message(STATUS ""Protobuf libraries (release): "" ${Protobuf_LIBRARY_RELEASE} )",[],CMake,0,515,516
24501,deephealthproject/eddl,https://github.com/deephealthproject/eddl/blob/5ad2a2a8df108c98ab0dd291dc3bfc28527501b7/tests/CMakeLists.txt#L7,# GTest,[],CMake,0,7,7
24501,deephealthproject/eddl,https://github.com/deephealthproject/eddl/blob/5ad2a2a8df108c98ab0dd291dc3bfc28527501b7/tests/CMakeLists.txt#L10,# Find libraries (need absolute paths),[],CMake,4,10,10
24501,deephealthproject/eddl,https://github.com/deephealthproject/eddl/blob/5ad2a2a8df108c98ab0dd291dc3bfc28527501b7/tests/CMakeLists.txt#L21,"# Find tests (recursively, from here)",[],CMake,0,21,21
24501,deephealthproject/eddl,https://github.com/deephealthproject/eddl/blob/5ad2a2a8df108c98ab0dd291dc3bfc28527501b7/tests/CMakeLists.txt#L24,# Filter ONNX files if they are not needed,[],CMake,0,24,24
24501,deephealthproject/eddl,https://github.com/deephealthproject/eddl/blob/5ad2a2a8df108c98ab0dd291dc3bfc28527501b7/tests/CMakeLists.txt#L29,# Build test and target libraries,[],CMake,0,29,29
24501,deephealthproject/eddl,https://github.com/deephealthproject/eddl/blob/5ad2a2a8df108c98ab0dd291dc3bfc28527501b7/tests/CMakeLists.txt#L33,# Add libraries,[],CMake,0,33,33
24501,deephealthproject/eddl,https://github.com/deephealthproject/eddl/blob/5ad2a2a8df108c98ab0dd291dc3bfc28527501b7/tests/CMakeLists.txt#L45,"# CUDA (TEMP! We shouldn't need this)
# CUDA ***************************************",[],CMake,0,45,46
24501,deephealthproject/eddl,https://github.com/deephealthproject/eddl/blob/5ad2a2a8df108c98ab0dd291dc3bfc28527501b7/tests/CMakeLists.txt#L48,# Due to CUDAToolkit,[],CMake,44,48,48
24501,deephealthproject/eddl,https://github.com/deephealthproject/eddl/blob/5ad2a2a8df108c98ab0dd291dc3bfc28527501b7/tests/CMakeLists.txt#L50,# Check if cuda is available,[],CMake,4,50,50
24501,deephealthproject/eddl,https://github.com/deephealthproject/eddl/blob/5ad2a2a8df108c98ab0dd291dc3bfc28527501b7/tests/CMakeLists.txt#L58,"#        # NVCC needs GCC versions to be less or equal than 8  (GCC < 9.0;)
#        if(CMAKE_CXX_COMPILER_ID STREQUAL ""GNU"")
#            if(CMAKE_CXX_COMPILER_VERSION VERSION_GREATER_EQUAL 9)
#                message(FATAL_ERROR ""[WARNING] The nvcc compiler in CUDA 10 (or later) does not support gcc versions later than 8 (DETECTED: ${CMAKE_CXX_COMPILER_VERSION}).
#        Hint: Use g++-8 (or older); Set other compiler version by using '-D CMAKE_CXX_COMPILER='$(which g++-8)' or creating a symbolic link."")
#            endif()
#        endif()",[],CMake,8,58,64
24501,deephealthproject/eddl,https://github.com/deephealthproject/eddl/blob/5ad2a2a8df108c98ab0dd291dc3bfc28527501b7/tests/CMakeLists.txt#L66,# Set standard CUDA variables,[],CMake,8,66,66
24501,deephealthproject/eddl,https://github.com/deephealthproject/eddl/blob/5ad2a2a8df108c98ab0dd291dc3bfc28527501b7/tests/CMakeLists.txt#L72,# Target properties,[],CMake,8,72,72
24501,deephealthproject/eddl,https://github.com/deephealthproject/eddl/blob/5ad2a2a8df108c98ab0dd291dc3bfc28527501b7/tests/CMakeLists.txt#L78,# Add source files,[],CMake,8,78,78
24501,deephealthproject/eddl,https://github.com/deephealthproject/eddl/blob/5ad2a2a8df108c98ab0dd291dc3bfc28527501b7/tests/CMakeLists.txt#L81,# Add includes,[],CMake,8,81,81
24501,deephealthproject/eddl,https://github.com/deephealthproject/eddl/blob/5ad2a2a8df108c98ab0dd291dc3bfc28527501b7/tests/CMakeLists.txt#L84,# Add libraries,[],CMake,8,84,84
24501,deephealthproject/eddl,https://github.com/deephealthproject/eddl/blob/5ad2a2a8df108c98ab0dd291dc3bfc28527501b7/tests/CMakeLists.txt#L95,# Check if the library has been found,[],CMake,12,95,95
24501,deephealthproject/eddl,https://github.com/deephealthproject/eddl/blob/5ad2a2a8df108c98ab0dd291dc3bfc28527501b7/tests/CMakeLists.txt#L102,# Local's scope,[],CMake,40,102,102
24501,deephealthproject/eddl,https://github.com/deephealthproject/eddl/blob/5ad2a2a8df108c98ab0dd291dc3bfc28527501b7/tests/CMakeLists.txt#L103,# Local's scope (disable),[],CMake,35,103,103
24501,deephealthproject/eddl,https://github.com/deephealthproject/eddl/blob/5ad2a2a8df108c98ab0dd291dc3bfc28527501b7/tests/CMakeLists.txt#L108,"# We need to add the path to the driver (libcuda.dylib) as an rpath,
# so that the static cuda runtime can find it at runtime.",[],CMake,12,108,109
24501,deephealthproject/eddl,https://github.com/deephealthproject/eddl/blob/5ad2a2a8df108c98ab0dd291dc3bfc28527501b7/tests/CMakeLists.txt#L114,# Make EDDL works for cuda 7.5,[],CMake,12,114,114
24501,deephealthproject/eddl,https://github.com/deephealthproject/eddl/blob/5ad2a2a8df108c98ab0dd291dc3bfc28527501b7/tests/CMakeLists.txt#L120,# Local's scope,[],CMake,32,120,120
24501,deephealthproject/eddl,https://github.com/deephealthproject/eddl/blob/5ad2a2a8df108c98ab0dd291dc3bfc28527501b7/tests/CMakeLists.txt#L121,# Local's scope (disable),[],CMake,27,121,121
24501,deephealthproject/eddl,https://github.com/deephealthproject/eddl/blob/5ad2a2a8df108c98ab0dd291dc3bfc28527501b7/tests/CMakeLists.txt#L122,# Local's scope (disable),[],CMake,26,122,122
24501,deephealthproject/eddl,https://github.com/deephealthproject/eddl/blob/5ad2a2a8df108c98ab0dd291dc3bfc28527501b7/tests/CMakeLists.txt#L125,# Parent's scope,[],CMake,40,125,125
24501,deephealthproject/eddl,https://github.com/deephealthproject/eddl/blob/5ad2a2a8df108c98ab0dd291dc3bfc28527501b7/tests/CMakeLists.txt#L126,# Parent's scope,[],CMake,42,126,126
24501,deephealthproject/eddl,https://github.com/deephealthproject/eddl/blob/5ad2a2a8df108c98ab0dd291dc3bfc28527501b7/tests/CMakeLists.txt#L128,"##########################################################################
############################# DEFINITIONS ################################
##########################################################################",[],CMake,0,128,130
24501,deephealthproject/eddl,https://github.com/deephealthproject/eddl/blob/5ad2a2a8df108c98ab0dd291dc3bfc28527501b7/tests/CMakeLists.txt#L145,"##########################################################################
############################# EXECUTABLES ################################
##########################################################################",[],CMake,0,145,147
24501,deephealthproject/eddl,https://github.com/deephealthproject/eddl/blob/5ad2a2a8df108c98ab0dd291dc3bfc28527501b7/tests/CMakeLists.txt#L149,# Add test,[],CMake,0,149,149
24501,deephealthproject/eddl,https://github.com/deephealthproject/eddl/blob/5ad2a2a8df108c98ab0dd291dc3bfc28527501b7/tests/CMakeLists.txt#L153,"##########################################################################
############################### SUMMARY ##################################
##########################################################################",[],CMake,0,153,155
24501,deephealthproject/eddl,https://github.com/deephealthproject/eddl/blob/5ad2a2a8df108c98ab0dd291dc3bfc28527501b7/tests/CMakeLists.txt#L157,# SHOW OPTIONS,[],CMake,0,157,157
24501,deephealthproject/eddl,https://github.com/deephealthproject/eddl/blob/5ad2a2a8df108c98ab0dd291dc3bfc28527501b7/tests/CMakeLists.txt#L163,"#message(STATUS ""GTest libraries (debug): ${GTESTD_LIBRARY}; ${GTESTD_MAIN_LIBRARY} "")",[],CMake,0,163,163
