repoIndex,repoName,linkLocation,comment,keywords,buildSysteminFile,charPosition,startLine,endLine
24500,opensuse/libstorage-ng,https://github.com/opensuse/libstorage-ng/blob/62c45653652ec6d595ebfc8c9b9b2cf9ac26c483/Makefile.am#L1,"#
# Makefile.am for libstorage
#",[],Autotool,0,1,3
24500,opensuse/libstorage-ng,https://github.com/opensuse/libstorage-ng/blob/62c45653652ec6d595ebfc8c9b9b2cf9ac26c483/bindings/Makefile.am#L1,"#
# Makefile.am for libstorage/bindings
#",[],Autotool,0,1,3
24500,opensuse/libstorage-ng,https://github.com/opensuse/libstorage-ng/blob/62c45653652ec6d595ebfc8c9b9b2cf9ac26c483/bindings/python/Makefile.am#L1,"#
# Makefile.am for libstorage/bindings/python
#",[],Autotool,0,1,3
24500,opensuse/libstorage-ng,https://github.com/opensuse/libstorage-ng/blob/62c45653652ec6d595ebfc8c9b9b2cf9ac26c483/bindings/python/examples/Makefile.am#L1,"#
# Makefile.am for libstorage/bindings/python/examples
#",[],Autotool,0,1,3
24500,opensuse/libstorage-ng,https://github.com/opensuse/libstorage-ng/blob/62c45653652ec6d595ebfc8c9b9b2cf9ac26c483/bindings/python/testsuite/Makefile.am#L1,"#
# Makefile.am for libstorage/bindings/python/testsuite
#",[],Autotool,0,1,3
24500,opensuse/libstorage-ng,https://github.com/opensuse/libstorage-ng/blob/62c45653652ec6d595ebfc8c9b9b2cf9ac26c483/bindings/ruby/Makefile.am#L1,"#
# Makefile.am for libstorage/bindings/ruby
#",[],Autotool,0,1,3
24500,opensuse/libstorage-ng,https://github.com/opensuse/libstorage-ng/blob/62c45653652ec6d595ebfc8c9b9b2cf9ac26c483/bindings/ruby/Makefile.am#L21,# Build Ruby module as shared library,[],Autotool,0,21,21
24500,opensuse/libstorage-ng,https://github.com/opensuse/libstorage-ng/blob/62c45653652ec6d595ebfc8c9b9b2cf9ac26c483/bindings/ruby/examples/Makefile.am#L1,"#
# Makefile.am for libstorage/bindings/ruby/examples
#",[],Autotool,0,1,3
24500,opensuse/libstorage-ng,https://github.com/opensuse/libstorage-ng/blob/62c45653652ec6d595ebfc8c9b9b2cf9ac26c483/bindings/ruby/testsuite/Makefile.am#L1,"#
# Makefile.am for libstorage/bindings/ruby/testsuite
#",[],Autotool,0,1,3
24500,opensuse/libstorage-ng,https://github.com/opensuse/libstorage-ng/blob/62c45653652ec6d595ebfc8c9b9b2cf9ac26c483/doc/Makefile.am#L1,"#
# Makefile.am for libstorage/doc
#",[],Autotool,0,1,3
24500,opensuse/libstorage-ng,https://github.com/opensuse/libstorage-ng/blob/62c45653652ec6d595ebfc8c9b9b2cf9ac26c483/doc/autodocs/Makefile.am#L1,"#
# Makefile.am for libstorage/doc/autodocs
#",[],Autotool,0,1,3
24500,opensuse/libstorage-ng,https://github.com/opensuse/libstorage-ng/blob/62c45653652ec6d595ebfc8c9b9b2cf9ac26c483/doc/autodocs/html/Makefile.am#L1,"#
# Makefile.am for libstorage/doc/autodocs/html
#",[],Autotool,0,1,3
24500,opensuse/libstorage-ng,https://github.com/opensuse/libstorage-ng/blob/62c45653652ec6d595ebfc8c9b9b2cf9ac26c483/doc/autodocs/xml/Makefile.am#L1,"#
# Makefile.am for libstorage/doc/autodocs/xml
#",[],Autotool,0,1,3
24500,opensuse/libstorage-ng,https://github.com/opensuse/libstorage-ng/blob/62c45653652ec6d595ebfc8c9b9b2cf9ac26c483/examples/Makefile.am#L1,"#
# Makefile.am for libstorage/examples
#",[],Autotool,0,1,3
24500,opensuse/libstorage-ng,https://github.com/opensuse/libstorage-ng/blob/62c45653652ec6d595ebfc8c9b9b2cf9ac26c483/examples/SystemInfo/Makefile.am#L1,"#
# Makefile.am for libstorage/examples/SystemInfo
#",[],Autotool,0,1,3
24500,opensuse/libstorage-ng,https://github.com/opensuse/libstorage-ng/blob/62c45653652ec6d595ebfc8c9b9b2cf9ac26c483/integration-tests/Makefile.am#L1,"#
# Makefile.am for libstorage/integration-tests
#",[],Autotool,0,1,3
24500,opensuse/libstorage-ng,https://github.com/opensuse/libstorage-ng/blob/62c45653652ec6d595ebfc8c9b9b2cf9ac26c483/integration-tests/bcache/Makefile.am#L1,"#
# Makefile.am for libstorage/integration-tests/bcache
#",[],Autotool,0,1,3
24500,opensuse/libstorage-ng,https://github.com/opensuse/libstorage-ng/blob/62c45653652ec6d595ebfc8c9b9b2cf9ac26c483/integration-tests/filesystems/Makefile.am#L1,"#
# Makefile.am for libstorage/integration-tests/filesystems
#",[],Autotool,0,1,3
24500,opensuse/libstorage-ng,https://github.com/opensuse/libstorage-ng/blob/62c45653652ec6d595ebfc8c9b9b2cf9ac26c483/integration-tests/filesystems/btrfs/Makefile.am#L1,"#
# Makefile.am for libstorage/integration-tests/filesystems/btrfs
#",[],Autotool,0,1,3
24500,opensuse/libstorage-ng,https://github.com/opensuse/libstorage-ng/blob/62c45653652ec6d595ebfc8c9b9b2cf9ac26c483/integration-tests/filesystems/btrfs/multiple-devices/Makefile.am#L1,"#
# Makefile.am for libstorage/integration-tests/filesystems/btrfs/multiple-devices
#",[],Autotool,0,1,3
24500,opensuse/libstorage-ng,https://github.com/opensuse/libstorage-ng/blob/62c45653652ec6d595ebfc8c9b9b2cf9ac26c483/integration-tests/filesystems/btrfs/quota/Makefile.am#L1,"#
# Makefile.am for libstorage/integration-tests/filesystems/btrfs/quota
#",[],Autotool,0,1,3
24500,opensuse/libstorage-ng,https://github.com/opensuse/libstorage-ng/blob/62c45653652ec6d595ebfc8c9b9b2cf9ac26c483/integration-tests/image/Makefile.am#L1,"#
# Makefile.am for libstorage/integration-tests/image
#",[],Autotool,0,1,3
24500,opensuse/libstorage-ng,https://github.com/opensuse/libstorage-ng/blob/62c45653652ec6d595ebfc8c9b9b2cf9ac26c483/integration-tests/install/Makefile.am#L1,"#
# Makefile.am for libstorage/integration-tests/install
#",[],Autotool,0,1,3
24500,opensuse/libstorage-ng,https://github.com/opensuse/libstorage-ng/blob/62c45653652ec6d595ebfc8c9b9b2cf9ac26c483/integration-tests/luks/Makefile.am#L1,"#
# Makefile.am for libstorage/integration-tests/luks
#",[],Autotool,0,1,3
24500,opensuse/libstorage-ng,https://github.com/opensuse/libstorage-ng/blob/62c45653652ec6d595ebfc8c9b9b2cf9ac26c483/integration-tests/lvm/Makefile.am#L1,"#
# Makefile.am for libstorage/integration-tests/lvm
#",[],Autotool,0,1,3
24500,opensuse/libstorage-ng,https://github.com/opensuse/libstorage-ng/blob/62c45653652ec6d595ebfc8c9b9b2cf9ac26c483/integration-tests/md/Makefile.am#L1,"#
# Makefile.am for libstorage/integration-tests/md
#",[],Autotool,0,1,3
24500,opensuse/libstorage-ng,https://github.com/opensuse/libstorage-ng/blob/62c45653652ec6d595ebfc8c9b9b2cf9ac26c483/integration-tests/misc/Makefile.am#L1,"#
# Makefile.am for libstorage/integration-tests/misc
#",[],Autotool,0,1,3
24500,opensuse/libstorage-ng,https://github.com/opensuse/libstorage-ng/blob/62c45653652ec6d595ebfc8c9b9b2cf9ac26c483/integration-tests/mount-points/Makefile.am#L1,"#
# Makefile.am for libstorage/integration-tests/mount-points
#",[],Autotool,0,1,3
24500,opensuse/libstorage-ng,https://github.com/opensuse/libstorage-ng/blob/62c45653652ec6d595ebfc8c9b9b2cf9ac26c483/integration-tests/partition-tables/Makefile.am#L1,"#
# Makefile.am for libstorage/integration-tests/partition-tables
#",[],Autotool,0,1,3
24500,opensuse/libstorage-ng,https://github.com/opensuse/libstorage-ng/blob/62c45653652ec6d595ebfc8c9b9b2cf9ac26c483/integration-tests/partitions/Makefile.am#L1,"#
# Makefile.am for libstorage/integration-tests/partitions
#",[],Autotool,0,1,3
24500,opensuse/libstorage-ng,https://github.com/opensuse/libstorage-ng/blob/62c45653652ec6d595ebfc8c9b9b2cf9ac26c483/integration-tests/plain-encryption/Makefile.am#L1,"#
# Makefile.am for libstorage/integration-tests/plain-encryption
#",[],Autotool,0,1,3
24500,opensuse/libstorage-ng,https://github.com/opensuse/libstorage-ng/blob/62c45653652ec6d595ebfc8c9b9b2cf9ac26c483/integration-tests/pools/Makefile.am#L1,"#
# Makefile.am for libstorage/integration-tests/pools
#",[],Autotool,0,1,3
24500,opensuse/libstorage-ng,https://github.com/opensuse/libstorage-ng/blob/62c45653652ec6d595ebfc8c9b9b2cf9ac26c483/po/Makefile.am#L1,"#
# Makefile.am for libstorage/po
#",[],Autotool,0,1,3
24500,opensuse/libstorage-ng,https://github.com/opensuse/libstorage-ng/blob/62c45653652ec6d595ebfc8c9b9b2cf9ac26c483/storage/Makefile.am#L1,"#
# Makefile.am for libstorage/storage
#",[],Autotool,0,1,3
24500,opensuse/libstorage-ng,https://github.com/opensuse/libstorage-ng/blob/62c45653652ec6d595ebfc8c9b9b2cf9ac26c483/storage/CompoundAction/Makefile.am#L1,"#
# Makefile.am for libstorage/storage/CompoundAction
#",[],Autotool,0,1,3
24500,opensuse/libstorage-ng,https://github.com/opensuse/libstorage-ng/blob/62c45653652ec6d595ebfc8c9b9b2cf9ac26c483/storage/CompoundAction/Formatter/Makefile.am#L1,"#
# Makefile.am for libstorage/storage/CompoundAction/Formatter
#",[],Autotool,0,1,3
24500,opensuse/libstorage-ng,https://github.com/opensuse/libstorage-ng/blob/62c45653652ec6d595ebfc8c9b9b2cf9ac26c483/storage/Devices/Makefile.am#L1,"#
# Makefile.am for libstorage/storage/Devices
#",[],Autotool,0,1,3
24500,opensuse/libstorage-ng,https://github.com/opensuse/libstorage-ng/blob/62c45653652ec6d595ebfc8c9b9b2cf9ac26c483/storage/Filesystems/Makefile.am#L1,"#
# Makefile.am for libstorage/storage/Filesystems
#",[],Autotool,0,1,3
24500,opensuse/libstorage-ng,https://github.com/opensuse/libstorage-ng/blob/62c45653652ec6d595ebfc8c9b9b2cf9ac26c483/storage/Holders/Makefile.am#L1,"#
# Makefile.am for libstorage/storage/Holders
#",[],Autotool,0,1,3
24500,opensuse/libstorage-ng,https://github.com/opensuse/libstorage-ng/blob/62c45653652ec6d595ebfc8c9b9b2cf9ac26c483/storage/SystemInfo/Makefile.am#L1,"#
# Makefile.am for libstorage/storage/SystemInfo
#",[],Autotool,0,1,3
24500,opensuse/libstorage-ng,https://github.com/opensuse/libstorage-ng/blob/62c45653652ec6d595ebfc8c9b9b2cf9ac26c483/storage/Utils/Makefile.am#L1,"#
# Makefile.am for libstorage/storage/Utils
#",[],Autotool,0,1,3
24500,opensuse/libstorage-ng,https://github.com/opensuse/libstorage-ng/blob/62c45653652ec6d595ebfc8c9b9b2cf9ac26c483/testsuite/Makefile.am#L1,"#
# Makefile.am for libstorage/testsuite
#",[],Autotool,0,1,3
24500,opensuse/libstorage-ng,https://github.com/opensuse/libstorage-ng/blob/62c45653652ec6d595ebfc8c9b9b2cf9ac26c483/testsuite/CompoundAction/Makefile.am#L1,"#
# Makefile.am for libstorage/testsuite/CompoundAction
#",[],Autotool,0,1,3
24500,opensuse/libstorage-ng,https://github.com/opensuse/libstorage-ng/blob/62c45653652ec6d595ebfc8c9b9b2cf9ac26c483/testsuite/Devices/Makefile.am#L1,"#
# Makefile.am for libstorage/testsuite/Devices
#",[],Autotool,0,1,3
24500,opensuse/libstorage-ng,https://github.com/opensuse/libstorage-ng/blob/62c45653652ec6d595ebfc8c9b9b2cf9ac26c483/testsuite/SystemInfo/Makefile.am#L1,"#
# Makefile.am for libstorage/testsuite/SystemInfo
#",[],Autotool,0,1,3
24500,opensuse/libstorage-ng,https://github.com/opensuse/libstorage-ng/blob/62c45653652ec6d595ebfc8c9b9b2cf9ac26c483/testsuite/Utils/Makefile.am#L1,"#
# Makefile.am for libstorage/testsuite/Utils
#",[],Autotool,0,1,3
24500,opensuse/libstorage-ng,https://github.com/opensuse/libstorage-ng/blob/62c45653652ec6d595ebfc8c9b9b2cf9ac26c483/testsuite/commented-config-file/Makefile.am#L1,"#
# Makefile.am for libstorage/testsuite/commented-config-file
#",[],Autotool,0,1,3
24500,opensuse/libstorage-ng,https://github.com/opensuse/libstorage-ng/blob/62c45653652ec6d595ebfc8c9b9b2cf9ac26c483/testsuite/dependencies/Makefile.am#L1,"#
# Makefile.am for libstorage/testsuite/dependencies
#",[],Autotool,0,1,3
24500,opensuse/libstorage-ng,https://github.com/opensuse/libstorage-ng/blob/62c45653652ec6d595ebfc8c9b9b2cf9ac26c483/testsuite/dependencies/bcache/Makefile.am#L1,"#
# Makefile.am for libstorage/testsuite/dependencies/bcache
#",[],Autotool,0,1,3
24500,opensuse/libstorage-ng,https://github.com/opensuse/libstorage-ng/blob/62c45653652ec6d595ebfc8c9b9b2cf9ac26c483/testsuite/dependencies/btrfs/Makefile.am#L1,"#
# Makefile.am for libstorage/testsuite/dependencies/btrfs
#",[],Autotool,0,1,3
24500,opensuse/libstorage-ng,https://github.com/opensuse/libstorage-ng/blob/62c45653652ec6d595ebfc8c9b9b2cf9ac26c483/testsuite/dependencies/luks/Makefile.am#L1,"#
# Makefile.am for libstorage/testsuite/dependencies/luks
#",[],Autotool,0,1,3
24500,opensuse/libstorage-ng,https://github.com/opensuse/libstorage-ng/blob/62c45653652ec6d595ebfc8c9b9b2cf9ac26c483/testsuite/dependencies/lvm/Makefile.am#L1,"#
# Makefile.am for libstorage/testsuite/dependencies/lvm
#",[],Autotool,0,1,3
24500,opensuse/libstorage-ng,https://github.com/opensuse/libstorage-ng/blob/62c45653652ec6d595ebfc8c9b9b2cf9ac26c483/testsuite/dependencies/md/Makefile.am#L1,"#
# Makefile.am for libstorage/testsuite/dependencies/md
#",[],Autotool,0,1,3
24500,opensuse/libstorage-ng,https://github.com/opensuse/libstorage-ng/blob/62c45653652ec6d595ebfc8c9b9b2cf9ac26c483/testsuite/dependencies/partition-tables/Makefile.am#L1,"#
# Makefile.am for libstorage/testsuite/dependencies/partition-tables
#",[],Autotool,0,1,3
24500,opensuse/libstorage-ng,https://github.com/opensuse/libstorage-ng/blob/62c45653652ec6d595ebfc8c9b9b2cf9ac26c483/testsuite/dependencies/partitions/Makefile.am#L1,"#
# Makefile.am for libstorage/testsuite/dependencies/partitions
#",[],Autotool,0,1,3
24500,opensuse/libstorage-ng,https://github.com/opensuse/libstorage-ng/blob/62c45653652ec6d595ebfc8c9b9b2cf9ac26c483/testsuite/dependencies/rear/Makefile.am#L1,"#
# Makefile.am for libstorage/testsuite/dependencies/rear
#",[],Autotool,0,1,3
24500,opensuse/libstorage-ng,https://github.com/opensuse/libstorage-ng/blob/62c45653652ec6d595ebfc8c9b9b2cf9ac26c483/testsuite/dependencies/resize/Makefile.am#L1,"#
# Makefile.am for libstorage/testsuite/dependencies/resize
#",[],Autotool,0,1,3
24500,opensuse/libstorage-ng,https://github.com/opensuse/libstorage-ng/blob/62c45653652ec6d595ebfc8c9b9b2cf9ac26c483/testsuite/dependencies/resize/btrfs/Makefile.am#L1,"#
# Makefile.am for libstorage/testsuite/dependencies/resize/btrfs
#",[],Autotool,0,1,3
24500,opensuse/libstorage-ng,https://github.com/opensuse/libstorage-ng/blob/62c45653652ec6d595ebfc8c9b9b2cf9ac26c483/testsuite/dependencies/resize/ext4/Makefile.am#L1,"#
# Makefile.am for libstorage/testsuite/dependencies/resize/ext4
#",[],Autotool,0,1,3
24500,opensuse/libstorage-ng,https://github.com/opensuse/libstorage-ng/blob/62c45653652ec6d595ebfc8c9b9b2cf9ac26c483/testsuite/freeinfo/Makefile.am#L1,"#
# Makefile.am for libstorage/testsuite/freeinfo
#",[],Autotool,0,1,3
24500,opensuse/libstorage-ng,https://github.com/opensuse/libstorage-ng/blob/62c45653652ec6d595ebfc8c9b9b2cf9ac26c483/testsuite/helpers/Makefile.am#L1,"#
# Makefile.am for libstorage/testsuite/helpers
#",[],Autotool,0,1,3
24500,opensuse/libstorage-ng,https://github.com/opensuse/libstorage-ng/blob/62c45653652ec6d595ebfc8c9b9b2cf9ac26c483/testsuite/partitions/Makefile.am#L1,"#
# Makefile.am for libstorage/testsuite/partitions
#",[],Autotool,0,1,3
24500,opensuse/libstorage-ng,https://github.com/opensuse/libstorage-ng/blob/62c45653652ec6d595ebfc8c9b9b2cf9ac26c483/testsuite/performance/Makefile.am#L1,"#
# Makefile.am for libstorage/testsuite/performance
#",[],Autotool,0,1,3
24500,opensuse/libstorage-ng,https://github.com/opensuse/libstorage-ng/blob/62c45653652ec6d595ebfc8c9b9b2cf9ac26c483/testsuite/probe/Makefile.am#L1,"#
# Makefile.am for libstorage/testsuite/probe
#",[],Autotool,0,1,3
24500,opensuse/libstorage-ng,https://github.com/opensuse/libstorage-ng/blob/62c45653652ec6d595ebfc8c9b9b2cf9ac26c483/testsuite/sorting/Makefile.am#L1,"#
# Makefile.am for libstorage/testsuite/sorting
#",[],Autotool,0,1,3
24500,opensuse/libstorage-ng,https://github.com/opensuse/libstorage-ng/blob/62c45653652ec6d595ebfc8c9b9b2cf9ac26c483/testsuite/style/Makefile.am#L1,"#
# Makefile.am for libstorage/testsuite/style
#",[],Autotool,0,1,3
24500,opensuse/libstorage-ng,https://github.com/opensuse/libstorage-ng/blob/62c45653652ec6d595ebfc8c9b9b2cf9ac26c483/utils/Makefile.am#L1,"#
# Makefile.am for libstorage/utils
#",[],Autotool,0,1,3
