repoIndex,repoName,linkLocation,comment,keywords,buildSysteminFile,charPosition,startLine,endLine
24703,u0u0/cocos2d-lua-community,https://github.com/u0u0/cocos2d-lua-community/blob/b82b6c743aef98b9eadb2c800f0ab77a348283a6/cocos/platform/android/ControllerManualAdapter/build.xml#L4,"<!-- The local.properties file is created and updated by the 'android' tool.
         It contains the path to the SDK. It should *NOT* be checked into
         Version Control Systems. -->",[],Ant,4,4,6
24703,u0u0/cocos2d-lua-community,https://github.com/u0u0/cocos2d-lua-community/blob/b82b6c743aef98b9eadb2c800f0ab77a348283a6/cocos/platform/android/ControllerManualAdapter/build.xml#L9,"<!-- The ant.properties file can be created by you. It is only edited by the
         'android' tool to add properties to it.
         This is the place to change some Ant specific build properties.
         Here are some properties you may want to change/update:

         source.dir
             The name of the source directory. Default is 'src'.
         out.dir
             The name of the output directory. Default is 'bin'.

         For other overridable properties, look at the beginning of the rules
         files in the SDK, at tools/ant/build.xml

         Properties related to the SDK location or the project target should
         be updated using the 'android' tool with the 'update' action.

         This file is an integral part of the build system for your
         application and should be checked into Version Control Systems.

         -->",[],Ant,4,9,28
24703,u0u0/cocos2d-lua-community,https://github.com/u0u0/cocos2d-lua-community/blob/b82b6c743aef98b9eadb2c800f0ab77a348283a6/cocos/platform/android/ControllerManualAdapter/build.xml#L31,"<!-- The project.properties file is created and updated by the 'android'
         tool, as well as ADT.

         This contains project specific properties such as project target, and library
         dependencies. Lower level build properties are stored in ant.properties
         (or in .classpath for Eclipse projects).

         This file is an integral part of the build system for your
         application and should be checked into Version Control Systems. -->",[],Ant,4,31,39
24703,u0u0/cocos2d-lua-community,https://github.com/u0u0/cocos2d-lua-community/blob/b82b6c743aef98b9eadb2c800f0ab77a348283a6/cocos/platform/android/ControllerManualAdapter/build.xml#L42,<!-- quick check on sdk.dir -->,[],Ant,4,42,42
24703,u0u0/cocos2d-lua-community,https://github.com/u0u0/cocos2d-lua-community/blob/b82b6c743aef98b9eadb2c800f0ab77a348283a6/cocos/platform/android/ControllerManualAdapter/build.xml#L48,"<!--
        Import per project custom build rules if present at the root of the project.
        This is the place to put custom intermediary targets such as:
            -pre-build
            -pre-compile
            -post-compile (This is typically used for code obfuscation.
                           Compiled code location: ${out.classes.absolute.dir}
                           If this is not done in place, override ${out.dex.input.absolute.dir})
            -post-package
            -post-build
            -pre-clean
    -->",[],Ant,4,48,59
24703,u0u0/cocos2d-lua-community,https://github.com/u0u0/cocos2d-lua-community/blob/b82b6c743aef98b9eadb2c800f0ab77a348283a6/cocos/platform/android/ControllerManualAdapter/build.xml#L62,"<!-- Import the actual build file.

         To customize existing targets, there are two options:
         - Customize only one target:
             - copy/paste the target into this file, *before* the
               <import> task.
             - customize it to your needs.
         - Customize the whole content of build.xml
             - copy/paste the content of the rules files (minus the top node)
               into this file, replacing the <import> task.
             - customize to your needs.

         ***********************
         ****** IMPORTANT ******
         ***********************
         In all cases you must update the value of version-tag below to read 'custom' instead of an integer,
         in order to avoid having your file be overridden by tools such as ""android update project""
    -->",[],Ant,4,62,79
24703,u0u0/cocos2d-lua-community,https://github.com/u0u0/cocos2d-lua-community/blob/b82b6c743aef98b9eadb2c800f0ab77a348283a6/cocos/platform/android/ControllerManualAdapter/build.xml#L80,<!-- version-tag: 1 -->,[],Ant,4,80,80
24703,u0u0/cocos2d-lua-community,https://github.com/u0u0/cocos2d-lua-community/blob/b82b6c743aef98b9eadb2c800f0ab77a348283a6/cocos/platform/android/java/build.xml#L4,"<!-- The local.properties file is created and updated by the 'android' tool.
         It contains the path to the SDK. It should *NOT* be checked into
         Version Control Systems. -->",[],Ant,4,4,6
24703,u0u0/cocos2d-lua-community,https://github.com/u0u0/cocos2d-lua-community/blob/b82b6c743aef98b9eadb2c800f0ab77a348283a6/cocos/platform/android/java/build.xml#L9,"<!-- The ant.properties file can be created by you. It is only edited by the
         'android' tool to add properties to it.
         This is the place to change some Ant specific build properties.
         Here are some properties you may want to change/update:

         source.dir
             The name of the source directory. Default is 'src'.
         out.dir
             The name of the output directory. Default is 'bin'.

         For other overridable properties, look at the beginning of the rules
         files in the SDK, at tools/ant/build.xml

         Properties related to the SDK location or the project target should
         be updated using the 'android' tool with the 'update' action.

         This file is an integral part of the build system for your
         application and should be checked into Version Control Systems.

         -->",[],Ant,4,9,28
24703,u0u0/cocos2d-lua-community,https://github.com/u0u0/cocos2d-lua-community/blob/b82b6c743aef98b9eadb2c800f0ab77a348283a6/cocos/platform/android/java/build.xml#L31,"<!-- The project.properties file is created and updated by the 'android'
         tool, as well as ADT.

         This contains project specific properties such as project target, and library
         dependencies. Lower level build properties are stored in ant.properties
         (or in .classpath for Eclipse projects).

         This file is an integral part of the build system for your
         application and should be checked into Version Control Systems. -->",[],Ant,4,31,39
24703,u0u0/cocos2d-lua-community,https://github.com/u0u0/cocos2d-lua-community/blob/b82b6c743aef98b9eadb2c800f0ab77a348283a6/cocos/platform/android/java/build.xml#L42,<!-- quick check on sdk.dir -->,[],Ant,4,42,42
24703,u0u0/cocos2d-lua-community,https://github.com/u0u0/cocos2d-lua-community/blob/b82b6c743aef98b9eadb2c800f0ab77a348283a6/cocos/platform/android/java/build.xml#L48,"<!--
        Import per project custom build rules if present at the root of the project.
        This is the place to put custom intermediary targets such as:
            -pre-build
            -pre-compile
            -post-compile (This is typically used for code obfuscation.
                           Compiled code location: ${out.classes.absolute.dir}
                           If this is not done in place, override ${out.dex.input.absolute.dir})
            -post-package
            -post-build
            -pre-clean
    -->",[],Ant,4,48,59
24703,u0u0/cocos2d-lua-community,https://github.com/u0u0/cocos2d-lua-community/blob/b82b6c743aef98b9eadb2c800f0ab77a348283a6/cocos/platform/android/java/build.xml#L62,"<!-- Import the actual build file.

         To customize existing targets, there are two options:
         - Customize only one target:
             - copy/paste the target into this file, *before* the
               <import> task.
             - customize it to your needs.
         - Customize the whole content of build.xml
             - copy/paste the content of the rules files (minus the top node)
               into this file, replacing the <import> task.
             - customize to your needs.

         ***********************
         ****** IMPORTANT ******
         ***********************
         In all cases you must update the value of version-tag below to read 'custom' instead of an integer,
         in order to avoid having your file be overridden by tools such as ""android update project""
    -->",[],Ant,4,62,79
24703,u0u0/cocos2d-lua-community,https://github.com/u0u0/cocos2d-lua-community/blob/b82b6c743aef98b9eadb2c800f0ab77a348283a6/cocos/platform/android/java/build.xml#L80,<!-- version-tag: 1 -->,[],Ant,4,80,80
24703,u0u0/cocos2d-lua-community,https://github.com/u0u0/cocos2d-lua-community/blob/b82b6c743aef98b9eadb2c800f0ab77a348283a6/cocos/CMakeLists.txt#L1,"#/****************************************************************************
# Copyright (c) 2013 cocos2d-x.org
# Copyright (c) 2014 martell malone
# Copyright (c) 2015-2017 Chukong Technologies Inc.
#
# http://www.cocos2d-x.org
#
# Permission is hereby granted, free of charge, to any person obtaining a copy
# of this software and associated documentation files (the ""Software""), to deal
# in the Software without restriction, including without limitation the rights
# to use, copy, modify, merge, publish, distribute, sublicense, and/or sell
# copies of the Software, and to permit persons to whom the Software is
# furnished to do so, subject to the following conditions:",[],CMake,0,1,13
24703,u0u0/cocos2d-lua-community,https://github.com/u0u0/cocos2d-lua-community/blob/b82b6c743aef98b9eadb2c800f0ab77a348283a6/cocos/CMakeLists.txt#L15,"# The above copyright notice and this permission notice shall be included in
# all copies or substantial portions of the Software.",[],CMake,0,15,16
24703,u0u0/cocos2d-lua-community,https://github.com/u0u0/cocos2d-lua-community/blob/b82b6c743aef98b9eadb2c800f0ab77a348283a6/cocos/CMakeLists.txt#L18,"# THE SOFTWARE IS PROVIDED ""AS IS"", WITHOUT WARRANTY OF ANY KIND, EXPRESS OR
# IMPLIED, INCLUDING BUT NOT LIMITED TO THE WARRANTIES OF MERCHANTABILITY,
# FITNESS FOR A PARTICULAR PURPOSE AND NONINFRINGEMENT. IN NO EVENT SHALL THE
# AUTHORS OR COPYRIGHT HOLDERS BE LIABLE FOR ANY CLAIM, DAMAGES OR OTHER
# LIABILITY, WHETHER IN AN ACTION OF CONTRACT, TORT OR OTHERWISE, ARISING FROM,
# OUT OF OR IN CONNECTION WITH THE SOFTWARE OR THE USE OR OTHER DEALINGS IN
# THE SOFTWARE.
# ****************************************************************************/",[],CMake,0,18,25
24703,u0u0/cocos2d-lua-community,https://github.com/u0u0/cocos2d-lua-community/blob/b82b6c743aef98b9eadb2c800f0ab77a348283a6/cocos/CMakeLists.txt#L27,"# this CMakeLists is to generate Cocos2d-x Engine Library
# build libcocos2d
# build luacocos2d if BUILD_LUA_LIBS=ON",[],CMake,0,27,29
24703,u0u0/cocos2d-lua-community,https://github.com/u0u0/cocos2d-lua-community/blob/b82b6c743aef98b9eadb2c800f0ab77a348283a6/cocos/CMakeLists.txt#L31,# The version number,[],CMake,0,31,31
24703,u0u0/cocos2d-lua-community,https://github.com/u0u0/cocos2d-lua-community/blob/b82b6c743aef98b9eadb2c800f0ab77a348283a6/cocos/CMakeLists.txt#L50,# default value for cocos2dx extensions modules build,[],CMake,0,50,50
24703,u0u0/cocos2d-lua-community,https://github.com/u0u0/cocos2d-lua-community/blob/b82b6c743aef98b9eadb2c800f0ab77a348283a6/cocos/CMakeLists.txt#L119,# use external libs,[],CMake,0,119,119
24703,u0u0/cocos2d-lua-community,https://github.com/u0u0/cocos2d-lua-community/blob/b82b6c743aef98b9eadb2c800f0ab77a348283a6/cocos/CMakeLists.txt#L123,# add base macro define and compile options,[],CMake,0,123,123
24703,u0u0/cocos2d-lua-community,https://github.com/u0u0/cocos2d-lua-community/blob/b82b6c743aef98b9eadb2c800f0ab77a348283a6/cocos/CMakeLists.txt#L127,# use all platform related system libs,[],CMake,0,127,127
24703,u0u0/cocos2d-lua-community,https://github.com/u0u0/cocos2d-lua-community/blob/b82b6c743aef98b9eadb2c800f0ab77a348283a6/cocos/CMakeLists.txt#L153,## Lua bindings lib,[],CMake,0,153,153
24703,u0u0/cocos2d-lua-community,https://github.com/u0u0/cocos2d-lua-community/blob/b82b6c743aef98b9eadb2c800f0ab77a348283a6/cocos/platform/CMakeLists.txt#L1,"#/****************************************************************************
# Copyright (c) 2015-2017 Chukong Technologies Inc.
#
# http://www.cocos2d-x.org
#
# Permission is hereby granted, free of charge, to any person obtaining a copy
# of this software and associated documentation files (the ""Software""), to deal
# in the Software without restriction, including without limitation the rights
# to use, copy, modify, merge, publish, distribute, sublicense, and/or sell
# copies of the Software, and to permit persons to whom the Software is
# furnished to do so, subject to the following conditions:",[],CMake,0,1,11
24703,u0u0/cocos2d-lua-community,https://github.com/u0u0/cocos2d-lua-community/blob/b82b6c743aef98b9eadb2c800f0ab77a348283a6/cocos/platform/CMakeLists.txt#L13,"# The above copyright notice and this permission notice shall be included in
# all copies or substantial portions of the Software.",[],CMake,0,13,14
24703,u0u0/cocos2d-lua-community,https://github.com/u0u0/cocos2d-lua-community/blob/b82b6c743aef98b9eadb2c800f0ab77a348283a6/cocos/platform/CMakeLists.txt#L16,"# THE SOFTWARE IS PROVIDED ""AS IS"", WITHOUT WARRANTY OF ANY KIND, EXPRESS OR
# IMPLIED, INCLUDING BUT NOT LIMITED TO THE WARRANTIES OF MERCHANTABILITY,
# FITNESS FOR A PARTICULAR PURPOSE AND NONINFRINGEMENT. IN NO EVENT SHALL THE
# AUTHORS OR COPYRIGHT HOLDERS BE LIABLE FOR ANY CLAIM, DAMAGES OR OTHER
# LIABILITY, WHETHER IN AN ACTION OF CONTRACT, TORT OR OTHERWISE, ARISING FROM,
# OUT OF OR IN CONNECTION WITH THE SOFTWARE OR THE USE OR OTHER DEALINGS IN
# THE SOFTWARE.
# ****************************************************************************/",[],CMake,0,16,23
24703,u0u0/cocos2d-lua-community,https://github.com/u0u0/cocos2d-lua-community/blob/b82b6c743aef98b9eadb2c800f0ab77a348283a6/cocos/platform/CMakeLists.txt#L26,# refer to target: cocos/platform/android/CMakeLists.txt,[],CMake,4,26,26
24703,u0u0/cocos2d-lua-community,https://github.com/u0u0/cocos2d-lua-community/blob/b82b6c743aef98b9eadb2c800f0ab77a348283a6/cocos/platform/android/CMakeLists.txt#L3,# need to whole-archive this lib,[],CMake,0,3,3
24703,u0u0/cocos2d-lua-community,https://github.com/u0u0/cocos2d-lua-community/blob/b82b6c743aef98b9eadb2c800f0ab77a348283a6/cocos/scripting/lua-bindings/CMakeLists.txt#L115,# CCLuaObjcBridge.mm needed by ios and mac,[],CMake,4,115,115
24703,u0u0/cocos2d-lua-community,https://github.com/u0u0/cocos2d-lua-community/blob/b82b6c743aef98b9eadb2c800f0ab77a348283a6/cocos/scripting/lua-bindings/proj.android/CMakeLists.txt#L3,# need to whole-archive this lib,[],CMake,0,3,3
24703,u0u0/cocos2d-lua-community,https://github.com/u0u0/cocos2d-lua-community/blob/b82b6c743aef98b9eadb2c800f0ab77a348283a6/cocos/ui/CMakeLists.txt#L70,"# it's special for android, not a common file",[],CMake,8,70,70
24703,u0u0/cocos2d-lua-community,https://github.com/u0u0/cocos2d-lua-community/blob/b82b6c743aef98b9eadb2c800f0ab77a348283a6/cocos/ui/CMakeLists.txt#L83,#    ui/UIDeprecated.h,[],CMake,0,83,83
24703,u0u0/cocos2d-lua-community,https://github.com/u0u0/cocos2d-lua-community/blob/b82b6c743aef98b9eadb2c800f0ab77a348283a6/cocos/ui/CMakeLists.txt#L118,#   ui/UIDeprecated.cpp,[],CMake,1,118,118
24703,u0u0/cocos2d-lua-community,https://github.com/u0u0/cocos2d-lua-community/blob/b82b6c743aef98b9eadb2c800f0ab77a348283a6/external/CMakeLists.txt#L27,# OpenAL,[],CMake,0,27,27
24703,u0u0/cocos2d-lua-community,https://github.com/u0u0/cocos2d-lua-community/blob/b82b6c743aef98b9eadb2c800f0ab77a348283a6/external/CMakeLists.txt#L30,# OGG,[],CMake,0,30,30
24703,u0u0/cocos2d-lua-community,https://github.com/u0u0/cocos2d-lua-community/blob/b82b6c743aef98b9eadb2c800f0ab77a348283a6/external/CMakeLists.txt#L32,"# before ogg, make android link happy",[],CMake,46,32,32
24703,u0u0/cocos2d-lua-community,https://github.com/u0u0/cocos2d-lua-community/blob/b82b6c743aef98b9eadb2c800f0ab77a348283a6/external/CMakeLists.txt#L35,# FAAD2,[],CMake,0,35,35
24703,u0u0/cocos2d-lua-community,https://github.com/u0u0/cocos2d-lua-community/blob/b82b6c743aef98b9eadb2c800f0ab77a348283a6/external/CMakeLists.txt#L115,# use lua/js specific libs by property to prevent conflict,[],CMake,0,115,115
24703,u0u0/cocos2d-lua-community,https://github.com/u0u0/cocos2d-lua-community/blob/b82b6c743aef98b9eadb2c800f0ab77a348283a6/external/CMakeLists.txt#L155,# unzip depend on zlib,[],CMake,0,155,155
24703,u0u0/cocos2d-lua-community,https://github.com/u0u0/cocos2d-lua-community/blob/b82b6c743aef98b9eadb2c800f0ab77a348283a6/external/CMakeLists.txt#L161,"# put ""external"" into External folder, too",[],CMake,0,161,161
24703,u0u0/cocos2d-lua-community,https://github.com/u0u0/cocos2d-lua-community/blob/b82b6c743aef98b9eadb2c800f0ab77a348283a6/external/Box2D/CMakeLists.txt#L18,# need use absolutely path,[],CMake,4,18,18
24703,u0u0/cocos2d-lua-community,https://github.com/u0u0/cocos2d-lua-community/blob/b82b6c743aef98b9eadb2c800f0ab77a348283a6/external/android-specific/cpufeatures/CMakeLists.txt#L8,# CMake from android SDK set ANDROID_NDK instead of CMAKE_ANDROID_NDK,[],CMake,0,8,8
24703,u0u0/cocos2d-lua-community,https://github.com/u0u0/cocos2d-lua-community/blob/b82b6c743aef98b9eadb2c800f0ab77a348283a6/external/bullet/CMakeLists.txt#L33,# multi libs,[],CMake,2,33,33
24703,u0u0/cocos2d-lua-community,https://github.com/u0u0/cocos2d-lua-community/blob/b82b6c743aef98b9eadb2c800f0ab77a348283a6/external/bullet/CMakeLists.txt#L55,# internal link depend,[],CMake,2,55,55
24703,u0u0/cocos2d-lua-community,https://github.com/u0u0/cocos2d-lua-community/blob/b82b6c743aef98b9eadb2c800f0ab77a348283a6/external/bullet/CMakeLists.txt#L59,"# mark multi libs link into single one: ""${target_name}""",[],CMake,2,59,59
24703,u0u0/cocos2d-lua-community,https://github.com/u0u0/cocos2d-lua-community/blob/b82b6c743aef98b9eadb2c800f0ab77a348283a6/external/faad2/CMakeLists.txt#L121,# common.h,[],CMake,37,121,121
24703,u0u0/cocos2d-lua-community,https://github.com/u0u0/cocos2d-lua-community/blob/b82b6c743aef98b9eadb2c800f0ab77a348283a6/external/openssl/CMakeLists.txt#L9,# -----macro: set openssl sub target-----,[],CMake,0,9,9
24703,u0u0/cocos2d-lua-community,https://github.com/u0u0/cocos2d-lua-community/blob/b82b6c743aef98b9eadb2c800f0ab77a348283a6/external/openssl/CMakeLists.txt#L34,# -----sub target 1: ssl-----,[],CMake,0,34,34
24703,u0u0/cocos2d-lua-community,https://github.com/u0u0/cocos2d-lua-community/blob/b82b6c743aef98b9eadb2c800f0ab77a348283a6/external/openssl/CMakeLists.txt#L38,# -----sub target 2: crypto-----,[],CMake,0,38,38
24703,u0u0/cocos2d-lua-community,https://github.com/u0u0/cocos2d-lua-community/blob/b82b6c743aef98b9eadb2c800f0ab77a348283a6/external/websockets/CMakeLists.txt#L19,"# set_target_properties(${target_name} PROPERTIES
#  INTERFACE_COMPILE_DEFINITIONS ""LWS_WITH_LIBUV""
#)",[],CMake,0,19,21
24703,u0u0/cocos2d-lua-community,https://github.com/u0u0/cocos2d-lua-community/blob/b82b6c743aef98b9eadb2c800f0ab77a348283a6/external/websockets/CMakeLists.txt#L25,"#set_property(TARGET ${target_name} APPEND PROPERTY INTERFACE_LINK_LIBRARIES ""ext_uv"")",[],CMake,0,25,25
24703,u0u0/cocos2d-lua-community,https://github.com/u0u0/cocos2d-lua-community/blob/b82b6c743aef98b9eadb2c800f0ab77a348283a6/templates/CMakeLists.txt#L1,"#/****************************************************************************
# Copyright (c) 2013-2014 cocos2d-x.org
#
# http://www.cocos2d-x.org
#
# Permission is hereby granted, free of charge, to any person obtaining a copy
# of this software and associated documentation files (the ""Software""), to deal
# in the Software without restriction, including without limitation the rights
# to use, copy, modify, merge, publish, distribute, sublicense, and/or sell
# copies of the Software, and to permit persons to whom the Software is
# furnished to do so, subject to the following conditions:",[],CMake,0,1,11
24703,u0u0/cocos2d-lua-community,https://github.com/u0u0/cocos2d-lua-community/blob/b82b6c743aef98b9eadb2c800f0ab77a348283a6/templates/CMakeLists.txt#L13,"# The above copyright notice and this permission notice shall be included in
# all copies or substantial portions of the Software.",[],CMake,0,13,14
24703,u0u0/cocos2d-lua-community,https://github.com/u0u0/cocos2d-lua-community/blob/b82b6c743aef98b9eadb2c800f0ab77a348283a6/templates/CMakeLists.txt#L16,"# THE SOFTWARE IS PROVIDED ""AS IS"", WITHOUT WARRANTY OF ANY KIND, EXPRESS OR
# IMPLIED, INCLUDING BUT NOT LIMITED TO THE WARRANTIES OF MERCHANTABILITY,
# FITNESS FOR A PARTICULAR PURPOSE AND NONINFRINGEMENT. IN NO EVENT SHALL THE
# AUTHORS OR COPYRIGHT HOLDERS BE LIABLE FOR ANY CLAIM, DAMAGES OR OTHER
# LIABILITY, WHETHER IN AN ACTION OF CONTRACT, TORT OR OTHERWISE, ARISING FROM,
# OUT OF OR IN CONNECTION WITH THE SOFTWARE OR THE USE OR OTHER DEALINGS IN
# THE SOFTWARE.
# ****************************************************************************/",[],CMake,0,16,23
24703,u0u0/cocos2d-lua-community,https://github.com/u0u0/cocos2d-lua-community/blob/b82b6c743aef98b9eadb2c800f0ab77a348283a6/templates/CMakeLists.txt#L44,"# script and source files info, not need to compile",[],CMake,0,44,44
24703,u0u0/cocos2d-lua-community,https://github.com/u0u0/cocos2d-lua-community/blob/b82b6c743aef98b9eadb2c800f0ab77a348283a6/templates/CMakeLists.txt#L57,"# record sources, headers",[],CMake,0,57,57
24703,u0u0/cocos2d-lua-community,https://github.com/u0u0/cocos2d-lua-community/blob/b82b6c743aef98b9eadb2c800f0ab77a348283a6/templates/CMakeLists.txt#L60,"# sources need to compile info, include dirs and source files",[],CMake,0,60,60
24703,u0u0/cocos2d-lua-community,https://github.com/u0u0/cocos2d-lua-community/blob/b82b6c743aef98b9eadb2c800f0ab77a348283a6/templates/CMakeLists.txt#L63,"# change APP_NAME to the share library name for Android, it's value depend on AndroidManifest.xml",[],CMake,4,63,63
24703,u0u0/cocos2d-lua-community,https://github.com/u0u0/cocos2d-lua-community/blob/b82b6c743aef98b9eadb2c800f0ab77a348283a6/templates/CMakeLists.txt#L117,# mark app complie info and libs info,[],CMake,0,117,117
24703,u0u0/cocos2d-lua-community,https://github.com/u0u0/cocos2d-lua-community/blob/b82b6c743aef98b9eadb2c800f0ab77a348283a6/templates/CMakeLists.txt#L131,"# mark app resources, resource will be copy auto after mark",[],CMake,0,131,131
24703,u0u0/cocos2d-lua-community,https://github.com/u0u0/cocos2d-lua-community/blob/b82b6c743aef98b9eadb2c800f0ab77a348283a6/templates/CMakeLists.txt#L151,# copy resource on linux or WINDOWS,[],CMake,0,151,151
24703,u0u0/cocos2d-lua-community,https://github.com/u0u0/cocos2d-lua-community/blob/b82b6c743aef98b9eadb2c800f0ab77a348283a6/tools/runner/CMakeLists.txt#L1,"# Lua Game Runner, a desktop app to debug Lua.",[],CMake,0,1,1
24703,u0u0/cocos2d-lua-community,https://github.com/u0u0/cocos2d-lua-community/blob/b82b6c743aef98b9eadb2c800f0ab77a348283a6/tools/runner/CMakeLists.txt#L16,"# record sources, headers",[],CMake,0,16,16
24703,u0u0/cocos2d-lua-community,https://github.com/u0u0/cocos2d-lua-community/blob/b82b6c743aef98b9eadb2c800f0ab77a348283a6/tools/runner/CMakeLists.txt#L25,"# sources need to compile info, include dirs and source files",[],CMake,0,25,25
24703,u0u0/cocos2d-lua-community,https://github.com/u0u0/cocos2d-lua-community/blob/b82b6c743aef98b9eadb2c800f0ab77a348283a6/tools/runner/CMakeLists.txt#L59,# mark app complie info and libs info,[],CMake,0,59,59
24703,u0u0/cocos2d-lua-community,https://github.com/u0u0/cocos2d-lua-community/blob/b82b6c743aef98b9eadb2c800f0ab77a348283a6/tools/runner/CMakeLists.txt#L64,"# mark app resources, resource will be copy auto after mark",[],CMake,0,64,64
24703,u0u0/cocos2d-lua-community,https://github.com/u0u0/cocos2d-lua-community/blob/b82b6c743aef98b9eadb2c800f0ab77a348283a6/tools/runner/CMakeLists.txt#L66,# always open COCOS2D_DEBUG in cocos2d,[],CMake,0,66,66
24703,u0u0/cocos2d-lua-community,https://github.com/u0u0/cocos2d-lua-community/blob/b82b6c743aef98b9eadb2c800f0ab77a348283a6/cmake/Modules/CocosBuildHelpers.cmake#L3,## Update resource files in Resources/ folder everytime when `Run/Debug` target.,[],CMake,0,3,3
24703,u0u0/cocos2d-lua-community,https://github.com/u0u0/cocos2d-lua-community/blob/b82b6c743aef98b9eadb2c800f0ab77a348283a6/cmake/Modules/CocosBuildHelpers.cmake#L28,"# mark `FILES` and files in `FOLDERS` as resource files, the destination is `RES_TO` folder
# save all marked files in `res_out`",[],CMake,0,28,29
24703,u0u0/cocos2d-lua-community,https://github.com/u0u0/cocos2d-lua-community/blob/b82b6c743aef98b9eadb2c800f0ab77a348283a6/cmake/Modules/CocosBuildHelpers.cmake#L51,"# get all linked libraries including transitive ones, recursive",[],CMake,0,51,51
24703,u0u0/cocos2d-lua-community,https://github.com/u0u0/cocos2d-lua-community/blob/b82b6c743aef98b9eadb2c800f0ab77a348283a6/cmake/Modules/CocosBuildHelpers.cmake#L82,"# get `cocos_target` depend all dlls, save the result in `all_depend_dlls_out`",[],CMake,0,82,82
24703,u0u0/cocos2d-lua-community,https://github.com/u0u0/cocos2d-lua-community/blob/b82b6c743aef98b9eadb2c800f0ab77a348283a6/cmake/Modules/CocosBuildHelpers.cmake#L104,# copy the `cocos_target` needed dlls into TARGET_FILE_DIR,[],CMake,0,104,104
24703,u0u0/cocos2d-lua-community,https://github.com/u0u0/cocos2d-lua-community/blob/b82b6c743aef98b9eadb2c800f0ab77a348283a6/cmake/Modules/CocosBuildHelpers.cmake#L107,# remove repeat items,[],CMake,4,107,107
24703,u0u0/cocos2d-lua-community,https://github.com/u0u0/cocos2d-lua-community/blob/b82b6c743aef98b9eadb2c800f0ab77a348283a6/cmake/Modules/CocosBuildHelpers.cmake#L114,"#COMMAND ${CMAKE_COMMAND} -E echo ""copy dll into target file dir: ${cc_dll_name} ...""",[],CMake,12,114,114
24703,u0u0/cocos2d-lua-community,https://github.com/u0u0/cocos2d-lua-community/blob/b82b6c743aef98b9eadb2c800f0ab77a348283a6/cmake/Modules/CocosBuildHelpers.cmake#L120,"# mark `FILES` as resources, files will be put into sub-dir tree depend on its absolute path",[],CMake,0,120,120
24703,u0u0/cocos2d-lua-community,https://github.com/u0u0/cocos2d-lua-community/blob/b82b6c743aef98b9eadb2c800f0ab77a348283a6/cmake/Modules/CocosBuildHelpers.cmake#L147,# mark the code sources of `cocos_target` into sub-dir tree,[],CMake,0,147,147
24703,u0u0/cocos2d-lua-community,https://github.com/u0u0/cocos2d-lua-community/blob/b82b6c743aef98b9eadb2c800f0ab77a348283a6/cmake/Modules/CocosBuildHelpers.cmake#L168,"# source group one file
# cut the `single_file` absolute path from `BASE_PATH`, then mark file to `GROUP_TO`",[],CMake,0,168,169
24703,u0u0/cocos2d-lua-community,https://github.com/u0u0/cocos2d-lua-community/blob/b82b6c743aef98b9eadb2c800f0ab77a348283a6/cmake/Modules/CocosBuildHelpers.cmake#L173,# get relative_path,[],CMake,4,173,173
24703,u0u0/cocos2d-lua-community,https://github.com/u0u0/cocos2d-lua-community/blob/b82b6c743aef98b9eadb2c800f0ab77a348283a6/cmake/Modules/CocosBuildHelpers.cmake#L177,"# set source_group, consider sub source group",[],CMake,4,177,177
24703,u0u0/cocos2d-lua-community,https://github.com/u0u0/cocos2d-lua-community/blob/b82b6c743aef98b9eadb2c800f0ab77a348283a6/cmake/Modules/CocosBuildHelpers.cmake#L182,# setup a cocos application,[],CMake,0,182,182
24703,u0u0/cocos2d-lua-community,https://github.com/u0u0/cocos2d-lua-community/blob/b82b6c743aef98b9eadb2c800f0ab77a348283a6/cmake/Modules/CocosBuildHelpers.cmake#L184,# put all output app into bin/${app_name},[],CMake,4,184,184
24703,u0u0/cocos2d-lua-community,https://github.com/u0u0/cocos2d-lua-community/blob/b82b6c743aef98b9eadb2c800f0ab77a348283a6/cmake/Modules/CocosBuildHelpers.cmake#L187,# output macOS/iOS .app,[],CMake,8,187,187
24703,u0u0/cocos2d-lua-community,https://github.com/u0u0/cocos2d-lua-community/blob/b82b6c743aef98b9eadb2c800f0ab77a348283a6/cmake/Modules/CocosBuildHelpers.cmake#L190,"# visual studio default is Console app, but we need Windows app",[],CMake,8,190,190
24703,u0u0/cocos2d-lua-community,https://github.com/u0u0/cocos2d-lua-community/blob/b82b6c743aef98b9eadb2c800f0ab77a348283a6/cmake/Modules/CocosBuildHelpers.cmake#L193,# auto mark code files for IDE when mark app,[],CMake,4,193,193
24703,u0u0/cocos2d-lua-community,https://github.com/u0u0/cocos2d-lua-community/blob/b82b6c743aef98b9eadb2c800f0ab77a348283a6/cmake/Modules/CocosBuildHelpers.cmake#L203,"# if cc_variable not set, then set it cc_value",[],CMake,0,203,203
24703,u0u0/cocos2d-lua-community,https://github.com/u0u0/cocos2d-lua-community/blob/b82b6c743aef98b9eadb2c800f0ab77a348283a6/cmake/Modules/CocosBuildHelpers.cmake#L210,"# set Xcode property for application, include all depend target",[],CMake,0,210,210
24703,u0u0/cocos2d-lua-community,https://github.com/u0u0/cocos2d-lua-community/blob/b82b6c743aef98b9eadb2c800f0ab77a348283a6/cmake/Modules/CocosBuildHelpers.cmake#L221,# custom Xcode property for iOS target,[],CMake,0,221,221
24703,u0u0/cocos2d-lua-community,https://github.com/u0u0/cocos2d-lua-community/blob/b82b6c743aef98b9eadb2c800f0ab77a348283a6/cmake/Modules/CocosBuildHelpers.cmake#L229,"# This little macro lets you set any XCode specific property, from ios.toolchain.cmake",[],CMake,0,229,229
24703,u0u0/cocos2d-lua-community,https://github.com/u0u0/cocos2d-lua-community/blob/b82b6c743aef98b9eadb2c800f0ab77a348283a6/cmake/Modules/CocosBuildHelpers.cmake#L234,"# works same as find_package, but do additional care to properly find",[],CMake,0,234,234
24703,u0u0/cocos2d-lua-community,https://github.com/u0u0/cocos2d-lua-community/blob/b82b6c743aef98b9eadb2c800f0ab77a348283a6/cmake/Modules/CocosBuildHelpers.cmake#L249,"# cocos_use_pkg(pkg) function.
# This function applies standard package variables (after find_package(pkg) call) to current scope
# Recognized variables: <pkg>_INCLUDE_DIRS, <pkg>_LIBRARIES, <pkg>_LIBRARY_DIRS
# Also if BUILD_SHARED_LIBS variable off, it is try to use <pkg>_STATIC_* vars before",[],CMake,0,249,252
24703,u0u0/cocos2d-lua-community,https://github.com/u0u0/cocos2d-lua-community/blob/b82b6c743aef98b9eadb2c800f0ab77a348283a6/cmake/Modules/CocosBuildHelpers.cmake#L261,# backward compat with old package-find scripts,[],CMake,8,261,261
24703,u0u0/cocos2d-lua-community,https://github.com/u0u0/cocos2d-lua-community/blob/b82b6c743aef98b9eadb2c800f0ab77a348283a6/cmake/Modules/CocosBuildHelpers.cmake#L266,"# message(STATUS ""${pkg} add to include_dirs: ${_include_dirs}"")",[],CMake,8,266,266
24703,u0u0/cocos2d-lua-community,https://github.com/u0u0/cocos2d-lua-community/blob/b82b6c743aef98b9eadb2c800f0ab77a348283a6/cmake/Modules/CocosBuildHelpers.cmake#L275,"# message(STATUS ""${pkg} add to link_dirs: ${_library_dirs}"")",[],CMake,8,275,275
24703,u0u0/cocos2d-lua-community,https://github.com/u0u0/cocos2d-lua-community/blob/b82b6c743aef98b9eadb2c800f0ab77a348283a6/cmake/Modules/CocosBuildHelpers.cmake#L287,"# message(STATUS ""${pkg} libs added to '${target}': ${_libs}"")",[],CMake,8,287,287
24703,u0u0/cocos2d-lua-community,https://github.com/u0u0/cocos2d-lua-community/blob/b82b6c743aef98b9eadb2c800f0ab77a348283a6/cmake/Modules/CocosBuildHelpers.cmake#L296,"# message(STATUS ""${pkg} add definitions: ${_defs}"")",[],CMake,8,296,296
24703,u0u0/cocos2d-lua-community,https://github.com/u0u0/cocos2d-lua-community/blob/b82b6c743aef98b9eadb2c800f0ab77a348283a6/cmake/Modules/CocosBuildHelpers.cmake#L305,"# message(STATUS ""${target} add dll: ${_dlls}"")",[],CMake,12,305,305
24703,u0u0/cocos2d-lua-community,https://github.com/u0u0/cocos2d-lua-community/blob/b82b6c743aef98b9eadb2c800f0ab77a348283a6/cmake/Modules/CocosBuildSet.cmake#L1,# print cmake debug info,[],CMake,0,1,1
24703,u0u0/cocos2d-lua-community,https://github.com/u0u0/cocos2d-lua-community/blob/b82b6c743aef98b9eadb2c800f0ab77a348283a6/cmake/Modules/CocosBuildSet.cmake#L3,"# INCLUDE_DIRECTORIES
# COMPILE_DEFINITIONS
# COMPILE_OPTIONS
# AUTOUIC_OPTIONS
# POSITION_INDEPENDENT_CODE",[],CMake,4,3,7
24703,u0u0/cocos2d-lua-community,https://github.com/u0u0/cocos2d-lua-community/blob/b82b6c743aef98b9eadb2c800f0ab77a348283a6/cmake/Modules/CocosBuildSet.cmake#L10,# some useful variables for every one cocos project,[],CMake,0,10,10
24703,u0u0/cocos2d-lua-community,https://github.com/u0u0/cocos2d-lua-community/blob/b82b6c743aef98b9eadb2c800f0ab77a348283a6/cmake/Modules/CocosBuildSet.cmake#L24,# delete binary dir if you hope a full clean re-build,[],CMake,0,24,24
24703,u0u0/cocos2d-lua-community,https://github.com/u0u0/cocos2d-lua-community/blob/b82b6c743aef98b9eadb2c800f0ab77a348283a6/cmake/Modules/CocosBuildSet.cmake#L29,# the default behavior of build module,[],CMake,0,29,29
24703,u0u0/cocos2d-lua-community,https://github.com/u0u0/cocos2d-lua-community/blob/b82b6c743aef98b9eadb2c800f0ab77a348283a6/cmake/Modules/CocosBuildSet.cmake#L32,# include helper functions,[],CMake,0,32,32
24703,u0u0/cocos2d-lua-community,https://github.com/u0u0/cocos2d-lua-community/blob/b82b6c743aef98b9eadb2c800f0ab77a348283a6/cmake/Modules/CocosBuildSet.cmake#L35,"# set common compiler options
# add target compile define function
# add target compile options function",[],CMake,0,35,37
24703,u0u0/cocos2d-lua-community,https://github.com/u0u0/cocos2d-lua-community/blob/b82b6c743aef98b9eadb2c800f0ab77a348283a6/cmake/Modules/CocosBuildSet.cmake#L40,# config libraries dependence,[],CMake,0,40,40
24703,u0u0/cocos2d-lua-community,https://github.com/u0u0/cocos2d-lua-community/blob/b82b6c743aef98b9eadb2c800f0ab77a348283a6/cmake/Modules/CocosConfigDefine.cmake#L7,"#Please use them everywhere
#WINDOWS   =   Windows Desktop
#ANDROID    =  Android
#IOS    =  iOS
#MACOSX    =  MacOS X
#LINUX      =   Linux",[],CMake,1,7,12
24703,u0u0/cocos2d-lua-community,https://github.com/u0u0/cocos2d-lua-community/blob/b82b6c743aef98b9eadb2c800f0ab77a348283a6/cmake/Modules/CocosConfigDefine.cmake#L38,# generators that are capable of organizing into a hierarchy of folders,[],CMake,0,38,38
24703,u0u0/cocos2d-lua-community,https://github.com/u0u0/cocos2d-lua-community/blob/b82b6c743aef98b9eadb2c800f0ab77a348283a6/cmake/Modules/CocosConfigDefine.cmake#L40,"# simplify generator condition, please use them everywhere",[],CMake,0,40,40
24703,u0u0/cocos2d-lua-community,https://github.com/u0u0/cocos2d-lua-community/blob/b82b6c743aef98b9eadb2c800f0ab77a348283a6/cmake/Modules/CocosConfigDefine.cmake#L48,# custom target property for lua/js link,[],CMake,0,48,48
24703,u0u0/cocos2d-lua-community,https://github.com/u0u0/cocos2d-lua-community/blob/b82b6c743aef98b9eadb2c800f0ab77a348283a6/cmake/Modules/CocosConfigDefine.cmake#L60,# check c++ standard,[],CMake,0,60,60
24703,u0u0/cocos2d-lua-community,https://github.com/u0u0/cocos2d-lua-community/blob/b82b6c743aef98b9eadb2c800f0ab77a348283a6/cmake/Modules/CocosConfigDefine.cmake#L67,# check visual studio version,[],CMake,0,67,67
24703,u0u0/cocos2d-lua-community,https://github.com/u0u0/cocos2d-lua-community/blob/b82b6c743aef98b9eadb2c800f0ab77a348283a6/cmake/Modules/CocosConfigDefine.cmake#L69,# not support other compile tools except MSVC for now,[],CMake,4,69,69
24703,u0u0/cocos2d-lua-community,https://github.com/u0u0/cocos2d-lua-community/blob/b82b6c743aef98b9eadb2c800f0ab77a348283a6/cmake/Modules/CocosConfigDefine.cmake#L71,"# Visual Studio 2015, MSVC_VERSION 1900      (v140 toolset)
# Visual Studio 2017, MSVC_VERSION 1910-1919 (v141 toolset)",[],CMake,8,71,72
24703,u0u0/cocos2d-lua-community,https://github.com/u0u0/cocos2d-lua-community/blob/b82b6c743aef98b9eadb2c800f0ab77a348283a6/cmake/Modules/CocosConfigDefine.cmake#L83,# Set macro definitions for special platforms,[],CMake,1,83,83
24703,u0u0/cocos2d-lua-community,https://github.com/u0u0/cocos2d-lua-community/blob/b82b6c743aef98b9eadb2c800f0ab77a348283a6/cmake/Modules/CocosConfigDefine.cmake#L120,# Set compiler options,[],CMake,1,120,120
24703,u0u0/cocos2d-lua-community,https://github.com/u0u0/cocos2d-lua-community/blob/b82b6c743aef98b9eadb2c800f0ab77a348283a6/cmake/Modules/CocosConfigDepend.cmake#L2,"# confim the libs, prepare to link",[],CMake,4,2,2
24703,u0u0/cocos2d-lua-community,https://github.com/u0u0/cocos2d-lua-community/blob/b82b6c743aef98b9eadb2c800f0ab77a348283a6/cmake/Modules/CocosConfigDepend.cmake#L8,# need review those libs: X11 Xi Xrandr Xxf86vm Xinerama Xcursor rt m,[],CMake,8,8,8
24703,u0u0/cocos2d-lua-community,https://github.com/u0u0/cocos2d-lua-community/blob/b82b6c743aef98b9eadb2c800f0ab77a348283a6/cmake/Modules/CocosConfigDepend.cmake#L10,# use older cmake style on below linux libs,[],CMake,8,10,10
24703,u0u0/cocos2d-lua-community,https://github.com/u0u0/cocos2d-lua-community/blob/b82b6c743aef98b9eadb2c800f0ab77a348283a6/cmake/Modules/CocosConfigDepend.cmake#L59,# Locate system libraries on iOS,[],CMake,12,59,59
24703,u0u0/cocos2d-lua-community,https://github.com/u0u0/cocos2d-lua-community/blob/b82b6c743aef98b9eadb2c800f0ab77a348283a6/cmake/Modules/FindChipmunk.cmake#L1,"#.rst:
# FindChipmunk
# ------------
#
# Locate Chipmunk library
#
# This module defines
#
# ::
#
#   CHIPMUNK_LIBRARIES, the library to link against
#   CHIPMUNK_FOUND, if false, do not try to link to Chipmunk 
#   CHIPMUNK_INCLUDE_DIRS, where to find headers.
#   This is the concatenation of the paths:
#   CHIPMUNK_INCLUDE_DIR
#
#=============================================================================
# Copyright 2014-2014 Martell Malone
#
# Distributed under the OSI-approved BSD License (the ""License"");
# see accompanying file Copyright.txt for details.
#
# This software is distributed WITHOUT ANY WARRANTY; without even the
# implied warranty of MERCHANTABILITY or FITNESS FOR A PARTICULAR PURPOSE.
# See the License for more information.
#=============================================================================
# (To distribute this file outside of CMake, substitute the full
#  License text for the above reference.)",[],CMake,0,1,28
24703,u0u0/cocos2d-lua-community,https://github.com/u0u0/cocos2d-lua-community/blob/b82b6c743aef98b9eadb2c800f0ab77a348283a6/cmake/Modules/FindChipmunk.cmake#L39,# Fink,[],CMake,6,39,39
24703,u0u0/cocos2d-lua-community,https://github.com/u0u0/cocos2d-lua-community/blob/b82b6c743aef98b9eadb2c800f0ab77a348283a6/cmake/Modules/FindChipmunk.cmake#L40,# DarwinPorts,[],CMake,13,40,40
24703,u0u0/cocos2d-lua-community,https://github.com/u0u0/cocos2d-lua-community/blob/b82b6c743aef98b9eadb2c800f0ab77a348283a6/cmake/Modules/FindChipmunk.cmake#L41,# Blastwave,[],CMake,11,41,41
24703,u0u0/cocos2d-lua-community,https://github.com/u0u0/cocos2d-lua-community/blob/b82b6c743aef98b9eadb2c800f0ab77a348283a6/cmake/Modules/FindChipmunk.cmake#L64,# include the math library for Unix,[],CMake,2,64,64
24703,u0u0/cocos2d-lua-community,https://github.com/u0u0/cocos2d-lua-community/blob/b82b6c743aef98b9eadb2c800f0ab77a348283a6/cmake/Modules/FindChipmunk.cmake#L68,"# For Windows and Mac, don't need to explicitly include the math library",[],CMake,2,68,68
24703,u0u0/cocos2d-lua-community,https://github.com/u0u0/cocos2d-lua-community/blob/b82b6c743aef98b9eadb2c800f0ab77a348283a6/cmake/Modules/FindChipmunk.cmake#L75,"# handle the QUIETLY and REQUIRED arguments and set CHIPMUNK_FOUND to TRUE if 
# all listed variables are TRUE",[],CMake,0,75,76
24703,u0u0/cocos2d-lua-community,https://github.com/u0u0/cocos2d-lua-community/blob/b82b6c743aef98b9eadb2c800f0ab77a348283a6/cmake/Modules/FindFMOD.cmake#L1,"#.rst:
# FindFMOD
# ------------
#
# Locate FMOD Ex library
#
# This module defines
#
# ::
#
#   FMOD_LIBRARIES, the library to link against
#   FMOD_FOUND, if false, do not try to link to fmodex
#   FMOD_INCLUDE_DIRS, where to find headers.
#",[],CMake,0,1,14
24703,u0u0/cocos2d-lua-community,https://github.com/u0u0/cocos2d-lua-community/blob/b82b6c743aef98b9eadb2c800f0ab77a348283a6/cmake/Modules/FindFMOD.cmake#L24,# Fink,[],CMake,6,24,24
24703,u0u0/cocos2d-lua-community,https://github.com/u0u0/cocos2d-lua-community/blob/b82b6c743aef98b9eadb2c800f0ab77a348283a6/cmake/Modules/FindFMOD.cmake#L25,# DarwinPorts,[],CMake,13,25,25
24703,u0u0/cocos2d-lua-community,https://github.com/u0u0/cocos2d-lua-community/blob/b82b6c743aef98b9eadb2c800f0ab77a348283a6/cmake/Modules/FindFMOD.cmake#L26,# Blastwave,[],CMake,11,26,26
24703,u0u0/cocos2d-lua-community,https://github.com/u0u0/cocos2d-lua-community/blob/b82b6c743aef98b9eadb2c800f0ab77a348283a6/cmake/Modules/FindFMOD.cmake#L38,# Fink,[],CMake,6,38,38
24703,u0u0/cocos2d-lua-community,https://github.com/u0u0/cocos2d-lua-community/blob/b82b6c743aef98b9eadb2c800f0ab77a348283a6/cmake/Modules/FindFMOD.cmake#L39,# DarwinPorts,[],CMake,13,39,39
24703,u0u0/cocos2d-lua-community,https://github.com/u0u0/cocos2d-lua-community/blob/b82b6c743aef98b9eadb2c800f0ab77a348283a6/cmake/Modules/FindFMOD.cmake#L40,# Blastwave,[],CMake,11,40,40
24703,u0u0/cocos2d-lua-community,https://github.com/u0u0/cocos2d-lua-community/blob/b82b6c743aef98b9eadb2c800f0ab77a348283a6/cmake/Modules/FindFontconfig.cmake#L1,"# FindFontconfig
# --------------
#
# Locate Fontconfig library
#",[],CMake,0,1,5
24703,u0u0/cocos2d-lua-community,https://github.com/u0u0/cocos2d-lua-community/blob/b82b6c743aef98b9eadb2c800f0ab77a348283a6/cmake/Modules/FindGLFW3.cmake#L1,"#.rst:
# FindGLFW3
# ------------
#
# Locate glfw3 library
#
# This module defines
#
# ::
#
#   GLFW3_LIBRARIES, the library to link against
#   GLFW3_FOUND, if false, do not try to link to FREETYPE
#   GLFW3_INCLUDE_DIRS, where to find headers.
#   This is the concatenation of the paths:
#   GLFW3_INCLUDE_DIR
#
#=============================================================================
# Copyright 2014-2014 Martell Malone
#
# Distributed under the OSI-approved BSD License (the ""License"");
# see accompanying file Copyright.txt for details.
#
# This software is distributed WITHOUT ANY WARRANTY; without even the
# implied warranty of MERCHANTABILITY or FITNESS FOR A PARTICULAR PURPOSE.
# See the License for more information.
#=============================================================================
# (To distribute this file outside of CMake, substitute the full
#  License text for the above reference.)",[],CMake,0,1,28
24703,u0u0/cocos2d-lua-community,https://github.com/u0u0/cocos2d-lua-community/blob/b82b6c743aef98b9eadb2c800f0ab77a348283a6/cmake/Modules/FindGLFW3.cmake#L30,"# glfw has special requirements for linking (from docs: http://www.glfw.org/docs/latest/build.html)
# MINGW or MSVC + static ""glfw3"" -> link: opengl32, gdi32 (plus glu32 if use GLU)
# MINGW or MSVC + dynamic ""glfw3dll"" (but this not true ;) -> -DGLFW_DLL link: no
# UNIX + static -> pkg-config --static --libs
# UNIX + dynamic -> pkg-config --libs
# So... if we find dynamic version, no problems, but if we find static, we need to determine deps
#  but cmake can't simply say to us what kind of library it found. So we try to find static version
#  first, and then if nothing found, we repeat search for dynamic",[],CMake,0,30,37
24703,u0u0/cocos2d-lua-community,https://github.com/u0u0/cocos2d-lua-community/blob/b82b6c743aef98b9eadb2c800f0ab77a348283a6/cmake/Modules/FindGLFW3.cmake#L47,"# Save some global stuff that we change, to revert after work has been done",[],CMake,2,47,47
24703,u0u0/cocos2d-lua-community,https://github.com/u0u0/cocos2d-lua-community/blob/b82b6c743aef98b9eadb2c800f0ab77a348283a6/cmake/Modules/FindGLFW3.cmake#L51,"# add /usr/local/lib/pkgconfig to pkg-config search path (some linuxes do not do that, but glfw installs to taht prefix by default)",[],CMake,2,51,51
24703,u0u0/cocos2d-lua-community,https://github.com/u0u0/cocos2d-lua-community/blob/b82b6c743aef98b9eadb2c800f0ab77a348283a6/cmake/Modules/FindGLFW3.cmake#L57,# now try to find glfw with pkg-config,[],CMake,2,57,57
24703,u0u0/cocos2d-lua-community,https://github.com/u0u0/cocos2d-lua-community/blob/b82b6c743aef98b9eadb2c800f0ab77a348283a6/cmake/Modules/FindGLFW3.cmake#L61,# try to find static library,[],CMake,4,61,61
24703,u0u0/cocos2d-lua-community,https://github.com/u0u0/cocos2d-lua-community/blob/b82b6c743aef98b9eadb2c800f0ab77a348283a6/cmake/Modules/FindGLFW3.cmake#L65,"# also we include glfw3.h header, not GLFW/glfw3.h :(",[],CMake,4,65,65
24703,u0u0/cocos2d-lua-community,https://github.com/u0u0/cocos2d-lua-community/blob/b82b6c743aef98b9eadb2c800f0ab77a348283a6/cmake/Modules/FindGLFW3.cmake#L70,# glfw3 is static,[],CMake,6,70,70
24703,u0u0/cocos2d-lua-community,https://github.com/u0u0/cocos2d-lua-community/blob/b82b6c743aef98b9eadb2c800f0ab77a348283a6/cmake/Modules/FindGLFW3.cmake#L74,"# We also need to add any other LDFLAGS, but with additional fixup for Apple frameworks :(",[],CMake,6,74,74
24703,u0u0/cocos2d-lua-community,https://github.com/u0u0/cocos2d-lua-community/blob/b82b6c743aef98b9eadb2c800f0ab77a348283a6/cmake/Modules/FindGLFW3.cmake#L99,# glfw3 is dynamic,[],CMake,6,99,99
24703,u0u0/cocos2d-lua-community,https://github.com/u0u0/cocos2d-lua-community/blob/b82b6c743aef98b9eadb2c800f0ab77a348283a6/cmake/Modules/FindGLFW3.cmake#L109,# Restore global stuff,[],CMake,2,109,109
24703,u0u0/cocos2d-lua-community,https://github.com/u0u0/cocos2d-lua-community/blob/b82b6c743aef98b9eadb2c800f0ab77a348283a6/cmake/Modules/FindGLFW3.cmake#L114,# fallback if pkg-config method not work,[],CMake,0,114,114
24703,u0u0/cocos2d-lua-community,https://github.com/u0u0/cocos2d-lua-community/blob/b82b6c743aef98b9eadb2c800f0ab77a348283a6/cmake/Modules/FindGLFW3.cmake#L126,# Fink,[],CMake,8,126,126
24703,u0u0/cocos2d-lua-community,https://github.com/u0u0/cocos2d-lua-community/blob/b82b6c743aef98b9eadb2c800f0ab77a348283a6/cmake/Modules/FindGLFW3.cmake#L127,# DarwinPorts,[],CMake,15,127,127
24703,u0u0/cocos2d-lua-community,https://github.com/u0u0/cocos2d-lua-community/blob/b82b6c743aef98b9eadb2c800f0ab77a348283a6/cmake/Modules/FindGLFW3.cmake#L128,# Blastwave,[],CMake,13,128,128
24703,u0u0/cocos2d-lua-community,https://github.com/u0u0/cocos2d-lua-community/blob/b82b6c743aef98b9eadb2c800f0ab77a348283a6/cmake/Modules/FindGTK3.cmake#L1,"# - Try to find GTK3
#
# $Id: FindGTK3.cmake 39970 2011-11-21 15:39:25Z jmayer $
#
# Once done this will define
#
#  GTK3_FOUND - System has GTK3
#  GTK3_INCLUDE_DIRS - The GTK3 include directory
#  GTK3_LIBRARIES - The libraries needed to use GTK3
#  GTK3_DEFINITIONS - Compiler switches required for using GTK3
#=============================================================================
# Copyright 2011 Duncan Mac-Vicar P. <duncan@kde.org>
#
# Distributed under the OSI-approved BSD License (the ""License"");
# see accompanying file COPYING-CMAKE-SCRIPTS for details.
#
# This software is distributed WITHOUT ANY WARRANTY; without even the
# implied warranty of MERCHANTABILITY or FITNESS FOR A PARTICULAR PURPOSE.
# See the License for more information.
#=============================================================================
# (To distribute this file outside of CMake, substitute the full
#  License text for the above reference.)",[],CMake,0,1,22
24703,u0u0/cocos2d-lua-community,https://github.com/u0u0/cocos2d-lua-community/blob/b82b6c743aef98b9eadb2c800f0ab77a348283a6/cmake/Modules/FindGTK3.cmake#L24,"# use pkg-config to get the directories and then use these values
# in the FIND_PATH() and FIND_LIBRARY() calls",[],CMake,0,24,25
24703,u0u0/cocos2d-lua-community,https://github.com/u0u0/cocos2d-lua-community/blob/b82b6c743aef98b9eadb2c800f0ab77a348283a6/cmake/Modules/FindGTK3.cmake#L29,"# MESSAGE(STATUS ""PC_GTK3_LIBRARIES: ${PC_GTK3_LIBRARIES}"")
# MESSAGE(STATUS ""PC_GTK3_LIBRARY_DIRS: ${PC_GTK3_LIBRARY_DIRS}"")
# MESSAGE(STATUS ""PC_GTK3_LDFLAGS: ${PC_GTK3_LDFLAGS}"")
# MESSAGE(STATUS ""PC_GTK3_LDFLAGS_OTHER: ${PC_GTK3_LDFLAGS_OTHER}"")",[],CMake,0,29,32
24703,u0u0/cocos2d-lua-community,https://github.com/u0u0/cocos2d-lua-community/blob/b82b6c743aef98b9eadb2c800f0ab77a348283a6/cmake/Modules/FindGTK3.cmake#L36,"#FIND_PATH(GTK3_INCLUDE_DIR NAMES ""gtk/gtk.h""
#   HINTS
#   ${PC_GTK3_INCLUDEDIR}
#   ${PC_GTK3_INCLUDE_DIRS}
#   PATH_SUFFIXES ""gtk-3.0""
#   )",[],CMake,0,36,41
24703,u0u0/cocos2d-lua-community,https://github.com/u0u0/cocos2d-lua-community/blob/b82b6c743aef98b9eadb2c800f0ab77a348283a6/cmake/Modules/FindGTK3.cmake#L44,"#FIND_LIBRARY(GTK3_LIBRARIES NAMES gtk-3 gtk3
#   HINTS
#   ${PC_GTK3_LIBDIR}
#   ${PC_GTK3_LIBRARY_DIRS}
#   )",[],CMake,0,44,48
24703,u0u0/cocos2d-lua-community,https://github.com/u0u0/cocos2d-lua-community/blob/b82b6c743aef98b9eadb2c800f0ab77a348283a6/cmake/Modules/FindGTK3.cmake#L51,"# handle the QUIETLY and REQUIRED arguments and set GTK3_FOUND to TRUE if
# all listed variables are TRUE",[],CMake,0,51,52
24703,u0u0/cocos2d-lua-community,https://github.com/u0u0/cocos2d-lua-community/blob/b82b6c743aef98b9eadb2c800f0ab77a348283a6/cmake/Modules/FindMINIZIP.cmake#L1,"#.rst:
# FindMINIZIP
# ------------
#
# Locate minizip library (from zlib package)
#
# This module defines
#
# ::
#
#   MINIZIP_LIBRARIES, the library to link against
#   MINIZIP_FOUND, if false, do not try to link to fmodex
#   MINIZIP_INCLUDE_DIRS, where to find headers.
#",[],CMake,0,1,14
24703,u0u0/cocos2d-lua-community,https://github.com/u0u0/cocos2d-lua-community/blob/b82b6c743aef98b9eadb2c800f0ab77a348283a6/cmake/Modules/FindMINIZIP.cmake#L16,# Try pkg-config first,[],CMake,0,16,16
24703,u0u0/cocos2d-lua-community,https://github.com/u0u0/cocos2d-lua-community/blob/b82b6c743aef98b9eadb2c800f0ab77a348283a6/cmake/Modules/FindMINIZIP.cmake#L33,# Fink,[],CMake,6,33,33
24703,u0u0/cocos2d-lua-community,https://github.com/u0u0/cocos2d-lua-community/blob/b82b6c743aef98b9eadb2c800f0ab77a348283a6/cmake/Modules/FindMINIZIP.cmake#L34,# DarwinPorts,[],CMake,13,34,34
24703,u0u0/cocos2d-lua-community,https://github.com/u0u0/cocos2d-lua-community/blob/b82b6c743aef98b9eadb2c800f0ab77a348283a6/cmake/Modules/FindMINIZIP.cmake#L35,# Blastwave,[],CMake,11,35,35
24703,u0u0/cocos2d-lua-community,https://github.com/u0u0/cocos2d-lua-community/blob/b82b6c743aef98b9eadb2c800f0ab77a348283a6/cmake/Modules/FindMINIZIP.cmake#L47,# Fink,[],CMake,6,47,47
24703,u0u0/cocos2d-lua-community,https://github.com/u0u0/cocos2d-lua-community/blob/b82b6c743aef98b9eadb2c800f0ab77a348283a6/cmake/Modules/FindMINIZIP.cmake#L48,# DarwinPorts,[],CMake,13,48,48
24703,u0u0/cocos2d-lua-community,https://github.com/u0u0/cocos2d-lua-community/blob/b82b6c743aef98b9eadb2c800f0ab77a348283a6/cmake/Modules/FindMINIZIP.cmake#L49,# Blastwave,[],CMake,11,49,49
24703,u0u0/cocos2d-lua-community,https://github.com/u0u0/cocos2d-lua-community/blob/b82b6c743aef98b9eadb2c800f0ab77a348283a6/cmake/Modules/FindMPG123.cmake#L1,"# - Find mpg123
# Find the native mpg123 includes and libraries
#
#  MPG123_INCLUDE_DIRS - where to find mpg123.h, etc.
#  MPG123_LIBRARIES    - List of libraries when using mpg123.
#  MPG123_FOUND        - True if mpg123 found.",[],CMake,0,1,6
24703,u0u0/cocos2d-lua-community,https://github.com/u0u0/cocos2d-lua-community/blob/b82b6c743aef98b9eadb2c800f0ab77a348283a6/cmake/Modules/FindOgg.cmake#L1,"# - Find ogg
# Find the native ogg includes and libraries
#
#  OGG_INCLUDE_DIRS - where to find ogg.h, etc.
#  OGG_LIBRARIES    - List of libraries when using ogg.
#  OGG_FOUND        - True if ogg found.",[],CMake,0,1,6
24703,u0u0/cocos2d-lua-community,https://github.com/u0u0/cocos2d-lua-community/blob/b82b6c743aef98b9eadb2c800f0ab77a348283a6/cmake/Modules/FindOgg.cmake#L9,"# MSVC built ogg may be named ogg_static.
# The provided project files name the library with the lib prefix.",[],CMake,0,9,10
24703,u0u0/cocos2d-lua-community,https://github.com/u0u0/cocos2d-lua-community/blob/b82b6c743aef98b9eadb2c800f0ab77a348283a6/cmake/Modules/FindOgg.cmake#L12,"# Handle the QUIETLY and REQUIRED arguments and set OGG_FOUND
# to TRUE if all listed variables are TRUE.",[],CMake,0,12,13
24703,u0u0/cocos2d-lua-community,https://github.com/u0u0/cocos2d-lua-community/blob/b82b6c743aef98b9eadb2c800f0ab77a348283a6/cmake/Modules/FindRecast.cmake#L1,"#.rst:
# FindRecast
# ------------
#
# Locate RECAST library
#
# This module defines
#
# ::
#
#   RECAST_LIBRARIES, the library to link against
#   RECAST_FOUND, the libraries needed to use RECAST
#   RECAST_INCLUDE_DIRS, where to find headers.
#",[],CMake,0,1,14
24703,u0u0/cocos2d-lua-community,https://github.com/u0u0/cocos2d-lua-community/blob/b82b6c743aef98b9eadb2c800f0ab77a348283a6/cmake/Modules/FindSQLite3.cmake#L1,"# Find SQLite3
#
#  SQLITE3_INCLUDE_DIRS - where to find sqlite3.h header.
#  SQLITE3_LIBRARIES    - List of SQLite3 libraries.
#  SQLITE3_FOUND        - True if SQLite3 found.",[],CMake,0,1,5
24703,u0u0/cocos2d-lua-community,https://github.com/u0u0/cocos2d-lua-community/blob/b82b6c743aef98b9eadb2c800f0ab77a348283a6/cmake/Modules/FindSQLite3.cmake#L37,#these next two are needed by the CocosBuildHelpers cocos_find_package macro,[],CMake,1,37,37
24703,u0u0/cocos2d-lua-community,https://github.com/u0u0/cocos2d-lua-community/blob/b82b6c743aef98b9eadb2c800f0ab77a348283a6/cmake/Modules/FindTinyXML2.cmake#L1,"#.rst:
# FindTinyXML2
# ------------
#
# Locate tinyxml2 library
#
# This module defines
#
# ::
#
#   TINYXML2_LIBRARIES, the library to link against
#   TINYXML2_FOUND, if false, do not try to link to tinyxml2
#   TINYXML2_INCLUDE_DIRS, where to find headers.
#",[],CMake,0,1,14
24703,u0u0/cocos2d-lua-community,https://github.com/u0u0/cocos2d-lua-community/blob/b82b6c743aef98b9eadb2c800f0ab77a348283a6/cmake/Modules/FindTinyXML2.cmake#L24,# Fink,[],CMake,6,24,24
24703,u0u0/cocos2d-lua-community,https://github.com/u0u0/cocos2d-lua-community/blob/b82b6c743aef98b9eadb2c800f0ab77a348283a6/cmake/Modules/FindTinyXML2.cmake#L25,# DarwinPorts,[],CMake,13,25,25
24703,u0u0/cocos2d-lua-community,https://github.com/u0u0/cocos2d-lua-community/blob/b82b6c743aef98b9eadb2c800f0ab77a348283a6/cmake/Modules/FindTinyXML2.cmake#L26,# Blastwave,[],CMake,11,26,26
24703,u0u0/cocos2d-lua-community,https://github.com/u0u0/cocos2d-lua-community/blob/b82b6c743aef98b9eadb2c800f0ab77a348283a6/cmake/Modules/FindVorbis.cmake#L1,"# - Find vorbis
# Find the native vorbis includes and libraries
#
#  VORBIS_INCLUDE_DIRS - where to find vorbis.h, etc.
#  VORBIS_LIBRARIES    - List of libraries when using vorbis(file).
#  VORBIS_FOUND        - True if vorbis found.",[],CMake,0,1,6
24703,u0u0/cocos2d-lua-community,https://github.com/u0u0/cocos2d-lua-community/blob/b82b6c743aef98b9eadb2c800f0ab77a348283a6/cmake/Modules/FindVorbis.cmake#L11,"# MSVC built vorbis may be named vorbis_static
# The provided project files name the library with the lib prefix.",[],CMake,1,11,12
24703,u0u0/cocos2d-lua-community,https://github.com/u0u0/cocos2d-lua-community/blob/b82b6c743aef98b9eadb2c800f0ab77a348283a6/cmake/Modules/FindVorbis.cmake#L15,"# Handle the QUIETLY and REQUIRED arguments and set VORBIS_FOUND
# to TRUE if all listed variables are TRUE.",[],CMake,1,15,16
24703,u0u0/cocos2d-lua-community,https://github.com/u0u0/cocos2d-lua-community/blob/b82b6c743aef98b9eadb2c800f0ab77a348283a6/cmake/Modules/FindWEBSOCKETS.cmake#L1,"#.rst:
# FindWEBSOCKETS
# --------
#
# Find websockets library
#
# ::
#
#   WEBSOCKETS_INCLUDE_DIRS, where to find libwebsockets.h.
#   WEBSOCKETS_LIBRARIES, the libraries needed to use WEBSOCKETS.
#   WEBSOCKETS_FOUND, If false, do not try to use WEBSOCKETS.
#",[],CMake,0,1,12
24703,u0u0/cocos2d-lua-community,https://github.com/u0u0/cocos2d-lua-community/blob/b82b6c743aef98b9eadb2c800f0ab77a348283a6/cmake/Modules/FindWEBSOCKETS.cmake#L22,# Fink,[],CMake,6,22,22
24703,u0u0/cocos2d-lua-community,https://github.com/u0u0/cocos2d-lua-community/blob/b82b6c743aef98b9eadb2c800f0ab77a348283a6/cmake/Modules/FindWEBSOCKETS.cmake#L23,# DarwinPorts,[],CMake,13,23,23
24703,u0u0/cocos2d-lua-community,https://github.com/u0u0/cocos2d-lua-community/blob/b82b6c743aef98b9eadb2c800f0ab77a348283a6/cmake/Modules/FindWEBSOCKETS.cmake#L24,# Blastwave,[],CMake,11,24,24
24703,u0u0/cocos2d-lua-community,https://github.com/u0u0/cocos2d-lua-community/blob/b82b6c743aef98b9eadb2c800f0ab77a348283a6/cmake/Modules/FindWebP.cmake#L1,"#.rst:
# FindWebP
# ------------
#
# Locate webp library
#
# This module defines
#
# ::
#
#   WEBP_LIBRARIES, the library to link against
#   WEBP_FOUND, if false, do not try to link to FREETYPE
#   WEBP_INCLUDE_DIRS, where to find headers.
#   This is the concatenation of the paths:
#   WEBP_INCLUDE_DIR
#
#=============================================================================
# Copyright 2014-2014 Martell Malone
#
# Distributed under the OSI-approved BSD License (the ""License"");
# see accompanying file Copyright.txt for details.
#
# This software is distributed WITHOUT ANY WARRANTY; without even the
# implied warranty of MERCHANTABILITY or FITNESS FOR A PARTICULAR PURPOSE.
# See the License for more information.
#=============================================================================
# (To distribute this file outside of CMake, substitute the full
#  License text for the above reference.)",[],CMake,0,1,28
24703,u0u0/cocos2d-lua-community,https://github.com/u0u0/cocos2d-lua-community/blob/b82b6c743aef98b9eadb2c800f0ab77a348283a6/cmake/Modules/FindWebP.cmake#L39,# Fink,[],CMake,6,39,39
24703,u0u0/cocos2d-lua-community,https://github.com/u0u0/cocos2d-lua-community/blob/b82b6c743aef98b9eadb2c800f0ab77a348283a6/cmake/Modules/FindWebP.cmake#L40,# DarwinPorts,[],CMake,13,40,40
24703,u0u0/cocos2d-lua-community,https://github.com/u0u0/cocos2d-lua-community/blob/b82b6c743aef98b9eadb2c800f0ab77a348283a6/cmake/Modules/FindWebP.cmake#L41,# Blastwave,[],CMake,11,41,41
24703,u0u0/cocos2d-lua-community,https://github.com/u0u0/cocos2d-lua-community/blob/b82b6c743aef98b9eadb2c800f0ab77a348283a6/cmake/Modules/FindWebP.cmake#L65,"# handle the QUIETLY and REQUIRED arguments and set WEBP_FOUND to TRUE if 
# all listed variables are TRUE",[],CMake,0,65,66
24703,u0u0/cocos2d-lua-community,https://github.com/u0u0/cocos2d-lua-community/blob/b82b6c743aef98b9eadb2c800f0ab77a348283a6/cmake/Modules/Findflatbuffers.cmake#L1,"#.rst:
# Findflatbuffers
# ------------
#
# Locate flatbuffers library
#
# This module defines
#
# ::
#
#   FLATBUFFERS_LIBRARIES, the library to link against
#   FLATBUFFERS_FOUND, the libraries needed to use flatbuffers
#   FLATBUFFERS_INCLUDE_DIRS, where to find headers.
#",[],CMake,0,1,14
24703,u0u0/cocos2d-lua-community,https://github.com/u0u0/cocos2d-lua-community/blob/b82b6c743aef98b9eadb2c800f0ab77a348283a6/cmake/Modules/Findxxhash.cmake#L1,"#.rst:
# Findxxhash
# ------------
#
# Locate xxhash library
#
# This module defines
#
# ::
#
#   XXHASH_LIBRARIES, the library to link against
#   XXHASH_FOUND, the libraries needed to use flatbuffers
#   XXHASH_INCLUDE_DIRS, where to find headers.
#",[],CMake,0,1,14
24703,u0u0/cocos2d-lua-community,https://github.com/u0u0/cocos2d-lua-community/blob/b82b6c743aef98b9eadb2c800f0ab77a348283a6/cmake/Modules/PreventInSourceBuilds.cmake#L1,"# Adapated from ITKv4/CMake/PreventInSourceBuilds.cmake
#
# This function will prevent in-source builds",[],CMake,0,1,3
24703,u0u0/cocos2d-lua-community,https://github.com/u0u0/cocos2d-lua-community/blob/b82b6c743aef98b9eadb2c800f0ab77a348283a6/cmake/Modules/PreventInSourceBuilds.cmake#L5,# make sure the user doesn't play dirty with symlinks,[],CMake,2,5,5
24703,u0u0/cocos2d-lua-community,https://github.com/u0u0/cocos2d-lua-community/blob/b82b6c743aef98b9eadb2c800f0ab77a348283a6/cmake/Modules/PreventInSourceBuilds.cmake#L9,# disallow in-source builds,[],CMake,2,9,9
24703,u0u0/cocos2d-lua-community,https://github.com/u0u0/cocos2d-lua-community/blob/b82b6c743aef98b9eadb2c800f0ab77a348283a6/external/cmake/CocosExternalConfig.cmake#L2,# set friendly platform define,[],CMake,0,2,2
24703,u0u0/cocos2d-lua-community,https://github.com/u0u0/cocos2d-lua-community/blob/b82b6c743aef98b9eadb2c800f0ab77a348283a6/external/cmake/CocosExternalConfig.cmake#L26,# set platform specific path,[],CMake,0,26,26
