repoIndex,repoName,linkLocation,comment,keywords,buildSysteminFile,charPosition,startLine,endLine
24852,tstack/lnav,https://github.com/tstack/lnav/blob/a437d9fcc9e93d2388488cc8dff9e0f7f07effb4/src/Makefile.am#L159,"# emojis.json is from https://gist.github.com/oliveratgithub/0bf11a9aff0d6da7b46f1490f86a71eb/
# xml-entities.json is from https://html.spec.whatwg.org/entities.json",[],Autotool,0,159,160
24852,tstack/lnav,https://github.com/tstack/lnav/blob/a437d9fcc9e93d2388488cc8dff9e0f7f07effb4/test/Makefile.am#L27,"# AM_CFLAGS = -fprofile-arcs -ftest-coverage
# AM_CXXFLAGS = -fprofile-arcs -ftest-coverage",[],Autotool,0,27,28
24852,tstack/lnav,https://github.com/tstack/lnav/blob/a437d9fcc9e93d2388488cc8dff9e0f7f07effb4/configure.ac#L50,"dnl abssrcdir is the absolute path to the source base (regardless of where
dnl you are building it)",[],Autotool,0,50,51
24852,tstack/lnav,https://github.com/tstack/lnav/blob/a437d9fcc9e93d2388488cc8dff9e0f7f07effb4/configure.ac#L107,"# Sometimes, curses depends on these libraries being linked in...",[],Autotool,0,107,107
24852,tstack/lnav,https://github.com/tstack/lnav/blob/a437d9fcc9e93d2388488cc8dff9e0f7f07effb4/configure.ac#L125,"dnl libgpm is required on some systems where there is a misconfigured ncurses
dnl and gpm libraries with interdependencies. This check is not required on OS X.",[],Autotool,0,125,126
24852,tstack/lnav,https://github.com/tstack/lnav/blob/a437d9fcc9e93d2388488cc8dff9e0f7f07effb4/configure.ac#L134,dnl,[],Autotool,57,134,134
24852,tstack/lnav,https://github.com/tstack/lnav/blob/a437d9fcc9e93d2388488cc8dff9e0f7f07effb4/configure.ac#L141,dnl Experimental SIMD features.,[],Autotool,0,141,141
24852,tstack/lnav,https://github.com/tstack/lnav/blob/a437d9fcc9e93d2388488cc8dff9e0f7f07effb4/configure.ac#L168,dnl,[],Autotool,48,168,168
24852,tstack/lnav,https://github.com/tstack/lnav/blob/a437d9fcc9e93d2388488cc8dff9e0f7f07effb4/configure.ac#L183,dnl,[],Autotool,75,183,183
24852,tstack/lnav,https://github.com/tstack/lnav/blob/a437d9fcc9e93d2388488cc8dff9e0f7f07effb4/configure.ac#L194,"dnl case ""$host_os"" in
dnl     *)
dnl         # AC_DEFINE([_XOPEN_SOURCE], [500], [Need pread])
dnl         AC_DEFINE([_DEFAULT_SOURCE], [1], [Need pread])
dnl         AC_DEFINE([_BSD_SOURCE], [1], [Need pread])
dnl         ;;
dnl esac",[],Autotool,0,194,200
24852,tstack/lnav,https://github.com/tstack/lnav/blob/a437d9fcc9e93d2388488cc8dff9e0f7f07effb4/configure.ac#L285,dnl,[],Autotool,87,285,285
24852,tstack/lnav,https://github.com/tstack/lnav/blob/a437d9fcc9e93d2388488cc8dff9e0f7f07effb4/configure.ac#L286,dnl,[],Autotool,18,286,286
24852,tstack/lnav,https://github.com/tstack/lnav/blob/a437d9fcc9e93d2388488cc8dff9e0f7f07effb4/configure.ac#L292,dnl,[],Autotool,10,292,292
24852,tstack/lnav,https://github.com/tstack/lnav/blob/a437d9fcc9e93d2388488cc8dff9e0f7f07effb4/CMakeLists.txt#L40,# add_subdirectory(test),[],CMake,0,40,40
24852,tstack/lnav,https://github.com/tstack/lnav/blob/a437d9fcc9e93d2388488cc8dff9e0f7f07effb4/CMakeLists.txt#L42,# ---- Install rules ----,[],CMake,0,42,42
24852,tstack/lnav,https://github.com/tstack/lnav/blob/a437d9fcc9e93d2388488cc8dff9e0f7f07effb4/CMakeLists.txt#L48,# ---- Developer mode ----,[],CMake,0,48,48
24852,tstack/lnav,https://github.com/tstack/lnav/blob/a437d9fcc9e93d2388488cc8dff9e0f7f07effb4/cmake/CodeCoverage.cmake#L117,# Check prereqs,[],CMake,0,117,117
24852,tstack/lnav,https://github.com/tstack/lnav/blob/a437d9fcc9e93d2388488cc8dff9e0f7f07effb4/cmake/CodeCoverage.cmake#L126,# NOT GCOV_PATH,[],CMake,8,126,126
24852,tstack/lnav,https://github.com/tstack/lnav/blob/a437d9fcc9e93d2388488cc8dff9e0f7f07effb4/cmake/CodeCoverage.cmake#L136,# Do nothing; exit conditional without error if true,[],CMake,8,136,136
24852,tstack/lnav,https://github.com/tstack/lnav/blob/a437d9fcc9e93d2388488cc8dff9e0f7f07effb4/cmake/CodeCoverage.cmake#L138,# Do nothing; exit conditional without error if true,[],CMake,8,138,138
24852,tstack/lnav,https://github.com/tstack/lnav/blob/a437d9fcc9e93d2388488cc8dff9e0f7f07effb4/cmake/CodeCoverage.cmake#L176,"# NOT CMAKE_BUILD_TYPE STREQUAL ""Debug""",[],CMake,8,176,176
24852,tstack/lnav,https://github.com/tstack/lnav/blob/a437d9fcc9e93d2388488cc8dff9e0f7f07effb4/cmake/CodeCoverage.cmake#L182,"# Defines a target for running and collection code coverage information
# Builds dependencies, runs the given executable and outputs reports.
# NOTE! The executable should always have a ZERO as exit code otherwise
# the coverage generation will not complete.
#
# setup_target_for_coverage_lcov(
#     NAME testrunner_coverage                    # New target name
#     EXECUTABLE testrunner -j ${PROCESSOR_COUNT} # Executable in PROJECT_BINARY_DIR
#     DEPENDENCIES testrunner                     # Dependencies to build first
#     BASE_DIRECTORY ""../""                        # Base directory for report
#                                                 #  (defaults to PROJECT_SOURCE_DIR)
#     EXCLUDE ""src/dir1/*"" ""src/dir2/*""           # Patterns to exclude (can be relative
#                                                 #  to BASE_DIRECTORY, with CMake 3.4+)
#     NO_DEMANGLE                                 # Don't demangle C++ symbols
#                                                 #  even if c++filt is found
# )",[],CMake,0,182,197
24852,tstack/lnav,https://github.com/tstack/lnav/blob/a437d9fcc9e93d2388488cc8dff9e0f7f07effb4/cmake/CodeCoverage.cmake#L207,# NOT LCOV_PATH,[],CMake,12,207,207
24852,tstack/lnav,https://github.com/tstack/lnav/blob/a437d9fcc9e93d2388488cc8dff9e0f7f07effb4/cmake/CodeCoverage.cmake#L211,# NOT GENHTML_PATH,[],CMake,12,211,211
24852,tstack/lnav,https://github.com/tstack/lnav/blob/a437d9fcc9e93d2388488cc8dff9e0f7f07effb4/cmake/CodeCoverage.cmake#L213,"# Set base directory (as absolute path), or default to PROJECT_SOURCE_DIR",[],CMake,4,213,213
24852,tstack/lnav,https://github.com/tstack/lnav/blob/a437d9fcc9e93d2388488cc8dff9e0f7f07effb4/cmake/CodeCoverage.cmake#L220,# Collect excludes (CMake 3.4+: Also compute absolute paths),[],CMake,4,220,220
24852,tstack/lnav,https://github.com/tstack/lnav/blob/a437d9fcc9e93d2388488cc8dff9e0f7f07effb4/cmake/CodeCoverage.cmake#L230,# Conditional arguments,[],CMake,4,230,230
24852,tstack/lnav,https://github.com/tstack/lnav/blob/a437d9fcc9e93d2388488cc8dff9e0f7f07effb4/cmake/CodeCoverage.cmake#L235,# Setup target,[],CMake,4,235,235
24852,tstack/lnav,https://github.com/tstack/lnav/blob/a437d9fcc9e93d2388488cc8dff9e0f7f07effb4/cmake/CodeCoverage.cmake#L238,# Cleanup lcov,[],CMake,8,238,238
24852,tstack/lnav,https://github.com/tstack/lnav/blob/a437d9fcc9e93d2388488cc8dff9e0f7f07effb4/cmake/CodeCoverage.cmake#L240,# Create baseline to make sure untouched files show up in the report,[],CMake,8,240,240
24852,tstack/lnav,https://github.com/tstack/lnav/blob/a437d9fcc9e93d2388488cc8dff9e0f7f07effb4/cmake/CodeCoverage.cmake#L243,# Run tests,[],CMake,8,243,243
24852,tstack/lnav,https://github.com/tstack/lnav/blob/a437d9fcc9e93d2388488cc8dff9e0f7f07effb4/cmake/CodeCoverage.cmake#L246,# Capturing lcov counters and generating report,[],CMake,8,246,246
24852,tstack/lnav,https://github.com/tstack/lnav/blob/a437d9fcc9e93d2388488cc8dff9e0f7f07effb4/cmake/CodeCoverage.cmake#L248,# add baseline counters,[],CMake,8,248,248
24852,tstack/lnav,https://github.com/tstack/lnav/blob/a437d9fcc9e93d2388488cc8dff9e0f7f07effb4/cmake/CodeCoverage.cmake#L250,# filter collected data to final coverage report,[],CMake,8,250,250
24852,tstack/lnav,https://github.com/tstack/lnav/blob/a437d9fcc9e93d2388488cc8dff9e0f7f07effb4/cmake/CodeCoverage.cmake#L253,# Generate HTML output,[],CMake,8,253,253
24852,tstack/lnav,https://github.com/tstack/lnav/blob/a437d9fcc9e93d2388488cc8dff9e0f7f07effb4/cmake/CodeCoverage.cmake#L256,# Set output files as GENERATED (will be removed on 'make clean'),[],CMake,8,256,256
24852,tstack/lnav,https://github.com/tstack/lnav/blob/a437d9fcc9e93d2388488cc8dff9e0f7f07effb4/cmake/CodeCoverage.cmake#L262,# report directory,[],CMake,30,262,262
24852,tstack/lnav,https://github.com/tstack/lnav/blob/a437d9fcc9e93d2388488cc8dff9e0f7f07effb4/cmake/CodeCoverage.cmake#L266,# Protect arguments to commands,[],CMake,17,266,266
24852,tstack/lnav,https://github.com/tstack/lnav/blob/a437d9fcc9e93d2388488cc8dff9e0f7f07effb4/cmake/CodeCoverage.cmake#L270,# Show where to find the lcov info report,[],CMake,4,270,270
24852,tstack/lnav,https://github.com/tstack/lnav/blob/a437d9fcc9e93d2388488cc8dff9e0f7f07effb4/cmake/CodeCoverage.cmake#L276,# Show info where to find the report,[],CMake,4,276,276
24852,tstack/lnav,https://github.com/tstack/lnav/blob/a437d9fcc9e93d2388488cc8dff9e0f7f07effb4/cmake/CodeCoverage.cmake#L282,# setup_target_for_coverage_lcov,[],CMake,14,282,282
24852,tstack/lnav,https://github.com/tstack/lnav/blob/a437d9fcc9e93d2388488cc8dff9e0f7f07effb4/cmake/CodeCoverage.cmake#L284,"# Defines a target for running and collection code coverage information
# Builds dependencies, runs the given executable and outputs reports.
# NOTE! The executable should always have a ZERO as exit code otherwise
# the coverage generation will not complete.
#
# setup_target_for_coverage_gcovr_xml(
#     NAME ctest_coverage                    # New target name
#     EXECUTABLE ctest -j ${PROCESSOR_COUNT} # Executable in PROJECT_BINARY_DIR
#     DEPENDENCIES executable_target         # Dependencies to build first
#     BASE_DIRECTORY ""../""                   # Base directory for report
#                                            #  (defaults to PROJECT_SOURCE_DIR)
#     EXCLUDE ""src/dir1/*"" ""src/dir2/*""      # Patterns to exclude (can be relative
#                                            #  to BASE_DIRECTORY, with CMake 3.4+)
# )",[],CMake,0,284,297
24852,tstack/lnav,https://github.com/tstack/lnav/blob/a437d9fcc9e93d2388488cc8dff9e0f7f07effb4/cmake/CodeCoverage.cmake#L307,# NOT GCOVR_PATH,[],CMake,12,307,307
24852,tstack/lnav,https://github.com/tstack/lnav/blob/a437d9fcc9e93d2388488cc8dff9e0f7f07effb4/cmake/CodeCoverage.cmake#L309,"# Set base directory (as absolute path), or default to PROJECT_SOURCE_DIR",[],CMake,4,309,309
24852,tstack/lnav,https://github.com/tstack/lnav/blob/a437d9fcc9e93d2388488cc8dff9e0f7f07effb4/cmake/CodeCoverage.cmake#L316,# Collect excludes (CMake 3.4+: Also compute absolute paths),[],CMake,4,316,316
24852,tstack/lnav,https://github.com/tstack/lnav/blob/a437d9fcc9e93d2388488cc8dff9e0f7f07effb4/cmake/CodeCoverage.cmake#L326,# Combine excludes to several -e arguments,[],CMake,4,326,326
24852,tstack/lnav,https://github.com/tstack/lnav/blob/a437d9fcc9e93d2388488cc8dff9e0f7f07effb4/cmake/CodeCoverage.cmake#L334,# Run tests,[],CMake,8,334,334
24852,tstack/lnav,https://github.com/tstack/lnav/blob/a437d9fcc9e93d2388488cc8dff9e0f7f07effb4/cmake/CodeCoverage.cmake#L337,# Running gcovr,[],CMake,8,337,337
24852,tstack/lnav,https://github.com/tstack/lnav/blob/a437d9fcc9e93d2388488cc8dff9e0f7f07effb4/cmake/CodeCoverage.cmake#L345,# Protect arguments to commands,[],CMake,17,345,345
24852,tstack/lnav,https://github.com/tstack/lnav/blob/a437d9fcc9e93d2388488cc8dff9e0f7f07effb4/cmake/CodeCoverage.cmake#L349,# Show info where to find the report,[],CMake,4,349,349
24852,tstack/lnav,https://github.com/tstack/lnav/blob/a437d9fcc9e93d2388488cc8dff9e0f7f07effb4/cmake/CodeCoverage.cmake#L354,# setup_target_for_coverage_gcovr_xml,[],CMake,14,354,354
24852,tstack/lnav,https://github.com/tstack/lnav/blob/a437d9fcc9e93d2388488cc8dff9e0f7f07effb4/cmake/CodeCoverage.cmake#L356,"# Defines a target for running and collection code coverage information
# Builds dependencies, runs the given executable and outputs reports.
# NOTE! The executable should always have a ZERO as exit code otherwise
# the coverage generation will not complete.
#
# setup_target_for_coverage_gcovr_html(
#     NAME ctest_coverage                    # New target name
#     EXECUTABLE ctest -j ${PROCESSOR_COUNT} # Executable in PROJECT_BINARY_DIR
#     DEPENDENCIES executable_target         # Dependencies to build first
#     BASE_DIRECTORY ""../""                   # Base directory for report
#                                            #  (defaults to PROJECT_SOURCE_DIR)
#     EXCLUDE ""src/dir1/*"" ""src/dir2/*""      # Patterns to exclude (can be relative
#                                            #  to BASE_DIRECTORY, with CMake 3.4+)
# )",[],CMake,0,356,369
24852,tstack/lnav,https://github.com/tstack/lnav/blob/a437d9fcc9e93d2388488cc8dff9e0f7f07effb4/cmake/CodeCoverage.cmake#L379,# NOT GCOVR_PATH,[],CMake,12,379,379
24852,tstack/lnav,https://github.com/tstack/lnav/blob/a437d9fcc9e93d2388488cc8dff9e0f7f07effb4/cmake/CodeCoverage.cmake#L381,"# Set base directory (as absolute path), or default to PROJECT_SOURCE_DIR",[],CMake,4,381,381
24852,tstack/lnav,https://github.com/tstack/lnav/blob/a437d9fcc9e93d2388488cc8dff9e0f7f07effb4/cmake/CodeCoverage.cmake#L388,# Collect excludes (CMake 3.4+: Also compute absolute paths),[],CMake,4,388,388
24852,tstack/lnav,https://github.com/tstack/lnav/blob/a437d9fcc9e93d2388488cc8dff9e0f7f07effb4/cmake/CodeCoverage.cmake#L398,# Combine excludes to several -e arguments,[],CMake,4,398,398
24852,tstack/lnav,https://github.com/tstack/lnav/blob/a437d9fcc9e93d2388488cc8dff9e0f7f07effb4/cmake/CodeCoverage.cmake#L406,# Run tests,[],CMake,8,406,406
24852,tstack/lnav,https://github.com/tstack/lnav/blob/a437d9fcc9e93d2388488cc8dff9e0f7f07effb4/cmake/CodeCoverage.cmake#L409,# Create folder,[],CMake,8,409,409
24852,tstack/lnav,https://github.com/tstack/lnav/blob/a437d9fcc9e93d2388488cc8dff9e0f7f07effb4/cmake/CodeCoverage.cmake#L412,# Running gcovr,[],CMake,8,412,412
24852,tstack/lnav,https://github.com/tstack/lnav/blob/a437d9fcc9e93d2388488cc8dff9e0f7f07effb4/cmake/CodeCoverage.cmake#L418,# report directory,[],CMake,59,418,418
24852,tstack/lnav,https://github.com/tstack/lnav/blob/a437d9fcc9e93d2388488cc8dff9e0f7f07effb4/cmake/CodeCoverage.cmake#L421,# Protect arguments to commands,[],CMake,17,421,421
24852,tstack/lnav,https://github.com/tstack/lnav/blob/a437d9fcc9e93d2388488cc8dff9e0f7f07effb4/cmake/CodeCoverage.cmake#L425,# Show info where to find the report,[],CMake,4,425,425
24852,tstack/lnav,https://github.com/tstack/lnav/blob/a437d9fcc9e93d2388488cc8dff9e0f7f07effb4/cmake/CodeCoverage.cmake#L431,# setup_target_for_coverage_gcovr_html,[],CMake,14,431,431
24852,tstack/lnav,https://github.com/tstack/lnav/blob/a437d9fcc9e93d2388488cc8dff9e0f7f07effb4/cmake/CodeCoverage.cmake#L438,# append_coverage_compiler_flags,[],CMake,14,438,438
24852,tstack/lnav,https://github.com/tstack/lnav/blob/a437d9fcc9e93d2388488cc8dff9e0f7f07effb4/cmake/HunterGate.cmake#L1,"# Copyright (c) 2013-2019, Ruslan Baratov
# All rights reserved.
#
# Redistribution and use in source and binary forms, with or without
# modification, are permitted provided that the following conditions are met:
#
# * Redistributions of source code must retain the above copyright notice, this
#   list of conditions and the following disclaimer.
#
# * Redistributions in binary form must reproduce the above copyright notice,
#   this list of conditions and the following disclaimer in the documentation
#   and/or other materials provided with the distribution.
#
# THIS SOFTWARE IS PROVIDED BY THE COPYRIGHT HOLDERS AND CONTRIBUTORS ""AS IS""
# AND ANY EXPRESS OR IMPLIED WARRANTIES, INCLUDING, BUT NOT LIMITED TO, THE
# IMPLIED WARRANTIES OF MERCHANTABILITY AND FITNESS FOR A PARTICULAR PURPOSE ARE
# DISCLAIMED. IN NO EVENT SHALL THE COPYRIGHT HOLDER OR CONTRIBUTORS BE LIABLE
# FOR ANY DIRECT, INDIRECT, INCIDENTAL, SPECIAL, EXEMPLARY, OR CONSEQUENTIAL
# DAMAGES (INCLUDING, BUT NOT LIMITED TO, PROCUREMENT OF SUBSTITUTE GOODS OR
# SERVICES; LOSS OF USE, DATA, OR PROFITS; OR BUSINESS INTERRUPTION) HOWEVER
# CAUSED AND ON ANY THEORY OF LIABILITY, WHETHER IN CONTRACT, STRICT LIABILITY,
# OR TORT (INCLUDING NEGLIGENCE OR OTHERWISE) ARISING IN ANY WAY OUT OF THE USE
# OF THIS SOFTWARE, EVEN IF ADVISED OF THE POSSIBILITY OF SUCH DAMAGE.",[],CMake,0,1,23
24852,tstack/lnav,https://github.com/tstack/lnav/blob/a437d9fcc9e93d2388488cc8dff9e0f7f07effb4/cmake/HunterGate.cmake#L25,"# This is a gate file to Hunter package manager.
# Include this file using `include` command and add package you need, example:
#
#     cmake_minimum_required(VERSION 3.2)
#
#     include(""cmake/HunterGate.cmake"")
#     HunterGate(
#         URL ""https://github.com/path/to/hunter/archive.tar.gz""
#         SHA1 ""798501e983f14b28b10cda16afa4de69eee1da1d""
#     )
#
#     project(MyProject)
#
#     hunter_add_package(Foo)
#     hunter_add_package(Boo COMPONENTS Bar Baz)
#
# Projects:
#     * https://github.com/hunter-packages/gate/
#     * https://github.com/ruslo/hunter",[],CMake,0,25,43
24852,tstack/lnav,https://github.com/tstack/lnav/blob/a437d9fcc9e93d2388488cc8dff9e0f7f07effb4/cmake/HunterGate.cmake#L57,# cmake_parse_arguments,[],CMake,29,57,57
24852,tstack/lnav,https://github.com/tstack/lnav/blob/a437d9fcc9e93d2388488cc8dff9e0f7f07effb4/cmake/HunterGate.cmake#L144,# Set HUNTER_GATE_ROOT cmake variable to suitable value.,[],CMake,0,144,144
24852,tstack/lnav,https://github.com/tstack/lnav/blob/a437d9fcc9e93d2388488cc8dff9e0f7f07effb4/cmake/HunterGate.cmake#L146,# Check CMake variable,[],CMake,2,146,146
24852,tstack/lnav,https://github.com/tstack/lnav/blob/a437d9fcc9e93d2388488cc8dff9e0f7f07effb4/cmake/HunterGate.cmake#L154,# Check environment variable,[],CMake,2,154,154
24852,tstack/lnav,https://github.com/tstack/lnav/blob/a437d9fcc9e93d2388488cc8dff9e0f7f07effb4/cmake/HunterGate.cmake#L162,# Check HOME environment variable,[],CMake,2,162,162
24852,tstack/lnav,https://github.com/tstack/lnav/blob/a437d9fcc9e93d2388488cc8dff9e0f7f07effb4/cmake/HunterGate.cmake#L170,# Check SYSTEMDRIVE and USERPROFILE environment variable (windows only),[],CMake,2,170,170
24852,tstack/lnav,https://github.com/tstack/lnav/blob/a437d9fcc9e93d2388488cc8dff9e0f7f07effb4/cmake/HunterGate.cmake#L241,# while waiting for lock other instance can do all the job,[],CMake,4,241,241
24852,tstack/lnav,https://github.com/tstack/lnav/blob/a437d9fcc9e93d2388488cc8dff9e0f7f07effb4/cmake/HunterGate.cmake#L249,# check directory permissions,[],CMake,38,249,249
24852,tstack/lnav,https://github.com/tstack/lnav/blob/a437d9fcc9e93d2388488cc8dff9e0f7f07effb4/cmake/HunterGate.cmake#L251,"# Disabling languages speeds up a little bit, reduces noise in the output
# and avoids path too long windows error",[],CMake,2,251,252
24852,tstack/lnav,https://github.com/tstack/lnav/blob/a437d9fcc9e93d2388488cc8dff9e0f7f07effb4/cmake/HunterGate.cmake#L288,"# Need to add toolchain file too.
# Otherwise on Visual Studio + MDD this will fail with error:
# ""Could not find an appropriate version of the Windows 10 SDK installed on this machine""",[],CMake,2,288,290
24852,tstack/lnav,https://github.com/tstack/lnav/blob/a437d9fcc9e93d2388488cc8dff9e0f7f07effb4/cmake/HunterGate.cmake#L295,# 'toolchain_arg' can't be empty,[],CMake,4,295,295
24852,tstack/lnav,https://github.com/tstack/lnav/blob/a437d9fcc9e93d2388488cc8dff9e0f7f07effb4/cmake/HunterGate.cmake#L303,# Test case: remove Ninja from PATH but set it via CMAKE_MAKE_PROGRAM,[],CMake,4,303,303
24852,tstack/lnav,https://github.com/tstack/lnav/blob/a437d9fcc9e93d2388488cc8dff9e0f7f07effb4/cmake/HunterGate.cmake#L353,"# Must be a macro so master file 'cmake/Hunter' can
# apply all variables easily just by 'include' command
# (otherwise PARENT_SCOPE magic needed)",[],CMake,0,353,355
24852,tstack/lnav,https://github.com/tstack/lnav/blob/a437d9fcc9e93d2388488cc8dff9e0f7f07effb4/cmake/HunterGate.cmake#L358,"# variable HUNTER_GATE_DONE set explicitly for external project
# (see `hunter_download`)",[],CMake,4,358,359
24852,tstack/lnav,https://github.com/tstack/lnav/blob/a437d9fcc9e93d2388488cc8dff9e0f7f07effb4/cmake/HunterGate.cmake#L363,"# First HunterGate command will init Hunter, others will be ignored",[],CMake,2,363,363
24852,tstack/lnav,https://github.com/tstack/lnav/blob/a437d9fcc9e93d2388488cc8dff9e0f7f07effb4/cmake/HunterGate.cmake#L367,"# Empty function to avoid error ""unknown function""",[],CMake,4,367,367
24852,tstack/lnav,https://github.com/tstack/lnav/blob/a437d9fcc9e93d2388488cc8dff9e0f7f07effb4/cmake/HunterGate.cmake#L454,# set HUNTER_GATE_ROOT,[],CMake,30,454,454
24852,tstack/lnav,https://github.com/tstack/lnav/blob/a437d9fcc9e93d2388488cc8dff9e0f7f07effb4/cmake/HunterGate.cmake#L497,# Check Hunter already downloaded by HunterGate,[],CMake,4,497,497
24852,tstack/lnav,https://github.com/tstack/lnav/blob/a437d9fcc9e93d2388488cc8dff9e0f7f07effb4/cmake/coverage.cmake#L1,# ---- Variables ----,[],CMake,0,1,1
24852,tstack/lnav,https://github.com/tstack/lnav/blob/a437d9fcc9e93d2388488cc8dff9e0f7f07effb4/cmake/coverage.cmake#L3,"# We use variables separate from what CTest uses, because those have
# customization issues",[],CMake,0,3,4
24852,tstack/lnav,https://github.com/tstack/lnav/blob/a437d9fcc9e93d2388488cc8dff9e0f7f07effb4/cmake/coverage.cmake#L25,# ---- Coverage target ----,[],CMake,0,25,25
24852,tstack/lnav,https://github.com/tstack/lnav/blob/a437d9fcc9e93d2388488cc8dff9e0f7f07effb4/cmake/docs-ci.cmake#L11,# ---- Dependencies ----,[],CMake,0,11,11
24852,tstack/lnav,https://github.com/tstack/lnav/blob/a437d9fcc9e93d2388488cc8dff9e0f7f07effb4/cmake/docs-ci.cmake#L42,# ---- Process project() call in CMakeLists.txt ----,[],CMake,0,42,42
24852,tstack/lnav,https://github.com/tstack/lnav/blob/a437d9fcc9e93d2388488cc8dff9e0f7f07effb4/cmake/docs-ci.cmake#L89,# ---- Generate docs ----,[],CMake,0,89,89
24852,tstack/lnav,https://github.com/tstack/lnav/blob/a437d9fcc9e93d2388488cc8dff9e0f7f07effb4/cmake/docs.cmake#L1,# ---- Dependencies ----,[],CMake,0,1,1
24852,tstack/lnav,https://github.com/tstack/lnav/blob/a437d9fcc9e93d2388488cc8dff9e0f7f07effb4/cmake/docs.cmake#L21,# ---- Declare documentation target ----,[],CMake,0,21,21
24852,tstack/lnav,https://github.com/tstack/lnav/blob/a437d9fcc9e93d2388488cc8dff9e0f7f07effb4/cmake/folders.cmake#L3,"# Call this function at the end of a directory scope to assign a folder to
# targets created in that directory. Utility targets will be assigned to the
# UtilityTargets folder, otherwise to the ${name}Targets folder. If a target
# already has a folder assigned, then that target will be skipped.",[],CMake,0,3,6
24852,tstack/lnav,https://github.com/tstack/lnav/blob/a437d9fcc9e93d2388488cc8dff9e0f7f07effb4/cmake/install-rules.cmake#L4,# find_package(<package>) call for consumers to find this project,[],CMake,0,4,4
24852,tstack/lnav,https://github.com/tstack/lnav/blob/a437d9fcc9e93d2388488cc8dff9e0f7f07effb4/cmake/install-rules.cmake#L17,# Allow package maintainers to freely override the path for the configs,[],CMake,0,17,17
24852,tstack/lnav,https://github.com/tstack/lnav/blob/a437d9fcc9e93d2388488cc8dff9e0f7f07effb4/cmake/install-rules.cmake#L30,# Export variables for the install script to use,[],CMake,0,30,30
24852,tstack/lnav,https://github.com/tstack/lnav/blob/a437d9fcc9e93d2388488cc8dff9e0f7f07effb4/cmake/prelude.cmake#L1,# ---- In-source guard ----,[],CMake,0,1,1
24852,tstack/lnav,https://github.com/tstack/lnav/blob/a437d9fcc9e93d2388488cc8dff9e0f7f07effb4/cmake/project-is-top-level.cmake#L1,# This variable is set by project() in CMake 3.21+,[],CMake,0,1,1
24852,tstack/lnav,https://github.com/tstack/lnav/blob/a437d9fcc9e93d2388488cc8dff9e0f7f07effb4/cmake/variables.cmake#L1,# ---- Developer mode ----,[],CMake,0,1,1
24852,tstack/lnav,https://github.com/tstack/lnav/blob/a437d9fcc9e93d2388488cc8dff9e0f7f07effb4/cmake/variables.cmake#L3,"# Developer mode enables targets and code paths in the CMake scripts that are
# only relevant for the developer(s) of lnav
# Targets necessary to build the project must be provided unconditionally, so
# consumers can trivially build and package the project",[],CMake,0,3,6
24852,tstack/lnav,https://github.com/tstack/lnav/blob/a437d9fcc9e93d2388488cc8dff9e0f7f07effb4/cmake/variables.cmake#L11,# ---- Warning guard ----,[],CMake,0,11,11
24852,tstack/lnav,https://github.com/tstack/lnav/blob/a437d9fcc9e93d2388488cc8dff9e0f7f07effb4/cmake/variables.cmake#L13,"# target_include_directories with the SYSTEM modifier will request the compiler
# to omit warnings from the provided paths, if the compiler supports that
# This is to provide a user experience similar to find_package when
# add_subdirectory or FetchContent is used to consume this project",[],CMake,0,13,16
