repoIndex,repoName,linkLocation,comment,keywords,buildSysteminFile,charPosition,startLine,endLine
25019,etcd-cpp-apiv3/etcd-cpp-apiv3,https://github.com/etcd-cpp-apiv3/etcd-cpp-apiv3/blob/39be27e02164221d0dd3ced57eb7b4008cd50930/CMakeLists.txt#L34,# reference: https://gitlab.kitware.com/cmake/community/-/wikis/doc/cmake/RPATH-handling#always-full-rpath,[],CMake,0,34,34
25019,etcd-cpp-apiv3/etcd-cpp-apiv3,https://github.com/etcd-cpp-apiv3/etcd-cpp-apiv3/blob/39be27e02164221d0dd3ced57eb7b4008cd50930/CMakeLists.txt#L76,# If we're on OS X check for Homebrew's copy of OpenSSL instead of Apple's,[],CMake,4,76,76
25019,etcd-cpp-apiv3/etcd-cpp-apiv3,https://github.com/etcd-cpp-apiv3/etcd-cpp-apiv3/blob/39be27e02164221d0dd3ced57eb7b4008cd50930/CMakeLists.txt#L120,# avoid use the apt-get installed libgrpc-dev (version v1.13) on Ubuntu 18.04,[],CMake,0,120,120
25019,etcd-cpp-apiv3/etcd-cpp-apiv3,https://github.com/etcd-cpp-apiv3/etcd-cpp-apiv3/blob/39be27e02164221d0dd3ced57eb7b4008cd50930/CMakeLists.txt#L129,"# will set `PROTOBUF_GENERATES`, indicates all generated .cc files, and a target `protobuf_generates`.",[],CMake,0,129,129
25019,etcd-cpp-apiv3/etcd-cpp-apiv3,https://github.com/etcd-cpp-apiv3/etcd-cpp-apiv3/blob/39be27e02164221d0dd3ced57eb7b4008cd50930/CMakeLists.txt#L198,# deb/rpc packaging for Linux,[],CMake,0,198,198
25019,etcd-cpp-apiv3/etcd-cpp-apiv3,https://github.com/etcd-cpp-apiv3/etcd-cpp-apiv3/blob/39be27e02164221d0dd3ced57eb7b4008cd50930/CMakeLists.txt#L218,"# generate deb for ppa
#
# requires: apt-get install devscripts",[],CMake,0,218,220
25019,etcd-cpp-apiv3/etcd-cpp-apiv3,https://github.com/etcd-cpp-apiv3/etcd-cpp-apiv3/blob/39be27e02164221d0dd3ced57eb7b4008cd50930/proto/CMakeLists.txt#L6,"# use `protobuf_generate` rather than `protobuf_generate_cpp` since we want to
# output the generated files to source dir, rather than binary dir.",[],CMake,0,6,7
25019,etcd-cpp-apiv3/etcd-cpp-apiv3,https://github.com/etcd-cpp-apiv3/etcd-cpp-apiv3/blob/39be27e02164221d0dd3ced57eb7b4008cd50930/proto/CMakeLists.txt#L25,# populate `PROTOBUF_GENERATES` in the parent scope.,[],CMake,0,25,25
25019,etcd-cpp-apiv3/etcd-cpp-apiv3,https://github.com/etcd-cpp-apiv3/etcd-cpp-apiv3/blob/39be27e02164221d0dd3ced57eb7b4008cd50930/src/CMakeLists.txt#L1,# grpc stuffs,[],CMake,0,1,1
25019,etcd-cpp-apiv3/etcd-cpp-apiv3,https://github.com/etcd-cpp-apiv3/etcd-cpp-apiv3/blob/39be27e02164221d0dd3ced57eb7b4008cd50930/src/CMakeLists.txt#L9,# prepare common objects,[],CMake,0,9,9
25019,etcd-cpp-apiv3/etcd-cpp-apiv3,https://github.com/etcd-cpp-apiv3/etcd-cpp-apiv3/blob/39be27e02164221d0dd3ced57eb7b4008cd50930/src/CMakeLists.txt#L25,"# add the core library, includes the sycnhronous client only",[],CMake,0,25,25
25019,etcd-cpp-apiv3/etcd-cpp-apiv3,https://github.com/etcd-cpp-apiv3/etcd-cpp-apiv3/blob/39be27e02164221d0dd3ced57eb7b4008cd50930/src/CMakeLists.txt#L36,# add the client with asynchronus client,[],CMake,0,36,36
25019,etcd-cpp-apiv3/etcd-cpp-apiv3,https://github.com/etcd-cpp-apiv3/etcd-cpp-apiv3/blob/39be27e02164221d0dd3ced57eb7b4008cd50930/src/CMakeLists.txt#L42,# n.b.: the asynchronous client requires pplx in cpprestsdk,[],CMake,38,42,42
25019,etcd-cpp-apiv3/etcd-cpp-apiv3,https://github.com/etcd-cpp-apiv3/etcd-cpp-apiv3/blob/39be27e02164221d0dd3ced57eb7b4008cd50930/etcd-cpp-api-config-version.in.cmake#L3,# Check whether the requested PACKAGE_FIND_VERSION is compatible,[],CMake,0,3,3
25019,etcd-cpp-apiv3/etcd-cpp-apiv3,https://github.com/etcd-cpp-apiv3/etcd-cpp-apiv3/blob/39be27e02164221d0dd3ced57eb7b4008cd50930/etcd-cpp-api-config.in.cmake#L1,"# - Config file for the etcd-cpp-apiv3 package
#
# It defines the following variables
#
#  ETCD_CPP_INCLUDE_DIR         - include directory for etcd
#  ETCD_CPP_INCLUDE_DIRS        - include directories for etcd
#  ETCD_CPP_LIBRARIES           - libraries to link against",[],CMake,0,1,7
25019,etcd-cpp-apiv3/etcd-cpp-apiv3,https://github.com/etcd-cpp-apiv3/etcd-cpp-apiv3/blob/39be27e02164221d0dd3ced57eb7b4008cd50930/etcd-cpp-api-config.in.cmake#L9,# find dependencies,[],CMake,0,9,9
25019,etcd-cpp-apiv3/etcd-cpp-apiv3,https://github.com/etcd-cpp-apiv3/etcd-cpp-apiv3/blob/39be27e02164221d0dd3ced57eb7b4008cd50930/cmake/FindGRPC.cmake#L1,"# This file is taken from
#
#   https://github.com/IvanSafonov/grpc-cmake-example
#
# The original repository is open-sourced with the MIT license.
#
# Locate and configure the gRPC library
#
# Adds the following targets:
#
#  gRPC::gpr - GPR library
#  gRPC::grpc - gRPC library
#  gRPC::grpc++ - gRPC C++ library
#  gRPC::grpc++_reflection - gRPC C++ reflection library
#  gRPC::grpc_cpp_plugin - C++ generator plugin for Protocol Buffers
#",[],CMake,0,1,16
25019,etcd-cpp-apiv3/etcd-cpp-apiv3,https://github.com/etcd-cpp-apiv3/etcd-cpp-apiv3/blob/39be27e02164221d0dd3ced57eb7b4008cd50930/cmake/FindGRPC.cmake#L18,# Find gRPC include directory,[],CMake,0,18,18
25019,etcd-cpp-apiv3/etcd-cpp-apiv3,https://github.com/etcd-cpp-apiv3/etcd-cpp-apiv3/blob/39be27e02164221d0dd3ced57eb7b4008cd50930/cmake/FindGRPC.cmake#L22,# Find gGPR library,[],CMake,0,22,22
25019,etcd-cpp-apiv3/etcd-cpp-apiv3,https://github.com/etcd-cpp-apiv3/etcd-cpp-apiv3/blob/39be27e02164221d0dd3ced57eb7b4008cd50930/cmake/FindGRPC.cmake#L32,# Find gRPC library,[],CMake,0,32,32
25019,etcd-cpp-apiv3/etcd-cpp-apiv3,https://github.com/etcd-cpp-apiv3/etcd-cpp-apiv3/blob/39be27e02164221d0dd3ced57eb7b4008cd50930/cmake/FindGRPC.cmake#L42,# Find gRPC C++ library,[],CMake,0,42,42
25019,etcd-cpp-apiv3/etcd-cpp-apiv3,https://github.com/etcd-cpp-apiv3/etcd-cpp-apiv3/blob/39be27e02164221d0dd3ced57eb7b4008cd50930/cmake/FindGRPC.cmake#L52,# Find gRPC C++ reflection library,[],CMake,0,52,52
25019,etcd-cpp-apiv3/etcd-cpp-apiv3,https://github.com/etcd-cpp-apiv3/etcd-cpp-apiv3/blob/39be27e02164221d0dd3ced57eb7b4008cd50930/cmake/FindGRPC.cmake#L62,# Find gRPC CPP generator,[],CMake,0,62,62
25019,etcd-cpp-apiv3/etcd-cpp-apiv3,https://github.com/etcd-cpp-apiv3/etcd-cpp-apiv3/blob/39be27e02164221d0dd3ced57eb7b4008cd50930/cmake/GenerateProtobuf.cmake#L60,# Create an include path for each file specified,[],CMake,4,60,60
25019,etcd-cpp-apiv3/etcd-cpp-apiv3,https://github.com/etcd-cpp-apiv3/etcd-cpp-apiv3/blob/39be27e02164221d0dd3ced57eb7b4008cd50930/cmake/GenerateProtobufGRPC.cmake#L1,"# This file is taken from
#
#   https://github.com/IvanSafonov/grpc-cmake-example
#
# The original repository is open-sourced with the MIT license.
#
# Generates C++ sources from the .proto files
#
# grpc_generate_cpp (<SRCS> <HDRS> <DEST> [<ARGN>...])
#
#  SRCS - variable to define with autogenerated source files
#  HDRS - variable to define with autogenerated header files
#  DEST - directory where the source files will be created
#  ARGN - .proto files
#",[],CMake,0,1,15
25019,etcd-cpp-apiv3/etcd-cpp-apiv3,https://github.com/etcd-cpp-apiv3/etcd-cpp-apiv3/blob/39be27e02164221d0dd3ced57eb7b4008cd50930/cmake/GenerateProtobufGRPC.cmake#L23,# Create an include path for each file specified,[],CMake,4,23,23
25019,etcd-cpp-apiv3/etcd-cpp-apiv3,https://github.com/etcd-cpp-apiv3/etcd-cpp-apiv3/blob/39be27e02164221d0dd3ced57eb7b4008cd50930/cmake/GenerateProtobufGRPC.cmake#L70,"# By default have GRPC_GENERATE_CPP macro pass -I to protoc
# for each directory where a proto file is referenced.",[],CMake,0,70,71
25019,etcd-cpp-apiv3/etcd-cpp-apiv3,https://github.com/etcd-cpp-apiv3/etcd-cpp-apiv3/blob/39be27e02164221d0dd3ced57eb7b4008cd50930/cmake/UploadPPA.cmake#L1,"##
# Copyright (c) 2012 Karsten Ohme <k_o_@users.sourceforge.net>
# Based on a script from Daniel Pfeifer <daniel@pfeifer-mail.de> Copyright (c) 2010
#
# This script builds an Ubuntu/Debian source package with ""make package_ubuntu"". It also offers a convenient way to upload it by dput to Launchpad.
#It assumes a working install and package_source configuration (CPACK_PACKAGE_* variables in CMakeLists.txt CMake configuration file) with all files in place.
# Also a PGP key for signing the package is necessary. The key is referenced by the CPACK_DEBIAN_PACKAGE_MAINTAINER setting. For uploading the package to Launchpad this should be the Lauchpad PGP key.
# You should also be familiar with the meaning of snapshot and release versions. See https://help.launchpad.net/Packaging/PPA/BuildingASourcePackage
#
# USAGE: INCLUDE IN PROJECT
#
#  set(CMAKE_MODULE_PATH ${CMAKE_CURRENT_SOURCE_DIR})
#  include(UploadPPA)
# Add the UploadPPA.cmake file to the projects source directory.
# 
#
# From the resulting dsc file in the Debian directory also a Ubuntu/Debian package can be build:
#
# dpkg-source -x foo.dsc
# cd <CPACK_DEBIAN_PACKAGE_NAME>
# fakeroot debian/rules binary
#
# When uploading it to Launchpad with dput you must be registered there and you must have a .dput.cf in place. Follow the instructions on https://help.launchpad.net/Packaging/PPA/Uploading
#
# Known problems:
#
# If you set the build type SET(CMAKE_BUILD_TYPE ""Release"") then the cmakeinstall.cmake file does not install the binary files
#
#
#
# CPACK_DEBIAN_PACKAGE_NAME - used as ""Source"" in control file, default TOLOWER ""${CPACK_PACKAGE_NAME}""
# CPACK_DEBIAN_PACKAGE_PRIORITY - used as ""Priority"" in control file, default ""optional""
# CPACK_DEBIAN_PACKAGE_SECTION - used as ""Section"" in control file, default ""devel""
# CPACK_DEBIAN_PACKAGE_HOMEPAGE - used in ""Homepage"" field in control file
# CPACK_DEBIAN_BUILD_DEPENDS - use in ""Build-Depends"" field in control file, cmake is automatically added
# CPACK_DEBIAN_PACKAGE_DEPENDS - used as ""Depends"" field in the control file, default ""${shlibs:Depends}, ${misc:Depends} ${CPACK_PACKAGE_NAME} (= ${binary:Version}) "" 
# for components. Instead of ""binary:Version"" ""Source-Version"" is used if CPACK_DEBIAN_PACKAGE_DISTRIBUTION is ""dapper""  
# 
# CPACK_DEBIAN_PACKAGE_INSTALL - specifies which files have to be installed for the main package separated by "";"". This is a space separated list. The file path must be absolute to the root directory of the installation 
# e.g. ""/usr/lib/*.so"". * wildcards can be used
# CPACK_DEBIAN_PACKAGE_DOCS - specifies which files have to be installed for the main package separated by "";"". This is a space separated list. The file path must be absolute to the root directory of the installation 
# e.g. ""/usr/share/docs/${CPACK_DEBIAN_PACKAGE_NAME}-dev/README"". * wildcards can be used
#
# CPACK_PACKAGE_DESCRIPTION_FILE - used main text in ""Description"" field of control file
# CPACK_DEBIAN_PACKAGE_UPSTREAM_AUTHOR - used as upstream author in copyright file (format: Name <email>), default ${CPACK_DEBIAN_PACKAGE_MAINTAINER}
# CPACK_DEBIAN_PACKAGE_UPSTREAM_AUTHOR_NAME - used as upstream author name in copyright file, default ${CPACK_DEBIAN_PACKAGE_HOMEPAGE}  
# CPACK_DEBIAN_PACKAGE_UPSTREAM_COPYRIGHT_YEAR - used as the copyright year in copyright file, default this year
# CPACK_DEBIAN_PACKAGE_UPSTREAM_URL - used as upstream url in copyright file, default CPACK_DEBIAN_PACKAGE_HOMEPAGE
# CPACK_DEBIAN_PACKAGE_LICENSE - used as license indicator for the copyright file generation, possible values gpl, lgpl, bsd, apache
# CPACK_DEBIAN_PACKAGE_DISTRIBUTION - distribution name, default ""precise""
#
# CPACK_DEBIAN_PACKAGE_RECOMMENDS - used as ""Recommends"" field in control file
# CPACK_DEBIAN_PACKAGE_SUGGESTS - used as ""Suggests"" field in control file
# CPACK_DEBIAN_PACKAGE_PREDEPENDS - used as ""Pre-Depends"" field in control file
# CPACK_DEBIAN_PACKAGE_BREAKS - used as ""Breaks"" field in control file
# CPACK_DEBIAN_PACKAGE_CONFLICTS - used as ""Conflicts"" field in control file
# CPACK_DEBIAN_PACKAGE_REPLACES - used as ""Replaces"" field in control file
# CPACK_DEBIAN_PACKAGE_ENHANCES - used as ""Enhances"" field in control file
#
#
#
# CPACK_COMPONENTS_ALL - list of additional components separated by "";"" - used for the ""Package"" field in the control file for additional components of a package, e.g. for development files for a library this would be ""dev""
# The component must match the used components in the CMake file. The component is appended to ${CPACK_DEBIAN_PACKAGE_NAME} with a dash: e.g.: ${CPACK_DEBIAN_PACKAGE_NAME}-dev
# CPACK_COMPONENT_${COMPONENT}_DISPLAY_NAME - used as additional short description for the ""Description"" field of additional packages. ${COMPONENT} must be in the list of CPACK_COMPONENTS_ALL, e.g. dev
# CPACK_COMPONENT_${COMPONENT}_DESCRIPTION - used as additional description for the ""Description"" field of additional packages. ${COMPONENT} must be in the list of CPACK_COMPONENTS_ALL, e.g. dev
# CPACK_COMPONENT_${COMPONENT}_DEPENDS - used for the ""Depends"" field of additional packages. ${COMPONENT} must be in the list of CPACK_COMPONENTS_ALL, e.g. dev
# CPACK_COMPONENT_${COMPONENT}_SECTION - used for the ""Section"" field of additional packages. ${COMPONENT} must be in the list of CPACK_COMPONENTS_ALL, e.g. dev
# CPACK_COMPONENT_${COMPONENT}_INSTALL - specifies which files have to be installed for this component separated by "";"". The file path must be absolute to the root directory of the installation 
# e.g. ""/usr/lib/*.so"". * wildcards can be used
# CPACK_COMPONENT_${COMPONENT}_DOCS - specifies which files have to be installed for this component separated by "";"". The file path must be absolute to the root directory of the installation 
# e.g. ""/usr/share/docs/${CPACK_DEBIAN_PACKAGE_NAME}/README"". * wildcards can be used
# CPACK_DEBIAN_PACKAGE_MANPAGES - specifies which files have to be installed as manual pages. Separated by "";"".
# CPACK_DEBIAN_CUSTOM_BUILD_COMMAND - A custom build command, e.g. create documentation with something like ""make doc"". The build artifact's path created somewhere in the build directory must be referenced in the CMake INSTALL command by ${CMAKE_CURRENT_BINARY_DIR} variable. E.g.: INSTALL(DIRECTORY ${CMAKE_CURRENT_BINARY_DIR}/doc DESTINATION ${DOCUMENTATION_DIRECTORY} COMPONENT dev OPTIONAL)
# The OPTIONAL keyword does not work under CMake 2.6, so you have to use a more difficult construct:
# INSTALL(
#CODE ""FILE (GLOB_RECURSE ALL_DOCS \""${CMAKE_CURRENT_BINARY_DIR}/doc/html/*\"")""
#CODE ""FILE (INSTALL DESTINATION \""\${CMAKE_INSTALL_PREFIX}/${DOCUMENTATION_DIRECTORY}/html\"" TYPE FILE FILES \${ALL_DOCS})"" 
#COMPONENT dev)
# Here the ""\"" before ${CMAKE_INSTALL_PREFIX} is important, so this variable is resolved at runtime first.
#
# CPACK_DEBIAN_PACKAGE_MAINTAINER - used as ""Maintainer"" field in control and copyright file, default ${CPACK_PACKAGE_CONTACT}, also used as reference for the GPG signing key
# CPACK_DEBIAN_PACKAGE_HOMEPAGE - used as ""Homepage"" in control file, default ${CPACK_PACKAGE_VENDOR}
# CPACK_DEBIAN_PACKAGE_SNAPSHOT_HOMEPAGE - used as ""Homepage"" in control file if this is a snapshot build, default ${CPACK_PACKAGE_VENDOR}
# CPACK_PACKAGE_DESCRIPTION_SUMMARY - used as first line of all ""Description"" fields for all packages in control file
#
# DPUT_HOST - used as host for dput for uploading the file to Launchpad
# DPUT_SNAPSHOT_HOST - used as snapshot host for dput for uploading the file to Launchpad
# CPACK_DEBIAN_PACKAGE_TYPE - used for determining the build type, ""snapshot"" or ""release"" is possible, default snapshot
#
# The format of the resulting versioning scheme is the following: ${CPACK_DEBIAN_PACKAGE_NAME}-${CPACK_PACKAGE_VERSION}-${CPACK_DEBIAN_PACKAGE_BUILD_NUMBER_PREFIX}${CPACK_DEBIAN_PACKAGE_BUILD_NUMBER}~${CPACK_DEBIAN_PACKAGE_DISTRIBUTION}
#${CPACK_DEBIAN_PACKAGE_BUILD_NUMBER_PREFIX}${CPACK_DEBIAN_PACKAGE_BUILD_NUMBER}~${CPACK_DEBIAN_PACKAGE_DISTRIBUTION} is the Debian/Ubuntu revision. See http://www.debian.org/doc/debian-policy/ch-controlfields.html#s-f-Version.
# An example is libfoo1-1.2.0-0ubuntu1~maverick 
# ""0ubuntu1"" stands for the first package in Ubuntu when there is no Debian package existing and ""maverick"" is the used Ubuntu series
#
# To generate always a unique code version for snapshots you must should also set ${CPACK_PACKAGE_VERSION} to a unique increasing package version number. This can be done by appending a [<currentVersion>+<nextVersion>SNAPSHOT<DATE>] part to the package version number. The package version number cannot contain hyphens because a Debian/Ubuntu revision follows. 
# Assuming the libtool versioning scheme http://www.gnu.org/software/libtool/manual/html_node/Libtool-versioning.html an example could be: ""1.2.0+1SNAPSHOT20110402031738+0200"", when the current version is 1.2.0 and the next version in development is 1.2.1. The date format is using a variant of the ISO date format.
#
# CPACK_DEBIAN_PACKAGE_BUILD_NUMBER_PREFIX - used as a prefix for the build number, default """"
# CPACK_DEBIAN_PACKAGE_BUILD_NUMBER - used for the build number, default 1
# CPACK_DEBIAN_NATIVE_PACKAGE - if set a native package is build, default not set
#
#
##",[],CMake,0,1,103
25019,etcd-cpp-apiv3/etcd-cpp-apiv3,https://github.com/etcd-cpp-apiv3/etcd-cpp-apiv3/blob/39be27e02164221d0dd3ced57eb7b4008cd50930/cmake/UploadPPA.cmake#L113,# set default package type,[],CMake,0,113,113
25019,etcd-cpp-apiv3/etcd-cpp-apiv3,https://github.com/etcd-cpp-apiv3/etcd-cpp-apiv3/blob/39be27e02164221d0dd3ced57eb7b4008cd50930/cmake/UploadPPA.cmake#L118,# set default distribution,[],CMake,0,118,118
25019,etcd-cpp-apiv3/etcd-cpp-apiv3,https://github.com/etcd-cpp-apiv3/etcd-cpp-apiv3/blob/39be27e02164221d0dd3ced57eb7b4008cd50930/cmake/UploadPPA.cmake#L123,# Set the version name,[],CMake,0,123,123
25019,etcd-cpp-apiv3/etcd-cpp-apiv3,https://github.com/etcd-cpp-apiv3/etcd-cpp-apiv3/blob/39be27e02164221d0dd3ced57eb7b4008cd50930/cmake/UploadPPA.cmake#L126,"# DEBIAN/control
# debian policy enforce lower case for package name
# Package: (mandatory)",[],CMake,0,126,128
25019,etcd-cpp-apiv3/etcd-cpp-apiv3,https://github.com/etcd-cpp-apiv3/etcd-cpp-apiv3/blob/39be27e02164221d0dd3ced57eb7b4008cd50930/cmake/UploadPPA.cmake#L133,# Maintainer:,[],CMake,0,133,133
25019,etcd-cpp-apiv3/etcd-cpp-apiv3,https://github.com/etcd-cpp-apiv3/etcd-cpp-apiv3/blob/39be27e02164221d0dd3ced57eb7b4008cd50930/cmake/UploadPPA.cmake#L138,# Homepage:,[],CMake,0,138,138
25019,etcd-cpp-apiv3/etcd-cpp-apiv3,https://github.com/etcd-cpp-apiv3/etcd-cpp-apiv3/blob/39be27e02164221d0dd3ced57eb7b4008cd50930/cmake/UploadPPA.cmake#L142,# Section: (recommended),[],CMake,0,142,142
25019,etcd-cpp-apiv3/etcd-cpp-apiv3,https://github.com/etcd-cpp-apiv3/etcd-cpp-apiv3/blob/39be27e02164221d0dd3ced57eb7b4008cd50930/cmake/UploadPPA.cmake#L147,# Priority: (recommended),[],CMake,0,147,147
25019,etcd-cpp-apiv3/etcd-cpp-apiv3,https://github.com/etcd-cpp-apiv3/etcd-cpp-apiv3/blob/39be27e02164221d0dd3ced57eb7b4008cd50930/cmake/UploadPPA.cmake#L152,# Section: ,[],CMake,0,152,152
25019,etcd-cpp-apiv3/etcd-cpp-apiv3,https://github.com/etcd-cpp-apiv3/etcd-cpp-apiv3/blob/39be27e02164221d0dd3ced57eb7b4008cd50930/cmake/UploadPPA.cmake#L155,# Description:  ,[],CMake,0,155,155
25019,etcd-cpp-apiv3/etcd-cpp-apiv3,https://github.com/etcd-cpp-apiv3/etcd-cpp-apiv3/blob/39be27e02164221d0dd3ced57eb7b4008cd50930/cmake/UploadPPA.cmake#L166,"##############################################################################
# debian/control",[],CMake,0,166,167
25019,etcd-cpp-apiv3/etcd-cpp-apiv3,https://github.com/etcd-cpp-apiv3/etcd-cpp-apiv3/blob/39be27e02164221d0dd3ced57eb7b4008cd50930/cmake/UploadPPA.cmake#L199,# Recommends:  ,[],CMake,0,199,199
25019,etcd-cpp-apiv3/etcd-cpp-apiv3,https://github.com/etcd-cpp-apiv3/etcd-cpp-apiv3/blob/39be27e02164221d0dd3ced57eb7b4008cd50930/cmake/UploadPPA.cmake#L206,# Suggests,[],CMake,0,206,206
25019,etcd-cpp-apiv3/etcd-cpp-apiv3,https://github.com/etcd-cpp-apiv3/etcd-cpp-apiv3/blob/39be27e02164221d0dd3ced57eb7b4008cd50930/cmake/UploadPPA.cmake#L213,# Pre-Depends:,[],CMake,0,213,213
25019,etcd-cpp-apiv3/etcd-cpp-apiv3,https://github.com/etcd-cpp-apiv3/etcd-cpp-apiv3/blob/39be27e02164221d0dd3ced57eb7b4008cd50930/cmake/UploadPPA.cmake#L220,# Conflicts: ,[],CMake,0,220,220
25019,etcd-cpp-apiv3/etcd-cpp-apiv3,https://github.com/etcd-cpp-apiv3/etcd-cpp-apiv3/blob/39be27e02164221d0dd3ced57eb7b4008cd50930/cmake/UploadPPA.cmake#L227,# Enhances:,[],CMake,0,227,227
25019,etcd-cpp-apiv3/etcd-cpp-apiv3,https://github.com/etcd-cpp-apiv3/etcd-cpp-apiv3/blob/39be27e02164221d0dd3ced57eb7b4008cd50930/cmake/UploadPPA.cmake#L234,# Replaces:,[],CMake,0,234,234
25019,etcd-cpp-apiv3/etcd-cpp-apiv3,https://github.com/etcd-cpp-apiv3/etcd-cpp-apiv3/blob/39be27e02164221d0dd3ced57eb7b4008cd50930/cmake/UploadPPA.cmake#L270,"##############################################################################
# debian/copyright",[],CMake,0,270,271
25019,etcd-cpp-apiv3/etcd-cpp-apiv3,https://github.com/etcd-cpp-apiv3/etcd-cpp-apiv3/blob/39be27e02164221d0dd3ced57eb7b4008cd50930/cmake/UploadPPA.cmake#L313,# Here also CONFIGURE_FILE might be better,[],CMake,0,313,313
25019,etcd-cpp-apiv3/etcd-cpp-apiv3,https://github.com/etcd-cpp-apiv3/etcd-cpp-apiv3/blob/39be27e02164221d0dd3ced57eb7b4008cd50930/cmake/UploadPPA.cmake#L324,"##############################################################################
# debian/${CPACK_DEBIAN_PACKAGE_NAME}.install",[],CMake,0,324,325
25019,etcd-cpp-apiv3/etcd-cpp-apiv3,https://github.com/etcd-cpp-apiv3/etcd-cpp-apiv3/blob/39be27e02164221d0dd3ced57eb7b4008cd50930/cmake/UploadPPA.cmake#L331,"##############################################################################
# debian/${CPACK_DEBIAN_PACKAGE_NAME}.docs",[],CMake,0,331,332
25019,etcd-cpp-apiv3/etcd-cpp-apiv3,https://github.com/etcd-cpp-apiv3/etcd-cpp-apiv3/blob/39be27e02164221d0dd3ced57eb7b4008cd50930/cmake/UploadPPA.cmake#L338,"##############################################################################
# debian/${CPACK_DEBIAN_PACKAGE_NAME}.manpages",[],CMake,0,338,339
25019,etcd-cpp-apiv3/etcd-cpp-apiv3,https://github.com/etcd-cpp-apiv3/etcd-cpp-apiv3/blob/39be27e02164221d0dd3ced57eb7b4008cd50930/cmake/UploadPPA.cmake#L348,"##############################################################################
# debian/${CPACK_DEBIAN_PACKAGE_NAME}-${COMPONENT}.install",[],CMake,0,348,349
25019,etcd-cpp-apiv3/etcd-cpp-apiv3,https://github.com/etcd-cpp-apiv3/etcd-cpp-apiv3/blob/39be27e02164221d0dd3ced57eb7b4008cd50930/cmake/UploadPPA.cmake#L355,"##############################################################################
# debian/${CPACK_DEBIAN_PACKAGE_NAME}-${COMPONENT}.docs",[],CMake,0,355,356
25019,etcd-cpp-apiv3/etcd-cpp-apiv3,https://github.com/etcd-cpp-apiv3/etcd-cpp-apiv3/blob/39be27e02164221d0dd3ced57eb7b4008cd50930/cmake/UploadPPA.cmake#L362,"##############################################################################
# debian/${CPACK_DEBIAN_PACKAGE_NAME}-${COMPONENT}.manpages",[],CMake,0,362,363
25019,etcd-cpp-apiv3/etcd-cpp-apiv3,https://github.com/etcd-cpp-apiv3/etcd-cpp-apiv3/blob/39be27e02164221d0dd3ced57eb7b4008cd50930/cmake/UploadPPA.cmake#L371,"##############################################################################
# debian/rules",[],CMake,0,371,372
25019,etcd-cpp-apiv3/etcd-cpp-apiv3,https://github.com/etcd-cpp-apiv3/etcd-cpp-apiv3/blob/39be27e02164221d0dd3ced57eb7b4008cd50930/cmake/UploadPPA.cmake#L409,"# sh_libs is not resolved. Maybe OK, maybe wrong. This is a try.
#  ""	dpkg-shlibdeps -e./debian/tmp/usr/lib/libglobalplatform.so\n""
#  ""	dh_shlibdeps\n""
#  ""	mkdir debian/tmp/DEBIAN\n""
#""	dpkg-gensymbols -plibglobalplatform\n""
#  ""	dpkg-shlibdeps -elibglobalplatform\n""
#  ""	dpkg-gencontrol -p${CPACK_DEBIAN_PACKAGE_NAME}\n""
#  ""	dpkg --build debian/tmp ..\n""",[],CMake,0,409,416
25019,etcd-cpp-apiv3/etcd-cpp-apiv3,https://github.com/etcd-cpp-apiv3/etcd-cpp-apiv3/blob/39be27e02164221d0dd3ced57eb7b4008cd50930/cmake/UploadPPA.cmake#L442,"# sh_libs is not resolved. Maybe OK, maybe wrong. This is a try.
#    ""	dpkg-shlibdeps -e./debian/tmp/usr/lib/libglobalplatform.so\n""
#    ""	dh_shlibdeps\n""
#    ""	mkdir ${PATH}/DEBIAN\n""
#  ""	dh_shlibdeps -L libglobalplatform6 -l ../debian/tmp/usr/lib\n""
#   ""	dpkg-gensymbols -plibglobalplatform -P${PATH}\n""
#   ""	dpkg-shlibdeps -elibglobalplatform\n""
#    ""	dpkg-gencontrol -p${PACKAGE} -P${PATH}\n""
#    ""	dpkg --build ${PATH} ..\n""",[],CMake,0,442,450
25019,etcd-cpp-apiv3/etcd-cpp-apiv3,https://github.com/etcd-cpp-apiv3/etcd-cpp-apiv3/blob/39be27e02164221d0dd3ced57eb7b4008cd50930/cmake/UploadPPA.cmake#L463,"##############################################################################
# debian/compat - 5 is used to also support dapper",[],CMake,0,463,464
25019,etcd-cpp-apiv3/etcd-cpp-apiv3,https://github.com/etcd-cpp-apiv3/etcd-cpp-apiv3/blob/39be27e02164221d0dd3ced57eb7b4008cd50930/cmake/UploadPPA.cmake#L467,"##############################################################################
# debian/source/format",[],CMake,0,467,468
25019,etcd-cpp-apiv3/etcd-cpp-apiv3,https://github.com/etcd-cpp-apiv3/etcd-cpp-apiv3/blob/39be27e02164221d0dd3ced57eb7b4008cd50930/cmake/UploadPPA.cmake#L475,"##############################################################################
# debian/changelog",[],CMake,0,475,476
25019,etcd-cpp-apiv3/etcd-cpp-apiv3,https://github.com/etcd-cpp-apiv3/etcd-cpp-apiv3/blob/39be27e02164221d0dd3ced57eb7b4008cd50930/cmake/UploadPPA.cmake#L489,#INSTALL(FILES ${CMAKE_CURRENT_BUILD_DIR}/*.so DESTINATION lib${LIB_SUFFIX}),[],CMake,0,489,489
25019,etcd-cpp-apiv3/etcd-cpp-apiv3,https://github.com/etcd-cpp-apiv3/etcd-cpp-apiv3/blob/39be27e02164221d0dd3ced57eb7b4008cd50930/cmake/UploadPPA.cmake#L491,"##############################################################################
# debuild -S",[],CMake,0,491,492
25019,etcd-cpp-apiv3/etcd-cpp-apiv3,https://github.com/etcd-cpp-apiv3/etcd-cpp-apiv3/blob/39be27e02164221d0dd3ced57eb7b4008cd50930/cmake/UploadPPA.cmake#L525,"##############################################################################
# dput ppa:your-lp-id/ppa <source.changes>",[],CMake,0,525,526
25019,etcd-cpp-apiv3/etcd-cpp-apiv3,https://github.com/etcd-cpp-apiv3/etcd-cpp-apiv3/blob/39be27e02164221d0dd3ced57eb7b4008cd50930/cmake/UploadPPA.cmake#L539,# Also clean Debian directory,[],CMake,0,539,539
25019,etcd-cpp-apiv3/etcd-cpp-apiv3,https://github.com/etcd-cpp-apiv3/etcd-cpp-apiv3/blob/39be27e02164221d0dd3ced57eb7b4008cd50930/vcpkg/etcd-cpp-apiv3/portfile.cmake#L26,# Handle copyright,[],CMake,0,26,26
