repoIndex,repoName,linkLocation,comment,keywords,buildSysteminFile,charPosition,startLine,endLine
25025,epam/indigo,https://github.com/epam/indigo/blob/2cceed3909c79787a04c401e8aa282f7c3488ab8/utils/chemdiff/build.xml#L2,<!-- You may freely edit this file. See commented blocks below for -->,[],Ant,0,2,2
25025,epam/indigo,https://github.com/epam/indigo/blob/2cceed3909c79787a04c401e8aa282f7c3488ab8/utils/chemdiff/build.xml#L3,<!-- some examples of how to customize the build. -->,[],Ant,0,3,3
25025,epam/indigo,https://github.com/epam/indigo/blob/2cceed3909c79787a04c401e8aa282f7c3488ab8/utils/chemdiff/build.xml#L4,<!-- (If you delete it and reopen the project it will be recreated.) -->,[],Ant,0,4,4
25025,epam/indigo,https://github.com/epam/indigo/blob/2cceed3909c79787a04c401e8aa282f7c3488ab8/utils/chemdiff/build.xml#L5,"<!-- By default, only the Clean and Build commands use this build script. -->",[],Ant,0,5,5
25025,epam/indigo,https://github.com/epam/indigo/blob/2cceed3909c79787a04c401e8aa282f7c3488ab8/utils/chemdiff/build.xml#L6,"<!-- Commands such as Run, Debug, and Test only use this build script if -->",[],Ant,0,6,6
25025,epam/indigo,https://github.com/epam/indigo/blob/2cceed3909c79787a04c401e8aa282f7c3488ab8/utils/chemdiff/build.xml#L7,<!-- the Compile on Save feature is turned off for the project. -->,[],Ant,0,7,7
25025,epam/indigo,https://github.com/epam/indigo/blob/2cceed3909c79787a04c401e8aa282f7c3488ab8/utils/chemdiff/build.xml#L8,<!-- You can turn off the Compile on Save (or Deploy on Save) setting -->,[],Ant,0,8,8
25025,epam/indigo,https://github.com/epam/indigo/blob/2cceed3909c79787a04c401e8aa282f7c3488ab8/utils/chemdiff/build.xml#L9,<!-- in the project's Project Properties dialog box.-->,[],Ant,0,9,9
25025,epam/indigo,https://github.com/epam/indigo/blob/2cceed3909c79787a04c401e8aa282f7c3488ab8/utils/chemdiff/build.xml#L12,"<!--<import file=""nbproject/build-impl.xml""/>-->",[],Ant,4,12,12
25025,epam/indigo,https://github.com/epam/indigo/blob/2cceed3909c79787a04c401e8aa282f7c3488ab8/utils/chemdiff/build.xml#L30,"<!--
		<delete dir=""dist/lib""/>
		<delete dir=""dist/javadoc""/>
		<delete file=""dist/README.txt""/>
        <delete file=""dist/chemdiff.jar""/>
        <delete file=""lib/indigo.jar""/>
        <delete file=""lib/indigo-renderer.jar""/>
        <delete file=""lib/jna.jar""/>
        <delete file=""lib/common-controls.jar""/>-->",[],Ant,2,30,38
25025,epam/indigo,https://github.com/epam/indigo/blob/2cceed3909c79787a04c401e8aa282f7c3488ab8/utils/chemdiff/build.xml#L41,<!-- Build common controls-->,[],Ant,2,41,41
25025,epam/indigo,https://github.com/epam/indigo/blob/2cceed3909c79787a04c401e8aa282f7c3488ab8/utils/chemdiff/build.xml#L45,<!--Copy libs-->,[],Ant,2,45,45
25025,epam/indigo,https://github.com/epam/indigo/blob/2cceed3909c79787a04c401e8aa282f7c3488ab8/utils/chemdiff/build.xml#L74,"<!--

    There exist several targets which are by default empty and which can be 
    used for execution of your tasks. These targets are usually executed 
    before and after some main targets. They are: 

      -pre-init:                 called before initialization of project properties
      -post-init:                called after initialization of project properties
      -pre-compile:              called before javac compilation
      -post-compile:             called after javac compilation
      -pre-compile-single:       called before javac compilation of single file
      -post-compile-single:      called after javac compilation of single file
      -pre-compile-test:         called before javac compilation of JUnit tests
      -post-compile-test:        called after javac compilation of JUnit tests
      -pre-compile-test-single:  called before javac compilation of single JUnit test
      -post-compile-test-single: called after javac compilation of single JUunit test
      -pre-jar:                  called before JAR building
      -post-jar:                 called after JAR building
      -post-clean:               called after cleaning build products

    (Targets beginning with '-' are not intended to be called on their own.)

    Example of inserting an obfuscator after compilation could look like this:

        <target name=""-post-compile"">
            <obfuscate>
                <fileset dir=""${build.classes.dir}""/>
            </obfuscate>
        </target>

    For list of available properties check the imported 
    nbproject/build-impl.xml file. 


    Another way to customize the build is by overriding existing main targets.
    The targets of interest are: 

      -init-macrodef-javac:     defines macro for javac compilation
      -init-macrodef-junit:     defines macro for junit execution
      -init-macrodef-debug:     defines macro for class debugging
      -init-macrodef-java:      defines macro for class execution
      -do-jar-with-manifest:    JAR building (if you are using a manifest)
      -do-jar-without-manifest: JAR building (if you are not using a manifest)
      run:                      execution of project 
      -javadoc-build:           Javadoc generation
      test-report:              JUnit report generation

    An example of overriding the target for project execution could look like this:

        <target name=""run"" depends=""chemdiff-impl.jar"">
            <exec dir=""bin"" executable=""launcher.exe"">
                <arg file=""${dist.jar}""/>
            </exec>
        </target>

    Notice that the overridden target depends on the jar target and not only on 
    the compile target as the regular run target does. Again, for a list of available 
    properties which you can use, check the target you are overriding in the
    nbproject/build-impl.xml file. 

    -->",[],Ant,4,74,134
25025,epam/indigo,https://github.com/epam/indigo/blob/2cceed3909c79787a04c401e8aa282f7c3488ab8/utils/legio/build.xml#L2,<!-- You may freely edit this file. See commented blocks below for -->,[],Ant,0,2,2
25025,epam/indigo,https://github.com/epam/indigo/blob/2cceed3909c79787a04c401e8aa282f7c3488ab8/utils/legio/build.xml#L3,<!-- some examples of how to customize the build. -->,[],Ant,0,3,3
25025,epam/indigo,https://github.com/epam/indigo/blob/2cceed3909c79787a04c401e8aa282f7c3488ab8/utils/legio/build.xml#L4,<!-- (If you delete it and reopen the project it will be recreated.) -->,[],Ant,0,4,4
25025,epam/indigo,https://github.com/epam/indigo/blob/2cceed3909c79787a04c401e8aa282f7c3488ab8/utils/legio/build.xml#L5,"<!-- By default, only the Clean and Build commands use this build script. -->",[],Ant,0,5,5
25025,epam/indigo,https://github.com/epam/indigo/blob/2cceed3909c79787a04c401e8aa282f7c3488ab8/utils/legio/build.xml#L6,"<!-- Commands such as Run, Debug, and Test only use this build script if -->",[],Ant,0,6,6
25025,epam/indigo,https://github.com/epam/indigo/blob/2cceed3909c79787a04c401e8aa282f7c3488ab8/utils/legio/build.xml#L7,<!-- the Compile on Save feature is turned off for the project. -->,[],Ant,0,7,7
25025,epam/indigo,https://github.com/epam/indigo/blob/2cceed3909c79787a04c401e8aa282f7c3488ab8/utils/legio/build.xml#L8,<!-- You can turn off the Compile on Save (or Deploy on Save) setting -->,[],Ant,0,8,8
25025,epam/indigo,https://github.com/epam/indigo/blob/2cceed3909c79787a04c401e8aa282f7c3488ab8/utils/legio/build.xml#L9,<!-- in the project's Project Properties dialog box.-->,[],Ant,0,9,9
25025,epam/indigo,https://github.com/epam/indigo/blob/2cceed3909c79787a04c401e8aa282f7c3488ab8/utils/legio/build.xml#L12,"<!--<import file=""nbproject/build-impl.xml""/>-->",[],Ant,4,12,12
25025,epam/indigo,https://github.com/epam/indigo/blob/2cceed3909c79787a04c401e8aa282f7c3488ab8/utils/legio/build.xml#L30,"<!--
		<delete dir=""dist/lib""/>
		<delete dir=""dist/javadoc""/>
		<delete file=""dist/README.txt""/>
        <delete file=""dist/legio.jar""/>
        <delete file=""lib/indigo.jar""/>
        <delete file=""lib/indigo-renderer.jar""/>
        <delete file=""lib/jna.jar""/>
        <delete file=""lib/common-controls.jar""/>-->",[],Ant,2,30,38
25025,epam/indigo,https://github.com/epam/indigo/blob/2cceed3909c79787a04c401e8aa282f7c3488ab8/utils/legio/build.xml#L41,<!-- Build common controls-->,[],Ant,2,41,41
25025,epam/indigo,https://github.com/epam/indigo/blob/2cceed3909c79787a04c401e8aa282f7c3488ab8/utils/legio/build.xml#L45,<!--Copy libs-->,[],Ant,2,45,45
25025,epam/indigo,https://github.com/epam/indigo/blob/2cceed3909c79787a04c401e8aa282f7c3488ab8/utils/legio/build.xml#L74,"<!--

    There exist several targets which are by default empty and which can be 
    used for execution of your tasks. These targets are usually executed 
    before and after some main targets. They are: 

      -pre-init:                 called before initialization of project properties
      -post-init:                called after initialization of project properties
      -pre-compile:              called before javac compilation
      -post-compile:             called after javac compilation
      -pre-compile-single:       called before javac compilation of single file
      -post-compile-single:      called after javac compilation of single file
      -pre-compile-test:         called before javac compilation of JUnit tests
      -post-compile-test:        called after javac compilation of JUnit tests
      -pre-compile-test-single:  called before javac compilation of single JUnit test
      -post-compile-test-single: called after javac compilation of single JUunit test
      -pre-jar:                  called before JAR building
      -post-jar:                 called after JAR building
      -post-clean:               called after cleaning build products

    (Targets beginning with '-' are not intended to be called on their own.)

    Example of inserting an obfuscator after compilation could look like this:

        <target name=""-post-compile"">
            <obfuscate>
                <fileset dir=""${build.classes.dir}""/>
            </obfuscate>
        </target>

    For list of available properties check the imported 
    nbproject/build-impl.xml file. 


    Another way to customize the build is by overriding existing main targets.
    The targets of interest are: 

      -init-macrodef-javac:     defines macro for javac compilation
      -init-macrodef-junit:     defines macro for junit execution
      -init-macrodef-debug:     defines macro for class debugging
      -init-macrodef-java:      defines macro for class execution
      -do-jar-with-manifest:    JAR building (if you are using a manifest)
      -do-jar-without-manifest: JAR building (if you are not using a manifest)
      run:                      execution of project 
      -javadoc-build:           Javadoc generation
      test-report:              JUnit report generation

    An example of overriding the target for project execution could look like this:

        <target name=""run"" depends=""legio-impl.jar"">
            <exec dir=""bin"" executable=""launcher.exe"">
                <arg file=""${dist.jar}""/>
            </exec>
        </target>

    Notice that the overridden target depends on the jar target and not only on 
    the compile target as the regular run target does. Again, for a list of available 
    properties which you can use, check the target you are overriding in the
    nbproject/build-impl.xml file. 

    -->",[],Ant,4,74,134
25025,epam/indigo,https://github.com/epam/indigo/blob/2cceed3909c79787a04c401e8aa282f7c3488ab8/third_party/cairo/src/Makefile.am#L1,# Note: All source files are listed in Makefile.sources.,[],Autotool,0,1,1
25025,epam/indigo,https://github.com/epam/indigo/blob/2cceed3909c79787a04c401e8aa282f7c3488ab8/third_party/cairo/src/Makefile.am#L7,#MAINTAINERCLEANFILES += $(srcdir)/Makefile.win32.features,[],Autotool,0,7,7
25025,epam/indigo,https://github.com/epam/indigo/blob/2cceed3909c79787a04c401e8aa282f7c3488ab8/third_party/cairo/src/Makefile.am#L52,# Special headers,[],Autotool,0,52,52
25025,epam/indigo,https://github.com/epam/indigo/blob/2cceed3909c79787a04c401e8aa282f7c3488ab8/third_party/cairo/src/Makefile.am#L110,"# The pre-processed result is used by check-{def,plt}.sh to determine whether
# cairo has been compiled with symbol hiding.",[],Autotool,0,110,111
25025,epam/indigo,https://github.com/epam/indigo/blob/2cceed3909c79787a04c401e8aa282f7c3488ab8/CMakeLists.txt#L8,# Options,[],CMake,0,8,8
25025,epam/indigo,https://github.com/epam/indigo/blob/2cceed3909c79787a04c401e8aa282f7c3488ab8/CMakeLists.txt#L10,# Common options,[],CMake,0,10,10
25025,epam/indigo,https://github.com/epam/indigo/blob/2cceed3909c79787a04c401e8aa282f7c3488ab8/CMakeLists.txt#L16,# Indigo API options,[],CMake,0,16,16
25025,epam/indigo,https://github.com/epam/indigo/blob/2cceed3909c79787a04c401e8aa282f7c3488ab8/CMakeLists.txt#L19,# Indigo API Wrappers options,[],CMake,0,19,19
25025,epam/indigo,https://github.com/epam/indigo/blob/2cceed3909c79787a04c401e8aa282f7c3488ab8/CMakeLists.txt#L24,"# option(BUILD_INDIGO_WRAPPERS_R ""Build Indigo API wrappers to R [WIP]"" OFF)",[],CMake,0,24,24
25025,epam/indigo,https://github.com/epam/indigo/blob/2cceed3909c79787a04c401e8aa282f7c3488ab8/CMakeLists.txt#L26,# CLI utils options,[],CMake,0,26,26
25025,epam/indigo,https://github.com/epam/indigo/blob/2cceed3909c79787a04c401e8aa282f7c3488ab8/CMakeLists.txt#L29,# Bingo options,[],CMake,0,29,29
25025,epam/indigo,https://github.com/epam/indigo/blob/2cceed3909c79787a04c401e8aa282f7c3488ab8/CMakeLists.txt#L35,# Bingo-Elastic options,[],CMake,0,35,35
25025,epam/indigo,https://github.com/epam/indigo/blob/2cceed3909c79787a04c401e8aa282f7c3488ab8/CMakeLists.txt#L38,# Auto-set dependent options,[],CMake,0,38,38
25025,epam/indigo,https://github.com/epam/indigo/blob/2cceed3909c79787a04c401e8aa282f7c3488ab8/CMakeLists.txt#L50,# set(BUILD_INDIGO_WRAPPERS_R ON),[],CMake,4,50,50
25025,epam/indigo,https://github.com/epam/indigo/blob/2cceed3909c79787a04c401e8aa282f7c3488ab8/CMakeLists.txt#L56,# set(BUILD_INDIGO_WRAPPERS_R OFF),[],CMake,4,56,56
25025,epam/indigo,https://github.com/epam/indigo/blob/2cceed3909c79787a04c401e8aa282f7c3488ab8/CMakeLists.txt#L79,# set(BUILD_INDIGO_WRAPPERS_R OFF),[],CMake,4,79,79
25025,epam/indigo,https://github.com/epam/indigo/blob/2cceed3909c79787a04c401e8aa282f7c3488ab8/CMakeLists.txt#L91,# Print all options and settings,[],CMake,0,91,91
25025,epam/indigo,https://github.com/epam/indigo/blob/2cceed3909c79787a04c401e8aa282f7c3488ab8/CMakeLists.txt#L99,"# message(STATUS ""BUILD_INDIGO_WRAPPERS_R=${BUILD_INDIGO_WRAPPERS_R}"")",[],CMake,0,99,99
25025,epam/indigo,https://github.com/epam/indigo/blob/2cceed3909c79787a04c401e8aa282f7c3488ab8/CMakeLists.txt#L106,# Set up compiler flags and other preparatory steps,[],CMake,0,106,106
25025,epam/indigo,https://github.com/epam/indigo/blob/2cceed3909c79787a04c401e8aa282f7c3488ab8/CMakeLists.txt#L110,# In subprojects we'll add dependencies for this pseudo-target to build all packages at once,[],CMake,0,110,110
25025,epam/indigo,https://github.com/epam/indigo/blob/2cceed3909c79787a04c401e8aa282f7c3488ab8/api/c/indigo/CMakeLists.txt#L30,"# Avoid all MinGW-related runtime-dependencies, including them in DLL",[],CMake,8,30,30
25025,epam/indigo,https://github.com/epam/indigo/blob/2cceed3909c79787a04c401e8aa282f7c3488ab8/api/c/indigo/CMakeLists.txt#L35,"# On MSVC we cannot statically link C++ runtime, so we need to copy required files as dependencies",[],CMake,8,35,35
25025,epam/indigo,https://github.com/epam/indigo/blob/2cceed3909c79787a04c401e8aa282f7c3488ab8/api/c/indigo/CMakeLists.txt#L60,# Prepare libraries to build wrappers,[],CMake,4,60,60
25025,epam/indigo,https://github.com/epam/indigo/blob/2cceed3909c79787a04c401e8aa282f7c3488ab8/api/cpp/CMakeLists.txt#L9,# target_compile_definitions(${PROJECT_NAME}-object PRIVATE INDIGO_CPP_DEBUG=1),[],CMake,0,9,9
25025,epam/indigo,https://github.com/epam/indigo/blob/2cceed3909c79787a04c401e8aa282f7c3488ab8/api/python/CMakeLists.txt#L18,# COMMAND ${Python3_EXECUTABLE} setup.py bdist_wheel --plat-name=mingw --python-tag=py3,[],CMake,12,18,18
25025,epam/indigo,https://github.com/epam/indigo/blob/2cceed3909c79787a04c401e8aa282f7c3488ab8/bingo/oracle/CMakeLists.txt#L22,"# Avoid all MinGW-related runtime-dependencies, including them in DLL",[],CMake,2,22,22
25025,epam/indigo,https://github.com/epam/indigo/blob/2cceed3909c79787a04c401e8aa282f7c3488ab8/bingo/postgres/CMakeLists.txt#L2,# We need PostgreSQL_TYPE_INCLUDE_DIR definition,[],CMake,4,2,2
25025,epam/indigo,https://github.com/epam/indigo/blob/2cceed3909c79787a04c401e8aa282f7c3488ab8/bingo/postgres/CMakeLists.txt#L48,"# We need to explicitly export ""Pg_magic_func"", we need to remove visibility=hidden for this library",[],CMake,8,48,48
25025,epam/indigo,https://github.com/epam/indigo/blob/2cceed3909c79787a04c401e8aa282f7c3488ab8/third_party/CMakeLists.txt#L2,# InChI don't have a Conan package yet,[],CMake,4,2,2
25025,epam/indigo,https://github.com/epam/indigo/blob/2cceed3909c79787a04c401e8aa282f7c3488ab8/third_party/CMakeLists.txt#L20,# Required for base64 encoding,[],CMake,4,20,20
25025,epam/indigo,https://github.com/epam/indigo/blob/2cceed3909c79787a04c401e8aa282f7c3488ab8/third_party/cppcodec/CMakeLists.txt#L8,"# These flags are for binaries built by this particular CMake project (test_cppcodec, base64enc, etc.).
# In your own project that uses cppcodec, you might want to specify a different standard or error level.",[],CMake,0,8,9
25025,epam/indigo,https://github.com/epam/indigo/blob/2cceed3909c79787a04c401e8aa282f7c3488ab8/third_party/cppcodec/CMakeLists.txt#L11,"# Request C++11, or let the user specify the standard on via -D command line option.",[],CMake,0,11,11
25025,epam/indigo,https://github.com/epam/indigo/blob/2cceed3909c79787a04c401e8aa282f7c3488ab8/third_party/cppcodec/CMakeLists.txt#L19,"# MSVC will respect CMAKE_CXX_STANDARD for CMake >= 3.10 and MSVC >= 19.0.24215
# (VS 2017 15.3). Older versions will use the compiler default, which should be
# fine for anything except ancient MSVC versions.",[],CMake,2,19,21
25025,epam/indigo,https://github.com/epam/indigo/blob/2cceed3909c79787a04c401e8aa282f7c3488ab8/third_party/cppcodec/CMakeLists.txt#L26,"# CMake versions before 3.1 do not understand CMAKE_CXX_STANDARD.
# Remove this block once CMake >=3.1 has fixated in the ecosystem.",[],CMake,2,26,27
25025,epam/indigo,https://github.com/epam/indigo/blob/2cceed3909c79787a04c401e8aa282f7c3488ab8/third_party/cppcodec/CMakeLists.txt#L34,# base32,[],CMake,4,34,34
25025,epam/indigo,https://github.com/epam/indigo/blob/2cceed3909c79787a04c401e8aa282f7c3488ab8/third_party/cppcodec/CMakeLists.txt#L41,# base64,[],CMake,4,41,41
25025,epam/indigo,https://github.com/epam/indigo/blob/2cceed3909c79787a04c401e8aa282f7c3488ab8/third_party/cppcodec/CMakeLists.txt#L48,# hex,[],CMake,4,48,48
25025,epam/indigo,https://github.com/epam/indigo/blob/2cceed3909c79787a04c401e8aa282f7c3488ab8/third_party/cppcodec/CMakeLists.txt#L53,# other stuff,[],CMake,4,53,53
25025,epam/indigo,https://github.com/epam/indigo/blob/2cceed3909c79787a04c401e8aa282f7c3488ab8/third_party/cppcodec/CMakeLists.txt#L64,"# unnecessary for building, but makes headers show up in IDEs",[],CMake,47,64,64
25025,epam/indigo,https://github.com/epam/indigo/blob/2cceed3909c79787a04c401e8aa282f7c3488ab8/third_party/cppcodec/CMakeLists.txt#L69,# use DIRECTORY instead of PATH once requiring CMake 3.0,[],CMake,49,69,69
25025,epam/indigo,https://github.com/epam/indigo/blob/2cceed3909c79787a04c401e8aa282f7c3488ab8/third_party/googletest/CMakeLists.txt#L1,"########################################################################
# Note: CMake support is community-based. The maintainers do not use CMake
# internally.
#
# CMake build script for Google Test.
#
# To run the tests for Google Test itself on Linux, use 'make test' or
# ctest.  You can select which tests to run using 'ctest -R regex'.
# For more options, run 'ctest --help'.",[],CMake,0,1,9
25025,epam/indigo,https://github.com/epam/indigo/blob/2cceed3909c79787a04c401e8aa282f7c3488ab8/third_party/googletest/CMakeLists.txt#L11,"# When other libraries are using a shared version of runtime libraries,
# Google Test also has to use one.",[],CMake,0,11,12
25025,epam/indigo,https://github.com/epam/indigo/blob/2cceed3909c79787a04c401e8aa282f7c3488ab8/third_party/googletest/CMakeLists.txt#L31,# Defines pre_project_set_up_hermetic_build() and set_up_hermetic_build().,[],CMake,0,31,31
25025,epam/indigo,https://github.com/epam/indigo/blob/2cceed3909c79787a04c401e8aa282f7c3488ab8/third_party/googletest/CMakeLists.txt#L38,"########################################################################
#
# Project-wide settings",[],CMake,0,38,40
25025,epam/indigo,https://github.com/epam/indigo/blob/2cceed3909c79787a04c401e8aa282f7c3488ab8/third_party/googletest/CMakeLists.txt#L42,"# Name of the project.
#
# CMake files in this project can refer to the root source directory
# as ${gtest_SOURCE_DIR} and to the root binary directory as
# ${gtest_BINARY_DIR}.
# Language ""C"" is required for find_package(Threads).",[],CMake,0,42,47
25025,epam/indigo,https://github.com/epam/indigo/blob/2cceed3909c79787a04c401e8aa282f7c3488ab8/third_party/googletest/CMakeLists.txt#L49,# Project version:,[],CMake,0,49,49
25025,epam/indigo,https://github.com/epam/indigo/blob/2cceed3909c79787a04c401e8aa282f7c3488ab8/third_party/googletest/CMakeLists.txt#L55,# Visibility,[],CMake,20,55,55
25025,epam/indigo,https://github.com/epam/indigo/blob/2cceed3909c79787a04c401e8aa282f7c3488ab8/third_party/googletest/CMakeLists.txt#L63,# These commands only run if this is the main project,[],CMake,0,63,63
25025,epam/indigo,https://github.com/epam/indigo/blob/2cceed3909c79787a04c401e8aa282f7c3488ab8/third_party/googletest/CMakeLists.txt#L66,"# BUILD_SHARED_LIBS is a standard CMake variable, but we declare it here to
# make it prominent in the GUI.",[],CMake,2,66,67
25025,epam/indigo,https://github.com/epam/indigo/blob/2cceed3909c79787a04c401e8aa282f7c3488ab8/third_party/googletest/CMakeLists.txt#L87,# Define helper functions and macros used by Google Test.,[],CMake,0,87,87
25025,epam/indigo,https://github.com/epam/indigo/blob/2cceed3909c79787a04c401e8aa282f7c3488ab8/third_party/googletest/CMakeLists.txt#L90,# Defined in internal_utils.cmake.,[],CMake,30,90,90
25025,epam/indigo,https://github.com/epam/indigo/blob/2cceed3909c79787a04c401e8aa282f7c3488ab8/third_party/googletest/CMakeLists.txt#L92,"# Needed to set the namespace for both the export targets and the
# alias libraries",[],CMake,0,92,93
25025,epam/indigo,https://github.com/epam/indigo/blob/2cceed3909c79787a04c401e8aa282f7c3488ab8/third_party/googletest/CMakeLists.txt#L96,# Create the CMake package file descriptors.,[],CMake,0,96,96
25025,epam/indigo,https://github.com/epam/indigo/blob/2cceed3909c79787a04c401e8aa282f7c3488ab8/third_party/googletest/CMakeLists.txt#L114,# Where Google Test's .h files can be found.,[],CMake,0,114,114
25025,epam/indigo,https://github.com/epam/indigo/blob/2cceed3909c79787a04c401e8aa282f7c3488ab8/third_party/googletest/CMakeLists.txt#L120,"########################################################################
#
# Defines the gtest & gtest_main libraries.  User tests should link
# with one of them.",[],CMake,0,120,123
25025,epam/indigo,https://github.com/epam/indigo/blob/2cceed3909c79787a04c401e8aa282f7c3488ab8/third_party/googletest/CMakeLists.txt#L125,"# Google Test libraries.  We build them using more strict warnings than what
# are used for other targets, to ensure that gtest can be compiled by a user
# aggressive about warnings.",[],CMake,0,125,127
25025,epam/indigo,https://github.com/epam/indigo/blob/2cceed3909c79787a04c401e8aa282f7c3488ab8/third_party/googletest/CMakeLists.txt#L132,"# If the CMake version supports it, attach header directory information
# to the targets for when we are part of a parent build (ie being pulled
# in via add_subdirectory() rather than being a standalone build).",[],CMake,0,132,134
25025,epam/indigo,https://github.com/epam/indigo/blob/2cceed3909c79787a04c401e8aa282f7c3488ab8/third_party/googletest/CMakeLists.txt#L149,"########################################################################
#
# Install rules",[],CMake,0,149,151
25025,epam/indigo,https://github.com/epam/indigo/blob/2cceed3909c79787a04c401e8aa282f7c3488ab8/third_party/googletest/CMakeLists.txt#L154,"########################################################################
#
# Samples on how to link user tests with gtest or gtest_main.
#
# They are not built by default.  To build them, set the
# gtest_build_samples option to ON.  You can do it by running ccmake
# or specifying the -Dgtest_build_samples=ON flag when running cmake.",[],CMake,0,154,160
25025,epam/indigo,https://github.com/epam/indigo/blob/2cceed3909c79787a04c401e8aa282f7c3488ab8/third_party/googletest/CMakeLists.txt#L175,"########################################################################
#
# Google Test's own tests.
#
# You can skip this section if you aren't interested in testing
# Google Test itself.
#
# The tests are not built by default.  To build them, set the
# gtest_build_tests option to ON.  You can do it by running ccmake
# or specifying the -Dgtest_build_tests=ON flag when running cmake.",[],CMake,0,175,184
25025,epam/indigo,https://github.com/epam/indigo/blob/2cceed3909c79787a04c401e8aa282f7c3488ab8/third_party/googletest/CMakeLists.txt#L187,"# This must be set in the root directory for the tests to be run by
# 'make test' or ctest.",[],CMake,2,187,188
25025,epam/indigo,https://github.com/epam/indigo/blob/2cceed3909c79787a04c401e8aa282f7c3488ab8/third_party/googletest/CMakeLists.txt#L191,"############################################################
# C++ tests built with standard compiler flags.",[],CMake,2,191,192
25025,epam/indigo,https://github.com/epam/indigo/blob/2cceed3909c79787a04c401e8aa282f7c3488ab8/third_party/googletest/CMakeLists.txt#L223,"############################################################
# C++ tests built with non-standard compiler flags.",[],CMake,2,223,224
25025,epam/indigo,https://github.com/epam/indigo/blob/2cceed3909c79787a04c401e8aa282f7c3488ab8/third_party/googletest/CMakeLists.txt#L226,# MSVC 7.1 does not support STL with exceptions disabled.,[],CMake,2,226,226
25025,epam/indigo,https://github.com/epam/indigo/blob/2cceed3909c79787a04c401e8aa282f7c3488ab8/third_party/googletest/CMakeLists.txt#L255,"############################################################
# Python tests.",[],CMake,2,255,256
25025,epam/indigo,https://github.com/epam/indigo/blob/2cceed3909c79787a04c401e8aa282f7c3488ab8/third_party/googletest/CMakeLists.txt#L264,# Visual Studio .NET 2003 does not support STL with exceptions disabled.,[],CMake,2,264,264
25025,epam/indigo,https://github.com/epam/indigo/blob/2cceed3909c79787a04c401e8aa282f7c3488ab8/third_party/googletest/CMakeLists.txt#L265,# 1310 is Visual Studio .NET 2003,[],CMake,46,265,265
25025,epam/indigo,https://github.com/epam/indigo/blob/2cceed3909c79787a04c401e8aa282f7c3488ab8/third_party/googletest/CMakeLists.txt#L301,# MSVC 7.1 does not support STL with exceptions disabled.,[],CMake,2,301,301
25025,epam/indigo,https://github.com/epam/indigo/blob/2cceed3909c79787a04c401e8aa282f7c3488ab8/utils/indigo-ml/CMakeLists.txt#L18,# COMMAND ${Python3_EXECUTABLE} setup.py bdist_wheel --plat-name=mingw --python-tag=py2.py3,[],CMake,12,18,18
25025,epam/indigo,https://github.com/epam/indigo/blob/2cceed3909c79787a04c401e8aa282f7c3488ab8/bingo/bingo-version.cmake#L28,# Do not forget to launch build_scripts/bingo-update-version.py after changing the version because it should be ${RV} changed in the Java and .NET files as well,[],CMake,0,28,28
25025,epam/indigo,https://github.com/epam/indigo/blob/2cceed3909c79787a04c401e8aa282f7c3488ab8/cmake/FindCairo.cmake#L1,"# - Try to find Cairo
# Once done, this will define
#
#  CAIRO_FOUND - system has Cairo
#  CAIRO_INCLUDE_DIRS - the Cairo include directories
#  CAIRO_LIBRARIES - link these to use Cairo
#
# Copyright (C) 2012 Raphael Kubo da Costa <rakuco@webkit.org>
#
# Redistribution and use in source and binary forms, with or without
# modification, are permitted provided that the following conditions
# are met:
# 1.  Redistributions of source code must retain the above copyright
#     notice, this list of conditions and the following disclaimer.
# 2.  Redistributions in binary form must reproduce the above copyright
#     notice, this list of conditions and the following disclaimer in the
#     documentation and/or other materials provided with the distribution.
#
# THIS SOFTWARE IS PROVIDED BY THE COPYRIGHT HOLDER AND ITS CONTRIBUTORS ``AS
# IS'' AND ANY EXPRESS OR IMPLIED WARRANTIES, INCLUDING, BUT NOT LIMITED TO,
# THE IMPLIED WARRANTIES OF MERCHANTABILITY AND FITNESS FOR A PARTICULAR
# PURPOSE ARE DISCLAIMED. IN NO EVENT SHALL THE COPYRIGHT HOLDER OR ITS
# CONTRIBUTORS BE LIABLE FOR ANY DIRECT, INDIRECT, INCIDENTAL, SPECIAL,
# EXEMPLARY, OR CONSEQUENTIAL DAMAGES (INCLUDING, BUT NOT LIMITED TO,
# PROCUREMENT OF SUBSTITUTE GOODS OR SERVICES; LOSS OF USE, DATA, OR PROFITS;
# OR BUSINESS INTERRUPTION) HOWEVER CAUSED AND ON ANY THEORY OF LIABILITY,
# WHETHER IN CONTRACT, STRICT LIABILITY, OR TORT (INCLUDING NEGLIGENCE OR
# OTHERWISE) ARISING IN ANY WAY OUT OF THE USE OF THIS SOFTWARE, EVEN IF
# ADVISED OF THE POSSIBILITY OF SUCH DAMAGE.",[],CMake,0,1,29
25025,epam/indigo,https://github.com/epam/indigo/blob/2cceed3909c79787a04c401e8aa282f7c3488ab8/cmake/FindInChI.cmake#L1,"# - Try to find InChI
# Once done, this will define
#
#  INCHI_FOUND - system has InChI
#  INCHI_INCLUDE_DIRS - the InChI include directories
#  INCHI_LIBRARIES - link these to use InChI",[],CMake,0,1,6
25025,epam/indigo,https://github.com/epam/indigo/blob/2cceed3909c79787a04c401e8aa282f7c3488ab8/cmake/FindOCI.cmake#L13,# Download OCI manually,[],CMake,4,13,13
25025,epam/indigo,https://github.com/epam/indigo/blob/2cceed3909c79787a04c401e8aa282f7c3488ab8/cmake/FindOCI.cmake#L39,"# MinGW GCC cannot link to MSVC lib file, but can link directly to oci.dll",[],CMake,12,39,39
25025,epam/indigo,https://github.com/epam/indigo/blob/2cceed3909c79787a04c401e8aa282f7c3488ab8/cmake/FindTinyXML2.cmake#L1,# Get package location hint from environment variable (if any),[],CMake,0,1,1
25025,epam/indigo,https://github.com/epam/indigo/blob/2cceed3909c79787a04c401e8aa282f7c3488ab8/cmake/FindTinyXML2.cmake#L7,# Search path for nonstandard package locations,[],CMake,0,7,7
25025,epam/indigo,https://github.com/epam/indigo/blob/2cceed3909c79787a04c401e8aa282f7c3488ab8/cmake/FindTinyXML2.cmake#L13,# Find headers and libraries,[],CMake,0,13,13
25025,epam/indigo,https://github.com/epam/indigo/blob/2cceed3909c79787a04c401e8aa282f7c3488ab8/cmake/FindTinyXML2.cmake#L37,# Output variables generation,[],CMake,0,37,37
25025,epam/indigo,https://github.com/epam/indigo/blob/2cceed3909c79787a04c401e8aa282f7c3488ab8/cmake/FindTinyXML2.cmake#L42,# Enforce case-correctness: Set appropriately cased variable...,[],CMake,37,42,42
25025,epam/indigo,https://github.com/epam/indigo/blob/2cceed3909c79787a04c401e8aa282f7c3488ab8/cmake/FindTinyXML2.cmake#L43,# ...and unset uppercase variable generated by find_package_handle_standard_args,[],CMake,21,43,43
25025,epam/indigo,https://github.com/epam/indigo/blob/2cceed3909c79787a04c401e8aa282f7c3488ab8/cmake/setup.cmake#L4,# https://cmake.org/cmake/help/v3.9/policy/CMP0068.html,[],CMake,4,4,4
25025,epam/indigo,https://github.com/epam/indigo/blob/2cceed3909c79787a04c401e8aa282f7c3488ab8/cmake/setup.cmake#L8,# https://cmake.org/cmake/help/v3.12/policy/CMP0074.html,[],CMake,4,8,8
25025,epam/indigo,https://github.com/epam/indigo/blob/2cceed3909c79787a04c401e8aa282f7c3488ab8/cmake/setup.cmake#L46,# Compile flags,[],CMake,0,46,46
25025,epam/indigo,https://github.com/epam/indigo/blob/2cceed3909c79787a04c401e8aa282f7c3488ab8/cmake/setup.cmake#L74,"# NOTE: Link-time optimization flags - turned off for now due to issues with exception handling
#if (UNIX OR MINGW)
#    string(APPEND CMAKE_C_FLAGS_RELEASE "" -flto -g"")
#    string(APPEND CMAKE_CXX_FLAGS_RELEASE "" -flto -g"")
#    if (UNIX AND NOT APPLE)
#        string(APPEND CMAKE_C_FLAGS_RELEASE "" -fuse-ld=gold"")
#        string(APPEND CMAKE_CXX_FLAGS_RELEASE "" -fuse-ld=gold"")
#    endif()
#elseif (MSVC)
#    string(APPEND CMAKE_C_FLAGS_RELEASE "" -GL"")
#    string(APPEND CMAKE_CXX_FLAGS_RELEASE "" -GL"")
#    string(APPEND CMAKE_EXE_LINKER_FLAGS_RELEASE "" -LTCG -OPT:REF -OPT:ICF"")
#    string(APPEND CMAKE_SHARED_LINKER_FLAGS_RELEASE "" -LTCG -OPT:REF -OPT:ICF"")
#    string(APPEND CMAKE_STATIC_LINKER_FLAGS_RELEASE "" -LTCG"")
#endif()",[],CMake,0,74,88
25025,epam/indigo,https://github.com/epam/indigo/blob/2cceed3909c79787a04c401e8aa282f7c3488ab8/cmake/setup.cmake#L100,"# If cross-compiling, we are able to set another OS",[],CMake,0,100,100
25025,epam/indigo,https://github.com/epam/indigo/blob/2cceed3909c79787a04c401e8aa282f7c3488ab8/cmake/setup.cmake#L104,"# If cross-compiling, we are able to set another Arch, like ""aarch64""",[],CMake,0,104,104
25025,epam/indigo,https://github.com/epam/indigo/blob/2cceed3909c79787a04c401e8aa282f7c3488ab8/cmake/setup.cmake#L128,# Show C and CXX flags,[],CMake,0,128,128
25025,epam/indigo,https://github.com/epam/indigo/blob/2cceed3909c79787a04c401e8aa282f7c3488ab8/third_party/googletest/cmake/internal_utils.cmake#L1,"# Defines functions and macros useful for building Google Test and
# Google Mock.
#
# Note:
#
# - This file will be run twice when building Google Mock (once via
#   Google Test's CMakeLists.txt, and once via Google Mock's).
#   Therefore it shouldn't have any side effects other than defining
#   the functions and macros.
#
# - The functions/macros defined in this file may depend on Google
#   Test and Google Mock's option() definitions, and thus must be
#   called *after* the options have been defined.",[],CMake,0,1,13
25025,epam/indigo,https://github.com/epam/indigo/blob/2cceed3909c79787a04c401e8aa282f7c3488ab8/third_party/googletest/cmake/internal_utils.cmake#L19,"# Tweaks CMake's default compiler/linker settings to suit Google Test's needs.
#
# This must be a macro(), as inside a function string() can only
# update variables in the function scope.",[],CMake,0,19,22
25025,epam/indigo,https://github.com/epam/indigo/blob/2cceed3909c79787a04c401e8aa282f7c3488ab8/third_party/googletest/cmake/internal_utils.cmake#L25,"# For MSVC, CMake sets certain flags to defaults we want to override.
# This replacement code is taken from sample in the CMake Wiki at
# https://gitlab.kitware.com/cmake/community/wikis/FAQ#dynamic-replace.",[],CMake,4,25,27
25025,epam/indigo,https://github.com/epam/indigo/blob/2cceed3909c79787a04c401e8aa282f7c3488ab8/third_party/googletest/cmake/internal_utils.cmake#L34,"# When Google Test is built as a shared library, it should also use
# shared runtime libraries.  Otherwise, it may end up with multiple
# copies of runtime library data in different modules, resulting in
# hard-to-find crashes. When it is built as a static library, it is
# preferable to use CRT as static libraries, as we don't have to rely
# on CRT DLLs being available. CMake always defaults to using shared
# CRT libraries, so we override that default here.",[],CMake,8,34,40
25025,epam/indigo,https://github.com/epam/indigo/blob/2cceed3909c79787a04c401e8aa282f7c3488ab8/third_party/googletest/cmake/internal_utils.cmake#L44,"# We prefer more strict warning checking for building Google Test.
# Replaces /W3 with /W4 in defaults.",[],CMake,6,44,45
25025,epam/indigo,https://github.com/epam/indigo/blob/2cceed3909c79787a04c401e8aa282f7c3488ab8/third_party/googletest/cmake/internal_utils.cmake#L48,"# Prevent D9025 warning for targets that have exception handling
# turned off (/EHs-c- flag). Where required, exceptions are explicitly
# re-enabled using the cxx_exception_flags variable.",[],CMake,6,48,50
25025,epam/indigo,https://github.com/epam/indigo/blob/2cceed3909c79787a04c401e8aa282f7c3488ab8/third_party/googletest/cmake/internal_utils.cmake#L56,"# Defines the compiler/linker flags used to build Google Test and
# Google Mock.  You can tweak these definitions to suit your need.  A
# variable's value is empty before it's explicitly assigned to.",[],CMake,0,56,58
25025,epam/indigo,https://github.com/epam/indigo/blob/2cceed3909c79787a04c401e8aa282f7c3488ab8/third_party/googletest/cmake/internal_utils.cmake#L60,"# Note: pthreads on MinGW is not supported, even if available
# instead, we use windows threading primitives",[],CMake,2,60,61
25025,epam/indigo,https://github.com/epam/indigo/blob/2cceed3909c79787a04c401e8aa282f7c3488ab8/third_party/googletest/cmake/internal_utils.cmake#L64,# Defines CMAKE_USE_PTHREADS_INIT and CMAKE_THREAD_LIBS_INIT.,[],CMake,4,64,64
25025,epam/indigo,https://github.com/epam/indigo/blob/2cceed3909c79787a04c401e8aa282f7c3488ab8/third_party/googletest/cmake/internal_utils.cmake#L81,"# Suppress ""unreachable code"" warning
# http://stackoverflow.com/questions/3232669 explains the issue.",[],CMake,4,81,82
25025,epam/indigo,https://github.com/epam/indigo/blob/2cceed3909c79787a04c401e8aa282f7c3488ab8/third_party/googletest/cmake/internal_utils.cmake#L84,# Ensure MSVC treats source files as UTF-8 encoded.,[],CMake,4,84,84
25025,epam/indigo,https://github.com/epam/indigo/blob/2cceed3909c79787a04c401e8aa282f7c3488ab8/third_party/googletest/cmake/internal_utils.cmake#L99,"# Until version 4.3.2, GCC doesn't define a macro to indicate
# whether RTTI is enabled.  Therefore we define GTEST_HAS_RTTI
# explicitly.",[],CMake,4,99,101
25025,epam/indigo,https://github.com/epam/indigo/blob/2cceed3909c79787a04c401e8aa282f7c3488ab8/third_party/googletest/cmake/internal_utils.cmake#L107,"# Sun Pro doesn't provide macros to indicate whether exceptions and
# RTTI are enabled, so we define GTEST_HAS_* explicitly.",[],CMake,4,107,108
25025,epam/indigo,https://github.com/epam/indigo/blob/2cceed3909c79787a04c401e8aa282f7c3488ab8/third_party/googletest/cmake/internal_utils.cmake#L113,"# CMake 2.8 changes Visual Age's compiler ID to ""XL"".",[],CMake,4,113,113
25025,epam/indigo,https://github.com/epam/indigo/blob/2cceed3909c79787a04c401e8aa282f7c3488ab8/third_party/googletest/cmake/internal_utils.cmake#L116,"# Until version 9.0, Visual Age doesn't define a macro to indicate
# whether RTTI is enabled.  Therefore we define GTEST_HAS_RTTI
# explicitly.",[],CMake,4,116,118
25025,epam/indigo,https://github.com/epam/indigo/blob/2cceed3909c79787a04c401e8aa282f7c3488ab8/third_party/googletest/cmake/internal_utils.cmake#L124,# RTTI can not be disabled in HP aCC compiler.,[],CMake,4,124,124
25025,epam/indigo,https://github.com/epam/indigo/blob/2cceed3909c79787a04c401e8aa282f7c3488ab8/third_party/googletest/cmake/internal_utils.cmake#L128,# The pthreads library is available and allowed?,[],CMake,2,128,128
25025,epam/indigo,https://github.com/epam/indigo/blob/2cceed3909c79787a04c401e8aa282f7c3488ab8/third_party/googletest/cmake/internal_utils.cmake#L136,# For building gtest's own tests and samples.,[],CMake,2,136,136
25025,epam/indigo,https://github.com/epam/indigo/blob/2cceed3909c79787a04c401e8aa282f7c3488ab8/third_party/googletest/cmake/internal_utils.cmake#L143,# For building the gtest libraries.,[],CMake,2,143,143
25025,epam/indigo,https://github.com/epam/indigo/blob/2cceed3909c79787a04c401e8aa282f7c3488ab8/third_party/googletest/cmake/internal_utils.cmake#L147,"# Defines the gtest & gtest_main libraries.  User tests should link
# with one of them.",[],CMake,0,147,148
25025,epam/indigo,https://github.com/epam/indigo/blob/2cceed3909c79787a04c401e8aa282f7c3488ab8/third_party/googletest/cmake/internal_utils.cmake#L150,"# type can be either STATIC or SHARED to denote a static or shared library.
# ARGN refers to additional arguments after 'cxx_flags'.",[],CMake,2,150,151
25025,epam/indigo,https://github.com/epam/indigo/blob/2cceed3909c79787a04c401e8aa282f7c3488ab8/third_party/googletest/cmake/internal_utils.cmake#L157,# Set the output directory for build artifacts,[],CMake,2,157,157
25025,epam/indigo,https://github.com/epam/indigo/blob/2cceed3909c79787a04c401e8aa282f7c3488ab8/third_party/googletest/cmake/internal_utils.cmake#L164,# make PDBs match library name,[],CMake,2,164,164
25025,epam/indigo,https://github.com/epam/indigo/blob/2cceed3909c79787a04c401e8aa282f7c3488ab8/third_party/googletest/cmake/internal_utils.cmake#L196,"########################################################################
#
# Helper functions for creating build targets.",[],CMake,0,196,198
25025,epam/indigo,https://github.com/epam/indigo/blob/2cceed3909c79787a04c401e8aa282f7c3488ab8/third_party/googletest/cmake/internal_utils.cmake#L208,"# cxx_executable_with_flags(name cxx_flags libs srcs...)
#
# creates a named C++ executable that depends on the given libraries and
# is built from the given source files with the given compiler flags.",[],CMake,0,208,211
25025,epam/indigo,https://github.com/epam/indigo/blob/2cceed3909c79787a04c401e8aa282f7c3488ab8/third_party/googletest/cmake/internal_utils.cmake#L215,# BigObj required for tests.,[],CMake,4,215,215
25025,epam/indigo,https://github.com/epam/indigo/blob/2cceed3909c79787a04c401e8aa282f7c3488ab8/third_party/googletest/cmake/internal_utils.cmake#L228,"# To support mixing linking in static and dynamic libraries, link each
# library in with an extra call to target_link_libraries.",[],CMake,2,228,229
25025,epam/indigo,https://github.com/epam/indigo/blob/2cceed3909c79787a04c401e8aa282f7c3488ab8/third_party/googletest/cmake/internal_utils.cmake#L235,"# cxx_executable(name dir lib srcs...)
#
# creates a named target that depends on the given libs and is built
# from the given source files.  dir/name.cc is implicitly included in
# the source file list.",[],CMake,0,235,239
25025,epam/indigo,https://github.com/epam/indigo/blob/2cceed3909c79787a04c401e8aa282f7c3488ab8/third_party/googletest/cmake/internal_utils.cmake#L245,# Sets PYTHONINTERP_FOUND and PYTHON_EXECUTABLE.,[],CMake,0,245,245
25025,epam/indigo,https://github.com/epam/indigo/blob/2cceed3909c79787a04c401e8aa282f7c3488ab8/third_party/googletest/cmake/internal_utils.cmake#L254,"# cxx_test_with_flags(name cxx_flags libs srcs...)
#
# creates a named C++ test that depends on the given libs and is built
# from the given source files with the given compiler flags.",[],CMake,0,254,257
25025,epam/indigo,https://github.com/epam/indigo/blob/2cceed3909c79787a04c401e8aa282f7c3488ab8/third_party/googletest/cmake/internal_utils.cmake#L263,"# cxx_test(name libs srcs...)
#
# creates a named test target that depends on the given libs and is
# built from the given source files.  Unlike cxx_test_with_flags,
# test/name.cc is already implicitly included in the source file list.",[],CMake,0,263,267
25025,epam/indigo,https://github.com/epam/indigo/blob/2cceed3909c79787a04c401e8aa282f7c3488ab8/third_party/googletest/cmake/internal_utils.cmake#L273,"# py_test(name)
#
# creates a Python test with the given name whose main module is in
# test/name.py.  It does nothing if Python is not installed.",[],CMake,0,273,276
25025,epam/indigo,https://github.com/epam/indigo/blob/2cceed3909c79787a04c401e8aa282f7c3488ab8/third_party/googletest/cmake/internal_utils.cmake#L281,"# Multi-configuration build generators as for Visual Studio save
# output in a subdirectory of CMAKE_CURRENT_BINARY_DIR (Debug,
# Release etc.), so we have to provide it here.",[],CMake,8,281,283
25025,epam/indigo,https://github.com/epam/indigo/blob/2cceed3909c79787a04c401e8aa282f7c3488ab8/third_party/googletest/cmake/internal_utils.cmake#L288,"# Single-configuration build generators like Makefile generators
# don't have subdirs below CMAKE_CURRENT_BINARY_DIR.",[],CMake,8,288,289
25025,epam/indigo,https://github.com/epam/indigo/blob/2cceed3909c79787a04c401e8aa282f7c3488ab8/third_party/googletest/cmake/internal_utils.cmake#L295,"# ${CMAKE_CURRENT_BINARY_DIR} is known at configuration time, so we can
# directly bind it from cmake. ${CTEST_CONFIGURATION_TYPE} is known
# only at ctest runtime (by calling ctest -c <Configuration>), so
# we have to escape $ to delay variable substitution here.",[],CMake,6,295,298
25025,epam/indigo,https://github.com/epam/indigo/blob/2cceed3909c79787a04c401e8aa282f7c3488ab8/third_party/googletest/cmake/internal_utils.cmake#L303,# Make the Python import path consistent between Bazel and CMake.,[],CMake,4,303,303
25025,epam/indigo,https://github.com/epam/indigo/blob/2cceed3909c79787a04c401e8aa282f7c3488ab8/third_party/googletest/cmake/internal_utils.cmake#L308,"# install_project(targets...)
#
# Installs the specified targets and configures the associated pkgconfig files.",[],CMake,0,308,310
25025,epam/indigo,https://github.com/epam/indigo/blob/2cceed3909c79787a04c401e8aa282f7c3488ab8/third_party/googletest/cmake/internal_utils.cmake#L315,# Install the project targets.,[],CMake,4,315,315
25025,epam/indigo,https://github.com/epam/indigo/blob/2cceed3909c79787a04c401e8aa282f7c3488ab8/third_party/googletest/cmake/internal_utils.cmake#L322,# Install PDBs,[],CMake,6,322,322
25025,epam/indigo,https://github.com/epam/indigo/blob/2cceed3909c79787a04c401e8aa282f7c3488ab8/third_party/googletest/cmake/internal_utils.cmake#L333,# Configure and install pkgconfig files.,[],CMake,4,333,333
