repoIndex,repoName,linkLocation,comment,keywords,buildSysteminFile,charPosition,startLine,endLine
25145,synerbi/sirf,https://github.com/synerbi/sirf/blob/9ef5044e8d939e27290f0876205f041cbdc60460/CMakeLists.txt#L2,"#========================================================================
# Author: Kris Thielemans
# Copyright 2016 - 2020 University College London
# Copyright 2016 - 2020 Science Technology Facilities Council
#
#  Licensed under the Apache License, Version 2.0 (the ""License"");
#  you may not use this file except in compliance with the License.
#  You may obtain a copy of the License at
#
#         http://www.apache.org/licenses/LICENSE-2.0.txt
#
#  Unless required by applicable law or agreed to in writing, software
#  distributed under the License is distributed on an ""AS IS"" BASIS,
#  WITHOUT WARRANTIES OR CONDITIONS OF ANY KIND, either express or implied.
#  See the License for the specific language governing permissions and
#  limitations under the License.
#
#=========================================================================",[],CMake,0,2,19
25145,synerbi/sirf,https://github.com/synerbi/sirf/blob/9ef5044e8d939e27290f0876205f041cbdc60460/CMakeLists.txt#L21,# cmake file for building SIRF. See the SIRF User's Guide and http://www.cmake.org.,[],CMake,0,21,21
25145,synerbi/sirf,https://github.com/synerbi/sirf/blob/9ef5044e8d939e27290f0876205f041cbdc60460/CMakeLists.txt#L24,"# require 2.8.3 to get FOLDER properties support
# require 3.3 for descent FindMatlab.cmake
# require 3.9 for compatible FindOPENMP.cmake",[],CMake,0,24,26
25145,synerbi/sirf,https://github.com/synerbi/sirf/blob/9ef5044e8d939e27290f0876205f041cbdc60460/CMakeLists.txt#L29,"# Set the CMake policy for SWIG
# https://cmake.org/cmake/help/v3.14/policy/CMP0078.html#policy:CMP0078",[],CMake,0,29,30
25145,synerbi/sirf,https://github.com/synerbi/sirf/blob/9ef5044e8d939e27290f0876205f041cbdc60460/CMakeLists.txt#L32,# policy introduced in CMake 3.13,[],CMake,2,32,32
25145,synerbi/sirf,https://github.com/synerbi/sirf/blob/9ef5044e8d939e27290f0876205f041cbdc60460/CMakeLists.txt#L35,# avoid warning about WIN32 no longer defined in CYGWIN,[],CMake,0,35,35
25145,synerbi/sirf,https://github.com/synerbi/sirf/blob/9ef5044e8d939e27290f0876205f041cbdc60460/CMakeLists.txt#L53,# set default build-type to Release,[],CMake,0,53,53
25145,synerbi/sirf,https://github.com/synerbi/sirf/blob/9ef5044e8d939e27290f0876205f041cbdc60460/CMakeLists.txt#L58,####### Set Version number etc,[],CMake,0,58,58
25145,synerbi/sirf,https://github.com/synerbi/sirf/blob/9ef5044e8d939e27290f0876205f041cbdc60460/CMakeLists.txt#L73,####### CMake path,[],CMake,0,73,73
25145,synerbi/sirf,https://github.com/synerbi/sirf/blob/9ef5044e8d939e27290f0876205f041cbdc60460/CMakeLists.txt#L76,# If OSX give the advanced option to use absolute paths for shared libraries,[],CMake,0,76,76
25145,synerbi/sirf,https://github.com/synerbi/sirf/blob/9ef5044e8d939e27290f0876205f041cbdc60460/CMakeLists.txt#L81,# Set install_name_dir as the absolute path to install_prefix/lib,[],CMake,4,81,81
25145,synerbi/sirf,https://github.com/synerbi/sirf/blob/9ef5044e8d939e27290f0876205f041cbdc60460/CMakeLists.txt#L87,"# If OSX, we might need to assume pthreads. For this, first try to find boost_thread.
# If that fails, then give a bit of help.",[],CMake,0,87,88
25145,synerbi/sirf,https://github.com/synerbi/sirf/blob/9ef5044e8d939e27290f0876205f041cbdc60460/CMakeLists.txt#L101,"# Enable secure versions of standard C functions such as sprintf etc
# this will cause a run-time error when overwriting memory etc",[],CMake,2,101,102
25145,synerbi/sirf,https://github.com/synerbi/sirf/blob/9ef5044e8d939e27290f0876205f041cbdc60460/CMakeLists.txt#L104,"# This still leaves a lot of warnings about sscanf etc, so we'll silence them all for now",[],CMake,2,104,104
25145,synerbi/sirf,https://github.com/synerbi/sirf/blob/9ef5044e8d939e27290f0876205f041cbdc60460/CMakeLists.txt#L108,####### External packages,[],CMake,0,108,108
25145,synerbi/sirf,https://github.com/synerbi/sirf/blob/9ef5044e8d939e27290f0876205f041cbdc60460/CMakeLists.txt#L110,#### we need the boost library from boost.org,[],CMake,0,110,110
25145,synerbi/sirf,https://github.com/synerbi/sirf/blob/9ef5044e8d939e27290f0876205f041cbdc60460/CMakeLists.txt#L113,"# For Visual Studio we have to disable the auto-linking feature of boost
# where just including a boost file automatically adds it to the linker path.
# Although this sounds great, it sadly breaks because of conflicting file-paths when linking etc etc.
# In any case, we need to add the libraries by hand for other systems.
# See http://stackoverflow.com/questions/32252016/cmake-visual-studio-build-looks-for-wrong-library",[],CMake,0,113,117
25145,synerbi/sirf,https://github.com/synerbi/sirf/blob/9ef5044e8d939e27290f0876205f041cbdc60460/CMakeLists.txt#L120,#### optional back-ends,[],CMake,0,120,120
25145,synerbi/sirf,https://github.com/synerbi/sirf/blob/9ef5044e8d939e27290f0876205f041cbdc60460/CMakeLists.txt#L125,"# find Python interpreter. Needed for tests, and best to enforce consistency anyway.",[],CMake,2,125,125
25145,synerbi/sirf,https://github.com/synerbi/sirf/blob/9ef5044e8d939e27290f0876205f041cbdc60460/CMakeLists.txt#L156,"# PYTHON_DEST_DIR allows the user to select the install destination of the
# SIRF python modules. PYTHON_DEST_DIR is a cached variable which can be
# updated on the GUI.
# If PYTHON_DEST_DIR is not set, we will install in ${CMAKE_INSTALL_PREFIX}/python",[],CMake,4,156,159
25145,synerbi/sirf,https://github.com/synerbi/sirf/blob/9ef5044e8d939e27290f0876205f041cbdc60460/CMakeLists.txt#L192,"# MATLAB_DEST_DIR allows the user to select the install destination of the
# SIRF matlab modules. MATLAB_DEST_DIR is a cached variable which can be
# updated on the GUI.
# If MATLAB_DEST_DIR is not set, we will install in ${CMAKE_INSTALL_PREFIX}/matlab",[],CMake,4,192,195
25145,synerbi/sirf,https://github.com/synerbi/sirf/blob/9ef5044e8d939e27290f0876205f041cbdc60460/CMakeLists.txt#L210,# create location of SHARE_DIR to be used when creating Shepp Logan phantom during build,[],CMake,0,210,210
25145,synerbi/sirf,https://github.com/synerbi/sirf/blob/9ef5044e8d939e27290f0876205f041cbdc60460/CMakeLists.txt#L217,"# Possibly superfluous finding of HDF5, looking for both C and CXX libraries
# This is an attempt to overcome https://gitlab.kitware.com/cmake/cmake/-/issues/20909
# We will try to find ISMRMRD and STIR later. The former needs HDF C, the latter HDF5 CXX.
# By looking for both first, CMake will populate targets for HDF5 for both C and CXX.
#
# Note that this is slightly dangerous if there are multiple versions of HDF5 on the system.
# ISMRMRD and STIR might be looking for a specific version while the statement below doesn't.",[],CMake,2,217,223
25145,synerbi/sirf,https://github.com/synerbi/sirf/blob/9ef5044e8d939e27290f0876205f041cbdc60460/CMakeLists.txt#L245,"#### export configuration for external projects that want to use SIRF
# See https://cmake.org/cmake/help/v3.0/manual/cmake-packages.7.html
# Also https://rix0r.nl/blog/2015/08/13/cmake-guide/
# https://coderwall.com/p/qej45g/use-cmake-enabled-libraries-in-your-cmake-project-iii",[],CMake,0,245,248
25145,synerbi/sirf,https://github.com/synerbi/sirf/blob/9ef5044e8d939e27290f0876205f041cbdc60460/CMakeLists.txt#L257,"# get rid of any -alpha, -beta or similar suffixes in STIR_VERSION,
# as find_package doesn't allow that",[],CMake,0,257,258
25145,synerbi/sirf,https://github.com/synerbi/sirf/blob/9ef5044e8d939e27290f0876205f041cbdc60460/CMakeLists.txt#L271,# install SIRFConfig*.cmake,[],CMake,0,271,271
25145,synerbi/sirf,https://github.com/synerbi/sirf/blob/9ef5044e8d939e27290f0876205f041cbdc60460/CMakeLists.txt#L279,# install our own *.cmake,[],CMake,0,279,279
25145,synerbi/sirf,https://github.com/synerbi/sirf/blob/9ef5044e8d939e27290f0876205f041cbdc60460/CMakeLists.txt#L282,#cmake/FindNiftyPET.cmake,[],CMake,4,282,282
25145,synerbi/sirf,https://github.com/synerbi/sirf/blob/9ef5044e8d939e27290f0876205f041cbdc60460/doxygen/CMakeLists.txt#L1,"#========================================================================
# Author: Kris Thielemans
# Author: Jannis Fisher
# Copyright 2016 ETH Zurich
# Copyright 2017, 2018, 2021 University College London
#
#  Licensed under the Apache License, Version 2.0 (the ""License"");
#  you may not use this file except in compliance with the License.
#  You may obtain a copy of the License at
#
#         http://www.apache.org/licenses/LICENSE-2.0.txt
#
#  Unless required by applicable law or agreed to in writing, software
#  distributed under the License is distributed on an ""AS IS"" BASIS,
#  WITHOUT WARRANTIES OR CONDITIONS OF ANY KIND, either express or implied.
#  See the License for the specific language governing permissions and
#  limitations under the License.
#
#=========================================================================",[],CMake,0,1,19
25145,synerbi/sirf,https://github.com/synerbi/sirf/blob/9ef5044e8d939e27290f0876205f041cbdc60460/doxygen/CMakeLists.txt#L22,# This file is largely based on the equivalent code in  STIR.,[],CMake,0,22,22
25145,synerbi/sirf,https://github.com/synerbi/sirf/blob/9ef5044e8d939e27290f0876205f041cbdc60460/doxygen/CMakeLists.txt#L24,"## Build doxygen documentation
# Has to be after previous things such that all variables are filled",[],CMake,0,24,25
25145,synerbi/sirf,https://github.com/synerbi/sirf/blob/9ef5044e8d939e27290f0876205f041cbdc60460/doxygen/CMakeLists.txt#L46,"# attempt to find include directories, but this doesn't work for SIRF
# as they are in xSTIR etc etc.
#get_property(DOX_STRIP_FROM_INC_PATH DIRECTORY ${CMAKE_PROJECT_SOURCE_DIR}/src PROPERTY INCLUDE_DIRECTORIES)
#string(REPLACE "";"" "" \\\n\t\t\t\t"" DOX_STRIP_FROM_INC_PATH ""${DOX_STRIP_FROM_INC_PATH}"")",[],CMake,4,46,49
25145,synerbi/sirf,https://github.com/synerbi/sirf/blob/9ef5044e8d939e27290f0876205f041cbdc60460/doxygen/CMakeLists.txt#L53,"# The following lines are modifications of Jannis Fischer's original. The modifications were inspired by
# https://samthursfield.wordpress.com/2015/11/21/cmake-dependencies-between-targets-and-files-and-custom-commands/",[],CMake,4,53,54
25145,synerbi/sirf,https://github.com/synerbi/sirf/blob/9ef5044e8d939e27290f0876205f041cbdc60460/doxygen/CMakeLists.txt#L56,"# Add a custom command that does everything, but also generates a doxygen.stamp file.
# This should prevent doxygen being re-run when not needed.",[],CMake,4,56,57
25145,synerbi/sirf,https://github.com/synerbi/sirf/blob/9ef5044e8d939e27290f0876205f041cbdc60460/doxygen/CMakeLists.txt#L66,"# Now add a custom target that depends on the doxygen.stamp.
# If BUILD_DOCUMENTATION, we add this target to the dependency list of ""ALL""
# to make sure it always gets run.
# Otheriwse, the user has to build the target manually.",[],CMake,4,66,69
25145,synerbi/sirf,https://github.com/synerbi/sirf/blob/9ef5044e8d939e27290f0876205f041cbdc60460/doxygen/CMakeLists.txt#L80,# Doxyfile.in currently tells doxygen to output in PROJECT_BINARY_DIR,[],CMake,6,80,80
25145,synerbi/sirf,https://github.com/synerbi/sirf/blob/9ef5044e8d939e27290f0876205f041cbdc60460/doxygen/CMakeLists.txt#L85,"# CMake currently doesn't allow adding a dependency on a custom target.
# As we don't know if the user has executed the `RUN_DOXYGEN` target,
# we hide this install a bit by adding it to a new component.
# There has to be a better way...",[],CMake,6,85,88
25145,synerbi/sirf,https://github.com/synerbi/sirf/blob/9ef5044e8d939e27290f0876205f041cbdc60460/doxygen/CMakeLists.txt#L94,# DOXYGEN_FOUND,[],CMake,8,94,94
25145,synerbi/sirf,https://github.com/synerbi/sirf/blob/9ef5044e8d939e27290f0876205f041cbdc60460/examples/C++/CMakeLists.txt#L1,"#========================================================================
# Author: Kris Thielemans
# Copyright 2021 University College London
#
#  Licensed under the Apache License, Version 2.0 (the ""License"");
#  you may not use this file except in compliance with the License.
#  You may obtain a copy of the License at
#
#         http://www.apache.org/licenses/LICENSE-2.0.txt
#
#  Unless required by applicable law or agreed to in writing, software
#  distributed under the License is distributed on an ""AS IS"" BASIS,
#  WITHOUT WARRANTIES OR CONDITIONS OF ANY KIND, either express or implied.
#  See the License for the specific language governing permissions and
#  limitations under the License.
#
#=========================================================================",[],CMake,0,1,17
25145,synerbi/sirf,https://github.com/synerbi/sirf/blob/9ef5044e8d939e27290f0876205f041cbdc60460/examples/C++/CMakeLists.txt#L19,# cmake file for using SIRF. See the SIRF User's Guide and http://www.cmake.org.,[],CMake,0,19,19
25145,synerbi/sirf,https://github.com/synerbi/sirf/blob/9ef5044e8d939e27290f0876205f041cbdc60460/examples/C++/CMakeLists.txt#L25,"# SIRF exports a SIRFConfig.cmake etc. This defines targets for every
# SIRF library, e.g. sirf::common, sirf::Reg etc
# Let's find SIRF (when running CMake, you might have to set SIRF_DIR
# to let CMake find the exported SIRF).",[],CMake,0,25,28
25145,synerbi/sirf,https://github.com/synerbi/sirf/blob/9ef5044e8d939e27290f0876205f041cbdc60460/examples/C++/CMakeLists.txt#L31,# Add an executable that uses a part of SIRF,[],CMake,0,31,31
25145,synerbi/sirf,https://github.com/synerbi/sirf/blob/9ef5044e8d939e27290f0876205f041cbdc60460/examples/C++/CMakeLists.txt#L34,# Currently need to explicitly pass STIR_LIBRARIES due to a problem in STIR,[],CMake,0,34,34
25145,synerbi/sirf,https://github.com/synerbi/sirf/blob/9ef5044e8d939e27290f0876205f041cbdc60460/src/CMakeLists.txt#L2,"#========================================================================
# Author: Richard Brown, Kris Thielemans
# Copyright 2016 - 2020 University College London
# Copyright 2016 - 2020 Science Technology Facilities Council
#
#  Licensed under the Apache License, Version 2.0 (the ""License"");
#  you may not use this file except in compliance with the License.
#  You may obtain a copy of the License at
#
#         http://www.apache.org/licenses/LICENSE-2.0.txt
#
#  Unless required by applicable law or agreed to in writing, software
#  distributed under the License is distributed on an ""AS IS"" BASIS,
#  WITHOUT WARRANTIES OR CONDITIONS OF ANY KIND, either express or implied.
#  See the License for the specific language governing permissions and
#  limitations under the License.
#
#=========================================================================",[],CMake,0,2,19
25145,synerbi/sirf,https://github.com/synerbi/sirf/blob/9ef5044e8d939e27290f0876205f041cbdc60460/src/CMakeLists.txt#L22,#ADD_SUBDIRECTORY(common),[],CMake,0,22,22
25145,synerbi/sirf,https://github.com/synerbi/sirf/blob/9ef5044e8d939e27290f0876205f041cbdc60460/src/CMakeLists.txt#L25,"##########################################################################
#                              Gadgetron                                 #
##########################################################################",[],CMake,0,25,27
25145,synerbi/sirf,https://github.com/synerbi/sirf/blob/9ef5044e8d939e27290f0876205f041cbdc60460/src/CMakeLists.txt#L32,# Add ISMRMRD to search path for FFTW3,[],CMake,2,32,32
25145,synerbi/sirf,https://github.com/synerbi/sirf/blob/9ef5044e8d939e27290f0876205f041cbdc60460/src/CMakeLists.txt#L42,"##########################################################################
#                             Registration                               #
##########################################################################",[],CMake,0,42,44
25145,synerbi/sirf,https://github.com/synerbi/sirf/blob/9ef5044e8d939e27290f0876205f041cbdc60460/src/CMakeLists.txt#L52,# NIFTYREG,[],CMake,2,52,52
25145,synerbi/sirf,https://github.com/synerbi/sirf/blob/9ef5044e8d939e27290f0876205f041cbdc60460/src/CMakeLists.txt#L60,# If niftyreg was bulit with OpenMP,[],CMake,2,60,60
25145,synerbi/sirf,https://github.com/synerbi/sirf/blob/9ef5044e8d939e27290f0876205f041cbdc60460/src/CMakeLists.txt#L67,# If niftyreg was bulit with CUDA,[],CMake,2,67,67
25145,synerbi/sirf,https://github.com/synerbi/sirf/blob/9ef5044e8d939e27290f0876205f041cbdc60460/src/CMakeLists.txt#L79,"##########################################################################
#                                 STIR                                   #
##########################################################################",[],CMake,0,79,81
25145,synerbi/sirf,https://github.com/synerbi/sirf/blob/9ef5044e8d939e27290f0876205f041cbdc60460/src/CMakeLists.txt#L91,"# Note: we support both version 5 and 6, so cannot put the version in the find_package statement",[],CMake,4,91,91
25145,synerbi/sirf,https://github.com/synerbi/sirf/blob/9ef5044e8d939e27290f0876205f041cbdc60460/src/CMakeLists.txt#L121,"##########################################################################
#                             Synergistic                                #
##########################################################################
# Synergistic code currently only works if STIR (with ITK), ISMRMRD and Registration are built",[],CMake,0,121,124
25145,synerbi/sirf,https://github.com/synerbi/sirf/blob/9ef5044e8d939e27290f0876205f041cbdc60460/src/Registration/CMakeLists.txt#L1,"#========================================================================
# Author: Richard Brown
# Copyright 2018 - 2020 University College London
#
#  Licensed under the Apache License, Version 2.0 (the ""License"");
#  you may not use this file except in compliance with the License.
#  You may obtain a copy of the License at
#
#         http://www.apache.org/licenses/LICENSE-2.0.txt
#
#  Unless required by applicable law or agreed to in writing, software
#  distributed under the License is distributed on an ""AS IS"" BASIS,
#  WITHOUT WARRANTIES OR CONDITIONS OF ANY KIND, either express or implied.
#  See the License for the specific language governing permissions and
#  limitations under the License.
#
#=========================================================================",[],CMake,0,1,17
25145,synerbi/sirf,https://github.com/synerbi/sirf/blob/9ef5044e8d939e27290f0876205f041cbdc60460/src/Registration/CMakeLists.txt#L19,# Have we got SPM? (only works with Matlab),[],CMake,0,19,19
25145,synerbi/sirf,https://github.com/synerbi/sirf/blob/9ef5044e8d939e27290f0876205f041cbdc60460/src/Registration/CMakeLists.txt#L21,"# if on linux, engine is in funny place",[],CMake,1,21,21
25145,synerbi/sirf,https://github.com/synerbi/sirf/blob/9ef5044e8d939e27290f0876205f041cbdc60460/src/Registration/CMakeLists.txt#L48,# Check for VTK,[],CMake,0,48,48
25145,synerbi/sirf,https://github.com/synerbi/sirf/blob/9ef5044e8d939e27290f0876205f041cbdc60460/src/Registration/NiftyMoMo/CMakeLists.txt#L1,"#========================================================================
# Author: Richard Brown
# Copyright 2018 - 2020 University College London
#
#  Licensed under the Apache License, Version 2.0 (the ""License"");
#  you may not use this file except in compliance with the License.
#  You may obtain a copy of the License at
#
#         http://www.apache.org/licenses/LICENSE-2.0.txt
#
#  Unless required by applicable law or agreed to in writing, software
#  distributed under the License is distributed on an ""AS IS"" BASIS,
#  WITHOUT WARRANTIES OR CONDITIONS OF ANY KIND, either express or implied.
#  See the License for the specific language governing permissions and",[],CMake,0,1,14
25145,synerbi/sirf,https://github.com/synerbi/sirf/blob/9ef5044e8d939e27290f0876205f041cbdc60460/src/Registration/NiftyMoMo/CMakeLists.txt#L18,# Add source files,[],CMake,0,18,18
25145,synerbi/sirf,https://github.com/synerbi/sirf/blob/9ef5044e8d939e27290f0876205f041cbdc60460/src/Registration/NiftyMoMo/CMakeLists.txt#L21,# Create library,[],CMake,0,21,21
25145,synerbi/sirf,https://github.com/synerbi/sirf/blob/9ef5044e8d939e27290f0876205f041cbdc60460/src/Registration/NiftyMoMo/CMakeLists.txt#L24,# Headers,[],CMake,0,24,24
25145,synerbi/sirf,https://github.com/synerbi/sirf/blob/9ef5044e8d939e27290f0876205f041cbdc60460/src/Registration/NiftyMoMo/CMakeLists.txt#L29,# NIFTYREG,[],CMake,0,29,29
25145,synerbi/sirf,https://github.com/synerbi/sirf/blob/9ef5044e8d939e27290f0876205f041cbdc60460/src/Registration/NiftyMoMo/CMakeLists.txt#L33,# Install,[],CMake,0,33,33
25145,synerbi/sirf,https://github.com/synerbi/sirf/blob/9ef5044e8d939e27290f0876205f041cbdc60460/src/Registration/cReg/CMakeLists.txt#L1,"#========================================================================
# Author: Richard Brown
# Copyright 2018 - 2020 University College London
#
#  Licensed under the Apache License, Version 2.0 (the ""License"");
#  you may not use this file except in compliance with the License.
#  You may obtain a copy of the License at
#
#         http://www.apache.org/licenses/LICENSE-2.0.txt
#
#  Unless required by applicable law or agreed to in writing, software
#  distributed under the License is distributed on an ""AS IS"" BASIS,
#  WITHOUT WARRANTIES OR CONDITIONS OF ANY KIND, either express or implied.
#  See the License for the specific language governing permissions and",[],CMake,0,1,14
25145,synerbi/sirf,https://github.com/synerbi/sirf/blob/9ef5044e8d939e27290f0876205f041cbdc60460/src/Registration/cReg/CMakeLists.txt#L18,# Add in the common files,[],CMake,0,18,18
25145,synerbi/sirf,https://github.com/synerbi/sirf/blob/9ef5044e8d939e27290f0876205f041cbdc60460/src/Registration/cReg/CMakeLists.txt#L37,"# If we're also wrapping to python or matlab, include the c-files",[],CMake,0,37,37
25145,synerbi/sirf,https://github.com/synerbi/sirf/blob/9ef5044e8d939e27290f0876205f041cbdc60460/src/Registration/cReg/CMakeLists.txt#L42,# Add SPM source,[],CMake,0,42,42
25145,synerbi/sirf,https://github.com/synerbi/sirf/blob/9ef5044e8d939e27290f0876205f041cbdc60460/src/Registration/cReg/CMakeLists.txt#L47,# Create library,[],CMake,0,47,47
25145,synerbi/sirf,https://github.com/synerbi/sirf/blob/9ef5044e8d939e27290f0876205f041cbdc60460/src/Registration/cReg/CMakeLists.txt#L50,# Link to SIRF stuff,[],CMake,0,50,50
25145,synerbi/sirf,https://github.com/synerbi/sirf/blob/9ef5044e8d939e27290f0876205f041cbdc60460/src/Registration/cReg/CMakeLists.txt#L57,# NIFTYREG,[],CMake,0,57,57
25145,synerbi/sirf,https://github.com/synerbi/sirf/blob/9ef5044e8d939e27290f0876205f041cbdc60460/src/Registration/cReg/CMakeLists.txt#L61,# link against NiftyMoMo,[],CMake,0,61,61
25145,synerbi/sirf,https://github.com/synerbi/sirf/blob/9ef5044e8d939e27290f0876205f041cbdc60460/src/Registration/cReg/CMakeLists.txt#L70,# If niftyreg was bulit with OpenCL,[],CMake,0,70,70
25145,synerbi/sirf,https://github.com/synerbi/sirf/blob/9ef5044e8d939e27290f0876205f041cbdc60460/src/Registration/cReg/CMakeLists.txt#L76,# Add boost library dependencies,[],CMake,0,76,76
25145,synerbi/sirf,https://github.com/synerbi/sirf/blob/9ef5044e8d939e27290f0876205f041cbdc60460/src/Registration/cReg/CMakeLists.txt#L78,"# This is harder than it should be on older CMake versions to be able to cope with
# spaces in filenames.",[],CMake,2,78,79
25145,synerbi/sirf,https://github.com/synerbi/sirf/blob/9ef5044e8d939e27290f0876205f041cbdc60460/src/Registration/cReg/CMakeLists.txt#L85,# Nice and simple for recent CMake (which knows about your Boost version),[],CMake,2,85,85
25145,synerbi/sirf,https://github.com/synerbi/sirf/blob/9ef5044e8d939e27290f0876205f041cbdc60460/src/Registration/cReg/CMakeLists.txt#L89,# Link Matlab for SPM,[],CMake,0,89,89
25145,synerbi/sirf,https://github.com/synerbi/sirf/blob/9ef5044e8d939e27290f0876205f041cbdc60460/src/Registration/cReg/CMakeLists.txt#L96,# Link VTK,[],CMake,0,96,96
25145,synerbi/sirf,https://github.com/synerbi/sirf/blob/9ef5044e8d939e27290f0876205f041cbdc60460/src/Registration/cReg/CMakeLists.txt#L107,# Install,[],CMake,0,107,107
25145,synerbi/sirf,https://github.com/synerbi/sirf/blob/9ef5044e8d939e27290f0876205f041cbdc60460/src/Registration/cReg/tests/CMakeLists.txt#L1,"#========================================================================
# Author: Richard Brown
# Copyright 2016 - 2019 University College London
#
#  Licensed under the Apache License, Version 2.0 (the ""License"");
#  you may not use this file except in compliance with the License.
#  You may obtain a copy of the License at
#
#         http://www.apache.org/licenses/LICENSE-2.0.txt
#
#  Unless required by applicable law or agreed to in writing, software
#  distributed under the License is distributed on an ""AS IS"" BASIS,
#  WITHOUT WARRANTIES OR CONDITIONS OF ANY KIND, either express or implied.
#  See the License for the specific language governing permissions and",[],CMake,0,1,14
25145,synerbi/sirf,https://github.com/synerbi/sirf/blob/9ef5044e8d939e27290f0876205f041cbdc60460/src/Registration/cReg/tests/CMakeLists.txt#L16,"########################################################################################
# test Reg
########################################################################################
# Create an executable",[],CMake,0,16,19
25145,synerbi/sirf,https://github.com/synerbi/sirf/blob/9ef5044e8d939e27290f0876205f041cbdc60460/src/Registration/cReg/tests/CMakeLists.txt#L26,# Make into test,[],CMake,0,26,26
25145,synerbi/sirf,https://github.com/synerbi/sirf/blob/9ef5044e8d939e27290f0876205f041cbdc60460/src/Registration/mReg/CMakeLists.txt#L1,"#========================================================================
# Author: Richard Brown
# Copyright 2018 - 2020 University College London
#
#  Licensed under the Apache License, Version 2.0 (the ""License"");
#  you may not use this file except in compliance with the License.
#  You may obtain a copy of the License at
#
#         http://www.apache.org/licenses/LICENSE-2.0.txt
#
#  Unless required by applicable law or agreed to in writing, software
#  distributed under the License is distributed on an ""AS IS"" BASIS,
#  WITHOUT WARRANTIES OR CONDITIONS OF ANY KIND, either express or implied.
#  See the License for the specific language governing permissions and
#  limitations under the License.
#
#=========================================================================",[],CMake,0,1,17
25145,synerbi/sirf,https://github.com/synerbi/sirf/blob/9ef5044e8d939e27290f0876205f041cbdc60460/src/Registration/mReg/CMakeLists.txt#L28,# Generate m-files on the fly,[],CMake,2,28,28
25145,synerbi/sirf,https://github.com/synerbi/sirf/blob/9ef5044e8d939e27290f0876205f041cbdc60460/src/Registration/mReg/tests/CMakeLists.txt#L1,"#========================================================================
# Author: Richard Brown
# Copyright 2016-2020 University College London
#
#  Licensed under the Apache License, Version 2.0 (the ""License"");
#  you may not use this file except in compliance with the License.
#  You may obtain a copy of the License at
#
#         http://www.apache.org/licenses/LICENSE-2.0.txt
#
#  Unless required by applicable law or agreed to in writing, software
#  distributed under the License is distributed on an ""AS IS"" BASIS,
#  WITHOUT WARRANTIES OR CONDITIONS OF ANY KIND, either express or implied.
#  See the License for the specific language governing permissions and
#  limitations under the License.
#
#=========================================================================",[],CMake,0,1,17
25145,synerbi/sirf,https://github.com/synerbi/sirf/blob/9ef5044e8d939e27290f0876205f041cbdc60460/src/Registration/pReg/CMakeLists.txt#L1,"#========================================================================
# Author: Richard Brown
# Copyright 2018 - 2020 University College London
#
#  Licensed under the Apache License, Version 2.0 (the ""License"");
#  you may not use this file except in compliance with the License.
#  You may obtain a copy of the License at
#
#         http://www.apache.org/licenses/LICENSE-2.0.txt
#
#  Unless required by applicable law or agreed to in writing, software
#  distributed under the License is distributed on an ""AS IS"" BASIS,
#  WITHOUT WARRANTIES OR CONDITIONS OF ANY KIND, either express or implied.
#  See the License for the specific language governing permissions and
#  limitations under the License.
#
#=========================================================================",[],CMake,0,1,17
25145,synerbi/sirf,https://github.com/synerbi/sirf/blob/9ef5044e8d939e27290f0876205f041cbdc60460/src/Registration/pReg/CMakeLists.txt#L21,# policy introduced in CMake 3.13,[],CMake,2,21,21
25145,synerbi/sirf,https://github.com/synerbi/sirf/blob/9ef5044e8d939e27290f0876205f041cbdc60460/src/Registration/pReg/CMakeLists.txt#L36,# Tell CMake it needs to re-run SWIG when .h file changes,[],CMake,0,36,36
25145,synerbi/sirf,https://github.com/synerbi/sirf/blob/9ef5044e8d939e27290f0876205f041cbdc60460/src/Registration/pReg/tests/CMakeLists.txt#L1,"#========================================================================
# Author: Richard Brown
# Copyright 2016-2020 University College London
#
#  Licensed under the Apache License, Version 2.0 (the ""License"");
#  you may not use this file except in compliance with the License.
#  You may obtain a copy of the License at
#
#         http://www.apache.org/licenses/LICENSE-2.0.txt
#
#  Unless required by applicable law or agreed to in writing, software
#  distributed under the License is distributed on an ""AS IS"" BASIS,
#  WITHOUT WARRANTIES OR CONDITIONS OF ANY KIND, either express or implied.
#  See the License for the specific language governing permissions and
#  limitations under the License.
#
#=========================================================================",[],CMake,0,1,17
25145,synerbi/sirf,https://github.com/synerbi/sirf/blob/9ef5044e8d939e27290f0876205f041cbdc60460/src/Registration/pReg/tests/CMakeLists.txt#L23,# Make into test,[],CMake,0,23,23
25145,synerbi/sirf,https://github.com/synerbi/sirf/blob/9ef5044e8d939e27290f0876205f041cbdc60460/src/Synergistic/CMakeLists.txt#L1,"#========================================================================
# Author: Richard Brown
# Copyright 2018 - 2020 University College London
#
#  Licensed under the Apache License, Version 2.0 (the ""License"");
#  you may not use this file except in compliance with the License.
#  You may obtain a copy of the License at
#
#         http://www.apache.org/licenses/LICENSE-2.0.txt
#
#  Unless required by applicable law or agreed to in writing, software
#  distributed under the License is distributed on an ""AS IS"" BASIS,
#  WITHOUT WARRANTIES OR CONDITIONS OF ANY KIND, either express or implied.
#  See the License for the specific language governing permissions and
#  limitations under the License.
#
#=========================================================================",[],CMake,0,1,17
25145,synerbi/sirf,https://github.com/synerbi/sirf/blob/9ef5044e8d939e27290f0876205f041cbdc60460/src/Synergistic/CMakeLists.txt#L21,# Executables,[],CMake,0,21,21
25145,synerbi/sirf,https://github.com/synerbi/sirf/blob/9ef5044e8d939e27290f0876205f041cbdc60460/src/Synergistic/CMakeLists.txt#L42,# Tests,[],CMake,0,42,42
25145,synerbi/sirf,https://github.com/synerbi/sirf/blob/9ef5044e8d939e27290f0876205f041cbdc60460/src/Synergistic/cSyn/CMakeLists.txt#L1,"#========================================================================
# Author: Richard Brown
# Author: Evgueni Ovtchinnikov
# Copyright 2018 - 2020 University College London
# Copyright 2020 UKRI-STFC
#
#  Licensed under the Apache License, Version 2.0 (the ""License"");
#  you may not use this file except in compliance with the License.
#  You may obtain a copy of the License at
#
#         http://www.apache.org/licenses/LICENSE-2.0.txt
#
#  Unless required by applicable law or agreed to in writing, software
#  distributed under the License is distributed on an ""AS IS"" BASIS,
#  WITHOUT WARRANTIES OR CONDITIONS OF ANY KIND, either express or implied.
#  See the License for the specific language governing permissions and
#  limitations under the License.
#
#=========================================================================",[],CMake,0,1,19
25145,synerbi/sirf,https://github.com/synerbi/sirf/blob/9ef5044e8d939e27290f0876205f041cbdc60460/src/Synergistic/cSyn/CMakeLists.txt#L23,#add_library(csyn csyn.cpp utilities.cpp),[],CMake,0,23,23
25145,synerbi/sirf,https://github.com/synerbi/sirf/blob/9ef5044e8d939e27290f0876205f041cbdc60460/src/Synergistic/cSyn/tests/CMakeLists.txt#L1,"#========================================================================
# Author: Richard Brown
# Copyright 2018 - 2020 University College London
#
#  Licensed under the Apache License, Version 2.0 (the ""License"");
#  you may not use this file except in compliance with the License.
#  You may obtain a copy of the License at
#
#         http://www.apache.org/licenses/LICENSE-2.0.txt
#
#  Unless required by applicable law or agreed to in writing, software
#  distributed under the License is distributed on an ""AS IS"" BASIS,
#  WITHOUT WARRANTIES OR CONDITIONS OF ANY KIND, either express or implied.
#  See the License for the specific language governing permissions and
#  limitations under the License.
#
#=========================================================================",[],CMake,0,1,17
25145,synerbi/sirf,https://github.com/synerbi/sirf/blob/9ef5044e8d939e27290f0876205f041cbdc60460/src/Synergistic/mSyn/CMakeLists.txt#L1,"#========================================================================
# Author: Evgueni Ovtchinnikov
# Copyright 2020 UKRI-STFC
#
#  Licensed under the Apache License, Version 2.0 (the ""License"");
#  you may not use this file except in compliance with the License.
#  You may obtain a copy of the License at
#
#         http://www.apache.org/licenses/LICENSE-2.0.txt
#
#  Unless required by applicable law or agreed to in writing, software
#  distributed under the License is distributed on an ""AS IS"" BASIS,
#  WITHOUT WARRANTIES OR CONDITIONS OF ANY KIND, either express or implied.
#  See the License for the specific language governing permissions and
#  limitations under the License.
#
#=========================================================================",[],CMake,0,1,17
25145,synerbi/sirf,https://github.com/synerbi/sirf/blob/9ef5044e8d939e27290f0876205f041cbdc60460/src/Synergistic/mSyn/tests/CMakeLists.txt#L1,"#========================================================================
# Author: Evgueni Ovtchinnikov
# Copyright 2017 - 2020 University College London
# Copyright 2017 Science Technology Facilities Council
#
# This file is part of the SyneRBI Synergistic Image Reconstruction Framework (SIRF) SuperBuild.
#
# Licensed under the Apache License, Version 2.0 (the ""License"");
# you may not use this file except in compliance with the License.
# You may obtain a copy of the License at
#
#         http://www.apache.org/licenses/LICENSE-2.0.txt
#
# Unless required by applicable law or agreed to in writing, software
# distributed under the License is distributed on an ""AS IS"" BASIS,
# WITHOUT WARRANTIES OR CONDITIONS OF ANY KIND, either express or implied.
# See the License for the specific language governing permissions and
# limitations under the License.
#
#=========================================================================",[],CMake,0,1,20
25145,synerbi/sirf,https://github.com/synerbi/sirf/blob/9ef5044e8d939e27290f0876205f041cbdc60460/src/Synergistic/pSyn/CMakeLists.txt#L1,"#========================================================================
# Author: Evgueni Ovtchinnikov
# Copyright 2020 UKRI-STFC
#
#  Licensed under the Apache License, Version 2.0 (the ""License"");
#  you may not use this file except in compliance with the License.
#  You may obtain a copy of the License at
#
#         http://www.apache.org/licenses/LICENSE-2.0.txt
#
#  Unless required by applicable law or agreed to in writing, software
#  distributed under the License is distributed on an ""AS IS"" BASIS,
#  WITHOUT WARRANTIES OR CONDITIONS OF ANY KIND, either express or implied.
#  See the License for the specific language governing permissions and
#  limitations under the License.
#
#=========================================================================",[],CMake,0,1,17
25145,synerbi/sirf,https://github.com/synerbi/sirf/blob/9ef5044e8d939e27290f0876205f041cbdc60460/src/Synergistic/pSyn/tests/CMakeLists.txt#L1,"#========================================================================
# Author: Richard Brown
# Copyright 2018 - 2020 University College London
# Author: Evgueni Ovtchinnikov
# Copyright 2020 UKRI-STFC
#
#  Licensed under the Apache License, Version 2.0 (the ""License"");
#  you may not use this file except in compliance with the License.
#  You may obtain a copy of the License at
#
#         http://www.apache.org/licenses/LICENSE-2.0.txt
#
#  Unless required by applicable law or agreed to in writing, software
#  distributed under the License is distributed on an ""AS IS"" BASIS,
#  WITHOUT WARRANTIES OR CONDITIONS OF ANY KIND, either express or implied.
#  See the License for the specific language governing permissions and
#  limitations under the License.
#
#=========================================================================",[],CMake,0,1,19
25145,synerbi/sirf,https://github.com/synerbi/sirf/blob/9ef5044e8d939e27290f0876205f041cbdc60460/src/Synergistic/tests/CMakeLists.txt#L1,"#========================================================================
# Author: Richard Brown
# Copyright 2018 - 2020 University College London
#
#  Licensed under the Apache License, Version 2.0 (the ""License"");
#  you may not use this file except in compliance with the License.
#  You may obtain a copy of the License at
#
#         http://www.apache.org/licenses/LICENSE-2.0.txt
#
#  Unless required by applicable law or agreed to in writing, software
#  distributed under the License is distributed on an ""AS IS"" BASIS,
#  WITHOUT WARRANTIES OR CONDITIONS OF ANY KIND, either express or implied.
#  See the License for the specific language governing permissions and
#  limitations under the License.
#
#=========================================================================",[],CMake,0,1,17
25145,synerbi/sirf,https://github.com/synerbi/sirf/blob/9ef5044e8d939e27290f0876205f041cbdc60460/src/Synergistic/tests/CMakeLists.txt#L41,# Create an executable,[],CMake,0,41,41
25145,synerbi/sirf,https://github.com/synerbi/sirf/blob/9ef5044e8d939e27290f0876205f041cbdc60460/src/Synergistic/tests/CMakeLists.txt#L54,# Make into test,[],CMake,0,54,54
25145,synerbi/sirf,https://github.com/synerbi/sirf/blob/9ef5044e8d939e27290f0876205f041cbdc60460/src/Synergistic/tests/CMakeLists.txt#L59,# If python,[],CMake,0,59,59
25145,synerbi/sirf,https://github.com/synerbi/sirf/blob/9ef5044e8d939e27290f0876205f041cbdc60460/src/Synergistic/tests/CMakeLists.txt#L61,# Make into test,[],CMake,1,61,61
25145,synerbi/sirf,https://github.com/synerbi/sirf/blob/9ef5044e8d939e27290f0876205f041cbdc60460/src/Synergistic/tests/CMakeLists.txt#L67,# If matlab,[],CMake,0,67,67
25145,synerbi/sirf,https://github.com/synerbi/sirf/blob/9ef5044e8d939e27290f0876205f041cbdc60460/src/common/CMakeLists.txt#L1,"#========================================================================
# Author: Evgueni Ovtchinnikov
# Copyright 2020 University College London
#
#  Licensed under the Apache License, Version 2.0 (the ""License"");
#  you may not use this file except in compliance with the License.
#  You may obtain a copy of the License at
#
#         http://www.apache.org/licenses/LICENSE-2.0.txt
#
#  Unless required by applicable law or agreed to in writing, software
#  distributed under the License is distributed on an ""AS IS"" BASIS,
#  WITHOUT WARRANTIES OR CONDITIONS OF ANY KIND, either express or implied.
#  See the License for the specific language governing permissions and
#  limitations under the License.
#
#=========================================================================",[],CMake,0,1,17
25145,synerbi/sirf,https://github.com/synerbi/sirf/blob/9ef5044e8d939e27290f0876205f041cbdc60460/src/common/CMakeLists.txt#L58,# policy introduced in CMake 3.13,[],CMake,4,58,58
25145,synerbi/sirf,https://github.com/synerbi/sirf/blob/9ef5044e8d939e27290f0876205f041cbdc60460/src/common/CMakeLists.txt#L71,"#file(GLOB PythonFiles ""${CMAKE_CURRENT_LIST_DIR}/*.py"")",[],CMake,2,71,71
25145,synerbi/sirf,https://github.com/synerbi/sirf/blob/9ef5044e8d939e27290f0876205f041cbdc60460/src/common/CMakeLists.txt#L86,# Generate m-files on the fly,[],CMake,2,86,86
25145,synerbi/sirf,https://github.com/synerbi/sirf/blob/9ef5044e8d939e27290f0876205f041cbdc60460/src/iUtilities/CMakeLists.txt#L1,"#========================================================================
# Author: Kris Thielemans, Richard Brown
# Copyright 2016, 2018, 2020 University College London
#
#  Licensed under the Apache License, Version 2.0 (the ""License"");
#  you may not use this file except in compliance with the License.
#  You may obtain a copy of the License at
#
#         http://www.apache.org/licenses/LICENSE-2.0.txt
#
#  Unless required by applicable law or agreed to in writing, software
#  distributed under the License is distributed on an ""AS IS"" BASIS,
#  WITHOUT WARRANTIES OR CONDITIONS OF ANY KIND, either express or implied.
#  See the License for the specific language governing permissions and
#  limitations under the License.
#
#=========================================================================",[],CMake,0,1,17
25145,synerbi/sirf,https://github.com/synerbi/sirf/blob/9ef5044e8d939e27290f0876205f041cbdc60460/src/iUtilities/CMakeLists.txt#L40,# policy introduced in CMake 3.13,[],CMake,4,40,40
25145,synerbi/sirf,https://github.com/synerbi/sirf/blob/9ef5044e8d939e27290f0876205f041cbdc60460/src/iUtilities/CMakeLists.txt#L53,# FIND_PACKAGE(PythonLibs REQUIRED),[],CMake,2,53,53
25145,synerbi/sirf,https://github.com/synerbi/sirf/blob/9ef5044e8d939e27290f0876205f041cbdc60460/src/iUtilities/CMakeLists.txt#L73,# Generate m-files on the fly,[],CMake,2,73,73
25145,synerbi/sirf,https://github.com/synerbi/sirf/blob/9ef5044e8d939e27290f0876205f041cbdc60460/src/xGadgetron/CMakeLists.txt#L1,"#========================================================================
# Author: Kris Thielemans, Richard Brown
# Copyright 2016-2019 University College London
#
#  Licensed under the Apache License, Version 2.0 (the ""License"");
#  you may not use this file except in compliance with the License.
#  You may obtain a copy of the License at
#
#         http://www.apache.org/licenses/LICENSE-2.0.txt
#
#  Unless required by applicable law or agreed to in writing, software
#  distributed under the License is distributed on an ""AS IS"" BASIS,
#  WITHOUT WARRANTIES OR CONDITIONS OF ANY KIND, either express or implied.
#  See the License for the specific language governing permissions and
#  limitations under the License.
#
#=========================================================================",[],CMake,0,1,17
25145,synerbi/sirf,https://github.com/synerbi/sirf/blob/9ef5044e8d939e27290f0876205f041cbdc60460/src/xGadgetron/cGadgetron/CMakeLists.txt#L1,"#========================================================================
# Author: Kris Thielemans
# Author: Johannes Mayer
# Author: Edoardo Pasca
# Author: Evgueni Ovtchinnikov
# Copyright 2016, 2017, 2019, 2020, 2022 University College London
# Copyright 2018, 2021 Science Technology Facilities Council
# Copyright 2021  Physikalisch-Technische Bundesanstalt Berlin
#
#  Licensed under the Apache License, Version 2.0 (the ""License"");
#  you may not use this file except in compliance with the License.
#  You may obtain a copy of the License at
#
#         http://www.apache.org/licenses/LICENSE-2.0.txt
#
#  Unless required by applicable law or agreed to in writing, software
#  distributed under the License is distributed on an ""AS IS"" BASIS,
#  WITHOUT WARRANTIES OR CONDITIONS OF ANY KIND, either express or implied.
#  See the License for the specific language governing permissions and
#  limitations under the License.
#
#=========================================================================
# Commented out, as this is now done at the top-level
#find_package(Boost COMPONENTS system filesystem thread date_time chrono REQUIRED)
# For Visual Studio we have to disable the auto-linking feature of boost
# where just including a boost file automatically adds it to the linker path.
# Although this sounds great, it sadly breaks because of conflicting file-paths when linking etc etc.
# In any case, we need to add the libraries by hand for other systems.
# See http://stackoverflow.com/questions/32252016/cmake-visual-studio-build-looks-for-wrong-library
#add_definitions(-DBOOST_ALL_NO_LIB)",[],CMake,0,1,30
25145,synerbi/sirf,https://github.com/synerbi/sirf/blob/9ef5044e8d939e27290f0876205f041cbdc60460/src/xGadgetron/cGadgetron/CMakeLists.txt#L81,# might need gadgetron_toolbox_gpucore as well,[],CMake,5,81,81
25145,synerbi/sirf,https://github.com/synerbi/sirf/blob/9ef5044e8d939e27290f0876205f041cbdc60460/src/xGadgetron/cGadgetron/CMakeLists.txt#L98,"# copy to parent scope
#set (cGadgetron_INCLUDE_DIR ""${cGadgetron_INCLUDE_DIR}"" PARENT_SCOPE)",[],CMake,0,98,99
25145,synerbi/sirf,https://github.com/synerbi/sirf/blob/9ef5044e8d939e27290f0876205f041cbdc60460/src/xGadgetron/cGadgetron/CMakeLists.txt#L106,# Add boost library dependencies,[],CMake,0,106,106
25145,synerbi/sirf,https://github.com/synerbi/sirf/blob/9ef5044e8d939e27290f0876205f041cbdc60460/src/xGadgetron/cGadgetron/CMakeLists.txt#L108,"# This is harder than it should be on older CMake versions to be able to cope with
# spaces in filenames.",[],CMake,2,108,109
25145,synerbi/sirf,https://github.com/synerbi/sirf/blob/9ef5044e8d939e27290f0876205f041cbdc60460/src/xGadgetron/cGadgetron/CMakeLists.txt#L115,# Nice and simple for recent CMake (which knows about your Boost version),[],CMake,2,115,115
25145,synerbi/sirf,https://github.com/synerbi/sirf/blob/9ef5044e8d939e27290f0876205f041cbdc60460/src/xGadgetron/cGadgetron/tests/CMakeLists.txt#L1,"#========================================================================
# Author: Johannes Mayer
# Author: Kris Thielemans
# Author: Edoardo Pasca
# Copyright 2016 - 2020, 2022 University College London
# Copyright 2021, 2022 Science Technology Facilities Council
# Copyright 2020-2022 Physikalisch-Technische Bundesanstalt Berlin
#
#  Licensed under the Apache License, Version 2.0 (the ""License"");
#  you may not use this file except in compliance with the License.
#  You may obtain a copy of the License at
#
#         http://www.apache.org/licenses/LICENSE-2.0.txt
#
#  Unless required by applicable law or agreed to in writing, software
#  distributed under the License is distributed on an ""AS IS"" BASIS,
#  WITHOUT WARRANTIES OR CONDITIONS OF ANY KIND, either express or implied.
#  See the License for the specific language governing permissions and
#  limitations under the License.
#
#=========================================================================",[],CMake,0,1,21
25145,synerbi/sirf,https://github.com/synerbi/sirf/blob/9ef5044e8d939e27290f0876205f041cbdc60460/src/xGadgetron/cGadgetron/tests/CMakeLists.txt#L69,"# We will first execute ismrmrd_generate_cartesian_shepp_logan, followed
# by a processing step calling an executable MR_PROCESS_TESTDATA which fills a
# default geometry orientation into the MR acquisitions to suppress warnings.",[],CMake,4,69,71
25145,synerbi/sirf,https://github.com/synerbi/sirf/blob/9ef5044e8d939e27290f0876205f041cbdc60460/src/xGadgetron/cGadgetron/tests/CMakeLists.txt#L73,"# Sadly, this is complicated as these executables probably depend on shared
# libraries. Their locations need to be given to the OS when running the executables.
# This might have been done before calling CMake, but we are not sure.
# So, we will try to determine/guess their locations.",[],CMake,4,73,76
25145,synerbi/sirf,https://github.com/synerbi/sirf/blob/9ef5044e8d939e27290f0876205f041cbdc60460/src/xGadgetron/cGadgetron/tests/CMakeLists.txt#L79,# (or is already found by the OS),[],CMake,6,79,79
25145,synerbi/sirf,https://github.com/synerbi/sirf/blob/9ef5044e8d939e27290f0876205f041cbdc60460/src/xGadgetron/cGadgetron/tests/CMakeLists.txt#L82,"# We need ISMRMRD, Boost, HDF5 and FFTW libraries...
# We will try to find locations based on corresponding variables.",[],CMake,6,82,83
25145,synerbi/sirf,https://github.com/synerbi/sirf/blob/9ef5044e8d939e27290f0876205f041cbdc60460/src/xGadgetron/cGadgetron/tests/CMakeLists.txt#L85,# separator used in path variables is different on Windows and elsewhere,[],CMake,6,85,85
25145,synerbi/sirf,https://github.com/synerbi/sirf/blob/9ef5044e8d939e27290f0876205f041cbdc60460/src/xGadgetron/cGadgetron/tests/CMakeLists.txt#L102,"# Sadly, naming of HDF5 variables is quite unpredictable, so we try a few.",[],CMake,6,102,102
25145,synerbi/sirf,https://github.com/synerbi/sirf/blob/9ef5044e8d939e27290f0876205f041cbdc60460/src/xGadgetron/cGadgetron/tests/CMakeLists.txt#L109,# Guess the location of the HDF5 DLL from the .lib.,[],CMake,8,109,109
25145,synerbi/sirf,https://github.com/synerbi/sirf/blob/9ef5044e8d939e27290f0876205f041cbdc60460/src/xGadgetron/cGadgetron/tests/CMakeLists.txt#L112,#message(STATUS HDF5PATH=${HDF5PATH}),[],CMake,6,112,112
25145,synerbi/sirf,https://github.com/synerbi/sirf/blob/9ef5044e8d939e27290f0876205f041cbdc60460/src/xGadgetron/cGadgetron/tests/CMakeLists.txt#L124,# Now create a variable that sets the respective variable,[],CMake,4,124,124
25145,synerbi/sirf,https://github.com/synerbi/sirf/blob/9ef5044e8d939e27290f0876205f041cbdc60460/src/xGadgetron/cGadgetron/tests/CMakeLists.txt#L126,"# On Windows, we need to set the path.",[],CMake,6,126,126
25145,synerbi/sirf,https://github.com/synerbi/sirf/blob/9ef5044e8d939e27290f0876205f041cbdc60460/src/xGadgetron/cGadgetron/tests/CMakeLists.txt#L129,"# On MacOS, we set DYLD_LIBRARY_PATH",[],CMake,6,129,129
25145,synerbi/sirf,https://github.com/synerbi/sirf/blob/9ef5044e8d939e27290f0876205f041cbdc60460/src/xGadgetron/cGadgetron/tests/CMakeLists.txt#L132,"# On Linux, we set LD_LIBRARY_PATH",[],CMake,6,132,132
25145,synerbi/sirf,https://github.com/synerbi/sirf/blob/9ef5044e8d939e27290f0876205f041cbdc60460/src/xGadgetron/cGadgetron/tests/CMakeLists.txt#L136,# rm has been added in CMake 3.17,[],CMake,4,136,136
25145,synerbi/sirf,https://github.com/synerbi/sirf/blob/9ef5044e8d939e27290f0876205f041cbdc60460/src/xGadgetron/cGadgetron/tests/CMakeLists.txt#L143,"# Finally, add the custom target that will create the files",[],CMake,4,143,143
25145,synerbi/sirf,https://github.com/synerbi/sirf/blob/9ef5044e8d939e27290f0876205f041cbdc60460/src/xGadgetron/cGadgetron/tests/CMakeLists.txt#L153,"# adding a dependency of PROCESS_SIMULATED_TESTDATA on MR_PROCESS_TESTDATA ensures the
# executable is built before it is called by the custom target.",[],CMake,4,153,154
25145,synerbi/sirf,https://github.com/synerbi/sirf/blob/9ef5044e8d939e27290f0876205f041cbdc60460/src/xGadgetron/cGadgetron/tests/CMakeLists.txt#L161,# do nothing but add target as it will be a dependency later,[],CMake,4,161,161
25145,synerbi/sirf,https://github.com/synerbi/sirf/blob/9ef5044e8d939e27290f0876205f041cbdc60460/src/xGadgetron/cGadgetron/tests/CMakeLists.txt#L174,# generate filenames that are passed to the C++ test exe and install testdata into the shared directory.,[],CMake,0,174,174
25145,synerbi/sirf,https://github.com/synerbi/sirf/blob/9ef5044e8d939e27290f0876205f041cbdc60460/src/xGadgetron/mGadgetron/CMakeLists.txt#L1,"#========================================================================
# Author: Kris Thielemans
# Copyright 2017 - 2020 University College London
#
#  Licensed under the Apache License, Version 2.0 (the ""License"");
#  you may not use this file except in compliance with the License.
#  You may obtain a copy of the License at
#
#         http://www.apache.org/licenses/LICENSE-2.0.txt
#
#  Unless required by applicable law or agreed to in writing, software
#  distributed under the License is distributed on an ""AS IS"" BASIS,
#  WITHOUT WARRANTIES OR CONDITIONS OF ANY KIND, either express or implied.
#  See the License for the specific language governing permissions and
#  limitations under the License.
#
#=========================================================================",[],CMake,0,1,17
25145,synerbi/sirf,https://github.com/synerbi/sirf/blob/9ef5044e8d939e27290f0876205f041cbdc60460/src/xGadgetron/mGadgetron/CMakeLists.txt#L20,"#commented out as done at top-level
#find_package(Boost COMPONENTS system thread filesystem REQUIRED)",[],CMake,2,20,21
25145,synerbi/sirf,https://github.com/synerbi/sirf/blob/9ef5044e8d939e27290f0876205f041cbdc60460/src/xGadgetron/mGadgetron/CMakeLists.txt#L30,# Generate m-files on the fly,[],CMake,2,30,30
25145,synerbi/sirf,https://github.com/synerbi/sirf/blob/9ef5044e8d939e27290f0876205f041cbdc60460/src/xGadgetron/mGadgetron/tests/CMakeLists.txt#L1,"#========================================================================
# Author: Evgueni Ovtchinnikov
# Copyright 2017 University College London
# Copyright 2017 - 2018 Science Technology Facilities Council
#
# This file is part of the SyneRBI Synergistic Image Reconstruction Framework (SIRF) SuperBuild.
#
# Licensed under the Apache License, Version 2.0 (the ""License"");
# you may not use this file except in compliance with the License.
# You may obtain a copy of the License at
#
#         http://www.apache.org/licenses/LICENSE-2.0.txt
#
# Unless required by applicable law or agreed to in writing, software
# distributed under the License is distributed on an ""AS IS"" BASIS,
# WITHOUT WARRANTIES OR CONDITIONS OF ANY KIND, either express or implied.
# See the License for the specific language governing permissions and
# limitations under the License.
#
#=========================================================================",[],CMake,0,1,20
25145,synerbi/sirf,https://github.com/synerbi/sirf/blob/9ef5044e8d939e27290f0876205f041cbdc60460/src/xGadgetron/mGadgetron/tests/CMakeLists.txt#L22,"#add_test(NAME MR_TESTS_MATLAB
#         COMMAND matlab -sd ${CMAKE_SOURCE_DIR}/src/xGadgetron/mGadgetron/tests -#nodesktop -r test_all )",[],CMake,0,22,23
25145,synerbi/sirf,https://github.com/synerbi/sirf/blob/9ef5044e8d939e27290f0876205f041cbdc60460/src/xGadgetron/mGadgetron/tests/CMakeLists.txt#L25,"#message(""matlab: ${Matlab_MAIN_PROGRAM}"")
#message(""matlab: ${Matlab_EXECUTABLE}"")",[],CMake,0,25,26
25145,synerbi/sirf,https://github.com/synerbi/sirf/blob/9ef5044e8d939e27290f0876205f041cbdc60460/src/xGadgetron/mGadgetron/tests/CMakeLists.txt#L28,"#add_test(NAME MR_TESTS_MATLAB
#	COMMAND matlab -nosplash -nodesktop -nojvm -r ""ver; try; test_all; catch err, fprintf(2,['ERROR: ' err.message '\n']), exit(1), end, exit(0)"" WORKING_DIRECTORY ${CMAKE_SOURCE_DIR}/src/xGadgetron/mGadgetron/tests)",[],CMake,0,28,29
25145,synerbi/sirf,https://github.com/synerbi/sirf/blob/9ef5044e8d939e27290f0876205f041cbdc60460/src/xGadgetron/mGadgetron/tests/CMakeLists.txt#L31,"#add_test(NAME MR_TESTS_MATLAB
#	COMMAND matlab -nosplash -nodesktop -nojvm -r ""ver; try; test_all; catch err, fprintf(2,err.message), exit(1), end, exit(0)"" WORKING_DIRECTORY ${CMAKE_SOURCE_DIR}/src/xGadgetron/mGadgetron/tests)",[],CMake,0,31,32
25145,synerbi/sirf,https://github.com/synerbi/sirf/blob/9ef5044e8d939e27290f0876205f041cbdc60460/src/xGadgetron/pGadgetron/CMakeLists.txt#L1,"#========================================================================
# Author: Kris Thielemans
# Copyright 2016 - 2019 University College London
#
#  Licensed under the Apache License, Version 2.0 (the ""License"");
#  you may not use this file except in compliance with the License.
#  You may obtain a copy of the License at
#
#         http://www.apache.org/licenses/LICENSE-2.0.txt
#
#  Unless required by applicable law or agreed to in writing, software
#  distributed under the License is distributed on an ""AS IS"" BASIS,
#  WITHOUT WARRANTIES OR CONDITIONS OF ANY KIND, either express or implied.
#  See the License for the specific language governing permissions and
#  limitations under the License.
#
#=========================================================================",[],CMake,0,1,17
25145,synerbi/sirf,https://github.com/synerbi/sirf/blob/9ef5044e8d939e27290f0876205f041cbdc60460/src/xGadgetron/pGadgetron/CMakeLists.txt#L21,# policy introduced in CMake 3.13,[],CMake,2,21,21
25145,synerbi/sirf,https://github.com/synerbi/sirf/blob/9ef5044e8d939e27290f0876205f041cbdc60460/src/xGadgetron/pGadgetron/CMakeLists.txt#L34,# Tell CMake it needs to re-run SWIG when .h file changes,[],CMake,0,34,34
25145,synerbi/sirf,https://github.com/synerbi/sirf/blob/9ef5044e8d939e27290f0876205f041cbdc60460/src/xGadgetron/pGadgetron/tests/CMakeLists.txt#L1,"#========================================================================
# Copyright 2017 - 2021 Science Technology Facilities Council
# Copyright 2017 - 2021 University College London
#
# This file is part of the SyneRBI Synergistic Image Reconstruction Framework (SIRF) SuperBuild.
#
# Licensed under the Apache License, Version 2.0 (the ""License"");
# you may not use this file except in compliance with the License.
# You may obtain a copy of the License at
#
#         http://www.apache.org/licenses/LICENSE-2.0.txt
#
# Unless required by applicable law or agreed to in writing, software
# distributed under the License is distributed on an ""AS IS"" BASIS,
# WITHOUT WARRANTIES OR CONDITIONS OF ANY KIND, either express or implied.
# See the License for the specific language governing permissions and
# limitations under the License.
#
#=========================================================================",[],CMake,0,1,19
25145,synerbi/sirf,https://github.com/synerbi/sirf/blob/9ef5044e8d939e27290f0876205f041cbdc60460/src/xSTIR/CMakeLists.txt#L1,"#========================================================================
# Author: Kris Thielemans, Richard Brown
# Copyright 2016-2019 University College London
#
#  Licensed under the Apache License, Version 2.0 (the ""License"");
#  you may not use this file except in compliance with the License.
#  You may obtain a copy of the License at
#
#         http://www.apache.org/licenses/LICENSE-2.0.txt
#
#  Unless required by applicable law or agreed to in writing, software
#  distributed under the License is distributed on an ""AS IS"" BASIS,
#  WITHOUT WARRANTIES OR CONDITIONS OF ANY KIND, either express or implied.
#  See the License for the specific language governing permissions and
#  limitations under the License.
#
#=========================================================================",[],CMake,0,1,17
25145,synerbi/sirf,https://github.com/synerbi/sirf/blob/9ef5044e8d939e27290f0876205f041cbdc60460/src/xSTIR/cSTIR/CMakeLists.txt#L1,"#========================================================================
# Author: Kris Thielemans, Richard Brown
# Copyright 2016 - 2020 University College London
# Copyright 2017, 2018 Science Technology Facilities Council
#
#  Licensed under the Apache License, Version 2.0 (the ""License"");
#  you may not use this file except in compliance with the License.
#  You may obtain a copy of the License at
#
#         http://www.apache.org/licenses/LICENSE-2.0.txt
#
#  Unless required by applicable law or agreed to in writing, software
#  distributed under the License is distributed on an ""AS IS"" BASIS,
#  WITHOUT WARRANTIES OR CONDITIONS OF ANY KIND, either express or implied.
#  See the License for the specific language governing permissions and
#  limitations under the License.
#
#=========================================================================",[],CMake,0,1,18
25145,synerbi/sirf,https://github.com/synerbi/sirf/blob/9ef5044e8d939e27290f0876205f041cbdc60460/src/xSTIR/cSTIR/CMakeLists.txt#L30,# Check for existence of ListModeData.h,[],CMake,0,30,30
25145,synerbi/sirf,https://github.com/synerbi/sirf/blob/9ef5044e8d939e27290f0876205f041cbdc60460/src/xSTIR/cSTIR/CMakeLists.txt#L47,# Add boost library dependencies,[],CMake,0,47,47
25145,synerbi/sirf,https://github.com/synerbi/sirf/blob/9ef5044e8d939e27290f0876205f041cbdc60460/src/xSTIR/cSTIR/CMakeLists.txt#L49,"# This is harder than it should be on older CMake versions to be able to cope with
# spaces in filenames.",[],CMake,2,49,50
25145,synerbi/sirf,https://github.com/synerbi/sirf/blob/9ef5044e8d939e27290f0876205f041cbdc60460/src/xSTIR/cSTIR/CMakeLists.txt#L56,# Nice and simple for recent CMake (which knows about your Boost version),[],CMake,2,56,56
25145,synerbi/sirf,https://github.com/synerbi/sirf/blob/9ef5044e8d939e27290f0876205f041cbdc60460/src/xSTIR/cSTIR/tests/CMakeLists.txt#L1,"#========================================================================
# Author: Kris Thielemans
# Copyright 2016, 2018, 2021 University College London
#
#  Licensed under the Apache License, Version 2.0 (the ""License"");
#  you may not use this file except in compliance with the License.
#  You may obtain a copy of the License at
#
#         http://www.apache.org/licenses/LICENSE-2.0.txt
#
#  Unless required by applicable law or agreed to in writing, software
#  distributed under the License is distributed on an ""AS IS"" BASIS,
#  WITHOUT WARRANTIES OR CONDITIONS OF ANY KIND, either express or implied.
#  See the License for the specific language governing permissions and
#  limitations under the License.
#
#=========================================================================",[],CMake,0,1,17
25145,synerbi/sirf,https://github.com/synerbi/sirf/blob/9ef5044e8d939e27290f0876205f041cbdc60460/src/xSTIR/cSTIR/tests/CMakeLists.txt#L19,# Create an executable,[],CMake,0,19,19
25145,synerbi/sirf,https://github.com/synerbi/sirf/blob/9ef5044e8d939e27290f0876205f041cbdc60460/src/xSTIR/mSTIR/CMakeLists.txt#L1,"#========================================================================
# Author: Kris Thielemans, Richard Brown
# Copyright 2017 - 2020 University College London
#
#  Licensed under the Apache License, Version 2.0 (the ""License"");
#  you may not use this file except in compliance with the License.
#  You may obtain a copy of the License at
#
#         http://www.apache.org/licenses/LICENSE-2.0.txt
#
#  Unless required by applicable law or agreed to in writing, software
#  distributed under the License is distributed on an ""AS IS"" BASIS,
#  WITHOUT WARRANTIES OR CONDITIONS OF ANY KIND, either express or implied.
#  See the License for the specific language governing permissions and
#  limitations under the License.
#
#=========================================================================",[],CMake,0,1,17
25145,synerbi/sirf,https://github.com/synerbi/sirf/blob/9ef5044e8d939e27290f0876205f041cbdc60460/src/xSTIR/mSTIR/CMakeLists.txt#L28,# Generate m-files on the fly,[],CMake,2,28,28
25145,synerbi/sirf,https://github.com/synerbi/sirf/blob/9ef5044e8d939e27290f0876205f041cbdc60460/src/xSTIR/mSTIR/tests/CMakeLists.txt#L1,"#========================================================================
# Author: Kris Thielemans
# Copyright 2017 University College London
#
# This file is part of the SyneRBI Synergistic Image Reconstruction Framework (SIRF) SuperBuild.
#
# Licensed under the Apache License, Version 2.0 (the ""License"");
# you may not use this file except in compliance with the License.
# You may obtain a copy of the License at
#
#         http://www.apache.org/licenses/LICENSE-2.0.txt
#
# Unless required by applicable law or agreed to in writing, software
# distributed under the License is distributed on an ""AS IS"" BASIS,
# WITHOUT WARRANTIES OR CONDITIONS OF ANY KIND, either express or implied.
# See the License for the specific language governing permissions and
# limitations under the License.
#
#=========================================================================",[],CMake,0,1,19
25145,synerbi/sirf,https://github.com/synerbi/sirf/blob/9ef5044e8d939e27290f0876205f041cbdc60460/src/xSTIR/mSTIR/tests/CMakeLists.txt#L21,"# next commands work (on Windows) but would need further work to get the log file handled properly
# Luckily CMake's FindMatlab provides a function for this. We'll use that below.",[],CMake,0,21,22
25145,synerbi/sirf,https://github.com/synerbi/sirf/blob/9ef5044e8d939e27290f0876205f041cbdc60460/src/xSTIR/mSTIR/tests/CMakeLists.txt#L24,"#set(test_cmd ""pwd;ver;try; test_all; catch err, fprintf(2,\'ERROR: %s\\\\n\', err.message),exit(1), end, exit(0)"")
#message(STATUS ""test_cmd ${test_cmd}"")
#add_test(NAME PET_TESTS_MATLAB
#         COMMAND matlab -nodesktop -wait -logfile ""${CMAKE_CURRENT_BINARY_DIR}/test_all.log"" -r ""${test_cmd}""
#         WORKING_DIRECTORY  ${CMAKE_CURRENT_SOURCE_DIR})",[],CMake,0,24,28
25145,synerbi/sirf,https://github.com/synerbi/sirf/blob/9ef5044e8d939e27290f0876205f041cbdc60460/src/xSTIR/pSTIR/CMakeLists.txt#L1,"#========================================================================
# Author: Kris Thielemans, Richard Brown
# Copyright 2016 - 2020 University College London
#
#  Licensed under the Apache License, Version 2.0 (the ""License"");
#  you may not use this file except in compliance with the License.
#  You may obtain a copy of the License at
#
#         http://www.apache.org/licenses/LICENSE-2.0.txt
#
#  Unless required by applicable law or agreed to in writing, software
#  distributed under the License is distributed on an ""AS IS"" BASIS,
#  WITHOUT WARRANTIES OR CONDITIONS OF ANY KIND, either express or implied.
#  See the License for the specific language governing permissions and
#  limitations under the License.
#
#=========================================================================",[],CMake,0,1,17
25145,synerbi/sirf,https://github.com/synerbi/sirf/blob/9ef5044e8d939e27290f0876205f041cbdc60460/src/xSTIR/pSTIR/CMakeLists.txt#L20,# policy introduced in CMake 3.13,[],CMake,2,20,20
25145,synerbi/sirf,https://github.com/synerbi/sirf/blob/9ef5044e8d939e27290f0876205f041cbdc60460/src/xSTIR/pSTIR/CMakeLists.txt#L35,# Tell CMake it needs to re-run SWIG when .h file changes,[],CMake,0,35,35
25145,synerbi/sirf,https://github.com/synerbi/sirf/blob/9ef5044e8d939e27290f0876205f041cbdc60460/src/xSTIR/pSTIR/tests/CMakeLists.txt#L1,"#========================================================================
# Copyright 2017 - 2021 University College London
# Copyright 2017 - 2021 Science Technology Facilities Council
#
# This file is part of the SyneRBI Synergistic Image Reconstruction Framework (SIRF) SuperBuild.
#
# Licensed under the Apache License, Version 2.0 (the ""License"");
# you may not use this file except in compliance with the License.
# You may obtain a copy of the License at
#
#         http://www.apache.org/licenses/LICENSE-2.0.txt
#
# Unless required by applicable law or agreed to in writing, software
# distributed under the License is distributed on an ""AS IS"" BASIS,
# WITHOUT WARRANTIES OR CONDITIONS OF ANY KIND, either express or implied.
# See the License for the specific language governing permissions and
# limitations under the License.
#
#=========================================================================",[],CMake,0,1,19
25145,synerbi/sirf,https://github.com/synerbi/sirf/blob/9ef5044e8d939e27290f0876205f041cbdc60460/src/xSTIR/pSTIR/tests/CMakeLists.txt#L21,"# If not NiftyPET projector, dont test that",[],CMake,0,21,21
25145,synerbi/sirf,https://github.com/synerbi/sirf/blob/9ef5044e8d939e27290f0876205f041cbdc60460/src/xSTIR/pSTIR/tests/CMakeLists.txt#L29,"#add_test(NAME PET_DEMOS_PYTHON
#  COMMAND ${PYTHON_EXECUTABLE} run_all.py --non-interactive
#  WORKING_DIRECTORY ""${CMAKE_SOURCE_DIR}/examples/Python/PET"")",[],CMake,0,29,31
25145,synerbi/sirf,https://github.com/synerbi/sirf/blob/9ef5044e8d939e27290f0876205f041cbdc60460/cmake/FindFFTW3.cmake#L1,"# - Try to find FFTW3.
# Usage: find_package(FFTW3 [COMPONENTS [single double long-double threads]])
#
# Variables used by this module:
#  FFTW3_ROOT_DIR             - FFTW3 root directory
# Variables defined by this module:
#  FFTW3_FOUND                - system has FFTW3
#  FFTW3_INCLUDE_DIR          - the FFTW3 include directory (cached)
#  FFTW3_INCLUDE_DIRS         - the FFTW3 include directories
#                               (identical to FFTW3_INCLUDE_DIR)
#  FFTW3[FL]?_LIBRARY         - the FFTW3 library - double, single(F), 
#                               long-double(L) precision (cached)
#  FFTW3[FL]?_THREADS_LIBRARY - the threaded FFTW3 library - double, single(F), 
#                               long-double(L) precision (cached)
#  FFTW3_LIBRARIES            - list of all FFTW3 libraries found",[],CMake,0,1,15
25145,synerbi/sirf,https://github.com/synerbi/sirf/blob/9ef5044e8d939e27290f0876205f041cbdc60460/cmake/FindFFTW3.cmake#L17,"# Copyright (C) 2009-2010
# ASTRON (Netherlands Institute for Radio Astronomy)
# P.O.Box 2, 7990 AA Dwingeloo, The Netherlands
#
# This file is part of the LOFAR software suite.
# The LOFAR software suite is free software: you can redistribute it and/or
# modify it under the terms of the GNU General Public License as published
# by the Free Software Foundation, either version 3 of the License, or
# (at your option) any later version.
#
# The LOFAR software suite is distributed in the hope that it will be useful,
# but WITHOUT ANY WARRANTY; without even the implied warranty of
# MERCHANTABILITY or FITNESS FOR A PARTICULAR PURPOSE.  See the
# GNU General Public License for more details.
#
# You should have received a copy of the GNU General Public License along
# with the LOFAR software suite. If not, see <http://www.gnu.org/licenses/>.
#
# $Id: FindFFTW3.cmake 15918 2010-06-25 11:12:42Z loose $",[],CMake,0,17,35
25145,synerbi/sirf,https://github.com/synerbi/sirf/blob/9ef5044e8d939e27290f0876205f041cbdc60460/cmake/FindFFTW3.cmake#L37,# Use double precision by default.,[],CMake,0,37,37
25145,synerbi/sirf,https://github.com/synerbi/sirf/blob/9ef5044e8d939e27290f0876205f041cbdc60460/cmake/FindFFTW3.cmake#L44,# Loop over each component.,[],CMake,0,44,44
25145,synerbi/sirf,https://github.com/synerbi/sirf/blob/9ef5044e8d939e27290f0876205f041cbdc60460/cmake/FindFFTW3.cmake#L61,"# If using threads, we need to link against threaded libraries as well.",[],CMake,0,61,61
25145,synerbi/sirf,https://github.com/synerbi/sirf/blob/9ef5044e8d939e27290f0876205f041cbdc60460/cmake/FindFFTW3.cmake#L70,"# Keep a list of variable names that we need to pass on to
# find_package_handle_standard_args().",[],CMake,0,70,71
25145,synerbi/sirf,https://github.com/synerbi/sirf/blob/9ef5044e8d939e27290f0876205f041cbdc60460/cmake/FindFFTW3.cmake#L74,# Search for all requested libraries.,[],CMake,0,74,74
25145,synerbi/sirf,https://github.com/synerbi/sirf/blob/9ef5044e8d939e27290f0876205f041cbdc60460/cmake/FindFFTW3.cmake#L105,# Search for the header file.,[],CMake,0,105,105
25145,synerbi/sirf,https://github.com/synerbi/sirf/blob/9ef5044e8d939e27290f0876205f041cbdc60460/cmake/FindFFTW3.cmake#L111,"# Handle the QUIETLY and REQUIRED arguments and set FFTW3_FOUND to TRUE if
# all listed variables are TRUE",[],CMake,0,111,112
25145,synerbi/sirf,https://github.com/synerbi/sirf/blob/9ef5044e8d939e27290f0876205f041cbdc60460/cmake/FindNiftyPET.cmake#L1,"# Copyright 2019-2020 University College London
# @Author Richard Brown
#
# This file is part of STIR.
#
# This file is free software; you can redistribute it and/or modify
# it under the terms of the GNU Lesser General Public License as published by
# the Free Software Foundation; either version 2.1 of the License, or
# (at your option) any later version.
#
# This file is distributed in the hope that it will be useful,
# but WITHOUT ANY WARRANTY; without even the implied warranty of
# MERCHANTABILITY or FITNESS FOR A PARTICULAR PURPOSE.  See the
# GNU Lesser General Public License for more details.
#
# See STIR/LICENSE.txt for details",[],CMake,0,1,16
25145,synerbi/sirf,https://github.com/synerbi/sirf/blob/9ef5044e8d939e27290f0876205f041cbdc60460/cmake/FindNiftyPET.cmake#L26,"###############################################################
#  Headers
###############################################################",[],CMake,0,26,28
25145,synerbi/sirf,https://github.com/synerbi/sirf/blob/9ef5044e8d939e27290f0876205f041cbdc60460/cmake/FindNiftyPET.cmake#L30,# Find the base folder containing def.h,[],CMake,0,30,30
25145,synerbi/sirf,https://github.com/synerbi/sirf/blob/9ef5044e8d939e27290f0876205f041cbdc60460/cmake/FindNiftyPET.cmake#L37,"###############################################################
#  Libraries
###############################################################",[],CMake,0,37,39
25145,synerbi/sirf,https://github.com/synerbi/sirf/blob/9ef5044e8d939e27290f0876205f041cbdc60460/cmake/FindNiftyPET.cmake#L57,"###############################################################
#  Check everything has been found
###############################################################",[],CMake,0,57,59
25145,synerbi/sirf,https://github.com/synerbi/sirf/blob/9ef5044e8d939e27290f0876205f041cbdc60460/cmake/FindNiftyPET.cmake#L67,"###############################################################
#  Get header subdirectories
###############################################################",[],CMake,0,67,69
25145,synerbi/sirf,https://github.com/synerbi/sirf/blob/9ef5044e8d939e27290f0876205f041cbdc60460/cmake/FindNiftyPET.cmake#L80,"###############################################################
#  Create imported targets
###############################################################",[],CMake,0,80,82
25145,synerbi/sirf,https://github.com/synerbi/sirf/blob/9ef5044e8d939e27290f0876205f041cbdc60460/cmake/FindSPM.cmake#L1,# Copyright 2020 University College London,[],CMake,0,1,1
25145,synerbi/sirf,https://github.com/synerbi/sirf/blob/9ef5044e8d939e27290f0876205f041cbdc60460/cmake/FindSPM.cmake#L3,"# This file is part of SIRF.
#
# This file is free software; you can redistribute it and/or modify
# it under the terms of the GNU Lesser General Public License as published by
# the Free Software Foundation; either version 2.1 of the License, or
# (at your option) any later version.
#
# This file is distributed in the hope that it will be useful,
# but WITHOUT ANY WARRANTY; without even the implied warranty of
# MERCHANTABILITY or FITNESS FOR A PARTICULAR PURPOSE.  See the
# GNU Lesser General Public License for more details.
#
# See STIR/LICENSE.txt for details",[],CMake,0,3,15
25145,synerbi/sirf,https://github.com/synerbi/sirf/blob/9ef5044e8d939e27290f0876205f041cbdc60460/cmake/SetC++Version.cmake#L1,"#========================================================================
# Author: Kris Thielemans
# Copyright 2020-2021 University College London
#
#  Licensed under the Apache License, Version 2.0 (the ""License"");
#  you may not use this file except in compliance with the License.
#  You may obtain a copy of the License at
#
#         http://www.apache.org/licenses/LICENSE-2.0.txt
#
#  Unless required by applicable law or agreed to in writing, software
#  distributed under the License is distributed on an ""AS IS"" BASIS,
#  WITHOUT WARRANTIES OR CONDITIONS OF ANY KIND, either express or implied.
#  See the License for the specific language governing permissions and
#  limitations under the License.
#
#=========================================================================",[],CMake,0,1,17
25145,synerbi/sirf,https://github.com/synerbi/sirf/blob/9ef5044e8d939e27290f0876205f041cbdc60460/cmake/SetC++Version.cmake#L19,"# A macro to set the C++ version
# If CMAKE_CXX_STANDARD is already set to a more recent version, keep that.",[],CMake,0,19,20
25145,synerbi/sirf,https://github.com/synerbi/sirf/blob/9ef5044e8d939e27290f0876205f041cbdc60460/cmake/setup.py.cmake#L1,# Install python packages via pip and setup.py,[],CMake,0,1,1
25145,synerbi/sirf,https://github.com/synerbi/sirf/blob/9ef5044e8d939e27290f0876205f041cbdc60460/cmake/setup.py.cmake#L5,# alias sirf.p* -> p* for backward-compatibility,[],CMake,2,5,5
25145,synerbi/sirf,https://github.com/synerbi/sirf/blob/9ef5044e8d939e27290f0876205f041cbdc60460/cmake/setup.py.cmake#L11,# depends: PY_PKG_OLD,[],CMake,58,11,11
25145,synerbi/sirf,https://github.com/synerbi/sirf/blob/9ef5044e8d939e27290f0876205f041cbdc60460/cmake/setup.py.cmake#L14,"# message(STATUS ""__init__.py:${PY_INIT}"")",[],CMake,4,14,14
25145,synerbi/sirf,https://github.com/synerbi/sirf/blob/9ef5044e8d939e27290f0876205f041cbdc60460/cmake/setup.py.cmake#L25,# convert to python CSV tuple for setup.py configure_file,[],CMake,2,25,25
25145,synerbi/sirf,https://github.com/synerbi/sirf/blob/9ef5044e8d939e27290f0876205f041cbdc60460/cmake/setup.py.cmake#L28,"# message(STATUS ""setup.py:pacakges:${PYTHON_SETUP_PKGS_CSV}"")",[],CMake,2,28,28
25145,synerbi/sirf,https://github.com/synerbi/sirf/blob/9ef5044e8d939e27290f0876205f041cbdc60460/cmake/setup.py.cmake#L30,# Create setup.py,[],CMake,2,30,30
25145,synerbi/sirf,https://github.com/synerbi/sirf/blob/9ef5044e8d939e27290f0876205f041cbdc60460/cmake/setup.py.cmake#L36,# create sirf/__init__.py,[],CMake,2,36,36
25145,synerbi/sirf,https://github.com/synerbi/sirf/blob/9ef5044e8d939e27290f0876205f041cbdc60460/cmake/setup.py.cmake#L43,# python setup.py install,[],CMake,4,43,43
