repoIndex,repoName,linkLocation,comment,keywords,buildSysteminFile,charPosition,startLine,endLine
25193,phoenixkonsole/transcendence,https://github.com/phoenixkonsole/transcendence/blob/dd79af7319e98f561db9e8b95c23a748985297c4/Makefile.am#L1,"# Copyright (c) 2013-2016 The Bitcoin Core developers
# Distributed under the MIT software license, see the accompanying
# file COPYING or http://www.opensource.org/licenses/mit-license.php.",[],Autotool,0,1,3
25193,phoenixkonsole/transcendence,https://github.com/phoenixkonsole/transcendence/blob/dd79af7319e98f561db9e8b95c23a748985297c4/Makefile.am#L37,#not installed,[],Autotool,46,37,37
25193,phoenixkonsole/transcendence,https://github.com/phoenixkonsole/transcendence/blob/dd79af7319e98f561db9e8b95c23a748985297c4/src/Makefile.am#L1,"# Copyright (c) 2013-2016 The Bitcoin Core developers
# Distributed under the MIT software license, see the accompanying
# file COPYING or http://www.opensource.org/licenses/mit-license.php.",[],Autotool,0,1,3
25193,phoenixkonsole/transcendence,https://github.com/phoenixkonsole/transcendence/blob/dd79af7319e98f561db9e8b95c23a748985297c4/src/Makefile.am#L49,"# Make is not made aware of per-object dependencies to avoid limiting building parallelization
# But to build the less dependent modules first, we manually select their order here:",[],Autotool,0,49,50
25193,phoenixkonsole/transcendence,https://github.com/phoenixkonsole/transcendence/blob/dd79af7319e98f561db9e8b95c23a748985297c4/src/Makefile.am#L77,# transcendence core #,[],Autotool,0,77,77
25193,phoenixkonsole/transcendence,https://github.com/phoenixkonsole/transcendence/blob/dd79af7319e98f561db9e8b95c23a748985297c4/src/Makefile.am#L186,# server: shared between transcendenced and transcendence-qt,[],Autotool,0,186,186
25193,phoenixkonsole/transcendence,https://github.com/phoenixkonsole/transcendence/blob/dd79af7319e98f561db9e8b95c23a748985297c4/src/Makefile.am#L232,"# wallet: shared between transcendenced and transcendence-qt, but only linked
# when wallet enabled",[],Autotool,0,232,233
25193,phoenixkonsole/transcendence,https://github.com/phoenixkonsole/transcendence/blob/dd79af7319e98f561db9e8b95c23a748985297c4/src/Makefile.am#L266,# crypto primitives library,[],Autotool,0,266,266
25193,phoenixkonsole/transcendence,https://github.com/phoenixkonsole/transcendence/blob/dd79af7319e98f561db9e8b95c23a748985297c4/src/Makefile.am#L327,# libzerocoin library,[],Autotool,0,327,327
25193,phoenixkonsole/transcendence,https://github.com/phoenixkonsole/transcendence/blob/dd79af7319e98f561db9e8b95c23a748985297c4/src/Makefile.am#L352,"# common: shared between transcendenced, and transcendence-qt and non-server tools",[],Autotool,0,352,352
25193,phoenixkonsole/transcendence,https://github.com/phoenixkonsole/transcendence/blob/dd79af7319e98f561db9e8b95c23a748985297c4/src/Makefile.am#L387,"# util: shared between all executables.
# This library *must* be included to make sure that the glibc
# backward-compatibility objects and their sanity checks are linked.",[],Autotool,0,387,389
25193,phoenixkonsole/transcendence,https://github.com/phoenixkonsole/transcendence/blob/dd79af7319e98f561db9e8b95c23a748985297c4/src/Makefile.am#L414,# cli: shared between transcendence-cli and transcendence-qt,[],Autotool,0,414,414
25193,phoenixkonsole/transcendence,https://github.com/phoenixkonsole/transcendence/blob/dd79af7319e98f561db9e8b95c23a748985297c4/src/Makefile.am#L422,#,[],Autotool,0,422,422
25193,phoenixkonsole/transcendence,https://github.com/phoenixkonsole/transcendence/blob/dd79af7319e98f561db9e8b95c23a748985297c4/src/Makefile.am#L424,# transcendenced binary #,[],Autotool,0,424,424
25193,phoenixkonsole/transcendence,https://github.com/phoenixkonsole/transcendence/blob/dd79af7319e98f561db9e8b95c23a748985297c4/src/Makefile.am#L449,# transcendence-cli binary #,[],Autotool,0,449,449
25193,phoenixkonsole/transcendence,https://github.com/phoenixkonsole/transcendence/blob/dd79af7319e98f561db9e8b95c23a748985297c4/src/Makefile.am#L466,#,[],Autotool,0,466,466
25193,phoenixkonsole/transcendence,https://github.com/phoenixkonsole/transcendence/blob/dd79af7319e98f561db9e8b95c23a748985297c4/src/Makefile.am#L468,# transcendence-tx binary #,[],Autotool,0,468,468
25193,phoenixkonsole/transcendence,https://github.com/phoenixkonsole/transcendence/blob/dd79af7319e98f561db9e8b95c23a748985297c4/src/Makefile.am#L487,#,[],Autotool,0,487,487
25193,phoenixkonsole/transcendence,https://github.com/phoenixkonsole/transcendence/blob/dd79af7319e98f561db9e8b95c23a748985297c4/src/Makefile.am#L489,# bitcoinconsensus library #,[],Autotool,0,489,489
25193,phoenixkonsole/transcendence,https://github.com/phoenixkonsole/transcendence/blob/dd79af7319e98f561db9e8b95c23a748985297c4/src/Makefile.am#L520,#,[],Autotool,0,520,520
25193,phoenixkonsole/transcendence,https://github.com/phoenixkonsole/transcendence/blob/dd79af7319e98f561db9e8b95c23a748985297c4/Makefile.in#L1,"# Makefile.in generated by automake 1.15.1 from Makefile.am.
# @configure_input@",[],Autotool,0,1,2
25193,phoenixkonsole/transcendence,https://github.com/phoenixkonsole/transcendence/blob/dd79af7319e98f561db9e8b95c23a748985297c4/Makefile.in#L4,"# Copyright (C) 1994-2017 Free Software Foundation, Inc.",[],Autotool,0,4,4
25193,phoenixkonsole/transcendence,https://github.com/phoenixkonsole/transcendence/blob/dd79af7319e98f561db9e8b95c23a748985297c4/Makefile.in#L6,"# This Makefile.in is free software; the Free Software Foundation
# gives unlimited permission to copy and/or distribute it,
# with or without modifications, as long as this notice is preserved.",[],Autotool,0,6,8
25193,phoenixkonsole/transcendence,https://github.com/phoenixkonsole/transcendence/blob/dd79af7319e98f561db9e8b95c23a748985297c4/Makefile.in#L10,"# This program is distributed in the hope that it will be useful,
# but WITHOUT ANY WARRANTY, to the extent permitted by law; without
# even the implied warranty of MERCHANTABILITY or FITNESS FOR A
# PARTICULAR PURPOSE.",[],Autotool,0,10,13
25193,phoenixkonsole/transcendence,https://github.com/phoenixkonsole/transcendence/blob/dd79af7319e98f561db9e8b95c23a748985297c4/Makefile.in#L17,"# Copyright (c) 2013-2016 The Bitcoin Core developers
# Distributed under the MIT software license, see the accompanying
# file COPYING or http://www.opensource.org/licenses/mit-license.php.",[],Autotool,0,17,19
25193,phoenixkonsole/transcendence,https://github.com/phoenixkonsole/transcendence/blob/dd79af7319e98f561db9e8b95c23a748985297c4/Makefile.in#L203,"# Read a list of newline-separated strings from the standard input,
# and print each of them once, without duplicates.  Input order is
# *not* preserved.",[],Autotool,0,203,205
25193,phoenixkonsole/transcendence,https://github.com/phoenixkonsole/transcendence/blob/dd79af7319e98f561db9e8b95c23a748985297c4/Makefile.in#L589,#not installed,[],Autotool,48,589,589
25193,phoenixkonsole/transcendence,https://github.com/phoenixkonsole/transcendence/blob/dd79af7319e98f561db9e8b95c23a748985297c4/Makefile.in#L807,# -gt 0; then \,[],Autotool,13,807,807
25193,phoenixkonsole/transcendence,https://github.com/phoenixkonsole/transcendence/blob/dd79af7319e98f561db9e8b95c23a748985297c4/Makefile.in#L960,"# This target untars the dist file and tries a VPATH configuration.  Then
# it guarantees that the distribution is self-contained by making another
# tarfile.",[],Autotool,0,960,962
25193,phoenixkonsole/transcendence,https://github.com/phoenixkonsole/transcendence/blob/dd79af7319e98f561db9e8b95c23a748985297c4/Makefile.in#L1326,"# Tell versions [3.59,3.63) of GNU make to not export all variables.
# Otherwise a system limit (for SysV at least) may be exceeded.",[],Autotool,0,1326,1327
25193,phoenixkonsole/transcendence,https://github.com/phoenixkonsole/transcendence/blob/dd79af7319e98f561db9e8b95c23a748985297c4/configure.ac#L1,dnl require autoconf 2.60 (AS_ECHO/AS_ECHO_N),[],Autotool,0,1,1
25193,phoenixkonsole/transcendence,https://github.com/phoenixkonsole/transcendence/blob/dd79af7319e98f561db9e8b95c23a748985297c4/configure.ac#L20,"dnl Unless the user specified ARFLAGS, force it to be cr",[],Autotool,0,20,20
25193,phoenixkonsole/transcendence,https://github.com/phoenixkonsole/transcendence/blob/dd79af7319e98f561db9e8b95c23a748985297c4/configure.ac#L28,#ifndef TRANSCENDENCE_CONFIG_H]),[],Autotool,8,28,28
25193,phoenixkonsole/transcendence,https://github.com/phoenixkonsole/transcendence/blob/dd79af7319e98f561db9e8b95c23a748985297c4/configure.ac#L29,#define TRANSCENDENCE_CONFIG_H]),[],Autotool,8,29,29
25193,phoenixkonsole/transcendence,https://github.com/phoenixkonsole/transcendence/blob/dd79af7319e98f561db9e8b95c23a748985297c4/configure.ac#L30,#endif //TRANSCENDENCE_CONFIG_H]),[],Autotool,11,30,30
25193,phoenixkonsole/transcendence,https://github.com/phoenixkonsole/transcendence/blob/dd79af7319e98f561db9e8b95c23a748985297c4/configure.ac#L32,dnl faketime breaks configure and is only needed for make. Disable it here.,[],Autotool,0,32,32
25193,phoenixkonsole/transcendence,https://github.com/phoenixkonsole/transcendence/blob/dd79af7319e98f561db9e8b95c23a748985297c4/configure.ac#L35,dnl Automake init set-up and checks,[],Autotool,0,35,35
25193,phoenixkonsole/transcendence,https://github.com/phoenixkonsole/transcendence/blob/dd79af7319e98f561db9e8b95c23a748985297c4/configure.ac#L38,"dnl faketime messes with timestamps and causes configure to be re-run.
dnl --disable-maintainer-mode can be used to bypass this.",[],Autotool,0,38,39
25193,phoenixkonsole/transcendence,https://github.com/phoenixkonsole/transcendence/blob/dd79af7319e98f561db9e8b95c23a748985297c4/configure.ac#L42,dnl make the compilation flags quiet unless V=1 is used,[],Autotool,0,42,42
25193,phoenixkonsole/transcendence,https://github.com/phoenixkonsole/transcendence/blob/dd79af7319e98f561db9e8b95c23a748985297c4/configure.ac#L45,dnl Compiler checks (here before libtool).,[],Autotool,0,45,45
25193,phoenixkonsole/transcendence,https://github.com/phoenixkonsole/transcendence/blob/dd79af7319e98f561db9e8b95c23a748985297c4/configure.ac#L53,"dnl By default, libtool for mingw refuses to link static libs into a dll for
dnl fear of mixing pic/non-pic objects, and import/export complications. Since
dnl we have those under control, re-enable that functionality.",[],Autotool,0,53,55
25193,phoenixkonsole/transcendence,https://github.com/phoenixkonsole/transcendence/blob/dd79af7319e98f561db9e8b95c23a748985297c4/configure.ac#L61,dnl Require C++11 compiler (no GNU extensions),[],Autotool,0,61,61
25193,phoenixkonsole/transcendence,https://github.com/phoenixkonsole/transcendence/blob/dd79af7319e98f561db9e8b95c23a748985297c4/configure.ac#L63,dnl Check if -latomic is required for <std::atomic>,[],Autotool,0,63,63
25193,phoenixkonsole/transcendence,https://github.com/phoenixkonsole/transcendence/blob/dd79af7319e98f561db9e8b95c23a748985297c4/configure.ac#L66,"dnl Unless the user specified OBJCXX, force it to be the same as CXX. This ensures
dnl that we get the same -std flags for both.",[],Autotool,0,66,67
25193,phoenixkonsole/transcendence,https://github.com/phoenixkonsole/transcendence/blob/dd79af7319e98f561db9e8b95c23a748985297c4/configure.ac#L75,dnl Libtool init checks.,[],Autotool,0,75,75
25193,phoenixkonsole/transcendence,https://github.com/phoenixkonsole/transcendence/blob/dd79af7319e98f561db9e8b95c23a748985297c4/configure.ac#L78,dnl Check/return PATH for base programs.,[],Autotool,0,78,78
25193,phoenixkonsole/transcendence,https://github.com/phoenixkonsole/transcendence/blob/dd79af7319e98f561db9e8b95c23a748985297c4/configure.ac#L84,"dnl Python 3.5 is specified in .python-version and should be used if available, see doc/dependencies.md",[],Autotool,0,84,84
25193,phoenixkonsole/transcendence,https://github.com/phoenixkonsole/transcendence/blob/dd79af7319e98f561db9e8b95c23a748985297c4/configure.ac#L102,# Enable wallet,[],Autotool,0,102,102
25193,phoenixkonsole/transcendence,https://github.com/phoenixkonsole/transcendence/blob/dd79af7319e98f561db9e8b95c23a748985297c4/configure.ac#L225,# Enable debug,[],Autotool,0,225,225
25193,phoenixkonsole/transcendence,https://github.com/phoenixkonsole/transcendence/blob/dd79af7319e98f561db9e8b95c23a748985297c4/configure.ac#L232,# Enable different -fsanitize options,[],Autotool,0,232,232
25193,phoenixkonsole/transcendence,https://github.com/phoenixkonsole/transcendence/blob/dd79af7319e98f561db9e8b95c23a748985297c4/configure.ac#L238,# Enable gprof profiling,[],Autotool,0,238,238
25193,phoenixkonsole/transcendence,https://github.com/phoenixkonsole/transcendence/blob/dd79af7319e98f561db9e8b95c23a748985297c4/configure.ac#L245,# Turn warnings into errors,[],Autotool,0,245,245
25193,phoenixkonsole/transcendence,https://github.com/phoenixkonsole/transcendence/blob/dd79af7319e98f561db9e8b95c23a748985297c4/configure.ac#L256,# Clear default -g -O2 flags,[],Autotool,2,256,256
25193,phoenixkonsole/transcendence,https://github.com/phoenixkonsole/transcendence/blob/dd79af7319e98f561db9e8b95c23a748985297c4/configure.ac#L260,"# Prefer -Og, fall back to -O0 if that is unavailable.",[],Autotool,2,260,260
25193,phoenixkonsole/transcendence,https://github.com/phoenixkonsole/transcendence/blob/dd79af7319e98f561db9e8b95c23a748985297c4/configure.ac#L267,"# Prefer -g3, fall back to -g if that is unavailable.",[],Autotool,2,267,267
25193,phoenixkonsole/transcendence,https://github.com/phoenixkonsole/transcendence/blob/dd79af7319e98f561db9e8b95c23a748985297c4/configure.ac#L280,"# First check if the compiler accepts flags. If an incompatible pair like
# -fsanitize=address,thread is used here, this check will fail. This will also
# fail if a bad argument is passed, e.g. -fsanitize=undfeined",[],Autotool,2,280,282
25193,phoenixkonsole/transcendence,https://github.com/phoenixkonsole/transcendence/blob/dd79af7319e98f561db9e8b95c23a748985297c4/configure.ac#L288,"# Some compilers (e.g. GCC) require additional libraries like libasan,
# libtsan, libubsan, etc. Make sure linking still works with the sanitize
# flag. This is a separate check so we can give a better error message when
# the sanitize flags are supported by the compiler but the actual sanitizer
# libs are missing.",[],Autotool,2,288,292
25193,phoenixkonsole/transcendence,https://github.com/phoenixkonsole/transcendence/blob/dd79af7319e98f561db9e8b95c23a748985297c4/configure.ac#L318,"## Some compilers (gcc) ignore unknown -Wno-* options, but warn about all
## unknown options if any other warning is produced. Test the -Wfoo case, and
## set the -Wno-foo case if it works.",[],Autotool,2,318,320
25193,phoenixkonsole/transcendence,https://github.com/phoenixkonsole/transcendence/blob/dd79af7319e98f561db9e8b95c23a748985297c4/configure.ac#L328,"# Check for optional instruction set support. Enabling these does _not_ imply that all code will
# be compiled with them, rather that specific objects/libs may use them after checking for runtime
# compatibility.",[],Autotool,0,328,330
25193,phoenixkonsole/transcendence,https://github.com/phoenixkonsole/transcendence/blob/dd79af7319e98f561db9e8b95c23a748985297c4/configure.ac#L429,#pkgconfig does more harm than good with MinGW,[],Autotool,5,429,429
25193,phoenixkonsole/transcendence,https://github.com/phoenixkonsole/transcendence/blob/dd79af7319e98f561db9e8b95c23a748985297c4/configure.ac#L453,"# -static is interpreted by libtool, where it has a different meaning.
# In libtool-speak, it's -all-static.",[],Autotool,5,453,454
25193,phoenixkonsole/transcendence,https://github.com/phoenixkonsole/transcendence/blob/dd79af7319e98f561db9e8b95c23a748985297c4/configure.ac#L479,"dnl libtool insists upon adding -nostdlib and a list of objects/libs to link against.
dnl That breaks our ability to build dll's with static libgcc/libstdc++/libssp. Override
dnl its command here, with the predeps/postdeps removed, and -static inserted. Postdeps are
dnl also overridden to prevent their insertion later.
dnl This should only affect dll's.",[],Autotool,5,479,483
25193,phoenixkonsole/transcendence,https://github.com/phoenixkonsole/transcendence/blob/dd79af7319e98f561db9e8b95c23a748985297c4/configure.ac#L495,dnl add default macports paths,[],Autotool,9,495,495
25193,phoenixkonsole/transcendence,https://github.com/phoenixkonsole/transcendence/blob/dd79af7319e98f561db9e8b95c23a748985297c4/configure.ac#L507,"dnl These Homebrew packages may be keg-only, meaning that they won't be found
dnl in expected paths because they may conflict with system files. Ask
dnl Homebrew where each one is located, then adjust paths accordingly.
dnl It's safe to add these paths even if the functionality is disabled by
dnl the user (--without-wallet or --without-gui for example).",[],Autotool,9,507,511
25193,phoenixkonsole/transcendence,https://github.com/phoenixkonsole/transcendence/blob/dd79af7319e98f561db9e8b95c23a748985297c4/configure.ac#L542,"dnl libtool will try to strip the static lib, which is a problem for
dnl cross-builds because strip attempts to call a hard-coded ld,
dnl which may not exist in the path. Stripping the .a is not
dnl necessary, so just disable it.",[],Autotool,11,542,545
25193,phoenixkonsole/transcendence,https://github.com/phoenixkonsole/transcendence/blob/dd79af7319e98f561db9e8b95c23a748985297c4/configure.ac#L556,dnl make sure android stays above linux for hosts like *linux-android*,[],Autotool,5,556,556
25193,phoenixkonsole/transcendence,https://github.com/phoenixkonsole/transcendence/blob/dd79af7319e98f561db9e8b95c23a748985297c4/configure.ac#L629,dnl Check for endianness,[],Autotool,0,629,629
25193,phoenixkonsole/transcendence,https://github.com/phoenixkonsole/transcendence/blob/dd79af7319e98f561db9e8b95c23a748985297c4/configure.ac#L632,dnl Check for pthread compile/link requirements,[],Autotool,0,632,632
25193,phoenixkonsole/transcendence,https://github.com/phoenixkonsole/transcendence/blob/dd79af7319e98f561db9e8b95c23a748985297c4/configure.ac#L635,"# The following macro will add the necessary defines to transcendence-config.h, but
# they also need to be passed down to any subprojects. Pull the results out of
# the cache and add them to CPPFLAGS.",[],Autotool,0,635,637
25193,phoenixkonsole/transcendence,https://github.com/phoenixkonsole/transcendence/blob/dd79af7319e98f561db9e8b95c23a748985297c4/configure.ac#L639,# detect POSIX or GNU variant of strerror_r,[],Autotool,0,639,639
25193,phoenixkonsole/transcendence,https://github.com/phoenixkonsole/transcendence/blob/dd79af7319e98f561db9e8b95c23a748985297c4/configure.ac#L662,"#glibc absorbed clock_gettime in 2.17. librt (its previous location) is safe to link
#in anyway for back-compat.",[],Autotool,2,662,663
25193,phoenixkonsole/transcendence,https://github.com/phoenixkonsole/transcendence/blob/dd79af7319e98f561db9e8b95c23a748985297c4/configure.ac#L666,"#__fdelt_chk's params and return type have changed from long unsigned int to long int.
# See which one is present here.",[],Autotool,2,666,667
25193,phoenixkonsole/transcendence,https://github.com/phoenixkonsole/transcendence/blob/dd79af7319e98f561db9e8b95c23a748985297c4/configure.ac#L686,"dnl -pg is incompatible with -pie. Since hardening and profiling together doesn't make sense,
dnl we simply make them mutually exclusive here. Additionally, hardened toolchains may force
dnl -pie by default, in which case it needs to be turned off with -no-pie.",[],Autotool,4,686,688
25193,phoenixkonsole/transcendence,https://github.com/phoenixkonsole/transcendence/blob/dd79af7319e98f561db9e8b95c23a748985297c4/configure.ac#L703,"# All windows code is PIC, forcing it on just adds useless compile warnings",[],Autotool,2,703,703
25193,phoenixkonsole/transcendence,https://github.com/phoenixkonsole/transcendence/blob/dd79af7319e98f561db9e8b95c23a748985297c4/configure.ac#L733,dnl this flag screws up non-darwin gcc even when the check fails. special-case it.,[],Autotool,0,733,733
25193,phoenixkonsole/transcendence,https://github.com/phoenixkonsole/transcendence/blob/dd79af7319e98f561db9e8b95c23a748985297c4/configure.ac#L742,"# Check for daemon(3), unrelated to --with-daemon (although used by it)",[],Autotool,0,742,742
25193,phoenixkonsole/transcendence,https://github.com/phoenixkonsole/transcendence/blob/dd79af7319e98f561db9e8b95c23a748985297c4/configure.ac#L746,#if HAVE_ENDIAN_H,[],Autotool,3,746,746
25193,phoenixkonsole/transcendence,https://github.com/phoenixkonsole/transcendence/blob/dd79af7319e98f561db9e8b95c23a748985297c4/configure.ac#L747,"#include <endian.h>
#elif HAVE_SYS_ENDIAN_H
#include <sys/endian.h>
#endif])",[],Autotool,17,747,750
25193,phoenixkonsole/transcendence,https://github.com/phoenixkonsole/transcendence/blob/dd79af7319e98f561db9e8b95c23a748985297c4/configure.ac#L753,#if HAVE_BYTESWAP_H,[],Autotool,3,753,753
25193,phoenixkonsole/transcendence,https://github.com/phoenixkonsole/transcendence/blob/dd79af7319e98f561db9e8b95c23a748985297c4/configure.ac#L754,"#include <byteswap.h>
#endif])",[],Autotool,17,754,755
25193,phoenixkonsole/transcendence,https://github.com/phoenixkonsole/transcendence/blob/dd79af7319e98f561db9e8b95c23a748985297c4/configure.ac#L759,dnl Check for malloc_info (for memory statistics information in getmemoryinfo),[],Autotool,0,759,759
25193,phoenixkonsole/transcendence,https://github.com/phoenixkonsole/transcendence/blob/dd79af7319e98f561db9e8b95c23a748985297c4/configure.ac#L767,dnl Check for mallopt(M_ARENA_MAX) (to set glibc arenas),[],Autotool,0,767,767
25193,phoenixkonsole/transcendence,https://github.com/phoenixkonsole/transcendence/blob/dd79af7319e98f561db9e8b95c23a748985297c4/configure.ac#L796,#include <thread>,[],Autotool,2,796,796
25193,phoenixkonsole/transcendence,https://github.com/phoenixkonsole/transcendence/blob/dd79af7319e98f561db9e8b95c23a748985297c4/configure.ac#L814,# Check for reduced exports,[],Autotool,0,814,814
25193,phoenixkonsole/transcendence,https://github.com/phoenixkonsole/transcendence/blob/dd79af7319e98f561db9e8b95c23a748985297c4/configure.ac#L829,dnl Check for libdb_cxx only if wallet enabled,[],Autotool,4,829,829
25193,phoenixkonsole/transcendence,https://github.com/phoenixkonsole/transcendence/blob/dd79af7319e98f561db9e8b95c23a748985297c4/configure.ac#L833,dnl Check for libminiupnpc (optional),[],Autotool,0,833,833
25193,phoenixkonsole/transcendence,https://github.com/phoenixkonsole/transcendence/blob/dd79af7319e98f561db9e8b95c23a748985297c4/configure.ac#L844,"dnl sets $bitcoin_enable_qt, $bitcoin_enable_qt_test, $bitcoin_enable_qt_dbus",[],Autotool,0,844,844
25193,phoenixkonsole/transcendence,https://github.com/phoenixkonsole/transcendence/blob/dd79af7319e98f561db9e8b95c23a748985297c4/configure.ac#L855,dnl Minimum required Boost version,[],Autotool,0,855,855
25193,phoenixkonsole/transcendence,https://github.com/phoenixkonsole/transcendence/blob/dd79af7319e98f561db9e8b95c23a748985297c4/configure.ac#L858,dnl Check for boost libs,[],Autotool,0,858,858
25193,phoenixkonsole/transcendence,https://github.com/phoenixkonsole/transcendence/blob/dd79af7319e98f561db9e8b95c23a748985297c4/configure.ac#L869,"dnl Boost 1.56 through 1.62 allow using std::atomic instead of its own atomic
dnl counter implementations. In 1.63 and later the std::atomic approach is default.",[],Autotool,0,869,870
25193,phoenixkonsole/transcendence,https://github.com/phoenixkonsole/transcendence/blob/dd79af7319e98f561db9e8b95c23a748985297c4/configure.ac#L871,dnl otherwise it's treated like a macro,[],Autotool,43,871,871
25193,phoenixkonsole/transcendence,https://github.com/phoenixkonsole/transcendence/blob/dd79af7319e98f561db9e8b95c23a748985297c4/configure.ac#L911,dnl Determine if -DBOOST_TEST_DYN_LINK is needed,[],Autotool,2,911,911
25193,phoenixkonsole/transcendence,https://github.com/phoenixkonsole/transcendence/blob/dd79af7319e98f561db9e8b95c23a748985297c4/configure.ac#L918,"#define BOOST_TEST_DYN_LINK
#define BOOST_TEST_MAIN",[],Autotool,7,918,919
25193,phoenixkonsole/transcendence,https://github.com/phoenixkonsole/transcendence/blob/dd79af7319e98f561db9e8b95c23a748985297c4/configure.ac#L920,#include <boost/test/unit_test.hpp>,[],Autotool,8,920,920
25193,phoenixkonsole/transcendence,https://github.com/phoenixkonsole/transcendence/blob/dd79af7319e98f561db9e8b95c23a748985297c4/configure.ac#L937,"dnl If boost (prior to 1.57) was built without c++11, it emulated scoped enums
dnl using c++98 constructs. Unfortunately, this implementation detail leaked into
dnl the abi. This was fixed in 1.57.",[],Autotool,0,937,939
25193,phoenixkonsole/transcendence,https://github.com/phoenixkonsole/transcendence/blob/dd79af7319e98f561db9e8b95c23a748985297c4/configure.ac#L941,"dnl When building against that installed version using c++11, the headers pick up
dnl on the native c++11 scoped enum support and enable it, however it will fail to
dnl link. This can be worked around by disabling c++11 scoped enums if linking will
dnl fail.
dnl BOOST_NO_SCOPED_ENUMS was changed to BOOST_NO_CXX11_SCOPED_ENUMS in 1.51.",[],Autotool,0,941,945
25193,phoenixkonsole/transcendence,https://github.com/phoenixkonsole/transcendence/blob/dd79af7319e98f561db9e8b95c23a748985297c4/configure.ac#L962,#if defined(CHECK),[],Autotool,2,962,962
25193,phoenixkonsole/transcendence,https://github.com/phoenixkonsole/transcendence/blob/dd79af7319e98f561db9e8b95c23a748985297c4/configure.ac#L964,#else,[],Autotool,2,964,964
25193,phoenixkonsole/transcendence,https://github.com/phoenixkonsole/transcendence/blob/dd79af7319e98f561db9e8b95c23a748985297c4/configure.ac#L966,#endif,[],Autotool,2,966,966
25193,phoenixkonsole/transcendence,https://github.com/phoenixkonsole/transcendence/blob/dd79af7319e98f561db9e8b95c23a748985297c4/configure.ac#L985,#if BOOST_VERSION >= 105000 && (!defined(BOOST_HAS_NANOSLEEP) || BOOST_VERSION >= 105200),[],Autotool,2,985,985
25193,phoenixkonsole/transcendence,https://github.com/phoenixkonsole/transcendence/blob/dd79af7319e98f561db9e8b95c23a748985297c4/configure.ac#L987,#else,[],Autotool,2,987,987
25193,phoenixkonsole/transcendence,https://github.com/phoenixkonsole/transcendence/blob/dd79af7319e98f561db9e8b95c23a748985297c4/configure.ac#L989,#endif,[],Autotool,2,989,989
25193,phoenixkonsole/transcendence,https://github.com/phoenixkonsole/transcendence/blob/dd79af7319e98f561db9e8b95c23a748985297c4/configure.ac#L1007,#if BOOST_VERSION <= 105600,[],Autotool,2,1007,1007
25193,phoenixkonsole/transcendence,https://github.com/phoenixkonsole/transcendence/blob/dd79af7319e98f561db9e8b95c23a748985297c4/configure.ac#L1009,#else,[],Autotool,2,1009,1009
25193,phoenixkonsole/transcendence,https://github.com/phoenixkonsole/transcendence/blob/dd79af7319e98f561db9e8b95c23a748985297c4/configure.ac#L1011,#endif,[],Autotool,2,1011,1011
25193,phoenixkonsole/transcendence,https://github.com/phoenixkonsole/transcendence/blob/dd79af7319e98f561db9e8b95c23a748985297c4/configure.ac#L1049,dnl,[],Autotool,4,1049,1049
25193,phoenixkonsole/transcendence,https://github.com/phoenixkonsole/transcendence/blob/dd79af7319e98f561db9e8b95c23a748985297c4/configure.ac#L1109,dnl Assume libzmq was built for static linking,[],Autotool,4,1109,1109
25193,phoenixkonsole/transcendence,https://github.com/phoenixkonsole/transcendence/blob/dd79af7319e98f561db9e8b95c23a748985297c4/configure.ac#L1127,dnl univalue check,[],Autotool,0,1127,1127
25193,phoenixkonsole/transcendence,https://github.com/phoenixkonsole/transcendence/blob/dd79af7319e98f561db9e8b95c23a748985297c4/configure.ac#L1138,#NOP,[],Autotool,6,1138,1138
25193,phoenixkonsole/transcendence,https://github.com/phoenixkonsole/transcendence/blob/dd79af7319e98f561db9e8b95c23a748985297c4/configure.ac#L1214,dnl bignum value,[],Autotool,0,1214,1214
25193,phoenixkonsole/transcendence,https://github.com/phoenixkonsole/transcendence/blob/dd79af7319e98f561db9e8b95c23a748985297c4/configure.ac#L1240,dnl enable wallet,[],Autotool,0,1240,1240
25193,phoenixkonsole/transcendence,https://github.com/phoenixkonsole/transcendence/blob/dd79af7319e98f561db9e8b95c23a748985297c4/configure.ac#L1250,dnl enable upnp support,[],Autotool,0,1250,1250
25193,phoenixkonsole/transcendence,https://github.com/phoenixkonsole/transcendence/blob/dd79af7319e98f561db9e8b95c23a748985297c4/configure.ac#L1277,dnl these are only used when qt is enabled,[],Autotool,0,1277,1277
25193,phoenixkonsole/transcendence,https://github.com/phoenixkonsole/transcendence/blob/dd79af7319e98f561db9e8b95c23a748985297c4/configure.ac#L1280,dnl enable dbus support,[],Autotool,2,1280,1280
25193,phoenixkonsole/transcendence,https://github.com/phoenixkonsole/transcendence/blob/dd79af7319e98f561db9e8b95c23a748985297c4/configure.ac#L1287,dnl enable qtcharts support,[],Autotool,2,1287,1287
25193,phoenixkonsole/transcendence,https://github.com/phoenixkonsole/transcendence/blob/dd79af7319e98f561db9e8b95c23a748985297c4/configure.ac#L1320,# select bignum implementation,[],Autotool,0,1320,1320
25193,phoenixkonsole/transcendence,https://github.com/phoenixkonsole/transcendence/blob/dd79af7319e98f561db9e8b95c23a748985297c4/configure.ac#L1438,"dnl boost's m4 checks do something really nasty: they export these vars. As a
dnl result, they leak into secp256k1's configure and crazy things happen.
dnl Until this is fixed upstream and we've synced, we'll just un-export them.",[],Autotool,0,1438,1440
25193,phoenixkonsole/transcendence,https://github.com/phoenixkonsole/transcendence/blob/dd79af7319e98f561db9e8b95c23a748985297c4/configure.ac#L1470,dnl Taken from https://wiki.debian.org/RpathIssue,[],Autotool,0,1470,1470
25193,phoenixkonsole/transcendence,https://github.com/phoenixkonsole/transcendence/blob/dd79af7319e98f561db9e8b95c23a748985297c4/configure.ac#L1481,dnl Replace the BUILDDIR path with the correct Windows path if compiling on Native Windows,[],Autotool,0,1481,1481
25193,phoenixkonsole/transcendence,https://github.com/phoenixkonsole/transcendence/blob/dd79af7319e98f561db9e8b95c23a748985297c4/src/secp256k1/configure.ac#L6,#ifndef LIBSECP256K1_CONFIG_H]),[],Autotool,8,6,6
25193,phoenixkonsole/transcendence,https://github.com/phoenixkonsole/transcendence/blob/dd79af7319e98f561db9e8b95c23a748985297c4/src/secp256k1/configure.ac#L7,#define LIBSECP256K1_CONFIG_H]),[],Autotool,8,7,7
25193,phoenixkonsole/transcendence,https://github.com/phoenixkonsole/transcendence/blob/dd79af7319e98f561db9e8b95c23a748985297c4/src/secp256k1/configure.ac#L8,#endif /*LIBSECP256K1_CONFIG_H*/]),[],Autotool,11,8,8
25193,phoenixkonsole/transcendence,https://github.com/phoenixkonsole/transcendence/blob/dd79af7319e98f561db9e8b95c23a748985297c4/src/secp256k1/configure.ac#L12,dnl make the compilation flags quiet unless V=1 is used,[],Autotool,0,12,12
25193,phoenixkonsole/transcendence,https://github.com/phoenixkonsole/transcendence/blob/dd79af7319e98f561db9e8b95c23a748985297c4/src/secp256k1/configure.ac#L39,"dnl These Homebrew packages may be keg-only, meaning that they won't be found
dnl in expected paths because they may conflict with system files. Ask
dnl Homebrew where each one is located, then adjust paths accordingly.",[],Autotool,9,39,41
25193,phoenixkonsole/transcendence,https://github.com/phoenixkonsole/transcendence/blob/dd79af7319e98f561db9e8b95c23a748985297c4/src/secp256k1/configure.ac#L55,"dnl if homebrew isn't installed and macports is, add the macports default paths
dnl as a last resort.",[],Autotool,9,55,56
25193,phoenixkonsole/transcendence,https://github.com/phoenixkonsole/transcendence/blob/dd79af7319e98f561db9e8b95c23a748985297c4/src/secp256k1/configure.ac#L308,# select assembly optimization,[],Autotool,0,308,308
25193,phoenixkonsole/transcendence,https://github.com/phoenixkonsole/transcendence/blob/dd79af7319e98f561db9e8b95c23a748985297c4/src/secp256k1/configure.ac#L325,# select field implementation,[],Autotool,0,325,325
25193,phoenixkonsole/transcendence,https://github.com/phoenixkonsole/transcendence/blob/dd79af7319e98f561db9e8b95c23a748985297c4/src/secp256k1/configure.ac#L338,# select bignum implementation,[],Autotool,0,338,338
25193,phoenixkonsole/transcendence,https://github.com/phoenixkonsole/transcendence/blob/dd79af7319e98f561db9e8b95c23a748985297c4/src/secp256k1/configure.ac#L356,#select scalar implementation,[],Autotool,0,356,356
25193,phoenixkonsole/transcendence,https://github.com/phoenixkonsole/transcendence/blob/dd79af7319e98f561db9e8b95c23a748985297c4/src/secp256k1/configure.ac#L489,dnl make sure nothing new is exported so that we don't break the cache,[],Autotool,0,489,489
25193,phoenixkonsole/transcendence,https://github.com/phoenixkonsole/transcendence/blob/dd79af7319e98f561db9e8b95c23a748985297c4/src/univalue/configure.ac#L5,"# If you need a modifier for the version number. 
# Normally empty, but can be used to make ""fixup"" releases.",[],Autotool,0,5,6
25193,phoenixkonsole/transcendence,https://github.com/phoenixkonsole/transcendence/blob/dd79af7319e98f561db9e8b95c23a748985297c4/src/univalue/configure.ac#L9,dnl libtool versioning from libunivalue,[],Autotool,0,9,9
25193,phoenixkonsole/transcendence,https://github.com/phoenixkonsole/transcendence/blob/dd79af7319e98f561db9e8b95c23a748985297c4/src/univalue/configure.ac#L20,dnl make the compilation flags quiet unless V=1 is used,[],Autotool,0,20,20
25193,phoenixkonsole/transcendence,https://github.com/phoenixkonsole/transcendence/blob/dd79af7319e98f561db9e8b95c23a748985297c4/src/univalue/configure.ac#L35,"# ABI version
# http://www.gnu.org/software/libtool/manual/html_node/Updating-version-info.html",[],Autotool,0,35,36
25193,phoenixkonsole/transcendence,https://github.com/phoenixkonsole/transcendence/blob/dd79af7319e98f561db9e8b95c23a748985297c4/aclocal.m4#L1,# generated automatically by aclocal 1.16.1 -*- Autoconf -*-,[],Autotool,0,1,1
25193,phoenixkonsole/transcendence,https://github.com/phoenixkonsole/transcendence/blob/dd79af7319e98f561db9e8b95c23a748985297c4/aclocal.m4#L3,"# Copyright (C) 1996-2018 Free Software Foundation, Inc.",[],Autotool,0,3,3
25193,phoenixkonsole/transcendence,https://github.com/phoenixkonsole/transcendence/blob/dd79af7319e98f561db9e8b95c23a748985297c4/aclocal.m4#L5,"# This file is free software; the Free Software Foundation
# gives unlimited permission to copy and/or distribute it,
# with or without modifications, as long as this notice is preserved.",[],Autotool,0,5,7
25193,phoenixkonsole/transcendence,https://github.com/phoenixkonsole/transcendence/blob/dd79af7319e98f561db9e8b95c23a748985297c4/aclocal.m4#L9,"# This program is distributed in the hope that it will be useful,
# but WITHOUT ANY WARRANTY, to the extent permitted by law; without
# even the implied warranty of MERCHANTABILITY or FITNESS FOR A
# PARTICULAR PURPOSE.",[],Autotool,0,9,12
25193,phoenixkonsole/transcendence,https://github.com/phoenixkonsole/transcendence/blob/dd79af7319e98f561db9e8b95c23a748985297c4/aclocal.m4#L16,dnl,[],Autotool,57,16,16
25193,phoenixkonsole/transcendence,https://github.com/phoenixkonsole/transcendence/blob/dd79af7319e98f561db9e8b95c23a748985297c4/aclocal.m4#L57,"dnl of pkg.m4 when generating configure.
dnl
dnl To ensure that this macro is defined, also add:
dnl m4_ifndef([PKG_PREREQ],
dnl     [m4_fatal([must install pkg-config 0.29 or later before running autoconf/autogen])])
dnl
dnl See the ""Since"" comment for each macro you use to see what version
dnl of the macros you require.",[],Autotool,0,57,64
25193,phoenixkonsole/transcendence,https://github.com/phoenixkonsole/transcendence/blob/dd79af7319e98f561db9e8b95c23a748985297c4/aclocal.m4#L69,dnl PKG_PREREQ,[],Autotool,2,69,69
25193,phoenixkonsole/transcendence,https://github.com/phoenixkonsole/transcendence/blob/dd79af7319e98f561db9e8b95c23a748985297c4/aclocal.m4#L71,"dnl PKG_PROG_PKG_CONFIG([MIN-VERSION])
dnl ----------------------------------
dnl Since: 0.16
dnl
dnl Search for the pkg-config tool and set the PKG_CONFIG variable to
dnl first found in the path. Checks that the version of pkg-config found
dnl is at least MIN-VERSION. If MIN-VERSION is not specified, 0.9.0 is
dnl used since that's the first version where most current features of
dnl pkg-config existed.",[],Autotool,0,71,79
25193,phoenixkonsole/transcendence,https://github.com/phoenixkonsole/transcendence/blob/dd79af7319e98f561db9e8b95c23a748985297c4/aclocal.m4#L101,dnl PKG_PROG_PKG_CONFIG,[],Autotool,2,101,101
25193,phoenixkonsole/transcendence,https://github.com/phoenixkonsole/transcendence/blob/dd79af7319e98f561db9e8b95c23a748985297c4/aclocal.m4#L103,"dnl PKG_CHECK_EXISTS(MODULES, [ACTION-IF-FOUND], [ACTION-IF-NOT-FOUND])
dnl -------------------------------------------------------------------
dnl Since: 0.18
dnl
dnl Check to see whether a particular set of modules exists. Similar to
dnl PKG_CHECK_MODULES(), but does not set variables or print errors.
dnl
dnl Please remember that m4 expands AC_REQUIRE([PKG_PROG_PKG_CONFIG])
dnl only at the first occurence in configure.ac, so if the first place
dnl it's called might be skipped (such as if it is within an ""if"", you
dnl have to call PKG_CHECK_EXISTS manually",[],Autotool,0,103,113
25193,phoenixkonsole/transcendence,https://github.com/phoenixkonsole/transcendence/blob/dd79af7319e98f561db9e8b95c23a748985297c4/aclocal.m4#L115,dnl,[],Autotool,34,115,115
25193,phoenixkonsole/transcendence,https://github.com/phoenixkonsole/transcendence/blob/dd79af7319e98f561db9e8b95c23a748985297c4/aclocal.m4#L120,dnl,[],Autotool,6,120,120
25193,phoenixkonsole/transcendence,https://github.com/phoenixkonsole/transcendence/blob/dd79af7319e98f561db9e8b95c23a748985297c4/aclocal.m4#L123,"dnl _PKG_CONFIG([VARIABLE], [COMMAND], [MODULES])
dnl ---------------------------------------------
dnl Internal wrapper calling pkg-config via PKG_CONFIG and setting
dnl pkg_failed based on the result.",[],Autotool,0,123,126
25193,phoenixkonsole/transcendence,https://github.com/phoenixkonsole/transcendence/blob/dd79af7319e98f561db9e8b95c23a748985297c4/aclocal.m4#L138,dnl _PKG_CONFIG,[],Autotool,2,138,138
25193,phoenixkonsole/transcendence,https://github.com/phoenixkonsole/transcendence/blob/dd79af7319e98f561db9e8b95c23a748985297c4/aclocal.m4#L140,"dnl _PKG_SHORT_ERRORS_SUPPORTED
dnl ---------------------------
dnl Internal check to see if pkg-config supports short errors.",[],Autotool,0,140,142
25193,phoenixkonsole/transcendence,https://github.com/phoenixkonsole/transcendence/blob/dd79af7319e98f561db9e8b95c23a748985297c4/aclocal.m4#L150,dnl _PKG_SHORT_ERRORS_SUPPORTED,[],Autotool,2,150,150
25193,phoenixkonsole/transcendence,https://github.com/phoenixkonsole/transcendence/blob/dd79af7319e98f561db9e8b95c23a748985297c4/aclocal.m4#L153,"dnl PKG_CHECK_MODULES(VARIABLE-PREFIX, MODULES, [ACTION-IF-FOUND],
dnl   [ACTION-IF-NOT-FOUND])
dnl --------------------------------------------------------------
dnl Since: 0.4.0
dnl
dnl Note that if there is a possibility the first call to
dnl PKG_CHECK_MODULES might not happen, you should be sure to include an
dnl explicit call to PKG_PROG_PKG_CONFIG in your configure.ac",[],Autotool,0,153,160
25193,phoenixkonsole/transcendence,https://github.com/phoenixkonsole/transcendence/blob/dd79af7319e98f561db9e8b95c23a748985297c4/aclocal.m4#L162,dnl,[],Autotool,34,162,162
25193,phoenixkonsole/transcendence,https://github.com/phoenixkonsole/transcendence/blob/dd79af7319e98f561db9e8b95c23a748985297c4/aclocal.m4#L163,dnl,[],Autotool,75,163,163
25193,phoenixkonsole/transcendence,https://github.com/phoenixkonsole/transcendence/blob/dd79af7319e98f561db9e8b95c23a748985297c4/aclocal.m4#L164,dnl,[],Autotool,69,164,164
25193,phoenixkonsole/transcendence,https://github.com/phoenixkonsole/transcendence/blob/dd79af7319e98f561db9e8b95c23a748985297c4/aclocal.m4#L184,# Put the nasty error message in config.log where it belongs,[],Autotool,1,184,184
25193,phoenixkonsole/transcendence,https://github.com/phoenixkonsole/transcendence/blob/dd79af7319e98f561db9e8b95c23a748985297c4/aclocal.m4#L214,dnl PKG_CHECK_MODULES,[],Autotool,2,214,214
25193,phoenixkonsole/transcendence,https://github.com/phoenixkonsole/transcendence/blob/dd79af7319e98f561db9e8b95c23a748985297c4/aclocal.m4#L217,"dnl PKG_CHECK_MODULES_STATIC(VARIABLE-PREFIX, MODULES, [ACTION-IF-FOUND],
dnl   [ACTION-IF-NOT-FOUND])
dnl ---------------------------------------------------------------------
dnl Since: 0.29
dnl
dnl Checks for existence of MODULES and gathers its build flags with
dnl static libraries enabled. Sets VARIABLE-PREFIX_CFLAGS from --cflags
dnl and VARIABLE-PREFIX_LIBS from --libs.
dnl
dnl Note that if there is a possibility the first call to
dnl PKG_CHECK_MODULES_STATIC might not happen, you should be sure to
dnl include an explicit call to PKG_PROG_PKG_CONFIG in your
dnl configure.ac.",[],Autotool,0,217,229
25193,phoenixkonsole/transcendence,https://github.com/phoenixkonsole/transcendence/blob/dd79af7319e98f561db9e8b95c23a748985297c4/aclocal.m4#L231,dnl,[],Autotool,34,231,231
25193,phoenixkonsole/transcendence,https://github.com/phoenixkonsole/transcendence/blob/dd79af7319e98f561db9e8b95c23a748985297c4/aclocal.m4#L236,dnl PKG_CHECK_MODULES_STATIC,[],Autotool,2,236,236
25193,phoenixkonsole/transcendence,https://github.com/phoenixkonsole/transcendence/blob/dd79af7319e98f561db9e8b95c23a748985297c4/aclocal.m4#L239,"dnl PKG_INSTALLDIR([DIRECTORY])
dnl -------------------------
dnl Since: 0.27
dnl
dnl Substitutes the variable pkgconfigdir as the location where a module
dnl should install pkg-config .pc files. By default the directory is
dnl $libdir/pkgconfig, but the default can be changed by passing
dnl DIRECTORY. The user can override through the --with-pkgconfigdir
dnl parameter.",[],Autotool,0,239,247
25193,phoenixkonsole/transcendence,https://github.com/phoenixkonsole/transcendence/blob/dd79af7319e98f561db9e8b95c23a748985297c4/aclocal.m4#L258,dnl PKG_INSTALLDIR,[],Autotool,2,258,258
25193,phoenixkonsole/transcendence,https://github.com/phoenixkonsole/transcendence/blob/dd79af7319e98f561db9e8b95c23a748985297c4/aclocal.m4#L261,"dnl PKG_NOARCH_INSTALLDIR([DIRECTORY])
dnl --------------------------------
dnl Since: 0.27
dnl
dnl Substitutes the variable noarch_pkgconfigdir as the location where a
dnl module should install arch-independent pkg-config .pc files. By
dnl default the directory is $datadir/pkgconfig, but the default can be
dnl changed by passing DIRECTORY. The user can override through the
dnl --with-noarch-pkgconfigdir parameter.",[],Autotool,0,261,269
25193,phoenixkonsole/transcendence,https://github.com/phoenixkonsole/transcendence/blob/dd79af7319e98f561db9e8b95c23a748985297c4/aclocal.m4#L280,dnl PKG_NOARCH_INSTALLDIR,[],Autotool,2,280,280
25193,phoenixkonsole/transcendence,https://github.com/phoenixkonsole/transcendence/blob/dd79af7319e98f561db9e8b95c23a748985297c4/aclocal.m4#L283,"dnl PKG_CHECK_VAR(VARIABLE, MODULE, CONFIG-VARIABLE,
dnl [ACTION-IF-FOUND], [ACTION-IF-NOT-FOUND])
dnl -------------------------------------------
dnl Since: 0.28
dnl
dnl Retrieves the value of the pkg-config variable for the given module.",[],Autotool,0,283,288
25193,phoenixkonsole/transcendence,https://github.com/phoenixkonsole/transcendence/blob/dd79af7319e98f561db9e8b95c23a748985297c4/aclocal.m4#L290,dnl,[],Autotool,34,290,290
25193,phoenixkonsole/transcendence,https://github.com/phoenixkonsole/transcendence/blob/dd79af7319e98f561db9e8b95c23a748985297c4/aclocal.m4#L291,dnl,[],Autotool,61,291,291
25193,phoenixkonsole/transcendence,https://github.com/phoenixkonsole/transcendence/blob/dd79af7319e98f561db9e8b95c23a748985297c4/aclocal.m4#L296,dnl,[],Autotool,33,296,296
25193,phoenixkonsole/transcendence,https://github.com/phoenixkonsole/transcendence/blob/dd79af7319e98f561db9e8b95c23a748985297c4/aclocal.m4#L297,dnl PKG_CHECK_VAR,[],Autotool,2,297,297
25193,phoenixkonsole/transcendence,https://github.com/phoenixkonsole/transcendence/blob/dd79af7319e98f561db9e8b95c23a748985297c4/aclocal.m4#L299,"# Copyright (C) 2002-2018 Free Software Foundation, Inc.
#
# This file is free software; the Free Software Foundation
# gives unlimited permission to copy and/or distribute it,
# with or without modifications, as long as this notice is preserved.",[],Autotool,0,299,303
25193,phoenixkonsole/transcendence,https://github.com/phoenixkonsole/transcendence/blob/dd79af7319e98f561db9e8b95c23a748985297c4/aclocal.m4#L305,"# AM_AUTOMAKE_VERSION(VERSION)
# ----------------------------
# Automake X.Y traces this macro to ensure aclocal.m4 has been
# generated from the m4 files accompanying Automake X.Y.
# (This private macro should not be called outside this file.)",[],Autotool,0,305,309
25193,phoenixkonsole/transcendence,https://github.com/phoenixkonsole/transcendence/blob/dd79af7319e98f561db9e8b95c23a748985297c4/aclocal.m4#L312,"dnl Some users find AM_AUTOMAKE_VERSION and mistake it for a way to
dnl require some minimum version.  Point them to the right macro.",[],Autotool,0,312,313
25193,phoenixkonsole/transcendence,https://github.com/phoenixkonsole/transcendence/blob/dd79af7319e98f561db9e8b95c23a748985297c4/aclocal.m4#L315,dnl,[],Autotool,64,315,315
25193,phoenixkonsole/transcendence,https://github.com/phoenixkonsole/transcendence/blob/dd79af7319e98f561db9e8b95c23a748985297c4/aclocal.m4#L318,"# _AM_AUTOCONF_VERSION(VERSION)
# -----------------------------
# aclocal traces this macro to find the Autoconf version.
# This is a private macro too.  Using m4_define simplifies
# the logic in aclocal, which can simply ignore this definition.",[],Autotool,0,318,322
25193,phoenixkonsole/transcendence,https://github.com/phoenixkonsole/transcendence/blob/dd79af7319e98f561db9e8b95c23a748985297c4/aclocal.m4#L325,"# AM_SET_CURRENT_AUTOMAKE_VERSION
# -------------------------------
# Call AM_AUTOMAKE_VERSION and AM_AUTOMAKE_VERSION so they can be traced.
# This function is AC_REQUIREd by AM_INIT_AUTOMAKE.",[],Autotool,0,325,328
25193,phoenixkonsole/transcendence,https://github.com/phoenixkonsole/transcendence/blob/dd79af7319e98f561db9e8b95c23a748985297c4/aclocal.m4#L330,dnl,[],Autotool,30,330,330
25193,phoenixkonsole/transcendence,https://github.com/phoenixkonsole/transcendence/blob/dd79af7319e98f561db9e8b95c23a748985297c4/aclocal.m4#L332,dnl,[],Autotool,57,332,332
25193,phoenixkonsole/transcendence,https://github.com/phoenixkonsole/transcendence/blob/dd79af7319e98f561db9e8b95c23a748985297c4/aclocal.m4#L335,# AM_AUX_DIR_EXPAND                                         -*- Autoconf -*-,[],Autotool,0,335,335
25193,phoenixkonsole/transcendence,https://github.com/phoenixkonsole/transcendence/blob/dd79af7319e98f561db9e8b95c23a748985297c4/aclocal.m4#L337,"# Copyright (C) 2001-2018 Free Software Foundation, Inc.
#
# This file is free software; the Free Software Foundation
# gives unlimited permission to copy and/or distribute it,
# with or without modifications, as long as this notice is preserved.",[],Autotool,0,337,341
25193,phoenixkonsole/transcendence,https://github.com/phoenixkonsole/transcendence/blob/dd79af7319e98f561db9e8b95c23a748985297c4/aclocal.m4#L343,"# For projects using AC_CONFIG_AUX_DIR([foo]), Autoconf sets
# $ac_aux_dir to '$srcdir/foo'.  In other projects, it is set to
# '$srcdir', '$srcdir/..', or '$srcdir/../..'.
#
# Of course, Automake must honor this variable whenever it calls a
# tool from the auxiliary directory.  The problem is that $srcdir (and
# therefore $ac_aux_dir as well) can be either absolute or relative,
# depending on how configure is run.  This is pretty annoying, since
# it makes $ac_aux_dir quite unusable in subdirectories: in the top
# source directory, any form will work fine, but in subdirectories a
# relative path needs to be adjusted first.
#
# $ac_aux_dir/missing
#    fails when called from a subdirectory if $ac_aux_dir is relative
# $top_srcdir/$ac_aux_dir/missing
#    fails if $ac_aux_dir is absolute,
#    fails when called from a subdirectory in a VPATH build with
#          a relative $ac_aux_dir
#
# The reason of the latter failure is that $top_srcdir and $ac_aux_dir
# are both prefixed by $srcdir.  In an in-source build this is usually
# harmless because $srcdir is '.', but things will broke when you
# start a VPATH build or use an absolute $srcdir.
#
# So we could use something similar to $top_srcdir/$ac_aux_dir/missing,
# iff we strip the leading $srcdir from $ac_aux_dir.  That would be:
#   am_aux_dir='\$(top_srcdir)/'`expr ""$ac_aux_dir"" : ""$srcdir//*\(.*\)""`
# and then we would define $MISSING as
#   MISSING=""\${SHELL} $am_aux_dir/missing""
# This will work as long as MISSING is not called from configure, because
# unfortunately $(top_srcdir) has no meaning in configure.
# However there are other variables, like CC, which are often used in
# configure, and could therefore not use this ""fixed"" $ac_aux_dir.
#
# Another solution, used here, is to always expand $ac_aux_dir to an
# absolute PATH.  The drawback is that using absolute paths prevent a
# configured tree to be moved without reconfiguration.",[],Autotool,0,343,379
25193,phoenixkonsole/transcendence,https://github.com/phoenixkonsole/transcendence/blob/dd79af7319e98f561db9e8b95c23a748985297c4/aclocal.m4#L382,dnl,[],Autotool,40,382,382
25193,phoenixkonsole/transcendence,https://github.com/phoenixkonsole/transcendence/blob/dd79af7319e98f561db9e8b95c23a748985297c4/aclocal.m4#L383,# Expand $ac_aux_dir to an absolute path.,[],Autotool,0,383,383
25193,phoenixkonsole/transcendence,https://github.com/phoenixkonsole/transcendence/blob/dd79af7319e98f561db9e8b95c23a748985297c4/aclocal.m4#L387,# AM_CONDITIONAL                                            -*- Autoconf -*-,[],Autotool,0,387,387
25193,phoenixkonsole/transcendence,https://github.com/phoenixkonsole/transcendence/blob/dd79af7319e98f561db9e8b95c23a748985297c4/aclocal.m4#L389,"# Copyright (C) 1997-2018 Free Software Foundation, Inc.
#
# This file is free software; the Free Software Foundation
# gives unlimited permission to copy and/or distribute it,
# with or without modifications, as long as this notice is preserved.",[],Autotool,0,389,393
25193,phoenixkonsole/transcendence,https://github.com/phoenixkonsole/transcendence/blob/dd79af7319e98f561db9e8b95c23a748985297c4/aclocal.m4#L395,"# AM_CONDITIONAL(NAME, SHELL-CONDITION)
# -------------------------------------
# Define a conditional.",[],Autotool,0,395,397
25193,phoenixkonsole/transcendence,https://github.com/phoenixkonsole/transcendence/blob/dd79af7319e98f561db9e8b95c23a748985297c4/aclocal.m4#L399,dnl,[],Autotool,18,399,399
25193,phoenixkonsole/transcendence,https://github.com/phoenixkonsole/transcendence/blob/dd79af7319e98f561db9e8b95c23a748985297c4/aclocal.m4#L401,dnl,[],Autotool,62,401,401
25193,phoenixkonsole/transcendence,https://github.com/phoenixkonsole/transcendence/blob/dd79af7319e98f561db9e8b95c23a748985297c4/aclocal.m4#L402,dnl,[],Autotool,19,402,402
25193,phoenixkonsole/transcendence,https://github.com/phoenixkonsole/transcendence/blob/dd79af7319e98f561db9e8b95c23a748985297c4/aclocal.m4#L403,dnl,[],Autotool,20,403,403
25193,phoenixkonsole/transcendence,https://github.com/phoenixkonsole/transcendence/blob/dd79af7319e98f561db9e8b95c23a748985297c4/aclocal.m4#L404,dnl,[],Autotool,28,404,404
25193,phoenixkonsole/transcendence,https://github.com/phoenixkonsole/transcendence/blob/dd79af7319e98f561db9e8b95c23a748985297c4/aclocal.m4#L405,dnl,[],Autotool,29,405,405
25193,phoenixkonsole/transcendence,https://github.com/phoenixkonsole/transcendence/blob/dd79af7319e98f561db9e8b95c23a748985297c4/aclocal.m4#L406,dnl,[],Autotool,36,406,406
25193,phoenixkonsole/transcendence,https://github.com/phoenixkonsole/transcendence/blob/dd79af7319e98f561db9e8b95c23a748985297c4/aclocal.m4#L409,#',[],Autotool,12,409,409
25193,phoenixkonsole/transcendence,https://github.com/phoenixkonsole/transcendence/blob/dd79af7319e98f561db9e8b95c23a748985297c4/aclocal.m4#L411,#',[],Autotool,11,411,411
25193,phoenixkonsole/transcendence,https://github.com/phoenixkonsole/transcendence/blob/dd79af7319e98f561db9e8b95c23a748985297c4/aclocal.m4#L420,"# Copyright (C) 1999-2018 Free Software Foundation, Inc.
#
# This file is free software; the Free Software Foundation
# gives unlimited permission to copy and/or distribute it,
# with or without modifications, as long as this notice is preserved.",[],Autotool,0,420,424
25193,phoenixkonsole/transcendence,https://github.com/phoenixkonsole/transcendence/blob/dd79af7319e98f561db9e8b95c23a748985297c4/aclocal.m4#L427,"# There are a few dirty hacks below to avoid letting 'AC_PROG_CC' be
# written in clear, in which case automake, when reading aclocal.m4,
# will think it sees a *use*, and therefore will trigger all it's
# C support machinery.  Also note that it means that autoscan, seeing
# CC etc. in the Makefile, will ask for an AC_PROG_CC use...",[],Autotool,0,427,431
25193,phoenixkonsole/transcendence,https://github.com/phoenixkonsole/transcendence/blob/dd79af7319e98f561db9e8b95c23a748985297c4/aclocal.m4#L434,"# _AM_DEPENDENCIES(NAME)
# ----------------------
# See how the compiler implements dependency checking.
# NAME is ""CC"", ""CXX"", ""OBJC"", ""OBJCXX"", ""UPC"", or ""GJC"".
# We try a few techniques and use that to set a single cache variable.
#
# We don't AC_REQUIRE the corresponding AC_PROG_CC since the latter was
# modified to invoke _AM_DEPENDENCIES(CC); we would have a circular
# dependency, and given that the user is not expected to run this macro,
# just rely on AC_PROG_CC.",[],Autotool,0,434,443
25193,phoenixkonsole/transcendence,https://github.com/phoenixkonsole/transcendence/blob/dd79af7319e98f561db9e8b95c23a748985297c4/aclocal.m4#L445,dnl,[],Autotool,28,445,445
25193,phoenixkonsole/transcendence,https://github.com/phoenixkonsole/transcendence/blob/dd79af7319e98f561db9e8b95c23a748985297c4/aclocal.m4#L446,dnl,[],Autotool,43,446,446
25193,phoenixkonsole/transcendence,https://github.com/phoenixkonsole/transcendence/blob/dd79af7319e98f561db9e8b95c23a748985297c4/aclocal.m4#L447,dnl,[],Autotool,29,447,447
25193,phoenixkonsole/transcendence,https://github.com/phoenixkonsole/transcendence/blob/dd79af7319e98f561db9e8b95c23a748985297c4/aclocal.m4#L448,dnl,[],Autotool,26,448,448
25193,phoenixkonsole/transcendence,https://github.com/phoenixkonsole/transcendence/blob/dd79af7319e98f561db9e8b95c23a748985297c4/aclocal.m4#L461,"# We make a subdir and do the tests there.  Otherwise we can end up
# making bogus files that we don't know about and never remove.  For
# instance it was reported that on HP-UX the gcc test will end up
# making a dummy file named 'D' -- because '-MD' means ""put the output
# in D"".",[],Autotool,2,461,465
25193,phoenixkonsole/transcendence,https://github.com/phoenixkonsole/transcendence/blob/dd79af7319e98f561db9e8b95c23a748985297c4/aclocal.m4#L468,"# Copy depcomp to subdir because otherwise we won't find it if we're
# using a relative directory.",[],Autotool,2,468,469
25193,phoenixkonsole/transcendence,https://github.com/phoenixkonsole/transcendence/blob/dd79af7319e98f561db9e8b95c23a748985297c4/aclocal.m4#L472,"# We will build objects and dependencies in a subdirectory because
# it helps to detect inapplicable dependency modes.  For instance
# both Tru64's cc and ICC support -MD to output dependencies as a
# side effect of compilation, but ICC will put the dependencies in
# the current directory while Tru64 will put them in the object
# directory.",[],Autotool,2,472,477
25193,phoenixkonsole/transcendence,https://github.com/phoenixkonsole/transcendence/blob/dd79af7319e98f561db9e8b95c23a748985297c4/aclocal.m4#L482,#*\([a-zA-Z0-9]*\))$/\1/p'] < ./depcomp`,[],Autotool,35,482,482
25193,phoenixkonsole/transcendence,https://github.com/phoenixkonsole/transcendence/blob/dd79af7319e98f561db9e8b95c23a748985297c4/aclocal.m4#L486,#(,[],Autotool,24,486,486
25193,phoenixkonsole/transcendence,https://github.com/phoenixkonsole/transcendence/blob/dd79af7319e98f561db9e8b95c23a748985297c4/aclocal.m4#L490,#(,[],Autotool,24,490,490
25193,phoenixkonsole/transcendence,https://github.com/phoenixkonsole/transcendence/blob/dd79af7319e98f561db9e8b95c23a748985297c4/aclocal.m4#L495,"# Setup a source with many dependencies, because some compilers
# like to wrap large dependency lists on column 80 (with \), and
# we should not choose a depcomp mode which is confused by this.
#
# We need to recreate these files for each test, as the compiler may
# overwrite some of them when testing with obscure command lines.
# This happens at least with the AIX C compiler.",[],Autotool,4,495,501
25193,phoenixkonsole/transcendence,https://github.com/phoenixkonsole/transcendence/blob/dd79af7319e98f561db9e8b95c23a748985297c4/aclocal.m4#L504,"#include ""conftst'$i'.h""' >> sub/conftest.c",[],Autotool,12,504,504
25193,phoenixkonsole/transcendence,https://github.com/phoenixkonsole/transcendence/blob/dd79af7319e98f561db9e8b95c23a748985297c4/aclocal.m4#L505,"# Using "": > sub/conftst$i.h"" creates only sub/conftst1.h with
# Solaris 10 /bin/sh.",[],Autotool,6,505,506
25193,phoenixkonsole/transcendence,https://github.com/phoenixkonsole/transcendence/blob/dd79af7319e98f561db9e8b95c23a748985297c4/aclocal.m4#L511,"# We check with '-c' and '-o' for the sake of the ""dashmstdout""
# mode.  It turns out that the SunPro C++ compiler does not properly
# handle '-M -o', and we need to detect this.  Also, some Intel
# versions had trouble with output in subdirs.",[],Autotool,4,511,514
25193,phoenixkonsole/transcendence,https://github.com/phoenixkonsole/transcendence/blob/dd79af7319e98f561db9e8b95c23a748985297c4/aclocal.m4#L519,# This depmode causes a compiler race in universal mode.,[],Autotool,6,519,519
25193,phoenixkonsole/transcendence,https://github.com/phoenixkonsole/transcendence/blob/dd79af7319e98f561db9e8b95c23a748985297c4/aclocal.m4#L523,"# After this tag, mechanisms are not by side-effect, so they'll
# only be used when explicitly requested.",[],Autotool,6,523,524
25193,phoenixkonsole/transcendence,https://github.com/phoenixkonsole/transcendence/blob/dd79af7319e98f561db9e8b95c23a748985297c4/aclocal.m4#L532,"# This compiler won't grok '-c -o', but also, the minuso test has
# not run yet.  These depmodes are late enough in the game, and
# so weak that their functioning should not be impacted.",[],Autotool,6,532,534
25193,phoenixkonsole/transcendence,https://github.com/phoenixkonsole/transcendence/blob/dd79af7319e98f561db9e8b95c23a748985297c4/aclocal.m4#L549,"# icc doesn't choke on unknown options, it will just issue warnings
# or remarks (even with -Werror).  So we grep stderr for any message
# that says an option was ignored or not supported.
# When given -MP, icc 7.0 and 7.1 complain thusly:
#   icc: Command line warning: ignoring option '-M'; no argument required
# The diagnosis changed in icc 8.0:
#   icc: Command line remark: option '-MP' not supported",[],Autotool,6,549,555
25193,phoenixkonsole/transcendence,https://github.com/phoenixkonsole/transcendence/blob/dd79af7319e98f561db9e8b95c23a748985297c4/aclocal.m4#L577,"# AM_SET_DEPDIR
# -------------
# Choose a directory name for dependency files.
# This macro is AC_REQUIREd in _AM_DEPENDENCIES.",[],Autotool,0,577,580
25193,phoenixkonsole/transcendence,https://github.com/phoenixkonsole/transcendence/blob/dd79af7319e98f561db9e8b95c23a748985297c4/aclocal.m4#L582,dnl,[],Autotool,33,582,582
25193,phoenixkonsole/transcendence,https://github.com/phoenixkonsole/transcendence/blob/dd79af7319e98f561db9e8b95c23a748985297c4/aclocal.m4#L583,dnl,[],Autotool,46,583,583
25193,phoenixkonsole/transcendence,https://github.com/phoenixkonsole/transcendence/blob/dd79af7319e98f561db9e8b95c23a748985297c4/aclocal.m4#L587,"# AM_DEP_TRACK
# ------------",[],Autotool,0,587,588
25193,phoenixkonsole/transcendence,https://github.com/phoenixkonsole/transcendence/blob/dd79af7319e98f561db9e8b95c23a748985297c4/aclocal.m4#L603,dnl,[],Autotool,26,603,603
25193,phoenixkonsole/transcendence,https://github.com/phoenixkonsole/transcendence/blob/dd79af7319e98f561db9e8b95c23a748985297c4/aclocal.m4#L604,dnl,[],Autotool,35,604,604
25193,phoenixkonsole/transcendence,https://github.com/phoenixkonsole/transcendence/blob/dd79af7319e98f561db9e8b95c23a748985297c4/aclocal.m4#L605,dnl,[],Autotool,21,605,605
25193,phoenixkonsole/transcendence,https://github.com/phoenixkonsole/transcendence/blob/dd79af7319e98f561db9e8b95c23a748985297c4/aclocal.m4#L606,dnl,[],Autotool,30,606,606
25193,phoenixkonsole/transcendence,https://github.com/phoenixkonsole/transcendence/blob/dd79af7319e98f561db9e8b95c23a748985297c4/aclocal.m4#L609,# Generate code to set up dependency tracking.              -*- Autoconf -*-,[],Autotool,0,609,609
25193,phoenixkonsole/transcendence,https://github.com/phoenixkonsole/transcendence/blob/dd79af7319e98f561db9e8b95c23a748985297c4/aclocal.m4#L611,"# Copyright (C) 1999-2018 Free Software Foundation, Inc.
#
# This file is free software; the Free Software Foundation
# gives unlimited permission to copy and/or distribute it,
# with or without modifications, as long as this notice is preserved.",[],Autotool,0,611,615
25193,phoenixkonsole/transcendence,https://github.com/phoenixkonsole/transcendence/blob/dd79af7319e98f561db9e8b95c23a748985297c4/aclocal.m4#L617,"# _AM_OUTPUT_DEPENDENCY_COMMANDS
# ------------------------------",[],Autotool,0,617,618
25193,phoenixkonsole/transcendence,https://github.com/phoenixkonsole/transcendence/blob/dd79af7319e98f561db9e8b95c23a748985297c4/aclocal.m4#L630,# Used to flag and report bootstrapping failures.,[],Autotool,2,630,630
25193,phoenixkonsole/transcendence,https://github.com/phoenixkonsole/transcendence/blob/dd79af7319e98f561db9e8b95c23a748985297c4/aclocal.m4#L634,# Strip MF so we end up with the name of the file.,[],Autotool,4,634,634
25193,phoenixkonsole/transcendence,https://github.com/phoenixkonsole/transcendence/blob/dd79af7319e98f561db9e8b95c23a748985297c4/aclocal.m4#L669,# order to bootstrap the dependency handling code.,[],Autotool,0,669,669
25193,phoenixkonsole/transcendence,https://github.com/phoenixkonsole/transcendence/blob/dd79af7319e98f561db9e8b95c23a748985297c4/aclocal.m4#L675,# Do all the work for Automake.                             -*- Autoconf -*-,[],Autotool,0,675,675
25193,phoenixkonsole/transcendence,https://github.com/phoenixkonsole/transcendence/blob/dd79af7319e98f561db9e8b95c23a748985297c4/aclocal.m4#L677,"# Copyright (C) 1996-2018 Free Software Foundation, Inc.
#
# This file is free software; the Free Software Foundation
# gives unlimited permission to copy and/or distribute it,
# with or without modifications, as long as this notice is preserved.",[],Autotool,0,677,681
25193,phoenixkonsole/transcendence,https://github.com/phoenixkonsole/transcendence/blob/dd79af7319e98f561db9e8b95c23a748985297c4/aclocal.m4#L683,"# This macro actually does too much.  Some checks are only needed if
# your package does certain things.  But this isn't really a big deal.",[],Autotool,0,683,684
25193,phoenixkonsole/transcendence,https://github.com/phoenixkonsole/transcendence/blob/dd79af7319e98f561db9e8b95c23a748985297c4/aclocal.m4#L686,dnl Redefine AC_PROG_CC to automatically invoke _AM_PROG_CC_C_O.,[],Autotool,0,686,686
25193,phoenixkonsole/transcendence,https://github.com/phoenixkonsole/transcendence/blob/dd79af7319e98f561db9e8b95c23a748985297c4/aclocal.m4#L692,"# AM_INIT_AUTOMAKE(PACKAGE, VERSION, [NO-DEFINE])
# AM_INIT_AUTOMAKE([OPTIONS])
# -----------------------------------------------
# The call with PACKAGE and VERSION arguments is the old style
# call (pre autoconf-2.50), which is being phased out.  PACKAGE
# and VERSION should now be passed to AC_INIT and removed from
# the call to AM_INIT_AUTOMAKE.
# We support both call styles for the transition.  After
# the next Automake release, Autoconf can make the AC_INIT
# arguments mandatory, and then we can depend on a new Autoconf
# release and drop the old call support.",[],Autotool,0,692,702
25193,phoenixkonsole/transcendence,https://github.com/phoenixkonsole/transcendence/blob/dd79af7319e98f561db9e8b95c23a748985297c4/aclocal.m4#L704,dnl,[],Autotool,18,704,704
25193,phoenixkonsole/transcendence,https://github.com/phoenixkonsole/transcendence/blob/dd79af7319e98f561db9e8b95c23a748985297c4/aclocal.m4#L705,"dnl Autoconf wants to disallow AM_ names.  We explicitly allow
dnl the ones we care about.",[],Autotool,0,705,706
25193,phoenixkonsole/transcendence,https://github.com/phoenixkonsole/transcendence/blob/dd79af7319e98f561db9e8b95c23a748985297c4/aclocal.m4#L707,dnl,[],Autotool,36,707,707
25193,phoenixkonsole/transcendence,https://github.com/phoenixkonsole/transcendence/blob/dd79af7319e98f561db9e8b95c23a748985297c4/aclocal.m4#L708,dnl,[],Autotool,45,708,708
25193,phoenixkonsole/transcendence,https://github.com/phoenixkonsole/transcendence/blob/dd79af7319e98f561db9e8b95c23a748985297c4/aclocal.m4#L709,dnl,[],Autotool,29,709,709
25193,phoenixkonsole/transcendence,https://github.com/phoenixkonsole/transcendence/blob/dd79af7319e98f561db9e8b95c23a748985297c4/aclocal.m4#L711,"# Use -I$(srcdir) only when $(srcdir) != ., so that make's output
# is not polluted with repeated ""-I.""",[],Autotool,2,711,712
25193,phoenixkonsole/transcendence,https://github.com/phoenixkonsole/transcendence/blob/dd79af7319e98f561db9e8b95c23a748985297c4/aclocal.m4#L713,dnl,[],Autotool,69,713,713
25193,phoenixkonsole/transcendence,https://github.com/phoenixkonsole/transcendence/blob/dd79af7319e98f561db9e8b95c23a748985297c4/aclocal.m4#L714,# test to see if srcdir already configured,[],Autotool,2,714,714
25193,phoenixkonsole/transcendence,https://github.com/phoenixkonsole/transcendence/blob/dd79af7319e98f561db9e8b95c23a748985297c4/aclocal.m4#L720,# test whether we have cygpath,[],Autotool,0,720,720
25193,phoenixkonsole/transcendence,https://github.com/phoenixkonsole/transcendence/blob/dd79af7319e98f561db9e8b95c23a748985297c4/aclocal.m4#L730,# Define the identity of the package.,[],Autotool,0,730,730
25193,phoenixkonsole/transcendence,https://github.com/phoenixkonsole/transcendence/blob/dd79af7319e98f561db9e8b95c23a748985297c4/aclocal.m4#L731,dnl Distinguish between old-style and new-style calls.,[],Autotool,0,731,731
25193,phoenixkonsole/transcendence,https://github.com/phoenixkonsole/transcendence/blob/dd79af7319e98f561db9e8b95c23a748985297c4/aclocal.m4#L735,dnl,[],Autotool,45,735,735
25193,phoenixkonsole/transcendence,https://github.com/phoenixkonsole/transcendence/blob/dd79af7319e98f561db9e8b95c23a748985297c4/aclocal.m4#L736,dnl,[],Autotool,26,736,736
25193,phoenixkonsole/transcendence,https://github.com/phoenixkonsole/transcendence/blob/dd79af7319e98f561db9e8b95c23a748985297c4/aclocal.m4#L738,dnl,[],Autotool,22,738,738
25193,phoenixkonsole/transcendence,https://github.com/phoenixkonsole/transcendence/blob/dd79af7319e98f561db9e8b95c23a748985297c4/aclocal.m4#L739,dnl Diagnose old-style AC_INIT with new-style AM_AUTOMAKE_INIT.,[],Autotool,0,739,739
25193,phoenixkonsole/transcendence,https://github.com/phoenixkonsole/transcendence/blob/dd79af7319e98f561db9e8b95c23a748985297c4/aclocal.m4#L743,dnl,[],Autotool,76,743,743
25193,phoenixkonsole/transcendence,https://github.com/phoenixkonsole/transcendence/blob/dd79af7319e98f561db9e8b95c23a748985297c4/aclocal.m4#L744,dnl,[],Autotool,44,744,744
25193,phoenixkonsole/transcendence,https://github.com/phoenixkonsole/transcendence/blob/dd79af7319e98f561db9e8b95c23a748985297c4/aclocal.m4#L745,dnl,[],Autotool,46,745,745
25193,phoenixkonsole/transcendence,https://github.com/phoenixkonsole/transcendence/blob/dd79af7319e98f561db9e8b95c23a748985297c4/aclocal.m4#L749,dnl,[],Autotool,75,749,749
25193,phoenixkonsole/transcendence,https://github.com/phoenixkonsole/transcendence/blob/dd79af7319e98f561db9e8b95c23a748985297c4/aclocal.m4#L751,# Some tools Automake needs.,[],Autotool,0,751,751
25193,phoenixkonsole/transcendence,https://github.com/phoenixkonsole/transcendence/blob/dd79af7319e98f561db9e8b95c23a748985297c4/aclocal.m4#L752,dnl,[],Autotool,29,752,752
25193,phoenixkonsole/transcendence,https://github.com/phoenixkonsole/transcendence/blob/dd79af7319e98f561db9e8b95c23a748985297c4/aclocal.m4#L753,dnl,[],Autotool,28,753,753
25193,phoenixkonsole/transcendence,https://github.com/phoenixkonsole/transcendence/blob/dd79af7319e98f561db9e8b95c23a748985297c4/aclocal.m4#L759,dnl,[],Autotool,32,759,759
25193,phoenixkonsole/transcendence,https://github.com/phoenixkonsole/transcendence/blob/dd79af7319e98f561db9e8b95c23a748985297c4/aclocal.m4#L760,dnl,[],Autotool,35,760,760
25193,phoenixkonsole/transcendence,https://github.com/phoenixkonsole/transcendence/blob/dd79af7319e98f561db9e8b95c23a748985297c4/aclocal.m4#L761,dnl,[],Autotool,29,761,761
25193,phoenixkonsole/transcendence,https://github.com/phoenixkonsole/transcendence/blob/dd79af7319e98f561db9e8b95c23a748985297c4/aclocal.m4#L762,"# For better backward compatibility.  To be removed once Automake 1.9.x
# dies out for good.  For more background, see:
# <https://lists.gnu.org/archive/html/automake/2012-07/msg00001.html>
# <https://lists.gnu.org/archive/html/automake/2012-07/msg00014.html>",[],Autotool,0,762,765
25193,phoenixkonsole/transcendence,https://github.com/phoenixkonsole/transcendence/blob/dd79af7319e98f561db9e8b95c23a748985297c4/aclocal.m4#L767,"# We need awk for the ""check"" target (and possibly the TAP driver).  The
# system ""awk"" is bad on some platforms.",[],Autotool,0,767,768
25193,phoenixkonsole/transcendence,https://github.com/phoenixkonsole/transcendence/blob/dd79af7319e98f561db9e8b95c23a748985297c4/aclocal.m4#L769,dnl,[],Autotool,25,769,769
25193,phoenixkonsole/transcendence,https://github.com/phoenixkonsole/transcendence/blob/dd79af7319e98f561db9e8b95c23a748985297c4/aclocal.m4#L770,dnl,[],Autotool,30,770,770
25193,phoenixkonsole/transcendence,https://github.com/phoenixkonsole/transcendence/blob/dd79af7319e98f561db9e8b95c23a748985297c4/aclocal.m4#L771,dnl,[],Autotool,32,771,771
25193,phoenixkonsole/transcendence,https://github.com/phoenixkonsole/transcendence/blob/dd79af7319e98f561db9e8b95c23a748985297c4/aclocal.m4#L779,dnl,[],Autotool,56,779,779
25193,phoenixkonsole/transcendence,https://github.com/phoenixkonsole/transcendence/blob/dd79af7319e98f561db9e8b95c23a748985297c4/aclocal.m4#L783,dnl,[],Autotool,58,783,783
25193,phoenixkonsole/transcendence,https://github.com/phoenixkonsole/transcendence/blob/dd79af7319e98f561db9e8b95c23a748985297c4/aclocal.m4#L787,dnl,[],Autotool,60,787,787
25193,phoenixkonsole/transcendence,https://github.com/phoenixkonsole/transcendence/blob/dd79af7319e98f561db9e8b95c23a748985297c4/aclocal.m4#L791,dnl,[],Autotool,64,791,791
25193,phoenixkonsole/transcendence,https://github.com/phoenixkonsole/transcendence/blob/dd79af7319e98f561db9e8b95c23a748985297c4/aclocal.m4#L793,dnl,[],Autotool,29,793,793
25193,phoenixkonsole/transcendence,https://github.com/phoenixkonsole/transcendence/blob/dd79af7319e98f561db9e8b95c23a748985297c4/aclocal.m4#L794,"dnl The testsuite driver may need to know about EXEEXT, so add the
dnl 'am__EXEEXT' conditional if _AM_COMPILER_EXEEXT was seen.  This
dnl macro is hooked onto _AC_COMPILER_EXEEXT early, see below.",[],Autotool,0,794,796
25193,phoenixkonsole/transcendence,https://github.com/phoenixkonsole/transcendence/blob/dd79af7319e98f561db9e8b95c23a748985297c4/aclocal.m4#L797,dnl,[],Autotool,23,797,797
25193,phoenixkonsole/transcendence,https://github.com/phoenixkonsole/transcendence/blob/dd79af7319e98f561db9e8b95c23a748985297c4/aclocal.m4#L799,dnl,[],Autotool,56,799,799
25193,phoenixkonsole/transcendence,https://github.com/phoenixkonsole/transcendence/blob/dd79af7319e98f561db9e8b95c23a748985297c4/aclocal.m4#L801,"# POSIX will say in a future version that running ""rm -f"" with no argument
# is OK; and we want to be able to make that assumption in our Makefile
# recipes.  So use an aggressive probe to check that the usage we want is
# actually supported ""in the wild"" to an acceptable degree.
# See automake bug#10828.
# To make any issue more visible, cause the running configure to be aborted
# by default if the 'rm' program in use doesn't match our expectations; the
# user can still override this though.",[],Autotool,0,801,808
25193,phoenixkonsole/transcendence,https://github.com/phoenixkonsole/transcendence/blob/dd79af7319e98f561db9e8b95c23a748985297c4/aclocal.m4#L874,"# Copyright (C) 2001-2018 Free Software Foundation, Inc.
#
# This file is free software; the Free Software Foundation
# gives unlimited permission to copy and/or distribute it,
# with or without modifications, as long as this notice is preserved.",[],Autotool,0,874,878
25193,phoenixkonsole/transcendence,https://github.com/phoenixkonsole/transcendence/blob/dd79af7319e98f561db9e8b95c23a748985297c4/aclocal.m4#L880,"# AM_PROG_INSTALL_SH
# ------------------
# Define $install_sh.",[],Autotool,0,880,882
25193,phoenixkonsole/transcendence,https://github.com/phoenixkonsole/transcendence/blob/dd79af7319e98f561db9e8b95c23a748985297c4/aclocal.m4#L884,dnl,[],Autotool,32,884,884
25193,phoenixkonsole/transcendence,https://github.com/phoenixkonsole/transcendence/blob/dd79af7319e98f561db9e8b95c23a748985297c4/aclocal.m4#L895,"# Copyright (C) 2003-2018 Free Software Foundation, Inc.
#
# This file is free software; the Free Software Foundation
# gives unlimited permission to copy and/or distribute it,
# with or without modifications, as long as this notice is preserved.",[],Autotool,0,895,899
25193,phoenixkonsole/transcendence,https://github.com/phoenixkonsole/transcendence/blob/dd79af7319e98f561db9e8b95c23a748985297c4/aclocal.m4#L901,"# Check whether the underlying file-system supports filenames
# with a leading dot.  For instance MS-DOS doesn't.",[],Autotool,0,901,902
25193,phoenixkonsole/transcendence,https://github.com/phoenixkonsole/transcendence/blob/dd79af7319e98f561db9e8b95c23a748985297c4/aclocal.m4#L914,"# Add --enable-maintainer-mode option to configure.         -*- Autoconf -*-
# From Jim Meyering",[],Autotool,0,914,915
25193,phoenixkonsole/transcendence,https://github.com/phoenixkonsole/transcendence/blob/dd79af7319e98f561db9e8b95c23a748985297c4/aclocal.m4#L917,"# Copyright (C) 1996-2018 Free Software Foundation, Inc.
#
# This file is free software; the Free Software Foundation
# gives unlimited permission to copy and/or distribute it,
# with or without modifications, as long as this notice is preserved.",[],Autotool,0,917,921
25193,phoenixkonsole/transcendence,https://github.com/phoenixkonsole/transcendence/blob/dd79af7319e98f561db9e8b95c23a748985297c4/aclocal.m4#L923,"# AM_MAINTAINER_MODE([DEFAULT-MODE])
# ----------------------------------
# Control maintainer-specific portions of Makefiles.
# Default is to disable them, unless 'enable' is passed literally.
# For symmetry, 'disable' may be passed as well.  Anyway, the user
# can override the default with the --enable/--disable switch.",[],Autotool,0,923,928
25193,phoenixkonsole/transcendence,https://github.com/phoenixkonsole/transcendence/blob/dd79af7319e98f561db9e8b95c23a748985297c4/aclocal.m4#L936,dnl maintainer-mode's default is 'disable' unless 'enable' is passed,[],Autotool,2,936,936
25193,phoenixkonsole/transcendence,https://github.com/phoenixkonsole/transcendence/blob/dd79af7319e98f561db9e8b95c23a748985297c4/aclocal.m4#L946,dnl,[],Autotool,19,946,946
25193,phoenixkonsole/transcendence,https://github.com/phoenixkonsole/transcendence/blob/dd79af7319e98f561db9e8b95c23a748985297c4/aclocal.m4#L950,# Check to see how 'make' treats includes.	            -*- Autoconf -*-,[],Autotool,0,950,950
25193,phoenixkonsole/transcendence,https://github.com/phoenixkonsole/transcendence/blob/dd79af7319e98f561db9e8b95c23a748985297c4/aclocal.m4#L952,"# Copyright (C) 2001-2018 Free Software Foundation, Inc.
#
# This file is free software; the Free Software Foundation
# gives unlimited permission to copy and/or distribute it,
# with or without modifications, as long as this notice is preserved.",[],Autotool,0,952,956
25193,phoenixkonsole/transcendence,https://github.com/phoenixkonsole/transcendence/blob/dd79af7319e98f561db9e8b95c23a748985297c4/aclocal.m4#L958,"# AM_MAKE_INCLUDE()
# -----------------
# Check whether make has an 'include' directive that can support all
# the idioms we need for our automatic dependency tracking code.",[],Autotool,0,958,961
25193,phoenixkonsole/transcendence,https://github.com/phoenixkonsole/transcendence/blob/dd79af7319e98f561db9e8b95c23a748985297c4/aclocal.m4#L971,# BSD make does it like this.,[],Autotool,0,971,971
25193,phoenixkonsole/transcendence,https://github.com/phoenixkonsole/transcendence/blob/dd79af7319e98f561db9e8b95c23a748985297c4/aclocal.m4#L972,# ignored' > confmf.BSD,[],Autotool,28,972,972
25193,phoenixkonsole/transcendence,https://github.com/phoenixkonsole/transcendence/blob/dd79af7319e98f561db9e8b95c23a748985297c4/aclocal.m4#L973,"# Other make implementations (GNU, Solaris 10, AIX) do it like this.",[],Autotool,0,973,973
25193,phoenixkonsole/transcendence,https://github.com/phoenixkonsole/transcendence/blob/dd79af7319e98f561db9e8b95c23a748985297c4/aclocal.m4#L983,"#""; then",[],Autotool,29,983,983
25193,phoenixkonsole/transcendence,https://github.com/phoenixkonsole/transcendence/blob/dd79af7319e98f561db9e8b95c23a748985297c4/aclocal.m4#L993,# Fake the existence of programs that GNU maintainers use.  -*- Autoconf -*-,[],Autotool,0,993,993
25193,phoenixkonsole/transcendence,https://github.com/phoenixkonsole/transcendence/blob/dd79af7319e98f561db9e8b95c23a748985297c4/aclocal.m4#L995,"# Copyright (C) 1997-2018 Free Software Foundation, Inc.
#
# This file is free software; the Free Software Foundation
# gives unlimited permission to copy and/or distribute it,
# with or without modifications, as long as this notice is preserved.",[],Autotool,0,995,999
25193,phoenixkonsole/transcendence,https://github.com/phoenixkonsole/transcendence/blob/dd79af7319e98f561db9e8b95c23a748985297c4/aclocal.m4#L1001,"# AM_MISSING_PROG(NAME, PROGRAM)
# ------------------------------",[],Autotool,0,1001,1002
25193,phoenixkonsole/transcendence,https://github.com/phoenixkonsole/transcendence/blob/dd79af7319e98f561db9e8b95c23a748985297c4/aclocal.m4#L1008,"# AM_MISSING_HAS_RUN
# ------------------
# Define MISSING if not defined so far and test if it is modern enough.
# If it is, set am_missing_run to use it, otherwise, to nothing.",[],Autotool,0,1008,1011
25193,phoenixkonsole/transcendence,https://github.com/phoenixkonsole/transcendence/blob/dd79af7319e98f561db9e8b95c23a748985297c4/aclocal.m4#L1013,dnl,[],Autotool,32,1013,1013
25193,phoenixkonsole/transcendence,https://github.com/phoenixkonsole/transcendence/blob/dd79af7319e98f561db9e8b95c23a748985297c4/aclocal.m4#L1014,dnl,[],Autotool,30,1014,1014
25193,phoenixkonsole/transcendence,https://github.com/phoenixkonsole/transcendence/blob/dd79af7319e98f561db9e8b95c23a748985297c4/aclocal.m4#L1023,# Use eval to expand $SHELL,[],Autotool,0,1023,1023
25193,phoenixkonsole/transcendence,https://github.com/phoenixkonsole/transcendence/blob/dd79af7319e98f561db9e8b95c23a748985297c4/aclocal.m4#L1032,# Helper functions for option handling.                     -*- Autoconf -*-,[],Autotool,0,1032,1032
25193,phoenixkonsole/transcendence,https://github.com/phoenixkonsole/transcendence/blob/dd79af7319e98f561db9e8b95c23a748985297c4/aclocal.m4#L1034,"# Copyright (C) 2001-2018 Free Software Foundation, Inc.
#
# This file is free software; the Free Software Foundation
# gives unlimited permission to copy and/or distribute it,
# with or without modifications, as long as this notice is preserved.",[],Autotool,0,1034,1038
25193,phoenixkonsole/transcendence,https://github.com/phoenixkonsole/transcendence/blob/dd79af7319e98f561db9e8b95c23a748985297c4/aclocal.m4#L1040,"# _AM_MANGLE_OPTION(NAME)
# -----------------------",[],Autotool,0,1040,1041
25193,phoenixkonsole/transcendence,https://github.com/phoenixkonsole/transcendence/blob/dd79af7319e98f561db9e8b95c23a748985297c4/aclocal.m4#L1045,"# _AM_SET_OPTION(NAME)
# --------------------
# Set option NAME.  Presently that only means defining a flag for this option.",[],Autotool,0,1045,1047
25193,phoenixkonsole/transcendence,https://github.com/phoenixkonsole/transcendence/blob/dd79af7319e98f561db9e8b95c23a748985297c4/aclocal.m4#L1051,"# _AM_SET_OPTIONS(OPTIONS)
# ------------------------
# OPTIONS is a space-separated list of Automake options.",[],Autotool,0,1051,1053
25193,phoenixkonsole/transcendence,https://github.com/phoenixkonsole/transcendence/blob/dd79af7319e98f561db9e8b95c23a748985297c4/aclocal.m4#L1057,"# _AM_IF_OPTION(OPTION, IF-SET, [IF-NOT-SET])
# -------------------------------------------
# Execute IF-SET if OPTION is set, IF-NOT-SET otherwise.",[],Autotool,0,1057,1059
25193,phoenixkonsole/transcendence,https://github.com/phoenixkonsole/transcendence/blob/dd79af7319e98f561db9e8b95c23a748985297c4/aclocal.m4#L1063,"# Copyright (C) 1999-2018 Free Software Foundation, Inc.
#
# This file is free software; the Free Software Foundation
# gives unlimited permission to copy and/or distribute it,
# with or without modifications, as long as this notice is preserved.",[],Autotool,0,1063,1067
25193,phoenixkonsole/transcendence,https://github.com/phoenixkonsole/transcendence/blob/dd79af7319e98f561db9e8b95c23a748985297c4/aclocal.m4#L1069,"# _AM_PROG_CC_C_O
# ---------------
# Like AC_PROG_CC_C_O, but changed for automake.  We rewrite AC_PROG_CC
# to automatically call this.",[],Autotool,0,1069,1072
25193,phoenixkonsole/transcendence,https://github.com/phoenixkonsole/transcendence/blob/dd79af7319e98f561db9e8b95c23a748985297c4/aclocal.m4#L1074,dnl,[],Autotool,32,1074,1074
25193,phoenixkonsole/transcendence,https://github.com/phoenixkonsole/transcendence/blob/dd79af7319e98f561db9e8b95c23a748985297c4/aclocal.m4#L1075,dnl,[],Autotool,30,1075,1075
25193,phoenixkonsole/transcendence,https://github.com/phoenixkonsole/transcendence/blob/dd79af7319e98f561db9e8b95c23a748985297c4/aclocal.m4#L1076,dnl,[],Autotool,17,1076,1076
25193,phoenixkonsole/transcendence,https://github.com/phoenixkonsole/transcendence/blob/dd79af7319e98f561db9e8b95c23a748985297c4/aclocal.m4#L1081,"# Make sure it works both with $CC and with simple cc.
# Following AC_PROG_CC_C_O, we do the test twice because some
# compilers refuse to overwrite an existing .o file with -o,
# though they will create one.",[],Autotool,2,1081,1084
25193,phoenixkonsole/transcendence,https://github.com/phoenixkonsole/transcendence/blob/dd79af7319e98f561db9e8b95c23a748985297c4/aclocal.m4#L1107,# For backward compatibility.,[],Autotool,0,1107,1107
25193,phoenixkonsole/transcendence,https://github.com/phoenixkonsole/transcendence/blob/dd79af7319e98f561db9e8b95c23a748985297c4/aclocal.m4#L1110,"# Copyright (C) 2001-2018 Free Software Foundation, Inc.
#
# This file is free software; the Free Software Foundation
# gives unlimited permission to copy and/or distribute it,
# with or without modifications, as long as this notice is preserved.",[],Autotool,0,1110,1114
25193,phoenixkonsole/transcendence,https://github.com/phoenixkonsole/transcendence/blob/dd79af7319e98f561db9e8b95c23a748985297c4/aclocal.m4#L1116,"# AM_RUN_LOG(COMMAND)
# -------------------
# Run COMMAND, save the exit status in ac_status, and log it.
# (This has been adapted from Autoconf's _AC_RUN_LOG macro.)",[],Autotool,0,1116,1119
25193,phoenixkonsole/transcendence,https://github.com/phoenixkonsole/transcendence/blob/dd79af7319e98f561db9e8b95c23a748985297c4/aclocal.m4#L1127,# Check to make sure that the build environment is sane.    -*- Autoconf -*-,[],Autotool,0,1127,1127
25193,phoenixkonsole/transcendence,https://github.com/phoenixkonsole/transcendence/blob/dd79af7319e98f561db9e8b95c23a748985297c4/aclocal.m4#L1129,"# Copyright (C) 1996-2018 Free Software Foundation, Inc.
#
# This file is free software; the Free Software Foundation
# gives unlimited permission to copy and/or distribute it,
# with or without modifications, as long as this notice is preserved.",[],Autotool,0,1129,1133
25193,phoenixkonsole/transcendence,https://github.com/phoenixkonsole/transcendence/blob/dd79af7319e98f561db9e8b95c23a748985297c4/aclocal.m4#L1135,"# AM_SANITY_CHECK
# ---------------",[],Autotool,0,1135,1136
25193,phoenixkonsole/transcendence,https://github.com/phoenixkonsole/transcendence/blob/dd79af7319e98f561db9e8b95c23a748985297c4/aclocal.m4#L1139,"# Reject unsafe characters in $srcdir or the absolute working directory
# name.  Accept space and tab only in the latter.",[],Autotool,0,1139,1140
25193,phoenixkonsole/transcendence,https://github.com/phoenixkonsole/transcendence/blob/dd79af7319e98f561db9e8b95c23a748985297c4/aclocal.m4#L1156,# directory).,[],Autotool,0,1156,1156
25193,phoenixkonsole/transcendence,https://github.com/phoenixkonsole/transcendence/blob/dd79af7319e98f561db9e8b95c23a748985297c4/aclocal.m4#L1163,# -L didn't work.,[],Autotool,1,1163,1163
25193,phoenixkonsole/transcendence,https://github.com/phoenixkonsole/transcendence/blob/dd79af7319e98f561db9e8b95c23a748985297c4/aclocal.m4#L1179,# Just in case.,[],Autotool,5,1179,1179
25193,phoenixkonsole/transcendence,https://github.com/phoenixkonsole/transcendence/blob/dd79af7319e98f561db9e8b95c23a748985297c4/aclocal.m4#L1186,# Ok.,[],Autotool,3,1186,1186
25193,phoenixkonsole/transcendence,https://github.com/phoenixkonsole/transcendence/blob/dd79af7319e98f561db9e8b95c23a748985297c4/aclocal.m4#L1193,"# If we didn't sleep, we still need to ensure time stamps of config.status and
# generated files are strictly newer.",[],Autotool,0,1193,1194
25193,phoenixkonsole/transcendence,https://github.com/phoenixkonsole/transcendence/blob/dd79af7319e98f561db9e8b95c23a748985297c4/aclocal.m4#L1203,# Hide warnings about reused PIDs.,[],Autotool,5,1203,1203
25193,phoenixkonsole/transcendence,https://github.com/phoenixkonsole/transcendence/blob/dd79af7319e98f561db9e8b95c23a748985297c4/aclocal.m4#L1210,"# Copyright (C) 2009-2018 Free Software Foundation, Inc.
#
# This file is free software; the Free Software Foundation
# gives unlimited permission to copy and/or distribute it,
# with or without modifications, as long as this notice is preserved.",[],Autotool,0,1210,1214
25193,phoenixkonsole/transcendence,https://github.com/phoenixkonsole/transcendence/blob/dd79af7319e98f561db9e8b95c23a748985297c4/aclocal.m4#L1216,"# AM_SILENT_RULES([DEFAULT])
# --------------------------
# Enable less verbose build rules; with the default set to DEFAULT
# (""yes"" being less verbose, ""no"" or empty being verbose).",[],Autotool,0,1216,1219
25193,phoenixkonsole/transcendence,https://github.com/phoenixkonsole/transcendence/blob/dd79af7319e98f561db9e8b95c23a748985297c4/aclocal.m4#L1227,dnl,[],Autotool,44,1227,1227
25193,phoenixkonsole/transcendence,https://github.com/phoenixkonsole/transcendence/blob/dd79af7319e98f561db9e8b95c23a748985297c4/aclocal.m4#L1234,"dnl
dnl A few 'make' implementations (e.g., NonStop OS and NextStep)
dnl do not support nested variable expansions.
dnl See automake bug#9928 and bug#10237.",[],Autotool,0,1234,1237
25193,phoenixkonsole/transcendence,https://github.com/phoenixkonsole/transcendence/blob/dd79af7319e98f561db9e8b95c23a748985297c4/aclocal.m4#L1253,dnl Using '$V' instead of '$(V)' breaks IRIX make.,[],Autotool,2,1253,1253
25193,phoenixkonsole/transcendence,https://github.com/phoenixkonsole/transcendence/blob/dd79af7319e98f561db9e8b95c23a748985297c4/aclocal.m4#L1282,"# Fortunately install-sh will honor a STRIPPROG variable, so we
# always use install-sh in ""make install-strip"", and initialize
# STRIPPROG with the value of the STRIP variable (set by the user).",[],Autotool,0,1282,1284
25193,phoenixkonsole/transcendence,https://github.com/phoenixkonsole/transcendence/blob/dd79af7319e98f561db9e8b95c23a748985297c4/aclocal.m4#L1286,dnl,[],Autotool,33,1286,1286
25193,phoenixkonsole/transcendence,https://github.com/phoenixkonsole/transcendence/blob/dd79af7319e98f561db9e8b95c23a748985297c4/aclocal.m4#L1287,"# Installed binaries are usually stripped using 'strip' when the user
# run ""make install-strip"".  However 'strip' might not be the right
# tool to use in cross-compilation environments, therefore Automake
# will honor the 'STRIP' environment variable to overrule this program.",[],Autotool,0,1287,1290
25193,phoenixkonsole/transcendence,https://github.com/phoenixkonsole/transcendence/blob/dd79af7319e98f561db9e8b95c23a748985297c4/aclocal.m4#L1291,"dnl Don't test for $cross_compiling = yes, because it might be 'maybe'.",[],Autotool,0,1291,1291
25193,phoenixkonsole/transcendence,https://github.com/phoenixkonsole/transcendence/blob/dd79af7319e98f561db9e8b95c23a748985297c4/aclocal.m4#L1298,"# Copyright (C) 2006-2018 Free Software Foundation, Inc.
#
# This file is free software; the Free Software Foundation
# gives unlimited permission to copy and/or distribute it,
# with or without modifications, as long as this notice is preserved.",[],Autotool,0,1298,1302
25193,phoenixkonsole/transcendence,https://github.com/phoenixkonsole/transcendence/blob/dd79af7319e98f561db9e8b95c23a748985297c4/aclocal.m4#L1304,"# _AM_SUBST_NOTMAKE(VARIABLE)
# ---------------------------
# Prevent Automake from outputting VARIABLE = @VARIABLE@ in Makefile.in.
# This macro is traced by Automake.",[],Autotool,0,1304,1307
25193,phoenixkonsole/transcendence,https://github.com/phoenixkonsole/transcendence/blob/dd79af7319e98f561db9e8b95c23a748985297c4/aclocal.m4#L1310,"# AM_SUBST_NOTMAKE(VARIABLE)
# --------------------------
# Public sister of _AM_SUBST_NOTMAKE.",[],Autotool,0,1310,1312
25193,phoenixkonsole/transcendence,https://github.com/phoenixkonsole/transcendence/blob/dd79af7319e98f561db9e8b95c23a748985297c4/aclocal.m4#L1315,# Check how to create a tarball.                            -*- Autoconf -*-,[],Autotool,0,1315,1315
25193,phoenixkonsole/transcendence,https://github.com/phoenixkonsole/transcendence/blob/dd79af7319e98f561db9e8b95c23a748985297c4/aclocal.m4#L1317,"# Copyright (C) 2004-2018 Free Software Foundation, Inc.
#
# This file is free software; the Free Software Foundation
# gives unlimited permission to copy and/or distribute it,
# with or without modifications, as long as this notice is preserved.",[],Autotool,0,1317,1321
25193,phoenixkonsole/transcendence,https://github.com/phoenixkonsole/transcendence/blob/dd79af7319e98f561db9e8b95c23a748985297c4/aclocal.m4#L1323,"# _AM_PROG_TAR(FORMAT)
# --------------------
# Check how to create a tarball in format FORMAT.
# FORMAT should be one of 'v7', 'ustar', or 'pax'.
#
# Substitute a variable $(am__tar) that is a command
# writing to stdout a FORMAT-tarball containing the directory
# $tardir.
#     tardir=directory && $(am__tar) > result.tar
#
# Substitute a variable $(am__untar) that extract such
# a tarball read from stdin.
#     $(am__untar) < result.tar
#",[],Autotool,0,1323,1336
25193,phoenixkonsole/transcendence,https://github.com/phoenixkonsole/transcendence/blob/dd79af7319e98f561db9e8b95c23a748985297c4/aclocal.m4#L1338,"# Always define AMTAR for backward compatibility.  Yes, it's still used",[],Autotool,1,1338,1338
25193,phoenixkonsole/transcendence,https://github.com/phoenixkonsole/transcendence/blob/dd79af7319e98f561db9e8b95c23a748985297c4/aclocal.m4#L1339,# in the wild :-(  We should find a proper way to deprecate it ...,[],Autotool,0,1339,1339
25193,phoenixkonsole/transcendence,https://github.com/phoenixkonsole/transcendence/blob/dd79af7319e98f561db9e8b95c23a748985297c4/aclocal.m4#L1342,# We'll loop over all known methods to create a tar archive until one works.,[],Autotool,0,1342,1342
25193,phoenixkonsole/transcendence,https://github.com/phoenixkonsole/transcendence/blob/dd79af7319e98f561db9e8b95c23a748985297c4/aclocal.m4#L1399,"# Must skip GNU tar: if it does not support --format= it doesn't create
# ustar tarball either.",[],Autotool,6,1399,1400
25193,phoenixkonsole/transcendence,https://github.com/phoenixkonsole/transcendence/blob/dd79af7319e98f561db9e8b95c23a748985297c4/aclocal.m4#L1423,"# If the value was cached, stop now.  We just wanted to have am__tar
# and am__untar set.",[],Autotool,4,1423,1424
25193,phoenixkonsole/transcendence,https://github.com/phoenixkonsole/transcendence/blob/dd79af7319e98f561db9e8b95c23a748985297c4/aclocal.m4#L1427,"# tar/untar a dummy directory, and stop if the command works.",[],Autotool,4,1427,1427
25193,phoenixkonsole/transcendence,https://github.com/phoenixkonsole/transcendence/blob/dd79af7319e98f561db9e8b95c23a748985297c4/aclocal.m4#L1446,# _AM_PROG_TAR,[],Autotool,3,1446,1446
25193,phoenixkonsole/transcendence,https://github.com/phoenixkonsole/transcendence/blob/dd79af7319e98f561db9e8b95c23a748985297c4/src/qt/CMakeLists.txt#L54,# Why isn't this done automatically??,[],CMake,0,54,54
