repoIndex,repoName,linkLocation,comment,keywords,buildSysteminFile,charPosition,startLine,endLine
25390,krishauser/klampt,https://github.com/krishauser/klampt/blob/d538be26ecc1af1977c7e235fd9f6589413506a8/CMakeLists.txt#L4,# version (e.g. for packaging),[],CMake,0,4,4
25390,krishauser/klampt,https://github.com/krishauser/klampt/blob/d538be26ecc1af1977c7e235fd9f6589413506a8/CMakeLists.txt#L22,# needed for some MSVC installations to handle glut32.lib,[],CMake,2,22,22
25390,krishauser/klampt,https://github.com/krishauser/klampt/blob/d538be26ecc1af1977c7e235fd9f6589413506a8/CMakeLists.txt#L28,# COMPILER SETTINGS (default: Release) and flags,[],CMake,0,28,28
25390,krishauser/klampt,https://github.com/krishauser/klampt/blob/d538be26ecc1af1977c7e235fd9f6589413506a8/CMakeLists.txt#L31,# Set output directories for libraries and executables,[],CMake,0,31,31
25390,krishauser/klampt,https://github.com/krishauser/klampt/blob/d538be26ecc1af1977c7e235fd9f6589413506a8/CMakeLists.txt#L42,# define the Klamp't library subdirectories in the SUBDIRS variable,[],CMake,0,42,42
25390,krishauser/klampt,https://github.com/krishauser/klampt/blob/d538be26ecc1af1977c7e235fd9f6589413506a8/CMakeLists.txt#L45,# Get all compilation files in subdirectories,[],CMake,0,45,45
25390,krishauser/klampt,https://github.com/krishauser/klampt/blob/d538be26ecc1af1977c7e235fd9f6589413506a8/CMakeLists.txt#L52,#add all compilation files to the Klamp't library,[],CMake,0,52,52
25390,krishauser/klampt,https://github.com/krishauser/klampt/blob/d538be26ecc1af1977c7e235fd9f6589413506a8/CMakeLists.txt#L58,"##### External libraries: KrisLibrary, its dependencies, and ODE #####",[],CMake,0,58,58
25390,krishauser/klampt,https://github.com/krishauser/klampt/blob/d538be26ecc1af1977c7e235fd9f6589413506a8/CMakeLists.txt#L62,"#defines KLAMPT_INCLUDE_DIRS, KLAMPT_DEFINITIONS, KLAMPT_LIBRARIES",[],CMake,0,62,62
25390,krishauser/klampt,https://github.com/krishauser/klampt/blob/d538be26ecc1af1977c7e235fd9f6589413506a8/CMakeLists.txt#L67,#show in CMake cache,[],CMake,0,67,67
25390,krishauser/klampt,https://github.com/krishauser/klampt/blob/d538be26ecc1af1977c7e235fd9f6589413506a8/CMakeLists.txt#L72,#needed for python build,[],CMake,0,72,72
25390,krishauser/klampt,https://github.com/krishauser/klampt/blob/d538be26ecc1af1977c7e235fd9f6589413506a8/CMakeLists.txt#L79,"#add Klamp't onto KLAMPT_LIBRARIES, add Klampt/include onto KLAMPT_INCLUDE_DIRS",[],CMake,0,79,79
25390,krishauser/klampt,https://github.com/krishauser/klampt/blob/d538be26ecc1af1977c7e235fd9f6589413506a8/CMakeLists.txt#L82,#helper function,[],CMake,0,82,82
25390,krishauser/klampt,https://github.com/krishauser/klampt/blob/d538be26ecc1af1977c7e235fd9f6589413506a8/CMakeLists.txt#L93,"#need to install Assimp, GLPK, glew dlls",[],CMake,1,93,93
25390,krishauser/klampt,https://github.com/krishauser/klampt/blob/d538be26ecc1af1977c7e235fd9f6589413506a8/CMakeLists.txt#L99,#install to /opt/klampt-X.Y.Z,[],CMake,1,99,99
25390,krishauser/klampt,https://github.com/krishauser/klampt/blob/d538be26ecc1af1977c7e235fd9f6589413506a8/CMakeLists.txt#L103,####### Copy headers from Cpp/* to include/Klampt/* #######,[],CMake,0,103,103
25390,krishauser/klampt,https://github.com/krishauser/klampt/blob/d538be26ecc1af1977c7e235fd9f6589413506a8/CMakeLists.txt#L112,####### Klamp't Applications #########,[],CMake,0,112,112
25390,krishauser/klampt,https://github.com/krishauser/klampt/blob/d538be26ecc1af1977c7e235fd9f6589413506a8/CMakeLists.txt#L114,#USE_QT5_APPS not set,[],CMake,2,114,114
25390,krishauser/klampt,https://github.com/krishauser/klampt/blob/d538be26ecc1af1977c7e235fd9f6589413506a8/CMakeLists.txt#L126,#USE_QT4_APPS not set,[],CMake,2,126,126
25390,krishauser/klampt,https://github.com/krishauser/klampt/blob/d538be26ecc1af1977c7e235fd9f6589413506a8/CMakeLists.txt#L139,####### Klamp't Documentation #########,[],CMake,0,139,139
25390,krishauser/klampt,https://github.com/krishauser/klampt/blob/d538be26ecc1af1977c7e235fd9f6589413506a8/CMakeLists.txt#L148,# Python API directory,[],CMake,0,148,148
25390,krishauser/klampt,https://github.com/krishauser/klampt/blob/d538be26ecc1af1977c7e235fd9f6589413506a8/CMakeLists.txt#L154,# uninstall target,[],CMake,0,154,154
25390,krishauser/klampt,https://github.com/krishauser/klampt/blob/d538be26ecc1af1977c7e235fd9f6589413506a8/CMakeLists.txt#L163,#install targets,[],CMake,0,163,163
25390,krishauser/klampt,https://github.com/krishauser/klampt/blob/d538be26ecc1af1977c7e235fd9f6589413506a8/CMakeLists.txt#L178,#examples and apps already added,[],CMake,0,178,178
25390,krishauser/klampt,https://github.com/krishauser/klampt/blob/d538be26ecc1af1977c7e235fd9f6589413506a8/CMakeLists.txt#L190,# Needs to be last statement:,[],CMake,0,190,190
25390,krishauser/klampt,https://github.com/krishauser/klampt/blob/d538be26ecc1af1977c7e235fd9f6589413506a8/CMakeLists.txt#L193,# Finished:,[],CMake,0,193,193
25390,krishauser/klampt,https://github.com/krishauser/klampt/blob/d538be26ecc1af1977c7e235fd9f6589413506a8/Cpp/Main/CMakeLists.txt#L1,# Make the Klamp't apps,[],CMake,0,1,1
25390,krishauser/klampt,https://github.com/krishauser/klampt/blob/d538be26ecc1af1977c7e235fd9f6589413506a8/Cpp/Main/CMakeLists.txt#L9,# COMPILER SETTINGS (default: Release) and flags,[],CMake,2,9,9
25390,krishauser/klampt,https://github.com/krishauser/klampt/blob/d538be26ecc1af1977c7e235fd9f6589413506a8/Cpp/Main/CMakeLists.txt#L55,#need to install Qt dlls,[],CMake,2,55,55
25390,krishauser/klampt,https://github.com/krishauser/klampt/blob/d538be26ecc1af1977c7e235fd9f6589413506a8/Cpp/Main/CMakeLists.txt#L72,#GLUI GUIs,[],CMake,1,72,72
25390,krishauser/klampt,https://github.com/krishauser/klampt/blob/d538be26ecc1af1977c7e235fd9f6589413506a8/Cpp/Main/CMakeLists.txt#L87,"#command line utilities, no need for GUI",[],CMake,0,87,87
25390,krishauser/klampt,https://github.com/krishauser/klampt/blob/d538be26ecc1af1977c7e235fd9f6589413506a8/Cpp/Main/MotorCalibrateQt/CMakeLists.txt#L1,# Make the MotorCalibrate Qt program,[],CMake,0,1,1
25390,krishauser/klampt,https://github.com/krishauser/klampt/blob/d538be26ecc1af1977c7e235fd9f6589413506a8/Cpp/Main/MotorCalibrateQt/CMakeLists.txt#L5,#Building from within Main/[AppName] folder,[],CMake,0,5,5
25390,krishauser/klampt,https://github.com/krishauser/klampt/blob/d538be26ecc1af1977c7e235fd9f6589413506a8/Cpp/Main/MotorCalibrateQt/CMakeLists.txt#L19,"##### Qt Specific stuff ####
# Configure Qt",[],CMake,0,19,20
25390,krishauser/klampt,https://github.com/krishauser/klampt/blob/d538be26ecc1af1977c7e235fd9f6589413506a8/Cpp/Main/MotorCalibrateQt/CMakeLists.txt#L28,# Define the app's UI and MOC items,[],CMake,2,28,28
25390,krishauser/klampt,https://github.com/krishauser/klampt/blob/d538be26ecc1af1977c7e235fd9f6589413506a8/Cpp/Main/MotorCalibrateQt/CMakeLists.txt#L36,# Define the app's UI and MOC items,[],CMake,2,36,36
25390,krishauser/klampt,https://github.com/krishauser/klampt/blob/d538be26ecc1af1977c7e235fd9f6589413506a8/Cpp/Main/MotorCalibrateQt/CMakeLists.txt#L42,##### Build target ####,[],CMake,0,42,42
25390,krishauser/klampt,https://github.com/krishauser/klampt/blob/d538be26ecc1af1977c7e235fd9f6589413506a8/Cpp/Main/MotorCalibrateQt/CMakeLists.txt#L46,#used to ignore main() definition in motorcalibrate.cpp,[],CMake,0,46,46
25390,krishauser/klampt,https://github.com/krishauser/klampt/blob/d538be26ecc1af1977c7e235fd9f6589413506a8/Cpp/Main/RobotPoseQt/CMakeLists.txt#L1,# Make the RobotPose Qt program,[],CMake,0,1,1
25390,krishauser/klampt,https://github.com/krishauser/klampt/blob/d538be26ecc1af1977c7e235fd9f6589413506a8/Cpp/Main/RobotPoseQt/CMakeLists.txt#L5,#Building from within Main/[AppName] folder,[],CMake,0,5,5
25390,krishauser/klampt,https://github.com/krishauser/klampt/blob/d538be26ecc1af1977c7e235fd9f6589413506a8/Cpp/Main/RobotPoseQt/CMakeLists.txt#L21,"##### Qt Specific stuff ####
# Define the app's UI and MOC items",[],CMake,0,21,22
25390,krishauser/klampt,https://github.com/krishauser/klampt/blob/d538be26ecc1af1977c7e235fd9f6589413506a8/Cpp/Main/RobotPoseQt/CMakeLists.txt#L34,# Configure Qt,[],CMake,0,34,34
25390,krishauser/klampt,https://github.com/krishauser/klampt/blob/d538be26ecc1af1977c7e235fd9f6589413506a8/Cpp/Main/RobotPoseQt/CMakeLists.txt#L55,##### Build target ####,[],CMake,0,55,55
25390,krishauser/klampt,https://github.com/krishauser/klampt/blob/d538be26ecc1af1977c7e235fd9f6589413506a8/Cpp/Main/RobotTestQt/CMakeLists.txt#L1,# Make the RobotTest Qt program,[],CMake,0,1,1
25390,krishauser/klampt,https://github.com/krishauser/klampt/blob/d538be26ecc1af1977c7e235fd9f6589413506a8/Cpp/Main/RobotTestQt/CMakeLists.txt#L5,#Building from within Main/[AppName] folder,[],CMake,0,5,5
25390,krishauser/klampt,https://github.com/krishauser/klampt/blob/d538be26ecc1af1977c7e235fd9f6589413506a8/Cpp/Main/RobotTestQt/CMakeLists.txt#L21,"##### Qt Specific stuff ####
# Configure Qt",[],CMake,0,21,22
25390,krishauser/klampt,https://github.com/krishauser/klampt/blob/d538be26ecc1af1977c7e235fd9f6589413506a8/Cpp/Main/RobotTestQt/CMakeLists.txt#L30,# Define the app's UI and MOC items,[],CMake,2,30,30
25390,krishauser/klampt,https://github.com/krishauser/klampt/blob/d538be26ecc1af1977c7e235fd9f6589413506a8/Cpp/Main/RobotTestQt/CMakeLists.txt#L39,# Define the app's UI and MOC items,[],CMake,2,39,39
25390,krishauser/klampt,https://github.com/krishauser/klampt/blob/d538be26ecc1af1977c7e235fd9f6589413506a8/Cpp/Main/RobotTestQt/CMakeLists.txt#L45,##### Build target ####,[],CMake,0,45,45
25390,krishauser/klampt,https://github.com/krishauser/klampt/blob/d538be26ecc1af1977c7e235fd9f6589413506a8/Cpp/Main/SimTestQt/CMakeLists.txt#L1,# Make the SimTest Qt program,[],CMake,0,1,1
25390,krishauser/klampt,https://github.com/krishauser/klampt/blob/d538be26ecc1af1977c7e235fd9f6589413506a8/Cpp/Main/SimTestQt/CMakeLists.txt#L5,#Building from within Main/[AppName] folder,[],CMake,0,5,5
25390,krishauser/klampt,https://github.com/krishauser/klampt/blob/d538be26ecc1af1977c7e235fd9f6589413506a8/Cpp/Main/SimTestQt/CMakeLists.txt#L21,"##### Qt Specific stuff ####
# Configure Qt",[],CMake,0,21,22
25390,krishauser/klampt,https://github.com/krishauser/klampt/blob/d538be26ecc1af1977c7e235fd9f6589413506a8/Cpp/Main/SimTestQt/CMakeLists.txt#L31,# Define the app's UI and MOC items,[],CMake,2,31,31
25390,krishauser/klampt,https://github.com/krishauser/klampt/blob/d538be26ecc1af1977c7e235fd9f6589413506a8/Cpp/Main/SimTestQt/CMakeLists.txt#L40,# Define the app's UI and MOC items,[],CMake,2,40,40
25390,krishauser/klampt,https://github.com/krishauser/klampt/blob/d538be26ecc1af1977c7e235fd9f6589413506a8/Cpp/Main/SimTestQt/CMakeLists.txt#L46,##### Build target ####,[],CMake,0,46,46
25390,krishauser/klampt,https://github.com/krishauser/klampt/blob/d538be26ecc1af1977c7e235fd9f6589413506a8/Cpp/Main/URDFtoRobQt/CMakeLists.txt#L1,# Make the URDFtoRob Qt program,[],CMake,0,1,1
25390,krishauser/klampt,https://github.com/krishauser/klampt/blob/d538be26ecc1af1977c7e235fd9f6589413506a8/Cpp/Main/URDFtoRobQt/CMakeLists.txt#L5,#Building from within Main/[AppName] folder,[],CMake,0,5,5
25390,krishauser/klampt,https://github.com/krishauser/klampt/blob/d538be26ecc1af1977c7e235fd9f6589413506a8/Cpp/Main/URDFtoRobQt/CMakeLists.txt#L21,"##### Qt Specific stuff ####
# Configure Qt",[],CMake,0,21,22
25390,krishauser/klampt,https://github.com/krishauser/klampt/blob/d538be26ecc1af1977c7e235fd9f6589413506a8/Cpp/Main/URDFtoRobQt/CMakeLists.txt#L37,# Define the app's UI and MOC items,[],CMake,2,37,37
25390,krishauser/klampt,https://github.com/krishauser/klampt/blob/d538be26ecc1af1977c7e235fd9f6589413506a8/Cpp/Main/URDFtoRobQt/CMakeLists.txt#L42,##### Build target ####,[],CMake,0,42,42
25390,krishauser/klampt,https://github.com/krishauser/klampt/blob/d538be26ecc1af1977c7e235fd9f6589413506a8/Cpp/Main/URDFtoRobQt/CMakeLists.txt#L46,#used to ignore main() definition in urdftorob.cpp,[],CMake,0,46,46
25390,krishauser/klampt,https://github.com/krishauser/klampt/blob/d538be26ecc1af1977c7e235fd9f6589413506a8/Python/CMakeLists.txt#L14,"#make these dependent on all klampt module source files, Klampt, and Klampt's dependency libraries",[],CMake,0,14,14
25390,krishauser/klampt,https://github.com/krishauser/klampt/blob/d538be26ecc1af1977c7e235fd9f6589413506a8/Python/control-examples/klampt_catkin/src/klampt/CMakeLists.txt#L4,"## Find catkin macros and libraries
## if COMPONENTS list like find_package(catkin REQUIRED COMPONENTS xyz)
## is used, also find other catkin packages",[],CMake,0,4,6
25390,krishauser/klampt,https://github.com/krishauser/klampt/blob/d538be26ecc1af1977c7e235fd9f6589413506a8/Python/control-examples/klampt_catkin/src/klampt/CMakeLists.txt#L12,"## System dependencies are found with CMake's conventions
# find_package(Boost REQUIRED COMPONENTS system)",[],CMake,0,12,13
25390,krishauser/klampt,https://github.com/krishauser/klampt/blob/d538be26ecc1af1977c7e235fd9f6589413506a8/Python/control-examples/klampt_catkin/src/klampt/CMakeLists.txt#L16,"## Uncomment this if the package has a setup.py. This macro ensures
## modules and global scripts declared therein get installed
## See http://ros.org/doc/api/catkin/html/user_guide/setup_dot_py.html
# catkin_python_setup()",[],CMake,0,16,19
25390,krishauser/klampt,https://github.com/krishauser/klampt/blob/d538be26ecc1af1977c7e235fd9f6589413506a8/Python/control-examples/klampt_catkin/src/klampt/CMakeLists.txt#L21,"################################################
## Declare ROS messages, services and actions ##
################################################",[],CMake,0,21,23
25390,krishauser/klampt,https://github.com/krishauser/klampt/blob/d538be26ecc1af1977c7e235fd9f6589413506a8/Python/control-examples/klampt_catkin/src/klampt/CMakeLists.txt#L25,"## To declare and build messages, services or actions from within this
## package, follow these steps:
## * Let MSG_DEP_SET be the set of packages whose message types you use in
##   your messages/services/actions (e.g. std_msgs, actionlib_msgs, ...).
## * In the file package.xml:
##   * add a build_depend and a run_depend tag for each package in MSG_DEP_SET
##   * If MSG_DEP_SET isn't empty the following dependencies might have been
##     pulled in transitively but can be declared for certainty nonetheless:
##     * add a build_depend tag for ""message_generation""
##     * add a run_depend tag for ""message_runtime""
## * In this file (CMakeLists.txt):
##   * add ""message_generation"" and every package in MSG_DEP_SET to
##     find_package(catkin REQUIRED COMPONENTS ...)
##   * add ""message_runtime"" and every package in MSG_DEP_SET to
##     catkin_package(CATKIN_DEPENDS ...)
##   * uncomment the add_*_files sections below as needed
##     and list every .msg/.srv/.action file to be processed
##   * uncomment the generate_messages entry below
##   * add every package in MSG_DEP_SET to generate_messages(DEPENDENCIES ...)",[],CMake,0,25,43
25390,krishauser/klampt,https://github.com/krishauser/klampt/blob/d538be26ecc1af1977c7e235fd9f6589413506a8/Python/control-examples/klampt_catkin/src/klampt/CMakeLists.txt#L45,"## Generate messages in the 'msg' folder
# add_message_files(
#   FILES
#   Message1.msg
#   Message2.msg
# )",[],CMake,0,45,50
25390,krishauser/klampt,https://github.com/krishauser/klampt/blob/d538be26ecc1af1977c7e235fd9f6589413506a8/Python/control-examples/klampt_catkin/src/klampt/CMakeLists.txt#L52,"## Generate services in the 'srv' folder
# add_service_files(
#   FILES
#   Service1.srv
#   Service2.srv
# )",[],CMake,0,52,57
25390,krishauser/klampt,https://github.com/krishauser/klampt/blob/d538be26ecc1af1977c7e235fd9f6589413506a8/Python/control-examples/klampt_catkin/src/klampt/CMakeLists.txt#L59,"## Generate actions in the 'action' folder
# add_action_files(
#   FILES
#   Action1.action
#   Action2.action
# )",[],CMake,0,59,64
25390,krishauser/klampt,https://github.com/krishauser/klampt/blob/d538be26ecc1af1977c7e235fd9f6589413506a8/Python/control-examples/klampt_catkin/src/klampt/CMakeLists.txt#L66,"## Generate added messages and services with any dependencies listed here
# generate_messages(
#   DEPENDENCIES
#   std_msgs
# )",[],CMake,0,66,70
25390,krishauser/klampt,https://github.com/krishauser/klampt/blob/d538be26ecc1af1977c7e235fd9f6589413506a8/Python/control-examples/klampt_catkin/src/klampt/CMakeLists.txt#L72,"###################################
## catkin specific configuration ##
###################################
## The catkin_package macro generates cmake config files for your package
## Declare things to be passed to dependent projects
## INCLUDE_DIRS: uncomment this if you package contains header files
## LIBRARIES: libraries you create in this project that dependent projects also need
## CATKIN_DEPENDS: catkin_packages dependent projects also need
## DEPENDS: system dependencies of this project that dependent projects also need",[],CMake,0,72,80
25390,krishauser/klampt,https://github.com/krishauser/klampt/blob/d538be26ecc1af1977c7e235fd9f6589413506a8/Python/control-examples/klampt_catkin/src/klampt/CMakeLists.txt#L82,"#  INCLUDE_DIRS include
#  LIBRARIES klampt
#  CATKIN_DEPENDS rospy std_msgs
#  DEPENDS system_lib",[],CMake,0,82,85
25390,krishauser/klampt,https://github.com/krishauser/klampt/blob/d538be26ecc1af1977c7e235fd9f6589413506a8/Python/control-examples/klampt_catkin/src/klampt/CMakeLists.txt#L88,"###########
## Build ##
###########",[],CMake,0,88,90
25390,krishauser/klampt,https://github.com/krishauser/klampt/blob/d538be26ecc1af1977c7e235fd9f6589413506a8/Python/control-examples/klampt_catkin/src/klampt/CMakeLists.txt#L92,"## Specify additional locations of header files
## Your package locations should be listed before other locations
# include_directories(include)",[],CMake,0,92,94
25390,krishauser/klampt,https://github.com/krishauser/klampt/blob/d538be26ecc1af1977c7e235fd9f6589413506a8/Python/control-examples/klampt_catkin/src/klampt/CMakeLists.txt#L99,"## Declare a cpp library
# add_library(klampt
#   src/${PROJECT_NAME}/klampt.cpp
# )",[],CMake,0,99,102
25390,krishauser/klampt,https://github.com/krishauser/klampt/blob/d538be26ecc1af1977c7e235fd9f6589413506a8/Python/control-examples/klampt_catkin/src/klampt/CMakeLists.txt#L104,"## Declare a cpp executable
# add_executable(klampt_node src/klampt_node.cpp)",[],CMake,0,104,105
25390,krishauser/klampt,https://github.com/krishauser/klampt/blob/d538be26ecc1af1977c7e235fd9f6589413506a8/Python/control-examples/klampt_catkin/src/klampt/CMakeLists.txt#L107,"## Add cmake target dependencies of the executable/library
## as an example, message headers may need to be generated before nodes
# add_dependencies(klampt_node klampt_generate_messages_cpp)",[],CMake,0,107,109
25390,krishauser/klampt,https://github.com/krishauser/klampt/blob/d538be26ecc1af1977c7e235fd9f6589413506a8/Python/control-examples/klampt_catkin/src/klampt/CMakeLists.txt#L111,"## Specify libraries to link a library or executable target against
# target_link_libraries(klampt_node
#   ${catkin_LIBRARIES}
# )",[],CMake,0,111,114
25390,krishauser/klampt,https://github.com/krishauser/klampt/blob/d538be26ecc1af1977c7e235fd9f6589413506a8/Python/control-examples/klampt_catkin/src/klampt/CMakeLists.txt#L116,"#############
## Install ##
#############",[],CMake,0,116,118
25390,krishauser/klampt,https://github.com/krishauser/klampt/blob/d538be26ecc1af1977c7e235fd9f6589413506a8/Python/control-examples/klampt_catkin/src/klampt/CMakeLists.txt#L120,"# all install targets should use catkin DESTINATION variables
# See http://ros.org/doc/api/catkin/html/adv_user_guide/variables.html",[],CMake,0,120,121
25390,krishauser/klampt,https://github.com/krishauser/klampt/blob/d538be26ecc1af1977c7e235fd9f6589413506a8/Python/control-examples/klampt_catkin/src/klampt/CMakeLists.txt#L123,"## Mark executable scripts (Python etc.) for installation
## in contrast to setup.py, you can choose the destination
# install(PROGRAMS
#   scripts/my_python_script
#   DESTINATION ${CATKIN_PACKAGE_BIN_DESTINATION}
# )",[],CMake,0,123,128
25390,krishauser/klampt,https://github.com/krishauser/klampt/blob/d538be26ecc1af1977c7e235fd9f6589413506a8/Python/control-examples/klampt_catkin/src/klampt/CMakeLists.txt#L130,"## Mark executables and/or libraries for installation
# install(TARGETS klampt klampt_node
#   ARCHIVE DESTINATION ${CATKIN_PACKAGE_LIB_DESTINATION}
#   LIBRARY DESTINATION ${CATKIN_PACKAGE_LIB_DESTINATION}
#   RUNTIME DESTINATION ${CATKIN_PACKAGE_BIN_DESTINATION}
# )",[],CMake,0,130,135
25390,krishauser/klampt,https://github.com/krishauser/klampt/blob/d538be26ecc1af1977c7e235fd9f6589413506a8/Python/control-examples/klampt_catkin/src/klampt/CMakeLists.txt#L137,"## Mark cpp header files for installation
# install(DIRECTORY include/${PROJECT_NAME}/
#   DESTINATION ${CATKIN_PACKAGE_INCLUDE_DESTINATION}
#   FILES_MATCHING PATTERN ""*.h""
#   PATTERN "".svn"" EXCLUDE
# )",[],CMake,0,137,142
25390,krishauser/klampt,https://github.com/krishauser/klampt/blob/d538be26ecc1af1977c7e235fd9f6589413506a8/Python/control-examples/klampt_catkin/src/klampt/CMakeLists.txt#L144,"## Mark other files for installation (e.g. launch and bag files, etc.)
# install(FILES
#   # myfile1
#   # myfile2
#   DESTINATION ${CATKIN_PACKAGE_SHARE_DESTINATION}
# )",[],CMake,0,144,149
25390,krishauser/klampt,https://github.com/krishauser/klampt/blob/d538be26ecc1af1977c7e235fd9f6589413506a8/Python/control-examples/klampt_catkin/src/klampt/CMakeLists.txt#L151,"#############
## Testing ##
#############",[],CMake,0,151,153
25390,krishauser/klampt,https://github.com/krishauser/klampt/blob/d538be26ecc1af1977c7e235fd9f6589413506a8/Python/control-examples/klampt_catkin/src/klampt/CMakeLists.txt#L155,"## Add gtest based cpp test target and link libraries
# catkin_add_gtest(${PROJECT_NAME}-test test/test_klampt.cpp)
# if(TARGET ${PROJECT_NAME}-test)
#   target_link_libraries(${PROJECT_NAME}-test ${PROJECT_NAME})
# endif()",[],CMake,0,155,159
25390,krishauser/klampt,https://github.com/krishauser/klampt/blob/d538be26ecc1af1977c7e235fd9f6589413506a8/Python/control-examples/klampt_catkin/src/klampt/CMakeLists.txt#L161,"## Add folders to be run by python nosetests
# catkin_add_nosetests(test)",[],CMake,0,161,162
25390,krishauser/klampt,https://github.com/krishauser/klampt/blob/d538be26ecc1af1977c7e235fd9f6589413506a8/tests/CMakeLists.txt#L7,# compile GTest,[],CMake,0,7,7
25390,krishauser/klampt,https://github.com/krishauser/klampt/blob/d538be26ecc1af1977c7e235fd9f6589413506a8/tests/CMakeLists.txt#L22,# add local include,[],CMake,0,22,22
25390,krishauser/klampt,https://github.com/krishauser/klampt/blob/d538be26ecc1af1977c7e235fd9f6589413506a8/tests/CMakeLists.txt#L25,# gTests for Velocity constraints,[],CMake,0,25,25
25390,krishauser/klampt,https://github.com/krishauser/klampt/blob/d538be26ecc1af1977c7e235fd9f6589413506a8/CMakeModules/CPackSettings.cmake#L1,"# Package building stuff - Set CPACK_GENERATOR to whatever package type
# you wish to build...",[],CMake,0,1,2
25390,krishauser/klampt,https://github.com/krishauser/klampt/blob/d538be26ecc1af1977c7e235fd9f6589413506a8/CMakeModules/CPackSettings.cmake#L7,"#SET(CPACK_PACKAGE_INSTALL_DIRECTORY ""Klampt ${V_MAJOR}.${V_MINOR}"")",[],CMake,0,7,7
25390,krishauser/klampt,https://github.com/krishauser/klampt/blob/d538be26ecc1af1977c7e235fd9f6589413506a8/CMakeModules/CPackSettings.cmake#L34,# This must always be last statement!,[],CMake,1,34,34
25390,krishauser/klampt,https://github.com/krishauser/klampt/blob/d538be26ecc1af1977c7e235fd9f6589413506a8/CMakeModules/CompilerSettings.cmake#L1,"# COMPILER SETTINGS (default: Release)
# use ""-DCMAKE_BUILD_TYPE=Debug"" in cmake for a Debug-build",[],CMake,0,1,2
25390,krishauser/klampt,https://github.com/krishauser/klampt/blob/d538be26ecc1af1977c7e235fd9f6589413506a8/CMakeModules/CompilerSettings.cmake#L10,# COMPILER FLAGS,[],CMake,0,10,10
25390,krishauser/klampt,https://github.com/krishauser/klampt/blob/d538be26ecc1af1977c7e235fd9f6589413506a8/CMakeModules/CompilerSettings.cmake#L16,# Shared object compilation under 64bit (vtable),[],CMake,2,16,16
25390,krishauser/klampt,https://github.com/krishauser/klampt/blob/d538be26ecc1af1977c7e235fd9f6589413506a8/CMakeModules/CompilerSettings.cmake#L22,"# Set full rpath http://www.paraview.org/Wiki/CMake_RPATH_handling
# (good to have and required with ROS)",[],CMake,0,22,23
25390,krishauser/klampt,https://github.com/krishauser/klampt/blob/d538be26ecc1af1977c7e235fd9f6589413506a8/CMakeModules/CompilerSettings.cmake#L29,# no prefix needed for python modules,[],CMake,0,29,29
25390,krishauser/klampt,https://github.com/krishauser/klampt/blob/d538be26ecc1af1977c7e235fd9f6589413506a8/CMakeModules/FindKlampt.cmake#L1,"#Finds Klamp't package.
#If KLAMPT_ROOT is set, searches for a Klampt install there
#defines 
# - KLAMPT_LIBRARIES_DEBUG
# - KLAMPT_LIBRARIES_RELEASE
# - KLAMPT_INCLUDE_DIRS
# - KLAMPT_DEFINITIONS
#
# This will properly configure a build to include all external libraries:
# KrisLibrary, its dependencies, ODE, and Klamp't #",[],CMake,0,1,10
25390,krishauser/klampt,https://github.com/krishauser/klampt/blob/d538be26ecc1af1977c7e235fd9f6589413506a8/CMakeModules/FindKlampt.cmake#L32,"#this is used to pick between RELEASE and DEBUG library
#Note: do not use SelectLibraryConfigurations, this clobbers KRISLIBRARY_LIBRARIES",[],CMake,2,32,33
25390,krishauser/klampt,https://github.com/krishauser/klampt/blob/d538be26ecc1af1977c7e235fd9f6589413506a8/CMakeModules/FindKlampt.cmake#L46,#do the find_package call...,[],CMake,0,46,46
25390,krishauser/klampt,https://github.com/krishauser/klampt/blob/d538be26ecc1af1977c7e235fd9f6589413506a8/CMakeModules/FindKlampt.cmake#L50,#add to dependencies,[],CMake,0,50,50
25390,krishauser/klampt,https://github.com/krishauser/klampt/blob/d538be26ecc1af1977c7e235fd9f6589413506a8/CMakeModules/FindODE.cmake#L1,"# - Try to find the Open Dynamics Engine library
# ODE_ROOT can be provided
# Once done this will define:
#
# ODE_FOUND - system has the ODE library
# ODE_INCLUDE_DIRS - the ODE include directory (include ODE headers with <ode/headername.h>)
# ODE_LIBRARIES - the ODE library
# ODE_DEFINITIONS - additional definitions necessary to use ODE (usually the precision flag)",[],CMake,0,1,8
25390,krishauser/klampt,https://github.com/krishauser/klampt/blob/d538be26ecc1af1977c7e235fd9f6589413506a8/CMakeModules/FindODE.cmake#L11,# ODE has already been found and the necessary variables are cached,[],CMake,0,11,11
25390,krishauser/klampt,https://github.com/krishauser/klampt/blob/d538be26ecc1af1977c7e235fd9f6589413506a8/CMakeModules/FindODE.cmake#L14,#find the precision from the name of the library? Works on windows,[],CMake,4,14,14
25390,krishauser/klampt,https://github.com/krishauser/klampt/blob/d538be26ecc1af1977c7e235fd9f6589413506a8/CMakeModules/FindODE.cmake#L26,# Find ODE,[],CMake,2,26,26
25390,krishauser/klampt,https://github.com/krishauser/klampt/blob/d538be26ecc1af1977c7e235fd9f6589413506a8/CMakeModules/FindODE.cmake#L28,# Use PkgConfig if possible,[],CMake,2,28,28
25390,krishauser/klampt,https://github.com/krishauser/klampt/blob/d538be26ecc1af1977c7e235fd9f6589413506a8/CMakeModules/FindODE.cmake#L34,# Find include dir,[],CMake,2,34,34
25390,krishauser/klampt,https://github.com/krishauser/klampt/blob/d538be26ecc1af1977c7e235fd9f6589413506a8/CMakeModules/FindODE.cmake#L48,# Decide if ODE was found,[],CMake,2,48,48
25390,krishauser/klampt,https://github.com/krishauser/klampt/blob/d538be26ecc1af1977c7e235fd9f6589413506a8/CMakeModules/FindODE.cmake#L54,"# Find out extra definitions needed for ODE.
# This is mostly needed for the ODE's precision selector:
# ODE can be built either in single-precision (default) or double-precision mode. The app has
# to be built in the same mode, otherwise things will crash.",[],CMake,2,54,57
25390,krishauser/klampt,https://github.com/krishauser/klampt/blob/d538be26ecc1af1977c7e235fd9f6589413506a8/CMakeModules/FindODE.cmake#L59,"# If PkgConfig found anything, then use its results, otherwise use ode-config script",[],CMake,4,59,59
25390,krishauser/klampt,https://github.com/krishauser/klampt/blob/d538be26ecc1af1977c7e235fd9f6589413506a8/CMakeModules/FindODE.cmake#L61,# Take the definitions from PkgConfig results,[],CMake,6,61,61
25390,krishauser/klampt,https://github.com/krishauser/klampt/blob/d538be26ecc1af1977c7e235fd9f6589413506a8/CMakeModules/FindODE.cmake#L65,# Try to use ode-config,[],CMake,6,65,65
25390,krishauser/klampt,https://github.com/krishauser/klampt/blob/d538be26ecc1af1977c7e235fd9f6589413506a8/CMakeModules/FindODE.cmake#L75,# Show messages,[],CMake,2,75,75
25390,krishauser/klampt,https://github.com/krishauser/klampt/blob/d538be26ecc1af1977c7e235fd9f6589413506a8/CMakeModules/FindODE.cmake#L79,# Show the ODE precision if the definitions were detected,[],CMake,6,79,79
25390,krishauser/klampt,https://github.com/krishauser/klampt/blob/d538be26ecc1af1977c7e235fd9f6589413506a8/CMakeModules/FindROS.cmake#L1,"# Finds ROS packages.
# If successful, sets the following variables:
#
# ROS_VERSION: string for the found ROS version (if not already set)
# ROS_INCLUDE_DIR: ROS header include path
# ROS_LIBRARIES: library files to link with in order to get ROS functionality
#
# If ROS_VERSION is not set, it will check ros versions jade, indigo, hydro, and groovy
# and configure variables for the newest version.  ROS_VERSION will also be set.
#
# If ROSDEPS is set, then it will add these dependencies to ROS_LIBRARIES
#",[],CMake,0,1,12
25390,krishauser/klampt,https://github.com/krishauser/klampt/blob/d538be26ecc1af1977c7e235fd9f6589413506a8/CMakeModules/InstallPkgConfigFile.cmake#L1,# A Macro to simplify creating a pkg-config file,[],CMake,0,1,1
25390,krishauser/klampt,https://github.com/krishauser/klampt/blob/d538be26ecc1af1977c7e235fd9f6589413506a8/CMakeModules/InstallPkgConfigFile.cmake#L3,"# install_pkg_config_file(<package-name> 
#                              [VERSION <version>]
#                              [DESCRIPTION <description>]
#                              [CFLAGS <cflag> ...]
#                              [LIBS <lflag> ...]
#                              [REQUIRES <required-package-name> ...])
# 
# Create and install a pkg-config .pc file to CMAKE_INSTALL_PREFIX/lib/pkgconfig
#	assuming the following install layout:
#	       libraries:   CMAKE_INSTALL_PREFIX/lib
#	       headers  :   CMAKE_INSTALL_PREFIX/include
#
# example:
#    add_library(mylib mylib.c)
#    install_pkg_config_file(mylib 
#			     	DESCRIPTION My Library
#			     	CFLAGS
#			     	LIBS -lmylib 
#			     	REQUIRES glib-2.0 lcm
# 			     	VERSION 0.0.1)
#
#",[],CMake,0,3,24
25390,krishauser/klampt,https://github.com/krishauser/klampt/blob/d538be26ecc1af1977c7e235fd9f6589413506a8/CMakeModules/InstallPkgConfigFile.cmake#L39,# parse function arguments and populate pkg-config parameters,[],CMake,4,39,39
25390,krishauser/klampt,https://github.com/krishauser/klampt/blob/d538be26ecc1af1977c7e235fd9f6589413506a8/CMakeModules/InstallPkgConfigFile.cmake#L63,# write the .pc file out,[],CMake,4,63,63
25390,krishauser/klampt,https://github.com/krishauser/klampt/blob/d538be26ecc1af1977c7e235fd9f6589413506a8/CMakeModules/InstallPkgConfigFile.cmake#L76,# mark the .pc file for installation to the lib/pkgconfig directory,[],CMake,4,76,76
25390,krishauser/klampt,https://github.com/krishauser/klampt/blob/d538be26ecc1af1977c7e235fd9f6589413506a8/CMakeModules/KlamptDependencies.cmake#L1,"# Produces dependencies of Klampt
# Given KLAMPT_ROOT (optional)
# Produces
# - KLAMPT_LIBRARIES
# - KLAMPT_INCLUDE_DIRS
# - KLAMPT_DEFINITIONS
#",[],CMake,0,1,7
25390,krishauser/klampt,https://github.com/krishauser/klampt/blob/d538be26ecc1af1977c7e235fd9f6589413506a8/CMakeModules/KlamptDependencies.cmake#L18,#pick up stuff from KrisLibrary/CMakeModules,[],CMake,0,18,18
25390,krishauser/klampt,https://github.com/krishauser/klampt/blob/d538be26ecc1af1977c7e235fd9f6589413506a8/CMakeModules/KlamptDependencies.cmake#L23,#some weird windows setting regarding QT,[],CMake,2,23,23
25390,krishauser/klampt,https://github.com/krishauser/klampt/blob/d538be26ecc1af1977c7e235fd9f6589413506a8/CMakeModules/KlamptDependencies.cmake#L34,#this is needed for glut32.lib / glui32.lib to be found in Cpp/Dependencies,[],CMake,56,34,34
25390,krishauser/klampt,https://github.com/krishauser/klampt/blob/d538be26ecc1af1977c7e235fd9f6589413506a8/CMakeModules/KlamptDependencies.cmake#L72,# ODE,[],CMake,2,72,72
25390,krishauser/klampt,https://github.com/krishauser/klampt/blob/d538be26ecc1af1977c7e235fd9f6589413506a8/CMakeModules/KlamptDependencies.cmake#L82,#pthreads is needed -- but for some reason ODE does not report it,[],CMake,4,82,82
25390,krishauser/klampt,https://github.com/krishauser/klampt/blob/d538be26ecc1af1977c7e235fd9f6589413506a8/CMakeModules/LibFindMacros.cmake#L1,"# Version 1.0 (2013-04-12)
# Public Domain, originally written by Lasse Kärkkäinen <tronic@zi.fi>
# Published at http://www.cmake.org/Wiki/CMake:How_To_Find_Libraries",[],CMake,0,1,3
25390,krishauser/klampt,https://github.com/krishauser/klampt/blob/d538be26ecc1af1977c7e235fd9f6589413506a8/CMakeModules/LibFindMacros.cmake#L5,"# If you improve the script, please modify the forementioned wiki page because
# I no longer maintain my scripts (hosted as static files at zi.fi). Feel free
# to remove this entire header if you use real version control instead.",[],CMake,0,5,7
25390,krishauser/klampt,https://github.com/krishauser/klampt/blob/d538be26ecc1af1977c7e235fd9f6589413506a8/CMakeModules/LibFindMacros.cmake#L9,"# Changelog:
# 2013-04-12  Added version number (1.0) and this header, no other changes
# 2009-10-08  Originally published",[],CMake,0,9,11
25390,krishauser/klampt,https://github.com/krishauser/klampt/blob/d538be26ecc1af1977c7e235fd9f6589413506a8/CMakeModules/LibFindMacros.cmake#L14,"# Works the same as find_package, but forwards the ""REQUIRED"" and ""QUIET"" arguments
# used for the current package. For this to work, the first parameter must be the
# prefix of the current package, then the prefix of the new package etc, which are
# passed to find_package.",[],CMake,0,14,17
25390,krishauser/klampt,https://github.com/krishauser/klampt/blob/d538be26ecc1af1977c7e235fd9f6589413506a8/CMakeModules/LibFindMacros.cmake#L29,"# CMake developers made the UsePkgConfig system deprecated in the same release (2.6)
# where they added pkg_check_modules. Consequently I need to support both in my scripts
# to avoid those deprecated warnings. Here's a helper that does just that.
# Works identically to pkg_check_modules, except that no checks are needed prior to use.",[],CMake,0,29,32
25390,krishauser/klampt,https://github.com/krishauser/klampt/blob/d538be26ecc1af1977c7e235fd9f6589413506a8/CMakeModules/LibFindMacros.cmake#L45,"# Do the final processing once the paths have been detected.
# If include dirs are needed, ${PREFIX}_PROCESS_INCLUDES should be set to contain
# all the variables, each of which contain one include directory.
# Ditto for ${PREFIX}_PROCESS_LIBS and library files.
# Will set ${PREFIX}_FOUND, ${PREFIX}_INCLUDE_DIRS and ${PREFIX}_LIBRARIES.
# Also handles errors in case library detection was required, etc.",[],CMake,0,45,50
25390,krishauser/klampt,https://github.com/krishauser/klampt/blob/d538be26ecc1af1977c7e235fd9f6589413506a8/CMakeModules/LibFindMacros.cmake#L52,# Skip processing if already processed during this run,[],CMake,2,52,52
25390,krishauser/klampt,https://github.com/krishauser/klampt/blob/d538be26ecc1af1977c7e235fd9f6589413506a8/CMakeModules/LibFindMacros.cmake#L54,# Start with the assumption that the library was found,[],CMake,4,54,54
25390,krishauser/klampt,https://github.com/krishauser/klampt/blob/d538be26ecc1af1977c7e235fd9f6589413506a8/CMakeModules/LibFindMacros.cmake#L57,# Process all includes and set _FOUND to false if any are missing,[],CMake,4,57,57
25390,krishauser/klampt,https://github.com/krishauser/klampt/blob/d538be26ecc1af1977c7e235fd9f6589413506a8/CMakeModules/LibFindMacros.cmake#L67,# Process all libraries and set _FOUND to false if any are missing,[],CMake,4,67,67
25390,krishauser/klampt,https://github.com/krishauser/klampt/blob/d538be26ecc1af1977c7e235fd9f6589413506a8/CMakeModules/LibFindMacros.cmake#L77,# Print message and/or exit on fatal error,[],CMake,4,77,77
