repoIndex,repoName,linkLocation,comment,keywords,buildSysteminFile,charPosition,startLine,endLine
25555,diasurgical/devilutionx,https://github.com/diasurgical/devilutionx/blob/68d57bd2d742dd46799114dfb8a89a5888514837/CMakeLists.txt#L10,"# Projects added via `add_subdirectory` or `FetchContent` may have a lower
# `cmake_minimum_required` than we set here. Set policies that we require
# to their new value so that they still apply.",[],CMake,0,10,12
25555,diasurgical/devilutionx,https://github.com/diasurgical/devilutionx/blob/68d57bd2d742dd46799114dfb8a89a5888514837/CMakeLists.txt#L32,"# Options required by `VcPkgManifestFeatures`, which must be included before the `project` call.",[],CMake,0,32,32
25555,diasurgical/devilutionx,https://github.com/diasurgical/devilutionx/blob/68d57bd2d742dd46799114dfb8a89a5888514837/CMakeLists.txt#L36,# The gettext[tools] package takes a very long time to install,[],CMake,0,36,36
25555,diasurgical/devilutionx,https://github.com/diasurgical/devilutionx/blob/68d57bd2d742dd46799114dfb8a89a5888514837/CMakeLists.txt#L42,# These must be included after the options above but before the `project` call.,[],CMake,0,42,42
25555,diasurgical/devilutionx,https://github.com/diasurgical/devilutionx/blob/68d57bd2d742dd46799114dfb8a89a5888514837/CMakeLists.txt#L45,"# Set up the `project` before the rest of the options so that:
#
# 1. Properties such as `TARGET_SUPPORTS_SHARED_LIBS` are defined.
# 2. Toolchain file is evaluated, required for `Platforms.cmake`,
#    which can override the options.",[],CMake,0,45,49
25555,diasurgical/devilutionx,https://github.com/diasurgical/devilutionx/blob/68d57bd2d742dd46799114dfb8a89a5888514837/CMakeLists.txt#L73,"# Platform definitions can override options and we want `cmake_dependent_option` to see the effects.
# Note that a few options are still defined before this because they're needed by `VcPkgManifestFeatures.cmake`.",[],CMake,0,73,74
25555,diasurgical/devilutionx,https://github.com/diasurgical/devilutionx/blob/68d57bd2d742dd46799114dfb8a89a5888514837/CMakeLists.txt#L77,"# This built-in CMake module adds a BUILD_TESTING option (ON by default).
# Must be included in the top-level `CMakeLists.txt` after calling `project`.
# Because we must include `VcPkgManifestFeatures` before the `project` call,
# we add a BUILD_TESTING option ourselves above as well.",[],CMake,0,77,80
25555,diasurgical/devilutionx,https://github.com/diasurgical/devilutionx/blob/68d57bd2d742dd46799114dfb8a89a5888514837/CMakeLists.txt#L83,# Debugging / profiling options,[],CMake,0,83,83
25555,diasurgical/devilutionx,https://github.com/diasurgical/devilutionx/blob/68d57bd2d742dd46799114dfb8a89a5888514837/CMakeLists.txt#L92,# Packaging options,[],CMake,0,92,92
25555,diasurgical/devilutionx,https://github.com/diasurgical/devilutionx/blob/68d57bd2d742dd46799114dfb8a89a5888514837/CMakeLists.txt#L96,# Network options,[],CMake,0,96,96
25555,diasurgical/devilutionx,https://github.com/diasurgical/devilutionx/blob/68d57bd2d742dd46799114dfb8a89a5888514837/CMakeLists.txt#L100,# Sound options,[],CMake,0,100,100
25555,diasurgical/devilutionx,https://github.com/diasurgical/devilutionx/blob/68d57bd2d742dd46799114dfb8a89a5888514837/CMakeLists.txt#L114,# Optimization / link options,[],CMake,0,114,114
25555,diasurgical/devilutionx,https://github.com/diasurgical/devilutionx/blob/68d57bd2d742dd46799114dfb8a89a5888514837/CMakeLists.txt#L123,# Memory / performance trade-off options,[],CMake,0,123,123
25555,diasurgical/devilutionx,https://github.com/diasurgical/devilutionx/blob/68d57bd2d742dd46799114dfb8a89a5888514837/CMakeLists.txt#L133,# Additional features,[],CMake,0,133,133
25555,diasurgical/devilutionx,https://github.com/diasurgical/devilutionx/blob/68d57bd2d742dd46799114dfb8a89a5888514837/CMakeLists.txt#L137,"# By default, devilutionx.mpq is built only if smpq is installed.",[],CMake,0,137,137
25555,diasurgical/devilutionx,https://github.com/diasurgical/devilutionx/blob/68d57bd2d742dd46799114dfb8a89a5888514837/CMakeLists.txt#L150,"# === Option overrides ===
# TSAN is not compatible with ASAN.",[],CMake,0,150,151
25555,diasurgical/devilutionx,https://github.com/diasurgical/devilutionx/blob/68d57bd2d742dd46799114dfb8a89a5888514837/CMakeLists.txt#L157,"# Work around MSVC + CMake bug when LTO is enabled.
# See https://github.com/diasurgical/devilutionX/issues/3778
# and https://gitlab.kitware.com/cmake/cmake/-/issues/23035",[],CMake,2,157,159
25555,diasurgical/devilutionx,https://github.com/diasurgical/devilutionx/blob/68d57bd2d742dd46799114dfb8a89a5888514837/CMakeLists.txt#L163,# Note: `CMAKE_CROSSCOMPILING` is only available after the `project` call.,[],CMake,0,163,163
25555,diasurgical/devilutionx,https://github.com/diasurgical/devilutionx/blob/68d57bd2d742dd46799114dfb8a89a5888514837/CMakeLists.txt#L169,# Testing requires demomode.,[],CMake,2,169,169
25555,diasurgical/devilutionx,https://github.com/diasurgical/devilutionx/blob/68d57bd2d742dd46799114dfb8a89a5888514837/CMakeLists.txt#L174,"# When tests are enabled, we build a shared devilutionx_so library, which needs to be PIC to link.",[],CMake,2,174,174
25555,diasurgical/devilutionx,https://github.com/diasurgical/devilutionx/blob/68d57bd2d742dd46799114dfb8a89a5888514837/CMakeLists.txt#L178,# Recalculate the dependent options that are defined before `include(Platforms)`:,[],CMake,0,178,178
25555,diasurgical/devilutionx,https://github.com/diasurgical/devilutionx/blob/68d57bd2d742dd46799114dfb8a89a5888514837/CMakeLists.txt#L180,"# PACKET_ENCRYPTION is defined before `Platforms.cmake` is included.
# This means that if a `Platforms.cmake` sets NONET to OFF, PACKET_ENCRYPTION will not automatically
# reflect that.",[],CMake,2,180,182
25555,diasurgical/devilutionx,https://github.com/diasurgical/devilutionx/blob/68d57bd2d742dd46799114dfb8a89a5888514837/CMakeLists.txt#L185,# === End of option overrides ===,[],CMake,0,185,185
25555,diasurgical/devilutionx,https://github.com/diasurgical/devilutionx/blob/68d57bd2d742dd46799114dfb8a89a5888514837/CMakeLists.txt#L213,"# Remove unused symbols in non-debug mode.
# This is useful even with LTO (-84 KiB with MinSizeRel).",[],CMake,0,213,214
25555,diasurgical/devilutionx,https://github.com/diasurgical/devilutionx/blob/68d57bd2d742dd46799114dfb8a89a5888514837/CMakeLists.txt#L216,"# For some reason, adding to CMAKE_CXX_FLAGS results in a slightly smaller
# binary than using `add_compile/link_options`",[],CMake,2,216,217
25555,diasurgical/devilutionx,https://github.com/diasurgical/devilutionx/blob/68d57bd2d742dd46799114dfb8a89a5888514837/CMakeLists.txt#L234,"# Not a genexp because CMake doesn't support it
# https://gitlab.kitware.com/cmake/cmake/-/issues/20546",[],CMake,0,234,235
25555,diasurgical/devilutionx,https://github.com/diasurgical/devilutionx/blob/68d57bd2d742dd46799114dfb8a89a5888514837/CMakeLists.txt#L237,# LTO if supported:,[],CMake,2,237,237
25555,diasurgical/devilutionx,https://github.com/diasurgical/devilutionx/blob/68d57bd2d742dd46799114dfb8a89a5888514837/CMakeLists.txt#L254,"# Compile with information about file and line numbers for everything
# even in non-Debug build types.",[],CMake,2,254,255
25555,diasurgical/devilutionx,https://github.com/diasurgical/devilutionx/blob/68d57bd2d742dd46799114dfb8a89a5888514837/CMakeLists.txt#L259,# Use the more size-efficient `-gmlt` option on clang.,[],CMake,4,259,259
25555,diasurgical/devilutionx,https://github.com/diasurgical/devilutionx/blob/68d57bd2d742dd46799114dfb8a89a5888514837/CMakeLists.txt#L264,"# Despite setting C++ standard to 20, features from this version are not being used.
# The oldest compiler used is GCC 6.5 - and that defines our C++ feature set (meaning most of C++17).
# It's present only to take advantage of fmt::format build time errors.",[],CMake,0,264,266
25555,diasurgical/devilutionx,https://github.com/diasurgical/devilutionx/blob/68d57bd2d742dd46799114dfb8a89a5888514837/CMakeLists.txt#L270,# for clang-tidy,[],CMake,38,270,270
25555,diasurgical/devilutionx,https://github.com/diasurgical/devilutionx/blob/68d57bd2d742dd46799114dfb8a89a5888514837/CMakeLists.txt#L275,# Dependencies must be included after Platforms.,[],CMake,0,275,275
25555,diasurgical/devilutionx,https://github.com/diasurgical/devilutionx/blob/68d57bd2d742dd46799114dfb8a89a5888514837/CMakeLists.txt#L288,# we only need libdevilutionx,[],CMake,36,288,288
25555,diasurgical/devilutionx,https://github.com/diasurgical/devilutionx/blob/68d57bd2d742dd46799114dfb8a89a5888514837/CMakeLists.txt#L316,# Must be included after `BIN_TARGET` and `libdevilutionx` are defined.,[],CMake,0,316,316
25555,diasurgical/devilutionx,https://github.com/diasurgical/devilutionx/blob/68d57bd2d742dd46799114dfb8a89a5888514837/CMakeLists.txt#L522,# Common *nix files,[],CMake,4,522,522
25555,diasurgical/devilutionx,https://github.com/diasurgical/devilutionx/blob/68d57bd2d742dd46799114dfb8a89a5888514837/CMakeLists.txt#L561,# -G DEB,[],CMake,4,561,561
25555,diasurgical/devilutionx,https://github.com/diasurgical/devilutionx/blob/68d57bd2d742dd46799114dfb8a89a5888514837/CMakeLists.txt#L570,# -G RPM,[],CMake,4,570,570
25555,diasurgical/devilutionx,https://github.com/diasurgical/devilutionx/blob/68d57bd2d742dd46799114dfb8a89a5888514837/3rdParty/SDL_audiolib/CMakeLists.txt#L9,# Will use our `fmt::fmt` target if it exists.,[],CMake,0,9,9
25555,diasurgical/devilutionx,https://github.com/diasurgical/devilutionx/blob/68d57bd2d742dd46799114dfb8a89a5888514837/3rdParty/SDL_audiolib/CMakeLists.txt#L12,# No need for the libsamplerate resampler:,[],CMake,0,12,12
25555,diasurgical/devilutionx,https://github.com/diasurgical/devilutionx/blob/68d57bd2d742dd46799114dfb8a89a5888514837/3rdParty/SDL_audiolib/CMakeLists.txt#L15,# No need for the SOX resampler:,[],CMake,0,15,15
25555,diasurgical/devilutionx,https://github.com/diasurgical/devilutionx/blob/68d57bd2d742dd46799114dfb8a89a5888514837/3rdParty/SDL_audiolib/CMakeLists.txt#L18,# Exceptions are only used for fatal errors which we can't handle anyway:,[],CMake,0,18,18
25555,diasurgical/devilutionx,https://github.com/diasurgical/devilutionx/blob/68d57bd2d742dd46799114dfb8a89a5888514837/3rdParty/SDL_audiolib/CMakeLists.txt#L21,# We do not need any of the audio formats except WAV and mp3:,[],CMake,0,21,21
25555,diasurgical/devilutionx,https://github.com/diasurgical/devilutionx/blob/68d57bd2d742dd46799114dfb8a89a5888514837/3rdParty/googletest/CMakeLists.txt#L3,# branch: v1.12.x (master no longer supports C++11),[],CMake,0,3,3
25555,diasurgical/devilutionx,https://github.com/diasurgical/devilutionx/blob/68d57bd2d742dd46799114dfb8a89a5888514837/3rdParty/googletest/CMakeLists.txt#L12,# For Windows: Prevent overriding the parent project's compiler/linker settings,[],CMake,0,12,12
25555,diasurgical/devilutionx,https://github.com/diasurgical/devilutionx/blob/68d57bd2d742dd46799114dfb8a89a5888514837/3rdParty/libfmt/CMakeLists.txt#L4,# Enable POSIX extensions such as `readlink` and `ftruncate`.,[],CMake,2,4,4
25555,diasurgical/devilutionx,https://github.com/diasurgical/devilutionx/blob/68d57bd2d742dd46799114dfb8a89a5888514837/3rdParty/libfmt/CMakeLists.txt#L15,# branch: nxdk-2022-07-19,[],CMake,2,15,15
25555,diasurgical/devilutionx,https://github.com/diasurgical/devilutionx/blob/68d57bd2d742dd46799114dfb8a89a5888514837/3rdParty/libpng/CMakeLists.txt#L4,"# Force CMake to raise an error if INTERPROCEDURAL_OPTIMIZATION
# is enabled and compiler does not support IPO",[],CMake,2,4,5
25555,diasurgical/devilutionx,https://github.com/diasurgical/devilutionx/blob/68d57bd2d742dd46799114dfb8a89a5888514837/3rdParty/libzt/CMakeLists.txt#L32,"# External library, ignore all warnings",[],CMake,4,32,32
25555,diasurgical/devilutionx,https://github.com/diasurgical/devilutionx/blob/68d57bd2d742dd46799114dfb8a89a5888514837/Source/CMakeLists.txt#L224,"# Use file GENERATE instead of configure_file because configure_file
# does not support generator expressions.",[],CMake,0,224,225
25555,diasurgical/devilutionx,https://github.com/diasurgical/devilutionx/blob/68d57bd2d742dd46799114dfb8a89a5888514837/CMake/Assets.cmake#L7,# vcpkg doesn't add its own tools directory to the search path,[],CMake,2,7,7
25555,diasurgical/devilutionx,https://github.com/diasurgical/devilutionx/blob/68d57bd2d742dd46799114dfb8a89a5888514837/CMake/Assets.cmake#L194,"# Copy assets to the build assets subdirectory. This serves two purposes:
# - If smpq is installed, devilutionx.mpq is built from these files.
# - If smpq is not installed, the game will load the assets directly from this directoy.",[],CMake,2,194,196
25555,diasurgical/devilutionx,https://github.com/diasurgical/devilutionx/blob/68d57bd2d742dd46799114dfb8a89a5888514837/CMake/Definitions.cmake#L1,# Defines without value,[],CMake,0,1,1
25555,diasurgical/devilutionx,https://github.com/diasurgical/devilutionx/blob/68d57bd2d742dd46799114dfb8a89a5888514837/CMake/Definitions.cmake#L28,# Defines with value,[],CMake,0,28,28
25555,diasurgical/devilutionx,https://github.com/diasurgical/devilutionx/blob/68d57bd2d742dd46799114dfb8a89a5888514837/CMake/Dependencies.cmake#L1,"# Options that control whether to use system dependencies or build them from source,
# and whether to link them statically.",[],CMake,0,1,2
25555,diasurgical/devilutionx,https://github.com/diasurgical/devilutionx/blob/68d57bd2d742dd46799114dfb8a89a5888514837/CMake/Dependencies.cmake#L23,# We use `USE_PTHREADS=1` here to get a version of SDL2 that supports threads.,[],CMake,2,23,23
25555,diasurgical/devilutionx,https://github.com/diasurgical/devilutionx/blob/68d57bd2d742dd46799114dfb8a89a5888514837/CMake/Dependencies.cmake#L38,"# On some distros, such as vitasdk, only the SDL2::SDL2-static target is available.
# Alias to SDL2::SDL2 because some finder scripts may refer to SDL2::SDL2.",[],CMake,6,38,39
25555,diasurgical/devilutionx,https://github.com/diasurgical/devilutionx/blob/68d57bd2d742dd46799114dfb8a89a5888514837/CMake/Dependencies.cmake#L41,"# Aliasing local targets is not supported on CMake < 3.18, so make it global.",[],CMake,8,41,41
25555,diasurgical/devilutionx,https://github.com/diasurgical/devilutionx/blob/68d57bd2d742dd46799114dfb8a89a5888514837/CMake/Dependencies.cmake#L48,"# Assume an older Debian derivate that comes with an sdl2-config.cmake
# that only defines `SDL2_LIBRARIES` (as -lSDL2) and `SDL2_INCLUDE_DIRS`.",[],CMake,6,48,49
25555,diasurgical/devilutionx,https://github.com/diasurgical/devilutionx/blob/68d57bd2d742dd46799114dfb8a89a5888514837/CMake/Dependencies.cmake#L53,"# Can't define an INTERFACE target with ::, so alias instead",[],CMake,6,53,53
25555,diasurgical/devilutionx,https://github.com/diasurgical/devilutionx/blob/68d57bd2d742dd46799114dfb8a89a5888514837/CMake/Dependencies.cmake#L87,# vcpkg uses sdl2-image as the package name,[],CMake,4,87,87
25555,diasurgical/devilutionx,https://github.com/diasurgical/devilutionx/blob/68d57bd2d742dd46799114dfb8a89a5888514837/CMake/Dependencies.cmake#L92,# Fall back on PkgConfig via FindSDL2_image.cmake,[],CMake,6,92,92
25555,diasurgical/devilutionx,https://github.com/diasurgical/devilutionx/blob/68d57bd2d742dd46799114dfb8a89a5888514837/CMake/Dependencies.cmake#L218,"# Aliasing local targets is not supported on CMake < 3.18, so make it global.",[],CMake,8,218,218
25555,diasurgical/devilutionx,https://github.com/diasurgical/devilutionx/blob/68d57bd2d742dd46799114dfb8a89a5888514837/CMake/VcPkgManifestFeatures.cmake#L1,# See https://vcpkg.readthedocs.io/en/latest/users/manifests/,[],CMake,0,1,1
25555,diasurgical/devilutionx,https://github.com/diasurgical/devilutionx/blob/68d57bd2d742dd46799114dfb8a89a5888514837/CMake/finders/FindGperftools.cmake#L1,# Based on https://github.com/baidu/braft/blob/e7776cd03ccc04f18d0f0911200617a89ac3cdf0/cmake/FindGperftools.cmake,[],CMake,0,1,1
25555,diasurgical/devilutionx,https://github.com/diasurgical/devilutionx/blob/68d57bd2d742dd46799114dfb8a89a5888514837/CMake/finders/FindGperftools.cmake#L3,"# Tries to find Gperftools.
#
# Usage of this module as follows:
#
#     find_package(Gperftools)
#
# Variables used by this module, they can change the default behaviour and need
# to be set before calling find_package:
#
#  Gperftools_ROOT_DIR  Set this variable to the root installation of
#                       Gperftools if the module has problems finding
#                       the proper installation path.
#
# Variables defined by this module:
#
#  GPERFTOOLS_FOUND              System has Gperftools libs/headers
#  GPERFTOOLS_LIBRARIES          The Gperftools libraries (tcmalloc & profiler)
#  GPERFTOOLS_INCLUDE_DIR        The location of Gperftools headers",[],CMake,0,3,20
25555,diasurgical/devilutionx,https://github.com/diasurgical/devilutionx/blob/68d57bd2d742dd46799114dfb8a89a5888514837/CMake/finders/Findsimpleini.cmake#L20,"# SimpleIni can be distributed as a header-only library, so the library is optional.",[],CMake,0,20,20
25555,diasurgical/devilutionx,https://github.com/diasurgical/devilutionx/blob/68d57bd2d742dd46799114dfb8a89a5888514837/CMake/finders/Findsimpleini.cmake#L32,# Header-only distribution.,[],CMake,4,32,32
25555,diasurgical/devilutionx,https://github.com/diasurgical/devilutionx/blob/68d57bd2d742dd46799114dfb8a89a5888514837/CMake/finders/Findsimpleini.cmake#L37,# A distribution with a library.,[],CMake,4,37,37
25555,diasurgical/devilutionx,https://github.com/diasurgical/devilutionx/blob/68d57bd2d742dd46799114dfb8a89a5888514837/CMake/finders/Findsodium.cmake#L1,"# Written in 2016 by Henrik Steffen Gaßmann <henrik@gassmann.onl>
#
# To the extent possible under law, the author(s) have dedicated all
# copyright and related and neighboring rights to this software to the
# public domain worldwide. This software is distributed without any warranty.
#
# You should have received a copy of the CC0 Public Domain Dedication
# along with this software. If not, see
#
#     https://creativecommons.org/publicdomain/zero/1.0/
#
########################################################################
# Tries to find the local libsodium installation.
#
# On Windows the sodium_DIR environment variable is used as a default
# hint which can be overridden by setting the corresponding cmake variable.
#
# Once done the following variables will be defined:
#
#   sodium_FOUND
#   sodium_INCLUDE_DIR
#   sodium_LIBRARY_DEBUG
#   sodium_LIBRARY_RELEASE
#   sodium_VERSION_STRING
#
# Furthermore an imported ""sodium"" target is created.
#",[],CMake,0,1,27
25555,diasurgical/devilutionx,https://github.com/diasurgical/devilutionx/blob/68d57bd2d742dd46799114dfb8a89a5888514837/CMake/finders/Findsodium.cmake#L34,# static library option,[],CMake,0,34,34
25555,diasurgical/devilutionx,https://github.com/diasurgical/devilutionx/blob/68d57bd2d742dd46799114dfb8a89a5888514837/CMake/finders/Findsodium.cmake#L48,"########################################################################
# UNIX",[],CMake,0,48,49
25555,diasurgical/devilutionx,https://github.com/diasurgical/devilutionx/blob/68d57bd2d742dd46799114dfb8a89a5888514837/CMake/finders/Findsodium.cmake#L51,# import pkg-config,[],CMake,4,51,51
25555,diasurgical/devilutionx,https://github.com/diasurgical/devilutionx/blob/68d57bd2d742dd46799114dfb8a89a5888514837/CMake/finders/Findsodium.cmake#L59,# Create a temporary list to manipulate the list of libraries we found,[],CMake,8,59,59
25555,diasurgical/devilutionx,https://github.com/diasurgical/devilutionx/blob/68d57bd2d742dd46799114dfb8a89a5888514837/CMake/finders/Findsodium.cmake#L62,# Mangle the library names into the format we need,[],CMake,8,62,62
25555,diasurgical/devilutionx,https://github.com/diasurgical/devilutionx/blob/68d57bd2d742dd46799114dfb8a89a5888514837/CMake/finders/Findsodium.cmake#L64,# ignore strings already ending with .a,[],CMake,50,64,64
25555,diasurgical/devilutionx,https://github.com/diasurgical/devilutionx/blob/68d57bd2d742dd46799114dfb8a89a5888514837/CMake/finders/Findsodium.cmake#L70,# Replace the list with our processed one,[],CMake,8,70,70
25555,diasurgical/devilutionx,https://github.com/diasurgical/devilutionx/blob/68d57bd2d742dd46799114dfb8a89a5888514837/CMake/finders/Findsodium.cmake#L73,"# if pkgconfig for libsodium doesn't provide
# static lib info, then override PKG_STATIC here..",[],CMake,8,73,74
25555,diasurgical/devilutionx,https://github.com/diasurgical/devilutionx/blob/68d57bd2d742dd46799114dfb8a89a5888514837/CMake/finders/Findsodium.cmake#L87,"# Feed pkgconfig results (if found) into standard find_* to populate
# the right CMake cache variables",[],CMake,4,87,88
25555,diasurgical/devilutionx,https://github.com/diasurgical/devilutionx/blob/68d57bd2d742dd46799114dfb8a89a5888514837/CMake/finders/Findsodium.cmake#L100,"########################################################################
# Windows",[],CMake,0,100,101
25555,diasurgical/devilutionx,https://github.com/diasurgical/devilutionx/blob/68d57bd2d742dd46799114dfb8a89a5888514837/CMake/finders/Findsodium.cmake#L112,# detect target architecture,[],CMake,8,112,112
25555,diasurgical/devilutionx,https://github.com/diasurgical/devilutionx/blob/68d57bd2d742dd46799114dfb8a89a5888514837/CMake/finders/Findsodium.cmake#L125,# construct library path,[],CMake,8,125,125
25555,diasurgical/devilutionx,https://github.com/diasurgical/devilutionx/blob/68d57bd2d742dd46799114dfb8a89a5888514837/CMake/finders/Findsodium.cmake#L212,"########################################################################
# unsupported",[],CMake,0,212,213
25555,diasurgical/devilutionx,https://github.com/diasurgical/devilutionx/blob/68d57bd2d742dd46799114dfb8a89a5888514837/CMake/finders/Findsodium.cmake#L219,"########################################################################
# common stuff",[],CMake,0,219,220
25555,diasurgical/devilutionx,https://github.com/diasurgical/devilutionx/blob/68d57bd2d742dd46799114dfb8a89a5888514837/CMake/finders/Findsodium.cmake#L222,# extract sodium version,[],CMake,0,222,222
25555,diasurgical/devilutionx,https://github.com/diasurgical/devilutionx/blob/68d57bd2d742dd46799114dfb8a89a5888514837/CMake/finders/Findsodium.cmake#L233,# communicate results,[],CMake,0,233,233
25555,diasurgical/devilutionx,https://github.com/diasurgical/devilutionx/blob/68d57bd2d742dd46799114dfb8a89a5888514837/CMake/finders/Findsodium.cmake#L236,# The name must be either uppercase or match the filename case.,[],CMake,11,236,236
25555,diasurgical/devilutionx,https://github.com/diasurgical/devilutionx/blob/68d57bd2d742dd46799114dfb8a89a5888514837/CMake/finders/Findsodium.cmake#L245,# mark file paths as advanced,[],CMake,0,245,245
25555,diasurgical/devilutionx,https://github.com/diasurgical/devilutionx/blob/68d57bd2d742dd46799114dfb8a89a5888514837/CMake/finders/Findsodium.cmake#L254,# create imported target,[],CMake,0,254,254
25555,diasurgical/devilutionx,https://github.com/diasurgical/devilutionx/blob/68d57bd2d742dd46799114dfb8a89a5888514837/CMake/functions/FetchContent_MakeAvailableExcludeFromAll.cmake#L1,# Like `FetchContent_MakeAvailable` but passes EXCLUDE_FROM_ALL to `add_subdirectory`.,[],CMake,0,1,1
25555,diasurgical/devilutionx,https://github.com/diasurgical/devilutionx/blob/68d57bd2d742dd46799114dfb8a89a5888514837/CMake/functions/dependency_options.cmake#L1,"# This function defines 2 options for finding and linking a dependency:
#
# 1. ${SYSTEM_OPTION_NAME}: whether to use the system version of the dependency (default: ${DEFAULT_SYSTEM_VALUE})
# 2. ${STATIC_OPTION_NAME}: whether to link the dependency statically.
#    The default is ON if ${SYSTEM_OPTION_NAME} is OFF or if target does not support shared libraries.
#
# The ${LIB_NAME} argument is a human-readable library name only used in option description strings.",[],CMake,0,1,7
25555,diasurgical/devilutionx,https://github.com/diasurgical/devilutionx/blob/68d57bd2d742dd46799114dfb8a89a5888514837/CMake/functions/devilutionx_library.cmake#L4,"# This function is equivalent to `add_library` but applies DevilutionX-specific
# compilation flags to it.",[],CMake,0,4,5
25555,diasurgical/devilutionx,https://github.com/diasurgical/devilutionx/blob/68d57bd2d742dd46799114dfb8a89a5888514837/CMake/functions/devilutionx_library.cmake#L40,# Note: For Valgrind support.,[],CMake,4,40,40
25555,diasurgical/devilutionx,https://github.com/diasurgical/devilutionx/blob/68d57bd2d742dd46799114dfb8a89a5888514837/CMake/functions/devilutionx_library.cmake#L44,# Warnings for devilutionX,[],CMake,4,44,44
25555,diasurgical/devilutionx,https://github.com/diasurgical/devilutionx/blob/68d57bd2d742dd46799114dfb8a89a5888514837/CMake/functions/devilutionx_library.cmake#L47,# For ARM and other default unsigned char platforms,[],CMake,4,47,47
25555,diasurgical/devilutionx,https://github.com/diasurgical/devilutionx/blob/68d57bd2d742dd46799114dfb8a89a5888514837/CMake/functions/devilutionx_library.cmake#L52,# Enable POSIX extensions such as `readlink` and `ftruncate`.,[],CMake,4,52,52
25555,diasurgical/devilutionx,https://github.com/diasurgical/devilutionx/blob/68d57bd2d742dd46799114dfb8a89a5888514837/CMake/functions/devilutionx_library.cmake#L80,# See https://gitlab.kitware.com/cmake/cmake/-/issues/18090,[],CMake,2,80,80
25555,diasurgical/devilutionx,https://github.com/diasurgical/devilutionx/blob/68d57bd2d742dd46799114dfb8a89a5888514837/CMake/functions/emscripten_system_library.cmake#L1,"# This function defines a target that points to an Emscripten system library.
#
# Arguments:
#   LIB_NAME: a human-readable library name.
#   TARGET_NAME: the library target name
#   ...ARGN: Emscripten flags.
#
# Example:
#   emscripten_system_library(""SDL2_image"" SDL2::SDL2_image USE_SDL_IMAGE=2 ""SDL2_IMAGE_FORMATS='[\""png\""]'"")",[],CMake,0,1,9
25555,diasurgical/devilutionx,https://github.com/diasurgical/devilutionx/blob/68d57bd2d742dd46799114dfb8a89a5888514837/CMake/functions/genex.cmake#L1,# Generator expression helpers,[],CMake,0,1,1
25555,diasurgical/devilutionx,https://github.com/diasurgical/devilutionx/blob/68d57bd2d742dd46799114dfb8a89a5888514837/CMake/functions/genex.cmake#L3,"# If ""NEW"", `set(CACHE ...)` does not override non-cache variables",[],CMake,0,3,3
25555,diasurgical/devilutionx,https://github.com/diasurgical/devilutionx/blob/68d57bd2d742dd46799114dfb8a89a5888514837/CMake/functions/genex.cmake#L25,# Provide an option that defaults to ON in debug builds.,[],CMake,0,25,25
25555,diasurgical/devilutionx,https://github.com/diasurgical/devilutionx/blob/68d57bd2d742dd46799114dfb8a89a5888514837/CMake/functions/genex.cmake#L30,"# Provide an option that defaults to ON in non-debug builds.
# Note that this applies to Release, RelWithDebInfo, and MinSizeRel.",[],CMake,0,30,31
25555,diasurgical/devilutionx,https://github.com/diasurgical/devilutionx/blob/68d57bd2d742dd46799114dfb8a89a5888514837/CMake/functions/genex.cmake#L36,"# Generate a generator expression for the given variable's current value.
#
# Supported variable values and what the resulting generator expression will evaluate to:
# * FOR_DEBUG - 1 in Debug config.
# * FOR_RELEASE - 1 in non-Debug config (Release, RelWithDebInfo).
# * Boolean value (TRUE, FALSE, ON, 1, etc) - that value as 0 or 1.
#
# Result is set on ${option}_GENEX in the calling scope.",[],CMake,0,36,43
25555,diasurgical/devilutionx,https://github.com/diasurgical/devilutionx/blob/68d57bd2d742dd46799114dfb8a89a5888514837/CMake/functions/set_relative_file_macro.cmake#L1,# Sets the __FILE__ macro value to be relative to CMAKE_SOURCE_DIR.,[],CMake,0,1,1
25555,diasurgical/devilutionx,https://github.com/diasurgical/devilutionx/blob/68d57bd2d742dd46799114dfb8a89a5888514837/CMake/platforms/amiga.cmake#L7,# Enable exception support as they are used in dvlnet code,[],CMake,0,7,7
25555,diasurgical/devilutionx,https://github.com/diasurgical/devilutionx/blob/68d57bd2d742dd46799114dfb8a89a5888514837/CMake/platforms/amiga.cmake#L14,"# Do not warn about unknown attributes, such as [[nodiscard]].
# As this build uses an older compiler, there are lots of them.",[],CMake,0,14,15
25555,diasurgical/devilutionx,https://github.com/diasurgical/devilutionx/blob/68d57bd2d742dd46799114dfb8a89a5888514837/CMake/platforms/amiga.cmake#L18,# `fseeko` fails to link on Amiga.,[],CMake,0,18,18
25555,diasurgical/devilutionx,https://github.com/diasurgical/devilutionx/blob/68d57bd2d742dd46799114dfb8a89a5888514837/CMake/platforms/android.cmake#L1,# General build options.,[],CMake,0,1,1
25555,diasurgical/devilutionx,https://github.com/diasurgical/devilutionx/blob/68d57bd2d742dd46799114dfb8a89a5888514837/CMake/platforms/android.cmake#L4,"# Disable all system dependencies.
# All of these will be fetched via FetchContent and linked statically.",[],CMake,0,4,5
25555,diasurgical/devilutionx,https://github.com/diasurgical/devilutionx/blob/68d57bd2d742dd46799114dfb8a89a5888514837/CMake/platforms/android.cmake#L8,# Static SDL2 on Android requires Position Independent Code.,[],CMake,0,8,8
25555,diasurgical/devilutionx,https://github.com/diasurgical/devilutionx/blob/68d57bd2d742dd46799114dfb8a89a5888514837/CMake/platforms/android.cmake#L18,# Package the assets with the APK.,[],CMake,0,18,18
25555,diasurgical/devilutionx,https://github.com/diasurgical/devilutionx/blob/68d57bd2d742dd46799114dfb8a89a5888514837/CMake/platforms/android.cmake#L22,# Disable sanitizers. They're not supported out-of-the-box.,[],CMake,0,22,22
25555,diasurgical/devilutionx,https://github.com/diasurgical/devilutionx/blob/68d57bd2d742dd46799114dfb8a89a5888514837/CMake/platforms/android.cmake#L26,# Disable in-game options to exit the game.,[],CMake,0,26,26
25555,diasurgical/devilutionx,https://github.com/diasurgical/devilutionx/blob/68d57bd2d742dd46799114dfb8a89a5888514837/CMake/platforms/emscripten.cmake#L8,"# Emscripten ports do have a bzip2 but it fails to link with this error:
#   warning: _BZ2_bzDecompress may need to be added to EXPORTED_FUNCTIONS if it arrives from a system library
#   error: undefined symbol: BZ2_bzDecompressEnd (referenced by top-level compiled C/C++ code)",[],CMake,0,8,10
25555,diasurgical/devilutionx,https://github.com/diasurgical/devilutionx/blob/68d57bd2d742dd46799114dfb8a89a5888514837/CMake/platforms/gkd350h.cmake#L5,"# Do not warn about unknown attributes, such as [[nodiscard]].
# As this build uses an older compiler, there are lots of them.",[],CMake,0,5,6
25555,diasurgical/devilutionx,https://github.com/diasurgical/devilutionx/blob/68d57bd2d742dd46799114dfb8a89a5888514837/CMake/platforms/gkd350h.cmake#L16,"# In joystick mode, GKD350h reports D-Pad as left stick,
# so we have to use keyboard mode instead.",[],CMake,0,16,17
25555,diasurgical/devilutionx,https://github.com/diasurgical/devilutionx/blob/68d57bd2d742dd46799114dfb8a89a5888514837/CMake/platforms/gkd350h.cmake#L31,# We swap Select and Start because Start + D-Pad is overtaken by the kernel.,[],CMake,0,31,31
25555,diasurgical/devilutionx,https://github.com/diasurgical/devilutionx/blob/68d57bd2d742dd46799114dfb8a89a5888514837/CMake/platforms/gkd350h.cmake#L32,# Select,[],CMake,37,32,32
25555,diasurgical/devilutionx,https://github.com/diasurgical/devilutionx/blob/68d57bd2d742dd46799114dfb8a89a5888514837/CMake/platforms/gkd350h.cmake#L33,# Start,[],CMake,36,33,33
25555,diasurgical/devilutionx,https://github.com/diasurgical/devilutionx/blob/68d57bd2d742dd46799114dfb8a89a5888514837/CMake/platforms/gkd350h.cmake#L38,# Unused joystick mappings (kept here for future reference).,[],CMake,0,38,38
25555,diasurgical/devilutionx,https://github.com/diasurgical/devilutionx/blob/68d57bd2d742dd46799114dfb8a89a5888514837/CMake/platforms/ios.cmake#L3,# General build options.,[],CMake,0,3,3
25555,diasurgical/devilutionx,https://github.com/diasurgical/devilutionx/blob/68d57bd2d742dd46799114dfb8a89a5888514837/CMake/platforms/ios.cmake#L6,"# Disable all system dependencies.
# All of these will be fetched via FetchContent and linked statically.",[],CMake,0,6,7
25555,diasurgical/devilutionx,https://github.com/diasurgical/devilutionx/blob/68d57bd2d742dd46799114dfb8a89a5888514837/CMake/platforms/ios.cmake#L18,# Disable sanitizers. They're not supported out-of-the-box.,[],CMake,0,18,18
25555,diasurgical/devilutionx,https://github.com/diasurgical/devilutionx/blob/68d57bd2d742dd46799114dfb8a89a5888514837/CMake/platforms/ios.toolchain.cmake#L1,"# This file is part of the ios-cmake project. It was retrieved from
# https://github.com/leetal/ios-cmake.git, which is a fork of
# https://github.com/gerstrong/ios-cmake.git, which is a fork of
# https://github.com/cristeab/ios-cmake.git, which is a fork of
# https://code.google.com/p/ios-cmake/. Which in turn is based off of
# the Platform/Darwin.cmake and Platform/UnixPaths.cmake files which
# are included with CMake 2.8.4
#
# The ios-cmake project is licensed under the new BSD license.
#
# Copyright (c) 2014, Bogdan Cristea and LTE Engineering Software,
# Kitware, Inc., Insight Software Consortium.  All rights reserved.
# Redistribution and use in source and binary forms, with or without
# modification, are permitted provided that the following conditions
# are met:
# 1. Redistributions of source code must retain the above copyright
# notice, this list of conditions and the following disclaimer.
#
# 2. Redistributions in binary form must reproduce the above copyright
# notice, this list of conditions and the following disclaimer in the
# documentation and/or other materials provided with the distribution.
#
# 3. Neither the name of the copyright holder nor the names of its
# contributors may be used to endorse or promote products derived from
# this software without specific prior written permission.
#
# THIS SOFTWARE IS PROVIDED BY THE COPYRIGHT HOLDERS AND CONTRIBUTORS
# ""AS IS"" AND ANY EXPRESS OR IMPLIED WARRANTIES, INCLUDING, BUT NOT
# LIMITED TO, THE IMPLIED WARRANTIES OF MERCHANTABILITY AND FITNESS
# FOR A PARTICULAR PURPOSE ARE DISCLAIMED. IN NO EVENT SHALL THE
# COPYRIGHT HOLDER OR CONTRIBUTORS BE LIABLE FOR ANY DIRECT, INDIRECT,
# INCIDENTAL, SPECIAL, EXEMPLARY, OR CONSEQUENTIAL DAMAGES (INCLUDING,
# BUT NOT LIMITED TO, PROCUREMENT OF SUBSTITUTE GOODS OR SERVICES;
# LOSS OF USE, DATA, OR PROFITS; OR BUSINESS INTERRUPTION) HOWEVER
# CAUSED AND ON ANY THEORY OF LIABILITY, WHETHER IN CONTRACT, STRICT
# LIABILITY, OR TORT (INCLUDING NEGLIGENCE OR OTHERWISE) ARISING IN
# ANY WAY OUT OF THE USE OF THIS SOFTWARE, EVEN IF ADVISED OF THE
# POSSIBILITY OF SUCH DAMAGE.
#
# This file is based off of the Platform/Darwin.cmake and
# Platform/UnixPaths.cmake files which are included with CMake 2.8.4
# It has been altered for iOS development.
#
# Updated by Alex Stewart (alexs.mac@gmail.com)
#
# *****************************************************************************
#      Now maintained by Alexander Widerberg (widerbergaren [at] gmail.com)
#                      under the BSD-3-Clause license
#                   https://github.com/leetal/ios-cmake
# *****************************************************************************
#
#                           INFORMATION / HELP
#
# The following options control the behaviour of this toolchain:
#
# PLATFORM: (default ""OS64"")
#    OS = Build for iPhoneOS.
#    OS64 = Build for arm64 iphoneOS.
#    OS64COMBINED = Build for arm64 x86_64 iphoneOS. Combined into FAT STATIC lib (supported on 3.14+ of CMakewith ""-G Xcode"" argument ONLY)
#    SIMULATOR = Build for x86 i386 iphoneOS Simulator.
#    SIMULATOR64 = Build for x86_64 iphoneOS Simulator.
#    SIMULATORARM64 = Build for arm64 iphoneOS Simulator.
#    TVOS = Build for arm64 tvOS.
#    TVOSCOMBINED = Build for arm64 x86_64 tvOS. Combined into FAT STATIC lib (supported on 3.14+ of CMake with ""-G Xcode"" argument ONLY)
#    SIMULATOR_TVOS = Build for x86_64 tvOS Simulator.
#    WATCHOS = Build for armv7k arm64_32 for watchOS.
#    WATCHOSCOMBINED = Build for armv7k arm64_32 x86_64 watchOS. Combined into FAT STATIC lib (supported on 3.14+ of CMake with ""-G Xcode"" argument ONLY)
#    SIMULATOR_WATCHOS = Build for x86_64 for watchOS Simulator.
#    MAC = Build for x86_64 macOS.
#    MAC_ARM64 = Build for Apple Silicon macOS.
#    MAC_CATALYST = Build for x86_64 macOS with Catalyst support (iOS toolchain on macOS).
#                   Note: The build argument ""MACOSX_DEPLOYMENT_TARGET"" can be used to control min-version of macOS
#    MAC_CATALYST_ARM64 = Build for Apple Silicon macOS with Catalyst support (iOS toolchain on macOS).
#                         Note: The build argument ""MACOSX_DEPLOYMENT_TARGET"" can be used to control min-version of macOS
#
# CMAKE_OSX_SYSROOT: Path to the SDK to use.  By default this is
#    automatically determined from PLATFORM and xcodebuild, but
#    can also be manually specified (although this should not be required).
#
# CMAKE_DEVELOPER_ROOT: Path to the Developer directory for the platform
#    being compiled for.  By default this is automatically determined from
#    CMAKE_OSX_SYSROOT, but can also be manually specified (although this should
#    not be required).
#
# DEPLOYMENT_TARGET: Minimum SDK version to target. Default 2.0 on watchOS and 9.0 on tvOS+iOS
#
# ENABLE_BITCODE: (1|0) Enables or disables bitcode support. Default 1 (true)
#
# ENABLE_ARC: (1|0) Enables or disables ARC support. Default 1 (true, ARC enabled by default)
#
# ENABLE_VISIBILITY: (1|0) Enables or disables symbol visibility support. Default 0 (false, visibility hidden by default)
#
# ENABLE_STRICT_TRY_COMPILE: (1|0) Enables or disables strict try_compile() on all Check* directives (will run linker
#    to actually check if linking is possible). Default 0 (false, will set CMAKE_TRY_COMPILE_TARGET_TYPE to STATIC_LIBRARY)
#
# ARCHS: (armv7 armv7s armv7k arm64 arm64_32 i386 x86_64) If specified, will override the default architectures for the given PLATFORM
#    OS = armv7 armv7s arm64 (if applicable)
#    OS64 = arm64 (if applicable)
#    SIMULATOR = i386
#    SIMULATOR64 = x86_64
#    SIMULATORARM64 = arm64
#    TVOS = arm64
#    SIMULATOR_TVOS = x86_64 (i386 has since long been deprecated)
#    WATCHOS = armv7k arm64_32 (if applicable)
#    SIMULATOR_WATCHOS = x86_64 (i386 has since long been deprecated)
#    MAC = x86_64
#    MAC_ARM64 = arm64
#    MAC_CATALYST = x86_64
#    MAC_CATALYST_ARM64 = arm64
#
# This toolchain defines the following properties (available via get_property()) for use externally:
#
# PLATFORM: The currently targeted platform.
# XCODE_VERSION: Version number (not including Build version) of Xcode detected.
# SDK_VERSION: Version of SDK being used.
# OSX_ARCHITECTURES: Architectures being compiled for (generated from PLATFORM).
# APPLE_TARGET_TRIPLE: Used by autoconf build systems. NOTE: If ""ARCHS"" are overridden, this will *NOT* be set!
#
# This toolchain defines the following macros for use externally:
#
# set_xcode_property (TARGET XCODE_PROPERTY XCODE_VALUE XCODE_VARIANT)
#   A convenience macro for setting xcode specific properties on targets.
#   Available variants are: All, Release, RelWithDebInfo, Debug, MinSizeRel
#   example: set_xcode_property (myioslib IPHONEOS_DEPLOYMENT_TARGET ""3.1"" ""all"").
#
# find_host_package (PROGRAM ARGS)
#   A macro used to find executable programs on the host system, not within the
#   environment. Thanks to the android-cmake project for providing the
#   command.
#",[],CMake,0,1,130
25555,diasurgical/devilutionx,https://github.com/diasurgical/devilutionx/blob/68d57bd2d742dd46799114dfb8a89a5888514837/CMake/platforms/ios.toolchain.cmake#L134,"# CMake invokes the toolchain file twice during the first build, but only once during subsequent rebuilds.",[],CMake,0,134,134
25555,diasurgical/devilutionx,https://github.com/diasurgical/devilutionx/blob/68d57bd2d742dd46799114dfb8a89a5888514837/CMake/platforms/ios.toolchain.cmake#L140,"###############################################################################
#                                  OPTIONS                                    #
###############################################################################",[],CMake,0,140,142
25555,diasurgical/devilutionx,https://github.com/diasurgical/devilutionx/blob/68d57bd2d742dd46799114dfb8a89a5888514837/CMake/platforms/ios.toolchain.cmake#L146,"###############################################################################
#                                END OPTIONS                                  #
###############################################################################",[],CMake,0,146,148
25555,diasurgical/devilutionx,https://github.com/diasurgical/devilutionx/blob/68d57bd2d742dd46799114dfb8a89a5888514837/CMake/platforms/ios.toolchain.cmake#L150,# List of supported platform values,[],CMake,0,150,150
25555,diasurgical/devilutionx,https://github.com/diasurgical/devilutionx/blob/68d57bd2d742dd46799114dfb8a89a5888514837/CMake/platforms/ios.toolchain.cmake#L158,# Cache what generator is used,[],CMake,0,158,158
25555,diasurgical/devilutionx,https://github.com/diasurgical/devilutionx/blob/68d57bd2d742dd46799114dfb8a89a5888514837/CMake/platforms/ios.toolchain.cmake#L161,# Check if using a CMake version capable of building combined FAT builds (simulator and target slices combined in one static lib),[],CMake,0,161,161
25555,diasurgical/devilutionx,https://github.com/diasurgical/devilutionx/blob/68d57bd2d742dd46799114dfb8a89a5888514837/CMake/platforms/ios.toolchain.cmake#L172,# Environment variables are always preserved.,[],CMake,2,172,172
25555,diasurgical/devilutionx,https://github.com/diasurgical/devilutionx/blob/68d57bd2d742dd46799114dfb8a89a5888514837/CMake/platforms/ios.toolchain.cmake#L190,"# Assuming that xcode 12.0 is installed you most probably have ios sdk 14.0 or later installed (tested on Big Sur)
# if you don't set a deployment target it will be set the way you only get 64-bit builds",[],CMake,0,190,191
25555,diasurgical/devilutionx,https://github.com/diasurgical/devilutionx/blob/68d57bd2d742dd46799114dfb8a89a5888514837/CMake/platforms/ios.toolchain.cmake#L197,# Check if the platform variable is set,[],CMake,0,197,197
25555,diasurgical/devilutionx,https://github.com/diasurgical/devilutionx/blob/68d57bd2d742dd46799114dfb8a89a5888514837/CMake/platforms/ios.toolchain.cmake#L199,# Environment variables are always preserved.,[],CMake,2,199,199
25555,diasurgical/devilutionx,https://github.com/diasurgical/devilutionx/blob/68d57bd2d742dd46799114dfb8a89a5888514837/CMake/platforms/ios.toolchain.cmake#L211,# Safeguard that the platform value is set and is one of the supported values,[],CMake,0,211,211
25555,diasurgical/devilutionx,https://github.com/diasurgical/devilutionx/blob/68d57bd2d742dd46799114dfb8a89a5888514837/CMake/platforms/ios.toolchain.cmake#L219,# Check if Apple Silicon is supported,[],CMake,0,219,219
25555,diasurgical/devilutionx,https://github.com/diasurgical/devilutionx/blob/68d57bd2d742dd46799114dfb8a89a5888514837/CMake/platforms/ios.toolchain.cmake#L224,"# Touch toolchain variable to suppress ""unused variable"" warning.
# This happens if CMake is invoked with the same command line the second time.",[],CMake,0,224,225
25555,diasurgical/devilutionx,https://github.com/diasurgical/devilutionx/blob/68d57bd2d742dd46799114dfb8a89a5888514837/CMake/platforms/ios.toolchain.cmake#L235,# Specify minimum version of deployment target.,[],CMake,0,235,235
25555,diasurgical/devilutionx,https://github.com/diasurgical/devilutionx/blob/68d57bd2d742dd46799114dfb8a89a5888514837/CMake/platforms/ios.toolchain.cmake#L238,"# Unless specified, SDK version 4.0 is used by default as minimum target version (watchOS).",[],CMake,4,238,238
25555,diasurgical/devilutionx,https://github.com/diasurgical/devilutionx/blob/68d57bd2d742dd46799114dfb8a89a5888514837/CMake/platforms/ios.toolchain.cmake#L241,"# Unless specified, SDK version 10.13 (High sierra) is used by default as minimum target version (macos).",[],CMake,4,241,241
25555,diasurgical/devilutionx,https://github.com/diasurgical/devilutionx/blob/68d57bd2d742dd46799114dfb8a89a5888514837/CMake/platforms/ios.toolchain.cmake#L244,"# Unless specified, SDK version 11.0 (Big Sur) is used by default as minimum target version (macos on arm).",[],CMake,4,244,244
25555,diasurgical/devilutionx,https://github.com/diasurgical/devilutionx/blob/68d57bd2d742dd46799114dfb8a89a5888514837/CMake/platforms/ios.toolchain.cmake#L247,"# Unless specified, SDK version 13.0 is used by default as minimum target version (mac catalyst minimum requirement).",[],CMake,4,247,247
25555,diasurgical/devilutionx,https://github.com/diasurgical/devilutionx/blob/68d57bd2d742dd46799114dfb8a89a5888514837/CMake/platforms/ios.toolchain.cmake#L250,"# Unless specified, SDK version 11.0 is used by default as minimum target version (iOS, tvOS).",[],CMake,4,250,250
25555,diasurgical/devilutionx,https://github.com/diasurgical/devilutionx/blob/68d57bd2d742dd46799114dfb8a89a5888514837/CMake/platforms/ios.toolchain.cmake#L258,# Store the DEPLOYMENT_TARGET in the cache,[],CMake,0,258,258
25555,diasurgical/devilutionx,https://github.com/diasurgical/devilutionx/blob/68d57bd2d742dd46799114dfb8a89a5888514837/CMake/platforms/ios.toolchain.cmake#L261,# Handle the case where we are targeting iOS and a version above 10.3.4 (32-bit support dropped officially),[],CMake,0,261,261
25555,diasurgical/devilutionx,https://github.com/diasurgical/devilutionx/blob/68d57bd2d742dd46799114dfb8a89a5888514837/CMake/platforms/ios.toolchain.cmake#L276,"# Determine the platform name and architectures for use in xcodebuild commands
# from the specified PLATFORM_INT name.",[],CMake,0,276,277
25555,diasurgical/devilutionx,https://github.com/diasurgical/devilutionx/blob/68d57bd2d742dd46799114dfb8a89a5888514837/CMake/platforms/ios.toolchain.cmake#L290,"# Add arm64e when Apple have fixed the integration issues with it, libarclite_iphoneos.a is currently missung bitcode markers for example",[],CMake,23,290,290
25555,diasurgical/devilutionx,https://github.com/diasurgical/devilutionx/blob/68d57bd2d742dd46799114dfb8a89a5888514837/CMake/platforms/ios.toolchain.cmake#L303,"# Add arm64e when Apple have fixed the integration issues with it, libarclite_iphoneos.a is currently missung bitcode markers for example",[],CMake,32,303,303
25555,diasurgical/devilutionx,https://github.com/diasurgical/devilutionx/blob/68d57bd2d742dd46799114dfb8a89a5888514837/CMake/platforms/ios.toolchain.cmake#L472,"# If user did not specify the SDK root to use, then query xcodebuild for it.",[],CMake,0,472,472
25555,diasurgical/devilutionx,https://github.com/diasurgical/devilutionx/blob/68d57bd2d742dd46799114dfb8a89a5888514837/CMake/platforms/ios.toolchain.cmake#L474,# Environment variables are always preserved.,[],CMake,2,474,474
25555,diasurgical/devilutionx,https://github.com/diasurgical/devilutionx/blob/68d57bd2d742dd46799114dfb8a89a5888514837/CMake/platforms/ios.toolchain.cmake#L494,# Specify the location or name of the platform SDK to be used in CMAKE_OSX_SYSROOT.,[],CMake,2,494,494
25555,diasurgical/devilutionx,https://github.com/diasurgical/devilutionx/blob/68d57bd2d742dd46799114dfb8a89a5888514837/CMake/platforms/ios.toolchain.cmake#L498,# Use bitcode or not,[],CMake,0,498,498
25555,diasurgical/devilutionx,https://github.com/diasurgical/devilutionx/blob/68d57bd2d742dd46799114dfb8a89a5888514837/CMake/platforms/ios.toolchain.cmake#L500,"# Unless specified, enable bitcode support by default",[],CMake,2,500,500
25555,diasurgical/devilutionx,https://github.com/diasurgical/devilutionx/blob/68d57bd2d742dd46799114dfb8a89a5888514837/CMake/platforms/ios.toolchain.cmake#L509,# Use ARC or not,[],CMake,0,509,509
25555,diasurgical/devilutionx,https://github.com/diasurgical/devilutionx/blob/68d57bd2d742dd46799114dfb8a89a5888514837/CMake/platforms/ios.toolchain.cmake#L511,"# Unless specified, enable ARC support by default",[],CMake,2,511,511
25555,diasurgical/devilutionx,https://github.com/diasurgical/devilutionx/blob/68d57bd2d742dd46799114dfb8a89a5888514837/CMake/platforms/ios.toolchain.cmake#L516,# Use hidden visibility or not,[],CMake,0,516,516
25555,diasurgical/devilutionx,https://github.com/diasurgical/devilutionx/blob/68d57bd2d742dd46799114dfb8a89a5888514837/CMake/platforms/ios.toolchain.cmake#L518,"# Unless specified, disable symbols visibility by default",[],CMake,2,518,518
25555,diasurgical/devilutionx,https://github.com/diasurgical/devilutionx/blob/68d57bd2d742dd46799114dfb8a89a5888514837/CMake/platforms/ios.toolchain.cmake#L523,# Set strict compiler checks or not,[],CMake,0,523,523
25555,diasurgical/devilutionx,https://github.com/diasurgical/devilutionx/blob/68d57bd2d742dd46799114dfb8a89a5888514837/CMake/platforms/ios.toolchain.cmake#L525,"# Unless specified, disable strict try_compile()",[],CMake,2,525,525
25555,diasurgical/devilutionx,https://github.com/diasurgical/devilutionx/blob/68d57bd2d742dd46799114dfb8a89a5888514837/CMake/platforms/ios.toolchain.cmake#L532,# Get the SDK version information.,[],CMake,0,532,532
25555,diasurgical/devilutionx,https://github.com/diasurgical/devilutionx/blob/68d57bd2d742dd46799114dfb8a89a5888514837/CMake/platforms/ios.toolchain.cmake#L534,# Environment variables are always preserved.,[],CMake,2,534,534
25555,diasurgical/devilutionx,https://github.com/diasurgical/devilutionx/blob/68d57bd2d742dd46799114dfb8a89a5888514837/CMake/platforms/ios.toolchain.cmake#L545,"# Find the Developer root for the specific iOS platform being compiled for
# from CMAKE_OSX_SYSROOT.  Should be ../../ from SDK specified in
# CMAKE_OSX_SYSROOT. There does not appear to be a direct way to obtain
# this information from xcrun or xcodebuild.",[],CMake,0,545,548
25555,diasurgical/devilutionx,https://github.com/diasurgical/devilutionx/blob/68d57bd2d742dd46799114dfb8a89a5888514837/CMake/platforms/ios.toolchain.cmake#L557,# Find the C & C++ compilers for the specified SDK.,[],CMake,0,557,557
25555,diasurgical/devilutionx,https://github.com/diasurgical/devilutionx/blob/68d57bd2d742dd46799114dfb8a89a5888514837/CMake/platforms/ios.toolchain.cmake#L559,# Environment variables are always preserved.,[],CMake,2,559,559
25555,diasurgical/devilutionx,https://github.com/diasurgical/devilutionx/blob/68d57bd2d742dd46799114dfb8a89a5888514837/CMake/platforms/ios.toolchain.cmake#L572,# Environment variables are always preserved.,[],CMake,2,572,572
25555,diasurgical/devilutionx,https://github.com/diasurgical/devilutionx/blob/68d57bd2d742dd46799114dfb8a89a5888514837/CMake/platforms/ios.toolchain.cmake#L582,# Find (Apple's) libtool.,[],CMake,0,582,582
25555,diasurgical/devilutionx,https://github.com/diasurgical/devilutionx/blob/68d57bd2d742dd46799114dfb8a89a5888514837/CMake/platforms/ios.toolchain.cmake#L584,# Environment variables are always preserved.,[],CMake,2,584,584
25555,diasurgical/devilutionx,https://github.com/diasurgical/devilutionx/blob/68d57bd2d742dd46799114dfb8a89a5888514837/CMake/platforms/ios.toolchain.cmake#L594,# Find the toolchain's provided install_name_tool if none is found on the host,[],CMake,0,594,594
25555,diasurgical/devilutionx,https://github.com/diasurgical/devilutionx/blob/68d57bd2d742dd46799114dfb8a89a5888514837/CMake/platforms/ios.toolchain.cmake#L596,# Environment variables are always preserved.,[],CMake,2,596,596
25555,diasurgical/devilutionx,https://github.com/diasurgical/devilutionx/blob/68d57bd2d742dd46799114dfb8a89a5888514837/CMake/platforms/ios.toolchain.cmake#L608,"# Configure libtool to be used instead of ar + ranlib to build static libraries.
# This is required on Xcode 7+, but should also work on previous versions of
# Xcode.",[],CMake,0,608,610
25555,diasurgical/devilutionx,https://github.com/diasurgical/devilutionx/blob/68d57bd2d742dd46799114dfb8a89a5888514837/CMake/platforms/ios.toolchain.cmake#L616,"# CMake 3.14+ support building for iOS, watchOS and tvOS out of the box.",[],CMake,0,616,616
25555,diasurgical/devilutionx,https://github.com/diasurgical/devilutionx/blob/68d57bd2d742dd46799114dfb8a89a5888514837/CMake/platforms/ios.toolchain.cmake#L627,# Provide flags for a combined FAT library build on newer CMake versions,[],CMake,2,627,627
25555,diasurgical/devilutionx,https://github.com/diasurgical/devilutionx/blob/68d57bd2d742dd46799114dfb8a89a5888514837/CMake/platforms/ios.toolchain.cmake#L634,# Legacy code path prior to CMake 3.14 or fallback if no CMAKE_SYSTEM_NAME specified,[],CMake,2,634,634
25555,diasurgical/devilutionx,https://github.com/diasurgical/devilutionx/blob/68d57bd2d742dd46799114dfb8a89a5888514837/CMake/platforms/ios.toolchain.cmake#L637,# Legacy code path prior to CMake 3.14 or fallback if no CMAKE_SYSTEM_NAME specified,[],CMake,2,637,637
25555,diasurgical/devilutionx,https://github.com/diasurgical/devilutionx/blob/68d57bd2d742dd46799114dfb8a89a5888514837/CMake/platforms/ios.toolchain.cmake#L640,# Standard settings.,[],CMake,0,640,640
25555,diasurgical/devilutionx,https://github.com/diasurgical/devilutionx/blob/68d57bd2d742dd46799114dfb8a89a5888514837/CMake/platforms/ios.toolchain.cmake#L656,# Set the architectures for which to build.,[],CMake,0,656,656
25555,diasurgical/devilutionx,https://github.com/diasurgical/devilutionx/blob/68d57bd2d742dd46799114dfb8a89a5888514837/CMake/platforms/ios.toolchain.cmake#L658,"# Change the type of target generated for try_compile() so it'll work when cross-compiling, weak compiler checks",[],CMake,0,658,658
25555,diasurgical/devilutionx,https://github.com/diasurgical/devilutionx/blob/68d57bd2d742dd46799114dfb8a89a5888514837/CMake/platforms/ios.toolchain.cmake#L662,# All iOS/Darwin specific settings - some may be redundant.,[],CMake,0,662,662
25555,diasurgical/devilutionx,https://github.com/diasurgical/devilutionx/blob/68d57bd2d742dd46799114dfb8a89a5888514837/CMake/platforms/ios.toolchain.cmake#L694,"# Note that only Xcode 7+ supports the newer more specific:
# -m${SDK_NAME}-version-min flags, older versions of Xcode use:
# -m(ios/ios-simulator)-version-min instead.",[],CMake,0,694,696
25555,diasurgical/devilutionx,https://github.com/diasurgical/devilutionx/blob/68d57bd2d742dd46799114dfb8a89a5888514837/CMake/platforms/ios.toolchain.cmake#L703,# Xcode 7.0+ uses flags we can build directly from SDK_NAME.,[],CMake,6,703,703
25555,diasurgical/devilutionx,https://github.com/diasurgical/devilutionx/blob/68d57bd2d742dd46799114dfb8a89a5888514837/CMake/platforms/ios.toolchain.cmake#L723,# SIMULATOR or SIMULATOR64 both use -mios-simulator-version-min.,[],CMake,4,723,723
25555,diasurgical/devilutionx,https://github.com/diasurgical/devilutionx/blob/68d57bd2d742dd46799114dfb8a89a5888514837/CMake/platforms/ios.toolchain.cmake#L728,"# Newer versions of CMake sets the version min flags correctly, skip this for Mac Catalyst targets",[],CMake,2,728,728
25555,diasurgical/devilutionx,https://github.com/diasurgical/devilutionx/blob/68d57bd2d742dd46799114dfb8a89a5888514837/CMake/platforms/ios.toolchain.cmake#L778,"#Check if Xcode generator is used, since that will handle these flags automagically",[],CMake,0,778,778
25555,diasurgical/devilutionx,https://github.com/diasurgical/devilutionx/blob/68d57bd2d742dd46799114dfb8a89a5888514837/CMake/platforms/ios.toolchain.cmake#L809,## Print status messages to inform of the current state,[],CMake,0,809,809
25555,diasurgical/devilutionx,https://github.com/diasurgical/devilutionx/blob/68d57bd2d742dd46799114dfb8a89a5888514837/CMake/platforms/ios.toolchain.cmake#L850,# Set global properties,[],CMake,0,850,850
25555,diasurgical/devilutionx,https://github.com/diasurgical/devilutionx/blob/68d57bd2d742dd46799114dfb8a89a5888514837/CMake/platforms/ios.toolchain.cmake#L857,# Export configurable variables for the try_compile() command.,[],CMake,0,857,857
25555,diasurgical/devilutionx,https://github.com/diasurgical/devilutionx/blob/68d57bd2d742dd46799114dfb8a89a5888514837/CMake/platforms/ios.toolchain.cmake#L910,"# Set the find root to the SDK developer roots.
# Note: CMAKE_FIND_ROOT_PATH is only useful when cross-compiling. Thus, do not set on macOS builds.",[],CMake,0,910,911
25555,diasurgical/devilutionx,https://github.com/diasurgical/devilutionx/blob/68d57bd2d742dd46799114dfb8a89a5888514837/CMake/platforms/ios.toolchain.cmake#L917,# Default to searching for frameworks first.,[],CMake,0,917,917
25555,diasurgical/devilutionx,https://github.com/diasurgical/devilutionx/blob/68d57bd2d742dd46799114dfb8a89a5888514837/CMake/platforms/ios.toolchain.cmake#L920,# Set up the default search directories for frameworks.,[],CMake,0,920,920
25555,diasurgical/devilutionx,https://github.com/diasurgical/devilutionx/blob/68d57bd2d742dd46799114dfb8a89a5888514837/CMake/platforms/ios.toolchain.cmake#L934,"# By default, search both the specified iOS SDK and the remainder of the host filesystem.",[],CMake,0,934,934
25555,diasurgical/devilutionx,https://github.com/diasurgical/devilutionx/blob/68d57bd2d742dd46799114dfb8a89a5888514837/CMake/platforms/ios.toolchain.cmake#L948,"#
# Some helper-macros below to simplify and beautify the CMakeFile
#",[],CMake,0,948,950
25555,diasurgical/devilutionx,https://github.com/diasurgical/devilutionx/blob/68d57bd2d742dd46799114dfb8a89a5888514837/CMake/platforms/ios.toolchain.cmake#L952,# This little macro lets you set any Xcode specific property.,[],CMake,0,952,952
25555,diasurgical/devilutionx,https://github.com/diasurgical/devilutionx/blob/68d57bd2d742dd46799114dfb8a89a5888514837/CMake/platforms/ios.toolchain.cmake#L962,# This macro lets you find executable programs on the host system.,[],CMake,0,962,962
25555,diasurgical/devilutionx,https://github.com/diasurgical/devilutionx/blob/68d57bd2d742dd46799114dfb8a89a5888514837/CMake/platforms/lepus.cmake#L15,"# OpenDingux Beta does not currently support X-OD-NeedsJoystick,
# so we use KBCTRL instead. Unfortunately, this partially breaks
# external mouse and keyboard support.",[],CMake,0,15,17
25555,diasurgical/devilutionx,https://github.com/diasurgical/devilutionx/blob/68d57bd2d742dd46799114dfb8a89a5888514837/CMake/platforms/lepus.cmake#L30,# Select,[],CMake,36,30,30
25555,diasurgical/devilutionx,https://github.com/diasurgical/devilutionx/blob/68d57bd2d742dd46799114dfb8a89a5888514837/CMake/platforms/lepus.cmake#L36,# Joystick mappings that have no effect on OpenDingux Beta:,[],CMake,0,36,36
25555,diasurgical/devilutionx,https://github.com/diasurgical/devilutionx/blob/68d57bd2d742dd46799114dfb8a89a5888514837/CMake/platforms/lepus.cmake#L58,# Map Power button to Esc (Menu in-game / Exit in-menu).,[],CMake,0,58,58
25555,diasurgical/devilutionx,https://github.com/diasurgical/devilutionx/blob/68d57bd2d742dd46799114dfb8a89a5888514837/CMake/platforms/linux_i386.toolchain.cmake#L6,# Affects pkg-config,[],CMake,0,6,6
25555,diasurgical/devilutionx,https://github.com/diasurgical/devilutionx/blob/68d57bd2d742dd46799114dfb8a89a5888514837/CMake/platforms/linux_i386.toolchain.cmake#L8,# Used by pkg-config on Debian,[],CMake,0,8,8
25555,diasurgical/devilutionx,https://github.com/diasurgical/devilutionx/blob/68d57bd2d742dd46799114dfb8a89a5888514837/CMake/platforms/linux_i386.toolchain.cmake#L13,# Find where 32-bit CMake modules are stored,[],CMake,0,13,13
25555,diasurgical/devilutionx,https://github.com/diasurgical/devilutionx/blob/68d57bd2d742dd46799114dfb8a89a5888514837/CMake/platforms/linux_i386.toolchain.cmake#L18,"# Read CMake modules from 32-bit packages
# set(CMAKE_FIND_ROOT_PATH ${DIR})
# set(CMAKE_FIND_ROOT_PATH_MODE_PROGRAM NEVER)
# set(CMAKE_FIND_ROOT_PATH_MODE_LIBRARY ONLY)
# set(CMAKE_FIND_ROOT_PATH_MODE_INCLUDE NEVER)",[],CMake,4,18,22
25555,diasurgical/devilutionx,https://github.com/diasurgical/devilutionx/blob/68d57bd2d742dd46799114dfb8a89a5888514837/CMake/platforms/linux_i386.toolchain.cmake#L25,# 32-bit NASM,[],CMake,0,25,25
25555,diasurgical/devilutionx,https://github.com/diasurgical/devilutionx/blob/68d57bd2d742dd46799114dfb8a89a5888514837/CMake/platforms/miyoo_mini.cmake#L14,# The mini's buttons are connected via GPIO and are mapped to keyboard inputs,[],CMake,0,14,14
25555,diasurgical/devilutionx,https://github.com/diasurgical/devilutionx/blob/68d57bd2d742dd46799114dfb8a89a5888514837/CMake/platforms/miyoo_mini.cmake#L20,# Select spell,[],CMake,32,20,20
25555,diasurgical/devilutionx,https://github.com/diasurgical/devilutionx/blob/68d57bd2d742dd46799114dfb8a89a5888514837/CMake/platforms/miyoo_mini.cmake#L21,# Attack,[],CMake,32,21,21
25555,diasurgical/devilutionx,https://github.com/diasurgical/devilutionx/blob/68d57bd2d742dd46799114dfb8a89a5888514837/CMake/platforms/miyoo_mini.cmake#L22,# cast spell,[],CMake,33,22,22
25555,diasurgical/devilutionx,https://github.com/diasurgical/devilutionx/blob/68d57bd2d742dd46799114dfb8a89a5888514837/CMake/platforms/miyoo_mini.cmake#L23,# pickup item,[],CMake,31,23,23
25555,diasurgical/devilutionx,https://github.com/diasurgical/devilutionx/blob/68d57bd2d742dd46799114dfb8a89a5888514837/CMake/platforms/miyoo_mini.cmake#L24,# use mana potion,[],CMake,40,24,24
25555,diasurgical/devilutionx,https://github.com/diasurgical/devilutionx/blob/68d57bd2d742dd46799114dfb8a89a5888514837/CMake/platforms/miyoo_mini.cmake#L25,# use health potion,[],CMake,39,25,25
25555,diasurgical/devilutionx,https://github.com/diasurgical/devilutionx/blob/68d57bd2d742dd46799114dfb8a89a5888514837/CMake/platforms/miyoo_mini.cmake#L26,# Use L2 for panel hotkeys,[],CMake,34,26,26
25555,diasurgical/devilutionx,https://github.com/diasurgical/devilutionx/blob/68d57bd2d742dd46799114dfb8a89a5888514837/CMake/platforms/miyoo_mini.cmake#L27,# Use R2 for spell hotkeys,[],CMake,39,27,27
25555,diasurgical/devilutionx,https://github.com/diasurgical/devilutionx/blob/68d57bd2d742dd46799114dfb8a89a5888514837/CMake/platforms/miyoo_mini.cmake#L29,# Map start to menu and select to automap.,[],CMake,0,29,29
25555,diasurgical/devilutionx,https://github.com/diasurgical/devilutionx/blob/68d57bd2d742dd46799114dfb8a89a5888514837/CMake/platforms/n3ds.cmake#L1,#General compilation options,[],CMake,0,1,1
25555,diasurgical/devilutionx,https://github.com/diasurgical/devilutionx/blob/68d57bd2d742dd46799114dfb8a89a5888514837/CMake/platforms/n3ds.cmake#L16,# 3DS libraries and compile definitions,[],CMake,0,16,16
25555,diasurgical/devilutionx,https://github.com/diasurgical/devilutionx/blob/68d57bd2d742dd46799114dfb8a89a5888514837/CMake/platforms/n3ds.cmake#L26,# The 3ds build handles the stripping in a custom way.,[],CMake,0,26,26
25555,diasurgical/devilutionx,https://github.com/diasurgical/devilutionx/blob/68d57bd2d742dd46799114dfb8a89a5888514837/CMake/platforms/n3ds.cmake#L29,#SDL video mode parameters,[],CMake,0,29,29
25555,diasurgical/devilutionx,https://github.com/diasurgical/devilutionx/blob/68d57bd2d742dd46799114dfb8a89a5888514837/CMake/platforms/n3ds.cmake#L36,#Deploy assets to romfs,[],CMake,0,36,36
25555,diasurgical/devilutionx,https://github.com/diasurgical/devilutionx/blob/68d57bd2d742dd46799114dfb8a89a5888514837/CMake/platforms/n3ds.cmake#L39,#SDL Joystick axis mapping (circle-pad/C-stick),[],CMake,0,39,39
25555,diasurgical/devilutionx,https://github.com/diasurgical/devilutionx/blob/68d57bd2d742dd46799114dfb8a89a5888514837/CMake/platforms/n3ds.cmake#L44,#SDL Joystick hat mapping (D-pad),[],CMake,0,44,44
25555,diasurgical/devilutionx,https://github.com/diasurgical/devilutionx/blob/68d57bd2d742dd46799114dfb8a89a5888514837/CMake/platforms/n3ds.cmake#L53,#SDL Joystick button mapping (A / B and X / Y inverted),[],CMake,0,53,53
25555,diasurgical/devilutionx,https://github.com/diasurgical/devilutionx/blob/68d57bd2d742dd46799114dfb8a89a5888514837/CMake/platforms/ps4.cmake#L10,"# Packbrew SDK provides SDL_image, but FindSDL2_image() fails to
# pick up its dependencies (with includes libjpeg, libwebp etc).
# One way to address this, is to do the following:
#
#   target_link_libraries(${BIN_TARGET} PUBLIC ${PC_SDL2_image_LIBRARIES})
#
# or simply use the in-tree copy as follows:",[],CMake,0,10,16
25555,diasurgical/devilutionx,https://github.com/diasurgical/devilutionx/blob/68d57bd2d742dd46799114dfb8a89a5888514837/CMake/platforms/ps4.cmake#L19,"# If the executable is stripped, create-fself fails with:
# Failed to build FSELF: no symbol section",[],CMake,0,19,20
25555,diasurgical/devilutionx,https://github.com/diasurgical/devilutionx/blob/68d57bd2d742dd46799114dfb8a89a5888514837/CMake/platforms/retrofw.cmake#L18,# Suspend,[],CMake,38,18,18
25555,diasurgical/devilutionx,https://github.com/diasurgical/devilutionx/blob/68d57bd2d742dd46799114dfb8a89a5888514837/CMake/platforms/retrofw.cmake#L19,# Select,[],CMake,36,19,19
25555,diasurgical/devilutionx,https://github.com/diasurgical/devilutionx/blob/68d57bd2d742dd46799114dfb8a89a5888514837/CMake/platforms/retrofw.cmake#L20,# Backlight,[],CMake,28,20,20
25555,diasurgical/devilutionx,https://github.com/diasurgical/devilutionx/blob/68d57bd2d742dd46799114dfb8a89a5888514837/CMake/platforms/rg350.cmake#L4,"# LTO temporarily disabled to work around a compiler bug.
# https://github.com/diasurgical/devilutionX/issues/4953",[],CMake,0,4,5
25555,diasurgical/devilutionx,https://github.com/diasurgical/devilutionx/blob/68d57bd2d742dd46799114dfb8a89a5888514837/CMake/platforms/rg350.cmake#L19,"# OpenDingux Beta does not currently support X-OD-NeedsJoystick,
# so we use KBCTRL instead. Unfortunately, this partially breaks
# external mouse and keyboard support.",[],CMake,0,19,21
25555,diasurgical/devilutionx,https://github.com/diasurgical/devilutionx/blob/68d57bd2d742dd46799114dfb8a89a5888514837/CMake/platforms/rg350.cmake#L34,# Select,[],CMake,36,34,34
25555,diasurgical/devilutionx,https://github.com/diasurgical/devilutionx/blob/68d57bd2d742dd46799114dfb8a89a5888514837/CMake/platforms/rg350.cmake#L40,# Joystick mappings that have no effect on OpenDingux Beta:,[],CMake,0,40,40
25555,diasurgical/devilutionx,https://github.com/diasurgical/devilutionx/blob/68d57bd2d742dd46799114dfb8a89a5888514837/CMake/platforms/rg350.cmake#L62,# Map Power button to Esc (Menu in-game / Exit in-menu).,[],CMake,0,62,62
25555,diasurgical/devilutionx,https://github.com/diasurgical/devilutionx/blob/68d57bd2d742dd46799114dfb8a89a5888514837/CMake/platforms/rg99.cmake#L1,# RG99 has the same layout as RG300 but only 32 MiB RAM,[],CMake,0,1,1
25555,diasurgical/devilutionx,https://github.com/diasurgical/devilutionx/blob/68d57bd2d742dd46799114dfb8a89a5888514837/CMake/platforms/rg99.cmake#L8,"# Link `libstdc++` dynamically: ~1.3 MiB.
# The OPK is mounted as squashfs and the binary is decompressed, while
# the system `libstdc++` resides on disk.",[],CMake,0,8,10
25555,diasurgical/devilutionx,https://github.com/diasurgical/devilutionx/blob/68d57bd2d742dd46799114dfb8a89a5888514837/CMake/platforms/rg99.cmake#L13,# -fmerge-all-constants saves ~4 KiB,[],CMake,0,13,13
25555,diasurgical/devilutionx,https://github.com/diasurgical/devilutionx/blob/68d57bd2d742dd46799114dfb8a89a5888514837/CMake/platforms/rg99.cmake#L18,# 128 KiB,[],CMake,0,18,18
25555,diasurgical/devilutionx,https://github.com/diasurgical/devilutionx/blob/68d57bd2d742dd46799114dfb8a89a5888514837/CMake/platforms/rg99.cmake#L21,# Must use a tiny audio buffer due to RAM constraints.,[],CMake,0,21,21
25555,diasurgical/devilutionx,https://github.com/diasurgical/devilutionx/blob/68d57bd2d742dd46799114dfb8a89a5888514837/CMake/platforms/rg99.cmake#L24,# Use lower resampling quality for FPS.,[],CMake,0,24,24
25555,diasurgical/devilutionx,https://github.com/diasurgical/devilutionx/blob/68d57bd2d742dd46799114dfb8a89a5888514837/CMake/platforms/rg99.cmake#L27,"# RG-99 hardware scaler can only scale YUV.
# The SDL library on RG-99 can convert 8-bit palettized surfaces to YUV automatically.",[],CMake,0,27,28
25555,diasurgical/devilutionx,https://github.com/diasurgical/devilutionx/blob/68d57bd2d742dd46799114dfb8a89a5888514837/CMake/platforms/rg99.cmake#L33,# Must be an HWSURFACE for the scaler to work.,[],CMake,0,33,33
25555,diasurgical/devilutionx,https://github.com/diasurgical/devilutionx/blob/68d57bd2d742dd46799114dfb8a89a5888514837/CMake/platforms/rg99.cmake#L36,"# Videos are 320x240, so they fit in video ram double-buffered.",[],CMake,0,36,36
25555,diasurgical/devilutionx,https://github.com/diasurgical/devilutionx/blob/68d57bd2d742dd46799114dfb8a89a5888514837/CMake/platforms/rg99.cmake#L52,# Suspend,[],CMake,38,52,52
25555,diasurgical/devilutionx,https://github.com/diasurgical/devilutionx/blob/68d57bd2d742dd46799114dfb8a89a5888514837/CMake/platforms/rg99.cmake#L53,# Select,[],CMake,36,53,53
25555,diasurgical/devilutionx,https://github.com/diasurgical/devilutionx/blob/68d57bd2d742dd46799114dfb8a89a5888514837/CMake/platforms/rg99.cmake#L54,# Backlight,[],CMake,28,54,54
25555,diasurgical/devilutionx,https://github.com/diasurgical/devilutionx/blob/68d57bd2d742dd46799114dfb8a89a5888514837/CMake/platforms/uwp_lib.cmake#L6,# setting all libs to be built statically and from source,[],CMake,0,6,6
25555,diasurgical/devilutionx,https://github.com/diasurgical/devilutionx/blob/68d57bd2d742dd46799114dfb8a89a5888514837/CMake/platforms/uwp_lib.cmake#L25,# not really necessary but a good measure for SDL related stuff,[],CMake,0,25,25
25555,diasurgical/devilutionx,https://github.com/diasurgical/devilutionx/blob/68d57bd2d742dd46799114dfb8a89a5888514837/CMake/platforms/ctr/Tools3DS.cmake#L1,"############################################################################
# Various macros for 3DS homebrews tools
#
# add_3dsx_target
# ^^^^^^^^^^^^^^^
#
# This macro has two signatures :
#
# ## add_3dsx_target(target [NO_SMDH])
#
# Adds a target that generates a .3dsx file from `target`. If NO_SMDH is specified, no .smdh file will be generated.
#
# You can set the following variables to change the SMDH file :
#
# * APP_TITLE is the name of the app stored in the SMDH file (Optional)
# * APP_DESCRIPTION is the description of the app stored in the SMDH file (Optional)
# * APP_AUTHOR is the author of the app stored in the SMDH file (Optional)
# * APP_ICON is the filename of the icon (.png), relative to the project folder.
#   If not set, it attempts to use one of the following (in this order):
#     - $(target).png
#     - icon.png
#     - $(libctru folder)/default_icon.png
#
# ## add_3dsx_target(target APP_TITLE APP_DESCRIPTION APP_AUTHOR [APP_ICON])
#
# This version will produce the SMDH with tha values passed as arguments. Tha APP_ICON is optional and follows the same rule as the other version of `add_3dsx_target`.
#
# add_cia_target(target RSF IMAGE SOUND [APP_TITLE APP_DESCRIPTION APP_AUTHOR [APP_ICON]])
# ^^^^^^^^^^^^^^
#
# Same as add_3dsx_target but for CIA files.
#
# RSF is the .rsf file to be given to makerom.
# IMAGE is either a .png or a cgfximage file.
# SOUND is either a .wav or a cwavaudio file.
#
# add_netload_target(name target_or_file)
# ^^^^^^^^^^^^^^^^^^
#
# Adds a target `name` that sends a .3dsx using the homebrew launcher netload system (3dslink).
# target_or_file is either the name of a target or of file.
#
# add_binary_library(target input1 [input2 ...])
# ^^^^^^^^^^^^^^^^^^
#
#    /!\ Requires ASM to be enabled ( `enable_language(ASM)` or `project(yourprojectname C CXX ASM)`)
#
# Converts the files given as input to arrays of their binary data. This is useful to embed resources into your project.
# For example, logo.bmp will generate the array `u8 logo_bmp[]` and its size `logo_bmp_size`. By linking this library, you
# will also have access to a generated header file called `logo_bmp.h` which contains the declarations you need to use it.
#
#   Note : All dots in the filename are converted to `_`, and if it starts with a number, `_` will be prepended.
#   For example 8x8.gas.tex would give the name _8x8_gas_tex.
#
# target_embed_file(target input1 [input2 ...])
# ^^^^^^^^^^^^^^^^^
#
# Same as add_binary_library(tempbinlib input1 [input2 ...]) + target_link_libraries(target tempbinlib)
#
# add_shbin(output input [entrypoint] [shader_type])
# ^^^^^^^^^^^^^^^^^^^^^^^
#
# Assembles the shader given as `input` into the file `output`. No file extension is added.
# You can choose the shader assembler by setting SHADER_AS to `picasso` or `nihstro`.
#
# If `nihstro` is set as the assembler, entrypoint and shader_type will be used.
# entrypoint is set to `main` by default
# shader_type can be either VSHADER or GSHADER. By default it is VSHADER.
#
# generate_shbins(input1 [input2 ...])
# ^^^^^^^^^^^^^^^^^^^^^^^^^^^^^^^^^^^^
#
# Assemble all the shader files given as input into .shbin files. Those will be located in the folder `shaders` of the build directory.
# The names of the output files will be <name of input without longest extension>.shbin. vshader.pica will output shader.shbin but shader.vertex.pica will output shader.shbin too.
#
# add_shbin_library(target input1 [input2 ...])
# ^^^^^^^^^^^^^^^^^^^^^^^^^^^^^^^^^^^^^^^^^^^^^
#
#    /!\ Requires ASM to be enabled ( `enable_language(ASM)` or `project(yourprojectname C CXX ASM)`)
#
# This is the same as calling generate_shbins and add_binary_library. This is the function to be used to reproduce devkitArm makefiles behaviour.
# For example, add_shbin_library(shaders data/my1stshader.vsh.pica) will generate the target library `shaders` and you
# will be able to use the shbin in your program by linking it, including `my1stshader_pica.h` and using `my1stshader_pica[]` and `my1stshader_pica_size`.
#
# target_embed_shader(target input1 [input2 ...])
# ^^^^^^^^^^^^^^^^^
#
# Same as add_shbin_library(tempbinlib input1 [input2 ...]) + target_link_libraries(target tempbinlib)
#
############################################################################",[],CMake,0,1,90
25555,diasurgical/devilutionx,https://github.com/diasurgical/devilutionx/blob/68d57bd2d742dd46799114dfb8a89a5888514837/CMake/platforms/ctr/Tools3DS.cmake#L96,# Used to locate files to be used with configure_file,[],CMake,70,96,96
25555,diasurgical/devilutionx,https://github.com/diasurgical/devilutionx/blob/68d57bd2d742dd46799114dfb8a89a5888514837/CMake/platforms/ctr/Tools3DS.cmake#L100,"##############
## 3DSXTOOL ##
##############",[],CMake,0,100,102
25555,diasurgical/devilutionx,https://github.com/diasurgical/devilutionx/blob/68d57bd2d742dd46799114dfb8a89a5888514837/CMake/platforms/ctr/Tools3DS.cmake#L104,"# message(STATUS ""Looking for 3dsxtool..."")",[],CMake,4,104,104
25555,diasurgical/devilutionx,https://github.com/diasurgical/devilutionx/blob/68d57bd2d742dd46799114dfb8a89a5888514837/CMake/platforms/ctr/Tools3DS.cmake#L114,"##############
## SMDHTOOL ##
##############",[],CMake,0,114,116
25555,diasurgical/devilutionx,https://github.com/diasurgical/devilutionx/blob/68d57bd2d742dd46799114dfb8a89a5888514837/CMake/platforms/ctr/Tools3DS.cmake#L118,"# message(STATUS ""Looking for smdhtool..."")",[],CMake,4,118,118
25555,diasurgical/devilutionx,https://github.com/diasurgical/devilutionx/blob/68d57bd2d742dd46799114dfb8a89a5888514837/CMake/platforms/ctr/Tools3DS.cmake#L127,"################
## BANNERTOOL ##
################",[],CMake,0,127,129
25555,diasurgical/devilutionx,https://github.com/diasurgical/devilutionx/blob/68d57bd2d742dd46799114dfb8a89a5888514837/CMake/platforms/ctr/Tools3DS.cmake#L131,"# message(STATUS ""Looking for bannertool..."")",[],CMake,4,131,131
25555,diasurgical/devilutionx,https://github.com/diasurgical/devilutionx/blob/68d57bd2d742dd46799114dfb8a89a5888514837/CMake/platforms/ctr/Tools3DS.cmake#L142,"#############
## MAKEROM ##
#############",[],CMake,0,142,144
25555,diasurgical/devilutionx,https://github.com/diasurgical/devilutionx/blob/68d57bd2d742dd46799114dfb8a89a5888514837/CMake/platforms/ctr/Tools3DS.cmake#L146,"# message(STATUS ""Looking for makerom..."")",[],CMake,4,146,146
25555,diasurgical/devilutionx,https://github.com/diasurgical/devilutionx/blob/68d57bd2d742dd46799114dfb8a89a5888514837/CMake/platforms/ctr/Tools3DS.cmake#L157,"#############
##  STRIP  ##
#############",[],CMake,0,157,159
25555,diasurgical/devilutionx,https://github.com/diasurgical/devilutionx/blob/68d57bd2d742dd46799114dfb8a89a5888514837/CMake/platforms/ctr/Tools3DS.cmake#L161,"# message(STATUS ""Looking for strip..."")",[],CMake,4,161,161
25555,diasurgical/devilutionx,https://github.com/diasurgical/devilutionx/blob/68d57bd2d742dd46799114dfb8a89a5888514837/CMake/platforms/ctr/Tools3DS.cmake#L172,"#############
##  BIN2S  ##
#############",[],CMake,0,172,174
25555,diasurgical/devilutionx,https://github.com/diasurgical/devilutionx/blob/68d57bd2d742dd46799114dfb8a89a5888514837/CMake/platforms/ctr/Tools3DS.cmake#L176,"# message(STATUS ""Looking for bin2s..."")",[],CMake,4,176,176
25555,diasurgical/devilutionx,https://github.com/diasurgical/devilutionx/blob/68d57bd2d742dd46799114dfb8a89a5888514837/CMake/platforms/ctr/Tools3DS.cmake#L185,"###############
##  3DSLINK  ##
###############",[],CMake,0,185,187
25555,diasurgical/devilutionx,https://github.com/diasurgical/devilutionx/blob/68d57bd2d742dd46799114dfb8a89a5888514837/CMake/platforms/ctr/Tools3DS.cmake#L189,"# message(STATUS ""Looking for 3dslink..."")",[],CMake,4,189,189
25555,diasurgical/devilutionx,https://github.com/diasurgical/devilutionx/blob/68d57bd2d742dd46799114dfb8a89a5888514837/CMake/platforms/ctr/Tools3DS.cmake#L198,"#############
## PICASSO ##
#############",[],CMake,0,198,200
25555,diasurgical/devilutionx,https://github.com/diasurgical/devilutionx/blob/68d57bd2d742dd46799114dfb8a89a5888514837/CMake/platforms/ctr/Tools3DS.cmake#L202,"# message(STATUS ""Looking for Picasso..."")",[],CMake,4,202,202
25555,diasurgical/devilutionx,https://github.com/diasurgical/devilutionx/blob/68d57bd2d742dd46799114dfb8a89a5888514837/CMake/platforms/ctr/Tools3DS.cmake#L213,"#############
## NIHSTRO ##
#############",[],CMake,0,213,215
25555,diasurgical/devilutionx,https://github.com/diasurgical/devilutionx/blob/68d57bd2d742dd46799114dfb8a89a5888514837/CMake/platforms/ctr/Tools3DS.cmake#L218,"# message(STATUS ""Looking for nihstro..."")",[],CMake,4,218,218
25555,diasurgical/devilutionx,https://github.com/diasurgical/devilutionx/blob/68d57bd2d742dd46799114dfb8a89a5888514837/CMake/platforms/ctr/Tools3DS.cmake#L230,"###############################
###############################
########    MACROS    #########
###############################
###############################",[],CMake,0,230,234
25555,diasurgical/devilutionx,https://github.com/diasurgical/devilutionx/blob/68d57bd2d742dd46799114dfb8a89a5888514837/CMake/platforms/ctr/Tools3DS.cmake#L237,"###################
### EXECUTABLES ###
###################",[],CMake,0,237,239
25555,diasurgical/devilutionx,https://github.com/diasurgical/devilutionx/blob/68d57bd2d742dd46799114dfb8a89a5888514837/CMake/platforms/ctr/Tools3DS.cmake#L304,"#set_target_properties(${target} PROPERTIES LINK_FLAGS ""-specs=3dsx.specs"")",[],CMake,4,304,304
25555,diasurgical/devilutionx,https://github.com/diasurgical/devilutionx/blob/68d57bd2d742dd46799114dfb8a89a5888514837/CMake/platforms/ctr/Tools3DS.cmake#L376,"#set_target_properties(${target} PROPERTIES LINK_FLAGS ""-specs=3dsx.specs"")",[],CMake,4,376,376
25555,diasurgical/devilutionx,https://github.com/diasurgical/devilutionx/blob/68d57bd2d742dd46799114dfb8a89a5888514837/CMake/platforms/ctr/Tools3DS.cmake#L396,"######################
### File embedding ###
######################",[],CMake,0,396,398
25555,diasurgical/devilutionx,https://github.com/diasurgical/devilutionx/blob/68d57bd2d742dd46799114dfb8a89a5888514837/CMake/platforms/ctr/Tools3DS.cmake#L412,# add '_' if the file name starts by a number,[],CMake,77,412,412
25555,diasurgical/devilutionx,https://github.com/diasurgical/devilutionx/blob/68d57bd2d742dd46799114dfb8a89a5888514837/CMake/platforms/ctr/Tools3DS.cmake#L415,#Generate the header file,[],CMake,8,415,415
25555,diasurgical/devilutionx,https://github.com/diasurgical/devilutionx/blob/68d57bd2d742dd46799114dfb8a89a5888514837/CMake/platforms/ctr/Tools3DS.cmake#L420,"# Generate the assembly file, and create the new target",[],CMake,4,420,420
25555,diasurgical/devilutionx,https://github.com/diasurgical/devilutionx/blob/68d57bd2d742dd46799114dfb8a89a5888514837/CMake/platforms/ctr/Tools3DS.cmake#L440,"###################
##### SHADERS #####
###################",[],CMake,0,440,442
25555,diasurgical/devilutionx,https://github.com/diasurgical/devilutionx/blob/68d57bd2d742dd46799114dfb8a89a5888514837/CMake/platforms/ctr/Tools3DS.cmake#L486,#Generate the shbin file,[],CMake,8,486,486
25555,diasurgical/devilutionx,https://github.com/diasurgical/devilutionx/blob/68d57bd2d742dd46799114dfb8a89a5888514837/CMake/platforms/ctr/Tools3DS.cmake#L496,#Generate the shbin file,[],CMake,8,496,496
25555,diasurgical/devilutionx,https://github.com/diasurgical/devilutionx/blob/68d57bd2d742dd46799114dfb8a89a5888514837/CMake/platforms/ctr/asio_defs.cmake#L5,# Missing headers and declarations provided by DevilutionX,[],CMake,0,5,5
25555,diasurgical/devilutionx,https://github.com/diasurgical/devilutionx/blob/68d57bd2d742dd46799114dfb8a89a5888514837/CMake/platforms/ctr/modules/FindCITRO3D.cmake#L1,"# - Try to find citro3d
# You can set CITRO3D_ROOT to specify a certain directory to look in first.
# Once done this will define
#  CITRO3D_FOUND - System has citro3d
#  CITRO3D_INCLUDE_DIRS - The citro3d include directories
#  CITRO3D_LIBRARIES - The libraries needed to use citro3d
# Unless we are unable to find CTRULIB
# It also adds an imported target named `3ds::citro3d`, Linking against it is
# equivalent to:
# target_link_libraries(mytarget ${CITRO3D_LIBRARIES})
# target_include_directories(mytarget PRIVATE ${CITRO3D_INCLUDE_DIRS})",[],CMake,0,1,11
25555,diasurgical/devilutionx,https://github.com/diasurgical/devilutionx/blob/68d57bd2d742dd46799114dfb8a89a5888514837/CMake/platforms/ctr/modules/FindCITRO3D.cmake#L18,"# Already in cache, be silent",[],CMake,4,18,18
25555,diasurgical/devilutionx,https://github.com/diasurgical/devilutionx/blob/68d57bd2d742dd46799114dfb8a89a5888514837/CMake/platforms/ctr/modules/FindCITRO3D.cmake#L25,# citro3d requires ctrulib,[],CMake,0,25,25
25555,diasurgical/devilutionx,https://github.com/diasurgical/devilutionx/blob/68d57bd2d742dd46799114dfb8a89a5888514837/CMake/platforms/ctr/modules/FindCITRO3D.cmake#L30,# Search CITRO3D_ROOT first if it is set.,[],CMake,0,30,30
25555,diasurgical/devilutionx,https://github.com/diasurgical/devilutionx/blob/68d57bd2d742dd46799114dfb8a89a5888514837/CMake/platforms/ctr/modules/FindCITRO3D.cmake#L39,"# Search below ${DEVKITPRO}, ${DEVKITARM} etc.",[],CMake,0,39,39
25555,diasurgical/devilutionx,https://github.com/diasurgical/devilutionx/blob/68d57bd2d742dd46799114dfb8a89a5888514837/CMake/platforms/ctr/modules/FindCITRO3D.cmake#L58,"#find_library(LIBM_LIBRARY NAMES m libm.a
#  PATHS / /arm-none-eabi
#  PATH_SUFFIXES lib/armv6k/fpu)",[],CMake,0,58,60
25555,diasurgical/devilutionx,https://github.com/diasurgical/devilutionx/blob/68d57bd2d742dd46799114dfb8a89a5888514837/CMake/platforms/ctr/modules/FindCTRULIB.cmake#L1,"# - Try to find ctrulib
# Once done this will define
#  LIBCTRU_FOUND - System has ctrulib
#  LIBCTRU_INCLUDE_DIRS - The ctrulib include directories
#  LIBCTRU_LIBRARIES - The libraries needed to use ctrulib
#
# It also adds an imported target named `3ds::ctrulib`.
# Linking it is the same as target_link_libraries(target ${LIBCTRU_LIBRARIES}) and target_include_directories(target ${LIBCTRU_INCLUDE_DIRS})",[],CMake,0,1,8
25555,diasurgical/devilutionx,https://github.com/diasurgical/devilutionx/blob/68d57bd2d742dd46799114dfb8a89a5888514837/CMake/platforms/ctr/modules/FindCTRULIB.cmake#L33,"# handle the QUIETLY and REQUIRED arguments and set LIBCTRU_FOUND to TRUE
# if all listed variables are TRUE",[],CMake,0,33,34
25555,diasurgical/devilutionx,https://github.com/diasurgical/devilutionx/blob/68d57bd2d742dd46799114dfb8a89a5888514837/CMake/platforms/ctr/modules/FindPNG.cmake#L1,"# - Try to find png
# You can set PNG_ROOT to specify a certain directory to look in first.
# Once done this will define
#  PNG_FOUND - System has png
#  PNG_INCLUDE_DIRS - The png include directories
#  PNG_LIBRARIES - The libraries needed to use png
# Unless we are unable to find ZLIB
# It also adds an imported target named `3ds::png`, Linking against it is
# equivalent to:
# target_link_libraries(mytarget ${PNG_LIBRARIES})
# target_include_directories(mytarget PRIVATE ${PNG_INCLUDE_DIRS})",[],CMake,0,1,11
25555,diasurgical/devilutionx,https://github.com/diasurgical/devilutionx/blob/68d57bd2d742dd46799114dfb8a89a5888514837/CMake/platforms/ctr/modules/FindPNG.cmake#L18,"# Already in cache, be silent",[],CMake,4,18,18
25555,diasurgical/devilutionx,https://github.com/diasurgical/devilutionx/blob/68d57bd2d742dd46799114dfb8a89a5888514837/CMake/platforms/ctr/modules/FindPNG.cmake#L29,# Search PNG_ROOT first if it is set.,[],CMake,0,29,29
25555,diasurgical/devilutionx,https://github.com/diasurgical/devilutionx/blob/68d57bd2d742dd46799114dfb8a89a5888514837/CMake/platforms/ctr/modules/FindPNG.cmake#L38,"# Search below ${DEVKITPRO}, ${DEVKITARM}, portlibs (if enabled) etc.",[],CMake,0,38,38
25555,diasurgical/devilutionx,https://github.com/diasurgical/devilutionx/blob/68d57bd2d742dd46799114dfb8a89a5888514837/CMake/platforms/ctr/modules/FindPNG.cmake#L57,"#find_library(LIBM_LIBRARY NAMES m libm.a
#  PATHS / /arm-none-eabi
#  PATH_SUFFIXES lib/armv6k/fpu)",[],CMake,0,57,59
25555,diasurgical/devilutionx,https://github.com/diasurgical/devilutionx/blob/68d57bd2d742dd46799114dfb8a89a5888514837/CMake/platforms/ctr/modules/FindZLIB.cmake#L1,"# - Try to find zlib
# You can set ZLIB_ROOT to specify a certain directory to look in first.
# Once done this will define
#  ZLIB_FOUND - System has zlib
#  ZLIB_INCLUDE_DIRS - The zlib include directories
#  ZLIB_LIBRARIES - The libraries needed to use zlib
# It also adds an imported target named `3ds::zlib`, Linking against it is
# equivalent to:
# target_link_libraries(mytarget ${ZLIB_LIBRARY})
# target_include_directories(mytarget PRIVATE ${ZLIB_INCLUDE_DIRS})",[],CMake,0,1,10
25555,diasurgical/devilutionx,https://github.com/diasurgical/devilutionx/blob/68d57bd2d742dd46799114dfb8a89a5888514837/CMake/platforms/ctr/modules/FindZLIB.cmake#L17,"# Already in cache, be silent",[],CMake,4,17,17
25555,diasurgical/devilutionx,https://github.com/diasurgical/devilutionx/blob/68d57bd2d742dd46799114dfb8a89a5888514837/CMake/platforms/ctr/modules/FindZLIB.cmake#L26,# Search ZLIB_ROOT first if it is set.,[],CMake,0,26,26
25555,diasurgical/devilutionx,https://github.com/diasurgical/devilutionx/blob/68d57bd2d742dd46799114dfb8a89a5888514837/CMake/platforms/ctr/modules/FindZLIB.cmake#L35,"# Search below ${DEVKITPRO}, ${DEVKITARM}, portlibs (if enabled) etc.",[],CMake,0,35,35
25555,diasurgical/devilutionx,https://github.com/diasurgical/devilutionx/blob/68d57bd2d742dd46799114dfb8a89a5888514837/CMake/platforms/ctr/modules/LibFindMacros.cmake#L1,"# Version 2.2
# Public Domain, originally written by Lasse Kärkkäinen <tronic>
# Maintained at https://github.com/Tronic/cmake-modules
# Please send your improvements as pull requests on Github.",[],CMake,0,1,4
25555,diasurgical/devilutionx,https://github.com/diasurgical/devilutionx/blob/68d57bd2d742dd46799114dfb8a89a5888514837/CMake/platforms/ctr/modules/LibFindMacros.cmake#L6,"# Find another package and make it a dependency of the current package.
# This also automatically forwards the ""REQUIRED"" argument.
# Usage: libfind_package(<prefix> <another package> [extra args to find_package])",[],CMake,0,6,8
25555,diasurgical/devilutionx,https://github.com/diasurgical/devilutionx/blob/68d57bd2d742dd46799114dfb8a89a5888514837/CMake/platforms/ctr/modules/LibFindMacros.cmake#L19,"# A simple wrapper to make pkg-config searches a bit easier.
# Works the same as CMake's internal pkg_check_modules but is always quiet.",[],CMake,0,19,20
25555,diasurgical/devilutionx,https://github.com/diasurgical/devilutionx/blob/68d57bd2d742dd46799114dfb8a89a5888514837/CMake/platforms/ctr/modules/LibFindMacros.cmake#L28,"# Avoid useless copy&pasta by doing what most simple libraries do anyway:
# pkg-config, find headers, find library.
# Usage: libfind_pkg_detect(<prefix> <pkg-config args> FIND_PATH <name> [other args] FIND_LIBRARY <name> [other args])
# E.g. libfind_pkg_detect(SDL2 sdl2 FIND_PATH SDL.h PATH_SUFFIXES SDL2 FIND_LIBRARY SDL2)",[],CMake,0,28,31
25555,diasurgical/devilutionx,https://github.com/diasurgical/devilutionx/blob/68d57bd2d742dd46799114dfb8a89a5888514837/CMake/platforms/ctr/modules/LibFindMacros.cmake#L33,# Parse arguments,[],CMake,2,33,33
25555,diasurgical/devilutionx,https://github.com/diasurgical/devilutionx/blob/68d57bd2d742dd46799114dfb8a89a5888514837/CMake/platforms/ctr/modules/LibFindMacros.cmake#L47,# Find library,[],CMake,2,47,47
25555,diasurgical/devilutionx,https://github.com/diasurgical/devilutionx/blob/68d57bd2d742dd46799114dfb8a89a5888514837/CMake/platforms/ctr/modules/LibFindMacros.cmake#L57,"# Extracts a version #define from a version.h file, output stored to <PREFIX>_VERSION.
# Usage: libfind_version_header(Foobar foobar/version.h FOOBAR_VERSION_STR)
# Fourth argument ""QUIET"" may be used for silently testing different define names.
# This function does nothing if the version variable is already defined.",[],CMake,0,57,60
25555,diasurgical/devilutionx,https://github.com/diasurgical/devilutionx/blob/68d57bd2d742dd46799114dfb8a89a5888514837/CMake/platforms/ctr/modules/LibFindMacros.cmake#L62,# Skip processing if we already have a version or if the include dir was not found,[],CMake,2,62,62
25555,diasurgical/devilutionx,https://github.com/diasurgical/devilutionx/blob/68d57bd2d742dd46799114dfb8a89a5888514837/CMake/platforms/ctr/modules/LibFindMacros.cmake#L67,# Process optional arguments,[],CMake,2,67,67
25555,diasurgical/devilutionx,https://github.com/diasurgical/devilutionx/blob/68d57bd2d742dd46799114dfb8a89a5888514837/CMake/platforms/ctr/modules/LibFindMacros.cmake#L75,# Read the header and parse for version number,[],CMake,2,75,75
25555,diasurgical/devilutionx,https://github.com/diasurgical/devilutionx/blob/68d57bd2d742dd46799114dfb8a89a5888514837/CMake/platforms/ctr/modules/LibFindMacros.cmake#L85,# No regex match?,[],CMake,2,85,85
25555,diasurgical/devilutionx,https://github.com/diasurgical/devilutionx/blob/68d57bd2d742dd46799114dfb8a89a5888514837/CMake/platforms/ctr/modules/LibFindMacros.cmake#L92,# Export the version string,[],CMake,2,92,92
25555,diasurgical/devilutionx,https://github.com/diasurgical/devilutionx/blob/68d57bd2d742dd46799114dfb8a89a5888514837/CMake/platforms/ctr/modules/LibFindMacros.cmake#L96,"# Do the final processing once the paths have been detected.
# If include dirs are needed, ${PREFIX}_PROCESS_INCLUDES should be set to contain
# all the variables, each of which contain one include directory.
# Ditto for ${PREFIX}_PROCESS_LIBS and library files.
# Will set ${PREFIX}_FOUND, ${PREFIX}_INCLUDE_DIRS and ${PREFIX}_LIBRARIES.
# Also handles errors in case library detection was required, etc.",[],CMake,0,96,101
25555,diasurgical/devilutionx,https://github.com/diasurgical/devilutionx/blob/68d57bd2d742dd46799114dfb8a89a5888514837/CMake/platforms/ctr/modules/LibFindMacros.cmake#L103,# Skip processing if already processed during this configuration run,[],CMake,2,103,103
25555,diasurgical/devilutionx,https://github.com/diasurgical/devilutionx/blob/68d57bd2d742dd46799114dfb8a89a5888514837/CMake/platforms/ctr/modules/LibFindMacros.cmake#L108,# Start with the assumption that the package was found,[],CMake,19,108,108
25555,diasurgical/devilutionx,https://github.com/diasurgical/devilutionx/blob/68d57bd2d742dd46799114dfb8a89a5888514837/CMake/platforms/ctr/modules/LibFindMacros.cmake#L110,# Did we find any files? Did we miss includes? These are for formatting better error messages.,[],CMake,2,110,110
25555,diasurgical/devilutionx,https://github.com/diasurgical/devilutionx/blob/68d57bd2d742dd46799114dfb8a89a5888514837/CMake/platforms/ctr/modules/LibFindMacros.cmake#L114,# Shorthands for some variables that we need often,[],CMake,2,114,114
25555,diasurgical/devilutionx,https://github.com/diasurgical/devilutionx/blob/68d57bd2d742dd46799114dfb8a89a5888514837/CMake/platforms/ctr/modules/LibFindMacros.cmake#L121,"# Lists of config option names (all, includes, libs)",[],CMake,2,121,121
25555,diasurgical/devilutionx,https://github.com/diasurgical/devilutionx/blob/68d57bd2d742dd46799114dfb8a89a5888514837/CMake/platforms/ctr/modules/LibFindMacros.cmake#L126,# Process deps to add to,[],CMake,2,126,126
25555,diasurgical/devilutionx,https://github.com/diasurgical/devilutionx/blob/68d57bd2d742dd46799114dfb8a89a5888514837/CMake/platforms/ctr/modules/LibFindMacros.cmake#L129,"# The package seems to export option lists that we can use, woohoo!",[],CMake,6,129,129
25555,diasurgical/devilutionx,https://github.com/diasurgical/devilutionx/blob/68d57bd2d742dd46799114dfb8a89a5888514837/CMake/platforms/ctr/modules/LibFindMacros.cmake#L133,# If plural forms don't exist or they equal singular forms,[],CMake,6,133,133
25555,diasurgical/devilutionx,https://github.com/diasurgical/devilutionx/blob/68d57bd2d742dd46799114dfb8a89a5888514837/CMake/platforms/ctr/modules/LibFindMacros.cmake#L136,# Singular forms can be used,[],CMake,8,136,136
25555,diasurgical/devilutionx,https://github.com/diasurgical/devilutionx/blob/68d57bd2d742dd46799114dfb8a89a5888514837/CMake/platforms/ctr/modules/LibFindMacros.cmake#L144,"# Oh no, we don't know the option names",[],CMake,8,144,144
25555,diasurgical/devilutionx,https://github.com/diasurgical/devilutionx/blob/68d57bd2d742dd46799114dfb8a89a5888514837/CMake/platforms/ctr/modules/LibFindMacros.cmake#L163,# Include/library names separated by spaces (notice: not CMake lists),[],CMake,2,163,163
25555,diasurgical/devilutionx,https://github.com/diasurgical/devilutionx/blob/68d57bd2d742dd46799114dfb8a89a5888514837/CMake/platforms/ctr/modules/LibFindMacros.cmake#L167,# Process all includes and set found false if any are missing,[],CMake,2,167,167
25555,diasurgical/devilutionx,https://github.com/diasurgical/devilutionx/blob/68d57bd2d742dd46799114dfb8a89a5888514837/CMake/platforms/ctr/modules/LibFindMacros.cmake#L178,# Process all libraries and set found false if any are missing,[],CMake,2,178,178
25555,diasurgical/devilutionx,https://github.com/diasurgical/devilutionx/blob/68d57bd2d742dd46799114dfb8a89a5888514837/CMake/platforms/ctr/modules/LibFindMacros.cmake#L188,# Version checks,[],CMake,2,188,188
25555,diasurgical/devilutionx,https://github.com/diasurgical/devilutionx/blob/68d57bd2d742dd46799114dfb8a89a5888514837/CMake/platforms/ctr/modules/LibFindMacros.cmake#L198,"# If all-OK, hide all config options, export variables, print status and exit",[],CMake,2,198,198
25555,diasurgical/devilutionx,https://github.com/diasurgical/devilutionx/blob/68d57bd2d742dd46799114dfb8a89a5888514837/CMake/platforms/ctr/modules/LibFindMacros.cmake#L221,# Format messages for debug info and the type of error,[],CMake,2,221,221
25555,diasurgical/devilutionx,https://github.com/diasurgical/devilutionx/blob/68d57bd2d742dd46799114dfb8a89a5888514837/CMake/platforms/ctr/modules/LibFindMacros.cmake#L256,# Fatal error out if REQUIRED,[],CMake,2,256,256
25555,diasurgical/devilutionx,https://github.com/diasurgical/devilutionx/blob/68d57bd2d742dd46799114dfb8a89a5888514837/CMake/platforms/ctr/modules/LibFindMacros.cmake#L261,# Otherwise just print a nasty warning,[],CMake,2,261,261
25555,diasurgical/devilutionx,https://github.com/diasurgical/devilutionx/blob/68d57bd2d742dd46799114dfb8a89a5888514837/CMake/platforms/switch/asio_defs.cmake#L1,# Enables a number of header file definitions required by ASIO,[],CMake,0,1,1
25555,diasurgical/devilutionx,https://github.com/diasurgical/devilutionx/blob/68d57bd2d742dd46799114dfb8a89a5888514837/CMake/platforms/switch/asio_defs.cmake#L4,# Missing headers and declarations provided by DevilutionX,[],CMake,0,4,4
25555,diasurgical/devilutionx,https://github.com/diasurgical/devilutionx/blob/68d57bd2d742dd46799114dfb8a89a5888514837/CMake/platforms/threads-stub/FindThreads.cmake#L1,"# Stub out the Threads package.
# Some platforms do not have a system threads library but SDL threads are supported.",[],CMake,0,1,2
