repoIndex,repoName,linkLocation,comment,keywords,buildSysteminFile,charPosition,startLine,endLine
25594,zilliqa/zilliqa,https://github.com/zilliqa/zilliqa/blob/8ca0ee17d4372d07a61c3fffcaa712a5b425e364/CMakeLists.txt#L11,# detect operating system,[],CMake,0,11,11
25594,zilliqa/zilliqa,https://github.com/zilliqa/zilliqa/blob/8ca0ee17d4372d07a61c3fffcaa712a5b425e364/CMakeLists.txt#L15,"#
# check dependencies
#",[],CMake,0,15,17
25594,zilliqa/zilliqa,https://github.com/zilliqa/zilliqa/blob/8ca0ee17d4372d07a61c3fffcaa712a5b425e364/CMakeLists.txt#L138,"# VC related test scenario
# For DS Block Consensus",[],CMake,0,138,139
25594,zilliqa/zilliqa,https://github.com/zilliqa/zilliqa/blob/8ca0ee17d4372d07a61c3fffcaa712a5b425e364/CMakeLists.txt#L155,# For Final Block Consensus,[],CMake,0,155,155
25594,zilliqa/zilliqa,https://github.com/zilliqa/zilliqa/blob/8ca0ee17d4372d07a61c3fffcaa712a5b425e364/CMakeLists.txt#L166,# For View change Block Consensus,[],CMake,0,166,166
25594,zilliqa/zilliqa,https://github.com/zilliqa/zilliqa/blob/8ca0ee17d4372d07a61c3fffcaa712a5b425e364/CMakeLists.txt#L192,# For Merging DSMB into FINALBLOCK,[],CMake,0,192,192
25594,zilliqa/zilliqa,https://github.com/zilliqa/zilliqa/blob/8ca0ee17d4372d07a61c3fffcaa712a5b425e364/CMakeLists.txt#L259,# export compile commands,[],CMake,0,259,259
25594,zilliqa/zilliqa,https://github.com/zilliqa/zilliqa/blob/8ca0ee17d4372d07a61c3fffcaa712a5b425e364/CMakeLists.txt#L262,# customize the flags for RELWITHDEBINFO,[],CMake,0,262,262
25594,zilliqa/zilliqa,https://github.com/zilliqa/zilliqa/blob/8ca0ee17d4372d07a61c3fffcaa712a5b425e364/CMakeLists.txt#L269,# pack related variables,[],CMake,0,269,269
25594,zilliqa/zilliqa,https://github.com/zilliqa/zilliqa/blob/8ca0ee17d4372d07a61c3fffcaa712a5b425e364/CMakeLists.txt#L279,# compiler and linker options,[],CMake,0,279,279
25594,zilliqa/zilliqa,https://github.com/zilliqa/zilliqa/blob/8ca0ee17d4372d07a61c3fffcaa712a5b425e364/CMakeLists.txt#L332,# using internal jsonrpc variant,[],CMake,0,332,332
25594,zilliqa/zilliqa,https://github.com/zilliqa/zilliqa/blob/8ca0ee17d4372d07a61c3fffcaa712a5b425e364/CMakeLists.txt#L343,# installation,[],CMake,0,343,343
25594,zilliqa/zilliqa,https://github.com/zilliqa/zilliqa/blob/8ca0ee17d4372d07a61c3fffcaa712a5b425e364/CMakeLists.txt#L368,# add clang-format and clang-tidy targets lastly,[],CMake,0,368,368
25594,zilliqa/zilliqa,https://github.com/zilliqa/zilliqa/blob/8ca0ee17d4372d07a61c3fffcaa712a5b425e364/cmake/secp256k1/CMakeLists.txt#L1,"# This CMake config file for secp256k1 project from https://github.com/bitcoin-core/secp256k1
#
# The secp256k1 project has been configured following official docs with following options:
#
# ./configure --disable-shared --disable-tests --disable-coverage --disable-openssl-tests --disable-exhaustive-tests --disable-jni --with-bignum=no --with-field=64bit --with-scalar=64bit --with-asm=no
#
# Build static context:
# make src/ecmult_static_context.h
#
# Copy src/ecmult_static_context.h and src/libsecp256k1-config.h
#
# Copy CFLAGS from Makefile to COMPILE_OPTIONS.",[],CMake,0,1,12
25594,zilliqa/zilliqa,https://github.com/zilliqa/zilliqa/blob/8ca0ee17d4372d07a61c3fffcaa712a5b425e364/src/depends/libethash-cl/CMakeLists.txt#L1,"# A custom command and target to turn the OpenCL kernel into a byte array header
# The normal build depends on it properly and if the kernel file is changed, then
# a rebuild of libethash-cl should be triggered",[],CMake,0,1,3
25594,zilliqa/zilliqa,https://github.com/zilliqa/zilliqa/blob/8ca0ee17d4372d07a61c3fffcaa712a5b425e364/src/libMessage/CMakeLists.txt#L4,"#target_compile_options(Message PRIVATE ""-Wno-unused-variable"")
#target_compile_options(Message PRIVATE ""-Wno-unused-parameter"")",[],CMake,0,4,5
25594,zilliqa/zilliqa,https://github.com/zilliqa/zilliqa/blob/8ca0ee17d4372d07a61c3fffcaa712a5b425e364/src/libMessage/CMakeLists.txt#L15,"#target_compile_options(MessageSWInfo PRIVATE ""-Wno-unused-variable"")
#target_compile_options(MessageSWInfo PRIVATE ""-Wno-unused-parameter"")",[],CMake,0,15,16
25594,zilliqa/zilliqa,https://github.com/zilliqa/zilliqa/blob/8ca0ee17d4372d07a61c3fffcaa712a5b425e364/tests/CMakeLists.txt#L1,"#add_subdirectory (Consensus)
#add_subdirectory (Contracts)",[],CMake,0,1,2
25594,zilliqa/zilliqa,https://github.com/zilliqa/zilliqa/blob/8ca0ee17d4372d07a61c3fffcaa712a5b425e364/tests/CMakeLists.txt#L11,#add_subdirectory (Mediator),[],CMake,0,11,11
25594,zilliqa/zilliqa,https://github.com/zilliqa/zilliqa/blob/8ca0ee17d4372d07a61c3fffcaa712a5b425e364/tests/CMakeLists.txt#L14,#add_subdirectory (PyRunner),[],CMake,0,14,14
25594,zilliqa/zilliqa,https://github.com/zilliqa/zilliqa/blob/8ca0ee17d4372d07a61c3fffcaa712a5b425e364/tests/CMakeLists.txt#L23,#add_subdirectory (RemoteStorageDB) Works only if you have a local mongo server running,[],CMake,0,23,23
25594,zilliqa/zilliqa,https://github.com/zilliqa/zilliqa/blob/8ca0ee17d4372d07a61c3fffcaa712a5b425e364/tests/Crypto/CMakeLists.txt#L13,"#add_executable(Test_Schnorr Test_Schnorr.cpp)
#target_link_libraries(Test_Schnorr PUBLIC Crypto)
#add_test(NAME Test_Schnorr COMMAND Test_Schnorr)",[],CMake,0,13,15
25594,zilliqa/zilliqa,https://github.com/zilliqa/zilliqa/blob/8ca0ee17d4372d07a61c3fffcaa712a5b425e364/tests/Crypto/CMakeLists.txt#L17,"#add_executable(Test_MultiSig Test_MultiSig.cpp)
#target_link_libraries(Test_MultiSig PUBLIC Crypto)
#add_test(NAME Test_MultiSig COMMAND Test_MultiSig)",[],CMake,0,17,19
25594,zilliqa/zilliqa,https://github.com/zilliqa/zilliqa/blob/8ca0ee17d4372d07a61c3fffcaa712a5b425e364/tests/Data/CMakeLists.txt#L25,"#add_executable(Test_Get_Txn Test_Get_Txn.cpp)
#target_include_directories(Test_Get_Txn PUBLIC ${CMAKE_SOURCE_DIR}/src)
#target_link_libraries(Test_Get_Txn PUBLIC AccountData Utils Message)
#add_test(NAME Test_Get_Txn COMMAND Test_Get_Txn)",[],CMake,0,25,28
25594,zilliqa/zilliqa,https://github.com/zilliqa/zilliqa/blob/8ca0ee17d4372d07a61c3fffcaa712a5b425e364/tests/Data/CMakeLists.txt#L45,"#add_executable(Test_ContractInvoke Test_ContractInvoke.cpp)
#target_include_directories(Test_ContractInvoke PUBLIC ${CMAKE_SOURCE_DIR}/src)
#target_link_libraries(Test_ContractInvoke PUBLIC AccountData Crypto Trie Utils Persistence)
#add_test(NAME Test_ContractInvoke COMMAND Test_ContractInvoke)",[],CMake,0,45,48
25594,zilliqa/zilliqa,https://github.com/zilliqa/zilliqa/blob/8ca0ee17d4372d07a61c3fffcaa712a5b425e364/tests/Data/CMakeLists.txt#L50,#add_executable(Test_Block Test_Block.cpp),[],CMake,0,50,50
25594,zilliqa/zilliqa,https://github.com/zilliqa/zilliqa/blob/8ca0ee17d4372d07a61c3fffcaa712a5b425e364/tests/Data/CMakeLists.txt#L52,"#target_include_directories(Test_Transaction PUBLIC ${CMAKE_SOURCE_DIR}/src)
#target_include_directories(Test_Block PUBLIC ${CMAKE_SOURCE_DIR}/src)",[],CMake,0,52,53
25594,zilliqa/zilliqa,https://github.com/zilliqa/zilliqa/blob/8ca0ee17d4372d07a61c3fffcaa712a5b425e364/tests/Data/CMakeLists.txt#L55,"#target_link_libraries(Test_Transaction PUBLIC Data Utils Crypto)
#target_link_libraries(Test_Block PUBLIC Data Utils Crypto)",[],CMake,0,55,56
25594,zilliqa/zilliqa,https://github.com/zilliqa/zilliqa/blob/8ca0ee17d4372d07a61c3fffcaa712a5b425e364/tests/Data/CMakeLists.txt#L61,# To-do: Test_Transaction and Test_Block need to be updated after Predicate has been temporarily commented out,[],CMake,0,61,61
25594,zilliqa/zilliqa,https://github.com/zilliqa/zilliqa/blob/8ca0ee17d4372d07a61c3fffcaa712a5b425e364/tests/Data/AccountData/CMakeLists.txt#L5,"#add_executable(Test_Account Test_Account.cpp)
#target_include_directories(Test_Account PUBLIC ${CMAKE_SOURCE_DIR}/src ${CMAKE_SOURCE_DIR}/tests)
#target_link_libraries(Test_Account PUBLIC AccountData Trie Utils Persistence TestUtils)
#add_test(NAME Test_Account COMMAND Test_Account)",[],CMake,0,5,8
25594,zilliqa/zilliqa,https://github.com/zilliqa/zilliqa/blob/8ca0ee17d4372d07a61c3fffcaa712a5b425e364/tests/EvmFiltersAPI/CMakeLists.txt#L3,# lookup server tests,[],CMake,0,3,3
25594,zilliqa/zilliqa,https://github.com/zilliqa/zilliqa/blob/8ca0ee17d4372d07a61c3fffcaa712a5b425e364/tests/EvmLookupServer/CMakeLists.txt#L2,"# For this test we have an adapted constants.xml
# copy from evm lookup server dir to binary dir",[],CMake,0,2,3
25594,zilliqa/zilliqa,https://github.com/zilliqa/zilliqa/blob/8ca0ee17d4372d07a61c3fffcaa712a5b425e364/tests/EvmLookupServer/CMakeLists.txt#L6,# lookup server tests,[],CMake,0,6,6
25594,zilliqa/zilliqa,https://github.com/zilliqa/zilliqa/blob/8ca0ee17d4372d07a61c3fffcaa712a5b425e364/tests/Network/CMakeLists.txt#L4,"# This test is no longer up-to-date after P2PComm has been changed to include broadcast_list_retriever
#add_executable (Test_P2PComm Test_P2PComm.cpp)
#target_include_directories (Test_P2PComm PUBLIC ${CMAKE_SOURCE_DIR}/src)
#target_link_libraries (Test_P2PComm PUBLIC Network Utils)",[],CMake,0,4,7
25594,zilliqa/zilliqa,https://github.com/zilliqa/zilliqa/blob/8ca0ee17d4372d07a61c3fffcaa712a5b425e364/tests/Network/CMakeLists.txt#L9,"# This test is no longer up-to-date after P2PComm has been changed to include state
# (i.e., we can't run more than one Zilliqa instance now per process)
#add_executable (Test_PeerManager Test_PeerManager.cpp)
#target_include_directories (Test_PeerManager PUBLIC ${CMAKE_SOURCE_DIR}/src)
#target_link_libraries (Test_PeerManager PUBLIC Utils Network Zilliqa)",[],CMake,0,9,13
25594,zilliqa/zilliqa,https://github.com/zilliqa/zilliqa/blob/8ca0ee17d4372d07a61c3fffcaa712a5b425e364/tests/Persistence/CMakeLists.txt#L40,"#add_executable(ReadTxBlock ReadTxBlock.cpp)
#target_include_directories(ReadTxBlock PUBLIC ${CMAKE_SOURCE_DIR}/src)
#target_link_libraries(ReadTxBlock PUBLIC Crypto AccountData Utils Persistence)",[],CMake,0,40,42
25594,zilliqa/zilliqa,https://github.com/zilliqa/zilliqa/blob/8ca0ee17d4372d07a61c3fffcaa712a5b425e364/tests/Persistence/CMakeLists.txt#L44,"#add_executable(ReadTransactions ReadTransactions.cpp)
#target_include_directories(ReadTransactions PUBLIC ${CMAKE_SOURCE_DIR}/src)
#target_link_libraries(ReadTransactions PUBLIC Crypto AccountData Utils Persistence)",[],CMake,0,44,46
25594,zilliqa/zilliqa,https://github.com/zilliqa/zilliqa/blob/8ca0ee17d4372d07a61c3fffcaa712a5b425e364/tests/Server/CMakeLists.txt#L9,"# To be tested with a live network
#add_executable(Test_DSBlockSer Test_DSBlockSer.cpp)
#target_include_directories(Test_DSBlockSer PUBLIC ${CMAKE_SOURCE_DIR}/src)
#target_link_libraries(Test_DSBlockSer PUBLIC Server)
#add_test(NAME Test_DSBlockSer COMMAND Test_DSBlockSer)",[],CMake,0,9,13
25594,zilliqa/zilliqa,https://github.com/zilliqa/zilliqa/blob/8ca0ee17d4372d07a61c3fffcaa712a5b425e364/tests/Utils/CMakeLists.txt#L86,"# The network is unstable between Travis server & GitHub, thus disable Test_UpgradeManager to avoid potential Travis build failed.
#add_test(NAME Test_UpgradeManager COMMAND Test_UpgradeManager)",[],CMake,0,86,87
25594,zilliqa/zilliqa,https://github.com/zilliqa/zilliqa/blob/8ca0ee17d4372d07a61c3fffcaa712a5b425e364/tests/depends/Trie/CMakeLists.txt#L8,"# add_executable(Test_TxnTrie Test_TxnTrie.cpp)
# target_include_directories(Test_TxnTrie PUBLIC ${CMAKE_SOURCE_DIR}/src ${CMAKE_SOURCE_DIR}/tests)
# target_link_libraries(Test_TxnTrie PUBLIC boost_system AccountData TestUtils Trie Utils)",[],CMake,0,8,10
25594,zilliqa/zilliqa,https://github.com/zilliqa/zilliqa/blob/8ca0ee17d4372d07a61c3fffcaa712a5b425e364/tests/libTestUtils/CMakeLists.txt#L6,# To-do: Test_Transaction and Test_Block need to be updated after Predicate has been temporarily commented out,[],CMake,0,6,6
25594,zilliqa/zilliqa,https://github.com/zilliqa/zilliqa/blob/8ca0ee17d4372d07a61c3fffcaa712a5b425e364/CMakeGraphVizOptions.cmake#L4,# Export executables (default: ON),[],CMake,32,4,4
25594,zilliqa/zilliqa,https://github.com/zilliqa/zilliqa/blob/8ca0ee17d4372d07a61c3fffcaa712a5b425e364/CMakeGraphVizOptions.cmake#L5,# Export static libs (default: ON),[],CMake,32,5,5
25594,zilliqa/zilliqa,https://github.com/zilliqa/zilliqa/blob/8ca0ee17d4372d07a61c3fffcaa712a5b425e364/CMakeGraphVizOptions.cmake#L6,# Export shared libs (default: ON),[],CMake,32,6,6
25594,zilliqa/zilliqa,https://github.com/zilliqa/zilliqa/blob/8ca0ee17d4372d07a61c3fffcaa712a5b425e364/CMakeGraphVizOptions.cmake#L7,# Export modules (default: ON),[],CMake,32,7,7
25594,zilliqa/zilliqa,https://github.com/zilliqa/zilliqa/blob/8ca0ee17d4372d07a61c3fffcaa712a5b425e364/CMakeGraphVizOptions.cmake#L8,# Export external libs (default: ON),[],CMake,32,8,8
25594,zilliqa/zilliqa,https://github.com/zilliqa/zilliqa/blob/8ca0ee17d4372d07a61c3fffcaa712a5b425e364/CMakeGraphVizOptions.cmake#L9,# Do not export targets in the given list. Since 2.8.5 this supports regular expressions.,[],CMake,32,9,9
25594,zilliqa/zilliqa,https://github.com/zilliqa/zilliqa/blob/8ca0ee17d4372d07a61c3fffcaa712a5b425e364/cmake/CodeCoverage.cmake#L1,"# Copyright (c) 2012 - 2015, Lars Bilke
# All rights reserved.
#
# Redistribution and use in source and binary forms, with or without modification,
# are permitted provided that the following conditions are met:
#
# 1. Redistributions of source code must retain the above copyright notice, this
#    list of conditions and the following disclaimer.
#
# 2. Redistributions in binary form must reproduce the above copyright notice,
#    this list of conditions and the following disclaimer in the documentation
#    and/or other materials provided with the distribution.
#
# 3. Neither the name of the copyright holder nor the names of its contributors
#    may be used to endorse or promote products derived from this software without
#    specific prior written permission.
#
# THIS SOFTWARE IS PROVIDED BY THE COPYRIGHT HOLDERS AND CONTRIBUTORS ""AS IS"" AND
# ANY EXPRESS OR IMPLIED WARRANTIES, INCLUDING, BUT NOT LIMITED TO, THE IMPLIED
# WARRANTIES OF MERCHANTABILITY AND FITNESS FOR A PARTICULAR PURPOSE ARE
# DISCLAIMED. IN NO EVENT SHALL THE COPYRIGHT HOLDER OR CONTRIBUTORS BE LIABLE FOR
# ANY DIRECT, INDIRECT, INCIDENTAL, SPECIAL, EXEMPLARY, OR CONSEQUENTIAL DAMAGES
# (INCLUDING, BUT NOT LIMITED TO, PROCUREMENT OF SUBSTITUTE GOODS OR SERVICES;
# LOSS OF USE, DATA, OR PROFITS; OR BUSINESS INTERRUPTION) HOWEVER CAUSED AND ON
# ANY THEORY OF LIABILITY, WHETHER IN CONTRACT, STRICT LIABILITY, OR TORT
# (INCLUDING NEGLIGENCE OR OTHERWISE) ARISING IN ANY WAY OUT OF THE USE OF THIS
# SOFTWARE, EVEN IF ADVISED OF THE POSSIBILITY OF SUCH DAMAGE.
#
#
#
# 2012-01-31, Lars Bilke
# - Enable Code Coverage
#
# 2013-09-17, Joakim Söderberg
# - Added support for Clang.
# - Some additional usage instructions.
#
# USAGE:",[],CMake,0,1,38
25594,zilliqa/zilliqa,https://github.com/zilliqa/zilliqa/blob/8ca0ee17d4372d07a61c3fffcaa712a5b425e364/cmake/CodeCoverage.cmake#L40,"# 0. (Mac only) If you use Xcode 5.1 make sure to patch geninfo as described here:
#      http://stackoverflow.com/a/22404544/80480
#
# 1. Copy this file into your cmake modules path.
#
# 2. Add the following line to your CMakeLists.txt:
#      INCLUDE(CodeCoverage)
#
# 3. Set compiler flags to turn off optimization and enable coverage:
#    SET(CMAKE_CXX_FLAGS ""-g -O0 -fprofile-arcs -ftest-coverage"")
#	 SET(CMAKE_C_FLAGS ""-g -O0 -fprofile-arcs -ftest-coverage"")
#
# 3. Use the function SETUP_TARGET_FOR_COVERAGE to create a custom make target
#    which runs your test executable and produces a lcov code coverage report:
#    Example:
#	 SETUP_TARGET_FOR_COVERAGE(
#				my_coverage_target  # Name for custom target.
#				test_driver         # Name of the test driver executable that runs the tests.
#									# NOTE! This should always have a ZERO as exit code
#									# otherwise the coverage generation will not complete.
#				coverage            # Name of output directory.
#				)
#
# 4. Build a Debug build:
#	 cmake -DCMAKE_BUILD_TYPE=Debug ..
#	 make
#	 make my_coverage_target
#
#",[],CMake,0,40,68
25594,zilliqa/zilliqa,https://github.com/zilliqa/zilliqa/blob/8ca0ee17d4372d07a61c3fffcaa712a5b425e364/cmake/CodeCoverage.cmake#L70,# Check prereqs,[],CMake,0,70,70
25594,zilliqa/zilliqa,https://github.com/zilliqa/zilliqa/blob/8ca0ee17d4372d07a61c3fffcaa712a5b425e364/cmake/CodeCoverage.cmake#L83,# NOT GCOV_PATH,[],CMake,8,83,83
25594,zilliqa/zilliqa,https://github.com/zilliqa/zilliqa/blob/8ca0ee17d4372d07a61c3fffcaa712a5b425e364/cmake/CodeCoverage.cmake#L91,# CHECK VALID COMPILER,[],CMake,8,91,91
25594,zilliqa/zilliqa,https://github.com/zilliqa/zilliqa/blob/8ca0ee17d4372d07a61c3fffcaa712a5b425e364/cmake/CodeCoverage.cmake#L117,"# NOT CMAKE_BUILD_TYPE STREQUAL ""Debug""",[],CMake,8,117,117
25594,zilliqa/zilliqa,https://github.com/zilliqa/zilliqa/blob/8ca0ee17d4372d07a61c3fffcaa712a5b425e364/cmake/CodeCoverage.cmake#L120,"# Param _targetname     The name of new the custom make target
# Param _testrunner     The name of the target which runs the tests.
#						MUST return ZERO always, even on errors.
#						If not, no coverage report will be created!
# Param _outputname     lcov output is generated as _outputname.info
#                       HTML report is generated in _outputname/index.html
# Optional fourth parameter is passed as arguments to _testrunner
#   Pass them in list form, e.g.: ""-j;2"" for -j 2",[],CMake,0,120,127
25594,zilliqa/zilliqa,https://github.com/zilliqa/zilliqa/blob/8ca0ee17d4372d07a61c3fffcaa712a5b425e364/cmake/CodeCoverage.cmake#L132,# NOT GCOV_PATH,[],CMake,9,132,132
25594,zilliqa/zilliqa,https://github.com/zilliqa/zilliqa/blob/8ca0ee17d4372d07a61c3fffcaa712a5b425e364/cmake/CodeCoverage.cmake#L136,# NOT LCOV_PATH,[],CMake,9,136,136
25594,zilliqa/zilliqa,https://github.com/zilliqa/zilliqa/blob/8ca0ee17d4372d07a61c3fffcaa712a5b425e364/cmake/CodeCoverage.cmake#L140,# NOT GENHTML_PATH,[],CMake,9,140,140
25594,zilliqa/zilliqa,https://github.com/zilliqa/zilliqa/blob/8ca0ee17d4372d07a61c3fffcaa712a5b425e364/cmake/CodeCoverage.cmake#L147,# Setup target,[],CMake,1,147,147
25594,zilliqa/zilliqa,https://github.com/zilliqa/zilliqa/blob/8ca0ee17d4372d07a61c3fffcaa712a5b425e364/cmake/CodeCoverage.cmake#L150,# Cleanup lcov,[],CMake,2,150,150
25594,zilliqa/zilliqa,https://github.com/zilliqa/zilliqa/blob/8ca0ee17d4372d07a61c3fffcaa712a5b425e364/cmake/CodeCoverage.cmake#L153,# Run tests,[],CMake,2,153,153
25594,zilliqa/zilliqa,https://github.com/zilliqa/zilliqa/blob/8ca0ee17d4372d07a61c3fffcaa712a5b425e364/cmake/CodeCoverage.cmake#L156,# Capturing lcov counters and generating report,[],CMake,2,156,156
25594,zilliqa/zilliqa,https://github.com/zilliqa/zilliqa/blob/8ca0ee17d4372d07a61c3fffcaa712a5b425e364/cmake/CodeCoverage.cmake#L166,# Show info where to find the report,[],CMake,1,166,166
25594,zilliqa/zilliqa,https://github.com/zilliqa/zilliqa/blob/8ca0ee17d4372d07a61c3fffcaa712a5b425e364/cmake/CodeCoverage.cmake#L172,# SETUP_TARGET_FOR_COVERAGE,[],CMake,14,172,172
25594,zilliqa/zilliqa,https://github.com/zilliqa/zilliqa/blob/8ca0ee17d4372d07a61c3fffcaa712a5b425e364/cmake/CodeCoverage.cmake#L174,"# Param _targetname     The name of new the custom make target
# Param _testrunner     The name of the target which runs the tests
# Param _outputname     cobertura output is generated as _outputname.xml
# Optional fourth parameter is passed as arguments to _testrunner
#   Pass them in list form, e.g.: ""-j;2"" for -j 2",[],CMake,0,174,178
25594,zilliqa/zilliqa,https://github.com/zilliqa/zilliqa/blob/8ca0ee17d4372d07a61c3fffcaa712a5b425e364/cmake/CodeCoverage.cmake#L183,# NOT PYTHON_EXECUTABLE,[],CMake,9,183,183
25594,zilliqa/zilliqa,https://github.com/zilliqa/zilliqa/blob/8ca0ee17d4372d07a61c3fffcaa712a5b425e364/cmake/CodeCoverage.cmake#L187,# NOT GCOVR_PATH,[],CMake,9,187,187
25594,zilliqa/zilliqa,https://github.com/zilliqa/zilliqa/blob/8ca0ee17d4372d07a61c3fffcaa712a5b425e364/cmake/CodeCoverage.cmake#L191,# Run tests,[],CMake,2,191,191
25594,zilliqa/zilliqa,https://github.com/zilliqa/zilliqa/blob/8ca0ee17d4372d07a61c3fffcaa712a5b425e364/cmake/CodeCoverage.cmake#L194,# Running gcovr,[],CMake,2,194,194
25594,zilliqa/zilliqa,https://github.com/zilliqa/zilliqa/blob/8ca0ee17d4372d07a61c3fffcaa712a5b425e364/cmake/CodeCoverage.cmake#L200,# Show info where to find the report,[],CMake,1,200,200
25594,zilliqa/zilliqa,https://github.com/zilliqa/zilliqa/blob/8ca0ee17d4372d07a61c3fffcaa712a5b425e364/cmake/CodeCoverage.cmake#L206,# SETUP_TARGET_FOR_COVERAGE_COBERTURA,[],CMake,14,206,206
25594,zilliqa/zilliqa,https://github.com/zilliqa/zilliqa/blob/8ca0ee17d4372d07a61c3fffcaa712a5b425e364/cmake/FindLevelDB.cmake#L1,# Find LevelDB,[],CMake,0,1,1
25594,zilliqa/zilliqa,https://github.com/zilliqa/zilliqa/blob/8ca0ee17d4372d07a61c3fffcaa712a5b425e364/cmake/FindMHD.cmake#L1,"# - Try to find MHD
# Once done this will define
#
#  MHD_FOUND - system has MHD
#  MHD_INCLUDE_DIRS - the MHD include directory
#  MHD_LIBRARY - Link these to use MHD",[],CMake,0,1,6
25594,zilliqa/zilliqa,https://github.com/zilliqa/zilliqa/blob/8ca0ee17d4372d07a61c3fffcaa712a5b425e364/cmake/FindProtobuf.cmake#L11,"# download, check and untar",[],CMake,0,11,11
25594,zilliqa/zilliqa,https://github.com/zilliqa/zilliqa/blob/8ca0ee17d4372d07a61c3fffcaa712a5b425e364/cmake/FindProtobuf.cmake#L28,# generate build directory,[],CMake,0,28,28
25594,zilliqa/zilliqa,https://github.com/zilliqa/zilliqa/blob/8ca0ee17d4372d07a61c3fffcaa712a5b425e364/cmake/FindProtobuf.cmake#L49,# build and install proto,[],CMake,0,49,49
25594,zilliqa/zilliqa,https://github.com/zilliqa/zilliqa/blob/8ca0ee17d4372d07a61c3fffcaa712a5b425e364/cmake/InstallCryptoUtils.cmake#L6,# update submodule to the latest commit,[],CMake,0,6,6
25594,zilliqa/zilliqa,https://github.com/zilliqa/zilliqa/blob/8ca0ee17d4372d07a61c3fffcaa712a5b425e364/cmake/InstallG3log.cmake#L11,# update submodule to the latest commit,[],CMake,0,11,11
25594,zilliqa/zilliqa,https://github.com/zilliqa/zilliqa/blob/8ca0ee17d4372d07a61c3fffcaa712a5b425e364/cmake/InstallG3log.cmake#L25,# generate build directory,[],CMake,0,25,25
25594,zilliqa/zilliqa,https://github.com/zilliqa/zilliqa/blob/8ca0ee17d4372d07a61c3fffcaa712a5b425e364/cmake/InstallG3log.cmake#L45,# build and install g3log,[],CMake,0,45,45
25594,zilliqa/zilliqa,https://github.com/zilliqa/zilliqa/blob/8ca0ee17d4372d07a61c3fffcaa712a5b425e364/cmake/InstallJsonrpccpp.cmake#L3,##File source: https://github.com/ethereum/cpp-dependencies/blob/master/jsonrpc.cmake,[],CMake,0,3,3
25594,zilliqa/zilliqa,https://github.com/zilliqa/zilliqa/blob/8ca0ee17d4372d07a61c3fffcaa712a5b425e364/cmake/InstallJsonrpccpp.cmake#L6,"# HTTP client from JSON RPC CPP requires curl library. It can find it itself,
# but we need to know the libcurl location for static linking.",[],CMake,0,6,7
25594,zilliqa/zilliqa,https://github.com/zilliqa/zilliqa/blob/8ca0ee17d4372d07a61c3fffcaa712a5b425e364/cmake/InstallJsonrpccpp.cmake#L10,"# HTTP server from JSON RPC CPP requires microhttpd library. It can find it itself,
# but we need to know the MHD location for static linking.",[],CMake,0,10,11
25594,zilliqa/zilliqa,https://github.com/zilliqa/zilliqa/blob/8ca0ee17d4372d07a61c3fffcaa712a5b425e364/cmake/InstallJsonrpccpp.cmake#L16,##Supress deprecated warning,[],CMake,0,16,16
25594,zilliqa/zilliqa,https://github.com/zilliqa/zilliqa/blob/8ca0ee17d4372d07a61c3fffcaa712a5b425e364/cmake/InstallJsonrpccpp.cmake#L22,# Build static lib but suitable to be included in a shared lib.,[],CMake,15,22,22
25594,zilliqa/zilliqa,https://github.com/zilliqa/zilliqa/blob/8ca0ee17d4372d07a61c3fffcaa712a5b425e364/cmake/InstallJsonrpccpp.cmake#L37,# Point to jsoncpp library.,[],CMake,15,37,37
25594,zilliqa/zilliqa,https://github.com/zilliqa/zilliqa/blob/8ca0ee17d4372d07a61c3fffcaa712a5b425e364/cmake/InstallJsonrpccpp.cmake#L39,# Select jsoncpp include prefix: <json/...> or <jsoncpp/json/...>,[],CMake,15,39,39
25594,zilliqa/zilliqa,https://github.com/zilliqa/zilliqa/blob/8ca0ee17d4372d07a61c3fffcaa712a5b425e364/cmake/InstallJsonrpccpp.cmake#L52,# On Windows it tries to install this dir. Create it to prevent failure.,[],CMake,4,52,52
25594,zilliqa/zilliqa,https://github.com/zilliqa/zilliqa/blob/8ca0ee17d4372d07a61c3fffcaa712a5b425e364/cmake/InstallJsonrpccpp.cmake#L55,# overwrite build and install commands to force Release build on MSVC.,[],CMake,4,55,55
25594,zilliqa/zilliqa,https://github.com/zilliqa/zilliqa/blob/8ca0ee17d4372d07a61c3fffcaa712a5b425e364/cmake/InstallJsonrpccpp.cmake#L61,# Create jsonrpc imported libraries,[],CMake,0,61,61
25594,zilliqa/zilliqa,https://github.com/zilliqa/zilliqa/blob/8ca0ee17d4372d07a61c3fffcaa712a5b425e364/cmake/InstallJsonrpccpp.cmake#L63,# On Windows CMAKE_INSTALL_PREFIX is ignored and installs to dist dir.,[],CMake,4,63,63
25594,zilliqa/zilliqa,https://github.com/zilliqa/zilliqa/blob/8ca0ee17d4372d07a61c3fffcaa712a5b425e364/cmake/InstallJsonrpccpp.cmake#L71,# Must exist.,[],CMake,45,71,71
25594,zilliqa/zilliqa,https://github.com/zilliqa/zilliqa/blob/8ca0ee17d4372d07a61c3fffcaa712a5b425e364/cmake/InstallMongo.cmake#L17,# update submodule to the locked commit,[],CMake,0,17,17
25594,zilliqa/zilliqa,https://github.com/zilliqa/zilliqa/blob/8ca0ee17d4372d07a61c3fffcaa712a5b425e364/cmake/InstallMongo.cmake#L30,# generate build directory,[],CMake,0,30,30
25594,zilliqa/zilliqa,https://github.com/zilliqa/zilliqa/blob/8ca0ee17d4372d07a61c3fffcaa712a5b425e364/cmake/InstallMongo.cmake#L46,# build and install mongo-c-driver,[],CMake,0,46,46
25594,zilliqa/zilliqa,https://github.com/zilliqa/zilliqa/blob/8ca0ee17d4372d07a61c3fffcaa712a5b425e364/cmake/InstallMongo.cmake#L70,# update submodule to the locked commit,[],CMake,0,70,70
25594,zilliqa/zilliqa,https://github.com/zilliqa/zilliqa/blob/8ca0ee17d4372d07a61c3fffcaa712a5b425e364/cmake/InstallMongo.cmake#L83,# generate build directory,[],CMake,0,83,83
25594,zilliqa/zilliqa,https://github.com/zilliqa/zilliqa/blob/8ca0ee17d4372d07a61c3fffcaa712a5b425e364/cmake/InstallMongo.cmake#L100,# build and install mongo-cxx-driver,[],CMake,0,100,100
25594,zilliqa/zilliqa,https://github.com/zilliqa/zilliqa/blob/8ca0ee17d4372d07a61c3fffcaa712a5b425e364/cmake/InstallMongo.cmake#L123,"#list(APPEND CMAKE_PREFIX_PATH ""${MONGO_C_INSTALL_DIR}"")",[],CMake,0,123,123
25594,zilliqa/zilliqa,https://github.com/zilliqa/zilliqa/blob/8ca0ee17d4372d07a61c3fffcaa712a5b425e364/cmake/InstallOpenSSL.cmake#L14,"# download, check and untar",[],CMake,0,14,14
25594,zilliqa/zilliqa,https://github.com/zilliqa/zilliqa/blob/8ca0ee17d4372d07a61c3fffcaa712a5b425e364/cmake/InstallOpenSSL.cmake#L27,# generate build directory,[],CMake,0,27,27
25594,zilliqa/zilliqa,https://github.com/zilliqa/zilliqa/blob/8ca0ee17d4372d07a61c3fffcaa712a5b425e364/cmake/InstallOpenSSL.cmake#L41,# build and install openssl,[],CMake,0,41,41
25594,zilliqa/zilliqa,https://github.com/zilliqa/zilliqa/blob/8ca0ee17d4372d07a61c3fffcaa712a5b425e364/cmake/InstallSchnorr.cmake#L10,"# download, check and untar",[],CMake,0,10,10
25594,zilliqa/zilliqa,https://github.com/zilliqa/zilliqa/blob/8ca0ee17d4372d07a61c3fffcaa712a5b425e364/cmake/InstallSchnorr.cmake#L23,# generate build directory,[],CMake,0,23,23
25594,zilliqa/zilliqa,https://github.com/zilliqa/zilliqa/blob/8ca0ee17d4372d07a61c3fffcaa712a5b425e364/cmake/InstallSchnorr.cmake#L40,# build and install proto,[],CMake,0,40,40
25594,zilliqa/zilliqa,https://github.com/zilliqa/zilliqa/blob/8ca0ee17d4372d07a61c3fffcaa712a5b425e364/cmake/InstallWebsocketpp.cmake#L11,# update submodule to the latest commit,[],CMake,0,11,11
25594,zilliqa/zilliqa,https://github.com/zilliqa/zilliqa/blob/8ca0ee17d4372d07a61c3fffcaa712a5b425e364/cmake/InstallWebsocketpp.cmake#L24,# generate build directory,[],CMake,0,24,24
25594,zilliqa/zilliqa,https://github.com/zilliqa/zilliqa/blob/8ca0ee17d4372d07a61c3fffcaa712a5b425e364/cmake/InstallWebsocketpp.cmake#L40,# build and install websocketpp,[],CMake,0,40,40
25594,zilliqa/zilliqa,https://github.com/zilliqa/zilliqa/blob/8ca0ee17d4372d07a61c3fffcaa712a5b425e364/cmake/LLVMExtraTools.cmake#L1,"# Additional targets to perform clang-format/clang-tidy
# It requires clang-format/clang-tidy 7.0.0+",[],CMake,0,1,2
25594,zilliqa/zilliqa,https://github.com/zilliqa/zilliqa/blob/8ca0ee17d4372d07a61c3fffcaa712a5b425e364/cmake/LLVMExtraTools.cmake#L4,# Get all project files,[],CMake,0,4,4
25594,zilliqa/zilliqa,https://github.com/zilliqa/zilliqa/blob/8ca0ee17d4372d07a61c3fffcaa712a5b425e364/cmake/LLVMExtraTools.cmake#L16,# Get vendored files,[],CMake,0,16,16
25594,zilliqa/zilliqa,https://github.com/zilliqa/zilliqa/blob/8ca0ee17d4372d07a61c3fffcaa712a5b425e364/cmake/LLVMExtraTools.cmake#L23,"# Exclude third-party libraries in src/depends
# list(FILTER ALL_CXX_SOURCES EXCLUDE REGEX ""^.*src/depends.*$"") # CMake 3.5.2",[],CMake,0,23,24
25594,zilliqa/zilliqa,https://github.com/zilliqa/zilliqa/blob/8ca0ee17d4372d07a61c3fffcaa712a5b425e364/cmake/LLVMExtraTools.cmake#L25,# CMake 3.5.1,[],CMake,60,25,25
25594,zilliqa/zilliqa,https://github.com/zilliqa/zilliqa/blob/8ca0ee17d4372d07a61c3fffcaa712a5b425e364/cmake/LLVMExtraTools.cmake#L27,####################### clang-format ##############################,[],CMake,0,27,27
25594,zilliqa/zilliqa,https://github.com/zilliqa/zilliqa/blob/8ca0ee17d4372d07a61c3fffcaa712a5b425e364/cmake/LLVMExtraTools.cmake#L55,# message(${CLANG_FORMAT_VERSION}),[],CMake,8,55,55
25594,zilliqa/zilliqa,https://github.com/zilliqa/zilliqa/blob/8ca0ee17d4372d07a61c3fffcaa712a5b425e364/cmake/LLVMExtraTools.cmake#L75,##################### clang-tidy #############################,[],CMake,0,75,75
25594,zilliqa/zilliqa,https://github.com/zilliqa/zilliqa/blob/8ca0ee17d4372d07a61c3fffcaa712a5b425e364/cmake/LLVMExtraTools.cmake#L112,# message(${CLANG_TIDY_VERSION}),[],CMake,8,112,112
25594,zilliqa/zilliqa,https://github.com/zilliqa/zilliqa/blob/8ca0ee17d4372d07a61c3fffcaa712a5b425e364/cmake/ProjectSecp256k1.cmake#L33,# Create imported library,[],CMake,0,33,33
25594,zilliqa/zilliqa,https://github.com/zilliqa/zilliqa/blob/8ca0ee17d4372d07a61c3fffcaa712a5b425e364/cmake/ProjectSecp256k1.cmake#L35,# Must exist.,[],CMake,49,35,35
25594,zilliqa/zilliqa,https://github.com/zilliqa/zilliqa/blob/8ca0ee17d4372d07a61c3fffcaa712a5b425e364/src/depends/libethash-cl/bin2h.cmake#L1,# https://gist.github.com/sivachandran/3a0de157dccef822a230,[],CMake,0,1,1
25594,zilliqa/zilliqa,https://github.com/zilliqa/zilliqa/blob/8ca0ee17d4372d07a61c3fffcaa712a5b425e364/src/depends/libethash-cl/bin2h.cmake#L4,"# Function to wrap a given string into multiple lines at the given column position.
# Parameters:
#   VARIABLE    - The name of the CMake variable holding the string.
#   AT_COLUMN   - The column position at which string will be wrapped.",[],CMake,0,4,7
25594,zilliqa/zilliqa,https://github.com/zilliqa/zilliqa/blob/8ca0ee17d4372d07a61c3fffcaa712a5b425e364/src/depends/libethash-cl/bin2h.cmake#L33,"# Script to embed contents of a file as byte array in C/C++ header file(.h). The header file
# will contain a byte array and integer variable holding the size of the array.
# Parameters
#   SOURCE_FILE     - The path of source file whose contents will be embedded in the header file.
#   VARIABLE_NAME   - The name of the variable for the byte array. The string ""_SIZE"" will be append
#                     to this name and will be used a variable name for size variable.
#   HEADER_FILE     - The path of header file.
#   APPEND          - If specified appends to the header file instead of overwriting it
#   NULL_TERMINATE  - If specified a null byte(zero) will be append to the byte array. This will be
#                     useful if the source file is a text file and we want to use the file contents
#                     as string. But the size variable holds size of the byte array without this
#                     null byte.",[],CMake,0,33,44
25594,zilliqa/zilliqa,https://github.com/zilliqa/zilliqa/blob/8ca0ee17d4372d07a61c3fffcaa712a5b425e364/src/depends/libethash-cl/bin2h.cmake#L47,"# cmake_parse_arguments(BIN2H ""${options}"" ""${oneValueArgs}"" """" ${ARGN})",[],CMake,0,47,47
25594,zilliqa/zilliqa,https://github.com/zilliqa/zilliqa/blob/8ca0ee17d4372d07a61c3fffcaa712a5b425e364/src/depends/libethash-cl/bin2h.cmake#L49,# reads source file contents as hex string,[],CMake,0,49,49
25594,zilliqa/zilliqa,https://github.com/zilliqa/zilliqa/blob/8ca0ee17d4372d07a61c3fffcaa712a5b425e364/src/depends/libethash-cl/bin2h.cmake#L52,# wraps the hex string into multiple lines at column 32(i.e. 16 bytes per line),[],CMake,0,52,52
25594,zilliqa/zilliqa,https://github.com/zilliqa/zilliqa/blob/8ca0ee17d4372d07a61c3fffcaa712a5b425e364/src/depends/libethash-cl/bin2h.cmake#L55,# adds '0x' prefix and comma suffix before and after every byte respectively,[],CMake,0,55,55
25594,zilliqa/zilliqa,https://github.com/zilliqa/zilliqa/blob/8ca0ee17d4372d07a61c3fffcaa712a5b425e364/src/depends/libethash-cl/bin2h.cmake#L57,# removes trailing comma,[],CMake,0,57,57
25594,zilliqa/zilliqa,https://github.com/zilliqa/zilliqa/blob/8ca0ee17d4372d07a61c3fffcaa712a5b425e364/src/depends/libethash-cl/bin2h.cmake#L60,# declares byte array and the length variables,[],CMake,0,60,60
