repoIndex,repoName,linkLocation,comment,keywords,buildSysteminFile,charPosition,startLine,endLine
25755,openmd/openmd,https://github.com/openmd/openmd/blob/39d92a42515d0e4a72c29b075b6d673fc6a47511/CMakeLists.txt#L1,# Top level cmake script for OpenMD.,[],CMake,0,1,1
25755,openmd/openmd,https://github.com/openmd/openmd/blob/39d92a42515d0e4a72c29b075b6d673fc6a47511/CMakeLists.txt#L20,#This is for finding MS-MPI.,[],CMake,8,20,20
25755,openmd/openmd,https://github.com/openmd/openmd/blob/39d92a42515d0e4a72c29b075b6d673fc6a47511/CMakeLists.txt#L37,"# For building MPI programs the selected Visual Studio compiler is used, namely cl.exe.
# So there is no need to set a specific MPI compiler.
#set(MPI_CXX_COMPILER ""${CMAKE_CXX_COMPILER}"")",[],CMake,8,37,39
25755,openmd/openmd,https://github.com/openmd/openmd/blob/39d92a42515d0e4a72c29b075b6d673fc6a47511/CMakeLists.txt#L41,"# Make sure the correct libraries (64-bit or 32-bit) are selected.
# Decide between 32-bit and 64-bit libraries for Microsoft's MPI",[],CMake,8,41,42
25755,openmd/openmd,https://github.com/openmd/openmd/blob/39d92a42515d0e4a72c29b075b6d673fc6a47511/CMakeLists.txt#L94,# OpenMD version number.,[],CMake,0,94,94
25755,openmd/openmd,https://github.com/openmd/openmd/blob/39d92a42515d0e4a72c29b075b6d673fc6a47511/CMakeLists.txt#L115,# ---------- Setup output Directories -------------------------,[],CMake,0,115,115
25755,openmd/openmd,https://github.com/openmd/openmd/blob/39d92a42515d0e4a72c29b075b6d673fc6a47511/CMakeLists.txt#L121,# --------- Setup the Executable output Directory -------------,[],CMake,0,121,121
25755,openmd/openmd,https://github.com/openmd/openmd/blob/39d92a42515d0e4a72c29b075b6d673fc6a47511/CMakeLists.txt#L127,# --------- Setup the static library directory -------------,[],CMake,0,127,127
25755,openmd/openmd,https://github.com/openmd/openmd/blob/39d92a42515d0e4a72c29b075b6d673fc6a47511/CMakeLists.txt#L172,# Give the user the option to format their code according to the OpenMD Style,[],CMake,0,172,172
25755,openmd/openmd,https://github.com/openmd/openmd/blob/39d92a42515d0e4a72c29b075b6d673fc6a47511/CMakeLists.txt#L181,## Run clang-format on all code except the files passed as arguments with the '-i' flag ##,[],CMake,4,181,181
25755,openmd/openmd,https://github.com/openmd/openmd/blob/39d92a42515d0e4a72c29b075b6d673fc6a47511/CMakeLists.txt#L224,"# Optional libraries: If we can find these, we will build with them
# Look for OpenBabel libraries",[],CMake,0,224,225
25755,openmd/openmd,https://github.com/openmd/openmd/blob/39d92a42515d0e4a72c29b075b6d673fc6a47511/CMakeLists.txt#L246,#Look for QHULL Libraries,[],CMake,0,246,246
25755,openmd/openmd,https://github.com/openmd/openmd/blob/39d92a42515d0e4a72c29b075b6d673fc6a47511/CMakeLists.txt#L256,# zlib stuff,[],CMake,0,256,256
25755,openmd/openmd,https://github.com/openmd/openmd/blob/39d92a42515d0e4a72c29b075b6d673fc6a47511/CMakeLists.txt#L267,#FFTW3,[],CMake,0,267,267
25755,openmd/openmd,https://github.com/openmd/openmd/blob/39d92a42515d0e4a72c29b075b6d673fc6a47511/CMakeLists.txt#L284,# add a target to generate API documentation with Doxygen,[],CMake,0,284,284
25755,openmd/openmd,https://github.com/openmd/openmd/blob/39d92a42515d0e4a72c29b075b6d673fc6a47511/CMakeLists.txt#L340,#Add executables for build,[],CMake,0,340,340
25755,openmd/openmd,https://github.com/openmd/openmd/blob/39d92a42515d0e4a72c29b075b6d673fc6a47511/CMakeLists.txt#L1088,# build a CPack driven installer package,[],CMake,0,1088,1088
25755,openmd/openmd,https://github.com/openmd/openmd/blob/39d92a42515d0e4a72c29b075b6d673fc6a47511/cmake/modules/FindFFTW3.cmake#L1,"# - Try to find FFTW3.
# Usage: find_package(FFTW3 [COMPONENTS [single double long-double threads]])
#
# Variables used by this module:
#  FFTW3_ROOT                 - FFTW3 root directory
# Variables defined by this module:
#  FFTW3_FOUND                - system has FFTW3
#  FFTW3_INCLUDE_DIR          - the FFTW3 include directory (cached)
#  FFTW3_INCLUDE_DIRS         - the FFTW3 include directories
#                               (identical to FFTW3_INCLUDE_DIR)
#  FFTW3[FL]?_LIBRARY         - the FFTW3 library - double, single(F), 
#                               long-double(L) precision (cached)
#  FFTW3[FL]?_THREADS_LIBRARY - the threaded FFTW3 library - double, single(F), 
#                               long-double(L) precision (cached)
#  FFTW3_LIBRARIES            - list of all FFTW3 libraries found",[],CMake,0,1,15
25755,openmd/openmd,https://github.com/openmd/openmd/blob/39d92a42515d0e4a72c29b075b6d673fc6a47511/cmake/modules/FindFFTW3.cmake#L17,"# Copyright (C) 2009-2010
# ASTRON (Netherlands Institute for Radio Astronomy)
# P.O.Box 2, 7990 AA Dwingeloo, The Netherlands
#
# This file is part of the LOFAR software suite.
# The LOFAR software suite is free software: you can redistribute it and/or
# modify it under the terms of the GNU General Public License as published
# by the Free Software Foundation, either version 3 of the License, or
# (at your option) any later version.
#
# The LOFAR software suite is distributed in the hope that it will be useful,
# but WITHOUT ANY WARRANTY; without even the implied warranty of
# MERCHANTABILITY or FITNESS FOR A PARTICULAR PURPOSE.  See the
# GNU General Public License for more details.
#
# You should have received a copy of the GNU General Public License along
# with the LOFAR software suite. If not, see <http://www.gnu.org/licenses/>.
#
# $Id: FindFFTW3.cmake 15918 2010-06-25 11:12:42Z loose $",[],CMake,0,17,35
25755,openmd/openmd,https://github.com/openmd/openmd/blob/39d92a42515d0e4a72c29b075b6d673fc6a47511/cmake/modules/FindFFTW3.cmake#L37,# Use double precision by default.,[],CMake,0,37,37
25755,openmd/openmd,https://github.com/openmd/openmd/blob/39d92a42515d0e4a72c29b075b6d673fc6a47511/cmake/modules/FindFFTW3.cmake#L44,# Loop over each component.,[],CMake,0,44,44
25755,openmd/openmd,https://github.com/openmd/openmd/blob/39d92a42515d0e4a72c29b075b6d673fc6a47511/cmake/modules/FindFFTW3.cmake#L61,"# If using threads, we need to link against threaded libraries as well.",[],CMake,0,61,61
25755,openmd/openmd,https://github.com/openmd/openmd/blob/39d92a42515d0e4a72c29b075b6d673fc6a47511/cmake/modules/FindFFTW3.cmake#L70,"# Keep a list of variable names that we need to pass on to
# find_package_handle_standard_args().",[],CMake,0,70,71
25755,openmd/openmd,https://github.com/openmd/openmd/blob/39d92a42515d0e4a72c29b075b6d673fc6a47511/cmake/modules/FindFFTW3.cmake#L74,# Search for all requested libraries.,[],CMake,0,74,74
25755,openmd/openmd,https://github.com/openmd/openmd/blob/39d92a42515d0e4a72c29b075b6d673fc6a47511/cmake/modules/FindFFTW3.cmake#L84,# Search for the header file.,[],CMake,0,84,84
25755,openmd/openmd,https://github.com/openmd/openmd/blob/39d92a42515d0e4a72c29b075b6d673fc6a47511/cmake/modules/FindFFTW3.cmake#L90,"# Handle the QUIETLY and REQUIRED arguments and set FFTW_FOUND to TRUE if
# all listed variables are TRUE",[],CMake,0,90,91
25755,openmd/openmd,https://github.com/openmd/openmd/blob/39d92a42515d0e4a72c29b075b6d673fc6a47511/cmake/modules/FindOpenBabel2.cmake#L1,"# FindOpenBabel.cmake
# Try to find Open Babel headers and libraries
# Defines:
#
#  OPENBABEL2_FOUND - system has Open Babel
#  OPENBABEL2_INCLUDE_DIR - the Open Babel include directory
#  OPENBABEL2_LIBRARIES - Link these to use Open Babel
#  IF OPENBABEL_DIR is defined, will look there first",[],CMake,0,1,8
25755,openmd/openmd,https://github.com/openmd/openmd/blob/39d92a42515d0e4a72c29b075b6d673fc6a47511/cmake/modules/FindOpenBabel2.cmake#L11,# in cache already or user-specified,[],CMake,2,11,11
25755,openmd/openmd,https://github.com/openmd/openmd/blob/39d92a42515d0e4a72c29b075b6d673fc6a47511/cmake/modules/FindOpenBabel3.cmake#L1,"# FindOpenBabel.cmake
# Try to find Open Babel headers and libraries
# Defines:
#
#  OPENBABEL3_FOUND - system has Open Babel
#  OPENBABEL3_INCLUDE_DIR - the Open Babel include directory
#  OPENBABEL3_LIBRARIES - Link these to use Open Babel
#  IF OPENBABEL_DIR is defined, will look there first",[],CMake,0,1,8
25755,openmd/openmd,https://github.com/openmd/openmd/blob/39d92a42515d0e4a72c29b075b6d673fc6a47511/cmake/modules/FindOpenBabel3.cmake#L11,# in cache already or user-specified,[],CMake,2,11,11
25755,openmd/openmd,https://github.com/openmd/openmd/blob/39d92a42515d0e4a72c29b075b6d673fc6a47511/cmake/modules/FindPythonPackage.cmake#L4,# Use FindPythonInterp and FindPythonLibs for CMake <3.12,[],CMake,4,4,4
25755,openmd/openmd,https://github.com/openmd/openmd/blob/39d92a42515d0e4a72c29b075b6d673fc6a47511/cmake/modules/FindPythonPackage.cmake#L7,"# Define variables that are available in FindPython3, so there's no need to branch off in the later part.",[],CMake,4,7,7
25755,openmd/openmd,https://github.com/openmd/openmd/blob/39d92a42515d0e4a72c29b075b6d673fc6a47511/cmake/modules/FindPythonPackage.cmake#L11,# Use FindPython3 for CMake >=3.12,[],CMake,4,11,11
25755,openmd/openmd,https://github.com/openmd/openmd/blob/39d92a42515d0e4a72c29b075b6d673fc6a47511/cmake/modules/FindPythonPackage.cmake#L52,#             ERROR_QUIET,[],CMake,0,52,52
25755,openmd/openmd,https://github.com/openmd/openmd/blob/39d92a42515d0e4a72c29b075b6d673fc6a47511/cmake/modules/FindQhull.cmake#L1,"###############################################################################
# Find QHULL
#
# This sets the following variables:
# QHULL_FOUND - True if QHULL was found.
# QHULL_INCLUDE_DIRS - Directories containing the QHULL include files.
# QHULL_LIBRARIES - Libraries needed to use QHULL.
# QHULL_DEFINITIONS - Compiler flags for QHULL.
# If QHULL_USE_STATIC is specified then look for static libraries ONLY else
# look for shared ones",[],CMake,0,1,10
25755,openmd/openmd,https://github.com/openmd/openmd/blob/39d92a42515d0e4a72c29b075b6d673fc6a47511/cmake/modules/FindQhull.cmake#L22,# qhull Versions,[],CMake,0,22,22
25755,openmd/openmd,https://github.com/openmd/openmd/blob/39d92a42515d0e4a72c29b075b6d673fc6a47511/cmake/modules/FindQhull.cmake#L41,"# prefer reentrant, then pointer (qh_QHpointer = 1) version, then
# static object (qh_QHpointer = 0) or unknown",[],CMake,2,41,42
25755,openmd/openmd,https://github.com/openmd/openmd/blob/39d92a42515d0e4a72c29b075b6d673fc6a47511/cmake/modules/FindQhull.cmake#L107,# could still be pointer or reentrant version of library - we don't know,[],CMake,8,107,107
25755,openmd/openmd,https://github.com/openmd/openmd/blob/39d92a42515d0e4a72c29b075b6d673fc6a47511/cmake/modules/FindQhull.cmake#L134,"#possibly a dangerous assumption that if we don't have the reentrant headers and libs and 
#if we also don't request static, then we want the pointer version:",[],CMake,4,134,135
25755,openmd/openmd,https://github.com/openmd/openmd/blob/39d92a42515d0e4a72c29b075b6d673fc6a47511/cmake/modules/GetGitRevisionDescription.cmake#L1,"# - Returns a version string from Git
#
# These functions force a re-configure on each git commit so that you can
# trust the values of the variables in your build system.
#
#  get_git_head_revision(<refspecvar> <hashvar> [<additional arguments to git describe> ...])
#
# Returns the refspec and sha hash of the current head revision
#
#  git_describe(<var> [<additional arguments to git describe> ...])
#
# Returns the results of git describe on the source tree, and adjusting
# the output so that it tests false if an error occurs.
#
#  git_get_exact_tag(<var> [<additional arguments to git describe> ...])
#
# Returns the results of git describe --exact-match on the source tree,
# and adjusting the output so that it tests false if there was no exact
# matching tag.
#
#  git_local_changes(<var>)
#
# Returns either ""CLEAN"" or ""DIRTY"" with respect to uncommitted changes.
# Uses the return code of ""git diff-index --quiet HEAD --"".
# Does not regard untracked files.
#
# Requires CMake 2.6 or newer (uses the 'function' command)
#
# Original Author:
# 2009-2010 Ryan Pavlik <rpavlik@iastate.edu> <abiryan@ryand.net>
# http://academic.cleardefinition.com
# Iowa State University HCI Graduate Program/VRAC
#
# Copyright Iowa State University 2009-2010.
# Distributed under the Boost Software License, Version 1.0.
# (See accompanying file LICENSE_1_0.txt or copy at
# http://www.boost.org/LICENSE_1_0.txt)",[],CMake,0,1,37
25755,openmd/openmd,https://github.com/openmd/openmd/blob/39d92a42515d0e4a72c29b075b6d673fc6a47511/cmake/modules/GetGitRevisionDescription.cmake#L44,"# We must run the following at ""include"" time, not at function call time,
# to find the path to this module rather than the path to a calling list file",[],CMake,0,44,45
25755,openmd/openmd,https://github.com/openmd/openmd/blob/39d92a42515d0e4a72c29b075b6d673fc6a47511/cmake/modules/GetGitRevisionDescription.cmake#L51,"# .git dir not found, search parent directories",[],CMake,32,51,51
25755,openmd/openmd,https://github.com/openmd/openmd/blob/39d92a42515d0e4a72c29b075b6d673fc6a47511/cmake/modules/GetGitRevisionDescription.cmake#L55,"# We have reached the root directory, we are not in git",[],CMake,3,55,55
25755,openmd/openmd,https://github.com/openmd/openmd/blob/39d92a42515d0e4a72c29b075b6d673fc6a47511/cmake/modules/GetGitRevisionDescription.cmake#L62,# check if this is a submodule,[],CMake,1,62,62
25755,openmd/openmd,https://github.com/openmd/openmd/blob/39d92a42515d0e4a72c29b075b6d673fc6a47511/cmake/modules/GetGitRevisionDescription.cmake#L111,"#message(STATUS ""Arguments to execute_process: ${ARGN}"")",[],CMake,1,111,111
25755,openmd/openmd,https://github.com/openmd/openmd/blob/39d92a42515d0e4a72c29b075b6d673fc6a47511/src/config.h.cmake#L2,"#ifndef __CONFIG_H
#define __CONFIG_H",[],CMake,0,2,3
25755,openmd/openmd,https://github.com/openmd/openmd/blob/39d92a42515d0e4a72c29b075b6d673fc6a47511/src/config.h.cmake#L5,"#define OPENMD_VERSION_MAJOR ""${VERSION_MAJOR}""
#define OPENMD_VERSION_MINOR ""${VERSION_MINOR}""
#define OPENMD_VERSION_TINY  ""${VERSION_TINY}""",[],CMake,0,5,7
25755,openmd/openmd,https://github.com/openmd/openmd/blob/39d92a42515d0e4a72c29b075b6d673fc6a47511/src/config.h.cmake#L9,"#define MK_STR(s) # s
#define STR_DEFINE(t, s) t = MK_STR(s)",[],CMake,0,9,10
25755,openmd/openmd,https://github.com/openmd/openmd/blob/39d92a42515d0e4a72c29b075b6d673fc6a47511/src/config.h.cmake#L13,#cmakedefine SINGLE_PRECISION,[],CMake,0,13,13
25755,openmd/openmd,https://github.com/openmd/openmd/blob/39d92a42515d0e4a72c29b075b6d673fc6a47511/src/config.h.cmake#L15,"#ifdef _MSC_VER
#define _USE_MATH_DEFINES
#pragma warning( disable : 4996 )
#define strncasecmp _strnicmp
#define strcasecmp _stricmp
#endif",[],CMake,0,15,20
25755,openmd/openmd,https://github.com/openmd/openmd/blob/39d92a42515d0e4a72c29b075b6d673fc6a47511/src/config.h.cmake#L22,"#ifdef WIN32
#include ""utils/wingetopt.h""
#else
#include <getopt.h>
#endif",[],CMake,0,22,26
25755,openmd/openmd,https://github.com/openmd/openmd/blob/39d92a42515d0e4a72c29b075b6d673fc6a47511/src/config.h.cmake#L30,"#cmakedefine HAVE_QHULL 1
#cmakedefine HAVE_QHULL_REENTRANT 1
#cmakedefine HAVE_QHULL_2011 1
#ifdef DISABLE_QHULL
#undef HAVE_QHULL
#endif",[],CMake,0,30,35
25755,openmd/openmd,https://github.com/openmd/openmd/blob/39d92a42515d0e4a72c29b075b6d673fc6a47511/src/config.h.cmake#L38,#cmakedefine HAVE_CONIO_H 1,[],CMake,0,38,38
25755,openmd/openmd,https://github.com/openmd/openmd/blob/39d92a42515d0e4a72c29b075b6d673fc6a47511/src/config.h.cmake#L41,#cmakedefine HAVE_STRNCASECMP 1,[],CMake,0,41,41
25755,openmd/openmd,https://github.com/openmd/openmd/blob/39d92a42515d0e4a72c29b075b6d673fc6a47511/src/config.h.cmake#L44,#cmakedefine HAVE_FFTW3_H 1 ,[],CMake,0,44,44
25755,openmd/openmd,https://github.com/openmd/openmd/blob/39d92a42515d0e4a72c29b075b6d673fc6a47511/src/config.h.cmake#L47,#cmakedefine HAVE_LIBZ 1,[],CMake,0,47,47
25755,openmd/openmd,https://github.com/openmd/openmd/blob/39d92a42515d0e4a72c29b075b6d673fc6a47511/src/config.h.cmake#L50,#cmakedefine PACKAGE_TARNAME,[],CMake,0,50,50
25755,openmd/openmd,https://github.com/openmd/openmd/blob/39d92a42515d0e4a72c29b075b6d673fc6a47511/src/config.h.cmake#L53,#cmakedefine PACKAGE_VERSION,[],CMake,0,53,53
25755,openmd/openmd,https://github.com/openmd/openmd/blob/39d92a42515d0e4a72c29b075b6d673fc6a47511/src/config.h.cmake#L56,#cmakedefine const,[],CMake,0,56,56
25755,openmd/openmd,https://github.com/openmd/openmd/blob/39d92a42515d0e4a72c29b075b6d673fc6a47511/src/config.h.cmake#L59,#cmakedefine debug,[],CMake,0,59,59
25755,openmd/openmd,https://github.com/openmd/openmd/blob/39d92a42515d0e4a72c29b075b6d673fc6a47511/src/config.h.cmake#L74,#undef size_t,[],CMake,0,74,74
25755,openmd/openmd,https://github.com/openmd/openmd/blob/39d92a42515d0e4a72c29b075b6d673fc6a47511/src/config.h.cmake#L76,#ifdef SINGLE_PRECISION,[],CMake,0,76,76
25755,openmd/openmd,https://github.com/openmd/openmd/blob/39d92a42515d0e4a72c29b075b6d673fc6a47511/src/config.h.cmake#L78,"#ifdef IS_MPI
#define MPI_REALTYPE MPI_FLOAT
#define MPI_REALTYPE_INT MPI_FLOAT_INT
#endif
#else",[],CMake,0,78,82
25755,openmd/openmd,https://github.com/openmd/openmd/blob/39d92a42515d0e4a72c29b075b6d673fc6a47511/src/config.h.cmake#L84,"#ifdef IS_MPI
#define MPI_REALTYPE MPI_DOUBLE
#define MPI_REALTYPE_INT MPI_DOUBLE_INT
#endif
#endif",[],CMake,0,84,88
25755,openmd/openmd,https://github.com/openmd/openmd/blob/39d92a42515d0e4a72c29b075b6d673fc6a47511/src/config.h.cmake#L90,#endif // __CONFIG_H,[],CMake,0,90,90
