repoIndex,repoName,linkLocation,comment,keywords,buildSysteminFile,charPosition,startLine,endLine
26262,qiskit/qiskit-aer,https://github.com/qiskit/qiskit-aer/blob/efc863a4d36237f85f90b4c4cd410372fa1f9409/CMakeLists.txt#L1,"# CMake config file to build AER
#
# For Linux and Mac, we can build both statically or dynamically. The latter is
# the default. If you want to build a static executable/library, you need to set
# STATIC_LINKING to True, example:
#     out$ cmake -DSTATIC_LINKING=True ..
#
# For Mac, statically linking only happens with user libraries, system libraries cannot
# be linked statically per Apple's indications.",[],CMake,0,1,9
26262,qiskit/qiskit-aer,https://github.com/qiskit/qiskit-aer/blob/efc863a4d36237f85f90b4c4cd410372fa1f9409/CMakeLists.txt#L31,"#include(FindCUDA) # for cuda_select_nvcc_arch_flags, CUDA_FOUND",[],CMake,2,31,31
26262,qiskit/qiskit-aer,https://github.com/qiskit/qiskit-aer/blob/efc863a4d36237f85f90b4c4cd410372fa1f9409/CMakeLists.txt#L35,# idiosyncrasy of CMake that it still creates a reference to this,[],CMake,2,35,35
26262,qiskit/qiskit-aer,https://github.com/qiskit/qiskit-aer/blob/efc863a4d36237f85f90b4c4cd410372fa1f9409/CMakeLists.txt#L48,"# Allow disabling conan for downstream package managers. Requires all libraries to be present in path
# Default is value of environment variable if defined or ON",[],CMake,0,48,49
26262,qiskit/qiskit-aer,https://github.com/qiskit/qiskit-aer/blob/efc863a4d36237f85f90b4c4cd410372fa1f9409/CMakeLists.txt#L60,# Get version information,[],CMake,0,60,60
26262,qiskit/qiskit-aer,https://github.com/qiskit/qiskit-aer/blob/efc863a4d36237f85f90b4c4cd410372fa1f9409/CMakeLists.txt#L76,# Adding support for CCache,[],CMake,0,76,76
26262,qiskit/qiskit-aer,https://github.com/qiskit/qiskit-aer/blob/efc863a4d36237f85f90b4c4cd410372fa1f9409/CMakeLists.txt#L83,# Set default build type to Release with Debug Symbols,[],CMake,0,83,83
26262,qiskit/qiskit-aer,https://github.com/qiskit/qiskit-aer/blob/efc863a4d36237f85f90b4c4cd410372fa1f9409/CMakeLists.txt#L91,"# In order to build for MacOSX 10.9 and above with Clang, we need to
# force using libc++ instead of the default for this target: libstdc++
# otherwise we could not use C++11/14",[],CMake,1,91,93
26262,qiskit/qiskit-aer,https://github.com/qiskit/qiskit-aer/blob/efc863a4d36237f85f90b4c4cd410372fa1f9409/CMakeLists.txt#L102,# MacOS compilers don't support -static flag either,[],CMake,5,102,102
26262,qiskit/qiskit-aer,https://github.com/qiskit/qiskit-aer/blob/efc863a4d36237f85f90b4c4cd410372fa1f9409/CMakeLists.txt#L106,# This is enough to build a semi-static executable on Mac,[],CMake,5,106,106
26262,qiskit/qiskit-aer,https://github.com/qiskit/qiskit-aer/blob/efc863a4d36237f85f90b4c4cd410372fa1f9409/CMakeLists.txt#L114,"# PowerPC builds are not meant to be redistributable, we build them
# in place, so we can have CPU = native.",[],CMake,2,114,115
26262,qiskit/qiskit-aer,https://github.com/qiskit/qiskit-aer/blob/efc863a4d36237f85f90b4c4cd410372fa1f9409/CMakeLists.txt#L118,# Warnings and Errors,[],CMake,1,118,118
26262,qiskit/qiskit-aer,https://github.com/qiskit/qiskit-aer/blob/efc863a4d36237f85f90b4c4cd410372fa1f9409/CMakeLists.txt#L130,# Enable intrinsics instead of functions  (faster code),[],CMake,46,130,130
26262,qiskit/qiskit-aer,https://github.com/qiskit/qiskit-aer/blob/efc863a4d36237f85f90b4c4cd410372fa1f9409/CMakeLists.txt#L141,"#
# Looking for external libraries
#",[],CMake,0,141,143
26262,qiskit/qiskit-aer,https://github.com/qiskit/qiskit-aer/blob/efc863a4d36237f85f90b4c4cd410372fa1f9409/CMakeLists.txt#L144,# List of redistributable dependencies,[],CMake,28,144,144
26262,qiskit/qiskit-aer,https://github.com/qiskit/qiskit-aer/blob/efc863a4d36237f85f90b4c4cd410372fa1f9409/CMakeLists.txt#L147,# If we do not set them with a space CMake fails afterwards if nothing is set for this vars!,[],CMake,0,147,147
26262,qiskit/qiskit-aer,https://github.com/qiskit/qiskit-aer/blob/efc863a4d36237f85f90b4c4cd410372fa1f9409/CMakeLists.txt#L154,# Could already be setup for macos with conan,[],CMake,21,154,154
26262,qiskit/qiskit-aer,https://github.com/qiskit/qiskit-aer/blob/efc863a4d36237f85f90b4c4cd410372fa1f9409/CMakeLists.txt#L164,"# On Apple and clang, we do need to link against the library unless we are building
# the Terra Addon, see issue: https://github.com/Qiskit/qiskit-aer/issues/1",[],CMake,3,164,165
26262,qiskit/qiskit-aer,https://github.com/qiskit/qiskit-aer/blob/efc863a4d36237f85f90b4c4cd410372fa1f9409/CMakeLists.txt#L170,#Needed to follow symlinks,[],CMake,98,170,170
26262,qiskit/qiskit-aer,https://github.com/qiskit/qiskit-aer/blob/efc863a4d36237f85f90b4c4cd410372fa1f9409/CMakeLists.txt#L207,# Checking if win32 build,[],CMake,44,207,207
26262,qiskit/qiskit-aer,https://github.com/qiskit/qiskit-aer/blob/efc863a4d36237f85f90b4c4cd410372fa1f9409/CMakeLists.txt#L212,# Seems CMake is unable to find it on its own,[],CMake,99,212,212
26262,qiskit/qiskit-aer,https://github.com/qiskit/qiskit-aer/blob/efc863a4d36237f85f90b4c4cd410372fa1f9409/CMakeLists.txt#L278,# We don't need to add OMP because it's already an AER dependency,[],CMake,2,278,278
26262,qiskit/qiskit-aer,https://github.com/qiskit/qiskit-aer/blob/efc863a4d36237f85f90b4c4cd410372fa1f9409/CMakeLists.txt#L316,# Set dependent libraries,[],CMake,0,316,316
26262,qiskit/qiskit-aer,https://github.com/qiskit/qiskit-aer/blob/efc863a4d36237f85f90b4c4cd410372fa1f9409/CMakeLists.txt#L328,# Terra Addon build,[],CMake,12,328,328
26262,qiskit/qiskit-aer,https://github.com/qiskit/qiskit-aer/blob/efc863a4d36237f85f90b4c4cd410372fa1f9409/CMakeLists.txt#L332,# Standalone build,[],CMake,7,332,332
26262,qiskit/qiskit-aer,https://github.com/qiskit/qiskit-aer/blob/efc863a4d36237f85f90b4c4cd410372fa1f9409/CMakeLists.txt#L337,"# We build SIMD filed separately, because they will be reached only if the
# machine running the code has SIMD support",[],CMake,4,337,338
26262,qiskit/qiskit-aer,https://github.com/qiskit/qiskit-aer/blob/efc863a4d36237f85f90b4c4cd410372fa1f9409/CMakeLists.txt#L370,"# We build SIMD filed separately, because they will be reached only if the
# machine running the code has SIMD support",[],CMake,4,370,371
26262,qiskit/qiskit-aer,https://github.com/qiskit/qiskit-aer/blob/efc863a4d36237f85f90b4c4cd410372fa1f9409/CMakeLists.txt#L404,# build qasm_simulator,[],CMake,1,404,404
26262,qiskit/qiskit-aer,https://github.com/qiskit/qiskit-aer/blob/efc863a4d36237f85f90b4c4cd410372fa1f9409/CMakeLists.txt#L415,"# build libaer.so (currently, Linux on x86 is supportted)",[],CMake,1,415,415
26262,qiskit/qiskit-aer,https://github.com/qiskit/qiskit-aer/blob/efc863a4d36237f85f90b4c4cd410372fa1f9409/CMakeLists.txt#L425,# Tests,[],CMake,2,425,425
26262,qiskit/qiskit-aer,https://github.com/qiskit/qiskit-aer/blob/efc863a4d36237f85f90b4c4cd410372fa1f9409/CMakeLists.txt#L438,# Tests,[],CMake,0,438,438
26262,qiskit/qiskit-aer,https://github.com/qiskit/qiskit-aer/blob/efc863a4d36237f85f90b4c4cd410372fa1f9409/qiskit_aer/backends/wrappers/CMakeLists.txt#L4,"# We need to remove the -static flag, because Python Extension system only supports
# dynamic linked libraries, but we want to build a shared libraries with the least
# dependencies we can, so some of these dependencies are linked statically into our
# shared library.",[],CMake,0,4,7
26262,qiskit/qiskit-aer,https://github.com/qiskit/qiskit-aer/blob/efc863a4d36237f85f90b4c4cd410372fa1f9409/qiskit_aer/backends/wrappers/CMakeLists.txt#L12,"# We build SIMD filed separately, because they will be reached only if the
# machine running the code has SIMD support",[],CMake,6,12,13
26262,qiskit/qiskit-aer,https://github.com/qiskit/qiskit-aer/blob/efc863a4d36237f85f90b4c4cd410372fa1f9409/qiskit_aer/backends/wrappers/CMakeLists.txt#L48,# Install redistributable dependencies,[],CMake,0,48,48
26262,qiskit/qiskit-aer,https://github.com/qiskit/qiskit-aer/blob/efc863a4d36237f85f90b4c4cd410372fa1f9409/src/open_pulse/CMakeLists.txt#L3,"# We need to remove the -static flag, because Python Extension system only supports
# dynamic linked libraries, but we want to build a shared libraries with the least
# dependencies we can, so some of these dependencies are linked statically into our
# shared library.",[],CMake,0,3,6
26262,qiskit/qiskit-aer,https://github.com/qiskit/qiskit-aer/blob/efc863a4d36237f85f90b4c4cd410372fa1f9409/test/CMakeLists.txt#L23,# Don't forget to add your test target here,[],CMake,0,23,23
26262,qiskit/qiskit-aer,https://github.com/qiskit/qiskit-aer/blob/efc863a4d36237f85f90b4c4cd410372fa1f9409/cmake/FindPybind11.cmake#L6,"# Pybind includes are searched for through python
# If they aren't found, we set them to the python include directories
#   set by CMake",[],CMake,0,6,8
26262,qiskit/qiskit-aer,https://github.com/qiskit/qiskit-aer/blob/efc863a4d36237f85f90b4c4cd410372fa1f9409/cmake/FindPybind11.cmake#L49,# This sets various properties (python include dirs) and links to python libs,[],CMake,4,49,49
26262,qiskit/qiskit-aer,https://github.com/qiskit/qiskit-aer/blob/efc863a4d36237f85f90b4c4cd410372fa1f9409/cmake/FindPybind11.cmake#L54,# Link against the Python shared library on Windows,[],CMake,8,54,54
26262,qiskit/qiskit-aer,https://github.com/qiskit/qiskit-aer/blob/efc863a4d36237f85f90b4c4cd410372fa1f9409/cmake/FindPybind11.cmake#L57,"# It's quite common to have multiple copies of the same Python version
# installed on one's system. E.g.: one copy from the OS and another copy
# that's statically linked into an application like Blender or Maya.
# If we link our plugin library against the OS Python here and import it
# into Blender or Maya later on, this will cause segfaults when multiple
# conflicting Python instances are active at the same time (even when they
# are of the same version).",[],CMake,8,57,63
26262,qiskit/qiskit-aer,https://github.com/qiskit/qiskit-aer/blob/efc863a4d36237f85f90b4c4cd410372fa1f9409/cmake/FindPybind11.cmake#L65,"# Windows is not affected by this issue since it handles DLL imports
# differently. The solution for Linux and Mac OS is simple: we just don't
# link against the Python library. The resulting shared library will have
# missing symbols, but that's perfectly fine -- they will be resolved at
# import time.
# Set some general flags",[],CMake,8,65,70
26262,qiskit/qiskit-aer,https://github.com/qiskit/qiskit-aer/blob/efc863a4d36237f85f90b4c4cd410372fa1f9409/cmake/FindPybind11.cmake#L74,"# -flat_namespace linker flag is needed otherwise dynamic symbol resolution doesn't work as expected with GCC.
# Symbols with the same name exist in different .so, so the loader just takes the first one it finds,
# which is usually the one from the first .so loaded.
# See: Two-Leve namespace symbol resolution",[],CMake,12,74,77
26262,qiskit/qiskit-aer,https://github.com/qiskit/qiskit-aer/blob/efc863a4d36237f85f90b4c4cd410372fa1f9409/cmake/FindPybind11.cmake#L84,"# -fvisibility=hidden is required to allow multiple modules compiled against
# different pybind versions to work properly, and for some features (e.g.
# py::module_local).  We force it on everything inside the `pybind11`
# namespace; also turning it on for a pybind module compilation here avoids
# potential warnings or issues from having mixed hidden/non-hidden types.",[],CMake,4,84,88
26262,qiskit/qiskit-aer,https://github.com/qiskit/qiskit-aer/blob/efc863a4d36237f85f90b4c4cd410372fa1f9409/cmake/FindPybind11.cmake#L96,"# Warning: Do not merge PROPERTIES when one of the variables can be empty, it breaks
# the rest of the properties so they are not properly added.",[],CMake,4,96,97
26262,qiskit/qiskit-aer,https://github.com/qiskit/qiskit-aer/blob/efc863a4d36237f85f90b4c4cd410372fa1f9409/cmake/Linter.cmake#L11,# This will add the linter as part of the build process,[],CMake,8,11,11
26262,qiskit/qiskit-aer,https://github.com/qiskit/qiskit-aer/blob/efc863a4d36237f85f90b4c4cd410372fa1f9409/cmake/Linter.cmake#L16,"# We create two more custom targets, so we can invoque both linter and
# format from the command line.",[],CMake,8,16,17
26262,qiskit/qiskit-aer,https://github.com/qiskit/qiskit-aer/blob/efc863a4d36237f85f90b4c4cd410372fa1f9409/cmake/Linter.cmake#L19,# Get all project files,[],CMake,8,19,19
26262,qiskit/qiskit-aer,https://github.com/qiskit/qiskit-aer/blob/efc863a4d36237f85f90b4c4cd410372fa1f9409/cmake/compiler_utils.cmake#L1,"# This code is part of Qiskit.
#
# (C) Copyright IBM 2018, 2019.
#
# This code is licensed under the Apache License, Version 2.0. You may
# obtain a copy of this license in the LICENSE.txt file in the root directory
# of this source tree or at http://www.apache.org/licenses/LICENSE-2.0.
#
# Any modifications or derivative works of this code must retain this
# copyright notice, and modified files need to carry a notice indicating
# that they have been altered from the originals.",[],CMake,0,1,11
26262,qiskit/qiskit-aer,https://github.com/qiskit/qiskit-aer/blob/efc863a4d36237f85f90b4c4cd410372fa1f9409/cmake/conan.cmake#L1,# The MIT License (MIT),[],CMake,0,1,1
26262,qiskit/qiskit-aer,https://github.com/qiskit/qiskit-aer/blob/efc863a4d36237f85f90b4c4cd410372fa1f9409/cmake/conan.cmake#L3,# Copyright (c) 2018 JFrog,[],CMake,0,3,3
26262,qiskit/qiskit-aer,https://github.com/qiskit/qiskit-aer/blob/efc863a4d36237f85f90b4c4cd410372fa1f9409/cmake/conan.cmake#L5,"# Permission is hereby granted, free of charge, to any person obtaining a copy
# of this software and associated documentation files (the ""Software""), to deal
# in the Software without restriction, including without limitation the rights
# to use, copy, modify, merge, publish, distribute, sublicense, and/or sell
# copies of the Software, and to permit persons to whom the Software is
# furnished to do so, subject to the following conditions:",[],CMake,0,5,10
26262,qiskit/qiskit-aer,https://github.com/qiskit/qiskit-aer/blob/efc863a4d36237f85f90b4c4cd410372fa1f9409/cmake/conan.cmake#L12,"# The above copyright notice and this permission notice shall be included in all
# copies or substantial portions of the Software.",[],CMake,0,12,13
26262,qiskit/qiskit-aer,https://github.com/qiskit/qiskit-aer/blob/efc863a4d36237f85f90b4c4cd410372fa1f9409/cmake/conan.cmake#L15,"# THE SOFTWARE IS PROVIDED ""AS IS"", WITHOUT WARRANTY OF ANY KIND, EXPRESS OR
# IMPLIED, INCLUDING BUT NOT LIMITED TO THE WARRANTIES OF MERCHANTABILITY,
# FITNESS FOR A PARTICULAR PURPOSE AND NONINFRINGEMENT. IN NO EVENT SHALL THE
# AUTHORS OR COPYRIGHT HOLDERS BE LIABLE FOR ANY CLAIM, DAMAGES OR OTHER
# LIABILITY, WHETHER IN AN ACTION OF CONTRACT, TORT OR OTHERWISE, ARISING FROM,
# OUT OF OR IN CONNECTION WITH THE SOFTWARE OR THE USE OR OTHER DEALINGS IN THE
# SOFTWARE.",[],CMake,0,15,21
26262,qiskit/qiskit-aer,https://github.com/qiskit/qiskit-aer/blob/efc863a4d36237f85f90b4c4cd410372fa1f9409/cmake/conan.cmake#L25,"# This file comes from: https://github.com/conan-io/cmake-conan. Please refer
# to this repository for issues and documentation.",[],CMake,0,25,26
26262,qiskit/qiskit-aer,https://github.com/qiskit/qiskit-aer/blob/efc863a4d36237f85f90b4c4cd410372fa1f9409/cmake/conan.cmake#L28,"# Its purpose is to wrap and launch Conan C/C++ Package Manager when cmake is called.
# It will take CMake current settings (os, compiler, compiler version, architecture)
# and translate them to conan settings for installing and retrieving dependencies.",[],CMake,0,28,30
26262,qiskit/qiskit-aer,https://github.com/qiskit/qiskit-aer/blob/efc863a4d36237f85f90b4c4cd410372fa1f9409/cmake/conan.cmake#L32,"# It is intended to facilitate developers building projects that have conan dependencies,
# but it is only necessary on the end-user side. It is not necessary to create conan
# packages, in fact it shouldn't be use for that. Check the project documentation.",[],CMake,0,32,34
26262,qiskit/qiskit-aer,https://github.com/qiskit/qiskit-aer/blob/efc863a4d36237f85f90b4c4cd410372fa1f9409/cmake/conan.cmake#L36,# version: 0.15.0,[],CMake,0,36,36
26262,qiskit/qiskit-aer,https://github.com/qiskit/qiskit-aer/blob/efc863a4d36237f85f90b4c4cd410372fa1f9409/cmake/conan.cmake#L64,"#message(STATUS ""COMPILER "" ${CMAKE_CXX_COMPILER})
#message(STATUS ""COMPILER "" ${CMAKE_CXX_COMPILER_ID})
#message(STATUS ""VERSION "" ${CMAKE_CXX_COMPILER_VERSION})
#message(STATUS ""FLAGS "" ${CMAKE_LANG_FLAGS})
#message(STATUS ""LIB ARCH "" ${CMAKE_CXX_LIBRARY_ARCHITECTURE})
#message(STATUS ""BUILD TYPE "" ${CMAKE_BUILD_TYPE})
#message(STATUS ""GENERATOR "" ${CMAKE_GENERATOR})
#message(STATUS ""GENERATOR WIN64 "" ${CMAKE_CL_64})",[],CMake,4,64,71
26262,qiskit/qiskit-aer,https://github.com/qiskit/qiskit-aer/blob/efc863a4d36237f85f90b4c4cd410372fa1f9409/cmake/conan.cmake#L99,#handle -s os setting,[],CMake,4,99,99
26262,qiskit/qiskit-aer,https://github.com/qiskit/qiskit-aer/blob/efc863a4d36237f85f90b4c4cd410372fa1f9409/cmake/conan.cmake#L101,#use default conan os setting if CMAKE_SYSTEM_NAME is not defined,[],CMake,8,101,101
26262,qiskit/qiskit-aer,https://github.com/qiskit/qiskit-aer/blob/efc863a4d36237f85f90b4c4cd410372fa1f9409/cmake/conan.cmake#L109,#check if the cmake system is a conan supported one,[],CMake,12,109,109
26262,qiskit/qiskit-aer,https://github.com/qiskit/qiskit-aer/blob/efc863a4d36237f85f90b4c4cd410372fa1f9409/cmake/conan.cmake#L144,# using AppleClang,[],CMake,8,144,144
26262,qiskit/qiskit-aer,https://github.com/qiskit/qiskit-aer/blob/efc863a4d36237f85f90b4c4cd410372fa1f9409/cmake/conan.cmake#L210,# If profile is defined it is used,[],CMake,4,210,210
26262,qiskit/qiskit-aer,https://github.com/qiskit/qiskit-aer/blob/efc863a4d36237f85f90b4c4cd410372fa1f9409/cmake/conan.cmake#L232,# Automatic from CMake,[],CMake,4,232,232
26262,qiskit/qiskit-aer,https://github.com/qiskit/qiskit-aer/blob/efc863a4d36237f85f90b4c4cd410372fa1f9409/cmake/conan.cmake#L252,# Take into account any -stdlib in compile options,[],CMake,4,252,252
26262,qiskit/qiskit-aer,https://github.com/qiskit/qiskit-aer/blob/efc863a4d36237f85f90b4c4cd410372fa1f9409/cmake/conan.cmake#L255,# Take into account any _GLIBCXX_USE_CXX11_ABI in compile definitions,[],CMake,4,255,255
26262,qiskit/qiskit-aer,https://github.com/qiskit/qiskit-aer/blob/efc863a4d36237f85f90b4c4cd410372fa1f9409/cmake/conan.cmake#L274,# Allow -D_GLIBCXX_USE_CXX11_ABI=ON/OFF as argument to cmake,[],CMake,8,274,274
26262,qiskit/qiskit-aer,https://github.com/qiskit/qiskit-aer/blob/efc863a4d36237f85f90b4c4cd410372fa1f9409/cmake/conan.cmake#L288,"# Either the compiler is missing the define because it is old, and so
# it can't use the new abi, or the compiler was configured to use the
# old abi by the user or distro (e.g. devtoolset on RHEL/CentOS)",[],CMake,12,288,290
26262,qiskit/qiskit-aer,https://github.com/qiskit/qiskit-aer/blob/efc863a4d36237f85f90b4c4cd410372fa1f9409/cmake/conan.cmake#L331,"# Calls ""conan install""
# Argument BUILD is equivalant to --build={missing, PkgName,...} or
# --build when argument is 'BUILD all' (which builds all packages from source)
# Argument CONAN_COMMAND, to specify the conan path, e.g. in case of running from source
# cmake does not identify conan as command, even if it is +x and it is in the path",[],CMake,4,331,335
26262,qiskit/qiskit-aer,https://github.com/qiskit/qiskit-aer/blob/efc863a4d36237f85f90b4c4cd410372fa1f9409/cmake/conan.cmake#L361,# A conan file has been specified - apply specified options as well if provided,[],CMake,6,361,361
26262,qiskit/qiskit-aer,https://github.com/qiskit/qiskit-aer/blob/efc863a4d36237f85f90b4c4cd410372fa1f9409/cmake/conan.cmake#L412,# configure_file will make sure cmake re-runs when conanfile is updated,[],CMake,4,412,412
26262,qiskit/qiskit-aer,https://github.com/qiskit/qiskit-aer/blob/efc863a4d36237f85f90b4c4cd410372fa1f9409/cmake/conan.cmake#L421,"# Generate, writing in disk a conanfile.txt with the requires, options, and imports
# specified as arguments
# This will be considered as temporary file, generated in CMAKE_CURRENT_BINARY_DIR)",[],CMake,2,421,423
26262,qiskit/qiskit-aer,https://github.com/qiskit/qiskit-aer/blob/efc863a4d36237f85f90b4c4cd410372fa1f9409/cmake/conan.cmake#L455,"# Checks for the existence of conanbuildinfo.cmake, and loads it
# important that it is macro, so variables defined at parent scope",[],CMake,4,455,456
26262,qiskit/qiskit-aer,https://github.com/qiskit/qiskit-aer/blob/efc863a4d36237f85f90b4c4cd410372fa1f9409/cmake/conan.cmake#L520,"# Checks conan availability in PATH
# Arguments REQUIRED and VERSION are optional
# Example usage:
#    conan_check(VERSION 1.0.0 REQUIRED)",[],CMake,4,520,523
26262,qiskit/qiskit-aer,https://github.com/qiskit/qiskit-aer/blob/efc863a4d36237f85f90b4c4cd410372fa1f9409/cmake/conan.cmake#L551,"# Adds a remote
# Arguments URL and NAME are required, INDEX and COMMAND are optional
# Example usage:
#    conan_add_remote(NAME bincrafters INDEX 1
#       URL https://api.bintray.com/conan/bincrafters/public-conan)",[],CMake,4,551,555
26262,qiskit/qiskit-aer,https://github.com/qiskit/qiskit-aer/blob/efc863a4d36237f85f90b4c4cd410372fa1f9409/cmake/conan.cmake#L573,"# install a full configuration from a local or remote zip file
# Argument ITEM is required, arguments TYPE, SOURCE, TARGET and VERIFY_SSL are optional
# Example usage:
#    conan_config_install(ITEM https://github.com/conan-io/cmake-conan.git
#       TYPE git SOURCE source-folder TARGET target-folder VERIFY_SSL false)",[],CMake,4,573,577
26262,qiskit/qiskit-aer,https://github.com/qiskit/qiskit-aer/blob/efc863a4d36237f85f90b4c4cd410372fa1f9409/cmake/conan_utils.cmake#L10,# Right now every dependency shall be static,[],CMake,4,10,10
26262,qiskit/qiskit-aer,https://github.com/qiskit/qiskit-aer/blob/efc863a4d36237f85f90b4c4cd410372fa1f9409/cmake/conan_utils.cmake#L80,# Headers includes,[],CMake,4,80,80
26262,qiskit/qiskit-aer,https://github.com/qiskit/qiskit-aer/blob/efc863a4d36237f85f90b4c4cd410372fa1f9409/cmake/conan_utils.cmake#L85,# Reassign targets from CONAN_PKG to AER_DEPENDENCY_PKG,[],CMake,4,85,85
26262,qiskit/qiskit-aer,https://github.com/qiskit/qiskit-aer/blob/efc863a4d36237f85f90b4c4cd410372fa1f9409/cmake/dependency_utils.cmake#L1,"# This code is part of Qiskit.
#
# (C) Copyright IBM 2020
#
# This code is licensed under the Apache License, Version 2.0. You may
# obtain a copy of this license in the LICENSE.txt file in the root directory
# of this source tree or at http://www.apache.org/licenses/LICENSE-2.0.
#
# Any modifications or derivative works of this code must retain this
# copyright notice, and modified files need to carry a notice indicating
# that they have been altered from the originals.",[],CMake,0,1,11
26262,qiskit/qiskit-aer,https://github.com/qiskit/qiskit-aer/blob/efc863a4d36237f85f90b4c4cd410372fa1f9409/cmake/dependency_utils.cmake#L15,# Defines AER_DEPENDENCY_PKG alias which refers to either conan-provided or system libraries.,[],CMake,1,15,15
26262,qiskit/qiskit-aer,https://github.com/qiskit/qiskit-aer/blob/efc863a4d36237f85f90b4c4cd410372fa1f9409/cmake/dependency_utils.cmake#L25,# Use system libraries,[],CMake,1,25,25
26262,qiskit/qiskit-aer,https://github.com/qiskit/qiskit-aer/blob/efc863a4d36237f85f90b4c4cd410372fa1f9409/cmake/dependency_utils.cmake#L44,#brew,[],CMake,35,44,44
26262,qiskit/qiskit-aer,https://github.com/qiskit/qiskit-aer/blob/efc863a4d36237f85f90b4c4cd410372fa1f9409/cmake/dependency_utils.cmake#L45,#ports,[],CMake,35,45,45
26262,qiskit/qiskit-aer,https://github.com/qiskit/qiskit-aer/blob/efc863a4d36237f85f90b4c4cd410372fa1f9409/cmake/dependency_utils.cmake#L50,# Arguments:,[],CMake,1,50,50
26262,qiskit/qiskit-aer,https://github.com/qiskit/qiskit-aer/blob/efc863a4d36237f85f90b4c4cd410372fa1f9409/cmake/dependency_utils.cmake#L51,"# package: name of package to search for using find_package()
# version: version of package to search for",[],CMake,2,51,52
26262,qiskit/qiskit-aer,https://github.com/qiskit/qiskit-aer/blob/efc863a4d36237f85f90b4c4cd410372fa1f9409/cmake/dependency_utils.cmake#L60,# Conan use lowercase for every lib,[],CMake,42,60,60
26262,qiskit/qiskit-aer,https://github.com/qiskit/qiskit-aer/blob/efc863a4d36237f85f90b4c4cd410372fa1f9409/cmake/findBLASInSpecificPath.cmake#L4,"# This function is intented to be called only from find_blas_in_specific_path
# Check if the lib has been found and if it was in a sub of the provided path.
# FindBLAS.cmake always search some standard paths so, if no lib is found
# below provided BLAS_LIB_PATH, it could have found the BLAS lib at some other place
# and not where the user specified",[],CMake,8,4,8
26262,qiskit/qiskit-aer,https://github.com/qiskit/qiskit-aer/blob/efc863a4d36237f85f90b4c4cd410372fa1f9409/cmake/findBLASInSpecificPath.cmake#L13,"# Need to add final separator in order to check if BLAS_LIB_PATH is a
# parent directory for BLAS_LIBS",[],CMake,8,13,14
26262,qiskit/qiskit-aer,https://github.com/qiskit/qiskit-aer/blob/efc863a4d36237f85f90b4c4cd410372fa1f9409/cmake/findBLASInSpecificPath.cmake#L15,# already in CMake format,[],CMake,41,15,15
26262,qiskit/qiskit-aer,https://github.com/qiskit/qiskit-aer/blob/efc863a4d36237f85f90b4c4cd410372fa1f9409/cmake/findBLASInSpecificPath.cmake#L17,# already in CMake format,[],CMake,43,17,17
26262,qiskit/qiskit-aer,https://github.com/qiskit/qiskit-aer/blob/efc863a4d36237f85f90b4c4cd410372fa1f9409/cmake/findBLASInSpecificPath.cmake#L31,"# Modify CMAKE_PREFIX_PATH locally to only search in provided dir
# (though FindBLAS ALWAYS search certain system dirs)",[],CMake,4,31,32
26262,qiskit/qiskit-aer,https://github.com/qiskit/qiskit-aer/blob/efc863a4d36237f85f90b4c4cd410372fa1f9409/cmake/findBLASInSpecificPath.cmake#L36,# Check if BLAS libs are under provided DIR,[],CMake,4,36,36
26262,qiskit/qiskit-aer,https://github.com/qiskit/qiskit-aer/blob/efc863a4d36237f85f90b4c4cd410372fa1f9409/cmake/findBLASInSpecificPath.cmake#L40,"# We may need to search for specific APPLE framework
# Try again setting the BLA_VENDOR to APPLE",[],CMake,8,40,41
