repoIndex,repoName,linkLocation,comment,keywords,buildSysteminFile,charPosition,startLine,endLine
26288,open-telemetry/opentelemetry-cpp,https://github.com/open-telemetry/opentelemetry-cpp/blob/85b78784a5516667afe11a1b238fdbf4ac7915b0/CMakeLists.txt#L3,"# See https://cmake.org/cmake/help/v3.3/policy/CMP0057.html required by certain
# versions of gtest",[],CMake,0,3,4
26288,open-telemetry/opentelemetry-cpp,https://github.com/open-telemetry/opentelemetry-cpp/blob/85b78784a5516667afe11a1b238fdbf4ac7915b0/CMakeLists.txt#L7,"# See https://cmake.org/cmake/help/v3.12/policy/CMP0074.html required by certain
# version of zlib which is dependeded by cURL.",[],CMake,0,7,8
26288,open-telemetry/opentelemetry-cpp,https://github.com/open-telemetry/opentelemetry-cpp/blob/85b78784a5516667afe11a1b238fdbf4ac7915b0/CMakeLists.txt#L15,# Mark variables as used so cmake doesn't complain about them,[],CMake,0,15,15
26288,open-telemetry/opentelemetry-cpp,https://github.com/open-telemetry/opentelemetry-cpp/blob/85b78784a5516667afe11a1b238fdbf4ac7915b0/CMakeLists.txt#L18,# Don't use customized cmake modules if vcpkg is used to resolve dependence.,[],CMake,0,18,18
26288,open-telemetry/opentelemetry-cpp,https://github.com/open-telemetry/opentelemetry-cpp/blob/85b78784a5516667afe11a1b238fdbf4ac7915b0/CMakeLists.txt#L34,# Architecture may be specified via ARCH environment variable,[],CMake,2,34,34
26288,open-telemetry/opentelemetry-cpp,https://github.com/open-telemetry/opentelemetry-cpp/blob/85b78784a5516667afe11a1b238fdbf4ac7915b0/CMakeLists.txt#L37,# Autodetection logic that populates ARCH variable,[],CMake,2,37,37
26288,open-telemetry/opentelemetry-cpp,https://github.com/open-telemetry/opentelemetry-cpp/blob/85b78784a5516667afe11a1b238fdbf4ac7915b0/CMakeLists.txt#L39,# Windows may report AMD64 even if target is 32-bit,[],CMake,4,39,39
26288,open-telemetry/opentelemetry-cpp,https://github.com/open-telemetry/opentelemetry-cpp/blob/85b78784a5516667afe11a1b238fdbf4ac7915b0/CMakeLists.txt#L46,# Windows may report x86 even if target is 64-bit,[],CMake,4,46,46
26288,open-telemetry/opentelemetry-cpp,https://github.com/open-telemetry/opentelemetry-cpp/blob/85b78784a5516667afe11a1b238fdbf4ac7915b0/CMakeLists.txt#L75,# Autodetect vcpkg toolchain,[],CMake,0,75,75
26288,open-telemetry/opentelemetry-cpp,https://github.com/open-telemetry/opentelemetry-cpp/blob/85b78784a5516667afe11a1b238fdbf4ac7915b0/CMakeLists.txt#L115,# Require at least C++17. C++20 is needed to avoid gsl::span,[],CMake,4,115,115
26288,open-telemetry/opentelemetry-cpp,https://github.com/open-telemetry/opentelemetry-cpp/blob/85b78784a5516667afe11a1b238fdbf4ac7915b0/CMakeLists.txt#L117,"# Ask for 20, may get anything below",[],CMake,6,117,117
26288,open-telemetry/opentelemetry-cpp,https://github.com/open-telemetry/opentelemetry-cpp/blob/85b78784a5516667afe11a1b238fdbf4ac7915b0/CMakeLists.txt#L120,"# Ask for 17, may get anything below",[],CMake,6,120,120
26288,open-telemetry/opentelemetry-cpp,https://github.com/open-telemetry/opentelemetry-cpp/blob/85b78784a5516667afe11a1b238fdbf4ac7915b0/CMakeLists.txt#L129,"# These definitions are needed for test projects that do not link against
# opentelemetry-api library directly. We ensure that variant implementation
# (absl::variant or std::variant) in variant unit test code is consistent with
# the global project build definitions. Optimize for speed to reduce the hops",[],CMake,2,129,132
26288,open-telemetry/opentelemetry-cpp,https://github.com/open-telemetry/opentelemetry-cpp/blob/85b78784a5516667afe11a1b238fdbf4ac7915b0/CMakeLists.txt#L135,# Turn off optimizations for DEBUG,[],CMake,6,135,135
26288,open-telemetry/opentelemetry-cpp,https://github.com/open-telemetry/opentelemetry-cpp/blob/85b78784a5516667afe11a1b238fdbf4ac7915b0/CMakeLists.txt#L169,# GTest bug: https://github.com/google/googletest/issues/860,[],CMake,6,169,169
26288,open-telemetry/opentelemetry-cpp,https://github.com/open-telemetry/opentelemetry-cpp/blob/85b78784a5516667afe11a1b238fdbf4ac7915b0/CMakeLists.txt#L176,# Do not convert deprecated message to error,[],CMake,0,176,176
26288,open-telemetry/opentelemetry-cpp,https://github.com/open-telemetry/opentelemetry-cpp/blob/85b78784a5516667afe11a1b238fdbf4ac7915b0/CMakeLists.txt#L194,"# Bootstrap vcpkg from CMake and auto-install deps in case if we are missing
# deps on Windows. Respect the target architecture variable.",[],CMake,2,194,195
26288,open-telemetry/opentelemetry-cpp,https://github.com/open-telemetry/opentelemetry-cpp/blob/85b78784a5516667afe11a1b238fdbf4ac7915b0/CMakeLists.txt#L214,# Install Thrift and propagate via vcpkg toolchain file,[],CMake,4,214,214
26288,open-telemetry/opentelemetry-cpp,https://github.com/open-telemetry/opentelemetry-cpp/blob/85b78784a5516667afe11a1b238fdbf4ac7915b0/CMakeLists.txt#L222,"# Options for Visual C++ compiler: /Zc:__cplusplus - report an updated value
# for recent C++ language standards. Without this option MSVC returns the
# value of __cplusplus=""199711L""",[],CMake,2,222,224
26288,open-telemetry/opentelemetry-cpp,https://github.com/open-telemetry/opentelemetry-cpp/blob/85b78784a5516667afe11a1b238fdbf4ac7915b0/CMakeLists.txt#L226,# __cplusplus flag is not supported by Visual Studio 2015,[],CMake,4,226,226
26288,open-telemetry/opentelemetry-cpp,https://github.com/open-telemetry/opentelemetry-cpp/blob/85b78784a5516667afe11a1b238fdbf4ac7915b0/CMakeLists.txt#L229,"# When using vcpkg, all targets build with the same runtime",[],CMake,2,229,229
26288,open-telemetry/opentelemetry-cpp,https://github.com/open-telemetry/opentelemetry-cpp/blob/85b78784a5516667afe11a1b238fdbf4ac7915b0/CMakeLists.txt#L237,"# include GNUInstallDirs before include cmake/opentelemetry-proto.cmake because
# opentelemetry-proto installs targets to the location variables defined in
# GNUInstallDirs.",[],CMake,0,237,239
26288,open-telemetry/opentelemetry-cpp,https://github.com/open-telemetry/opentelemetry-cpp/blob/85b78784a5516667afe11a1b238fdbf4ac7915b0/CMakeLists.txt#L291,# Always use x64 protoc.exe,[],CMake,6,291,291
26288,open-telemetry/opentelemetry-cpp,https://github.com/open-telemetry/opentelemetry-cpp/blob/85b78784a5516667afe11a1b238fdbf4ac7915b0/CMakeLists.txt#L298,# Latest Protobuf uses mixed case instead of uppercase,[],CMake,4,298,298
26288,open-telemetry/opentelemetry-cpp,https://github.com/open-telemetry/opentelemetry-cpp/blob/85b78784a5516667afe11a1b238fdbf4ac7915b0/CMakeLists.txt#L331,# nlohmann_json package is required for most SDK build configurations,[],CMake,2,331,331
26288,open-telemetry/opentelemetry-cpp,https://github.com/open-telemetry/opentelemetry-cpp/blob/85b78784a5516667afe11a1b238fdbf4ac7915b0/CMakeLists.txt#L346,# This option allows to link nlohmann_json::nlohmann_json target,[],CMake,4,346,346
26288,open-telemetry/opentelemetry-cpp,https://github.com/open-telemetry/opentelemetry-cpp/blob/85b78784a5516667afe11a1b238fdbf4ac7915b0/CMakeLists.txt#L348,# This option allows to add header to include directories,[],CMake,4,348,348
26288,open-telemetry/opentelemetry-cpp,https://github.com/open-telemetry/opentelemetry-cpp/blob/85b78784a5516667afe11a1b238fdbf4ac7915b0/CMakeLists.txt#L364,"# Prefer GTest from build tree. GTest is not always working with
# CMAKE_PREFIX_PATH",[],CMake,4,364,365
26288,open-telemetry/opentelemetry-cpp,https://github.com/open-telemetry/opentelemetry-cpp/blob/85b78784a5516667afe11a1b238fdbf4ac7915b0/CMakeLists.txt#L374,# Make sure we are always bootsrapped with vcpkg on Windows,[],CMake,4,374,374
26288,open-telemetry/opentelemetry-cpp,https://github.com/open-telemetry/opentelemetry-cpp/blob/85b78784a5516667afe11a1b238fdbf4ac7915b0/CMakeLists.txt#L381,"# Prefer GTest installed by OS distro, brew or vcpkg package manager",[],CMake,4,381,381
26288,open-telemetry/opentelemetry-cpp,https://github.com/open-telemetry/opentelemetry-cpp/blob/85b78784a5516667afe11a1b238fdbf4ac7915b0/CMakeLists.txt#L388,# Benchmark respects the CMAKE_PREFIX_PATH,[],CMake,2,388,388
26288,open-telemetry/opentelemetry-cpp,https://github.com/open-telemetry/opentelemetry-cpp/blob/85b78784a5516667afe11a1b238fdbf4ac7915b0/CMakeLists.txt#L412,"# Export cmake config and support find_packages(opentelemetry-cpp CONFIG) Write
# config file for find_packages(opentelemetry-cpp CONFIG)",[],CMake,0,412,413
26288,open-telemetry/opentelemetry-cpp,https://github.com/open-telemetry/opentelemetry-cpp/blob/85b78784a5516667afe11a1b238fdbf4ac7915b0/CMakeLists.txt#L423,# Write version file for find_packages(opentelemetry-cpp CONFIG),[],CMake,0,423,423
26288,open-telemetry/opentelemetry-cpp,https://github.com/open-telemetry/opentelemetry-cpp/blob/85b78784a5516667afe11a1b238fdbf4ac7915b0/CMakeLists.txt#L435,# Export all components,[],CMake,0,435,435
26288,open-telemetry/opentelemetry-cpp,https://github.com/open-telemetry/opentelemetry-cpp/blob/85b78784a5516667afe11a1b238fdbf4ac7915b0/api/CMakeLists.txt#L65,"# Guidelines Support Library path. Used if we are not on not get C++20.
#",[],CMake,2,65,66
26288,open-telemetry/opentelemetry-cpp,https://github.com/open-telemetry/opentelemetry-cpp/blob/85b78784a5516667afe11a1b238fdbf4ac7915b0/api/test/singleton/CMakeLists.txt#L1,"# Copyright The OpenTelemetry Authors
# SPDX-License-Identifier: Apache-2.0",[],CMake,0,1,2
26288,open-telemetry/opentelemetry-cpp,https://github.com/open-telemetry/opentelemetry-cpp/blob/85b78784a5516667afe11a1b238fdbf4ac7915b0/api/test/singleton/CMakeLists.txt#L6,# Header only singletons are not available in windows yet.,[],CMake,0,6,6
26288,open-telemetry/opentelemetry-cpp,https://github.com/open-telemetry/opentelemetry-cpp/blob/85b78784a5516667afe11a1b238fdbf4ac7915b0/examples/grpc/CMakeLists.txt#L1,# Proto file,[],CMake,0,1,1
26288,open-telemetry/opentelemetry-cpp,https://github.com/open-telemetry/opentelemetry-cpp/blob/85b78784a5516667afe11a1b238fdbf4ac7915b0/examples/grpc/CMakeLists.txt#L6,# Generated sources,[],CMake,0,6,6
26288,open-telemetry/opentelemetry-cpp,https://github.com/open-telemetry/opentelemetry-cpp/blob/85b78784a5516667afe11a1b238fdbf4ac7915b0/exporters/CMakeLists.txt#L1,"# Copyright 2021, OpenTelemetry Authors
#
# Licensed under the Apache License, Version 2.0 (the ""License"");
# you may not use this file except in compliance with the License.
# You may obtain a copy of the License at
#
#     http://www.apache.org/licenses/LICENSE-2.0
#
# Unless required by applicable law or agreed to in writing, software
# distributed under the License is distributed on an ""AS IS"" BASIS,
# WITHOUT WARRANTIES OR CONDITIONS OF ANY KIND, either express or implied.
# See the License for the specific language governing permissions and
# limitations under the License.",[],CMake,0,1,13
26288,open-telemetry/opentelemetry-cpp,https://github.com/open-telemetry/opentelemetry-cpp/blob/85b78784a5516667afe11a1b238fdbf4ac7915b0/exporters/elasticsearch/CMakeLists.txt#L41,# BUILD_TESTING,[],CMake,8,41,41
26288,open-telemetry/opentelemetry-cpp,https://github.com/open-telemetry/opentelemetry-cpp/blob/85b78784a5516667afe11a1b238fdbf4ac7915b0/exporters/etw/CMakeLists.txt#L63,# BUILD_TESTING,[],CMake,8,63,63
26288,open-telemetry/opentelemetry-cpp,https://github.com/open-telemetry/opentelemetry-cpp/blob/85b78784a5516667afe11a1b238fdbf4ac7915b0/exporters/jaeger/CMakeLists.txt#L4,"# vcpkg config recipe points to THRIFT_INCLUDE_DIR=...\thrift . Ensure that the
# include dir for thrift-gen code is 1 level-up from that:",[],CMake,0,4,5
26288,open-telemetry/opentelemetry-cpp,https://github.com/open-telemetry/opentelemetry-cpp/blob/85b78784a5516667afe11a1b238fdbf4ac7915b0/exporters/jaeger/CMakeLists.txt#L96,# BUILD_TESTING,[],CMake,8,96,96
26288,open-telemetry/opentelemetry-cpp,https://github.com/open-telemetry/opentelemetry-cpp/blob/85b78784a5516667afe11a1b238fdbf4ac7915b0/exporters/ostream/CMakeLists.txt#L36,# BUILD_TESTING,[],CMake,8,36,36
26288,open-telemetry/opentelemetry-cpp,https://github.com/open-telemetry/opentelemetry-cpp/blob/85b78784a5516667afe11a1b238fdbf4ac7915b0/exporters/otlp/CMakeLists.txt#L212,"# Explicitly specify that we consume GTest from shared library. The rest of
# code logic below determines whether we link Release or Debug flavor of the
# library. These flavors have different prefix on Windows, gmock and gmockd
# respectively.",[],CMake,4,212,215
26288,open-telemetry/opentelemetry-cpp,https://github.com/open-telemetry/opentelemetry-cpp/blob/85b78784a5516667afe11a1b238fdbf4ac7915b0/exporters/otlp/CMakeLists.txt#L218,"# unset GMOCK_LIB to force find_library to redo the lookup, as the cached
# entry could cause linking to incorrect flavor of gmock and leading to
# runtime error.",[],CMake,6,218,220
26288,open-telemetry/opentelemetry-cpp,https://github.com/open-telemetry/opentelemetry-cpp/blob/85b78784a5516667afe11a1b238fdbf4ac7915b0/exporters/otlp/CMakeLists.txt#L364,# BUILD_TESTING,[],CMake,8,364,364
26288,open-telemetry/opentelemetry-cpp,https://github.com/open-telemetry/opentelemetry-cpp/blob/85b78784a5516667afe11a1b238fdbf4ac7915b0/exporters/prometheus/CMakeLists.txt#L1,"# Copyright 2020, OpenTelemetry Authors
#
# Licensed under the Apache License, Version 2.0 (the ""License"");
# you may not use this file except in compliance with the License.
# You may obtain a copy of the License at
#
#     http://www.apache.org/licenses/LICENSE-2.0
#
# Unless required by applicable law or agreed to in writing, software
# distributed under the License is distributed on an ""AS IS"" BASIS,
# WITHOUT WARRANTIES OR CONDITIONS OF ANY KIND, either express or implied.
# See the License for the specific language governing permissions and
# limitations under the License.",[],CMake,0,1,13
26288,open-telemetry/opentelemetry-cpp,https://github.com/open-telemetry/opentelemetry-cpp/blob/85b78784a5516667afe11a1b238fdbf4ac7915b0/exporters/zipkin/CMakeLists.txt#L1,"# Copyright 2021, OpenTelemetry Authors
#
# Licensed under the Apache License, Version 2.0 (the ""License"");
# you may not use this file except in compliance with the License.
# You may obtain a copy of the License at
#
#     http://www.apache.org/licenses/LICENSE-2.0
#
# Unless required by applicable law or agreed to in writing, software
# distributed under the License is distributed on an ""AS IS"" BASIS,
# WITHOUT WARRANTIES OR CONDITIONS OF ANY KIND, either express or implied.
# See the License for the specific language governing permissions and
# limitations under the License.",[],CMake,0,1,13
26288,open-telemetry/opentelemetry-cpp,https://github.com/open-telemetry/opentelemetry-cpp/blob/85b78784a5516667afe11a1b238fdbf4ac7915b0/exporters/zipkin/CMakeLists.txt#L76,# BUILD_TESTING,[],CMake,8,76,76
26288,open-telemetry/opentelemetry-cpp,https://github.com/open-telemetry/opentelemetry-cpp/blob/85b78784a5516667afe11a1b238fdbf4ac7915b0/ext/src/http/client/nosend/CMakeLists.txt#L9,"# Explicitly specify that we consume GTest from shared library. The rest of
# code logic below determines whether we link Release or Debug flavor of the
# library. These flavors have different prefix on Windows, gmock and gmockd
# respectively.",[],CMake,4,9,12
26288,open-telemetry/opentelemetry-cpp,https://github.com/open-telemetry/opentelemetry-cpp/blob/85b78784a5516667afe11a1b238fdbf4ac7915b0/ext/src/http/client/nosend/CMakeLists.txt#L15,"# unset GMOCK_LIB to force find_library to redo the lookup, as the cached
# entry could cause linking to incorrect flavor of gmock and leading to
# runtime error.",[],CMake,6,15,17
26288,open-telemetry/opentelemetry-cpp,https://github.com/open-telemetry/opentelemetry-cpp/blob/85b78784a5516667afe11a1b238fdbf4ac7915b0/ci/ports/benchmark/portfile.cmake#L5,# Make sure vs2019 compiled binaries are compat with vs2017,[],CMake,0,5,5
26288,open-telemetry/opentelemetry-cpp,https://github.com/open-telemetry/opentelemetry-cpp/blob/85b78784a5516667afe11a1b238fdbf4ac7915b0/ci/ports/benchmark/portfile.cmake#L38,# Handle copyright,[],CMake,0,38,38
26288,open-telemetry/opentelemetry-cpp,https://github.com/open-telemetry/opentelemetry-cpp/blob/85b78784a5516667afe11a1b238fdbf4ac7915b0/ci/ports/protobuf/portfile.cmake#L4,#v3.12.3,[],CMake,52,4,4
26288,open-telemetry/opentelemetry-cpp,https://github.com/open-telemetry/opentelemetry-cpp/blob/85b78784a5516667afe11a1b238fdbf4ac7915b0/ci/ports/protobuf/portfile.cmake#L56,"# It appears that at this point the build hasn't actually finished. There is probably
# a process spawned by the build, therefore we need to wait a bit.",[],CMake,0,56,57
26288,open-telemetry/opentelemetry-cpp,https://github.com/open-telemetry/opentelemetry-cpp/blob/85b78784a5516667afe11a1b238fdbf4ac7915b0/cmake/opentelemetry-proto.cmake#L239,# cmake 3.8 or lower,[],CMake,7,239,239
26288,open-telemetry/opentelemetry-cpp,https://github.com/open-telemetry/opentelemetry-cpp/blob/85b78784a5516667afe11a1b238fdbf4ac7915b0/cmake/proto-options-patch.cmake#L17,"# see
# https://docs.microsoft.com/en-us/cpp/overview/cpp-conformance-improvements?view=vs-2019#improvements_162
# for detail",[],CMake,6,17,19
26288,open-telemetry/opentelemetry-cpp,https://github.com/open-telemetry/opentelemetry-cpp/blob/85b78784a5516667afe11a1b238fdbf4ac7915b0/cmake/modules/FindThrift.cmake#L1,"# This module defines Thrift_LIBRARIES, libraries to link Thrift_INCLUDE_DIR,
# Thrift_FOUND, If false, do not try to use it.",[],CMake,0,1,2
26288,open-telemetry/opentelemetry-cpp,https://github.com/open-telemetry/opentelemetry-cpp/blob/85b78784a5516667afe11a1b238fdbf4ac7915b0/cmake/modules/FindThrift.cmake#L4,"# prefer the Thrift version supplied in Thrift_HOME (cmake -DThrift_HOME then
# environment)",[],CMake,0,4,5
26288,open-telemetry/opentelemetry-cpp,https://github.com/open-telemetry/opentelemetry-cpp/blob/85b78784a5516667afe11a1b238fdbf4ac7915b0/cmake/modules/FindThrift.cmake#L12,# prefer the Thrift version supplied in Thrift_HOME,[],CMake,0,12,12
26288,open-telemetry/opentelemetry-cpp,https://github.com/open-telemetry/opentelemetry-cpp/blob/85b78784a5516667afe11a1b238fdbf4ac7915b0/tools/ports/benchmark/portfile.cmake#L6,# Make sure vs2019 compiled binaries are compat with vs2017,[],CMake,2,6,6
26288,open-telemetry/opentelemetry-cpp,https://github.com/open-telemetry/opentelemetry-cpp/blob/85b78784a5516667afe11a1b238fdbf4ac7915b0/tools/ports/benchmark/portfile.cmake#L12,#https://github.com/google/benchmark/issues/661,[],CMake,0,12,12
26288,open-telemetry/opentelemetry-cpp,https://github.com/open-telemetry/opentelemetry-cpp/blob/85b78784a5516667afe11a1b238fdbf4ac7915b0/tools/ports/benchmark/portfile.cmake#L20,# v1.5.3,[],CMake,49,20,20
26288,open-telemetry/opentelemetry-cpp,https://github.com/open-telemetry/opentelemetry-cpp/blob/85b78784a5516667afe11a1b238fdbf4ac7915b0/tools/ports/benchmark/portfile.cmake#L45,# Handle copyright,[],CMake,0,45,45
26288,open-telemetry/opentelemetry-cpp,https://github.com/open-telemetry/opentelemetry-cpp/blob/85b78784a5516667afe11a1b238fdbf4ac7915b0/tools/ports/opentelemetry/portfile.cmake#L29,# Use local snapshot since we already cloned the code,[],CMake,2,29,29
26288,open-telemetry/opentelemetry-cpp,https://github.com/open-telemetry/opentelemetry-cpp/blob/85b78784a5516667afe11a1b238fdbf4ac7915b0/tools/ports/opentelemetry/portfile.cmake#L33,# Fetch from GitHub master,[],CMake,2,33,33
26288,open-telemetry/opentelemetry-cpp,https://github.com/open-telemetry/opentelemetry-cpp/blob/85b78784a5516667afe11a1b238fdbf4ac7915b0/tools/ports/opentelemetry/portfile.cmake#L49,"# Custom options could be passed to COMMAND, e.g.
# vcpkg_execute_build_process(
#   COMMAND ${SOURCE_PATH}/tools/build.sh nostd-vcpkg -DBUILD_TESTING=OFF
#   ...
# ",[],CMake,2,49,53
26288,open-telemetry/opentelemetry-cpp,https://github.com/open-telemetry/opentelemetry-cpp/blob/85b78784a5516667afe11a1b238fdbf4ac7915b0/tools/ports/protobuf/portfile.cmake#L4,#v3.15.8,[],CMake,52,4,4
26288,open-telemetry/opentelemetry-cpp,https://github.com/open-telemetry/opentelemetry-cpp/blob/85b78784a5516667afe11a1b238fdbf4ac7915b0/tools/ports/protobuf/portfile.cmake#L29,"# download PKGCONFIG in download mode which is used in `vcpkg_fixup_pkgconfig()` at the end of this script.
# download it here because `vcpkg_configure_cmake()` halts execution in download mode when running configure process.",[],CMake,4,29,30
26288,open-telemetry/opentelemetry-cpp,https://github.com/open-telemetry/opentelemetry-cpp/blob/85b78784a5516667afe11a1b238fdbf4ac7915b0/tools/ports/protobuf/portfile.cmake#L49,"# It appears that at this point the build hasn't actually finished. There is probably
# a process spawned by the build, therefore we need to wait a bit.",[],CMake,0,49,50
26288,open-telemetry/opentelemetry-cpp,https://github.com/open-telemetry/opentelemetry-cpp/blob/85b78784a5516667afe11a1b238fdbf4ac7915b0/tools/ports/protobuf/protobuf-targets-vcpkg-protoc.cmake#L1,# Create imported target protobuf::protoc,[],CMake,0,1,1
26288,open-telemetry/opentelemetry-cpp,https://github.com/open-telemetry/opentelemetry-cpp/blob/85b78784a5516667afe11a1b238fdbf4ac7915b0/tools/ports/protobuf/protobuf-targets-vcpkg-protoc.cmake#L4,"# Import target ""protobuf::protoc"" for configuration ""Release""",[],CMake,0,4,4
