repoIndex,repoName,linkLocation,comment,keywords,buildSysteminFile,charPosition,startLine,endLine
26465,lmms/lmms,https://github.com/lmms/lmms/blob/e407e73e241c1e1eb1375387986578fa1c287168/plugins/LadspaEffect/calf/config.h.in#L6,// Namespace change to avoid conflict with LV2,[],Autotool,0,6,6
26465,lmms/lmms,https://github.com/lmms/lmms/blob/e407e73e241c1e1eb1375387986578fa1c287168/CMakeLists.txt#L22,# Import of windows.h breaks min()/max(),[],CMake,0,22,22
26465,lmms/lmms,https://github.com/lmms/lmms/blob/e407e73e241c1e1eb1375387986578fa1c287168/CMakeLists.txt#L25,"# CMAKE_CXX_IMPLICIT_INCLUDE_DIRECTORIES is not set correctly for MinGW until
# CMake 3.14.1, so avoid specifying system include directories on affected
# versions. Normal include directories are safe, since GCC ignores them if they
# are already in the built-in search path.",[],CMake,0,25,28
26465,lmms/lmms,https://github.com/lmms/lmms/blob/e407e73e241c1e1eb1375387986578fa1c287168/CMakeLists.txt#L62,# Override version information for non-base builds,[],CMake,0,62,62
26465,lmms/lmms,https://github.com/lmms/lmms/blob/e407e73e241c1e1eb1375387986578fa1c287168/CMakeLists.txt#L184,# Resolve Qt5::qmake to full path for use in packaging scripts,[],CMake,0,184,184
26465,lmms/lmms,https://github.com/lmms/lmms/blob/e407e73e241c1e1eb1375387986578fa1c287168/CMakeLists.txt#L187,# Find the location of Qt translation files,[],CMake,0,187,187
26465,lmms/lmms,https://github.com/lmms/lmms/blob/e407e73e241c1e1eb1375387986578fa1c287168/CMakeLists.txt#L201,# check for libsndfile,[],CMake,0,201,201
26465,lmms/lmms,https://github.com/lmms/lmms/blob/e407e73e241c1e1eb1375387986578fa1c287168/CMakeLists.txt#L206,# check if we can use SFC_SET_COMPRESSION_LEVEL,[],CMake,0,206,206
26465,lmms/lmms,https://github.com/lmms/lmms/blob/e407e73e241c1e1eb1375387986578fa1c287168/CMakeLists.txt#L290,# check for CARLA,[],CMake,0,290,290
26465,lmms/lmms,https://github.com/lmms/lmms/blob/e407e73e241c1e1eb1375387986578fa1c287168/CMakeLists.txt#L293,# look for carla under old name,[],CMake,1,293,293
26465,lmms/lmms,https://github.com/lmms/lmms/blob/e407e73e241c1e1eb1375387986578fa1c287168/CMakeLists.txt#L307,# check for SDL2,[],CMake,0,307,307
26465,lmms/lmms,https://github.com/lmms/lmms/blob/e407e73e241c1e1eb1375387986578fa1c287168/CMakeLists.txt#L322,# fallback to SDL1,[],CMake,0,322,322
26465,lmms/lmms,https://github.com/lmms/lmms/blob/e407e73e241c1e1eb1375387986578fa1c287168/CMakeLists.txt#L324,# Fallback to SDL1.2,[],CMake,1,324,324
26465,lmms/lmms,https://github.com/lmms/lmms/blob/e407e73e241c1e1eb1375387986578fa1c287168/CMakeLists.txt#L343,# check for Stk,[],CMake,0,343,343
26465,lmms/lmms,https://github.com/lmms/lmms/blob/e407e73e241c1e1eb1375387986578fa1c287168/CMakeLists.txt#L357,# check for PortAudio,[],CMake,0,357,357
26465,lmms/lmms,https://github.com/lmms/lmms/blob/e407e73e241c1e1eb1375387986578fa1c287168/CMakeLists.txt#L369,# check for libsoundio,[],CMake,0,369,369
26465,lmms/lmms,https://github.com/lmms/lmms/blob/e407e73e241c1e1eb1375387986578fa1c287168/CMakeLists.txt#L384,# check for PulseAudio,[],CMake,0,384,384
26465,lmms/lmms,https://github.com/lmms/lmms/blob/e407e73e241c1e1eb1375387986578fa1c287168/CMakeLists.txt#L401,# check for MP3/Lame-libraries,[],CMake,0,401,401
26465,lmms/lmms,https://github.com/lmms/lmms/blob/e407e73e241c1e1eb1375387986578fa1c287168/CMakeLists.txt#L416,# check for OGG/Vorbis-libraries,[],CMake,0,416,416
26465,lmms/lmms,https://github.com/lmms/lmms/blob/e407e73e241c1e1eb1375387986578fa1c287168/CMakeLists.txt#L429,# check whether to enable OSS-support,[],CMake,0,429,429
26465,lmms/lmms,https://github.com/lmms/lmms/blob/e407e73e241c1e1eb1375387986578fa1c287168/CMakeLists.txt#L438,# check for ALSA,[],CMake,0,438,438
26465,lmms/lmms,https://github.com/lmms/lmms/blob/e407e73e241c1e1eb1375387986578fa1c287168/CMakeLists.txt#L454,# check for JACK,[],CMake,0,454,454
26465,lmms/lmms,https://github.com/lmms/lmms/blob/e407e73e241c1e1eb1375387986578fa1c287168/CMakeLists.txt#L461,# use dlsym instead,[],CMake,2,461,461
26465,lmms/lmms,https://github.com/lmms/lmms/blob/e407e73e241c1e1eb1375387986578fa1c287168/CMakeLists.txt#L485,# check for FFTW3F-library,[],CMake,0,485,485
26465,lmms/lmms,https://github.com/lmms/lmms/blob/e407e73e241c1e1eb1375387986578fa1c287168/CMakeLists.txt#L488,# check for FLTK,[],CMake,0,488,488
26465,lmms/lmms,https://github.com/lmms/lmms/blob/e407e73e241c1e1eb1375387986578fa1c287168/CMakeLists.txt#L496,# check for Fluidsynth,[],CMake,0,496,496
26465,lmms/lmms,https://github.com/lmms/lmms/blob/e407e73e241c1e1eb1375387986578fa1c287168/CMakeLists.txt#L508,# check for libgig,[],CMake,0,508,508
26465,lmms/lmms,https://github.com/lmms/lmms/blob/e407e73e241c1e1eb1375387986578fa1c287168/CMakeLists.txt#L519,# check for pthreads,[],CMake,0,519,519
26465,lmms/lmms,https://github.com/lmms/lmms/blob/e407e73e241c1e1eb1375387986578fa1c287168/CMakeLists.txt#L524,# check for sndio (roaraudio won't work yet),[],CMake,0,524,524
26465,lmms/lmms,https://github.com/lmms/lmms/blob/e407e73e241c1e1eb1375387986578fa1c287168/CMakeLists.txt#L535,# check for WINE,[],CMake,0,535,535
26465,lmms/lmms,https://github.com/lmms/lmms/blob/e407e73e241c1e1eb1375387986578fa1c287168/CMakeLists.txt#L568,# check for libsamplerate,[],CMake,0,568,568
26465,lmms/lmms,https://github.com/lmms/lmms/blob/e407e73e241c1e1eb1375387986578fa1c287168/CMakeLists.txt#L571,# set compiler flags,[],CMake,0,571,571
26465,lmms/lmms,https://github.com/lmms/lmms/blob/e407e73e241c1e1eb1375387986578fa1c287168/CMakeLists.txt#L579,"# Due to a regression in gcc-4.8.X, we need to disable array-bounds check",[],CMake,1,579,579
26465,lmms/lmms,https://github.com/lmms/lmms/blob/e407e73e241c1e1eb1375387986578fa1c287168/CMakeLists.txt#L584,# Remove any existing /W flags,[],CMake,1,584,584
26465,lmms/lmms,https://github.com/lmms/lmms/blob/e407e73e241c1e1eb1375387986578fa1c287168/CMakeLists.txt#L596,# Set the possible values of build type for cmake-gui,[],CMake,1,596,596
26465,lmms/lmms,https://github.com/lmms/lmms/blob/e407e73e241c1e1eb1375387986578fa1c287168/CMakeLists.txt#L617,# people simply updating git will still have this and mess up build with it,[],CMake,0,617,617
26465,lmms/lmms,https://github.com/lmms/lmms/blob/e407e73e241c1e1eb1375387986578fa1c287168/CMakeLists.txt#L623,"# Get list of all committers from git history, ordered by number of commits.
# The CONTRIBUTORS file is used by AboutDialog. This information can be provided
# with -DCONTRIBUTORS=/path/to/CONTRIBUTORS instead. For instance, to generate
# this file for version 1.1.3, the command is:
# 	git shortlog -sne v1.1.3 | cut -c8-",[],CMake,0,623,627
26465,lmms/lmms,https://github.com/lmms/lmms/blob/e407e73e241c1e1eb1375387986578fa1c287168/CMakeLists.txt#L639,# we somehow have to make LMMS-binary depend on MOC-files,[],CMake,0,639,639
26465,lmms/lmms,https://github.com/lmms/lmms/blob/e407e73e241c1e1eb1375387986578fa1c287168/CMakeLists.txt#L650,# use ccache,[],CMake,0,650,650
26465,lmms/lmms,https://github.com/lmms/lmms/blob/e407e73e241c1e1eb1375387986578fa1c287168/CMakeLists.txt#L653,# make sub-directories,[],CMake,0,653,653
26465,lmms/lmms,https://github.com/lmms/lmms/blob/e407e73e241c1e1eb1375387986578fa1c287168/CMakeLists.txt#L661,# install tasks,[],CMake,0,661,661
26465,lmms/lmms,https://github.com/lmms/lmms/blob/e407e73e241c1e1eb1375387986578fa1c287168/CMakeLists.txt#L679,# install headers,[],CMake,0,679,679
26465,lmms/lmms,https://github.com/lmms/lmms/blob/e407e73e241c1e1eb1375387986578fa1c287168/CMakeLists.txt#L689,"#
# add distclean-target
#",[],CMake,0,689,691
26465,lmms/lmms,https://github.com/lmms/lmms/blob/e407e73e241c1e1eb1375387986578fa1c287168/CMakeLists.txt#L696,"#
# add tarball-target
#",[],CMake,0,696,698
26465,lmms/lmms,https://github.com/lmms/lmms/blob/e407e73e241c1e1eb1375387986578fa1c287168/CMakeLists.txt#L711,"#
# add uninstall-target
#",[],CMake,0,711,713
26465,lmms/lmms,https://github.com/lmms/lmms/blob/e407e73e241c1e1eb1375387986578fa1c287168/CMakeLists.txt#L719,"#
# display configuration information
#",[],CMake,0,719,721
26465,lmms/lmms,https://github.com/lmms/lmms/blob/e407e73e241c1e1eb1375387986578fa1c287168/CMakeLists.txt#L798,# We can't set this on the install time according to the configuration,[],CMake,1,798,798
26465,lmms/lmms,https://github.com/lmms/lmms/blob/e407e73e241c1e1eb1375387986578fa1c287168/cmake/apple/CMakeLists.txt#L22,# DMG creation target,[],CMake,0,22,22
26465,lmms/lmms,https://github.com/lmms/lmms/blob/e407e73e241c1e1eb1375387986578fa1c287168/cmake/apple/CMakeLists.txt#L34,# see also ../postinstall/CMakeLists.txt,[],CMake,0,34,34
26465,lmms/lmms,https://github.com/lmms/lmms/blob/e407e73e241c1e1eb1375387986578fa1c287168/cmake/install/CMakeLists.txt#L9,# Collect directories to search for DLLs,[],CMake,1,9,9
26465,lmms/lmms,https://github.com/lmms/lmms/blob/e407e73e241c1e1eb1375387986578fa1c287168/cmake/linux/CMakeLists.txt#L5,# AppImage creation target,[],CMake,0,5,5
26465,lmms/lmms,https://github.com/lmms/lmms/blob/e407e73e241c1e1eb1375387986578fa1c287168/cmake/nsis/CMakeLists.txt#L66,# Setup missing parent scopes,[],CMake,0,66,66
26465,lmms/lmms,https://github.com/lmms/lmms/blob/e407e73e241c1e1eb1375387986578fa1c287168/cmake/nsis/CMakeLists.txt#L72,# Windows resource compilers,[],CMake,0,72,72
26465,lmms/lmms,https://github.com/lmms/lmms/blob/e407e73e241c1e1eb1375387986578fa1c287168/data/locale/CMakeLists.txt#L16,"#
# rules for building localizations
#",[],CMake,0,16,18
26465,lmms/lmms,https://github.com/lmms/lmms/blob/e407e73e241c1e1eb1375387986578fa1c287168/plugins/CMakeLists.txt#L5,# Enable C++17,[],CMake,0,5,5
26465,lmms/lmms,https://github.com/lmms/lmms/blob/e407e73e241c1e1eb1375387986578fa1c287168/plugins/CMakeLists.txt#L17,# See cmake/modules/PluginList.cmake,[],CMake,0,17,17
26465,lmms/lmms,https://github.com/lmms/lmms/blob/e407e73e241c1e1eb1375387986578fa1c287168/plugins/CarlaBase/CMakeLists.txt#L1,"# For MacOS, use ""OLD"" RPATH install_name behavior
# This can be changed to ""NEW"" safely if install_apple.sh.in
# is updated to relink libcarlabase.dylib.  MacOS 10.8 uses
# cmake 3.9.6, so this can be done at any time.",[],CMake,0,1,4
26465,lmms/lmms,https://github.com/lmms/lmms/blob/e407e73e241c1e1eb1375387986578fa1c287168/plugins/CarlaBase/CMakeLists.txt#L9,"# If Carla was not provided by the system, make a dummy library instead",[],CMake,0,9,9
26465,lmms/lmms,https://github.com/lmms/lmms/blob/e407e73e241c1e1eb1375387986578fa1c287168/plugins/CarlaBase/CMakeLists.txt#L19,# use carla.dll,[],CMake,6,19,19
26465,lmms/lmms,https://github.com/lmms/lmms/blob/e407e73e241c1e1eb1375387986578fa1c287168/plugins/CarlaBase/CMakeLists.txt#L23,# use libcarla_native-plugin,[],CMake,6,23,23
26465,lmms/lmms,https://github.com/lmms/lmms/blob/e407e73e241c1e1eb1375387986578fa1c287168/plugins/CarlaBase/CMakeLists.txt#L33,# Set parent scope variables so carlarack and carlapatchbay can see them,[],CMake,2,33,33
26465,lmms/lmms,https://github.com/lmms/lmms/blob/e407e73e241c1e1eb1375387986578fa1c287168/plugins/CarlaBase/CMakeLists.txt#L38,"# Mimic the missing ""config.h""",[],CMake,8,38,38
26465,lmms/lmms,https://github.com/lmms/lmms/blob/e407e73e241c1e1eb1375387986578fa1c287168/plugins/GigPlayer/CMakeLists.txt#L5,# Required for not crashing loading files with libgig,[],CMake,1,5,5
26465,lmms/lmms,https://github.com/lmms/lmms/blob/e407e73e241c1e1eb1375387986578fa1c287168/plugins/GigPlayer/CMakeLists.txt#L9,# disable deprecated check for mingw-x-libgig,[],CMake,1,9,9
26465,lmms/lmms,https://github.com/lmms/lmms/blob/e407e73e241c1e1eb1375387986578fa1c287168/plugins/LadspaEffect/calf/CMakeLists.txt#L1,"# Note:
# 	The last version of Calf that was LADSPA-capable is version 0.0.18.2",[],CMake,0,1,2
26465,lmms/lmms,https://github.com/lmms/lmms/blob/e407e73e241c1e1eb1375387986578fa1c287168/plugins/LadspaEffect/calf/CMakeLists.txt#L4,# Parse version info from autoconf,[],CMake,0,4,4
26465,lmms/lmms,https://github.com/lmms/lmms/blob/e407e73e241c1e1eb1375387986578fa1c287168/plugins/LadspaEffect/calf/CMakeLists.txt#L14,# Skip files matching pattern,[],CMake,0,14,14
26465,lmms/lmms,https://github.com/lmms/lmms/blob/e407e73e241c1e1eb1375387986578fa1c287168/plugins/LadspaEffect/calf/CMakeLists.txt#L34,"# Disable OSC messaging, it's not mingw compatible",[],CMake,0,34,34
26465,lmms/lmms,https://github.com/lmms/lmms/blob/e407e73e241c1e1eb1375387986578fa1c287168/plugins/LadspaEffect/swh/CMakeLists.txt#L1,# Create blank config.h,[],CMake,0,1,1
26465,lmms/lmms,https://github.com/lmms/lmms/blob/e407e73e241c1e1eb1375387986578fa1c287168/plugins/LadspaEffect/swh/CMakeLists.txt#L4,# Precompiler PIC Macro,[],CMake,0,4,4
26465,lmms/lmms,https://github.com/lmms/lmms/blob/e407e73e241c1e1eb1375387986578fa1c287168/plugins/LadspaEffect/swh/CMakeLists.txt#L11,# Additional compile flags,[],CMake,0,11,11
26465,lmms/lmms,https://github.com/lmms/lmms/blob/e407e73e241c1e1eb1375387986578fa1c287168/plugins/LadspaEffect/swh/CMakeLists.txt#L16,# Loop over every XML file,[],CMake,0,16,16
26465,lmms/lmms,https://github.com/lmms/lmms/blob/e407e73e241c1e1eb1375387986578fa1c287168/plugins/LadspaEffect/swh/CMakeLists.txt#L20,# Get library name and (soon to be) C file,[],CMake,1,20,20
26465,lmms/lmms,https://github.com/lmms/lmms/blob/e407e73e241c1e1eb1375387986578fa1c287168/plugins/LadspaEffect/swh/CMakeLists.txt#L24,# Coerce XML source file to C,[],CMake,1,24,24
26465,lmms/lmms,https://github.com/lmms/lmms/blob/e407e73e241c1e1eb1375387986578fa1c287168/plugins/LadspaEffect/swh/CMakeLists.txt#L33,"# Add a library target for this C file, which depends on success of makestup.pl",[],CMake,1,33,33
26465,lmms/lmms,https://github.com/lmms/lmms/blob/e407e73e241c1e1eb1375387986578fa1c287168/plugins/LadspaEffect/swh/CMakeLists.txt#L36,# Vocoder does not use fftw,[],CMake,1,36,36
26465,lmms/lmms,https://github.com/lmms/lmms/blob/e407e73e241c1e1eb1375387986578fa1c287168/plugins/LadspaEffect/tap/CMakeLists.txt#L8,# TAP pinknoise will re-init srand(); use existing seed instead,[],CMake,1,8,8
26465,lmms/lmms,https://github.com/lmms/lmms/blob/e407e73e241c1e1eb1375387986578fa1c287168/plugins/OpulenZ/CMakeLists.txt#L3,# Avoid unused warnings for mididata.h,[],CMake,0,3,3
26465,lmms/lmms,https://github.com/lmms/lmms/blob/e407e73e241c1e1eb1375387986578fa1c287168/plugins/Sid/CMakeLists.txt#L36,# Parse VERSION,[],CMake,0,36,36
26465,lmms/lmms,https://github.com/lmms/lmms/blob/e407e73e241c1e1eb1375387986578fa1c287168/plugins/VstBase/CMakeLists.txt#L8,"# These variables are not meant to be used normally, except packaging",[],CMake,0,8,8
26465,lmms/lmms,https://github.com/lmms/lmms/blob/e407e73e241c1e1eb1375387986578fa1c287168/plugins/VstBase/CMakeLists.txt#L20,"#INSTALL_COMMAND """"",[],CMake,1,20,20
26465,lmms/lmms,https://github.com/lmms/lmms/blob/e407e73e241c1e1eb1375387986578fa1c287168/plugins/VstBase/CMakeLists.txt#L22,# Skip the install step.,[],CMake,1,22,22
26465,lmms/lmms,https://github.com/lmms/lmms/blob/e407e73e241c1e1eb1375387986578fa1c287168/plugins/VstBase/CMakeLists.txt#L49,# build 32 bit version of RemoteVstPlugin,[],CMake,0,49,49
26465,lmms/lmms,https://github.com/lmms/lmms/blob/e407e73e241c1e1eb1375387986578fa1c287168/plugins/VstBase/CMakeLists.txt#L53,# build 64 bit version of RemoteVstPlugin,[],CMake,0,53,53
26465,lmms/lmms,https://github.com/lmms/lmms/blob/e407e73e241c1e1eb1375387986578fa1c287168/plugins/VstBase/RemoteVstPlugin/CMakeLists.txt#L123,# Needed to deploy dependencies of RemoteVstPlugin,[],CMake,1,123,123
26465,lmms/lmms,https://github.com/lmms/lmms/blob/e407e73e241c1e1eb1375387986578fa1c287168/plugins/ZynAddSubFx/CMakeLists.txt#L5,# definitions for ZynAddSubFX,[],CMake,0,5,5
26465,lmms/lmms,https://github.com/lmms/lmms/blob/e407e73e241c1e1eb1375387986578fa1c287168/plugins/ZynAddSubFx/CMakeLists.txt#L14,# do not conflict with LMMS' Controller class,[],CMake,0,14,14
26465,lmms/lmms,https://github.com/lmms/lmms/blob/e407e73e241c1e1eb1375387986578fa1c287168/plugins/ZynAddSubFx/CMakeLists.txt#L17,# use asm optimizations when on x86 or x86_64,[],CMake,0,17,17
26465,lmms/lmms,https://github.com/lmms/lmms/blob/e407e73e241c1e1eb1375387986578fa1c287168/plugins/ZynAddSubFx/CMakeLists.txt#L22,# build ZynAddSubFX with full optimizations,[],CMake,0,22,22
26465,lmms/lmms,https://github.com/lmms/lmms/blob/e407e73e241c1e1eb1375387986578fa1c287168/plugins/ZynAddSubFx/CMakeLists.txt#L30,# link system-libraries,[],CMake,1,30,30
26465,lmms/lmms,https://github.com/lmms/lmms/blob/e407e73e241c1e1eb1375387986578fa1c287168/plugins/ZynAddSubFx/CMakeLists.txt#L53,# Try to detect full path anyway,[],CMake,4,53,53
26465,lmms/lmms,https://github.com/lmms/lmms/blob/e407e73e241c1e1eb1375387986578fa1c287168/plugins/ZynAddSubFx/CMakeLists.txt#L68,# removes exit confirmation dialogs etc. in MasterUI.fl,[],CMake,33,68,68
26465,lmms/lmms,https://github.com/lmms/lmms/blob/e407e73e241c1e1eb1375387986578fa1c287168/plugins/ZynAddSubFx/CMakeLists.txt#L160,"# Use libraries in non-standard directories (e.g., another version of Qt)",[],CMake,0,160,160
26465,lmms/lmms,https://github.com/lmms/lmms/blob/e407e73e241c1e1eb1375387986578fa1c287168/plugins/ZynAddSubFx/CMakeLists.txt#L167,# Needed to deploy dependencies of RemoteZynAddSubFx,[],CMake,0,167,167
26465,lmms/lmms,https://github.com/lmms/lmms/blob/e407e73e241c1e1eb1375387986578fa1c287168/plugins/ZynAddSubFx/CMakeLists.txt#L176,"# Remove useless dependencies from FLTK. Use fltk-config to avoid static library
# in older environments",[],CMake,0,176,177
26465,lmms/lmms,https://github.com/lmms/lmms/blob/e407e73e241c1e1eb1375387986578fa1c287168/plugins/ZynAddSubFx/CMakeLists.txt#L192,# Support qt_version_tag in Qt 5.6,[],CMake,0,192,192
26465,lmms/lmms,https://github.com/lmms/lmms/blob/e407e73e241c1e1eb1375387986578fa1c287168/plugins/ZynAddSubFx/CMakeLists.txt#L195,# link Qt libraries when on win32,[],CMake,0,195,195
26465,lmms/lmms,https://github.com/lmms/lmms/blob/e407e73e241c1e1eb1375387986578fa1c287168/src/CMakeLists.txt#L12,# Enable C++17,[],CMake,0,12,12
26465,lmms/lmms,https://github.com/lmms/lmms/blob/e407e73e241c1e1eb1375387986578fa1c287168/src/CMakeLists.txt#L55,# Paths relative to lmms executable,[],CMake,0,55,55
26465,lmms/lmms,https://github.com/lmms/lmms/blob/e407e73e241c1e1eb1375387986578fa1c287168/src/CMakeLists.txt#L99,"# Use libraries in non-standard directories (e.g., another version of Qt)",[],CMake,0,99,99
26465,lmms/lmms,https://github.com/lmms/lmms/blob/e407e73e241c1e1eb1375387986578fa1c287168/src/CMakeLists.txt#L126,"# CMake doesn't define target_EXPORTS for OBJECT libraries.
# See the documentation of DEFINE_SYMBOL for details.
# Also add LMMS_STATIC_DEFINE for targets linking against it.",[],CMake,0,126,128
26465,lmms/lmms,https://github.com/lmms/lmms/blob/e407e73e241c1e1eb1375387986578fa1c287168/src/CMakeLists.txt#L137,"# Set Visual Studio startup project to lmms
# https://stackoverflow.com/a/37994396/8166701",[],CMake,0,137,138
26465,lmms/lmms,https://github.com/lmms/lmms/blob/e407e73e241c1e1eb1375387986578fa1c287168/src/CMakeLists.txt#L194,# Expose required libs for tests binary,[],CMake,0,194,194
26465,lmms/lmms,https://github.com/lmms/lmms/blob/e407e73e241c1e1eb1375387986578fa1c287168/src/CMakeLists.txt#L220,"# ENABLE_EXPORTS property has no effect in some MSYS2 configurations.
# Add the linker flag manually to create liblmms.dll.a import library",[],CMake,2,220,221
26465,lmms/lmms,https://github.com/lmms/lmms/blob/e407e73e241c1e1eb1375387986578fa1c287168/src/3rdparty/CMakeLists.txt#L9,# The lockless ring buffer library is compiled as part of the core,[],CMake,0,9,9
26465,lmms/lmms,https://github.com/lmms/lmms/blob/e407e73e241c1e1eb1375387986578fa1c287168/src/3rdparty/CMakeLists.txt#L12,"# Create a dummy ringbuffer_export.h, since ringbuffer is not compiled as a library",[],CMake,0,12,12
26465,lmms/lmms,https://github.com/lmms/lmms/blob/e407e73e241c1e1eb1375387986578fa1c287168/src/3rdparty/CMakeLists.txt#L16,# Enable MLOCK support for ringbuffer if available,[],CMake,0,16,16
26465,lmms/lmms,https://github.com/lmms/lmms/blob/e407e73e241c1e1eb1375387986578fa1c287168/src/3rdparty/CMakeLists.txt#L24,# Generate ringbuffer configuration headers,[],CMake,0,24,24
26465,lmms/lmms,https://github.com/lmms/lmms/blob/e407e73e241c1e1eb1375387986578fa1c287168/src/3rdparty/rpmalloc/CMakeLists.txt#L31,"# rpmalloc uses GCC builtin ""__builtin_umull_overflow"" with ENABLE_VALIDATE_ARGS,
# which is only available starting with GCC 5",[],CMake,1,31,32
26465,lmms/lmms,https://github.com/lmms/lmms/blob/e407e73e241c1e1eb1375387986578fa1c287168/src/3rdparty/weakjack/CMakeLists.txt#L1,# Use weak jack library linking,[],CMake,0,1,1
26465,lmms/lmms,https://github.com/lmms/lmms/blob/e407e73e241c1e1eb1375387986578fa1c287168/src/3rdparty/weakjack/CMakeLists.txt#L5,"# Enable weakjack, disable metadata support",[],CMake,1,5,5
26465,lmms/lmms,https://github.com/lmms/lmms/blob/e407e73e241c1e1eb1375387986578fa1c287168/src/3rdparty/weakjack/CMakeLists.txt#L8,# Library stub for AppImages running on systems without jack,[],CMake,1,8,8
26465,lmms/lmms,https://github.com/lmms/lmms/blob/e407e73e241c1e1eb1375387986578fa1c287168/cmake/uninstall.cmake#L5,#Remove all of the files listed in install_manifest.txt,[],CMake,0,5,5
26465,lmms/lmms,https://github.com/lmms/lmms/blob/e407e73e241c1e1eb1375387986578fa1c287168/cmake/uninstall.cmake#L26,# Remove empty directories created during installation,[],CMake,0,26,26
26465,lmms/lmms,https://github.com/lmms/lmms/blob/e407e73e241c1e1eb1375387986578fa1c287168/cmake/uninstall.cmake#L28,# Checks if a directory is empty and saves the result in out_var,[],CMake,0,28,28
26465,lmms/lmms,https://github.com/lmms/lmms/blob/e407e73e241c1e1eb1375387986578fa1c287168/cmake/uninstall.cmake#L39,# Recursively append all parent directories of path to out_var,[],CMake,0,39,39
26465,lmms/lmms,https://github.com/lmms/lmms/blob/e407e73e241c1e1eb1375387986578fa1c287168/cmake/uninstall.cmake#L49,# Removes all empty parent directories of the given files,[],CMake,0,49,49
26465,lmms/lmms,https://github.com/lmms/lmms/blob/e407e73e241c1e1eb1375387986578fa1c287168/cmake/uninstall.cmake#L56,# Sort and reverse so we remove subdirectories first,[],CMake,1,56,56
26465,lmms/lmms,https://github.com/lmms/lmms/blob/e407e73e241c1e1eb1375387986578fa1c287168/cmake/uninstall.cmake#L61,# Skip directories not inside the install prefix,[],CMake,2,61,61
26465,lmms/lmms,https://github.com/lmms/lmms/blob/e407e73e241c1e1eb1375387986578fa1c287168/cmake/modules/BashCompletion.cmake#L1,"# A wrapper around pkg-config-provided and cmake-provided bash completion that
# will have dynamic behavior at INSTALL() time to allow both root-level
# INSTALL() as well as user-level INSTALL().
#
# See also https://github.com/scop/bash-completion
#
# Copyright (c) 2018, Tres Finocchiaro, <tres.finocchiaro@gmail.com>
# Redistribution and use is allowed according to the terms of the BSD license.
# For details see the accompanying COPYING-CMAKE-SCRIPTS file.
#
# Usage:
#    INCLUDE(BashCompletion)
#    BASHCOMP_INSTALL(foo)
#    ... where ""foo"" is a shell script adjacent to the CMakeLists.txt
#
# How it determines BASHCOMP_PKG_PATH, in order:
#    1. Uses BASHCOMP_PKG_PATH if already set (e.g. -DBASHCOMP_PKG_PATH=...)
#       a. If not, uses pkg-config's PKG_CHECK_MODULES to determine path
#       b. Fallback to cmake's FIND_PACKAGE(bash-completion) path
#       c. Fallback to hard-coded /usr/share/bash-completion/completions
#    2. Final fallback to ${CMAKE_INSTALL_PREFIX}/share/bash-completion/completions if
#       detected path is unwritable.",[],CMake,0,1,22
26465,lmms/lmms,https://github.com/lmms/lmms/blob/e407e73e241c1e1eb1375387986578fa1c287168/cmake/modules/BashCompletion.cmake#L32,# Honor manual override if provided,[],CMake,1,32,32
26465,lmms/lmms,https://github.com/lmms/lmms/blob/e407e73e241c1e1eb1375387986578fa1c287168/cmake/modules/BashCompletion.cmake#L34,"# First, use pkg-config, which is the most reliable",[],CMake,2,34,34
26465,lmms/lmms,https://github.com/lmms/lmms/blob/e407e73e241c1e1eb1375387986578fa1c287168/cmake/modules/BashCompletion.cmake#L40,"# Second, use cmake (preferred but less common)",[],CMake,3,40,40
26465,lmms/lmms,https://github.com/lmms/lmms/blob/e407e73e241c1e1eb1375387986578fa1c287168/cmake/modules/BashCompletion.cmake#L47,"# Third, use a hard-coded fallback value",[],CMake,2,47,47
26465,lmms/lmms,https://github.com/lmms/lmms/blob/e407e73e241c1e1eb1375387986578fa1c287168/cmake/modules/BashCompletion.cmake#L53,# Always provide a fallback for non-root INSTALL(),[],CMake,1,53,53
26465,lmms/lmms,https://github.com/lmms/lmms/blob/e407e73e241c1e1eb1375387986578fa1c287168/cmake/modules/BashCompletion.cmake#L56,"# Cmake doesn't allow easy use of conditional logic at INSTALL() time
# this is a problem because ${BASHCOMP_PKG_PATH} may not be writable and we
# need sane fallback behavior for bundled INSTALL() (e.g. .AppImage, etc).
#
# The reason this can't be detected by cmake is that it's fairly common to
# run ""cmake"" as a one user (i.e. non-root) and ""make install"" as another user
# (i.e. root).
#
# - Creates a script called ""install_${SCRIPT_NAME}_completion.sh"" into the
#   working binary directory and invokes this script at install.
# - Script handles INSTALL()-time conditional logic for sane ballback behavior
#   when ${BASHCOMP_PKG_PATH} is unwritable (i.e. non-root); Something cmake
#   can't handle on its own at INSTALL() time)",[],CMake,1,56,68
26465,lmms/lmms,https://github.com/lmms/lmms/blob/e407e73e241c1e1eb1375387986578fa1c287168/cmake/modules/BashCompletion.cmake#L70,# A shell script for wrapping conditionl logic,[],CMake,2,70,70
26465,lmms/lmms,https://github.com/lmms/lmms/blob/e407e73e241c1e1eb1375387986578fa1c287168/cmake/modules/BuildPlugin.cmake#L1,"# BuildPlugin.cmake - Copyright (c) 2008 Tobias Doerffel
#
# description: build LMMS-plugin
# usage: BUILD_PLUGIN(<PLUGIN_NAME> <PLUGIN_SOURCES> MOCFILES <HEADERS_FOR_MOC> EMBEDDED_RESOURCES <LIST_OF_FILES_TO_EMBED> UICFILES <UI_FILES_TO_COMPILE> LINK <SHARED|MODULE>)",[],CMake,0,1,4
26465,lmms/lmms,https://github.com/lmms/lmms/blob/e407e73e241c1e1eb1375387986578fa1c287168/cmake/modules/BuildPlugin.cmake#L18,"# Expand and sort arguments to avoid locale dependent sorting in
# shell",[],CMake,2,18,19
26465,lmms/lmms,https://github.com/lmms/lmms/blob/e407e73e241c1e1eb1375387986578fa1c287168/cmake/modules/BuildPlugin.cmake#L49,# Override Qt debug libraries with release versions,[],CMake,2,49,49
26465,lmms/lmms,https://github.com/lmms/lmms/blob/e407e73e241c1e1eb1375387986578fa1c287168/cmake/modules/CheckSubmodules.cmake#L1,"# Utility for validating and, if needed, cloning all submodules
#
# Looks for a .gitmodules in the root project folder
# Loops over all modules looking well-known configure/build scripts
#
# Usage:
#       INCLUDE(CheckSubmodules)
#
# Options:
#       SET(PLUGIN_LIST ""ZynAddSubFx;..."") # skips submodules for plugins not explicitely listed
#
# Or via command line:       
#       cmake -PLUGIN_LIST=foo;bar
#
# Copyright (c) 2019, Tres Finocchiaro, <tres.finocchiaro@gmail.com>
#
# Redistribution and use is allowed according to the terms of the BSD license.
# For details see the accompanying COPYING-CMAKE-SCRIPTS file.",[],CMake,0,1,18
26465,lmms/lmms,https://github.com/lmms/lmms/blob/e407e73e241c1e1eb1375387986578fa1c287168/cmake/modules/CheckSubmodules.cmake#L20,# Files which confirm a successful clone,[],CMake,0,20,20
26465,lmms/lmms,https://github.com/lmms/lmms/blob/e407e73e241c1e1eb1375387986578fa1c287168/cmake/modules/CheckSubmodules.cmake#L25,"# Try and use the specified shallow clone on submodules, if supported",[],CMake,0,25,25
26465,lmms/lmms,https://github.com/lmms/lmms/blob/e407e73e241c1e1eb1375387986578fa1c287168/cmake/modules/CheckSubmodules.cmake#L28,# Number of times git commands will retry before failing,[],CMake,0,28,28
26465,lmms/lmms,https://github.com/lmms/lmms/blob/e407e73e241c1e1eb1375387986578fa1c287168/cmake/modules/CheckSubmodules.cmake#L40,# Force English locale,[],CMake,0,40,40
26465,lmms/lmms,https://github.com/lmms/lmms/blob/e407e73e241c1e1eb1375387986578fa1c287168/cmake/modules/CheckSubmodules.cmake#L46,"# Submodule list pairs, unparsed (WARNING: Assumes alpha-numeric paths)",[],CMake,0,46,46
26465,lmms/lmms,https://github.com/lmms/lmms/blob/e407e73e241c1e1eb1375387986578fa1c287168/cmake/modules/CheckSubmodules.cmake#L50,"# Submodule list pairs, parsed",[],CMake,0,50,50
26465,lmms/lmms,https://github.com/lmms/lmms/blob/e407e73e241c1e1eb1375387986578fa1c287168/cmake/modules/CheckSubmodules.cmake#L55,# Parse SUBMODULE_PATH,[],CMake,1,55,55
26465,lmms/lmms,https://github.com/lmms/lmms/blob/e407e73e241c1e1eb1375387986578fa1c287168/cmake/modules/CheckSubmodules.cmake#L58,# Grab index for matching SUBMODULE_URL,[],CMake,1,58,58
26465,lmms/lmms,https://github.com/lmms/lmms/blob/e407e73e241c1e1eb1375387986578fa1c287168/cmake/modules/CheckSubmodules.cmake#L62,# Parse SUBMODULE_URL,[],CMake,1,62,62
26465,lmms/lmms,https://github.com/lmms/lmms/blob/e407e73e241c1e1eb1375387986578fa1c287168/cmake/modules/CheckSubmodules.cmake#L67,"# Loop over skipped plugins, add to SKIP_SUBMODULES (e.g. -DPLUGIN_LIST=foo;bar)",[],CMake,1,67,67
26465,lmms/lmms,https://github.com/lmms/lmms/blob/e407e73e241c1e1eb1375387986578fa1c287168/cmake/modules/CheckSubmodules.cmake#L84,"# Finally, loop and mark ""SKIP"" on match",[],CMake,1,84,84
26465,lmms/lmms,https://github.com/lmms/lmms/blob/e407e73e241c1e1eb1375387986578fa1c287168/cmake/modules/CheckSubmodules.cmake#L101,"# Once called, status is stored in GIT_RESULT respectively.
# Note: Git likes to write to stderr.  Don't assume stderr is error; Check GIT_RESULT instead.",[],CMake,0,101,102
26465,lmms/lmms,https://github.com/lmms/lmms/blob/e407e73e241c1e1eb1375387986578fa1c287168/cmake/modules/CheckSubmodules.cmake#L105,# Handle missing commits,[],CMake,1,105,105
26465,lmms/lmms,https://github.com/lmms/lmms/blob/e407e73e241c1e1eb1375387986578fa1c287168/cmake/modules/CheckSubmodules.cmake#L117,# Recurse,[],CMake,2,117,117
26465,lmms/lmms,https://github.com/lmms/lmms/blob/e407e73e241c1e1eb1375387986578fa1c287168/cmake/modules/CheckSubmodules.cmake#L128,# Recurse without depth,[],CMake,2,128,128
26465,lmms/lmms,https://github.com/lmms/lmms/blob/e407e73e241c1e1eb1375387986578fa1c287168/cmake/modules/CheckSubmodules.cmake#L131,# Try to use the depth switch,[],CMake,2,131,131
26465,lmms/lmms,https://github.com/lmms/lmms/blob/e407e73e241c1e1eb1375387986578fa1c287168/cmake/modules/CheckSubmodules.cmake#L133,# Shallow submodules were introduced in 1.8.4,[],CMake,3,133,133
26465,lmms/lmms,https://github.com/lmms/lmms/blob/e407e73e241c1e1eb1375387986578fa1c287168/cmake/modules/CheckSubmodules.cmake#L159,# Attempt to do lazy clone,[],CMake,0,159,159
26465,lmms/lmms,https://github.com/lmms/lmms/blob/e407e73e241c1e1eb1375387986578fa1c287168/cmake/modules/CheckSubmodules.cmake#L178,# Handle edge-cases where submodule didn't clone properly or re-uses a non-empty directory,[],CMake,2,178,178
26465,lmms/lmms,https://github.com/lmms/lmms/blob/e407e73e241c1e1eb1375387986578fa1c287168/cmake/modules/CheckSubmodules.cmake#L211,# Reset locale,[],CMake,0,211,211
26465,lmms/lmms,https://github.com/lmms/lmms/blob/e407e73e241c1e1eb1375387986578fa1c287168/cmake/modules/CompileCache.cmake#L3,# Compatibility for old option name,[],CMake,0,3,3
26465,lmms/lmms,https://github.com/lmms/lmms/blob/e407e73e241c1e1eb1375387986578fa1c287168/cmake/modules/CreateTempFile.cmake#L8,"# Use hash to create a unique identifier
# for this file.",[],CMake,4,8,9
26465,lmms/lmms,https://github.com/lmms/lmms/blob/e407e73e241c1e1eb1375387986578fa1c287168/cmake/modules/DefineInstallVar.cmake#L1,"# This functions forwards a variable to
# the install stage.
# Parameters:
#   CONTENT: Variable content.
#   NAME: Variable name.
# Options:
#   GENERATOR_EXPRESSION: Support generator expression for CONTENT.",[],CMake,0,1,7
26465,lmms/lmms,https://github.com/lmms/lmms/blob/e407e73e241c1e1eb1375387986578fa1c287168/cmake/modules/DefineInstallVar.cmake#L15,# install(CODE) does not support generator expression in ver<3.14,[],CMake,4,15,15
26465,lmms/lmms,https://github.com/lmms/lmms/blob/e407e73e241c1e1eb1375387986578fa1c287168/cmake/modules/DefineInstallVar.cmake#L18,# in case of multi-config generators like MSVC generators,[],CMake,38,18,18
26465,lmms/lmms,https://github.com/lmms/lmms/blob/e407e73e241c1e1eb1375387986578fa1c287168/cmake/modules/DetectMachine.cmake#L15,# LMMS_BUILD_MSYS also set in build_winXX.sh,[],CMake,0,15,15
26465,lmms/lmms,https://github.com/lmms/lmms/blob/e407e73e241c1e1eb1375387986578fa1c287168/cmake/modules/DetectMachine.cmake#L37,# Detect target architecture,[],CMake,2,37,37
26465,lmms/lmms,https://github.com/lmms/lmms/blob/e407e73e241c1e1eb1375387986578fa1c287168/cmake/modules/DetectMachine.cmake#L68,"# Qt only provides binaries for MSVC 2017, but 2019 is binary compatible",[],CMake,28,68,68
26465,lmms/lmms,https://github.com/lmms/lmms/blob/e407e73e241c1e1eb1375387986578fa1c287168/cmake/modules/DetectMachine.cmake#L91,"# Detect target architecture based on compiler target triple e.g. ""x86_64-pc-linux""",[],CMake,1,91,91
26465,lmms/lmms,https://github.com/lmms/lmms/blob/e407e73e241c1e1eb1375387986578fa1c287168/cmake/modules/DetectMachine.cmake#L165,# Detect Homebrew versus Macports environment,[],CMake,1,165,165
26465,lmms/lmms,https://github.com/lmms/lmms/blob/e407e73e241c1e1eb1375387986578fa1c287168/cmake/modules/DetectMachine.cmake#L179,# Detect OS Version,[],CMake,1,179,179
26465,lmms/lmms,https://github.com/lmms/lmms/blob/e407e73e241c1e1eb1375387986578fa1c287168/cmake/modules/FindAlsa.cmake#L1,"# Alsa check, based on libkmid/configure.in.in.
# Only the support for Alsa >= 0.9.x was included; 0.5.x was dropped (but feel free to re-add it if you need it)
# It defines ...
# It offers the following macros:
#  ALSA_CONFIGURE_FILE(config_header) - generate a config.h, typical usage: 
#                                       ALSA_CONFIGURE_FILE(${CMAKE_BINARY_DIR}/config-alsa.h)
#  ALSA_VERSION_STRING(version_string)  looks for alsa/version.h and reads the version string into
#                                       the first argument passed to the macro",[],CMake,0,1,8
26465,lmms/lmms,https://github.com/lmms/lmms/blob/e407e73e241c1e1eb1375387986578fa1c287168/cmake/modules/FindAlsa.cmake#L10,"# Copyright (c) 2006, David Faure, <faure@kde.org>
# Copyright (c) 2007, Matthias Kretz <kretz@kde.org>
#
# Redistribution and use is allowed according to the terms of the BSD license.
# For details see the accompanying COPYING-CMAKE-SCRIPTS file.",[],CMake,0,10,14
26465,lmms/lmms,https://github.com/lmms/lmms/blob/e407e73e241c1e1eb1375387986578fa1c287168/cmake/modules/FindAlsa.cmake#L20,# Already done by toplevel,[],CMake,0,20,20
26465,lmms/lmms,https://github.com/lmms/lmms/blob/e407e73e241c1e1eb1375387986578fa1c287168/cmake/modules/FindAlsa.cmake#L38,# check for version in alsa/version.h,[],CMake,4,38,38
26465,lmms/lmms,https://github.com/lmms/lmms/blob/e407e73e241c1e1eb1375387986578fa1c287168/cmake/modules/FindFFTW.cmake#L1,"# FindFFTW.cmake - Try to find FFTW3
# Copyright (c) 2018 Lukas W <lukaswhl/at/gmail.com>
# This file is MIT licensed.
# See http://opensource.org/licenses/MIT",[],CMake,0,1,4
26465,lmms/lmms,https://github.com/lmms/lmms/blob/e407e73e241c1e1eb1375387986578fa1c287168/cmake/modules/FindFFTW.cmake#L6,# Try pkgconfig for hints,[],CMake,0,6,6
26465,lmms/lmms,https://github.com/lmms/lmms/blob/e407e73e241c1e1eb1375387986578fa1c287168/cmake/modules/FindFluidSynth.cmake#L1,"# Copyright (c) 2022 Dominic Clark
#
# Redistribution and use is allowed according to the terms of the New BSD license.
# For details see the accompanying COPYING-CMAKE-SCRIPTS file.",[],CMake,0,1,4
26465,lmms/lmms,https://github.com/lmms/lmms/blob/e407e73e241c1e1eb1375387986578fa1c287168/cmake/modules/FindFluidSynth.cmake#L6,# Return if we already have FluidSynth,[],CMake,0,6,6
26465,lmms/lmms,https://github.com/lmms/lmms/blob/e407e73e241c1e1eb1375387986578fa1c287168/cmake/modules/FindFluidSynth.cmake#L12,# Attempt to find FluidSynth using PkgConfig,[],CMake,0,12,12
26465,lmms/lmms,https://github.com/lmms/lmms/blob/e407e73e241c1e1eb1375387986578fa1c287168/cmake/modules/FindFluidSynth.cmake#L18,# Find the library and headers using the results from PkgConfig as a guide,[],CMake,0,18,18
26465,lmms/lmms,https://github.com/lmms/lmms/blob/e407e73e241c1e1eb1375387986578fa1c287168/cmake/modules/FindLame.cmake#L1,"# - Try to find LAME
# Once done this will define
#
# Lame_FOUND - system has liblame
# Lame_INCLUDE_DIRS - the liblame include directory
# Lame_LIBRARIES - The liblame libraries
# mp3lame::mp3lame - an imported target providing lame",[],CMake,0,1,7
26465,lmms/lmms,https://github.com/lmms/lmms/blob/e407e73e241c1e1eb1375387986578fa1c287168/cmake/modules/FindLame.cmake#L12,# Extract details for find_package_handle_standard_args,[],CMake,1,12,12
26465,lmms/lmms,https://github.com/lmms/lmms/blob/e407e73e241c1e1eb1375387986578fa1c287168/cmake/modules/FindOggVorbis.cmake#L1,"# - Try to find the OggVorbis libraries
# Once done this will define
#
#  OGGVORBIS_FOUND - system has OggVorbis
#  OGGVORBIS_VERSION - set either to 1 or 2
#  OGGVORBIS_INCLUDE_DIR - the OggVorbis include directory
#  OGGVORBIS_LIBRARIES - The libraries needed to use OggVorbis
#  OGG_LIBRARY         - The Ogg library
#  VORBIS_LIBRARY      - The Vorbis library
#  VORBISFILE_LIBRARY  - The VorbisFile library
#  VORBISENC_LIBRARY   - The VorbisEnc library",[],CMake,0,1,11
26465,lmms/lmms,https://github.com/lmms/lmms/blob/e407e73e241c1e1eb1375387986578fa1c287168/cmake/modules/FindOggVorbis.cmake#L13,"# Copyright (c) 2006, Richard Laerkaeng, <richard@goteborg.utfors.se>
#
# Redistribution and use is allowed according to the terms of the BSD license.
# For details see the accompanying COPYING-CMAKE-SCRIPTS file.",[],CMake,0,13,16
26465,lmms/lmms,https://github.com/lmms/lmms/blob/e407e73e241c1e1eb1375387986578fa1c287168/cmake/modules/FindOggVorbis.cmake#L65,"#check_include_files(vorbis/vorbisfile.h HAVE_VORBISFILE_H)
#check_library_exists(ogg ogg_page_version """" HAVE_LIBOGG)
#check_library_exists(vorbis vorbis_info_init """" HAVE_LIBVORBIS)
#check_library_exists(vorbisfile ov_open """" HAVE_LIBVORBISFILE)
#check_library_exists(vorbisenc vorbis_info_clear """" HAVE_LIBVORBISENC)
#check_library_exists(vorbis vorbis_bitrate_addblock """" HAVE_LIBVORBISENC2)",[],CMake,0,65,70
26465,lmms/lmms,https://github.com/lmms/lmms/blob/e407e73e241c1e1eb1375387986578fa1c287168/cmake/modules/FindOggVorbis.cmake#L72,"#if (HAVE_LIBOGG AND HAVE_VORBISFILE_H AND HAVE_LIBVORBIS AND HAVE_LIBVORBISFILE AND HAVE_LIBVORBISENC)
#    message(STATUS ""Ogg/Vorbis found"")
#    set (VORBIS_LIBS ""-lvorbis -logg"")
#    set (VORBISFILE_LIBS ""-lvorbisfile"")
#    set (VORBISENC_LIBS ""-lvorbisenc"")
#    set (OGGVORBIS_FOUND TRUE)
#    if (HAVE_LIBVORBISENC2)
#        set (HAVE_VORBIS 2)
#    else (HAVE_LIBVORBISENC2)
#        set (HAVE_VORBIS 1)
#    endif (HAVE_LIBVORBISENC2)
#else (HAVE_LIBOGG AND HAVE_VORBISFILE_H AND HAVE_LIBVORBIS AND HAVE_LIBVORBISFILE AND HAVE_LIBVORBISENC)
#    message(STATUS ""Ogg/Vorbis not found"")
#endif (HAVE_LIBOGG AND HAVE_VORBISFILE_H AND HAVE_LIBVORBIS AND HAVE_LIBVORBISFILE AND HAVE_LIBVORBISENC)",[],CMake,0,72,85
26465,lmms/lmms,https://github.com/lmms/lmms/blob/e407e73e241c1e1eb1375387986578fa1c287168/cmake/modules/FindPortaudio.cmake#L1,"# Copyright (c) 2022 Dominic Clark
#
# Redistribution and use is allowed according to the terms of the New BSD license.
# For details see the accompanying COPYING-CMAKE-SCRIPTS file.",[],CMake,0,1,4
26465,lmms/lmms,https://github.com/lmms/lmms/blob/e407e73e241c1e1eb1375387986578fa1c287168/cmake/modules/FindPortaudio.cmake#L6,# Try config mode if possible,[],CMake,0,6,6
26465,lmms/lmms,https://github.com/lmms/lmms/blob/e407e73e241c1e1eb1375387986578fa1c287168/cmake/modules/FindPortaudio.cmake#L10,# Extract details for find_package_handle_standard_args,[],CMake,1,10,10
26465,lmms/lmms,https://github.com/lmms/lmms/blob/e407e73e241c1e1eb1375387986578fa1c287168/cmake/modules/FindPortaudio.cmake#L14,"# Attempt to find PortAudio using PkgConfig, if we have it",[],CMake,1,14,14
26465,lmms/lmms,https://github.com/lmms/lmms/blob/e407e73e241c1e1eb1375387986578fa1c287168/cmake/modules/FindPortaudio.cmake#L20,# Find the library and headers using the results from PkgConfig as a guide,[],CMake,1,20,20
26465,lmms/lmms,https://github.com/lmms/lmms/blob/e407e73e241c1e1eb1375387986578fa1c287168/cmake/modules/FindPortaudio.cmake#L31,# Create an imported target for PortAudio if we succeeded in finding it.,[],CMake,1,31,31
26465,lmms/lmms,https://github.com/lmms/lmms/blob/e407e73e241c1e1eb1375387986578fa1c287168/cmake/modules/FindPulseAudio.cmake#L1,"# - Try to find PulseAudioSimple
# Once done this will define
#
#  PULSEAUDIO_FOUND - system has PulseAudioSimple
#  PULSEAUDIO_INCLUDE_DIR - the PulseAudioSimple include directory
#  PULSEAUDIO_LIBRARIES - the libraries needed to use PulseAudioSimple
#  PULSEAUDIO_DEFINITIONS - Compiler switches required for using PulseAudioSimple
#",[],CMake,0,1,8
26465,lmms/lmms,https://github.com/lmms/lmms/blob/e407e73e241c1e1eb1375387986578fa1c287168/cmake/modules/FindPulseAudio.cmake#L14,# in cache already,[],CMake,3,14,14
26465,lmms/lmms,https://github.com/lmms/lmms/blob/e407e73e241c1e1eb1375387986578fa1c287168/cmake/modules/FindPulseAudio.cmake#L19,"# use pkg-config to get the directories and then use these values
# in the FIND_PATH() and FIND_LIBRARY() calls",[],CMake,3,19,20
26465,lmms/lmms,https://github.com/lmms/lmms/blob/e407e73e241c1e1eb1375387986578fa1c287168/cmake/modules/FindSDL2.cmake#L1,"# This module defines
# SDL2::SDL2, a target providing SDL2 itself
# SDL2_LIBRARY, the name of the library to link against
# SDL2_FOUND, if false, do not try to link to SDL2
# SDL2_INCLUDE_DIR, where to find SDL.h
#
# On OSX, this will prefer the Framework version (if found) over others.
# People will have to manually change the cache values of
# SDL2_LIBRARY to override this selection or set the CMake environment
# CMAKE_INCLUDE_PATH to modify the search paths.
#
# $SDL2DIR is an environment variable that would
# correspond to the ./configure --prefix=$SDL2DIR
# used in building SDL2.
#
# Modified by Eric Wing, l.e.galup, and Dominic Clark
#
#=============================================================================
# Copyright 2003-2009 Kitware, Inc.
#
# Distributed under the OSI-approved BSD License (the ""License"");
# see accompanying file COPYING-CMAKE-SCRIPTS for details.
#
# This software is distributed WITHOUT ANY WARRANTY; without even the
# implied warranty of MERCHANTABILITY or FITNESS FOR A PARTICULAR PURPOSE.
# See the License for more information.
#=============================================================================
# (To distribute this file outside of CMake, substitute the full
#  License text for the above reference.)",[],CMake,0,1,29
26465,lmms/lmms,https://github.com/lmms/lmms/blob/e407e73e241c1e1eb1375387986578fa1c287168/cmake/modules/FindSDL2.cmake#L31,"# Try config mode first - anything SDL2 itself provides is likely to be more
# reliable than our guesses.",[],CMake,0,31,32
26465,lmms/lmms,https://github.com/lmms/lmms/blob/e407e73e241c1e1eb1375387986578fa1c287168/cmake/modules/FindSDL2.cmake#L36,# Extract details for find_package_handle_standard_args,[],CMake,1,36,36
26465,lmms/lmms,https://github.com/lmms/lmms/blob/e407e73e241c1e1eb1375387986578fa1c287168/cmake/modules/FindSDL2.cmake#L45,# Fink,[],CMake,6,45,45
26465,lmms/lmms,https://github.com/lmms/lmms/blob/e407e73e241c1e1eb1375387986578fa1c287168/cmake/modules/FindSDL2.cmake#L46,# DarwinPorts,[],CMake,13,46,46
26465,lmms/lmms,https://github.com/lmms/lmms/blob/e407e73e241c1e1eb1375387986578fa1c287168/cmake/modules/FindSDL2.cmake#L47,# Blastwave,[],CMake,11,47,47
26465,lmms/lmms,https://github.com/lmms/lmms/blob/e407e73e241c1e1eb1375387986578fa1c287168/cmake/modules/FindSDL2.cmake#L72,"# SDL2 may require threads on your system.
# The Apple build may not need an explicit flag because one of the
# frameworks may already provide it.
# But for non-OSX systems, I will use the CMake Threads package.",[],CMake,1,72,75
26465,lmms/lmms,https://github.com/lmms/lmms/blob/e407e73e241c1e1eb1375387986578fa1c287168/cmake/modules/FindSDL2.cmake#L87,"# For OS X, SDL2 uses Cocoa as a backend so it must link to Cocoa.",[],CMake,2,87,87
26465,lmms/lmms,https://github.com/lmms/lmms/blob/e407e73e241c1e1eb1375387986578fa1c287168/cmake/modules/FindSDL2.cmake#L94,"# For threads, as mentioned Apple doesn't need this.
# In fact, there seems to be a problem if I used the Threads package
# and try using this line, so I'm just skipping it entirely for OS X.",[],CMake,2,94,96
26465,lmms/lmms,https://github.com/lmms/lmms/blob/e407e73e241c1e1eb1375387986578fa1c287168/cmake/modules/FindSTK.cmake#L1,# Try config mode first,[],CMake,0,1,1
26465,lmms/lmms,https://github.com/lmms/lmms/blob/e407e73e241c1e1eb1375387986578fa1c287168/cmake/modules/FindSTK.cmake#L5,# Extract details for find_package_handle_standard_args,[],CMake,1,5,5
26465,lmms/lmms,https://github.com/lmms/lmms/blob/e407e73e241c1e1eb1375387986578fa1c287168/cmake/modules/FindSTK.cmake#L20,"# Yes, this target name is hideous, but it matches that provided by vcpkg",[],CMake,2,20,20
26465,lmms/lmms,https://github.com/lmms/lmms/blob/e407e73e241c1e1eb1375387986578fa1c287168/cmake/modules/FindSamplerate.cmake#L1,"# FindFFTW.cmake - Try to find FFTW3
# Copyright (c) 2018 Lukas W <lukaswhl/at/gmail.com>
# This file is MIT licensed.
# See http://opensource.org/licenses/MIT",[],CMake,0,1,4
26465,lmms/lmms,https://github.com/lmms/lmms/blob/e407e73e241c1e1eb1375387986578fa1c287168/cmake/modules/FindSndFile.cmake#L1,"# FindSndFile.cmake - Try to find libsndfile
# Copyright (c) 2018 Lukas W <lukaswhl/at/gmail.com>
# This file is MIT licensed.
# See http://opensource.org/licenses/MIT",[],CMake,0,1,4
26465,lmms/lmms,https://github.com/lmms/lmms/blob/e407e73e241c1e1eb1375387986578fa1c287168/cmake/modules/FindSndFile.cmake#L6,# Try pkgconfig for hints,[],CMake,0,6,6
26465,lmms/lmms,https://github.com/lmms/lmms/blob/e407e73e241c1e1eb1375387986578fa1c287168/cmake/modules/FindSndFile.cmake#L14,# Try Vcpkg,[],CMake,1,14,14
26465,lmms/lmms,https://github.com/lmms/lmms/blob/e407e73e241c1e1eb1375387986578fa1c287168/cmake/modules/FindSndio.cmake#L1,"# sndio check, based on FindAlsa.cmake
#",[],CMake,0,1,2
26465,lmms/lmms,https://github.com/lmms/lmms/blob/e407e73e241c1e1eb1375387986578fa1c287168/cmake/modules/FindSndio.cmake#L4,"# Copyright (c) 2006, David Faure, <faure@kde.org>
# Copyright (c) 2007, Matthias Kretz <kretz@kde.org>
# Copyright (c) 2009, Jacob Meuser <jakemsr@sdf.lonestar.org>
#
# Redistribution and use is allowed according to the terms of the BSD license.
# For details see the accompanying COPYING-CMAKE-SCRIPTS file.",[],CMake,0,4,9
26465,lmms/lmms,https://github.com/lmms/lmms/blob/e407e73e241c1e1eb1375387986578fa1c287168/cmake/modules/FindSndio.cmake#L15,# Already done by toplevel,[],CMake,0,15,15
26465,lmms/lmms,https://github.com/lmms/lmms/blob/e407e73e241c1e1eb1375387986578fa1c287168/cmake/modules/FindSoundIo.cmake#L1,"# Copyright (c) 2015 Andrew Kelley
# This file is MIT licensed.
# See http://opensource.org/licenses/MIT",[],CMake,0,1,3
26465,lmms/lmms,https://github.com/lmms/lmms/blob/e407e73e241c1e1eb1375387986578fa1c287168/cmake/modules/FindSoundIo.cmake#L5,"# SOUNDIO_FOUND
# SOUNDIO_INCLUDE_DIR
# SOUNDIO_LIBRARY",[],CMake,0,5,7
26465,lmms/lmms,https://github.com/lmms/lmms/blob/e407e73e241c1e1eb1375387986578fa1c287168/cmake/modules/FindWine.cmake#L1,"# - Try to find the wine libraries
# Once done this will define
#
#  WINE_FOUND - System has wine
#  WINE_INCLUDE_DIRS - The wine include directories
#  WINE_DEFINITIONS - Compiler switches required for using wine
#",[],CMake,0,1,7
26465,lmms/lmms,https://github.com/lmms/lmms/blob/e407e73e241c1e1eb1375387986578fa1c287168/cmake/modules/FindWine.cmake#L33,# Detect wine paths and handle linking problems,[],CMake,0,33,33
26465,lmms/lmms,https://github.com/lmms/lmms/blob/e407e73e241c1e1eb1375387986578fa1c287168/cmake/modules/FindWine.cmake#L55,# Debian systems,[],CMake,3,55,55
26465,lmms/lmms,https://github.com/lmms/lmms/blob/e407e73e241c1e1eb1375387986578fa1c287168/cmake/modules/FindWine.cmake#L59,"# WineHQ (/opt/wine-stable, /opt/wine-devel, /opt/wine-staging)",[],CMake,3,59,59
26465,lmms/lmms,https://github.com/lmms/lmms/blob/e407e73e241c1e1eb1375387986578fa1c287168/cmake/modules/FindWine.cmake#L63,# Systems with old multilib layout,[],CMake,3,63,63
26465,lmms/lmms,https://github.com/lmms/lmms/blob/e407e73e241c1e1eb1375387986578fa1c287168/cmake/modules/FindWine.cmake#L66,# We need to test if the corresponding 64bit library directory is lib or lib32,[],CMake,3,66,66
26465,lmms/lmms,https://github.com/lmms/lmms/blob/e407e73e241c1e1eb1375387986578fa1c287168/cmake/modules/FindWine.cmake#L72,# Test if this directory is for 32bit or 64bit,[],CMake,3,72,72
26465,lmms/lmms,https://github.com/lmms/lmms/blob/e407e73e241c1e1eb1375387986578fa1c287168/cmake/modules/FindWine.cmake#L120,# Create winegcc wrapper,[],CMake,0,120,120
26465,lmms/lmms,https://github.com/lmms/lmms/blob/e407e73e241c1e1eb1375387986578fa1c287168/cmake/modules/GenQrc.cmake#L1,# GenQrc.cmake - Copyright (c) 2015 Lukas W <lukaswhl/at/gmail.com>,[],CMake,0,1,1
26465,lmms/lmms,https://github.com/lmms/lmms/blob/e407e73e241c1e1eb1375387986578fa1c287168/cmake/modules/GenQrc.cmake#L3,"# Generates a simple qrc file named ${QRC_NAME} containing the given resource
# files ${ARGN}, rccs it, and returns Qt's output file.
# Must only be run once per CMakeLists.txt.
# Usage example:
#     add_gen_qrc(RCC_OUTPUT resources.qrc artwork.png icon.png PREFIX /icons)
#     add_executable(myexe main.cpp ${RCC_OUTPUT})
# Files may also be added using a pattern with the GLOB keyword, e.g.:
#     add_gen_qrc(RCC_OUTPUT resources.qrc GLOB *.png)",[],CMake,0,3,10
26465,lmms/lmms,https://github.com/lmms/lmms/blob/e407e73e241c1e1eb1375387986578fa1c287168/cmake/modules/GenQrc.cmake#L14,# Get the absolute paths for the generated files,[],CMake,1,14,14
26465,lmms/lmms,https://github.com/lmms/lmms/blob/e407e73e241c1e1eb1375387986578fa1c287168/cmake/modules/GenQrc.cmake#L24,"# Set the standard prefix to ""/"" if none is given",[],CMake,1,24,24
26465,lmms/lmms,https://github.com/lmms/lmms/blob/e407e73e241c1e1eb1375387986578fa1c287168/cmake/modules/GenQrc.cmake#L29,# Determine input files,[],CMake,1,29,29
26465,lmms/lmms,https://github.com/lmms/lmms/blob/e407e73e241c1e1eb1375387986578fa1c287168/cmake/modules/GenQrc.cmake#L36,# Add the command to generate the QRC file,[],CMake,1,36,36
26465,lmms/lmms,https://github.com/lmms/lmms/blob/e407e73e241c1e1eb1375387986578fa1c287168/cmake/modules/GenQrc.cmake#L51,"# Add the command to compile the QRC file
# Note: we can't use `qt5_add_resources` or `AUTORCC` here; we have to add
# the command ourselves instead. This is in order to handle dependencies
# correctly: the QRC file is generated at build time, so the dependencies
# of the compiled file can't be automatically determined at configure time.
# Additionally, `qt5_add_resources` adds unnecessary dependencies for
# generated QRC files, which can cause dependency cycles with some
# generators. See issue #6177.",[],CMake,1,51,58
26465,lmms/lmms,https://github.com/lmms/lmms/blob/e407e73e241c1e1eb1375387986578fa1c287168/cmake/modules/GenQrc.cmake#L69,# Flag the generated files to be ignored by automatic tool processing,[],CMake,1,69,69
26465,lmms/lmms,https://github.com/lmms/lmms/blob/e407e73e241c1e1eb1375387986578fa1c287168/cmake/modules/GenQrc.cmake#L71,# We added the rcc command for this manually,[],CMake,18,71,71
26465,lmms/lmms,https://github.com/lmms/lmms/blob/e407e73e241c1e1eb1375387986578fa1c287168/cmake/modules/GenQrc.cmake#L74,# The rcc output file has no need for moc or uic,[],CMake,18,74,74
26465,lmms/lmms,https://github.com/lmms/lmms/blob/e407e73e241c1e1eb1375387986578fa1c287168/cmake/modules/GenQrc.cmake#L78,# Return the rcc output file,[],CMake,1,78,78
26465,lmms/lmms,https://github.com/lmms/lmms/blob/e407e73e241c1e1eb1375387986578fa1c287168/cmake/modules/ImportedTargetHelpers.cmake#L1,"# Given a library in vcpkg, find appropriate debug and release versions. If only
# one version exists, it is used as the release version, and the debug version
# is not set.",[],CMake,0,1,3
26465,lmms/lmms,https://github.com/lmms/lmms/blob/e407e73e241c1e1eb1375387986578fa1c287168/cmake/modules/ImportedTargetHelpers.cmake#L5,# We want to do all operations within the vcpkg directory,[],CMake,1,5,5
26465,lmms/lmms,https://github.com/lmms/lmms/blob/e407e73e241c1e1eb1375387986578fa1c287168/cmake/modules/ImportedTargetHelpers.cmake#L8,# Return early if we're not using vcpkg,[],CMake,1,8,8
26465,lmms/lmms,https://github.com/lmms/lmms/blob/e407e73e241c1e1eb1375387986578fa1c287168/cmake/modules/ImportedTargetHelpers.cmake#L16,# Determine whether we were given the debug or release version,[],CMake,1,16,16
26465,lmms/lmms,https://github.com/lmms/lmms/blob/e407e73e241c1e1eb1375387986578fa1c287168/cmake/modules/ImportedTargetHelpers.cmake#L19,"# We have the release version, so use it",[],CMake,2,19,19
26465,lmms/lmms,https://github.com/lmms/lmms/blob/e407e73e241c1e1eb1375387986578fa1c287168/cmake/modules/ImportedTargetHelpers.cmake#L22,# Try to find a debug version too,[],CMake,2,22,22
26465,lmms/lmms,https://github.com/lmms/lmms/blob/e407e73e241c1e1eb1375387986578fa1c287168/cmake/modules/ImportedTargetHelpers.cmake#L30,# Debug version does not exist - only use given version,[],CMake,4,30,30
26465,lmms/lmms,https://github.com/lmms/lmms/blob/e407e73e241c1e1eb1375387986578fa1c287168/cmake/modules/ImportedTargetHelpers.cmake#L35,"# We have the debug version, so try to find a release version too",[],CMake,2,35,35
26465,lmms/lmms,https://github.com/lmms/lmms/blob/e407e73e241c1e1eb1375387986578fa1c287168/cmake/modules/ImportedTargetHelpers.cmake#L41,# Release version does not exist - only use given version,[],CMake,3,41,41
26465,lmms/lmms,https://github.com/lmms/lmms/blob/e407e73e241c1e1eb1375387986578fa1c287168/cmake/modules/ImportedTargetHelpers.cmake#L44,"# Release version exists, so use given version as debug",[],CMake,3,44,44
26465,lmms/lmms,https://github.com/lmms/lmms/blob/e407e73e241c1e1eb1375387986578fa1c287168/cmake/modules/ImportedTargetHelpers.cmake#L49,# Set output variables appropriately,[],CMake,1,49,49
26465,lmms/lmms,https://github.com/lmms/lmms/blob/e407e73e241c1e1eb1375387986578fa1c287168/cmake/modules/InstallDependencies.cmake#L12,"# Reads lines of a file into a list, skipping '#' comment lines",[],CMake,0,12,12
26465,lmms/lmms,https://github.com/lmms/lmms/blob/e407e73e241c1e1eb1375387986578fa1c287168/cmake/modules/InstallDependencies.cmake#L47,"# Like file(INSTALL), but resolves symlinks",[],CMake,0,47,47
26465,lmms/lmms,https://github.com/lmms/lmms/blob/e407e73e241c1e1eb1375387986578fa1c287168/cmake/modules/InstallDependencies.cmake#L72,"# If we're cross-compiling, GetPrerequisites may not be able to find system libraries such as kernel32.dll because
# they're supplied by the toolchain. To suppress thousands of lines of warnings being printed to the console, we
# override gp_resolved_file_type to return ""system"" for any library in ${IGNORE_LIBS} without trying to resolve the
# file first.
# GetPrerequisites supports using an override function called gp_resolved_file_type_override, but it's not suited
# for our purpose because it's only called by gp_resolved_file_type *after* trying to resolve the file.",[],CMake,1,72,77
26465,lmms/lmms,https://github.com/lmms/lmms/blob/e407e73e241c1e1eb1375387986578fa1c287168/cmake/modules/InstallDependencies.cmake#L81,"# On case-insensitive systems, convert to upper characters to respect it",[],CMake,3,81,81
26465,lmms/lmms,https://github.com/lmms/lmms/blob/e407e73e241c1e1eb1375387986578fa1c287168/cmake/modules/InstallDependencies.cmake#L88,#_gp_resolved_file_type(${ARGV}),[],CMake,3,88,88
26465,lmms/lmms,https://github.com/lmms/lmms/blob/e407e73e241c1e1eb1375387986578fa1c287168/cmake/modules/InstallDependencies.cmake#L97,# Make paths absolute,[],CMake,1,97,97
26465,lmms/lmms,https://github.com/lmms/lmms/blob/e407e73e241c1e1eb1375387986578fa1c287168/cmake/modules/InstallDependencies.cmake#L112,"# On case-insensitive systems, convert to upper characters to respect it",[],CMake,3,112,112
26465,lmms/lmms,https://github.com/lmms/lmms/blob/e407e73e241c1e1eb1375387986578fa1c287168/cmake/modules/InstallDependencies.cmake#L127,# exclude system files,[],CMake,21,127,127
26465,lmms/lmms,https://github.com/lmms/lmms/blob/e407e73e241c1e1eb1375387986578fa1c287168/cmake/modules/InstallDependencies.cmake#L128,# recurse,[],CMake,5,128,128
26465,lmms/lmms,https://github.com/lmms/lmms/blob/e407e73e241c1e1eb1375387986578fa1c287168/cmake/modules/InstallDependencies.cmake#L151,#file(INSTALL ${prereqs} DESTINATION ${_DESTINATION}),[],CMake,1,151,151
26465,lmms/lmms,https://github.com/lmms/lmms/blob/e407e73e241c1e1eb1375387986578fa1c287168/cmake/modules/InstallDependencies.cmake#L155,"# Like get_prerequisites, but returns full paths",[],CMake,0,155,155
26465,lmms/lmms,https://github.com/lmms/lmms/blob/e407e73e241c1e1eb1375387986578fa1c287168/cmake/modules/InstallDependencies.cmake#L166,"# Windows is case insensitive.
# Use upper characters to respect it.",[],CMake,3,166,167
26465,lmms/lmms,https://github.com/lmms/lmms/blob/e407e73e241c1e1eb1375387986578fa1c287168/cmake/modules/InstallHelpers.cmake#L1,"#
# install all files matching certain wildcards below ${LMMS_DATA_DIR}/<subdir>
#
# example:
#
#   INSTALL_DATA_SUBDIRS(""samples"" ""*.ogg;*.wav;*.flac"")
#
# Copyright (c) 2008 Tobias Doerffel
#",[],CMake,0,1,9
26465,lmms/lmms,https://github.com/lmms/lmms/blob/e407e73e241c1e1eb1375387986578fa1c287168/cmake/modules/InstallHelpers.cmake#L12,# helper-macro,[],CMake,0,12,12
26465,lmms/lmms,https://github.com/lmms/lmms/blob/e407e73e241c1e1eb1375387986578fa1c287168/cmake/modules/InstallTargetDependencies.cmake#L6,"# Like INSTALL_DEPENDENCIES but can be called from regular cmake code
# (instead of install(CODE)), takes targets instead of files,
# takes care of configuring search paths, and other platform-specific tweaks.
# Arguments:
#	TARGETS:			list of cmake targets to install.
#	NAME:				unique string for this install.
#	DESTINATION:		directory path to install the binaries to.
#	LIB_DIRS:			list of paths for looking up dependencies.
#	LIB_DIRS_SUFFIXES:	list of possible suffixes for LIB_DIRS entries.
#	SEARCH_PATHS:			list of library search paths on runtime
#	NO_DEFAULT_PATHS:	supply this value to avoid adding DEFAULT_SEARCH_DIRECTORIES
#						to LIB_DIRS and DEFAULT_SEARCH_SUFFIXES to LIB_DIRS_SUFFIXES.",[],CMake,0,6,17
26465,lmms/lmms,https://github.com/lmms/lmms/blob/e407e73e241c1e1eb1375387986578fa1c287168/cmake/modules/InstallTargetDependencies.cmake#L29,# Set default values.,[],CMake,1,29,29
26465,lmms/lmms,https://github.com/lmms/lmms/blob/e407e73e241c1e1eb1375387986578fa1c287168/cmake/modules/InstallTargetDependencies.cmake#L40,# Collect target output files.,[],CMake,2,40,40
26465,lmms/lmms,https://github.com/lmms/lmms/blob/e407e73e241c1e1eb1375387986578fa1c287168/cmake/modules/InstallTargetDependencies.cmake#L43,# Collect target link directories,[],CMake,2,43,43
26465,lmms/lmms,https://github.com/lmms/lmms/blob/e407e73e241c1e1eb1375387986578fa1c287168/cmake/modules/PluginList.cmake#L1,# Provides a fast mechanism for filtering the plugins used at build-time,[],CMake,0,1,1
26465,lmms/lmms,https://github.com/lmms/lmms/blob/e407e73e241c1e1eb1375387986578fa1c287168/cmake/modules/VersionInfo.cmake#L6,"# Look for git tag information (e.g. Tagged: ""v1.0.0"", Untagged: ""v1.0.0-123-a1b2c3d"")
# Untagged format: [latest tag]-[number of commits]-[latest commit hash]",[],CMake,1,6,7
26465,lmms/lmms,https://github.com/lmms/lmms/blob/e407e73e241c1e1eb1375387986578fa1c287168/cmake/modules/VersionInfo.cmake#L14,"# Read: TAG_LIST = GIT_TAG.split(""-"")",[],CMake,1,14,14
26465,lmms/lmms,https://github.com/lmms/lmms/blob/e407e73e241c1e1eb1375387986578fa1c287168/cmake/modules/VersionInfo.cmake#L16,# Read: TAG_LIST_LENGTH = TAG_LIST.length(),[],CMake,1,16,16
26465,lmms/lmms,https://github.com/lmms/lmms/blob/e407e73e241c1e1eb1375387986578fa1c287168/cmake/modules/VersionInfo.cmake#L18,"# Untagged versions contain at least 2 dashes, giving 3 strings on split.
# Hence, for untagged versions TAG_LIST_LENGTH = [dashes in latest tag] + 3.
# Corollary: if TAG_LIST_LENGTH <= 2, the version must be tagged.",[],CMake,1,18,20
26465,lmms/lmms,https://github.com/lmms/lmms/blob/e407e73e241c1e1eb1375387986578fa1c287168/cmake/modules/VersionInfo.cmake#L22,"# Set FORCE_VERSION to TAG_LIST[0], strip any 'v's to get MAJ.MIN.PAT",[],CMake,2,22,22
26465,lmms/lmms,https://github.com/lmms/lmms/blob/e407e73e241c1e1eb1375387986578fa1c287168/cmake/modules/VersionInfo.cmake#L25,# Split FORCE_VERSION on '.' and populate MAJOR/MINOR/PATCH_VERSION,[],CMake,2,25,25
26465,lmms/lmms,https://github.com/lmms/lmms/blob/e407e73e241c1e1eb1375387986578fa1c287168/cmake/modules/VersionInfo.cmake#L31,"# 1 dash total: Dash in latest tag, no additional commits => pre-release",[],CMake,1,31,31
26465,lmms/lmms,https://github.com/lmms/lmms/blob/e407e73e241c1e1eb1375387986578fa1c287168/cmake/modules/VersionInfo.cmake#L35,# 2 dashes: Assume untagged with no dashes in latest tag name => stable + commits,[],CMake,1,35,35
26465,lmms/lmms,https://github.com/lmms/lmms/blob/e407e73e241c1e1eb1375387986578fa1c287168/cmake/modules/VersionInfo.cmake#L37,# Get the number of commits and latest commit hash,[],CMake,2,37,37
26465,lmms/lmms,https://github.com/lmms/lmms/blob/e407e73e241c1e1eb1375387986578fa1c287168/cmake/modules/VersionInfo.cmake#L40,# Bump the patch version,[],CMake,2,40,40
26465,lmms/lmms,https://github.com/lmms/lmms/blob/e407e73e241c1e1eb1375387986578fa1c287168/cmake/modules/VersionInfo.cmake#L42,# Set the version to MAJOR.MINOR.PATCH-EXTRA_COMMITS+COMMIT_HASH,[],CMake,2,42,42
26465,lmms/lmms,https://github.com/lmms/lmms/blob/e407e73e241c1e1eb1375387986578fa1c287168/cmake/modules/VersionInfo.cmake#L45,# 3 dashes: Assume untagged with 1 dash in latest tag name => pre-release + commits,[],CMake,1,45,45
26465,lmms/lmms,https://github.com/lmms/lmms/blob/e407e73e241c1e1eb1375387986578fa1c287168/cmake/modules/VersionInfo.cmake#L47,"# Get pre-release stage, number of commits, and latest commit hash",[],CMake,2,47,47
26465,lmms/lmms,https://github.com/lmms/lmms/blob/e407e73e241c1e1eb1375387986578fa1c287168/cmake/modules/VersionInfo.cmake#L51,# Set the version to MAJOR.MINOR.PATCH-VERSION_STAGE.EXTRA_COMMITS+COMMIT_HASH,[],CMake,2,51,51
26465,lmms/lmms,https://github.com/lmms/lmms/blob/e407e73e241c1e1eb1375387986578fa1c287168/cmake/modules/VersionInfo.cmake#L58,# Use release info from /CMakeLists.txt,[],CMake,1,58,58
26465,lmms/lmms,https://github.com/lmms/lmms/blob/e407e73e241c1e1eb1375387986578fa1c287168/cmake/modules/config-alsa.h.cmake#L2,#cmakedefine LMMS_HAVE_LINUX_AWE_VOICE_H 1,[],CMake,0,2,2
26465,lmms/lmms,https://github.com/lmms/lmms/blob/e407e73e241c1e1eb1375387986578fa1c287168/cmake/modules/config-alsa.h.cmake#L5,#cmakedefine LMMS_HAVE_SYS_AWE_VOICE_H 1,[],CMake,0,5,5
26465,lmms/lmms,https://github.com/lmms/lmms/blob/e407e73e241c1e1eb1375387986578fa1c287168/cmake/modules/config-alsa.h.cmake#L9,#cmakedefine LMMS_HAVE__USR_SRC_SYS_GNU_I386_ISA_SOUND_AWE_VOICE_H 1,[],CMake,0,9,9
26465,lmms/lmms,https://github.com/lmms/lmms/blob/e407e73e241c1e1eb1375387986578fa1c287168/cmake/modules/config-alsa.h.cmake#L13,#cmakedefine LMMS_HAVE__USR_SRC_SYS_I386_ISA_SOUND_AWE_VOICE_H 1,[],CMake,0,13,13
26465,lmms/lmms,https://github.com/lmms/lmms/blob/e407e73e241c1e1eb1375387986578fa1c287168/cmake/modules/config-alsa.h.cmake#L16,#cmakedefine LMMS_HAVE_AWE_VOICE_H 1,[],CMake,0,16,16
26465,lmms/lmms,https://github.com/lmms/lmms/blob/e407e73e241c1e1eb1375387986578fa1c287168/cmake/modules/config-alsa.h.cmake#L19,#cmakedefine LMMS_HAVE_LIBASOUND2 1,[],CMake,0,19,19
26465,lmms/lmms,https://github.com/lmms/lmms/blob/e407e73e241c1e1eb1375387986578fa1c287168/cmake/modules/config-alsa.h.cmake#L22,#cmakedefine LMMS_HAVE_SND_PCM_RESUME 1,[],CMake,0,22,22
26465,lmms/lmms,https://github.com/lmms/lmms/blob/e407e73e241c1e1eb1375387986578fa1c287168/cmake/modules/config-alsa.h.cmake#L25,#cmakedefine LMMS_HAVE_ALSA_ASOUNDLIB_H 1,[],CMake,0,25,25
26465,lmms/lmms,https://github.com/lmms/lmms/blob/e407e73e241c1e1eb1375387986578fa1c287168/cmake/modules/config-alsa.h.cmake#L28,#cmakedefine LMMS_HAVE_SYS_ASOUNDLIB_H 1,[],CMake,0,28,28
26465,lmms/lmms,https://github.com/lmms/lmms/blob/e407e73e241c1e1eb1375387986578fa1c287168/cmake/modules/config-alsa.h.cmake#L31,#cmakedefine LMMS_HAVE_SYS_SOUNDCARD_H 1,[],CMake,0,31,31
26465,lmms/lmms,https://github.com/lmms/lmms/blob/e407e73e241c1e1eb1375387986578fa1c287168/cmake/modules/config-alsa.h.cmake#L34,#cmakedefine LMMS_HAVE_MACHINE_SOUNDCARD_H 1,[],CMake,0,34,34
26465,lmms/lmms,https://github.com/lmms/lmms/blob/e407e73e241c1e1eb1375387986578fa1c287168/cmake/scripts/GenQrc.cmake#L1,# GenQrcScript.cmake - Copyright (c) 2015 Lukas W <lukaswhl/at/gmail.com>,[],CMake,0,1,1
26465,lmms/lmms,https://github.com/lmms/lmms/blob/e407e73e241c1e1eb1375387986578fa1c287168/cmake/scripts/GenQrc.cmake#L14,# Write qrc file,[],CMake,0,14,14
26465,lmms/lmms,https://github.com/lmms/lmms/blob/e407e73e241c1e1eb1375387986578fa1c287168/cmake/toolchains/common/MSYS.cmake#L1,# The target environment,[],CMake,0,1,1
26465,lmms/lmms,https://github.com/lmms/lmms/blob/e407e73e241c1e1eb1375387986578fa1c287168/cmake/toolchains/common/MSYS.cmake#L5,# Windows msys mingw ships with a mostly-suitable preconfigured environment,[],CMake,0,5,5
26465,lmms/lmms,https://github.com/lmms/lmms/blob/e407e73e241c1e1eb1375387986578fa1c287168/cmake/toolchains/common/MSYS.cmake#L11,# For 32-bit vst support,[],CMake,0,11,11
26465,lmms/lmms,https://github.com/lmms/lmms/blob/e407e73e241c1e1eb1375387986578fa1c287168/cmake/toolchains/common/MSYS.cmake#L13,# Specify the 32-bit cross compiler,[],CMake,1,13,13
26465,lmms/lmms,https://github.com/lmms/lmms/blob/e407e73e241c1e1eb1375387986578fa1c287168/cmake/toolchains/common/MSYS.cmake#L18,# Msys compiler does not support @CMakeFiles/Include syntax,[],CMake,0,18,18
26465,lmms/lmms,https://github.com/lmms/lmms/blob/e407e73e241c1e1eb1375387986578fa1c287168/cmake/toolchains/common/Ubuntu-MinGW-W64.cmake#L1,"# Toolchain for Ubuntu MinGw compiler shipped with the mingw-w64 and
# g++-mingw-w64 packages",[],CMake,0,1,2
26465,lmms/lmms,https://github.com/lmms/lmms/blob/e407e73e241c1e1eb1375387986578fa1c287168/cmake/toolchains/common/Ubuntu-MinGW-X-Trusty.cmake#L8,# The target environment,[],CMake,0,8,8
26465,lmms/lmms,https://github.com/lmms/lmms/blob/e407e73e241c1e1eb1375387986578fa1c287168/cmake/toolchains/common/Ubuntu-MinGW-X-Trusty.cmake#L12,# Linux mingw requires explicitly defined tools to prevent clash with native system tools,[],CMake,0,12,12
26465,lmms/lmms,https://github.com/lmms/lmms/blob/e407e73e241c1e1eb1375387986578fa1c287168/cmake/toolchains/common/Ubuntu-MinGW-X-Trusty.cmake#L15,# Specify the cross compiler,[],CMake,0,15,15
26465,lmms/lmms,https://github.com/lmms/lmms/blob/e407e73e241c1e1eb1375387986578fa1c287168/cmake/toolchains/common/Ubuntu-MinGW-X-Trusty.cmake#L20,# Mingw tools,[],CMake,0,20,20
26465,lmms/lmms,https://github.com/lmms/lmms/blob/e407e73e241c1e1eb1375387986578fa1c287168/cmake/toolchains/common/Ubuntu-MinGW-X-Trusty.cmake#L24,# For 32-bit vst support	,[],CMake,0,24,24
26465,lmms/lmms,https://github.com/lmms/lmms/blob/e407e73e241c1e1eb1375387986578fa1c287168/cmake/toolchains/common/Ubuntu-MinGW-X-Trusty.cmake#L26,# Specify the 32-bit cross compiler,[],CMake,1,26,26
26465,lmms/lmms,https://github.com/lmms/lmms/blob/e407e73e241c1e1eb1375387986578fa1c287168/cmake/toolchains/common/Ubuntu-MinGW-X-Trusty.cmake#L36,# Qt tools,[],CMake,0,36,36
26465,lmms/lmms,https://github.com/lmms/lmms/blob/e407e73e241c1e1eb1375387986578fa1c287168/cmake/toolchains/common/Ubuntu-MinGW-X-Trusty.cmake#L40,# Echo modified cmake vars to screen for debugging purposes,[],CMake,0,40,40
26465,lmms/lmms,https://github.com/lmms/lmms/blob/e407e73e241c1e1eb1375387986578fa1c287168/cmake/toolchains/common/Ubuntu-MinGW-X-Trusty.cmake#L56,# So that the debug info only appears once,[],CMake,1,56,56
26465,lmms/lmms,https://github.com/lmms/lmms/blob/e407e73e241c1e1eb1375387986578fa1c287168/cmake/toolchains/common/WinCrossCompile.cmake#L1,# Required by cmake if `uname -s` is inadaquate,[],CMake,0,1,1
26465,lmms/lmms,https://github.com/lmms/lmms/blob/e407e73e241c1e1eb1375387986578fa1c287168/cmake/toolchains/common/WinCrossCompile.cmake#L5,# Search for programs in the build host directories,[],CMake,0,5,5
26465,lmms/lmms,https://github.com/lmms/lmms/blob/e407e73e241c1e1eb1375387986578fa1c287168/cmake/toolchains/common/WinCrossCompile.cmake#L7,# For libraries and headers in the target directories,[],CMake,0,7,7
26465,lmms/lmms,https://github.com/lmms/lmms/blob/e407e73e241c1e1eb1375387986578fa1c287168/plugins/VstBase/RemoteVstPlugin32.cmake#L1,"# INSTALL_EXTERNAL_PROJECT: install a project created with ExternalProject_Add in the
# parent project's install time.
#
# Description:
# In a regular scenario, cmake will install external projects
# BEFORE actually building the parent project. Since the building
# process may use installed components from the project.
# We want to give the external project the ability to install
# files directly to the parent's install. Therefore, we have to
# manually trigger the install stage with the parent's INSTALL_PREFIX.",[],CMake,0,1,10
26465,lmms/lmms,https://github.com/lmms/lmms/blob/e407e73e241c1e1eb1375387986578fa1c287168/plugins/VstBase/RemoteVstPlugin32.cmake#L24,"# Qt only provides binaries for MSVC 2017, but 2019 is binary compatible",[],CMake,35,24,24
26465,lmms/lmms,https://github.com/lmms/lmms/blob/e407e73e241c1e1eb1375387986578fa1c287168/plugins/VstBase/RemoteVstPlugin32.cmake#L41,"#CMAKE_GENERATOR_TOOLSET ""${CMAKE_GENERATOR_TOOLSET}""",[],CMake,2,41,41
26465,lmms/lmms,https://github.com/lmms/lmms/blob/e407e73e241c1e1eb1375387986578fa1c287168/plugins/VstBase/RemoteVstPlugin32.cmake#L50,# Use winegcc,[],CMake,1,50,50
