repoIndex,repoName,linkLocation,comment,keywords,buildSysteminFile,charPosition,startLine,endLine
26504,facebook/bistro,https://github.com/facebook/bistro/blob/90b9c33c5514a76edeb05f3ffec188a4d60ff606/bistro/if/CMakeLists.txt#L1,"# Copyright (c) Meta Platforms, Inc. and affiliates.
#
# This source code is licensed under the MIT license found in the
# LICENSE file in the root directory of this source tree.",[],CMake,0,1,4
26504,facebook/bistro,https://github.com/facebook/bistro/blob/90b9c33c5514a76edeb05f3ffec188a4d60ff606/bistro/if/CMakeLists.txt#L6,"# Some of these files might be unused, but it's easier to build everything.",[],CMake,0,6,6
26504,facebook/bistro,https://github.com/facebook/bistro/blob/90b9c33c5514a76edeb05f3ffec188a4d60ff606/bistro/cmake/setup.cmake#L1,"# Copyright (c) Meta Platforms, Inc. and affiliates.
#
# This source code is licensed under the MIT license found in the
# LICENSE file in the root directory of this source tree.",[],CMake,0,1,4
26504,facebook/bistro,https://github.com/facebook/bistro/blob/90b9c33c5514a76edeb05f3ffec188a4d60ff606/bistro/cmake/setup.cmake#L6,# Do NOT use this -- run cmake/run-cmake.sh instead & read its docblock.,[],CMake,0,6,6
26504,facebook/bistro,https://github.com/facebook/bistro/blob/90b9c33c5514a76edeb05f3ffec188a4d60ff606/bistro/cmake/setup.cmake#L9,# Shared modules to find packages,[],CMake,2,9,9
26504,facebook/bistro,https://github.com/facebook/bistro/blob/90b9c33c5514a76edeb05f3ffec188a4d60ff606/bistro/cmake/setup.cmake#L11,# Custom modules to find packages,[],CMake,2,11,11
26504,facebook/bistro,https://github.com/facebook/bistro/blob/90b9c33c5514a76edeb05f3ffec188a4d60ff606/bistro/cmake/setup.cmake#L17,"# Our includes start with ""bistro/bistro/""",[],CMake,2,17,17
26504,facebook/bistro,https://github.com/facebook/bistro/blob/90b9c33c5514a76edeb05f3ffec188a4d60ff606/bistro/cmake/setup.cmake#L46,# From the common CMake/,[],CMake,31,46,46
26504,facebook/bistro,https://github.com/facebook/bistro/blob/90b9c33c5514a76edeb05f3ffec188a4d60ff606/bistro/cmake/setup.cmake#L47,# From the common CMake/,[],CMake,29,47,47
26504,facebook/bistro,https://github.com/facebook/bistro/blob/90b9c33c5514a76edeb05f3ffec188a4d60ff606/bistro/cmake/setup.cmake#L49,# From Eden,[],CMake,32,49,49
26504,facebook/bistro,https://github.com/facebook/bistro/blob/90b9c33c5514a76edeb05f3ffec188a4d60ff606/bistro/cmake/setup.cmake#L50,# Standard module,[],CMake,32,50,50
26504,facebook/bistro,https://github.com/facebook/bistro/blob/90b9c33c5514a76edeb05f3ffec188a4d60ff606/bistro/cmake/setup.cmake#L53,"# Bistro does not directly depend on this, but Proxygen does.  Remove this
# line, and the corresponding `FindZstd.cmake` once Proxygen & Folly use a
# standard (and inheritable) method of discovering `zstd`.",[],CMake,0,53,55
26504,facebook/bistro,https://github.com/facebook/bistro/blob/90b9c33c5514a76edeb05f3ffec188a4d60ff606/bistro/cmake/setup.cmake#L58,"# Do this after ""find_package"" calls to avoid shenanigans from triggering
# third-party modules.
#
# We generally need to track folly here, or the build may break.  E.g.
# having `gnu++14` here became incompatible with folly built with `gnu++1z`.
#
# An example failure due to having C++14 is like so:
#   undefined reference to `folly::ThreadedRepeatingFunctionRunner::add(
#     std::__cxx11::basic_string<char,
#         std::char_traits<char>, std::allocator<char> >,
#     folly::Function<std::chrono::duration<long, std::ratio<1l, 1000l> > ()>,
#     std::chrono::duration<long, std::ratio<1l, 1000l> >)'
# This is because the `Function` is declared as `noexcept` in `folly`, and
# as of C++17, this annotation is part of the ABI.  But if we compile with
# C++14, it looks for an unannotated overload.",[],CMake,0,58,72
26504,facebook/bistro,https://github.com/facebook/bistro/blob/90b9c33c5514a76edeb05f3ffec188a4d60ff606/bistro/cmake/setup.cmake#L78,# The dependencies should follow the `find_package` order,[],CMake,2,78,78
26504,facebook/bistro,https://github.com/facebook/bistro/blob/90b9c33c5514a76edeb05f3ffec188a4d60ff606/bistro/cmake/deps/FindSodium.cmake#L1,"# Written in 2016 by Henrik Steffen Gaßmann <henrik@gassmann.onl>
#
# To the extent possible under law, the author(s) have dedicated all
# copyright and related and neighboring rights to this software to the
# public domain worldwide. This software is distributed without any warranty.
#
# You should have received a copy of the CC0 Public Domain Dedication
# along with this software. If not, see
#
#     http://creativecommons.org/publicdomain/zero/1.0/
#
########################################################################
# Tries to find the local libsodium installation.
#
# On Windows the sodium_DIR environment variable is used as a default
# hint which can be overridden by setting the corresponding cmake variable.
#
# Once done the following variables will be defined:
#
#   sodium_FOUND
#   sodium_INCLUDE_DIR
#   sodium_LIBRARY_DEBUG
#   sodium_LIBRARY_RELEASE
#
#
# Furthermore an imported ""sodium"" target is created.
#",[],CMake,0,1,27
26504,facebook/bistro,https://github.com/facebook/bistro/blob/90b9c33c5514a76edeb05f3ffec188a4d60ff606/bistro/cmake/deps/FindSodium.cmake#L34,# static library option,[],CMake,0,34,34
26504,facebook/bistro,https://github.com/facebook/bistro/blob/90b9c33c5514a76edeb05f3ffec188a4d60ff606/bistro/cmake/deps/FindSodium.cmake#L48,"########################################################################
# UNIX",[],CMake,0,48,49
26504,facebook/bistro,https://github.com/facebook/bistro/blob/90b9c33c5514a76edeb05f3ffec188a4d60ff606/bistro/cmake/deps/FindSodium.cmake#L51,# import pkg-config,[],CMake,4,51,51
26504,facebook/bistro,https://github.com/facebook/bistro/blob/90b9c33c5514a76edeb05f3ffec188a4d60ff606/bistro/cmake/deps/FindSodium.cmake#L59,# ignore strings already ending with .a,[],CMake,52,59,59
26504,facebook/bistro,https://github.com/facebook/bistro/blob/90b9c33c5514a76edeb05f3ffec188a4d60ff606/bistro/cmake/deps/FindSodium.cmake#L65,"# if pkgconfig for libsodium doesn't provide
# static lib info, then override PKG_STATIC here..",[],CMake,8,65,66
26504,facebook/bistro,https://github.com/facebook/bistro/blob/90b9c33c5514a76edeb05f3ffec188a4d60ff606/bistro/cmake/deps/FindSodium.cmake#L91,"########################################################################
# Windows",[],CMake,0,91,92
26504,facebook/bistro,https://github.com/facebook/bistro/blob/90b9c33c5514a76edeb05f3ffec188a4d60ff606/bistro/cmake/deps/FindSodium.cmake#L103,# detect target architecture,[],CMake,8,103,103
26504,facebook/bistro,https://github.com/facebook/bistro/blob/90b9c33c5514a76edeb05f3ffec188a4d60ff606/bistro/cmake/deps/FindSodium.cmake#L117,# construct library path,[],CMake,8,117,117
26504,facebook/bistro,https://github.com/facebook/bistro/blob/90b9c33c5514a76edeb05f3ffec188a4d60ff606/bistro/cmake/deps/FindSodium.cmake#L204,"########################################################################
# unsupported",[],CMake,0,204,205
26504,facebook/bistro,https://github.com/facebook/bistro/blob/90b9c33c5514a76edeb05f3ffec188a4d60ff606/bistro/cmake/deps/FindSodium.cmake#L211,"########################################################################
# common stuff",[],CMake,0,211,212
26504,facebook/bistro,https://github.com/facebook/bistro/blob/90b9c33c5514a76edeb05f3ffec188a4d60ff606/bistro/cmake/deps/FindSodium.cmake#L214,# extract sodium version,[],CMake,0,214,214
26504,facebook/bistro,https://github.com/facebook/bistro/blob/90b9c33c5514a76edeb05f3ffec188a4d60ff606/bistro/cmake/deps/FindSodium.cmake#L225,# communicate results,[],CMake,0,225,225
26504,facebook/bistro,https://github.com/facebook/bistro/blob/90b9c33c5514a76edeb05f3ffec188a4d60ff606/bistro/cmake/deps/FindSodium.cmake#L228,# The name must be either uppercase or match the filename case.,[],CMake,11,228,228
26504,facebook/bistro,https://github.com/facebook/bistro/blob/90b9c33c5514a76edeb05f3ffec188a4d60ff606/bistro/cmake/deps/FindSodium.cmake#L242,# mark file paths as advanced,[],CMake,0,242,242
26504,facebook/bistro,https://github.com/facebook/bistro/blob/90b9c33c5514a76edeb05f3ffec188a4d60ff606/bistro/cmake/deps/FindSodium.cmake#L251,# create imported target,[],CMake,0,251,251
26504,facebook/bistro,https://github.com/facebook/bistro/blob/90b9c33c5514a76edeb05f3ffec188a4d60ff606/bistro/cmake/deps/FindSqlite3.cmake#L1,"# Copyright (c) Meta Platforms, Inc. and affiliates.
#
# This source code is licensed under the MIT license found in the
# LICENSE file in the root directory of this source tree.",[],CMake,0,1,4
26504,facebook/bistro,https://github.com/facebook/bistro/blob/90b9c33c5514a76edeb05f3ffec188a4d60ff606/bistro/cmake/deps/FindSqlite3.cmake#L6,# Copied from: eden/CMake/FindSqlite3.cmake,[],CMake,0,6,6
26504,facebook/bistro,https://github.com/facebook/bistro/blob/90b9c33c5514a76edeb05f3ffec188a4d60ff606/bistro/cmake/deps/FindZstd.cmake#L1,"# Copyright (c) Meta Platforms, Inc. and affiliates.
#
# This source code is licensed under the MIT license found in the
# LICENSE file in the root directory of this source tree.",[],CMake,0,1,4
26504,facebook/bistro,https://github.com/facebook/bistro/blob/90b9c33c5514a76edeb05f3ffec188a4d60ff606/bistro/cmake/deps/FindZstd.cmake#L6,# Copied from: proxygen/cmake/FindZstd.cmake,[],CMake,0,6,6
26504,facebook/bistro,https://github.com/facebook/bistro/blob/90b9c33c5514a76edeb05f3ffec188a4d60ff606/bistro/cmake/deps/FindZstd.cmake#L8,"# - Find zstd
# Find the zstd compression library and includes
#
# ZSTD_INCLUDE_DIR - where to find zstd.h, etc.
# ZSTD_LIBRARIES - List of libraries when using zstd.
# ZSTD_FOUND - True if zstd found.",[],CMake,0,8,13
26504,facebook/bistro,https://github.com/facebook/bistro/blob/90b9c33c5514a76edeb05f3ffec188a4d60ff606/build/fbcode_builder/CMake/FBBuildOptions.cmake#L1,"# Copyright (c) Facebook, Inc. and its affiliates.",[],CMake,0,1,1
26504,facebook/bistro,https://github.com/facebook/bistro/blob/90b9c33c5514a76edeb05f3ffec188a4d60ff606/build/fbcode_builder/CMake/FBBuildOptions.cmake#L8,"# Mark USE_STATIC_DEPS_ON_UNIX as an ""advanced"" option, since enabling it
# is generally discouraged.",[],CMake,2,8,9
26504,facebook/bistro,https://github.com/facebook/bistro/blob/90b9c33c5514a76edeb05f3ffec188a4d60ff606/build/fbcode_builder/CMake/FBCMakeParseArgs.cmake#L44,# Define all options as FALSE in the parent scope to start with,[],CMake,2,44,44
26504,facebook/bistro,https://github.com/facebook/bistro/blob/90b9c33c5514a76edeb05f3ffec188a4d60ff606/build/fbcode_builder/CMake/FBCMakeParseArgs.cmake#L64,"# This argument does not match an argument name,
# must be an argument value",[],CMake,8,64,65
26504,facebook/bistro,https://github.com/facebook/bistro/blob/90b9c33c5514a76edeb05f3ffec188a4d60ff606/build/fbcode_builder/CMake/FBCMakeParseArgs.cmake#L69,"# Ugh, CMake lists have a pretty fundamental flaw: they cannot
# distinguish between an empty list and a list with a single empty
# element.  We track our own SEEN_VALUES_arg setting to help
# distinguish this and behave properly here.",[],CMake,10,69,72
26504,facebook/bistro,https://github.com/facebook/bistro/blob/90b9c33c5514a76edeb05f3ffec188a4d60ff606/build/fbcode_builder/CMake/FBCMakeParseArgs.cmake#L81,# We found a single- or multi-value argument name,[],CMake,8,81,81
26504,facebook/bistro,https://github.com/facebook/bistro/blob/90b9c33c5514a76edeb05f3ffec188a4d60ff606/build/fbcode_builder/CMake/FBCMakeParseArgs.cmake#L86,# We found an option variable,[],CMake,6,86,86
26504,facebook/bistro,https://github.com/facebook/bistro/blob/90b9c33c5514a76edeb05f3ffec188a4d60ff606/build/fbcode_builder/CMake/FBCMakeParseArgs.cmake#L96,"# If the argument was seen but a value wasn't specified, error out.
# We require exactly one value to be specified.",[],CMake,6,96,97
26504,facebook/bistro,https://github.com/facebook/bistro/blob/90b9c33c5514a76edeb05f3ffec188a4d60ff606/build/fbcode_builder/CMake/FBCMakeParseArgs.cmake#L104,"# We know an argument was specified and that we called list(APPEND).
# If CMake thinks the list is empty that means there is really a single
# empty element in the list.",[],CMake,8,104,106
26504,facebook/bistro,https://github.com/facebook/bistro/blob/90b9c33c5514a76edeb05f3ffec188a4d60ff606/build/fbcode_builder/CMake/FBCMakeParseArgs.cmake#L121,"# If this argument name was never seen, then unset the parent scope",[],CMake,4,121,121
26504,facebook/bistro,https://github.com/facebook/bistro/blob/90b9c33c5514a76edeb05f3ffec188a4d60ff606/build/fbcode_builder/CMake/FBCMakeParseArgs.cmake#L132,"# By default we fatal out on unparsed arguments, but return them to the
# caller if ALLOW_UNPARSED_ARGS was specified.",[],CMake,2,132,133
26504,facebook/bistro,https://github.com/facebook/bistro/blob/90b9c33c5514a76edeb05f3ffec188a4d60ff606/build/fbcode_builder/CMake/FBCompilerSettings.cmake#L1,"# Copyright (c) Facebook, Inc. and its affiliates.",[],CMake,0,1,1
26504,facebook/bistro,https://github.com/facebook/bistro/blob/90b9c33c5514a76edeb05f3ffec188a4d60ff606/build/fbcode_builder/CMake/FBCompilerSettings.cmake#L3,"# This file applies common compiler settings that are shared across
# a number of Facebook opensource projects.
# Please use caution and your best judgement before making changes
# to these shared compiler settings in order to avoid accidentally
# breaking a build in another project!",[],CMake,0,3,7
26504,facebook/bistro,https://github.com/facebook/bistro/blob/90b9c33c5514a76edeb05f3ffec188a4d60ff606/build/fbcode_builder/CMake/FBCompilerSettingsMSVC.cmake#L1,"# Copyright (c) Facebook, Inc. and its affiliates.",[],CMake,0,1,1
26504,facebook/bistro,https://github.com/facebook/bistro/blob/90b9c33c5514a76edeb05f3ffec188a4d60ff606/build/fbcode_builder/CMake/FBCompilerSettingsMSVC.cmake#L3,"# This file applies common compiler settings that are shared across
# a number of Facebook opensource projects.
# Please use caution and your best judgement before making changes
# to these shared compiler settings in order to avoid accidentally
# breaking a build in another project!",[],CMake,0,3,7
26504,facebook/bistro,https://github.com/facebook/bistro/blob/90b9c33c5514a76edeb05f3ffec188a4d60ff606/build/fbcode_builder/CMake/FBCompilerSettingsMSVC.cmake#L10,# 'class1' : inherits 'class2::member' via dominance,[],CMake,10,10,10
26504,facebook/bistro,https://github.com/facebook/bistro/blob/90b9c33c5514a76edeb05f3ffec188a4d60ff606/build/fbcode_builder/CMake/FBCompilerSettingsUnix.cmake#L1,"# Copyright (c) Facebook, Inc. and its affiliates.",[],CMake,0,1,1
26504,facebook/bistro,https://github.com/facebook/bistro/blob/90b9c33c5514a76edeb05f3ffec188a4d60ff606/build/fbcode_builder/CMake/FBCompilerSettingsUnix.cmake#L3,"# This file applies common compiler settings that are shared across
# a number of Facebook opensource projects.
# Please use caution and your best judgement before making changes
# to these shared compiler settings in order to avoid accidentally
# breaking a build in another project!",[],CMake,0,3,7
26504,facebook/bistro,https://github.com/facebook/bistro/blob/90b9c33c5514a76edeb05f3ffec188a4d60ff606/build/fbcode_builder/CMake/FBPythonBinary.cmake#L1,"# Copyright (c) Facebook, Inc. and its affiliates.",[],CMake,0,1,1
26504,facebook/bistro,https://github.com/facebook/bistro/blob/90b9c33c5514a76edeb05f3ffec188a4d60ff606/build/fbcode_builder/CMake/FBPythonBinary.cmake#L5,"#
# This file contains helper functions for building self-executing Python
# binaries.
#
# This is somewhat different than typical python installation with
# distutils/pip/virtualenv/etc.  We primarily want to build a standalone
# executable, isolated from other Python packages on the system.  We don't want
# to install files into the standard library python paths.  This is more
# similar to PEX (https://github.com/pantsbuild/pex) and XAR
# (https://github.com/facebookincubator/xar).  (In the future it would be nice
# to update this code to also support directly generating XAR files if XAR is
# available.)
#
# We also want to be able to easily define ""libraries"" of python files that can
# be shared and re-used between these standalone python executables, and can be
# shared across projects in different repositories.  This means that we do need
# a way to ""install"" libraries so that they are visible to CMake builds in
# other repositories, without actually installing them in the standard python
# library paths.
#",[],CMake,0,5,24
26504,facebook/bistro,https://github.com/facebook/bistro/blob/90b9c33c5514a76edeb05f3ffec188a4d60ff606/build/fbcode_builder/CMake/FBPythonBinary.cmake#L26,"# If the caller has not already found Python, do so now.
# If we fail to find python now we won't fail immediately, but
# add_fb_python_executable() or add_fb_python_library() will fatal out if they
# are used.",[],CMake,0,26,29
26504,facebook/bistro,https://github.com/facebook/bistro/blob/90b9c33c5514a76edeb05f3ffec188a4d60ff606/build/fbcode_builder/CMake/FBPythonBinary.cmake#L31,"# CMake 3.12+ ships with a FindPython3.cmake module.  Try using it first.
# We find with QUIET here, since otherwise this generates some noisy warnings
# on versions of CMake before 3.12",[],CMake,2,31,33
26504,facebook/bistro,https://github.com/facebook/bistro/blob/90b9c33c5514a76edeb05f3ffec188a4d60ff606/build/fbcode_builder/CMake/FBPythonBinary.cmake#L35,"# On Windows we need both the Intepreter as well as the Development
# libraries.",[],CMake,4,35,36
26504,facebook/bistro,https://github.com/facebook/bistro/blob/90b9c33c5514a76edeb05f3ffec188a4d60ff606/build/fbcode_builder/CMake/FBPythonBinary.cmake#L44,"# Try with the FindPythonInterp.cmake module available in older CMake
# versions.  Check to see if the caller has already searched for this
# themselves first.",[],CMake,4,44,46
26504,facebook/bistro,https://github.com/facebook/bistro/blob/90b9c33c5514a76edeb05f3ffec188a4d60ff606/build/fbcode_builder/CMake/FBPythonBinary.cmake#L70,"# Find our helper program.
# We typically install this in the same directory as this .cmake file.",[],CMake,0,70,71
26504,facebook/bistro,https://github.com/facebook/bistro/blob/90b9c33c5514a76edeb05f3ffec188a4d60ff606/build/fbcode_builder/CMake/FBPythonBinary.cmake#L86,"# An option to control the default installation location for
# install_fb_python_library().  This is relative to ${CMAKE_INSTALL_PREFIX}",[],CMake,0,86,87
26504,facebook/bistro,https://github.com/facebook/bistro/blob/90b9c33c5514a76edeb05f3ffec188a4d60ff606/build/fbcode_builder/CMake/FBPythonBinary.cmake#L93,"#
# Build a self-executing python binary.
#
# This accepts the same arguments as add_fb_python_library().
#
# In addition, a MAIN_MODULE argument is accepted.  This argument specifies
# which module should be started as the __main__ module when the executable is
# run.  If left unspecified, a __main__.py script must be present in the
# manifest.
#",[],CMake,0,93,102
26504,facebook/bistro,https://github.com/facebook/bistro/blob/90b9c33c5514a76edeb05f3ffec188a4d60ff606/build/fbcode_builder/CMake/FBPythonBinary.cmake#L106,# Parse the arguments,[],CMake,2,106,106
26504,facebook/bistro,https://github.com/facebook/bistro/blob/90b9c33c5514a76edeb05f3ffec188a4d60ff606/build/fbcode_builder/CMake/FBPythonBinary.cmake#L114,# Use add_fb_python_library() to perform most of our source handling,[],CMake,2,114,114
26504,facebook/bistro,https://github.com/facebook/bistro/blob/90b9c33c5514a76edeb05f3ffec188a4d60ff606/build/fbcode_builder/CMake/FBPythonBinary.cmake#L132,"# The command to build the executable archive.
#
# If we are using CMake 3.8+ we can use COMMAND_EXPAND_LISTS.
# CMP0067 isn't really the policy we care about, but seems like the best way
# to check if we are running 3.8+.",[],CMake,2,132,136
26504,facebook/bistro,https://github.com/facebook/bistro/blob/90b9c33c5514a76edeb05f3ffec188a4d60ff606/build/fbcode_builder/CMake/FBPythonBinary.cmake#L158,"# CMake doesn't really seem to like having a directory specified as an
# output; specify the __main__.py file as the output instead.",[],CMake,6,158,159
26504,facebook/bistro,https://github.com/facebook/bistro/blob/90b9c33c5514a76edeb05f3ffec188a4d60ff606/build/fbcode_builder/CMake/FBPythonBinary.cmake#L192,"# The Python3::Python target doesn't seem to be set up completely
# correctly on Windows for some reason, and we have to explicitly add
# ${Python3_LIBRARY_DIRS} to the target link directories.",[],CMake,6,192,194
26504,facebook/bistro,https://github.com/facebook/bistro/blob/90b9c33c5514a76edeb05f3ffec188a4d60ff606/build/fbcode_builder/CMake/FBPythonBinary.cmake#L210,"# Add an ""ALL"" target that depends on force ${TARGET},
# so that ${TARGET} will be included in the default list of build targets.",[],CMake,2,210,211
26504,facebook/bistro,https://github.com/facebook/bistro/blob/90b9c33c5514a76edeb05f3ffec188a4d60ff606/build/fbcode_builder/CMake/FBPythonBinary.cmake#L214,"# Allow resolving the executable path for the target that we generate
# via a generator expression like:
# ""WATCHMAN_WAIT_PATH=$<TARGET_PROPERTY:watchman-wait.GEN_PY_EXE,EXECUTABLE>""",[],CMake,2,214,216
26504,facebook/bistro,https://github.com/facebook/bistro/blob/90b9c33c5514a76edeb05f3ffec188a4d60ff606/build/fbcode_builder/CMake/FBPythonBinary.cmake#L221,"# Define a python unittest executable.
# The executable is built using add_fb_python_executable and has the
# following differences:
#
# Each of the source files specified in SOURCES will be imported
# and have unittest discovery performed upon them.
# Those sources will be imported in the top level namespace.
#
# The ENV argument allows specifying a list of ""KEY=VALUE""
# pairs that will be used by the test runner to set up the environment
# in the child process prior to running the test.  This is useful for
# passing additional configuration to the test.",[],CMake,0,221,232
26504,facebook/bistro,https://github.com/facebook/bistro/blob/90b9c33c5514a76edeb05f3ffec188a4d60ff606/build/fbcode_builder/CMake/FBPythonBinary.cmake#L234,# Parse the arguments,[],CMake,2,234,234
26504,facebook/bistro,https://github.com/facebook/bistro/blob/90b9c33c5514a76edeb05f3ffec188a4d60ff606/build/fbcode_builder/CMake/FBPythonBinary.cmake#L245,"# Default the working directory to the current binary directory.
# This matches the default behavior of add_test() and other standard
# test functions like gtest_discover_tests()",[],CMake,4,245,247
26504,facebook/bistro,https://github.com/facebook/bistro/blob/90b9c33c5514a76edeb05f3ffec188a4d60ff606/build/fbcode_builder/CMake/FBPythonBinary.cmake#L257,"# Tell our test program the list of modules to scan for tests.
# We scan all modules directly listed in our SOURCES argument, and skip
# modules that came from dependencies in the DEPENDS list.
#
# This is written into a __test_modules__.py module that the test runner
# will look at.",[],CMake,2,257,262
26504,facebook/bistro,https://github.com/facebook/bistro/blob/90b9c33c5514a76edeb05f3ffec188a4d60ff606/build/fbcode_builder/CMake/FBPythonBinary.cmake#L285,# The __main__ is provided by our runner wrapper/bootstrap,[],CMake,2,285,285
26504,facebook/bistro,https://github.com/facebook/bistro/blob/90b9c33c5514a76edeb05f3ffec188a4d60ff606/build/fbcode_builder/CMake/FBPythonBinary.cmake#L297,"# Run test discovery after the test executable is built.
# This logic is based on the code for gtest_discover_tests()",[],CMake,2,297,298
26504,facebook/bistro,https://github.com/facebook/bistro/blob/90b9c33c5514a76edeb05f3ffec188a4d60ff606/build/fbcode_builder/CMake/FBPythonBinary.cmake#L393,"# Parse the arguments
# We use fb_cmake_parse_args() rather than cmake_parse_arguments() since
# cmake_parse_arguments() does not handle empty arguments, and it is common
# for callers to want to specify an empty NAMESPACE parameter.",[],CMake,2,393,396
26504,facebook/bistro,https://github.com/facebook/bistro/blob/90b9c33c5514a76edeb05f3ffec188a4d60ff606/build/fbcode_builder/CMake/FBPythonBinary.cmake#L417,"# message(STATUS ""fb py library ${LIB_NAME}: ""
#         ""NS=${namespace_dir} BASE=${ARG_BASE_DIR}"")",[],CMake,2,417,418
26504,facebook/bistro,https://github.com/facebook/bistro/blob/90b9c33c5514a76edeb05f3ffec188a4d60ff606/build/fbcode_builder/CMake/FBPythonBinary.cmake#L425,"# Define a library target to help pass around information about the library,
# and propagate dependency information.
#
# CMake make a lot of assumptions that libraries are C++ libraries.  To help
# avoid confusion we name our target ""${LIB_NAME}.py_lib"" rather than just
# ""${LIB_NAME}"".  This helps avoid confusion if callers try to use
# ""${LIB_NAME}"" on their own as a target name.  (e.g., attempting to install
# it directly with install(TARGETS) won't work.  Callers must use
# install_fb_python_library() instead.)",[],CMake,2,425,433
26504,facebook/bistro,https://github.com/facebook/bistro/blob/90b9c33c5514a76edeb05f3ffec188a4d60ff606/build/fbcode_builder/CMake/FBPythonBinary.cmake#L436,"# Emit the manifest file.
#
# We write the manifest file to a temporary path first, then copy it with
# configure_file(COPYONLY).  This is necessary to get CMake to understand
# that ""${manifest_path}"" is generated by the CMake configure phase,
# and allow using it as a dependency for add_custom_command().
# (https://gitlab.kitware.com/cmake/cmake/issues/16367)",[],CMake,2,436,442
26504,facebook/bistro,https://github.com/facebook/bistro/blob/90b9c33c5514a76edeb05f3ffec188a4d60ff606/build/fbcode_builder/CMake/FBPythonBinary.cmake#L471,"# Add a target that depends on all of the source files.
# This is needed in case some of the source files are generated.  This will
# ensure that these source files are brought up-to-date before we build
# any python binaries that depend on this library.",[],CMake,2,471,474
26504,facebook/bistro,https://github.com/facebook/bistro/blob/90b9c33c5514a76edeb05f3ffec188a4d60ff606/build/fbcode_builder/CMake/FBPythonBinary.cmake#L478,"# Hook up library dependencies, and also make the *.py_sources_built target
# depend on the sources for all of our dependencies also being up-to-date.",[],CMake,2,478,479
26504,facebook/bistro,https://github.com/facebook/bistro/blob/90b9c33c5514a76edeb05f3ffec188a4d60ff606/build/fbcode_builder/CMake/FBPythonBinary.cmake#L483,"# Mark that our .py_sources_built target depends on each our our dependent
# libraries.  This serves two functions:
# - This causes CMake to generate an error message if one of the
#   dependencies is never defined.  The target_link_libraries() call above
#   won't complain if one of the dependencies doesn't exist (since it is
#   intended to allow passing in file names for plain library files rather
#   than just targets).
# - It ensures that sources for our depencencies are built before any
#   executable that depends on us.  Note that we depend on ""${dep}.py_lib""
#   rather than ""${dep}.py_sources_built"" for this purpose because the
#   "".py_sources_built"" target won't be available for imported targets.",[],CMake,4,483,493
26504,facebook/bistro,https://github.com/facebook/bistro/blob/90b9c33c5514a76edeb05f3ffec188a4d60ff606/build/fbcode_builder/CMake/FBPythonBinary.cmake#L497,"# Add a custom command to help with library installation, in case
# install_fb_python_library() is called later for this library.
# add_custom_command() only works with file dependencies defined in the same
# CMakeLists.txt file, so we want to make sure this is defined here, rather
# then where install_fb_python_library() is called.
# This command won't be run by default, but will only be run if it is needed
# by a subsequent install_fb_python_library() call.
#
# This command copies the library contents into the build directory.
# It would be nicer if we could skip this intermediate copy, and just run
# make_fbpy_archive.py at install time to copy them directly to the desired
# installation directory.  Unfortunately this is difficult to do, and seems
# to interfere with some of the CMake code that wants to generate a manifest
# of installed files.",[],CMake,2,497,510
26504,facebook/bistro,https://github.com/facebook/bistro/blob/90b9c33c5514a76edeb05f3ffec188a4d60ff606/build/fbcode_builder/CMake/FBPythonBinary.cmake#L530,"# Set some properties to pass through the install paths to
# install_fb_python_library()
#
# Passing through ${build_install_dir} allows install_fb_python_library()
# to work even if used from a different CMakeLists.txt file than where
# add_fb_python_library() was called (i.e. such that
# ${CMAKE_CURRENT_BINARY_DIR} is different between the two calls).",[],CMake,2,530,536
26504,facebook/bistro,https://github.com/facebook/bistro/blob/90b9c33c5514a76edeb05f3ffec188a4d60ff606/build/fbcode_builder/CMake/FBPythonBinary.cmake#L550,"#
# Install an FB-style packaged python binary.
#
# - DESTINATION <export-name>:
#   Associate the installed target files with the given export-name.
#",[],CMake,0,550,555
26504,facebook/bistro,https://github.com/facebook/bistro/blob/90b9c33c5514a76edeb05f3ffec188a4d60ff606/build/fbcode_builder/CMake/FBPythonBinary.cmake#L557,# Parse the arguments,[],CMake,2,557,557
26504,facebook/bistro,https://github.com/facebook/bistro/blob/90b9c33c5514a76edeb05f3ffec188a4d60ff606/build/fbcode_builder/CMake/FBPythonBinary.cmake#L574,"#
# Install a python library.
#
# - EXPORT <export-name>:
#   Associate the installed target files with the given export-name.
#
# Note that unlike the built-in CMake install() function we do not accept a
# DESTINATION parameter.  Instead, use the INSTALL_DIR parameter to
# add_fb_python_library() to set the installation location.
#",[],CMake,0,574,583
26504,facebook/bistro,https://github.com/facebook/bistro/blob/90b9c33c5514a76edeb05f3ffec188a4d60ff606/build/fbcode_builder/CMake/FBPythonBinary.cmake#L588,"# Export our ""${LIB_NAME}.py_lib"" target so that it will be available to
# downstream projects in our installed CMake config files.",[],CMake,2,588,589
26504,facebook/bistro,https://github.com/facebook/bistro/blob/90b9c33c5514a76edeb05f3ffec188a4d60ff606/build/fbcode_builder/CMake/FBPythonBinary.cmake#L594,"# add_fb_python_library() emits a .py_lib_install target that will prepare
# the installation directory.  However, it isn't part of the ""ALL"" target and
# therefore isn't built by default.
#
# Make sure the ALL target depends on it now.  We have to do this by
# introducing yet another custom target.
# Add it as a dependency to the ALL target now.",[],CMake,2,594,600
26504,facebook/bistro,https://github.com/facebook/bistro/blob/90b9c33c5514a76edeb05f3ffec188a4d60ff606/build/fbcode_builder/CMake/FBPythonBinary.cmake#L606,"# Copy the intermediate install directory generated at build time into
# the desired install location.",[],CMake,2,606,607
26504,facebook/bistro,https://github.com/facebook/bistro/blob/90b9c33c5514a76edeb05f3ffec188a4d60ff606/build/fbcode_builder/CMake/FBPythonBinary.cmake#L622,"# Helper macro to process the BASE_DIR and NAMESPACE arguments for
# add_fb_python_executable() and add_fb_python_executable()",[],CMake,0,622,623
26504,facebook/bistro,https://github.com/facebook/bistro/blob/90b9c33c5514a76edeb05f3ffec188a4d60ff606/build/fbcode_builder/CMake/FBPythonBinary.cmake#L625,"# If the namespace was not specified, default to the relative path to the
# current directory (starting from the repository root).",[],CMake,2,625,626
26504,facebook/bistro,https://github.com/facebook/bistro/blob/90b9c33c5514a76edeb05f3ffec188a4d60ff606/build/fbcode_builder/CMake/FBPythonBinary.cmake#L636,"# If the base directory was not specified, default to the current directory",[],CMake,4,636,636
26504,facebook/bistro,https://github.com/facebook/bistro/blob/90b9c33c5514a76edeb05f3ffec188a4d60ff606/build/fbcode_builder/CMake/FBPythonBinary.cmake#L639,"# If the base directory was specified, always convert it to an
# absolute path.",[],CMake,4,639,640
26504,facebook/bistro,https://github.com/facebook/bistro/blob/90b9c33c5514a76edeb05f3ffec188a4d60ff606/build/fbcode_builder/CMake/FBPythonBinary.cmake#L646,"# Make sure that Python 3 and our make_fbpy_archive.py helper script are
# available.",[],CMake,2,646,647
26504,facebook/bistro,https://github.com/facebook/bistro/blob/90b9c33c5514a76edeb05f3ffec188a4d60ff606/build/fbcode_builder/CMake/FBPythonBinary.cmake#L669,"# We want to split the string on the `=` sign, but cmake doesn't
# provide much in the way of helpers for this, so we rewrite the
# `=` sign to `;` so that we can treat it as a cmake list and
# then index into the components",[],CMake,4,669,672
26504,facebook/bistro,https://github.com/facebook/bistro/blob/90b9c33c5514a76edeb05f3ffec188a4d60ff606/build/fbcode_builder/CMake/FBPythonBinary.cmake#L675,"# Note that we ignore the `namespace_dir` in the alias case
# in order to allow aliasing a source to the top level `__main__.py`
# filename.",[],CMake,4,675,677
26504,facebook/bistro,https://github.com/facebook/bistro/blob/90b9c33c5514a76edeb05f3ffec188a4d60ff606/build/fbcode_builder/CMake/FBPythonTestAddTests.cmake#L1,"# Copyright (c) Facebook, Inc. and its affiliates.",[],CMake,0,1,1
26504,facebook/bistro,https://github.com/facebook/bistro/blob/90b9c33c5514a76edeb05f3ffec188a4d60ff606/build/fbcode_builder/CMake/FBPythonTestAddTests.cmake#L3,# Add a command to be emitted to the CTest file,[],CMake,0,3,3
26504,facebook/bistro,https://github.com/facebook/bistro/blob/90b9c33c5514a76edeb05f3ffec188a4d60ff606/build/fbcode_builder/CMake/FBPythonTestAddTests.cmake#L8,"# Escape all arguments using ""Bracket Argument"" syntax
# We could skip this for argument that don't contain any special
# characters if we wanted to make the output slightly more human-friendly.",[],CMake,4,8,10
26504,facebook/bistro,https://github.com/facebook/bistro/blob/90b9c33c5514a76edeb05f3ffec188a4d60ff606/build/fbcode_builder/CMake/FBPythonTestAddTests.cmake#L35,# Parse output,[],CMake,0,35,35
26504,facebook/bistro,https://github.com/facebook/bistro/blob/90b9c33c5514a76edeb05f3ffec188a4d60ff606/build/fbcode_builder/CMake/FBPythonTestAddTests.cmake#L53,"# Set a list of discovered tests in the parent scope, in case users
# want access to this list as a CMake variable",[],CMake,0,53,54
26504,facebook/bistro,https://github.com/facebook/bistro/blob/90b9c33c5514a76edeb05f3ffec188a4d60ff606/build/fbcode_builder/CMake/FBThriftCppLibrary.cmake#L1,"# Copyright (c) Facebook, Inc. and its affiliates.",[],CMake,0,1,1
26504,facebook/bistro,https://github.com/facebook/bistro/blob/90b9c33c5514a76edeb05f3ffec188a4d60ff606/build/fbcode_builder/CMake/FBThriftCppLibrary.cmake#L5,"# Generate a C++ library from a thrift file
#
# Parameters:
# - SERVICES <svc1> [<svc2> ...]
#   The names of the services defined in the thrift file.
# - DEPENDS <dep1> [<dep2> ...]
#   A list of other thrift C++ libraries that this library depends on.
# - OPTIONS <opt1> [<opt2> ...]
#   A list of options to pass to the thrift compiler.
# - INCLUDE_DIR <path>
#   The sub-directory where generated headers will be installed.
#   Defaults to ""include"" if not specified.  The caller must still call
#   install() to install the thrift library if desired.
# - THRIFT_INCLUDE_DIR <path>
#   The sub-directory where generated headers will be installed.
#   Defaults to ""${INCLUDE_DIR}/thrift-files"" if not specified.
#   The caller must still call install() to install the thrift library if
#   desired.",[],CMake,0,5,22
26504,facebook/bistro,https://github.com/facebook/bistro/blob/90b9c33c5514a76edeb05f3ffec188a4d60ff606/build/fbcode_builder/CMake/FBThriftCppLibrary.cmake#L24,# Parse the arguments,[],CMake,2,24,24
26504,facebook/bistro,https://github.com/facebook/bistro/blob/90b9c33c5514a76edeb05f3ffec188a4d60ff606/build/fbcode_builder/CMake/FBThriftCppLibrary.cmake#L44,# Generate relative paths in #includes,[],CMake,2,44,44
26504,facebook/bistro,https://github.com/facebook/bistro/blob/90b9c33c5514a76edeb05f3ffec188a4d60ff606/build/fbcode_builder/CMake/FBThriftCppLibrary.cmake#L55,"# CMake 3.12 is finally getting a list(JOIN) function, but until then
# treating the list as a string and replacing the semicolons is good enough.",[],CMake,2,55,56
26504,facebook/bistro,https://github.com/facebook/bistro/blob/90b9c33c5514a76edeb05f3ffec188a4d60ff606/build/fbcode_builder/CMake/FBThriftCppLibrary.cmake#L59,# Compute the list of generated files,[],CMake,2,59,59
26504,facebook/bistro,https://github.com/facebook/bistro/blob/90b9c33c5514a76edeb05f3ffec188a4d60ff606/build/fbcode_builder/CMake/FBThriftCppLibrary.cmake#L89,"# This generator expression gets the list of include directories required
# for all of our dependencies.
# It requires using COMMAND_EXPAND_LISTS in the add_custom_command() call
# below.  COMMAND_EXPAND_LISTS is only available in CMake 3.8+
# If we really had to support older versions of CMake we would probably need
# to use a wrapper script around the thrift compiler that could take the
# include list as a single argument and split it up before invoking the
# thrift compiler.",[],CMake,2,89,96
26504,facebook/bistro,https://github.com/facebook/bistro/blob/90b9c33c5514a76edeb05f3ffec188a4d60ff606/build/fbcode_builder/CMake/FBThriftCppLibrary.cmake#L105,# Emit the rule to run the thrift compiler,[],CMake,2,105,105
26504,facebook/bistro,https://github.com/facebook/bistro/blob/90b9c33c5514a76edeb05f3ffec188a4d60ff606/build/fbcode_builder/CMake/FBThriftCppLibrary.cmake#L129,# Now emit the library rule to compile the sources,[],CMake,2,129,129
26504,facebook/bistro,https://github.com/facebook/bistro/blob/90b9c33c5514a76edeb05f3ffec188a4d60ff606/build/fbcode_builder/CMake/FBThriftCppLibrary.cmake#L155,"# Add ${generated_headers} to the PUBLIC_HEADER property for ${LIB_NAME}
#
# This allows callers to install it using
# ""install(TARGETS ${LIB_NAME} PUBLIC_HEADER)""
# However, note that CMake's PUBLIC_HEADER behavior is rather inflexible,
# and does have any way to preserve header directory structure.  Callers
# must be careful to use the correct PUBLIC_HEADER DESTINATION parameter
# when doing this, to put the files the correct directory themselves.
# We define a HEADER_INSTALL_DIR property with the include directory prefix,
# so typically callers should specify the PUBLIC_HEADER DESTINATION as
# ""$<TARGET_PROPERTY:${LIB_NAME},HEADER_INSTALL_DIR>""",[],CMake,2,155,165
26504,facebook/bistro,https://github.com/facebook/bistro/blob/90b9c33c5514a76edeb05f3ffec188a4d60ff606/build/fbcode_builder/CMake/FBThriftCppLibrary.cmake#L171,"# Define a dummy interface library to help propagate the thrift include
# directories between dependencies.",[],CMake,2,171,172
26504,facebook/bistro,https://github.com/facebook/bistro/blob/90b9c33c5514a76edeb05f3ffec188a4d60ff606/build/fbcode_builder/CMake/FBThriftLibrary.cmake#L1,"# Copyright (c) Facebook, Inc. and its affiliates.",[],CMake,0,1,1
26504,facebook/bistro,https://github.com/facebook/bistro/blob/90b9c33c5514a76edeb05f3ffec188a4d60ff606/build/fbcode_builder/CMake/FBThriftLibrary.cmake#L7,"#
# add_fbthrift_library()
#
# This is a convenience function that generates thrift libraries for multiple
# languages.
#
# For example:
#   add_fbthrift_library(
#     foo foo.thrift
#     LANGUAGES cpp py
#     SERVICES Foo
#     DEPENDS bar)
#
# will be expanded into two separate calls:
#
# add_fbthrift_cpp_library(foo_cpp foo.thrift SERVICES Foo DEPENDS bar_cpp)
# add_fbthrift_py_library(foo_py foo.thrift SERVICES Foo DEPENDS bar_py)
#",[],CMake,0,7,24
26504,facebook/bistro,https://github.com/facebook/bistro/blob/90b9c33c5514a76edeb05f3ffec188a4d60ff606/build/fbcode_builder/CMake/FBThriftLibrary.cmake#L26,# Parse the arguments,[],CMake,2,26,26
26504,facebook/bistro,https://github.com/facebook/bistro/blob/90b9c33c5514a76edeb05f3ffec188a4d60ff606/build/fbcode_builder/CMake/FBThriftLibrary.cmake#L40,"# CMake 3.12+ adds list(TRANSFORM) which would be nice to use here, but for
# now we still want to support older versions of CMake.",[],CMake,2,40,41
26504,facebook/bistro,https://github.com/facebook/bistro/blob/90b9c33c5514a76edeb05f3ffec188a4d60ff606/build/fbcode_builder/CMake/FBThriftPyLibrary.cmake#L1,"# Copyright (c) Facebook, Inc. and its affiliates.",[],CMake,0,1,1
26504,facebook/bistro,https://github.com/facebook/bistro/blob/90b9c33c5514a76edeb05f3ffec188a4d60ff606/build/fbcode_builder/CMake/FBThriftPyLibrary.cmake#L6,# Generate a Python library from a thrift file,[],CMake,0,6,6
26504,facebook/bistro,https://github.com/facebook/bistro/blob/90b9c33c5514a76edeb05f3ffec188a4d60ff606/build/fbcode_builder/CMake/FBThriftPyLibrary.cmake#L8,# Parse the arguments,[],CMake,2,8,8
26504,facebook/bistro,https://github.com/facebook/bistro/blob/90b9c33c5514a76edeb05f3ffec188a4d60ff606/build/fbcode_builder/CMake/FBThriftPyLibrary.cmake#L22,# Parse the namespace value,[],CMake,2,22,22
26504,facebook/bistro,https://github.com/facebook/bistro/blob/90b9c33c5514a76edeb05f3ffec188a4d60ff606/build/fbcode_builder/CMake/FBThriftPyLibrary.cmake#L40,"# Define a dummy interface library to help propagate the thrift include
# directories between dependencies.",[],CMake,2,40,41
26504,facebook/bistro,https://github.com/facebook/bistro/blob/90b9c33c5514a76edeb05f3ffec188a4d60ff606/build/fbcode_builder/CMake/FBThriftPyLibrary.cmake#L56,"# This generator expression gets the list of include directories required
# for all of our dependencies.
# It requires using COMMAND_EXPAND_LISTS in the add_custom_command() call
# below.  COMMAND_EXPAND_LISTS is only available in CMake 3.8+
# If we really had to support older versions of CMake we would probably need
# to use a wrapper script around the thrift compiler that could take the
# include list as a single argument and split it up before invoking the
# thrift compiler.",[],CMake,2,56,63
26504,facebook/bistro,https://github.com/facebook/bistro/blob/90b9c33c5514a76edeb05f3ffec188a4d60ff606/build/fbcode_builder/CMake/FBThriftPyLibrary.cmake#L72,"# Always force generation of ""new-style"" python classes for Python 2",[],CMake,2,72,72
26504,facebook/bistro,https://github.com/facebook/bistro/blob/90b9c33c5514a76edeb05f3ffec188a4d60ff606/build/fbcode_builder/CMake/FBThriftPyLibrary.cmake#L74,"# CMake 3.12 is finally getting a list(JOIN) function, but until then
# treating the list as a string and replacing the semicolons is good enough.",[],CMake,2,74,75
26504,facebook/bistro,https://github.com/facebook/bistro/blob/90b9c33c5514a76edeb05f3ffec188a4d60ff606/build/fbcode_builder/CMake/FBThriftPyLibrary.cmake#L78,# Emit the rule to run the thrift compiler,[],CMake,2,78,78
26504,facebook/bistro,https://github.com/facebook/bistro/blob/90b9c33c5514a76edeb05f3ffec188a4d60ff606/build/fbcode_builder/CMake/FBThriftPyLibrary.cmake#L100,"# We always want to pass the namespace as """" to this call:
# thrift will already emit the files with the desired namespace prefix under
# gen-py.  We don't want add_fb_python_library() to prepend the namespace a
# second time.",[],CMake,2,100,103
26504,facebook/bistro,https://github.com/facebook/bistro/blob/90b9c33c5514a76edeb05f3ffec188a4d60ff606/build/fbcode_builder/CMake/FindGMock.cmake#L1,"# Copyright (c) Facebook, Inc. and its affiliates.
# Find libgmock
#
#  LIBGMOCK_DEFINES     - List of defines when using libgmock.
#  LIBGMOCK_INCLUDE_DIR - where to find gmock/gmock.h, etc.
#  LIBGMOCK_LIBRARIES   - List of libraries when using libgmock.
#  LIBGMOCK_FOUND       - True if libgmock found.",[],CMake,0,1,7
26504,facebook/bistro,https://github.com/facebook/bistro/blob/90b9c33c5514a76edeb05f3ffec188a4d60ff606/build/fbcode_builder/CMake/FindGMock.cmake#L10,"# Already in cache, be silent",[],CMake,2,10,10
26504,facebook/bistro,https://github.com/facebook/bistro/blob/90b9c33c5514a76edeb05f3ffec188a4d60ff606/build/fbcode_builder/CMake/FindGMock.cmake#L18,"# Explicitly set to empty string if not found to avoid it being
# set to NOTFOUND and breaking compilation",[],CMake,4,18,19
26504,facebook/bistro,https://github.com/facebook/bistro/blob/90b9c33c5514a76edeb05f3ffec188a4d60ff606/build/fbcode_builder/CMake/FindGMock.cmake#L51,"# The GTEST_LINKED_AS_SHARED_LIBRARY macro must be set properly on Windows.
#
# There isn't currently an easy way to determine if a library was compiled as
# a shared library on Windows, so just assume we've been built against a
# shared build of gmock for now.",[],CMake,4,51,55
26504,facebook/bistro,https://github.com/facebook/bistro/blob/90b9c33c5514a76edeb05f3ffec188a4d60ff606/build/fbcode_builder/CMake/FindGMock.cmake#L59,"# handle the QUIETLY and REQUIRED arguments and set LIBGMOCK_FOUND to TRUE if
# all listed variables are TRUE",[],CMake,2,59,60
26504,facebook/bistro,https://github.com/facebook/bistro/blob/90b9c33c5514a76edeb05f3ffec188a4d60ff606/build/fbcode_builder/CMake/FindGflags.cmake#L1,"# Copyright (c) Facebook, Inc. and its affiliates.
# Find libgflags.
# There's a lot of compatibility cruft going on in here, both
# to deal with changes across the FB consumers of this and also
# to deal with variances in behavior of cmake itself.
#
# Since this file is named FindGflags.cmake the cmake convention
# is for the module to export both GFLAGS_FOUND and Gflags_FOUND.
# The convention expected by consumers is that we export the
# following variables, even though these do not match the cmake
# conventions:
#
#  LIBGFLAGS_INCLUDE_DIR - where to find gflags/gflags.h, etc.
#  LIBGFLAGS_LIBRARY     - List of libraries when using libgflags.
#  LIBGFLAGS_FOUND       - True if libgflags found.
#
# We need to be able to locate gflags both from an installed
# cmake config file and just from the raw headers and libs, so
# test for the former and then the latter, and then stick
# the results together and export them into the variables
# listed above.
#
# For forwards compatibility, we export the following variables:
#
#  gflags_INCLUDE_DIR - where to find gflags/gflags.h, etc.
#  gflags_TARGET / GFLAGS_TARGET / gflags_LIBRARIES
#                     - List of libraries when using libgflags.
#  gflags_FOUND       - True if libgflags found.
#",[],CMake,0,1,29
26504,facebook/bistro,https://github.com/facebook/bistro/blob/90b9c33c5514a76edeb05f3ffec188a4d60ff606/build/fbcode_builder/CMake/FindGflags.cmake#L32,"# Already in cache, be silent",[],CMake,2,32,32
26504,facebook/bistro,https://github.com/facebook/bistro/blob/90b9c33c5514a76edeb05f3ffec188a4d60ff606/build/fbcode_builder/CMake/FindGflags.cmake#L41,# Re-export the config-specified libs with our local names,[],CMake,2,41,41
26504,facebook/bistro,https://github.com/facebook/bistro/blob/90b9c33c5514a76edeb05f3ffec188a4d60ff606/build/fbcode_builder/CMake/FindGflags.cmake#L55,# cmake module compat,[],CMake,2,55,55
26504,facebook/bistro,https://github.com/facebook/bistro/blob/90b9c33c5514a76edeb05f3ffec188a4d60ff606/build/fbcode_builder/CMake/FindGflags.cmake#L67,"# handle the QUIETLY and REQUIRED arguments and set LIBGFLAGS_FOUND to TRUE if
# all listed variables are TRUE",[],CMake,2,67,68
26504,facebook/bistro,https://github.com/facebook/bistro/blob/90b9c33c5514a76edeb05f3ffec188a4d60ff606/build/fbcode_builder/CMake/FindGflags.cmake#L71,# cmake module compat,[],CMake,2,71,71
26504,facebook/bistro,https://github.com/facebook/bistro/blob/90b9c33c5514a76edeb05f3ffec188a4d60ff606/build/fbcode_builder/CMake/FindGflags.cmake#L73,# compat with some existing FindGflags consumers,[],CMake,2,73,73
26504,facebook/bistro,https://github.com/facebook/bistro/blob/90b9c33c5514a76edeb05f3ffec188a4d60ff606/build/fbcode_builder/CMake/FindGflags.cmake#L76,# Compat with the gflags CONFIG based detection,[],CMake,2,76,76
26504,facebook/bistro,https://github.com/facebook/bistro/blob/90b9c33c5514a76edeb05f3ffec188a4d60ff606/build/fbcode_builder/CMake/FindGflags.cmake#L86,# Compat with the gflags CONFIG based detection,[],CMake,0,86,86
26504,facebook/bistro,https://github.com/facebook/bistro/blob/90b9c33c5514a76edeb05f3ffec188a4d60ff606/build/fbcode_builder/CMake/FindGflags.cmake#L90,"# If the installed gflags CMake package config defines a gflags-shared
# target but not gflags, just make the gflags target that we define
# depend on the gflags-shared target.",[],CMake,4,90,92
26504,facebook/bistro,https://github.com/facebook/bistro/blob/90b9c33c5514a76edeb05f3ffec188a4d60ff606/build/fbcode_builder/CMake/FindGflags.cmake#L94,# Export LIBGFLAGS_LIBRARY as the gflags-shared target in this case.,[],CMake,4,94,94
26504,facebook/bistro,https://github.com/facebook/bistro/blob/90b9c33c5514a76edeb05f3ffec188a4d60ff606/build/fbcode_builder/CMake/FindGlog.cmake#L1,"# Copyright (c) Facebook, Inc. and its affiliates.
# - Try to find Glog
# Once done, this will define
#
# GLOG_FOUND - system has Glog
# GLOG_INCLUDE_DIRS - the Glog include directories
# GLOG_LIBRARIES - link these to use Glog",[],CMake,0,1,7
26504,facebook/bistro,https://github.com/facebook/bistro/blob/90b9c33c5514a76edeb05f3ffec188a4d60ff606/build/fbcode_builder/CMake/FindLibEvent.cmake#L1,"# Copyright (c) Facebook, Inc. and its affiliates.
# - Find LibEvent (a cross event library)
# This module defines
# LIBEVENT_INCLUDE_DIR, where to find LibEvent headers
# LIBEVENT_LIB, LibEvent libraries
# LibEvent_FOUND, If false, do not try to use libevent",[],CMake,0,1,6
26504,facebook/bistro,https://github.com/facebook/bistro/blob/90b9c33c5514a76edeb05f3ffec188a4d60ff606/build/fbcode_builder/CMake/FindLibEvent.cmake#L16,# Re-export the config under our own names,[],CMake,2,16,16
26504,facebook/bistro,https://github.com/facebook/bistro/blob/90b9c33c5514a76edeb05f3ffec188a4d60ff606/build/fbcode_builder/CMake/FindLibEvent.cmake#L18,"# Somewhat gross, but some vcpkg installed libevents have a relative
# `include` path exported into LIBEVENT_INCLUDE_DIRS, which triggers
# a cmake error because it resolves to the `include` dir within the
# folly repo, which is not something cmake allows to be in the
# INTERFACE_INCLUDE_DIRECTORIES.  Thankfully on such a system the
# actual include directory is already part of the global include
# directories, so we can just skip it.",[],CMake,2,18,24
26504,facebook/bistro,https://github.com/facebook/bistro/blob/90b9c33c5514a76edeb05f3ffec188a4d60ff606/build/fbcode_builder/CMake/FindLibEvent.cmake#L41,# Allow reading the LOCATION property,[],CMake,4,41,41
26504,facebook/bistro,https://github.com/facebook/bistro/blob/90b9c33c5514a76edeb05f3ffec188a4d60ff606/build/fbcode_builder/CMake/FindLibUnwind.cmake#L1,"# Copyright (c) Facebook, Inc. and its affiliates.
#
# Licensed under the Apache License, Version 2.0 (the ""License"");
# you may not use this file except in compliance with the License.
# You may obtain a copy of the License at
#
#     http://www.apache.org/licenses/LICENSE-2.0
#
# Unless required by applicable law or agreed to in writing, software
# distributed under the License is distributed on an ""AS IS"" BASIS,
# WITHOUT WARRANTIES OR CONDITIONS OF ANY KIND, either express or implied.
# See the License for the specific language governing permissions and
# limitations under the License.",[],CMake,0,1,13
26504,facebook/bistro,https://github.com/facebook/bistro/blob/90b9c33c5514a76edeb05f3ffec188a4d60ff606/build/fbcode_builder/CMake/FindPCRE.cmake#L1,"# Copyright (c) Facebook, Inc. and its affiliates.",[],CMake,0,1,1
26504,facebook/bistro,https://github.com/facebook/bistro/blob/90b9c33c5514a76edeb05f3ffec188a4d60ff606/build/fbcode_builder/CMake/FindRe2.cmake#L1,"# Copyright (c) Facebook, Inc. and its affiliates.
#
# This software may be used and distributed according to the terms of the
# GNU General Public License version 2.",[],CMake,0,1,4
26504,facebook/bistro,https://github.com/facebook/bistro/blob/90b9c33c5514a76edeb05f3ffec188a4d60ff606/build/fbcode_builder/CMake/FindSodium.cmake#L1,"# Written in 2016 by Henrik Steffen Gaßmann <henrik@gassmann.onl>
#
# To the extent possible under law, the author(s) have dedicated all
# copyright and related and neighboring rights to this software to the
# public domain worldwide. This software is distributed without any warranty.
#
# You should have received a copy of the CC0 Public Domain Dedication
# along with this software. If not, see
#
#     http://creativecommons.org/publicdomain/zero/1.0/
#
########################################################################
# Tries to find the local libsodium installation.
#
# On Windows the sodium_DIR environment variable is used as a default
# hint which can be overridden by setting the corresponding cmake variable.
#
# Once done the following variables will be defined:
#
#   sodium_FOUND
#   sodium_INCLUDE_DIR
#   sodium_LIBRARY_DEBUG
#   sodium_LIBRARY_RELEASE
#
#
# Furthermore an imported ""sodium"" target is created.
#",[],CMake,0,1,27
26504,facebook/bistro,https://github.com/facebook/bistro/blob/90b9c33c5514a76edeb05f3ffec188a4d60ff606/build/fbcode_builder/CMake/FindSodium.cmake#L34,# static library option,[],CMake,0,34,34
26504,facebook/bistro,https://github.com/facebook/bistro/blob/90b9c33c5514a76edeb05f3ffec188a4d60ff606/build/fbcode_builder/CMake/FindSodium.cmake#L48,"########################################################################
# UNIX",[],CMake,0,48,49
26504,facebook/bistro,https://github.com/facebook/bistro/blob/90b9c33c5514a76edeb05f3ffec188a4d60ff606/build/fbcode_builder/CMake/FindSodium.cmake#L51,# import pkg-config,[],CMake,4,51,51
26504,facebook/bistro,https://github.com/facebook/bistro/blob/90b9c33c5514a76edeb05f3ffec188a4d60ff606/build/fbcode_builder/CMake/FindSodium.cmake#L59,# ignore strings already ending with .a,[],CMake,52,59,59
26504,facebook/bistro,https://github.com/facebook/bistro/blob/90b9c33c5514a76edeb05f3ffec188a4d60ff606/build/fbcode_builder/CMake/FindSodium.cmake#L65,"# if pkgconfig for libsodium doesn't provide
# static lib info, then override PKG_STATIC here..",[],CMake,8,65,66
26504,facebook/bistro,https://github.com/facebook/bistro/blob/90b9c33c5514a76edeb05f3ffec188a4d60ff606/build/fbcode_builder/CMake/FindSodium.cmake#L91,"########################################################################
# Windows",[],CMake,0,91,92
26504,facebook/bistro,https://github.com/facebook/bistro/blob/90b9c33c5514a76edeb05f3ffec188a4d60ff606/build/fbcode_builder/CMake/FindSodium.cmake#L103,# detect target architecture,[],CMake,8,103,103
26504,facebook/bistro,https://github.com/facebook/bistro/blob/90b9c33c5514a76edeb05f3ffec188a4d60ff606/build/fbcode_builder/CMake/FindSodium.cmake#L117,# construct library path,[],CMake,8,117,117
26504,facebook/bistro,https://github.com/facebook/bistro/blob/90b9c33c5514a76edeb05f3ffec188a4d60ff606/build/fbcode_builder/CMake/FindSodium.cmake#L204,"########################################################################
# unsupported",[],CMake,0,204,205
26504,facebook/bistro,https://github.com/facebook/bistro/blob/90b9c33c5514a76edeb05f3ffec188a4d60ff606/build/fbcode_builder/CMake/FindSodium.cmake#L211,"########################################################################
# common stuff",[],CMake,0,211,212
26504,facebook/bistro,https://github.com/facebook/bistro/blob/90b9c33c5514a76edeb05f3ffec188a4d60ff606/build/fbcode_builder/CMake/FindSodium.cmake#L214,# extract sodium version,[],CMake,0,214,214
26504,facebook/bistro,https://github.com/facebook/bistro/blob/90b9c33c5514a76edeb05f3ffec188a4d60ff606/build/fbcode_builder/CMake/FindSodium.cmake#L225,# communicate results,[],CMake,0,225,225
26504,facebook/bistro,https://github.com/facebook/bistro/blob/90b9c33c5514a76edeb05f3ffec188a4d60ff606/build/fbcode_builder/CMake/FindSodium.cmake#L228,# The name must be either uppercase or match the filename case.,[],CMake,11,228,228
26504,facebook/bistro,https://github.com/facebook/bistro/blob/90b9c33c5514a76edeb05f3ffec188a4d60ff606/build/fbcode_builder/CMake/FindSodium.cmake#L242,# mark file paths as advanced,[],CMake,0,242,242
26504,facebook/bistro,https://github.com/facebook/bistro/blob/90b9c33c5514a76edeb05f3ffec188a4d60ff606/build/fbcode_builder/CMake/FindSodium.cmake#L251,# create imported target,[],CMake,0,251,251
26504,facebook/bistro,https://github.com/facebook/bistro/blob/90b9c33c5514a76edeb05f3ffec188a4d60ff606/build/fbcode_builder/CMake/FindZstd.cmake#L1,"# Copyright (c) Facebook, Inc. and its affiliates.
#
# Licensed under the Apache License, Version 2.0 (the ""License"");
# you may not use this file except in compliance with the License.
# You may obtain a copy of the License at
#
#     http://www.apache.org/licenses/LICENSE-2.0
#
# Unless required by applicable law or agreed to in writing, software
# distributed under the License is distributed on an ""AS IS"" BASIS,
# WITHOUT WARRANTIES OR CONDITIONS OF ANY KIND, either express or implied.
# See the License for the specific language governing permissions and
# limitations under the License.",[],CMake,0,1,13
26504,facebook/bistro,https://github.com/facebook/bistro/blob/90b9c33c5514a76edeb05f3ffec188a4d60ff606/build/fbcode_builder/CMake/FindZstd.cmake#L15,"#
# - Try to find Facebook zstd library
# This will define
# ZSTD_FOUND
# ZSTD_INCLUDE_DIR
# ZSTD_LIBRARY
#",[],CMake,0,15,21
26504,facebook/bistro,https://github.com/facebook/bistro/blob/90b9c33c5514a76edeb05f3ffec188a4d60ff606/build/fbcode_builder/CMake/RustStaticLibrary.cmake#L1,"# Copyright (c) Facebook, Inc. and its affiliates.",[],CMake,0,1,1
26504,facebook/bistro,https://github.com/facebook/bistro/blob/90b9c33c5514a76edeb05f3ffec188a4d60ff606/build/fbcode_builder/CMake/RustStaticLibrary.cmake#L61,"# Cargo is a build system in itself, and thus will try to take advantage of all
# the cores on the system. Unfortunately, this conflicts with Ninja, since it
# also tries to utilize all the cores. This can lead to a system that is
# completely overloaded with compile jobs to the point where nothing else can
# be achieved on the system.
#
# Let's inform Ninja of this fact so it won't try to spawn other jobs while
# Rust being compiled.",[],CMake,0,61,68
26504,facebook/bistro,https://github.com/facebook/bistro/blob/90b9c33c5514a76edeb05f3ffec188a4d60ff606/build/fbcode_builder/CMake/RustStaticLibrary.cmake#L71,"# This function creates an interface library target based on the static library
# built by Cargo. It will call Cargo to build a staticlib and generate a CMake
# interface library with it.
#
# This function requires `find_package(Python COMPONENTS Interpreter)`.
#
# You need to set `lib:crate-type = [""staticlib""]` in your Cargo.toml to make
# Cargo build static library.
#
# ```cmake
# rust_static_library(<TARGET> [CRATE <CRATE_NAME>])
# ```
#
# Parameters:
# - TARGET:
#   Name of the target name. This function will create an interface library
#   target with this name.
# - CRATE_NAME:
#   Name of the crate. This parameter is optional. If unspecified, it will
#   fallback to `${TARGET}`.
#
# This function creates two targets:
# - ""${TARGET}"": an interface library target contains the static library built
#   from Cargo.
# - ""${TARGET}.cargo"": an internal custom target that invokes Cargo.
#
# If you are going to use this static library from C/C++, you will need to
# write header files for the library (or generate with cbindgen) and bind these
# headers with the interface library.
#",[],CMake,0,71,100
26504,facebook/bistro,https://github.com/facebook/bistro/blob/90b9c33c5514a76edeb05f3ffec188a4d60ff606/build/fbcode_builder/CMake/RustStaticLibrary.cmake#L159,"# This function instructs cmake to define a target that will use `cargo build`
# to build a bin crate referenced by the Cargo.toml file in the current source
# directory.
# It accepts a single `TARGET` parameter which will be passed as the package
# name to `cargo build -p TARGET`. If binary has different name as package,
# use optional flag BINARY_NAME to override it.
# The cmake target will be registered to build by default as part of the
# ALL target.",[],CMake,0,159,166
26504,facebook/bistro,https://github.com/facebook/bistro/blob/90b9c33c5514a76edeb05f3ffec188a4d60ff606/build/fbcode_builder/CMake/RustStaticLibrary.cmake#L214,"# This function can be used to install the executable generated by a prior
# call to the `rust_executable` function.
# It requires a `TARGET` parameter to identify the target to be installed,
# and an optional `DESTINATION` parameter to specify the installation
# directory.  If DESTINATION is not specified then the `bin` directory
# will be assumed.",[],CMake,0,214,219
26504,facebook/bistro,https://github.com/facebook/bistro/blob/90b9c33c5514a76edeb05f3ffec188a4d60ff606/build/fbcode_builder/CMake/RustStaticLibrary.cmake#L221,# Parse the arguments,[],CMake,2,221,221
26504,facebook/bistro,https://github.com/facebook/bistro/blob/90b9c33c5514a76edeb05f3ffec188a4d60ff606/build/fbcode_builder/CMake/RustStaticLibrary.cmake#L240,"# This function installs the interface target generated from the function
# `rust_static_library`. Use this function if you want to export your Rust
# target to external CMake targets.
#
# ```cmake
# install_rust_static_library(
#   <TARGET>
#   INSTALL_DIR <INSTALL_DIR>
#   [EXPORT <EXPORT_NAME>]
# )
# ```
#
# Parameters:
# - TARGET: Name of the Rust static library target.
# - EXPORT_NAME: Name of the exported target.
# - INSTALL_DIR: Path to the directory where this library will be installed.
#",[],CMake,0,240,256
