repoIndex,repoName,linkLocation,comment,keywords,buildSysteminFile,charPosition,startLine,endLine
27234,poncateam/ponca,https://github.com/poncateam/ponca/blob/c7ccb9ac23d1f1266aae6875e09049dad621d74a/CMakeLists.txt#L4,"####################################################################################################
## Do not edit this file, but rather configure cmake according to your need
## USER OPTIONS
##",[],CMake,0,4,7
27234,poncateam/ponca,https://github.com/poncateam/ponca/blob/c7ccb9ac23d1f1266aae6875e09049dad621d74a/CMakeLists.txt#L14,"##
## END USER OPTIONS
####################################################################################################",[],CMake,0,14,16
27234,poncateam/ponca,https://github.com/poncateam/ponca/blob/c7ccb9ac23d1f1266aae6875e09049dad621d74a/CMakeLists.txt#L22,# add this options before PROJECT keyword,[],CMake,0,22,22
27234,poncateam/ponca,https://github.com/poncateam/ponca/blob/c7ccb9ac23d1f1266aae6875e09049dad621d74a/CMakeLists.txt#L33,# guard against bad build-type strings (source: Eigen),[],CMake,0,33,33
27234,poncateam/ponca,https://github.com/poncateam/ponca/blob/c7ccb9ac23d1f1266aae6875e09049dad621d74a/CMakeLists.txt#L47,# get changeset id,[],CMake,0,47,47
27234,poncateam/ponca,https://github.com/poncateam/ponca/blob/c7ccb9ac23d1f1266aae6875e09049dad621d74a/CMakeLists.txt#L55,"################################################################################
## Dependencies
################################################################################",[],CMake,0,55,57
27234,poncateam/ponca,https://github.com/poncateam/ponca/blob/c7ccb9ac23d1f1266aae6875e09049dad621d74a/CMakeLists.txt#L79,"## Should be retrieved by transitive linking, however it seems to fails with older cmake versions",[],CMake,4,79,79
27234,poncateam/ponca,https://github.com/poncateam/ponca/blob/c7ccb9ac23d1f1266aae6875e09049dad621d74a/CMakeLists.txt#L88,"################################################################################
# Generate install target                                                      #
################################################################################",[],CMake,0,88,90
27234,poncateam/ponca,https://github.com/poncateam/ponca/blob/c7ccb9ac23d1f1266aae6875e09049dad621d74a/CMakeLists.txt#L97,## Configuration,[],CMake,0,97,97
27234,poncateam/ponca,https://github.com/poncateam/ponca/blob/c7ccb9ac23d1f1266aae6875e09049dad621d74a/CMakeLists.txt#L100,"#set(targets_export_name ""${PROJECT_NAME}Targets"")
#et(namespace ""${PROJECT_NAME}::"")",[],CMake,0,100,101
27234,poncateam/ponca,https://github.com/poncateam/ponca/blob/c7ccb9ac23d1f1266aae6875e09049dad621d74a/CMakeLists.txt#L103,## Include module with fuction 'write_basic_package_version_file',[],CMake,0,103,103
27234,poncateam/ponca,https://github.com/poncateam/ponca/blob/c7ccb9ac23d1f1266aae6875e09049dad621d74a/CMakeLists.txt#L106,"# Configure '<PROJECT-NAME>ConfigVersion.cmake'
# Note: PROJECT_VERSION is used as a VERSION",[],CMake,0,106,107
27234,poncateam/ponca,https://github.com/poncateam/ponca/blob/c7ccb9ac23d1f1266aae6875e09049dad621d74a/CMakeLists.txt#L114,"## Configure '<PROJECT-NAME>Config.cmake'
## version to be installed
## Use variables:
##   * targets_export_name
##   * PROJECT_NAME
## Used by Config.cmake.in",[],CMake,0,114,119
27234,poncateam/ponca,https://github.com/poncateam/ponca/blob/c7ccb9ac23d1f1266aae6875e09049dad621d74a/CMakeLists.txt#L132,"################################################################################
# Add code source, so it is visible in dev environements                       #
################################################################################",[],CMake,0,132,134
27234,poncateam/ponca,https://github.com/poncateam/ponca/blob/c7ccb9ac23d1f1266aae6875e09049dad621d74a/CMakeLists.txt#L145,"################################################################################
# API documentation with Doxygen                                               #
################################################################################",[],CMake,0,145,147
27234,poncateam/ponca,https://github.com/poncateam/ponca/blob/c7ccb9ac23d1f1266aae6875e09049dad621d74a/CMakeLists.txt#L152,"################################################################################
# tests and examples                                                           #
################################################################################",[],CMake,0,152,154
27234,poncateam/ponca,https://github.com/poncateam/ponca/blob/c7ccb9ac23d1f1266aae6875e09049dad621d74a/CMakeLists.txt#L159,"################################################################################
# Tests                                                                        #
################################################################################",[],CMake,0,159,161
27234,poncateam/ponca,https://github.com/poncateam/ponca/blob/c7ccb9ac23d1f1266aae6875e09049dad621d74a/CMakeLists.txt#L170,"################################################################################
# Add custom target for Continuous Integration scripts                         #
################################################################################",[],CMake,0,170,172
27234,poncateam/ponca,https://github.com/poncateam/ponca/blob/c7ccb9ac23d1f1266aae6875e09049dad621d74a/doc/CMakeLists.txt#L8,# Configure doxygen-awesome-css,[],CMake,2,8,8
27234,poncateam/ponca,https://github.com/poncateam/ponca/blob/c7ccb9ac23d1f1266aae6875e09049dad621d74a/examples/CMakeLists.txt#L5,#add_subdirectory(python),[],CMake,0,5,5
27234,poncateam/ponca,https://github.com/poncateam/ponca/blob/c7ccb9ac23d1f1266aae6875e09049dad621d74a/examples/cpp/pcl/CMakeLists.txt#L17,# Some version of PCL does link to Boost::thread but not propagate this information,[],CMake,8,17,17
27234,poncateam/ponca,https://github.com/poncateam/ponca/blob/c7ccb9ac23d1f1266aae6875e09049dad621d74a/examples/cpp/pcl/CMakeLists.txt#L34,#        target_compile_definitions(ponca_pclwrapper PUBLIC ${PCL_DEFINITIONS}),[],CMake,0,34,34
27234,poncateam/ponca,https://github.com/poncateam/ponca/blob/c7ccb9ac23d1f1266aae6875e09049dad621d74a/examples/cuda/CMakeLists.txt#L30,# Copy assets,[],CMake,8,30,30
27234,poncateam/ponca,https://github.com/poncateam/ponca/blob/c7ccb9ac23d1f1266aae6875e09049dad621d74a/examples/python/CMakeLists.txt#L4,"################################################################################
# CUDA                                                                         #
################################################################################",[],CMake,0,4,6
27234,poncateam/ponca,https://github.com/poncateam/ponca/blob/c7ccb9ac23d1f1266aae6875e09049dad621d74a/examples/python/CMakeLists.txt#L11,# Pass options to NVCC,[],CMake,4,11,11
27234,poncateam/ponca,https://github.com/poncateam/ponca/blob/c7ccb9ac23d1f1266aae6875e09049dad621d74a/examples/python/CMakeLists.txt#L14,"# For compilation ...
# Specify target & source files to compile it from
# cuda_add_executable( ssgls_py ssgls.cu )",[],CMake,4,14,16
27234,poncateam/ponca,https://github.com/poncateam/ponca/blob/c7ccb9ac23d1f1266aae6875e09049dad621d74a/tests/CMakeLists.txt#L7,"# Generate split test header file only if it does not yet exist
# in order to prevent a rebuild everytime cmake is configured.",[],CMake,0,7,8
27234,poncateam/ponca,https://github.com/poncateam/ponca/blob/c7ccb9ac23d1f1266aae6875e09049dad621d74a/tests/CMakeLists.txt#L22,# similar to set_target_properties but append the property instead of overwriting it,[],CMake,0,22,22
27234,poncateam/ponca,https://github.com/poncateam/ponca/blob/c7ccb9ac23d1f1266aae6875e09049dad621d74a/tests/CMakeLists.txt#L26,"# if the property wasn't previously set, ${previous} is now ""previous-NOTFOUND"" which cmake allows catching with plain if()",[],CMake,2,26,26
27234,poncateam/ponca,https://github.com/poncateam/ponca/blob/c7ccb9ac23d1f1266aae6875e09049dad621d74a/tests/CMakeLists.txt#L36,# Add required flags (GCC & LLVM/Clang),[],CMake,6,36,36
27234,poncateam/ponca,https://github.com/poncateam/ponca/blob/c7ccb9ac23d1f1266aae6875e09049dad621d74a/tests/CMakeLists.txt#L38,# no optimization,[],CMake,19,38,38
27234,poncateam/ponca,https://github.com/poncateam/ponca/blob/c7ccb9ac23d1f1266aae6875e09049dad621d74a/tests/CMakeLists.txt#L39,# generate debug info,[],CMake,19,39,39
27234,poncateam/ponca,https://github.com/poncateam/ponca/blob/c7ccb9ac23d1f1266aae6875e09049dad621d74a/tests/CMakeLists.txt#L40,# sets all required flags,[],CMake,19,40,40
27234,poncateam/ponca,https://github.com/poncateam/ponca/blob/c7ccb9ac23d1f1266aae6875e09049dad621d74a/tests/CMakeLists.txt#L49,"#    else() # no coverage: enable march
#        target_compile_options(${target} PUBLIC -march=native)",[],CMake,0,49,50
27234,poncateam/ponca,https://github.com/poncateam/ponca/blob/c7ccb9ac23d1f1266aae6875e09049dad621d74a/tests/CMakeLists.txt#L57,"# Macro to add a test
#
# the unique mandatory parameter testname must correspond to a file <testname.cpp>
#
# Depending on the contents of that file, this macro can have 2 behaviors,
# see below.
#
# A. Default behavior
#
# this macro adds an executable <testname> as well as a ctest test named <testname> too.
#
# On platforms with bash simply run:
#   ""ctest -V"" or ""ctest -V -R <testname>""
# On other platform use ctest as usual.
#
# B. Multi-part behavior
#
# If the source file matches the regexp
#    CALL_SUBTEST_[0-9]+|TEST_PART_[0-9]+
# then it is interpreted as a multi-part test.
# The test is split into multiple executables
#    test_<testname>_<N>
# where N runs from 1 to the greatest occurence found in the source file. Each of these
# executables is built passing -DTEST_PART_N. This allows to split large tests
# into smaller executables.
#
# Moreover, targets <testname> are still generated, they
# have the effect of building all the parts of the test.
#
# Again, ctest -R allows to run all matching tests.",[],CMake,0,57,86
27234,poncateam/ponca,https://github.com/poncateam/ponca/blob/c7ccb9ac23d1f1266aae6875e09049dad621d74a/tests/src/CMakeLists.txt#L3,"################################################################################
# Grenaille                                                                    #
################################################################################",[],CMake,0,3,5
