repoIndex,repoName,linkLocation,comment,keywords,buildSysteminFile,charPosition,startLine,endLine
27394,couchbase/couchbase-lite-c,https://github.com/couchbase/couchbase-lite-c/blob/af91249ce259cb4815541d2e8b147e9d4a01d707/CMakeLists.txt#L5,"# Tells Mac builds to use the current SDK's headers & libs, not what's in the OS.",[],CMake,4,5,5
27394,couchbase/couchbase-lite-c,https://github.com/couchbase/couchbase-lite-c/blob/af91249ce259cb4815541d2e8b147e9d4a01d707/CMakeLists.txt#L6,"# this line MUST be above the 1st ""project()"" line!",[],CMake,39,6,6
27394,couchbase/couchbase-lite-c,https://github.com/couchbase/couchbase-lite-c/blob/af91249ce259cb4815541d2e8b147e9d4a01d707/CMakeLists.txt#L28,### BUILD SETTINGS:,[],CMake,0,28,28
27394,couchbase/couchbase-lite-c,https://github.com/couchbase/couchbase-lite-c/blob/af91249ce259cb4815541d2e8b147e9d4a01d707/CMakeLists.txt#L54,# For generating CBL_Edition.h,[],CMake,52,54,54
27394,couchbase/couchbase-lite-c,https://github.com/couchbase/couchbase-lite-c/blob/af91249ce259cb4815541d2e8b147e9d4a01d707/CMakeLists.txt#L94,### SUBMODULES:,[],CMake,0,94,94
27394,couchbase/couchbase-lite-c,https://github.com/couchbase/couchbase-lite-c/blob/af91249ce259cb4815541d2e8b147e9d4a01d707/CMakeLists.txt#L98,### SOURCE FILES:,[],CMake,0,98,98
27394,couchbase/couchbase-lite-c,https://github.com/couchbase/couchbase-lite-c/blob/af91249ce259cb4815541d2e8b147e9d4a01d707/CMakeLists.txt#L112,### BUILDING THE LIBRARY:,[],CMake,0,112,112
27394,couchbase/couchbase-lite-c,https://github.com/couchbase/couchbase-lite-c/blob/af91249ce259cb4815541d2e8b147e9d4a01d707/CMakeLists.txt#L192,# C/C++ atomic operations on ARM6/7 emit calls to functions in libatomic,[],CMake,4,192,192
27394,couchbase/couchbase-lite-c,https://github.com/couchbase/couchbase-lite-c/blob/af91249ce259cb4815541d2e8b147e9d4a01d707/CMakeLists.txt#L202,## Installation,[],CMake,0,202,202
27394,couchbase/couchbase-lite-c,https://github.com/couchbase/couchbase-lite-c/blob/af91249ce259cb4815541d2e8b147e9d4a01d707/CMakeLists.txt#L209,"# No lib64, stop!",[],CMake,36,209,209
27394,couchbase/couchbase-lite-c,https://github.com/couchbase/couchbase-lite-c/blob/af91249ce259cb4815541d2e8b147e9d4a01d707/CMakeLists.txt#L218,## CBL Headers,[],CMake,0,218,218
27394,couchbase/couchbase-lite-c,https://github.com/couchbase/couchbase-lite-c/blob/af91249ce259cb4815541d2e8b147e9d4a01d707/CMakeLists.txt#L222,## Fleece Headers,[],CMake,0,222,222
27394,couchbase/couchbase-lite-c,https://github.com/couchbase/couchbase-lite-c/blob/af91249ce259cb4815541d2e8b147e9d4a01d707/CMakeLists.txt#L226,"## Exclude Fleece Expert Headers
# file(GLOB FLEECE_EXPERTS ${FLEECE_HEADER_DIR}/*Expert.h*)
# list(REMOVE_ITEM FLEECE_HEADERS ${FLEECE_EXPERTS})",[],CMake,0,226,228
27394,couchbase/couchbase-lite-c,https://github.com/couchbase/couchbase-lite-c/blob/af91249ce259cb4815541d2e8b147e9d4a01d707/CMakeLists.txt#L252,## Generate dSYM and strip private symbols (Post Build when STRIP_SYMBOLS is enabled),[],CMake,0,252,252
27394,couchbase/couchbase-lite-c,https://github.com/couchbase/couchbase-lite-c/blob/af91249ce259cb4815541d2e8b147e9d4a01d707/CMakeLists.txt#L281,### TESTS:,[],CMake,0,281,281
27394,couchbase/couchbase-lite-c,https://github.com/couchbase/couchbase-lite-c/blob/af91249ce259cb4815541d2e8b147e9d4a01d707/test/CMakeLists.txt#L14,# Get rid of min/max macros that interfere with std::min/std::max,[],CMake,15,14,14
27394,couchbase/couchbase-lite-c,https://github.com/couchbase/couchbase-lite-c/blob/af91249ce259cb4815541d2e8b147e9d4a01d707/test/CMakeLists.txt#L20,# Just for CBLPrivate.h,[],CMake,23,20,20
27394,couchbase/couchbase-lite-c,https://github.com/couchbase/couchbase-lite-c/blob/af91249ce259cb4815541d2e8b147e9d4a01d707/test/CMakeLists.txt#L24,# Real independent projects won't need this,[],CMake,60,24,24
27394,couchbase/couchbase-lite-c,https://github.com/couchbase/couchbase-lite-c/blob/af91249ce259cb4815541d2e8b147e9d4a01d707/test/CMakeLists.txt#L25,# or this,[],CMake,59,25,25
27394,couchbase/couchbase-lite-c,https://github.com/couchbase/couchbase-lite-c/blob/af91249ce259cb4815541d2e8b147e9d4a01d707/test/CMakeLists.txt#L54,# For internal fleece dependencies:,[],CMake,4,54,54
27394,couchbase/couchbase-lite-c,https://github.com/couchbase/couchbase-lite-c/blob/af91249ce259cb4815541d2e8b147e9d4a01d707/cmake/Toolchain-pi.cmake#L1,"############################################################################
# toolchain-raspberry.cmake
# Copyright (C) 2014  Belledonne Communications, Grenoble France
#
############################################################################
#
# This program is free software; you can redistribute it and/or
# modify it under the terms of the GNU General Public License
# as published by the Free Software Foundation; either version 2
# of the License, or (at your option) any later version.
#
# This program is distributed in the hope that it will be useful,
# but WITHOUT ANY WARRANTY; without even the implied warranty of
# MERCHANTABILITY or FITNESS FOR A PARTICULAR PURPOSE.  See the
# GNU General Public License for more details.
#
# You should have received a copy of the GNU General Public License
# along with this program; if not, write to the Free Software
# Foundation, Inc., 51 Franklin Street, Fifth Floor, Boston, MA  02110-1301, USA.
#
############################################################################",[],CMake,0,1,21
27394,couchbase/couchbase-lite-c,https://github.com/couchbase/couchbase-lite-c/blob/af91249ce259cb4815541d2e8b147e9d4a01d707/cmake/Toolchain-pi.cmake#L23,"# Based on:
# https://gitlab.linphone.org/BC/public/linphone-cmake-builder/blob/master/toolchains/toolchain-raspberry.cmake
# https://github.com/Pro/raspi-toolchain/blob/master/Toolchain-rpi.cmake",[],CMake,0,23,25
27394,couchbase/couchbase-lite-c,https://github.com/couchbase/couchbase-lite-c/blob/af91249ce259cb4815541d2e8b147e9d4a01d707/cmake/Toolchain-pi64.cmake#L1,"############################################################################
# toolchain-raspberry.cmake
# Copyright (C) 2014  Belledonne Communications, Grenoble France
#
############################################################################
#
# This program is free software; you can redistribute it and/or
# modify it under the terms of the GNU General Public License
# as published by the Free Software Foundation; either version 2
# of the License, or (at your option) any later version.
#
# This program is distributed in the hope that it will be useful,
# but WITHOUT ANY WARRANTY; without even the implied warranty of
# MERCHANTABILITY or FITNESS FOR A PARTICULAR PURPOSE.  See the
# GNU General Public License for more details.
#
# You should have received a copy of the GNU General Public License
# along with this program; if not, write to the Free Software
# Foundation, Inc., 51 Franklin Street, Fifth Floor, Boston, MA  02110-1301, USA.
#
############################################################################",[],CMake,0,1,21
27394,couchbase/couchbase-lite-c,https://github.com/couchbase/couchbase-lite-c/blob/af91249ce259cb4815541d2e8b147e9d4a01d707/cmake/Toolchain-pi64.cmake#L23,"# Based on:
# https://gitlab.linphone.org/BC/public/linphone-cmake-builder/blob/master/toolchains/toolchain-raspberry.cmake
# https://github.com/Pro/raspi-toolchain/blob/master/Toolchain-rpi.cmake",[],CMake,0,23,25
27394,couchbase/couchbase-lite-c,https://github.com/couchbase/couchbase-lite-c/blob/af91249ce259cb4815541d2e8b147e9d4a01d707/cmake/generate_edition.cmake#L3,"# Script mode, use passed values",[],CMake,8,3,3
27394,couchbase/couchbase-lite-c,https://github.com/couchbase/couchbase-lite-c/blob/af91249ce259cb4815541d2e8b147e9d4a01d707/cmake/generate_edition.cmake#L38,"# CMakeLists.txt mode, use already available values or environment",[],CMake,8,38,38
27394,couchbase/couchbase-lite-c,https://github.com/couchbase/couchbase-lite-c/blob/af91249ce259cb4815541d2e8b147e9d4a01d707/cmake/generate_edition.cmake#L76,# This will be unset in script mode,[],CMake,43,76,76
27394,couchbase/couchbase-lite-c,https://github.com/couchbase/couchbase-lite-c/blob/af91249ce259cb4815541d2e8b147e9d4a01d707/cmake/platform_android.cmake#L19,# No-op,[],CMake,4,19,19
27394,couchbase/couchbase-lite-c,https://github.com/couchbase/couchbase-lite-c/blob/af91249ce259cb4815541d2e8b147e9d4a01d707/cmake/platform_apple.cmake#L16,# No-op,[],CMake,4,16,16
27394,couchbase/couchbase-lite-c,https://github.com/couchbase/couchbase-lite-c/blob/af91249ce259cb4815541d2e8b147e9d4a01d707/cmake/platform_apple.cmake#L20,# No-op,[],CMake,4,20,20
27394,couchbase/couchbase-lite-c,https://github.com/couchbase/couchbase-lite-c/blob/af91249ce259cb4815541d2e8b147e9d4a01d707/cmake/platform_linux_desktop.cmake#L4,# No-op,[],CMake,4,4,4
27394,couchbase/couchbase-lite-c,https://github.com/couchbase/couchbase-lite-c/blob/af91249ce259cb4815541d2e8b147e9d4a01d707/cmake/platform_linux_desktop.cmake#L8,# No-op,[],CMake,4,8,8
27394,couchbase/couchbase-lite-c,https://github.com/couchbase/couchbase-lite-c/blob/af91249ce259cb4815541d2e8b147e9d4a01d707/cmake/platform_win.cmake#L2,# No platform specific,[],CMake,4,2,2
27394,couchbase/couchbase-lite-c,https://github.com/couchbase/couchbase-lite-c/blob/af91249ce259cb4815541d2e8b147e9d4a01d707/cmake/platform_win.cmake#L22,"# Compile string literals as UTF-8,
# Enable exception handling for C++ but disable for extern C
# Disable the following warnings:
#   4068 (unrecognized pragma)
#   4099 (type first seen as struct now seen as class)
# Disable warning about ""insecure"" C runtime functions (strcpy vs strcpy_s)",[],CMake,4,22,27
27394,couchbase/couchbase-lite-c,https://github.com/couchbase/couchbase-lite-c/blob/af91249ce259cb4815541d2e8b147e9d4a01d707/cmake/platform_win.cmake#L52,"# Not that happy about this, but I'm too lazy right now to rework LiteCore",[],CMake,8,52,52
