repoIndex,repoName,linkLocation,comment,keywords,buildSysteminFile,charPosition,startLine,endLine
27426,rspatial/terra,https://github.com/rspatial/terra/blob/3dbd33d90cbdb306dd0299020bea72148912df97/configure.ac#L1,"dnl Process this file with autoconf to produce a configure script.
dnl GDAL stuff largely copied from rgdal, (c) Roger Bivand",[],Autotool,0,1,2
27426,rspatial/terra,https://github.com/rspatial/terra/blob/3dbd33d90cbdb306dd0299020bea72148912df97/configure.ac#L13,"# https://github.com/r-spatial/sf/issues/1054:
# RVER=`""${RBIN}"" --version | head -1 | cut -f3 -d"" ""`",[],Autotool,0,13,14
27426,rspatial/terra,https://github.com/rspatial/terra/blob/3dbd33d90cbdb306dd0299020bea72148912df97/configure.ac#L39,# pick all flags for testing from R,[],Autotool,0,39,39
27426,rspatial/terra,https://github.com/rspatial/terra/blob/3dbd33d90cbdb306dd0299020bea72148912df97/configure.ac#L46,"# AC_SUBST([CC],[""clang""])
# AC_SUBST([CXX],[""clang++""])",[],Autotool,0,46,47
27426,rspatial/terra,https://github.com/rspatial/terra/blob/3dbd33d90cbdb306dd0299020bea72148912df97/configure.ac#L51,# AC_MSG_NOTICE([${PACKAGE_NAME}: ${PACKAGE_VERSION}]),[],Autotool,0,51,51
27426,rspatial/terra,https://github.com/rspatial/terra/blob/3dbd33d90cbdb306dd0299020bea72148912df97/configure.ac#L53,#GDAL,[],Autotool,0,53,53
27426,rspatial/terra,https://github.com/rspatial/terra/blob/3dbd33d90cbdb306dd0299020bea72148912df97/configure.ac#L135,"# honor PKG_xx overrides
# for CPPFLAGS we will superfluously double R's flags
# since we'll set PKG_CPPFLAGS with this, but that shouldn't hurt",[],Autotool,0,135,137
27426,rspatial/terra,https://github.com/rspatial/terra/blob/3dbd33d90cbdb306dd0299020bea72148912df97/configure.ac#L149,"#include <gdal.h>
#ifdef __cplusplus",[],Autotool,0,149,150
27426,rspatial/terra,https://github.com/rspatial/terra/blob/3dbd33d90cbdb306dd0299020bea72148912df97/configure.ac#L152,#endif,[],Autotool,0,152,152
27426,rspatial/terra,https://github.com/rspatial/terra/blob/3dbd33d90cbdb306dd0299020bea72148912df97/configure.ac#L156,#ifdef __cplusplus,[],Autotool,0,156,156
27426,rspatial/terra,https://github.com/rspatial/terra/blob/3dbd33d90cbdb306dd0299020bea72148912df97/configure.ac#L158,#endif,[],Autotool,0,158,158
27426,rspatial/terra,https://github.com/rspatial/terra/blob/3dbd33d90cbdb306dd0299020bea72148912df97/configure.ac#L218,# Optional local copy of GDAL datadir and PROJ_LIB,[],Autotool,0,218,218
27426,rspatial/terra,https://github.com/rspatial/terra/blob/3dbd33d90cbdb306dd0299020bea72148912df97/configure.ac#L259,"#
# test whether PROJ is available to gdal:
#",[],Autotool,0,259,261
27426,rspatial/terra,https://github.com/rspatial/terra/blob/3dbd33d90cbdb306dd0299020bea72148912df97/configure.ac#L265,"#include <gdal.h>
#include <ogr_srs_api.h>
#include <ogr_spatialref.h>",[],Autotool,0,265,267
27426,rspatial/terra,https://github.com/rspatial/terra/blob/3dbd33d90cbdb306dd0299020bea72148912df97/configure.ac#L310,# sqlite3,[],Autotool,0,310,310
27426,rspatial/terra,https://github.com/rspatial/terra/blob/3dbd33d90cbdb306dd0299020bea72148912df97/configure.ac#L319,"#
# PROJ
#",[],Autotool,0,319,321
27426,rspatial/terra,https://github.com/rspatial/terra/blob/3dbd33d90cbdb306dd0299020bea72148912df97/configure.ac#L344,"# honor PKG_xx overrides
# for CPPFLAGS we will superfluously double R's flags
# since we'll set PKG_CPPFLAGS with this, but that shouldn't hurt",[],Autotool,0,344,346
27426,rspatial/terra,https://github.com/rspatial/terra/blob/3dbd33d90cbdb306dd0299020bea72148912df97/configure.ac#L389,# dnl ditto for a library path,[],Autotool,0,389,389
27426,rspatial/terra,https://github.com/rspatial/terra/blob/3dbd33d90cbdb306dd0299020bea72148912df97/configure.ac#L419,"#include <stdio.h>
#include <stdlib.h>
#include <proj_api.h>",[],Autotool,0,419,421
27426,rspatial/terra,https://github.com/rspatial/terra/blob/3dbd33d90cbdb306dd0299020bea72148912df97/configure.ac#L430,"#include <stdio.h>
#include <stdlib.h>
#include <proj.h>",[],Autotool,0,430,432
27426,rspatial/terra,https://github.com/rspatial/terra/blob/3dbd33d90cbdb306dd0299020bea72148912df97/configure.ac#L439,"#AC_CHECK_LIB(proj,proj_context_create,,proj6ok=no)",[],Autotool,2,439,439
27426,rspatial/terra,https://github.com/rspatial/terra/blob/3dbd33d90cbdb306dd0299020bea72148912df97/configure.ac#L454,"#include <stdio.h>
#include <stdlib.h>
#include <proj.h>",[],Autotool,0,454,456
27426,rspatial/terra,https://github.com/rspatial/terra/blob/3dbd33d90cbdb306dd0299020bea72148912df97/configure.ac#L465,#AC_MSG_NOTICE([PKG_LIBS: ${PKG_LIBS}]),[],Autotool,0,465,465
27426,rspatial/terra,https://github.com/rspatial/terra/blob/3dbd33d90cbdb306dd0299020bea72148912df97/configure.ac#L481,"#include <stdio.h>
#include <proj_api.h>
#if PJ_VERSION <= 480",[],Autotool,0,481,483
27426,rspatial/terra,https://github.com/rspatial/terra/blob/3dbd33d90cbdb306dd0299020bea72148912df97/configure.ac#L485,#endif,[],Autotool,0,485,485
27426,rspatial/terra,https://github.com/rspatial/terra/blob/3dbd33d90cbdb306dd0299020bea72148912df97/configure.ac#L488,#if PJ_VERSION <= 480,[],Autotool,0,488,488
27426,rspatial/terra,https://github.com/rspatial/terra/blob/3dbd33d90cbdb306dd0299020bea72148912df97/configure.ac#L490,#else,[],Autotool,0,490,490
27426,rspatial/terra,https://github.com/rspatial/terra/blob/3dbd33d90cbdb306dd0299020bea72148912df97/configure.ac#L492,#endif,[],Autotool,0,492,492
27426,rspatial/terra,https://github.com/rspatial/terra/blob/3dbd33d90cbdb306dd0299020bea72148912df97/configure.ac#L497,#if PJ_VERSION <= 480,[],Autotool,0,497,497
27426,rspatial/terra,https://github.com/rspatial/terra/blob/3dbd33d90cbdb306dd0299020bea72148912df97/configure.ac#L499,#else,[],Autotool,0,499,499
27426,rspatial/terra,https://github.com/rspatial/terra/blob/3dbd33d90cbdb306dd0299020bea72148912df97/configure.ac#L501,#endif,[],Autotool,0,501,501
27426,rspatial/terra,https://github.com/rspatial/terra/blob/3dbd33d90cbdb306dd0299020bea72148912df97/configure.ac#L535,# proj >= 6,[],Autotool,5,535,535
27426,rspatial/terra,https://github.com/rspatial/terra/blob/3dbd33d90cbdb306dd0299020bea72148912df97/configure.ac#L540,"#include <stdio.h>
#include <proj_api.h>",[],Autotool,0,540,541
27426,rspatial/terra,https://github.com/rspatial/terra/blob/3dbd33d90cbdb306dd0299020bea72148912df97/configure.ac#L582,"#include <stdio.h>
#include <proj_api.h>
#if PJ_VERSION <= 480",[],Autotool,0,582,584
27426,rspatial/terra,https://github.com/rspatial/terra/blob/3dbd33d90cbdb306dd0299020bea72148912df97/configure.ac#L586,#endif,[],Autotool,0,586,586
27426,rspatial/terra,https://github.com/rspatial/terra/blob/3dbd33d90cbdb306dd0299020bea72148912df97/configure.ac#L589,#if PJ_VERSION <= 480,[],Autotool,0,589,589
27426,rspatial/terra,https://github.com/rspatial/terra/blob/3dbd33d90cbdb306dd0299020bea72148912df97/configure.ac#L591,#else,[],Autotool,0,591,591
27426,rspatial/terra,https://github.com/rspatial/terra/blob/3dbd33d90cbdb306dd0299020bea72148912df97/configure.ac#L593,#endif,[],Autotool,0,593,593
27426,rspatial/terra,https://github.com/rspatial/terra/blob/3dbd33d90cbdb306dd0299020bea72148912df97/configure.ac#L598,#if PJ_VERSION <= 480,[],Autotool,0,598,598
27426,rspatial/terra,https://github.com/rspatial/terra/blob/3dbd33d90cbdb306dd0299020bea72148912df97/configure.ac#L600,#else,[],Autotool,0,600,600
27426,rspatial/terra,https://github.com/rspatial/terra/blob/3dbd33d90cbdb306dd0299020bea72148912df97/configure.ac#L602,#endif,[],Autotool,0,602,602
27426,rspatial/terra,https://github.com/rspatial/terra/blob/3dbd33d90cbdb306dd0299020bea72148912df97/configure.ac#L633,# PROJH = no,[],Autotool,3,633,633
27426,rspatial/terra,https://github.com/rspatial/terra/blob/3dbd33d90cbdb306dd0299020bea72148912df97/configure.ac#L635,# proj >= 6,[],Autotool,3,635,635
27426,rspatial/terra,https://github.com/rspatial/terra/blob/3dbd33d90cbdb306dd0299020bea72148912df97/configure.ac#L640,"#
# GEOS:
#",[],Autotool,0,640,642
27426,rspatial/terra,https://github.com/rspatial/terra/blob/3dbd33d90cbdb306dd0299020bea72148912df97/configure.ac#L683,"#GEOS_DEP_CLIBS=`geos-config --static-clibs` -- this gives -m instead of -lm, which breaks clang
# fixed in 3.7.0 at https://github.com/libgeos/libgeos/pull/73#issuecomment-262208677",[],Autotool,2,683,684
27426,rspatial/terra,https://github.com/rspatial/terra/blob/3dbd33d90cbdb306dd0299020bea72148912df97/configure.ac#L695,# GDAL 2.0.1 requires GEOS 3.1.0,[],Autotool,41,695,695
27426,rspatial/terra,https://github.com/rspatial/terra/blob/3dbd33d90cbdb306dd0299020bea72148912df97/configure.ac#L710,"# honor PKG_xx overrides
# for CPPFLAGS we will superfluously double R's flags
# since we'll set PKG_CPPFLAGS with this, but that shouldn't hurt",[],Autotool,0,710,712
27426,rspatial/terra,https://github.com/rspatial/terra/blob/3dbd33d90cbdb306dd0299020bea72148912df97/configure.ac#L723,"#include <geos_c.h>
#ifdef __cplusplus",[],Autotool,0,723,724
27426,rspatial/terra,https://github.com/rspatial/terra/blob/3dbd33d90cbdb306dd0299020bea72148912df97/configure.ac#L726,#endif,[],Autotool,0,726,726
27426,rspatial/terra,https://github.com/rspatial/terra/blob/3dbd33d90cbdb306dd0299020bea72148912df97/configure.ac#L737,#ifdef __cplusplus,[],Autotool,0,737,737
27426,rspatial/terra,https://github.com/rspatial/terra/blob/3dbd33d90cbdb306dd0299020bea72148912df97/configure.ac#L739,#endif,[],Autotool,0,739,739
27426,rspatial/terra,https://github.com/rspatial/terra/blob/3dbd33d90cbdb306dd0299020bea72148912df97/configure.ac#L742,"#echo ""${CXX} ${CPPFLAGS} -o geos_test geos_test.cpp ${LIBS}""",[],Autotool,0,742,742
27426,rspatial/terra,https://github.com/rspatial/terra/blob/3dbd33d90cbdb306dd0299020bea72148912df97/configure.ac#L770,"#
# add PROJ_LIBS
#",[],Autotool,0,770,772
27426,rspatial/terra,https://github.com/rspatial/terra/blob/3dbd33d90cbdb306dd0299020bea72148912df97/configure.ac#L775,"#
# concluding substitution
#",[],Autotool,0,775,777
