repoIndex,repoName,linkLocation,comment,keywords,buildSysteminFile,charPosition,startLine,endLine
3412,emmanuel-marty/apultra,https://github.com/emmanuel-marty/apultra/blob/046a905d79dfd81c5916aa74b588f1a4da816dbb/src/libdivsufsort/CMakeLists.txt#L1,### cmake file for building libdivsufsort Package ###,[],CMake,0,1,1
3412,emmanuel-marty/apultra,https://github.com/emmanuel-marty/apultra/blob/046a905d79dfd81c5916aa74b588f1a4da816dbb/src/libdivsufsort/CMakeLists.txt#L6,## Project information ##,[],CMake,0,6,6
3412,emmanuel-marty/apultra,https://github.com/emmanuel-marty/apultra/blob/046a905d79dfd81c5916aa74b588f1a4da816dbb/src/libdivsufsort/CMakeLists.txt#L14,## CPack configuration ##,[],CMake,0,14,14
3412,emmanuel-marty/apultra,https://github.com/emmanuel-marty/apultra/blob/046a905d79dfd81c5916aa74b588f1a4da816dbb/src/libdivsufsort/CMakeLists.txt#L19,## Project options ##,[],CMake,0,19,19
3412,emmanuel-marty/apultra,https://github.com/emmanuel-marty/apultra/blob/046a905d79dfd81c5916aa74b588f1a4da816dbb/src/libdivsufsort/CMakeLists.txt#L26,## Installation directories ##,[],CMake,0,26,26
3412,emmanuel-marty/apultra,https://github.com/emmanuel-marty/apultra/blob/046a905d79dfd81c5916aa74b588f1a4da816dbb/src/libdivsufsort/CMakeLists.txt#L49,## Build type ##,[],CMake,0,49,49
3412,emmanuel-marty/apultra,https://github.com/emmanuel-marty/apultra/blob/046a905d79dfd81c5916aa74b588f1a4da816dbb/src/libdivsufsort/CMakeLists.txt#L56,## Compiler options ##,[],CMake,0,56,56
3412,emmanuel-marty/apultra,https://github.com/emmanuel-marty/apultra/blob/046a905d79dfd81c5916aa74b588f1a4da816dbb/src/libdivsufsort/CMakeLists.txt#L82,## Add definitions ##,[],CMake,0,82,82
3412,emmanuel-marty/apultra,https://github.com/emmanuel-marty/apultra/blob/046a905d79dfd81c5916aa74b588f1a4da816dbb/src/libdivsufsort/CMakeLists.txt#L85,## Add subdirectories ##,[],CMake,0,85,85
3412,emmanuel-marty/apultra,https://github.com/emmanuel-marty/apultra/blob/046a905d79dfd81c5916aa74b588f1a4da816dbb/src/libdivsufsort/CMakeLists.txt#L93,## Add 'uninstall' target ##,[],CMake,0,93,93
3412,emmanuel-marty/apultra,https://github.com/emmanuel-marty/apultra/blob/046a905d79dfd81c5916aa74b588f1a4da816dbb/src/libdivsufsort/examples/CMakeLists.txt#L1,## Add definitions ##,[],CMake,0,1,1
3412,emmanuel-marty/apultra,https://github.com/emmanuel-marty/apultra/blob/046a905d79dfd81c5916aa74b588f1a4da816dbb/src/libdivsufsort/examples/CMakeLists.txt#L4,## Targets ##,[],CMake,0,4,4
3412,emmanuel-marty/apultra,https://github.com/emmanuel-marty/apultra/blob/046a905d79dfd81c5916aa74b588f1a4da816dbb/src/libdivsufsort/include/CMakeLists.txt#L8,## Checks for header files ##,[],CMake,0,8,8
3412,emmanuel-marty/apultra,https://github.com/emmanuel-marty/apultra/blob/046a905d79dfd81c5916aa74b588f1a4da816dbb/src/libdivsufsort/include/CMakeLists.txt#L25,## create configuration files from .cmake file ##,[],CMake,0,25,25
3412,emmanuel-marty/apultra,https://github.com/emmanuel-marty/apultra/blob/046a905d79dfd81c5916aa74b588f1a4da816dbb/src/libdivsufsort/include/CMakeLists.txt#L27,## Checks for WinIO ##,[],CMake,2,27,27
3412,emmanuel-marty/apultra,https://github.com/emmanuel-marty/apultra/blob/046a905d79dfd81c5916aa74b588f1a4da816dbb/src/libdivsufsort/include/CMakeLists.txt#L40,## Checks for large file support ##,[],CMake,2,40,40
3412,emmanuel-marty/apultra,https://github.com/emmanuel-marty/apultra/blob/046a905d79dfd81c5916aa74b588f1a4da816dbb/src/libdivsufsort/include/CMakeLists.txt#L45,## generate config.h ##,[],CMake,0,45,45
3412,emmanuel-marty/apultra,https://github.com/emmanuel-marty/apultra/blob/046a905d79dfd81c5916aa74b588f1a4da816dbb/src/libdivsufsort/include/CMakeLists.txt#L58,"## Checks for types ##
# sauchar_t (8bit)",[],CMake,0,58,59
3412,emmanuel-marty/apultra,https://github.com/emmanuel-marty/apultra/blob/046a905d79dfd81c5916aa74b588f1a4da816dbb/src/libdivsufsort/include/CMakeLists.txt#L71,# saint_t (32bit),[],CMake,0,71,71
3412,emmanuel-marty/apultra,https://github.com/emmanuel-marty/apultra/blob/046a905d79dfd81c5916aa74b588f1a4da816dbb/src/libdivsufsort/include/CMakeLists.txt#L102,# saint64_t (64bit),[],CMake,0,102,102
3412,emmanuel-marty/apultra,https://github.com/emmanuel-marty/apultra/blob/046a905d79dfd81c5916aa74b588f1a4da816dbb/src/libdivsufsort/include/CMakeLists.txt#L137,## generate divsufsort.h ##,[],CMake,0,137,137
3412,emmanuel-marty/apultra,https://github.com/emmanuel-marty/apultra/blob/046a905d79dfd81c5916aa74b588f1a4da816dbb/src/libdivsufsort/lib/CMakeLists.txt#L6,## libdivsufsort ##,[],CMake,0,6,6
3412,emmanuel-marty/apultra,https://github.com/emmanuel-marty/apultra/blob/046a905d79dfd81c5916aa74b588f1a4da816dbb/src/libdivsufsort/lib/CMakeLists.txt#L18,## libdivsufsort64 ##,[],CMake,0,18,18
3412,emmanuel-marty/apultra,https://github.com/emmanuel-marty/apultra/blob/046a905d79dfd81c5916aa74b588f1a4da816dbb/src/libdivsufsort/pkgconfig/CMakeLists.txt#L1,## generate libdivsufsort.pc ##,[],CMake,0,1,1
3412,emmanuel-marty/apultra,https://github.com/emmanuel-marty/apultra/blob/046a905d79dfd81c5916aa74b588f1a4da816dbb/src/libdivsufsort/VERSION.cmake#L11,## Git revision number ##,[],CMake,0,11,11
3412,emmanuel-marty/apultra,https://github.com/emmanuel-marty/apultra/blob/046a905d79dfd81c5916aa74b588f1a4da816dbb/src/libdivsufsort/CMakeModules/CheckFunctionKeywords.cmake#L12,#      break(),[],CMake,0,12,12
3412,emmanuel-marty/apultra,https://github.com/emmanuel-marty/apultra/blob/046a905d79dfd81c5916aa74b588f1a4da816dbb/src/libdivsufsort/CMakeModules/CheckLFS.cmake#L1,## Checks for large file support ##,[],CMake,0,1,1
3412,emmanuel-marty/apultra,https://github.com/emmanuel-marty/apultra/blob/046a905d79dfd81c5916aa74b588f1a4da816dbb/src/libdivsufsort/CMakeModules/CheckLFS.cmake#L24,"# LFS type1: 8 <= sizeof(off_t), fseeko, ftello",[],CMake,4,24,24
3412,emmanuel-marty/apultra,https://github.com/emmanuel-marty/apultra/blob/046a905d79dfd81c5916aa74b588f1a4da816dbb/src/libdivsufsort/CMakeModules/CheckLFS.cmake#L51,"# LFS type2: 8 <= sizeof(off64_t), fopen64, fseeko64, ftello64",[],CMake,4,51,51
3412,emmanuel-marty/apultra,https://github.com/emmanuel-marty/apultra/blob/046a905d79dfd81c5916aa74b588f1a4da816dbb/src/libdivsufsort/CMakeModules/CheckLFS.cmake#L81,"# LFS type3: 8 <= sizeof(__int64), _fseeki64, _ftelli64",[],CMake,4,81,81
3412,emmanuel-marty/apultra,https://github.com/emmanuel-marty/apultra/blob/046a905d79dfd81c5916aa74b588f1a4da816dbb/src/libdivsufsort/CMakeModules/CheckLFS.cmake#L101,## not found,[],CMake,4,101,101
3412,emmanuel-marty/apultra,https://github.com/emmanuel-marty/apultra/blob/046a905d79dfd81c5916aa74b588f1a4da816dbb/src/libdivsufsort/CMakeModules/ProjectCPack.cmake#L1,"# If the cmake version includes cpack, use it",[],CMake,0,1,1
3412,emmanuel-marty/apultra,https://github.com/emmanuel-marty/apultra/blob/046a905d79dfd81c5916aa74b588f1a4da816dbb/src/libdivsufsort/CMakeModules/ProjectCPack.cmake#L10,"#  SET(CPACK_PACKAGE_INSTALL_DIRECTORY ""${PROJECT_NAME} ${PROJECT_VERSION}"")",[],CMake,0,10,10
3412,emmanuel-marty/apultra,https://github.com/emmanuel-marty/apultra/blob/046a905d79dfd81c5916aa74b588f1a4da816dbb/src/libdivsufsort/CMakeModules/ProjectCPack.cmake#L33,"#    SET(CPACK_PACKAGE_EXECUTABLES ""ccmake"" ""CMake"")",[],CMake,0,33,33
3412,emmanuel-marty/apultra,https://github.com/emmanuel-marty/apultra/blob/046a905d79dfd81c5916aa74b588f1a4da816dbb/src/libdivsufsort/CMakeModules/ProjectCPack.cmake#L36,# include CPack model once all variables are set,[],CMake,2,36,36
3412,emmanuel-marty/apultra,https://github.com/emmanuel-marty/apultra/blob/046a905d79dfd81c5916aa74b588f1a4da816dbb/src/libdivsufsort/include/config.h.cmake#L27,"#ifndef _CONFIG_H
#define _CONFIG_H 1",[],CMake,0,27,28
3412,emmanuel-marty/apultra,https://github.com/emmanuel-marty/apultra/blob/046a905d79dfd81c5916aa74b588f1a4da816dbb/src/libdivsufsort/include/config.h.cmake#L30,#ifdef __cplusplus,[],CMake,0,30,30
3412,emmanuel-marty/apultra,https://github.com/emmanuel-marty/apultra/blob/046a905d79dfd81c5916aa74b588f1a4da816dbb/src/libdivsufsort/include/config.h.cmake#L32,#endif /* __cplusplus */,[],CMake,0,32,32
3412,emmanuel-marty/apultra,https://github.com/emmanuel-marty/apultra/blob/046a905d79dfd81c5916aa74b588f1a4da816dbb/src/libdivsufsort/include/config.h.cmake#L35,"#cmakedefine PROJECT_VERSION_FULL ""${PROJECT_VERSION_FULL}""",[],CMake,0,35,35
3412,emmanuel-marty/apultra,https://github.com/emmanuel-marty/apultra/blob/046a905d79dfd81c5916aa74b588f1a4da816dbb/src/libdivsufsort/include/config.h.cmake#L38,"#cmakedefine HAVE_INTTYPES_H 1
#cmakedefine HAVE_STDDEF_H 1
#cmakedefine HAVE_STDINT_H 1
#cmakedefine HAVE_STDLIB_H 1
#cmakedefine HAVE_STRING_H 1
#cmakedefine HAVE_STRINGS_H 1
#cmakedefine HAVE_MEMORY_H 1
#cmakedefine HAVE_SYS_TYPES_H 1",[],CMake,0,38,45
3412,emmanuel-marty/apultra,https://github.com/emmanuel-marty/apultra/blob/046a905d79dfd81c5916aa74b588f1a4da816dbb/src/libdivsufsort/include/config.h.cmake#L48,"#cmakedefine HAVE_IO_H 1
#cmakedefine HAVE_FCNTL_H 1
#cmakedefine HAVE__SETMODE 1
#cmakedefine HAVE_SETMODE 1
#cmakedefine HAVE__FILENO 1
#cmakedefine HAVE_FOPEN_S 1
#cmakedefine HAVE__O_BINARY 1
#ifndef HAVE__SETMODE
# if HAVE_SETMODE
#  define _setmode setmode
#  define HAVE__SETMODE 1
# endif
# if HAVE__SETMODE && !HAVE__O_BINARY
#  define _O_BINARY 0
#  define HAVE__O_BINARY 1
# endif
#endif",[],CMake,0,48,64
3412,emmanuel-marty/apultra,https://github.com/emmanuel-marty/apultra/blob/046a905d79dfd81c5916aa74b588f1a4da816dbb/src/libdivsufsort/include/config.h.cmake#L67,"#ifndef INLINE
# define INLINE @INLINE@
#endif",[],CMake,0,67,69
3412,emmanuel-marty/apultra,https://github.com/emmanuel-marty/apultra/blob/046a905d79dfd81c5916aa74b588f1a4da816dbb/src/libdivsufsort/include/config.h.cmake#L72,"#ifdef _MSC_VER
#pragma warning(disable: 4127)
#endif",[],CMake,0,72,74
3412,emmanuel-marty/apultra,https://github.com/emmanuel-marty/apultra/blob/046a905d79dfd81c5916aa74b588f1a4da816dbb/src/libdivsufsort/include/config.h.cmake#L77,#ifdef __cplusplus,[],CMake,0,77,77
3412,emmanuel-marty/apultra,https://github.com/emmanuel-marty/apultra/blob/046a905d79dfd81c5916aa74b588f1a4da816dbb/src/libdivsufsort/include/config.h.cmake#L79,#endif /* __cplusplus */,[],CMake,0,79,79
3412,emmanuel-marty/apultra,https://github.com/emmanuel-marty/apultra/blob/046a905d79dfd81c5916aa74b588f1a4da816dbb/src/libdivsufsort/include/config.h.cmake#L81,#endif /* _CONFIG_H */,[],CMake,0,81,81
3412,emmanuel-marty/apultra,https://github.com/emmanuel-marty/apultra/blob/046a905d79dfd81c5916aa74b588f1a4da816dbb/src/libdivsufsort/include/divsufsort.h.cmake#L27,"#ifndef _DIVSUFSORT@W64BIT@_H
#define _DIVSUFSORT@W64BIT@_H 1",[],CMake,0,27,28
3412,emmanuel-marty/apultra,https://github.com/emmanuel-marty/apultra/blob/046a905d79dfd81c5916aa74b588f1a4da816dbb/src/libdivsufsort/include/divsufsort.h.cmake#L30,#ifdef __cplusplus,[],CMake,0,30,30
3412,emmanuel-marty/apultra,https://github.com/emmanuel-marty/apultra/blob/046a905d79dfd81c5916aa74b588f1a4da816dbb/src/libdivsufsort/include/divsufsort.h.cmake#L32,#endif /* __cplusplus */,[],CMake,0,32,32
3412,emmanuel-marty/apultra,https://github.com/emmanuel-marty/apultra/blob/046a905d79dfd81c5916aa74b588f1a4da816dbb/src/libdivsufsort/include/divsufsort.h.cmake#L36,"#ifndef DIVSUFSORT_API
# ifdef DIVSUFSORT_BUILD_DLL
#  define DIVSUFSORT_API @DIVSUFSORT_EXPORT@
# else
#  define DIVSUFSORT_API @DIVSUFSORT_IMPORT@
# endif
#endif",[],CMake,0,36,42
3412,emmanuel-marty/apultra,https://github.com/emmanuel-marty/apultra/blob/046a905d79dfd81c5916aa74b588f1a4da816dbb/src/libdivsufsort/include/divsufsort.h.cmake#L45,"#ifndef SAUCHAR_T
#define SAUCHAR_T",[],CMake,0,45,46
3412,emmanuel-marty/apultra,https://github.com/emmanuel-marty/apultra/blob/046a905d79dfd81c5916aa74b588f1a4da816dbb/src/libdivsufsort/include/divsufsort.h.cmake#L48,"#endif /* SAUCHAR_T */
#ifndef SAINT_T
#define SAINT_T",[],CMake,0,48,50
3412,emmanuel-marty/apultra,https://github.com/emmanuel-marty/apultra/blob/046a905d79dfd81c5916aa74b588f1a4da816dbb/src/libdivsufsort/include/divsufsort.h.cmake#L52,"#endif /* SAINT_T */
#ifndef SAIDX@W64BIT@_T
#define SAIDX@W64BIT@_T",[],CMake,0,52,54
3412,emmanuel-marty/apultra,https://github.com/emmanuel-marty/apultra/blob/046a905d79dfd81c5916aa74b588f1a4da816dbb/src/libdivsufsort/include/divsufsort.h.cmake#L56,"#endif /* SAIDX@W64BIT@_T */
#ifndef PRIdSAINT_T
#define PRIdSAINT_T @SAINT_PRId@
#endif /* PRIdSAINT_T */
#ifndef PRIdSAIDX@W64BIT@_T
#define PRIdSAIDX@W64BIT@_T @SAINDEX_PRId@
#endif /* PRIdSAIDX@W64BIT@_T */",[],CMake,0,56,62
3412,emmanuel-marty/apultra,https://github.com/emmanuel-marty/apultra/blob/046a905d79dfd81c5916aa74b588f1a4da816dbb/src/libdivsufsort/include/divsufsort.h.cmake#L176,#ifdef __cplusplus,[],CMake,0,176,176
3412,emmanuel-marty/apultra,https://github.com/emmanuel-marty/apultra/blob/046a905d79dfd81c5916aa74b588f1a4da816dbb/src/libdivsufsort/include/divsufsort.h.cmake#L178,#endif /* __cplusplus */,[],CMake,0,178,178
3412,emmanuel-marty/apultra,https://github.com/emmanuel-marty/apultra/blob/046a905d79dfd81c5916aa74b588f1a4da816dbb/src/libdivsufsort/include/divsufsort.h.cmake#L180,#endif /* _DIVSUFSORT@W64BIT@_H */,[],CMake,0,180,180
3412,emmanuel-marty/apultra,https://github.com/emmanuel-marty/apultra/blob/046a905d79dfd81c5916aa74b588f1a4da816dbb/src/libdivsufsort/include/lfs.h.cmake#L27,"#ifndef _LFS_H
#define _LFS_H 1",[],CMake,0,27,28
3412,emmanuel-marty/apultra,https://github.com/emmanuel-marty/apultra/blob/046a905d79dfd81c5916aa74b588f1a4da816dbb/src/libdivsufsort/include/lfs.h.cmake#L30,#ifdef __cplusplus,[],CMake,0,30,30
3412,emmanuel-marty/apultra,https://github.com/emmanuel-marty/apultra/blob/046a905d79dfd81c5916aa74b588f1a4da816dbb/src/libdivsufsort/include/lfs.h.cmake#L32,#endif /* __cplusplus */,[],CMake,0,32,32
3412,emmanuel-marty/apultra,https://github.com/emmanuel-marty/apultra/blob/046a905d79dfd81c5916aa74b588f1a4da816dbb/src/libdivsufsort/include/lfs.h.cmake#L34,"#ifndef __STRICT_ANSI__
# define LFS_OFF_T @LFS_OFF_T@
# define LFS_FOPEN @LFS_FOPEN@
# define LFS_FTELL @LFS_FTELL@
# define LFS_FSEEK @LFS_FSEEK@
# define LFS_PRId  @LFS_PRID@
#else
# define LFS_OFF_T long
# define LFS_FOPEN fopen
# define LFS_FTELL ftell
# define LFS_FSEEK fseek
# define LFS_PRId ""ld""
#endif
#ifndef PRIdOFF_T
# define PRIdOFF_T LFS_PRId
#endif",[],CMake,0,34,49
3412,emmanuel-marty/apultra,https://github.com/emmanuel-marty/apultra/blob/046a905d79dfd81c5916aa74b588f1a4da816dbb/src/libdivsufsort/include/lfs.h.cmake#L52,#ifdef __cplusplus,[],CMake,0,52,52
3412,emmanuel-marty/apultra,https://github.com/emmanuel-marty/apultra/blob/046a905d79dfd81c5916aa74b588f1a4da816dbb/src/libdivsufsort/include/lfs.h.cmake#L54,#endif /* __cplusplus */,[],CMake,0,54,54
3412,emmanuel-marty/apultra,https://github.com/emmanuel-marty/apultra/blob/046a905d79dfd81c5916aa74b588f1a4da816dbb/src/libdivsufsort/include/lfs.h.cmake#L56,#endif /* _LFS_H */,[],CMake,0,56,56
