repoIndex,repoName,linkLocation,comment,keywords,buildSysteminFile,charPosition,startLine,endLine
3764,lora-net/loramac-node,https://github.com/lora-net/loramac-node/blob/bc2f3bc59d09f6e1ae7855c3dc45568d2b7a124a/CMakeLists.txt#L1,"##
##   ______                              _
##  / _____)             _              | |
## ( (____  _____ ____ _| |_ _____  ____| |__
##  \____ \| ___ |    (_   _) ___ |/ ___)  _ \
##  _____) ) ____| | | || |_| ____( (___| | | |
## (______/|_____)_|_|_| \__)_____)\____)_| |_|
## (C)2013-2017 Semtech
##  ___ _____ _   ___ _  _____ ___  ___  ___ ___
## / __|_   _/_\ / __| |/ / __/ _ \| _ \/ __| __|
## \__ \ | |/ _ \ (__| ' <| _| (_) |   / (__| _|
## |___/ |_/_/ \_\___|_|\_\_| \___/|_|_\\___|___|
## embedded.connectivity.solutions.==============
##
## License:  Revised BSD License, see LICENSE.TXT file included in the project
## Authors:  Johannes Bruder (STACKFORCE), Miguel Luis (Semtech)
##",[],CMake,0,1,17
3764,lora-net/loramac-node,https://github.com/lora-net/loramac-node/blob/bc2f3bc59d09f6e1ae7855c3dc45568d2b7a124a/src/CMakeLists.txt#L1,"##
##   ______                              _
##  / _____)             _              | |
## ( (____  _____ ____ _| |_ _____  ____| |__
##  \____ \| ___ |    (_   _) ___ |/ ___)  _ \
##  _____) ) ____| | | || |_| ____( (___| | | |
## (______/|_____)_|_|_| \__)_____)\____)_| |_|
## (C)2013-2017 Semtech
##  ___ _____ _   ___ _  _____ ___  ___  ___ ___
## / __|_   _/_\ / __| |/ / __/ _ \| _ \/ __| __|
## \__ \ | |/ _ \ (__| ' <| _| (_) |   / (__| _|
## |___/ |_/_/ \_\___|_|\_\_| \___/|_|_\\___|___|
## embedded.connectivity.solutions.==============
##
## License:  Revised BSD License, see LICENSE.TXT file included in the project
## Authors:  Johannes Bruder (STACKFORCE), Miguel Luis (Semtech)
##",[],CMake,0,1,17
3764,lora-net/loramac-node,https://github.com/lora-net/loramac-node/blob/bc2f3bc59d09f6e1ae7855c3dc45568d2b7a124a/src/CMakeLists.txt#L21,"#---------------------------------------------------------------------------------------
# Options
#---------------------------------------------------------------------------------------",[],CMake,0,21,23
3764,lora-net/loramac-node,https://github.com/lora-net/loramac-node/blob/bc2f3bc59d09f6e1ae7855c3dc45568d2b7a124a/src/CMakeLists.txt#L25,# Allow switching of target platform,[],CMake,0,25,25
3764,lora-net/loramac-node,https://github.com/lora-net/loramac-node/blob/bc2f3bc59d09f6e1ae7855c3dc45568d2b7a124a/src/CMakeLists.txt#L30,# Allow switching of MBED shields,[],CMake,0,30,30
3764,lora-net/loramac-node,https://github.com/lora-net/loramac-node/blob/bc2f3bc59d09f6e1ae7855c3dc45568d2b7a124a/src/CMakeLists.txt#L35,# Allow switching of secure-elements,[],CMake,0,35,35
3764,lora-net/loramac-node,https://github.com/lora-net/loramac-node/blob/bc2f3bc59d09f6e1ae7855c3dc45568d2b7a124a/src/CMakeLists.txt#L40,# Allow switching of Applications,[],CMake,0,40,40
3764,lora-net/loramac-node,https://github.com/lora-net/loramac-node/blob/bc2f3bc59d09f6e1ae7855c3dc45568d2b7a124a/src/CMakeLists.txt#L45,"# Switch for USB-Uart support, enable it for some Applications who needs it.",[],CMake,0,45,45
3764,lora-net/loramac-node,https://github.com/lora-net/loramac-node/blob/bc2f3bc59d09f6e1ae7855c3dc45568d2b7a124a/src/CMakeLists.txt#L48,# Switch for debugger support.,[],CMake,0,48,48
3764,lora-net/loramac-node,https://github.com/lora-net/loramac-node/blob/bc2f3bc59d09f6e1ae7855c3dc45568d2b7a124a/src/CMakeLists.txt#L51,# Switch for Class B support of LoRaMac.,[],CMake,0,51,51
3764,lora-net/loramac-node,https://github.com/lora-net/loramac-node/blob/bc2f3bc59d09f6e1ae7855c3dc45568d2b7a124a/src/CMakeLists.txt#L54,"#---------------------------------------------------------------------------------------
# Target Boards
#---------------------------------------------------------------------------------------",[],CMake,0,54,56
3764,lora-net/loramac-node,https://github.com/lora-net/loramac-node/blob/bc2f3bc59d09f6e1ae7855c3dc45568d2b7a124a/src/CMakeLists.txt#L59,# Configure toolchain for NAMote72,[],CMake,4,59,59
3764,lora-net/loramac-node,https://github.com/lora-net/loramac-node/blob/bc2f3bc59d09f6e1ae7855c3dc45568d2b7a124a/src/CMakeLists.txt#L63,# Build platform specific board implementation,[],CMake,4,63,63
3764,lora-net/loramac-node,https://github.com/lora-net/loramac-node/blob/bc2f3bc59d09f6e1ae7855c3dc45568d2b7a124a/src/CMakeLists.txt#L66,# Configure radio,[],CMake,4,66,66
3764,lora-net/loramac-node,https://github.com/lora-net/loramac-node/blob/bc2f3bc59d09f6e1ae7855c3dc45568d2b7a124a/src/CMakeLists.txt#L70,# Configure toolchain for NucleoL073,[],CMake,4,70,70
3764,lora-net/loramac-node,https://github.com/lora-net/loramac-node/blob/bc2f3bc59d09f6e1ae7855c3dc45568d2b7a124a/src/CMakeLists.txt#L74,# Build platform specific board implementation,[],CMake,4,74,74
3764,lora-net/loramac-node,https://github.com/lora-net/loramac-node/blob/bc2f3bc59d09f6e1ae7855c3dc45568d2b7a124a/src/CMakeLists.txt#L77,# Configure radio,[],CMake,4,77,77
3764,lora-net/loramac-node,https://github.com/lora-net/loramac-node/blob/bc2f3bc59d09f6e1ae7855c3dc45568d2b7a124a/src/CMakeLists.txt#L91,# Configure toolchain for NucleoL152,[],CMake,4,91,91
3764,lora-net/loramac-node,https://github.com/lora-net/loramac-node/blob/bc2f3bc59d09f6e1ae7855c3dc45568d2b7a124a/src/CMakeLists.txt#L95,# Build platform specific board implementation,[],CMake,4,95,95
3764,lora-net/loramac-node,https://github.com/lora-net/loramac-node/blob/bc2f3bc59d09f6e1ae7855c3dc45568d2b7a124a/src/CMakeLists.txt#L98,# Configure radio,[],CMake,4,98,98
3764,lora-net/loramac-node,https://github.com/lora-net/loramac-node/blob/bc2f3bc59d09f6e1ae7855c3dc45568d2b7a124a/src/CMakeLists.txt#L112,# Configure toolchain for NucleoL476,[],CMake,4,112,112
3764,lora-net/loramac-node,https://github.com/lora-net/loramac-node/blob/bc2f3bc59d09f6e1ae7855c3dc45568d2b7a124a/src/CMakeLists.txt#L116,# Build platform specific board implementation,[],CMake,4,116,116
3764,lora-net/loramac-node,https://github.com/lora-net/loramac-node/blob/bc2f3bc59d09f6e1ae7855c3dc45568d2b7a124a/src/CMakeLists.txt#L119,# Configure radio,[],CMake,4,119,119
3764,lora-net/loramac-node,https://github.com/lora-net/loramac-node/blob/bc2f3bc59d09f6e1ae7855c3dc45568d2b7a124a/src/CMakeLists.txt#L133,# Configure toolchain for SAMR34,[],CMake,4,133,133
3764,lora-net/loramac-node,https://github.com/lora-net/loramac-node/blob/bc2f3bc59d09f6e1ae7855c3dc45568d2b7a124a/src/CMakeLists.txt#L137,# Build platform specific board implementation,[],CMake,4,137,137
3764,lora-net/loramac-node,https://github.com/lora-net/loramac-node/blob/bc2f3bc59d09f6e1ae7855c3dc45568d2b7a124a/src/CMakeLists.txt#L140,# Configure radio,[],CMake,4,140,140
3764,lora-net/loramac-node,https://github.com/lora-net/loramac-node/blob/bc2f3bc59d09f6e1ae7855c3dc45568d2b7a124a/src/CMakeLists.txt#L144,# Configure toolchain for SKiM881AXL,[],CMake,4,144,144
3764,lora-net/loramac-node,https://github.com/lora-net/loramac-node/blob/bc2f3bc59d09f6e1ae7855c3dc45568d2b7a124a/src/CMakeLists.txt#L148,# Build platform specific board implementation,[],CMake,4,148,148
3764,lora-net/loramac-node,https://github.com/lora-net/loramac-node/blob/bc2f3bc59d09f6e1ae7855c3dc45568d2b7a124a/src/CMakeLists.txt#L151,# Configure radio,[],CMake,4,151,151
3764,lora-net/loramac-node,https://github.com/lora-net/loramac-node/blob/bc2f3bc59d09f6e1ae7855c3dc45568d2b7a124a/src/CMakeLists.txt#L155,# Configure toolchain for SKiM881AXL,[],CMake,4,155,155
3764,lora-net/loramac-node,https://github.com/lora-net/loramac-node/blob/bc2f3bc59d09f6e1ae7855c3dc45568d2b7a124a/src/CMakeLists.txt#L159,# Build platform specific board implementation,[],CMake,4,159,159
3764,lora-net/loramac-node,https://github.com/lora-net/loramac-node/blob/bc2f3bc59d09f6e1ae7855c3dc45568d2b7a124a/src/CMakeLists.txt#L162,# Configure radio,[],CMake,4,162,162
3764,lora-net/loramac-node,https://github.com/lora-net/loramac-node/blob/bc2f3bc59d09f6e1ae7855c3dc45568d2b7a124a/src/CMakeLists.txt#L166,# Configure toolchain for SKiM881AXL,[],CMake,4,166,166
3764,lora-net/loramac-node,https://github.com/lora-net/loramac-node/blob/bc2f3bc59d09f6e1ae7855c3dc45568d2b7a124a/src/CMakeLists.txt#L170,# Build platform specific board implementation,[],CMake,4,170,170
3764,lora-net/loramac-node,https://github.com/lora-net/loramac-node/blob/bc2f3bc59d09f6e1ae7855c3dc45568d2b7a124a/src/CMakeLists.txt#L173,# Configure radio,[],CMake,4,173,173
3764,lora-net/loramac-node,https://github.com/lora-net/loramac-node/blob/bc2f3bc59d09f6e1ae7855c3dc45568d2b7a124a/src/CMakeLists.txt#L177,# Configure toolchain for B-L072Z-LRWAN1,[],CMake,4,177,177
3764,lora-net/loramac-node,https://github.com/lora-net/loramac-node/blob/bc2f3bc59d09f6e1ae7855c3dc45568d2b7a124a/src/CMakeLists.txt#L181,# Build platform specific board implementation,[],CMake,4,181,181
3764,lora-net/loramac-node,https://github.com/lora-net/loramac-node/blob/bc2f3bc59d09f6e1ae7855c3dc45568d2b7a124a/src/CMakeLists.txt#L184,# Configure radio,[],CMake,4,184,184
3764,lora-net/loramac-node,https://github.com/lora-net/loramac-node/blob/bc2f3bc59d09f6e1ae7855c3dc45568d2b7a124a/src/CMakeLists.txt#L188,"#---------------------------------------------------------------------------------------
# General Components
#---------------------------------------------------------------------------------------",[],CMake,0,188,190
3764,lora-net/loramac-node,https://github.com/lora-net/loramac-node/blob/bc2f3bc59d09f6e1ae7855c3dc45568d2b7a124a/src/CMakeLists.txt#L202,"#---------------------------------------------------------------------------------------
# Applications
#---------------------------------------------------------------------------------------",[],CMake,0,202,204
3764,lora-net/loramac-node,https://github.com/lora-net/loramac-node/blob/bc2f3bc59d09f6e1ae7855c3dc45568d2b7a124a/src/apps/LoRaMac/CMakeLists.txt#L1,"##
##   ______                              _
##  / _____)             _              | |
## ( (____  _____ ____ _| |_ _____  ____| |__
##  \____ \| ___ |    (_   _) ___ |/ ___)  _ \
##  _____) ) ____| | | || |_| ____( (___| | | |
## (______/|_____)_|_|_| \__)_____)\____)_| |_|
## (C)2013-2017 Semtech
##  ___ _____ _   ___ _  _____ ___  ___  ___ ___
## / __|_   _/_\ / __| |/ / __/ _ \| _ \/ __| __|
## \__ \ | |/ _ \ (__| ' <| _| (_) |   / (__| _|
## |___/ |_/_/ \_\___|_|\_\_| \___/|_|_\\___|___|
## embedded.connectivity.solutions.==============
##
## License:  Revised BSD License, see LICENSE.TXT file included in the project
## Authors:  Johannes Bruder (STACKFORCE), Miguel Luis (Semtech)
##",[],CMake,0,1,17
3764,lora-net/loramac-node,https://github.com/lora-net/loramac-node/blob/bc2f3bc59d09f6e1ae7855c3dc45568d2b7a124a/src/apps/LoRaMac/CMakeLists.txt#L21,"#---------------------------------------------------------------------------------------
# Options
#---------------------------------------------------------------------------------------",[],CMake,0,21,23
3764,lora-net/loramac-node,https://github.com/lora-net/loramac-node/blob/bc2f3bc59d09f6e1ae7855c3dc45568d2b7a124a/src/apps/LoRaMac/CMakeLists.txt#L25,# Allow switching of sub projects,[],CMake,0,25,25
3764,lora-net/loramac-node,https://github.com/lora-net/loramac-node/blob/bc2f3bc59d09f6e1ae7855c3dc45568d2b7a124a/src/apps/LoRaMac/CMakeLists.txt#L30,# Allow LORAWAN_DEFAULT_CLASS overriding for periodic-uplink-lpp project,[],CMake,0,30,30
3764,lora-net/loramac-node,https://github.com/lora-net/loramac-node/blob/bc2f3bc59d09f6e1ae7855c3dc45568d2b7a124a/src/apps/LoRaMac/CMakeLists.txt#L37,# Allow switching of active region,[],CMake,0,37,37
3764,lora-net/loramac-node,https://github.com/lora-net/loramac-node/blob/bc2f3bc59d09f6e1ae7855c3dc45568d2b7a124a/src/apps/LoRaMac/CMakeLists.txt#L49,# Allow selection of secure-element provisioning method,[],CMake,0,49,49
3764,lora-net/loramac-node,https://github.com/lora-net/loramac-node/blob/bc2f3bc59d09f6e1ae7855c3dc45568d2b7a124a/src/apps/LoRaMac/CMakeLists.txt#L54,"#---------------------------------------------------------------------------------------
# Application common features handling
#---------------------------------------------------------------------------------------",[],CMake,4,54,56
3764,lora-net/loramac-node,https://github.com/lora-net/loramac-node/blob/bc2f3bc59d09f6e1ae7855c3dc45568d2b7a124a/src/apps/LoRaMac/CMakeLists.txt#L64,"#---------------------------------------------------------------------------------------
# Application LoRaMac handler
#---------------------------------------------------------------------------------------",[],CMake,4,64,66
3764,lora-net/loramac-node,https://github.com/lora-net/loramac-node/blob/bc2f3bc59d09f6e1ae7855c3dc45568d2b7a124a/src/apps/LoRaMac/CMakeLists.txt#L71,"#---------------------------------------------------------------------------------------
# LoRaMac handler applicative packages
#---------------------------------------------------------------------------------------",[],CMake,4,71,73
3764,lora-net/loramac-node,https://github.com/lora-net/loramac-node/blob/bc2f3bc59d09f6e1ae7855c3dc45568d2b7a124a/src/apps/LoRaMac/CMakeLists.txt#L84,"#---------------------------------------------------------------------------------------
# Application common features handling
#---------------------------------------------------------------------------------------",[],CMake,4,84,86
3764,lora-net/loramac-node,https://github.com/lora-net/loramac-node/blob/bc2f3bc59d09f6e1ae7855c3dc45568d2b7a124a/src/apps/LoRaMac/CMakeLists.txt#L93,"#---------------------------------------------------------------------------------------
# Application LoRaMac handler
#---------------------------------------------------------------------------------------",[],CMake,4,93,95
3764,lora-net/loramac-node,https://github.com/lora-net/loramac-node/blob/bc2f3bc59d09f6e1ae7855c3dc45568d2b7a124a/src/apps/LoRaMac/CMakeLists.txt#L100,"#---------------------------------------------------------------------------------------
# LoRaMac handler applicative packages
#---------------------------------------------------------------------------------------",[],CMake,4,100,102
3764,lora-net/loramac-node,https://github.com/lora-net/loramac-node/blob/bc2f3bc59d09f6e1ae7855c3dc45568d2b7a124a/src/apps/LoRaMac/CMakeLists.txt#L115,"#---------------------------------------------------------------------------------------
# Application
#---------------------------------------------------------------------------------------",[],CMake,0,115,117
3764,lora-net/loramac-node,https://github.com/lora-net/loramac-node/blob/bc2f3bc59d09f6e1ae7855c3dc45568d2b7a124a/src/apps/LoRaMac/CMakeLists.txt#L163,"#---------------------------------------------------------------------------------------
# Debugging and Binutils
#---------------------------------------------------------------------------------------",[],CMake,0,163,165
3764,lora-net/loramac-node,https://github.com/lora-net/loramac-node/blob/bc2f3bc59d09f6e1ae7855c3dc45568d2b7a124a/src/apps/LoRaMac/CMakeLists.txt#L170,# Generate debugger configurations,[],CMake,0,170,170
3764,lora-net/loramac-node,https://github.com/lora-net/loramac-node/blob/bc2f3bc59d09f6e1ae7855c3dc45568d2b7a124a/src/apps/LoRaMac/CMakeLists.txt#L175,# Print section sizes of target,[],CMake,0,175,175
3764,lora-net/loramac-node,https://github.com/lora-net/loramac-node/blob/bc2f3bc59d09f6e1ae7855c3dc45568d2b7a124a/src/apps/LoRaMac/CMakeLists.txt#L178,# Create output in hex and binary format,[],CMake,0,178,178
3764,lora-net/loramac-node,https://github.com/lora-net/loramac-node/blob/bc2f3bc59d09f6e1ae7855c3dc45568d2b7a124a/src/apps/ping-pong/CMakeLists.txt#L1,"##
##   ______                              _
##  / _____)             _              | |
## ( (____  _____ ____ _| |_ _____  ____| |__
##  \____ \| ___ |    (_   _) ___ |/ ___)  _ \
##  _____) ) ____| | | || |_| ____( (___| | | |
## (______/|_____)_|_|_| \__)_____)\____)_| |_|
## (C)2013-2017 Semtech
##  ___ _____ _   ___ _  _____ ___  ___  ___ ___
## / __|_   _/_\ / __| |/ / __/ _ \| _ \/ __| __|
## \__ \ | |/ _ \ (__| ' <| _| (_) |   / (__| _|
## |___/ |_/_/ \_\___|_|\_\_| \___/|_|_\\___|___|
## embedded.connectivity.solutions.==============
##
## License:  Revised BSD License, see LICENSE.TXT file included in the project
## Authors:  Johannes Bruder (STACKFORCE), Miguel Luis (Semtech)
##",[],CMake,0,1,17
3764,lora-net/loramac-node,https://github.com/lora-net/loramac-node/blob/bc2f3bc59d09f6e1ae7855c3dc45568d2b7a124a/src/apps/ping-pong/CMakeLists.txt#L21,"#---------------------------------------------------------------------------------------
# Options
#---------------------------------------------------------------------------------------",[],CMake,0,21,23
3764,lora-net/loramac-node,https://github.com/lora-net/loramac-node/blob/bc2f3bc59d09f6e1ae7855c3dc45568d2b7a124a/src/apps/ping-pong/CMakeLists.txt#L25,# Allow selection of region,[],CMake,0,25,25
3764,lora-net/loramac-node,https://github.com/lora-net/loramac-node/blob/bc2f3bc59d09f6e1ae7855c3dc45568d2b7a124a/src/apps/ping-pong/CMakeLists.txt#L38,# Allow switching of modulation,[],CMake,0,38,38
3764,lora-net/loramac-node,https://github.com/lora-net/loramac-node/blob/bc2f3bc59d09f6e1ae7855c3dc45568d2b7a124a/src/apps/ping-pong/CMakeLists.txt#L43,"#---------------------------------------------------------------------------------------
# Target
#---------------------------------------------------------------------------------------",[],CMake,0,43,45
3764,lora-net/loramac-node,https://github.com/lora-net/loramac-node/blob/bc2f3bc59d09f6e1ae7855c3dc45568d2b7a124a/src/apps/ping-pong/CMakeLists.txt#L57,# Loops through all regions and add compile time definitions for the enabled ones.,[],CMake,0,57,57
3764,lora-net/loramac-node,https://github.com/lora-net/loramac-node/blob/bc2f3bc59d09f6e1ae7855c3dc45568d2b7a124a/src/apps/ping-pong/CMakeLists.txt#L70,# Add compile time definition for the mbed shield if set.,[],CMake,0,70,70
3764,lora-net/loramac-node,https://github.com/lora-net/loramac-node/blob/bc2f3bc59d09f6e1ae7855c3dc45568d2b7a124a/src/apps/ping-pong/CMakeLists.txt#L88,"#---------------------------------------------------------------------------------------
# Debugging and Binutils
#---------------------------------------------------------------------------------------",[],CMake,0,88,90
3764,lora-net/loramac-node,https://github.com/lora-net/loramac-node/blob/bc2f3bc59d09f6e1ae7855c3dc45568d2b7a124a/src/apps/ping-pong/CMakeLists.txt#L95,# Generate debugger configurations,[],CMake,0,95,95
3764,lora-net/loramac-node,https://github.com/lora-net/loramac-node/blob/bc2f3bc59d09f6e1ae7855c3dc45568d2b7a124a/src/apps/ping-pong/CMakeLists.txt#L100,# Print section sizes of target,[],CMake,0,100,100
3764,lora-net/loramac-node,https://github.com/lora-net/loramac-node/blob/bc2f3bc59d09f6e1ae7855c3dc45568d2b7a124a/src/apps/ping-pong/CMakeLists.txt#L103,# Create output in hex and binary format,[],CMake,0,103,103
3764,lora-net/loramac-node,https://github.com/lora-net/loramac-node/blob/bc2f3bc59d09f6e1ae7855c3dc45568d2b7a124a/src/apps/rx-sensi/CMakeLists.txt#L1,"##
##   ______                              _
##  / _____)             _              | |
## ( (____  _____ ____ _| |_ _____  ____| |__
##  \____ \| ___ |    (_   _) ___ |/ ___)  _ \
##  _____) ) ____| | | || |_| ____( (___| | | |
## (______/|_____)_|_|_| \__)_____)\____)_| |_|
## (C)2013-2017 Semtech
##  ___ _____ _   ___ _  _____ ___  ___  ___ ___
## / __|_   _/_\ / __| |/ / __/ _ \| _ \/ __| __|
## \__ \ | |/ _ \ (__| ' <| _| (_) |   / (__| _|
## |___/ |_/_/ \_\___|_|\_\_| \___/|_|_\\___|___|
## embedded.connectivity.solutions.==============
##
## License:  Revised BSD License, see LICENSE.TXT file included in the project
## Authors:  Johannes Bruder (STACKFORCE), Miguel Luis (Semtech)
##",[],CMake,0,1,17
3764,lora-net/loramac-node,https://github.com/lora-net/loramac-node/blob/bc2f3bc59d09f6e1ae7855c3dc45568d2b7a124a/src/apps/rx-sensi/CMakeLists.txt#L21,"#---------------------------------------------------------------------------------------
# Options
#---------------------------------------------------------------------------------------",[],CMake,0,21,23
3764,lora-net/loramac-node,https://github.com/lora-net/loramac-node/blob/bc2f3bc59d09f6e1ae7855c3dc45568d2b7a124a/src/apps/rx-sensi/CMakeLists.txt#L25,# Allow selection of region,[],CMake,0,25,25
3764,lora-net/loramac-node,https://github.com/lora-net/loramac-node/blob/bc2f3bc59d09f6e1ae7855c3dc45568d2b7a124a/src/apps/rx-sensi/CMakeLists.txt#L38,# Allow switching of modulation,[],CMake,0,38,38
3764,lora-net/loramac-node,https://github.com/lora-net/loramac-node/blob/bc2f3bc59d09f6e1ae7855c3dc45568d2b7a124a/src/apps/rx-sensi/CMakeLists.txt#L43,"#---------------------------------------------------------------------------------------
# Target
#---------------------------------------------------------------------------------------",[],CMake,0,43,45
3764,lora-net/loramac-node,https://github.com/lora-net/loramac-node/blob/bc2f3bc59d09f6e1ae7855c3dc45568d2b7a124a/src/apps/rx-sensi/CMakeLists.txt#L57,# Loops through all regions and add compile time definitions for the enabled ones.,[],CMake,0,57,57
3764,lora-net/loramac-node,https://github.com/lora-net/loramac-node/blob/bc2f3bc59d09f6e1ae7855c3dc45568d2b7a124a/src/apps/rx-sensi/CMakeLists.txt#L70,# Add compile time definition for the mbed shield if set.,[],CMake,0,70,70
3764,lora-net/loramac-node,https://github.com/lora-net/loramac-node/blob/bc2f3bc59d09f6e1ae7855c3dc45568d2b7a124a/src/apps/rx-sensi/CMakeLists.txt#L88,"#---------------------------------------------------------------------------------------
# Debugging and Binutils
#---------------------------------------------------------------------------------------",[],CMake,0,88,90
3764,lora-net/loramac-node,https://github.com/lora-net/loramac-node/blob/bc2f3bc59d09f6e1ae7855c3dc45568d2b7a124a/src/apps/rx-sensi/CMakeLists.txt#L95,# Generate debugger configurations,[],CMake,0,95,95
3764,lora-net/loramac-node,https://github.com/lora-net/loramac-node/blob/bc2f3bc59d09f6e1ae7855c3dc45568d2b7a124a/src/apps/rx-sensi/CMakeLists.txt#L100,# Print section sizes of target,[],CMake,0,100,100
3764,lora-net/loramac-node,https://github.com/lora-net/loramac-node/blob/bc2f3bc59d09f6e1ae7855c3dc45568d2b7a124a/src/apps/rx-sensi/CMakeLists.txt#L103,# Create output in hex and binary format,[],CMake,0,103,103
3764,lora-net/loramac-node,https://github.com/lora-net/loramac-node/blob/bc2f3bc59d09f6e1ae7855c3dc45568d2b7a124a/src/apps/tx-cw/CMakeLists.txt#L1,"##
##   ______                              _
##  / _____)             _              | |
## ( (____  _____ ____ _| |_ _____  ____| |__
##  \____ \| ___ |    (_   _) ___ |/ ___)  _ \
##  _____) ) ____| | | || |_| ____( (___| | | |
## (______/|_____)_|_|_| \__)_____)\____)_| |_|
## (C)2013-2017 Semtech
##  ___ _____ _   ___ _  _____ ___  ___  ___ ___
## / __|_   _/_\ / __| |/ / __/ _ \| _ \/ __| __|
## \__ \ | |/ _ \ (__| ' <| _| (_) |   / (__| _|
## |___/ |_/_/ \_\___|_|\_\_| \___/|_|_\\___|___|
## embedded.connectivity.solutions.==============
##
## License:  Revised BSD License, see LICENSE.TXT file included in the project
## Authors:  Johannes Bruder (STACKFORCE), Miguel Luis (Semtech)
##",[],CMake,0,1,17
3764,lora-net/loramac-node,https://github.com/lora-net/loramac-node/blob/bc2f3bc59d09f6e1ae7855c3dc45568d2b7a124a/src/apps/tx-cw/CMakeLists.txt#L21,"#---------------------------------------------------------------------------------------
# Options
#---------------------------------------------------------------------------------------",[],CMake,0,21,23
3764,lora-net/loramac-node,https://github.com/lora-net/loramac-node/blob/bc2f3bc59d09f6e1ae7855c3dc45568d2b7a124a/src/apps/tx-cw/CMakeLists.txt#L25,# Allow selection of region,[],CMake,0,25,25
3764,lora-net/loramac-node,https://github.com/lora-net/loramac-node/blob/bc2f3bc59d09f6e1ae7855c3dc45568d2b7a124a/src/apps/tx-cw/CMakeLists.txt#L38,"#---------------------------------------------------------------------------------------
# Target
#---------------------------------------------------------------------------------------",[],CMake,0,38,40
3764,lora-net/loramac-node,https://github.com/lora-net/loramac-node/blob/bc2f3bc59d09f6e1ae7855c3dc45568d2b7a124a/src/apps/tx-cw/CMakeLists.txt#L52,# Loops through all regions and add compile time definitions for the enabled ones.,[],CMake,0,52,52
3764,lora-net/loramac-node,https://github.com/lora-net/loramac-node/blob/bc2f3bc59d09f6e1ae7855c3dc45568d2b7a124a/src/apps/tx-cw/CMakeLists.txt#L74,"#---------------------------------------------------------------------------------------
# Debugging and Binutils
#---------------------------------------------------------------------------------------",[],CMake,0,74,76
3764,lora-net/loramac-node,https://github.com/lora-net/loramac-node/blob/bc2f3bc59d09f6e1ae7855c3dc45568d2b7a124a/src/apps/tx-cw/CMakeLists.txt#L81,# Generate debugger configurations,[],CMake,0,81,81
3764,lora-net/loramac-node,https://github.com/lora-net/loramac-node/blob/bc2f3bc59d09f6e1ae7855c3dc45568d2b7a124a/src/apps/tx-cw/CMakeLists.txt#L86,# Print section sizes of target,[],CMake,0,86,86
3764,lora-net/loramac-node,https://github.com/lora-net/loramac-node/blob/bc2f3bc59d09f6e1ae7855c3dc45568d2b7a124a/src/apps/tx-cw/CMakeLists.txt#L89,# Create output in hex and binary format,[],CMake,0,89,89
3764,lora-net/loramac-node,https://github.com/lora-net/loramac-node/blob/bc2f3bc59d09f6e1ae7855c3dc45568d2b7a124a/src/boards/CMakeLists.txt#L1,"##
##   ______                              _
##  / _____)             _              | |
## ( (____  _____ ____ _| |_ _____  ____| |__
##  \____ \| ___ |    (_   _) ___ |/ ___)  _ \
##  _____) ) ____| | | || |_| ____( (___| | | |
## (______/|_____)_|_|_| \__)_____)\____)_| |_|
## (C)2013-2017 Semtech
##  ___ _____ _   ___ _  _____ ___  ___  ___ ___
## / __|_   _/_\ / __| |/ / __/ _ \| _ \/ __| __|
## \__ \ | |/ _ \ (__| ' <| _| (_) |   / (__| _|
## |___/ |_/_/ \_\___|_|\_\_| \___/|_|_\\___|___|
## embedded.connectivity.solutions.==============
##
## License:  Revised BSD License, see LICENSE.TXT file included in the project
## Authors:  Johannes Bruder (STACKFORCE), Miguel Luis (Semtech)
##",[],CMake,0,1,17
3764,lora-net/loramac-node,https://github.com/lora-net/loramac-node/blob/bc2f3bc59d09f6e1ae7855c3dc45568d2b7a124a/src/boards/CMakeLists.txt#L22,"#---------------------------------------------------------------------------------------
# Target
#---------------------------------------------------------------------------------------",[],CMake,0,22,24
3764,lora-net/loramac-node,https://github.com/lora-net/loramac-node/blob/bc2f3bc59d09f6e1ae7855c3dc45568d2b7a124a/src/boards/B-L072Z-LRWAN1/CMakeLists.txt#L1,"##
##   ______                              _
##  / _____)             _              | |
## ( (____  _____ ____ _| |_ _____  ____| |__
##  \____ \| ___ |    (_   _) ___ |/ ___)  _ \
##  _____) ) ____| | | || |_| ____( (___| | | |
## (______/|_____)_|_|_| \__)_____)\____)_| |_|
## (C)2013-2017 Semtech
##  ___ _____ _   ___ _  _____ ___  ___  ___ ___
## / __|_   _/_\ / __| |/ / __/ _ \| _ \/ __| __|
## \__ \ | |/ _ \ (__| ' <| _| (_) |   / (__| _|
## |___/ |_/_/ \_\___|_|\_\_| \___/|_|_\\___|___|
## embedded.connectivity.solutions.==============
##
## License:  Revised BSD License, see LICENSE.TXT file included in the project
## Authors:  Johannes Bruder (STACKFORCE), Miguel Luis (Semtech)
##",[],CMake,0,1,17
3764,lora-net/loramac-node,https://github.com/lora-net/loramac-node/blob/bc2f3bc59d09f6e1ae7855c3dc45568d2b7a124a/src/boards/B-L072Z-LRWAN1/CMakeLists.txt#L22,"#---------------------------------------------------------------------------------------
# Target
#---------------------------------------------------------------------------------------",[],CMake,0,22,24
3764,lora-net/loramac-node,https://github.com/lora-net/loramac-node/blob/bc2f3bc59d09f6e1ae7855c3dc45568d2b7a124a/src/boards/B-L072Z-LRWAN1/CMakeLists.txt#L67,# Add define if debbuger support is enabled,[],CMake,0,67,67
3764,lora-net/loramac-node,https://github.com/lora-net/loramac-node/blob/bc2f3bc59d09f6e1ae7855c3dc45568d2b7a124a/src/boards/B-L072Z-LRWAN1/CMakeLists.txt#L70,# Add define if radio debug pins support is enabled,[],CMake,0,70,70
3764,lora-net/loramac-node,https://github.com/lora-net/loramac-node/blob/bc2f3bc59d09f6e1ae7855c3dc45568d2b7a124a/src/boards/NAMote72/CMakeLists.txt#L1,"##
##   ______                              _
##  / _____)             _              | |
## ( (____  _____ ____ _| |_ _____  ____| |__
##  \____ \| ___ |    (_   _) ___ |/ ___)  _ \
##  _____) ) ____| | | || |_| ____( (___| | | |
## (______/|_____)_|_|_| \__)_____)\____)_| |_|
## (C)2013-2017 Semtech
##  ___ _____ _   ___ _  _____ ___  ___  ___ ___
## / __|_   _/_\ / __| |/ / __/ _ \| _ \/ __| __|
## \__ \ | |/ _ \ (__| ' <| _| (_) |   / (__| _|
## |___/ |_/_/ \_\___|_|\_\_| \___/|_|_\\___|___|
## embedded.connectivity.solutions.==============
##
## License:  Revised BSD License, see LICENSE.TXT file included in the project
## Authors:  Johannes Bruder (STACKFORCE), Miguel Luis (Semtech)
##",[],CMake,0,1,17
3764,lora-net/loramac-node,https://github.com/lora-net/loramac-node/blob/bc2f3bc59d09f6e1ae7855c3dc45568d2b7a124a/src/boards/NAMote72/CMakeLists.txt#L22,"#---------------------------------------------------------------------------------------
# Target
#---------------------------------------------------------------------------------------",[],CMake,0,22,24
3764,lora-net/loramac-node,https://github.com/lora-net/loramac-node/blob/bc2f3bc59d09f6e1ae7855c3dc45568d2b7a124a/src/boards/NAMote72/CMakeLists.txt#L67,# Add define if debbuger support is enabled,[],CMake,0,67,67
3764,lora-net/loramac-node,https://github.com/lora-net/loramac-node/blob/bc2f3bc59d09f6e1ae7855c3dc45568d2b7a124a/src/boards/NAMote72/CMakeLists.txt#L70,# Add define if radio debug pins support is enabled,[],CMake,0,70,70
3764,lora-net/loramac-node,https://github.com/lora-net/loramac-node/blob/bc2f3bc59d09f6e1ae7855c3dc45568d2b7a124a/src/boards/NucleoL073/CMakeLists.txt#L1,"##
##   ______                              _
##  / _____)             _              | |
## ( (____  _____ ____ _| |_ _____  ____| |__
##  \____ \| ___ |    (_   _) ___ |/ ___)  _ \
##  _____) ) ____| | | || |_| ____( (___| | | |
## (______/|_____)_|_|_| \__)_____)\____)_| |_|
## (C)2013-2017 Semtech
##  ___ _____ _   ___ _  _____ ___  ___  ___ ___
## / __|_   _/_\ / __| |/ / __/ _ \| _ \/ __| __|
## \__ \ | |/ _ \ (__| ' <| _| (_) |   / (__| _|
## |___/ |_/_/ \_\___|_|\_\_| \___/|_|_\\___|___|
## embedded.connectivity.solutions.==============
##
## License:  Revised BSD License, see LICENSE.TXT file included in the project
## Authors:  Johannes Bruder (STACKFORCE), Miguel Luis (Semtech)
##",[],CMake,0,1,17
3764,lora-net/loramac-node,https://github.com/lora-net/loramac-node/blob/bc2f3bc59d09f6e1ae7855c3dc45568d2b7a124a/src/boards/NucleoL073/CMakeLists.txt#L22,"#---------------------------------------------------------------------------------------
# Target
#---------------------------------------------------------------------------------------",[],CMake,0,22,24
3764,lora-net/loramac-node,https://github.com/lora-net/loramac-node/blob/bc2f3bc59d09f6e1ae7855c3dc45568d2b7a124a/src/boards/NucleoL073/CMakeLists.txt#L84,# Add define if debbuger support is enabled,[],CMake,0,84,84
3764,lora-net/loramac-node,https://github.com/lora-net/loramac-node/blob/bc2f3bc59d09f6e1ae7855c3dc45568d2b7a124a/src/boards/NucleoL073/CMakeLists.txt#L87,# Add define if radio debug pins support is enabled,[],CMake,0,87,87
3764,lora-net/loramac-node,https://github.com/lora-net/loramac-node/blob/bc2f3bc59d09f6e1ae7855c3dc45568d2b7a124a/src/boards/NucleoL152/CMakeLists.txt#L1,"##
##   ______                              _
##  / _____)             _              | |
## ( (____  _____ ____ _| |_ _____  ____| |__
##  \____ \| ___ |    (_   _) ___ |/ ___)  _ \
##  _____) ) ____| | | || |_| ____( (___| | | |
## (______/|_____)_|_|_| \__)_____)\____)_| |_|
## (C)2013-2017 Semtech
##  ___ _____ _   ___ _  _____ ___  ___  ___ ___
## / __|_   _/_\ / __| |/ / __/ _ \| _ \/ __| __|
## \__ \ | |/ _ \ (__| ' <| _| (_) |   / (__| _|
## |___/ |_/_/ \_\___|_|\_\_| \___/|_|_\\___|___|
## embedded.connectivity.solutions.==============
##
## License:  Revised BSD License, see LICENSE.TXT file included in the project
## Authors:  Johannes Bruder (STACKFORCE), Miguel Luis (Semtech)
##",[],CMake,0,1,17
3764,lora-net/loramac-node,https://github.com/lora-net/loramac-node/blob/bc2f3bc59d09f6e1ae7855c3dc45568d2b7a124a/src/boards/NucleoL152/CMakeLists.txt#L22,"#---------------------------------------------------------------------------------------
# Target
#---------------------------------------------------------------------------------------",[],CMake,0,22,24
3764,lora-net/loramac-node,https://github.com/lora-net/loramac-node/blob/bc2f3bc59d09f6e1ae7855c3dc45568d2b7a124a/src/boards/NucleoL152/CMakeLists.txt#L83,# Add define if debbuger support is enabled,[],CMake,0,83,83
3764,lora-net/loramac-node,https://github.com/lora-net/loramac-node/blob/bc2f3bc59d09f6e1ae7855c3dc45568d2b7a124a/src/boards/NucleoL152/CMakeLists.txt#L86,# Add define if radio debug pins support is enabled,[],CMake,0,86,86
3764,lora-net/loramac-node,https://github.com/lora-net/loramac-node/blob/bc2f3bc59d09f6e1ae7855c3dc45568d2b7a124a/src/boards/NucleoL476/CMakeLists.txt#L1,"##
##   ______                              _
##  / _____)             _              | |
## ( (____  _____ ____ _| |_ _____  ____| |__
##  \____ \| ___ |    (_   _) ___ |/ ___)  _ \
##  _____) ) ____| | | || |_| ____( (___| | | |
## (______/|_____)_|_|_| \__)_____)\____)_| |_|
## (C)2013-2017 Semtech
##  ___ _____ _   ___ _  _____ ___  ___  ___ ___
## / __|_   _/_\ / __| |/ / __/ _ \| _ \/ __| __|
## \__ \ | |/ _ \ (__| ' <| _| (_) |   / (__| _|
## |___/ |_/_/ \_\___|_|\_\_| \___/|_|_\\___|___|
## embedded.connectivity.solutions.==============
##
## License:  Revised BSD License, see LICENSE.TXT file included in the project
## Authors:  Johannes Bruder (STACKFORCE), Miguel Luis (Semtech)
##",[],CMake,0,1,17
3764,lora-net/loramac-node,https://github.com/lora-net/loramac-node/blob/bc2f3bc59d09f6e1ae7855c3dc45568d2b7a124a/src/boards/NucleoL476/CMakeLists.txt#L22,"#---------------------------------------------------------------------------------------
# Target
#---------------------------------------------------------------------------------------",[],CMake,0,22,24
3764,lora-net/loramac-node,https://github.com/lora-net/loramac-node/blob/bc2f3bc59d09f6e1ae7855c3dc45568d2b7a124a/src/boards/NucleoL476/CMakeLists.txt#L87,# Add define if debbuger support is enabled,[],CMake,0,87,87
3764,lora-net/loramac-node,https://github.com/lora-net/loramac-node/blob/bc2f3bc59d09f6e1ae7855c3dc45568d2b7a124a/src/boards/NucleoL476/CMakeLists.txt#L90,# Add define if radio debug pins support is enabled,[],CMake,0,90,90
3764,lora-net/loramac-node,https://github.com/lora-net/loramac-node/blob/bc2f3bc59d09f6e1ae7855c3dc45568d2b7a124a/src/boards/SAMR34/CMakeLists.txt#L1,"##
##   ______                              _
##  / _____)             _              | |
## ( (____  _____ ____ _| |_ _____  ____| |__
##  \____ \| ___ |    (_   _) ___ |/ ___)  _ \
##  _____) ) ____| | | || |_| ____( (___| | | |
## (______/|_____)_|_|_| \__)_____)\____)_| |_|
## (C)2013-2017 Semtech
##  ___ _____ _   ___ _  _____ ___  ___  ___ ___
## / __|_   _/_\ / __| |/ / __/ _ \| _ \/ __| __|
## \__ \ | |/ _ \ (__| ' <| _| (_) |   / (__| _|
## |___/ |_/_/ \_\___|_|\_\_| \___/|_|_\\___|___|
## embedded.connectivity.solutions.==============
##
## License:  Revised BSD License, see LICENSE.TXT file included in the project
## Authors:  Johannes Bruder (STACKFORCE), Miguel Luis (Semtech) and 
##           Marten Lootsma(TWTG) on behalf of Microchip/Atmel (c)2017
##",[],CMake,0,1,18
3764,lora-net/loramac-node,https://github.com/lora-net/loramac-node/blob/bc2f3bc59d09f6e1ae7855c3dc45568d2b7a124a/src/boards/SAMR34/CMakeLists.txt#L23,"#---------------------------------------------------------------------------------------
# Target
#---------------------------------------------------------------------------------------",[],CMake,0,23,25
3764,lora-net/loramac-node,https://github.com/lora-net/loramac-node/blob/bc2f3bc59d09f6e1ae7855c3dc45568d2b7a124a/src/boards/SAMR34/CMakeLists.txt#L72,# Add define if debbuger support is enabled,[],CMake,0,72,72
3764,lora-net/loramac-node,https://github.com/lora-net/loramac-node/blob/bc2f3bc59d09f6e1ae7855c3dc45568d2b7a124a/src/boards/SAMR34/CMakeLists.txt#L75,# Add define if radio debug pins support is enabled,[],CMake,0,75,75
3764,lora-net/loramac-node,https://github.com/lora-net/loramac-node/blob/bc2f3bc59d09f6e1ae7855c3dc45568d2b7a124a/src/boards/SAMR34/CMakeLists.txt#L78,# For debug builds set the symbol DEBUG,[],CMake,0,78,78
3764,lora-net/loramac-node,https://github.com/lora-net/loramac-node/blob/bc2f3bc59d09f6e1ae7855c3dc45568d2b7a124a/src/boards/SKiM880B/CMakeLists.txt#L1,"##
##   ______                              _
##  / _____)             _              | |
## ( (____  _____ ____ _| |_ _____  ____| |__
##  \____ \| ___ |    (_   _) ___ |/ ___)  _ \
##  _____) ) ____| | | || |_| ____( (___| | | |
## (______/|_____)_|_|_| \__)_____)\____)_| |_|
## (C)2013-2017 Semtech
##  ___ _____ _   ___ _  _____ ___  ___  ___ ___
## / __|_   _/_\ / __| |/ / __/ _ \| _ \/ __| __|
## \__ \ | |/ _ \ (__| ' <| _| (_) |   / (__| _|
## |___/ |_/_/ \_\___|_|\_\_| \___/|_|_\\___|___|
## embedded.connectivity.solutions.==============
##
## License:  Revised BSD License, see LICENSE.TXT file included in the project
## Authors:  Johannes Bruder (STACKFORCE), Miguel Luis (Semtech)
##",[],CMake,0,1,17
3764,lora-net/loramac-node,https://github.com/lora-net/loramac-node/blob/bc2f3bc59d09f6e1ae7855c3dc45568d2b7a124a/src/boards/SKiM880B/CMakeLists.txt#L22,"#---------------------------------------------------------------------------------------
# Target
#---------------------------------------------------------------------------------------",[],CMake,0,22,24
3764,lora-net/loramac-node,https://github.com/lora-net/loramac-node/blob/bc2f3bc59d09f6e1ae7855c3dc45568d2b7a124a/src/boards/SKiM880B/CMakeLists.txt#L65,# Add define if debbuger support is enabled,[],CMake,0,65,65
3764,lora-net/loramac-node,https://github.com/lora-net/loramac-node/blob/bc2f3bc59d09f6e1ae7855c3dc45568d2b7a124a/src/boards/SKiM880B/CMakeLists.txt#L68,# Add define if radio debug pins support is enabled,[],CMake,0,68,68
3764,lora-net/loramac-node,https://github.com/lora-net/loramac-node/blob/bc2f3bc59d09f6e1ae7855c3dc45568d2b7a124a/src/boards/SKiM881AXL/CMakeLists.txt#L1,"##
##   ______                              _
##  / _____)             _              | |
## ( (____  _____ ____ _| |_ _____  ____| |__
##  \____ \| ___ |    (_   _) ___ |/ ___)  _ \
##  _____) ) ____| | | || |_| ____( (___| | | |
## (______/|_____)_|_|_| \__)_____)\____)_| |_|
## (C)2013-2017 Semtech
##  ___ _____ _   ___ _  _____ ___  ___  ___ ___
## / __|_   _/_\ / __| |/ / __/ _ \| _ \/ __| __|
## \__ \ | |/ _ \ (__| ' <| _| (_) |   / (__| _|
## |___/ |_/_/ \_\___|_|\_\_| \___/|_|_\\___|___|
## embedded.connectivity.solutions.==============
##
## License:  Revised BSD License, see LICENSE.TXT file included in the project
## Authors:  Johannes Bruder (STACKFORCE), Miguel Luis (Semtech)
##",[],CMake,0,1,17
3764,lora-net/loramac-node,https://github.com/lora-net/loramac-node/blob/bc2f3bc59d09f6e1ae7855c3dc45568d2b7a124a/src/boards/SKiM881AXL/CMakeLists.txt#L22,"#---------------------------------------------------------------------------------------
# Target
#---------------------------------------------------------------------------------------",[],CMake,0,22,24
3764,lora-net/loramac-node,https://github.com/lora-net/loramac-node/blob/bc2f3bc59d09f6e1ae7855c3dc45568d2b7a124a/src/boards/SKiM881AXL/CMakeLists.txt#L66,# Add define if debbuger support is enabled,[],CMake,0,66,66
3764,lora-net/loramac-node,https://github.com/lora-net/loramac-node/blob/bc2f3bc59d09f6e1ae7855c3dc45568d2b7a124a/src/boards/SKiM881AXL/CMakeLists.txt#L69,# Add define if radio debug pins support is enabled,[],CMake,0,69,69
3764,lora-net/loramac-node,https://github.com/lora-net/loramac-node/blob/bc2f3bc59d09f6e1ae7855c3dc45568d2b7a124a/src/boards/SKiM980A/CMakeLists.txt#L1,"##
##   ______                              _
##  / _____)             _              | |
## ( (____  _____ ____ _| |_ _____  ____| |__
##  \____ \| ___ |    (_   _) ___ |/ ___)  _ \
##  _____) ) ____| | | || |_| ____( (___| | | |
## (______/|_____)_|_|_| \__)_____)\____)_| |_|
## (C)2013-2017 Semtech
##  ___ _____ _   ___ _  _____ ___  ___  ___ ___
## / __|_   _/_\ / __| |/ / __/ _ \| _ \/ __| __|
## \__ \ | |/ _ \ (__| ' <| _| (_) |   / (__| _|
## |___/ |_/_/ \_\___|_|\_\_| \___/|_|_\\___|___|
## embedded.connectivity.solutions.==============
##
## License:  Revised BSD License, see LICENSE.TXT file included in the project
## Authors:  Johannes Bruder (STACKFORCE), Miguel Luis (Semtech)
##",[],CMake,0,1,17
3764,lora-net/loramac-node,https://github.com/lora-net/loramac-node/blob/bc2f3bc59d09f6e1ae7855c3dc45568d2b7a124a/src/boards/SKiM980A/CMakeLists.txt#L22,"#---------------------------------------------------------------------------------------
# Target
#---------------------------------------------------------------------------------------",[],CMake,0,22,24
3764,lora-net/loramac-node,https://github.com/lora-net/loramac-node/blob/bc2f3bc59d09f6e1ae7855c3dc45568d2b7a124a/src/boards/SKiM980A/CMakeLists.txt#L65,# Add define if debbuger support is enabled,[],CMake,0,65,65
3764,lora-net/loramac-node,https://github.com/lora-net/loramac-node/blob/bc2f3bc59d09f6e1ae7855c3dc45568d2b7a124a/src/boards/SKiM980A/CMakeLists.txt#L68,# Add define if radio debug pins support is enabled,[],CMake,0,68,68
3764,lora-net/loramac-node,https://github.com/lora-net/loramac-node/blob/bc2f3bc59d09f6e1ae7855c3dc45568d2b7a124a/src/mac/CMakeLists.txt#L1,"##
##   ______                              _
##  / _____)             _              | |
## ( (____  _____ ____ _| |_ _____  ____| |__
##  \____ \| ___ |    (_   _) ___ |/ ___)  _ \
##  _____) ) ____| | | || |_| ____( (___| | | |
## (______/|_____)_|_|_| \__)_____)\____)_| |_|
## (C)2013-2017 Semtech
##  ___ _____ _   ___ _  _____ ___  ___  ___ ___
## / __|_   _/_\ / __| |/ / __/ _ \| _ \/ __| __|
## \__ \ | |/ _ \ (__| ' <| _| (_) |   / (__| _|
## |___/ |_/_/ \_\___|_|\_\_| \___/|_|_\\___|___|
## embedded.connectivity.solutions.==============
##
## License:  Revised BSD License, see LICENSE.TXT file included in the project
## Authors:  Johannes Bruder (STACKFORCE), Miguel Luis (Semtech)
##",[],CMake,0,1,17
3764,lora-net/loramac-node,https://github.com/lora-net/loramac-node/blob/bc2f3bc59d09f6e1ae7855c3dc45568d2b7a124a/src/mac/CMakeLists.txt#L21,"#---------------------------------------------------------------------------------------
# Options
#---------------------------------------------------------------------------------------",[],CMake,0,21,23
3764,lora-net/loramac-node,https://github.com/lora-net/loramac-node/blob/bc2f3bc59d09f6e1ae7855c3dc45568d2b7a124a/src/mac/CMakeLists.txt#L25,# Allow selection of region,[],CMake,0,25,25
3764,lora-net/loramac-node,https://github.com/lora-net/loramac-node/blob/bc2f3bc59d09f6e1ae7855c3dc45568d2b7a124a/src/mac/CMakeLists.txt#L38,# AS923 Channel Plan,[],CMake,0,38,38
3764,lora-net/loramac-node,https://github.com/lora-net/loramac-node/blob/bc2f3bc59d09f6e1ae7855c3dc45568d2b7a124a/src/mac/CMakeLists.txt#L43,# CN470 Channel Plan,[],CMake,0,43,43
3764,lora-net/loramac-node,https://github.com/lora-net/loramac-node/blob/bc2f3bc59d09f6e1ae7855c3dc45568d2b7a124a/src/mac/CMakeLists.txt#L49,"#---------------------------------------------------------------------------------------
# Target
#---------------------------------------------------------------------------------------",[],CMake,0,49,51
3764,lora-net/loramac-node,https://github.com/lora-net/loramac-node/blob/bc2f3bc59d09f6e1ae7855c3dc45568d2b7a124a/src/mac/CMakeLists.txt#L131,# Loops through all regions and add compile time definitions for the enabled ones.,[],CMake,0,131,131
3764,lora-net/loramac-node,https://github.com/lora-net/loramac-node/blob/bc2f3bc59d09f6e1ae7855c3dc45568d2b7a124a/src/mac/CMakeLists.txt#L138,# Applies AS923 channel plan,[],CMake,0,138,138
3764,lora-net/loramac-node,https://github.com/lora-net/loramac-node/blob/bc2f3bc59d09f6e1ae7855c3dc45568d2b7a124a/src/mac/CMakeLists.txt#L141,# Applies CN470 channel plan,[],CMake,0,141,141
3764,lora-net/loramac-node,https://github.com/lora-net/loramac-node/blob/bc2f3bc59d09f6e1ae7855c3dc45568d2b7a124a/src/mac/CMakeLists.txt#L145,# Add define if class B is supported,[],CMake,0,145,145
3764,lora-net/loramac-node,https://github.com/lora-net/loramac-node/blob/bc2f3bc59d09f6e1ae7855c3dc45568d2b7a124a/src/mac/CMakeLists.txt#L148,# SecureElement NVM,[],CMake,0,148,148
3764,lora-net/loramac-node,https://github.com/lora-net/loramac-node/blob/bc2f3bc59d09f6e1ae7855c3dc45568d2b7a124a/src/peripherals/CMakeLists.txt#L1,"##
##   ______                              _
##  / _____)             _              | |
## ( (____  _____ ____ _| |_ _____  ____| |__
##  \____ \| ___ |    (_   _) ___ |/ ___)  _ \
##  _____) ) ____| | | || |_| ____( (___| | | |
## (______/|_____)_|_|_| \__)_____)\____)_| |_|
## (C)2013-2017 Semtech
##  ___ _____ _   ___ _  _____ ___  ___  ___ ___
## / __|_   _/_\ / __| |/ / __/ _ \| _ \/ __| __|
## \__ \ | |/ _ \ (__| ' <| _| (_) |   / (__| _|
## |___/ |_/_/ \_\___|_|\_\_| \___/|_|_\\___|___|
## embedded.connectivity.solutions.==============
##
## License:  Revised BSD License, see LICENSE.TXT file included in the project
## Authors:  Johannes Bruder (STACKFORCE), Miguel Luis (Semtech)
##",[],CMake,0,1,17
3764,lora-net/loramac-node,https://github.com/lora-net/loramac-node/blob/bc2f3bc59d09f6e1ae7855c3dc45568d2b7a124a/src/peripherals/CMakeLists.txt#L21,"#---------------------------------------------------------------------------------------
# Target
#---------------------------------------------------------------------------------------",[],CMake,0,21,23
3764,lora-net/loramac-node,https://github.com/lora-net/loramac-node/blob/bc2f3bc59d09f6e1ae7855c3dc45568d2b7a124a/src/radio/CMakeLists.txt#L1,"##
##   ______                              _
##  / _____)             _              | |
## ( (____  _____ ____ _| |_ _____  ____| |__
##  \____ \| ___ |    (_   _) ___ |/ ___)  _ \
##  _____) ) ____| | | || |_| ____( (___| | | |
## (______/|_____)_|_|_| \__)_____)\____)_| |_|
## (C)2013-2017 Semtech
##  ___ _____ _   ___ _  _____ ___  ___  ___ ___
## / __|_   _/_\ / __| |/ / __/ _ \| _ \/ __| __|
## \__ \ | |/ _ \ (__| ' <| _| (_) |   / (__| _|
## |___/ |_/_/ \_\___|_|\_\_| \___/|_|_\\___|___|
## embedded.connectivity.solutions.==============
##
## License:  Revised BSD License, see LICENSE.TXT file included in the project
## Authors:  Johannes Bruder (STACKFORCE), Miguel Luis (Semtech)
##",[],CMake,0,1,17
3764,lora-net/loramac-node,https://github.com/lora-net/loramac-node/blob/bc2f3bc59d09f6e1ae7855c3dc45568d2b7a124a/src/radio/CMakeLists.txt#L21,"#---------------------------------------------------------------------------------------
# Options
#---------------------------------------------------------------------------------------",[],CMake,0,21,23
3764,lora-net/loramac-node,https://github.com/lora-net/loramac-node/blob/bc2f3bc59d09f6e1ae7855c3dc45568d2b7a124a/src/radio/CMakeLists.txt#L25,# Allow switching of radios,[],CMake,0,25,25
3764,lora-net/loramac-node,https://github.com/lora-net/loramac-node/blob/bc2f3bc59d09f6e1ae7855c3dc45568d2b7a124a/src/radio/CMakeLists.txt#L31,"#---------------------------------------------------------------------------------------
# Target
#---------------------------------------------------------------------------------------",[],CMake,0,31,33
3764,lora-net/loramac-node,https://github.com/lora-net/loramac-node/blob/bc2f3bc59d09f6e1ae7855c3dc45568d2b7a124a/src/radio/CMakeLists.txt#L85,##,[],CMake,0,85,85
3764,lora-net/loramac-node,https://github.com/lora-net/loramac-node/blob/bc2f3bc59d09f6e1ae7855c3dc45568d2b7a124a/src/system/CMakeLists.txt#L1,"##
##   ______                              _
##  / _____)             _              | |
## ( (____  _____ ____ _| |_ _____  ____| |__
##  \____ \| ___ |    (_   _) ___ |/ ___)  _ \
##  _____) ) ____| | | || |_| ____( (___| | | |
## (______/|_____)_|_|_| \__)_____)\____)_| |_|
## (C)2013-2017 Semtech
##  ___ _____ _   ___ _  _____ ___  ___  ___ ___
## / __|_   _/_\ / __| |/ / __/ _ \| _ \/ __| __|
## \__ \ | |/ _ \ (__| ' <| _| (_) |   / (__| _|
## |___/ |_/_/ \_\___|_|\_\_| \___/|_|_\\___|___|
## embedded.connectivity.solutions.==============
##
## License:  Revised BSD License, see LICENSE.TXT file included in the project
## Authors:  Johannes Bruder (STACKFORCE), Miguel Luis (Semtech)
##",[],CMake,0,1,17
3764,lora-net/loramac-node,https://github.com/lora-net/loramac-node/blob/bc2f3bc59d09f6e1ae7855c3dc45568d2b7a124a/src/system/CMakeLists.txt#L21,"#---------------------------------------------------------------------------------------
# Target
#---------------------------------------------------------------------------------------",[],CMake,0,21,23
3764,lora-net/loramac-node,https://github.com/lora-net/loramac-node/blob/bc2f3bc59d09f6e1ae7855c3dc45568d2b7a124a/cmake/binutils-arm-none-eabi.cmake#L1,"##
##   ______                              _
##  / _____)             _              | |
## ( (____  _____ ____ _| |_ _____  ____| |__
##  \____ \| ___ |    (_   _) ___ |/ ___)  _ \
##  _____) ) ____| | | || |_| ____( (___| | | |
## (______/|_____)_|_|_| \__)_____)\____)_| |_|
## (C)2013-2017 Semtech
##  ___ _____ _   ___ _  _____ ___  ___  ___ ___
## / __|_   _/_\ / __| |/ / __/ _ \| _ \/ __| __|
## \__ \ | |/ _ \ (__| ' <| _| (_) |   / (__| _|
## |___/ |_/_/ \_\___|_|\_\_| \___/|_|_\\___|___|
## embedded.connectivity.solutions.==============
##
## License:  Revised BSD License, see LICENSE.TXT file included in the project
## Authors:  Johannes Bruder ( STACKFORCE ), Miguel Luis ( Semtech )
##
##
## CMake arm-none-eabi binutils integration and helper functions
##",[],CMake,0,1,20
3764,lora-net/loramac-node,https://github.com/lora-net/loramac-node/blob/bc2f3bc59d09f6e1ae7855c3dc45568d2b7a124a/cmake/binutils-arm-none-eabi.cmake#L23,"#---------------------------------------------------------------------------------------
# Set tools
#---------------------------------------------------------------------------------------",[],CMake,0,23,25
3764,lora-net/loramac-node,https://github.com/lora-net/loramac-node/blob/bc2f3bc59d09f6e1ae7855c3dc45568d2b7a124a/cmake/binutils-arm-none-eabi.cmake#L31,"#---------------------------------------------------------------------------------------
# Prints the section sizes
#---------------------------------------------------------------------------------------",[],CMake,0,31,33
3764,lora-net/loramac-node,https://github.com/lora-net/loramac-node/blob/bc2f3bc59d09f6e1ae7855c3dc45568d2b7a124a/cmake/binutils-arm-none-eabi.cmake#L38,"#---------------------------------------------------------------------------------------
# Creates output in hex format
#---------------------------------------------------------------------------------------",[],CMake,0,38,40
3764,lora-net/loramac-node,https://github.com/lora-net/loramac-node/blob/bc2f3bc59d09f6e1ae7855c3dc45568d2b7a124a/cmake/binutils-arm-none-eabi.cmake#L45,"#---------------------------------------------------------------------------------------
# Creates output in binary format
#---------------------------------------------------------------------------------------",[],CMake,0,45,47
3764,lora-net/loramac-node,https://github.com/lora-net/loramac-node/blob/bc2f3bc59d09f6e1ae7855c3dc45568d2b7a124a/cmake/gdb-helper.cmake#L1,"##
##   ______                              _
##  / _____)             _              | |
## ( (____  _____ ____ _| |_ _____  ____| |__
##  \____ \| ___ |    (_   _) ___ |/ ___)  _ \
##  _____) ) ____| | | || |_| ____( (___| | | |
## (______/|_____)_|_|_| \__)_____)\____)_| |_|
## (C)2013-2017 Semtech
##  ___ _____ _   ___ _  _____ ___  ___  ___ ___
## / __|_   _/_\ / __| |/ / __/ _ \| _ \/ __| __|
## \__ \ | |/ _ \ (__| ' <| _| (_) |   / (__| _|
## |___/ |_/_/ \_\___|_|\_\_| \___/|_|_\\___|___|
## embedded.connectivity.solutions.==============
##
## License:  Revised BSD License, see LICENSE.TXT file included in the project
## Authors:  Johannes Bruder ( STACKFORCE ), Miguel Luis ( Semtech )
##
## Collection of functions to generate different GDB debugging configurations
##",[],CMake,0,1,19
3764,lora-net/loramac-node,https://github.com/lora-net/loramac-node/blob/bc2f3bc59d09f6e1ae7855c3dc45568d2b7a124a/cmake/gdb-helper.cmake#L21,# Get the path of this module,[],CMake,0,21,21
3764,lora-net/loramac-node,https://github.com/lora-net/loramac-node/blob/bc2f3bc59d09f6e1ae7855c3dc45568d2b7a124a/cmake/gdb-helper.cmake#L25,"#---------------------------------------------------------------------------------------
# Set tools
#---------------------------------------------------------------------------------------",[],CMake,0,25,27
3764,lora-net/loramac-node,https://github.com/lora-net/loramac-node/blob/bc2f3bc59d09f6e1ae7855c3dc45568d2b7a124a/cmake/gdb-helper.cmake#L39,"#---------------------------------------------------------------------------------------
# Generates a GDB run script for debugging with STLINKv1/v2/v2-1 programmer and texane stlink tool.
# More infos check: https://github.com/texane/stlink
#---------------------------------------------------------------------------------------",[],CMake,0,39,42
3764,lora-net/loramac-node,https://github.com/lora-net/loramac-node/blob/bc2f3bc59d09f6e1ae7855c3dc45568d2b7a124a/cmake/gdb-helper.cmake#L48,"#---------------------------------------------------------------------------------------
# Generates a GDB run script for debugging with any supported programmer and openOCD.
#---------------------------------------------------------------------------------------",[],CMake,0,48,50
3764,lora-net/loramac-node,https://github.com/lora-net/loramac-node/blob/bc2f3bc59d09f6e1ae7855c3dc45568d2b7a124a/cmake/gdb-helper.cmake#L56,"#---------------------------------------------------------------------------------------
# Generates a Visual Studio Code launch configuration for debugging with openOCD.
#---------------------------------------------------------------------------------------",[],CMake,0,56,58
3764,lora-net/loramac-node,https://github.com/lora-net/loramac-node/blob/bc2f3bc59d09f6e1ae7855c3dc45568d2b7a124a/cmake/gdb-helper.cmake#L62,"# Available OpenOCD interfaces
# Use stlink-v2-1.cfg when stlink interface is built in. Otherwise use stlink-v2.cfg",[],CMake,4,62,63
3764,lora-net/loramac-node,https://github.com/lora-net/loramac-node/blob/bc2f3bc59d09f6e1ae7855c3dc45568d2b7a124a/cmake/gdb-helper.cmake#L68,# Available OpenOCD targets,[],CMake,4,68,68
3764,lora-net/loramac-node,https://github.com/lora-net/loramac-node/blob/bc2f3bc59d09f6e1ae7855c3dc45568d2b7a124a/cmake/gdb-helper.cmake#L73,# Available OpenOCD targets,[],CMake,4,73,73
3764,lora-net/loramac-node,https://github.com/lora-net/loramac-node/blob/bc2f3bc59d09f6e1ae7855c3dc45568d2b7a124a/cmake/gdb-helper.cmake#L78,# Set the OPENOCD_TARGET and OPENOCD_INTERFACE variables according to BOARD,[],CMake,4,78,78
3764,lora-net/loramac-node,https://github.com/lora-net/loramac-node/blob/bc2f3bc59d09f6e1ae7855c3dc45568d2b7a124a/cmake/samr34.cmake#L1,"##
##   ______                              _
##  / _____)             _              | |
## ( (____  _____ ____ _| |_ _____  ____| |__
##  \____ \| ___ |    (_   _) ___ |/ ___)  _ \
##  _____) ) ____| | | || |_| ____( (___| | | |
## (______/|_____)_|_|_| \__)_____)\____)_| |_|
## (C)2013-2017 Semtech
##  ___ _____ _   ___ _  _____ ___  ___  ___ ___
## / __|_   _/_\ / __| |/ / __/ _ \| _ \/ __| __|
## \__ \ | |/ _ \ (__| ' <| _| (_) |   / (__| _|
## |___/ |_/_/ \_\___|_|\_\_| \___/|_|_\\___|___|
## embedded.connectivity.solutions.==============
##
## License:  Revised BSD License, see LICENSE.TXT file included in the project
## Authors:  Johannes Bruder ( STACKFORCE ), Miguel Luis ( Semtech ), 
##           Marten Lootsma(TWTG) on behalf of Microchip/Atmel (c)2017
##
##
## SAMR34 target specific CMake file
##",[],CMake,0,1,21
3764,lora-net/loramac-node,https://github.com/lora-net/loramac-node/blob/bc2f3bc59d09f6e1ae7855c3dc45568d2b7a124a/cmake/samr34.cmake#L29,"#---------------------------------------------------------------------------------------
# Set compiler/linker flags
#---------------------------------------------------------------------------------------",[],CMake,0,29,31
3764,lora-net/loramac-node,https://github.com/lora-net/loramac-node/blob/bc2f3bc59d09f6e1ae7855c3dc45568d2b7a124a/cmake/samr34.cmake#L33,# Object build options,[],CMake,0,33,33
3764,lora-net/loramac-node,https://github.com/lora-net/loramac-node/blob/bc2f3bc59d09f6e1ae7855c3dc45568d2b7a124a/cmake/samr34.cmake#L40,# Linker flags,[],CMake,0,40,40
3764,lora-net/loramac-node,https://github.com/lora-net/loramac-node/blob/bc2f3bc59d09f6e1ae7855c3dc45568d2b7a124a/cmake/stm32l0.cmake#L1,"##
##   ______                              _
##  / _____)             _              | |
## ( (____  _____ ____ _| |_ _____  ____| |__
##  \____ \| ___ |    (_   _) ___ |/ ___)  _ \
##  _____) ) ____| | | || |_| ____( (___| | | |
## (______/|_____)_|_|_| \__)_____)\____)_| |_|
## (C)2013-2017 Semtech
##  ___ _____ _   ___ _  _____ ___  ___  ___ ___
## / __|_   _/_\ / __| |/ / __/ _ \| _ \/ __| __|
## \__ \ | |/ _ \ (__| ' <| _| (_) |   / (__| _|
## |___/ |_/_/ \_\___|_|\_\_| \___/|_|_\\___|___|
## embedded.connectivity.solutions.==============
##
## License:  Revised BSD License, see LICENSE.TXT file included in the project
## Authors:  Johannes Bruder ( STACKFORCE ), Miguel Luis ( Semtech )
##
##
## STM32L0 target specific CMake file
##",[],CMake,0,1,20
3764,lora-net/loramac-node,https://github.com/lora-net/loramac-node/blob/bc2f3bc59d09f6e1ae7855c3dc45568d2b7a124a/cmake/stm32l0.cmake#L28,"#---------------------------------------------------------------------------------------
# Set compiler/linker flags
#---------------------------------------------------------------------------------------",[],CMake,0,28,30
3764,lora-net/loramac-node,https://github.com/lora-net/loramac-node/blob/bc2f3bc59d09f6e1ae7855c3dc45568d2b7a124a/cmake/stm32l0.cmake#L32,# Object build options,[],CMake,0,32,32
3764,lora-net/loramac-node,https://github.com/lora-net/loramac-node/blob/bc2f3bc59d09f6e1ae7855c3dc45568d2b7a124a/cmake/stm32l0.cmake#L39,# Linker flags,[],CMake,0,39,39
3764,lora-net/loramac-node,https://github.com/lora-net/loramac-node/blob/bc2f3bc59d09f6e1ae7855c3dc45568d2b7a124a/cmake/stm32l1.cmake#L1,"##
##   ______                              _
##  / _____)             _              | |
## ( (____  _____ ____ _| |_ _____  ____| |__
##  \____ \| ___ |    (_   _) ___ |/ ___)  _ \
##  _____) ) ____| | | || |_| ____( (___| | | |
## (______/|_____)_|_|_| \__)_____)\____)_| |_|
## (C)2013-2017 Semtech
##  ___ _____ _   ___ _  _____ ___  ___  ___ ___
## / __|_   _/_\ / __| |/ / __/ _ \| _ \/ __| __|
## \__ \ | |/ _ \ (__| ' <| _| (_) |   / (__| _|
## |___/ |_/_/ \_\___|_|\_\_| \___/|_|_\\___|___|
## embedded.connectivity.solutions.==============
##
## License:  Revised BSD License, see LICENSE.TXT file included in the project
## Authors:  Johannes Bruder ( STACKFORCE ), Miguel Luis ( Semtech )
##
##
## STM32L1 target specific CMake file
##",[],CMake,0,1,20
3764,lora-net/loramac-node,https://github.com/lora-net/loramac-node/blob/bc2f3bc59d09f6e1ae7855c3dc45568d2b7a124a/cmake/stm32l1.cmake#L28,"#---------------------------------------------------------------------------------------
# Set compiler/linker flags
#---------------------------------------------------------------------------------------",[],CMake,0,28,30
3764,lora-net/loramac-node,https://github.com/lora-net/loramac-node/blob/bc2f3bc59d09f6e1ae7855c3dc45568d2b7a124a/cmake/stm32l1.cmake#L32,# Object build options,[],CMake,0,32,32
3764,lora-net/loramac-node,https://github.com/lora-net/loramac-node/blob/bc2f3bc59d09f6e1ae7855c3dc45568d2b7a124a/cmake/stm32l1.cmake#L39,# Linker flags,[],CMake,0,39,39
3764,lora-net/loramac-node,https://github.com/lora-net/loramac-node/blob/bc2f3bc59d09f6e1ae7855c3dc45568d2b7a124a/cmake/stm32l4.cmake#L1,"##
##   ______                              _
##  / _____)             _              | |
## ( (____  _____ ____ _| |_ _____  ____| |__
##  \____ \| ___ |    (_   _) ___ |/ ___)  _ \
##  _____) ) ____| | | || |_| ____( (___| | | |
## (______/|_____)_|_|_| \__)_____)\____)_| |_|
## (C)2013-2018 Semtech
##  ___ _____ _   ___ _  _____ ___  ___  ___ ___
## / __|_   _/_\ / __| |/ / __/ _ \| _ \/ __| __|
## \__ \ | |/ _ \ (__| ' <| _| (_) |   / (__| _|
## |___/ |_/_/ \_\___|_|\_\_| \___/|_|_\\___|___|
## embedded.connectivity.solutions.==============
##
## License:  Revised BSD License, see LICENSE.TXT file included in the project
## Authors:  Johannes Bruder ( STACKFORCE ), Miguel Luis ( Semtech )
##
##
## STM32L4 target specific CMake file
##",[],CMake,0,1,20
3764,lora-net/loramac-node,https://github.com/lora-net/loramac-node/blob/bc2f3bc59d09f6e1ae7855c3dc45568d2b7a124a/cmake/stm32l4.cmake#L28,"#---------------------------------------------------------------------------------------
# Set compiler/linker flags
#---------------------------------------------------------------------------------------",[],CMake,0,28,30
3764,lora-net/loramac-node,https://github.com/lora-net/loramac-node/blob/bc2f3bc59d09f6e1ae7855c3dc45568d2b7a124a/cmake/stm32l4.cmake#L32,# Object build options,[],CMake,0,32,32
3764,lora-net/loramac-node,https://github.com/lora-net/loramac-node/blob/bc2f3bc59d09f6e1ae7855c3dc45568d2b7a124a/cmake/stm32l4.cmake#L39,# Linker flags,[],CMake,0,39,39
3764,lora-net/loramac-node,https://github.com/lora-net/loramac-node/blob/bc2f3bc59d09f6e1ae7855c3dc45568d2b7a124a/cmake/toolchain-arm-none-eabi.cmake#L1,"##
##   ______                              _
##  / _____)             _              | |
## ( (____  _____ ____ _| |_ _____  ____| |__
##  \____ \| ___ |    (_   _) ___ |/ ___)  _ \
##  _____) ) ____| | | || |_| ____( (___| | | |
## (______/|_____)_|_|_| \__)_____)\____)_| |_|
## (C)2013-2017 Semtech
##  ___ _____ _   ___ _  _____ ___  ___  ___ ___
## / __|_   _/_\ / __| |/ / __/ _ \| _ \/ __| __|
## \__ \ | |/ _ \ (__| ' <| _| (_) |   / (__| _|
## |___/ |_/_/ \_\___|_|\_\_| \___/|_|_\\___|___|
## embedded.connectivity.solutions.==============
##
## License:  Revised BSD License, see LICENSE.TXT file included in the project
## Authors:  Johannes Bruder ( STACKFORCE ), Miguel Luis ( Semtech )
##
##
## CMake arm-none-eabi toolchain file
##",[],CMake,0,1,20
3764,lora-net/loramac-node,https://github.com/lora-net/loramac-node/blob/bc2f3bc59d09f6e1ae7855c3dc45568d2b7a124a/cmake/toolchain-arm-none-eabi.cmake#L22,# Append current directory to CMAKE_MODULE_PATH for making device specific cmake modules visible,[],CMake,0,22,22
3764,lora-net/loramac-node,https://github.com/lora-net/loramac-node/blob/bc2f3bc59d09f6e1ae7855c3dc45568d2b7a124a/cmake/toolchain-arm-none-eabi.cmake#L25,# Target definition,[],CMake,0,25,25
3764,lora-net/loramac-node,https://github.com/lora-net/loramac-node/blob/bc2f3bc59d09f6e1ae7855c3dc45568d2b7a124a/cmake/toolchain-arm-none-eabi.cmake#L29,"#---------------------------------------------------------------------------------------
# Set toolchain paths
#---------------------------------------------------------------------------------------",[],CMake,0,29,31
3764,lora-net/loramac-node,https://github.com/lora-net/loramac-node/blob/bc2f3bc59d09f6e1ae7855c3dc45568d2b7a124a/cmake/toolchain-arm-none-eabi.cmake#L49,# Set system depended extensions,[],CMake,0,49,49
3764,lora-net/loramac-node,https://github.com/lora-net/loramac-node/blob/bc2f3bc59d09f6e1ae7855c3dc45568d2b7a124a/cmake/toolchain-arm-none-eabi.cmake#L56,# Perform compiler test with static library,[],CMake,0,56,56
3764,lora-net/loramac-node,https://github.com/lora-net/loramac-node/blob/bc2f3bc59d09f6e1ae7855c3dc45568d2b7a124a/cmake/toolchain-arm-none-eabi.cmake#L59,"#---------------------------------------------------------------------------------------
# Preset some general GCC Options
#---------------------------------------------------------------------------------------",[],CMake,0,59,61
3764,lora-net/loramac-node,https://github.com/lora-net/loramac-node/blob/bc2f3bc59d09f6e1ae7855c3dc45568d2b7a124a/cmake/toolchain-arm-none-eabi.cmake#L63,"# Options for DEBUG build
# -Og enables optimizations that do not interfere with debugging
# -g produce debugging information in the operating system’s native format",[],CMake,0,63,65
3764,lora-net/loramac-node,https://github.com/lora-net/loramac-node/blob/bc2f3bc59d09f6e1ae7855c3dc45568d2b7a124a/cmake/toolchain-arm-none-eabi.cmake#L71,"# Options for RELEASE build
# -Os Optimize for size. -Os enables all -O2 optimizations",[],CMake,0,71,72
3764,lora-net/loramac-node,https://github.com/lora-net/loramac-node/blob/bc2f3bc59d09f6e1ae7855c3dc45568d2b7a124a/cmake/toolchain-arm-none-eabi.cmake#L78,"#---------------------------------------------------------------------------------------
# Set compilers
#---------------------------------------------------------------------------------------",[],CMake,0,78,80
