repoIndex,repoName,linkLocation,comment,keywords,buildSysteminFile,charPosition,startLine,endLine
4194,lsh123/xmlsec,https://github.com/lsh123/xmlsec/blob/6361f2f86e6d66f596fada39b58de158772260ac/apps/Makefile.am#L8,# check if we use dynamic loading for xmlsec-crypto or not,[],Autotool,0,8,8
4194,lsh123/xmlsec,https://github.com/lsh123/xmlsec/blob/6361f2f86e6d66f596fada39b58de158772260ac/apps/Makefile.am#L57,# xmlsec command line utility,[],Autotool,0,57,57
4194,lsh123/xmlsec,https://github.com/lsh123/xmlsec/blob/6361f2f86e6d66f596fada39b58de158772260ac/docs/Makefile.am#L21,# docs is legacy,[],Autotool,0,21,21
4194,lsh123/xmlsec,https://github.com/lsh123/xmlsec/blob/6361f2f86e6d66f596fada39b58de158772260ac/docs/Makefile.am#L36,# if we build docs then we also have xsltproc,[],Autotool,0,36,36
4194,lsh123/xmlsec,https://github.com/lsh123/xmlsec/blob/6361f2f86e6d66f596fada39b58de158772260ac/docs/Makefile.am#L46,"# do nothing, we aready copied this file",[],Autotool,0,46,46
4194,lsh123/xmlsec,https://github.com/lsh123/xmlsec/blob/6361f2f86e6d66f596fada39b58de158772260ac/docs/Makefile.am#L89,# do nothing,[],Autotool,0,89,89
4194,lsh123/xmlsec,https://github.com/lsh123/xmlsec/blob/6361f2f86e6d66f596fada39b58de158772260ac/docs/api/Makefile.am#L1,"#
#
#",[],Autotool,0,1,3
4194,lsh123/xmlsec,https://github.com/lsh123/xmlsec/blob/6361f2f86e6d66f596fada39b58de158772260ac/docs/api/Makefile.am#L19,"# We need to copy some files to make gkdoc happy that
# everything is in one folder",[],Autotool,0,19,20
4194,lsh123/xmlsec,https://github.com/lsh123/xmlsec/blob/6361f2f86e6d66f596fada39b58de158772260ac/docs/api/Makefile.am#L51,"#
# We need to pre-process original source files
# because gtkdoc does not understand some C features
#",[],Autotool,0,51,54
4194,lsh123/xmlsec,https://github.com/lsh123/xmlsec/blob/6361f2f86e6d66f596fada39b58de158772260ac/docs/api/Makefile.am#L71,# docs is legacy,[],Autotool,0,71,71
4194,lsh123/xmlsec,https://github.com/lsh123/xmlsec/blob/6361f2f86e6d66f596fada39b58de158772260ac/docs/api/Makefile.am#L75,"# if build API docs, then we also have xsltproc",[],Autotool,0,75,75
4194,lsh123/xmlsec,https://github.com/lsh123/xmlsec/blob/6361f2f86e6d66f596fada39b58de158772260ac/docs/api/Makefile.am#L95,"# need to cleanup ""bad"" chars",[],Autotool,0,95,95
4194,lsh123/xmlsec,https://github.com/lsh123/xmlsec/blob/6361f2f86e6d66f596fada39b58de158772260ac/docs/api/Makefile.am#L176,"#
# Prepare source files by coping them to ""code"" folder and 
# removing XMLSEC_EXPORT_* stuff that makes gtkdoc crazy
#",[],Autotool,0,176,179
4194,lsh123/xmlsec,https://github.com/lsh123/xmlsec/blob/6361f2f86e6d66f596fada39b58de158772260ac/docs/api/Makefile.am#L221,"#
# The following code converts C example file to sgml RefEntry files.
# We get file title from a string ""XML Security Library example: ...""
# which is usually placed at the top of the file. Also all ""unsafe"" xml 
# characters (<, >, &) are escaped. 
#",[],Autotool,0,221,226
4194,lsh123/xmlsec,https://github.com/lsh123/xmlsec/blob/6361f2f86e6d66f596fada39b58de158772260ac/docs/api/Makefile.am#L248,"# A single pattern rule will create all appropriate folders as required
# otherwise make (annoyingly) deletes it",[],Autotool,0,248,249
4194,lsh123/xmlsec,https://github.com/lsh123/xmlsec/blob/6361f2f86e6d66f596fada39b58de158772260ac/include/Makefile.am#L1,## Process this file with automake to produce Makefile.in,[],Autotool,0,1,1
4194,lsh123/xmlsec,https://github.com/lsh123/xmlsec/blob/6361f2f86e6d66f596fada39b58de158772260ac/include/xmlsec/Makefile.am#L1,## Process this file with automake to produce Makefile.in,[],Autotool,0,1,1
4194,lsh123/xmlsec,https://github.com/lsh123/xmlsec/blob/6361f2f86e6d66f596fada39b58de158772260ac/src/gnutls/Makefile.am#L39,# xmlsec-gnutls library requires xmlsec-gcrypt,[],Autotool,0,39,39
4194,lsh123/xmlsec,https://github.com/lsh123/xmlsec/blob/6361f2f86e6d66f596fada39b58de158772260ac/config.h.in#L1,/* config.h.in.  Generated from configure.ac by autoheader.  */,[],Autotool,0,1,1
4194,lsh123/xmlsec,https://github.com/lsh123/xmlsec/blob/6361f2f86e6d66f596fada39b58de158772260ac/config.h.in#L3,"/* Define to 1 if you have the <dirent.h> header file, and it defines `DIR'.
   */",[],Autotool,0,3,4
4194,lsh123/xmlsec,https://github.com/lsh123/xmlsec/blob/6361f2f86e6d66f596fada39b58de158772260ac/config.h.in#L7,/* Define to 1 if you have the <dlfcn.h> header file. */,[],Autotool,0,7,7
4194,lsh123/xmlsec,https://github.com/lsh123/xmlsec/blob/6361f2f86e6d66f596fada39b58de158772260ac/config.h.in#L10,/* Define to 1 if you have the <inttypes.h> header file. */,[],Autotool,0,10,10
4194,lsh123/xmlsec,https://github.com/lsh123/xmlsec/blob/6361f2f86e6d66f596fada39b58de158772260ac/config.h.in#L13,"/* Define to 1 if you have the <ndir.h> header file, and it defines `DIR'. */",[],Autotool,0,13,13
4194,lsh123/xmlsec,https://github.com/lsh123/xmlsec/blob/6361f2f86e6d66f596fada39b58de158772260ac/config.h.in#L16,/* Define to 1 if you have the <stdint.h> header file. */,[],Autotool,0,16,16
4194,lsh123/xmlsec,https://github.com/lsh123/xmlsec/blob/6361f2f86e6d66f596fada39b58de158772260ac/config.h.in#L19,/* Define to 1 if you have the <stdio.h> header file. */,[],Autotool,0,19,19
4194,lsh123/xmlsec,https://github.com/lsh123/xmlsec/blob/6361f2f86e6d66f596fada39b58de158772260ac/config.h.in#L22,/* Define to 1 if you have the <stdlib.h> header file. */,[],Autotool,0,22,22
4194,lsh123/xmlsec,https://github.com/lsh123/xmlsec/blob/6361f2f86e6d66f596fada39b58de158772260ac/config.h.in#L25,/* Define to 1 if you have the <strings.h> header file. */,[],Autotool,0,25,25
4194,lsh123/xmlsec,https://github.com/lsh123/xmlsec/blob/6361f2f86e6d66f596fada39b58de158772260ac/config.h.in#L28,/* Define to 1 if you have the <string.h> header file. */,[],Autotool,0,28,28
4194,lsh123/xmlsec,https://github.com/lsh123/xmlsec/blob/6361f2f86e6d66f596fada39b58de158772260ac/config.h.in#L31,"/* Define to 1 if you have the <sys/dir.h> header file, and it defines `DIR'.
   */",[],Autotool,0,31,32
4194,lsh123/xmlsec,https://github.com/lsh123/xmlsec/blob/6361f2f86e6d66f596fada39b58de158772260ac/config.h.in#L35,"/* Define to 1 if you have the <sys/ndir.h> header file, and it defines `DIR'.
   */",[],Autotool,0,35,36
4194,lsh123/xmlsec,https://github.com/lsh123/xmlsec/blob/6361f2f86e6d66f596fada39b58de158772260ac/config.h.in#L39,/* Define to 1 if you have the <sys/stat.h> header file. */,[],Autotool,0,39,39
4194,lsh123/xmlsec,https://github.com/lsh123/xmlsec/blob/6361f2f86e6d66f596fada39b58de158772260ac/config.h.in#L42,/* Define to 1 if you have the <sys/types.h> header file. */,[],Autotool,0,42,42
4194,lsh123/xmlsec,https://github.com/lsh123/xmlsec/blob/6361f2f86e6d66f596fada39b58de158772260ac/config.h.in#L45,/* Define to 1 if you have the <unistd.h> header file. */,[],Autotool,0,45,45
4194,lsh123/xmlsec,https://github.com/lsh123/xmlsec/blob/6361f2f86e6d66f596fada39b58de158772260ac/config.h.in#L48,/* Define to the sub-directory where libtool stores uninstalled libraries. */,[],Autotool,0,48,48
4194,lsh123/xmlsec,https://github.com/lsh123/xmlsec/blob/6361f2f86e6d66f596fada39b58de158772260ac/config.h.in#L51,/* Name of package */,[],Autotool,0,51,51
4194,lsh123/xmlsec,https://github.com/lsh123/xmlsec/blob/6361f2f86e6d66f596fada39b58de158772260ac/config.h.in#L54,/* Define to the address where bug reports for this package should be sent. */,[],Autotool,0,54,54
4194,lsh123/xmlsec,https://github.com/lsh123/xmlsec/blob/6361f2f86e6d66f596fada39b58de158772260ac/config.h.in#L57,/* Define to the full name of this package. */,[],Autotool,0,57,57
4194,lsh123/xmlsec,https://github.com/lsh123/xmlsec/blob/6361f2f86e6d66f596fada39b58de158772260ac/config.h.in#L60,/* Define to the full name and version of this package. */,[],Autotool,0,60,60
4194,lsh123/xmlsec,https://github.com/lsh123/xmlsec/blob/6361f2f86e6d66f596fada39b58de158772260ac/config.h.in#L63,/* Define to the one symbol short name of this package. */,[],Autotool,0,63,63
4194,lsh123/xmlsec,https://github.com/lsh123/xmlsec/blob/6361f2f86e6d66f596fada39b58de158772260ac/config.h.in#L66,/* Define to the home page for this package. */,[],Autotool,0,66,66
4194,lsh123/xmlsec,https://github.com/lsh123/xmlsec/blob/6361f2f86e6d66f596fada39b58de158772260ac/config.h.in#L69,/* Define to the version of this package. */,[],Autotool,0,69,69
4194,lsh123/xmlsec,https://github.com/lsh123/xmlsec/blob/6361f2f86e6d66f596fada39b58de158772260ac/config.h.in#L72,"/* The size of `size_t', as computed by sizeof. */",[],Autotool,0,72,72
4194,lsh123/xmlsec,https://github.com/lsh123/xmlsec/blob/6361f2f86e6d66f596fada39b58de158772260ac/config.h.in#L75,"/* Define to 1 if all of the C90 standard headers exist (not just the ones
   required in a freestanding environment). This macro is provided for
   backward compatibility; new code need not use it. */",[],Autotool,0,75,77
4194,lsh123/xmlsec,https://github.com/lsh123/xmlsec/blob/6361f2f86e6d66f596fada39b58de158772260ac/config.h.in#L80,/* Version number of package */,[],Autotool,0,80,80
4194,lsh123/xmlsec,https://github.com/lsh123/xmlsec/blob/6361f2f86e6d66f596fada39b58de158772260ac/configure.ac#L1,dnl Process this file with autoconf to produce a configure script.,[],Autotool,0,1,1
4194,lsh123/xmlsec,https://github.com/lsh123/xmlsec/blob/6361f2f86e6d66f596fada39b58de158772260ac/configure.ac#L29,"# Support silent build rules, requires at least automake-1.11. Disable
# by either passing --disable-silent-rules to configure or passing V=1
# to make",[],Autotool,0,29,31
4194,lsh123/xmlsec,https://github.com/lsh123/xmlsec/blob/6361f2f86e6d66f596fada39b58de158772260ac/configure.ac#L34,"dnl
dnl Check the environment
dnl",[],Autotool,0,34,36
4194,lsh123/xmlsec,https://github.com/lsh123/xmlsec/blob/6361f2f86e6d66f596fada39b58de158772260ac/configure.ac#L44,"dnl
dnl Find programs
dnl",[],Autotool,0,44,46
4194,lsh123/xmlsec,https://github.com/lsh123/xmlsec/blob/6361f2f86e6d66f596fada39b58de158772260ac/configure.ac#L55,dnl Programs for man pahes and html docs,[],Autotool,0,55,55
4194,lsh123/xmlsec,https://github.com/lsh123/xmlsec/blob/6361f2f86e6d66f596fada39b58de158772260ac/configure.ac#L66,dnl Checks for header files.,[],Autotool,0,66,66
4194,lsh123/xmlsec,https://github.com/lsh123/xmlsec/blob/6361f2f86e6d66f596fada39b58de158772260ac/configure.ac#L71,"dnl ==========================================================================
dnl XMLSec configs
dnl ==========================================================================",[],Autotool,0,71,73
4194,lsh123/xmlsec,https://github.com/lsh123/xmlsec/blob/6361f2f86e6d66f596fada39b58de158772260ac/configure.ac#L79,"dnl ==========================================================================
dnl Perform host specific configuration
dnl ==========================================================================",[],Autotool,0,79,81
4194,lsh123/xmlsec,https://github.com/lsh123/xmlsec/blob/6361f2f86e6d66f596fada39b58de158772260ac/configure.ac#L89,"dnl should separate extra LDFLAGS for xmlsec and crypto libs ?
dnl should --enable-runtime-pseudo-reloc for mingw and cygwin ?",[],Autotool,0,89,90
4194,lsh123/xmlsec,https://github.com/lsh123/xmlsec/blob/6361f2f86e6d66f596fada39b58de158772260ac/configure.ac#L94,dnl changed in libtool (between 1.5.2 and 1.5.14),[],Autotool,2,94,94
4194,lsh123/xmlsec,https://github.com/lsh123/xmlsec/blob/6361f2f86e6d66f596fada39b58de158772260ac/configure.ac#L106,"dnl use libtool flags ""-avoid-version"" to create shared
dnl libraries without version suffix, i.e. libxmlsec1.dll
dnl instead libxmlsec1-NN.dll, where NN is a number.",[],Autotool,4,106,108
4194,lsh123/xmlsec,https://github.com/lsh123/xmlsec/blob/6361f2f86e6d66f596fada39b58de158772260ac/configure.ac#L138,"dnl ==========================================================================
dnl Specific setup for Aleksey's development environment:
dnl	- with debug
dnl - with pedantic compiler flags
dnl - with docs build
dnl	- with static binaries
dnl	- without dynamic xmlsec-crypto loading
dnl ==========================================================================",[],Autotool,0,138,145
4194,lsh123/xmlsec,https://github.com/lsh123/xmlsec/blob/6361f2f86e6d66f596fada39b58de158772260ac/configure.ac#L160,"dnl ==========================================================================
dnl Do we want to build manpages?
dnl ==========================================================================",[],Autotool,0,160,162
4194,lsh123/xmlsec,https://github.com/lsh123/xmlsec/blob/6361f2f86e6d66f596fada39b58de158772260ac/configure.ac#L173,"dnl ==========================================================================
dnl Do we want to build docs?
dnl ==========================================================================",[],Autotool,0,173,175
4194,lsh123/xmlsec,https://github.com/lsh123/xmlsec/blob/6361f2f86e6d66f596fada39b58de158772260ac/configure.ac#L198,"dnl ==========================================================================
dnl Check for __FUNCTION__ or __func__
dnl ==========================================================================",[],Autotool,0,198,200
4194,lsh123/xmlsec,https://github.com/lsh123/xmlsec/blob/6361f2f86e6d66f596fada39b58de158772260ac/configure.ac#L220,"dnl ==========================================================================
dnl Check if pkg-config is enabled and installed
dnl ==========================================================================",[],Autotool,0,220,222
4194,lsh123/xmlsec,https://github.com/lsh123/xmlsec/blob/6361f2f86e6d66f596fada39b58de158772260ac/configure.ac#L232,"dnl ==========================================================================
dnl Check if packages custom config scripts are enabled
dnl ==========================================================================",[],Autotool,0,232,234
4194,lsh123/xmlsec,https://github.com/lsh123/xmlsec/blob/6361f2f86e6d66f596fada39b58de158772260ac/configure.ac#L243,"dnl ==========================================================================
dnl Check searching for typical packages folders is enabled
dnl ==========================================================================",[],Autotool,0,243,245
4194,lsh123/xmlsec,https://github.com/lsh123/xmlsec/blob/6361f2f86e6d66f596fada39b58de158772260ac/configure.ac#L254,"dnl ==========================================================================
dnl Common installation locations
dnl ==========================================================================",[],Autotool,0,254,256
4194,lsh123/xmlsec,https://github.com/lsh123/xmlsec/blob/6361f2f86e6d66f596fada39b58de158772260ac/configure.ac#L265,"dnl Macro to help find the folder that contains marker file.
dnl Usage: AX_FIND_FOLDER(RESULT_VARIABLE, MARKER_FILE, FOLDERS_LIST)",[],Autotool,0,265,266
4194,lsh123/xmlsec,https://github.com/lsh123/xmlsec/blob/6361f2f86e6d66f596fada39b58de158772260ac/configure.ac#L298,"dnl ==========================================================================
dnl find libxml
dnl ==========================================================================",[],Autotool,0,298,300
4194,lsh123/xmlsec,https://github.com/lsh123/xmlsec/blob/6361f2f86e6d66f596fada39b58de158772260ac/configure.ac#L317,dnl Priority 0: LibXML2 is disabled: hard error.,[],Autotool,0,317,317
4194,lsh123/xmlsec,https://github.com/lsh123/xmlsec/blob/6361f2f86e6d66f596fada39b58de158772260ac/configure.ac#L322,dnl Priority 1: User specifies the path to source code,[],Autotool,0,322,322
4194,lsh123/xmlsec,https://github.com/lsh123/xmlsec/blob/6361f2f86e6d66f596fada39b58de158772260ac/configure.ac#L335,dnl Priority 2: User specifies path to installation,[],Autotool,0,335,335
4194,lsh123/xmlsec,https://github.com/lsh123/xmlsec/blob/6361f2f86e6d66f596fada39b58de158772260ac/configure.ac#L352,dnl Priority 3: User sets both CFLAGS and LIBS flags,[],Autotool,0,352,352
4194,lsh123/xmlsec,https://github.com/lsh123/xmlsec/blob/6361f2f86e6d66f596fada39b58de158772260ac/configure.ac#L357,dnl Priority 4: Guess with pkg_config,[],Autotool,0,357,357
4194,lsh123/xmlsec,https://github.com/lsh123/xmlsec/blob/6361f2f86e6d66f596fada39b58de158772260ac/configure.ac#L364,dnl Priority 5: Guess the config tool location,[],Autotool,0,364,364
4194,lsh123/xmlsec,https://github.com/lsh123/xmlsec/blob/6361f2f86e6d66f596fada39b58de158772260ac/configure.ac#L372,dnl Priority 6: Guess using a list of folders.,[],Autotool,0,372,372
4194,lsh123/xmlsec,https://github.com/lsh123/xmlsec/blob/6361f2f86e6d66f596fada39b58de158772260ac/configure.ac#L392,dnl Priority 7: Just try to compile/link and hope for the best,[],Autotool,0,392,392
4194,lsh123/xmlsec,https://github.com/lsh123/xmlsec/blob/6361f2f86e6d66f596fada39b58de158772260ac/configure.ac#L417,dnl Set CFLAGS/LIBS flags,[],Autotool,0,417,417
4194,lsh123/xmlsec,https://github.com/lsh123/xmlsec/blob/6361f2f86e6d66f596fada39b58de158772260ac/configure.ac#L420,dnl Get the values using config tool (overwrite CFLAGS/LIBS!),[],Autotool,8,420,420
4194,lsh123/xmlsec,https://github.com/lsh123/xmlsec/blob/6361f2f86e6d66f596fada39b58de158772260ac/configure.ac#L430,dnl Set flags if INCLUDE_PATH or LIB_PATH are set (do NOT overwrite CFLAGS/LIBS!),[],Autotool,8,430,430
4194,lsh123/xmlsec,https://github.com/lsh123/xmlsec/blob/6361f2f86e6d66f596fada39b58de158772260ac/configure.ac#L443,dnl Verify the version.,[],Autotool,0,443,443
4194,lsh123/xmlsec,https://github.com/lsh123/xmlsec/blob/6361f2f86e6d66f596fada39b58de158772260ac/configure.ac#L450,"#include <libxml/xmlversion.h>
#if LIBXML_VERSION >= $minvers",[],Autotool,8,450,451
4194,lsh123/xmlsec,https://github.com/lsh123/xmlsec/blob/6361f2f86e6d66f596fada39b58de158772260ac/configure.ac#L453,#endif,[],Autotool,8,453,453
4194,lsh123/xmlsec,https://github.com/lsh123/xmlsec/blob/6361f2f86e6d66f596fada39b58de158772260ac/configure.ac#L463,dnl LibXML2 is required so if we didn't find it then it is a fatal error.,[],Autotool,0,463,463
4194,lsh123/xmlsec,https://github.com/lsh123/xmlsec/blob/6361f2f86e6d66f596fada39b58de158772260ac/configure.ac#L468,dnl Finally set variables,[],Autotool,0,468,468
4194,lsh123/xmlsec,https://github.com/lsh123/xmlsec/blob/6361f2f86e6d66f596fada39b58de158772260ac/configure.ac#L474,"dnl ==========================================================================
dnl find libxslt
dnl ==========================================================================",[],Autotool,0,474,476
4194,lsh123/xmlsec,https://github.com/lsh123/xmlsec/blob/6361f2f86e6d66f596fada39b58de158772260ac/configure.ac#L494,dnl Priority 0: Check if library is not needed,[],Autotool,0,494,494
4194,lsh123/xmlsec,https://github.com/lsh123/xmlsec/blob/6361f2f86e6d66f596fada39b58de158772260ac/configure.ac#L499,dnl Priority 1: User specifies the path to source code,[],Autotool,0,499,499
4194,lsh123/xmlsec,https://github.com/lsh123/xmlsec/blob/6361f2f86e6d66f596fada39b58de158772260ac/configure.ac#L512,dnl Priority 2: User specifies path to installation,[],Autotool,0,512,512
4194,lsh123/xmlsec,https://github.com/lsh123/xmlsec/blob/6361f2f86e6d66f596fada39b58de158772260ac/configure.ac#L529,dnl Priority 3: User sets both CFLAGS and LIBS flags,[],Autotool,0,529,529
4194,lsh123/xmlsec,https://github.com/lsh123/xmlsec/blob/6361f2f86e6d66f596fada39b58de158772260ac/configure.ac#L534,dnl Priority 4: Guess with pkg_config,[],Autotool,0,534,534
4194,lsh123/xmlsec,https://github.com/lsh123/xmlsec/blob/6361f2f86e6d66f596fada39b58de158772260ac/configure.ac#L541,dnl Priority 5: Guess the config tool location,[],Autotool,0,541,541
4194,lsh123/xmlsec,https://github.com/lsh123/xmlsec/blob/6361f2f86e6d66f596fada39b58de158772260ac/configure.ac#L549,dnl Priority 6: Guess using a list of folders.,[],Autotool,0,549,549
4194,lsh123/xmlsec,https://github.com/lsh123/xmlsec/blob/6361f2f86e6d66f596fada39b58de158772260ac/configure.ac#L569,dnl Priority 7: Just try to compile/link and hope for the best,[],Autotool,0,569,569
4194,lsh123/xmlsec,https://github.com/lsh123/xmlsec/blob/6361f2f86e6d66f596fada39b58de158772260ac/configure.ac#L594,dnl Set CFLAGS/LIBS flags,[],Autotool,0,594,594
4194,lsh123/xmlsec,https://github.com/lsh123/xmlsec/blob/6361f2f86e6d66f596fada39b58de158772260ac/configure.ac#L597,dnl Get the values using config tool (overwrite CFLAGS/LIBS!),[],Autotool,8,597,597
4194,lsh123/xmlsec,https://github.com/lsh123/xmlsec/blob/6361f2f86e6d66f596fada39b58de158772260ac/configure.ac#L607,dnl Set flags if INCLUDE_PATH or LIB_PATH are set (do NOT overwrite CFLAGS/LIBS!),[],Autotool,8,607,607
4194,lsh123/xmlsec,https://github.com/lsh123/xmlsec/blob/6361f2f86e6d66f596fada39b58de158772260ac/configure.ac#L620,dnl Verify the version,[],Autotool,0,620,620
4194,lsh123/xmlsec,https://github.com/lsh123/xmlsec/blob/6361f2f86e6d66f596fada39b58de158772260ac/configure.ac#L627,"#include <libxslt/xsltconfig.h>
#if LIBXSLT_VERSION >= $minvers",[],Autotool,8,627,628
4194,lsh123/xmlsec,https://github.com/lsh123/xmlsec/blob/6361f2f86e6d66f596fada39b58de158772260ac/configure.ac#L630,#endif,[],Autotool,8,630,630
4194,lsh123/xmlsec,https://github.com/lsh123/xmlsec/blob/6361f2f86e6d66f596fada39b58de158772260ac/configure.ac#L640,dnl Finally set variables,[],Autotool,0,640,640
4194,lsh123/xmlsec,https://github.com/lsh123/xmlsec/blob/6361f2f86e6d66f596fada39b58de158772260ac/configure.ac#L656,"dnl ==========================================================================
dnl See if we can find a crypto library
dnl ==========================================================================",[],Autotool,0,656,658
4194,lsh123/xmlsec,https://github.com/lsh123/xmlsec/blob/6361f2f86e6d66f596fada39b58de158772260ac/configure.ac#L662,"dnl ==========================================================================
dnl OpenSSL
dnl ==========================================================================",[],Autotool,0,662,664
4194,lsh123/xmlsec,https://github.com/lsh123/xmlsec/blob/6361f2f86e6d66f596fada39b58de158772260ac/configure.ac#L692,dnl Priority 0: Check if library is disabled,[],Autotool,0,692,692
4194,lsh123/xmlsec,https://github.com/lsh123/xmlsec/blob/6361f2f86e6d66f596fada39b58de158772260ac/configure.ac#L697,dnl Priority 1: User specifies the path to installation,[],Autotool,0,697,697
4194,lsh123/xmlsec,https://github.com/lsh123/xmlsec/blob/6361f2f86e6d66f596fada39b58de158772260ac/configure.ac#L725,dnl Priority 2: User sets both CFLAGS and LIBS flags,[],Autotool,0,725,725
4194,lsh123/xmlsec,https://github.com/lsh123/xmlsec/blob/6361f2f86e6d66f596fada39b58de158772260ac/configure.ac#L730,dnl Priority 3: Guess with pkg_config,[],Autotool,0,730,730
4194,lsh123/xmlsec,https://github.com/lsh123/xmlsec/blob/6361f2f86e6d66f596fada39b58de158772260ac/configure.ac#L737,dnl Priority 4: Guess using a list of folders (do not overwrite CFLAGS/LIBS flags).,[],Autotool,0,737,737
4194,lsh123/xmlsec,https://github.com/lsh123/xmlsec/blob/6361f2f86e6d66f596fada39b58de158772260ac/configure.ac#L757,dnl Priority 5: Just try to compile/link and hope for the best,[],Autotool,0,757,757
4194,lsh123/xmlsec,https://github.com/lsh123/xmlsec/blob/6361f2f86e6d66f596fada39b58de158772260ac/configure.ac#L769,#if OPENSSL_VERSION_NUMBER < 0x10100000L,[],Autotool,16,769,769
4194,lsh123/xmlsec,https://github.com/lsh123/xmlsec/blob/6361f2f86e6d66f596fada39b58de158772260ac/configure.ac#L771,#else,[],Autotool,16,771,771
4194,lsh123/xmlsec,https://github.com/lsh123/xmlsec/blob/6361f2f86e6d66f596fada39b58de158772260ac/configure.ac#L773,#endif,[],Autotool,16,773,773
4194,lsh123/xmlsec,https://github.com/lsh123/xmlsec/blob/6361f2f86e6d66f596fada39b58de158772260ac/configure.ac#L789,dnl Set flags if INCLUDE_PATH or LIB_PATH are set,[],Autotool,0,789,789
4194,lsh123/xmlsec,https://github.com/lsh123/xmlsec/blob/6361f2f86e6d66f596fada39b58de158772260ac/configure.ac#L802,"dnl Check the OpenSSL version; if you change this code then you probably want to
dnl change include/xmlsec/openssl/crypto.h as well.",[],Autotool,0,802,803
4194,lsh123/xmlsec,https://github.com/lsh123/xmlsec/blob/6361f2f86e6d66f596fada39b58de158772260ac/configure.ac#L810,"#include <openssl/opensslv.h>
#if defined(LIBRESSL_VERSION_NUMBER) && LIBRESSL_VERSION_NUMBER < 0x20700000L",[],Autotool,12,810,811
4194,lsh123/xmlsec,https://github.com/lsh123/xmlsec/blob/6361f2f86e6d66f596fada39b58de158772260ac/configure.ac#L813,#endif,[],Autotool,12,813,813
4194,lsh123/xmlsec,https://github.com/lsh123/xmlsec/blob/6361f2f86e6d66f596fada39b58de158772260ac/configure.ac#L823,"#include <openssl/opensslv.h>
#if defined(LIBRESSL_VERSION_NUMBER) && LIBRESSL_VERSION_NUMBER >= 0x20700000L",[],Autotool,12,823,824
4194,lsh123/xmlsec,https://github.com/lsh123/xmlsec/blob/6361f2f86e6d66f596fada39b58de158772260ac/configure.ac#L826,#endif,[],Autotool,12,826,826
4194,lsh123/xmlsec,https://github.com/lsh123/xmlsec/blob/6361f2f86e6d66f596fada39b58de158772260ac/configure.ac#L836,"#include <openssl/opensslv.h>
#include <openssl/crypto.h>
#if OPENSSL_VERSION_NUMBER >= 0x10100000L
#ifdef OPENSSL_IS_BORINGSSL",[],Autotool,12,836,839
4194,lsh123/xmlsec,https://github.com/lsh123/xmlsec/blob/6361f2f86e6d66f596fada39b58de158772260ac/configure.ac#L841,"#endif
#endif",[],Autotool,12,841,842
4194,lsh123/xmlsec,https://github.com/lsh123/xmlsec/blob/6361f2f86e6d66f596fada39b58de158772260ac/configure.ac#L854,"#include <openssl/opensslv.h>
#if OPENSSL_VERSION_NUMBER >= 0x30000000L",[],Autotool,12,854,855
4194,lsh123/xmlsec,https://github.com/lsh123/xmlsec/blob/6361f2f86e6d66f596fada39b58de158772260ac/configure.ac#L857,#endif,[],Autotool,12,857,857
4194,lsh123/xmlsec,https://github.com/lsh123/xmlsec/blob/6361f2f86e6d66f596fada39b58de158772260ac/configure.ac#L868,"#include <openssl/opensslv.h>
#if OPENSSL_VERSION_NUMBER >= 0x10100000L",[],Autotool,12,868,869
4194,lsh123/xmlsec,https://github.com/lsh123/xmlsec/blob/6361f2f86e6d66f596fada39b58de158772260ac/configure.ac#L871,#endif,[],Autotool,12,871,871
4194,lsh123/xmlsec,https://github.com/lsh123/xmlsec/blob/6361f2f86e6d66f596fada39b58de158772260ac/configure.ac#L881,"#include <openssl/opensslv.h>
#if OPENSSL_VERSION_NUMBER >= 0x10000000L",[],Autotool,12,881,882
4194,lsh123/xmlsec,https://github.com/lsh123/xmlsec/blob/6361f2f86e6d66f596fada39b58de158772260ac/configure.ac#L884,#endif,[],Autotool,12,884,884
4194,lsh123/xmlsec,https://github.com/lsh123/xmlsec/blob/6361f2f86e6d66f596fada39b58de158772260ac/configure.ac#L905,dnl Finally set all the flags,[],Autotool,0,905,905
4194,lsh123/xmlsec,https://github.com/lsh123/xmlsec/blob/6361f2f86e6d66f596fada39b58de158772260ac/configure.ac#L922,dnl See if we should build OpenSSL 3+ with engines support,[],Autotool,0,922,922
4194,lsh123/xmlsec,https://github.com/lsh123/xmlsec/blob/6361f2f86e6d66f596fada39b58de158772260ac/configure.ac#L934,"dnl ==========================================================================
dnl See if we can find NSS and NSPR
dnl Allow the use of:
dnl   1.  Mozilla style distribution where all mozilla components (NSS, NSPR
dnl       are just 2 of over 100 components) are under one directory.
dnl       options: [--with-mozilla-ver=<VERSION>]
dnl
dnl       Using the version number, various directories are searched
dnl       for NSS & NSPR
dnl
dnl                      AND / OR
dnl
dnl   2.  separate NSS & NSPR distributions
dnl       options: [--with-nss=<PFX>] [--with-nspr=<PFX>]
dnl
dnl   2 overrides 1
dnl
dnl ==========================================================================",[],Autotool,0,934,951
4194,lsh123/xmlsec,https://github.com/lsh123/xmlsec/blob/6361f2f86e6d66f596fada39b58de158772260ac/configure.ac#L978,dnl Priority 0: Check if library is disabled,[],Autotool,0,978,978
4194,lsh123/xmlsec,https://github.com/lsh123/xmlsec/blob/6361f2f86e6d66f596fada39b58de158772260ac/configure.ac#L984,dnl Priority 1: User specifies the path to installation,[],Autotool,0,984,984
4194,lsh123/xmlsec,https://github.com/lsh123/xmlsec/blob/6361f2f86e6d66f596fada39b58de158772260ac/configure.ac#L1008,dnl Priority 2: User sets both CFLAGS and LIBS flags,[],Autotool,0,1008,1008
4194,lsh123/xmlsec,https://github.com/lsh123/xmlsec/blob/6361f2f86e6d66f596fada39b58de158772260ac/configure.ac#L1016,"dnl Priority 3: Guess with pkg_config
dnl
dnl Mozilla's NSS/NSPR are distributed under different names in different distribution,
dnl we are going to try all options:
dnl     seamonkey-nspr and seamonkey-nss
dnl     mozilla-nspr and mozilla-nss
dnl     xulrunner-nspr and xulrunner-nss
dnl     nspr and nss",[],Autotool,0,1016,1023
4194,lsh123/xmlsec,https://github.com/lsh123/xmlsec/blob/6361f2f86e6d66f596fada39b58de158772260ac/configure.ac#L1069,dnl Priority 4: Guess using a list of folders using mozilla/seamonkey version hints (if any),[],Autotool,0,1069,1069
4194,lsh123/xmlsec,https://github.com/lsh123/xmlsec/blob/6361f2f86e6d66f596fada39b58de158772260ac/configure.ac#L1110,dnl Priority 5 (NSPR): Just try to compile/link and hope for the best,[],Autotool,0,1110,1110
4194,lsh123/xmlsec,https://github.com/lsh123/xmlsec/blob/6361f2f86e6d66f596fada39b58de158772260ac/configure.ac#L1136,dnl NSRP: Set flags if INCLUDE_PATH or LIB_PATH are set (need to do it before we try to find NSS),[],Autotool,0,1136,1136
4194,lsh123/xmlsec,https://github.com/lsh123/xmlsec/blob/6361f2f86e6d66f596fada39b58de158772260ac/configure.ac#L1147,dnl Priority 5 (NSS): Just try to compile/link and hope for the best,[],Autotool,0,1147,1147
4194,lsh123/xmlsec,https://github.com/lsh123/xmlsec/blob/6361f2f86e6d66f596fada39b58de158772260ac/configure.ac#L1173,dnl NSS: Set flags if INCLUDE_PATH or LIB_PATH are set,[],Autotool,0,1173,1173
4194,lsh123/xmlsec,https://github.com/lsh123/xmlsec/blob/6361f2f86e6d66f596fada39b58de158772260ac/configure.ac#L1184,dnl Check NSS and NSPR versions,[],Autotool,0,1184,1184
4194,lsh123/xmlsec,https://github.com/lsh123/xmlsec/blob/6361f2f86e6d66f596fada39b58de158772260ac/configure.ac#L1191,"#include <prinit.h>
#if ((PR_VMAJOR * 100 + PR_VMINOR) * 100 + PR_VPATCH) >= $minvers",[],Autotool,8,1191,1192
4194,lsh123/xmlsec,https://github.com/lsh123/xmlsec/blob/6361f2f86e6d66f596fada39b58de158772260ac/configure.ac#L1194,#endif,[],Autotool,8,1194,1194
4194,lsh123/xmlsec,https://github.com/lsh123/xmlsec/blob/6361f2f86e6d66f596fada39b58de158772260ac/configure.ac#L1210,"#include <nss.h>
#if ((NSS_VMAJOR * 100 + NSS_VMINOR) * 100 + NSS_VPATCH) >= $minvers",[],Autotool,8,1210,1211
4194,lsh123/xmlsec,https://github.com/lsh123/xmlsec/blob/6361f2f86e6d66f596fada39b58de158772260ac/configure.ac#L1213,#endif,[],Autotool,8,1213,1213
4194,lsh123/xmlsec,https://github.com/lsh123/xmlsec/blob/6361f2f86e6d66f596fada39b58de158772260ac/configure.ac#L1223,dnl Check that we have found both NSS and NSPR,[],Autotool,0,1223,1223
4194,lsh123/xmlsec,https://github.com/lsh123/xmlsec/blob/6361f2f86e6d66f596fada39b58de158772260ac/configure.ac#L1232,dnl Finally set all the flags,[],Autotool,0,1232,1232
4194,lsh123/xmlsec,https://github.com/lsh123/xmlsec/blob/6361f2f86e6d66f596fada39b58de158772260ac/configure.ac#L1252,"dnl ==========================================================================
dnl See if we can find GCrypt
dnl ==========================================================================",[],Autotool,0,1252,1254
4194,lsh123/xmlsec,https://github.com/lsh123/xmlsec/blob/6361f2f86e6d66f596fada39b58de158772260ac/configure.ac#L1271,dnl Priority 0: Check if library is not needed,[],Autotool,0,1271,1271
4194,lsh123/xmlsec,https://github.com/lsh123/xmlsec/blob/6361f2f86e6d66f596fada39b58de158772260ac/configure.ac#L1276,dnl Priority 1: User specifies the path to installation,[],Autotool,0,1276,1276
4194,lsh123/xmlsec,https://github.com/lsh123/xmlsec/blob/6361f2f86e6d66f596fada39b58de158772260ac/configure.ac#L1293,dnl Priority 2: User sets both CFLAGS and LIBS flags,[],Autotool,0,1293,1293
4194,lsh123/xmlsec,https://github.com/lsh123/xmlsec/blob/6361f2f86e6d66f596fada39b58de158772260ac/configure.ac#L1298,dnl Priority 3: Guess with pkg_config,[],Autotool,0,1298,1298
4194,lsh123/xmlsec,https://github.com/lsh123/xmlsec/blob/6361f2f86e6d66f596fada39b58de158772260ac/configure.ac#L1322,dnl Priority 4: Guess the config tool location,[],Autotool,0,1322,1322
4194,lsh123/xmlsec,https://github.com/lsh123/xmlsec/blob/6361f2f86e6d66f596fada39b58de158772260ac/configure.ac#L1330,dnl Priority 5: Guess using a list of folders.,[],Autotool,0,1330,1330
4194,lsh123/xmlsec,https://github.com/lsh123/xmlsec/blob/6361f2f86e6d66f596fada39b58de158772260ac/configure.ac#L1347,dnl Priority 6: Just try to compile/link and hope for the best,[],Autotool,0,1347,1347
4194,lsh123/xmlsec,https://github.com/lsh123/xmlsec/blob/6361f2f86e6d66f596fada39b58de158772260ac/configure.ac#L1372,dnl Set CFLAGS/LIBS flags,[],Autotool,0,1372,1372
4194,lsh123/xmlsec,https://github.com/lsh123/xmlsec/blob/6361f2f86e6d66f596fada39b58de158772260ac/configure.ac#L1375,dnl Get the values using config tool (overwrite CFLAGS/LIBS!),[],Autotool,8,1375,1375
4194,lsh123/xmlsec,https://github.com/lsh123/xmlsec/blob/6361f2f86e6d66f596fada39b58de158772260ac/configure.ac#L1385,dnl Set flags if INCLUDE_PATH or LIB_PATH are set (do NOT overwrite CFLAGS/LIBS!),[],Autotool,8,1385,1385
4194,lsh123/xmlsec,https://github.com/lsh123/xmlsec/blob/6361f2f86e6d66f596fada39b58de158772260ac/configure.ac#L1398,dnl Verify the version,[],Autotool,0,1398,1398
4194,lsh123/xmlsec,https://github.com/lsh123/xmlsec/blob/6361f2f86e6d66f596fada39b58de158772260ac/configure.ac#L1403,dnl gcrypt uses hex digits for version number,[],Autotool,4,1403,1403
4194,lsh123/xmlsec,https://github.com/lsh123/xmlsec/blob/6361f2f86e6d66f596fada39b58de158772260ac/configure.ac#L1406,"#include <gcrypt.h>
#if GCRYPT_VERSION_NUMBER >= $minvers",[],Autotool,8,1406,1407
4194,lsh123/xmlsec,https://github.com/lsh123/xmlsec/blob/6361f2f86e6d66f596fada39b58de158772260ac/configure.ac#L1409,#endif,[],Autotool,8,1409,1409
4194,lsh123/xmlsec,https://github.com/lsh123/xmlsec/blob/6361f2f86e6d66f596fada39b58de158772260ac/configure.ac#L1419,dnl Finally set variables,[],Autotool,0,1419,1419
4194,lsh123/xmlsec,https://github.com/lsh123/xmlsec/blob/6361f2f86e6d66f596fada39b58de158772260ac/configure.ac#L1435,"dnl ==========================================================================
dnl See if we can find GnuTLS
dnl ==========================================================================",[],Autotool,0,1435,1437
4194,lsh123/xmlsec,https://github.com/lsh123/xmlsec/blob/6361f2f86e6d66f596fada39b58de158772260ac/configure.ac#L1452,dnl Priority 0: Check if library is not needed,[],Autotool,0,1452,1452
4194,lsh123/xmlsec,https://github.com/lsh123/xmlsec/blob/6361f2f86e6d66f596fada39b58de158772260ac/configure.ac#L1457,dnl Priority 1: User specifies the path to installation,[],Autotool,0,1457,1457
4194,lsh123/xmlsec,https://github.com/lsh123/xmlsec/blob/6361f2f86e6d66f596fada39b58de158772260ac/configure.ac#L1470,dnl Priority 2: User sets both CFLAGS and LIBS flags,[],Autotool,0,1470,1470
4194,lsh123/xmlsec,https://github.com/lsh123/xmlsec/blob/6361f2f86e6d66f596fada39b58de158772260ac/configure.ac#L1475,dnl Priority 3: Guess with pkg_config,[],Autotool,0,1475,1475
4194,lsh123/xmlsec,https://github.com/lsh123/xmlsec/blob/6361f2f86e6d66f596fada39b58de158772260ac/configure.ac#L1489,dnl Priority 4: Guess using a list of folders.,[],Autotool,0,1489,1489
4194,lsh123/xmlsec,https://github.com/lsh123/xmlsec/blob/6361f2f86e6d66f596fada39b58de158772260ac/configure.ac#L1506,dnl Priority 5: Just try to compile/link and hope for the best,[],Autotool,0,1506,1506
4194,lsh123/xmlsec,https://github.com/lsh123/xmlsec/blob/6361f2f86e6d66f596fada39b58de158772260ac/configure.ac#L1531,dnl Set CFLAGS/LIBS flags,[],Autotool,0,1531,1531
4194,lsh123/xmlsec,https://github.com/lsh123/xmlsec/blob/6361f2f86e6d66f596fada39b58de158772260ac/configure.ac#L1533,dnl Set flags if INCLUDE_PATH or LIB_PATH are set (do NOT overwrite CFLAGS/LIBS!),[],Autotool,4,1533,1533
4194,lsh123/xmlsec,https://github.com/lsh123/xmlsec/blob/6361f2f86e6d66f596fada39b58de158772260ac/configure.ac#L1545,dnl Verify the version,[],Autotool,0,1545,1545
4194,lsh123/xmlsec,https://github.com/lsh123/xmlsec/blob/6361f2f86e6d66f596fada39b58de158772260ac/configure.ac#L1550,dnl gnutls uses hex digits for version number,[],Autotool,4,1550,1550
4194,lsh123/xmlsec,https://github.com/lsh123/xmlsec/blob/6361f2f86e6d66f596fada39b58de158772260ac/configure.ac#L1553,"#include <gnutls/gnutls.h>
#if GNUTLS_VERSION_NUMBER >= $minvers",[],Autotool,8,1553,1554
4194,lsh123/xmlsec,https://github.com/lsh123/xmlsec/blob/6361f2f86e6d66f596fada39b58de158772260ac/configure.ac#L1556,#endif,[],Autotool,8,1556,1556
4194,lsh123/xmlsec,https://github.com/lsh123/xmlsec/blob/6361f2f86e6d66f596fada39b58de158772260ac/configure.ac#L1566,dnl Check that we have found gcrypt,[],Autotool,0,1566,1566
4194,lsh123/xmlsec,https://github.com/lsh123/xmlsec/blob/6361f2f86e6d66f596fada39b58de158772260ac/configure.ac#L1572,dnl Finally set all the flags,[],Autotool,0,1572,1572
4194,lsh123/xmlsec,https://github.com/lsh123/xmlsec/blob/6361f2f86e6d66f596fada39b58de158772260ac/configure.ac#L1589,"dnl ==========================================================================
dnl See if we can find MSCrypto
dnl ==========================================================================",[],Autotool,0,1589,1591
4194,lsh123/xmlsec,https://github.com/lsh123/xmlsec/blob/6361f2f86e6d66f596fada39b58de158772260ac/configure.ac#L1599,"dnl use own def-file and header as mingw.org crypt32
dnl is limited (library and header)",[],Autotool,4,1599,1600
4194,lsh123/xmlsec,https://github.com/lsh123/xmlsec/blob/6361f2f86e6d66f596fada39b58de158772260ac/configure.ac#L1615,dnl Priority 0: Check if library is not needed,[],Autotool,0,1615,1615
4194,lsh123/xmlsec,https://github.com/lsh123/xmlsec/blob/6361f2f86e6d66f596fada39b58de158772260ac/configure.ac#L1621,dnl Priority 1: User sets both CFLAGS and LIBS flags,[],Autotool,0,1621,1621
4194,lsh123/xmlsec,https://github.com/lsh123/xmlsec/blob/6361f2f86e6d66f596fada39b58de158772260ac/configure.ac#L1627,dnl Priority 2: Just try to compile/link and hope for the best,[],Autotool,0,1627,1627
4194,lsh123/xmlsec,https://github.com/lsh123/xmlsec/blob/6361f2f86e6d66f596fada39b58de158772260ac/configure.ac#L1651,"dnl Set CFLAGS/LIBS flags, do not change CFLAGS/LIBS if both are set",[],Autotool,0,1651,1651
4194,lsh123/xmlsec,https://github.com/lsh123/xmlsec/blob/6361f2f86e6d66f596fada39b58de158772260ac/configure.ac#L1659,dnl Finally set all the flags,[],Autotool,0,1659,1659
4194,lsh123/xmlsec,https://github.com/lsh123/xmlsec/blob/6361f2f86e6d66f596fada39b58de158772260ac/configure.ac#L1675,"dnl ==========================================================================
dnl See if we can find MSCng
dnl ==========================================================================",[],Autotool,0,1675,1677
4194,lsh123/xmlsec,https://github.com/lsh123/xmlsec/blob/6361f2f86e6d66f596fada39b58de158772260ac/configure.ac#L1679,dnl This is tested on w64-mingw only so far.,[],Autotool,0,1679,1679
4194,lsh123/xmlsec,https://github.com/lsh123/xmlsec/blob/6361f2f86e6d66f596fada39b58de158772260ac/configure.ac#L1688,dnl Priority 0: Check if library is not needed,[],Autotool,0,1688,1688
4194,lsh123/xmlsec,https://github.com/lsh123/xmlsec/blob/6361f2f86e6d66f596fada39b58de158772260ac/configure.ac#L1694,dnl Priority 1: User sets both CFLAGS and LIBS flags,[],Autotool,0,1694,1694
4194,lsh123/xmlsec,https://github.com/lsh123/xmlsec/blob/6361f2f86e6d66f596fada39b58de158772260ac/configure.ac#L1700,dnl Priority 2: Just try to compile/link and hope for the best,[],Autotool,0,1700,1700
4194,lsh123/xmlsec,https://github.com/lsh123/xmlsec/blob/6361f2f86e6d66f596fada39b58de158772260ac/configure.ac#L1725,"dnl Set CFLAGS/LIBS flags, do not change CFLAGS/LIBS if both are set",[],Autotool,0,1725,1725
4194,lsh123/xmlsec,https://github.com/lsh123/xmlsec/blob/6361f2f86e6d66f596fada39b58de158772260ac/configure.ac#L1733,dnl Finally set all the flags,[],Autotool,0,1733,1733
4194,lsh123/xmlsec,https://github.com/lsh123/xmlsec/blob/6361f2f86e6d66f596fada39b58de158772260ac/configure.ac#L1749,"dnl ==========================================================================
dnl Figure out the default crypt - the first crypto library wins
dnl ==========================================================================",[],Autotool,0,1749,1751
4194,lsh123/xmlsec,https://github.com/lsh123/xmlsec/blob/6361f2f86e6d66f596fada39b58de158772260ac/configure.ac#L1759,# check the argument,[],Autotool,0,1759,1759
4194,lsh123/xmlsec,https://github.com/lsh123/xmlsec/blob/6361f2f86e6d66f596fada39b58de158772260ac/configure.ac#L1804,dnl The first crypto library wins,[],Autotool,8,1804,1804
4194,lsh123/xmlsec,https://github.com/lsh123/xmlsec/blob/6361f2f86e6d66f596fada39b58de158772260ac/configure.ac#L1826,dnl Set the flags for default crypto lib,[],Autotool,0,1826,1826
4194,lsh123/xmlsec,https://github.com/lsh123/xmlsec/blob/6361f2f86e6d66f596fada39b58de158772260ac/configure.ac#L1864,"dnl ==========================================================================
dnl Do we need to use Unicode (Windows build only)
dnl ==========================================================================",[],Autotool,0,1864,1866
4194,lsh123/xmlsec,https://github.com/lsh123/xmlsec/blob/6361f2f86e6d66f596fada39b58de158772260ac/configure.ac#L1886,"dnl ==========================================================================
dnl See do we need MD5 support
dnl ==========================================================================",[],Autotool,0,1886,1888
4194,lsh123/xmlsec,https://github.com/lsh123/xmlsec/blob/6361f2f86e6d66f596fada39b58de158772260ac/configure.ac#L1902,"dnl ==========================================================================
dnl See do we need RIPEMD-160 support
dnl ==========================================================================",[],Autotool,0,1902,1904
4194,lsh123/xmlsec,https://github.com/lsh123/xmlsec/blob/6361f2f86e6d66f596fada39b58de158772260ac/configure.ac#L1918,"dnl ==========================================================================
dnl See do we need SHA1 support
dnl ==========================================================================",[],Autotool,0,1918,1920
4194,lsh123/xmlsec,https://github.com/lsh123/xmlsec/blob/6361f2f86e6d66f596fada39b58de158772260ac/configure.ac#L1934,"dnl ==========================================================================
dnl See do we need SHA224 support
dnl ==========================================================================",[],Autotool,0,1934,1936
4194,lsh123/xmlsec,https://github.com/lsh123/xmlsec/blob/6361f2f86e6d66f596fada39b58de158772260ac/configure.ac#L1950,"dnl ==========================================================================
dnl See do we need SHA256 support
dnl ==========================================================================",[],Autotool,0,1950,1952
4194,lsh123/xmlsec,https://github.com/lsh123/xmlsec/blob/6361f2f86e6d66f596fada39b58de158772260ac/configure.ac#L1966,"dnl ==========================================================================
dnl See do we need SHA384 support
dnl ==========================================================================",[],Autotool,0,1966,1968
4194,lsh123/xmlsec,https://github.com/lsh123/xmlsec/blob/6361f2f86e6d66f596fada39b58de158772260ac/configure.ac#L1982,"dnl ==========================================================================
dnl See do we need SHA512 support
dnl ==========================================================================",[],Autotool,0,1982,1984
4194,lsh123/xmlsec,https://github.com/lsh123/xmlsec/blob/6361f2f86e6d66f596fada39b58de158772260ac/configure.ac#L1999,"dnl ==========================================================================
dnl See do we need HMAC support
dnl ==========================================================================",[],Autotool,0,1999,2001
4194,lsh123/xmlsec,https://github.com/lsh123/xmlsec/blob/6361f2f86e6d66f596fada39b58de158772260ac/configure.ac#L2015,"dnl ==========================================================================
dnl See do we need DSA support
dnl ==========================================================================",[],Autotool,0,2015,2017
4194,lsh123/xmlsec,https://github.com/lsh123/xmlsec/blob/6361f2f86e6d66f596fada39b58de158772260ac/configure.ac#L2031,"dnl ==========================================================================
dnl See do we need RSA support
dnl ==========================================================================",[],Autotool,0,2031,2033
4194,lsh123/xmlsec,https://github.com/lsh123/xmlsec/blob/6361f2f86e6d66f596fada39b58de158772260ac/configure.ac#L2047,"dnl ==========================================================================
dnl See do we need x509 support
dnl ==========================================================================",[],Autotool,0,2047,2049
4194,lsh123/xmlsec,https://github.com/lsh123/xmlsec/blob/6361f2f86e6d66f596fada39b58de158772260ac/configure.ac#L2063,"dnl ==========================================================================
dnl See do we need DES support
dnl ==========================================================================",[],Autotool,0,2063,2065
4194,lsh123/xmlsec,https://github.com/lsh123/xmlsec/blob/6361f2f86e6d66f596fada39b58de158772260ac/configure.ac#L2079,"dnl ==========================================================================
dnl See do we need AES support
dnl ==========================================================================",[],Autotool,0,2079,2081
4194,lsh123/xmlsec,https://github.com/lsh123/xmlsec/blob/6361f2f86e6d66f596fada39b58de158772260ac/configure.ac#L2095,"dnl ==========================================================================
dnl See do we need GOST support
dnl ==========================================================================",[],Autotool,0,2095,2097
4194,lsh123/xmlsec,https://github.com/lsh123/xmlsec/blob/6361f2f86e6d66f596fada39b58de158772260ac/configure.ac#L2112,"dnl ==========================================================================
dnl See do we need GOST2012 support
dnl ==========================================================================",[],Autotool,0,2112,2114
4194,lsh123/xmlsec,https://github.com/lsh123/xmlsec/blob/6361f2f86e6d66f596fada39b58de158772260ac/configure.ac#L2129,"dnl ==========================================================================
dnl See do we need XMLDSig support
dnl ==========================================================================",[],Autotool,0,2129,2131
4194,lsh123/xmlsec,https://github.com/lsh123/xmlsec/blob/6361f2f86e6d66f596fada39b58de158772260ac/configure.ac#L2145,"dnl ==========================================================================
dnl See do we need XMLEnc support
dnl ==========================================================================",[],Autotool,0,2145,2147
4194,lsh123/xmlsec,https://github.com/lsh123/xmlsec/blob/6361f2f86e6d66f596fada39b58de158772260ac/configure.ac#L2161,"dnl ==========================================================================
dnl See do we need soap support (deprecated)
dnl ==========================================================================",[],Autotool,0,2161,2163
4194,lsh123/xmlsec,https://github.com/lsh123/xmlsec/blob/6361f2f86e6d66f596fada39b58de158772260ac/configure.ac#L2175,"dnl ==========================================================================
dnl See do we need mans
dnl ==========================================================================",[],Autotool,0,2175,2177
4194,lsh123/xmlsec,https://github.com/lsh123/xmlsec/blob/6361f2f86e6d66f596fada39b58de158772260ac/configure.ac#L2190,"dnl ==========================================================================
dnl See do we need docs
dnl ==========================================================================",[],Autotool,0,2190,2192
4194,lsh123/xmlsec,https://github.com/lsh123/xmlsec/blob/6361f2f86e6d66f596fada39b58de158772260ac/configure.ac#L2205,"dnl ==========================================================================
dnl See if we need apps
dnl ==========================================================================",[],Autotool,0,2205,2207
4194,lsh123/xmlsec,https://github.com/lsh123/xmlsec/blob/6361f2f86e6d66f596fada39b58de158772260ac/configure.ac#L2220,"dnl ==========================================================================
dnl Static linking (implies enable_crypto_dl=""no"")
dnl ==========================================================================",[],Autotool,0,2220,2222
4194,lsh123/xmlsec,https://github.com/lsh123/xmlsec/blob/6361f2f86e6d66f596fada39b58de158772260ac/configure.ac#L2236,"dnl ==========================================================================
dnl check if we need dynamic loading support
dnl ==========================================================================",[],Autotool,0,2236,2238
4194,lsh123/xmlsec,https://github.com/lsh123/xmlsec/blob/6361f2f86e6d66f596fada39b58de158772260ac/configure.ac#L2275,"dnl ==========================================================================
dnl check if we need dynamic loading in the xmlsec apps
dnl ==========================================================================",[],Autotool,0,2275,2277
4194,lsh123/xmlsec,https://github.com/lsh123/xmlsec/blob/6361f2f86e6d66f596fada39b58de158772260ac/configure.ac#L2298,"dnl ==========================================================================
dnl Where do we want to install docs
dnl ==========================================================================",[],Autotool,0,2298,2300
4194,lsh123/xmlsec,https://github.com/lsh123/xmlsec/blob/6361f2f86e6d66f596fada39b58de158772260ac/configure.ac#L2314,"dnl ==========================================================================
dnl See do we need Simple Keys Manager
dnl ==========================================================================",[],Autotool,0,2314,2316
4194,lsh123/xmlsec,https://github.com/lsh123/xmlsec/blob/6361f2f86e6d66f596fada39b58de158772260ac/configure.ac#L2326,"dnl ==========================================================================
dnl See do we need templates tests
dnl ==========================================================================",[],Autotool,0,2326,2328
4194,lsh123/xmlsec,https://github.com/lsh123/xmlsec/blob/6361f2f86e6d66f596fada39b58de158772260ac/configure.ac#L2338,"dnl ==========================================================================
dnl Debug
dnl ==========================================================================",[],Autotool,0,2338,2340
4194,lsh123/xmlsec,https://github.com/lsh123/xmlsec/blob/6361f2f86e6d66f596fada39b58de158772260ac/configure.ac#L2350,"dnl ==========================================================================
dnl Warnings as errors
dnl ==========================================================================",[],Autotool,0,2350,2352
4194,lsh123/xmlsec,https://github.com/lsh123/xmlsec/blob/6361f2f86e6d66f596fada39b58de158772260ac/configure.ac#L2362,"dnl ==========================================================================
dnl Profiling
dnl ==========================================================================",[],Autotool,0,2362,2364
4194,lsh123/xmlsec,https://github.com/lsh123/xmlsec/blob/6361f2f86e6d66f596fada39b58de158772260ac/configure.ac#L2374,"dnl ==========================================================================
dnl Pedantic compilation
dnl ==========================================================================",[],Autotool,0,2374,2376
4194,lsh123/xmlsec,https://github.com/lsh123/xmlsec/blob/6361f2f86e6d66f596fada39b58de158772260ac/configure.ac#L2395,"dnl ==========================================================================
dnl Secure memset
dnl ==========================================================================",[],Autotool,0,2395,2397
4194,lsh123/xmlsec,https://github.com/lsh123/xmlsec/blob/6361f2f86e6d66f596fada39b58de158772260ac/configure.ac#L2408,"dnl ==========================================================================
dnl Final steps: xmlsec config
dnl ==========================================================================",[],Autotool,0,2408,2410
4194,lsh123/xmlsec,https://github.com/lsh123/xmlsec/blob/6361f2f86e6d66f596fada39b58de158772260ac/configure.ac#L2416,dnl used in xmlsecConf.sh*,[],Autotool,0,2416,2416
4194,lsh123/xmlsec,https://github.com/lsh123/xmlsec/blob/6361f2f86e6d66f596fada39b58de158772260ac/configure.ac#L2430,# xmlsec-gnutls is using xmlsec-gcrypt,[],Autotool,0,2430,2430
4194,lsh123/xmlsec,https://github.com/lsh123/xmlsec/blob/6361f2f86e6d66f596fada39b58de158772260ac/configure.ac#L2441,"dnl No we will not generate pkg-config file for mscrypto !
dnl XMLSEC_MSCRYPTO_CFLAGS=""$XMLSEC_CORE_CFLAGS $MSCRYPTO_CFLAGS""
dnl XMLSEC_MSCRYPTO_LIBS=""-L${libdir} -l$MSCRYPTO_CRYPTO_LIB $XMLSEC_CORE_LIBS $MSCRYPTO_LIBS"";;
dnl AC_SUBST(XMLSEC_MSCRYPTO_CFLAGS)
dnl AC_SUBST(XMLSEC_MSCRYPTO_LIBS)",[],Autotool,0,2441,2445
4194,lsh123/xmlsec,https://github.com/lsh123/xmlsec/blob/6361f2f86e6d66f596fada39b58de158772260ac/configure.ac#L2447,"dnl No we will not generate pkg-config file for mscng.
dnl XMLSEC_MSCNG_CFLAGS=""$XMLSEC_CORE_CFLAGS $MSCNG_CFLAGS""
dnl XMLSEC_MSCNG_LIBS=""-L${libdir} -l$MSCNG_CRYPTO_LIB $XMLSEC_CORE_LIBS $MSCNG_LIBS"";;
dnl AC_SUBST(XMLSEC_MSCNG_CFLAGS)
dnl AC_SUBST(XMLSEC_MSCNG_LIBS)",[],Autotool,0,2447,2451
4194,lsh123/xmlsec,https://github.com/lsh123/xmlsec/blob/6361f2f86e6d66f596fada39b58de158772260ac/configure.ac#L2475,dnl skip pkg-config file for mscrypto/mscng,[],Autotool,4,2475,2475
4194,lsh123/xmlsec,https://github.com/lsh123/xmlsec/blob/6361f2f86e6d66f596fada39b58de158772260ac/configure.ac#L2482,"dnl ==========================================================================
dnl Writing result files
dnl ==========================================================================",[],Autotool,0,2482,2484
