repoIndex,repoName,linkLocation,comment,keywords,buildSysteminFile,charPosition,startLine,endLine
4355,jbush001/nyuziprocessor,https://github.com/jbush001/nyuziprocessor/blob/a5efd627ae651f7ea2addc0cb9b18f88bb3f9f4c/CMakeLists.txt#L1,"#
# Copyright 2018 Jeff Bush
#
# Licensed under the Apache License, Version 2.0 (the ""License"");
# you may not use this file except in compliance with the License.
# You may obtain a copy of the License at
#
#     http://www.apache.org/licenses/LICENSE-2.0
#
# Unless required by applicable law or agreed to in writing, software
# distributed under the License is distributed on an ""AS IS"" BASIS,
# WITHOUT WARRANTIES OR CONDITIONS OF ANY KIND, either express or implied.
# See the License for the specific language governing permissions and
# limitations under the License.
#",[],CMake,0,1,15
4355,jbush001/nyuziprocessor,https://github.com/jbush001/nyuziprocessor/blob/a5efd627ae651f7ea2addc0cb9b18f88bb3f9f4c/hardware/CMakeLists.txt#L1,"#
# Copyright 2018 Jeff Bush
#
# Licensed under the Apache License, Version 2.0 (the ""License"");
# you may not use this file except in compliance with the License.
# You may obtain a copy of the License at
#
#     http://www.apache.org/licenses/LICENSE-2.0
#
# Unless required by applicable law or agreed to in writing, software
# distributed under the License is distributed on an ""AS IS"" BASIS,
# WITHOUT WARRANTIES OR CONDITIONS OF ANY KIND, either express or implied.
# See the License for the specific language governing permissions and
# limitations under the License.
#",[],CMake,0,1,15
4355,jbush001/nyuziprocessor,https://github.com/jbush001/nyuziprocessor/blob/a5efd627ae651f7ea2addc0cb9b18f88bb3f9f4c/hardware/CMakeLists.txt#L57,"# Version string looks like this:
# ""Verilator 3.920 2018-02-01 rev verilator_3_920""",[],CMake,0,57,58
4355,jbush001/nyuziprocessor,https://github.com/jbush001/nyuziprocessor/blob/a5efd627ae651f7ea2addc0cb9b18f88bb3f9f4c/hardware/CMakeLists.txt#L77,"# When the clean target is run, this will delete source code files generated
# by Verilator.",[],CMake,0,77,78
4355,jbush001/nyuziprocessor,https://github.com/jbush001/nyuziprocessor/blob/a5efd627ae651f7ea2addc0cb9b18f88bb3f9f4c/hardware/CMakeLists.txt#L82,# Target for VCS simulator,[],CMake,0,82,82
4355,jbush001/nyuziprocessor,https://github.com/jbush001/nyuziprocessor/blob/a5efd627ae651f7ea2addc0cb9b18f88bb3f9f4c/hardware/CMakeLists.txt#L89,"# The 'autos' target expands Verilog Mode macros using emacs in batch mode.
# https://www.veripool.org/wiki/verilog-mode",[],CMake,0,89,90
4355,jbush001/nyuziprocessor,https://github.com/jbush001/nyuziprocessor/blob/a5efd627ae651f7ea2addc0cb9b18f88bb3f9f4c/hardware/CMakeLists.txt#L102,# ensure they are at least syntactically correct.,[],CMake,0,102,102
4355,jbush001/nyuziprocessor,https://github.com/jbush001/nyuziprocessor/blob/a5efd627ae651f7ea2addc0cb9b18f88bb3f9f4c/hardware/CMakeLists.txt#L108,"# This extracts all SRAMs from the design and creates separate instances for each
# unique width/size configuration. This is intended for ASIC memory compiler tools.",[],CMake,0,108,109
4355,jbush001/nyuziprocessor,https://github.com/jbush001/nyuziprocessor/blob/a5efd627ae651f7ea2addc0cb9b18f88bb3f9f4c/hardware/fpga/de2-115/CMakeLists.txt#L1,"#
# Copyright 2018 Jeff Bush
#
# Licensed under the Apache License, Version 2.0 (the ""License"");
# you may not use this file except in compliance with the License.
# You may obtain a copy of the License at
#
#     http://www.apache.org/licenses/LICENSE-2.0
#
# Unless required by applicable law or agreed to in writing, software
# distributed under the License is distributed on an ""AS IS"" BASIS,
# WITHOUT WARRANTIES OR CONDITIONS OF ANY KIND, either express or implied.
# See the License for the specific language governing permissions and
# limitations under the License.
#",[],CMake,0,1,15
4355,jbush001/nyuziprocessor,https://github.com/jbush001/nyuziprocessor/blob/a5efd627ae651f7ea2addc0cb9b18f88bb3f9f4c/software/CMakeLists.txt#L1,"#
# Copyright 2018 Jeff Bush
#
# Licensed under the Apache License, Version 2.0 (the ""License"");
# you may not use this file except in compliance with the License.
# You may obtain a copy of the License at
#
#     http://www.apache.org/licenses/LICENSE-2.0
#
# Unless required by applicable law or agreed to in writing, software
# distributed under the License is distributed on an ""AS IS"" BASIS,
# WITHOUT WARRANTIES OR CONDITIONS OF ANY KIND, either express or implied.
# See the License for the specific language governing permissions and
# limitations under the License.
#",[],CMake,0,1,15
4355,jbush001/nyuziprocessor,https://github.com/jbush001/nyuziprocessor/blob/a5efd627ae651f7ea2addc0cb9b18f88bb3f9f4c/software/apps/CMakeLists.txt#L1,"#
# Copyright 2018 Jeff Bush
#
# Licensed under the Apache License, Version 2.0 (the ""License"");
# you may not use this file except in compliance with the License.
# You may obtain a copy of the License at
#
#     http://www.apache.org/licenses/LICENSE-2.0
#
# Unless required by applicable law or agreed to in writing, software
# distributed under the License is distributed on an ""AS IS"" BASIS,
# WITHOUT WARRANTIES OR CONDITIONS OF ANY KIND, either express or implied.
# See the License for the specific language governing permissions and
# limitations under the License.
#",[],CMake,0,1,15
4355,jbush001/nyuziprocessor,https://github.com/jbush001/nyuziprocessor/blob/a5efd627ae651f7ea2addc0cb9b18f88bb3f9f4c/software/apps/CMakeLists.txt#L28,"# These don't build by default because they require data files that
# are not checked in.",[],CMake,0,28,29
4355,jbush001/nyuziprocessor,https://github.com/jbush001/nyuziprocessor/blob/a5efd627ae651f7ea2addc0cb9b18f88bb3f9f4c/software/apps/colorbars/CMakeLists.txt#L1,"#
# Copyright 2018 Jeff Bush
#
# Licensed under the Apache License, Version 2.0 (the ""License"");
# you may not use this file except in compliance with the License.
# You may obtain a copy of the License at
#
#     http://www.apache.org/licenses/LICENSE-2.0
#
# Unless required by applicable law or agreed to in writing, software
# distributed under the License is distributed on an ""AS IS"" BASIS,
# WITHOUT WARRANTIES OR CONDITIONS OF ANY KIND, either express or implied.
# See the License for the specific language governing permissions and
# limitations under the License.
#",[],CMake,0,1,15
4355,jbush001/nyuziprocessor,https://github.com/jbush001/nyuziprocessor/blob/a5efd627ae651f7ea2addc0cb9b18f88bb3f9f4c/software/apps/consoletest/CMakeLists.txt#L1,"#
# Copyright 2018 Jeff Bush
#
# Licensed under the Apache License, Version 2.0 (the ""License"");
# you may not use this file except in compliance with the License.
# You may obtain a copy of the License at
#
#     http://www.apache.org/licenses/LICENSE-2.0
#
# Unless required by applicable law or agreed to in writing, software
# distributed under the License is distributed on an ""AS IS"" BASIS,
# WITHOUT WARRANTIES OR CONDITIONS OF ANY KIND, either express or implied.
# See the License for the specific language governing permissions and
# limitations under the License.
#",[],CMake,0,1,15
4355,jbush001/nyuziprocessor,https://github.com/jbush001/nyuziprocessor/blob/a5efd627ae651f7ea2addc0cb9b18f88bb3f9f4c/software/apps/doom/CMakeLists.txt#L1,"#
# Copyright 2018 Jeff Bush
#
# Licensed under the Apache License, Version 2.0 (the ""License"");
# you may not use this file except in compliance with the License.
# You may obtain a copy of the License at
#
#     http://www.apache.org/licenses/LICENSE-2.0
#
# Unless required by applicable law or agreed to in writing, software
# distributed under the License is distributed on an ""AS IS"" BASIS,
# WITHOUT WARRANTIES OR CONDITIONS OF ANY KIND, either express or implied.
# See the License for the specific language governing permissions and
# limitations under the License.
#",[],CMake,0,1,15
4355,jbush001/nyuziprocessor,https://github.com/jbush001/nyuziprocessor/blob/a5efd627ae651f7ea2addc0cb9b18f88bb3f9f4c/software/apps/doom/CMakeLists.txt#L88,# Lots of warnings in this code :),[],CMake,0,88,88
4355,jbush001/nyuziprocessor,https://github.com/jbush001/nyuziprocessor/blob/a5efd627ae651f7ea2addc0cb9b18f88bb3f9f4c/software/apps/hello_world/CMakeLists.txt#L1,"#
# Copyright 2018 Jeff Bush
#
# Licensed under the Apache License, Version 2.0 (the ""License"");
# you may not use this file except in compliance with the License.
# You may obtain a copy of the License at
#
#     http://www.apache.org/licenses/LICENSE-2.0
#
# Unless required by applicable law or agreed to in writing, software
# distributed under the License is distributed on an ""AS IS"" BASIS,
# WITHOUT WARRANTIES OR CONDITIONS OF ANY KIND, either express or implied.
# See the License for the specific language governing permissions and
# limitations under the License.
#",[],CMake,0,1,15
4355,jbush001/nyuziprocessor,https://github.com/jbush001/nyuziprocessor/blob/a5efd627ae651f7ea2addc0cb9b18f88bb3f9f4c/software/apps/mandelbrot/CMakeLists.txt#L1,"#
# Copyright 2018 Jeff Bush
#
# Licensed under the Apache License, Version 2.0 (the ""License"");
# you may not use this file except in compliance with the License.
# You may obtain a copy of the License at
#
#     http://www.apache.org/licenses/LICENSE-2.0
#
# Unless required by applicable law or agreed to in writing, software
# distributed under the License is distributed on an ""AS IS"" BASIS,
# WITHOUT WARRANTIES OR CONDITIONS OF ANY KIND, either express or implied.
# See the License for the specific language governing permissions and
# limitations under the License.
#",[],CMake,0,1,15
4355,jbush001/nyuziprocessor,https://github.com/jbush001/nyuziprocessor/blob/a5efd627ae651f7ea2addc0cb9b18f88bb3f9f4c/software/apps/plasma/CMakeLists.txt#L1,"#
# Copyright 2018 Jeff Bush
#
# Licensed under the Apache License, Version 2.0 (the ""License"");
# you may not use this file except in compliance with the License.
# You may obtain a copy of the License at
#
#     http://www.apache.org/licenses/LICENSE-2.0
#
# Unless required by applicable law or agreed to in writing, software
# distributed under the License is distributed on an ""AS IS"" BASIS,
# WITHOUT WARRANTIES OR CONDITIONS OF ANY KIND, either express or implied.
# See the License for the specific language governing permissions and
# limitations under the License.
#",[],CMake,0,1,15
4355,jbush001/nyuziprocessor,https://github.com/jbush001/nyuziprocessor/blob/a5efd627ae651f7ea2addc0cb9b18f88bb3f9f4c/software/apps/quakeview/CMakeLists.txt#L1,"#
# Copyright 2018 Jeff Bush
#
# Licensed under the Apache License, Version 2.0 (the ""License"");
# you may not use this file except in compliance with the License.
# You may obtain a copy of the License at
#
#     http://www.apache.org/licenses/LICENSE-2.0
#
# Unless required by applicable law or agreed to in writing, software
# distributed under the License is distributed on an ""AS IS"" BASIS,
# WITHOUT WARRANTIES OR CONDITIONS OF ANY KIND, either express or implied.
# See the License for the specific language governing permissions and
# limitations under the License.
#",[],CMake,0,1,15
4355,jbush001/nyuziprocessor,https://github.com/jbush001/nyuziprocessor/blob/a5efd627ae651f7ea2addc0cb9b18f88bb3f9f4c/software/apps/rotozoom/CMakeLists.txt#L1,"#
# Copyright 2018 Jeff Bush
#
# Licensed under the Apache License, Version 2.0 (the ""License"");
# you may not use this file except in compliance with the License.
# You may obtain a copy of the License at
#
#     http://www.apache.org/licenses/LICENSE-2.0
#
# Unless required by applicable law or agreed to in writing, software
# distributed under the License is distributed on an ""AS IS"" BASIS,
# WITHOUT WARRANTIES OR CONDITIONS OF ANY KIND, either express or implied.
# See the License for the specific language governing permissions and
# limitations under the License.
#",[],CMake,0,1,15
4355,jbush001/nyuziprocessor,https://github.com/jbush001/nyuziprocessor/blob/a5efd627ae651f7ea2addc0cb9b18f88bb3f9f4c/software/apps/sceneview/CMakeLists.txt#L1,"#
# Copyright 2018 Jeff Bush
#
# Licensed under the Apache License, Version 2.0 (the ""License"");
# you may not use this file except in compliance with the License.
# You may obtain a copy of the License at
#
#     http://www.apache.org/licenses/LICENSE-2.0
#
# Unless required by applicable law or agreed to in writing, software
# distributed under the License is distributed on an ""AS IS"" BASIS,
# WITHOUT WARRANTIES OR CONDITIONS OF ANY KIND, either express or implied.
# See the License for the specific language governing permissions and
# limitations under the License.
#",[],CMake,0,1,15
4355,jbush001/nyuziprocessor,https://github.com/jbush001/nyuziprocessor/blob/a5efd627ae651f7ea2addc0cb9b18f88bb3f9f4c/software/apps/shadow_map/CMakeLists.txt#L1,"#
# Copyright 2018 Jeff Bush
#
# Licensed under the Apache License, Version 2.0 (the ""License"");
# you may not use this file except in compliance with the License.
# You may obtain a copy of the License at
#
#     http://www.apache.org/licenses/LICENSE-2.0
#
# Unless required by applicable law or agreed to in writing, software
# distributed under the License is distributed on an ""AS IS"" BASIS,
# WITHOUT WARRANTIES OR CONDITIONS OF ANY KIND, either express or implied.
# See the License for the specific language governing permissions and
# limitations under the License.
#",[],CMake,0,1,15
4355,jbush001/nyuziprocessor,https://github.com/jbush001/nyuziprocessor/blob/a5efd627ae651f7ea2addc0cb9b18f88bb3f9f4c/software/benchmarks/CMakeLists.txt#L1,"#
# Copyright 2018 Jeff Bush
#
# Licensed under the Apache License, Version 2.0 (the ""License"");
# you may not use this file except in compliance with the License.
# You may obtain a copy of the License at
#
#     http://www.apache.org/licenses/LICENSE-2.0
#
# Unless required by applicable law or agreed to in writing, software
# distributed under the License is distributed on an ""AS IS"" BASIS,
# WITHOUT WARRANTIES OR CONDITIONS OF ANY KIND, either express or implied.
# See the License for the specific language governing permissions and
# limitations under the License.
#",[],CMake,0,1,15
4355,jbush001/nyuziprocessor,https://github.com/jbush001/nyuziprocessor/blob/a5efd627ae651f7ea2addc0cb9b18f88bb3f9f4c/software/benchmarks/dhrystone/CMakeLists.txt#L1,"#
# Copyright 2018 Jeff Bush
#
# Licensed under the Apache License, Version 2.0 (the ""License"");
# you may not use this file except in compliance with the License.
# You may obtain a copy of the License at
#
#     http://www.apache.org/licenses/LICENSE-2.0
#
# Unless required by applicable law or agreed to in writing, software
# distributed under the License is distributed on an ""AS IS"" BASIS,
# WITHOUT WARRANTIES OR CONDITIONS OF ANY KIND, either express or implied.
# See the License for the specific language governing permissions and
# limitations under the License.
#",[],CMake,0,1,15
4355,jbush001/nyuziprocessor,https://github.com/jbush001/nyuziprocessor/blob/a5efd627ae651f7ea2addc0cb9b18f88bb3f9f4c/software/benchmarks/dhrystone/CMakeLists.txt#L25,"# The instructions with Dhrystone indicate function inlining should be
# disabled.",[],CMake,0,25,26
4355,jbush001/nyuziprocessor,https://github.com/jbush001/nyuziprocessor/blob/a5efd627ae651f7ea2addc0cb9b18f88bb3f9f4c/software/benchmarks/hash/CMakeLists.txt#L1,"#
# Copyright 2018 Jeff Bush
#
# Licensed under the Apache License, Version 2.0 (the ""License"");
# you may not use this file except in compliance with the License.
# You may obtain a copy of the License at
#
#     http://www.apache.org/licenses/LICENSE-2.0
#
# Unless required by applicable law or agreed to in writing, software
# distributed under the License is distributed on an ""AS IS"" BASIS,
# WITHOUT WARRANTIES OR CONDITIONS OF ANY KIND, either express or implied.
# See the License for the specific language governing permissions and
# limitations under the License.
#",[],CMake,0,1,15
4355,jbush001/nyuziprocessor,https://github.com/jbush001/nyuziprocessor/blob/a5efd627ae651f7ea2addc0cb9b18f88bb3f9f4c/software/benchmarks/membench/CMakeLists.txt#L1,"#
# Copyright 2018 Jeff Bush
#
# Licensed under the Apache License, Version 2.0 (the ""License"");
# you may not use this file except in compliance with the License.
# You may obtain a copy of the License at
#
#     http://www.apache.org/licenses/LICENSE-2.0
#
# Unless required by applicable law or agreed to in writing, software
# distributed under the License is distributed on an ""AS IS"" BASIS,
# WITHOUT WARRANTIES OR CONDITIONS OF ANY KIND, either express or implied.
# See the License for the specific language governing permissions and
# limitations under the License.
#",[],CMake,0,1,15
4355,jbush001/nyuziprocessor,https://github.com/jbush001/nyuziprocessor/blob/a5efd627ae651f7ea2addc0cb9b18f88bb3f9f4c/software/bootrom/CMakeLists.txt#L1,"#
# Copyright 2018 Jeff Bush
#
# Licensed under the Apache License, Version 2.0 (the ""License"");
# you may not use this file except in compliance with the License.
# You may obtain a copy of the License at
#
#     http://www.apache.org/licenses/LICENSE-2.0
#
# Unless required by applicable law or agreed to in writing, software
# distributed under the License is distributed on an ""AS IS"" BASIS,
# WITHOUT WARRANTIES OR CONDITIONS OF ANY KIND, either express or implied.
# See the License for the specific language governing permissions and
# limitations under the License.
#",[],CMake,0,1,15
4355,jbush001/nyuziprocessor,https://github.com/jbush001/nyuziprocessor/blob/a5efd627ae651f7ea2addc0cb9b18f88bb3f9f4c/software/kernel/CMakeLists.txt#L1,"#
# Copyright 2018 Jeff Bush
#
# Licensed under the Apache License, Version 2.0 (the ""License"");
# you may not use this file except in compliance with the License.
# You may obtain a copy of the License at
#
#     http://www.apache.org/licenses/LICENSE-2.0
#
# Unless required by applicable law or agreed to in writing, software
# distributed under the License is distributed on an ""AS IS"" BASIS,
# WITHOUT WARRANTIES OR CONDITIONS OF ANY KIND, either express or implied.
# See the License for the specific language governing permissions and
# limitations under the License.
#",[],CMake,0,1,15
4355,jbush001/nyuziprocessor,https://github.com/jbush001/nyuziprocessor/blob/a5efd627ae651f7ea2addc0cb9b18f88bb3f9f4c/software/libs/CMakeLists.txt#L1,"#
# Copyright 2018 Jeff Bush
#
# Licensed under the Apache License, Version 2.0 (the ""License"");
# you may not use this file except in compliance with the License.
# You may obtain a copy of the License at
#
#     http://www.apache.org/licenses/LICENSE-2.0
#
# Unless required by applicable law or agreed to in writing, software
# distributed under the License is distributed on an ""AS IS"" BASIS,
# WITHOUT WARRANTIES OR CONDITIONS OF ANY KIND, either express or implied.
# See the License for the specific language governing permissions and
# limitations under the License.
#",[],CMake,0,1,15
4355,jbush001/nyuziprocessor,https://github.com/jbush001/nyuziprocessor/blob/a5efd627ae651f7ea2addc0cb9b18f88bb3f9f4c/software/libs/libc/CMakeLists.txt#L1,"#
# Copyright 2018 Jeff Bush
#
# Licensed under the Apache License, Version 2.0 (the ""License"");
# you may not use this file except in compliance with the License.
# You may obtain a copy of the License at
#
#     http://www.apache.org/licenses/LICENSE-2.0
#
# Unless required by applicable law or agreed to in writing, software
# distributed under the License is distributed on an ""AS IS"" BASIS,
# WITHOUT WARRANTIES OR CONDITIONS OF ANY KIND, either express or implied.
# See the License for the specific language governing permissions and
# limitations under the License.
#",[],CMake,0,1,15
4355,jbush001/nyuziprocessor,https://github.com/jbush001/nyuziprocessor/blob/a5efd627ae651f7ea2addc0cb9b18f88bb3f9f4c/software/libs/libc/CMakeLists.txt#L36,"# dlmalloc is a third party library that has a bunch of warnings.
# I'm not going to modify it, so disabling them.",[],CMake,0,36,37
4355,jbush001/nyuziprocessor,https://github.com/jbush001/nyuziprocessor/blob/a5efd627ae651f7ea2addc0cb9b18f88bb3f9f4c/software/libs/libc/CMakeLists.txt#L41,"# libos-bare and libos-kern share headers, so this doesn't create a dependency
# on one.",[],CMake,0,41,42
4355,jbush001/nyuziprocessor,https://github.com/jbush001/nyuziprocessor/blob/a5efd627ae651f7ea2addc0cb9b18f88bb3f9f4c/software/libs/libconsole/CMakeLists.txt#L1,"#
# Copyright 2018 Jeff Bush
#
# Licensed under the Apache License, Version 2.0 (the ""License"");
# you may not use this file except in compliance with the License.
# You may obtain a copy of the License at
#
#     http://www.apache.org/licenses/LICENSE-2.0
#
# Unless required by applicable law or agreed to in writing, software
# distributed under the License is distributed on an ""AS IS"" BASIS,
# WITHOUT WARRANTIES OR CONDITIONS OF ANY KIND, either express or implied.
# See the License for the specific language governing permissions and
# limitations under the License.
#",[],CMake,0,1,15
4355,jbush001/nyuziprocessor,https://github.com/jbush001/nyuziprocessor/blob/a5efd627ae651f7ea2addc0cb9b18f88bb3f9f4c/software/libs/libconsole/CMakeLists.txt#L26,"# libos-bare and libos-kern share headers, so this doesn't create a dependency
# on one.",[],CMake,0,26,27
4355,jbush001/nyuziprocessor,https://github.com/jbush001/nyuziprocessor/blob/a5efd627ae651f7ea2addc0cb9b18f88bb3f9f4c/software/libs/libos/CMakeLists.txt#L1,"#
# Copyright 2018 Jeff Bush
#
# Licensed under the Apache License, Version 2.0 (the ""License"");
# you may not use this file except in compliance with the License.
# You may obtain a copy of the License at
#
#     http://www.apache.org/licenses/LICENSE-2.0
#
# Unless required by applicable law or agreed to in writing, software
# distributed under the License is distributed on an ""AS IS"" BASIS,
# WITHOUT WARRANTIES OR CONDITIONS OF ANY KIND, either express or implied.
# See the License for the specific language governing permissions and
# limitations under the License.
#",[],CMake,0,1,15
4355,jbush001/nyuziprocessor,https://github.com/jbush001/nyuziprocessor/blob/a5efd627ae651f7ea2addc0cb9b18f88bb3f9f4c/software/libs/libos/bare-metal/CMakeLists.txt#L1,"#
# Copyright 2018 Jeff Bush
#
# Licensed under the Apache License, Version 2.0 (the ""License"");
# you may not use this file except in compliance with the License.
# You may obtain a copy of the License at
#
#     http://www.apache.org/licenses/LICENSE-2.0
#
# Unless required by applicable law or agreed to in writing, software
# distributed under the License is distributed on an ""AS IS"" BASIS,
# WITHOUT WARRANTIES OR CONDITIONS OF ANY KIND, either express or implied.
# See the License for the specific language governing permissions and
# limitations under the License.
#",[],CMake,0,1,15
4355,jbush001/nyuziprocessor,https://github.com/jbush001/nyuziprocessor/blob/a5efd627ae651f7ea2addc0cb9b18f88bb3f9f4c/software/libs/libos/kernel/CMakeLists.txt#L1,"#
# Copyright 2018 Jeff Bush
#
# Licensed under the Apache License, Version 2.0 (the ""License"");
# you may not use this file except in compliance with the License.
# You may obtain a copy of the License at
#
#     http://www.apache.org/licenses/LICENSE-2.0
#
# Unless required by applicable law or agreed to in writing, software
# distributed under the License is distributed on an ""AS IS"" BASIS,
# WITHOUT WARRANTIES OR CONDITIONS OF ANY KIND, either express or implied.
# See the License for the specific language governing permissions and
# limitations under the License.
#",[],CMake,0,1,15
4355,jbush001/nyuziprocessor,https://github.com/jbush001/nyuziprocessor/blob/a5efd627ae651f7ea2addc0cb9b18f88bb3f9f4c/software/libs/librender/CMakeLists.txt#L1,"#
# Copyright 2018 Jeff Bush
#
# Licensed under the Apache License, Version 2.0 (the ""License"");
# you may not use this file except in compliance with the License.
# You may obtain a copy of the License at
#
#     http://www.apache.org/licenses/LICENSE-2.0
#
# Unless required by applicable law or agreed to in writing, software
# distributed under the License is distributed on an ""AS IS"" BASIS,
# WITHOUT WARRANTIES OR CONDITIONS OF ANY KIND, either express or implied.
# See the License for the specific language governing permissions and
# limitations under the License.
#",[],CMake,0,1,15
4355,jbush001/nyuziprocessor,https://github.com/jbush001/nyuziprocessor/blob/a5efd627ae651f7ea2addc0cb9b18f88bb3f9f4c/software/libs/librender/CMakeLists.txt#L30,"# libos-bare and libos-kern share headers, so this doesn't create a dependency
# on one.",[],CMake,0,30,31
4355,jbush001/nyuziprocessor,https://github.com/jbush001/nyuziprocessor/blob/a5efd627ae651f7ea2addc0cb9b18f88bb3f9f4c/tests/CMakeLists.txt#L1,"#
# Copyright 2018 Jeff Bush
#
# Licensed under the Apache License, Version 2.0 (the ""License"");
# you may not use this file except in compliance with the License.
# You may obtain a copy of the License at
#
#     http://www.apache.org/licenses/LICENSE-2.0
#
# Unless required by applicable law or agreed to in writing, software
# distributed under the License is distributed on an ""AS IS"" BASIS,
# WITHOUT WARRANTIES OR CONDITIONS OF ANY KIND, either express or implied.
# See the License for the specific language governing permissions and
# limitations under the License.
#",[],CMake,0,1,15
4355,jbush001/nyuziprocessor,https://github.com/jbush001/nyuziprocessor/blob/a5efd627ae651f7ea2addc0cb9b18f88bb3f9f4c/tests/CMakeLists.txt#L17,"# Write the test configuration file. This is ready by test_harness.py
# to find paths of its dependencies. It is is written in the source
# directory rather than in the build directory so the test harness
# can find it even if this is an out-of-tree build.",[],CMake,0,17,20
4355,jbush001/nyuziprocessor,https://github.com/jbush001/nyuziprocessor/blob/a5efd627ae651f7ea2addc0cb9b18f88bb3f9f4c/tests/CMakeLists.txt#L56,"# This is called 'tests' because 'test' is reserved by cmake.
# I'm not using ctest/add_test here, as I ran into some issues that
# I can't remember now. But it may be worth exploring (or at
# least documenting) later.
# Also: the test target will not rebuild any other modules as dependencies.",[],CMake,0,56,60
4355,jbush001/nyuziprocessor,https://github.com/jbush001/nyuziprocessor/blob/a5efd627ae651f7ea2addc0cb9b18f88bb3f9f4c/tests/CMakeLists.txt#L73,# Save a little time by only running these in one environment,[],CMake,0,73,73
4355,jbush001/nyuziprocessor,https://github.com/jbush001/nyuziprocessor/blob/a5efd627ae651f7ea2addc0cb9b18f88bb3f9f4c/tests/float/CMakeLists.txt#L1,"#
# Copyright 2018 Jeff Bush
#
# Licensed under the Apache License, Version 2.0 (the ""License"");
# you may not use this file except in compliance with the License.
# You may obtain a copy of the License at
#
#     http://www.apache.org/licenses/LICENSE-2.0
#
# Unless required by applicable law or agreed to in writing, software
# distributed under the License is distributed on an ""AS IS"" BASIS,
# WITHOUT WARRANTIES OR CONDITIONS OF ANY KIND, either express or implied.
# See the License for the specific language governing permissions and
# limitations under the License.
#",[],CMake,0,1,15
4355,jbush001/nyuziprocessor,https://github.com/jbush001/nyuziprocessor/blob/a5efd627ae651f7ea2addc0cb9b18f88bb3f9f4c/tests/float/CMakeLists.txt#L30,"# Generate the test cases assembly file, which will be compiled in. This is
# assembly rather than a C array because it builds *much* faster, especially
# with hundreds of thousands of test vectors.",[],CMake,0,30,32
4355,jbush001/nyuziprocessor,https://github.com/jbush001/nyuziprocessor/blob/a5efd627ae651f7ea2addc0cb9b18f88bb3f9f4c/tests/float/gen_float_tests/CMakeLists.txt#L1,"#
# Copyright 2018 Jeff Bush
#
# Licensed under the Apache License, Version 2.0 (the ""License"");
# you may not use this file except in compliance with the License.
# You may obtain a copy of the License at
#
#     http://www.apache.org/licenses/LICENSE-2.0
#
# Unless required by applicable law or agreed to in writing, software
# distributed under the License is distributed on an ""AS IS"" BASIS,
# WITHOUT WARRANTIES OR CONDITIONS OF ANY KIND, either express or implied.
# See the License for the specific language governing permissions and
# limitations under the License.
#",[],CMake,0,1,15
4355,jbush001/nyuziprocessor,https://github.com/jbush001/nyuziprocessor/blob/a5efd627ae651f7ea2addc0cb9b18f88bb3f9f4c/tests/float/gen_float_tests/CMakeLists.txt#L18,"# This needs to be in a subdirectory because you can't have two compilers
# in the same CMakeLists.txt. This builds for the host, the parent directory
# builds for the processor.",[],CMake,0,18,20
4355,jbush001/nyuziprocessor,https://github.com/jbush001/nyuziprocessor/blob/a5efd627ae651f7ea2addc0cb9b18f88bb3f9f4c/tests/fpga/blinky/CMakeLists.txt#L1,"#
# Copyright 2018 Jeff Bush
#
# Licensed under the Apache License, Version 2.0 (the ""License"");
# you may not use this file except in compliance with the License.
# You may obtain a copy of the License at
#
#     http://www.apache.org/licenses/LICENSE-2.0
#
# Unless required by applicable law or agreed to in writing, software
# distributed under the License is distributed on an ""AS IS"" BASIS,
# WITHOUT WARRANTIES OR CONDITIONS OF ANY KIND, either express or implied.
# See the License for the specific language governing permissions and
# limitations under the License.
#",[],CMake,0,1,15
4355,jbush001/nyuziprocessor,https://github.com/jbush001/nyuziprocessor/blob/a5efd627ae651f7ea2addc0cb9b18f88bb3f9f4c/tests/fpga/sdmmc_dump/CMakeLists.txt#L1,"#
# Copyright 2018 Jeff Bush
#
# Licensed under the Apache License, Version 2.0 (the ""License"");
# you may not use this file except in compliance with the License.
# You may obtain a copy of the License at
#
#     http://www.apache.org/licenses/LICENSE-2.0
#
# Unless required by applicable law or agreed to in writing, software
# distributed under the License is distributed on an ""AS IS"" BASIS,
# WITHOUT WARRANTIES OR CONDITIONS OF ANY KIND, either express or implied.
# See the License for the specific language governing permissions and
# limitations under the License.
#",[],CMake,0,1,15
4355,jbush001/nyuziprocessor,https://github.com/jbush001/nyuziprocessor/blob/a5efd627ae651f7ea2addc0cb9b18f88bb3f9f4c/tests/fpga/sdmmc_native/CMakeLists.txt#L1,"#
# Copyright 2018 Jeff Bush
#
# Licensed under the Apache License, Version 2.0 (the ""License"");
# you may not use this file except in compliance with the License.
# You may obtain a copy of the License at
#
#     http://www.apache.org/licenses/LICENSE-2.0
#
# Unless required by applicable law or agreed to in writing, software
# distributed under the License is distributed on an ""AS IS"" BASIS,
# WITHOUT WARRANTIES OR CONDITIONS OF ANY KIND, either express or implied.
# See the License for the specific language governing permissions and
# limitations under the License.
#",[],CMake,0,1,15
4355,jbush001/nyuziprocessor,https://github.com/jbush001/nyuziprocessor/blob/a5efd627ae651f7ea2addc0cb9b18f88bb3f9f4c/tests/fpga/uart_chargen/CMakeLists.txt#L1,"#
# Copyright 2018 Jeff Bush
#
# Licensed under the Apache License, Version 2.0 (the ""License"");
# you may not use this file except in compliance with the License.
# You may obtain a copy of the License at
#
#     http://www.apache.org/licenses/LICENSE-2.0
#
# Unless required by applicable law or agreed to in writing, software
# distributed under the License is distributed on an ""AS IS"" BASIS,
# WITHOUT WARRANTIES OR CONDITIONS OF ANY KIND, either express or implied.
# See the License for the specific language governing permissions and
# limitations under the License.
#",[],CMake,0,1,15
4355,jbush001/nyuziprocessor,https://github.com/jbush001/nyuziprocessor/blob/a5efd627ae651f7ea2addc0cb9b18f88bb3f9f4c/tools/CMakeLists.txt#L1,"#
# Copyright 2018 Jeff Bush
#
# Licensed under the Apache License, Version 2.0 (the ""License"");
# you may not use this file except in compliance with the License.
# You may obtain a copy of the License at
#
#     http://www.apache.org/licenses/LICENSE-2.0
#
# Unless required by applicable law or agreed to in writing, software
# distributed under the License is distributed on an ""AS IS"" BASIS,
# WITHOUT WARRANTIES OR CONDITIONS OF ANY KIND, either express or implied.
# See the License for the specific language governing permissions and
# limitations under the License.
#",[],CMake,0,1,15
4355,jbush001/nyuziprocessor,https://github.com/jbush001/nyuziprocessor/blob/a5efd627ae651f7ea2addc0cb9b18f88bb3f9f4c/tools/CMakeLists.txt#L24,#add_subdirectory(visualizer EXCLUDE_FROM_ALL),[],CMake,0,24,24
4355,jbush001/nyuziprocessor,https://github.com/jbush001/nyuziprocessor/blob/a5efd627ae651f7ea2addc0cb9b18f88bb3f9f4c/tools/emulator/CMakeLists.txt#L1,"#
# Copyright 2018 Jeff Bush
#
# Licensed under the Apache License, Version 2.0 (the ""License"");
# you may not use this file except in compliance with the License.
# You may obtain a copy of the License at
#
#     http://www.apache.org/licenses/LICENSE-2.0
#
# Unless required by applicable law or agreed to in writing, software
# distributed under the License is distributed on an ""AS IS"" BASIS,
# WITHOUT WARRANTIES OR CONDITIONS OF ANY KIND, either express or implied.
# See the License for the specific language governing permissions and
# limitations under the License.
#",[],CMake,0,1,15
4355,jbush001/nyuziprocessor,https://github.com/jbush001/nyuziprocessor/blob/a5efd627ae651f7ea2addc0cb9b18f88bb3f9f4c/tools/emulator/CMakeLists.txt#L32,# Work around Linux build error w/ trailing space,[],CMake,47,32,32
4355,jbush001/nyuziprocessor,https://github.com/jbush001/nyuziprocessor/blob/a5efd627ae651f7ea2addc0cb9b18f88bb3f9f4c/tools/mkfs/CMakeLists.txt#L1,"#
# Copyright 2018 Jeff Bush
#
# Licensed under the Apache License, Version 2.0 (the ""License"");
# you may not use this file except in compliance with the License.
# You may obtain a copy of the License at
#
#     http://www.apache.org/licenses/LICENSE-2.0
#
# Unless required by applicable law or agreed to in writing, software
# distributed under the License is distributed on an ""AS IS"" BASIS,
# WITHOUT WARRANTIES OR CONDITIONS OF ANY KIND, either express or implied.
# See the License for the specific language governing permissions and
# limitations under the License.
#",[],CMake,0,1,15
4355,jbush001/nyuziprocessor,https://github.com/jbush001/nyuziprocessor/blob/a5efd627ae651f7ea2addc0cb9b18f88bb3f9f4c/tools/repak/CMakeLists.txt#L1,"#
# Copyright 2018 Jeff Bush
#
# Licensed under the Apache License, Version 2.0 (the ""License"");
# you may not use this file except in compliance with the License.
# You may obtain a copy of the License at
#
#     http://www.apache.org/licenses/LICENSE-2.0
#
# Unless required by applicable law or agreed to in writing, software
# distributed under the License is distributed on an ""AS IS"" BASIS,
# WITHOUT WARRANTIES OR CONDITIONS OF ANY KIND, either express or implied.
# See the License for the specific language governing permissions and
# limitations under the License.
#",[],CMake,0,1,15
4355,jbush001/nyuziprocessor,https://github.com/jbush001/nyuziprocessor/blob/a5efd627ae651f7ea2addc0cb9b18f88bb3f9f4c/tools/serial_boot/CMakeLists.txt#L1,"#
# Copyright 2018 Jeff Bush
#
# Licensed under the Apache License, Version 2.0 (the ""License"");
# you may not use this file except in compliance with the License.
# You may obtain a copy of the License at
#
#     http://www.apache.org/licenses/LICENSE-2.0
#
# Unless required by applicable law or agreed to in writing, software
# distributed under the License is distributed on an ""AS IS"" BASIS,
# WITHOUT WARRANTIES OR CONDITIONS OF ANY KIND, either express or implied.
# See the License for the specific language governing permissions and
# limitations under the License.
#",[],CMake,0,1,15
4355,jbush001/nyuziprocessor,https://github.com/jbush001/nyuziprocessor/blob/a5efd627ae651f7ea2addc0cb9b18f88bb3f9f4c/tools/visualizer/CMakeLists.txt#L1,"#
# Copyright 2018 Jeff Bush
#
# Licensed under the Apache License, Version 2.0 (the ""License"");
# you may not use this file except in compliance with the License.
# You may obtain a copy of the License at
#
#     http://www.apache.org/licenses/LICENSE-2.0
#
# Unless required by applicable law or agreed to in writing, software
# distributed under the License is distributed on an ""AS IS"" BASIS,
# WITHOUT WARRANTIES OR CONDITIONS OF ANY KIND, either express or implied.
# See the License for the specific language governing permissions and
# limitations under the License.
#",[],CMake,0,1,15
4355,jbush001/nyuziprocessor,https://github.com/jbush001/nyuziprocessor/blob/a5efd627ae651f7ea2addc0cb9b18f88bb3f9f4c/cmake/cline_tool.cmake#L1,"#
# Copyright 2018 Jeff Bush
#
# Licensed under the Apache License, Version 2.0 (the ""License"");
# you may not use this file except in compliance with the License.
# You may obtain a copy of the License at
#
#     http://www.apache.org/licenses/LICENSE-2.0
#
# Unless required by applicable law or agreed to in writing, software
# distributed under the License is distributed on an ""AS IS"" BASIS,
# WITHOUT WARRANTIES OR CONDITIONS OF ANY KIND, either express or implied.
# See the License for the specific language governing permissions and
# limitations under the License.
#",[],CMake,0,1,15
4355,jbush001/nyuziprocessor,https://github.com/jbush001/nyuziprocessor/blob/a5efd627ae651f7ea2addc0cb9b18f88bb3f9f4c/cmake/cline_tool.cmake#L17,# Command line tool that runs on the host system,[],CMake,0,17,17
4355,jbush001/nyuziprocessor,https://github.com/jbush001/nyuziprocessor/blob/a5efd627ae651f7ea2addc0cb9b18f88bb3f9f4c/cmake/nyuzi.cmake#L1,"#
# Copyright 2018 Jeff Bush
#
# Licensed under the Apache License, Version 2.0 (the ""License"");
# you may not use this file except in compliance with the License.
# You may obtain a copy of the License at
#
#     http://www.apache.org/licenses/LICENSE-2.0
#
# Unless required by applicable law or agreed to in writing, software
# distributed under the License is distributed on an ""AS IS"" BASIS,
# WITHOUT WARRANTIES OR CONDITIONS OF ANY KIND, either express or implied.
# See the License for the specific language governing permissions and
# limitations under the License.
#",[],CMake,0,1,15
4355,jbush001/nyuziprocessor,https://github.com/jbush001/nyuziprocessor/blob/a5efd627ae651f7ea2addc0cb9b18f88bb3f9f4c/cmake/nyuzi.cmake#L17,# This module defines targets that are compiled for the Nyuzi instruction set.,[],CMake,0,17,17
4355,jbush001/nyuziprocessor,https://github.com/jbush001/nyuziprocessor/blob/a5efd627ae651f7ea2addc0cb9b18f88bb3f9f4c/cmake/nyuzi.cmake#L28,# LLD does not support these flags,[],CMake,4,28,28
4355,jbush001/nyuziprocessor,https://github.com/jbush001/nyuziprocessor/blob/a5efd627ae651f7ea2addc0cb9b18f88bb3f9f4c/cmake/nyuzi.cmake#L52,# Create the HEX file,[],CMake,4,52,52
4355,jbush001/nyuziprocessor,https://github.com/jbush001/nyuziprocessor/blob/a5efd627ae651f7ea2addc0cb9b18f88bb3f9f4c/cmake/nyuzi.cmake#L57,# Write a disassembly listing file,[],CMake,4,57,57
4355,jbush001/nyuziprocessor,https://github.com/jbush001/nyuziprocessor/blob/a5efd627ae651f7ea2addc0cb9b18f88bb3f9f4c/cmake/nyuzi.cmake#L62,"# If this has an associated FS image, create that now",[],CMake,4,62,62
4355,jbush001/nyuziprocessor,https://github.com/jbush001/nyuziprocessor/blob/a5efd627ae651f7ea2addc0cb9b18f88bb3f9f4c/cmake/nyuzi.cmake#L90,# Create emulator run script,[],CMake,4,90,90
4355,jbush001/nyuziprocessor,https://github.com/jbush001/nyuziprocessor/blob/a5efd627ae651f7ea2addc0cb9b18f88bb3f9f4c/cmake/nyuzi.cmake#L94,# Create debugger run script,[],CMake,4,94,94
4355,jbush001/nyuziprocessor,https://github.com/jbush001/nyuziprocessor/blob/a5efd627ae651f7ea2addc0cb9b18f88bb3f9f4c/cmake/nyuzi.cmake#L98,# Create verilator run script,[],CMake,4,98,98
4355,jbush001/nyuziprocessor,https://github.com/jbush001/nyuziprocessor/blob/a5efd627ae651f7ea2addc0cb9b18f88bb3f9f4c/cmake/nyuzi.cmake#L106,# Create VCS run script (uses VERILOG_ARGS from above),[],CMake,4,106,106
4355,jbush001/nyuziprocessor,https://github.com/jbush001/nyuziprocessor/blob/a5efd627ae651f7ea2addc0cb9b18f88bb3f9f4c/cmake/nyuzi.cmake#L110,# Create FPGA run script,[],CMake,4,110,110
