repoIndex,repoName,linkLocation,comment,keywords,buildSysteminFile,charPosition,startLine,endLine
4800,civetweb/civetweb,https://github.com/civetweb/civetweb/blob/4245a37b436da23e1e148fd35513732169f80b11/CMakeLists.txt#L1,# Use at least CMake 3.3,[],CMake,0,1,1
4800,civetweb/civetweb,https://github.com/civetweb/civetweb/blob/4245a37b436da23e1e148fd35513732169f80b11/CMakeLists.txt#L7,# Set up the project,[],CMake,0,7,7
4800,civetweb/civetweb,https://github.com/civetweb/civetweb/blob/4245a37b436da23e1e148fd35513732169f80b11/CMakeLists.txt#L10,# Detect the platform reliably,[],CMake,0,10,10
4800,civetweb/civetweb,https://github.com/civetweb/civetweb/blob/4245a37b436da23e1e148fd35513732169f80b11/CMakeLists.txt#L24,# Do not allow in source builds,[],CMake,0,24,24
4800,civetweb/civetweb,https://github.com/civetweb/civetweb/blob/4245a37b436da23e1e148fd35513732169f80b11/CMakeLists.txt#L28,# Make sure we can import out CMake functions,[],CMake,0,28,28
4800,civetweb/civetweb,https://github.com/civetweb/civetweb/blob/4245a37b436da23e1e148fd35513732169f80b11/CMakeLists.txt#L31,# Load in the needed CMake modules,[],CMake,0,31,31
4800,civetweb/civetweb,https://github.com/civetweb/civetweb/blob/4245a37b436da23e1e148fd35513732169f80b11/CMakeLists.txt#L51,# CTest automation,[],CMake,0,51,51
4800,civetweb/civetweb,https://github.com/civetweb/civetweb/blob/4245a37b436da23e1e148fd35513732169f80b11/CMakeLists.txt#L55,# C++ wrappers,[],CMake,0,55,55
4800,civetweb/civetweb,https://github.com/civetweb/civetweb/blob/4245a37b436da23e1e148fd35513732169f80b11/CMakeLists.txt#L58,# Thread Stack Size,[],CMake,0,58,58
4800,civetweb/civetweb,https://github.com/civetweb/civetweb/blob/4245a37b436da23e1e148fd35513732169f80b11/CMakeLists.txt#L67,# Serve no files from the web server,[],CMake,0,67,67
4800,civetweb/civetweb,https://github.com/civetweb/civetweb/blob/4245a37b436da23e1e148fd35513732169f80b11/CMakeLists.txt#L71,# Serve no files from the web server,[],CMake,0,71,71
4800,civetweb/civetweb,https://github.com/civetweb/civetweb/blob/4245a37b436da23e1e148fd35513732169f80b11/CMakeLists.txt#L75,# Disable caching,[],CMake,0,75,75
4800,civetweb/civetweb,https://github.com/civetweb/civetweb/blob/4245a37b436da23e1e148fd35513732169f80b11/CMakeLists.txt#L79,# C++ wrappers,[],CMake,0,79,79
4800,civetweb/civetweb,https://github.com/civetweb/civetweb/blob/4245a37b436da23e1e148fd35513732169f80b11/CMakeLists.txt#L83,# IP Version 6,[],CMake,0,83,83
4800,civetweb/civetweb,https://github.com/civetweb/civetweb/blob/4245a37b436da23e1e148fd35513732169f80b11/CMakeLists.txt#L87,# Websocket support,[],CMake,0,87,87
4800,civetweb/civetweb,https://github.com/civetweb/civetweb/blob/4245a37b436da23e1e148fd35513732169f80b11/CMakeLists.txt#L91,# Server statistics support,[],CMake,0,91,91
4800,civetweb/civetweb,https://github.com/civetweb/civetweb/blob/4245a37b436da23e1e148fd35513732169f80b11/CMakeLists.txt#L95,# Memory debugging,[],CMake,0,95,95
4800,civetweb/civetweb,https://github.com/civetweb/civetweb/blob/4245a37b436da23e1e148fd35513732169f80b11/CMakeLists.txt#L99,"# ASAN in debug mode (-fsanitize=address, etc)",[],CMake,0,99,99
4800,civetweb/civetweb,https://github.com/civetweb/civetweb/blob/4245a37b436da23e1e148fd35513732169f80b11/CMakeLists.txt#L103,# ARCH flag,[],CMake,0,103,103
4800,civetweb/civetweb,https://github.com/civetweb/civetweb/blob/4245a37b436da23e1e148fd35513732169f80b11/CMakeLists.txt#L107,# LUA CGI support,[],CMake,0,107,107
4800,civetweb/civetweb,https://github.com/civetweb/civetweb/blob/4245a37b436da23e1e148fd35513732169f80b11/CMakeLists.txt#L111,# zlib compression support,[],CMake,0,111,111
4800,civetweb/civetweb,https://github.com/civetweb/civetweb/blob/4245a37b436da23e1e148fd35513732169f80b11/CMakeLists.txt#L115,# Enable installing CivetWeb executables,[],CMake,0,115,115
4800,civetweb/civetweb,https://github.com/civetweb/civetweb/blob/4245a37b436da23e1e148fd35513732169f80b11/CMakeLists.txt#L117,# Advanced users can disable,[],CMake,52,117,117
4800,civetweb/civetweb,https://github.com/civetweb/civetweb/blob/4245a37b436da23e1e148fd35513732169f80b11/CMakeLists.txt#L120,"# Allow builds to complete with warnings (do not set -Werror)
# CivetWeb Linux support is stable:
# Builds for GCC 4.6 and clang 3.4 are free from warnings.
# However, GCC introduced a couple of new, partially idiotic warnings,
# that can not be disabled using a #pragma directive.
# It seems unreasonable to have all GCC versions warning free, but only
# some selected ones.",[],CMake,0,120,126
4800,civetweb/civetweb,https://github.com/civetweb/civetweb/blob/4245a37b436da23e1e148fd35513732169f80b11/CMakeLists.txt#L136,# Link to the shared LUA library,[],CMake,0,136,136
4800,civetweb/civetweb,https://github.com/civetweb/civetweb/blob/4245a37b436da23e1e148fd35513732169f80b11/CMakeLists.txt#L144,# Lua Third Party Settings,[],CMake,0,144,144
4800,civetweb/civetweb,https://github.com/civetweb/civetweb/blob/4245a37b436da23e1e148fd35513732169f80b11/CMakeLists.txt#L147,# Lua Version,[],CMake,4,147,147
4800,civetweb/civetweb,https://github.com/civetweb/civetweb/blob/4245a37b436da23e1e148fd35513732169f80b11/CMakeLists.txt#L154,# Lua Verification Hash,[],CMake,4,154,154
4800,civetweb/civetweb,https://github.com/civetweb/civetweb/blob/4245a37b436da23e1e148fd35513732169f80b11/CMakeLists.txt#L161,# Lua Filesystem Version,[],CMake,2,161,161
4800,civetweb/civetweb,https://github.com/civetweb/civetweb/blob/4245a37b436da23e1e148fd35513732169f80b11/CMakeLists.txt#L168,# Lua Filesystem Verification Hash,[],CMake,2,168,168
4800,civetweb/civetweb,https://github.com/civetweb/civetweb/blob/4245a37b436da23e1e148fd35513732169f80b11/CMakeLists.txt#L174,# Lua SQLite Version,[],CMake,2,174,174
4800,civetweb/civetweb,https://github.com/civetweb/civetweb/blob/4245a37b436da23e1e148fd35513732169f80b11/CMakeLists.txt#L181,# Lua SQLite Verification Hash,[],CMake,2,181,181
4800,civetweb/civetweb,https://github.com/civetweb/civetweb/blob/4245a37b436da23e1e148fd35513732169f80b11/CMakeLists.txt#L187,# Lua XML Version,[],CMake,2,187,187
4800,civetweb/civetweb,https://github.com/civetweb/civetweb/blob/4245a37b436da23e1e148fd35513732169f80b11/CMakeLists.txt#L194,# Lua XML Verification Hash,[],CMake,2,194,194
4800,civetweb/civetweb,https://github.com/civetweb/civetweb/blob/4245a37b436da23e1e148fd35513732169f80b11/CMakeLists.txt#L200,# SQLite Version,[],CMake,2,200,200
4800,civetweb/civetweb,https://github.com/civetweb/civetweb/blob/4245a37b436da23e1e148fd35513732169f80b11/CMakeLists.txt#L207,# SQLite Verification Hash,[],CMake,2,207,207
4800,civetweb/civetweb,https://github.com/civetweb/civetweb/blob/4245a37b436da23e1e148fd35513732169f80b11/CMakeLists.txt#L214,# Duktape CGI support,[],CMake,0,214,214
4800,civetweb/civetweb,https://github.com/civetweb/civetweb/blob/4245a37b436da23e1e148fd35513732169f80b11/CMakeLists.txt#L218,# SSL support,[],CMake,0,218,218
4800,civetweb/civetweb,https://github.com/civetweb/civetweb/blob/4245a37b436da23e1e148fd35513732169f80b11/CMakeLists.txt#L222,# OpenSSL 1.0 API,[],CMake,0,222,222
4800,civetweb/civetweb,https://github.com/civetweb/civetweb/blob/4245a37b436da23e1e148fd35513732169f80b11/CMakeLists.txt#L226,# OpenSSL 1.1 API,[],CMake,0,226,226
4800,civetweb/civetweb,https://github.com/civetweb/civetweb/blob/4245a37b436da23e1e148fd35513732169f80b11/CMakeLists.txt#L230,# OpenSSL 1.1 API,[],CMake,0,230,230
4800,civetweb/civetweb,https://github.com/civetweb/civetweb/blob/4245a37b436da23e1e148fd35513732169f80b11/CMakeLists.txt#L234,# Dynamically load or link the SSL libraries,[],CMake,0,234,234
4800,civetweb/civetweb,https://github.com/civetweb/civetweb/blob/4245a37b436da23e1e148fd35513732169f80b11/CMakeLists.txt#L242,# Link time optimization,[],CMake,0,242,242
4800,civetweb/civetweb,https://github.com/civetweb/civetweb/blob/4245a37b436da23e1e148fd35513732169f80b11/CMakeLists.txt#L252,# Third Party Download location,[],CMake,0,252,252
4800,civetweb/civetweb,https://github.com/civetweb/civetweb/blob/4245a37b436da23e1e148fd35513732169f80b11/CMakeLists.txt#L257,# Unix systems can define the dynamic library names to load,[],CMake,0,257,257
4800,civetweb/civetweb,https://github.com/civetweb/civetweb/blob/4245a37b436da23e1e148fd35513732169f80b11/CMakeLists.txt#L259,# SSL library name,[],CMake,2,259,259
4800,civetweb/civetweb,https://github.com/civetweb/civetweb/blob/4245a37b436da23e1e148fd35513732169f80b11/CMakeLists.txt#L265,# Crytography library name,[],CMake,2,265,265
4800,civetweb/civetweb,https://github.com/civetweb/civetweb/blob/4245a37b436da23e1e148fd35513732169f80b11/CMakeLists.txt#L272,# Allow warnings in 3rd party components,[],CMake,0,272,272
4800,civetweb/civetweb,https://github.com/civetweb/civetweb/blob/4245a37b436da23e1e148fd35513732169f80b11/CMakeLists.txt#L277,# The C and C++ standards to use,[],CMake,0,277,277
4800,civetweb/civetweb,https://github.com/civetweb/civetweb/blob/4245a37b436da23e1e148fd35513732169f80b11/CMakeLists.txt#L285,# Configure the linker,[],CMake,0,285,285
4800,civetweb/civetweb,https://github.com/civetweb/civetweb/blob/4245a37b436da23e1e148fd35513732169f80b11/CMakeLists.txt#L297,# Configure the C compiler,[],CMake,0,297,297
4800,civetweb/civetweb,https://github.com/civetweb/civetweb/blob/4245a37b436da23e1e148fd35513732169f80b11/CMakeLists.txt#L332,# Coverage build type,[],CMake,0,332,332
4800,civetweb/civetweb,https://github.com/civetweb/civetweb/blob/4245a37b436da23e1e148fd35513732169f80b11/CMakeLists.txt#L354,# Configure the C++ compiler,[],CMake,0,354,354
4800,civetweb/civetweb,https://github.com/civetweb/civetweb/blob/4245a37b436da23e1e148fd35513732169f80b11/CMakeLists.txt#L375,# padding,[],CMake,33,375,375
4800,civetweb/civetweb,https://github.com/civetweb/civetweb/blob/4245a37b436da23e1e148fd35513732169f80b11/CMakeLists.txt#L410,#Warnings: enable everything,[],CMake,2,410,410
4800,civetweb/civetweb,https://github.com/civetweb/civetweb/blob/4245a37b436da23e1e148fd35513732169f80b11/CMakeLists.txt#L418,# VisualStudio highest warning level,[],CMake,27,418,418
4800,civetweb/civetweb,https://github.com/civetweb/civetweb/blob/4245a37b436da23e1e148fd35513732169f80b11/CMakeLists.txt#L420,#Warnings: Disable some warnings,[],CMake,2,420,420
4800,civetweb/civetweb,https://github.com/civetweb/civetweb/blob/4245a37b436da23e1e148fd35513732169f80b11/CMakeLists.txt#L421,# padding in structures by compiler,[],CMake,35,421,421
4800,civetweb/civetweb,https://github.com/civetweb/civetweb/blob/4245a37b436da23e1e148fd35513732169f80b11/CMakeLists.txt#L422,# so what?,[],CMake,42,422,422
4800,civetweb/civetweb,https://github.com/civetweb/civetweb/blob/4245a37b436da23e1e148fd35513732169f80b11/CMakeLists.txt#L425,# for system headers,[],CMake,47,425,425
4800,civetweb/civetweb,https://github.com/civetweb/civetweb/blob/4245a37b436da23e1e148fd35513732169f80b11/CMakeLists.txt#L427,"# printf(myFormatStringVar, ...)",[],CMake,46,427,427
4800,civetweb/civetweb,https://github.com/civetweb/civetweb/blob/4245a37b436da23e1e148fd35513732169f80b11/CMakeLists.txt#L428,# const cast,[],CMake,38,428,428
4800,civetweb/civetweb,https://github.com/civetweb/civetweb/blob/4245a37b436da23e1e148fd35513732169f80b11/CMakeLists.txt#L429,# padding,[],CMake,31,429,429
4800,civetweb/civetweb,https://github.com/civetweb/civetweb/blob/4245a37b436da23e1e148fd35513732169f80b11/CMakeLists.txt#L436,# This policy is needed to override options with variables,[],CMake,2,436,436
4800,civetweb/civetweb,https://github.com/civetweb/civetweb/blob/4245a37b436da23e1e148fd35513732169f80b11/CMakeLists.txt#L439,# Configure what you need/support in Zephyr,[],CMake,2,439,439
4800,civetweb/civetweb,https://github.com/civetweb/civetweb/blob/4245a37b436da23e1e148fd35513732169f80b11/CMakeLists.txt#L482,# Set up the definitions,[],CMake,0,482,482
4800,civetweb/civetweb,https://github.com/civetweb/civetweb/blob/4245a37b436da23e1e148fd35513732169f80b11/CMakeLists.txt#L559,# Set 32 or 64 bit environment,[],CMake,0,559,559
4800,civetweb/civetweb,https://github.com/civetweb/civetweb/blob/4245a37b436da23e1e148fd35513732169f80b11/CMakeLists.txt#L572,# Build the targets,[],CMake,0,572,572
4800,civetweb/civetweb,https://github.com/civetweb/civetweb/blob/4245a37b436da23e1e148fd35513732169f80b11/CMakeLists.txt#L575,# Enable the testing of the library/executable,[],CMake,0,575,575
4800,civetweb/civetweb,https://github.com/civetweb/civetweb/blob/4245a37b436da23e1e148fd35513732169f80b11/CMakeLists.txt#L578,# Check unit testing framework Version,[],CMake,2,578,578
4800,civetweb/civetweb,https://github.com/civetweb/civetweb/blob/4245a37b436da23e1e148fd35513732169f80b11/CMakeLists.txt#L585,"# Check unit testing framework Verification Hash
# Hash for Check 0.10.0: 67a34c40b5bc888737f4e5ae82e9939f
# Hash for Check 0.11.0: 1b14ee307dca8e954a8219c34484d7c4",[],CMake,2,585,587
4800,civetweb/civetweb,https://github.com/civetweb/civetweb/blob/4245a37b436da23e1e148fd35513732169f80b11/CMakeLists.txt#L593,# Build the testing,[],CMake,2,593,593
4800,civetweb/civetweb,https://github.com/civetweb/civetweb/blob/4245a37b436da23e1e148fd35513732169f80b11/CMakeLists.txt#L597,# cmake config file,[],CMake,0,597,597
4800,civetweb/civetweb,https://github.com/civetweb/civetweb/blob/4245a37b436da23e1e148fd35513732169f80b11/CMakeLists.txt#L657,# Set up CPack,[],CMake,0,657,657
4800,civetweb/civetweb,https://github.com/civetweb/civetweb/blob/4245a37b436da23e1e148fd35513732169f80b11/CMakeLists.txt#L673,# RPM Packaging,[],CMake,0,673,673
4800,civetweb/civetweb,https://github.com/civetweb/civetweb/blob/4245a37b436da23e1e148fd35513732169f80b11/CMakeLists.txt#L679,# Debian Packaging,[],CMake,0,679,679
4800,civetweb/civetweb,https://github.com/civetweb/civetweb/blob/4245a37b436da23e1e148fd35513732169f80b11/CMakeLists.txt#L687,# Finalize CPack settings,[],CMake,0,687,687
4800,civetweb/civetweb,https://github.com/civetweb/civetweb/blob/4245a37b436da23e1e148fd35513732169f80b11/src/CMakeLists.txt#L1,# The C API library,[],CMake,0,1,1
4800,civetweb/civetweb,https://github.com/civetweb/civetweb/blob/4245a37b436da23e1e148fd35513732169f80b11/src/CMakeLists.txt#L32,# Need Windows sockets if available,[],CMake,0,32,32
4800,civetweb/civetweb,https://github.com/civetweb/civetweb/blob/4245a37b436da23e1e148fd35513732169f80b11/src/CMakeLists.txt#L38,# We need threading,[],CMake,0,38,38
4800,civetweb/civetweb,https://github.com/civetweb/civetweb/blob/4245a37b436da23e1e148fd35513732169f80b11/src/CMakeLists.txt#L42,# Need the realtime library if we're using timers,[],CMake,0,42,42
4800,civetweb/civetweb,https://github.com/civetweb/civetweb/blob/4245a37b436da23e1e148fd35513732169f80b11/src/CMakeLists.txt#L48,# We need to link OpenSSL if not dynamically loading,[],CMake,0,48,48
4800,civetweb/civetweb,https://github.com/civetweb/civetweb/blob/4245a37b436da23e1e148fd35513732169f80b11/src/CMakeLists.txt#L63,# If Lua support is needed we build some extra Lua libraries,[],CMake,0,63,63
4800,civetweb/civetweb,https://github.com/civetweb/civetweb/blob/4245a37b436da23e1e148fd35513732169f80b11/src/CMakeLists.txt#L67,# Determine if we should print to the output,[],CMake,2,67,67
4800,civetweb/civetweb,https://github.com/civetweb/civetweb/blob/4245a37b436da23e1e148fd35513732169f80b11/src/CMakeLists.txt#L74,# If Lua is static we must build it from source,[],CMake,2,74,74
4800,civetweb/civetweb,https://github.com/civetweb/civetweb/blob/4245a37b436da23e1e148fd35513732169f80b11/src/CMakeLists.txt#L118,# Lua Filesystem Support,[],CMake,2,118,118
4800,civetweb/civetweb,https://github.com/civetweb/civetweb/blob/4245a37b436da23e1e148fd35513732169f80b11/src/CMakeLists.txt#L143,# Lua SQLite Support,[],CMake,2,143,143
4800,civetweb/civetweb,https://github.com/civetweb/civetweb/blob/4245a37b436da23e1e148fd35513732169f80b11/src/CMakeLists.txt#L175,# Lua XML Support,[],CMake,2,175,175
4800,civetweb/civetweb,https://github.com/civetweb/civetweb/blob/4245a37b436da23e1e148fd35513732169f80b11/src/CMakeLists.txt#L216,# SQLite Support,[],CMake,2,216,216
4800,civetweb/civetweb,https://github.com/civetweb/civetweb/blob/4245a37b436da23e1e148fd35513732169f80b11/src/CMakeLists.txt#L245,# Link all the Lua libraries,[],CMake,2,245,245
4800,civetweb/civetweb,https://github.com/civetweb/civetweb/blob/4245a37b436da23e1e148fd35513732169f80b11/src/CMakeLists.txt#L255,# The web server executable,[],CMake,0,255,255
4800,civetweb/civetweb,https://github.com/civetweb/civetweb/blob/4245a37b436da23e1e148fd35513732169f80b11/src/CMakeLists.txt#L298,# The C++ API library,[],CMake,0,298,298
4800,civetweb/civetweb,https://github.com/civetweb/civetweb/blob/4245a37b436da23e1e148fd35513732169f80b11/src/CMakeLists.txt#L330,# Configure lookup behavior in civetweb config,[],CMake,0,330,330
4800,civetweb/civetweb,https://github.com/civetweb/civetweb/blob/4245a37b436da23e1e148fd35513732169f80b11/unittest/CMakeLists.txt#L1,# Determine if we should print to the output,[],CMake,0,1,1
4800,civetweb/civetweb,https://github.com/civetweb/civetweb/blob/4245a37b436da23e1e148fd35513732169f80b11/unittest/CMakeLists.txt#L10,# We use the check unit testing framework for our C unit tests,[],CMake,0,10,10
4800,civetweb/civetweb,https://github.com/civetweb/civetweb/blob/4245a37b436da23e1e148fd35513732169f80b11/unittest/CMakeLists.txt#L18,## Print what version of the CHECK unit test framework we are using,[],CMake,0,18,18
4800,civetweb/civetweb,https://github.com/civetweb/civetweb/blob/4245a37b436da23e1e148fd35513732169f80b11/unittest/CMakeLists.txt#L64,# Build the C unit tests,[],CMake,0,64,64
4800,civetweb/civetweb,https://github.com/civetweb/civetweb/blob/4245a37b436da23e1e148fd35513732169f80b11/unittest/CMakeLists.txt#L125,# Add a check command that builds the dependent test program,[],CMake,0,125,125
4800,civetweb/civetweb,https://github.com/civetweb/civetweb/blob/4245a37b436da23e1e148fd35513732169f80b11/unittest/CMakeLists.txt#L130,# A macro for adding tests,[],CMake,0,130,130
4800,civetweb/civetweb,https://github.com/civetweb/civetweb/blob/4245a37b436da23e1e148fd35513732169f80b11/unittest/CMakeLists.txt#L146,# Tests of private functions,[],CMake,0,146,146
4800,civetweb/civetweb,https://github.com/civetweb/civetweb/blob/4245a37b436da23e1e148fd35513732169f80b11/unittest/CMakeLists.txt#L165,# Public API function tests,[],CMake,0,165,165
4800,civetweb/civetweb,https://github.com/civetweb/civetweb/blob/4245a37b436da23e1e148fd35513732169f80b11/unittest/CMakeLists.txt#L176,# Public API server tests,[],CMake,0,176,176
4800,civetweb/civetweb,https://github.com/civetweb/civetweb/blob/4245a37b436da23e1e148fd35513732169f80b11/unittest/CMakeLists.txt#L199,# Timer tests,[],CMake,0,199,199
4800,civetweb/civetweb,https://github.com/civetweb/civetweb/blob/4245a37b436da23e1e148fd35513732169f80b11/unittest/CMakeLists.txt#L204,# Tests with main.c,[],CMake,0,204,204
4800,civetweb/civetweb,https://github.com/civetweb/civetweb/blob/4245a37b436da23e1e148fd35513732169f80b11/unittest/CMakeLists.txt#L208,# Add the coverage command(s),[],CMake,0,208,208
4800,civetweb/civetweb,https://github.com/civetweb/civetweb/blob/4245a37b436da23e1e148fd35513732169f80b11/cmake/AddCCompilerFlag.cmake#L1,"# - Adds a compiler flag if it is supported by the compiler
#
# This function checks that the supplied compiler flag is supported and then
# adds it to the corresponding compiler flags
#
#  add_c_compiler_flag(<FLAG> [<VARIANT>])
#
# - Example
#
# include(AddCCompilerFlag)
# add_c_compiler_flag(-Wall)
# add_c_compiler_flag(-no-strict-aliasing RELEASE)
# Requires CMake 2.6+",[],CMake,0,1,13
4800,civetweb/civetweb,https://github.com/civetweb/civetweb/blob/4245a37b436da23e1e148fd35513732169f80b11/cmake/AddCXXCompilerFlag.cmake#L1,"# - Adds a compiler flag if it is supported by the compiler
#
# This function checks that the supplied compiler flag is supported and then
# adds it to the corresponding compiler flags
#
#  add_cxx_compiler_flag(<FLAG> [<VARIANT>])
#
# - Example
#
# include(AddCXXCompilerFlag)
# add_cxx_compiler_flag(-Wall)
# add_cxx_compiler_flag(-no-strict-aliasing RELEASE)
# Requires CMake 2.6+",[],CMake,0,1,13
4800,civetweb/civetweb,https://github.com/civetweb/civetweb/blob/4245a37b436da23e1e148fd35513732169f80b11/cmake/DetermineTargetArchitecture.cmake#L1,"# - Determines the target architecture of the compilation
#
# This function checks the architecture that will be built by the compiler
# and sets a variable to the architecture
#
#  determine_target_architecture(<OUTPUT_VAR>)
#
# - Example
#
# include(DetermineTargetArchitecture)
# determine_target_architecture(PROJECT_NAME_ARCHITECTURE)",[],CMake,0,1,11
4800,civetweb/civetweb,https://github.com/civetweb/civetweb/blob/4245a37b436da23e1e148fd35513732169f80b11/cmake/FindLibDl.cmake#L1,"#.rst:
# FindLibDl
# --------
#
# Find the native realtime includes and library.
#
# IMPORTED Targets
# ^^^^^^^^^^^^^^^^
#
# This module defines :prop_tgt:`IMPORTED` target ``LIBDL::LIBDL``, if
# LIBDL has been found.
#
# Result Variables
# ^^^^^^^^^^^^^^^^
#
# This module defines the following variables:
#
# ::
#
#   LIBDL_INCLUDE_DIRS  - where to find dlfcn.h, etc.
#   LIBDL_LIBRARIES     - List of libraries when using libdl.
#   LIBDL_FOUND         - True if dynamic linking library found.
#
# Hints
# ^^^^^
#
# A user may set ``LIBDL_ROOT`` to a library installation root to tell this
# module where to look.",[],CMake,0,1,28
4800,civetweb/civetweb,https://github.com/civetweb/civetweb/blob/4245a37b436da23e1e148fd35513732169f80b11/cmake/FindLibM.cmake#L1,"#.rst:
# FindLibM
# --------
#
# Find the native realtime includes and library.
#
# IMPORTED Targets
# ^^^^^^^^^^^^^^^^
#
# This module defines :prop_tgt:`IMPORTED` target ``LIBM::LIBM``, if
# LIBM has been found.
#
# Result Variables
# ^^^^^^^^^^^^^^^^
#
# This module defines the following variables:
#
# ::
#
#   LIBM_INCLUDE_DIRS  - where to find math.h, etc.
#   LIBM_LIBRARIES     - List of libraries when using libm.
#   LIBM_FOUND         - True if math library found.
#
# Hints
# ^^^^^
#
# A user may set ``LIBM_ROOT`` to a math library installation root to tell this
# module where to look.",[],CMake,0,1,28
4800,civetweb/civetweb,https://github.com/civetweb/civetweb/blob/4245a37b436da23e1e148fd35513732169f80b11/cmake/FindLibRt.cmake#L1,"#.rst:
# FindLibRt
# --------
#
# Find the native realtime includes and library.
#
# IMPORTED Targets
# ^^^^^^^^^^^^^^^^
#
# This module defines :prop_tgt:`IMPORTED` target ``LIBRT::LIBRT``, if
# LIBRT has been found.
#
# Result Variables
# ^^^^^^^^^^^^^^^^
#
# This module defines the following variables:
#
# ::
#
#   LIBRT_INCLUDE_DIRS  - where to find time.h, etc.
#   LIBRT_LIBRARIES     - List of libraries when using librt.
#   LIBRT_FOUND         - True if realtime library found.
#
# Hints
# ^^^^^
#
# A user may set ``LIBRT_ROOT`` to a realtime installation root to tell this
# module where to look.",[],CMake,0,1,28
4800,civetweb/civetweb,https://github.com/civetweb/civetweb/blob/4245a37b436da23e1e148fd35513732169f80b11/cmake/FindWinSock.cmake#L1,"#.rst:
# FindWinSock
# --------
#
# Find the native realtime includes and library.
#
# IMPORTED Targets
# ^^^^^^^^^^^^^^^^
#
# This module defines :prop_tgt:`IMPORTED` target ``WINSOCK::WINSOCK``, if
# WINSOCK has been found.
#
# Result Variables
# ^^^^^^^^^^^^^^^^
#
# This module defines the following variables:
#
# ::
#
#   WINSOCK_INCLUDE_DIRS  - where to find winsock.h, etc.
#   WINSOCK_LIBRARIES     - List of libraries when using librt.
#   WINSOCK_FOUND         - True if realtime library found.
#
# Hints
# ^^^^^
#
# A user may set ``WINSOCK_ROOT`` to a realtime installation root to tell this
# module where to look.",[],CMake,0,1,28
4800,civetweb/civetweb,https://github.com/civetweb/civetweb/blob/4245a37b436da23e1e148fd35513732169f80b11/cmake/FindWinSock.cmake#L79,"# On Unix-like host systems, search dirs are separated by ':'.
# Thus we need to replace ':' with ';' to make a valid cmake list.",[],CMake,6,79,80
