repoIndex,repoName,linkLocation,comment,keywords,buildSysteminFile,charPosition,startLine,endLine
5314,ithewei/libhv,https://github.com/ithewei/libhv/blob/4ad9281ac65d6dcea3e55b9193d1cc10d6c74db1/Makefile.in#L1,"#+++++++++++++++++++++++++++++++++configure++++++++++++++++++++++++++++++++++++++++
# OS=Windows,Linux,Android
# ARCH=x86,x86_64,arm,aarch64
# CC  = $(CROSS_COMPILE)gcc
# CXX = $(CROSS_COMPILE)g++
# CPPFLAGS += $(addprefix -D, $(DEFINES))
# CPPFLAGS += $(addprefix -I, $(SRCDIRS))
# CPPFLAGS += $(addprefix -I, $(INCDIRS))
# LDFLAGS  += $(addprefix -L, $(LIBDIRS))
# LDFLAGS  += $(addprefix -l, $(LIBS))
#
# Usage:
# make all \
# TARGET=libxx \
# TARGET_TYPE=SHARED \
# BUILD_TYPE=DEBUG \
# CROSS_COMPILE=arm-linux-androideabi- \
# SRCDIRS=""src/base src/event"" \
# INCDIRS=""src/util"" \
# SRCS=""src/util/hmain.cpp src/util/iniparser.cpp"" \
# DEFINES=USE_OPENCV \
# LIBS=""opencv_core opencv_highgui""
#+++++++++++++++++++++++++++++++++++++++++++++++++++++++++++++++++++++++++++++++++++",[],Autotool,0,1,23
5314,ithewei/libhv,https://github.com/ithewei/libhv/blob/4ad9281ac65d6dcea3e55b9193d1cc10d6c74db1/Makefile.in#L26,# VARIABLES,[],Autotool,0,26,26
5314,ithewei/libhv,https://github.com/ithewei/libhv/blob/4ad9281ac65d6dcea3e55b9193d1cc10d6c74db1/Makefile.in#L28,"# BUILD_TYPE=DEBUG,RELEASE",[],Autotool,0,28,28
5314,ithewei/libhv,https://github.com/ithewei/libhv/blob/4ad9281ac65d6dcea3e55b9193d1cc10d6c74db1/Makefile.in#L30,"# TARGET_TYPE=EXECUTABLE,SHARED,STATIC,SHARED|STATIC",[],Autotool,0,30,30
5314,ithewei/libhv,https://github.com/ithewei/libhv/blob/4ad9281ac65d6dcea3e55b9193d1cc10d6c74db1/Makefile.in#L33,# COMMANDS,[],Autotool,0,33,33
5314,ithewei/libhv,https://github.com/ithewei/libhv/blob/4ad9281ac65d6dcea3e55b9193d1cc10d6c74db1/Makefile.in#L49,"# PLATFORM: OS, ARCH",[],Autotool,0,49,49
5314,ithewei/libhv,https://github.com/ithewei/libhv/blob/4ad9281ac65d6dcea3e55b9193d1cc10d6c74db1/Makefile.in#L69,"# CFLAGS, CXXFLAGS, ARFLAGS",[],Autotool,0,69,69
5314,ithewei/libhv,https://github.com/ithewei/libhv/blob/4ad9281ac65d6dcea3e55b9193d1cc10d6c74db1/Makefile.in#L98,# DIRS,[],Autotool,0,98,98
5314,ithewei/libhv,https://github.com/ithewei/libhv/blob/4ad9281ac65d6dcea3e55b9193d1cc10d6c74db1/Makefile.in#L118,# CPPFLAGS,[],Autotool,0,118,118
5314,ithewei/libhv,https://github.com/ithewei/libhv/blob/4ad9281ac65d6dcea3e55b9193d1cc10d6c74db1/Makefile.in#L144,# LDFLAGS,[],Autotool,0,144,144
5314,ithewei/libhv,https://github.com/ithewei/libhv/blob/4ad9281ac65d6dcea3e55b9193d1cc10d6c74db1/Makefile.in#L193,"# for clock_gettime, clang not -lrt",[],Autotool,17,193,193
5314,ithewei/libhv,https://github.com/ithewei/libhv/blob/4ad9281ac65d6dcea3e55b9193d1cc10d6c74db1/Makefile.in#L207,"# OBJS += $(patsubst %.c, %.o, $(SRCS))
# OBJS += $(patsubst %.cc, %.o, $(SRCS))
# OBJS += $(patsubst %.cpp, %.o, $(SRCS))",[],Autotool,0,207,209
5314,ithewei/libhv,https://github.com/ithewei/libhv/blob/4ad9281ac65d6dcea3e55b9193d1cc10d6c74db1/Makefile.in#L216,# info,[],Autotool,0,216,216
5314,ithewei/libhv,https://github.com/ithewei/libhv/blob/4ad9281ac65d6dcea3e55b9193d1cc10d6c74db1/Makefile.in#L238,"# $(info INSTALLED_INCS=$(INSTALLED_INCS))
# $(info INSTALLED_LIBS=$(INSTALLED_LIBS))
# $(info INSTALLED_BINS=$(INSTALLED_BINS))",[],Autotool,0,238,240
5314,ithewei/libhv,https://github.com/ithewei/libhv/blob/4ad9281ac65d6dcea3e55b9193d1cc10d6c74db1/Makefile.in#L276,"#$(RM) $(LIBDIR)
#$(RM) $(BINDIR)",[],Autotool,1,276,277
5314,ithewei/libhv,https://github.com/ithewei/libhv/blob/4ad9281ac65d6dcea3e55b9193d1cc10d6c74db1/CMakeLists.txt#L11,# see config.ini,[],CMake,0,11,11
5314,ithewei/libhv,https://github.com/ithewei/libhv/blob/4ad9281ac65d6dcea3e55b9193d1cc10d6c74db1/CMakeLists.txt#L47,"# see configure
# Checks for header files",[],CMake,0,47,48
5314,ithewei/libhv,https://github.com/ithewei/libhv/blob/4ad9281ac65d6dcea3e55b9193d1cc10d6c74db1/CMakeLists.txt#L60,# Checks for functions,[],CMake,0,60,60
5314,ithewei/libhv,https://github.com/ithewei/libhv/blob/4ad9281ac65d6dcea3e55b9193d1cc10d6c74db1/CMakeLists.txt#L79,# see Makefile.in,[],CMake,0,79,79
5314,ithewei/libhv,https://github.com/ithewei/libhv/blob/4ad9281ac65d6dcea3e55b9193d1cc10d6c74db1/CMakeLists.txt#L169,# see Makefile,[],CMake,0,169,169
5314,ithewei/libhv,https://github.com/ithewei/libhv/blob/4ad9281ac65d6dcea3e55b9193d1cc10d6c74db1/CMakeLists.txt#L256,# for httpd -c etc/httpd.conf,[],CMake,4,256,256
5314,ithewei/libhv,https://github.com/ithewei/libhv/blob/4ad9281ac65d6dcea3e55b9193d1cc10d6c74db1/examples/CMakeLists.txt#L67,# hmain_test,[],CMake,4,67,67
5314,ithewei/libhv,https://github.com/ithewei/libhv/blob/4ad9281ac65d6dcea3e55b9193d1cc10d6c74db1/examples/CMakeLists.txt#L71,# nmap,[],CMake,4,71,71
5314,ithewei/libhv,https://github.com/ithewei/libhv/blob/4ad9281ac65d6dcea3e55b9193d1cc10d6c74db1/examples/CMakeLists.txt#L81,# wrk,[],CMake,4,81,81
5314,ithewei/libhv,https://github.com/ithewei/libhv/blob/4ad9281ac65d6dcea3e55b9193d1cc10d6c74db1/examples/CMakeLists.txt#L89,# http_server_test,[],CMake,4,89,89
5314,ithewei/libhv,https://github.com/ithewei/libhv/blob/4ad9281ac65d6dcea3e55b9193d1cc10d6c74db1/examples/CMakeLists.txt#L93,# websocket_server_test,[],CMake,4,93,93
5314,ithewei/libhv,https://github.com/ithewei/libhv/blob/4ad9281ac65d6dcea3e55b9193d1cc10d6c74db1/examples/CMakeLists.txt#L103,# curl,[],CMake,4,103,103
5314,ithewei/libhv,https://github.com/ithewei/libhv/blob/4ad9281ac65d6dcea3e55b9193d1cc10d6c74db1/examples/CMakeLists.txt#L114,# wget,[],CMake,4,114,114
5314,ithewei/libhv,https://github.com/ithewei/libhv/blob/4ad9281ac65d6dcea3e55b9193d1cc10d6c74db1/examples/CMakeLists.txt#L118,# consul,[],CMake,4,118,118
5314,ithewei/libhv,https://github.com/ithewei/libhv/blob/4ad9281ac65d6dcea3e55b9193d1cc10d6c74db1/examples/CMakeLists.txt#L124,# http_client_test,[],CMake,4,124,124
5314,ithewei/libhv,https://github.com/ithewei/libhv/blob/4ad9281ac65d6dcea3e55b9193d1cc10d6c74db1/examples/CMakeLists.txt#L128,# websocket_client_test,[],CMake,4,128,128
5314,ithewei/libhv,https://github.com/ithewei/libhv/blob/4ad9281ac65d6dcea3e55b9193d1cc10d6c74db1/examples/CMakeLists.txt#L135,# httpd,[],CMake,8,135,135
5314,ithewei/libhv,https://github.com/ithewei/libhv/blob/4ad9281ac65d6dcea3e55b9193d1cc10d6c74db1/unittest/CMakeLists.txt#L3,# ------base------,[],CMake,0,3,3
5314,ithewei/libhv,https://github.com/ithewei/libhv/blob/4ad9281ac65d6dcea3e55b9193d1cc10d6c74db1/unittest/CMakeLists.txt#L34,# ------util------,[],CMake,0,34,34
5314,ithewei/libhv,https://github.com/ithewei/libhv/blob/4ad9281ac65d6dcea3e55b9193d1cc10d6c74db1/unittest/CMakeLists.txt#L44,# ------cpputil------,[],CMake,0,44,44
5314,ithewei/libhv,https://github.com/ithewei/libhv/blob/4ad9281ac65d6dcea3e55b9193d1cc10d6c74db1/unittest/CMakeLists.txt#L75,# ------protocol------,[],CMake,0,75,75
5314,ithewei/libhv,https://github.com/ithewei/libhv/blob/4ad9281ac65d6dcea3e55b9193d1cc10d6c74db1/cmake/ios.toolchain.cmake#L1,"# This file is part of the ios-cmake project. It was retrieved from
# https://github.com/leetal/ios-cmake.git, which is a fork of
# https://github.com/gerstrong/ios-cmake.git, which is a fork of
# https://github.com/cristeab/ios-cmake.git, which is a fork of
# https://code.google.com/p/ios-cmake/. Which in turn is based off of
# the Platform/Darwin.cmake and Platform/UnixPaths.cmake files which
# are included with CMake 2.8.4
#
# The ios-cmake project is licensed under the new BSD license.
#
# Copyright (c) 2014, Bogdan Cristea and LTE Engineering Software,
# Kitware, Inc., Insight Software Consortium.  All rights reserved.
# Redistribution and use in source and binary forms, with or without
# modification, are permitted provided that the following conditions
# are met:
# 1. Redistributions of source code must retain the above copyright
# notice, this list of conditions and the following disclaimer.
#
# 2. Redistributions in binary form must reproduce the above copyright
# notice, this list of conditions and the following disclaimer in the
# documentation and/or other materials provided with the distribution.
#
# 3. Neither the name of the copyright holder nor the names of its
# contributors may be used to endorse or promote products derived from
# this software without specific prior written permission.
#
# THIS SOFTWARE IS PROVIDED BY THE COPYRIGHT HOLDERS AND CONTRIBUTORS
# ""AS IS"" AND ANY EXPRESS OR IMPLIED WARRANTIES, INCLUDING, BUT NOT
# LIMITED TO, THE IMPLIED WARRANTIES OF MERCHANTABILITY AND FITNESS
# FOR A PARTICULAR PURPOSE ARE DISCLAIMED. IN NO EVENT SHALL THE
# COPYRIGHT HOLDER OR CONTRIBUTORS BE LIABLE FOR ANY DIRECT, INDIRECT,
# INCIDENTAL, SPECIAL, EXEMPLARY, OR CONSEQUENTIAL DAMAGES (INCLUDING,
# BUT NOT LIMITED TO, PROCUREMENT OF SUBSTITUTE GOODS OR SERVICES;
# LOSS OF USE, DATA, OR PROFITS; OR BUSINESS INTERRUPTION) HOWEVER
# CAUSED AND ON ANY THEORY OF LIABILITY, WHETHER IN CONTRACT, STRICT
# LIABILITY, OR TORT (INCLUDING NEGLIGENCE OR OTHERWISE) ARISING IN
# ANY WAY OUT OF THE USE OF THIS SOFTWARE, EVEN IF ADVISED OF THE
# POSSIBILITY OF SUCH DAMAGE.
#
# This file is based off of the Platform/Darwin.cmake and
# Platform/UnixPaths.cmake files which are included with CMake 2.8.4
# It has been altered for iOS development.
#
# Updated by Alex Stewart (alexs.mac@gmail.com)
#
# *****************************************************************************
#      Now maintained by Alexander Widerberg (widerbergaren [at] gmail.com)
#                      under the BSD-3-Clause license
#                   https://github.com/leetal/ios-cmake
# *****************************************************************************
#
#                           INFORMATION / HELP
#
# The following options control the behaviour of this toolchain:
#
# PLATFORM: (default ""OS64"")
#    OS = Build for iPhoneOS.
#    OS64 = Build for arm64 iphoneOS.
#    OS64COMBINED = Build for arm64 x86_64 iphoneOS. Combined into FAT STATIC lib (supported on 3.14+ of CMakewith ""-G Xcode"" argument ONLY)
#    SIMULATOR = Build for x86 i386 iphoneOS Simulator.
#    SIMULATOR64 = Build for x86_64 iphoneOS Simulator.
#    SIMULATORARM64 = Build for arm64 iphoneOS Simulator.
#    TVOS = Build for arm64 tvOS.
#    TVOSCOMBINED = Build for arm64 x86_64 tvOS. Combined into FAT STATIC lib (supported on 3.14+ of CMake with ""-G Xcode"" argument ONLY)
#    SIMULATOR_TVOS = Build for x86_64 tvOS Simulator.
#    WATCHOS = Build for armv7k arm64_32 for watchOS.
#    WATCHOSCOMBINED = Build for armv7k arm64_32 x86_64 watchOS. Combined into FAT STATIC lib (supported on 3.14+ of CMake with ""-G Xcode"" argument ONLY)
#    SIMULATOR_WATCHOS = Build for x86_64 for watchOS Simulator.
#    MAC = Build for x86_64 macOS.
#    MAC_ARM64 = Build for Apple Silicon macOS.
#    MAC_CATALYST = Build for x86_64 macOS with Catalyst support (iOS toolchain on macOS).
#                   Note: The build argument ""MACOSX_DEPLOYMENT_TARGET"" can be used to control min-version of macOS
#    MAC_CATALYST_ARM64 = Build for Apple Silicon macOS with Catalyst support (iOS toolchain on macOS).
#                         Note: The build argument ""MACOSX_DEPLOYMENT_TARGET"" can be used to control min-version of macOS
#
# CMAKE_OSX_SYSROOT: Path to the SDK to use.  By default this is
#    automatically determined from PLATFORM and xcodebuild, but
#    can also be manually specified (although this should not be required).
#
# CMAKE_DEVELOPER_ROOT: Path to the Developer directory for the platform
#    being compiled for.  By default this is automatically determined from
#    CMAKE_OSX_SYSROOT, but can also be manually specified (although this should
#    not be required).
#
# DEPLOYMENT_TARGET: Minimum SDK version to target. Default 2.0 on watchOS and 9.0 on tvOS+iOS
#
# ENABLE_BITCODE: (1|0) Enables or disables bitcode support. Default 1 (true)
#
# ENABLE_ARC: (1|0) Enables or disables ARC support. Default 1 (true, ARC enabled by default)
#
# ENABLE_VISIBILITY: (1|0) Enables or disables symbol visibility support. Default 0 (false, visibility hidden by default)
#
# ENABLE_STRICT_TRY_COMPILE: (1|0) Enables or disables strict try_compile() on all Check* directives (will run linker
#    to actually check if linking is possible). Default 0 (false, will set CMAKE_TRY_COMPILE_TARGET_TYPE to STATIC_LIBRARY)
#
# ARCHS: (armv7 armv7s armv7k arm64 arm64_32 i386 x86_64) If specified, will override the default architectures for the given PLATFORM
#    OS = armv7 armv7s arm64 (if applicable)
#    OS64 = arm64 (if applicable)
#    SIMULATOR = i386
#    SIMULATOR64 = x86_64
#    SIMULATORARM64 = arm64
#    TVOS = arm64
#    SIMULATOR_TVOS = x86_64 (i386 has since long been deprecated)
#    WATCHOS = armv7k arm64_32 (if applicable)
#    SIMULATOR_WATCHOS = x86_64 (i386 has since long been deprecated)
#    MAC = x86_64
#    MAC_ARM64 = arm64
#    MAC_CATALYST = x86_64
#    MAC_CATALYST_ARM64 = arm64
#
# This toolchain defines the following properties (available via get_property()) for use externally:
#
# PLATFORM: The currently targeted platform.
# XCODE_VERSION: Version number (not including Build version) of Xcode detected.
# SDK_VERSION: Version of SDK being used.
# OSX_ARCHITECTURES: Architectures being compiled for (generated from PLATFORM).
# APPLE_TARGET_TRIPLE: Used by autoconf build systems. NOTE: If ""ARCHS"" are overridden, this will *NOT* be set!
#
# This toolchain defines the following macros for use externally:
#
# set_xcode_property (TARGET XCODE_PROPERTY XCODE_VALUE XCODE_VARIANT)
#   A convenience macro for setting xcode specific properties on targets.
#   Available variants are: All, Release, RelWithDebInfo, Debug, MinSizeRel
#   example: set_xcode_property (myioslib IPHONEOS_DEPLOYMENT_TARGET ""3.1"" ""all"").
#
# find_host_package (PROGRAM ARGS)
#   A macro used to find executable programs on the host system, not within the
#   environment. Thanks to the android-cmake project for providing the
#   command.
#",[],CMake,0,1,130
5314,ithewei/libhv,https://github.com/ithewei/libhv/blob/4ad9281ac65d6dcea3e55b9193d1cc10d6c74db1/cmake/ios.toolchain.cmake#L134,"# CMake invokes the toolchain file twice during the first build, but only once during subsequent rebuilds.",[],CMake,0,134,134
5314,ithewei/libhv,https://github.com/ithewei/libhv/blob/4ad9281ac65d6dcea3e55b9193d1cc10d6c74db1/cmake/ios.toolchain.cmake#L140,"###############################################################################
#                                  OPTIONS                                    #
###############################################################################",[],CMake,0,140,142
5314,ithewei/libhv,https://github.com/ithewei/libhv/blob/4ad9281ac65d6dcea3e55b9193d1cc10d6c74db1/cmake/ios.toolchain.cmake#L146,"###############################################################################
#                                END OPTIONS                                  #
###############################################################################",[],CMake,0,146,148
5314,ithewei/libhv,https://github.com/ithewei/libhv/blob/4ad9281ac65d6dcea3e55b9193d1cc10d6c74db1/cmake/ios.toolchain.cmake#L150,# List of supported platform values,[],CMake,0,150,150
5314,ithewei/libhv,https://github.com/ithewei/libhv/blob/4ad9281ac65d6dcea3e55b9193d1cc10d6c74db1/cmake/ios.toolchain.cmake#L158,# Cache what generator is used,[],CMake,0,158,158
5314,ithewei/libhv,https://github.com/ithewei/libhv/blob/4ad9281ac65d6dcea3e55b9193d1cc10d6c74db1/cmake/ios.toolchain.cmake#L161,# Check if using a CMake version capable of building combined FAT builds (simulator and target slices combined in one static lib),[],CMake,0,161,161
5314,ithewei/libhv,https://github.com/ithewei/libhv/blob/4ad9281ac65d6dcea3e55b9193d1cc10d6c74db1/cmake/ios.toolchain.cmake#L172,# Environment variables are always preserved.,[],CMake,2,172,172
5314,ithewei/libhv,https://github.com/ithewei/libhv/blob/4ad9281ac65d6dcea3e55b9193d1cc10d6c74db1/cmake/ios.toolchain.cmake#L190,"# Assuming that xcode 12.0 is installed you most probably have ios sdk 14.0 or later installed (tested on Big Sur)
# if you don't set a deployment target it will be set the way you only get 64-bit builds",[],CMake,0,190,191
5314,ithewei/libhv,https://github.com/ithewei/libhv/blob/4ad9281ac65d6dcea3e55b9193d1cc10d6c74db1/cmake/ios.toolchain.cmake#L197,# Check if the platform variable is set,[],CMake,0,197,197
5314,ithewei/libhv,https://github.com/ithewei/libhv/blob/4ad9281ac65d6dcea3e55b9193d1cc10d6c74db1/cmake/ios.toolchain.cmake#L199,# Environment variables are always preserved.,[],CMake,2,199,199
5314,ithewei/libhv,https://github.com/ithewei/libhv/blob/4ad9281ac65d6dcea3e55b9193d1cc10d6c74db1/cmake/ios.toolchain.cmake#L211,# Safeguard that the platform value is set and is one of the supported values,[],CMake,0,211,211
5314,ithewei/libhv,https://github.com/ithewei/libhv/blob/4ad9281ac65d6dcea3e55b9193d1cc10d6c74db1/cmake/ios.toolchain.cmake#L219,# Check if Apple Silicon is supported,[],CMake,0,219,219
5314,ithewei/libhv,https://github.com/ithewei/libhv/blob/4ad9281ac65d6dcea3e55b9193d1cc10d6c74db1/cmake/ios.toolchain.cmake#L224,"# Touch toolchain variable to suppress ""unused variable"" warning.
# This happens if CMake is invoked with the same command line the second time.",[],CMake,0,224,225
5314,ithewei/libhv,https://github.com/ithewei/libhv/blob/4ad9281ac65d6dcea3e55b9193d1cc10d6c74db1/cmake/ios.toolchain.cmake#L235,# Specify minimum version of deployment target.,[],CMake,0,235,235
5314,ithewei/libhv,https://github.com/ithewei/libhv/blob/4ad9281ac65d6dcea3e55b9193d1cc10d6c74db1/cmake/ios.toolchain.cmake#L238,"# Unless specified, SDK version 4.0 is used by default as minimum target version (watchOS).",[],CMake,4,238,238
5314,ithewei/libhv,https://github.com/ithewei/libhv/blob/4ad9281ac65d6dcea3e55b9193d1cc10d6c74db1/cmake/ios.toolchain.cmake#L241,"# Unless specified, SDK version 10.13 (High sierra) is used by default as minimum target version (macos).",[],CMake,4,241,241
5314,ithewei/libhv,https://github.com/ithewei/libhv/blob/4ad9281ac65d6dcea3e55b9193d1cc10d6c74db1/cmake/ios.toolchain.cmake#L244,"# Unless specified, SDK version 11.0 (Big Sur) is used by default as minimum target version (macos on arm).",[],CMake,4,244,244
5314,ithewei/libhv,https://github.com/ithewei/libhv/blob/4ad9281ac65d6dcea3e55b9193d1cc10d6c74db1/cmake/ios.toolchain.cmake#L247,"# Unless specified, SDK version 13.0 is used by default as minimum target version (mac catalyst minimum requirement).",[],CMake,4,247,247
5314,ithewei/libhv,https://github.com/ithewei/libhv/blob/4ad9281ac65d6dcea3e55b9193d1cc10d6c74db1/cmake/ios.toolchain.cmake#L250,"# Unless specified, SDK version 11.0 is used by default as minimum target version (iOS, tvOS).",[],CMake,4,250,250
5314,ithewei/libhv,https://github.com/ithewei/libhv/blob/4ad9281ac65d6dcea3e55b9193d1cc10d6c74db1/cmake/ios.toolchain.cmake#L258,# Store the DEPLOYMENT_TARGET in the cache,[],CMake,0,258,258
5314,ithewei/libhv,https://github.com/ithewei/libhv/blob/4ad9281ac65d6dcea3e55b9193d1cc10d6c74db1/cmake/ios.toolchain.cmake#L261,# Handle the case where we are targeting iOS and a version above 10.3.4 (32-bit support dropped officially),[],CMake,0,261,261
5314,ithewei/libhv,https://github.com/ithewei/libhv/blob/4ad9281ac65d6dcea3e55b9193d1cc10d6c74db1/cmake/ios.toolchain.cmake#L276,"# Determine the platform name and architectures for use in xcodebuild commands
# from the specified PLATFORM_INT name.",[],CMake,0,276,277
5314,ithewei/libhv,https://github.com/ithewei/libhv/blob/4ad9281ac65d6dcea3e55b9193d1cc10d6c74db1/cmake/ios.toolchain.cmake#L290,"# Add arm64e when Apple have fixed the integration issues with it, libarclite_iphoneos.a is currently missung bitcode markers for example",[],CMake,23,290,290
5314,ithewei/libhv,https://github.com/ithewei/libhv/blob/4ad9281ac65d6dcea3e55b9193d1cc10d6c74db1/cmake/ios.toolchain.cmake#L303,"# Add arm64e when Apple have fixed the integration issues with it, libarclite_iphoneos.a is currently missung bitcode markers for example",[],CMake,32,303,303
5314,ithewei/libhv,https://github.com/ithewei/libhv/blob/4ad9281ac65d6dcea3e55b9193d1cc10d6c74db1/cmake/ios.toolchain.cmake#L472,"# If user did not specify the SDK root to use, then query xcodebuild for it.",[],CMake,0,472,472
5314,ithewei/libhv,https://github.com/ithewei/libhv/blob/4ad9281ac65d6dcea3e55b9193d1cc10d6c74db1/cmake/ios.toolchain.cmake#L474,# Environment variables are always preserved.,[],CMake,2,474,474
5314,ithewei/libhv,https://github.com/ithewei/libhv/blob/4ad9281ac65d6dcea3e55b9193d1cc10d6c74db1/cmake/ios.toolchain.cmake#L494,# Specify the location or name of the platform SDK to be used in CMAKE_OSX_SYSROOT.,[],CMake,2,494,494
5314,ithewei/libhv,https://github.com/ithewei/libhv/blob/4ad9281ac65d6dcea3e55b9193d1cc10d6c74db1/cmake/ios.toolchain.cmake#L498,# Use bitcode or not,[],CMake,0,498,498
5314,ithewei/libhv,https://github.com/ithewei/libhv/blob/4ad9281ac65d6dcea3e55b9193d1cc10d6c74db1/cmake/ios.toolchain.cmake#L500,"# Unless specified, enable bitcode support by default",[],CMake,2,500,500
5314,ithewei/libhv,https://github.com/ithewei/libhv/blob/4ad9281ac65d6dcea3e55b9193d1cc10d6c74db1/cmake/ios.toolchain.cmake#L509,# Use ARC or not,[],CMake,0,509,509
5314,ithewei/libhv,https://github.com/ithewei/libhv/blob/4ad9281ac65d6dcea3e55b9193d1cc10d6c74db1/cmake/ios.toolchain.cmake#L511,"# Unless specified, enable ARC support by default",[],CMake,2,511,511
5314,ithewei/libhv,https://github.com/ithewei/libhv/blob/4ad9281ac65d6dcea3e55b9193d1cc10d6c74db1/cmake/ios.toolchain.cmake#L516,# Use hidden visibility or not,[],CMake,0,516,516
5314,ithewei/libhv,https://github.com/ithewei/libhv/blob/4ad9281ac65d6dcea3e55b9193d1cc10d6c74db1/cmake/ios.toolchain.cmake#L518,"# Unless specified, disable symbols visibility by default",[],CMake,2,518,518
5314,ithewei/libhv,https://github.com/ithewei/libhv/blob/4ad9281ac65d6dcea3e55b9193d1cc10d6c74db1/cmake/ios.toolchain.cmake#L523,# Set strict compiler checks or not,[],CMake,0,523,523
5314,ithewei/libhv,https://github.com/ithewei/libhv/blob/4ad9281ac65d6dcea3e55b9193d1cc10d6c74db1/cmake/ios.toolchain.cmake#L525,"# Unless specified, disable strict try_compile()",[],CMake,2,525,525
5314,ithewei/libhv,https://github.com/ithewei/libhv/blob/4ad9281ac65d6dcea3e55b9193d1cc10d6c74db1/cmake/ios.toolchain.cmake#L532,# Get the SDK version information.,[],CMake,0,532,532
5314,ithewei/libhv,https://github.com/ithewei/libhv/blob/4ad9281ac65d6dcea3e55b9193d1cc10d6c74db1/cmake/ios.toolchain.cmake#L534,# Environment variables are always preserved.,[],CMake,2,534,534
5314,ithewei/libhv,https://github.com/ithewei/libhv/blob/4ad9281ac65d6dcea3e55b9193d1cc10d6c74db1/cmake/ios.toolchain.cmake#L545,"# Find the Developer root for the specific iOS platform being compiled for
# from CMAKE_OSX_SYSROOT.  Should be ../../ from SDK specified in
# CMAKE_OSX_SYSROOT. There does not appear to be a direct way to obtain
# this information from xcrun or xcodebuild.",[],CMake,0,545,548
5314,ithewei/libhv,https://github.com/ithewei/libhv/blob/4ad9281ac65d6dcea3e55b9193d1cc10d6c74db1/cmake/ios.toolchain.cmake#L557,# Find the C & C++ compilers for the specified SDK.,[],CMake,0,557,557
5314,ithewei/libhv,https://github.com/ithewei/libhv/blob/4ad9281ac65d6dcea3e55b9193d1cc10d6c74db1/cmake/ios.toolchain.cmake#L559,# Environment variables are always preserved.,[],CMake,2,559,559
5314,ithewei/libhv,https://github.com/ithewei/libhv/blob/4ad9281ac65d6dcea3e55b9193d1cc10d6c74db1/cmake/ios.toolchain.cmake#L572,# Environment variables are always preserved.,[],CMake,2,572,572
5314,ithewei/libhv,https://github.com/ithewei/libhv/blob/4ad9281ac65d6dcea3e55b9193d1cc10d6c74db1/cmake/ios.toolchain.cmake#L582,# Find (Apple's) libtool.,[],CMake,0,582,582
5314,ithewei/libhv,https://github.com/ithewei/libhv/blob/4ad9281ac65d6dcea3e55b9193d1cc10d6c74db1/cmake/ios.toolchain.cmake#L584,# Environment variables are always preserved.,[],CMake,2,584,584
5314,ithewei/libhv,https://github.com/ithewei/libhv/blob/4ad9281ac65d6dcea3e55b9193d1cc10d6c74db1/cmake/ios.toolchain.cmake#L594,# Find the toolchain's provided install_name_tool if none is found on the host,[],CMake,0,594,594
5314,ithewei/libhv,https://github.com/ithewei/libhv/blob/4ad9281ac65d6dcea3e55b9193d1cc10d6c74db1/cmake/ios.toolchain.cmake#L596,# Environment variables are always preserved.,[],CMake,2,596,596
5314,ithewei/libhv,https://github.com/ithewei/libhv/blob/4ad9281ac65d6dcea3e55b9193d1cc10d6c74db1/cmake/ios.toolchain.cmake#L608,"# Configure libtool to be used instead of ar + ranlib to build static libraries.
# This is required on Xcode 7+, but should also work on previous versions of
# Xcode.",[],CMake,0,608,610
5314,ithewei/libhv,https://github.com/ithewei/libhv/blob/4ad9281ac65d6dcea3e55b9193d1cc10d6c74db1/cmake/ios.toolchain.cmake#L616,"# CMake 3.14+ support building for iOS, watchOS and tvOS out of the box.",[],CMake,0,616,616
5314,ithewei/libhv,https://github.com/ithewei/libhv/blob/4ad9281ac65d6dcea3e55b9193d1cc10d6c74db1/cmake/ios.toolchain.cmake#L627,# Provide flags for a combined FAT library build on newer CMake versions,[],CMake,2,627,627
5314,ithewei/libhv,https://github.com/ithewei/libhv/blob/4ad9281ac65d6dcea3e55b9193d1cc10d6c74db1/cmake/ios.toolchain.cmake#L634,# Legacy code path prior to CMake 3.14 or fallback if no CMAKE_SYSTEM_NAME specified,[],CMake,2,634,634
5314,ithewei/libhv,https://github.com/ithewei/libhv/blob/4ad9281ac65d6dcea3e55b9193d1cc10d6c74db1/cmake/ios.toolchain.cmake#L637,# Legacy code path prior to CMake 3.14 or fallback if no CMAKE_SYSTEM_NAME specified,[],CMake,2,637,637
5314,ithewei/libhv,https://github.com/ithewei/libhv/blob/4ad9281ac65d6dcea3e55b9193d1cc10d6c74db1/cmake/ios.toolchain.cmake#L640,# Standard settings.,[],CMake,0,640,640
5314,ithewei/libhv,https://github.com/ithewei/libhv/blob/4ad9281ac65d6dcea3e55b9193d1cc10d6c74db1/cmake/ios.toolchain.cmake#L656,# Set the architectures for which to build.,[],CMake,0,656,656
5314,ithewei/libhv,https://github.com/ithewei/libhv/blob/4ad9281ac65d6dcea3e55b9193d1cc10d6c74db1/cmake/ios.toolchain.cmake#L658,"# Change the type of target generated for try_compile() so it'll work when cross-compiling, weak compiler checks",[],CMake,0,658,658
5314,ithewei/libhv,https://github.com/ithewei/libhv/blob/4ad9281ac65d6dcea3e55b9193d1cc10d6c74db1/cmake/ios.toolchain.cmake#L662,# All iOS/Darwin specific settings - some may be redundant.,[],CMake,0,662,662
5314,ithewei/libhv,https://github.com/ithewei/libhv/blob/4ad9281ac65d6dcea3e55b9193d1cc10d6c74db1/cmake/ios.toolchain.cmake#L694,"# Note that only Xcode 7+ supports the newer more specific:
# -m${SDK_NAME}-version-min flags, older versions of Xcode use:
# -m(ios/ios-simulator)-version-min instead.",[],CMake,0,694,696
5314,ithewei/libhv,https://github.com/ithewei/libhv/blob/4ad9281ac65d6dcea3e55b9193d1cc10d6c74db1/cmake/ios.toolchain.cmake#L703,# Xcode 7.0+ uses flags we can build directly from SDK_NAME.,[],CMake,6,703,703
5314,ithewei/libhv,https://github.com/ithewei/libhv/blob/4ad9281ac65d6dcea3e55b9193d1cc10d6c74db1/cmake/ios.toolchain.cmake#L723,# SIMULATOR or SIMULATOR64 both use -mios-simulator-version-min.,[],CMake,4,723,723
5314,ithewei/libhv,https://github.com/ithewei/libhv/blob/4ad9281ac65d6dcea3e55b9193d1cc10d6c74db1/cmake/ios.toolchain.cmake#L728,"# Newer versions of CMake sets the version min flags correctly, skip this for Mac Catalyst targets",[],CMake,2,728,728
5314,ithewei/libhv,https://github.com/ithewei/libhv/blob/4ad9281ac65d6dcea3e55b9193d1cc10d6c74db1/cmake/ios.toolchain.cmake#L778,"#Check if Xcode generator is used, since that will handle these flags automagically",[],CMake,0,778,778
5314,ithewei/libhv,https://github.com/ithewei/libhv/blob/4ad9281ac65d6dcea3e55b9193d1cc10d6c74db1/cmake/ios.toolchain.cmake#L782,# Hidden visibility is required for C++ on iOS.,[],CMake,2,782,782
5314,ithewei/libhv,https://github.com/ithewei/libhv/blob/4ad9281ac65d6dcea3e55b9193d1cc10d6c74db1/cmake/ios.toolchain.cmake#L794,## Print status messages to inform of the current state,[],CMake,0,794,794
5314,ithewei/libhv,https://github.com/ithewei/libhv/blob/4ad9281ac65d6dcea3e55b9193d1cc10d6c74db1/cmake/ios.toolchain.cmake#L835,# Set global properties,[],CMake,0,835,835
5314,ithewei/libhv,https://github.com/ithewei/libhv/blob/4ad9281ac65d6dcea3e55b9193d1cc10d6c74db1/cmake/ios.toolchain.cmake#L842,# Export configurable variables for the try_compile() command.,[],CMake,0,842,842
5314,ithewei/libhv,https://github.com/ithewei/libhv/blob/4ad9281ac65d6dcea3e55b9193d1cc10d6c74db1/cmake/ios.toolchain.cmake#L879,"# Set the find root to the SDK developer roots.
# Note: CMAKE_FIND_ROOT_PATH is only useful when cross-compiling. Thus, do not set on macOS builds.",[],CMake,0,879,880
5314,ithewei/libhv,https://github.com/ithewei/libhv/blob/4ad9281ac65d6dcea3e55b9193d1cc10d6c74db1/cmake/ios.toolchain.cmake#L886,# Default to searching for frameworks first.,[],CMake,0,886,886
5314,ithewei/libhv,https://github.com/ithewei/libhv/blob/4ad9281ac65d6dcea3e55b9193d1cc10d6c74db1/cmake/ios.toolchain.cmake#L889,# Set up the default search directories for frameworks.,[],CMake,0,889,889
5314,ithewei/libhv,https://github.com/ithewei/libhv/blob/4ad9281ac65d6dcea3e55b9193d1cc10d6c74db1/cmake/ios.toolchain.cmake#L903,"# By default, search both the specified iOS SDK and the remainder of the host filesystem.",[],CMake,0,903,903
5314,ithewei/libhv,https://github.com/ithewei/libhv/blob/4ad9281ac65d6dcea3e55b9193d1cc10d6c74db1/cmake/ios.toolchain.cmake#L917,"#
# Some helper-macros below to simplify and beautify the CMakeFile
#",[],CMake,0,917,919
5314,ithewei/libhv,https://github.com/ithewei/libhv/blob/4ad9281ac65d6dcea3e55b9193d1cc10d6c74db1/cmake/ios.toolchain.cmake#L921,# This little macro lets you set any Xcode specific property.,[],CMake,0,921,921
5314,ithewei/libhv,https://github.com/ithewei/libhv/blob/4ad9281ac65d6dcea3e55b9193d1cc10d6c74db1/cmake/ios.toolchain.cmake#L931,# This macro lets you find executable programs on the host system.,[],CMake,0,931,931
5314,ithewei/libhv,https://github.com/ithewei/libhv/blob/4ad9281ac65d6dcea3e55b9193d1cc10d6c74db1/cmake/libhvConfig.cmake#L23,# Manage Release Windows shared,[],CMake,0,23,23
5314,ithewei/libhv,https://github.com/ithewei/libhv/blob/4ad9281ac65d6dcea3e55b9193d1cc10d6c74db1/cmake/libhvConfig.cmake#L34,# Manage Debug Windows shared,[],CMake,0,34,34
5314,ithewei/libhv,https://github.com/ithewei/libhv/blob/4ad9281ac65d6dcea3e55b9193d1cc10d6c74db1/cmake/libhvConfig.cmake#L37,"#message(""Debug mode"")",[],CMake,4,37,37
5314,ithewei/libhv,https://github.com/ithewei/libhv/blob/4ad9281ac65d6dcea3e55b9193d1cc10d6c74db1/cmake/libhvConfig.cmake#L57,# Manage Release Windows static and Linux shared/static,[],CMake,0,57,57
5314,ithewei/libhv,https://github.com/ithewei/libhv/blob/4ad9281ac65d6dcea3e55b9193d1cc10d6c74db1/cmake/libhvConfig.cmake#L67,# Manage Debug Windows static and Linux shared/static,[],CMake,0,67,67
5314,ithewei/libhv,https://github.com/ithewei/libhv/blob/4ad9281ac65d6dcea3e55b9193d1cc10d6c74db1/cmake/vars.cmake#L1,# see Makefile.vars,[],CMake,0,1,1
