repoIndex,repoName,linkLocation,comment,keywords,buildSysteminFile,charPosition,startLine,endLine
592,jedisct1/pincaster,https://github.com/jedisct1/pincaster/blob/07a7c04650aa37a1ad9730696aa05847f3ad083c/src/levent2/Makefile.am#L1,"# Makefile.am for libevent
# Copyright 2000-2007 Niels Provos
# Copyright 2007-2012 Niels Provos and Nick Mathewson
#
# See LICENSE for copying information.",[],Autotool,0,1,5
592,jedisct1/pincaster,https://github.com/jedisct1/pincaster/blob/07a7c04650aa37a1ad9730696aa05847f3ad083c/src/levent2/Makefile.am#L9,"# This is the ""Release"" of the Libevent ABI.  It takes precedence over
# the VERSION_INFO, so that two versions of Libevent with the same
# ""Release"" are never binary-compatible.
#
# This number incremented once for the 2.0 release candidate, and
# will increment for each series until we revise our interfaces enough
# that we can seriously expect ABI compatibility between series.
#",[],Autotool,0,9,16
592,jedisct1/pincaster,https://github.com/jedisct1/pincaster/blob/07a7c04650aa37a1ad9730696aa05847f3ad083c/src/levent2/Makefile.am#L19,"# This is the version info for the libevent binary API.  It has three
# numbers:
#   Current  -- the number of the binary API that we're implementing
#   Revision -- which iteration of the implementation of the binary
#               API are we supplying?
#   Age      -- How many previous binary API versions do we also
#               support?
#
# To increment a VERSION_INFO (current:revision:age):
#    If the ABI didn't change:
#        Return (current:revision+1:age)
#    If the ABI changed, but it's backward-compatible:
#        Return (current+1:0:age+1)
#    If the ABI changed and it isn't backward-compatible:
#        Return (current+1:0:0)
#
# Once an RC is out, DO NOT MAKE ANY ABI-BREAKING CHANGES IN THAT SERIES
# UNLESS YOU REALLY REALLY HAVE TO.",[],Autotool,0,19,36
592,jedisct1/pincaster,https://github.com/jedisct1/pincaster/blob/07a7c04650aa37a1ad9730696aa05847f3ad083c/src/levent2/Makefile.am#L39,"# History:          RELEASE    VERSION_INFO
#  2.0.1-alpha --     2.0        1:0:0
#  2.0.2-alpha --                2:0:0
#  2.0.3-alpha --                2:0:0  (should have incremented; didn't.)
#  2.0.4-alpha --                3:0:0
#  2.0.5-beta  --                4:0:0
#  2.0.6-rc    --     2.0        2:0:0
#  2.0.7-rc    --     2.0        3:0:1
#  2.0.8-rc    --     2.0        4:0:2
#  2.0.9-rc    --     2.0        5:0:0 (ABI changed slightly)
#  2.0.10-stable--    2.0        5:1:0 (No ABI change)
#  2.0.11-stable--    2.0        6:0:1 (ABI changed, backward-compatible)
#  2.0.12-stable--    2.0        6:1:1 (No ABI change)
#  2.0.13-stable--    2.0        6:2:1 (No ABI change)
#  2.0.14-stable--    2.0        6:3:1 (No ABI change)
#  2.0.15-stable--    2.0        6:3:1 (Forgot to update :( )
#  2.0.16-stable--    2.0        6:4:1 (No ABI change)
#  2.0.17-stable--    2.0        6:5:1 (No ABI change)
#  2.0.18-stable--    2.0        6:6:1 (No ABI change)
#  2.0.19-stable--    2.0        6:7:1 (No ABI change)
#  2.0.20-stable--    2.0        6:8:1 (No ABI change)
#  2.0.21-stable--    2.0        6:9:1 (No ABI change)
#
# For Libevent 2.1:
#  2.1.1-alpha --     2.1        1:0:0
#  2.1.2-alpha --     2.1        1:0:0 (should have been 2:0:1)
#  2.1.3-alpha --     2.1        3:0:0 (ABI changed slightly)
#  2.1.4-alpha --     2.1        4:0:0 (ABI changed slightly)
#  2.1.5-beta  --     2.1        5:0:0 (ABI changed slightly)
#  2.1.6-beta  --     2.1        6:0:0 (ABI changed slightly)
#  2.1.7-beta  --     2.1        6:1:0 (ABI changed slightly)
#  2.1.8-stable--     2.1        6:2:0 (ABI changed slightly)
#
# For Libevent 2.2:
#  2.2.0-alpha --     2.2        1:0:0",[],Autotool,0,39,73
592,jedisct1/pincaster,https://github.com/jedisct1/pincaster/blob/07a7c04650aa37a1ad9730696aa05847f3ad083c/src/levent2/Makefile.am#L75,"# ABI version history for this package effectively restarts every time
# we change RELEASE.  Version 1.4.x had RELEASE of 1.4.
#
# Ideally, we would not be using RELEASE at all; instead we could just
# use the VERSION_INFO field to label our backward-incompatible ABI
# changes, and those would be few and far between.  Unfortunately,
# Libevent still exposes far too many volatile structures in its
# headers, so we pretty much have to assume that most development
# series will break ABI compatibility.  For now, it's simplest just to
# keep incrementing the RELEASE between series and resetting VERSION_INFO.
#
# Eventually, when we get to the point where the structures in the
# headers are all non-changing (or not there at all!), we can shift to
# a more normal worldview where backward-incompatible ABI changes are
# nice and rare.  For the next couple of years, though, 'struct event'
# is user-visible, and so we can pretty much guarantee that release
# series won't be binary-compatible.",[],Autotool,0,75,91
592,jedisct1/pincaster,https://github.com/jedisct1/pincaster/blob/07a7c04650aa37a1ad9730696aa05847f3ad083c/src/levent2/Makefile.am#L100,"# These sources are conditionally added by configure.ac or conditionally
# included from other files.",[],Autotool,0,100,101
592,jedisct1/pincaster,https://github.com/jedisct1/pincaster/blob/07a7c04650aa37a1ad9730696aa05847f3ad083c/configure.ac#L15,# Checks for programs.,[],Autotool,0,15,15
592,jedisct1/pincaster,https://github.com/jedisct1/pincaster/blob/07a7c04650aa37a1ad9730696aa05847f3ad083c/configure.ac#L35,# Checks for libraries.,[],Autotool,0,35,35
592,jedisct1/pincaster,https://github.com/jedisct1/pincaster/blob/07a7c04650aa37a1ad9730696aa05847f3ad083c/configure.ac#L39,# Checks for YAJL library,[],Autotool,0,39,39
592,jedisct1/pincaster,https://github.com/jedisct1/pincaster/blob/07a7c04650aa37a1ad9730696aa05847f3ad083c/configure.ac#L84,# Checks for header files.,[],Autotool,0,84,84
592,jedisct1/pincaster,https://github.com/jedisct1/pincaster/blob/07a7c04650aa37a1ad9730696aa05847f3ad083c/configure.ac#L89,"# Checks for typedefs, structures, and compiler characteristics.",[],Autotool,0,89,89
592,jedisct1/pincaster,https://github.com/jedisct1/pincaster/blob/07a7c04650aa37a1ad9730696aa05847f3ad083c/configure.ac#L105,# Switches,[],Autotool,0,105,105
592,jedisct1/pincaster,https://github.com/jedisct1/pincaster/blob/07a7c04650aa37a1ad9730696aa05847f3ad083c/configure.ac#L112,# Checks for library functions.,[],Autotool,0,112,112
592,jedisct1/pincaster,https://github.com/jedisct1/pincaster/blob/07a7c04650aa37a1ad9730696aa05847f3ad083c/configure.ac#L130,dnl Output,[],Autotool,0,130,130
592,jedisct1/pincaster,https://github.com/jedisct1/pincaster/blob/07a7c04650aa37a1ad9730696aa05847f3ad083c/configure.ac#L133,"#ifdef NDEBUG
#/**/undef/**/ NDEBUG
#endif])",[],Autotool,0,133,135
592,jedisct1/pincaster,https://github.com/jedisct1/pincaster/blob/07a7c04650aa37a1ad9730696aa05847f3ad083c/src/levent2/configure.ac#L1,"dnl Copyright 2000-2007 Niels Provos
dnl Copyright 2007-2012 Niels Provos and Nick Mathewson
dnl
dnl See LICENSE for copying information.
dnl
dnl Original version Dug Song <dugsong@monkey.org>",[],Autotool,0,1,6
592,jedisct1/pincaster,https://github.com/jedisct1/pincaster/blob/07a7c04650aa37a1ad9730696aa05847f3ad083c/src/levent2/configure.ac#L15,"dnl Automake setup
dnl 'foreign' means that GNU package rules are not strictly enforced.",[],Autotool,0,15,16
592,jedisct1/pincaster,https://github.com/jedisct1/pincaster/blob/07a7c04650aa37a1ad9730696aa05847f3ad083c/src/levent2/configure.ac#L19,dnl make compilation quiet unless V=1 is used,[],Autotool,0,19,19
592,jedisct1/pincaster,https://github.com/jedisct1/pincaster/blob/07a7c04650aa37a1ad9730696aa05847f3ad083c/src/levent2/configure.ac#L25,dnl Try and get a full POSIX environment on obscure systems,[],Autotool,0,25,25
592,jedisct1/pincaster,https://github.com/jedisct1/pincaster/blob/07a7c04650aa37a1ad9730696aa05847f3ad083c/src/levent2/configure.ac#L28,"dnl the 'build' machine is where we run configure and compile
dnl the 'host' machine is where the resulting stuff runs.",[],Autotool,0,28,29
592,jedisct1/pincaster,https://github.com/jedisct1/pincaster/blob/07a7c04650aa37a1ad9730696aa05847f3ad083c/src/levent2/configure.ac#L33,dnl Checks for programs.,[],Autotool,0,33,33
592,jedisct1/pincaster,https://github.com/jedisct1/pincaster/blob/07a7c04650aa37a1ad9730696aa05847f3ad083c/src/levent2/configure.ac#L93,dnl Checks for libraries.,[],Autotool,0,93,93
592,jedisct1/pincaster,https://github.com/jedisct1/pincaster/blob/07a7c04650aa37a1ad9730696aa05847f3ad083c/src/levent2/configure.ac#L103,"dnl - check if the macro _WIN32 is defined on this compiler.
dnl - (this is how we check for a windows compiler)",[],Autotool,0,103,104
592,jedisct1/pincaster,https://github.com/jedisct1/pincaster/blob/07a7c04650aa37a1ad9730696aa05847f3ad083c/src/levent2/configure.ac#L109,#ifndef _WIN32,[],Autotool,0,109,109
592,jedisct1/pincaster,https://github.com/jedisct1/pincaster/blob/07a7c04650aa37a1ad9730696aa05847f3ad083c/src/levent2/configure.ac#L111,#endif,[],Autotool,0,111,111
592,jedisct1/pincaster,https://github.com/jedisct1/pincaster/blob/07a7c04650aa37a1ad9730696aa05847f3ad083c/src/levent2/configure.ac#L118,"dnl - check if the macro __midipix__ is defined on this compiler.
dnl - (this is how we check for a midipix version of GCC)",[],Autotool,0,118,119
592,jedisct1/pincaster,https://github.com/jedisct1/pincaster/blob/07a7c04650aa37a1ad9730696aa05847f3ad083c/src/levent2/configure.ac#L124,#ifndef __midipix__,[],Autotool,0,124,124
592,jedisct1/pincaster,https://github.com/jedisct1/pincaster/blob/07a7c04650aa37a1ad9730696aa05847f3ad083c/src/levent2/configure.ac#L126,#endif,[],Autotool,0,126,126
592,jedisct1/pincaster,https://github.com/jedisct1/pincaster/blob/07a7c04650aa37a1ad9730696aa05847f3ad083c/src/levent2/configure.ac#L133,"dnl - check if the macro __CYGWIN__ is defined on this compiler.
dnl - (this is how we check for a cygwin version of GCC)",[],Autotool,0,133,134
592,jedisct1/pincaster,https://github.com/jedisct1/pincaster/blob/07a7c04650aa37a1ad9730696aa05847f3ad083c/src/levent2/configure.ac#L139,#ifndef __CYGWIN__,[],Autotool,0,139,139
592,jedisct1/pincaster,https://github.com/jedisct1/pincaster/blob/07a7c04650aa37a1ad9730696aa05847f3ad083c/src/levent2/configure.ac#L141,#endif,[],Autotool,0,141,141
592,jedisct1/pincaster,https://github.com/jedisct1/pincaster/blob/07a7c04650aa37a1ad9730696aa05847f3ad083c/src/levent2/configure.ac#L151,"dnl Determine if we have zlib for regression tests
dnl Don't put this one in LIBS",[],Autotool,0,151,152
592,jedisct1/pincaster,https://github.com/jedisct1/pincaster/blob/07a7c04650aa37a1ad9730696aa05847f3ad083c/src/levent2/configure.ac#L166,dnl See if we have openssl.  This doesn't go in LIBS either.,[],Autotool,0,166,166
592,jedisct1/pincaster,https://github.com/jedisct1/pincaster/blob/07a7c04650aa37a1ad9730696aa05847f3ad083c/src/levent2/configure.ac#L183,dnl Checks for header files.,[],Autotool,0,183,183
592,jedisct1/pincaster,https://github.com/jedisct1/pincaster/blob/07a7c04650aa37a1ad9730696aa05847f3ad083c/src/levent2/configure.ac#L190,"#ifdef HAVE_SYS_PARAM_H
#include <sys/param.h>
#endif",[],Autotool,8,190,192
592,jedisct1/pincaster,https://github.com/jedisct1/pincaster/blob/07a7c04650aa37a1ad9730696aa05847f3ad083c/src/levent2/configure.ac#L200,"#include <sys/queue.h>
#ifdef TAILQ_FOREACH",[],Autotool,0,200,201
592,jedisct1/pincaster,https://github.com/jedisct1/pincaster/blob/07a7c04650aa37a1ad9730696aa05847f3ad083c/src/levent2/configure.ac#L203,#endif,[],Autotool,0,203,203
592,jedisct1/pincaster,https://github.com/jedisct1/pincaster/blob/07a7c04650aa37a1ad9730696aa05847f3ad083c/src/levent2/configure.ac#L211,"dnl if we have sys/time.h, check for timer* macros",[],Autotool,0,211,211
592,jedisct1/pincaster,https://github.com/jedisct1/pincaster/blob/07a7c04650aa37a1ad9730696aa05847f3ad083c/src/levent2/configure.ac#L216,"#include <sys/time.h>
#ifdef timeradd",[],Autotool,4,216,217
592,jedisct1/pincaster,https://github.com/jedisct1/pincaster/blob/07a7c04650aa37a1ad9730696aa05847f3ad083c/src/levent2/configure.ac#L219,"#endif],",[],Autotool,4,219,219
592,jedisct1/pincaster,https://github.com/jedisct1/pincaster/blob/07a7c04650aa37a1ad9730696aa05847f3ad083c/src/levent2/configure.ac#L226,"#include <sys/time.h>
#ifdef timercmp",[],Autotool,4,226,227
592,jedisct1/pincaster,https://github.com/jedisct1/pincaster/blob/07a7c04650aa37a1ad9730696aa05847f3ad083c/src/levent2/configure.ac#L229,"#endif],",[],Autotool,4,229,229
592,jedisct1/pincaster,https://github.com/jedisct1/pincaster/blob/07a7c04650aa37a1ad9730696aa05847f3ad083c/src/levent2/configure.ac#L236,"#include <sys/time.h>
#ifdef timerclear",[],Autotool,4,236,237
592,jedisct1/pincaster,https://github.com/jedisct1/pincaster/blob/07a7c04650aa37a1ad9730696aa05847f3ad083c/src/levent2/configure.ac#L239,"#endif],",[],Autotool,4,239,239
592,jedisct1/pincaster,https://github.com/jedisct1/pincaster/blob/07a7c04650aa37a1ad9730696aa05847f3ad083c/src/levent2/configure.ac#L246,"#include <sys/time.h>
#ifdef timerisset",[],Autotool,4,246,247
592,jedisct1/pincaster,https://github.com/jedisct1/pincaster/blob/07a7c04650aa37a1ad9730696aa05847f3ad083c/src/levent2/configure.ac#L249,"#endif],",[],Autotool,4,249,249
592,jedisct1/pincaster,https://github.com/jedisct1/pincaster/blob/07a7c04650aa37a1ad9730696aa05847f3ad083c/src/levent2/configure.ac#L271,"dnl Checks for typedefs, structures, and compiler characteristics.",[],Autotool,0,271,271
592,jedisct1/pincaster,https://github.com/jedisct1/pincaster/blob/07a7c04650aa37a1ad9730696aa05847f3ad083c/src/levent2/configure.ac#L274,dnl Checks for library functions.,[],Autotool,0,274,274
592,jedisct1/pincaster,https://github.com/jedisct1/pincaster/blob/07a7c04650aa37a1ad9730696aa05847f3ad083c/src/levent2/configure.ac#L293,#ifdef _WIN32,[],Autotool,5,293,293
592,jedisct1/pincaster,https://github.com/jedisct1/pincaster/blob/07a7c04650aa37a1ad9730696aa05847f3ad083c/src/levent2/configure.ac#L294,"#include <winsock2.h>
#include <ws2tcpip.h>
#endif])],",[],Autotool,4,294,296
592,jedisct1/pincaster,https://github.com/jedisct1/pincaster/blob/07a7c04650aa37a1ad9730696aa05847f3ad083c/src/levent2/configure.ac#L302,dnl check getaddrinfo and gethostbyname_r for non-windows,[],Autotool,0,302,302
592,jedisct1/pincaster,https://github.com/jedisct1/pincaster/blob/07a7c04650aa37a1ad9730696aa05847f3ad083c/src/levent2/configure.ac#L326,"dnl Check for gethostbyname_r in all its glorious incompatible versions.
dnl   (This is cut-and-pasted from Tor, which based its logic on
dnl   Python's configure.in.)",[],Autotool,0,326,328
592,jedisct1/pincaster,https://github.com/jedisct1/pincaster/blob/07a7c04650aa37a1ad9730696aa05847f3ad083c/src/levent2/configure.ac#L337,#include <netdb.h>,[],Autotool,0,337,337
592,jedisct1/pincaster,https://github.com/jedisct1/pincaster/blob/07a7c04650aa37a1ad9730696aa05847f3ad083c/src/levent2/configure.ac#L350,#include <netdb.h>,[],Autotool,0,350,350
592,jedisct1/pincaster,https://github.com/jedisct1/pincaster/blob/07a7c04650aa37a1ad9730696aa05847f3ad083c/src/levent2/configure.ac#L363,#include <netdb.h>,[],Autotool,0,363,363
592,jedisct1/pincaster,https://github.com/jedisct1/pincaster/blob/07a7c04650aa37a1ad9730696aa05847f3ad083c/src/levent2/configure.ac#L383,dnl end of checking getaddrinfo and gethostbyname_r,[],Autotool,3,383,383
592,jedisct1/pincaster,https://github.com/jedisct1/pincaster/blob/07a7c04650aa37a1ad9730696aa05847f3ad083c/src/levent2/configure.ac#L388,"#define _GNU_SOURCE 1
#include <fcntl.h>
#ifdef F_SETFD",[],Autotool,0,388,390
592,jedisct1/pincaster,https://github.com/jedisct1/pincaster/blob/07a7c04650aa37a1ad9730696aa05847f3ad083c/src/levent2/configure.ac#L392,#endif,[],Autotool,0,392,392
592,jedisct1/pincaster,https://github.com/jedisct1/pincaster/blob/07a7c04650aa37a1ad9730696aa05847f3ad083c/src/levent2/configure.ac#L428,"#ifdef HAVE_STDLIB_H
#include <stdlib.h>
#endif
#ifdef HAVE_STRING_H
#include <string.h>
#endif
#include <sys/types.h>
#include <sys/time.h>
#include <sys/event.h>
#include <stdio.h>
#include <unistd.h>
#include <fcntl.h>",[],Autotool,0,428,439
592,jedisct1/pincaster,https://github.com/jedisct1/pincaster/blob/07a7c04650aa37a1ad9730696aa05847f3ad083c/src/levent2/configure.ac#L558,#ifdef HAVE_STDINT_H,[],Autotool,1,558,558
592,jedisct1/pincaster,https://github.com/jedisct1/pincaster/blob/07a7c04650aa37a1ad9730696aa05847f3ad083c/src/levent2/configure.ac#L559,"#include <stdint.h>
#elif defined(HAVE_INTTYPES_H)
#include <inttypes.h>
#endif
#ifdef HAVE_SYS_TYPES_H
#include <sys/types.h>
#endif])",[],Autotool,0,559,565
592,jedisct1/pincaster,https://github.com/jedisct1/pincaster/blob/07a7c04650aa37a1ad9730696aa05847f3ad083c/src/levent2/configure.ac#L568,#ifdef HAVE_SYS_TYPES_H,[],Autotool,1,568,568
592,jedisct1/pincaster,https://github.com/jedisct1/pincaster/blob/07a7c04650aa37a1ad9730696aa05847f3ad083c/src/levent2/configure.ac#L569,"#include <sys/types.h>
#endif
#ifdef HAVE_SYS_SELECT_H
#include <sys/select.h>
#endif])",[],Autotool,0,569,573
592,jedisct1/pincaster,https://github.com/jedisct1/pincaster/blob/07a7c04650aa37a1ad9730696aa05847f3ad083c/src/levent2/configure.ac#L585,#define _GNU_SOURCE 1,[],Autotool,1,585,585
592,jedisct1/pincaster,https://github.com/jedisct1/pincaster/blob/07a7c04650aa37a1ad9730696aa05847f3ad083c/src/levent2/configure.ac#L586,"#include <sys/types.h>
#ifdef HAVE_NETINET_IN_H
#include <netinet/in.h>
#endif
#ifdef HAVE_NETINET_IN6_H
#include <netinet/in6.h>
#endif
#ifdef HAVE_SYS_UN_H
#include <sys/un.h>
#endif
#ifdef HAVE_SYS_SOCKET_H
#include <sys/socket.h>
#endif
#ifdef HAVE_NETDB_H
#include <netdb.h>
#endif
#ifdef _WIN32
#define WIN32_WINNT 0x400
#define _WIN32_WINNT 0x400
#define WIN32_LEAN_AND_MEAN
#if defined(_MSC_VER) && (_MSC_VER < 1300)
#include <winsock.h>
#else
#include <winsock2.h>
#include <ws2tcpip.h>
#endif
#endif",[],Autotool,0,586,612
592,jedisct1/pincaster,https://github.com/jedisct1/pincaster/blob/07a7c04650aa37a1ad9730696aa05847f3ad083c/src/levent2/configure.ac#L615,#include <sys/types.h>,[],Autotool,1,615,615
592,jedisct1/pincaster,https://github.com/jedisct1/pincaster/blob/07a7c04650aa37a1ad9730696aa05847f3ad083c/src/levent2/configure.ac#L616,"#ifdef HAVE_NETINET_IN_H
#include <netinet/in.h>
#endif
#ifdef HAVE_NETINET_IN6_H
#include <netinet/in6.h>
#endif
#ifdef HAVE_SYS_SOCKET_H
#include <sys/socket.h>
#endif
#ifdef _WIN32
#define WIN32_WINNT 0x400
#define _WIN32_WINNT 0x400
#define WIN32_LEAN_AND_MEAN
#if defined(_MSC_VER) && (_MSC_VER < 1300)
#include <winsock.h>
#else
#include <winsock2.h>
#include <ws2tcpip.h>
#endif
#endif",[],Autotool,0,616,635
592,jedisct1/pincaster,https://github.com/jedisct1/pincaster/blob/07a7c04650aa37a1ad9730696aa05847f3ad083c/src/levent2/configure.ac#L640,"#ifdef HAVE_SYS_SOCKET_H
#include <sys/socket.h>
#endif
#ifdef _WIN32
#include <winsock2.h>
#endif",[],Autotool,0,640,645
592,jedisct1/pincaster,https://github.com/jedisct1/pincaster/blob/07a7c04650aa37a1ad9730696aa05847f3ad083c/src/levent2/configure.ac#L651,"#include <sys/types.h>
#ifdef _WIN32
#include <ws2tcpip.h>
#else
#include <sys/socket.h>
#endif",[],Autotool,1,651,656
592,jedisct1/pincaster,https://github.com/jedisct1/pincaster/blob/07a7c04650aa37a1ad9730696aa05847f3ad083c/src/levent2/configure.ac#L665,dnl __func__/__FUNCTION__ is not a macros in general,[],Autotool,0,665,665
592,jedisct1/pincaster,https://github.com/jedisct1/pincaster/blob/07a7c04650aa37a1ad9730696aa05847f3ad083c/src/levent2/configure.ac#L687,dnl check if we can compile with pthreads,[],Autotool,0,687,687
592,jedisct1/pincaster,https://github.com/jedisct1/pincaster/blob/07a7c04650aa37a1ad9730696aa05847f3ad083c/src/levent2/configure.ac#L695,#include <pthread.h> ]),[],Autotool,58,695,695
592,jedisct1/pincaster,https://github.com/jedisct1/pincaster/blob/07a7c04650aa37a1ad9730696aa05847f3ad083c/src/levent2/configure.ac#L701,dnl check if we should compile locking into the library,[],Autotool,0,701,701
592,jedisct1/pincaster,https://github.com/jedisct1/pincaster/blob/07a7c04650aa37a1ad9730696aa05847f3ad083c/src/levent2/configure.ac#L707,dnl check if we should hard-code the mm functions.,[],Autotool,0,707,707
592,jedisct1/pincaster,https://github.com/jedisct1/pincaster/blob/07a7c04650aa37a1ad9730696aa05847f3ad083c/src/levent2/configure.ac#L713,dnl check if we should hard-code debugging out,[],Autotool,0,713,713
592,jedisct1/pincaster,https://github.com/jedisct1/pincaster/blob/07a7c04650aa37a1ad9730696aa05847f3ad083c/src/levent2/configure.ac#L719,dnl check if we should enable verbose debugging,[],Autotool,0,719,719
592,jedisct1/pincaster,https://github.com/jedisct1/pincaster/blob/07a7c04650aa37a1ad9730696aa05847f3ad083c/src/levent2/configure.ac#L724,dnl check if we have and should use OpenSSL,[],Autotool,0,724,724
592,jedisct1/pincaster,https://github.com/jedisct1/pincaster/blob/07a7c04650aa37a1ad9730696aa05847f3ad083c/src/levent2/configure.ac#L727,# check if we have and should use mbedtls,[],Autotool,0,727,727
592,jedisct1/pincaster,https://github.com/jedisct1/pincaster/blob/07a7c04650aa37a1ad9730696aa05847f3ad083c/src/levent2/configure.ac#L730,dnl enable some warnings by default,[],Autotool,0,730,730
592,jedisct1/pincaster,https://github.com/jedisct1/pincaster/blob/07a7c04650aa37a1ad9730696aa05847f3ad083c/src/levent2/configure.ac#L733,"dnl Disable the strict-aliasing optimization, since it breaks
dnl our sockaddr-handling code in strange ways.
dnl See 52eb4951302554dd696d6a0120ad5d3f6cffb7bb.",[],Autotool,0,733,735
592,jedisct1/pincaster,https://github.com/jedisct1/pincaster/blob/07a7c04650aa37a1ad9730696aa05847f3ad083c/src/levent2/configure.ac#L738,dnl Add warnings which we use in development but not for releases.,[],Autotool,0,738,738
592,jedisct1/pincaster,https://github.com/jedisct1/pincaster/blob/07a7c04650aa37a1ad9730696aa05847f3ad083c/src/levent2/configure.ac#L741,dnl -W is the same as -Wextra,[],Autotool,2,741,741
592,jedisct1/pincaster,https://github.com/jedisct1/pincaster/blob/07a7c04650aa37a1ad9730696aa05847f3ad083c/src/levent2/configure.ac#L744,"dnl The AX_CHECK_COMPILE_FLAG macro ignores warnings, so -Werror is used
dnl to convert warnings into errors and prevent the addition of unknown flags.",[],Autotool,2,744,745
592,jedisct1/pincaster,https://github.com/jedisct1/pincaster/blob/07a7c04650aa37a1ad9730696aa05847f3ad083c/src/levent2/configure.ac#L764,dnl Convert warnings into errors,[],Autotool,2,764,764
592,jedisct1/pincaster,https://github.com/jedisct1/pincaster/blob/07a7c04650aa37a1ad9730696aa05847f3ad083c/src/levent2/configure.ac#L769,dnl Disable warnings for unused parameters,[],Autotool,2,769,769
592,jedisct1/pincaster,https://github.com/jedisct1/pincaster/blob/07a7c04650aa37a1ad9730696aa05847f3ad083c/src/levent2/configure.ac#L774,"#if !defined(__clang__)
#error
#endif])], have_clang=yes, have_clang=no)",[],Autotool,2,774,776
592,jedisct1/pincaster,https://github.com/jedisct1/pincaster/blob/07a7c04650aa37a1ad9730696aa05847f3ad083c/src/levent2/configure.ac#L779,dnl Disable unused-function warnings. These trigger for minheap-internal.h.,[],Autotool,4,779,779
592,jedisct1/pincaster,https://github.com/jedisct1/pincaster/blob/07a7c04650aa37a1ad9730696aa05847f3ad083c/src/levent2/configure.ac#L784,"dnl Clang on macOS emits warnings for each directory specified which
dnl isn't ""used"", generating a lot of build noise.",[],Autotool,8,784,785
592,jedisct1/pincaster,https://github.com/jedisct1/pincaster/blob/07a7c04650aa37a1ad9730696aa05847f3ad083c/src/levent2/configure.ac#L797,"dnl  NetBSD will link but likely not run with --gc-sections
dnl  http://bugs.ntp.org/1844
dnl  http://gnats.netbsd.org/40401
dnl  --gc-sections causes attempt to load as linux elf, with
dnl  wrong syscalls in place.  Test a little gauntlet of
dnl  simple stdio read code checking for errors, expecting
dnl  enough syscall differences that the NetBSD code will
dnl  fail even with Linux emulation working as designed.
dnl  A shorter test could be refined by someone with access
dnl  to a NetBSD host with Linux emulation working.",[],Autotool,5,797,806
592,jedisct1/pincaster,https://github.com/jedisct1/pincaster/blob/07a7c04650aa37a1ad9730696aa05847f3ad083c/src/levent2/configure.ac#L839,"dnl We have to do this invocation manually so that we can
dnl get the output of conftest.err to make sure it doesn't
dnl mention gc-sections.",[],Autotool,20,839,841
592,jedisct1/pincaster,https://github.com/jedisct1/pincaster/blob/07a7c04650aa37a1ad9730696aa05847f3ad083c/src/levent2/configure.ac#L866,dnl Doxygen support,[],Autotool,0,866,866
592,jedisct1/pincaster,https://github.com/jedisct1/pincaster/blob/07a7c04650aa37a1ad9730696aa05847f3ad083c/src/levent2/CMakeLists.txt#L1,"#
# Libevent CMake project
#
# Based on initial work by:
#    Alexey Ozeritsky
#
# Additional changes:
#   Brodie Thiesfield
#   Joakim Soderberg
#   Trond Norbye
#   Sergei Nikulov
#
#   Build example:
#
#       cd libevent
#       md build
#       cd build
#       cmake -G ""Visual Studio 10"" ..
#       start libevent.sln
#",[],CMake,0,1,20
592,jedisct1/pincaster,https://github.com/jedisct1/pincaster/blob/07a7c04650aa37a1ad9730696aa05847f3ad083c/src/levent2/CMakeLists.txt#L80,# equals to VERSION_INFO in Makefile.am,[],CMake,0,80,80
592,jedisct1/pincaster,https://github.com/jedisct1/pincaster/blob/07a7c04650aa37a1ad9730696aa05847f3ad083c/src/levent2/CMakeLists.txt#L85,# equals to RELEASE in Makefile.am,[],CMake,0,85,85
592,jedisct1/pincaster,https://github.com/jedisct1/pincaster/blob/07a7c04650aa37a1ad9730696aa05847f3ad083c/src/levent2/CMakeLists.txt#L90,"# only a subset of names can be used, defaults to ""beta""",[],CMake,0,90,90
592,jedisct1/pincaster,https://github.com/jedisct1/pincaster/blob/07a7c04650aa37a1ad9730696aa05847f3ad083c/src/levent2/CMakeLists.txt#L93,# a list that defines what can set for EVENT_STAGE_VERSION,[],CMake,0,93,93
592,jedisct1/pincaster,https://github.com/jedisct1/pincaster/blob/07a7c04650aa37a1ad9730696aa05847f3ad083c/src/levent2/CMakeLists.txt#L156,"# Put the libaries and binaries that get built into directories at the
# top of the build tree rather than in hard-to-find leaf directories.
#
# But only if this variables are not defined yet
# (i.e. libevent is used via add_subdirectory())",[],CMake,0,156,160
592,jedisct1/pincaster,https://github.com/jedisct1/pincaster/blob/07a7c04650aa37a1ad9730696aa05847f3ad083c/src/levent2/CMakeLists.txt#L171,"# The RPATH to be used when installing, but only if it's not a system directory
#
# Refs: https://gitlab.kitware.com/cmake/community/-/wikis/doc/cmake/RPATH-handling",[],CMake,0,171,173
592,jedisct1/pincaster,https://github.com/jedisct1/pincaster/blob/07a7c04650aa37a1ad9730696aa05847f3ad083c/src/levent2/CMakeLists.txt#L175,"# NOTE: that CMAKE_INSTALL_PREFIX not always normalized correctly, i.e.:
# - ""///"" -> ""/""
# - ""/////usr///"" -> ""//usr""
# So it should be normalized again.",[],CMake,4,175,178
592,jedisct1/pincaster,https://github.com/jedisct1/pincaster/blob/07a7c04650aa37a1ad9730696aa05847f3ad083c/src/levent2/CMakeLists.txt#L193,# make it colorful under ninja-build,[],CMake,0,193,193
592,jedisct1/pincaster,https://github.com/jedisct1/pincaster/blob/07a7c04650aa37a1ad9730696aa05847f3ad083c/src/levent2/CMakeLists.txt#L198,# Setup compiler flags for coverage.,[],CMake,0,198,198
592,jedisct1/pincaster,https://github.com/jedisct1/pincaster/blob/07a7c04650aa37a1ad9730696aa05847f3ad083c/src/levent2/CMakeLists.txt#L225,# Detect library type,[],CMake,0,225,225
592,jedisct1/pincaster,https://github.com/jedisct1/pincaster/blob/07a7c04650aa37a1ad9730696aa05847f3ad083c/src/levent2/CMakeLists.txt#L255,# brew support,[],CMake,0,255,255
592,jedisct1/pincaster,https://github.com/jedisct1/pincaster/blob/07a7c04650aa37a1ad9730696aa05847f3ad083c/src/levent2/CMakeLists.txt#L266,"# For more info:
# - https://docs.microsoft.com/en-us/cpp/build/reference/md-mt-ld-use-run-time-library?view=vs-2017
# - https://gitlab.kitware.com/cmake/community/wikis/FAQ#how-can-i-build-my-msvc-application-with-a-static-runtime",[],CMake,4,266,268
592,jedisct1/pincaster,https://github.com/jedisct1/pincaster/blob/07a7c04650aa37a1ad9730696aa05847f3ad083c/src/levent2/CMakeLists.txt#L287,# GNUC specific options.,[],CMake,0,287,287
592,jedisct1/pincaster,https://github.com/jedisct1/pincaster/blob/07a7c04650aa37a1ad9730696aa05847f3ad083c/src/levent2/CMakeLists.txt#L299,# gcc 2.9.5+,[],CMake,30,299,299
592,jedisct1/pincaster,https://github.com/jedisct1/pincaster/blob/07a7c04650aa37a1ad9730696aa05847f3ad083c/src/levent2/CMakeLists.txt#L302,# gcc 4,[],CMake,9,302,302
592,jedisct1/pincaster,https://github.com/jedisct1/pincaster/blob/07a7c04650aa37a1ad9730696aa05847f3ad083c/src/levent2/CMakeLists.txt#L307,# gcc 4.2,[],CMake,9,307,307
592,jedisct1/pincaster,https://github.com/jedisct1/pincaster/blob/07a7c04650aa37a1ad9730696aa05847f3ad083c/src/levent2/CMakeLists.txt#L312,# gcc 4.5,[],CMake,9,312,312
592,jedisct1/pincaster,https://github.com/jedisct1/pincaster/blob/07a7c04650aa37a1ad9730696aa05847f3ad083c/src/levent2/CMakeLists.txt#L353,# Clang on macOS emits warnings for each directory specified which isn't used,[],CMake,4,353,353
592,jedisct1/pincaster,https://github.com/jedisct1/pincaster/blob/07a7c04650aa37a1ad9730696aa05847f3ad083c/src/levent2/CMakeLists.txt#L363,# Winsock.,[],CMake,0,363,363
592,jedisct1/pincaster,https://github.com/jedisct1/pincaster/blob/07a7c04650aa37a1ad9730696aa05847f3ad083c/src/levent2/CMakeLists.txt#L380,# Check if _GNU_SOURCE is available.,[],CMake,0,380,380
592,jedisct1/pincaster,https://github.com/jedisct1/pincaster/blob/07a7c04650aa37a1ad9730696aa05847f3ad083c/src/levent2/CMakeLists.txt#L399,# Check if header files exist,[],CMake,0,399,399
592,jedisct1/pincaster,https://github.com/jedisct1/pincaster/blob/07a7c04650aa37a1ad9730696aa05847f3ad083c/src/levent2/CMakeLists.txt#L468,# (Only `CHECK_TYPE_SIZE()' will use `CMAKE_EXTRA_INCLUDE_FILES'),[],CMake,4,468,468
592,jedisct1/pincaster,https://github.com/jedisct1/pincaster/blob/07a7c04650aa37a1ad9730696aa05847f3ad083c/src/levent2/CMakeLists.txt#L472,# Fills EVENT_INCLUDES,[],CMake,0,472,472
592,jedisct1/pincaster,https://github.com/jedisct1/pincaster/blob/07a7c04650aa37a1ad9730696aa05847f3ad083c/src/levent2/CMakeLists.txt#L478,# Check if functions exist,[],CMake,0,478,478
592,jedisct1/pincaster,https://github.com/jedisct1/pincaster/blob/07a7c04650aa37a1ad9730696aa05847f3ad083c/src/levent2/CMakeLists.txt#L562,# for CHECK_SYMBOLS_EXIST(),[],CMake,8,562,562
592,jedisct1/pincaster,https://github.com/jedisct1/pincaster/blob/07a7c04650aa37a1ad9730696aa05847f3ad083c/src/levent2/CMakeLists.txt#L578,# Get the gethostbyname_r prototype.,[],CMake,0,578,578
592,jedisct1/pincaster,https://github.com/jedisct1/pincaster/blob/07a7c04650aa37a1ad9730696aa05847f3ad083c/src/levent2/CMakeLists.txt#L616,"# These aren't available until Windows Vista.
# But you can still link them. They just won't be found when running the exe.",[],CMake,4,616,617
592,jedisct1/pincaster,https://github.com/jedisct1/pincaster/blob/07a7c04650aa37a1ad9730696aa05847f3ad083c/src/levent2/CMakeLists.txt#L622,# Check for different inline keyword versions.,[],CMake,0,622,622
592,jedisct1/pincaster,https://github.com/jedisct1/pincaster/blob/07a7c04650aa37a1ad9730696aa05847f3ad083c/src/levent2/CMakeLists.txt#L635,# __func__/__FUNCTION__ is not a macros in general,[],CMake,0,635,635
592,jedisct1/pincaster,https://github.com/jedisct1/pincaster/blob/07a7c04650aa37a1ad9730696aa05847f3ad083c/src/levent2/CMakeLists.txt#L659,# Winssck.,[],CMake,0,659,659
592,jedisct1/pincaster,https://github.com/jedisct1/pincaster/blob/07a7c04650aa37a1ad9730696aa05847f3ad083c/src/levent2/CMakeLists.txt#L696,# we're just getting lazy now.,[],CMake,0,696,696
592,jedisct1/pincaster,https://github.com/jedisct1/pincaster/blob/07a7c04650aa37a1ad9730696aa05847f3ad083c/src/levent2/CMakeLists.txt#L709,#CHECK_FILE_OFFSET_BITS(),[],CMake,0,709,709
592,jedisct1/pincaster,https://github.com/jedisct1/pincaster/blob/07a7c04650aa37a1ad9730696aa05847f3ad083c/src/levent2/CMakeLists.txt#L711,# Verify kqueue works with pipes.,[],CMake,0,711,711
592,jedisct1/pincaster,https://github.com/jedisct1/pincaster/blob/07a7c04650aa37a1ad9730696aa05847f3ad083c/src/levent2/CMakeLists.txt#L730,# Check for sockaddr structure sizes.,[],CMake,0,730,730
592,jedisct1/pincaster,https://github.com/jedisct1/pincaster/blob/07a7c04650aa37a1ad9730696aa05847f3ad083c/src/levent2/CMakeLists.txt#L793,# Group the source files.,[],CMake,0,793,793
592,jedisct1/pincaster,https://github.com/jedisct1/pincaster/blob/07a7c04650aa37a1ad9730696aa05847f3ad083c/src/levent2/CMakeLists.txt#L903,# only if OPENSSL_ROOT_DIR is not set yet,[],CMake,4,903,903
592,jedisct1/pincaster,https://github.com/jedisct1/pincaster/blob/07a7c04650aa37a1ad9730696aa05847f3ad083c/src/levent2/CMakeLists.txt#L947,# Zlib is only used for testing.,[],CMake,4,947,947
592,jedisct1/pincaster,https://github.com/jedisct1/pincaster/blob/07a7c04650aa37a1ad9730696aa05847f3ad083c/src/levent2/CMakeLists.txt#L966,"# We use BEFORE here so we don't accidentally look in system directories
# first for some previous versions of the headers that are installed.",[],CMake,0,966,967
592,jedisct1/pincaster,https://github.com/jedisct1/pincaster/blob/07a7c04650aa37a1ad9730696aa05847f3ad083c/src/levent2/CMakeLists.txt#L1000,"# Generate the configure headers.
# (Place them in the build dir so we don't polute the source tree with generated files).",[],CMake,0,1000,1001
592,jedisct1/pincaster,https://github.com/jedisct1/pincaster/blob/07a7c04650aa37a1ad9730696aa05847f3ad083c/src/levent2/CMakeLists.txt#L1019,"#
# Create the libraries.
#",[],CMake,0,1019,1021
592,jedisct1/pincaster,https://github.com/jedisct1/pincaster/blob/07a7c04650aa37a1ad9730696aa05847f3ad083c/src/levent2/CMakeLists.txt#L1051,"# library exists for historical reasons; it contains the contents of
# both libevent_core and libevent_extra. You shouldn’t use it; it may
# go away in a future version of Libevent.",[],CMake,0,1051,1053
592,jedisct1/pincaster,https://github.com/jedisct1/pincaster/blob/07a7c04650aa37a1ad9730696aa05847f3ad083c/src/levent2/CMakeLists.txt#L1075,"#
# Samples.
#",[],CMake,0,1075,1077
592,jedisct1/pincaster,https://github.com/jedisct1/pincaster/blob/07a7c04650aa37a1ad9730696aa05847f3ad083c/src/levent2/CMakeLists.txt#L1137,"#
# Benchmarks
#",[],CMake,0,1137,1139
592,jedisct1/pincaster,https://github.com/jedisct1/pincaster/blob/07a7c04650aa37a1ad9730696aa05847f3ad083c/src/levent2/CMakeLists.txt#L1157,"#
# Tests
#",[],CMake,0,1157,1159
592,jedisct1/pincaster,https://github.com/jedisct1/pincaster/blob/07a7c04650aa37a1ad9730696aa05847f3ad083c/src/levent2/CMakeLists.txt#L1170,"#
# Generate Regress tests.
#",[],CMake,4,1170,1172
592,jedisct1/pincaster,https://github.com/jedisct1/pincaster/blob/07a7c04650aa37a1ad9730696aa05847f3ad083c/src/levent2/CMakeLists.txt#L1174,# (We require python to generate the regress tests),[],CMake,8,1174,1174
592,jedisct1/pincaster,https://github.com/jedisct1/pincaster/blob/07a7c04650aa37a1ad9730696aa05847f3ad083c/src/levent2/CMakeLists.txt#L1265,"#
# Test programs.
#
# all of these, including the cmakelists.txt should be moved
# into the dirctory 'tests' first.
#
# doing this, we can remove all the DISABLE_TESTS stuff, and simply
# do something like:
#
# add_custom_targets(tests)
# add_executable(... EXCLUDE_FROM_ALL ...c)
# add_dependencis(tests testa testb testc)
# add_test(....)
#
# then you can just run 'make tests' instead of them all
# auto-compile|running
# - ellzey",[],CMake,4,1265,1281
592,jedisct1/pincaster,https://github.com/jedisct1/pincaster/blob/07a7c04650aa37a1ad9730696aa05847f3ad083c/src/levent2/CMakeLists.txt#L1305,"#
# We run all tests with the different backends turned on one at a time.
#",[],CMake,4,1305,1307
592,jedisct1/pincaster,https://github.com/jedisct1/pincaster/blob/07a7c04650aa37a1ad9730696aa05847f3ad083c/src/levent2/CMakeLists.txt#L1309,# Add event backends based on system introspection result.,[],CMake,4,1309,1309
592,jedisct1/pincaster,https://github.com/jedisct1/pincaster/blob/07a7c04650aa37a1ad9730696aa05847f3ad083c/src/levent2/CMakeLists.txt#L1345,"# Default environment variables turns off all event systems,
# then we enable each one, one at a time when creating the tests.",[],CMake,4,1345,1346
592,jedisct1/pincaster,https://github.com/jedisct1/pincaster/blob/07a7c04650aa37a1ad9730696aa05847f3ad083c/src/levent2/CMakeLists.txt#L1353,# Macro that creates the ctest test for a backend.,[],CMake,4,1353,1353
592,jedisct1/pincaster,https://github.com/jedisct1/pincaster/blob/07a7c04650aa37a1ad9730696aa05847f3ad083c/src/levent2/CMakeLists.txt#L1369,# Dump events test.,[],CMake,8,1369,1369
592,jedisct1/pincaster,https://github.com/jedisct1/pincaster/blob/07a7c04650aa37a1ad9730696aa05847f3ad083c/src/levent2/CMakeLists.txt#L1391,# Regress tests.,[],CMake,8,1391,1391
592,jedisct1/pincaster,https://github.com/jedisct1/pincaster/blob/07a7c04650aa37a1ad9730696aa05847f3ad083c/src/levent2/CMakeLists.txt#L1409,# Add the tests for each backend.,[],CMake,4,1409,1409
592,jedisct1/pincaster,https://github.com/jedisct1/pincaster/blob/07a7c04650aa37a1ad9730696aa05847f3ad083c/src/levent2/CMakeLists.txt#L1411,# Enable this backend only.,[],CMake,8,1411,1411
592,jedisct1/pincaster,https://github.com/jedisct1/pincaster/blob/07a7c04650aa37a1ad9730696aa05847f3ad083c/src/levent2/CMakeLists.txt#L1415,# Epoll has some extra settings.,[],CMake,8,1415,1415
592,jedisct1/pincaster,https://github.com/jedisct1/pincaster/blob/07a7c04650aa37a1ad9730696aa05847f3ad083c/src/levent2/CMakeLists.txt#L1430,"#
# Rate limiter tests.
#",[],CMake,4,1430,1432
592,jedisct1/pincaster,https://github.com/jedisct1/pincaster/blob/07a7c04650aa37a1ad9730696aa05847f3ad083c/src/levent2/CMakeLists.txt#L1434,"# Group limits, no connection limit.",[],CMake,4,1434,1434
592,jedisct1/pincaster,https://github.com/jedisct1/pincaster/blob/07a7c04650aa37a1ad9730696aa05847f3ad083c/src/levent2/CMakeLists.txt#L1445,"# Connection limit, no group limit.",[],CMake,4,1445,1445
592,jedisct1/pincaster,https://github.com/jedisct1/pincaster/blob/07a7c04650aa37a1ad9730696aa05847f3ad083c/src/levent2/CMakeLists.txt#L1454,# Connection limit and group limit.,[],CMake,4,1454,1454
592,jedisct1/pincaster,https://github.com/jedisct1/pincaster/blob/07a7c04650aa37a1ad9730696aa05847f3ad083c/src/levent2/CMakeLists.txt#L1465,# Connection limit and group limit with independent drain.,[],CMake,4,1465,1465
592,jedisct1/pincaster,https://github.com/jedisct1/pincaster/blob/07a7c04650aa37a1ad9730696aa05847f3ad083c/src/levent2/CMakeLists.txt#L1477,"# Add a ""make verify"" target, same as for autoconf.
# (Important! This will unset all EVENT_NO* environment variables.
#  If they are set in the shell the tests are running using simply ""ctest"" or ""make test"" will fail)",[],CMake,4,1477,1479
592,jedisct1/pincaster,https://github.com/jedisct1/pincaster/blob/07a7c04650aa37a1ad9730696aa05847f3ad083c/src/levent2/CMakeLists.txt#L1481,"# Windows doesn't have ""unset"". But you can use ""set VAR="" instead.",[],CMake,8,1481,1481
592,jedisct1/pincaster,https://github.com/jedisct1/pincaster/blob/07a7c04650aa37a1ad9730696aa05847f3ad083c/src/levent2/CMakeLists.txt#L1509,"# On some platforms doing exec(unset) as CMake doesn't work, so make sure
# we run the unset command in a shell instead.
# First we write the script contents.",[],CMake,8,1509,1511
592,jedisct1/pincaster,https://github.com/jedisct1/pincaster/blob/07a7c04650aa37a1ad9730696aa05847f3ad083c/src/levent2/CMakeLists.txt#L1519,# Then we copy the file (this allows us to set execute permission on it),[],CMake,8,1519,1519
592,jedisct1/pincaster,https://github.com/jedisct1/pincaster/blob/07a7c04650aa37a1ad9730696aa05847f3ad083c/src/levent2/CMakeLists.txt#L1531,# Create the target that runs the script.,[],CMake,8,1531,1531
592,jedisct1/pincaster,https://github.com/jedisct1/pincaster/blob/07a7c04650aa37a1ad9730696aa05847f3ad083c/src/levent2/CMakeLists.txt#L1545,"# Coverage target name ""make verify_coverage""",[],CMake,28,1545,1545
592,jedisct1/pincaster,https://github.com/jedisct1/pincaster/blob/07a7c04650aa37a1ad9730696aa05847f3ad083c/src/levent2/CMakeLists.txt#L1546,# Test runner.,[],CMake,28,1546,1546
592,jedisct1/pincaster,https://github.com/jedisct1/pincaster/blob/07a7c04650aa37a1ad9730696aa05847f3ad083c/src/levent2/CMakeLists.txt#L1547,# Output directory.,[],CMake,28,1547,1547
592,jedisct1/pincaster,https://github.com/jedisct1/pincaster/blob/07a7c04650aa37a1ad9730696aa05847f3ad083c/src/levent2/CMakeLists.txt#L1548,"# Arguments passed to test runner. ""make verify""",[],CMake,28,1548,1548
592,jedisct1/pincaster,https://github.com/jedisct1/pincaster/blob/07a7c04650aa37a1ad9730696aa05847f3ad083c/src/levent2/CMakeLists.txt#L1556,"#
# Installation preparation.
#",[],CMake,0,1556,1558
592,jedisct1/pincaster,https://github.com/jedisct1/pincaster/blob/07a7c04650aa37a1ad9730696aa05847f3ad083c/src/levent2/CMakeLists.txt#L1578,# Generate the config file for the build-tree.,[],CMake,0,1578,1578
592,jedisct1/pincaster,https://github.com/jedisct1/pincaster/blob/07a7c04650aa37a1ad9730696aa05847f3ad083c/src/levent2/CMakeLists.txt#L1589,# Generate the config file for the installation tree.,[],CMake,0,1589,1589
592,jedisct1/pincaster,https://github.com/jedisct1/pincaster/blob/07a7c04650aa37a1ad9730696aa05847f3ad083c/src/levent2/CMakeLists.txt#L1592,# Generate version info for both build-tree and install-tree.,[],CMake,0,1592,1592
592,jedisct1/pincaster,https://github.com/jedisct1/pincaster/blob/07a7c04650aa37a1ad9730696aa05847f3ad083c/src/levent2/CMakeLists.txt#L1597,# Install compat headers,[],CMake,0,1597,1597
592,jedisct1/pincaster,https://github.com/jedisct1/pincaster/blob/07a7c04650aa37a1ad9730696aa05847f3ad083c/src/levent2/CMakeLists.txt#L1602,# Install public headers,[],CMake,0,1602,1602
592,jedisct1/pincaster,https://github.com/jedisct1/pincaster/blob/07a7c04650aa37a1ad9730696aa05847f3ad083c/src/levent2/CMakeLists.txt#L1607,# Install the configs.,[],CMake,0,1607,1607
592,jedisct1/pincaster,https://github.com/jedisct1/pincaster/blob/07a7c04650aa37a1ad9730696aa05847f3ad083c/src/levent2/CMakeLists.txt#L1614,# Install exports for the install-tree.,[],CMake,0,1614,1614
592,jedisct1/pincaster,https://github.com/jedisct1/pincaster/blob/07a7c04650aa37a1ad9730696aa05847f3ad083c/src/levent2/CMakeLists.txt#L1629,# Install the scripts.,[],CMake,0,1629,1629
592,jedisct1/pincaster,https://github.com/jedisct1/pincaster/blob/07a7c04650aa37a1ad9730696aa05847f3ad083c/src/levent2/CMakeLists.txt#L1635,# Create documents with doxygen.,[],CMake,0,1635,1635
592,jedisct1/pincaster,https://github.com/jedisct1/pincaster/blob/07a7c04650aa37a1ad9730696aa05847f3ad083c/src/levent2/CMakeLists.txt#L1645,"# Create the uninstall target.
# https://gitlab.kitware.com/cmake/community/wikis/FAQ#can-i-do-make-uninstall-with-cmake",[],CMake,1,1645,1646
592,jedisct1/pincaster,https://github.com/jedisct1/pincaster/blob/07a7c04650aa37a1ad9730696aa05847f3ad083c/src/levent2/test-export/CMakeLists.txt#L6,# set(CMAKE_VERBOSE_MAKEFILE 1),[],CMake,0,6,6
