repoIndex,repoName,linkLocation,comment,keywords,buildSysteminFile,charPosition,startLine,endLine
593,kfish/xsel,https://github.com/kfish/xsel/blob/9fc4e3e4e3f1231cabfdc2e1438155f9390bc517/Makefile.am#L1,## Process this file with automake to produce Makefile.in,[],Autotool,0,1,1
593,kfish/xsel,https://github.com/kfish/xsel/blob/9fc4e3e4e3f1231cabfdc2e1438155f9390bc517/config.h.in#L1,/* config.h.in.  Generated from configure.ac by autoheader.  */,[],Autotool,0,1,1
593,kfish/xsel,https://github.com/kfish/xsel/blob/9fc4e3e4e3f1231cabfdc2e1438155f9390bc517/config.h.in#L3,/* Define to 1 if you have the `dup2' function. */,[],Autotool,0,3,3
593,kfish/xsel,https://github.com/kfish/xsel/blob/9fc4e3e4e3f1231cabfdc2e1438155f9390bc517/config.h.in#L6,/* Define to 1 if you have the <errno.h> header file. */,[],Autotool,0,6,6
593,kfish/xsel,https://github.com/kfish/xsel/blob/9fc4e3e4e3f1231cabfdc2e1438155f9390bc517/config.h.in#L9,/* Define to 1 if you have the <fcntl.h> header file. */,[],Autotool,0,9,9
593,kfish/xsel,https://github.com/kfish/xsel/blob/9fc4e3e4e3f1231cabfdc2e1438155f9390bc517/config.h.in#L12,/* Define to 1 if you have the `fork' function. */,[],Autotool,0,12,12
593,kfish/xsel,https://github.com/kfish/xsel/blob/9fc4e3e4e3f1231cabfdc2e1438155f9390bc517/config.h.in#L15,/* Define to 1 if you have the <inttypes.h> header file. */,[],Autotool,0,15,15
593,kfish/xsel,https://github.com/kfish/xsel/blob/9fc4e3e4e3f1231cabfdc2e1438155f9390bc517/config.h.in#L18,"/* Define to 1 if your system has a GNU libc compatible `malloc' function, and
   to 0 otherwise. */",[],Autotool,0,18,19
593,kfish/xsel,https://github.com/kfish/xsel/blob/9fc4e3e4e3f1231cabfdc2e1438155f9390bc517/config.h.in#L22,/* Define to 1 if you have the <memory.h> header file. */,[],Autotool,0,22,22
593,kfish/xsel,https://github.com/kfish/xsel/blob/9fc4e3e4e3f1231cabfdc2e1438155f9390bc517/config.h.in#L25,/* Define to 1 if you have the `select' function. */,[],Autotool,0,25,25
593,kfish/xsel,https://github.com/kfish/xsel/blob/9fc4e3e4e3f1231cabfdc2e1438155f9390bc517/config.h.in#L28,/* Define to 1 if you have the <stdint.h> header file. */,[],Autotool,0,28,28
593,kfish/xsel,https://github.com/kfish/xsel/blob/9fc4e3e4e3f1231cabfdc2e1438155f9390bc517/config.h.in#L31,/* Define to 1 if you have the <stdlib.h> header file. */,[],Autotool,0,31,31
593,kfish/xsel,https://github.com/kfish/xsel/blob/9fc4e3e4e3f1231cabfdc2e1438155f9390bc517/config.h.in#L34,/* Define to 1 if you have the `strdup' function. */,[],Autotool,0,34,34
593,kfish/xsel,https://github.com/kfish/xsel/blob/9fc4e3e4e3f1231cabfdc2e1438155f9390bc517/config.h.in#L37,/* Define to 1 if you have the `strerror' function. */,[],Autotool,0,37,37
593,kfish/xsel,https://github.com/kfish/xsel/blob/9fc4e3e4e3f1231cabfdc2e1438155f9390bc517/config.h.in#L40,/* Define to 1 if you have the <strings.h> header file. */,[],Autotool,0,40,40
593,kfish/xsel,https://github.com/kfish/xsel/blob/9fc4e3e4e3f1231cabfdc2e1438155f9390bc517/config.h.in#L43,/* Define to 1 if you have the <string.h> header file. */,[],Autotool,0,43,43
593,kfish/xsel,https://github.com/kfish/xsel/blob/9fc4e3e4e3f1231cabfdc2e1438155f9390bc517/config.h.in#L46,/* Define to 1 if you have the `strtol' function. */,[],Autotool,0,46,46
593,kfish/xsel,https://github.com/kfish/xsel/blob/9fc4e3e4e3f1231cabfdc2e1438155f9390bc517/config.h.in#L49,/* Define to 1 if `st_blksize' is a member of `struct stat'. */,[],Autotool,0,49,49
593,kfish/xsel,https://github.com/kfish/xsel/blob/9fc4e3e4e3f1231cabfdc2e1438155f9390bc517/config.h.in#L52,/* Define to 1 if you have the <sys/stat.h> header file. */,[],Autotool,0,52,52
593,kfish/xsel,https://github.com/kfish/xsel/blob/9fc4e3e4e3f1231cabfdc2e1438155f9390bc517/config.h.in#L55,/* Define to 1 if you have the <sys/time.h> header file. */,[],Autotool,0,55,55
593,kfish/xsel,https://github.com/kfish/xsel/blob/9fc4e3e4e3f1231cabfdc2e1438155f9390bc517/config.h.in#L58,/* Define to 1 if you have the <sys/types.h> header file. */,[],Autotool,0,58,58
593,kfish/xsel,https://github.com/kfish/xsel/blob/9fc4e3e4e3f1231cabfdc2e1438155f9390bc517/config.h.in#L61,/* Define to 1 if you have the <unistd.h> header file. */,[],Autotool,0,61,61
593,kfish/xsel,https://github.com/kfish/xsel/blob/9fc4e3e4e3f1231cabfdc2e1438155f9390bc517/config.h.in#L64,/* Define to 1 if you have the `vfork' function. */,[],Autotool,0,64,64
593,kfish/xsel,https://github.com/kfish/xsel/blob/9fc4e3e4e3f1231cabfdc2e1438155f9390bc517/config.h.in#L67,/* Define to 1 if you have the <vfork.h> header file. */,[],Autotool,0,67,67
593,kfish/xsel,https://github.com/kfish/xsel/blob/9fc4e3e4e3f1231cabfdc2e1438155f9390bc517/config.h.in#L70,/* Define to 1 if `fork' works. */,[],Autotool,0,70,70
593,kfish/xsel,https://github.com/kfish/xsel/blob/9fc4e3e4e3f1231cabfdc2e1438155f9390bc517/config.h.in#L73,/* Define to 1 if `vfork' works. */,[],Autotool,0,73,73
593,kfish/xsel,https://github.com/kfish/xsel/blob/9fc4e3e4e3f1231cabfdc2e1438155f9390bc517/config.h.in#L76,/* Name of package */,[],Autotool,0,76,76
593,kfish/xsel,https://github.com/kfish/xsel/blob/9fc4e3e4e3f1231cabfdc2e1438155f9390bc517/config.h.in#L79,/* Define to the address where bug reports for this package should be sent. */,[],Autotool,0,79,79
593,kfish/xsel,https://github.com/kfish/xsel/blob/9fc4e3e4e3f1231cabfdc2e1438155f9390bc517/config.h.in#L82,/* Define to the full name of this package. */,[],Autotool,0,82,82
593,kfish/xsel,https://github.com/kfish/xsel/blob/9fc4e3e4e3f1231cabfdc2e1438155f9390bc517/config.h.in#L85,/* Define to the full name and version of this package. */,[],Autotool,0,85,85
593,kfish/xsel,https://github.com/kfish/xsel/blob/9fc4e3e4e3f1231cabfdc2e1438155f9390bc517/config.h.in#L88,/* Define to the one symbol short name of this package. */,[],Autotool,0,88,88
593,kfish/xsel,https://github.com/kfish/xsel/blob/9fc4e3e4e3f1231cabfdc2e1438155f9390bc517/config.h.in#L91,/* Define to the home page for this package. */,[],Autotool,0,91,91
593,kfish/xsel,https://github.com/kfish/xsel/blob/9fc4e3e4e3f1231cabfdc2e1438155f9390bc517/config.h.in#L94,/* Define to the version of this package. */,[],Autotool,0,94,94
593,kfish/xsel,https://github.com/kfish/xsel/blob/9fc4e3e4e3f1231cabfdc2e1438155f9390bc517/config.h.in#L97,/* Define as the return type of signal handlers (`int' or `void'). */,[],Autotool,0,97,97
593,kfish/xsel,https://github.com/kfish/xsel/blob/9fc4e3e4e3f1231cabfdc2e1438155f9390bc517/config.h.in#L100,/* Define to 1 if you have the ANSI C header files. */,[],Autotool,0,100,100
593,kfish/xsel,https://github.com/kfish/xsel/blob/9fc4e3e4e3f1231cabfdc2e1438155f9390bc517/config.h.in#L103,/* Define to 1 if you can safely include both <sys/time.h> and <time.h>. */,[],Autotool,0,103,103
593,kfish/xsel,https://github.com/kfish/xsel/blob/9fc4e3e4e3f1231cabfdc2e1438155f9390bc517/config.h.in#L106,/* Version number of package */,[],Autotool,0,106,106
593,kfish/xsel,https://github.com/kfish/xsel/blob/9fc4e3e4e3f1231cabfdc2e1438155f9390bc517/config.h.in#L109,/* Define to 1 if the X Window System is missing or not being used. */,[],Autotool,0,109,109
593,kfish/xsel,https://github.com/kfish/xsel/blob/9fc4e3e4e3f1231cabfdc2e1438155f9390bc517/config.h.in#L112,/* Define to empty if `const' does not conform to ANSI C. */,[],Autotool,0,112,112
593,kfish/xsel,https://github.com/kfish/xsel/blob/9fc4e3e4e3f1231cabfdc2e1438155f9390bc517/config.h.in#L115,/* Define to `int' if <sys/types.h> doesn't define. */,[],Autotool,0,115,115
593,kfish/xsel,https://github.com/kfish/xsel/blob/9fc4e3e4e3f1231cabfdc2e1438155f9390bc517/config.h.in#L118,/* Define to rpl_malloc if the replacement function should be used. */,[],Autotool,0,118,118
593,kfish/xsel,https://github.com/kfish/xsel/blob/9fc4e3e4e3f1231cabfdc2e1438155f9390bc517/config.h.in#L121,/* Define to `int' if <sys/types.h> does not define. */,[],Autotool,0,121,121
593,kfish/xsel,https://github.com/kfish/xsel/blob/9fc4e3e4e3f1231cabfdc2e1438155f9390bc517/config.h.in#L124,/* Define to `unsigned int' if <sys/types.h> does not define. */,[],Autotool,0,124,124
593,kfish/xsel,https://github.com/kfish/xsel/blob/9fc4e3e4e3f1231cabfdc2e1438155f9390bc517/config.h.in#L127,/* Define to `int' if <sys/types.h> doesn't define. */,[],Autotool,0,127,127
593,kfish/xsel,https://github.com/kfish/xsel/blob/9fc4e3e4e3f1231cabfdc2e1438155f9390bc517/config.h.in#L130,/* Define as `fork' if `vfork' does not work. */,[],Autotool,0,130,130
593,kfish/xsel,https://github.com/kfish/xsel/blob/9fc4e3e4e3f1231cabfdc2e1438155f9390bc517/configure.ac#L1,# Process this file with autoconf to produce a configure script.,[],Autotool,0,1,1
593,kfish/xsel,https://github.com/kfish/xsel/blob/9fc4e3e4e3f1231cabfdc2e1438155f9390bc517/configure.ac#L7,# Checks for programs.,[],Autotool,0,7,7
593,kfish/xsel,https://github.com/kfish/xsel/blob/9fc4e3e4e3f1231cabfdc2e1438155f9390bc517/configure.ac#L14,# Checks for libraries.,[],Autotool,0,14,14
593,kfish/xsel,https://github.com/kfish/xsel/blob/9fc4e3e4e3f1231cabfdc2e1438155f9390bc517/configure.ac#L23,# Error out on compile warnings,[],Autotool,0,23,23
593,kfish/xsel,https://github.com/kfish/xsel/blob/9fc4e3e4e3f1231cabfdc2e1438155f9390bc517/configure.ac#L24,"dnl Add some useful warnings if we have gcc.
dnl changequote(,)dnl",[],Autotool,0,24,25
593,kfish/xsel,https://github.com/kfish/xsel/blob/9fc4e3e4e3f1231cabfdc2e1438155f9390bc517/configure.ac#L29,"dnl changequote([,])dnl",[],Autotool,0,29,29
593,kfish/xsel,https://github.com/kfish/xsel/blob/9fc4e3e4e3f1231cabfdc2e1438155f9390bc517/configure.ac#L31,# Checks for header files.,[],Autotool,0,31,31
593,kfish/xsel,https://github.com/kfish/xsel/blob/9fc4e3e4e3f1231cabfdc2e1438155f9390bc517/configure.ac#L35,"# Checks for typedefs, structures, and compiler characteristics.",[],Autotool,0,35,35
593,kfish/xsel,https://github.com/kfish/xsel/blob/9fc4e3e4e3f1231cabfdc2e1438155f9390bc517/configure.ac#L43,# Checks for library functions.,[],Autotool,0,43,43
593,kfish/xsel,https://github.com/kfish/xsel/blob/9fc4e3e4e3f1231cabfdc2e1438155f9390bc517/aclocal.m4#L1,# generated automatically by aclocal 1.14.1 -*- Autoconf -*-,[],Autotool,0,1,1
593,kfish/xsel,https://github.com/kfish/xsel/blob/9fc4e3e4e3f1231cabfdc2e1438155f9390bc517/aclocal.m4#L3,"# Copyright (C) 1996-2013 Free Software Foundation, Inc.",[],Autotool,0,3,3
593,kfish/xsel,https://github.com/kfish/xsel/blob/9fc4e3e4e3f1231cabfdc2e1438155f9390bc517/aclocal.m4#L5,"# This file is free software; the Free Software Foundation
# gives unlimited permission to copy and/or distribute it,
# with or without modifications, as long as this notice is preserved.",[],Autotool,0,5,7
593,kfish/xsel,https://github.com/kfish/xsel/blob/9fc4e3e4e3f1231cabfdc2e1438155f9390bc517/aclocal.m4#L9,"# This program is distributed in the hope that it will be useful,
# but WITHOUT ANY WARRANTY, to the extent permitted by law; without
# even the implied warranty of MERCHANTABILITY or FITNESS FOR A
# PARTICULAR PURPOSE.",[],Autotool,0,9,12
593,kfish/xsel,https://github.com/kfish/xsel/blob/9fc4e3e4e3f1231cabfdc2e1438155f9390bc517/aclocal.m4#L16,dnl,[],Autotool,57,16,16
593,kfish/xsel,https://github.com/kfish/xsel/blob/9fc4e3e4e3f1231cabfdc2e1438155f9390bc517/aclocal.m4#L94,"# and then we would define $MISSING as
#   MISSING=""\${SHELL} $am_aux_dir/missing""
# This will work as long as MISSING is not called from configure, because
# unfortunately $(top_srcdir) has no meaning in configure.
# However there are other variables, like CC, which are often used in
# configure, and could therefore not use this ""fixed"" $ac_aux_dir.
#
# Another solution, used here, is to always expand $ac_aux_dir to an
# absolute PATH.  The drawback is that using absolute paths prevent a
# configured tree to be moved without reconfiguration.",[],Autotool,0,94,103
593,kfish/xsel,https://github.com/kfish/xsel/blob/9fc4e3e4e3f1231cabfdc2e1438155f9390bc517/aclocal.m4#L107,dnl,[],Autotool,17,107,107
593,kfish/xsel,https://github.com/kfish/xsel/blob/9fc4e3e4e3f1231cabfdc2e1438155f9390bc517/aclocal.m4#L108,# expand $ac_aux_dir to an absolute path,[],Autotool,0,108,108
593,kfish/xsel,https://github.com/kfish/xsel/blob/9fc4e3e4e3f1231cabfdc2e1438155f9390bc517/aclocal.m4#L112,# AM_CONDITIONAL                                            -*- Autoconf -*-,[],Autotool,0,112,112
593,kfish/xsel,https://github.com/kfish/xsel/blob/9fc4e3e4e3f1231cabfdc2e1438155f9390bc517/aclocal.m4#L114,"# Copyright (C) 1997-2013 Free Software Foundation, Inc.
#
# This file is free software; the Free Software Foundation
# gives unlimited permission to copy and/or distribute it,
# with or without modifications, as long as this notice is preserved.",[],Autotool,0,114,118
593,kfish/xsel,https://github.com/kfish/xsel/blob/9fc4e3e4e3f1231cabfdc2e1438155f9390bc517/aclocal.m4#L120,"# AM_CONDITIONAL(NAME, SHELL-CONDITION)
# -------------------------------------
# Define a conditional.",[],Autotool,0,120,122
593,kfish/xsel,https://github.com/kfish/xsel/blob/9fc4e3e4e3f1231cabfdc2e1438155f9390bc517/aclocal.m4#L124,dnl,[],Autotool,18,124,124
593,kfish/xsel,https://github.com/kfish/xsel/blob/9fc4e3e4e3f1231cabfdc2e1438155f9390bc517/aclocal.m4#L126,dnl,[],Autotool,62,126,126
593,kfish/xsel,https://github.com/kfish/xsel/blob/9fc4e3e4e3f1231cabfdc2e1438155f9390bc517/aclocal.m4#L127,dnl,[],Autotool,19,127,127
593,kfish/xsel,https://github.com/kfish/xsel/blob/9fc4e3e4e3f1231cabfdc2e1438155f9390bc517/aclocal.m4#L128,dnl,[],Autotool,20,128,128
593,kfish/xsel,https://github.com/kfish/xsel/blob/9fc4e3e4e3f1231cabfdc2e1438155f9390bc517/aclocal.m4#L129,dnl,[],Autotool,28,129,129
593,kfish/xsel,https://github.com/kfish/xsel/blob/9fc4e3e4e3f1231cabfdc2e1438155f9390bc517/aclocal.m4#L130,dnl,[],Autotool,29,130,130
593,kfish/xsel,https://github.com/kfish/xsel/blob/9fc4e3e4e3f1231cabfdc2e1438155f9390bc517/aclocal.m4#L131,dnl,[],Autotool,36,131,131
593,kfish/xsel,https://github.com/kfish/xsel/blob/9fc4e3e4e3f1231cabfdc2e1438155f9390bc517/aclocal.m4#L134,#',[],Autotool,12,134,134
593,kfish/xsel,https://github.com/kfish/xsel/blob/9fc4e3e4e3f1231cabfdc2e1438155f9390bc517/aclocal.m4#L136,#',[],Autotool,11,136,136
593,kfish/xsel,https://github.com/kfish/xsel/blob/9fc4e3e4e3f1231cabfdc2e1438155f9390bc517/aclocal.m4#L145,"# Copyright (C) 1999-2013 Free Software Foundation, Inc.
#
# This file is free software; the Free Software Foundation
# gives unlimited permission to copy and/or distribute it,
# with or without modifications, as long as this notice is preserved.",[],Autotool,0,145,149
593,kfish/xsel,https://github.com/kfish/xsel/blob/9fc4e3e4e3f1231cabfdc2e1438155f9390bc517/aclocal.m4#L152,"# There are a few dirty hacks below to avoid letting 'AC_PROG_CC' be
# written in clear, in which case automake, when reading aclocal.m4,
# will think it sees a *use*, and therefore will trigger all it's
# C support machinery.  Also note that it means that autoscan, seeing
# CC etc. in the Makefile, will ask for an AC_PROG_CC use...",[],Autotool,0,152,156
593,kfish/xsel,https://github.com/kfish/xsel/blob/9fc4e3e4e3f1231cabfdc2e1438155f9390bc517/aclocal.m4#L159,"# _AM_DEPENDENCIES(NAME)
# ----------------------
# See how the compiler implements dependency checking.
# NAME is ""CC"", ""CXX"", ""OBJC"", ""OBJCXX"", ""UPC"", or ""GJC"".
# We try a few techniques and use that to set a single cache variable.
#
# We don't AC_REQUIRE the corresponding AC_PROG_CC since the latter was
# modified to invoke _AM_DEPENDENCIES(CC); we would have a circular
# dependency, and given that the user is not expected to run this macro,
# just rely on AC_PROG_CC.",[],Autotool,0,159,168
593,kfish/xsel,https://github.com/kfish/xsel/blob/9fc4e3e4e3f1231cabfdc2e1438155f9390bc517/aclocal.m4#L170,dnl,[],Autotool,28,170,170
593,kfish/xsel,https://github.com/kfish/xsel/blob/9fc4e3e4e3f1231cabfdc2e1438155f9390bc517/aclocal.m4#L171,dnl,[],Autotool,43,171,171
593,kfish/xsel,https://github.com/kfish/xsel/blob/9fc4e3e4e3f1231cabfdc2e1438155f9390bc517/aclocal.m4#L172,dnl,[],Autotool,29,172,172
593,kfish/xsel,https://github.com/kfish/xsel/blob/9fc4e3e4e3f1231cabfdc2e1438155f9390bc517/aclocal.m4#L173,dnl,[],Autotool,26,173,173
593,kfish/xsel,https://github.com/kfish/xsel/blob/9fc4e3e4e3f1231cabfdc2e1438155f9390bc517/aclocal.m4#L186,"# We make a subdir and do the tests there.  Otherwise we can end up
# making bogus files that we don't know about and never remove.  For
# instance it was reported that on HP-UX the gcc test will end up
# making a dummy file named 'D' -- because '-MD' means ""put the output
# in D"".",[],Autotool,2,186,190
593,kfish/xsel,https://github.com/kfish/xsel/blob/9fc4e3e4e3f1231cabfdc2e1438155f9390bc517/aclocal.m4#L193,"# Copy depcomp to subdir because otherwise we won't find it if we're
# using a relative directory.",[],Autotool,2,193,194
593,kfish/xsel,https://github.com/kfish/xsel/blob/9fc4e3e4e3f1231cabfdc2e1438155f9390bc517/aclocal.m4#L197,"# We will build objects and dependencies in a subdirectory because
# it helps to detect inapplicable dependency modes.  For instance
# both Tru64's cc and ICC support -MD to output dependencies as a
# side effect of compilation, but ICC will put the dependencies in
# the current directory while Tru64 will put them in the object
# directory.",[],Autotool,2,197,202
593,kfish/xsel,https://github.com/kfish/xsel/blob/9fc4e3e4e3f1231cabfdc2e1438155f9390bc517/aclocal.m4#L207,#*\([a-zA-Z0-9]*\))$/\1/p'] < ./depcomp`,[],Autotool,35,207,207
593,kfish/xsel,https://github.com/kfish/xsel/blob/9fc4e3e4e3f1231cabfdc2e1438155f9390bc517/aclocal.m4#L211,#(,[],Autotool,24,211,211
593,kfish/xsel,https://github.com/kfish/xsel/blob/9fc4e3e4e3f1231cabfdc2e1438155f9390bc517/aclocal.m4#L215,#(,[],Autotool,24,215,215
593,kfish/xsel,https://github.com/kfish/xsel/blob/9fc4e3e4e3f1231cabfdc2e1438155f9390bc517/aclocal.m4#L220,"# Setup a source with many dependencies, because some compilers
# like to wrap large dependency lists on column 80 (with \), and
# we should not choose a depcomp mode which is confused by this.
#
# We need to recreate these files for each test, as the compiler may
# overwrite some of them when testing with obscure command lines.
# This happens at least with the AIX C compiler.",[],Autotool,4,220,226
593,kfish/xsel,https://github.com/kfish/xsel/blob/9fc4e3e4e3f1231cabfdc2e1438155f9390bc517/aclocal.m4#L229,"#include ""conftst'$i'.h""' >> sub/conftest.c",[],Autotool,12,229,229
593,kfish/xsel,https://github.com/kfish/xsel/blob/9fc4e3e4e3f1231cabfdc2e1438155f9390bc517/aclocal.m4#L230,"# Using "": > sub/conftst$i.h"" creates only sub/conftst1.h with
# Solaris 10 /bin/sh.",[],Autotool,6,230,231
593,kfish/xsel,https://github.com/kfish/xsel/blob/9fc4e3e4e3f1231cabfdc2e1438155f9390bc517/aclocal.m4#L236,"# We check with '-c' and '-o' for the sake of the ""dashmstdout""
# mode.  It turns out that the SunPro C++ compiler does not properly
# handle '-M -o', and we need to detect this.  Also, some Intel
# versions had trouble with output in subdirs.",[],Autotool,4,236,239
593,kfish/xsel,https://github.com/kfish/xsel/blob/9fc4e3e4e3f1231cabfdc2e1438155f9390bc517/aclocal.m4#L244,# This depmode causes a compiler race in universal mode.,[],Autotool,6,244,244
593,kfish/xsel,https://github.com/kfish/xsel/blob/9fc4e3e4e3f1231cabfdc2e1438155f9390bc517/aclocal.m4#L248,"# After this tag, mechanisms are not by side-effect, so they'll
# only be used when explicitly requested.",[],Autotool,6,248,249
593,kfish/xsel,https://github.com/kfish/xsel/blob/9fc4e3e4e3f1231cabfdc2e1438155f9390bc517/aclocal.m4#L257,"# This compiler won't grok '-c -o', but also, the minuso test has
# not run yet.  These depmodes are late enough in the game, and
# so weak that their functioning should not be impacted.",[],Autotool,6,257,259
593,kfish/xsel,https://github.com/kfish/xsel/blob/9fc4e3e4e3f1231cabfdc2e1438155f9390bc517/aclocal.m4#L274,"# icc doesn't choke on unknown options, it will just issue warnings
# or remarks (even with -Werror).  So we grep stderr for any message
# that says an option was ignored or not supported.
# When given -MP, icc 7.0 and 7.1 complain thusly:
#   icc: Command line warning: ignoring option '-M'; no argument required
# The diagnosis changed in icc 8.0:
#   icc: Command line remark: option '-MP' not supported",[],Autotool,6,274,280
593,kfish/xsel,https://github.com/kfish/xsel/blob/9fc4e3e4e3f1231cabfdc2e1438155f9390bc517/aclocal.m4#L302,"# AM_SET_DEPDIR
# -------------
# Choose a directory name for dependency files.
# This macro is AC_REQUIREd in _AM_DEPENDENCIES.",[],Autotool,0,302,305
593,kfish/xsel,https://github.com/kfish/xsel/blob/9fc4e3e4e3f1231cabfdc2e1438155f9390bc517/aclocal.m4#L307,dnl,[],Autotool,33,307,307
593,kfish/xsel,https://github.com/kfish/xsel/blob/9fc4e3e4e3f1231cabfdc2e1438155f9390bc517/aclocal.m4#L308,dnl,[],Autotool,46,308,308
593,kfish/xsel,https://github.com/kfish/xsel/blob/9fc4e3e4e3f1231cabfdc2e1438155f9390bc517/aclocal.m4#L312,"# AM_DEP_TRACK
# ------------",[],Autotool,0,312,313
593,kfish/xsel,https://github.com/kfish/xsel/blob/9fc4e3e4e3f1231cabfdc2e1438155f9390bc517/aclocal.m4#L328,dnl,[],Autotool,26,328,328
593,kfish/xsel,https://github.com/kfish/xsel/blob/9fc4e3e4e3f1231cabfdc2e1438155f9390bc517/aclocal.m4#L329,dnl,[],Autotool,35,329,329
593,kfish/xsel,https://github.com/kfish/xsel/blob/9fc4e3e4e3f1231cabfdc2e1438155f9390bc517/aclocal.m4#L330,dnl,[],Autotool,21,330,330
593,kfish/xsel,https://github.com/kfish/xsel/blob/9fc4e3e4e3f1231cabfdc2e1438155f9390bc517/aclocal.m4#L331,dnl,[],Autotool,30,331,331
593,kfish/xsel,https://github.com/kfish/xsel/blob/9fc4e3e4e3f1231cabfdc2e1438155f9390bc517/aclocal.m4#L334,# Generate code to set up dependency tracking.              -*- Autoconf -*-,[],Autotool,0,334,334
593,kfish/xsel,https://github.com/kfish/xsel/blob/9fc4e3e4e3f1231cabfdc2e1438155f9390bc517/aclocal.m4#L336,"# Copyright (C) 1999-2013 Free Software Foundation, Inc.
#
# This file is free software; the Free Software Foundation
# gives unlimited permission to copy and/or distribute it,
# with or without modifications, as long as this notice is preserved.",[],Autotool,0,336,340
593,kfish/xsel,https://github.com/kfish/xsel/blob/9fc4e3e4e3f1231cabfdc2e1438155f9390bc517/aclocal.m4#L343,"# _AM_OUTPUT_DEPENDENCY_COMMANDS
# ------------------------------",[],Autotool,0,343,344
593,kfish/xsel,https://github.com/kfish/xsel/blob/9fc4e3e4e3f1231cabfdc2e1438155f9390bc517/aclocal.m4#L347,"# Older Autoconf quotes --file arguments for eval, but not when files
# are listed without --file.  Let's play safe and only enable the eval
# if we detect the quoting.",[],Autotool,2,347,349
593,kfish/xsel,https://github.com/kfish/xsel/blob/9fc4e3e4e3f1231cabfdc2e1438155f9390bc517/aclocal.m4#L357,# Strip MF so we end up with the name of the file.,[],Autotool,4,357,357
593,kfish/xsel,https://github.com/kfish/xsel/blob/9fc4e3e4e3f1231cabfdc2e1438155f9390bc517/aclocal.m4#L371,"# Extract the definition of DEPDIR, am__include, and am__quote
# from the Makefile without running 'make'.",[],Autotool,4,371,372
593,kfish/xsel,https://github.com/kfish/xsel/blob/9fc4e3e4e3f1231cabfdc2e1438155f9390bc517/aclocal.m4#L378,"# Find all dependency output files, they are included files with
# $(DEPDIR) in their names.  We invoke sed twice because it is the
# simplest approach to changing $(DEPDIR) to its actual value in the
# expansion.",[],Autotool,4,378,381
593,kfish/xsel,https://github.com/kfish/xsel/blob/9fc4e3e4e3f1231cabfdc2e1438155f9390bc517/aclocal.m4#L385,# Make sure the directory exists.,[],Autotool,6,385,385
593,kfish/xsel,https://github.com/kfish/xsel/blob/9fc4e3e4e3f1231cabfdc2e1438155f9390bc517/aclocal.m4#L389,"# echo ""creating $dirpart/$file""",[],Autotool,6,389,389
593,kfish/xsel,https://github.com/kfish/xsel/blob/9fc4e3e4e3f1231cabfdc2e1438155f9390bc517/aclocal.m4#L394,# _AM_OUTPUT_DEPENDENCY_COMMANDS,[],Autotool,2,394,394
593,kfish/xsel,https://github.com/kfish/xsel/blob/9fc4e3e4e3f1231cabfdc2e1438155f9390bc517/aclocal.m4#L410,# Do all the work for Automake.                             -*- Autoconf -*-,[],Autotool,0,410,410
593,kfish/xsel,https://github.com/kfish/xsel/blob/9fc4e3e4e3f1231cabfdc2e1438155f9390bc517/aclocal.m4#L412,"# Copyright (C) 1996-2013 Free Software Foundation, Inc.
#
# This file is free software; the Free Software Foundation
# gives unlimited permission to copy and/or distribute it,
# with or without modifications, as long as this notice is preserved.",[],Autotool,0,412,416
593,kfish/xsel,https://github.com/kfish/xsel/blob/9fc4e3e4e3f1231cabfdc2e1438155f9390bc517/aclocal.m4#L418,"# This macro actually does too much.  Some checks are only needed if
# your package does certain things.  But this isn't really a big deal.",[],Autotool,0,418,419
593,kfish/xsel,https://github.com/kfish/xsel/blob/9fc4e3e4e3f1231cabfdc2e1438155f9390bc517/aclocal.m4#L421,dnl Redefine AC_PROG_CC to automatically invoke _AM_PROG_CC_C_O.,[],Autotool,0,421,421
593,kfish/xsel,https://github.com/kfish/xsel/blob/9fc4e3e4e3f1231cabfdc2e1438155f9390bc517/aclocal.m4#L427,"# AM_INIT_AUTOMAKE(PACKAGE, VERSION, [NO-DEFINE])
# AM_INIT_AUTOMAKE([OPTIONS])
# -----------------------------------------------
# The call with PACKAGE and VERSION arguments is the old style
# call (pre autoconf-2.50), which is being phased out.  PACKAGE
# and VERSION should now be passed to AC_INIT and removed from
# the call to AM_INIT_AUTOMAKE.
# We support both call styles for the transition.  After
# the next Automake release, Autoconf can make the AC_INIT
# arguments mandatory, and then we can depend on a new Autoconf
# release and drop the old call support.",[],Autotool,0,427,437
593,kfish/xsel,https://github.com/kfish/xsel/blob/9fc4e3e4e3f1231cabfdc2e1438155f9390bc517/aclocal.m4#L439,dnl,[],Autotool,18,439,439
593,kfish/xsel,https://github.com/kfish/xsel/blob/9fc4e3e4e3f1231cabfdc2e1438155f9390bc517/aclocal.m4#L440,"dnl Autoconf wants to disallow AM_ names.  We explicitly allow
dnl the ones we care about.",[],Autotool,0,440,441
593,kfish/xsel,https://github.com/kfish/xsel/blob/9fc4e3e4e3f1231cabfdc2e1438155f9390bc517/aclocal.m4#L442,dnl,[],Autotool,36,442,442
593,kfish/xsel,https://github.com/kfish/xsel/blob/9fc4e3e4e3f1231cabfdc2e1438155f9390bc517/aclocal.m4#L443,dnl,[],Autotool,45,443,443
593,kfish/xsel,https://github.com/kfish/xsel/blob/9fc4e3e4e3f1231cabfdc2e1438155f9390bc517/aclocal.m4#L444,dnl,[],Autotool,29,444,444
593,kfish/xsel,https://github.com/kfish/xsel/blob/9fc4e3e4e3f1231cabfdc2e1438155f9390bc517/aclocal.m4#L446,"# Use -I$(srcdir) only when $(srcdir) != ., so that make's output
# is not polluted with repeated ""-I.""",[],Autotool,2,446,447
593,kfish/xsel,https://github.com/kfish/xsel/blob/9fc4e3e4e3f1231cabfdc2e1438155f9390bc517/aclocal.m4#L448,dnl,[],Autotool,69,448,448
593,kfish/xsel,https://github.com/kfish/xsel/blob/9fc4e3e4e3f1231cabfdc2e1438155f9390bc517/aclocal.m4#L449,# test to see if srcdir already configured,[],Autotool,2,449,449
593,kfish/xsel,https://github.com/kfish/xsel/blob/9fc4e3e4e3f1231cabfdc2e1438155f9390bc517/aclocal.m4#L455,# test whether we have cygpath,[],Autotool,0,455,455
593,kfish/xsel,https://github.com/kfish/xsel/blob/9fc4e3e4e3f1231cabfdc2e1438155f9390bc517/aclocal.m4#L465,# Define the identity of the package.,[],Autotool,0,465,465
593,kfish/xsel,https://github.com/kfish/xsel/blob/9fc4e3e4e3f1231cabfdc2e1438155f9390bc517/aclocal.m4#L466,dnl Distinguish between old-style and new-style calls.,[],Autotool,0,466,466
593,kfish/xsel,https://github.com/kfish/xsel/blob/9fc4e3e4e3f1231cabfdc2e1438155f9390bc517/aclocal.m4#L470,dnl,[],Autotool,45,470,470
593,kfish/xsel,https://github.com/kfish/xsel/blob/9fc4e3e4e3f1231cabfdc2e1438155f9390bc517/aclocal.m4#L471,dnl,[],Autotool,26,471,471
593,kfish/xsel,https://github.com/kfish/xsel/blob/9fc4e3e4e3f1231cabfdc2e1438155f9390bc517/aclocal.m4#L473,dnl,[],Autotool,22,473,473
593,kfish/xsel,https://github.com/kfish/xsel/blob/9fc4e3e4e3f1231cabfdc2e1438155f9390bc517/aclocal.m4#L474,dnl Diagnose old-style AC_INIT with new-style AM_AUTOMAKE_INIT.,[],Autotool,0,474,474
593,kfish/xsel,https://github.com/kfish/xsel/blob/9fc4e3e4e3f1231cabfdc2e1438155f9390bc517/aclocal.m4#L478,dnl,[],Autotool,76,478,478
593,kfish/xsel,https://github.com/kfish/xsel/blob/9fc4e3e4e3f1231cabfdc2e1438155f9390bc517/aclocal.m4#L479,dnl,[],Autotool,44,479,479
593,kfish/xsel,https://github.com/kfish/xsel/blob/9fc4e3e4e3f1231cabfdc2e1438155f9390bc517/aclocal.m4#L480,dnl,[],Autotool,46,480,480
593,kfish/xsel,https://github.com/kfish/xsel/blob/9fc4e3e4e3f1231cabfdc2e1438155f9390bc517/aclocal.m4#L484,dnl,[],Autotool,75,484,484
593,kfish/xsel,https://github.com/kfish/xsel/blob/9fc4e3e4e3f1231cabfdc2e1438155f9390bc517/aclocal.m4#L486,# Some tools Automake needs.,[],Autotool,0,486,486
593,kfish/xsel,https://github.com/kfish/xsel/blob/9fc4e3e4e3f1231cabfdc2e1438155f9390bc517/aclocal.m4#L487,dnl,[],Autotool,29,487,487
593,kfish/xsel,https://github.com/kfish/xsel/blob/9fc4e3e4e3f1231cabfdc2e1438155f9390bc517/aclocal.m4#L488,dnl,[],Autotool,28,488,488
593,kfish/xsel,https://github.com/kfish/xsel/blob/9fc4e3e4e3f1231cabfdc2e1438155f9390bc517/aclocal.m4#L494,dnl,[],Autotool,32,494,494
593,kfish/xsel,https://github.com/kfish/xsel/blob/9fc4e3e4e3f1231cabfdc2e1438155f9390bc517/aclocal.m4#L495,dnl,[],Autotool,35,495,495
593,kfish/xsel,https://github.com/kfish/xsel/blob/9fc4e3e4e3f1231cabfdc2e1438155f9390bc517/aclocal.m4#L496,dnl,[],Autotool,29,496,496
593,kfish/xsel,https://github.com/kfish/xsel/blob/9fc4e3e4e3f1231cabfdc2e1438155f9390bc517/aclocal.m4#L497,"# For better backward compatibility.  To be removed once Automake 1.9.x
# dies out for good.  For more background, see:
# <http://lists.gnu.org/archive/html/automake/2012-07/msg00001.html>
# <http://lists.gnu.org/archive/html/automake/2012-07/msg00014.html>",[],Autotool,0,497,500
593,kfish/xsel,https://github.com/kfish/xsel/blob/9fc4e3e4e3f1231cabfdc2e1438155f9390bc517/aclocal.m4#L502,"# We need awk for the ""check"" target.  The system ""awk"" is bad on
# some platforms.",[],Autotool,0,502,503
593,kfish/xsel,https://github.com/kfish/xsel/blob/9fc4e3e4e3f1231cabfdc2e1438155f9390bc517/aclocal.m4#L504,dnl,[],Autotool,25,504,504
593,kfish/xsel,https://github.com/kfish/xsel/blob/9fc4e3e4e3f1231cabfdc2e1438155f9390bc517/aclocal.m4#L505,dnl,[],Autotool,30,505,505
593,kfish/xsel,https://github.com/kfish/xsel/blob/9fc4e3e4e3f1231cabfdc2e1438155f9390bc517/aclocal.m4#L506,dnl,[],Autotool,32,506,506
593,kfish/xsel,https://github.com/kfish/xsel/blob/9fc4e3e4e3f1231cabfdc2e1438155f9390bc517/aclocal.m4#L514,dnl,[],Autotool,56,514,514
593,kfish/xsel,https://github.com/kfish/xsel/blob/9fc4e3e4e3f1231cabfdc2e1438155f9390bc517/aclocal.m4#L518,dnl,[],Autotool,58,518,518
593,kfish/xsel,https://github.com/kfish/xsel/blob/9fc4e3e4e3f1231cabfdc2e1438155f9390bc517/aclocal.m4#L522,dnl,[],Autotool,60,522,522
593,kfish/xsel,https://github.com/kfish/xsel/blob/9fc4e3e4e3f1231cabfdc2e1438155f9390bc517/aclocal.m4#L526,dnl,[],Autotool,64,526,526
593,kfish/xsel,https://github.com/kfish/xsel/blob/9fc4e3e4e3f1231cabfdc2e1438155f9390bc517/aclocal.m4#L528,dnl,[],Autotool,29,528,528
593,kfish/xsel,https://github.com/kfish/xsel/blob/9fc4e3e4e3f1231cabfdc2e1438155f9390bc517/aclocal.m4#L529,"dnl The testsuite driver may need to know about EXEEXT, so add the
dnl 'am__EXEEXT' conditional if _AM_COMPILER_EXEEXT was seen.  This
dnl macro is hooked onto _AC_COMPILER_EXEEXT early, see below.",[],Autotool,0,529,531
593,kfish/xsel,https://github.com/kfish/xsel/blob/9fc4e3e4e3f1231cabfdc2e1438155f9390bc517/aclocal.m4#L532,dnl,[],Autotool,23,532,532
593,kfish/xsel,https://github.com/kfish/xsel/blob/9fc4e3e4e3f1231cabfdc2e1438155f9390bc517/aclocal.m4#L534,dnl,[],Autotool,56,534,534
593,kfish/xsel,https://github.com/kfish/xsel/blob/9fc4e3e4e3f1231cabfdc2e1438155f9390bc517/aclocal.m4#L536,"# POSIX will say in a future version that running ""rm -f"" with no argument
# is OK; and we want to be able to make that assumption in our Makefile
# recipes.  So use an aggressive probe to check that the usage we want is
# actually supported ""in the wild"" to an acceptable degree.
# See automake bug#10828.
# To make any issue more visible, cause the running configure to be aborted
# by default if the 'rm' program in use doesn't match our expectations; the
# user can still override this though.",[],Autotool,0,536,543
593,kfish/xsel,https://github.com/kfish/xsel/blob/9fc4e3e4e3f1231cabfdc2e1438155f9390bc517/aclocal.m4#L605,"# Copyright (C) 2001-2013 Free Software Foundation, Inc.
#
# This file is free software; the Free Software Foundation
# gives unlimited permission to copy and/or distribute it,
# with or without modifications, as long as this notice is preserved.",[],Autotool,0,605,609
593,kfish/xsel,https://github.com/kfish/xsel/blob/9fc4e3e4e3f1231cabfdc2e1438155f9390bc517/aclocal.m4#L611,"# AM_PROG_INSTALL_SH
# ------------------
# Define $install_sh.",[],Autotool,0,611,613
593,kfish/xsel,https://github.com/kfish/xsel/blob/9fc4e3e4e3f1231cabfdc2e1438155f9390bc517/aclocal.m4#L615,dnl,[],Autotool,32,615,615
593,kfish/xsel,https://github.com/kfish/xsel/blob/9fc4e3e4e3f1231cabfdc2e1438155f9390bc517/aclocal.m4#L626,"# Copyright (C) 2003-2013 Free Software Foundation, Inc.
#
# This file is free software; the Free Software Foundation
# gives unlimited permission to copy and/or distribute it,
# with or without modifications, as long as this notice is preserved.",[],Autotool,0,626,630
593,kfish/xsel,https://github.com/kfish/xsel/blob/9fc4e3e4e3f1231cabfdc2e1438155f9390bc517/aclocal.m4#L632,"# Check whether the underlying file-system supports filenames
# with a leading dot.  For instance MS-DOS doesn't.",[],Autotool,0,632,633
593,kfish/xsel,https://github.com/kfish/xsel/blob/9fc4e3e4e3f1231cabfdc2e1438155f9390bc517/aclocal.m4#L645,# Check to see how 'make' treats includes.	            -*- Autoconf -*-,[],Autotool,0,645,645
593,kfish/xsel,https://github.com/kfish/xsel/blob/9fc4e3e4e3f1231cabfdc2e1438155f9390bc517/aclocal.m4#L647,"# Copyright (C) 2001-2013 Free Software Foundation, Inc.
#
# This file is free software; the Free Software Foundation
# gives unlimited permission to copy and/or distribute it,
# with or without modifications, as long as this notice is preserved.",[],Autotool,0,647,651
593,kfish/xsel,https://github.com/kfish/xsel/blob/9fc4e3e4e3f1231cabfdc2e1438155f9390bc517/aclocal.m4#L653,"# AM_MAKE_INCLUDE()
# -----------------
# Check to see how make treats includes.",[],Autotool,0,653,655
593,kfish/xsel,https://github.com/kfish/xsel/blob/9fc4e3e4e3f1231cabfdc2e1438155f9390bc517/aclocal.m4#L668,# First try GNU make style include.,[],Autotool,0,668,668
593,kfish/xsel,https://github.com/kfish/xsel/blob/9fc4e3e4e3f1231cabfdc2e1438155f9390bc517/aclocal.m4#L670,# Ignore all kinds of additional output from 'make'.,[],Autotool,0,670,670
593,kfish/xsel,https://github.com/kfish/xsel/blob/9fc4e3e4e3f1231cabfdc2e1438155f9390bc517/aclocal.m4#L671,#(,[],Autotool,45,671,671
593,kfish/xsel,https://github.com/kfish/xsel/blob/9fc4e3e4e3f1231cabfdc2e1438155f9390bc517/aclocal.m4#L678,# Now try BSD make style include.,[],Autotool,0,678,678
593,kfish/xsel,https://github.com/kfish/xsel/blob/9fc4e3e4e3f1231cabfdc2e1438155f9390bc517/aclocal.m4#L681,#(,[],Autotool,48,681,681
593,kfish/xsel,https://github.com/kfish/xsel/blob/9fc4e3e4e3f1231cabfdc2e1438155f9390bc517/aclocal.m4#L695,# Fake the existence of programs that GNU maintainers use.  -*- Autoconf -*-,[],Autotool,0,695,695
593,kfish/xsel,https://github.com/kfish/xsel/blob/9fc4e3e4e3f1231cabfdc2e1438155f9390bc517/aclocal.m4#L697,"# Copyright (C) 1997-2013 Free Software Foundation, Inc.
#
# This file is free software; the Free Software Foundation
# gives unlimited permission to copy and/or distribute it,
# with or without modifications, as long as this notice is preserved.",[],Autotool,0,697,701
593,kfish/xsel,https://github.com/kfish/xsel/blob/9fc4e3e4e3f1231cabfdc2e1438155f9390bc517/aclocal.m4#L703,"# AM_MISSING_PROG(NAME, PROGRAM)
# ------------------------------",[],Autotool,0,703,704
593,kfish/xsel,https://github.com/kfish/xsel/blob/9fc4e3e4e3f1231cabfdc2e1438155f9390bc517/aclocal.m4#L710,"# AM_MISSING_HAS_RUN
# ------------------
# Define MISSING if not defined so far and test if it is modern enough.
# If it is, set am_missing_run to use it, otherwise, to nothing.",[],Autotool,0,710,713
593,kfish/xsel,https://github.com/kfish/xsel/blob/9fc4e3e4e3f1231cabfdc2e1438155f9390bc517/aclocal.m4#L715,dnl,[],Autotool,32,715,715
593,kfish/xsel,https://github.com/kfish/xsel/blob/9fc4e3e4e3f1231cabfdc2e1438155f9390bc517/aclocal.m4#L716,dnl,[],Autotool,30,716,716
593,kfish/xsel,https://github.com/kfish/xsel/blob/9fc4e3e4e3f1231cabfdc2e1438155f9390bc517/aclocal.m4#L725,# Use eval to expand $SHELL,[],Autotool,0,725,725
593,kfish/xsel,https://github.com/kfish/xsel/blob/9fc4e3e4e3f1231cabfdc2e1438155f9390bc517/aclocal.m4#L734,"#  -*- Autoconf -*-
# Obsolete and ""removed"" macros, that must however still report explicit
# error messages when used, to smooth transition.
#
# Copyright (C) 1996-2013 Free Software Foundation, Inc.
#
# This file is free software; the Free Software Foundation
# gives unlimited permission to copy and/or distribute it,
# with or without modifications, as long as this notice is preserved.",[],Autotool,0,734,742
593,kfish/xsel,https://github.com/kfish/xsel/blob/9fc4e3e4e3f1231cabfdc2e1438155f9390bc517/aclocal.m4#L763,# Helper functions for option handling.                     -*- Autoconf -*-,[],Autotool,0,763,763
593,kfish/xsel,https://github.com/kfish/xsel/blob/9fc4e3e4e3f1231cabfdc2e1438155f9390bc517/aclocal.m4#L765,"# Copyright (C) 2001-2013 Free Software Foundation, Inc.
#
# This file is free software; the Free Software Foundation
# gives unlimited permission to copy and/or distribute it,
# with or without modifications, as long as this notice is preserved.",[],Autotool,0,765,769
593,kfish/xsel,https://github.com/kfish/xsel/blob/9fc4e3e4e3f1231cabfdc2e1438155f9390bc517/aclocal.m4#L771,"# _AM_MANGLE_OPTION(NAME)
# -----------------------",[],Autotool,0,771,772
593,kfish/xsel,https://github.com/kfish/xsel/blob/9fc4e3e4e3f1231cabfdc2e1438155f9390bc517/aclocal.m4#L776,"# _AM_SET_OPTION(NAME)
# --------------------
# Set option NAME.  Presently that only means defining a flag for this option.",[],Autotool,0,776,778
593,kfish/xsel,https://github.com/kfish/xsel/blob/9fc4e3e4e3f1231cabfdc2e1438155f9390bc517/aclocal.m4#L782,"# _AM_SET_OPTIONS(OPTIONS)
# ------------------------
# OPTIONS is a space-separated list of Automake options.",[],Autotool,0,782,784
593,kfish/xsel,https://github.com/kfish/xsel/blob/9fc4e3e4e3f1231cabfdc2e1438155f9390bc517/aclocal.m4#L788,"# _AM_IF_OPTION(OPTION, IF-SET, [IF-NOT-SET])
# -------------------------------------------
# Execute IF-SET if OPTION is set, IF-NOT-SET otherwise.",[],Autotool,0,788,790
593,kfish/xsel,https://github.com/kfish/xsel/blob/9fc4e3e4e3f1231cabfdc2e1438155f9390bc517/aclocal.m4#L794,"# Copyright (C) 1999-2013 Free Software Foundation, Inc.
#
# This file is free software; the Free Software Foundation
# gives unlimited permission to copy and/or distribute it,
# with or without modifications, as long as this notice is preserved.",[],Autotool,0,794,798
593,kfish/xsel,https://github.com/kfish/xsel/blob/9fc4e3e4e3f1231cabfdc2e1438155f9390bc517/aclocal.m4#L800,"# _AM_PROG_CC_C_O
# ---------------
# Like AC_PROG_CC_C_O, but changed for automake.  We rewrite AC_PROG_CC
# to automatically call this.",[],Autotool,0,800,803
593,kfish/xsel,https://github.com/kfish/xsel/blob/9fc4e3e4e3f1231cabfdc2e1438155f9390bc517/aclocal.m4#L805,dnl,[],Autotool,32,805,805
593,kfish/xsel,https://github.com/kfish/xsel/blob/9fc4e3e4e3f1231cabfdc2e1438155f9390bc517/aclocal.m4#L806,dnl,[],Autotool,30,806,806
593,kfish/xsel,https://github.com/kfish/xsel/blob/9fc4e3e4e3f1231cabfdc2e1438155f9390bc517/aclocal.m4#L807,dnl,[],Autotool,17,807,807
593,kfish/xsel,https://github.com/kfish/xsel/blob/9fc4e3e4e3f1231cabfdc2e1438155f9390bc517/aclocal.m4#L812,"# Make sure it works both with $CC and with simple cc.
# Following AC_PROG_CC_C_O, we do the test twice because some
# compilers refuse to overwrite an existing .o file with -o,
# though they will create one.",[],Autotool,2,812,815
593,kfish/xsel,https://github.com/kfish/xsel/blob/9fc4e3e4e3f1231cabfdc2e1438155f9390bc517/aclocal.m4#L838,# For backward compatibility.,[],Autotool,0,838,838
593,kfish/xsel,https://github.com/kfish/xsel/blob/9fc4e3e4e3f1231cabfdc2e1438155f9390bc517/aclocal.m4#L841,"# Copyright (C) 2001-2013 Free Software Foundation, Inc.
#
# This file is free software; the Free Software Foundation
# gives unlimited permission to copy and/or distribute it,
# with or without modifications, as long as this notice is preserved.",[],Autotool,0,841,845
593,kfish/xsel,https://github.com/kfish/xsel/blob/9fc4e3e4e3f1231cabfdc2e1438155f9390bc517/aclocal.m4#L847,"# AM_RUN_LOG(COMMAND)
# -------------------
# Run COMMAND, save the exit status in ac_status, and log it.
# (This has been adapted from Autoconf's _AC_RUN_LOG macro.)",[],Autotool,0,847,850
593,kfish/xsel,https://github.com/kfish/xsel/blob/9fc4e3e4e3f1231cabfdc2e1438155f9390bc517/aclocal.m4#L858,# Check to make sure that the build environment is sane.    -*- Autoconf -*-,[],Autotool,0,858,858
593,kfish/xsel,https://github.com/kfish/xsel/blob/9fc4e3e4e3f1231cabfdc2e1438155f9390bc517/aclocal.m4#L860,"# Copyright (C) 1996-2013 Free Software Foundation, Inc.
#
# This file is free software; the Free Software Foundation
# gives unlimited permission to copy and/or distribute it,
# with or without modifications, as long as this notice is preserved.",[],Autotool,0,860,864
593,kfish/xsel,https://github.com/kfish/xsel/blob/9fc4e3e4e3f1231cabfdc2e1438155f9390bc517/aclocal.m4#L866,"# AM_SANITY_CHECK
# ---------------",[],Autotool,0,866,867
593,kfish/xsel,https://github.com/kfish/xsel/blob/9fc4e3e4e3f1231cabfdc2e1438155f9390bc517/aclocal.m4#L870,"# Reject unsafe characters in $srcdir or the absolute working directory
# name.  Accept space and tab only in the latter.",[],Autotool,0,870,871
593,kfish/xsel,https://github.com/kfish/xsel/blob/9fc4e3e4e3f1231cabfdc2e1438155f9390bc517/aclocal.m4#L887,# directory).,[],Autotool,0,887,887
593,kfish/xsel,https://github.com/kfish/xsel/blob/9fc4e3e4e3f1231cabfdc2e1438155f9390bc517/aclocal.m4#L894,# -L didn't work.,[],Autotool,1,894,894
593,kfish/xsel,https://github.com/kfish/xsel/blob/9fc4e3e4e3f1231cabfdc2e1438155f9390bc517/aclocal.m4#L910,# Just in case.,[],Autotool,5,910,910
593,kfish/xsel,https://github.com/kfish/xsel/blob/9fc4e3e4e3f1231cabfdc2e1438155f9390bc517/aclocal.m4#L917,# Ok.,[],Autotool,3,917,917
593,kfish/xsel,https://github.com/kfish/xsel/blob/9fc4e3e4e3f1231cabfdc2e1438155f9390bc517/aclocal.m4#L924,"# If we didn't sleep, we still need to ensure time stamps of config.status and
# generated files are strictly newer.",[],Autotool,0,924,925
593,kfish/xsel,https://github.com/kfish/xsel/blob/9fc4e3e4e3f1231cabfdc2e1438155f9390bc517/aclocal.m4#L934,# Hide warnings about reused PIDs.,[],Autotool,5,934,934
593,kfish/xsel,https://github.com/kfish/xsel/blob/9fc4e3e4e3f1231cabfdc2e1438155f9390bc517/aclocal.m4#L941,"# Copyright (C) 2009-2013 Free Software Foundation, Inc.
#
# This file is free software; the Free Software Foundation
# gives unlimited permission to copy and/or distribute it,
# with or without modifications, as long as this notice is preserved.",[],Autotool,0,941,945
593,kfish/xsel,https://github.com/kfish/xsel/blob/9fc4e3e4e3f1231cabfdc2e1438155f9390bc517/aclocal.m4#L947,"# AM_SILENT_RULES([DEFAULT])
# --------------------------
# Enable less verbose build rules; with the default set to DEFAULT
# (""yes"" being less verbose, ""no"" or empty being verbose).",[],Autotool,0,947,950
593,kfish/xsel,https://github.com/kfish/xsel/blob/9fc4e3e4e3f1231cabfdc2e1438155f9390bc517/aclocal.m4#L958,dnl,[],Autotool,44,958,958
593,kfish/xsel,https://github.com/kfish/xsel/blob/9fc4e3e4e3f1231cabfdc2e1438155f9390bc517/aclocal.m4#L965,"dnl
dnl A few 'make' implementations (e.g., NonStop OS and NextStep)
dnl do not support nested variable expansions.
dnl See automake bug#9928 and bug#10237.",[],Autotool,0,965,968
593,kfish/xsel,https://github.com/kfish/xsel/blob/9fc4e3e4e3f1231cabfdc2e1438155f9390bc517/aclocal.m4#L984,dnl Using '$V' instead of '$(V)' breaks IRIX make.,[],Autotool,2,984,984
593,kfish/xsel,https://github.com/kfish/xsel/blob/9fc4e3e4e3f1231cabfdc2e1438155f9390bc517/aclocal.m4#L1013,"# Fortunately install-sh will honor a STRIPPROG variable, so we
# always use install-sh in ""make install-strip"", and initialize
# STRIPPROG with the value of the STRIP variable (set by the user).",[],Autotool,0,1013,1015
593,kfish/xsel,https://github.com/kfish/xsel/blob/9fc4e3e4e3f1231cabfdc2e1438155f9390bc517/aclocal.m4#L1017,dnl,[],Autotool,33,1017,1017
593,kfish/xsel,https://github.com/kfish/xsel/blob/9fc4e3e4e3f1231cabfdc2e1438155f9390bc517/aclocal.m4#L1018,"# Installed binaries are usually stripped using 'strip' when the user
# run ""make install-strip"".  However 'strip' might not be the right
# tool to use in cross-compilation environments, therefore Automake
# will honor the 'STRIP' environment variable to overrule this program.",[],Autotool,0,1018,1021
593,kfish/xsel,https://github.com/kfish/xsel/blob/9fc4e3e4e3f1231cabfdc2e1438155f9390bc517/aclocal.m4#L1022,"dnl Don't test for $cross_compiling = yes, because it might be 'maybe'.",[],Autotool,0,1022,1022
593,kfish/xsel,https://github.com/kfish/xsel/blob/9fc4e3e4e3f1231cabfdc2e1438155f9390bc517/aclocal.m4#L1029,"# Copyright (C) 2006-2013 Free Software Foundation, Inc.
#
# This file is free software; the Free Software Foundation
# gives unlimited permission to copy and/or distribute it,
# with or without modifications, as long as this notice is preserved.",[],Autotool,0,1029,1033
593,kfish/xsel,https://github.com/kfish/xsel/blob/9fc4e3e4e3f1231cabfdc2e1438155f9390bc517/aclocal.m4#L1035,"# _AM_SUBST_NOTMAKE(VARIABLE)
# ---------------------------
# Prevent Automake from outputting VARIABLE = @VARIABLE@ in Makefile.in.
# This macro is traced by Automake.",[],Autotool,0,1035,1038
593,kfish/xsel,https://github.com/kfish/xsel/blob/9fc4e3e4e3f1231cabfdc2e1438155f9390bc517/aclocal.m4#L1041,"# AM_SUBST_NOTMAKE(VARIABLE)
# --------------------------
# Public sister of _AM_SUBST_NOTMAKE.",[],Autotool,0,1041,1043
593,kfish/xsel,https://github.com/kfish/xsel/blob/9fc4e3e4e3f1231cabfdc2e1438155f9390bc517/aclocal.m4#L1046,# Check how to create a tarball.                            -*- Autoconf -*-,[],Autotool,0,1046,1046
593,kfish/xsel,https://github.com/kfish/xsel/blob/9fc4e3e4e3f1231cabfdc2e1438155f9390bc517/aclocal.m4#L1048,"# Copyright (C) 2004-2013 Free Software Foundation, Inc.
#
# This file is free software; the Free Software Foundation
# gives unlimited permission to copy and/or distribute it,
# with or without modifications, as long as this notice is preserved.",[],Autotool,0,1048,1052
593,kfish/xsel,https://github.com/kfish/xsel/blob/9fc4e3e4e3f1231cabfdc2e1438155f9390bc517/aclocal.m4#L1054,"# _AM_PROG_TAR(FORMAT)
# --------------------
# Check how to create a tarball in format FORMAT.
# FORMAT should be one of 'v7', 'ustar', or 'pax'.
#
# Substitute a variable $(am__tar) that is a command
# writing to stdout a FORMAT-tarball containing the directory
# $tardir.
#     tardir=directory && $(am__tar) > result.tar
#
# Substitute a variable $(am__untar) that extract such
# a tarball read from stdin.
#     $(am__untar) < result.tar
#",[],Autotool,0,1054,1067
593,kfish/xsel,https://github.com/kfish/xsel/blob/9fc4e3e4e3f1231cabfdc2e1438155f9390bc517/aclocal.m4#L1069,"# Always define AMTAR for backward compatibility.  Yes, it's still used",[],Autotool,1,1069,1069
593,kfish/xsel,https://github.com/kfish/xsel/blob/9fc4e3e4e3f1231cabfdc2e1438155f9390bc517/aclocal.m4#L1070,# in the wild :-(  We should find a proper way to deprecate it ...,[],Autotool,0,1070,1070
593,kfish/xsel,https://github.com/kfish/xsel/blob/9fc4e3e4e3f1231cabfdc2e1438155f9390bc517/aclocal.m4#L1073,# We'll loop over all known methods to create a tar archive until one works.,[],Autotool,0,1073,1073
593,kfish/xsel,https://github.com/kfish/xsel/blob/9fc4e3e4e3f1231cabfdc2e1438155f9390bc517/aclocal.m4#L1130,"# Must skip GNU tar: if it does not support --format= it doesn't create
# ustar tarball either.",[],Autotool,6,1130,1131
593,kfish/xsel,https://github.com/kfish/xsel/blob/9fc4e3e4e3f1231cabfdc2e1438155f9390bc517/aclocal.m4#L1154,"# If the value was cached, stop now.  We just wanted to have am__tar
# and am__untar set.",[],Autotool,4,1154,1155
593,kfish/xsel,https://github.com/kfish/xsel/blob/9fc4e3e4e3f1231cabfdc2e1438155f9390bc517/aclocal.m4#L1158,"# tar/untar a dummy directory, and stop if the command works.",[],Autotool,4,1158,1158
593,kfish/xsel,https://github.com/kfish/xsel/blob/9fc4e3e4e3f1231cabfdc2e1438155f9390bc517/aclocal.m4#L1177,# _AM_PROG_TAR,[],Autotool,3,1177,1177
