repoIndex,repoName,linkLocation,comment,keywords,buildSysteminFile,charPosition,startLine,endLine
6966,fumiyas/libiconv-utf8mac,https://github.com/fumiyas/libiconv-utf8mac/blob/2677394480f0d67d6f64b74045b9b4ad08097592/srclib/Makefile.am#L1,"## Makefile for the srclib subdirectory of GNU libiconv
## Copyright (C) 2003-2006, 2009, 2016, 2019 Free Software Foundation, Inc.
##
## This program is free software; you can redistribute it and/or modify
## it under the terms of the GNU General Public License as published by
## the Free Software Foundation; either version 2, or (at your option)
## any later version.
##
## This program is distributed in the hope that it will be useful,
## but WITHOUT ANY WARRANTY; without even the implied warranty of
## MERCHANTABILITY or FITNESS FOR A PARTICULAR PURPOSE.  See the
## GNU General Public License for more details.
##
## You should have received a copy of the GNU General Public License
## along with this program; if not, see <https://www.gnu.org/licenses/>.",[],Autotool,0,1,15
6966,fumiyas/libiconv-utf8mac,https://github.com/fumiyas/libiconv-utf8mac/blob/2677394480f0d67d6f64b74045b9b4ad08097592/srclib/Makefile.am#L17,## Process this file with automake to produce Makefile.in.,[],Autotool,0,17,17
6966,fumiyas/libiconv-utf8mac,https://github.com/fumiyas/libiconv-utf8mac/blob/2677394480f0d67d6f64b74045b9b4ad08097592/Makefile.in#L1,# Makefile for libiconv,[],Autotool,0,1,1
6966,fumiyas/libiconv-utf8mac,https://github.com/fumiyas/libiconv-utf8mac/blob/2677394480f0d67d6f64b74045b9b4ad08097592/Makefile.in#L3,#### Start of system configuration section. ####,[],Autotool,0,3,3
6966,fumiyas/libiconv-utf8mac,https://github.com/fumiyas/libiconv-utf8mac/blob/2677394480f0d67d6f64b74045b9b4ad08097592/Makefile.in#L5,"# Directories used by ""make"":",[],Autotool,0,5,5
6966,fumiyas/libiconv-utf8mac,https://github.com/fumiyas/libiconv-utf8mac/blob/2677394480f0d67d6f64b74045b9b4ad08097592/Makefile.in#L8,"# Directories used by ""make install"":",[],Autotool,0,8,8
6966,fumiyas/libiconv-utf8mac,https://github.com/fumiyas/libiconv-utf8mac/blob/2677394480f0d67d6f64b74045b9b4ad08097592/Makefile.in#L18,"# Programs used by ""make"":",[],Autotool,0,18,18
6966,fumiyas/libiconv-utf8mac,https://github.com/fumiyas/libiconv-utf8mac/blob/2677394480f0d67d6f64b74045b9b4ad08097592/Makefile.in#L22,"# Programs used by ""make install"":",[],Autotool,0,22,22
6966,fumiyas/libiconv-utf8mac,https://github.com/fumiyas/libiconv-utf8mac/blob/2677394480f0d67d6f64b74045b9b4ad08097592/Makefile.in#L28,#### End of system configuration section. ####,[],Autotool,0,28,28
6966,fumiyas/libiconv-utf8mac,https://github.com/fumiyas/libiconv-utf8mac/blob/2677394480f0d67d6f64b74045b9b4ad08097592/Makefile.in#L43,"# Installs the library and include files only. Typically called with only
# $(libdir) and $(includedir) - don't use $(prefix) and $(exec_prefix) here.",[],Autotool,0,43,44
6966,fumiyas/libiconv-utf8mac,https://github.com/fumiyas/libiconv-utf8mac/blob/2677394480f0d67d6f64b74045b9b4ad08097592/Makefile.in#L148,# List of source files.,[],Autotool,0,148,148
6966,fumiyas/libiconv-utf8mac,https://github.com/fumiyas/libiconv-utf8mac/blob/2677394480f0d67d6f64b74045b9b4ad08097592/Makefile.in#L175,# List of distributed files imported from other packages.,[],Autotool,0,175,175
6966,fumiyas/libiconv-utf8mac,https://github.com/fumiyas/libiconv-utf8mac/blob/2677394480f0d67d6f64b74045b9b4ad08097592/Makefile.in#L202,# List of distributed files generated by autotools or Makefile.devel.,[],Autotool,0,202,202
6966,fumiyas/libiconv-utf8mac,https://github.com/fumiyas/libiconv-utf8mac/blob/2677394480f0d67d6f64b74045b9b4ad08097592/Makefile.in#L206,"# List of distributed files generated by ""make"".",[],Autotool,0,206,206
6966,fumiyas/libiconv-utf8mac,https://github.com/fumiyas/libiconv-utf8mac/blob/2677394480f0d67d6f64b74045b9b4ad08097592/Makefile.in#L208,# List of distributed files.,[],Autotool,0,208,208
6966,fumiyas/libiconv-utf8mac,https://github.com/fumiyas/libiconv-utf8mac/blob/2677394480f0d67d6f64b74045b9b4ad08097592/Makefile.in#L233,# Creating a distribution tarball.,[],Autotool,0,233,233
6966,fumiyas/libiconv-utf8mac,https://github.com/fumiyas/libiconv-utf8mac/blob/2677394480f0d67d6f64b74045b9b4ad08097592/Makefile.in#L252,# Work around an automake-1.8 bug.,[],Autotool,0,252,252
6966,fumiyas/libiconv-utf8mac,https://github.com/fumiyas/libiconv-utf8mac/blob/2677394480f0d67d6f64b74045b9b4ad08097592/lib/Makefile.in#L1,# Makefile for libiconv/lib,[],Autotool,0,1,1
6966,fumiyas/libiconv-utf8mac,https://github.com/fumiyas/libiconv-utf8mac/blob/2677394480f0d67d6f64b74045b9b4ad08097592/lib/Makefile.in#L3,#### Start of system configuration section. ####,[],Autotool,0,3,3
6966,fumiyas/libiconv-utf8mac,https://github.com/fumiyas/libiconv-utf8mac/blob/2677394480f0d67d6f64b74045b9b4ad08097592/lib/Makefile.in#L5,"# Directories used by ""make"":",[],Autotool,0,5,5
6966,fumiyas/libiconv-utf8mac,https://github.com/fumiyas/libiconv-utf8mac/blob/2677394480f0d67d6f64b74045b9b4ad08097592/lib/Makefile.in#L8,"# Directories used by ""make install"":",[],Autotool,0,8,8
6966,fumiyas/libiconv-utf8mac,https://github.com/fumiyas/libiconv-utf8mac/blob/2677394480f0d67d6f64b74045b9b4ad08097592/lib/Makefile.in#L14,"# Programs used by ""make"":",[],Autotool,0,14,14
6966,fumiyas/libiconv-utf8mac,https://github.com/fumiyas/libiconv-utf8mac/blob/2677394480f0d67d6f64b74045b9b4ad08097592/lib/Makefile.in#L22,"# -DBUILDING_LIBICONV: Change expansion of LIBICONV_DLL_EXPORTED macro.
# -DBUILDING_LIBCHARSET: Change expansion of LIBCHARSET_DLL_EXPORTED macro in
# localcharset.h.
# -DBUILDING_DLL: Change expansion of RELOCATABLE_DLL_EXPORTED macro.",[],Autotool,0,22,25
6966,fumiyas/libiconv-utf8mac,https://github.com/fumiyas/libiconv-utf8mac/blob/2677394480f0d67d6f64b74045b9b4ad08097592/lib/Makefile.in#L39,# Windows resource compiler (windres). Used via libtool.,[],Autotool,0,39,39
6966,fumiyas/libiconv-utf8mac,https://github.com/fumiyas/libiconv-utf8mac/blob/2677394480f0d67d6f64b74045b9b4ad08097592/lib/Makefile.in#L47,"# Programs used by ""make install"":",[],Autotool,0,47,47
6966,fumiyas/libiconv-utf8mac,https://github.com/fumiyas/libiconv-utf8mac/blob/2677394480f0d67d6f64b74045b9b4ad08097592/lib/Makefile.in#L53,#### End of system configuration section. ####,[],Autotool,0,53,53
6966,fumiyas/libiconv-utf8mac,https://github.com/fumiyas/libiconv-utf8mac/blob/2677394480f0d67d6f64b74045b9b4ad08097592/lib/Makefile.in#L57,"# Before making a release, change this according to the libtool documentation,
# section ""Library interface versions"".",[],Autotool,0,57,58
6966,fumiyas/libiconv-utf8mac,https://github.com/fumiyas/libiconv-utf8mac/blob/2677394480f0d67d6f64b74045b9b4ad08097592/lib/Makefile.in#L63,# Needed by $(LIBTOOL).,[],Autotool,0,63,63
6966,fumiyas/libiconv-utf8mac,https://github.com/fumiyas/libiconv-utf8mac/blob/2677394480f0d67d6f64b74045b9b4ad08097592/lib/Makefile.in#L101,"# Installs the library and include files only. Typically called with only
# $(libdir) and $(includedir) - don't use $(prefix) and $(exec_prefix) here.",[],Autotool,0,101,102
6966,fumiyas/libiconv-utf8mac,https://github.com/fumiyas/libiconv-utf8mac/blob/2677394480f0d67d6f64b74045b9b4ad08097592/lib/Makefile.in#L107,"# On AIX, libiconv.a must include the object files of /lib/libiconv.a,
# otherwise the setlocale() call fails when invoked from executables linked
# with -rpath $(libdir), even if linked without -liconv.",[],Autotool,0,107,109
6966,fumiyas/libiconv-utf8mac,https://github.com/fumiyas/libiconv-utf8mac/blob/2677394480f0d67d6f64b74045b9b4ad08097592/lib/Makefile.in#L143,# List of source files.,[],Autotool,0,143,143
6966,fumiyas/libiconv-utf8mac,https://github.com/fumiyas/libiconv-utf8mac/blob/2677394480f0d67d6f64b74045b9b4ad08097592/lib/Makefile.in#L403,# List of distributed files imported from other packages.,[],Autotool,0,403,403
6966,fumiyas/libiconv-utf8mac,https://github.com/fumiyas/libiconv-utf8mac/blob/2677394480f0d67d6f64b74045b9b4ad08097592/lib/Makefile.in#L405,# List of distributed files generated by autotools or Makefile.devel.,[],Autotool,0,405,405
6966,fumiyas/libiconv-utf8mac,https://github.com/fumiyas/libiconv-utf8mac/blob/2677394480f0d67d6f64b74045b9b4ad08097592/lib/Makefile.in#L423,"# List of distributed files generated by ""make"".",[],Autotool,0,423,423
6966,fumiyas/libiconv-utf8mac,https://github.com/fumiyas/libiconv-utf8mac/blob/2677394480f0d67d6f64b74045b9b4ad08097592/lib/Makefile.in#L425,# List of distributed files.,[],Autotool,0,425,425
6966,fumiyas/libiconv-utf8mac,https://github.com/fumiyas/libiconv-utf8mac/blob/2677394480f0d67d6f64b74045b9b4ad08097592/libcharset/Makefile.in#L1,# Makefile for libcharset,[],Autotool,0,1,1
6966,fumiyas/libiconv-utf8mac,https://github.com/fumiyas/libiconv-utf8mac/blob/2677394480f0d67d6f64b74045b9b4ad08097592/libcharset/Makefile.in#L3,#### Start of system configuration section. ####,[],Autotool,0,3,3
6966,fumiyas/libiconv-utf8mac,https://github.com/fumiyas/libiconv-utf8mac/blob/2677394480f0d67d6f64b74045b9b4ad08097592/libcharset/Makefile.in#L6,"# Directories used by ""make"":",[],Autotool,0,6,6
6966,fumiyas/libiconv-utf8mac,https://github.com/fumiyas/libiconv-utf8mac/blob/2677394480f0d67d6f64b74045b9b4ad08097592/libcharset/Makefile.in#L9,"# Directories used by ""make install"":",[],Autotool,0,9,9
6966,fumiyas/libiconv-utf8mac,https://github.com/fumiyas/libiconv-utf8mac/blob/2677394480f0d67d6f64b74045b9b4ad08097592/libcharset/Makefile.in#L19,"# Programs used by ""make"":",[],Autotool,0,19,19
6966,fumiyas/libiconv-utf8mac,https://github.com/fumiyas/libiconv-utf8mac/blob/2677394480f0d67d6f64b74045b9b4ad08097592/libcharset/Makefile.in#L24,"# Programs used by ""make install"":",[],Autotool,0,24,24
6966,fumiyas/libiconv-utf8mac,https://github.com/fumiyas/libiconv-utf8mac/blob/2677394480f0d67d6f64b74045b9b4ad08097592/libcharset/Makefile.in#L29,#### End of system configuration section. ####,[],Autotool,0,29,29
6966,fumiyas/libiconv-utf8mac,https://github.com/fumiyas/libiconv-utf8mac/blob/2677394480f0d67d6f64b74045b9b4ad08097592/libcharset/Makefile.in#L36,"# Installs the library and include files only. Typically called with only
# $(libdir) and $(includedir) - don't use $(prefix) and $(exec_prefix) here.",[],Autotool,0,36,37
6966,fumiyas/libiconv-utf8mac,https://github.com/fumiyas/libiconv-utf8mac/blob/2677394480f0d67d6f64b74045b9b4ad08097592/libcharset/Makefile.in#L81,# List of source files.,[],Autotool,0,81,81
6966,fumiyas/libiconv-utf8mac,https://github.com/fumiyas/libiconv-utf8mac/blob/2677394480f0d67d6f64b74045b9b4ad08097592/libcharset/Makefile.in#L108,# List of distributed files imported from other packages.,[],Autotool,0,108,108
6966,fumiyas/libiconv-utf8mac,https://github.com/fumiyas/libiconv-utf8mac/blob/2677394480f0d67d6f64b74045b9b4ad08097592/libcharset/Makefile.in#L130,# List of distributed files generated by autotools or Makefile.devel.,[],Autotool,0,130,130
6966,fumiyas/libiconv-utf8mac,https://github.com/fumiyas/libiconv-utf8mac/blob/2677394480f0d67d6f64b74045b9b4ad08097592/libcharset/Makefile.in#L135,"# List of distributed files generated by ""make"".",[],Autotool,0,135,135
6966,fumiyas/libiconv-utf8mac,https://github.com/fumiyas/libiconv-utf8mac/blob/2677394480f0d67d6f64b74045b9b4ad08097592/libcharset/Makefile.in#L137,# List of distributed files.,[],Autotool,0,137,137
6966,fumiyas/libiconv-utf8mac,https://github.com/fumiyas/libiconv-utf8mac/blob/2677394480f0d67d6f64b74045b9b4ad08097592/libcharset/lib/Makefile.in#L1,# Makefile for libcharset/lib,[],Autotool,0,1,1
6966,fumiyas/libiconv-utf8mac,https://github.com/fumiyas/libiconv-utf8mac/blob/2677394480f0d67d6f64b74045b9b4ad08097592/libcharset/lib/Makefile.in#L3,#### Start of system configuration section. ####,[],Autotool,0,3,3
6966,fumiyas/libiconv-utf8mac,https://github.com/fumiyas/libiconv-utf8mac/blob/2677394480f0d67d6f64b74045b9b4ad08097592/libcharset/lib/Makefile.in#L5,"# Directories used by ""make"":",[],Autotool,0,5,5
6966,fumiyas/libiconv-utf8mac,https://github.com/fumiyas/libiconv-utf8mac/blob/2677394480f0d67d6f64b74045b9b4ad08097592/libcharset/lib/Makefile.in#L8,"# Directories used by ""make install"":",[],Autotool,0,8,8
6966,fumiyas/libiconv-utf8mac,https://github.com/fumiyas/libiconv-utf8mac/blob/2677394480f0d67d6f64b74045b9b4ad08097592/libcharset/lib/Makefile.in#L14,"# Programs used by ""make"":",[],Autotool,0,14,14
6966,fumiyas/libiconv-utf8mac,https://github.com/fumiyas/libiconv-utf8mac/blob/2677394480f0d67d6f64b74045b9b4ad08097592/libcharset/lib/Makefile.in#L20,# -DBUILDING_LIBCHARSET: Change expansion of LIBCHARSET_DLL_EXPORTED macro.,[],Autotool,0,20,20
6966,fumiyas/libiconv-utf8mac,https://github.com/fumiyas/libiconv-utf8mac/blob/2677394480f0d67d6f64b74045b9b4ad08097592/libcharset/lib/Makefile.in#L29,"# Programs used by ""make install"":",[],Autotool,0,29,29
6966,fumiyas/libiconv-utf8mac,https://github.com/fumiyas/libiconv-utf8mac/blob/2677394480f0d67d6f64b74045b9b4ad08097592/libcharset/lib/Makefile.in#L34,#### End of system configuration section. ####,[],Autotool,0,34,34
6966,fumiyas/libiconv-utf8mac,https://github.com/fumiyas/libiconv-utf8mac/blob/2677394480f0d67d6f64b74045b9b4ad08097592/libcharset/lib/Makefile.in#L41,"# Before making a release, change this according to the libtool documentation,
# section ""Library interface versions"".",[],Autotool,0,41,42
6966,fumiyas/libiconv-utf8mac,https://github.com/fumiyas/libiconv-utf8mac/blob/2677394480f0d67d6f64b74045b9b4ad08097592/libcharset/lib/Makefile.in#L45,# Needed by $(LIBTOOL).,[],Autotool,0,45,45
6966,fumiyas/libiconv-utf8mac,https://github.com/fumiyas/libiconv-utf8mac/blob/2677394480f0d67d6f64b74045b9b4ad08097592/libcharset/lib/Makefile.in#L63,"# Installs the library and include files only. Typically called with only
# $(libdir) and $(includedir) - don't use $(prefix) and $(exec_prefix) here.",[],Autotool,0,63,64
6966,fumiyas/libiconv-utf8mac,https://github.com/fumiyas/libiconv-utf8mac/blob/2677394480f0d67d6f64b74045b9b4ad08097592/libcharset/lib/Makefile.in#L69,"# The following is needed in order to install a simple file in $(libdir)
# which is shared with other installed packages. We use a list of referencing
# packages so that ""make uninstall"" will remove the file if and only if it
# is not used by another installed package.
# On systems with glibc-2.1 or newer, the file is redundant, therefore we
# avoid installing it.",[],Autotool,0,69,74
6966,fumiyas/libiconv-utf8mac,https://github.com/fumiyas/libiconv-utf8mac/blob/2677394480f0d67d6f64b74045b9b4ad08097592/libcharset/lib/Makefile.in#L101,# List of source files.,[],Autotool,0,101,101
6966,fumiyas/libiconv-utf8mac,https://github.com/fumiyas/libiconv-utf8mac/blob/2677394480f0d67d6f64b74045b9b4ad08097592/libcharset/lib/Makefile.in#L105,# List of files bidirectionally synced with gnulib.,[],Autotool,0,105,105
6966,fumiyas/libiconv-utf8mac,https://github.com/fumiyas/libiconv-utf8mac/blob/2677394480f0d67d6f64b74045b9b4ad08097592/libcharset/lib/Makefile.in#L108,# List of distributed files imported from other packages.,[],Autotool,0,108,108
6966,fumiyas/libiconv-utf8mac,https://github.com/fumiyas/libiconv-utf8mac/blob/2677394480f0d67d6f64b74045b9b4ad08097592/libcharset/lib/Makefile.in#L110,# List of distributed files generated by autotools or Makefile.devel.,[],Autotool,0,110,110
6966,fumiyas/libiconv-utf8mac,https://github.com/fumiyas/libiconv-utf8mac/blob/2677394480f0d67d6f64b74045b9b4ad08097592/libcharset/lib/Makefile.in#L112,"# List of distributed files generated by ""make"".",[],Autotool,0,112,112
6966,fumiyas/libiconv-utf8mac,https://github.com/fumiyas/libiconv-utf8mac/blob/2677394480f0d67d6f64b74045b9b4ad08097592/libcharset/lib/Makefile.in#L114,# List of distributed files.,[],Autotool,0,114,114
6966,fumiyas/libiconv-utf8mac,https://github.com/fumiyas/libiconv-utf8mac/blob/2677394480f0d67d6f64b74045b9b4ad08097592/man/Makefile.in#L1,# Makefile for libiconv/man,[],Autotool,0,1,1
6966,fumiyas/libiconv-utf8mac,https://github.com/fumiyas/libiconv-utf8mac/blob/2677394480f0d67d6f64b74045b9b4ad08097592/man/Makefile.in#L3,#### Start of system configuration section. ####,[],Autotool,0,3,3
6966,fumiyas/libiconv-utf8mac,https://github.com/fumiyas/libiconv-utf8mac/blob/2677394480f0d67d6f64b74045b9b4ad08097592/man/Makefile.in#L5,"# Directories used by ""make"":",[],Autotool,0,5,5
6966,fumiyas/libiconv-utf8mac,https://github.com/fumiyas/libiconv-utf8mac/blob/2677394480f0d67d6f64b74045b9b4ad08097592/man/Makefile.in#L8,"# Directories used by ""make install"":",[],Autotool,0,8,8
6966,fumiyas/libiconv-utf8mac,https://github.com/fumiyas/libiconv-utf8mac/blob/2677394480f0d67d6f64b74045b9b4ad08097592/man/Makefile.in#L18,"# Programs used by ""make"":",[],Autotool,0,18,18
6966,fumiyas/libiconv-utf8mac,https://github.com/fumiyas/libiconv-utf8mac/blob/2677394480f0d67d6f64b74045b9b4ad08097592/man/Makefile.in#L22,"# Programs used by ""make install"":",[],Autotool,0,22,22
6966,fumiyas/libiconv-utf8mac,https://github.com/fumiyas/libiconv-utf8mac/blob/2677394480f0d67d6f64b74045b9b4ad08097592/man/Makefile.in#L28,#### End of system configuration section. ####,[],Autotool,0,28,28
6966,fumiyas/libiconv-utf8mac,https://github.com/fumiyas/libiconv-utf8mac/blob/2677394480f0d67d6f64b74045b9b4ad08097592/man/Makefile.in#L32,# Used by docdir.,[],Autotool,0,32,32
6966,fumiyas/libiconv-utf8mac,https://github.com/fumiyas/libiconv-utf8mac/blob/2677394480f0d67d6f64b74045b9b4ad08097592/man/Makefile.in#L68,# List of source files.,[],Autotool,0,68,68
6966,fumiyas/libiconv-utf8mac,https://github.com/fumiyas/libiconv-utf8mac/blob/2677394480f0d67d6f64b74045b9b4ad08097592/man/Makefile.in#L77,# List of distributed files imported from other packages.,[],Autotool,0,77,77
6966,fumiyas/libiconv-utf8mac,https://github.com/fumiyas/libiconv-utf8mac/blob/2677394480f0d67d6f64b74045b9b4ad08097592/man/Makefile.in#L79,# List of distributed files generated by autotools or Makefile.devel.,[],Autotool,0,79,79
6966,fumiyas/libiconv-utf8mac,https://github.com/fumiyas/libiconv-utf8mac/blob/2677394480f0d67d6f64b74045b9b4ad08097592/man/Makefile.in#L87,"# List of distributed files generated by ""make"".",[],Autotool,0,87,87
6966,fumiyas/libiconv-utf8mac,https://github.com/fumiyas/libiconv-utf8mac/blob/2677394480f0d67d6f64b74045b9b4ad08097592/man/Makefile.in#L89,# List of distributed files.,[],Autotool,0,89,89
6966,fumiyas/libiconv-utf8mac,https://github.com/fumiyas/libiconv-utf8mac/blob/2677394480f0d67d6f64b74045b9b4ad08097592/src/Makefile.in#L1,# Makefile for libiconv/src,[],Autotool,0,1,1
6966,fumiyas/libiconv-utf8mac,https://github.com/fumiyas/libiconv-utf8mac/blob/2677394480f0d67d6f64b74045b9b4ad08097592/src/Makefile.in#L3,#### Start of system configuration section. ####,[],Autotool,0,3,3
6966,fumiyas/libiconv-utf8mac,https://github.com/fumiyas/libiconv-utf8mac/blob/2677394480f0d67d6f64b74045b9b4ad08097592/src/Makefile.in#L5,"# Directories used by ""make"":",[],Autotool,0,5,5
6966,fumiyas/libiconv-utf8mac,https://github.com/fumiyas/libiconv-utf8mac/blob/2677394480f0d67d6f64b74045b9b4ad08097592/src/Makefile.in#L9,"# Directories used by ""make install"":",[],Autotool,0,9,9
6966,fumiyas/libiconv-utf8mac,https://github.com/fumiyas/libiconv-utf8mac/blob/2677394480f0d67d6f64b74045b9b4ad08097592/src/Makefile.in#L19,"# Programs used by ""make"":",[],Autotool,0,19,19
6966,fumiyas/libiconv-utf8mac,https://github.com/fumiyas/libiconv-utf8mac/blob/2677394480f0d67d6f64b74045b9b4ad08097592/src/Makefile.in#L34,"# Programs used by ""make install"":",[],Autotool,0,34,34
6966,fumiyas/libiconv-utf8mac,https://github.com/fumiyas/libiconv-utf8mac/blob/2677394480f0d67d6f64b74045b9b4ad08097592/src/Makefile.in#L40,"# Programs used by ""make install-strip"":",[],Autotool,0,40,40
6966,fumiyas/libiconv-utf8mac,https://github.com/fumiyas/libiconv-utf8mac/blob/2677394480f0d67d6f64b74045b9b4ad08097592/src/Makefile.in#L45,#### End of system configuration section. ####,[],Autotool,0,45,45
6966,fumiyas/libiconv-utf8mac,https://github.com/fumiyas/libiconv-utf8mac/blob/2677394480f0d67d6f64b74045b9b4ad08097592/src/Makefile.in#L51,# Needed by $(LIBTOOL).,[],Autotool,0,51,51
6966,fumiyas/libiconv-utf8mac,https://github.com/fumiyas/libiconv-utf8mac/blob/2677394480f0d67d6f64b74045b9b4ad08097592/src/Makefile.in#L54,# Needed by SET_RELOCATABLE.,[],Autotool,0,54,54
6966,fumiyas/libiconv-utf8mac,https://github.com/fumiyas/libiconv-utf8mac/blob/2677394480f0d67d6f64b74045b9b4ad08097592/src/Makefile.in#L57,# Needed by RELOCATABLE_LDFLAGS.,[],Autotool,0,57,57
6966,fumiyas/libiconv-utf8mac,https://github.com/fumiyas/libiconv-utf8mac/blob/2677394480f0d67d6f64b74045b9b4ad08097592/src/Makefile.in#L63,"# We cannot link with libintl until libiconv is installed. (When we call
# libtool with arguments ""../lib/libiconv.la -lintl"", libtool will call ld
# with ""../lib/.libs/libiconv.so $libdir/libintl.so $libdir/libiconv.so"",
# (remember that $libdir/libintl.la lists $libdir/libiconv.so as a dependency),
# and this gives a fatal linker error on Solaris because the two libiconv.so
# files are different but have the same soname.
# So we can link the iconv executable only after we have installed libiconv,
# i.e. during ""make install"". The intermediate 'iconv' executable is built
# without internationalization and not linked with libintl.",[],Autotool,0,63,71
6966,fumiyas/libiconv-utf8mac,https://github.com/fumiyas/libiconv-utf8mac/blob/2677394480f0d67d6f64b74045b9b4ad08097592/src/Makefile.in#L76,"# This is the temporary iconv executable, without internationalization.",[],Autotool,0,76,76
6966,fumiyas/libiconv-utf8mac,https://github.com/fumiyas/libiconv-utf8mac/blob/2677394480f0d67d6f64b74045b9b4ad08097592/src/Makefile.in#L89,"# The following rule is necessary to avoid a toplevel ""make -n check"" failure.",[],Autotool,0,89,89
6966,fumiyas/libiconv-utf8mac,https://github.com/fumiyas/libiconv-utf8mac/blob/2677394480f0d67d6f64b74045b9b4ad08097592/src/Makefile.in#L93,# Support for relocatability.,[],Autotool,0,93,93
6966,fumiyas/libiconv-utf8mac,https://github.com/fumiyas/libiconv-utf8mac/blob/2677394480f0d67d6f64b74045b9b4ad08097592/src/Makefile.in#L103,"# During ""make install"", we can build the final iconv executable.
# On HP-UX, in order to ensure that the new libiconv.sl will override the old
# one that is hardcoded in libintl.sl, we need to mention libiconv.sl before
# libintl.sl on the link command line. We have to bypass libtool in order to
# achieve this.
# On Solaris, the linker gives an error if we are using libintl.so and it
# refers to a libiconv.so in $prefix/lib since then it sees two libiconv.so's,
# one in $prefix/lib and one in ../lib/.libs. So we have to avoid using
# ../lib/libiconv.la entirely.",[],Autotool,0,103,111
6966,fumiyas/libiconv-utf8mac,https://github.com/fumiyas/libiconv-utf8mac/blob/2677394480f0d67d6f64b74045b9b4ad08097592/src/Makefile.in#L147,# List of source files.,[],Autotool,0,147,147
6966,fumiyas/libiconv-utf8mac,https://github.com/fumiyas/libiconv-utf8mac/blob/2677394480f0d67d6f64b74045b9b4ad08097592/src/Makefile.in#L151,# List of distributed files imported from other packages.,[],Autotool,0,151,151
6966,fumiyas/libiconv-utf8mac,https://github.com/fumiyas/libiconv-utf8mac/blob/2677394480f0d67d6f64b74045b9b4ad08097592/src/Makefile.in#L153,# List of distributed files generated by autotools or Makefile.devel.,[],Autotool,0,153,153
6966,fumiyas/libiconv-utf8mac,https://github.com/fumiyas/libiconv-utf8mac/blob/2677394480f0d67d6f64b74045b9b4ad08097592/src/Makefile.in#L155,"# List of distributed files generated by ""make"".",[],Autotool,0,155,155
6966,fumiyas/libiconv-utf8mac,https://github.com/fumiyas/libiconv-utf8mac/blob/2677394480f0d67d6f64b74045b9b4ad08097592/src/Makefile.in#L157,# List of distributed files.,[],Autotool,0,157,157
6966,fumiyas/libiconv-utf8mac,https://github.com/fumiyas/libiconv-utf8mac/blob/2677394480f0d67d6f64b74045b9b4ad08097592/tests/Makefile.in#L1,# Makefile for libiconv/tests,[],Autotool,0,1,1
6966,fumiyas/libiconv-utf8mac,https://github.com/fumiyas/libiconv-utf8mac/blob/2677394480f0d67d6f64b74045b9b4ad08097592/tests/Makefile.in#L3,#### Start of system configuration section. ####,[],Autotool,0,3,3
6966,fumiyas/libiconv-utf8mac,https://github.com/fumiyas/libiconv-utf8mac/blob/2677394480f0d67d6f64b74045b9b4ad08097592/tests/Makefile.in#L5,"# Directories used by ""make"":",[],Autotool,0,5,5
6966,fumiyas/libiconv-utf8mac,https://github.com/fumiyas/libiconv-utf8mac/blob/2677394480f0d67d6f64b74045b9b4ad08097592/tests/Makefile.in#L8,"# Programs used by ""make"":",[],Autotool,0,8,8
6966,fumiyas/libiconv-utf8mac,https://github.com/fumiyas/libiconv-utf8mac/blob/2677394480f0d67d6f64b74045b9b4ad08097592/tests/Makefile.in#L22,#### End of system configuration section. ####,[],Autotool,0,22,22
6966,fumiyas/libiconv-utf8mac,https://github.com/fumiyas/libiconv-utf8mac/blob/2677394480f0d67d6f64b74045b9b4ad08097592/tests/Makefile.in#L26,# Needed by $(LIBTOOL).,[],Autotool,0,26,26
6966,fumiyas/libiconv-utf8mac,https://github.com/fumiyas/libiconv-utf8mac/blob/2677394480f0d67d6f64b74045b9b4ad08097592/tests/Makefile.in#L33,#	/* General multi-byte encodings */,[],Autotool,0,33,33
6966,fumiyas/libiconv-utf8mac,https://github.com/fumiyas/libiconv-utf8mac/blob/2677394480f0d67d6f64b74045b9b4ad08097592/tests/Makefile.in#L49,#	/* 8-bit encodings */,[],Autotool,0,49,49
6966,fumiyas/libiconv-utf8mac,https://github.com/fumiyas/libiconv-utf8mac/blob/2677394480f0d67d6f64b74045b9b4ad08097592/tests/Makefile.in#L110,#	/* CJK character sets */,[],Autotool,0,110,110
6966,fumiyas/libiconv-utf8mac,https://github.com/fumiyas/libiconv-utf8mac/blob/2677394480f0d67d6f64b74045b9b4ad08097592/tests/Makefile.in#L113,"#	$(SHELL) $(srcdir)/check-stateless $(srcdir) JIS_X0208 # redundant, see EUC-JP
#	$(SHELL) $(srcdir)/check-stateless $(srcdir) JIS_X0212 # redundant, see EUC-JP",[],Autotool,0,113,114
6966,fumiyas/libiconv-utf8mac,https://github.com/fumiyas/libiconv-utf8mac/blob/2677394480f0d67d6f64b74045b9b4ad08097592/tests/Makefile.in#L116,"#	$(SHELL) $(srcdir)/check-stateless $(srcdir) GB_2312-80 # redundant, see EUC-CN",[],Autotool,0,116,116
6966,fumiyas/libiconv-utf8mac,https://github.com/fumiyas/libiconv-utf8mac/blob/2677394480f0d67d6f64b74045b9b4ad08097592/tests/Makefile.in#L118,"#	$(SHELL) $(srcdir)/check-stateless $(srcdir) KSC_5601 # redundant, see EUC-KR
#	/* CJK encodings */",[],Autotool,0,118,119
6966,fumiyas/libiconv-utf8mac,https://github.com/fumiyas/libiconv-utf8mac/blob/2677394480f0d67d6f64b74045b9b4ad08097592/tests/Makefile.in#L154,#	/* system dependent and extra encodings */,[],Autotool,0,154,154
6966,fumiyas/libiconv-utf8mac,https://github.com/fumiyas/libiconv-utf8mac/blob/2677394480f0d67d6f64b74045b9b4ad08097592/tests/Makefile.in#L156,#	/* transliteration */,[],Autotool,0,156,156
6966,fumiyas/libiconv-utf8mac,https://github.com/fumiyas/libiconv-utf8mac/blob/2677394480f0d67d6f64b74045b9b4ad08097592/tests/Makefile.in#L161,#	/* substitution */,[],Autotool,0,161,161
6966,fumiyas/libiconv-utf8mac,https://github.com/fumiyas/libiconv-utf8mac/blob/2677394480f0d67d6f64b74045b9b4ad08097592/tests/Makefile.in#L163,#	/* shift sequence before invalid multibyte character */,[],Autotool,0,163,163
6966,fumiyas/libiconv-utf8mac,https://github.com/fumiyas/libiconv-utf8mac/blob/2677394480f0d67d6f64b74045b9b4ad08097592/tests/Makefile.in#L165,#	/* conversion to wchar_t */,[],Autotool,0,165,165
6966,fumiyas/libiconv-utf8mac,https://github.com/fumiyas/libiconv-utf8mac/blob/2677394480f0d67d6f64b74045b9b4ad08097592/tests/Makefile.in#L171,#	/* AIX specific encodings */,[],Autotool,0,171,171
6966,fumiyas/libiconv-utf8mac,https://github.com/fumiyas/libiconv-utf8mac/blob/2677394480f0d67d6f64b74045b9b4ad08097592/tests/Makefile.in#L174,#	$(SHELL) $(srcdir)/check-stateless $(srcdir) CP943,[],Autotool,0,174,174
6966,fumiyas/libiconv-utf8mac,https://github.com/fumiyas/libiconv-utf8mac/blob/2677394480f0d67d6f64b74045b9b4ad08097592/tests/Makefile.in#L181,#	/* OSF/1 specific encodings */,[],Autotool,0,181,181
6966,fumiyas/libiconv-utf8mac,https://github.com/fumiyas/libiconv-utf8mac/blob/2677394480f0d67d6f64b74045b9b4ad08097592/tests/Makefile.in#L184,#	/* DOS specific encodings */,[],Autotool,0,184,184
6966,fumiyas/libiconv-utf8mac,https://github.com/fumiyas/libiconv-utf8mac/blob/2677394480f0d67d6f64b74045b9b4ad08097592/tests/Makefile.in#L200,"#	/* z/OS specific encodings, i.e. EBCDIC encodings */",[],Autotool,0,200,200
6966,fumiyas/libiconv-utf8mac,https://github.com/fumiyas/libiconv-utf8mac/blob/2677394480f0d67d6f64b74045b9b4ad08097592/tests/Makefile.in#L254,#	/* Extra encodings */,[],Autotool,0,254,254
6966,fumiyas/libiconv-utf8mac,https://github.com/fumiyas/libiconv-utf8mac/blob/2677394480f0d67d6f64b74045b9b4ad08097592/tests/Makefile.in#L293,"# The following rule is necessary to avoid a toplevel ""make -n check"" failure.",[],Autotool,0,293,293
6966,fumiyas/libiconv-utf8mac,https://github.com/fumiyas/libiconv-utf8mac/blob/2677394480f0d67d6f64b74045b9b4ad08097592/tests/Makefile.in#L308,# List of source files.,[],Autotool,0,308,308
6966,fumiyas/libiconv-utf8mac,https://github.com/fumiyas/libiconv-utf8mac/blob/2677394480f0d67d6f64b74045b9b4ad08097592/tests/Makefile.in#L515,# List of distributed files imported from other packages.,[],Autotool,0,515,515
6966,fumiyas/libiconv-utf8mac,https://github.com/fumiyas/libiconv-utf8mac/blob/2677394480f0d67d6f64b74045b9b4ad08097592/tests/Makefile.in#L518,# List of distributed files generated by autotools or Makefile.devel.,[],Autotool,0,518,518
6966,fumiyas/libiconv-utf8mac,https://github.com/fumiyas/libiconv-utf8mac/blob/2677394480f0d67d6f64b74045b9b4ad08097592/tests/Makefile.in#L520,"# List of distributed files generated by ""make"".",[],Autotool,0,520,520
6966,fumiyas/libiconv-utf8mac,https://github.com/fumiyas/libiconv-utf8mac/blob/2677394480f0d67d6f64b74045b9b4ad08097592/tests/Makefile.in#L522,# List of distributed files.,[],Autotool,0,522,522
6966,fumiyas/libiconv-utf8mac,https://github.com/fumiyas/libiconv-utf8mac/blob/2677394480f0d67d6f64b74045b9b4ad08097592/lib/config.h.in#L1,"/* Copyright (C) 1999-2003, 2005, 2007, 2010, 2012 Free Software Foundation, Inc.
   This file is part of the GNU LIBICONV Library.

   The GNU LIBICONV Library is free software; you can redistribute it
   and/or modify it under the terms of the GNU Lesser General Public
   License as published by the Free Software Foundation; either version 2.1
   of the License, or (at your option) any later version.

   The GNU LIBICONV Library is distributed in the hope that it will be
   useful, but WITHOUT ANY WARRANTY; without even the implied warranty of
   MERCHANTABILITY or FITNESS FOR A PARTICULAR PURPOSE.  See the GNU
   Lesser General Public License for more details.

   You should have received a copy of the GNU Lesser General Public
   License along with the GNU LIBICONV Library; see the file COPYING.LIB.
   If not, see <https://www.gnu.org/licenses/>.  */",[],Autotool,0,1,16
6966,fumiyas/libiconv-utf8mac,https://github.com/fumiyas/libiconv-utf8mac/blob/2677394480f0d67d6f64b74045b9b4ad08097592/lib/config.h.in#L19,/* Define to 1 to enable a few rarely used encodings. */,[],Autotool,0,19,19
6966,fumiyas/libiconv-utf8mac,https://github.com/fumiyas/libiconv-utf8mac/blob/2677394480f0d67d6f64b74045b9b4ad08097592/lib/config.h.in#L22,/* Define to 1 if the package shall run at any location in the filesystem. */,[],Autotool,0,22,22
6966,fumiyas/libiconv-utf8mac,https://github.com/fumiyas/libiconv-utf8mac/blob/2677394480f0d67d6f64b74045b9b4ad08097592/lib/config.h.in#L25,/* Define to a type if <wchar.h> does not define. */,[],Autotool,0,25,25
6966,fumiyas/libiconv-utf8mac,https://github.com/fumiyas/libiconv-utf8mac/blob/2677394480f0d67d6f64b74045b9b4ad08097592/lib/config.h.in#L28,"/* Define if you have <iconv.h>, the iconv_t type, and the
   iconv_open, iconv, iconv_close functions. */",[],Autotool,0,28,29
6966,fumiyas/libiconv-utf8mac,https://github.com/fumiyas/libiconv-utf8mac/blob/2677394480f0d67d6f64b74045b9b4ad08097592/lib/config.h.in#L31,/* Define as const if the declaration of iconv() needs const. */,[],Autotool,0,31,31
6966,fumiyas/libiconv-utf8mac,https://github.com/fumiyas/libiconv-utf8mac/blob/2677394480f0d67d6f64b74045b9b4ad08097592/lib/config.h.in#L34,/* Define to 1 if you have the getc_unlocked() function. */,[],Autotool,0,34,34
6966,fumiyas/libiconv-utf8mac,https://github.com/fumiyas/libiconv-utf8mac/blob/2677394480f0d67d6f64b74045b9b4ad08097592/lib/config.h.in#L37,/* Define if you have <langinfo.h> and nl_langinfo(CODESET). */,[],Autotool,0,37,37
6966,fumiyas/libiconv-utf8mac,https://github.com/fumiyas/libiconv-utf8mac/blob/2677394480f0d67d6f64b74045b9b4ad08097592/lib/config.h.in#L40,/* Define if you have the mbrtowc() function. */,[],Autotool,0,40,40
6966,fumiyas/libiconv-utf8mac,https://github.com/fumiyas/libiconv-utf8mac/blob/2677394480f0d67d6f64b74045b9b4ad08097592/lib/config.h.in#L43,/* Define to 1 if you have the setlocale() function. */,[],Autotool,0,43,43
6966,fumiyas/libiconv-utf8mac,https://github.com/fumiyas/libiconv-utf8mac/blob/2677394480f0d67d6f64b74045b9b4ad08097592/lib/config.h.in#L46,/* Define to 1 if you have the <stddef.h> header file. */,[],Autotool,0,46,46
6966,fumiyas/libiconv-utf8mac,https://github.com/fumiyas/libiconv-utf8mac/blob/2677394480f0d67d6f64b74045b9b4ad08097592/lib/config.h.in#L49,/* Define to 1 if you have the <stdlib.h> header file. */,[],Autotool,0,49,49
6966,fumiyas/libiconv-utf8mac,https://github.com/fumiyas/libiconv-utf8mac/blob/2677394480f0d67d6f64b74045b9b4ad08097592/lib/config.h.in#L52,/* Define to 1 if you have the <string.h> header file. */,[],Autotool,0,52,52
6966,fumiyas/libiconv-utf8mac,https://github.com/fumiyas/libiconv-utf8mac/blob/2677394480f0d67d6f64b74045b9b4ad08097592/lib/config.h.in#L55,"/* Define to 1 or 0, depending whether the compiler supports simple visibility
   declarations. */",[],Autotool,0,55,56
6966,fumiyas/libiconv-utf8mac,https://github.com/fumiyas/libiconv-utf8mac/blob/2677394480f0d67d6f64b74045b9b4ad08097592/lib/config.h.in#L59,/* Define if you have the wcrtomb() function. */,[],Autotool,0,59,59
6966,fumiyas/libiconv-utf8mac,https://github.com/fumiyas/libiconv-utf8mac/blob/2677394480f0d67d6f64b74045b9b4ad08097592/lib/config.h.in#L62,/* Define to 1 if O_NOFOLLOW works. */,[],Autotool,0,62,62
6966,fumiyas/libiconv-utf8mac,https://github.com/fumiyas/libiconv-utf8mac/blob/2677394480f0d67d6f64b74045b9b4ad08097592/lib/config.h.in#L65,/* Define if the machine's byte ordering is little endian. */,[],Autotool,0,65,65
6966,fumiyas/libiconv-utf8mac,https://github.com/fumiyas/libiconv-utf8mac/blob/2677394480f0d67d6f64b74045b9b4ad08097592/lib/config.h.in#L68,"/* Define to the value of ${prefix}, as a string. */",[],Autotool,0,68,68
6966,fumiyas/libiconv-utf8mac,https://github.com/fumiyas/libiconv-utf8mac/blob/2677394480f0d67d6f64b74045b9b4ad08097592/lib/config.h.in#L71,"/* Define to '__inline__' or '__inline' if that's what the C compiler
   calls it, or to nothing if 'inline' is not supported under any name.  */",[],Autotool,0,71,72
6966,fumiyas/libiconv-utf8mac,https://github.com/fumiyas/libiconv-utf8mac/blob/2677394480f0d67d6f64b74045b9b4ad08097592/lib/config.h.in#L77,/* Define to 'int' if <sys/types.h> does not define. */,[],Autotool,0,77,77
6966,fumiyas/libiconv-utf8mac,https://github.com/fumiyas/libiconv-utf8mac/blob/2677394480f0d67d6f64b74045b9b4ad08097592/lib/config.h.in#L80,/* Define as a signed type of the same size as size_t. */,[],Autotool,0,80,80
6966,fumiyas/libiconv-utf8mac,https://github.com/fumiyas/libiconv-utf8mac/blob/2677394480f0d67d6f64b74045b9b4ad08097592/configure.ac#L1,"dnl Copyright (C) 1999-2011, 2016, 2018-2022 Free Software Foundation, Inc.
dnl This file is part of the GNU LIBICONV Library.
dnl
dnl The GNU LIBICONV Library is free software; you can redistribute it
dnl and/or modify it under the terms of the GNU Lesser General Public
dnl License as published by the Free Software Foundation; either version 2.1
dnl of the License, or (at your option) any later version.
dnl
dnl The GNU LIBICONV Library is distributed in the hope that it will be
dnl useful, but WITHOUT ANY WARRANTY; without even the implied warranty of
dnl MERCHANTABILITY or FITNESS FOR A PARTICULAR PURPOSE.  See the GNU
dnl Lesser General Public License for more details.
dnl
dnl You should have received a copy of the GNU Lesser General Public
dnl License along with the GNU LIBICONV Library; see the file COPYING.LIB.
dnl If not, see <https://www.gnu.org/licenses/>.",[],Autotool,0,1,16
6966,fumiyas/libiconv-utf8mac,https://github.com/fumiyas/libiconv-utf8mac/blob/2677394480f0d67d6f64b74045b9b4ad08097592/configure.ac#L26,dnl           checks for basic programs,[],Autotool,0,26,26
6966,fumiyas/libiconv-utf8mac,https://github.com/fumiyas/libiconv-utf8mac/blob/2677394480f0d67d6f64b74045b9b4ad08097592/configure.ac#L33,dnl sets STRIP,[],Autotool,36,33,33
6966,fumiyas/libiconv-utf8mac,https://github.com/fumiyas/libiconv-utf8mac/blob/2677394480f0d67d6f64b74045b9b4ad08097592/configure.ac#L34,"dnl overrides STRIP when cross-compiling,
dnl sets INSTALL_STRIP_PROGRAM",[],Autotool,36,34,35
6966,fumiyas/libiconv-utf8mac,https://github.com/fumiyas/libiconv-utf8mac/blob/2677394480f0d67d6f64b74045b9b4ad08097592/configure.ac#L37,dnl           check for host type,[],Autotool,0,37,37
6966,fumiyas/libiconv-utf8mac,https://github.com/fumiyas/libiconv-utf8mac/blob/2677394480f0d67d6f64b74045b9b4ad08097592/configure.ac#L50,dnl           checks for UNIX variants that set DEFS,[],Autotool,0,50,50
6966,fumiyas/libiconv-utf8mac,https://github.com/fumiyas/libiconv-utf8mac/blob/2677394480f0d67d6f64b74045b9b4ad08097592/configure.ac#L54,dnl           checks for build configuration,[],Autotool,0,54,54
6966,fumiyas/libiconv-utf8mac,https://github.com/fumiyas/libiconv-utf8mac/blob/2677394480f0d67d6f64b74045b9b4ad08097592/configure.ac#L68,dnl           checks for programs,[],Autotool,0,68,68
6966,fumiyas/libiconv-utf8mac,https://github.com/fumiyas/libiconv-utf8mac/blob/2677394480f0d67d6f64b74045b9b4ad08097592/configure.ac#L74,dnl           checks for compiler output filename suffixes,[],Autotool,0,74,74
6966,fumiyas/libiconv-utf8mac,https://github.com/fumiyas/libiconv-utf8mac/blob/2677394480f0d67d6f64b74045b9b4ad08097592/configure.ac#L79,dnl           checks for build configuration,[],Autotool,0,79,79
6966,fumiyas/libiconv-utf8mac,https://github.com/fumiyas/libiconv-utf8mac/blob/2677394480f0d67d6f64b74045b9b4ad08097592/configure.ac#L81,"dnl Prepares the libtool configuration for handling of Windows resources, and
dnl sets the RC variable to a program that compiles Windows resource files.",[],Autotool,0,81,82
6966,fumiyas/libiconv-utf8mac,https://github.com/fumiyas/libiconv-utf8mac/blob/2677394480f0d67d6f64b74045b9b4ad08097592/configure.ac#L85,"dnl On mingw and Cygwin, we can activate special Makefile rules which add
dnl version information to the executables.",[],Autotool,0,85,86
6966,fumiyas/libiconv-utf8mac,https://github.com/fumiyas/libiconv-utf8mac/blob/2677394480f0d67d6f64b74045b9b4ad08097592/configure.ac#L94,dnl Check for a program that compiles Windows resource files.,[],Autotool,2,94,94
6966,fumiyas/libiconv-utf8mac,https://github.com/fumiyas/libiconv-utf8mac/blob/2677394480f0d67d6f64b74045b9b4ad08097592/configure.ac#L102,dnl           checks for typedefs,[],Autotool,0,102,102
6966,fumiyas/libiconv-utf8mac,https://github.com/fumiyas/libiconv-utf8mac/blob/2677394480f0d67d6f64b74045b9b4ad08097592/configure.ac#L107,"dnl           checks for header files, functions and declarations",[],Autotool,0,107,107
6966,fumiyas/libiconv-utf8mac,https://github.com/fumiyas/libiconv-utf8mac/blob/2677394480f0d67d6f64b74045b9b4ad08097592/configure.ac#L125,"dnl mbstate_t is used if HAVE_WCRTOMB || HAVE_MBRTOWC, see lib/loop_wchar.h.",[],Autotool,0,125,125
6966,fumiyas/libiconv-utf8mac,https://github.com/fumiyas/libiconv-utf8mac/blob/2677394480f0d67d6f64b74045b9b4ad08097592/configure.ac#L170,"dnl Compilation on mingw and Cygwin needs special Makefile rules, because
dnl 1. when we install a shared library, we must arrange to export
dnl    auxiliary pointer variables for every exported variable,
dnl 2. when we install a shared library and a static library simultaneously,
dnl    the include file specifies __declspec(dllimport) and therefore we
dnl    must arrange to define the auxiliary pointer variables for the
dnl    exported variables _also_ in the static library.",[],Autotool,0,170,176
6966,fumiyas/libiconv-utf8mac,https://github.com/fumiyas/libiconv-utf8mac/blob/2677394480f0d67d6f64b74045b9b4ad08097592/configure.ac#L196,"#if defined _MSC_VER && defined _DLL
# define DLL_VARIABLE __declspec (dllimport)
#else
# define DLL_VARIABLE
#endif",[],Autotool,0,196,200
6966,fumiyas/libiconv-utf8mac,https://github.com/fumiyas/libiconv-utf8mac/blob/2677394480f0d67d6f64b74045b9b4ad08097592/libcharset/configure.ac#L1,"dnl Copyright (C) 2000-2003, 2005-2009, 2016, 2018-2020 Free Software Foundation, Inc.
dnl This file is part of the GNU CHARSET Library.
dnl
dnl The GNU CHARSET Library is free software; you can redistribute it and/or
dnl modify it under the terms of the GNU Lesser General Public License as
dnl published by the Free Software Foundation; either version 2 of the
dnl License, or (at your option) any later version.
dnl
dnl The GNU CHARSET Library is distributed in the hope that it will be useful,
dnl but WITHOUT ANY WARRANTY; without even the implied warranty of
dnl MERCHANTABILITY or FITNESS FOR A PARTICULAR PURPOSE.  See the GNU
dnl Lesser General Public License for more details.
dnl
dnl You should have received a copy of the GNU Lesser General Public License
dnl along with the GNU CHARSET Library; see the file COPYING.LIB.  If not,
dnl see <https://www.gnu.org/licenses/>.",[],Autotool,0,1,16
6966,fumiyas/libiconv-utf8mac,https://github.com/fumiyas/libiconv-utf8mac/blob/2677394480f0d67d6f64b74045b9b4ad08097592/libcharset/configure.ac#L25,dnl           checks for basic programs,[],Autotool,0,25,25
6966,fumiyas/libiconv-utf8mac,https://github.com/fumiyas/libiconv-utf8mac/blob/2677394480f0d67d6f64b74045b9b4ad08097592/libcharset/configure.ac#L31,dnl           check for host type,[],Autotool,0,31,31
6966,fumiyas/libiconv-utf8mac,https://github.com/fumiyas/libiconv-utf8mac/blob/2677394480f0d67d6f64b74045b9b4ad08097592/libcharset/configure.ac#L35,dnl           checks for installer options,[],Autotool,0,35,35
6966,fumiyas/libiconv-utf8mac,https://github.com/fumiyas/libiconv-utf8mac/blob/2677394480f0d67d6f64b74045b9b4ad08097592/libcharset/configure.ac#L37,dnl           checks for programs,[],Autotool,0,37,37
6966,fumiyas/libiconv-utf8mac,https://github.com/fumiyas/libiconv-utf8mac/blob/2677394480f0d67d6f64b74045b9b4ad08097592/libcharset/configure.ac#L39,dnl           checks for UNIX variants that set DEFS,[],Autotool,0,39,39
6966,fumiyas/libiconv-utf8mac,https://github.com/fumiyas/libiconv-utf8mac/blob/2677394480f0d67d6f64b74045b9b4ad08097592/libcharset/configure.ac#L43,dnl           checks for compiler output filename suffixes,[],Autotool,0,43,43
6966,fumiyas/libiconv-utf8mac,https://github.com/fumiyas/libiconv-utf8mac/blob/2677394480f0d67d6f64b74045b9b4ad08097592/libcharset/configure.ac#L48,dnl           checks for build configuration,[],Autotool,0,48,48
6966,fumiyas/libiconv-utf8mac,https://github.com/fumiyas/libiconv-utf8mac/blob/2677394480f0d67d6f64b74045b9b4ad08097592/libcharset/configure.ac#L54,dnl           checks for header files and functions,[],Autotool,0,54,54
