repoIndex,repoName,linkLocation,comment,keywords,buildSysteminFile,charPosition,startLine,endLine
7477,romanchyla/montysolr,https://github.com/romanchyla/montysolr/blob/68731387230936e86dba3bbcd9b88681de00b9c0/build.properties#L2,"# These are the main variables you may need to change for successful build
# of montysolr modules. The more detailed settings can be changed in the configuration
# section of the build.xml file. Be careful to remove trailing whitespaces.",[],Ant,0,2,4
7477,romanchyla/montysolr,https://github.com/romanchyla/montysolr/blob/68731387230936e86dba3bbcd9b88681de00b9c0/build.properties#L6,"# normally, you don't want to change this",[],Ant,0,6,6
7477,romanchyla/montysolr,https://github.com/romanchyla/montysolr/blob/68731387230936e86dba3bbcd9b88681de00b9c0/build.properties#L9,"# by default, the version will be composed as: <solr-major-version>.<montysolr.version>
# ie. 48.1.0.1",[],Ant,0,9,10
7477,romanchyla/montysolr,https://github.com/romanchyla/montysolr/blob/68731387230936e86dba3bbcd9b88681de00b9c0/build.properties#L13,# if you want to use custom executables; define them here,[],Ant,0,13,13
7477,romanchyla/montysolr,https://github.com/romanchyla/montysolr/blob/68731387230936e86dba3bbcd9b88681de00b9c0/contrib/antlrqueryparser/build.properties#L2,"# command for the dot viewer
# on mac, this might be ""open -a graphviz""
# or on linux /usr/bin/xdot",[],Ant,0,2,4
7477,romanchyla/montysolr,https://github.com/romanchyla/montysolr/blob/68731387230936e86dba3bbcd9b88681de00b9c0/contrib/examples/adsabs/build.properties#L1,"# The project specific settings for contrib/examples/adsabs
# They are used by the unittests",[],Ant,0,1,2
7477,romanchyla/montysolr,https://github.com/romanchyla/montysolr/blob/68731387230936e86dba3bbcd9b88681de00b9c0/build.xml#L7,"<!--
  ==================================================================
     Configuration section
  ==================================================================
  -->",[],Ant,1,7,11
7477,romanchyla/montysolr,https://github.com/romanchyla/montysolr/blob/68731387230936e86dba3bbcd9b88681de00b9c0/build.xml#L47,"<!--
      ==================================================================
         Initialization & maintenance
      ==================================================================
      -->",[],Ant,1,47,51
7477,romanchyla/montysolr,https://github.com/romanchyla/montysolr/blob/68731387230936e86dba3bbcd9b88681de00b9c0/build.xml#L59,<!-- Default target: usage.  Prints out instructions. -->,[],Ant,1,59,59
7477,romanchyla/montysolr,https://github.com/romanchyla/montysolr/blob/68731387230936e86dba3bbcd9b88681de00b9c0/build.xml#L75,<!-- this is needed for all targets -->,[],Ant,1,75,75
7477,romanchyla/montysolr,https://github.com/romanchyla/montysolr/blob/68731387230936e86dba3bbcd9b88681de00b9c0/build.xml#L109,"<!--
      ==================================================================
         Compilation section for jars
      ==================================================================
      -->",[],Ant,1,109,113
7477,romanchyla/montysolr,https://github.com/romanchyla/montysolr/blob/68731387230936e86dba3bbcd9b88681de00b9c0/build.xml#L115,<!-- this is needed for building targets -->,[],Ant,1,115,115
7477,romanchyla/montysolr,https://github.com/romanchyla/montysolr/blob/68731387230936e86dba3bbcd9b88681de00b9c0/build.xml#L128,<!-- obsolete: redirecting to test -->,[],Ant,1,128,128
7477,romanchyla/montysolr,https://github.com/romanchyla/montysolr/blob/68731387230936e86dba3bbcd9b88681de00b9c0/build.xml#L132,"<!-- writes into a simple format various config variables, they can be used by unittests/java -->",[],Ant,1,132,132
7477,romanchyla/montysolr,https://github.com/romanchyla/montysolr/blob/68731387230936e86dba3bbcd9b88681de00b9c0/build.xml#L143,<!-- necessary only on windows (git bash) -->,[],Ant,2,143,143
7477,romanchyla/montysolr,https://github.com/romanchyla/montysolr/blob/68731387230936e86dba3bbcd9b88681de00b9c0/build.xml#L154,"<!--
    ==================================================================
     Commands for a lazy developer
    ==================================================================
    -->",[],Ant,1,154,158
7477,romanchyla/montysolr,https://github.com/romanchyla/montysolr/blob/68731387230936e86dba3bbcd9b88681de00b9c0/build.xml#L199,"<!--
    ====================================================================
                   Installation goodies
    ====================================================================
    -->",[],Ant,1,199,203
7477,romanchyla/montysolr,https://github.com/romanchyla/montysolr/blob/68731387230936e86dba3bbcd9b88681de00b9c0/build.xml#L212,<!-- this is for development purposes - especially when lucene/solr stable releases are not yet there -->,[],Ant,1,212,212
7477,romanchyla/montysolr,https://github.com/romanchyla/montysolr/blob/68731387230936e86dba3bbcd9b88681de00b9c0/build.xml#L228,"<!-- 
	   this target sets the location of the solr, if not present, we'll assume 
	   build/solr-download/apache-solr-${solr.version}/solr
	   The property may also be set by a download-solr task
	 -->",[],Ant,1,228,232
7477,romanchyla/montysolr,https://github.com/romanchyla/montysolr/blob/68731387230936e86dba3bbcd9b88681de00b9c0/build.xml#L285,<!-- since on old ant we cannot ignore it -->,[],Ant,2,285,285
7477,romanchyla/montysolr,https://github.com/romanchyla/montysolr/blob/68731387230936e86dba3bbcd9b88681de00b9c0/build.xml#L302,<!-- copy all useful (for development useful) jars from solr to our project -->,[],Ant,1,302,302
7477,romanchyla/montysolr,https://github.com/romanchyla/montysolr/blob/68731387230936e86dba3bbcd9b88681de00b9c0/build.xml#L307,<!-- copy lucene jars -->,[],Ant,2,307,307
7477,romanchyla/montysolr,https://github.com/romanchyla/montysolr/blob/68731387230936e86dba3bbcd9b88681de00b9c0/build.xml#L314,<!-- copy solr jars -->,[],Ant,2,314,314
7477,romanchyla/montysolr,https://github.com/romanchyla/montysolr/blob/68731387230936e86dba3bbcd9b88681de00b9c0/build.xml#L321,<!-- copy solr/webapp jars -->,[],Ant,2,321,321
7477,romanchyla/montysolr,https://github.com/romanchyla/montysolr/blob/68731387230936e86dba3bbcd9b88681de00b9c0/build.xml#L329,<!-- copy jetty jars -->,[],Ant,2,329,329
7477,romanchyla/montysolr,https://github.com/romanchyla/montysolr/blob/68731387230936e86dba3bbcd9b88681de00b9c0/build.xml#L336,<!-- cleanup -->,[],Ant,2,336,336
7477,romanchyla/montysolr,https://github.com/romanchyla/montysolr/blob/68731387230936e86dba3bbcd9b88681de00b9c0/build.xml#L442,<!-- to setup dev environment -->,[],Ant,2,442,442
7477,romanchyla/montysolr,https://github.com/romanchyla/montysolr/blob/68731387230936e86dba3bbcd9b88681de00b9c0/build.xml#L448,<!-- this will set the project for lucene/ we'll just copy the files and modify them-->,[],Ant,3,448,448
7477,romanchyla/montysolr,https://github.com/romanchyla/montysolr/blob/68731387230936e86dba3bbcd9b88681de00b9c0/build.xml#L463,<!-- change path to point to the local solr checkout -->,[],Ant,3,463,463
7477,romanchyla/montysolr,https://github.com/romanchyla/montysolr/blob/68731387230936e86dba3bbcd9b88681de00b9c0/contrib/adsabs/build.xml#L3,"<!--
    Licensed to the Apache Software Foundation (ASF) under one or more
    contributor license agreements.  See the NOTICE file distributed with
    this work for additional information regarding copyright ownership.
    The ASF licenses this file to You under the Apache License, Version 2.0
    the ""License""); you may not use this file except in compliance with
    the License.  You may obtain a copy of the License at
 
        http://www.apache.org/licenses/LICENSE-2.0
 
    Unless required by applicable law or agreed to in writing, software
    distributed under the License is distributed on an ""AS IS"" BASIS,
    WITHOUT WARRANTIES OR CONDITIONS OF ANY KIND, either express or implied.
    See the License for the specific language governing permissions and
    limitations under the License.
 -->",[],Ant,0,3,18
7477,romanchyla/montysolr,https://github.com/romanchyla/montysolr/blob/68731387230936e86dba3bbcd9b88681de00b9c0/contrib/adsabs/build.xml#L29,<!-- with this we'll trick antlrqueryparser into generating grammars for us in our folder -->,[],Ant,1,29,29
7477,romanchyla/montysolr,https://github.com/romanchyla/montysolr/blob/68731387230936e86dba3bbcd9b88681de00b9c0/contrib/antlrqueryparser/build.xml#L3,"<!--
    Licensed to the Apache Software Foundation (ASF) under one or more
    contributor license agreements.  See the NOTICE file distributed with
    this work for additional information regarding copyright ownership.
    The ASF licenses this file to You under the Apache License, Version 2.0
    the ""License""); you may not use this file except in compliance with
    the License.  You may obtain a copy of the License at
 
        http://www.apache.org/licenses/LICENSE-2.0
 
    Unless required by applicable law or agreed to in writing, software
    distributed under the License is distributed on an ""AS IS"" BASIS,
    WITHOUT WARRANTIES OR CONDITIONS OF ANY KIND, either express or implied.
    See the License for the specific language governing permissions and
    limitations under the License.
 -->",[],Ant,0,3,18
7477,romanchyla/montysolr,https://github.com/romanchyla/montysolr/blob/68731387230936e86dba3bbcd9b88681de00b9c0/contrib/antlrqueryparser/build.xml#L39,"<!-- parameters for the build, many of these have default values -->",[],Ant,1,39,39
7477,romanchyla/montysolr,https://github.com/romanchyla/montysolr/blob/68731387230936e86dba3bbcd9b88681de00b9c0/contrib/antlrqueryparser/build.xml#L103,<!-- for view/try/dot targets - link to classes built upstream -->,[],Ant,8,103,103
7477,romanchyla/montysolr,https://github.com/romanchyla/montysolr/blob/68731387230936e86dba3bbcd9b88681de00b9c0/contrib/antlrqueryparser/build.xml#L122,"<!-- <clean-parser grammar-name=""${aqp.grammar}"" parser-dir=""${aqp.parser.dir}""/> -->",[],Ant,2,122,122
7477,romanchyla/montysolr,https://github.com/romanchyla/montysolr/blob/68731387230936e86dba3bbcd9b88681de00b9c0/contrib/antlrqueryparser/build.xml#L142,<!-- compiles both grammar and the test classes -->,[],Ant,1,142,142
7477,romanchyla/montysolr,https://github.com/romanchyla/montysolr/blob/68731387230936e86dba3bbcd9b88681de00b9c0/contrib/antlrqueryparser/build.xml#L166,"<!-- we are using some classes from the parser test framework
           so we must compile them ourselves (not to depend on luck)
           
           But we'll put them into test so that it is not included
           inside generated jars
      -->",[],Ant,2,166,171
7477,romanchyla/montysolr,https://github.com/romanchyla/montysolr/blob/68731387230936e86dba3bbcd9b88681de00b9c0/contrib/antlrqueryparser/build.xml#L248,"<!--
	============================================================================================
	                                           MACROS
  ============================================================================================
	//-->",[],Ant,1,248,252
7477,romanchyla/montysolr,https://github.com/romanchyla/montysolr/blob/68731387230936e86dba3bbcd9b88681de00b9c0/contrib/examples/build.xml#L3,"<!--
    Licensed to the Apache Software Foundation (ASF) under one or more
    contributor license agreements.  See the NOTICE file distributed with
    this work for additional information regarding copyright ownership.
    The ASF licenses this file to You under the Apache License, Version 2.0
    the ""License""); you may not use this file except in compliance with
    the License.  You may obtain a copy of the License at
 
        http://www.apache.org/licenses/LICENSE-2.0
 
    Unless required by applicable law or agreed to in writing, software
    distributed under the License is distributed on an ""AS IS"" BASIS,
    WITHOUT WARRANTIES OR CONDITIONS OF ANY KIND, either express or implied.
    See the License for the specific language governing permissions and
    limitations under the License.
 -->",[],Ant,0,3,18
7477,romanchyla/montysolr,https://github.com/romanchyla/montysolr/blob/68731387230936e86dba3bbcd9b88681de00b9c0/contrib/examples/build.xml#L27,"<!--                configuration of targets
	~~~~~~~~~~~~~~~~~~~~~~~~~~~~~~~~~~~~~~~~~~~~~~~~~~~~~~~~~~~~ //-->",[],Ant,1,27,28
7477,romanchyla/montysolr,https://github.com/romanchyla/montysolr/blob/68731387230936e86dba3bbcd9b88681de00b9c0/contrib/examples/build.xml#L69,"<!-- 
     we include only the classpaths that are inside 
     the example, so that it can run without anything 
     else -->",[],Ant,2,69,72
7477,romanchyla/montysolr,https://github.com/romanchyla/montysolr/blob/68731387230936e86dba3bbcd9b88681de00b9c0/contrib/examples/build.xml#L91,<!-- MontySolr test classes -->,[],Ant,3,91,91
7477,romanchyla/montysolr,https://github.com/romanchyla/montysolr/blob/68731387230936e86dba3bbcd9b88681de00b9c0/contrib/examples/build.xml#L99,"<!--
		<echo>classpath: ${toString:classpath}</echo>
		<echo>test.classpath: ${toString:test.classpath}</echo>
		-->",[],Ant,2,99,102
7477,romanchyla/montysolr,https://github.com/romanchyla/montysolr/blob/68731387230936e86dba3bbcd9b88681de00b9c0/contrib/examples/build.xml#L117,<!-- does nothing on purpose //-->,[],Ant,2,117,117
7477,romanchyla/montysolr,https://github.com/romanchyla/montysolr/blob/68731387230936e86dba3bbcd9b88681de00b9c0/contrib/examples/build.xml#L136,<!-- (temporary) remove our libraries -->,[],Ant,2,136,136
7477,romanchyla/montysolr,https://github.com/romanchyla/montysolr/blob/68731387230936e86dba3bbcd9b88681de00b9c0/contrib/examples/build.xml#L140,<!-- build solr distribution -->,[],Ant,2,140,140
7477,romanchyla/montysolr,https://github.com/romanchyla/montysolr/blob/68731387230936e86dba3bbcd9b88681de00b9c0/contrib/examples/build.xml#L158,<!-- build our own libraries -->,[],Ant,2,158,158
7477,romanchyla/montysolr,https://github.com/romanchyla/montysolr/blob/68731387230936e86dba3bbcd9b88681de00b9c0/contrib/examples/build.xml#L162,<!-- fetch them -->,[],Ant,2,162,162
7477,romanchyla/montysolr,https://github.com/romanchyla/montysolr/blob/68731387230936e86dba3bbcd9b88681de00b9c0/contrib/examples/build.xml#L166,"<!-- copy our jars into the solr (necessary, can't be inside ./lib) -->",[],Ant,2,166,166
7477,romanchyla/montysolr,https://github.com/romanchyla/montysolr/blob/68731387230936e86dba3bbcd9b88681de00b9c0/contrib/examples/build.xml#L173,<!-- copy log4j json logging (next to other log4j stuff) -->,[],Ant,2,173,173
7477,romanchyla/montysolr,https://github.com/romanchyla/montysolr/blob/68731387230936e86dba3bbcd9b88681de00b9c0/contrib/examples/build.xml#L180,<!-- gather and copy the python code to example/python -->,[],Ant,8,180,180
7477,romanchyla/montysolr,https://github.com/romanchyla/montysolr/blob/68731387230936e86dba3bbcd9b88681de00b9c0/contrib/examples/build.xml#L189,<!-- set the python/jython files not-readable so that i am not tempted to mess w/ them -->,[],Ant,8,189,189
7477,romanchyla/montysolr,https://github.com/romanchyla/montysolr/blob/68731387230936e86dba3bbcd9b88681de00b9c0/contrib/examples/build.xml#L197,<!-- include jars that should be included -->,[],Ant,2,197,197
7477,romanchyla/montysolr,https://github.com/romanchyla/montysolr/blob/68731387230936e86dba3bbcd9b88681de00b9c0/contrib/examples/build.xml#L211,<!-- copy over our configuration files -->,[],Ant,2,211,211
7477,romanchyla/montysolr,https://github.com/romanchyla/montysolr/blob/68731387230936e86dba3bbcd9b88681de00b9c0/contrib/examples/build.xml#L218,<!-- set configuration based on the name of the profile -->,[],Ant,2,218,218
7477,romanchyla/montysolr,https://github.com/romanchyla/montysolr/blob/68731387230936e86dba3bbcd9b88681de00b9c0/contrib/adsabs/ivy.xml#L1,"<!--
   Licensed to the Apache Software Foundation (ASF) under one
   or more contributor license agreements.  See the NOTICE file
   distributed with this work for additional information
   regarding copyright ownership.  The ASF licenses this file
   to you under the Apache License, Version 2.0 (the
   ""License""); you may not use this file except in compliance
   with the License.  You may obtain a copy of the License at

     http://www.apache.org/licenses/LICENSE-2.0

   Unless required by applicable law or agreed to in writing,
   software distributed under the License is distributed on an
   ""AS IS"" BASIS, WITHOUT WARRANTIES OR CONDITIONS OF ANY
   KIND, either express or implied.  See the License for the
   specific language governing permissions and limitations
   under the License.    
-->",[],Ivy,0,1,18
7477,romanchyla/montysolr,https://github.com/romanchyla/montysolr/blob/68731387230936e86dba3bbcd9b88681de00b9c0/contrib/adsabs/ivy.xml#L24,<!-- keep unused 'compile' configuration to allow build to succeed -->,[],Ivy,47,24,24
7477,romanchyla/montysolr,https://github.com/romanchyla/montysolr/blob/68731387230936e86dba3bbcd9b88681de00b9c0/contrib/adsabs/ivy.xml#L33,"<!-- 
      <dependency org=""net.gcardone.junidecode"" name=""junidecode"" rev=""0.4.1"" transitive=""false""/>
       -->",[],Ivy,6,33,35
7477,romanchyla/montysolr,https://github.com/romanchyla/montysolr/blob/68731387230936e86dba3bbcd9b88681de00b9c0/contrib/antlrqueryparser/ivy.xml#L1,"<!--
   Licensed to the Apache Software Foundation (ASF) under one
   or more contributor license agreements.  See the NOTICE file
   distributed with this work for additional information
   regarding copyright ownership.  The ASF licenses this file
   to you under the Apache License, Version 2.0 (the
   ""License""); you may not use this file except in compliance
   with the License.  You may obtain a copy of the License at

     http://www.apache.org/licenses/LICENSE-2.0

   Unless required by applicable law or agreed to in writing,
   software distributed under the License is distributed on an
   ""AS IS"" BASIS, WITHOUT WARRANTIES OR CONDITIONS OF ANY
   KIND, either express or implied.  See the License for the
   specific language governing permissions and limitations
   under the License.    
-->",[],Ivy,0,1,18
7477,romanchyla/montysolr,https://github.com/romanchyla/montysolr/blob/68731387230936e86dba3bbcd9b88681de00b9c0/contrib/examples/ivy.xml#L1,"<!--
   Licensed to the Apache Software Foundation (ASF) under one
   or more contributor license agreements.  See the NOTICE file
   distributed with this work for additional information
   regarding copyright ownership.  The ASF licenses this file
   to you under the Apache License, Version 2.0 (the
   ""License""); you may not use this file except in compliance
   with the License.  You may obtain a copy of the License at

     http://www.apache.org/licenses/LICENSE-2.0

   Unless required by applicable law or agreed to in writing,
   software distributed under the License is distributed on an
   ""AS IS"" BASIS, WITHOUT WARRANTIES OR CONDITIONS OF ANY
   KIND, either express or implied.  See the License for the
   specific language governing permissions and limitations
   under the License.    
-->",[],Ivy,0,1,18
