repoIndex,repoName,linkLocation,comment,keywords,buildSysteminFile,charPosition,startLine,endLine
7488,abfab3d/abfab3d,https://github.com/abfab3d/abfab3d/blob/8b07017a5b8dbb47ab4e5e0dce347e417f669c80/build.xml#L28,"<!--    <property name=""runarg0"" value=""-Xmx7000M""/> -->",[],Ant,2,28,28
7488,abfab3d/abfab3d,https://github.com/abfab3d/abfab3d/blob/8b07017a5b8dbb47ab4e5e0dce347e417f669c80/build.xml#L29,"<!--     <property name=""runarg0"" value=""-Xmx1200M -Xprof""/> -->",[],Ant,2,29,29
7488,abfab3d/abfab3d,https://github.com/abfab3d/abfab3d/blob/8b07017a5b8dbb47ab4e5e0dce347e417f669c80/build.xml#L30,"<!--
      <property name=""runarg1"" value=""-Dsun.java2d.noddraw=true""/>
      <property name=""runarg2"" value=""-Djava.library.path=&quot;./natives/${os.name}/${os.arch}&quot;"" />
  -->",[],Ant,2,30,33
7488,abfab3d/abfab3d,https://github.com/abfab3d/abfab3d/blob/8b07017a5b8dbb47ab4e5e0dce347e417f669c80/build.xml#L38,<!-- Emma code coverage properties -->,[],Ant,2,38,38
7488,abfab3d/abfab3d,https://github.com/abfab3d/abfab3d/blob/8b07017a5b8dbb47ab4e5e0dce347e417f669c80/build.xml#L49,<!-- path element used by EMMA taskdef below: -->,[],Ant,2,49,49
7488,abfab3d/abfab3d,https://github.com/abfab3d/abfab3d/blob/8b07017a5b8dbb47ab4e5e0dce347e417f669c80/build.xml#L55,<!-- this loads <emma> and <emmajava> custom tasks: -->,[],Ant,2,55,55
7488,abfab3d/abfab3d,https://github.com/abfab3d/abfab3d/blob/8b07017a5b8dbb47ab4e5e0dce347e417f669c80/build.xml#L57,<!-- End Emma code coverage properties -->,[],Ant,2,57,57
7488,abfab3d/abfab3d,https://github.com/abfab3d/abfab3d/blob/8b07017a5b8dbb47ab4e5e0dce347e417f669c80/build.xml#L59,<!-- Cobertura code coverage properties -->,[],Ant,2,59,59
7488,abfab3d/abfab3d,https://github.com/abfab3d/abfab3d/blob/8b07017a5b8dbb47ab4e5e0dce347e417f669c80/build.xml#L78,<!-- End Cobertura code coverage properties -->,[],Ant,2,78,78
7488,abfab3d/abfab3d,https://github.com/abfab3d/abfab3d/blob/8b07017a5b8dbb47ab4e5e0dce347e417f669c80/build.xml#L80,<!-- jacoco code coverage properties -->,[],Ant,2,80,80
7488,abfab3d/abfab3d,https://github.com/abfab3d/abfab3d/blob/8b07017a5b8dbb47ab4e5e0dce347e417f669c80/build.xml#L91,<!-- End jacoco code coverage properties -->,[],Ant,2,91,91
7488,abfab3d/abfab3d,https://github.com/abfab3d/abfab3d/blob/8b07017a5b8dbb47ab4e5e0dce347e417f669c80/build.xml#L97,<!-- Create destination directories -->,[],Ant,2,97,97
7488,abfab3d/abfab3d,https://github.com/abfab3d/abfab3d/blob/8b07017a5b8dbb47ab4e5e0dce347e417f669c80/build.xml#L207,"<!--
    <compilejava package=""abfab3d/creator""
                 jars=""""
    />
    <compilejava package=""abfab3d/creator/util""
                 jars=""""
    />
    <compilejava package=""abfab3d/creator/shapeways""
                 jars=""""
    />
    <compilejava package=""abfab3d/creator/ui""
                 jars=""""
    />
    -->",[],Ant,4,207,220
7488,abfab3d/abfab3d,https://github.com/abfab3d/abfab3d/blob/8b07017a5b8dbb47ab4e5e0dce347e417f669c80/build.xml#L237,"<!--                <fileset dir=""natives/${os.name}/${os.arch}"" includes=""**/*.jar"" /> -->",[],Ant,8,237,237
7488,abfab3d/abfab3d,https://github.com/abfab3d/abfab3d/blob/8b07017a5b8dbb47ab4e5e0dce347e417f669c80/build.xml#L286,"<!--                <include name=""java/abfab3d/datasources/Ring.java"" /> -->",[],Ant,8,286,286
7488,abfab3d/abfab3d,https://github.com/abfab3d/abfab3d/blob/8b07017a5b8dbb47ab4e5e0dce347e417f669c80/build.xml#L312,<!-- Copy items from Javadoc to refguide directory for easy packaging -->,[],Ant,6,312,312
7488,abfab3d/abfab3d,https://github.com/abfab3d/abfab3d/blob/8b07017a5b8dbb47ab4e5e0dce347e417f669c80/build.xml#L450,<!-- Normal test without any code coverage -->,[],Ant,2,450,450
7488,abfab3d/abfab3d,https://github.com/abfab3d/abfab3d/blob/8b07017a5b8dbb47ab4e5e0dce347e417f669c80/build.xml#L461,<!-- Non working ones -->,[],Ant,10,461,461
7488,abfab3d/abfab3d,https://github.com/abfab3d/abfab3d/blob/8b07017a5b8dbb47ab4e5e0dce347e417f669c80/build.xml#L462,"<!--            <exclude name=""**/TestTriangleModelCreator.java""/> -->",[],Ant,10,462,462
7488,abfab3d/abfab3d,https://github.com/abfab3d/abfab3d/blob/8b07017a5b8dbb47ab4e5e0dce347e417f669c80/build.xml#L464,"<!--
          <exclude name=""**/TestParametricSurfaceMaker.java"" />
          <exclude name=""**/TestTriangulatedModels.java"" />
          -->",[],Ant,10,464,467
7488,abfab3d/abfab3d,https://github.com/abfab3d/abfab3d/blob/8b07017a5b8dbb47ab4e5e0dce347e417f669c80/build.xml#L469,"<!--            <exclude name=""**/TestDilationShapeMT.java"" /> -->",[],Ant,10,469,469
7488,abfab3d/abfab3d,https://github.com/abfab3d/abfab3d/blob/8b07017a5b8dbb47ab4e5e0dce347e417f669c80/build.xml#L483,<!-- Begin Emma code coverage tasks -->,[],Ant,2,483,483
7488,abfab3d/abfab3d,https://github.com/abfab3d/abfab3d/blob/8b07017a5b8dbb47ab4e5e0dce347e417f669c80/build.xml#L484,<!-- Call:  ant emma runEmma -->,[],Ant,2,484,484
7488,abfab3d/abfab3d,https://github.com/abfab3d/abfab3d/blob/8b07017a5b8dbb47ab4e5e0dce347e417f669c80/build.xml#L488,"<!-- EMMA instr class output directory (it is important to create
         this property only when EMMA is enabled:
    -->",[],Ant,4,488,490
7488,abfab3d/abfab3d,https://github.com/abfab3d/abfab3d/blob/8b07017a5b8dbb47ab4e5e0dce347e417f669c80/build.xml#L494,"<!-- this property, if overriden via -Demma.filter=<list of filter specs>
	 on ANT's command line, will set the coverage filter; by default,
         all classes found in 'run.classpath' pathref will be instrumented:
    -->",[],Ant,4,494,497
7488,abfab3d/abfab3d,https://github.com/abfab3d/abfab3d/blob/8b07017a5b8dbb47ab4e5e0dce347e417f669c80/build.xml#L508,"<!-- always exclude every class with a ""Test"" in the name -->",[],Ant,8,508,508
7488,abfab3d/abfab3d,https://github.com/abfab3d/abfab3d/blob/8b07017a5b8dbb47ab4e5e0dce347e417f669c80/build.xml#L511,"<!-- note that coverage filters can be set through nested <filter>
             elements as well: many of EMMA setting are 'mergeable' in the
             sense that they can be specified multiple times and the result
             is a union of all such values. Here we are not merging several
             filters together but merely demonstrating that it is possible:
        -->",[],Ant,8,511,516
7488,abfab3d/abfab3d,https://github.com/abfab3d/abfab3d/blob/8b07017a5b8dbb47ab4e5e0dce347e417f669c80/build.xml#L528,"<!--          <include name=""**/*Test.java""/> -->",[],Ant,10,528,528
7488,abfab3d/abfab3d,https://github.com/abfab3d/abfab3d/blob/8b07017a5b8dbb47ab4e5e0dce347e417f669c80/build.xml#L529,"<!--
                    <include name=""**/Test*Suite.java""/>
                    <exclude name=""**/Test*PerformanceSuite.java""/>
                    -->",[],Ant,10,529,532
7488,abfab3d/abfab3d,https://github.com/abfab3d/abfab3d/blob/8b07017a5b8dbb47ab4e5e0dce347e417f669c80/build.xml#L537,<!-- Non working ones -->,[],Ant,10,537,537
7488,abfab3d/abfab3d,https://github.com/abfab3d/abfab3d/blob/8b07017a5b8dbb47ab4e5e0dce347e417f669c80/build.xml#L541,"<!--            <exclude name=""**/TestDilationShapeMT.java"" /> -->",[],Ant,10,541,541
7488,abfab3d/abfab3d,https://github.com/abfab3d/abfab3d/blob/8b07017a5b8dbb47ab4e5e0dce347e417f669c80/build.xml#L547,<!-- instrumented classes must be first in the classpath: -->,[],Ant,8,547,547
7488,abfab3d/abfab3d,https://github.com/abfab3d/abfab3d/blob/8b07017a5b8dbb47ab4e5e0dce347e417f669c80/build.xml#L554,<!-- the forked JVM must have jact.jar in the classpath: -->,[],Ant,8,554,554
7488,abfab3d/abfab3d,https://github.com/abfab3d/abfab3d/blob/8b07017a5b8dbb47ab4e5e0dce347e417f669c80/build.xml#L558,"<!-- to be certain, tell EMMA runtime where to dump the runtime
           coverage data (otherwise the filename is relative to the JVM's
           current directory and it is easy to get confused about what
           that is):
      -->",[],Ant,6,558,562
7488,abfab3d/abfab3d,https://github.com/abfab3d/abfab3d/blob/8b07017a5b8dbb47ab4e5e0dce347e417f669c80/build.xml#L567,"<!-- if enabled, generate coverage report(s): -->",[],Ant,4,567,567
7488,abfab3d/abfab3d,https://github.com/abfab3d/abfab3d/blob/8b07017a5b8dbb47ab4e5e0dce347e417f669c80/build.xml#L573,"<!-- collect all EMMA data dumps (metadata and runtime)
             [this can be done via nested <fileset> fileset elements
             or <file> elements pointing to a single file]:
        -->",[],Ant,8,573,576
7488,abfab3d/abfab3d,https://github.com/abfab3d/abfab3d/blob/8b07017a5b8dbb47ab4e5e0dce347e417f669c80/build.xml#L581,"<!-- for every type of report desired, configure a nested
             element; various report parameters
             can be inherited from the parent <report>
             and individually overridden for each report type:
        -->",[],Ant,8,581,585
7488,abfab3d/abfab3d,https://github.com/abfab3d/abfab3d/blob/8b07017a5b8dbb47ab4e5e0dce347e417f669c80/build.xml#L601,<!-- Begin Cobertura code coverage tasks -->,[],Ant,2,601,601
7488,abfab3d/abfab3d,https://github.com/abfab3d/abfab3d/blob/8b07017a5b8dbb47ab4e5e0dce347e417f669c80/build.xml#L602,<!-- Call:  ant runCobertura -->,[],Ant,2,602,602
7488,abfab3d/abfab3d,https://github.com/abfab3d/abfab3d/blob/8b07017a5b8dbb47ab4e5e0dce347e417f669c80/build.xml#L613,<!-- Remove the coverage data file and any old instrumentation. -->,[],Ant,4,613,613
7488,abfab3d/abfab3d,https://github.com/abfab3d/abfab3d/blob/8b07017a5b8dbb47ab4e5e0dce347e417f669c80/build.xml#L617,"<!--
	 Instrument the application classes, writing the
	 instrumented classes into ${build.cobertura.instrumented.dir}.
    -->",[],Ant,4,617,620
7488,abfab3d/abfab3d,https://github.com/abfab3d/abfab3d/blob/8b07017a5b8dbb47ab4e5e0dce347e417f669c80/build.xml#L622,"<!--
	   The following line causes instrument to ignore any
	   source line containing a reference to log4j, for the
	   purposes of coverage reporting.
      -->",[],Ant,6,622,626
7488,abfab3d/abfab3d,https://github.com/abfab3d/abfab3d/blob/8b07017a5b8dbb47ab4e5e0dce347e417f669c80/build.xml#L630,"<!--
             Instrument all the application classes, but
	     don't instrument the test classes.
        -->",[],Ant,8,630,633
7488,abfab3d/abfab3d,https://github.com/abfab3d/abfab3d/blob/8b07017a5b8dbb47ab4e5e0dce347e417f669c80/build.xml#L651,"<!--          <include name=""**/*Test.java""/> -->",[],Ant,10,651,651
7488,abfab3d/abfab3d,https://github.com/abfab3d/abfab3d/blob/8b07017a5b8dbb47ab4e5e0dce347e417f669c80/build.xml#L680,"<!--
      Generate a series of HTML files containing the coverage
      data in a user-readable form using nested source filesets.
    -->",[],Ant,4,680,683
7488,abfab3d/abfab3d,https://github.com/abfab3d/abfab3d/blob/8b07017a5b8dbb47ab4e5e0dce347e417f669c80/build.xml#L692,"<!--
      Generate an XML file containing the coverage data using
      the ""srcdir"" attribute.
    -->",[],Ant,4,692,695
7488,abfab3d/abfab3d,https://github.com/abfab3d/abfab3d/blob/8b07017a5b8dbb47ab4e5e0dce347e417f669c80/build.xml#L700,"<!--
      Generate an summary XML file containing the coverage data using
      the ""srcdir"" attribute.
    -->",[],Ant,4,700,703
7488,abfab3d/abfab3d,https://github.com/abfab3d/abfab3d/blob/8b07017a5b8dbb47ab4e5e0dce347e417f669c80/build.xml#L706,<!-- End code coverage tasks -->,[],Ant,2,706,706
7488,abfab3d/abfab3d,https://github.com/abfab3d/abfab3d/blob/8b07017a5b8dbb47ab4e5e0dce347e417f669c80/build.xml#L708,<!-- Begin Jacoco code coverage tasks -->,[],Ant,2,708,708
7488,abfab3d/abfab3d,https://github.com/abfab3d/abfab3d/blob/8b07017a5b8dbb47ab4e5e0dce347e417f669c80/build.xml#L712,<!-- Import the JaCoCo Ant Task -->,[],Ant,4,712,712
7488,abfab3d/abfab3d,https://github.com/abfab3d/abfab3d/blob/8b07017a5b8dbb47ab4e5e0dce347e417f669c80/build.xml#L719,"<!-- Run your unit tests, adding the JaCoCo agent -->",[],Ant,4,719,719
7488,abfab3d/abfab3d,https://github.com/abfab3d/abfab3d/blob/8b07017a5b8dbb47ab4e5e0dce347e417f669c80/build.xml#L738,<!-- Non working ones -->,[],Ant,12,738,738
7488,abfab3d/abfab3d,https://github.com/abfab3d/abfab3d/blob/8b07017a5b8dbb47ab4e5e0dce347e417f669c80/build.xml#L739,"<!--            	<exclude name=""**/TestTriangleModelCreator.java""/> -->",[],Ant,12,739,739
7488,abfab3d/abfab3d,https://github.com/abfab3d/abfab3d/blob/8b07017a5b8dbb47ab4e5e0dce347e417f669c80/build.xml#L741,"<!--
                      <exclude name=""**/TestParametricSurfaceMaker.java"" />
                      <exclude name=""**/TestTriangulatedModels.java"" />
            -->",[],Ant,12,741,744
7488,abfab3d/abfab3d,https://github.com/abfab3d/abfab3d/blob/8b07017a5b8dbb47ab4e5e0dce347e417f669c80/build.xml#L746,"<!--            	<exclude name=""**/TestDilationShapeMT.java"" /> -->",[],Ant,12,746,746
7488,abfab3d/abfab3d,https://github.com/abfab3d/abfab3d/blob/8b07017a5b8dbb47ab4e5e0dce347e417f669c80/build.xml#L762,<!-- Exclude classes necessary for testing only from the code coverage report-->,[],Ant,12,762,762
7488,abfab3d/abfab3d,https://github.com/abfab3d/abfab3d/blob/8b07017a5b8dbb47ab4e5e0dce347e417f669c80/build.xml#L764,<!-- Exclude inner classes -->,[],Ant,12,764,764
7488,abfab3d/abfab3d,https://github.com/abfab3d/abfab3d/blob/8b07017a5b8dbb47ab4e5e0dce347e417f669c80/build.xml#L776,<!-- End Jacoco code coverage tasks -->,[],Ant,2,776,776
7488,abfab3d/abfab3d,https://github.com/abfab3d/abfab3d/blob/8b07017a5b8dbb47ab4e5e0dce347e417f669c80/build.xml#L836,"<!--                <fileset dir=""natives/${os.name}/${os.arch}"" includes=""**/*.jar"" /> -->",[],Ant,8,836,836
7488,abfab3d/abfab3d,https://github.com/abfab3d/abfab3d/blob/8b07017a5b8dbb47ab4e5e0dce347e417f669c80/build.xml#L853,<!-- Begin Japex Tasks -->,[],Ant,2,853,853
7488,abfab3d/abfab3d,https://github.com/abfab3d/abfab3d/blob/8b07017a5b8dbb47ab4e5e0dce347e417f669c80/build.xml#L883,<!-- End Japex Tests -->,[],Ant,2,883,883
7488,abfab3d/abfab3d,https://github.com/abfab3d/abfab3d/blob/8b07017a5b8dbb47ab4e5e0dce347e417f669c80/build.xml#L967,"<!-- <delete dir=""/tmp/openCL_cache"" /> -->",[],Ant,4,967,967
7488,abfab3d/abfab3d,https://github.com/abfab3d/abfab3d/blob/8b07017a5b8dbb47ab4e5e0dce347e417f669c80/apps/api/build.xml#L31,"<!--
        <property name=""runarg1"" value=""-Dsun.java2d.noddraw=true""/>
        <property name=""runarg2"" value=""-Djava.library.path=&quot;./natives/${os.name}/${os.arch}&quot;"" />
    -->",[],Ant,4,31,34
7488,abfab3d/abfab3d,https://github.com/abfab3d/abfab3d/blob/8b07017a5b8dbb47ab4e5e0dce347e417f669c80/apps/api/build.xml#L41,<!-- Create destination directories -->,[],Ant,4,41,41
7488,abfab3d/abfab3d,https://github.com/abfab3d/abfab3d/blob/8b07017a5b8dbb47ab4e5e0dce347e417f669c80/apps/api/build.xml#L120,"<!--                <fileset dir=""natives/${os.name}/${os.arch}"" includes=""**/*.jar"" /> -->",[],Ant,16,120,120
7488,abfab3d/abfab3d,https://github.com/abfab3d/abfab3d/blob/8b07017a5b8dbb47ab4e5e0dce347e417f669c80/apps/api/build.xml#L135,"<!--                <fileset dir=""natives/${os.name}/${os.arch}"" includes=""**/*.jar"" /> -->",[],Ant,16,135,135
7488,abfab3d/abfab3d,https://github.com/abfab3d/abfab3d/blob/8b07017a5b8dbb47ab4e5e0dce347e417f669c80/apps/archived/dla/build.xml#L26,"<!--
        <property name=""runarg1"" value=""-Dsun.java2d.noddraw=true""/>
        <property name=""runarg2"" value=""-Djava.library.path=&quot;./natives/${os.name}/${os.arch}&quot;"" />
    -->",[],Ant,4,26,29
7488,abfab3d/abfab3d,https://github.com/abfab3d/abfab3d/blob/8b07017a5b8dbb47ab4e5e0dce347e417f669c80/apps/archived/dla/build.xml#L36,<!-- Create destination directories -->,[],Ant,4,36,36
7488,abfab3d/abfab3d,https://github.com/abfab3d/abfab3d/blob/8b07017a5b8dbb47ab4e5e0dce347e417f669c80/apps/archived/dla/build.xml#L74,"<!--                <fileset dir=""natives/${os.name}/${os.arch}"" includes=""**/*.jar"" /> -->",[],Ant,16,74,74
7488,abfab3d/abfab3d,https://github.com/abfab3d/abfab3d/blob/8b07017a5b8dbb47ab4e5e0dce347e417f669c80/apps/archived/dla/build.xml#L88,"<!--                <fileset dir=""natives/${os.name}/${os.arch}"" includes=""**/*.jar"" /> -->",[],Ant,16,88,88
7488,abfab3d/abfab3d,https://github.com/abfab3d/abfab3d/blob/8b07017a5b8dbb47ab4e5e0dce347e417f669c80/apps/archived/dla/build.xml#L102,"<!--                <fileset dir=""natives/${os.name}/${os.arch}"" includes=""**/*.jar"" /> -->",[],Ant,16,102,102
7488,abfab3d/abfab3d,https://github.com/abfab3d/abfab3d/blob/8b07017a5b8dbb47ab4e5e0dce347e417f669c80/apps/archived/hollowout/build.xml#L26,"<!--    
    <property name=""runarg1"" value=""-Dsun.java2d.noddraw=true""/>
    <property name=""runarg2"" value=""-Djava.library.path=&quot;./natives/${os.name}/${os.arch}&quot;"" />
-->",[],Ant,0,26,29
7488,abfab3d/abfab3d,https://github.com/abfab3d/abfab3d/blob/8b07017a5b8dbb47ab4e5e0dce347e417f669c80/apps/archived/hollowout/build.xml#L36,<!-- Create destination directories -->,[],Ant,4,36,36
7488,abfab3d/abfab3d,https://github.com/abfab3d/abfab3d/blob/8b07017a5b8dbb47ab4e5e0dce347e417f669c80/apps/archived/hollowout/build.xml#L63,"<!--                <fileset dir=""natives/${os.name}/${os.arch}"" includes=""**/*.jar"" /> -->",[],Ant,0,63,63
7488,abfab3d/abfab3d,https://github.com/abfab3d/abfab3d/blob/8b07017a5b8dbb47ab4e5e0dce347e417f669c80/apps/archived/imageeditor/build.xml#L26,"<!--
        <property name=""runarg1"" value=""-Dsun.java2d.noddraw=true""/>
        <property name=""runarg2"" value=""-Djava.library.path=&quot;./natives/${os.name}/${os.arch}&quot;"" />
    -->",[],Ant,4,26,29
7488,abfab3d/abfab3d,https://github.com/abfab3d/abfab3d/blob/8b07017a5b8dbb47ab4e5e0dce347e417f669c80/apps/archived/imageeditor/build.xml#L36,<!-- Create destination directories -->,[],Ant,4,36,36
7488,abfab3d/abfab3d,https://github.com/abfab3d/abfab3d/blob/8b07017a5b8dbb47ab4e5e0dce347e417f669c80/apps/archived/imageeditor/build.xml#L74,"<!--                <fileset dir=""natives/${os.name}/${os.arch}"" includes=""**/*.jar"" /> -->",[],Ant,16,74,74
7488,abfab3d/abfab3d,https://github.com/abfab3d/abfab3d/blob/8b07017a5b8dbb47ab4e5e0dce347e417f669c80/apps/archived/imageeditor/build.xml#L88,"<!--                <fileset dir=""natives/${os.name}/${os.arch}"" includes=""**/*.jar"" /> -->",[],Ant,16,88,88
7488,abfab3d/abfab3d,https://github.com/abfab3d/abfab3d/blob/8b07017a5b8dbb47ab4e5e0dce347e417f669c80/apps/archived/imageeditor/build.xml#L102,"<!--                <fileset dir=""natives/${os.name}/${os.arch}"" includes=""**/*.jar"" /> -->",[],Ant,16,102,102
7488,abfab3d/abfab3d,https://github.com/abfab3d/abfab3d/blob/8b07017a5b8dbb47ab4e5e0dce347e417f669c80/apps/archived/imagepopper/build.xml#L27,"<!--
        <property name=""runarg1"" value=""-Dsun.java2d.noddraw=true""/>
        <property name=""runarg2"" value=""-Djava.library.path=&quot;./natives/${os.name}/${os.arch}&quot;"" />
    -->",[],Ant,4,27,30
7488,abfab3d/abfab3d,https://github.com/abfab3d/abfab3d/blob/8b07017a5b8dbb47ab4e5e0dce347e417f669c80/apps/archived/imagepopper/build.xml#L37,<!-- Create destination directories -->,[],Ant,4,37,37
7488,abfab3d/abfab3d,https://github.com/abfab3d/abfab3d/blob/8b07017a5b8dbb47ab4e5e0dce347e417f669c80/apps/archived/imagepopper/build.xml#L89,"<!--                <fileset dir=""natives/${os.name}/${os.arch}"" includes=""**/*.jar"" /> -->",[],Ant,16,89,89
7488,abfab3d/abfab3d,https://github.com/abfab3d/abfab3d/blob/8b07017a5b8dbb47ab4e5e0dce347e417f669c80/apps/archived/imagepopper/build.xml#L104,"<!--                <fileset dir=""natives/${os.name}/${os.arch}"" includes=""**/*.jar"" /> -->",[],Ant,16,104,104
7488,abfab3d/abfab3d,https://github.com/abfab3d/abfab3d/blob/8b07017a5b8dbb47ab4e5e0dce347e417f669c80/apps/archived/imagepopper/build.xml#L119,"<!--                <fileset dir=""natives/${os.name}/${os.arch}"" includes=""**/*.jar"" /> -->",[],Ant,16,119,119
7488,abfab3d/abfab3d,https://github.com/abfab3d/abfab3d/blob/8b07017a5b8dbb47ab4e5e0dce347e417f669c80/apps/archived/imagepopper/build.xml#L134,"<!--                <fileset dir=""natives/${os.name}/${os.arch}"" includes=""**/*.jar"" /> -->",[],Ant,16,134,134
7488,abfab3d/abfab3d,https://github.com/abfab3d/abfab3d/blob/8b07017a5b8dbb47ab4e5e0dce347e417f669c80/apps/archived/insides/build.xml#L26,"<!--    
    <property name=""runarg1"" value=""-Dsun.java2d.noddraw=true""/>
    <property name=""runarg2"" value=""-Djava.library.path=&quot;./natives/${os.name}/${os.arch}&quot;"" />
-->",[],Ant,0,26,29
7488,abfab3d/abfab3d,https://github.com/abfab3d/abfab3d/blob/8b07017a5b8dbb47ab4e5e0dce347e417f669c80/apps/archived/insides/build.xml#L36,<!-- Create destination directories -->,[],Ant,4,36,36
7488,abfab3d/abfab3d,https://github.com/abfab3d/abfab3d/blob/8b07017a5b8dbb47ab4e5e0dce347e417f669c80/apps/archived/insides/build.xml#L63,"<!--                <fileset dir=""natives/${os.name}/${os.arch}"" includes=""**/*.jar"" /> -->",[],Ant,0,63,63
7488,abfab3d/abfab3d,https://github.com/abfab3d/abfab3d/blob/8b07017a5b8dbb47ab4e5e0dce347e417f669c80/apps/archived/lettering/build.xml#L26,"<!--    
    <property name=""runarg1"" value=""-Dsun.java2d.noddraw=true""/>
    <property name=""runarg2"" value=""-Djava.library.path=&quot;./natives/${os.name}/${os.arch}&quot;"" />
-->",[],Ant,0,26,29
7488,abfab3d/abfab3d,https://github.com/abfab3d/abfab3d/blob/8b07017a5b8dbb47ab4e5e0dce347e417f669c80/apps/archived/lettering/build.xml#L36,<!-- Create destination directories -->,[],Ant,4,36,36
7488,abfab3d/abfab3d,https://github.com/abfab3d/abfab3d/blob/8b07017a5b8dbb47ab4e5e0dce347e417f669c80/apps/archived/lettering/build.xml#L63,"<!--                <fileset dir=""natives/${os.name}/${os.arch}"" includes=""**/*.jar"" /> -->",[],Ant,0,63,63
7488,abfab3d/abfab3d,https://github.com/abfab3d/abfab3d/blob/8b07017a5b8dbb47ab4e5e0dce347e417f669c80/apps/archived/linkedcubes/build.xml#L26,"<!--    
    <property name=""runarg1"" value=""-Dsun.java2d.noddraw=true""/>
    <property name=""runarg2"" value=""-Djava.library.path=&quot;./natives/${os.name}/${os.arch}&quot;"" />
-->",[],Ant,0,26,29
7488,abfab3d/abfab3d,https://github.com/abfab3d/abfab3d/blob/8b07017a5b8dbb47ab4e5e0dce347e417f669c80/apps/archived/linkedcubes/build.xml#L36,<!-- Create destination directories -->,[],Ant,4,36,36
7488,abfab3d/abfab3d,https://github.com/abfab3d/abfab3d/blob/8b07017a5b8dbb47ab4e5e0dce347e417f669c80/apps/archived/linkedcubes/build.xml#L63,"<!--                <fileset dir=""natives/${os.name}/${os.arch}"" includes=""**/*.jar"" /> -->",[],Ant,0,63,63
7488,abfab3d/abfab3d,https://github.com/abfab3d/abfab3d/blob/8b07017a5b8dbb47ab4e5e0dce347e417f669c80/apps/archived/linkedrings/build.xml#L26,"<!--    
    <property name=""runarg1"" value=""-Dsun.java2d.noddraw=true""/>
    <property name=""runarg2"" value=""-Djava.library.path=&quot;./natives/${os.name}/${os.arch}&quot;"" />
-->",[],Ant,0,26,29
7488,abfab3d/abfab3d,https://github.com/abfab3d/abfab3d/blob/8b07017a5b8dbb47ab4e5e0dce347e417f669c80/apps/archived/linkedrings/build.xml#L36,<!-- Create destination directories -->,[],Ant,4,36,36
7488,abfab3d/abfab3d,https://github.com/abfab3d/abfab3d/blob/8b07017a5b8dbb47ab4e5e0dce347e417f669c80/apps/archived/linkedrings/build.xml#L63,"<!--                <fileset dir=""natives/${os.name}/${os.arch}"" includes=""**/*.jar"" /> -->",[],Ant,0,63,63
7488,abfab3d/abfab3d,https://github.com/abfab3d/abfab3d/blob/8b07017a5b8dbb47ab4e5e0dce347e417f669c80/apps/archived/rectsidedpopper/build.xml#L28,"<!--
        <property name=""runarg1"" value=""-Dsun.java2d.noddraw=true""/>
        <property name=""runarg2"" value=""-Djava.library.path=&quot;./natives/${os.name}/${os.arch}&quot;"" />
    -->",[],Ant,4,28,31
7488,abfab3d/abfab3d,https://github.com/abfab3d/abfab3d/blob/8b07017a5b8dbb47ab4e5e0dce347e417f669c80/apps/archived/rectsidedpopper/build.xml#L38,<!-- Create destination directories -->,[],Ant,4,38,38
7488,abfab3d/abfab3d,https://github.com/abfab3d/abfab3d/blob/8b07017a5b8dbb47ab4e5e0dce347e417f669c80/apps/archived/rectsidedpopper/build.xml#L90,"<!--                <fileset dir=""natives/${os.name}/${os.arch}"" includes=""**/*.jar"" /> -->",[],Ant,16,90,90
7488,abfab3d/abfab3d,https://github.com/abfab3d/abfab3d/blob/8b07017a5b8dbb47ab4e5e0dce347e417f669c80/apps/archived/rectsidedpopper/build.xml#L105,"<!--                <fileset dir=""natives/${os.name}/${os.arch}"" includes=""**/*.jar"" /> -->",[],Ant,16,105,105
7488,abfab3d/abfab3d,https://github.com/abfab3d/abfab3d/blob/8b07017a5b8dbb47ab4e5e0dce347e417f669c80/apps/archived/rectsidedpopper/build.xml#L120,"<!--                <fileset dir=""natives/${os.name}/${os.arch}"" includes=""**/*.jar"" /> -->",[],Ant,16,120,120
7488,abfab3d/abfab3d,https://github.com/abfab3d/abfab3d/blob/8b07017a5b8dbb47ab4e5e0dce347e417f669c80/apps/archived/rectsidedpopper/build.xml#L135,"<!--                <fileset dir=""natives/${os.name}/${os.arch}"" includes=""**/*.jar"" /> -->",[],Ant,16,135,135
7488,abfab3d/abfab3d,https://github.com/abfab3d/abfab3d/blob/8b07017a5b8dbb47ab4e5e0dce347e417f669c80/apps/archived/ringpopper/build.xml#L26,"<!--    <property name=""runarg0"" value=""-Xmx4300m""/> -->",[],Ant,4,26,26
7488,abfab3d/abfab3d,https://github.com/abfab3d/abfab3d/blob/8b07017a5b8dbb47ab4e5e0dce347e417f669c80/apps/archived/ringpopper/build.xml#L28,"<!--
        <property name=""runarg1"" value=""-Dsun.java2d.noddraw=true""/>
        <property name=""runarg2"" value=""-Djava.library.path=&quot;./natives/${os.name}/${os.arch}&quot;"" />
    -->",[],Ant,4,28,31
7488,abfab3d/abfab3d,https://github.com/abfab3d/abfab3d/blob/8b07017a5b8dbb47ab4e5e0dce347e417f669c80/apps/archived/ringpopper/build.xml#L38,<!-- Create destination directories -->,[],Ant,4,38,38
7488,abfab3d/abfab3d,https://github.com/abfab3d/abfab3d/blob/8b07017a5b8dbb47ab4e5e0dce347e417f669c80/apps/archived/ringpopper/build.xml#L89,"<!--                <fileset dir=""natives/${os.name}/${os.arch}"" includes=""**/*.jar"" /> -->",[],Ant,16,89,89
7488,abfab3d/abfab3d,https://github.com/abfab3d/abfab3d/blob/8b07017a5b8dbb47ab4e5e0dce347e417f669c80/apps/archived/ringpopper/build.xml#L104,"<!--                <fileset dir=""natives/${os.name}/${os.arch}"" includes=""**/*.jar"" /> -->",[],Ant,16,104,104
7488,abfab3d/abfab3d,https://github.com/abfab3d/abfab3d/blob/8b07017a5b8dbb47ab4e5e0dce347e417f669c80/apps/archived/ringpopper/build.xml#L119,"<!--                <fileset dir=""natives/${os.name}/${os.arch}"" includes=""**/*.jar"" /> -->",[],Ant,16,119,119
7488,abfab3d/abfab3d,https://github.com/abfab3d/abfab3d/blob/8b07017a5b8dbb47ab4e5e0dce347e417f669c80/apps/archived/ringpopper/build.xml#L135,"<!--                <fileset dir=""natives/${os.name}/${os.arch}"" includes=""**/*.jar"" /> -->",[],Ant,16,135,135
7488,abfab3d/abfab3d,https://github.com/abfab3d/abfab3d/blob/8b07017a5b8dbb47ab4e5e0dce347e417f669c80/apps/archived/ringtorus/build.xml#L28,"<!--
        <property name=""runarg1"" value=""-Dsun.java2d.noddraw=true""/>
        <property name=""runarg2"" value=""-Djava.library.path=&quot;./natives/${os.name}/${os.arch}&quot;"" />
    -->",[],Ant,4,28,31
7488,abfab3d/abfab3d,https://github.com/abfab3d/abfab3d/blob/8b07017a5b8dbb47ab4e5e0dce347e417f669c80/apps/archived/ringtorus/build.xml#L38,<!-- Create destination directories -->,[],Ant,4,38,38
7488,abfab3d/abfab3d,https://github.com/abfab3d/abfab3d/blob/8b07017a5b8dbb47ab4e5e0dce347e417f669c80/apps/archived/ringtorus/build.xml#L91,"<!--                <fileset dir=""natives/${os.name}/${os.arch}"" includes=""**/*.jar"" /> -->",[],Ant,16,91,91
7488,abfab3d/abfab3d,https://github.com/abfab3d/abfab3d/blob/8b07017a5b8dbb47ab4e5e0dce347e417f669c80/apps/archived/ringtorus/build.xml#L106,"<!--                <fileset dir=""natives/${os.name}/${os.arch}"" includes=""**/*.jar"" /> -->",[],Ant,16,106,106
7488,abfab3d/abfab3d,https://github.com/abfab3d/abfab3d/blob/8b07017a5b8dbb47ab4e5e0dce347e417f669c80/apps/archived/ringtorus/build.xml#L121,"<!--                <fileset dir=""natives/${os.name}/${os.arch}"" includes=""**/*.jar"" /> -->",[],Ant,16,121,121
7488,abfab3d/abfab3d,https://github.com/abfab3d/abfab3d/blob/8b07017a5b8dbb47ab4e5e0dce347e417f669c80/apps/archived/ringtorus/build.xml#L136,"<!--                <fileset dir=""natives/${os.name}/${os.arch}"" includes=""**/*.jar"" /> -->",[],Ant,16,136,136
7488,abfab3d/abfab3d,https://github.com/abfab3d/abfab3d/blob/8b07017a5b8dbb47ab4e5e0dce347e417f669c80/apps/archived/stemfastener/build.xml#L27,"<!--
        <property name=""runarg1"" value=""-Dsun.java2d.noddraw=true""/>
        <property name=""runarg2"" value=""-Djava.library.path=&quot;./natives/${os.name}/${os.arch}&quot;"" />
    -->",[],Ant,4,27,30
7488,abfab3d/abfab3d,https://github.com/abfab3d/abfab3d/blob/8b07017a5b8dbb47ab4e5e0dce347e417f669c80/apps/archived/stemfastener/build.xml#L37,<!-- Create destination directories -->,[],Ant,4,37,37
7488,abfab3d/abfab3d,https://github.com/abfab3d/abfab3d/blob/8b07017a5b8dbb47ab4e5e0dce347e417f669c80/apps/archived/stemfastener/build.xml#L78,"<!--                <fileset dir=""natives/${os.name}/${os.arch}"" includes=""**/*.jar"" /> -->",[],Ant,16,78,78
7488,abfab3d/abfab3d,https://github.com/abfab3d/abfab3d/blob/8b07017a5b8dbb47ab4e5e0dce347e417f669c80/apps/archived/stemfastener/build.xml#L92,"<!--                <fileset dir=""natives/${os.name}/${os.arch}"" includes=""**/*.jar"" /> -->",[],Ant,16,92,92
7488,abfab3d/abfab3d,https://github.com/abfab3d/abfab3d/blob/8b07017a5b8dbb47ab4e5e0dce347e417f669c80/apps/archived/stemfastener/build.xml#L107,"<!--                <fileset dir=""natives/${os.name}/${os.arch}"" includes=""**/*.jar"" /> -->",[],Ant,16,107,107
7488,abfab3d/abfab3d,https://github.com/abfab3d/abfab3d/blob/8b07017a5b8dbb47ab4e5e0dce347e417f669c80/apps/archived/volume/build.xml#L26,"<!--    
    <property name=""runarg1"" value=""-Dsun.java2d.noddraw=true""/>
    <property name=""runarg2"" value=""-Djava.library.path=&quot;./natives/${os.name}/${os.arch}&quot;"" />
-->",[],Ant,0,26,29
7488,abfab3d/abfab3d,https://github.com/abfab3d/abfab3d/blob/8b07017a5b8dbb47ab4e5e0dce347e417f669c80/apps/archived/volume/build.xml#L36,<!-- Create destination directories -->,[],Ant,4,36,36
7488,abfab3d/abfab3d,https://github.com/abfab3d/abfab3d/blob/8b07017a5b8dbb47ab4e5e0dce347e417f669c80/apps/archived/volume/build.xml#L63,"<!--                <fileset dir=""natives/${os.name}/${os.arch}"" includes=""**/*.jar"" /> -->",[],Ant,0,63,63
7488,abfab3d/abfab3d,https://github.com/abfab3d/abfab3d/blob/8b07017a5b8dbb47ab4e5e0dce347e417f669c80/apps/archived/volumesculptor/build.xml#L37,<!-- Create destination directories -->,[],Ant,4,37,37
7488,abfab3d/abfab3d,https://github.com/abfab3d/abfab3d/blob/8b07017a5b8dbb47ab4e5e0dce347e417f669c80/apps/archived/volumesculptor/build.xml#L131,"<!--                <fileset dir=""natives/${os.name}/${os.arch}"" includes=""**/*.jar"" /> -->",[],Ant,16,131,131
7488,abfab3d/abfab3d,https://github.com/abfab3d/abfab3d/blob/8b07017a5b8dbb47ab4e5e0dce347e417f669c80/apps/archived/volumesculptor/build.xml#L189,"<!--                <fileset dir=""natives/${os.name}/${os.arch}"" includes=""**/*.jar"" /> -->",[],Ant,16,189,189
7488,abfab3d/abfab3d,https://github.com/abfab3d/abfab3d/blob/8b07017a5b8dbb47ab4e5e0dce347e417f669c80/apps/archived/volumesculptor/build.xml#L231,"<!--                <fileset dir=""natives/${os.name}/${os.arch}"" includes=""**/*.jar"" /> -->",[],Ant,16,231,231
7488,abfab3d/abfab3d,https://github.com/abfab3d/abfab3d/blob/8b07017a5b8dbb47ab4e5e0dce347e417f669c80/apps/archived/volumesculptor/build.xml#L246,"<!--                <fileset dir=""natives/${os.name}/${os.arch}"" includes=""**/*.jar"" /> -->",[],Ant,16,246,246
7488,abfab3d/abfab3d,https://github.com/abfab3d/abfab3d/blob/8b07017a5b8dbb47ab4e5e0dce347e417f669c80/apps/archived/volumesculptor/build.xml#L262,"<!--                <fileset dir=""natives/${os.name}/${os.arch}"" includes=""**/*.jar"" /> -->",[],Ant,16,262,262
7488,abfab3d/abfab3d,https://github.com/abfab3d/abfab3d/blob/8b07017a5b8dbb47ab4e5e0dce347e417f669c80/apps/booleanops/build.xml#L27,"<!--    
    <property name=""runarg1"" value=""-Dsun.java2d.noddraw=true""/>
    <property name=""runarg2"" value=""-Djava.library.path=&quot;./natives/${os.name}/${os.arch}&quot;"" />
-->",[],Ant,0,27,30
7488,abfab3d/abfab3d,https://github.com/abfab3d/abfab3d/blob/8b07017a5b8dbb47ab4e5e0dce347e417f669c80/apps/booleanops/build.xml#L37,<!-- Create destination directories -->,[],Ant,4,37,37
7488,abfab3d/abfab3d,https://github.com/abfab3d/abfab3d/blob/8b07017a5b8dbb47ab4e5e0dce347e417f669c80/apps/booleanops/build.xml#L66,"<!--                <fileset dir=""natives/${os.name}/${os.arch}"" includes=""**/*.jar"" /> -->",[],Ant,0,66,66
7488,abfab3d/abfab3d,https://github.com/abfab3d/abfab3d/blob/8b07017a5b8dbb47ab4e5e0dce347e417f669c80/apps/common/build.xml#L24,"<!--
        <property name=""runarg1"" value=""-Dsun.java2d.noddraw=true""/>
        <property name=""runarg2"" value=""-Djava.library.path=&quot;./natives/${os.name}/${os.arch}&quot;"" />
    -->",[],Ant,4,24,27
7488,abfab3d/abfab3d,https://github.com/abfab3d/abfab3d/blob/8b07017a5b8dbb47ab4e5e0dce347e417f669c80/apps/common/build.xml#L34,<!-- Create destination directories -->,[],Ant,4,34,34
7488,abfab3d/abfab3d,https://github.com/abfab3d/abfab3d/blob/8b07017a5b8dbb47ab4e5e0dce347e417f669c80/apps/shapejs_cmd/build.xml#L36,<!-- Create destination directories -->,[],Ant,4,36,36
7488,abfab3d/abfab3d,https://github.com/abfab3d/abfab3d/blob/8b07017a5b8dbb47ab4e5e0dce347e417f669c80/apps/shapejs_ide/build.xml#L36,<!-- Create destination directories -->,[],Ant,4,36,36
7488,abfab3d/abfab3d,https://github.com/abfab3d/abfab3d/blob/8b07017a5b8dbb47ab4e5e0dce347e417f669c80/apps/shapejs_ide/build.xml#L64,<!-- This code has circular package dependecies -->,[],Ant,8,64,64
7488,abfab3d/abfab3d,https://github.com/abfab3d/abfab3d/blob/8b07017a5b8dbb47ab4e5e0dce347e417f669c80/apps/shapejs_ide/build.xml#L77,"<!--
        <createjar name=""abfab3d_apps_shapejs_ide""
            version=""${version}""
            manifest=""abfab3d_apps_shapejs_ide.mf""
            includes=""**""
        />
        -->",[],Ant,8,77,83
7488,abfab3d/abfab3d,https://github.com/abfab3d/abfab3d/blob/8b07017a5b8dbb47ab4e5e0dce347e417f669c80/apps/shapejs_ide/build.xml#L132,<!-- ProjectNav plugin. -->,[],Ant,8,132,132
7488,abfab3d/abfab3d,https://github.com/abfab3d/abfab3d/blob/8b07017a5b8dbb47ab4e5e0dce347e417f669c80/apps/shapejs_ide/build.xml#L140,"<!--
            <fileset dir=""i18n"">
                <include name=""ide/console/**""/>
            </fileset>
            -->",[],Ant,12,140,144
7488,abfab3d/abfab3d,https://github.com/abfab3d/abfab3d/blob/8b07017a5b8dbb47ab4e5e0dce347e417f669c80/apps/shapejs_ide/build.xml#L151,<!-- GPU Renderer plugin. -->,[],Ant,8,151,151
7488,abfab3d/abfab3d,https://github.com/abfab3d/abfab3d/blob/8b07017a5b8dbb47ab4e5e0dce347e417f669c80/apps/shapejs_ide/build.xml#L159,"<!--
            <fileset dir=""i18n"">
                <include name=""ide/console/**""/>
            </fileset>
            -->",[],Ant,12,159,163
7488,abfab3d/abfab3d,https://github.com/abfab3d/abfab3d/blob/8b07017a5b8dbb47ab4e5e0dce347e417f669c80/apps/shapejs_ide/build.xml#L170,<!-- Console plugin. -->,[],Ant,8,170,170
7488,abfab3d/abfab3d,https://github.com/abfab3d/abfab3d/blob/8b07017a5b8dbb47ab4e5e0dce347e417f669c80/apps/shapejs_ide/build.xml#L178,"<!--
            <fileset dir=""i18n"">
                <include name=""ide/console/**""/>
            </fileset>
            -->",[],Ant,12,178,182
7488,abfab3d/abfab3d,https://github.com/abfab3d/abfab3d/blob/8b07017a5b8dbb47ab4e5e0dce347e417f669c80/apps/shapejs_ide/build.xml#L188,<!-- Source Browser plugin. -->,[],Ant,8,188,188
7488,abfab3d/abfab3d,https://github.com/abfab3d/abfab3d/blob/8b07017a5b8dbb47ab4e5e0dce347e417f669c80/apps/shapejs_ide/build.xml#L197,"<!--
            <fileset dir=""i18n"">
                <include name=""ide/plugins/sourcebrowser/**""/>
            </fileset>
            -->",[],Ant,12,197,201
7488,abfab3d/abfab3d,https://github.com/abfab3d/abfab3d/blob/8b07017a5b8dbb47ab4e5e0dce347e417f669c80/apps/shapejs_ide/build.xml#L208,"<!-- ""File System View"" plugin. -->",[],Ant,8,208,208
7488,abfab3d/abfab3d,https://github.com/abfab3d/abfab3d/blob/8b07017a5b8dbb47ab4e5e0dce347e417f669c80/apps/shapejs_ide/build.xml#L217,"<!--
            <fileset dir=""i18n"">
                <include name=""ide/plugins/filesystemtree/**""/>
            </fileset>
            -->",[],Ant,12,217,221
7488,abfab3d/abfab3d,https://github.com/abfab3d/abfab3d/blob/8b07017a5b8dbb47ab4e5e0dce347e417f669c80/apps/shapejs_ide/build.xml#L228,<!-- HeapIndicator plugin. -->,[],Ant,8,228,228
7488,abfab3d/abfab3d,https://github.com/abfab3d/abfab3d/blob/8b07017a5b8dbb47ab4e5e0dce347e417f669c80/apps/shapejs_ide/build.xml#L236,"<!--
            <fileset dir=""i18n"">
                <include name=""ide/plugins/heapindicator/**""/>
            </fileset>
            -->",[],Ant,12,236,240
7488,abfab3d/abfab3d,https://github.com/abfab3d/abfab3d/blob/8b07017a5b8dbb47ab4e5e0dce347e417f669c80/apps/shapejs_ide/build.xml#L247,<!-- Tasks support plugin. -->,[],Ant,8,247,247
7488,abfab3d/abfab3d,https://github.com/abfab3d/abfab3d/blob/8b07017a5b8dbb47ab4e5e0dce347e417f669c80/apps/shapejs_ide/build.xml#L255,"<!--
            <fileset dir=""i18n"">
                <include name=""ide/plugins/tasks/**""/>
            </fileset>
            -->",[],Ant,12,255,259
7488,abfab3d/abfab3d,https://github.com/abfab3d/abfab3d/blob/8b07017a5b8dbb47ab4e5e0dce347e417f669c80/apps/shapejs_ide/build.xml#L266,<!-- Tool support plugin. -->,[],Ant,8,266,266
7488,abfab3d/abfab3d,https://github.com/abfab3d/abfab3d/blob/8b07017a5b8dbb47ab4e5e0dce347e417f669c80/apps/shapejs_ide/build.xml#L274,"<!--
            <fileset dir=""i18n"">
                <include name=""ide/plugins/tools/**""/>
            </fileset>
            -->",[],Ant,12,274,278
7488,abfab3d/abfab3d,https://github.com/abfab3d/abfab3d/blob/8b07017a5b8dbb47ab4e5e0dce347e417f669c80/apps/shapejs_ide/build.xml#L285,<!-- Macros plugin. -->,[],Ant,8,285,285
7488,abfab3d/abfab3d,https://github.com/abfab3d/abfab3d/blob/8b07017a5b8dbb47ab4e5e0dce347e417f669c80/apps/shapejs_ide/build.xml#L286,"<!--
        <jar destfile=""${lib.dir}/ide/plugins/MacroSupport.jar"">
            <fileset dir=""${classes.dir}"">
                <include name=""ide/plugins/macros/**""/>
            </fileset>
            <fileset dir=""${src.dir}"">
                <include name=""ide/plugins/macros/*.png""/>
                <include name=""ide/plugins/macros/*.gif""/>
                <include name=""ide/plugins/macros/*.txt""/>
            </fileset>
            <fileset dir=""i18n"">
                <include name=""ide/plugins/macros/**""/>
            </fileset>

            <manifest>
                <attribute name=""Class-Path"" value=""plugins/groovy-all-2.3.3.jar""/>
                <attribute name=""Fife-Plugin-Class"" value=""ide.plugins.macros.MacroPlugin""/>
                <attribute name=""Fife-Plugin-Load-Priority"" value=""normal""/>
            </manifest>
        </jar>

        <copy file=""lib/groovy-all-2.3.3.jar""  todir=""${lib.dir}/ide/plugins""/>
        <copy file=""lib/groovy.LICENSE.txt""    todir=""${lib.dir}/ide/plugins""/>
-->",[],Ant,8,286,309
7488,abfab3d/abfab3d,https://github.com/abfab3d/abfab3d/blob/8b07017a5b8dbb47ab4e5e0dce347e417f669c80/apps/shapejs_ide/build.xml#L311,<!-- Language support plugin. -->,[],Ant,8,311,311
7488,abfab3d/abfab3d,https://github.com/abfab3d/abfab3d/blob/8b07017a5b8dbb47ab4e5e0dce347e417f669c80/apps/shapejs_ide/build.xml#L320,"<!--
            <fileset dir=""i18n"">
                <include name=""ide/plugins/langsupport/**""/>
            </fileset>
            -->",[],Ant,12,320,324
7488,abfab3d/abfab3d,https://github.com/abfab3d/abfab3d/blob/8b07017a5b8dbb47ab4e5e0dce347e417f669c80/apps/shapejs_ide/build.xml#L331,<!-- Needed by RTextLanguageSupport -->,[],Ant,8,331,331
7488,abfab3d/abfab3d,https://github.com/abfab3d/abfab3d/blob/8b07017a5b8dbb47ab4e5e0dce347e417f669c80/apps/shapejs_ide/build.xml#L332,"<!--
        <copy file=""lib/RSTALanguageSupport.License.txt"" todir=""${lib.dir}/ide/plugins""/>
        <copy file=""lib/language_support.jar""            todir=""${lib.dir}/ide/plugins""/>
        <copy file=""lib/Rhino.build-date""                todir=""${lib.dir}/ide/plugins""/>
        <copy file=""lib/Rhino.LICENSE.txt""               todir=""${lib.dir}/ide/plugins""/>
        <copy file=""lib/js-14.jar""                       todir=""${lib.dir}/ide/plugins""/>
-->",[],Ant,8,332,338
7488,abfab3d/abfab3d,https://github.com/abfab3d/abfab3d/blob/8b07017a5b8dbb47ab4e5e0dce347e417f669c80/apps/shapejs_ide/build.xml#L340,<!-- Project plugin. -->,[],Ant,8,340,340
7488,abfab3d/abfab3d,https://github.com/abfab3d/abfab3d/blob/8b07017a5b8dbb47ab4e5e0dce347e417f669c80/apps/shapejs_ide/build.xml#L341,"<!--
        <jar destfile=""${lib.dir}/ide/plugins/ProjectSupport.jar"">
            <fileset dir=""${classes.dir}"">
                <include name=""ide/plugins/project/**""/>
            </fileset>
            <fileset dir=""${src.dir}"">
                <include name=""ide/plugins/project/**/*.gif""/>
                <include name=""ide/plugins/project/**/*.png""/>
                <include name=""ide/plugins/project/**/*.dtd""/>
            </fileset>
            <fileset dir=""i18n"">
                <include name=""ide/plugins/project/**""/>
            </fileset>
            <manifest>
                <attribute name=""Fife-Plugin-Class"" value=""ide.plugins.project.ProjectPlugin""/>
                <attribute name=""Fife-Plugin-Load-Priority"" value=""normal""/>
            </manifest>
        </jar>
-->",[],Ant,8,341,359
7488,abfab3d/abfab3d,https://github.com/abfab3d/abfab3d/blob/8b07017a5b8dbb47ab4e5e0dce347e417f669c80/apps/shapejs_ide/build.xml#L374,"<!-- <fileset dir=""natives/${os.name}/${os.arch}"" includes=""**/*.jar"" /> -->",[],Ant,16,374,374
7488,abfab3d/abfab3d,https://github.com/abfab3d/abfab3d/blob/8b07017a5b8dbb47ab4e5e0dce347e417f669c80/apps/shapejs_viewer/build.xml#L36,<!-- Create destination directories -->,[],Ant,4,36,36
7488,abfab3d/abfab3d,https://github.com/abfab3d/abfab3d/blob/8b07017a5b8dbb47ab4e5e0dce347e417f669c80/apps/svxconv/build.xml#L37,<!-- Create destination directories -->,[],Ant,4,37,37
7488,abfab3d/abfab3d,https://github.com/abfab3d/abfab3d/blob/8b07017a5b8dbb47ab4e5e0dce347e417f669c80/apps/svxconv/build.xml#L130,"<!--
            <arg value=""-input"" />
            <arg value=""sphere.stl"" />
            <arg value=""-output"" />
            <arg value=""sphere.svx"" />
-->",[],Ant,0,130,135
7488,abfab3d/abfab3d,https://github.com/abfab3d/abfab3d/blob/8b07017a5b8dbb47ab4e5e0dce347e417f669c80/apps/svxconv/build.xml#L147,"<!--                <fileset dir=""natives/${os.name}/${os.arch}"" includes=""**/*.jar"" /> -->",[],Ant,16,147,147
7488,abfab3d/abfab3d,https://github.com/abfab3d/abfab3d/blob/8b07017a5b8dbb47ab4e5e0dce347e417f669c80/apps/svxconv/build.xml#L156,"<!--            <arg value=""/tmp/voxelsize/original-3000075_v0.stl"" /> -->",[],Ant,12,156,156
7488,abfab3d/abfab3d,https://github.com/abfab3d/abfab3d/blob/8b07017a5b8dbb47ab4e5e0dce347e417f669c80/apps/svxconv/build.xml#L160,"<!--
                        <arg value=""-input"" />
                        <arg value=""cf6_1024.svx"" />
                        <arg value=""-output"" />
                        <arg value=""v6_1024_ef0.85_sw_0.4.x3db"" />
            -->",[],Ant,12,160,165
7488,abfab3d/abfab3d,https://github.com/abfab3d/abfab3d/blob/8b07017a5b8dbb47ab4e5e0dce347e417f669c80/apps/svxconv/build.xml#L166,"<!--
                        <arg value=""-meshErrorFactor"" />
                        <arg value=""0.1"" />
                        <arg value=""-meshSmoothingWidth"" />
                        <arg value=""0.5"" />
            -->",[],Ant,12,166,171
7488,abfab3d/abfab3d,https://github.com/abfab3d/abfab3d/blob/8b07017a5b8dbb47ab4e5e0dce347e417f669c80/apps/svxconv/build.xml#L183,"<!--                <fileset dir=""natives/${os.name}/${os.arch}"" includes=""**/*.jar"" /> -->",[],Ant,16,183,183
7488,abfab3d/abfab3d,https://github.com/abfab3d/abfab3d/blob/8b07017a5b8dbb47ab4e5e0dce347e417f669c80/apps/uploadmodel/build.xml#L26,"<!--    
    <property name=""runarg1"" value=""-Dsun.java2d.noddraw=true""/>
    <property name=""runarg2"" value=""-Djava.library.path=&quot;./natives/${os.name}/${os.arch}&quot;"" />
-->",[],Ant,0,26,29
7488,abfab3d/abfab3d,https://github.com/abfab3d/abfab3d/blob/8b07017a5b8dbb47ab4e5e0dce347e417f669c80/apps/uploadmodel/build.xml#L36,<!-- Create destination directories -->,[],Ant,4,36,36
7488,abfab3d/abfab3d,https://github.com/abfab3d/abfab3d/blob/8b07017a5b8dbb47ab4e5e0dce347e417f669c80/apps/uploadmodel/build.xml#L63,"<!--                <fileset dir=""natives/${os.name}/${os.arch}"" includes=""**/*.jar"" /> -->",[],Ant,0,63,63
