repoIndex,repoName,linkLocation,comment,keywords,buildSysteminFile,charPosition,startLine,endLine
7885,ops4j/org.ops4j.pax.jdbc,https://github.com/ops4j/org.ops4j.pax.jdbc/blob/c0f07b8010433de70190196eed4d0512de2d75e8/pom.xml#L2,"<!--

    Copyright 2021 OPS4J.

    Licensed under the Apache License, Version 2.0 (the ""License"");
    you may not use this file except in compliance with the License.
    You may obtain a copy of the License at

        http://www.apache.org/licenses/LICENSE-2.0

    Unless required by applicable law or agreed to in writing, software
    distributed under the License is distributed on an ""AS IS"" BASIS,
    WITHOUT WARRANTIES OR CONDITIONS OF ANY KIND, either express or implied.
    See the License for the specific language governing permissions and
    limitations under the License.

-->",[],Maven,0,2,18
7885,ops4j/org.ops4j.pax.jdbc,https://github.com/ops4j/org.ops4j.pax.jdbc/blob/c0f07b8010433de70190196eed4d0512de2d75e8/pom.xml#L115,<!-- versions of Maven plugins -->,[],Maven,8,115,115
7885,ops4j/org.ops4j.pax.jdbc,https://github.com/ops4j/org.ops4j.pax.jdbc/blob/c0f07b8010433de70190196eed4d0512de2d75e8/pom.xml#L117,<!-- Maven plugins from org.apache.maven.plugins (and their dependencies) -->,[],Maven,8,117,117
7885,ops4j/org.ops4j.pax.jdbc,https://github.com/ops4j/org.ops4j.pax.jdbc/blob/c0f07b8010433de70190196eed4d0512de2d75e8/pom.xml#L140,<!-- Other Maven plugins (and their dependencies) -->,[],Maven,8,140,140
7885,ops4j/org.ops4j.pax.jdbc,https://github.com/ops4j/org.ops4j.pax.jdbc/blob/c0f07b8010433de70190196eed4d0512de2d75e8/pom.xml#L147,<!-- versions of Maven dependencies (sorted and groupped) -->,[],Maven,8,147,147
7885,ops4j/org.ops4j.pax.jdbc,https://github.com/ops4j/org.ops4j.pax.jdbc/blob/c0f07b8010433de70190196eed4d0512de2d75e8/pom.xml#L151,<!-- 5.x is JDK 11 -->,[],Maven,8,151,151
7885,ops4j/org.ops4j.pax.jdbc,https://github.com/ops4j/org.ops4j.pax.jdbc/blob/c0f07b8010433de70190196eed4d0512de2d75e8/pom.xml#L157,<!-- javax.inject/javax.inject/1 is not an OSGi bundle -->,[],Maven,8,157,157
7885,ops4j/org.ops4j.pax.jdbc,https://github.com/ops4j/org.ops4j.pax.jdbc/blob/c0f07b8010433de70190196eed4d0512de2d75e8/pom.xml#L183,<!-- 3.12.100 is the last version exporting org.osgi.framework 1.8 (R6) -->,[],Maven,8,183,183
7885,ops4j/org.ops4j.pax.jdbc,https://github.com/ops4j/org.ops4j.pax.jdbc/blob/c0f07b8010433de70190196eed4d0512de2d75e8/pom.xml#L204,<!-- versions of JDBC drivers -->,[],Maven,8,204,204
7885,ops4j/org.ops4j.pax.jdbc,https://github.com/ops4j/org.ops4j.pax.jdbc/blob/c0f07b8010433de70190196eed4d0512de2d75e8/pom.xml#L209,<!-- see https://dev.mysql.com/doc/connector-j/8.0/en/connector-j-upgrading-to-8.0.html -->,[],Maven,8,209,209
7885,ops4j/org.ops4j.pax.jdbc,https://github.com/ops4j/org.ops4j.pax.jdbc/blob/c0f07b8010433de70190196eed4d0512de2d75e8/pom.xml#L213,<!-- 10.15.x is for JDK11+ -->,[],Maven,8,213,213
7885,ops4j/org.ops4j.pax.jdbc,https://github.com/ops4j/org.ops4j.pax.jdbc/blob/c0f07b8010433de70190196eed4d0512de2d75e8/pom.xml#L214,<!--        <version.org.apache.derby>10.15.2.0</version.org.apache.derby>-->,[],Maven,0,214,214
7885,ops4j/org.ops4j.pax.jdbc,https://github.com/ops4j/org.ops4j.pax.jdbc/blob/c0f07b8010433de70190196eed4d0512de2d75e8/pom.xml#L215,<!-- 2.6.x is for JDK11+ -->,[],Maven,8,215,215
7885,ops4j/org.ops4j.pax.jdbc,https://github.com/ops4j/org.ops4j.pax.jdbc/blob/c0f07b8010433de70190196eed4d0512de2d75e8/pom.xml#L271,<!-- Core plugins -->,[],Maven,16,271,271
7885,ops4j/org.ops4j.pax.jdbc,https://github.com/ops4j/org.ops4j.pax.jdbc/blob/c0f07b8010433de70190196eed4d0512de2d75e8/pom.xml#L322,<!-- Packaging types/tools -->,[],Maven,16,322,322
7885,ops4j/org.ops4j.pax.jdbc,https://github.com/ops4j/org.ops4j.pax.jdbc/blob/c0f07b8010433de70190196eed4d0512de2d75e8/pom.xml#L340,<!-- Reporting plugins -->,[],Maven,16,340,340
7885,ops4j/org.ops4j.pax.jdbc,https://github.com/ops4j/org.ops4j.pax.jdbc/blob/c0f07b8010433de70190196eed4d0512de2d75e8/pom.xml#L353,<!-- Tools -->,[],Maven,16,353,353
7885,ops4j/org.ops4j.pax.jdbc,https://github.com/ops4j/org.ops4j.pax.jdbc/blob/c0f07b8010433de70190196eed4d0512de2d75e8/pom.xml#L381,<!-- Felix plugins -->,[],Maven,16,381,381
7885,ops4j/org.ops4j.pax.jdbc,https://github.com/ops4j/org.ops4j.pax.jdbc/blob/c0f07b8010433de70190196eed4d0512de2d75e8/pom.xml#L396,<!-- Karaf plugins -->,[],Maven,16,396,396
7885,ops4j/org.ops4j.pax.jdbc,https://github.com/ops4j/org.ops4j.pax.jdbc/blob/c0f07b8010433de70190196eed4d0512de2d75e8/pom.xml#L404,<!-- ServiceMix plugins -->,[],Maven,16,404,404
7885,ops4j/org.ops4j.pax.jdbc,https://github.com/ops4j/org.ops4j.pax.jdbc/blob/c0f07b8010433de70190196eed4d0512de2d75e8/pom.xml#L412,<!-- MojoHaus plugins -->,[],Maven,16,412,412
7885,ops4j/org.ops4j.pax.jdbc,https://github.com/ops4j/org.ops4j.pax.jdbc/blob/c0f07b8010433de70190196eed4d0512de2d75e8/pom.xml#L420,<!-- Other -->,[],Maven,16,420,420
7885,ops4j/org.ops4j.pax.jdbc,https://github.com/ops4j/org.ops4j.pax.jdbc/blob/c0f07b8010433de70190196eed4d0512de2d75e8/pom.xml#L438,<!-- Core plugins -->,[],Maven,12,438,438
7885,ops4j/org.ops4j.pax.jdbc,https://github.com/ops4j/org.ops4j.pax.jdbc/blob/c0f07b8010433de70190196eed4d0512de2d75e8/pom.xml#L456,<!-- Tools -->,[],Maven,12,456,456
7885,ops4j/org.ops4j.pax.jdbc,https://github.com/ops4j/org.ops4j.pax.jdbc/blob/c0f07b8010433de70190196eed4d0512de2d75e8/pom.xml#L458,"<!-- Require maven 3.3 or above, Java 1.8 or above. -->",[],Maven,12,458,458
7885,ops4j/org.ops4j.pax.jdbc,https://github.com/ops4j/org.ops4j.pax.jdbc/blob/c0f07b8010433de70190196eed4d0512de2d75e8/pom.xml#L498,<!-- Felix plugins -->,[],Maven,12,498,498
7885,ops4j/org.ops4j.pax.jdbc,https://github.com/ops4j/org.ops4j.pax.jdbc/blob/c0f07b8010433de70190196eed4d0512de2d75e8/pom.xml#L519,<!-- pax-jdbc own artifacts -->,[],Maven,12,519,519
7885,ops4j/org.ops4j.pax.jdbc,https://github.com/ops4j/org.ops4j.pax.jdbc/blob/c0f07b8010433de70190196eed4d0512de2d75e8/pom.xml#L630,<!-- OPS4J dependencies -->,[],Maven,12,630,630
7885,ops4j/org.ops4j.pax.jdbc,https://github.com/ops4j/org.ops4j.pax.jdbc/blob/c0f07b8010433de70190196eed4d0512de2d75e8/pom.xml#L723,<!-- OSGi -->,[],Maven,12,723,723
7885,ops4j/org.ops4j.pax.jdbc,https://github.com/ops4j/org.ops4j.pax.jdbc/blob/c0f07b8010433de70190196eed4d0512de2d75e8/pom.xml#L736,<!-- The JDBC service interface is available also from org.osgi:osgi.cmpn -->,[],Maven,16,736,736
7885,ops4j/org.ops4j.pax.jdbc,https://github.com/ops4j/org.ops4j.pax.jdbc/blob/c0f07b8010433de70190196eed4d0512de2d75e8/pom.xml#L799,<!-- APIs -->,[],Maven,12,799,799
7885,ops4j/org.ops4j.pax.jdbc,https://github.com/ops4j/org.ops4j.pax.jdbc/blob/c0f07b8010433de70190196eed4d0512de2d75e8/pom.xml#L816,"<!--
                Exclusions are needed before https://github.com/eclipse-ee4j/interceptor-api/issues/31
                which is fixed in jakarta.interceptor-api-1.2.6
            -->",[],Maven,12,816,819
7885,ops4j/org.ops4j.pax.jdbc,https://github.com/ops4j/org.ops4j.pax.jdbc/blob/c0f07b8010433de70190196eed4d0512de2d75e8/pom.xml#L847,<!-- Apache components -->,[],Maven,12,847,847
7885,ops4j/org.ops4j.pax.jdbc,https://github.com/ops4j/org.ops4j.pax.jdbc/blob/c0f07b8010433de70190196eed4d0512de2d75e8/pom.xml#L882,<!--JBoss components -->,[],Maven,12,882,882
7885,ops4j/org.ops4j.pax.jdbc,https://github.com/ops4j/org.ops4j.pax.jdbc/blob/c0f07b8010433de70190196eed4d0512de2d75e8/pom.xml#L928,<!-- Test dependencies -->,[],Maven,12,928,928
7885,ops4j/org.ops4j.pax.jdbc,https://github.com/ops4j/org.ops4j.pax.jdbc/blob/c0f07b8010433de70190196eed4d0512de2d75e8/pom.xml#L956,<!-- Logging dependencies -->,[],Maven,12,956,956
7885,ops4j/org.ops4j.pax.jdbc,https://github.com/ops4j/org.ops4j.pax.jdbc/blob/c0f07b8010433de70190196eed4d0512de2d75e8/pom.xml#L974,<!-- JDBC drivers -->,[],Maven,12,974,974
7885,ops4j/org.ops4j.pax.jdbc,https://github.com/ops4j/org.ops4j.pax.jdbc/blob/c0f07b8010433de70190196eed4d0512de2d75e8/pom.xml#L1038,<!-- Other dependencies -->,[],Maven,12,1038,1038
7885,ops4j/org.ops4j.pax.jdbc,https://github.com/ops4j/org.ops4j.pax.jdbc/blob/c0f07b8010433de70190196eed4d0512de2d75e8/pom.xml#L1111,<!-- Checkstyle: `mvn -Pcs validate` -->,[],Maven,8,1111,1111
7885,ops4j/org.ops4j.pax.jdbc,https://github.com/ops4j/org.ops4j.pax.jdbc/blob/c0f07b8010433de70190196eed4d0512de2d75e8/pom.xml#L1136,<!--                                    <violationSeverity>warning</violationSeverity>-->,[],Maven,0,1136,1136
7885,ops4j/org.ops4j.pax.jdbc,https://github.com/ops4j/org.ops4j.pax.jdbc/blob/c0f07b8010433de70190196eed4d0512de2d75e8/pom.xml#L1152,<!-- License generation: `mvn -Plicense process-sources` -->,[],Maven,8,1152,1152
7885,ops4j/org.ops4j.pax.jdbc,https://github.com/ops4j/org.ops4j.pax.jdbc/blob/c0f07b8010433de70190196eed4d0512de2d75e8/pom.xml#L1167,<!--<include>**/README</include>-->,[],Maven,32,1167,1167
7885,ops4j/org.ops4j.pax.jdbc,https://github.com/ops4j/org.ops4j.pax.jdbc/blob/c0f07b8010433de70190196eed4d0512de2d75e8/pom.xml#L1175,<!--<README>SCRIPT_STYLE</README>-->,[],Maven,32,1175,1175
7885,ops4j/org.ops4j.pax.jdbc,https://github.com/ops4j/org.ops4j.pax.jdbc/blob/c0f07b8010433de70190196eed4d0512de2d75e8/pom.xml#L1192,<!-- This is the phase this plugin runs by default. Just an explicit information -->,[],Maven,32,1192,1192
7885,ops4j/org.ops4j.pax.jdbc,https://github.com/ops4j/org.ops4j.pax.jdbc/blob/c0f07b8010433de70190196eed4d0512de2d75e8/pax-jdbc-common/pom.xml#L2,"<!--

    Copyright 2021 OPS4J.

    Licensed under the Apache License, Version 2.0 (the ""License"");
    you may not use this file except in compliance with the License.
    You may obtain a copy of the License at

        http://www.apache.org/licenses/LICENSE-2.0

    Unless required by applicable law or agreed to in writing, software
    distributed under the License is distributed on an ""AS IS"" BASIS,
    WITHOUT WARRANTIES OR CONDITIONS OF ANY KIND, either express or implied.
    See the License for the specific language governing permissions and
    limitations under the License.

-->",[],Maven,0,2,18
7885,ops4j/org.ops4j.pax.jdbc,https://github.com/ops4j/org.ops4j.pax.jdbc/blob/c0f07b8010433de70190196eed4d0512de2d75e8/pax-jdbc-config/pom.xml#L2,"<!--

    Copyright 2021 OPS4J.

    Licensed under the Apache License, Version 2.0 (the ""License"");
    you may not use this file except in compliance with the License.
    You may obtain a copy of the License at

        http://www.apache.org/licenses/LICENSE-2.0

    Unless required by applicable law or agreed to in writing, software
    distributed under the License is distributed on an ""AS IS"" BASIS,
    WITHOUT WARRANTIES OR CONDITIONS OF ANY KIND, either express or implied.
    See the License for the specific language governing permissions and
    limitations under the License.

-->",[],Maven,0,2,18
7885,ops4j/org.ops4j.pax.jdbc,https://github.com/ops4j/org.ops4j.pax.jdbc/blob/c0f07b8010433de70190196eed4d0512de2d75e8/pax-jdbc-config/pom.xml#L38,<!-- pax-jdbc own artifacts -->,[],Maven,8,38,38
7885,ops4j/org.ops4j.pax.jdbc,https://github.com/ops4j/org.ops4j.pax.jdbc/blob/c0f07b8010433de70190196eed4d0512de2d75e8/pax-jdbc-config/pom.xml#L45,<!-- OSGi -->,[],Maven,8,45,45
7885,ops4j/org.ops4j.pax.jdbc,https://github.com/ops4j/org.ops4j.pax.jdbc/blob/c0f07b8010433de70190196eed4d0512de2d75e8/pax-jdbc-config/pom.xml#L64,<!-- Test dependencies -->,[],Maven,8,64,64
7885,ops4j/org.ops4j.pax.jdbc,https://github.com/ops4j/org.ops4j.pax.jdbc/blob/c0f07b8010433de70190196eed4d0512de2d75e8/pax-jdbc-config/pom.xml#L77,<!-- Logging dependencies -->,[],Maven,8,77,77
7885,ops4j/org.ops4j.pax.jdbc,https://github.com/ops4j/org.ops4j.pax.jdbc/blob/c0f07b8010433de70190196eed4d0512de2d75e8/pax-jdbc-config/pom.xml#L90,<!-- Other dependencies -->,[],Maven,8,90,90
7885,ops4j/org.ops4j.pax.jdbc,https://github.com/ops4j/org.ops4j.pax.jdbc/blob/c0f07b8010433de70190196eed4d0512de2d75e8/pax-jdbc-db2/pom.xml#L2,"<!--

    Copyright 2021 OPS4J.

    Licensed under the Apache License, Version 2.0 (the ""License"");
    you may not use this file except in compliance with the License.
    You may obtain a copy of the License at

        http://www.apache.org/licenses/LICENSE-2.0

    Unless required by applicable law or agreed to in writing, software
    distributed under the License is distributed on an ""AS IS"" BASIS,
    WITHOUT WARRANTIES OR CONDITIONS OF ANY KIND, either express or implied.
    See the License for the specific language governing permissions and
    limitations under the License.

-->",[],Maven,0,2,18
7885,ops4j/org.ops4j.pax.jdbc,https://github.com/ops4j/org.ops4j.pax.jdbc/blob/c0f07b8010433de70190196eed4d0512de2d75e8/pax-jdbc-db2/pom.xml#L38,<!-- pax-jdbc own artifacts -->,[],Maven,8,38,38
7885,ops4j/org.ops4j.pax.jdbc,https://github.com/ops4j/org.ops4j.pax.jdbc/blob/c0f07b8010433de70190196eed4d0512de2d75e8/pax-jdbc-db2/pom.xml#L45,<!-- OSGi -->,[],Maven,8,45,45
7885,ops4j/org.ops4j.pax.jdbc,https://github.com/ops4j/org.ops4j.pax.jdbc/blob/c0f07b8010433de70190196eed4d0512de2d75e8/pax-jdbc-db2/pom.xml#L58,<!-- Test dependencies -->,[],Maven,8,58,58
7885,ops4j/org.ops4j.pax.jdbc,https://github.com/ops4j/org.ops4j.pax.jdbc/blob/c0f07b8010433de70190196eed4d0512de2d75e8/pax-jdbc-db2/pom.xml#L66,<!-- Logging dependencies -->,[],Maven,8,66,66
7885,ops4j/org.ops4j.pax.jdbc,https://github.com/ops4j/org.ops4j.pax.jdbc/blob/c0f07b8010433de70190196eed4d0512de2d75e8/pax-jdbc-db2/pom.xml#L85,"<!--
                    $ mvn install:install-file -DgroupId=com.ibm.db2 -DartifactId=db2jcc4 -Dversion=4.31.10 -Dpackaging=jar -Dfile=/path/to/db2jcc4-4.31.10.jar
                    $ md5sum db2jcc4-4.31.10.jar
                    4811177a4384529d78631f5874fa6c6e  db2jcc4-4.31.10.jar
                -->",[],Maven,16,85,89
7885,ops4j/org.ops4j.pax.jdbc,https://github.com/ops4j/org.ops4j.pax.jdbc/blob/c0f07b8010433de70190196eed4d0512de2d75e8/pax-jdbc-derby/pom.xml#L2,"<!--

    Copyright 2021 OPS4J.

    Licensed under the Apache License, Version 2.0 (the ""License"");
    you may not use this file except in compliance with the License.
    You may obtain a copy of the License at

        http://www.apache.org/licenses/LICENSE-2.0

    Unless required by applicable law or agreed to in writing, software
    distributed under the License is distributed on an ""AS IS"" BASIS,
    WITHOUT WARRANTIES OR CONDITIONS OF ANY KIND, either express or implied.
    See the License for the specific language governing permissions and
    limitations under the License.

-->",[],Maven,0,2,18
7885,ops4j/org.ops4j.pax.jdbc,https://github.com/ops4j/org.ops4j.pax.jdbc/blob/c0f07b8010433de70190196eed4d0512de2d75e8/pax-jdbc-derby/pom.xml#L38,<!-- pax-jdbc own artifacts -->,[],Maven,8,38,38
7885,ops4j/org.ops4j.pax.jdbc,https://github.com/ops4j/org.ops4j.pax.jdbc/blob/c0f07b8010433de70190196eed4d0512de2d75e8/pax-jdbc-derby/pom.xml#L45,<!-- OSGi -->,[],Maven,8,45,45
7885,ops4j/org.ops4j.pax.jdbc,https://github.com/ops4j/org.ops4j.pax.jdbc/blob/c0f07b8010433de70190196eed4d0512de2d75e8/pax-jdbc-derby/pom.xml#L58,<!-- Test dependencies -->,[],Maven,8,58,58
7885,ops4j/org.ops4j.pax.jdbc,https://github.com/ops4j/org.ops4j.pax.jdbc/blob/c0f07b8010433de70190196eed4d0512de2d75e8/pax-jdbc-derby/pom.xml#L66,<!-- Logging dependencies -->,[],Maven,8,66,66
7885,ops4j/org.ops4j.pax.jdbc,https://github.com/ops4j/org.ops4j.pax.jdbc/blob/c0f07b8010433de70190196eed4d0512de2d75e8/pax-jdbc-derby/pom.xml#L79,<!-- JDBC drivers -->,[],Maven,8,79,79
7885,ops4j/org.ops4j.pax.jdbc,https://github.com/ops4j/org.ops4j.pax.jdbc/blob/c0f07b8010433de70190196eed4d0512de2d75e8/pax-jdbc-derbyclient/pom.xml#L2,"<!--

    Copyright 2021 OPS4J.

    Licensed under the Apache License, Version 2.0 (the ""License"");
    you may not use this file except in compliance with the License.
    You may obtain a copy of the License at

        http://www.apache.org/licenses/LICENSE-2.0

    Unless required by applicable law or agreed to in writing, software
    distributed under the License is distributed on an ""AS IS"" BASIS,
    WITHOUT WARRANTIES OR CONDITIONS OF ANY KIND, either express or implied.
    See the License for the specific language governing permissions and
    limitations under the License.

-->",[],Maven,0,2,18
7885,ops4j/org.ops4j.pax.jdbc,https://github.com/ops4j/org.ops4j.pax.jdbc/blob/c0f07b8010433de70190196eed4d0512de2d75e8/pax-jdbc-derbyclient/pom.xml#L38,<!-- pax-jdbc own artifacts -->,[],Maven,8,38,38
7885,ops4j/org.ops4j.pax.jdbc,https://github.com/ops4j/org.ops4j.pax.jdbc/blob/c0f07b8010433de70190196eed4d0512de2d75e8/pax-jdbc-derbyclient/pom.xml#L45,<!-- OSGi -->,[],Maven,8,45,45
7885,ops4j/org.ops4j.pax.jdbc,https://github.com/ops4j/org.ops4j.pax.jdbc/blob/c0f07b8010433de70190196eed4d0512de2d75e8/pax-jdbc-derbyclient/pom.xml#L58,<!-- Test dependencies -->,[],Maven,8,58,58
7885,ops4j/org.ops4j.pax.jdbc,https://github.com/ops4j/org.ops4j.pax.jdbc/blob/c0f07b8010433de70190196eed4d0512de2d75e8/pax-jdbc-derbyclient/pom.xml#L66,<!-- Logging dependencies -->,[],Maven,8,66,66
7885,ops4j/org.ops4j.pax.jdbc,https://github.com/ops4j/org.ops4j.pax.jdbc/blob/c0f07b8010433de70190196eed4d0512de2d75e8/pax-jdbc-derbyclient/pom.xml#L79,<!-- JDBC drivers -->,[],Maven,8,79,79
7885,ops4j/org.ops4j.pax.jdbc,https://github.com/ops4j/org.ops4j.pax.jdbc/blob/c0f07b8010433de70190196eed4d0512de2d75e8/pax-jdbc-features/pom.xml#L2,"<!--

    Copyright 2021 OPS4J.

    Licensed under the Apache License, Version 2.0 (the ""License"");
    you may not use this file except in compliance with the License.
    You may obtain a copy of the License at

        http://www.apache.org/licenses/LICENSE-2.0

    Unless required by applicable law or agreed to in writing, software
    distributed under the License is distributed on an ""AS IS"" BASIS,
    WITHOUT WARRANTIES OR CONDITIONS OF ANY KIND, either express or implied.
    See the License for the specific language governing permissions and
    limitations under the License.

-->",[],Maven,0,2,18
7885,ops4j/org.ops4j.pax.jdbc,https://github.com/ops4j/org.ops4j.pax.jdbc/blob/c0f07b8010433de70190196eed4d0512de2d75e8/pax-jdbc-features/pom.xml#L44,<!-- pax-jdbc own artifacts -->,[],Maven,8,44,44
7885,ops4j/org.ops4j.pax.jdbc,https://github.com/ops4j/org.ops4j.pax.jdbc/blob/c0f07b8010433de70190196eed4d0512de2d75e8/pax-jdbc-features/pom.xml#L147,<!-- OSGi -->,[],Maven,8,147,147
7885,ops4j/org.ops4j.pax.jdbc,https://github.com/ops4j/org.ops4j.pax.jdbc/blob/c0f07b8010433de70190196eed4d0512de2d75e8/pax-jdbc-features/pom.xml#L173,<!-- Core plugins -->,[],Maven,12,173,173
7885,ops4j/org.ops4j.pax.jdbc,https://github.com/ops4j/org.ops4j.pax.jdbc/blob/c0f07b8010433de70190196eed4d0512de2d75e8/pax-jdbc-features/pom.xml#L189,<!-- Tools -->,[],Maven,12,189,189
7885,ops4j/org.ops4j.pax.jdbc,https://github.com/ops4j/org.ops4j.pax.jdbc/blob/c0f07b8010433de70190196eed4d0512de2d75e8/pax-jdbc-features/pom.xml#L205,<!-- Karaf plugins -->,[],Maven,12,205,205
7885,ops4j/org.ops4j.pax.jdbc,https://github.com/ops4j/org.ops4j.pax.jdbc/blob/c0f07b8010433de70190196eed4d0512de2d75e8/pax-jdbc-features/pom.xml#L232,<!--                                <feature>pax-jdbc-db2</feature>-->,[],Maven,0,232,232
7885,ops4j/org.ops4j.pax.jdbc,https://github.com/ops4j/org.ops4j.pax.jdbc/blob/c0f07b8010433de70190196eed4d0512de2d75e8/pax-jdbc-features/pom.xml#L233,<!--                                <feature>pax-jdbc-teradata</feature>-->,[],Maven,0,233,233
7885,ops4j/org.ops4j.pax.jdbc,https://github.com/ops4j/org.ops4j.pax.jdbc/blob/c0f07b8010433de70190196eed4d0512de2d75e8/pax-jdbc-features/pom.xml#L258,<!-- MojoHaus plugins -->,[],Maven,12,258,258
7885,ops4j/org.ops4j.pax.jdbc,https://github.com/ops4j/org.ops4j.pax.jdbc/blob/c0f07b8010433de70190196eed4d0512de2d75e8/pax-jdbc-hsqldb/pom.xml#L2,"<!--

    Copyright 2021 OPS4J.

    Licensed under the Apache License, Version 2.0 (the ""License"");
    you may not use this file except in compliance with the License.
    You may obtain a copy of the License at

        http://www.apache.org/licenses/LICENSE-2.0

    Unless required by applicable law or agreed to in writing, software
    distributed under the License is distributed on an ""AS IS"" BASIS,
    WITHOUT WARRANTIES OR CONDITIONS OF ANY KIND, either express or implied.
    See the License for the specific language governing permissions and
    limitations under the License.

-->",[],Maven,0,2,18
7885,ops4j/org.ops4j.pax.jdbc,https://github.com/ops4j/org.ops4j.pax.jdbc/blob/c0f07b8010433de70190196eed4d0512de2d75e8/pax-jdbc-hsqldb/pom.xml#L38,<!-- pax-jdbc own artifacts -->,[],Maven,8,38,38
7885,ops4j/org.ops4j.pax.jdbc,https://github.com/ops4j/org.ops4j.pax.jdbc/blob/c0f07b8010433de70190196eed4d0512de2d75e8/pax-jdbc-hsqldb/pom.xml#L45,<!-- OSGi -->,[],Maven,8,45,45
7885,ops4j/org.ops4j.pax.jdbc,https://github.com/ops4j/org.ops4j.pax.jdbc/blob/c0f07b8010433de70190196eed4d0512de2d75e8/pax-jdbc-hsqldb/pom.xml#L58,<!-- Test dependencies -->,[],Maven,8,58,58
7885,ops4j/org.ops4j.pax.jdbc,https://github.com/ops4j/org.ops4j.pax.jdbc/blob/c0f07b8010433de70190196eed4d0512de2d75e8/pax-jdbc-hsqldb/pom.xml#L66,<!-- Logging dependencies -->,[],Maven,8,66,66
7885,ops4j/org.ops4j.pax.jdbc,https://github.com/ops4j/org.ops4j.pax.jdbc/blob/c0f07b8010433de70190196eed4d0512de2d75e8/pax-jdbc-hsqldb/pom.xml#L79,<!-- JDBC drivers -->,[],Maven,8,79,79
7885,ops4j/org.ops4j.pax.jdbc,https://github.com/ops4j/org.ops4j.pax.jdbc/blob/c0f07b8010433de70190196eed4d0512de2d75e8/pax-jdbc-itest/pom.xml#L2,"<!--

    Copyright 2021 OPS4J.

    Licensed under the Apache License, Version 2.0 (the ""License"");
    you may not use this file except in compliance with the License.
    You may obtain a copy of the License at

        http://www.apache.org/licenses/LICENSE-2.0

    Unless required by applicable law or agreed to in writing, software
    distributed under the License is distributed on an ""AS IS"" BASIS,
    WITHOUT WARRANTIES OR CONDITIONS OF ANY KIND, either express or implied.
    See the License for the specific language governing permissions and
    limitations under the License.

-->",[],Maven,0,2,18
7885,ops4j/org.ops4j.pax.jdbc,https://github.com/ops4j/org.ops4j.pax.jdbc/blob/c0f07b8010433de70190196eed4d0512de2d75e8/pax-jdbc-itest/pom.xml#L55,<!-- pax-jdbc own artifacts -->,[],Maven,8,55,55
7885,ops4j/org.ops4j.pax.jdbc,https://github.com/ops4j/org.ops4j.pax.jdbc/blob/c0f07b8010433de70190196eed4d0512de2d75e8/pax-jdbc-itest/pom.xml#L138,<!-- OPS4J dependencies -->,[],Maven,8,138,138
7885,ops4j/org.ops4j.pax.jdbc,https://github.com/ops4j/org.ops4j.pax.jdbc/blob/c0f07b8010433de70190196eed4d0512de2d75e8/pax-jdbc-itest/pom.xml#L176,<!-- OSGi -->,[],Maven,8,176,176
7885,ops4j/org.ops4j.pax.jdbc,https://github.com/ops4j/org.ops4j.pax.jdbc/blob/c0f07b8010433de70190196eed4d0512de2d75e8/pax-jdbc-itest/pom.xml#L203,<!-- APIs -->,[],Maven,8,203,203
7885,ops4j/org.ops4j.pax.jdbc,https://github.com/ops4j/org.ops4j.pax.jdbc/blob/c0f07b8010433de70190196eed4d0512de2d75e8/pax-jdbc-itest/pom.xml#L221,<!-- Apache components -->,[],Maven,8,221,221
7885,ops4j/org.ops4j.pax.jdbc,https://github.com/ops4j/org.ops4j.pax.jdbc/blob/c0f07b8010433de70190196eed4d0512de2d75e8/pax-jdbc-itest/pom.xml#L229,<!--JBoss components -->,[],Maven,8,229,229
7885,ops4j/org.ops4j.pax.jdbc,https://github.com/ops4j/org.ops4j.pax.jdbc/blob/c0f07b8010433de70190196eed4d0512de2d75e8/pax-jdbc-itest/pom.xml#L237,<!-- JDBC drivers -->,[],Maven,8,237,237
7885,ops4j/org.ops4j.pax.jdbc,https://github.com/ops4j/org.ops4j.pax.jdbc/blob/c0f07b8010433de70190196eed4d0512de2d75e8/pax-jdbc-itest/pom.xml#L300,<!-- Logging -->,[],Maven,8,300,300
7885,ops4j/org.ops4j.pax.jdbc,https://github.com/ops4j/org.ops4j.pax.jdbc/blob/c0f07b8010433de70190196eed4d0512de2d75e8/pax-jdbc-itest/pom.xml#L313,<!-- Other dependencies -->,[],Maven,8,313,313
7885,ops4j/org.ops4j.pax.jdbc,https://github.com/ops4j/org.ops4j.pax.jdbc/blob/c0f07b8010433de70190196eed4d0512de2d75e8/pax-jdbc-itest/pom.xml#L345,<!-- Core plugins -->,[],Maven,12,345,345
7885,ops4j/org.ops4j.pax.jdbc,https://github.com/ops4j/org.ops4j.pax.jdbc/blob/c0f07b8010433de70190196eed4d0512de2d75e8/pax-jdbc-itest/pom.xml#L352,"<!--
                            to configure pax-exam with pax.exam.system=default which gives us more control over installed bundles
                            see: org.ops4j.pax.exam.ConfigurationManager.ConfigurationManager()
                        -->",[],Maven,24,352,355
7885,ops4j/org.ops4j.pax.jdbc,https://github.com/ops4j/org.ops4j.pax.jdbc/blob/c0f07b8010433de70190196eed4d0512de2d75e8/pax-jdbc-itest/pom.xml#L367,<!-- ServiceMix plugins -->,[],Maven,12,367,367
7885,ops4j/org.ops4j.pax.jdbc,https://github.com/ops4j/org.ops4j.pax.jdbc/blob/c0f07b8010433de70190196eed4d0512de2d75e8/pax-jdbc-jtds/pom.xml#L2,"<!--

    Copyright 2021 OPS4J.

    Licensed under the Apache License, Version 2.0 (the ""License"");
    you may not use this file except in compliance with the License.
    You may obtain a copy of the License at

        http://www.apache.org/licenses/LICENSE-2.0

    Unless required by applicable law or agreed to in writing, software
    distributed under the License is distributed on an ""AS IS"" BASIS,
    WITHOUT WARRANTIES OR CONDITIONS OF ANY KIND, either express or implied.
    See the License for the specific language governing permissions and
    limitations under the License.

-->",[],Maven,0,2,18
7885,ops4j/org.ops4j.pax.jdbc,https://github.com/ops4j/org.ops4j.pax.jdbc/blob/c0f07b8010433de70190196eed4d0512de2d75e8/pax-jdbc-jtds/pom.xml#L38,<!-- pax-jdbc own artifacts -->,[],Maven,8,38,38
7885,ops4j/org.ops4j.pax.jdbc,https://github.com/ops4j/org.ops4j.pax.jdbc/blob/c0f07b8010433de70190196eed4d0512de2d75e8/pax-jdbc-jtds/pom.xml#L45,<!-- OSGi -->,[],Maven,8,45,45
7885,ops4j/org.ops4j.pax.jdbc,https://github.com/ops4j/org.ops4j.pax.jdbc/blob/c0f07b8010433de70190196eed4d0512de2d75e8/pax-jdbc-jtds/pom.xml#L58,<!-- Test dependencies -->,[],Maven,8,58,58
7885,ops4j/org.ops4j.pax.jdbc,https://github.com/ops4j/org.ops4j.pax.jdbc/blob/c0f07b8010433de70190196eed4d0512de2d75e8/pax-jdbc-jtds/pom.xml#L66,<!-- Logging dependencies -->,[],Maven,8,66,66
7885,ops4j/org.ops4j.pax.jdbc,https://github.com/ops4j/org.ops4j.pax.jdbc/blob/c0f07b8010433de70190196eed4d0512de2d75e8/pax-jdbc-jtds/pom.xml#L79,<!-- JDBC drivers -->,[],Maven,8,79,79
7885,ops4j/org.ops4j.pax.jdbc,https://github.com/ops4j/org.ops4j.pax.jdbc/blob/c0f07b8010433de70190196eed4d0512de2d75e8/pax-jdbc-karaf-itest/pom.xml#L2,"<!--

    Copyright 2021 OPS4J.

    Licensed under the Apache License, Version 2.0 (the ""License"");
    you may not use this file except in compliance with the License.
    You may obtain a copy of the License at

        http://www.apache.org/licenses/LICENSE-2.0

    Unless required by applicable law or agreed to in writing, software
    distributed under the License is distributed on an ""AS IS"" BASIS,
    WITHOUT WARRANTIES OR CONDITIONS OF ANY KIND, either express or implied.
    See the License for the specific language governing permissions and
    limitations under the License.

-->",[],Maven,0,2,18
7885,ops4j/org.ops4j.pax.jdbc,https://github.com/ops4j/org.ops4j.pax.jdbc/blob/c0f07b8010433de70190196eed4d0512de2d75e8/pax-jdbc-karaf-itest/pom.xml#L37,<!-- pax-jdbc own artifacts -->,[],Maven,8,37,37
7885,ops4j/org.ops4j.pax.jdbc,https://github.com/ops4j/org.ops4j.pax.jdbc/blob/c0f07b8010433de70190196eed4d0512de2d75e8/pax-jdbc-karaf-itest/pom.xml#L46,<!-- OPS4J dependencies -->,[],Maven,8,46,46
7885,ops4j/org.ops4j.pax.jdbc,https://github.com/ops4j/org.ops4j.pax.jdbc/blob/c0f07b8010433de70190196eed4d0512de2d75e8/pax-jdbc-karaf-itest/pom.xml#L69,<!-- OSGi -->,[],Maven,8,69,69
7885,ops4j/org.ops4j.pax.jdbc,https://github.com/ops4j/org.ops4j.pax.jdbc/blob/c0f07b8010433de70190196eed4d0512de2d75e8/pax-jdbc-karaf-itest/pom.xml#L94,<!-- JDBC drivers -->,[],Maven,8,94,94
7885,ops4j/org.ops4j.pax.jdbc,https://github.com/ops4j/org.ops4j.pax.jdbc/blob/c0f07b8010433de70190196eed4d0512de2d75e8/pax-jdbc-karaf-itest/pom.xml#L101,<!-- Logging -->,[],Maven,8,101,101
7885,ops4j/org.ops4j.pax.jdbc,https://github.com/ops4j/org.ops4j.pax.jdbc/blob/c0f07b8010433de70190196eed4d0512de2d75e8/pax-jdbc-karaf-itest/pom.xml#L114,<!-- Other dependencies -->,[],Maven,8,114,114
7885,ops4j/org.ops4j.pax.jdbc,https://github.com/ops4j/org.ops4j.pax.jdbc/blob/c0f07b8010433de70190196eed4d0512de2d75e8/pax-jdbc-karaf-itest/pom.xml#L134,<!-- Core plugins -->,[],Maven,12,134,134
7885,ops4j/org.ops4j.pax.jdbc,https://github.com/ops4j/org.ops4j.pax.jdbc/blob/c0f07b8010433de70190196eed4d0512de2d75e8/pax-jdbc-karaf-itest/pom.xml#L151,<!-- ServiceMix plugins -->,[],Maven,12,151,151
7885,ops4j/org.ops4j.pax.jdbc,https://github.com/ops4j/org.ops4j.pax.jdbc/blob/c0f07b8010433de70190196eed4d0512de2d75e8/pax-jdbc-mariadb/pom.xml#L2,"<!--

    Copyright 2021 OPS4J.

    Licensed under the Apache License, Version 2.0 (the ""License"");
    you may not use this file except in compliance with the License.
    You may obtain a copy of the License at

        http://www.apache.org/licenses/LICENSE-2.0

    Unless required by applicable law or agreed to in writing, software
    distributed under the License is distributed on an ""AS IS"" BASIS,
    WITHOUT WARRANTIES OR CONDITIONS OF ANY KIND, either express or implied.
    See the License for the specific language governing permissions and
    limitations under the License.

-->",[],Maven,0,2,18
7885,ops4j/org.ops4j.pax.jdbc,https://github.com/ops4j/org.ops4j.pax.jdbc/blob/c0f07b8010433de70190196eed4d0512de2d75e8/pax-jdbc-mariadb/pom.xml#L38,<!-- pax-jdbc own artifacts -->,[],Maven,8,38,38
7885,ops4j/org.ops4j.pax.jdbc,https://github.com/ops4j/org.ops4j.pax.jdbc/blob/c0f07b8010433de70190196eed4d0512de2d75e8/pax-jdbc-mariadb/pom.xml#L45,<!-- OSGi -->,[],Maven,8,45,45
7885,ops4j/org.ops4j.pax.jdbc,https://github.com/ops4j/org.ops4j.pax.jdbc/blob/c0f07b8010433de70190196eed4d0512de2d75e8/pax-jdbc-mariadb/pom.xml#L58,<!-- Test dependencies -->,[],Maven,8,58,58
7885,ops4j/org.ops4j.pax.jdbc,https://github.com/ops4j/org.ops4j.pax.jdbc/blob/c0f07b8010433de70190196eed4d0512de2d75e8/pax-jdbc-mariadb/pom.xml#L66,<!-- Logging dependencies -->,[],Maven,8,66,66
7885,ops4j/org.ops4j.pax.jdbc,https://github.com/ops4j/org.ops4j.pax.jdbc/blob/c0f07b8010433de70190196eed4d0512de2d75e8/pax-jdbc-mariadb/pom.xml#L79,<!-- JDBC drivers -->,[],Maven,8,79,79
7885,ops4j/org.ops4j.pax.jdbc,https://github.com/ops4j/org.ops4j.pax.jdbc/blob/c0f07b8010433de70190196eed4d0512de2d75e8/pax-jdbc-mysql/pom.xml#L2,"<!--

    Copyright 2021 OPS4J.

    Licensed under the Apache License, Version 2.0 (the ""License"");
    you may not use this file except in compliance with the License.
    You may obtain a copy of the License at

        http://www.apache.org/licenses/LICENSE-2.0

    Unless required by applicable law or agreed to in writing, software
    distributed under the License is distributed on an ""AS IS"" BASIS,
    WITHOUT WARRANTIES OR CONDITIONS OF ANY KIND, either express or implied.
    See the License for the specific language governing permissions and
    limitations under the License.

-->",[],Maven,0,2,18
7885,ops4j/org.ops4j.pax.jdbc,https://github.com/ops4j/org.ops4j.pax.jdbc/blob/c0f07b8010433de70190196eed4d0512de2d75e8/pax-jdbc-mysql/pom.xml#L38,<!-- pax-jdbc own artifacts -->,[],Maven,8,38,38
7885,ops4j/org.ops4j.pax.jdbc,https://github.com/ops4j/org.ops4j.pax.jdbc/blob/c0f07b8010433de70190196eed4d0512de2d75e8/pax-jdbc-mysql/pom.xml#L45,<!-- OSGi -->,[],Maven,8,45,45
7885,ops4j/org.ops4j.pax.jdbc,https://github.com/ops4j/org.ops4j.pax.jdbc/blob/c0f07b8010433de70190196eed4d0512de2d75e8/pax-jdbc-mysql/pom.xml#L58,<!-- Test dependencies -->,[],Maven,8,58,58
7885,ops4j/org.ops4j.pax.jdbc,https://github.com/ops4j/org.ops4j.pax.jdbc/blob/c0f07b8010433de70190196eed4d0512de2d75e8/pax-jdbc-mysql/pom.xml#L66,<!-- Logging dependencies -->,[],Maven,8,66,66
7885,ops4j/org.ops4j.pax.jdbc,https://github.com/ops4j/org.ops4j.pax.jdbc/blob/c0f07b8010433de70190196eed4d0512de2d75e8/pax-jdbc-mysql/pom.xml#L79,<!-- JDBC drivers -->,[],Maven,8,79,79
7885,ops4j/org.ops4j.pax.jdbc,https://github.com/ops4j/org.ops4j.pax.jdbc/blob/c0f07b8010433de70190196eed4d0512de2d75e8/pax-jdbc-oracle/pom.xml#L2,"<!--

    Copyright 2021 OPS4J.

    Licensed under the Apache License, Version 2.0 (the ""License"");
    you may not use this file except in compliance with the License.
    You may obtain a copy of the License at

        http://www.apache.org/licenses/LICENSE-2.0

    Unless required by applicable law or agreed to in writing, software
    distributed under the License is distributed on an ""AS IS"" BASIS,
    WITHOUT WARRANTIES OR CONDITIONS OF ANY KIND, either express or implied.
    See the License for the specific language governing permissions and
    limitations under the License.

-->",[],Maven,0,2,18
7885,ops4j/org.ops4j.pax.jdbc,https://github.com/ops4j/org.ops4j.pax.jdbc/blob/c0f07b8010433de70190196eed4d0512de2d75e8/pax-jdbc-oracle/pom.xml#L38,<!-- pax-jdbc own artifacts -->,[],Maven,8,38,38
7885,ops4j/org.ops4j.pax.jdbc,https://github.com/ops4j/org.ops4j.pax.jdbc/blob/c0f07b8010433de70190196eed4d0512de2d75e8/pax-jdbc-oracle/pom.xml#L45,<!-- OSGi -->,[],Maven,8,45,45
7885,ops4j/org.ops4j.pax.jdbc,https://github.com/ops4j/org.ops4j.pax.jdbc/blob/c0f07b8010433de70190196eed4d0512de2d75e8/pax-jdbc-oracle/pom.xml#L58,<!-- Test dependencies -->,[],Maven,8,58,58
7885,ops4j/org.ops4j.pax.jdbc,https://github.com/ops4j/org.ops4j.pax.jdbc/blob/c0f07b8010433de70190196eed4d0512de2d75e8/pax-jdbc-oracle/pom.xml#L66,<!-- Logging dependencies -->,[],Maven,8,66,66
7885,ops4j/org.ops4j.pax.jdbc,https://github.com/ops4j/org.ops4j.pax.jdbc/blob/c0f07b8010433de70190196eed4d0512de2d75e8/pax-jdbc-oracle/pom.xml#L79,<!-- JDBC drivers -->,[],Maven,8,79,79
7885,ops4j/org.ops4j.pax.jdbc,https://github.com/ops4j/org.ops4j.pax.jdbc/blob/c0f07b8010433de70190196eed4d0512de2d75e8/pax-jdbc-pool-aries/pom.xml#L2,"<!--

    Copyright 2021 OPS4J.

    Licensed under the Apache License, Version 2.0 (the ""License"");
    you may not use this file except in compliance with the License.
    You may obtain a copy of the License at

        http://www.apache.org/licenses/LICENSE-2.0

    Unless required by applicable law or agreed to in writing, software
    distributed under the License is distributed on an ""AS IS"" BASIS,
    WITHOUT WARRANTIES OR CONDITIONS OF ANY KIND, either express or implied.
    See the License for the specific language governing permissions and
    limitations under the License.

-->",[],Maven,0,2,18
7885,ops4j/org.ops4j.pax.jdbc,https://github.com/ops4j/org.ops4j.pax.jdbc/blob/c0f07b8010433de70190196eed4d0512de2d75e8/pax-jdbc-pool-aries/pom.xml#L38,<!-- pax-jdbc own artifacts -->,[],Maven,8,38,38
7885,ops4j/org.ops4j.pax.jdbc,https://github.com/ops4j/org.ops4j.pax.jdbc/blob/c0f07b8010433de70190196eed4d0512de2d75e8/pax-jdbc-pool-aries/pom.xml#L49,<!-- OSGi -->,[],Maven,8,49,49
7885,ops4j/org.ops4j.pax.jdbc,https://github.com/ops4j/org.ops4j.pax.jdbc/blob/c0f07b8010433de70190196eed4d0512de2d75e8/pax-jdbc-pool-aries/pom.xml#L73,<!-- APIs -->,[],Maven,8,73,73
7885,ops4j/org.ops4j.pax.jdbc,https://github.com/ops4j/org.ops4j.pax.jdbc/blob/c0f07b8010433de70190196eed4d0512de2d75e8/pax-jdbc-pool-aries/pom.xml#L80,<!-- Logging dependencies -->,[],Maven,8,80,80
7885,ops4j/org.ops4j.pax.jdbc,https://github.com/ops4j/org.ops4j.pax.jdbc/blob/c0f07b8010433de70190196eed4d0512de2d75e8/pax-jdbc-pool-c3p0/pom.xml#L2,"<!--

    Copyright 2021 OPS4J.

    Licensed under the Apache License, Version 2.0 (the ""License"");
    you may not use this file except in compliance with the License.
    You may obtain a copy of the License at

        http://www.apache.org/licenses/LICENSE-2.0

    Unless required by applicable law or agreed to in writing, software
    distributed under the License is distributed on an ""AS IS"" BASIS,
    WITHOUT WARRANTIES OR CONDITIONS OF ANY KIND, either express or implied.
    See the License for the specific language governing permissions and
    limitations under the License.

-->",[],Maven,0,2,18
7885,ops4j/org.ops4j.pax.jdbc,https://github.com/ops4j/org.ops4j.pax.jdbc/blob/c0f07b8010433de70190196eed4d0512de2d75e8/pax-jdbc-pool-c3p0/pom.xml#L38,<!-- pax-jdbc own artifacts -->,[],Maven,8,38,38
7885,ops4j/org.ops4j.pax.jdbc,https://github.com/ops4j/org.ops4j.pax.jdbc/blob/c0f07b8010433de70190196eed4d0512de2d75e8/pax-jdbc-pool-c3p0/pom.xml#L49,<!-- OSGi -->,[],Maven,8,49,49
7885,ops4j/org.ops4j.pax.jdbc,https://github.com/ops4j/org.ops4j.pax.jdbc/blob/c0f07b8010433de70190196eed4d0512de2d75e8/pax-jdbc-pool-c3p0/pom.xml#L62,<!-- APIs -->,[],Maven,8,62,62
7885,ops4j/org.ops4j.pax.jdbc,https://github.com/ops4j/org.ops4j.pax.jdbc/blob/c0f07b8010433de70190196eed4d0512de2d75e8/pax-jdbc-pool-c3p0/pom.xml#L69,<!-- Logging dependencies -->,[],Maven,8,69,69
7885,ops4j/org.ops4j.pax.jdbc,https://github.com/ops4j/org.ops4j.pax.jdbc/blob/c0f07b8010433de70190196eed4d0512de2d75e8/pax-jdbc-pool-c3p0/pom.xml#L77,<!-- Other dependencies -->,[],Maven,8,77,77
7885,ops4j/org.ops4j.pax.jdbc,https://github.com/ops4j/org.ops4j.pax.jdbc/blob/c0f07b8010433de70190196eed4d0512de2d75e8/pax-jdbc-pool-common/pom.xml#L2,"<!--

    Copyright 2021 OPS4J.

    Licensed under the Apache License, Version 2.0 (the ""License"");
    you may not use this file except in compliance with the License.
    You may obtain a copy of the License at

        http://www.apache.org/licenses/LICENSE-2.0

    Unless required by applicable law or agreed to in writing, software
    distributed under the License is distributed on an ""AS IS"" BASIS,
    WITHOUT WARRANTIES OR CONDITIONS OF ANY KIND, either express or implied.
    See the License for the specific language governing permissions and
    limitations under the License.

-->",[],Maven,0,2,18
7885,ops4j/org.ops4j.pax.jdbc,https://github.com/ops4j/org.ops4j.pax.jdbc/blob/c0f07b8010433de70190196eed4d0512de2d75e8/pax-jdbc-pool-common/pom.xml#L38,<!-- OSGi -->,[],Maven,8,38,38
7885,ops4j/org.ops4j.pax.jdbc,https://github.com/ops4j/org.ops4j.pax.jdbc/blob/c0f07b8010433de70190196eed4d0512de2d75e8/pax-jdbc-pool-common/pom.xml#L51,<!-- APIs -->,[],Maven,8,51,51
7885,ops4j/org.ops4j.pax.jdbc,https://github.com/ops4j/org.ops4j.pax.jdbc/blob/c0f07b8010433de70190196eed4d0512de2d75e8/pax-jdbc-pool-common/pom.xml#L58,<!-- Logging dependencies -->,[],Maven,8,58,58
7885,ops4j/org.ops4j.pax.jdbc,https://github.com/ops4j/org.ops4j.pax.jdbc/blob/c0f07b8010433de70190196eed4d0512de2d75e8/pax-jdbc-pool-dbcp2/pom.xml#L2,"<!--

    Copyright 2021 OPS4J.

    Licensed under the Apache License, Version 2.0 (the ""License"");
    you may not use this file except in compliance with the License.
    You may obtain a copy of the License at

        http://www.apache.org/licenses/LICENSE-2.0

    Unless required by applicable law or agreed to in writing, software
    distributed under the License is distributed on an ""AS IS"" BASIS,
    WITHOUT WARRANTIES OR CONDITIONS OF ANY KIND, either express or implied.
    See the License for the specific language governing permissions and
    limitations under the License.

-->",[],Maven,0,2,18
7885,ops4j/org.ops4j.pax.jdbc,https://github.com/ops4j/org.ops4j.pax.jdbc/blob/c0f07b8010433de70190196eed4d0512de2d75e8/pax-jdbc-pool-dbcp2/pom.xml#L38,<!-- pax-jdbc own artifacts -->,[],Maven,8,38,38
7885,ops4j/org.ops4j.pax.jdbc,https://github.com/ops4j/org.ops4j.pax.jdbc/blob/c0f07b8010433de70190196eed4d0512de2d75e8/pax-jdbc-pool-dbcp2/pom.xml#L54,<!-- OSGi -->,[],Maven,8,54,54
7885,ops4j/org.ops4j.pax.jdbc,https://github.com/ops4j/org.ops4j.pax.jdbc/blob/c0f07b8010433de70190196eed4d0512de2d75e8/pax-jdbc-pool-dbcp2/pom.xml#L67,<!-- APIs -->,[],Maven,8,67,67
7885,ops4j/org.ops4j.pax.jdbc,https://github.com/ops4j/org.ops4j.pax.jdbc/blob/c0f07b8010433de70190196eed4d0512de2d75e8/pax-jdbc-pool-dbcp2/pom.xml#L74,<!-- Test dependencies -->,[],Maven,8,74,74
7885,ops4j/org.ops4j.pax.jdbc,https://github.com/ops4j/org.ops4j.pax.jdbc/blob/c0f07b8010433de70190196eed4d0512de2d75e8/pax-jdbc-pool-dbcp2/pom.xml#L87,<!-- Logging dependencies -->,[],Maven,8,87,87
7885,ops4j/org.ops4j.pax.jdbc,https://github.com/ops4j/org.ops4j.pax.jdbc/blob/c0f07b8010433de70190196eed4d0512de2d75e8/pax-jdbc-pool-dbcp2/pom.xml#L105,<!-- Apache components -->,[],Maven,8,105,105
7885,ops4j/org.ops4j.pax.jdbc,https://github.com/ops4j/org.ops4j.pax.jdbc/blob/c0f07b8010433de70190196eed4d0512de2d75e8/pax-jdbc-pool-dbcp2/pom.xml#L116,<!--JBoss components -->,[],Maven,8,116,116
7885,ops4j/org.ops4j.pax.jdbc,https://github.com/ops4j/org.ops4j.pax.jdbc/blob/c0f07b8010433de70190196eed4d0512de2d75e8/pax-jdbc-pool-hikaricp/pom.xml#L2,"<!--

    Copyright 2021 OPS4J.

    Licensed under the Apache License, Version 2.0 (the ""License"");
    you may not use this file except in compliance with the License.
    You may obtain a copy of the License at

        http://www.apache.org/licenses/LICENSE-2.0

    Unless required by applicable law or agreed to in writing, software
    distributed under the License is distributed on an ""AS IS"" BASIS,
    WITHOUT WARRANTIES OR CONDITIONS OF ANY KIND, either express or implied.
    See the License for the specific language governing permissions and
    limitations under the License.

-->",[],Maven,0,2,18
7885,ops4j/org.ops4j.pax.jdbc,https://github.com/ops4j/org.ops4j.pax.jdbc/blob/c0f07b8010433de70190196eed4d0512de2d75e8/pax-jdbc-pool-hikaricp/pom.xml#L38,<!-- pax-jdbc own artifacts -->,[],Maven,8,38,38
7885,ops4j/org.ops4j.pax.jdbc,https://github.com/ops4j/org.ops4j.pax.jdbc/blob/c0f07b8010433de70190196eed4d0512de2d75e8/pax-jdbc-pool-hikaricp/pom.xml#L45,<!-- OSGi -->,[],Maven,8,45,45
7885,ops4j/org.ops4j.pax.jdbc,https://github.com/ops4j/org.ops4j.pax.jdbc/blob/c0f07b8010433de70190196eed4d0512de2d75e8/pax-jdbc-pool-hikaricp/pom.xml#L58,<!-- APIs -->,[],Maven,8,58,58
7885,ops4j/org.ops4j.pax.jdbc,https://github.com/ops4j/org.ops4j.pax.jdbc/blob/c0f07b8010433de70190196eed4d0512de2d75e8/pax-jdbc-pool-hikaricp/pom.xml#L65,<!-- Test dependencies -->,[],Maven,8,65,65
7885,ops4j/org.ops4j.pax.jdbc,https://github.com/ops4j/org.ops4j.pax.jdbc/blob/c0f07b8010433de70190196eed4d0512de2d75e8/pax-jdbc-pool-hikaricp/pom.xml#L78,<!-- Logging dependencies -->,[],Maven,8,78,78
7885,ops4j/org.ops4j.pax.jdbc,https://github.com/ops4j/org.ops4j.pax.jdbc/blob/c0f07b8010433de70190196eed4d0512de2d75e8/pax-jdbc-pool-hikaricp/pom.xml#L91,<!-- Other dependencies -->,[],Maven,8,91,91
7885,ops4j/org.ops4j.pax.jdbc,https://github.com/ops4j/org.ops4j.pax.jdbc/blob/c0f07b8010433de70190196eed4d0512de2d75e8/pax-jdbc-pool-narayana/pom.xml#L2,"<!--

    Copyright 2021 OPS4J.

    Licensed under the Apache License, Version 2.0 (the ""License"");
    you may not use this file except in compliance with the License.
    You may obtain a copy of the License at

        http://www.apache.org/licenses/LICENSE-2.0

    Unless required by applicable law or agreed to in writing, software
    distributed under the License is distributed on an ""AS IS"" BASIS,
    WITHOUT WARRANTIES OR CONDITIONS OF ANY KIND, either express or implied.
    See the License for the specific language governing permissions and
    limitations under the License.

-->",[],Maven,0,2,18
7885,ops4j/org.ops4j.pax.jdbc,https://github.com/ops4j/org.ops4j.pax.jdbc/blob/c0f07b8010433de70190196eed4d0512de2d75e8/pax-jdbc-pool-narayana/pom.xml#L38,<!-- pax-jdbc own artifacts -->,[],Maven,8,38,38
7885,ops4j/org.ops4j.pax.jdbc,https://github.com/ops4j/org.ops4j.pax.jdbc/blob/c0f07b8010433de70190196eed4d0512de2d75e8/pax-jdbc-pool-narayana/pom.xml#L49,<!-- OSGi -->,[],Maven,8,49,49
7885,ops4j/org.ops4j.pax.jdbc,https://github.com/ops4j/org.ops4j.pax.jdbc/blob/c0f07b8010433de70190196eed4d0512de2d75e8/pax-jdbc-pool-narayana/pom.xml#L62,<!-- APIs -->,[],Maven,8,62,62
7885,ops4j/org.ops4j.pax.jdbc,https://github.com/ops4j/org.ops4j.pax.jdbc/blob/c0f07b8010433de70190196eed4d0512de2d75e8/pax-jdbc-pool-narayana/pom.xml#L69,<!-- Test dependencies -->,[],Maven,8,69,69
7885,ops4j/org.ops4j.pax.jdbc,https://github.com/ops4j/org.ops4j.pax.jdbc/blob/c0f07b8010433de70190196eed4d0512de2d75e8/pax-jdbc-pool-narayana/pom.xml#L82,<!-- Logging dependencies -->,[],Maven,8,82,82
7885,ops4j/org.ops4j.pax.jdbc,https://github.com/ops4j/org.ops4j.pax.jdbc/blob/c0f07b8010433de70190196eed4d0512de2d75e8/pax-jdbc-pool-narayana/pom.xml#L100,<!-- Apache components -->,[],Maven,8,100,100
7885,ops4j/org.ops4j.pax.jdbc,https://github.com/ops4j/org.ops4j.pax.jdbc/blob/c0f07b8010433de70190196eed4d0512de2d75e8/pax-jdbc-pool-narayana/pom.xml#L111,<!--JBoss components -->,[],Maven,8,111,111
7885,ops4j/org.ops4j.pax.jdbc,https://github.com/ops4j/org.ops4j.pax.jdbc/blob/c0f07b8010433de70190196eed4d0512de2d75e8/pax-jdbc-pool-transx/pom.xml#L2,"<!--

    Copyright 2021 OPS4J.

    Licensed under the Apache License, Version 2.0 (the ""License"");
    you may not use this file except in compliance with the License.
    You may obtain a copy of the License at

        http://www.apache.org/licenses/LICENSE-2.0

    Unless required by applicable law or agreed to in writing, software
    distributed under the License is distributed on an ""AS IS"" BASIS,
    WITHOUT WARRANTIES OR CONDITIONS OF ANY KIND, either express or implied.
    See the License for the specific language governing permissions and
    limitations under the License.

-->",[],Maven,0,2,18
7885,ops4j/org.ops4j.pax.jdbc,https://github.com/ops4j/org.ops4j.pax.jdbc/blob/c0f07b8010433de70190196eed4d0512de2d75e8/pax-jdbc-pool-transx/pom.xml#L38,<!-- pax-jdbc own artifacts -->,[],Maven,8,38,38
7885,ops4j/org.ops4j.pax.jdbc,https://github.com/ops4j/org.ops4j.pax.jdbc/blob/c0f07b8010433de70190196eed4d0512de2d75e8/pax-jdbc-pool-transx/pom.xml#L45,<!-- OPS4J dependencies -->,[],Maven,8,45,45
7885,ops4j/org.ops4j.pax.jdbc,https://github.com/ops4j/org.ops4j.pax.jdbc/blob/c0f07b8010433de70190196eed4d0512de2d75e8/pax-jdbc-pool-transx/pom.xml#L52,<!-- OSGi -->,[],Maven,8,52,52
7885,ops4j/org.ops4j.pax.jdbc,https://github.com/ops4j/org.ops4j.pax.jdbc/blob/c0f07b8010433de70190196eed4d0512de2d75e8/pax-jdbc-pool-transx/pom.xml#L65,<!-- APIs -->,[],Maven,8,65,65
7885,ops4j/org.ops4j.pax.jdbc,https://github.com/ops4j/org.ops4j.pax.jdbc/blob/c0f07b8010433de70190196eed4d0512de2d75e8/pax-jdbc-pool-transx/pom.xml#L72,<!-- Test dependencies -->,[],Maven,8,72,72
7885,ops4j/org.ops4j.pax.jdbc,https://github.com/ops4j/org.ops4j.pax.jdbc/blob/c0f07b8010433de70190196eed4d0512de2d75e8/pax-jdbc-pool-transx/pom.xml#L85,<!-- Logging dependencies -->,[],Maven,8,85,85
7885,ops4j/org.ops4j.pax.jdbc,https://github.com/ops4j/org.ops4j.pax.jdbc/blob/c0f07b8010433de70190196eed4d0512de2d75e8/pax-jdbc-report/pom.xml#L2,"<!--

    Copyright 2021 OPS4J.

    Licensed under the Apache License, Version 2.0 (the ""License"");
    you may not use this file except in compliance with the License.
    You may obtain a copy of the License at

        http://www.apache.org/licenses/LICENSE-2.0

    Unless required by applicable law or agreed to in writing, software
    distributed under the License is distributed on an ""AS IS"" BASIS,
    WITHOUT WARRANTIES OR CONDITIONS OF ANY KIND, either express or implied.
    See the License for the specific language governing permissions and
    limitations under the License.

-->",[],Maven,0,2,18
7885,ops4j/org.ops4j.pax.jdbc,https://github.com/ops4j/org.ops4j.pax.jdbc/blob/c0f07b8010433de70190196eed4d0512de2d75e8/pax-jdbc-sqlite/pom.xml#L2,"<!--

    Copyright 2021 OPS4J.

    Licensed under the Apache License, Version 2.0 (the ""License"");
    you may not use this file except in compliance with the License.
    You may obtain a copy of the License at

        http://www.apache.org/licenses/LICENSE-2.0

    Unless required by applicable law or agreed to in writing, software
    distributed under the License is distributed on an ""AS IS"" BASIS,
    WITHOUT WARRANTIES OR CONDITIONS OF ANY KIND, either express or implied.
    See the License for the specific language governing permissions and
    limitations under the License.

-->",[],Maven,0,2,18
7885,ops4j/org.ops4j.pax.jdbc,https://github.com/ops4j/org.ops4j.pax.jdbc/blob/c0f07b8010433de70190196eed4d0512de2d75e8/pax-jdbc-sqlite/pom.xml#L38,<!-- pax-jdbc own artifacts -->,[],Maven,8,38,38
7885,ops4j/org.ops4j.pax.jdbc,https://github.com/ops4j/org.ops4j.pax.jdbc/blob/c0f07b8010433de70190196eed4d0512de2d75e8/pax-jdbc-sqlite/pom.xml#L45,<!-- OSGi -->,[],Maven,8,45,45
7885,ops4j/org.ops4j.pax.jdbc,https://github.com/ops4j/org.ops4j.pax.jdbc/blob/c0f07b8010433de70190196eed4d0512de2d75e8/pax-jdbc-sqlite/pom.xml#L58,<!-- Test dependencies -->,[],Maven,8,58,58
7885,ops4j/org.ops4j.pax.jdbc,https://github.com/ops4j/org.ops4j.pax.jdbc/blob/c0f07b8010433de70190196eed4d0512de2d75e8/pax-jdbc-sqlite/pom.xml#L66,<!-- Logging dependencies -->,[],Maven,8,66,66
7885,ops4j/org.ops4j.pax.jdbc,https://github.com/ops4j/org.ops4j.pax.jdbc/blob/c0f07b8010433de70190196eed4d0512de2d75e8/pax-jdbc-sqlite/pom.xml#L79,<!-- JDBC drivers -->,[],Maven,8,79,79
7885,ops4j/org.ops4j.pax.jdbc,https://github.com/ops4j/org.ops4j.pax.jdbc/blob/c0f07b8010433de70190196eed4d0512de2d75e8/pax-jdbc-teradata/pom.xml#L2,"<!--

    Copyright 2021 OPS4J.

    Licensed under the Apache License, Version 2.0 (the ""License"");
    you may not use this file except in compliance with the License.
    You may obtain a copy of the License at

        http://www.apache.org/licenses/LICENSE-2.0

    Unless required by applicable law or agreed to in writing, software
    distributed under the License is distributed on an ""AS IS"" BASIS,
    WITHOUT WARRANTIES OR CONDITIONS OF ANY KIND, either express or implied.
    See the License for the specific language governing permissions and
    limitations under the License.

-->",[],Maven,0,2,18
7885,ops4j/org.ops4j.pax.jdbc,https://github.com/ops4j/org.ops4j.pax.jdbc/blob/c0f07b8010433de70190196eed4d0512de2d75e8/pax-jdbc-teradata/pom.xml#L38,<!-- pax-jdbc own artifacts -->,[],Maven,8,38,38
7885,ops4j/org.ops4j.pax.jdbc,https://github.com/ops4j/org.ops4j.pax.jdbc/blob/c0f07b8010433de70190196eed4d0512de2d75e8/pax-jdbc-teradata/pom.xml#L45,<!-- OSGi -->,[],Maven,8,45,45
7885,ops4j/org.ops4j.pax.jdbc,https://github.com/ops4j/org.ops4j.pax.jdbc/blob/c0f07b8010433de70190196eed4d0512de2d75e8/pax-jdbc-teradata/pom.xml#L58,<!-- Test dependencies -->,[],Maven,8,58,58
7885,ops4j/org.ops4j.pax.jdbc,https://github.com/ops4j/org.ops4j.pax.jdbc/blob/c0f07b8010433de70190196eed4d0512de2d75e8/pax-jdbc-teradata/pom.xml#L66,<!-- Logging dependencies -->,[],Maven,8,66,66
7885,ops4j/org.ops4j.pax.jdbc,https://github.com/ops4j/org.ops4j.pax.jdbc/blob/c0f07b8010433de70190196eed4d0512de2d75e8/pax-jdbc/pom.xml#L2,"<!--

    Copyright 2021 OPS4J.

    Licensed under the Apache License, Version 2.0 (the ""License"");
    you may not use this file except in compliance with the License.
    You may obtain a copy of the License at

        http://www.apache.org/licenses/LICENSE-2.0

    Unless required by applicable law or agreed to in writing, software
    distributed under the License is distributed on an ""AS IS"" BASIS,
    WITHOUT WARRANTIES OR CONDITIONS OF ANY KIND, either express or implied.
    See the License for the specific language governing permissions and
    limitations under the License.

-->",[],Maven,0,2,18
7885,ops4j/org.ops4j.pax.jdbc,https://github.com/ops4j/org.ops4j.pax.jdbc/blob/c0f07b8010433de70190196eed4d0512de2d75e8/pax-jdbc/pom.xml#L38,<!-- OSGi -->,[],Maven,8,38,38
7885,ops4j/org.ops4j.pax.jdbc,https://github.com/ops4j/org.ops4j.pax.jdbc/blob/c0f07b8010433de70190196eed4d0512de2d75e8/pax-jdbc/pom.xml#L51,<!-- Logging dependencies -->,[],Maven,8,51,51
