repoIndex,repoName,linkLocation,comment,keywords,buildSysteminFile,charPosition,startLine,endLine
963,marton78/pffft,https://github.com/marton78/pffft/blob/08f5ed2618ac06d7dcc83d209d7253dc215274d5/CMakeLists.txt#L4,# smaller library size?,[],CMake,0,4,4
963,marton78/pffft,https://github.com/marton78/pffft/blob/08f5ed2618ac06d7dcc83d209d7253dc215274d5/CMakeLists.txt#L8,# architecture/optimization options,[],CMake,0,8,8
963,marton78/pffft,https://github.com/marton78/pffft/blob/08f5ed2618ac06d7dcc83d209d7253dc215274d5/CMakeLists.txt#L12,# what to install?,[],CMake,0,12,12
963,marton78/pffft,https://github.com/marton78/pffft/blob/08f5ed2618ac06d7dcc83d209d7253dc215274d5/CMakeLists.txt#L17,# test options,[],CMake,0,17,17
963,marton78/pffft,https://github.com/marton78/pffft/blob/08f5ed2618ac06d7dcc83d209d7253dc215274d5/CMakeLists.txt#L29,"# C90 requires the gcc extensions for function attributes like always_inline
# C99 provides the function attributes: no gcc extensions required",[],CMake,0,29,30
963,marton78/pffft,https://github.com/marton78/pffft/blob/08f5ed2618ac06d7dcc83d209d7253dc215274d5/CMakeLists.txt#L38,# populate what to install,[],CMake,0,38,38
963,marton78/pffft,https://github.com/marton78/pffft/blob/08f5ed2618ac06d7dcc83d209d7253dc215274d5/CMakeLists.txt#L53,# if (TARGET MIPP),[],CMake,0,53,53
963,marton78/pffft,https://github.com/marton78/pffft/blob/08f5ed2618ac06d7dcc83d209d7253dc215274d5/CMakeLists.txt#L94,# git submodule add https://github.com/hayguen/kissfft.git,[],CMake,2,94,94
963,marton78/pffft,https://github.com/marton78/pffft/blob/08f5ed2618ac06d7dcc83d209d7253dc215274d5/CMakeLists.txt#L105,# git submodule add https://github.com/hayguen/pocketfft.git,[],CMake,2,105,105
963,marton78/pffft,https://github.com/marton78/pffft/blob/08f5ed2618ac06d7dcc83d209d7253dc215274d5/CMakeLists.txt#L116,"########################################################################
# select the release build type by default to get optimization flags
########################################################################",[],CMake,0,116,118
963,marton78/pffft,https://github.com/marton78/pffft/blob/08f5ed2618ac06d7dcc83d209d7253dc215274d5/CMakeLists.txt#L125,# using Visual Studio C++,[],CMake,2,125,125
963,marton78/pffft,https://github.com/marton78/pffft/blob/08f5ed2618ac06d7dcc83d209d7253dc215274d5/CMakeLists.txt#L171,######################################################,[],CMake,0,171,171
963,marton78/pffft,https://github.com/marton78/pffft/blob/08f5ed2618ac06d7dcc83d209d7253dc215274d5/CMakeLists.txt#L196,######################################################,[],CMake,0,196,196
963,marton78/pffft,https://github.com/marton78/pffft/blob/08f5ed2618ac06d7dcc83d209d7253dc215274d5/CMakeLists.txt#L223,######################################################,[],CMake,0,223,223
963,marton78/pffft,https://github.com/marton78/pffft/blob/08f5ed2618ac06d7dcc83d209d7253dc215274d5/CMakeLists.txt#L227,# float / single precision,[],CMake,2,227,227
963,marton78/pffft,https://github.com/marton78/pffft/blob/08f5ed2618ac06d7dcc83d209d7253dc215274d5/CMakeLists.txt#L236,# double precision,[],CMake,2,236,236
963,marton78/pffft,https://github.com/marton78/pffft/blob/08f5ed2618ac06d7dcc83d209d7253dc215274d5/CMakeLists.txt#L246,# builtin test program of fftpack,[],CMake,2,246,246
963,marton78/pffft,https://github.com/marton78/pffft/blob/08f5ed2618ac06d7dcc83d209d7253dc215274d5/CMakeLists.txt#L257,######################################################,[],CMake,0,257,257
963,marton78/pffft,https://github.com/marton78/pffft/blob/08f5ed2618ac06d7dcc83d209d7253dc215274d5/CMakeLists.txt#L260,# only 'float' supported in PFFASTCONV,[],CMake,2,260,260
963,marton78/pffft,https://github.com/marton78/pffft/blob/08f5ed2618ac06d7dcc83d209d7253dc215274d5/CMakeLists.txt#L279,######################################################,[],CMake,0,279,279
963,marton78/pffft,https://github.com/marton78/pffft/blob/08f5ed2618ac06d7dcc83d209d7253dc215274d5/CMakeLists.txt#L288,#######################################################,[],CMake,0,288,288
963,marton78/pffft,https://github.com/marton78/pffft/blob/08f5ed2618ac06d7dcc83d209d7253dc215274d5/CMakeLists.txt#L297,######################################################,[],CMake,0,297,297
963,marton78/pffft,https://github.com/marton78/pffft/blob/08f5ed2618ac06d7dcc83d209d7253dc215274d5/CMakeLists.txt#L306,######################################################,[],CMake,0,306,306
963,marton78/pffft,https://github.com/marton78/pffft/blob/08f5ed2618ac06d7dcc83d209d7253dc215274d5/CMakeLists.txt#L317,######################################################,[],CMake,0,317,317
963,marton78/pffft,https://github.com/marton78/pffft/blob/08f5ed2618ac06d7dcc83d209d7253dc215274d5/CMakeLists.txt#L329,######################################################,[],CMake,0,329,329
963,marton78/pffft,https://github.com/marton78/pffft/blob/08f5ed2618ac06d7dcc83d209d7253dc215274d5/CMakeLists.txt#L344,######################################################,[],CMake,0,344,344
963,marton78/pffft,https://github.com/marton78/pffft/blob/08f5ed2618ac06d7dcc83d209d7253dc215274d5/CMakeLists.txt#L362,######################################################,[],CMake,0,362,362
963,marton78/pffft,https://github.com/marton78/pffft/blob/08f5ed2618ac06d7dcc83d209d7253dc215274d5/CMakeLists.txt#L401,# has chances to work,[],CMake,6,401,401
963,marton78/pffft,https://github.com/marton78/pffft/blob/08f5ed2618ac06d7dcc83d209d7253dc215274d5/CMakeLists.txt#L403,"# other PROCESSORs could be ""ppc"", ""ppc64"",  ""arm"", ""aarch64"", ""armv7l"" - or something else?!",[],CMake,6,403,403
963,marton78/pffft,https://github.com/marton78/pffft/blob/08f5ed2618ac06d7dcc83d209d7253dc215274d5/CMakeLists.txt#L438,# has chances to work,[],CMake,6,438,438
963,marton78/pffft,https://github.com/marton78/pffft/blob/08f5ed2618ac06d7dcc83d209d7253dc215274d5/CMakeLists.txt#L440,"# other PROCESSORs could be ""ppc"", ""ppc64"",  ""arm"", ""aarch64"", ""armv7l"" - or something else?!",[],CMake,6,440,440
963,marton78/pffft,https://github.com/marton78/pffft/blob/08f5ed2618ac06d7dcc83d209d7253dc215274d5/CMakeLists.txt#L449,######################################################,[],CMake,0,449,449
963,marton78/pffft,https://github.com/marton78/pffft/blob/08f5ed2618ac06d7dcc83d209d7253dc215274d5/CMakeLists.txt#L467,############################################################################,[],CMake,2,467,467
963,marton78/pffft,https://github.com/marton78/pffft/blob/08f5ed2618ac06d7dcc83d209d7253dc215274d5/CMakeLists.txt#L492,# emulate a map,[],CMake,39,492,492
963,marton78/pffft,https://github.com/marton78/pffft/blob/08f5ed2618ac06d7dcc83d209d7253dc215274d5/CMakeLists.txt#L499,# emulate a map,[],CMake,38,499,499
963,marton78/pffft,https://github.com/marton78/pffft/blob/08f5ed2618ac06d7dcc83d209d7253dc215274d5/CMakeLists.txt#L512,# emulate a map for arch,[],CMake,47,512,512
963,marton78/pffft,https://github.com/marton78/pffft/blob/08f5ed2618ac06d7dcc83d209d7253dc215274d5/CMakeLists.txt#L524,# emulate a map for arch,[],CMake,56,524,524
963,marton78/pffft,https://github.com/marton78/pffft/blob/08f5ed2618ac06d7dcc83d209d7253dc215274d5/CMakeLists.txt#L525,# emulate a map for additional options (EXTRA),[],CMake,56,525,525
963,marton78/pffft,https://github.com/marton78/pffft/blob/08f5ed2618ac06d7dcc83d209d7253dc215274d5/CMakeLists.txt#L576,############################################################################,[],CMake,2,576,576
963,marton78/pffft,https://github.com/marton78/pffft/blob/08f5ed2618ac06d7dcc83d209d7253dc215274d5/CMakeLists.txt#L598,######################################################,[],CMake,0,598,598
963,marton78/pffft,https://github.com/marton78/pffft/blob/08f5ed2618ac06d7dcc83d209d7253dc215274d5/CMakeLists.txt#L602,######################################################,[],CMake,0,602,602
963,marton78/pffft,https://github.com/marton78/pffft/blob/08f5ed2618ac06d7dcc83d209d7253dc215274d5/CMakeLists.txt#L637,"# add_test(NAME bench_plots
#   COMMAND bash ""-c"" ""${CMAKE_CURRENT_SOURCE_DIR}/plots.sh""
#   WORKING_DIRECTORY ${CMAKE_CURRENT_BINARY_DIR}
# )",[],CMake,2,637,640
963,marton78/pffft,https://github.com/marton78/pffft/blob/08f5ed2618ac06d7dcc83d209d7253dc215274d5/bench/CMakeLists.txt#L12,"# others: ""Intel""",[],CMake,46,12,12
963,marton78/pffft,https://github.com/marton78/pffft/blob/08f5ed2618ac06d7dcc83d209d7253dc215274d5/bench/CMakeLists.txt#L18,# architecture/optimization options,[],CMake,0,18,18
963,marton78/pffft,https://github.com/marton78/pffft/blob/08f5ed2618ac06d7dcc83d209d7253dc215274d5/bench/CMakeLists.txt#L145,"# COMMAND ${CMAKE_COMMAND} -E echo ""start cmake --build . for float in ${builddir_flt}""",[],CMake,2,145,145
963,marton78/pffft,https://github.com/marton78/pffft/blob/08f5ed2618ac06d7dcc83d209d7253dc215274d5/bench/CMakeLists.txt#L196,"# DEPENDS ""${benchdir}/info.txt"" ""${benchdir}/unix_info.txt""",[],CMake,2,196,196
963,marton78/pffft,https://github.com/marton78/pffft/blob/08f5ed2618ac06d7dcc83d209d7253dc215274d5/examples/CMakeLists.txt#L5,# using Visual Studio C++,[],CMake,2,5,5
963,marton78/pffft,https://github.com/marton78/pffft/blob/08f5ed2618ac06d7dcc83d209d7253dc215274d5/mingw-w32-i686.cmake#L1,"# Sample toolchain file for building for Windows from an Ubuntu Linux system.
#
# Typical usage:
#    *) install cross compiler: `sudo apt-get install mingw-w64`
#    *) cd build
#    *) cmake -DCMAKE_TOOLCHAIN_FILE=~/mingw-w32-i686.cmake ..
#
# build for Windows' 32 bit architecture",[],CMake,0,1,8
963,marton78/pffft,https://github.com/marton78/pffft/blob/08f5ed2618ac06d7dcc83d209d7253dc215274d5/mingw-w32-i686.cmake#L14,"# cross compilers to use for C, C++ and Fortran",[],CMake,0,14,14
963,marton78/pffft,https://github.com/marton78/pffft/blob/08f5ed2618ac06d7dcc83d209d7253dc215274d5/mingw-w32-i686.cmake#L19,# target environment on the build host system,[],CMake,0,19,19
963,marton78/pffft,https://github.com/marton78/pffft/blob/08f5ed2618ac06d7dcc83d209d7253dc215274d5/mingw-w32-i686.cmake#L22,# modify default behavior of FIND_XXX() commands,[],CMake,0,22,22
963,marton78/pffft,https://github.com/marton78/pffft/blob/08f5ed2618ac06d7dcc83d209d7253dc215274d5/mingw-w64-x64_64.cmake#L1,"# Sample toolchain file for building for Windows from an Ubuntu Linux system.
#
# Typical usage:
#    *) install cross compiler: `sudo apt-get install mingw-w64`
#    *) cd build
#    *) cmake -DCMAKE_TOOLCHAIN_FILE=~/mingw-w64-x86_64.cmake ..
#
# build for Windows' 64 bit architecture",[],CMake,0,1,8
963,marton78/pffft,https://github.com/marton78/pffft/blob/08f5ed2618ac06d7dcc83d209d7253dc215274d5/mingw-w64-x64_64.cmake#L14,"# cross compilers to use for C, C++ and Fortran",[],CMake,0,14,14
963,marton78/pffft,https://github.com/marton78/pffft/blob/08f5ed2618ac06d7dcc83d209d7253dc215274d5/mingw-w64-x64_64.cmake#L19,# target environment on the build host system,[],CMake,0,19,19
963,marton78/pffft,https://github.com/marton78/pffft/blob/08f5ed2618ac06d7dcc83d209d7253dc215274d5/mingw-w64-x64_64.cmake#L22,# modify default behavior of FIND_XXX() commands,[],CMake,0,22,22
963,marton78/pffft,https://github.com/marton78/pffft/blob/08f5ed2618ac06d7dcc83d209d7253dc215274d5/cmake/FindPAPI.cmake#L1,"# Find PAPI libraries
# Once done this will define
#  PAPI_FOUND - System has PAPI
#  PAPI_INCLUDE_DIRS - The PAPI include directories
#  PAPI_LIBRARIES - The libraries needed to use PAPI",[],CMake,0,1,5
963,marton78/pffft,https://github.com/marton78/pffft/blob/08f5ed2618ac06d7dcc83d209d7253dc215274d5/cmake/target_optimizations.cmake#L2,"# cmake options: TARGET_C_ARCH / TARGET_CPP_ARCH:
#   and optionally:  TARGET_C_EXTRA TARGET_CXX_EXTRA
#
# provided:
#   - function: target_set_c_arch_flags(<target>)    # uses options TARGET_C_ARCH and TARGET_C_EXTRA
#   - function: target_set_cxx_arch_flags(<target>)  # uses options TARGET_CXX_ARCH and TARGET_CXX_EXTRA
#   - macro:    target_set_cxx_arch_option(<target> <gcc/clang_march> <gcc/clang_extra> <msvc_arch>)
#
# see https://en.wikichip.org/wiki/x86/extensions
# and https://gcc.gnu.org/onlinedocs/gcc/x86-Options.html
#   for gcc specific architecture options
# and https://docs.microsoft.com/en-us/cpp/build/reference/arch-x64
# or  https://docs.microsoft.com/en-us/cpp/build/reference/arch-x86
#   for msvc specific architecture options",[],CMake,0,2,15
963,marton78/pffft,https://github.com/marton78/pffft/blob/08f5ed2618ac06d7dcc83d209d7253dc215274d5/cmake/target_optimizations.cmake#L17,"# https://en.wikichip.org/wiki/arm/versions
# https://en.wikipedia.org/wiki/Raspberry_Pi
# https://gcc.gnu.org/onlinedocs/gcc/ARM-Options.html#ARM-Options
# https://en.wikipedia.org/wiki/Comparison_of_ARMv7-A_cores
# https://en.wikipedia.org/wiki/Comparison_of_ARMv8-A_cores",[],CMake,0,17,21
963,marton78/pffft,https://github.com/marton78/pffft/blob/08f5ed2618ac06d7dcc83d209d7253dc215274d5/cmake/target_optimizations.cmake#L23,"# arm32_rpi1 untested
#   -mcpu=arm1176jzf-s -mfloat-abi=hard -mfpu=vfp         -mtune=arm1176jzf-s
# arm32_rpi2 untested
#   ""-march=armv7-a""   ""-mfloat-abi=hard"" ""-mfpu=neon-vfpv4""
#   ""-march=armv8-a""   ""-mfloat-abi=hard"" ""-mfpu=neon-vfpv4""
# arm32_rpi3 with ""armv7-a"" tested on Raspbian GNU/Linux 10 (buster), 32-bit  => MIPP test reports: NEONv1, 128 bits
#   ""-march=armv7-a""   ""-mfloat-abi=hard"" ""-mfpu=neon-vfpv4""
# arm32_rpi3 with ""armv8-a"" tested on Raspbian GNU/Linux 10 (buster), 32-bit  => MIPP test reports: NEONv1, 128 bits
#   ""-march=armv8-a""   ""-mfloat-abi=hard"" ""-mfpu=neon-vfpv4""
# arm32_rpi3 with ""armv8-a"" tested on Raspbian GNU/Linux 10 (buster), 32-bit  => MIPP test reports: NEONv1, 128 bits
#   ""-march=armv8-a""   ""-mfloat-abi=hard"" ""-mfpu=neon-vfpv4"" ""-mtune=cortex-a53""
# arm32_rpi4 untested
#   RPi 4 Model B:    Cortex-A72  =>  ""-mtune=cortex-a72""  ?
#   ""-mcpu=cortex-a72 -mfloat-abi=hard -mfpu=neon-fp-armv8 -mneon-for-64bits  -mtune=cortex-a72""",[],CMake,0,23,36
963,marton78/pffft,https://github.com/marton78/pffft/blob/08f5ed2618ac06d7dcc83d209d7253dc215274d5/cmake/target_optimizations.cmake#L58,"# other PROCESSORs could be ""ppc"", ""ppc64"",  ""arm"" - or something else?!",[],CMake,4,58,58
963,marton78/pffft,https://github.com/marton78/pffft/blob/08f5ed2618ac06d7dcc83d209d7253dc215274d5/cmake/target_optimizations.cmake#L64,"# cmake options - depending on C/C++ compiler
# how are chances, that C and C++ compilers are from different vendors?",[],CMake,0,64,65
963,marton78/pffft,https://github.com/marton78/pffft/blob/08f5ed2618ac06d7dcc83d209d7253dc215274d5/cmake/target_optimizations.cmake#L108,######################################################,[],CMake,0,108,108
963,marton78/pffft,https://github.com/marton78/pffft/blob/08f5ed2618ac06d7dcc83d209d7253dc215274d5/cmake/target_optimizations.cmake#L131,"# target_compile_options(${target} PRIVATE ""${MSVC_EXTRA_OPT_${TARGET_C_EXTRA}}"")",[],CMake,12,131,131
963,marton78/pffft,https://github.com/marton78/pffft/blob/08f5ed2618ac06d7dcc83d209d7253dc215274d5/cmake/target_optimizations.cmake#L164,"# target_compile_options(${target} PRIVATE ""${MSVC_EXTRA_OPT_${TARGET_CXX_EXTRA}}"")",[],CMake,12,164,164
