repoIndex,repoName,linkLocation,comment,keywords,buildSysteminFile,charPosition,startLine,endLine
9671,xcesco/kripton,https://github.com/xcesco/kripton/blob/86f0e7ad04dfa2c361c36bd9afc98a98bd0daf68/kripton-android-core/pom.xml#L1,"<!-- Copyright 2015, 2017 Francesco Benincasa (info@abubusoft.com). Licensed 
	under the Apache License, Version 2.0 (the ""License""); you may not use this 
	file except in compliance with the License. You may obtain a copy of the 
	License at http://www.apache.org/licenses/LICENSE-2.0 Unless required by 
	applicable law or agreed to in writing, software distributed under the License 
	is distributed on an ""AS IS"" BASIS, WITHOUT WARRANTIES OR CONDITIONS OF ANY 
	KIND, either express or implied. See the License for the specific language 
	governing permissions and limitations under the License. -->",[],Maven,0,1,8
9671,xcesco/kripton,https://github.com/xcesco/kripton/blob/86f0e7ad04dfa2c361c36bd9afc98a98bd0daf68/kripton-android-core/pom.xml#L30,<!-- dependencies version -->,[],Maven,2,30,30
9671,xcesco/kripton,https://github.com/xcesco/kripton/blob/86f0e7ad04dfa2c361c36bd9afc98a98bd0daf68/kripton-android-core/pom.xml#L34,<!-- reactive -->,[],Maven,2,34,34
9671,xcesco/kripton,https://github.com/xcesco/kripton/blob/86f0e7ad04dfa2c361c36bd9afc98a98bd0daf68/kripton-android-core/pom.xml#L38,<!-- test version -->,[],Maven,2,38,38
9671,xcesco/kripton,https://github.com/xcesco/kripton/blob/86f0e7ad04dfa2c361c36bd9afc98a98bd0daf68/kripton-android-core/pom.xml#L42,<!-- 		<guava.version>29.0-jre</guava.version> -->,[],Maven,0,42,42
9671,xcesco/kripton,https://github.com/xcesco/kripton/blob/86f0e7ad04dfa2c361c36bd9afc98a98bd0daf68/kripton-android-core/pom.xml#L46,<!-- processor libraries -->,[],Maven,2,46,46
9671,xcesco/kripton,https://github.com/xcesco/kripton/blob/86f0e7ad04dfa2c361c36bd9afc98a98bd0daf68/kripton-android-core/pom.xml#L85,<!-- RX dependencies - BEGIN -->,[],Maven,2,85,85
9671,xcesco/kripton,https://github.com/xcesco/kripton/blob/86f0e7ad04dfa2c361c36bd9afc98a98bd0daf68/kripton-android-core/pom.xml#L93,<!-- https://mvnrepository.com/artifact/org.reactivestreams/reactive-streams -->,[],Maven,2,93,93
9671,xcesco/kripton,https://github.com/xcesco/kripton/blob/86f0e7ad04dfa2c361c36bd9afc98a98bd0daf68/kripton-android-core/pom.xml#L100,<!-- RX dependencies - END -->,[],Maven,2,100,100
9671,xcesco/kripton,https://github.com/xcesco/kripton/blob/86f0e7ad04dfa2c361c36bd9afc98a98bd0daf68/kripton-android-core/pom.xml#L103,<!-- TEST DEPENDENCIES -->,[],Maven,2,103,103
9671,xcesco/kripton,https://github.com/xcesco/kripton/blob/86f0e7ad04dfa2c361c36bd9afc98a98bd0daf68/kripton-android-library/pom.xml#L1,"<!-- Copyright 2015, 2017 Francesco Benincasa (info@abubusoft.com). Licensed 
	under the Apache License, Version 2.0 (the ""License""); you may not use this 
	file except in compliance with the License. You may obtain a copy of the 
	License at http://www.apache.org/licenses/LICENSE-2.0 Unless required by 
	applicable law or agreed to in writing, software distributed under the License 
	is distributed on an ""AS IS"" BASIS, WITHOUT WARRANTIES OR CONDITIONS OF ANY 
	KIND, either express or implied. See the License for the specific language 
	governing permissions and limitations under the License. -->",[],Maven,0,1,8
9671,xcesco/kripton,https://github.com/xcesco/kripton/blob/86f0e7ad04dfa2c361c36bd9afc98a98bd0daf68/kripton-android-library/pom.xml#L29,<!-- reactive -->,[],Maven,8,29,29
9671,xcesco/kripton,https://github.com/xcesco/kripton/blob/86f0e7ad04dfa2c361c36bd9afc98a98bd0daf68/kripton-android-library/pom.xml#L39,<!-- common part - END -->,[],Maven,4,39,39
9671,xcesco/kripton,https://github.com/xcesco/kripton/blob/86f0e7ad04dfa2c361c36bd9afc98a98bd0daf68/kripton-android-library/pom.xml#L84,<!-- RX dependencies - BEGIN -->,[],Maven,8,84,84
9671,xcesco/kripton,https://github.com/xcesco/kripton/blob/86f0e7ad04dfa2c361c36bd9afc98a98bd0daf68/kripton-android-library/pom.xml#L92,<!-- https://mvnrepository.com/artifact/org.reactivestreams/reactive-streams -->,[],Maven,8,92,92
9671,xcesco/kripton,https://github.com/xcesco/kripton/blob/86f0e7ad04dfa2c361c36bd9afc98a98bd0daf68/kripton-android-library/pom.xml#L99,<!-- RX dependencies - END -->,[],Maven,8,99,99
9671,xcesco/kripton,https://github.com/xcesco/kripton/blob/86f0e7ad04dfa2c361c36bd9afc98a98bd0daf68/kripton-android-library/pom.xml#L144,<!-- TEST DEPENDENCIES -->,[],Maven,8,144,144
9671,xcesco/kripton,https://github.com/xcesco/kripton/blob/86f0e7ad04dfa2c361c36bd9afc98a98bd0daf68/kripton-arch-integration/pom.xml#L14,<!-- version of archtype 1.1.0 -->,[],Maven,1,14,14
9671,xcesco/kripton,https://github.com/xcesco/kripton/blob/86f0e7ad04dfa2c361c36bd9afc98a98bd0daf68/kripton-arch-integration/pom.xml#L21,<!-- TEST DEPENDENCIES -->,[],Maven,2,21,21
9671,xcesco/kripton,https://github.com/xcesco/kripton/blob/86f0e7ad04dfa2c361c36bd9afc98a98bd0daf68/kripton-arch-test/pom.xml#L14,<!-- version of archtype 1.1.0 -->,[],Maven,1,14,14
9671,xcesco/kripton,https://github.com/xcesco/kripton/blob/86f0e7ad04dfa2c361c36bd9afc98a98bd0daf68/kripton-arch-test/pom.xml#L33,<!-- TEST DEPENDENCIES -->,[],Maven,2,33,33
9671,xcesco/kripton,https://github.com/xcesco/kripton/blob/86f0e7ad04dfa2c361c36bd9afc98a98bd0daf68/kripton-dataformat-cbor/pom.xml#L21,<!-- dependencies version -->,[],Maven,2,21,21
9671,xcesco/kripton,https://github.com/xcesco/kripton/blob/86f0e7ad04dfa2c361c36bd9afc98a98bd0daf68/kripton-dataformat-cbor/pom.xml#L26,<!-- test version -->,[],Maven,2,26,26
9671,xcesco/kripton,https://github.com/xcesco/kripton/blob/86f0e7ad04dfa2c361c36bd9afc98a98bd0daf68/kripton-dataformat-cbor/pom.xml#L30,<!-- 		<guava.version>29.0-jre</guava.version> -->,[],Maven,0,30,30
9671,xcesco/kripton,https://github.com/xcesco/kripton/blob/86f0e7ad04dfa2c361c36bd9afc98a98bd0daf68/kripton-dataformat-cbor/pom.xml#L33,<!-- android stub by roboletric -->,[],Maven,2,33,33
9671,xcesco/kripton,https://github.com/xcesco/kripton/blob/86f0e7ad04dfa2c361c36bd9afc98a98bd0daf68/kripton-dataformat-cbor/pom.xml#L36,<!-- processor libraries -->,[],Maven,2,36,36
9671,xcesco/kripton,https://github.com/xcesco/kripton/blob/86f0e7ad04dfa2c361c36bd9afc98a98bd0daf68/kripton-dataformat-properties/pom.xml#L21,<!-- dependencies version -->,[],Maven,2,21,21
9671,xcesco/kripton,https://github.com/xcesco/kripton/blob/86f0e7ad04dfa2c361c36bd9afc98a98bd0daf68/kripton-dataformat-properties/pom.xml#L26,<!-- test version -->,[],Maven,2,26,26
9671,xcesco/kripton,https://github.com/xcesco/kripton/blob/86f0e7ad04dfa2c361c36bd9afc98a98bd0daf68/kripton-dataformat-properties/pom.xml#L30,<!-- 		<guava.version>29.0-jre</guava.version> -->,[],Maven,0,30,30
9671,xcesco/kripton,https://github.com/xcesco/kripton/blob/86f0e7ad04dfa2c361c36bd9afc98a98bd0daf68/kripton-dataformat-properties/pom.xml#L33,<!-- android stub by roboletric -->,[],Maven,2,33,33
9671,xcesco/kripton,https://github.com/xcesco/kripton/blob/86f0e7ad04dfa2c361c36bd9afc98a98bd0daf68/kripton-dataformat-properties/pom.xml#L36,<!-- processor libraries -->,[],Maven,2,36,36
9671,xcesco/kripton,https://github.com/xcesco/kripton/blob/86f0e7ad04dfa2c361c36bd9afc98a98bd0daf68/kripton-dataformat-smile/pom.xml#L17,<!-- dependencies version -->,[],Maven,2,17,17
9671,xcesco/kripton,https://github.com/xcesco/kripton/blob/86f0e7ad04dfa2c361c36bd9afc98a98bd0daf68/kripton-dataformat-smile/pom.xml#L22,<!-- test version -->,[],Maven,2,22,22
9671,xcesco/kripton,https://github.com/xcesco/kripton/blob/86f0e7ad04dfa2c361c36bd9afc98a98bd0daf68/kripton-dataformat-smile/pom.xml#L26,<!-- 		<guava.version>29.0-jre</guava.version> -->,[],Maven,0,26,26
9671,xcesco/kripton,https://github.com/xcesco/kripton/blob/86f0e7ad04dfa2c361c36bd9afc98a98bd0daf68/kripton-dataformat-smile/pom.xml#L29,<!-- android stub by roboletric -->,[],Maven,2,29,29
9671,xcesco/kripton,https://github.com/xcesco/kripton/blob/86f0e7ad04dfa2c361c36bd9afc98a98bd0daf68/kripton-dataformat-smile/pom.xml#L32,<!-- processor libraries -->,[],Maven,2,32,32
9671,xcesco/kripton,https://github.com/xcesco/kripton/blob/86f0e7ad04dfa2c361c36bd9afc98a98bd0daf68/kripton-dataformat-yaml/pom.xml#L20,<!-- dependencies version -->,[],Maven,2,20,20
9671,xcesco/kripton,https://github.com/xcesco/kripton/blob/86f0e7ad04dfa2c361c36bd9afc98a98bd0daf68/kripton-dataformat-yaml/pom.xml#L25,<!-- test version -->,[],Maven,2,25,25
9671,xcesco/kripton,https://github.com/xcesco/kripton/blob/86f0e7ad04dfa2c361c36bd9afc98a98bd0daf68/kripton-dataformat-yaml/pom.xml#L29,<!-- 		<guava.version>29.0-jre</guava.version> -->,[],Maven,0,29,29
9671,xcesco/kripton,https://github.com/xcesco/kripton/blob/86f0e7ad04dfa2c361c36bd9afc98a98bd0daf68/kripton-dataformat-yaml/pom.xml#L32,<!-- android stub by roboletric -->,[],Maven,2,32,32
9671,xcesco/kripton,https://github.com/xcesco/kripton/blob/86f0e7ad04dfa2c361c36bd9afc98a98bd0daf68/kripton-dataformat-yaml/pom.xml#L35,<!-- processor libraries -->,[],Maven,2,35,35
9671,xcesco/kripton,https://github.com/xcesco/kripton/blob/86f0e7ad04dfa2c361c36bd9afc98a98bd0daf68/kripton-orm/pom.xml#L21,<!-- dependencies version -->,[],Maven,2,21,21
9671,xcesco/kripton,https://github.com/xcesco/kripton/blob/86f0e7ad04dfa2c361c36bd9afc98a98bd0daf68/kripton-orm/pom.xml#L25,<!-- reactive -->,[],Maven,2,25,25
9671,xcesco/kripton,https://github.com/xcesco/kripton/blob/86f0e7ad04dfa2c361c36bd9afc98a98bd0daf68/kripton-orm/pom.xml#L29,<!-- test version -->,[],Maven,2,29,29
9671,xcesco/kripton,https://github.com/xcesco/kripton/blob/86f0e7ad04dfa2c361c36bd9afc98a98bd0daf68/kripton-orm/pom.xml#L33,<!-- 		<guava.version>29.0-jre</guava.version> -->,[],Maven,0,33,33
9671,xcesco/kripton,https://github.com/xcesco/kripton/blob/86f0e7ad04dfa2c361c36bd9afc98a98bd0daf68/kripton-orm/pom.xml#L36,<!-- android stub by roboletric -->,[],Maven,2,36,36
9671,xcesco/kripton,https://github.com/xcesco/kripton/blob/86f0e7ad04dfa2c361c36bd9afc98a98bd0daf68/kripton-orm/pom.xml#L39,<!-- processor libraries -->,[],Maven,2,39,39
9671,xcesco/kripton,https://github.com/xcesco/kripton/blob/86f0e7ad04dfa2c361c36bd9afc98a98bd0daf68/kripton-orm/pom.xml#L47,<!-- https://mvnrepository.com/artifact/androidx.sqlite/sqlite -->,[],Maven,2,47,47
9671,xcesco/kripton,https://github.com/xcesco/kripton/blob/86f0e7ad04dfa2c361c36bd9afc98a98bd0daf68/kripton-orm/pom.xml#L48,<!-- <dependency> -->,[],Maven,2,48,48
9671,xcesco/kripton,https://github.com/xcesco/kripton/blob/86f0e7ad04dfa2c361c36bd9afc98a98bd0daf68/kripton-orm/pom.xml#L49,<!-- <groupId>androidx.sqlite</groupId> -->,[],Maven,2,49,49
9671,xcesco/kripton,https://github.com/xcesco/kripton/blob/86f0e7ad04dfa2c361c36bd9afc98a98bd0daf68/kripton-orm/pom.xml#L50,<!-- <artifactId>sqlite</artifactId> -->,[],Maven,2,50,50
9671,xcesco/kripton,https://github.com/xcesco/kripton/blob/86f0e7ad04dfa2c361c36bd9afc98a98bd0daf68/kripton-orm/pom.xml#L51,<!-- <version>${androidx.sqlite.version}</version> -->,[],Maven,2,51,51
9671,xcesco/kripton,https://github.com/xcesco/kripton/blob/86f0e7ad04dfa2c361c36bd9afc98a98bd0daf68/kripton-orm/pom.xml#L52,<!-- </dependency> -->,[],Maven,2,52,52
9671,xcesco/kripton,https://github.com/xcesco/kripton/blob/86f0e7ad04dfa2c361c36bd9afc98a98bd0daf68/kripton-orm/pom.xml#L67,<!-- RX dependencies - BEGIN -->,[],Maven,2,67,67
9671,xcesco/kripton,https://github.com/xcesco/kripton/blob/86f0e7ad04dfa2c361c36bd9afc98a98bd0daf68/kripton-orm/pom.xml#L75,<!-- https://mvnrepository.com/artifact/org.reactivestreams/reactive-streams -->,[],Maven,2,75,75
9671,xcesco/kripton,https://github.com/xcesco/kripton/blob/86f0e7ad04dfa2c361c36bd9afc98a98bd0daf68/kripton-orm/pom.xml#L82,<!-- RX dependencies - END -->,[],Maven,2,82,82
9671,xcesco/kripton,https://github.com/xcesco/kripton/blob/86f0e7ad04dfa2c361c36bd9afc98a98bd0daf68/kripton-orm/pom.xml#L112,<!-- TEST DEPENDENCIES -->,[],Maven,2,112,112
9671,xcesco/kripton,https://github.com/xcesco/kripton/blob/86f0e7ad04dfa2c361c36bd9afc98a98bd0daf68/kripton-parent/pom.xml#L22,<!-- common part - BEGIN -->,[],Maven,1,22,22
9671,xcesco/kripton,https://github.com/xcesco/kripton/blob/86f0e7ad04dfa2c361c36bd9afc98a98bd0daf68/kripton-parent/pom.xml#L28,<!-- environment version -->,[],Maven,2,28,28
9671,xcesco/kripton,https://github.com/xcesco/kripton/blob/86f0e7ad04dfa2c361c36bd9afc98a98bd0daf68/kripton-parent/pom.xml#L34,<!-- plugins version -->,[],Maven,2,34,34
9671,xcesco/kripton,https://github.com/xcesco/kripton/blob/86f0e7ad04dfa2c361c36bd9afc98a98bd0daf68/kripton-parent/pom.xml#L43,<!-- dependencies version -->,[],Maven,2,43,43
9671,xcesco/kripton,https://github.com/xcesco/kripton/blob/86f0e7ad04dfa2c361c36bd9afc98a98bd0daf68/kripton-parent/pom.xml#L50,<!-- test version -->,[],Maven,2,50,50
9671,xcesco/kripton,https://github.com/xcesco/kripton/blob/86f0e7ad04dfa2c361c36bd9afc98a98bd0daf68/kripton-parent/pom.xml#L54,<!-- 		<guava.version>29.0-jre</guava.version> -->,[],Maven,0,54,54
9671,xcesco/kripton,https://github.com/xcesco/kripton/blob/86f0e7ad04dfa2c361c36bd9afc98a98bd0daf68/kripton-parent/pom.xml#L58,<!-- processor libraries -->,[],Maven,2,58,58
9671,xcesco/kripton,https://github.com/xcesco/kripton/blob/86f0e7ad04dfa2c361c36bd9afc98a98bd0daf68/kripton-parent/pom.xml#L62,<!-- sonar -->,[],Maven,2,62,62
9671,xcesco/kripton,https://github.com/xcesco/kripton/blob/86f0e7ad04dfa2c361c36bd9afc98a98bd0daf68/kripton-parent/pom.xml#L98,<!-- Profile deploy -->,[],Maven,2,98,98
9671,xcesco/kripton,https://github.com/xcesco/kripton/blob/86f0e7ad04dfa2c361c36bd9afc98a98bd0daf68/kripton-parent/pom.xml#L118,<!-- deploy on sonatype -->,[],Maven,5,118,118
9671,xcesco/kripton,https://github.com/xcesco/kripton/blob/86f0e7ad04dfa2c361c36bd9afc98a98bd0daf68/kripton-parent/pom.xml#L133,<!-- distribution manager -->,[],Maven,3,133,133
9671,xcesco/kripton,https://github.com/xcesco/kripton/blob/86f0e7ad04dfa2c361c36bd9afc98a98bd0daf68/kripton-parent/pom.xml#L147,<!-- Profile deploy-bintray -->,[],Maven,2,147,147
9671,xcesco/kripton,https://github.com/xcesco/kripton/blob/86f0e7ad04dfa2c361c36bd9afc98a98bd0daf68/kripton-parent/pom.xml#L150,<!-- distribution manager -->,[],Maven,3,150,150
9671,xcesco/kripton,https://github.com/xcesco/kripton/blob/86f0e7ad04dfa2c361c36bd9afc98a98bd0daf68/kripton-parent/pom.xml#L161,<!-- Profile release -->,[],Maven,2,161,161
9671,xcesco/kripton,https://github.com/xcesco/kripton/blob/86f0e7ad04dfa2c361c36bd9afc98a98bd0daf68/kripton-parent/pom.xml#L180,<!-- <additionalparam>-Xdoclint:none</additionalparam> -->,[],Maven,9,180,180
9671,xcesco/kripton,https://github.com/xcesco/kripton/blob/86f0e7ad04dfa2c361c36bd9afc98a98bd0daf68/kripton-parent/pom.xml#L181,<!-- <excludePackageNames>com.abubusoft.kripton.android*</excludePackageNames> -->,[],Maven,9,181,181
9671,xcesco/kripton,https://github.com/xcesco/kripton/blob/86f0e7ad04dfa2c361c36bd9afc98a98bd0daf68/kripton-parent/pom.xml#L260,<!-- common part - END -->,[],Maven,1,260,260
9671,xcesco/kripton,https://github.com/xcesco/kripton/blob/86f0e7ad04dfa2c361c36bd9afc98a98bd0daf68/kripton-processor/pom.xml#L1,"<!-- Copyright 2015, 2017 Francesco Benincasa (info@abubusoft.com). Licensed 
	under the Apache License, Version 2.0 (the ""License""); you may not use this 
	file except in compliance with the License. You may obtain a copy of the 
	License at http://www.apache.org/licenses/LICENSE-2.0 Unless required by 
	applicable law or agreed to in writing, software distributed under the License 
	is distributed on an ""AS IS"" BASIS, WITHOUT WARRANTIES OR CONDITIONS OF ANY 
	KIND, either express or implied. See the License for the specific language 
	governing permissions and limitations under the License. -->",[],Maven,0,1,8
9671,xcesco/kripton,https://github.com/xcesco/kripton/blob/86f0e7ad04dfa2c361c36bd9afc98a98bd0daf68/kripton-processor/pom.xml#L31,<!-- dependencies version -->,[],Maven,2,31,31
9671,xcesco/kripton,https://github.com/xcesco/kripton/blob/86f0e7ad04dfa2c361c36bd9afc98a98bd0daf68/kripton-processor/pom.xml#L36,<!-- reactive -->,[],Maven,2,36,36
9671,xcesco/kripton,https://github.com/xcesco/kripton/blob/86f0e7ad04dfa2c361c36bd9afc98a98bd0daf68/kripton-processor/pom.xml#L40,<!-- test version -->,[],Maven,2,40,40
9671,xcesco/kripton,https://github.com/xcesco/kripton/blob/86f0e7ad04dfa2c361c36bd9afc98a98bd0daf68/kripton-processor/pom.xml#L47,<!-- android stub by roboletric -->,[],Maven,2,47,47
9671,xcesco/kripton,https://github.com/xcesco/kripton/blob/86f0e7ad04dfa2c361c36bd9afc98a98bd0daf68/kripton-processor/pom.xml#L50,<!-- processor libraries -->,[],Maven,2,50,50
9671,xcesco/kripton,https://github.com/xcesco/kripton/blob/86f0e7ad04dfa2c361c36bd9afc98a98bd0daf68/kripton-processor/pom.xml#L54,<!-- sonar -->,[],Maven,2,54,54
9671,xcesco/kripton,https://github.com/xcesco/kripton/blob/86f0e7ad04dfa2c361c36bd9afc98a98bd0daf68/kripton-processor/pom.xml#L117,<!-- RX dependencies - BEGIN -->,[],Maven,2,117,117
9671,xcesco/kripton,https://github.com/xcesco/kripton/blob/86f0e7ad04dfa2c361c36bd9afc98a98bd0daf68/kripton-processor/pom.xml#L124,<!-- https://mvnrepository.com/artifact/org.reactivestreams/reactive-streams -->,[],Maven,2,124,124
9671,xcesco/kripton,https://github.com/xcesco/kripton/blob/86f0e7ad04dfa2c361c36bd9afc98a98bd0daf68/kripton-processor/pom.xml#L130,<!-- RX dependencies - END -->,[],Maven,2,130,130
9671,xcesco/kripton,https://github.com/xcesco/kripton/blob/86f0e7ad04dfa2c361c36bd9afc98a98bd0daf68/kripton-processor/pom.xml#L148,<!-- https://mvnrepository.com/artifact/org.antlr/antlr4-runtime -->,[],Maven,2,148,148
9671,xcesco/kripton,https://github.com/xcesco/kripton/blob/86f0e7ad04dfa2c361c36bd9afc98a98bd0daf68/kripton-processor/pom.xml#L155,<!-- https://mvnrepository.com/artifact/org.robolectric/android-all -->,[],Maven,2,155,155
9671,xcesco/kripton,https://github.com/xcesco/kripton/blob/86f0e7ad04dfa2c361c36bd9afc98a98bd0daf68/kripton-processor/pom.xml#L163,<!-- https://mvnrepository.com/artifact/org.robolectric/robolectric -->,[],Maven,2,163,163
9671,xcesco/kripton,https://github.com/xcesco/kripton/blob/86f0e7ad04dfa2c361c36bd9afc98a98bd0daf68/kripton-processor/pom.xml#L171,<!-- TEST DEPENDENCIES -->,[],Maven,2,171,171
9671,xcesco/kripton,https://github.com/xcesco/kripton/blob/86f0e7ad04dfa2c361c36bd9afc98a98bd0daf68/kripton-processor/pom.xml#L172,<!-- https://mvnrepository.com/artifact/junit/junit -->,[],Maven,2,172,172
9671,xcesco/kripton,https://github.com/xcesco/kripton/blob/86f0e7ad04dfa2c361c36bd9afc98a98bd0daf68/kripton-processor/pom.xml#L211,<!-- https://mvnrepository.com/artifact/org.antlr/antlr4-runtime -->,[],Maven,5,211,211
9671,xcesco/kripton,https://github.com/xcesco/kripton/blob/86f0e7ad04dfa2c361c36bd9afc98a98bd0daf68/kripton-retrofit-converter/pom.xml#L21,<!-- dependencies version -->,[],Maven,2,21,21
9671,xcesco/kripton,https://github.com/xcesco/kripton/blob/86f0e7ad04dfa2c361c36bd9afc98a98bd0daf68/kripton-retrofit-converter/pom.xml#L26,<!-- test version -->,[],Maven,2,26,26
9671,xcesco/kripton,https://github.com/xcesco/kripton/blob/86f0e7ad04dfa2c361c36bd9afc98a98bd0daf68/kripton-retrofit-converter/pom.xml#L30,<!-- 		<guava.version>29.0-jre</guava.version>		 -->,[],Maven,0,30,30
9671,xcesco/kripton,https://github.com/xcesco/kripton/blob/86f0e7ad04dfa2c361c36bd9afc98a98bd0daf68/kripton-retrofit-converter/pom.xml#L33,<!-- android stub by roboletric -->,[],Maven,2,33,33
9671,xcesco/kripton,https://github.com/xcesco/kripton/blob/86f0e7ad04dfa2c361c36bd9afc98a98bd0daf68/kripton-retrofit-converter/pom.xml#L36,<!-- processor libraries -->,[],Maven,2,36,36
9671,xcesco/kripton,https://github.com/xcesco/kripton/blob/86f0e7ad04dfa2c361c36bd9afc98a98bd0daf68/kripton-retrofit-converter/pom.xml#L77,<!-- TEST DEPENDENCIES -->,[],Maven,2,77,77
9671,xcesco/kripton,https://github.com/xcesco/kripton/blob/86f0e7ad04dfa2c361c36bd9afc98a98bd0daf68/kripton-shared-preferences/pom.xml#L21,<!-- dependencies version -->,[],Maven,2,21,21
9671,xcesco/kripton,https://github.com/xcesco/kripton/blob/86f0e7ad04dfa2c361c36bd9afc98a98bd0daf68/kripton-shared-preferences/pom.xml#L26,<!-- test version -->,[],Maven,2,26,26
9671,xcesco/kripton,https://github.com/xcesco/kripton/blob/86f0e7ad04dfa2c361c36bd9afc98a98bd0daf68/kripton-shared-preferences/pom.xml#L30,<!-- 		<guava.version>29.0-jre</guava.version>		 -->,[],Maven,0,30,30
9671,xcesco/kripton,https://github.com/xcesco/kripton/blob/86f0e7ad04dfa2c361c36bd9afc98a98bd0daf68/kripton-shared-preferences/pom.xml#L33,<!-- android stub by roboletric -->,[],Maven,2,33,33
9671,xcesco/kripton,https://github.com/xcesco/kripton/blob/86f0e7ad04dfa2c361c36bd9afc98a98bd0daf68/kripton-shared-preferences/pom.xml#L36,<!-- processor libraries -->,[],Maven,2,36,36
9671,xcesco/kripton,https://github.com/xcesco/kripton/blob/86f0e7ad04dfa2c361c36bd9afc98a98bd0daf68/kripton-shared-preferences/pom.xml#L83,<!-- TEST DEPENDENCIES -->,[],Maven,2,83,83
9671,xcesco/kripton,https://github.com/xcesco/kripton/blob/86f0e7ad04dfa2c361c36bd9afc98a98bd0daf68/kripton-sqlite-test-library/pom.xml#L13,<!-- Property version 1.6.2-SNAPSHOT -->,[],Maven,1,13,13
9671,xcesco/kripton,https://github.com/xcesco/kripton/blob/86f0e7ad04dfa2c361c36bd9afc98a98bd0daf68/kripton-sqlite-test-library/pom.xml#L17,<!-- environment version -->,[],Maven,2,17,17
9671,xcesco/kripton,https://github.com/xcesco/kripton/blob/86f0e7ad04dfa2c361c36bd9afc98a98bd0daf68/kripton-sqlite-test-library/pom.xml#L26,<!-- test version -->,[],Maven,2,26,26
9671,xcesco/kripton,https://github.com/xcesco/kripton/blob/86f0e7ad04dfa2c361c36bd9afc98a98bd0daf68/kripton-sqlite-test-library/pom.xml#L35,<!-- plugins version -->,[],Maven,2,35,35
9671,xcesco/kripton,https://github.com/xcesco/kripton/blob/86f0e7ad04dfa2c361c36bd9afc98a98bd0daf68/kripton-sqlite-test-library/pom.xml#L96,<!-- https://mvnrepository.com/artifact/org.antlr/antlr4-runtime -->,[],Maven,2,96,96
9671,xcesco/kripton,https://github.com/xcesco/kripton/blob/86f0e7ad04dfa2c361c36bd9afc98a98bd0daf68/kripton-sqlite-test-library/pom.xml#L103,<!-- TEST DEPENDENCIES -->,[],Maven,2,103,103
9671,xcesco/kripton,https://github.com/xcesco/kripton/blob/86f0e7ad04dfa2c361c36bd9afc98a98bd0daf68/kripton-sqlite-test-library/pom.xml#L178,<!-- https://mvnrepository.com/artifact/org.antlr/antlr4-runtime -->,[],Maven,5,178,178
9671,xcesco/kripton,https://github.com/xcesco/kripton/blob/86f0e7ad04dfa2c361c36bd9afc98a98bd0daf68/kripton-sqlite-test-library/pom.xml#L226,<!-- deploy on sonatype -->,[],Maven,5,226,226
9671,xcesco/kripton,https://github.com/xcesco/kripton/blob/86f0e7ad04dfa2c361c36bd9afc98a98bd0daf68/kripton-sqlite-test-library/pom.xml#L241,<!-- distribution manager -->,[],Maven,3,241,241
9671,xcesco/kripton,https://github.com/xcesco/kripton/blob/86f0e7ad04dfa2c361c36bd9afc98a98bd0daf68/kripton-sqlite-test-library/pom.xml#L257,<!-- distribution manager -->,[],Maven,3,257,257
9671,xcesco/kripton,https://github.com/xcesco/kripton/blob/86f0e7ad04dfa2c361c36bd9afc98a98bd0daf68/kripton-sqlite-test-library/pom.xml#L286,<!-- <additionalparam>-Xdoclint:none</additionalparam> -->,[],Maven,9,286,286
9671,xcesco/kripton,https://github.com/xcesco/kripton/blob/86f0e7ad04dfa2c361c36bd9afc98a98bd0daf68/kripton-sqlite-test-library/pom.xml#L287,<!-- <excludePackageNames>com.abubusoft.kripton.android*</excludePackageNames> -->,[],Maven,9,287,287
9671,xcesco/kripton,https://github.com/xcesco/kripton/blob/86f0e7ad04dfa2c361c36bd9afc98a98bd0daf68/kripton/pom.xml#L1,"<!-- Copyright 2015, 2017 Francesco Benincasa (info@abubusoft.com). Licensed 
	under the Apache License, Version 2.0 (the ""License""); you may not use this 
	file except in compliance with the License. You may obtain a copy of the 
	License at http://www.apache.org/licenses/LICENSE-2.0 Unless required by 
	applicable law or agreed to in writing, software distributed under the License 
	is distributed on an ""AS IS"" BASIS, WITHOUT WARRANTIES OR CONDITIONS OF ANY 
	KIND, either express or implied. See the License for the specific language 
	governing permissions and limitations under the License. -->",[],Maven,0,1,8
9671,xcesco/kripton,https://github.com/xcesco/kripton/blob/86f0e7ad04dfa2c361c36bd9afc98a98bd0daf68/kripton/pom.xml#L30,<!-- dependencies version -->,[],Maven,2,30,30
9671,xcesco/kripton,https://github.com/xcesco/kripton/blob/86f0e7ad04dfa2c361c36bd9afc98a98bd0daf68/kripton/pom.xml#L35,<!-- test version -->,[],Maven,2,35,35
9671,xcesco/kripton,https://github.com/xcesco/kripton/blob/86f0e7ad04dfa2c361c36bd9afc98a98bd0daf68/kripton/pom.xml#L39,<!-- 		<guava.version>29.0-jre</guava.version> -->,[],Maven,0,39,39
9671,xcesco/kripton,https://github.com/xcesco/kripton/blob/86f0e7ad04dfa2c361c36bd9afc98a98bd0daf68/kripton/pom.xml#L41,<!-- processor libraries -->,[],Maven,2,41,41
9671,xcesco/kripton,https://github.com/xcesco/kripton/blob/86f0e7ad04dfa2c361c36bd9afc98a98bd0daf68/kripton/pom.xml#L46,<!-- common part - END -->,[],Maven,1,46,46
9671,xcesco/kripton,https://github.com/xcesco/kripton/blob/86f0e7ad04dfa2c361c36bd9afc98a98bd0daf68/kripton/pom.xml#L65,"<!-- 	<plugin>
				<groupId>org.jacoco</groupId>
				<artifactId>jacoco-maven-plugin</artifactId>
				<executions>
					<execution>
						<id>report</id>
						<goals>
							<goal>report-aggregate</goal>
						</goals>
						<phase>verify</phase>
					</execution>
				</executions>
			</plugin> -->",[],Maven,2,65,77
9671,xcesco/kripton,https://github.com/xcesco/kripton/blob/86f0e7ad04dfa2c361c36bd9afc98a98bd0daf68/kripton/pom.xml#L84,<!-- common part - END -->,[],Maven,2,84,84
9671,xcesco/kripton,https://github.com/xcesco/kripton/blob/86f0e7ad04dfa2c361c36bd9afc98a98bd0daf68/kripton/pom.xml#L97,<!-- TEST DEPENDENCIES -->,[],Maven,2,97,97
9671,xcesco/kripton,https://github.com/xcesco/kripton/blob/86f0e7ad04dfa2c361c36bd9afc98a98bd0daf68/kripton/pom.xml#L134,<!-- https://mvnrepository.com/artifact/junit/junit -->,[],Maven,2,134,134
