repoIndex,repoName,linkLocation,comment,keywords,buildSysteminFile,charPosition,startLine,endLine
9704,apache/openmeetings,https://github.com/apache/openmeetings/blob/c9c253f83eea3697edc9be33094d1908ec468e33/pom.xml#L2,"<!--
   Licensed to the Apache Software Foundation (ASF) under one or more
   contributor license agreements.  See the NOTICE file distributed with
   this work for additional information regarding copyright ownership.
   The ASF licenses this file to You under the Apache License, Version 2.0
   (the ""License""); you may not use this file except in compliance with
   the License.  You may obtain a copy of the License at

        http://www.apache.org/licenses/LICENSE-2.0

   Unless required by applicable law or agreed to in writing, software
   distributed under the License is distributed on an ""AS IS"" BASIS,
   WITHOUT WARRANTIES OR CONDITIONS OF ANY KIND, either express or implied.
   See the License for the specific language governing permissions and
   limitations under the License.
-->",[],Maven,0,2,17
9704,apache/openmeetings,https://github.com/apache/openmeetings/blob/c9c253f83eea3697edc9be33094d1908ec468e33/pom.xml#L36,<!--maven.build.timestamp.format>yyyy/MM/dd HH:mm</maven.build.timestamp.format-->,[],Maven,2,36,36
9704,apache/openmeetings,https://github.com/apache/openmeetings/blob/c9c253f83eea3697edc9be33094d1908ec468e33/pom.xml#L44,<!-- plugin versions -->,[],Maven,2,44,44
9704,apache/openmeetings,https://github.com/apache/openmeetings/blob/c9c253f83eea3697edc9be33094d1908ec468e33/pom.xml#L81,<!-- dependency versions -->,[],Maven,2,81,81
9704,apache/openmeetings,https://github.com/apache/openmeetings/blob/c9c253f83eea3697edc9be33094d1908ec468e33/pom.xml#L137,<!--  Exclude all generated code  -->,[],Maven,2,137,137
9704,apache/openmeetings,https://github.com/apache/openmeetings/blob/c9c253f83eea3697edc9be33094d1908ec468e33/pom.xml#L763,<!-- required for JAXB/CXF -->,[],Maven,4,763,763
9704,apache/openmeetings,https://github.com/apache/openmeetings/blob/c9c253f83eea3697edc9be33094d1908ec468e33/pom.xml#L871,"<!-- Remove the need for ehcache, since we use the Methods directly -->",[],Maven,6,871,871
9704,apache/openmeetings,https://github.com/apache/openmeetings/blob/c9c253f83eea3697edc9be33094d1908ec468e33/pom.xml#L969,<!-- TESTS -->,[],Maven,3,969,969
9704,apache/openmeetings,https://github.com/apache/openmeetings/blob/c9c253f83eea3697edc9be33094d1908ec468e33/pom.xml#L1499,<!-- set the version to be the same as the level in your runtime -->,[],Maven,7,1499,1499
9704,apache/openmeetings,https://github.com/apache/openmeetings/blob/c9c253f83eea3697edc9be33094d1908ec468e33/pom.xml#L1899,<!--This plugin's configuration is used to store Eclipse m2e settings only. It has no influence on the Maven build itself.-->,[],Maven,6,1899,1899
9704,apache/openmeetings,https://github.com/apache/openmeetings/blob/c9c253f83eea3697edc9be33094d1908ec468e33/openmeetings-core/pom.xml#L2,"<!--
   Licensed to the Apache Software Foundation (ASF) under one or more
   contributor license agreements.  See the NOTICE file distributed with
   this work for additional information regarding copyright ownership.
   The ASF licenses this file to You under the Apache License, Version 2.0
   (the ""License""); you may not use this file except in compliance with
   the License.  You may obtain a copy of the License at

        http://www.apache.org/licenses/LICENSE-2.0

   Unless required by applicable law or agreed to in writing, software
   distributed under the License is distributed on an ""AS IS"" BASIS,
   WITHOUT WARRANTIES OR CONDITIONS OF ANY KIND, either express or implied.
   See the License for the specific language governing permissions and
   limitations under the License.
-->",[],Maven,0,2,17
9704,apache/openmeetings,https://github.com/apache/openmeetings/blob/c9c253f83eea3697edc9be33094d1908ec468e33/openmeetings-core/pom.xml#L99,<!-- required for jakarta.mail -->,[],Maven,47,99,99
9704,apache/openmeetings,https://github.com/apache/openmeetings/blob/c9c253f83eea3697edc9be33094d1908ec468e33/openmeetings-core/pom.xml#L106,<!-- Test dependencies -->,[],Maven,2,106,106
9704,apache/openmeetings,https://github.com/apache/openmeetings/blob/c9c253f83eea3697edc9be33094d1908ec468e33/openmeetings-db/pom.xml#L2,"<!--
   Licensed to the Apache Software Foundation (ASF) under one or more
   contributor license agreements.  See the NOTICE file distributed with
   this work for additional information regarding copyright ownership.
   The ASF licenses this file to You under the Apache License, Version 2.0
   (the ""License""); you may not use this file except in compliance with
   the License.  You may obtain a copy of the License at

        http://www.apache.org/licenses/LICENSE-2.0

   Unless required by applicable law or agreed to in writing, software
   distributed under the License is distributed on an ""AS IS"" BASIS,
   WITHOUT WARRANTIES OR CONDITIONS OF ANY KIND, either express or implied.
   See the License for the specific language governing permissions and
   limitations under the License.
-->",[],Maven,0,2,17
9704,apache/openmeetings,https://github.com/apache/openmeetings/blob/c9c253f83eea3697edc9be33094d1908ec468e33/openmeetings-db/pom.xml#L42,<!-- required for JAXB/CXF -->,[],Maven,3,42,42
9704,apache/openmeetings,https://github.com/apache/openmeetings/blob/c9c253f83eea3697edc9be33094d1908ec468e33/openmeetings-install/pom.xml#L2,"<!--
   Licensed to the Apache Software Foundation (ASF) under one or more
   contributor license agreements.  See the NOTICE file distributed with
   this work for additional information regarding copyright ownership.
   The ASF licenses this file to You under the Apache License, Version 2.0
   (the ""License""); you may not use this file except in compliance with
   the License.  You may obtain a copy of the License at

        http://www.apache.org/licenses/LICENSE-2.0

   Unless required by applicable law or agreed to in writing, software
   distributed under the License is distributed on an ""AS IS"" BASIS,
   WITHOUT WARRANTIES OR CONDITIONS OF ANY KIND, either express or implied.
   See the License for the specific language governing permissions and
   limitations under the License.
-->",[],Maven,0,2,17
9704,apache/openmeetings,https://github.com/apache/openmeetings/blob/c9c253f83eea3697edc9be33094d1908ec468e33/openmeetings-install/pom.xml#L60,<!-- required for CXF and for backup import/export (jaxb 2)-->,[],Maven,39,60,60
9704,apache/openmeetings,https://github.com/apache/openmeetings/blob/c9c253f83eea3697edc9be33094d1908ec468e33/openmeetings-mediaserver/pom.xml#L2,"<!--
   Licensed to the Apache Software Foundation (ASF) under one or more
   contributor license agreements.  See the NOTICE file distributed with
   this work for additional information regarding copyright ownership.
   The ASF licenses this file to You under the Apache License, Version 2.0
   (the ""License""); you may not use this file except in compliance with
   the License.  You may obtain a copy of the License at

        http://www.apache.org/licenses/LICENSE-2.0

   Unless required by applicable law or agreed to in writing, software
   distributed under the License is distributed on an ""AS IS"" BASIS,
   WITHOUT WARRANTIES OR CONDITIONS OF ANY KIND, either express or implied.
   See the License for the specific language governing permissions and
   limitations under the License.
-->",[],Maven,0,2,17
9704,apache/openmeetings,https://github.com/apache/openmeetings/blob/c9c253f83eea3697edc9be33094d1908ec468e33/openmeetings-screenshare/pom.xml#L2,"<!--
   Licensed to the Apache Software Foundation (ASF) under one or more
   contributor license agreements.  See the NOTICE file distributed with
   this work for additional information regarding copyright ownership.
   The ASF licenses this file to You under the Apache License, Version 2.0
   (the ""License""); you may not use this file except in compliance with
   the License.  You may obtain a copy of the License at

        http://www.apache.org/licenses/LICENSE-2.0

   Unless required by applicable law or agreed to in writing, software
   distributed under the License is distributed on an ""AS IS"" BASIS,
   WITHOUT WARRANTIES OR CONDITIONS OF ANY KIND, either express or implied.
   See the License for the specific language governing permissions and
   limitations under the License.
-->",[],Maven,0,2,17
9704,apache/openmeetings,https://github.com/apache/openmeetings/blob/c9c253f83eea3697edc9be33094d1908ec468e33/openmeetings-server/pom.xml#L2,"<!--
   Licensed to the Apache Software Foundation (ASF) under one or more
   contributor license agreements.  See the NOTICE file distributed with
   this work for additional information regarding copyright ownership.
   The ASF licenses this file to You under the Apache License, Version 2.0
   (the ""License""); you may not use this file except in compliance with
   the License.  You may obtain a copy of the License at

        http://www.apache.org/licenses/LICENSE-2.0

   Unless required by applicable law or agreed to in writing, software
   distributed under the License is distributed on an ""AS IS"" BASIS,
   WITHOUT WARRANTIES OR CONDITIONS OF ANY KIND, either express or implied.
   See the License for the specific language governing permissions and
   limitations under the License.
-->",[],Maven,0,2,17
9704,apache/openmeetings,https://github.com/apache/openmeetings/blob/c9c253f83eea3697edc9be33094d1908ec468e33/openmeetings-service/pom.xml#L2,"<!--
   Licensed to the Apache Software Foundation (ASF) under one or more
   contributor license agreements.  See the NOTICE file distributed with
   this work for additional information regarding copyright ownership.
   The ASF licenses this file to You under the Apache License, Version 2.0
   (the ""License""); you may not use this file except in compliance with
   the License.  You may obtain a copy of the License at

        http://www.apache.org/licenses/LICENSE-2.0

   Unless required by applicable law or agreed to in writing, software
   distributed under the License is distributed on an ""AS IS"" BASIS,
   WITHOUT WARRANTIES OR CONDITIONS OF ANY KIND, either express or implied.
   See the License for the specific language governing permissions and
   limitations under the License.
-->",[],Maven,0,2,17
9704,apache/openmeetings,https://github.com/apache/openmeetings/blob/c9c253f83eea3697edc9be33094d1908ec468e33/openmeetings-util/pom.xml#L2,"<!--
   Licensed to the Apache Software Foundation (ASF) under one or more
   contributor license agreements.  See the NOTICE file distributed with
   this work for additional information regarding copyright ownership.
   The ASF licenses this file to You under the Apache License, Version 2.0
   (the ""License""); you may not use this file except in compliance with
   the License.  You may obtain a copy of the License at

        http://www.apache.org/licenses/LICENSE-2.0

   Unless required by applicable law or agreed to in writing, software
   distributed under the License is distributed on an ""AS IS"" BASIS,
   WITHOUT WARRANTIES OR CONDITIONS OF ANY KIND, either express or implied.
   See the License for the specific language governing permissions and
   limitations under the License.
-->",[],Maven,0,2,17
9704,apache/openmeetings,https://github.com/apache/openmeetings/blob/c9c253f83eea3697edc9be33094d1908ec468e33/openmeetings-web/pom.xml#L2,"<!--
   Licensed to the Apache Software Foundation (ASF) under one or more
   contributor license agreements.  See the NOTICE file distributed with
   this work for additional information regarding copyright ownership.
   The ASF licenses this file to You under the Apache License, Version 2.0
   (the ""License""); you may not use this file except in compliance with
   the License.  You may obtain a copy of the License at

        http://www.apache.org/licenses/LICENSE-2.0

   Unless required by applicable law or agreed to in writing, software
   distributed under the License is distributed on an ""AS IS"" BASIS,
   WITHOUT WARRANTIES OR CONDITIONS OF ANY KIND, either express or implied.
   See the License for the specific language governing permissions and
   limitations under the License.
-->",[],Maven,0,2,17
9704,apache/openmeetings,https://github.com/apache/openmeetings/blob/c9c253f83eea3697edc9be33094d1908ec468e33/openmeetings-web/pom.xml#L444,<!-- maybe integration tests should be used -->,[],Maven,50,444,444
9704,apache/openmeetings,https://github.com/apache/openmeetings/blob/c9c253f83eea3697edc9be33094d1908ec468e33/openmeetings-web/pom.xml#L576,<!-- Test dependencies -->,[],Maven,2,576,576
9704,apache/openmeetings,https://github.com/apache/openmeetings/blob/c9c253f83eea3697edc9be33094d1908ec468e33/openmeetings-webservice/pom.xml#L2,"<!--
   Licensed to the Apache Software Foundation (ASF) under one or more
   contributor license agreements.  See the NOTICE file distributed with
   this work for additional information regarding copyright ownership.
   The ASF licenses this file to You under the Apache License, Version 2.0
   (the ""License""); you may not use this file except in compliance with
   the License.  You may obtain a copy of the License at

        http://www.apache.org/licenses/LICENSE-2.0

   Unless required by applicable law or agreed to in writing, software
   distributed under the License is distributed on an ""AS IS"" BASIS,
   WITHOUT WARRANTIES OR CONDITIONS OF ANY KIND, either express or implied.
   See the License for the specific language governing permissions and
   limitations under the License.
-->",[],Maven,0,2,17
