repoIndex,repoName,linkLocation,comment,keywords,buildSysteminFile,charPosition,startLine,endLine
1371,ddvtech/mistserver,https://github.com/ddvtech/mistserver/blob/1c6a483e49b15e0621199846c94188696d746408/CMakeLists.txt#L1,"########################################
# Basic Setup                          #
########################################",[],CMake,0,1,3
1371,ddvtech/mistserver,https://github.com/ddvtech/mistserver/blob/1c6a483e49b15e0621199846c94188696d746408/CMakeLists.txt#L16,#For YCM support,[],CMake,40,16,16
1371,ddvtech/mistserver,https://github.com/ddvtech/mistserver/blob/1c6a483e49b15e0621199846c94188696d746408/CMakeLists.txt#L22,"########################################
# Testing - Enable Tests               #
########################################",[],CMake,0,22,24
1371,ddvtech/mistserver,https://github.com/ddvtech/mistserver/blob/1c6a483e49b15e0621199846c94188696d746408/CMakeLists.txt#L28,"########################################
# Build Variables - Install Prefix     #
########################################",[],CMake,0,28,30
1371,ddvtech/mistserver,https://github.com/ddvtech/mistserver/blob/1c6a483e49b15e0621199846c94188696d746408/CMakeLists.txt#L35,"########################################
# Build Variables - Release            #
########################################",[],CMake,0,35,37
1371,ddvtech/mistserver,https://github.com/ddvtech/mistserver/blob/1c6a483e49b15e0621199846c94188696d746408/CMakeLists.txt#L41,#get the bitlength of this system,[],CMake,0,41,41
1371,ddvtech/mistserver,https://github.com/ddvtech/mistserver/blob/1c6a483e49b15e0621199846c94188696d746408/CMakeLists.txt#L48,"########################################
# Build Variables - Package Version    #
########################################
#See if we have a git repo to get the version from",[],CMake,0,48,51
1371,ddvtech/mistserver,https://github.com/ddvtech/mistserver/blob/1c6a483e49b15e0621199846c94188696d746408/CMakeLists.txt#L59,#strip off the trailing spaces and newline,[],CMake,0,59,59
1371,ddvtech/mistserver,https://github.com/ddvtech/mistserver/blob/1c6a483e49b15e0621199846c94188696d746408/CMakeLists.txt#L63,"########################################
# Build Variables - Everything else    #
########################################",[],CMake,0,63,65
1371,ddvtech/mistserver,https://github.com/ddvtech/mistserver/blob/1c6a483e49b15e0621199846c94188696d746408/CMakeLists.txt#L78,#LTS,[],CMake,115,78,78
1371,ddvtech/mistserver,https://github.com/ddvtech/mistserver/blob/1c6a483e49b15e0621199846c94188696d746408/CMakeLists.txt#L157,"########################################
# Build Variables - Prepare for Build  #
########################################",[],CMake,0,157,159
1371,ddvtech/mistserver,https://github.com/ddvtech/mistserver/blob/1c6a483e49b15e0621199846c94188696d746408/CMakeLists.txt#L191,"########################################
# MistLib - Header Files               #
########################################",[],CMake,0,191,193
1371,ddvtech/mistserver,https://github.com/ddvtech/mistserver/blob/1c6a483e49b15e0621199846c94188696d746408/CMakeLists.txt#L260,"########################################
# MistLib - Build                      #
########################################",[],CMake,0,260,262
1371,ddvtech/mistserver,https://github.com/ddvtech/mistserver/blob/1c6a483e49b15e0621199846c94188696d746408/CMakeLists.txt#L351,"########################################
# MistLib - Local Header Install       #
########################################",[],CMake,0,351,353
1371,ddvtech/mistserver,https://github.com/ddvtech/mistserver/blob/1c6a483e49b15e0621199846c94188696d746408/CMakeLists.txt#L378,"########################################
# MistServer - Analysers               #
########################################",[],CMake,0,378,380
1371,ddvtech/mistserver,https://github.com/ddvtech/mistserver/blob/1c6a483e49b15e0621199846c94188696d746408/CMakeLists.txt#L406,#LTS,[],CMake,20,406,406
1371,ddvtech/mistserver,https://github.com/ddvtech/mistserver/blob/1c6a483e49b15e0621199846c94188696d746408/CMakeLists.txt#L407,#LTS,[],CMake,22,407,407
1371,ddvtech/mistserver,https://github.com/ddvtech/mistserver/blob/1c6a483e49b15e0621199846c94188696d746408/CMakeLists.txt#L408,#LTS,[],CMake,24,408,408
1371,ddvtech/mistserver,https://github.com/ddvtech/mistserver/blob/1c6a483e49b15e0621199846c94188696d746408/CMakeLists.txt#L409,#LTS,[],CMake,22,409,409
1371,ddvtech/mistserver,https://github.com/ddvtech/mistserver/blob/1c6a483e49b15e0621199846c94188696d746408/CMakeLists.txt#L410,#LTS,[],CMake,24,410,410
1371,ddvtech/mistserver,https://github.com/ddvtech/mistserver/blob/1c6a483e49b15e0621199846c94188696d746408/CMakeLists.txt#L411,#LTS,[],CMake,24,411,411
1371,ddvtech/mistserver,https://github.com/ddvtech/mistserver/blob/1c6a483e49b15e0621199846c94188696d746408/CMakeLists.txt#L413,"#LTS_START
########################################
# MistServer - Utilities               #
########################################",[],CMake,0,413,416
1371,ddvtech/mistserver,https://github.com/ddvtech/mistserver/blob/1c6a483e49b15e0621199846c94188696d746408/CMakeLists.txt#L431,#makeUtil(Stats stats),[],CMake,0,431,431
1371,ddvtech/mistserver,https://github.com/ddvtech/mistserver/blob/1c6a483e49b15e0621199846c94188696d746408/CMakeLists.txt#L441,#LTS_END,[],CMake,0,441,441
1371,ddvtech/mistserver,https://github.com/ddvtech/mistserver/blob/1c6a483e49b15e0621199846c94188696d746408/CMakeLists.txt#L451,"########################################
# MistServer - Inputs                  #
########################################",[],CMake,0,451,453
1371,ddvtech/mistserver,https://github.com/ddvtech/mistserver/blob/1c6a483e49b15e0621199846c94188696d746408/CMakeLists.txt#L469,#Set compile definitions,[],CMake,2,469,469
1371,ddvtech/mistserver,https://github.com/ddvtech/mistserver/blob/1c6a483e49b15e0621199846c94188696d746408/CMakeLists.txt#L497,#LTS,[],CMake,20,497,497
1371,ddvtech/mistserver,https://github.com/ddvtech/mistserver/blob/1c6a483e49b15e0621199846c94188696d746408/CMakeLists.txt#L499,#LTS,[],CMake,16,499,499
1371,ddvtech/mistserver,https://github.com/ddvtech/mistserver/blob/1c6a483e49b15e0621199846c94188696d746408/CMakeLists.txt#L500,#LTS,[],CMake,24,500,500
1371,ddvtech/mistserver,https://github.com/ddvtech/mistserver/blob/1c6a483e49b15e0621199846c94188696d746408/CMakeLists.txt#L501,#LTS,[],CMake,28,501,501
1371,ddvtech/mistserver,https://github.com/ddvtech/mistserver/blob/1c6a483e49b15e0621199846c94188696d746408/CMakeLists.txt#L502,#LTS,[],CMake,28,502,502
1371,ddvtech/mistserver,https://github.com/ddvtech/mistserver/blob/1c6a483e49b15e0621199846c94188696d746408/CMakeLists.txt#L503,#LTS,[],CMake,20,503,503
1371,ddvtech/mistserver,https://github.com/ddvtech/mistserver/blob/1c6a483e49b15e0621199846c94188696d746408/CMakeLists.txt#L504,#LTS,[],CMake,18,504,504
1371,ddvtech/mistserver,https://github.com/ddvtech/mistserver/blob/1c6a483e49b15e0621199846c94188696d746408/CMakeLists.txt#L508,#LTS,[],CMake,33,508,508
1371,ddvtech/mistserver,https://github.com/ddvtech/mistserver/blob/1c6a483e49b15e0621199846c94188696d746408/CMakeLists.txt#L511,#LTS,[],CMake,36,511,511
1371,ddvtech/mistserver,https://github.com/ddvtech/mistserver/blob/1c6a483e49b15e0621199846c94188696d746408/CMakeLists.txt#L516,"########################################
# MistServer - Outputs                 #
########################################",[],CMake,0,516,518
1371,ddvtech/mistserver,https://github.com/ddvtech/mistserver/blob/1c6a483e49b15e0621199846c94188696d746408/CMakeLists.txt#L520,"#Parse all extra arguments, for http and ts flags",[],CMake,2,520,520
1371,ddvtech/mistserver,https://github.com/ddvtech/mistserver/blob/1c6a483e49b15e0621199846c94188696d746408/CMakeLists.txt#L589,#LTS,[],CMake,36,589,589
1371,ddvtech/mistserver,https://github.com/ddvtech/mistserver/blob/1c6a483e49b15e0621199846c94188696d746408/CMakeLists.txt#L591,#LTS,[],CMake,21,591,591
1371,ddvtech/mistserver,https://github.com/ddvtech/mistserver/blob/1c6a483e49b15e0621199846c94188696d746408/CMakeLists.txt#L592,#LTS,[],CMake,19,592,592
1371,ddvtech/mistserver,https://github.com/ddvtech/mistserver/blob/1c6a483e49b15e0621199846c94188696d746408/CMakeLists.txt#L631,#LTS,[],CMake,25,631,631
1371,ddvtech/mistserver,https://github.com/ddvtech/mistserver/blob/1c6a483e49b15e0621199846c94188696d746408/CMakeLists.txt#L632,#LTS,[],CMake,32,632,632
1371,ddvtech/mistserver,https://github.com/ddvtech/mistserver/blob/1c6a483e49b15e0621199846c94188696d746408/CMakeLists.txt#L637,#LTS,[],CMake,37,637,637
1371,ddvtech/mistserver,https://github.com/ddvtech/mistserver/blob/1c6a483e49b15e0621199846c94188696d746408/CMakeLists.txt#L677,"########################################
# Documentation                        #
########################################",[],CMake,0,677,679
1371,ddvtech/mistserver,https://github.com/ddvtech/mistserver/blob/1c6a483e49b15e0621199846c94188696d746408/CMakeLists.txt#L693,"########################################
# Sourcery                             #
########################################
#If cross compiling, assume failure.",[],CMake,0,693,696
1371,ddvtech/mistserver,https://github.com/ddvtech/mistserver/blob/1c6a483e49b15e0621199846c94188696d746408/CMakeLists.txt#L723,"########################################
# RelAccX Sampler                      #
########################################",[],CMake,0,723,725
1371,ddvtech/mistserver,https://github.com/ddvtech/mistserver/blob/1c6a483e49b15e0621199846c94188696d746408/CMakeLists.txt#L734,"########################################
# Embed Code                           #
########################################
# main",[],CMake,0,734,737
1371,ddvtech/mistserver,https://github.com/ddvtech/mistserver/blob/1c6a483e49b15e0621199846c94188696d746408/CMakeLists.txt#L742,# wrappers,[],CMake,0,742,742
1371,ddvtech/mistserver,https://github.com/ddvtech/mistserver/blob/1c6a483e49b15e0621199846c94188696d746408/CMakeLists.txt#L778,# players,[],CMake,1,778,778
1371,ddvtech/mistserver,https://github.com/ddvtech/mistserver/blob/1c6a483e49b15e0621199846c94188696d746408/CMakeLists.txt#L807,# css,[],CMake,0,807,807
1371,ddvtech/mistserver,https://github.com/ddvtech/mistserver/blob/1c6a483e49b15e0621199846c94188696d746408/CMakeLists.txt#L821,"########################################
# JPG output                           #
########################################",[],CMake,0,821,823
1371,ddvtech/mistserver,https://github.com/ddvtech/mistserver/blob/1c6a483e49b15e0621199846c94188696d746408/CMakeLists.txt#L833,"########################################
# Local Settings Page                  #
########################################",[],CMake,0,833,835
1371,ddvtech/mistserver,https://github.com/ddvtech/mistserver/blob/1c6a483e49b15e0621199846c94188696d746408/CMakeLists.txt#L859,"########################################
# MistController - Build               #
########################################",[],CMake,0,859,861
1371,ddvtech/mistserver,https://github.com/ddvtech/mistserver/blob/1c6a483e49b15e0621199846c94188696d746408/CMakeLists.txt#L898,"########################################
# Make Clean                           #
########################################",[],CMake,0,898,900
1371,ddvtech/mistserver,https://github.com/ddvtech/mistserver/blob/1c6a483e49b15e0621199846c94188696d746408/CMakeLists.txt#L913,"########################################
# Tests                                #
########################################",[],CMake,0,913,915
1371,ddvtech/mistserver,https://github.com/ddvtech/mistserver/blob/1c6a483e49b15e0621199846c94188696d746408/scripts/webrtc_srtp_config.cmake#L4,#cmakedefine AC_APPLE_UNIVERSAL_BUILD 1,[],CMake,0,4,4
1371,ddvtech/mistserver,https://github.com/ddvtech/mistserver/blob/1c6a483e49b15e0621199846c94188696d746408/scripts/webrtc_srtp_config.cmake#L7,#cmakedefine CPU_CISC 1,[],CMake,0,7,7
1371,ddvtech/mistserver,https://github.com/ddvtech/mistserver/blob/1c6a483e49b15e0621199846c94188696d746408/scripts/webrtc_srtp_config.cmake#L10,#cmakedefine CPU_RISC 1,[],CMake,0,10,10
1371,ddvtech/mistserver,https://github.com/ddvtech/mistserver/blob/1c6a483e49b15e0621199846c94188696d746408/scripts/webrtc_srtp_config.cmake#L13,#cmakedefine ENABLE_DEBUG_LOGGING 1,[],CMake,0,13,13
1371,ddvtech/mistserver,https://github.com/ddvtech/mistserver/blob/1c6a483e49b15e0621199846c94188696d746408/scripts/webrtc_srtp_config.cmake#L16,"#cmakedefine ERR_REPORTING_FILE  ""@ERR_REPORTING_FILE@""",[],CMake,0,16,16
1371,ddvtech/mistserver,https://github.com/ddvtech/mistserver/blob/1c6a483e49b15e0621199846c94188696d746408/scripts/webrtc_srtp_config.cmake#L19,#cmakedefine ERR_REPORTING_STDOUT 1,[],CMake,0,19,19
1371,ddvtech/mistserver,https://github.com/ddvtech/mistserver/blob/1c6a483e49b15e0621199846c94188696d746408/scripts/webrtc_srtp_config.cmake#L22,#cmakedefine HAVE_ARPA_INET_H 1,[],CMake,0,22,22
1371,ddvtech/mistserver,https://github.com/ddvtech/mistserver/blob/1c6a483e49b15e0621199846c94188696d746408/scripts/webrtc_srtp_config.cmake#L25,#cmakedefine HAVE_BYTESWAP_H 1,[],CMake,0,25,25
1371,ddvtech/mistserver,https://github.com/ddvtech/mistserver/blob/1c6a483e49b15e0621199846c94188696d746408/scripts/webrtc_srtp_config.cmake#L28,#cmakedefine HAVE_INET_ATON 1,[],CMake,0,28,28
1371,ddvtech/mistserver,https://github.com/ddvtech/mistserver/blob/1c6a483e49b15e0621199846c94188696d746408/scripts/webrtc_srtp_config.cmake#L31,#cmakedefine HAVE_INT16_T 1,[],CMake,0,31,31
1371,ddvtech/mistserver,https://github.com/ddvtech/mistserver/blob/1c6a483e49b15e0621199846c94188696d746408/scripts/webrtc_srtp_config.cmake#L34,#cmakedefine HAVE_INT32_T 1,[],CMake,0,34,34
1371,ddvtech/mistserver,https://github.com/ddvtech/mistserver/blob/1c6a483e49b15e0621199846c94188696d746408/scripts/webrtc_srtp_config.cmake#L37,#cmakedefine HAVE_INT8_T 1,[],CMake,0,37,37
1371,ddvtech/mistserver,https://github.com/ddvtech/mistserver/blob/1c6a483e49b15e0621199846c94188696d746408/scripts/webrtc_srtp_config.cmake#L40,#cmakedefine HAVE_INTTYPES_H 1,[],CMake,0,40,40
1371,ddvtech/mistserver,https://github.com/ddvtech/mistserver/blob/1c6a483e49b15e0621199846c94188696d746408/scripts/webrtc_srtp_config.cmake#L43,#cmakedefine HAVE_LIBDL 1,[],CMake,0,43,43
1371,ddvtech/mistserver,https://github.com/ddvtech/mistserver/blob/1c6a483e49b15e0621199846c94188696d746408/scripts/webrtc_srtp_config.cmake#L46,#cmakedefine HAVE_LIBSOCKET 1,[],CMake,0,46,46
1371,ddvtech/mistserver,https://github.com/ddvtech/mistserver/blob/1c6a483e49b15e0621199846c94188696d746408/scripts/webrtc_srtp_config.cmake#L49,#cmakedefine HAVE_LIBZ 1,[],CMake,0,49,49
1371,ddvtech/mistserver,https://github.com/ddvtech/mistserver/blob/1c6a483e49b15e0621199846c94188696d746408/scripts/webrtc_srtp_config.cmake#L52,#cmakedefine HAVE_MACHINE_TYPES_H 1,[],CMake,0,52,52
1371,ddvtech/mistserver,https://github.com/ddvtech/mistserver/blob/1c6a483e49b15e0621199846c94188696d746408/scripts/webrtc_srtp_config.cmake#L55,#cmakedefine HAVE_MEMORY_H 1,[],CMake,0,55,55
1371,ddvtech/mistserver,https://github.com/ddvtech/mistserver/blob/1c6a483e49b15e0621199846c94188696d746408/scripts/webrtc_srtp_config.cmake#L58,#cmakedefine HAVE_NETINET_IN_H 1,[],CMake,0,58,58
1371,ddvtech/mistserver,https://github.com/ddvtech/mistserver/blob/1c6a483e49b15e0621199846c94188696d746408/scripts/webrtc_srtp_config.cmake#L61,#cmakedefine HAVE_PCAP 1,[],CMake,0,61,61
1371,ddvtech/mistserver,https://github.com/ddvtech/mistserver/blob/1c6a483e49b15e0621199846c94188696d746408/scripts/webrtc_srtp_config.cmake#L64,#cmakedefine HAVE_SIGACTION 1,[],CMake,0,64,64
1371,ddvtech/mistserver,https://github.com/ddvtech/mistserver/blob/1c6a483e49b15e0621199846c94188696d746408/scripts/webrtc_srtp_config.cmake#L67,#cmakedefine HAVE_SOCKET 1,[],CMake,0,67,67
1371,ddvtech/mistserver,https://github.com/ddvtech/mistserver/blob/1c6a483e49b15e0621199846c94188696d746408/scripts/webrtc_srtp_config.cmake#L70,#cmakedefine HAVE_STDINT_H 1,[],CMake,0,70,70
1371,ddvtech/mistserver,https://github.com/ddvtech/mistserver/blob/1c6a483e49b15e0621199846c94188696d746408/scripts/webrtc_srtp_config.cmake#L73,#cmakedefine HAVE_STDLIB_H 1,[],CMake,0,73,73
1371,ddvtech/mistserver,https://github.com/ddvtech/mistserver/blob/1c6a483e49b15e0621199846c94188696d746408/scripts/webrtc_srtp_config.cmake#L76,#cmakedefine HAVE_STRINGS_H 1,[],CMake,0,76,76
1371,ddvtech/mistserver,https://github.com/ddvtech/mistserver/blob/1c6a483e49b15e0621199846c94188696d746408/scripts/webrtc_srtp_config.cmake#L79,#cmakedefine HAVE_STRING_H 1,[],CMake,0,79,79
1371,ddvtech/mistserver,https://github.com/ddvtech/mistserver/blob/1c6a483e49b15e0621199846c94188696d746408/scripts/webrtc_srtp_config.cmake#L82,#cmakedefine HAVE_SYS_INT_TYPES_H 1,[],CMake,0,82,82
1371,ddvtech/mistserver,https://github.com/ddvtech/mistserver/blob/1c6a483e49b15e0621199846c94188696d746408/scripts/webrtc_srtp_config.cmake#L85,#cmakedefine HAVE_SYS_SOCKET_H 1,[],CMake,0,85,85
1371,ddvtech/mistserver,https://github.com/ddvtech/mistserver/blob/1c6a483e49b15e0621199846c94188696d746408/scripts/webrtc_srtp_config.cmake#L88,#cmakedefine HAVE_SYS_STAT_H 1,[],CMake,0,88,88
1371,ddvtech/mistserver,https://github.com/ddvtech/mistserver/blob/1c6a483e49b15e0621199846c94188696d746408/scripts/webrtc_srtp_config.cmake#L91,#cmakedefine HAVE_SYS_TYPES_H 1,[],CMake,0,91,91
1371,ddvtech/mistserver,https://github.com/ddvtech/mistserver/blob/1c6a483e49b15e0621199846c94188696d746408/scripts/webrtc_srtp_config.cmake#L94,#cmakedefine HAVE_SYS_UIO_H 1,[],CMake,0,94,94
1371,ddvtech/mistserver,https://github.com/ddvtech/mistserver/blob/1c6a483e49b15e0621199846c94188696d746408/scripts/webrtc_srtp_config.cmake#L97,#cmakedefine HAVE_UINT16_T 1,[],CMake,0,97,97
1371,ddvtech/mistserver,https://github.com/ddvtech/mistserver/blob/1c6a483e49b15e0621199846c94188696d746408/scripts/webrtc_srtp_config.cmake#L100,#cmakedefine HAVE_UINT32_T 1,[],CMake,0,100,100
1371,ddvtech/mistserver,https://github.com/ddvtech/mistserver/blob/1c6a483e49b15e0621199846c94188696d746408/scripts/webrtc_srtp_config.cmake#L103,#cmakedefine HAVE_UINT64_T 1,[],CMake,0,103,103
1371,ddvtech/mistserver,https://github.com/ddvtech/mistserver/blob/1c6a483e49b15e0621199846c94188696d746408/scripts/webrtc_srtp_config.cmake#L106,#cmakedefine HAVE_UINT8_T 1,[],CMake,0,106,106
1371,ddvtech/mistserver,https://github.com/ddvtech/mistserver/blob/1c6a483e49b15e0621199846c94188696d746408/scripts/webrtc_srtp_config.cmake#L109,#cmakedefine HAVE_UNISTD_H 1,[],CMake,0,109,109
1371,ddvtech/mistserver,https://github.com/ddvtech/mistserver/blob/1c6a483e49b15e0621199846c94188696d746408/scripts/webrtc_srtp_config.cmake#L112,#cmakedefine HAVE_USLEEP 1,[],CMake,0,112,112
1371,ddvtech/mistserver,https://github.com/ddvtech/mistserver/blob/1c6a483e49b15e0621199846c94188696d746408/scripts/webrtc_srtp_config.cmake#L115,#cmakedefine HAVE_WINDOWS_H 1,[],CMake,0,115,115
1371,ddvtech/mistserver,https://github.com/ddvtech/mistserver/blob/1c6a483e49b15e0621199846c94188696d746408/scripts/webrtc_srtp_config.cmake#L118,#cmakedefine HAVE_WINSOCK2_H 1,[],CMake,0,118,118
1371,ddvtech/mistserver,https://github.com/ddvtech/mistserver/blob/1c6a483e49b15e0621199846c94188696d746408/scripts/webrtc_srtp_config.cmake#L121,#cmakedefine HAVE_X86 1,[],CMake,0,121,121
1371,ddvtech/mistserver,https://github.com/ddvtech/mistserver/blob/1c6a483e49b15e0621199846c94188696d746408/scripts/webrtc_srtp_config.cmake#L124,#cmakedefine OPENSSL 1,[],CMake,0,124,124
1371,ddvtech/mistserver,https://github.com/ddvtech/mistserver/blob/1c6a483e49b15e0621199846c94188696d746408/scripts/webrtc_srtp_config.cmake#L127,#cmakedefine OPENSSL_CLEANSE_BROKEN 1,[],CMake,0,127,127
1371,ddvtech/mistserver,https://github.com/ddvtech/mistserver/blob/1c6a483e49b15e0621199846c94188696d746408/scripts/webrtc_srtp_config.cmake#L130,#cmakedefine OPENSSL_KDF 1,[],CMake,0,130,130
1371,ddvtech/mistserver,https://github.com/ddvtech/mistserver/blob/1c6a483e49b15e0621199846c94188696d746408/scripts/webrtc_srtp_config.cmake#L133,"#cmakedefine PACKAGE_BUGREPORT ""@PACKAGE_BUGREPORT@""",[],CMake,0,133,133
1371,ddvtech/mistserver,https://github.com/ddvtech/mistserver/blob/1c6a483e49b15e0621199846c94188696d746408/scripts/webrtc_srtp_config.cmake#L136,"#define PACKAGE_NAME ""@PACKAGE_NAME@""",[],CMake,0,136,136
1371,ddvtech/mistserver,https://github.com/ddvtech/mistserver/blob/1c6a483e49b15e0621199846c94188696d746408/scripts/webrtc_srtp_config.cmake#L139,"#define PACKAGE_STRING ""@PACKAGE_STRING@""",[],CMake,0,139,139
1371,ddvtech/mistserver,https://github.com/ddvtech/mistserver/blob/1c6a483e49b15e0621199846c94188696d746408/scripts/webrtc_srtp_config.cmake#L142,"#define PACKAGE_TARNAME ""@PACKAGE_TARNAME@""",[],CMake,0,142,142
1371,ddvtech/mistserver,https://github.com/ddvtech/mistserver/blob/1c6a483e49b15e0621199846c94188696d746408/scripts/webrtc_srtp_config.cmake#L145,"#cmakedefine PACKAGE_URL ""@PACKAGE_URL@""",[],CMake,0,145,145
1371,ddvtech/mistserver,https://github.com/ddvtech/mistserver/blob/1c6a483e49b15e0621199846c94188696d746408/scripts/webrtc_srtp_config.cmake#L148,"#define PACKAGE_VERSION ""@PACKAGE_VERSION@""",[],CMake,0,148,148
1371,ddvtech/mistserver,https://github.com/ddvtech/mistserver/blob/1c6a483e49b15e0621199846c94188696d746408/scripts/webrtc_srtp_config.cmake#L151,#define SIZEOF_UNSIGNED_LONG @SIZEOF_UNSIGNED_LONG@,[],CMake,0,151,151
1371,ddvtech/mistserver,https://github.com/ddvtech/mistserver/blob/1c6a483e49b15e0621199846c94188696d746408/scripts/webrtc_srtp_config.cmake#L154,#define SIZEOF_UNSIGNED_LONG_LONG @SIZEOF_UNSIGNED_LONG_LONG@,[],CMake,0,154,154
1371,ddvtech/mistserver,https://github.com/ddvtech/mistserver/blob/1c6a483e49b15e0621199846c94188696d746408/scripts/webrtc_srtp_config.cmake#L157,#cmakedefine STDC_HEADERS 1,[],CMake,0,157,157
1371,ddvtech/mistserver,https://github.com/ddvtech/mistserver/blob/1c6a483e49b15e0621199846c94188696d746408/scripts/webrtc_srtp_config.cmake#L161,"#if defined AC_APPLE_UNIVERSAL_BUILD
# if defined __BIG_ENDIAN__
#  define WORDS_BIGENDIAN 1
# endif
#else
# ifndef WORDS_BIGENDIAN
#  undef WORDS_BIGENDIAN
# endif
#endif",[],CMake,0,161,169
1371,ddvtech/mistserver,https://github.com/ddvtech/mistserver/blob/1c6a483e49b15e0621199846c94188696d746408/scripts/webrtc_srtp_config.cmake#L172,#undef const,[],CMake,0,172,172
1371,ddvtech/mistserver,https://github.com/ddvtech/mistserver/blob/1c6a483e49b15e0621199846c94188696d746408/scripts/webrtc_srtp_config.cmake#L181,#undef size_t,[],CMake,0,181,181
