repoIndex,repoName,linkLocation,comment,keywords,buildSysteminFile,charPosition,startLine,endLine
13959,lamsfoundation/lams,https://github.com/lamsfoundation/lams/blob/7ca2115adff4164bb6f5b3b878c68a205cc98634/lams_admin/build.properties#L1,"####################################################################################################
## NOTE: Most variables are defined in ../lams_build/common.properties file.
##       You could define same name variable in this file to override value in common.properties.
#####################################################################################################",[],Ant,0,1,4
13959,lamsfoundation/lams,https://github.com/lamsfoundation/lams/blob/7ca2115adff4164bb6f5b3b878c68a205cc98634/lams_admin/build.properties#L8,# Project physical and logical paths,[],Ant,0,8,8
13959,lamsfoundation/lams,https://github.com/lamsfoundation/lams/blob/7ca2115adff4164bb6f5b3b878c68a205cc98634/lams_admin/build.properties#L12,"# Project is a core one, not a Tool",[],Ant,0,12,12
13959,lamsfoundation/lams,https://github.com/lamsfoundation/lams/blob/7ca2115adff4164bb6f5b3b878c68a205cc98634/lams_central/build.properties#L3,# Project physical and logical paths,[],Ant,0,3,3
13959,lamsfoundation/lams,https://github.com/lamsfoundation/lams/blob/7ca2115adff4164bb6f5b3b878c68a205cc98634/lams_central/build.properties#L7,"# Project is a core one, not a Tool",[],Ant,0,7,7
13959,lamsfoundation/lams,https://github.com/lamsfoundation/lams/blob/7ca2115adff4164bb6f5b3b878c68a205cc98634/lams_central/build.properties#L10,"# Control which activities are generated for TBL templates - vanilla setting is ""checked"" (not in quotes)",[],Ant,0,10,10
13959,lamsfoundation/lams,https://github.com/lamsfoundation/lams/blob/7ca2115adff4164bb6f5b3b878c68a205cc98634/lams_common/build.properties#L3,# Project physical and logical paths,[],Ant,0,3,3
13959,lamsfoundation/lams,https://github.com/lamsfoundation/lams/blob/7ca2115adff4164bb6f5b3b878c68a205cc98634/lams_common/build.properties#L7,"# Project is a core one, not a Tool",[],Ant,0,7,7
13959,lamsfoundation/lams,https://github.com/lamsfoundation/lams/blob/7ca2115adff4164bb6f5b3b878c68a205cc98634/lams_contentrepository/build.properties#L3,# Project physical and logical paths,[],Ant,0,3,3
13959,lamsfoundation/lams,https://github.com/lamsfoundation/lams/blob/7ca2115adff4164bb6f5b3b878c68a205cc98634/lams_contentrepository/build.properties#L7,"# Project is a core one, not a Tool",[],Ant,0,7,7
13959,lamsfoundation/lams,https://github.com/lamsfoundation/lams/blob/7ca2115adff4164bb6f5b3b878c68a205cc98634/lams_gradebook/build.properties#L3,# Project physical and logical paths,[],Ant,0,3,3
13959,lamsfoundation/lams,https://github.com/lamsfoundation/lams/blob/7ca2115adff4164bb6f5b3b878c68a205cc98634/lams_gradebook/build.properties#L7,"# Project is a core one, not a Tool",[],Ant,0,7,7
13959,lamsfoundation/lams,https://github.com/lamsfoundation/lams/blob/7ca2115adff4164bb6f5b3b878c68a205cc98634/lams_gradebook/build.properties#L10,# SCSS Directories - override value in common.properties,[],Ant,0,10,10
13959,lamsfoundation/lams,https://github.com/lamsfoundation/lams/blob/7ca2115adff4164bb6f5b3b878c68a205cc98634/lams_learning/build.properties#L3,# Project physical and logical paths,[],Ant,0,3,3
13959,lamsfoundation/lams,https://github.com/lamsfoundation/lams/blob/7ca2115adff4164bb6f5b3b878c68a205cc98634/lams_learning/build.properties#L7,"# Project is a core one, not a Tool",[],Ant,0,7,7
13959,lamsfoundation/lams,https://github.com/lamsfoundation/lams/blob/7ca2115adff4164bb6f5b3b878c68a205cc98634/lams_monitoring/build.properties#L3,# Project physical and logical paths,[],Ant,0,3,3
13959,lamsfoundation/lams,https://github.com/lamsfoundation/lams/blob/7ca2115adff4164bb6f5b3b878c68a205cc98634/lams_monitoring/build.properties#L7,"# Project is a core one, not a Tool",[],Ant,0,7,7
13959,lamsfoundation/lams,https://github.com/lamsfoundation/lams/blob/7ca2115adff4164bb6f5b3b878c68a205cc98634/lams_tool_assessment/build.properties#L1,# Minimum compatible version of server,[],Ant,0,1,1
13959,lamsfoundation/lams,https://github.com/lamsfoundation/lams/blob/7ca2115adff4164bb6f5b3b878c68a205cc98634/lams_tool_assessment/build.properties#L9,# SCSS Directories - override value in common.properties,[],Ant,0,9,9
13959,lamsfoundation/lams,https://github.com/lamsfoundation/lams/blob/7ca2115adff4164bb6f5b3b878c68a205cc98634/lams_tool_bbb/build.properties#L1,# Minimum compatible version of server,[],Ant,0,1,1
13959,lamsfoundation/lams,https://github.com/lamsfoundation/lams/blob/7ca2115adff4164bb6f5b3b878c68a205cc98634/lams_tool_chat/build.properties#L1,# Minimum compatible version of server,[],Ant,0,1,1
13959,lamsfoundation/lams,https://github.com/lamsfoundation/lams/blob/7ca2115adff4164bb6f5b3b878c68a205cc98634/lams_tool_chat/build.properties#L9,# SCSS Directories - override value in common.properties,[],Ant,0,9,9
13959,lamsfoundation/lams,https://github.com/lamsfoundation/lams/blob/7ca2115adff4164bb6f5b3b878c68a205cc98634/lams_tool_daco/build.properties#L1,# Minimum compatible version of server,[],Ant,0,1,1
13959,lamsfoundation/lams,https://github.com/lamsfoundation/lams/blob/7ca2115adff4164bb6f5b3b878c68a205cc98634/lams_tool_daco/build.properties#L9,# SCSS Directories - override value in common.properties,[],Ant,0,9,9
13959,lamsfoundation/lams,https://github.com/lamsfoundation/lams/blob/7ca2115adff4164bb6f5b3b878c68a205cc98634/lams_tool_dimdim/build.properties#L1,# Minimum compatible version of server,[],Ant,0,1,1
13959,lamsfoundation/lams,https://github.com/lamsfoundation/lams/blob/7ca2115adff4164bb6f5b3b878c68a205cc98634/lams_tool_doku/build.properties#L1,# Minimum compatible version of server,[],Ant,0,1,1
13959,lamsfoundation/lams,https://github.com/lamsfoundation/lams/blob/7ca2115adff4164bb6f5b3b878c68a205cc98634/lams_tool_eadventure/build.properties#L1,# Minimum compatible version of server,[],Ant,0,1,1
13959,lamsfoundation/lams,https://github.com/lamsfoundation/lams/blob/7ca2115adff4164bb6f5b3b878c68a205cc98634/lams_tool_eadventure/build.properties#L9,# physical and logical paths; they override ones set in common.properties,[],Ant,0,9,9
13959,lamsfoundation/lams,https://github.com/lamsfoundation/lams/blob/7ca2115adff4164bb6f5b3b878c68a205cc98634/lams_tool_forum/build.properties#L1,# Minimum compatible version of server,[],Ant,0,1,1
13959,lamsfoundation/lams,https://github.com/lamsfoundation/lams/blob/7ca2115adff4164bb6f5b3b878c68a205cc98634/lams_tool_gmap/build.properties#L1,# Minimum compatible version of server,[],Ant,0,1,1
13959,lamsfoundation/lams,https://github.com/lamsfoundation/lams/blob/7ca2115adff4164bb6f5b3b878c68a205cc98634/lams_tool_images/build.properties#L1,# Minimum compatible version of server,[],Ant,0,1,1
13959,lamsfoundation/lams,https://github.com/lamsfoundation/lams/blob/7ca2115adff4164bb6f5b3b878c68a205cc98634/lams_tool_images/build.properties#L9,# SCSS Directories - override value in common.properties,[],Ant,0,9,9
13959,lamsfoundation/lams,https://github.com/lamsfoundation/lams/blob/7ca2115adff4164bb6f5b3b878c68a205cc98634/lams_tool_imscc/build.properties#L1,# Minimum compatible version of server,[],Ant,0,1,1
13959,lamsfoundation/lams,https://github.com/lamsfoundation/lams/blob/7ca2115adff4164bb6f5b3b878c68a205cc98634/lams_tool_kaltura/build.properties#L1,# Minimum compatible version of server,[],Ant,0,1,1
13959,lamsfoundation/lams,https://github.com/lamsfoundation/lams/blob/7ca2115adff4164bb6f5b3b878c68a205cc98634/lams_tool_lamc/build.properties#L1,# Minimum compatible version of server,[],Ant,0,1,1
13959,lamsfoundation/lams,https://github.com/lamsfoundation/lams/blob/7ca2115adff4164bb6f5b3b878c68a205cc98634/lams_tool_laqa/build.properties#L1,# Minimum compatible version of server,[],Ant,0,1,1
13959,lamsfoundation/lams,https://github.com/lamsfoundation/lams/blob/7ca2115adff4164bb6f5b3b878c68a205cc98634/lams_tool_laqa/build.properties#L9,# SCSS Directories - override value in common.properties,[],Ant,0,9,9
13959,lamsfoundation/lams,https://github.com/lamsfoundation/lams/blob/7ca2115adff4164bb6f5b3b878c68a205cc98634/lams_tool_larsrc/build.properties#L1,# Minimum compatible version of server,[],Ant,0,1,1
13959,lamsfoundation/lams,https://github.com/lamsfoundation/lams/blob/7ca2115adff4164bb6f5b3b878c68a205cc98634/lams_tool_leader/build.properties#L1,# Minimum compatible version of server,[],Ant,0,1,1
13959,lamsfoundation/lams,https://github.com/lamsfoundation/lams/blob/7ca2115adff4164bb6f5b3b878c68a205cc98634/lams_tool_mindmap/build.properties#L1,# Minimum compatible version of server,[],Ant,0,1,1
13959,lamsfoundation/lams,https://github.com/lamsfoundation/lams/blob/7ca2115adff4164bb6f5b3b878c68a205cc98634/lams_tool_nb/build.properties#L1,# Minimum compatible version of server,[],Ant,0,1,1
13959,lamsfoundation/lams,https://github.com/lamsfoundation/lams/blob/7ca2115adff4164bb6f5b3b878c68a205cc98634/lams_tool_nb/build.properties#L9,# Tool private application context file,[],Ant,0,9,9
13959,lamsfoundation/lams,https://github.com/lamsfoundation/lams/blob/7ca2115adff4164bb6f5b3b878c68a205cc98634/lams_tool_nb/build.properties#L12,# Tool SQL files,[],Ant,0,12,12
13959,lamsfoundation/lams,https://github.com/lamsfoundation/lams/blob/7ca2115adff4164bb6f5b3b878c68a205cc98634/lams_tool_notebook/build.properties#L1,# Minimum compatible version of server,[],Ant,0,1,1
13959,lamsfoundation/lams,https://github.com/lamsfoundation/lams/blob/7ca2115adff4164bb6f5b3b878c68a205cc98634/lams_tool_pixlr/build.properties#L1,# Minimum compatible version of server,[],Ant,0,1,1
13959,lamsfoundation/lams,https://github.com/lamsfoundation/lams/blob/7ca2115adff4164bb6f5b3b878c68a205cc98634/lams_tool_preview/build.properties#L1,# Minimum compatible version of server,[],Ant,0,1,1
13959,lamsfoundation/lams,https://github.com/lamsfoundation/lams/blob/7ca2115adff4164bb6f5b3b878c68a205cc98634/lams_tool_preview/build.properties#L9,# SCSS Directories - override value in common.properties,[],Ant,0,9,9
13959,lamsfoundation/lams,https://github.com/lamsfoundation/lams/blob/7ca2115adff4164bb6f5b3b878c68a205cc98634/lams_tool_sbmt/build.properties#L1,# Minimum compatible version of server,[],Ant,0,1,1
13959,lamsfoundation/lams,https://github.com/lamsfoundation/lams/blob/7ca2115adff4164bb6f5b3b878c68a205cc98634/lams_tool_sbmt/build.properties#L9,# Tool private application context file,[],Ant,0,9,9
13959,lamsfoundation/lams,https://github.com/lamsfoundation/lams/blob/7ca2115adff4164bb6f5b3b878c68a205cc98634/lams_tool_scratchie/build.properties#L1,# Minimum compatible version of server,[],Ant,0,1,1
13959,lamsfoundation/lams,https://github.com/lamsfoundation/lams/blob/7ca2115adff4164bb6f5b3b878c68a205cc98634/lams_tool_scratchie/build.properties#L9,# SCSS Directories - override value in common.properties,[],Ant,0,9,9
13959,lamsfoundation/lams,https://github.com/lamsfoundation/lams/blob/7ca2115adff4164bb6f5b3b878c68a205cc98634/lams_tool_scribe/build.properties#L1,# Minimum compatible version of server,[],Ant,0,1,1
13959,lamsfoundation/lams,https://github.com/lamsfoundation/lams/blob/7ca2115adff4164bb6f5b3b878c68a205cc98634/lams_tool_spreadsheet/build.properties#L1,# Minimum compatible version of server,[],Ant,0,1,1
13959,lamsfoundation/lams,https://github.com/lamsfoundation/lams/blob/7ca2115adff4164bb6f5b3b878c68a205cc98634/lams_tool_survey/build.properties#L1,# Minimum compatible version of server,[],Ant,0,1,1
13959,lamsfoundation/lams,https://github.com/lamsfoundation/lams/blob/7ca2115adff4164bb6f5b3b878c68a205cc98634/lams_tool_task/build.properties#L1,# Minimum compatible version of server,[],Ant,0,1,1
13959,lamsfoundation/lams,https://github.com/lamsfoundation/lams/blob/7ca2115adff4164bb6f5b3b878c68a205cc98634/lams_tool_task/build.properties#L9,# SCSS Directories - override value in common.properties,[],Ant,0,9,9
13959,lamsfoundation/lams,https://github.com/lamsfoundation/lams/blob/7ca2115adff4164bb6f5b3b878c68a205cc98634/lams_tool_videorecorder/build.properties#L1,# Minimum compatible version of server,[],Ant,0,1,1
13959,lamsfoundation/lams,https://github.com/lamsfoundation/lams/blob/7ca2115adff4164bb6f5b3b878c68a205cc98634/lams_tool_vote/build.properties#L1,# Minimum compatible version of server,[],Ant,0,1,1
13959,lamsfoundation/lams,https://github.com/lamsfoundation/lams/blob/7ca2115adff4164bb6f5b3b878c68a205cc98634/lams_tool_whiteboard/build.properties#L1,# Minimum compatible version of server,[],Ant,0,1,1
13959,lamsfoundation/lams,https://github.com/lamsfoundation/lams/blob/7ca2115adff4164bb6f5b3b878c68a205cc98634/lams_tool_wiki/build.properties#L1,# Minimum compatible version of server,[],Ant,0,1,1
13959,lamsfoundation/lams,https://github.com/lamsfoundation/lams/blob/7ca2115adff4164bb6f5b3b878c68a205cc98634/lams_tool_wookie/build.properties#L1,# Minimum compatible version of server,[],Ant,0,1,1
13959,lamsfoundation/lams,https://github.com/lamsfoundation/lams/blob/7ca2115adff4164bb6f5b3b878c68a205cc98634/lams_tool_zoom/build.properties#L1,# Minimum compatible version of server,[],Ant,0,1,1
13959,lamsfoundation/lams,https://github.com/lamsfoundation/lams/blob/7ca2115adff4164bb6f5b3b878c68a205cc98634/lams_bb_integration/build.xml#L19,"<!-- If Eclipse is not used, this should be ${build.classes} -->",[],Ant,2,19,19
13959,lamsfoundation/lams,https://github.com/lamsfoundation/lams/blob/7ca2115adff4164bb6f5b3b878c68a205cc98634/lams_bb_integration/build.xml#L29,<!-- ================================================================ -->,[],Ant,1,29,29
13959,lamsfoundation/lams,https://github.com/lamsfoundation/lams/blob/7ca2115adff4164bb6f5b3b878c68a205cc98634/lams_bb_integration/build.xml#L30,<!-- Preparations									          -->,[],Ant,1,30,30
13959,lamsfoundation/lams,https://github.com/lamsfoundation/lams/blob/7ca2115adff4164bb6f5b3b878c68a205cc98634/lams_bb_integration/build.xml#L31,<!-- ================================================================ -->,[],Ant,1,31,31
13959,lamsfoundation/lams,https://github.com/lamsfoundation/lams/blob/7ca2115adff4164bb6f5b3b878c68a205cc98634/lams_bb_integration/build.xml#L44,<!-- ================================================================ -->,[],Ant,1,44,44
13959,lamsfoundation/lams,https://github.com/lamsfoundation/lams/blob/7ca2115adff4164bb6f5b3b878c68a205cc98634/lams_bb_integration/build.xml#L45,<!-- making the jar packages						    	          -->,[],Ant,1,45,45
13959,lamsfoundation/lams,https://github.com/lamsfoundation/lams/blob/7ca2115adff4164bb6f5b3b878c68a205cc98634/lams_bb_integration/build.xml#L46,<!-- ================================================================ -->,[],Ant,1,46,46
13959,lamsfoundation/lams,https://github.com/lamsfoundation/lams/blob/7ca2115adff4164bb6f5b3b878c68a205cc98634/lams_bb_integration/build.xml#L59,<!-- ================================================================ -->,[],Ant,1,59,59
13959,lamsfoundation/lams,https://github.com/lamsfoundation/lams/blob/7ca2115adff4164bb6f5b3b878c68a205cc98634/lams_bb_integration/build.xml#L60,<!-- making the war packages for deployment			    	          -->,[],Ant,1,60,60
13959,lamsfoundation/lams,https://github.com/lamsfoundation/lams/blob/7ca2115adff4164bb6f5b3b878c68a205cc98634/lams_bb_integration/build.xml#L61,<!-- ================================================================ -->,[],Ant,1,61,61
13959,lamsfoundation/lams,https://github.com/lamsfoundation/lams/blob/7ca2115adff4164bb6f5b3b878c68a205cc98634/lams_build/build.xml#L5,<!-- Import properties from the shared and o/s specific files -->,[],Ant,1,5,5
13959,lamsfoundation/lams,https://github.com/lamsfoundation/lams/blob/7ca2115adff4164bb6f5b3b878c68a205cc98634/lams_build/build.xml#L10,<!-- Check if WildFly was slimmed. It can be any file removed in slimming process -->,[],Ant,1,10,10
13959,lamsfoundation/lams,https://github.com/lamsfoundation/lams/blob/7ca2115adff4164bb6f5b3b878c68a205cc98634/lams_build/build.xml#L34,<!-- Internal target: Recreates dirs for compiled output files. -->,[],Ant,2,34,34
13959,lamsfoundation/lams,https://github.com/lamsfoundation/lams/blob/7ca2115adff4164bb6f5b3b878c68a205cc98634/lams_build/build.xml#L37,"<!-- <delete dir=""${server.home}server/default/work"" /> -->",[],Ant,2,37,37
13959,lamsfoundation/lams,https://github.com/lamsfoundation/lams/blob/7ca2115adff4164bb6f5b3b878c68a205cc98634/lams_build/build.xml#L46,<!-- Internal target: Removes output dirs of Core projects -->,[],Ant,2,46,46
13959,lamsfoundation/lams,https://github.com/lamsfoundation/lams/blob/7ca2115adff4164bb6f5b3b878c68a205cc98634/lams_build/build.xml#L59,<!-- Internal target: Removes output dirs of Tools -->,[],Ant,2,59,59
13959,lamsfoundation/lams,https://github.com/lamsfoundation/lams/blob/7ca2115adff4164bb6f5b3b878c68a205cc98634/lams_build/build.xml#L82,"<!-- 
			<ant antfile=""../lams_tool_kaltura/build.xml""       target=""_clean-dirs"" inheritAll=""false"" />
			<ant antfile=""../lams_tool_eadventure/build.xml""    target=""_clean-dirs"" inheritAll=""false""/>
			<ant antfile=""../lams_tool_videorecorder/build.xml"" target=""_clean-dirs"" inheritAll=""false""/>
			<ant antfile=""../lams_tool_wookie/build.xml""    	target=""_clean-dirs"" inheritAll=""false""/>
			<ant antfile=""../lams_tool_bbb/build.xml""           target=""_clean-dirs"" inheritAll=""false"" />
			<ant antfile=""../lams_tool_dimdim/build.xml""        target=""_clean-dirs"" inheritAll=""false"" />
			<ant antfile=""../lams_tool_gmap/build.xml""          target=""_clean-dirs"" inheritAll=""false"" />
			
			<ant antfile=""../lams_tool_doku/build.xml""          target=""_clean-dirs"" inheritAll=""false"" />
			<ant antfile=""../lams_tool_zoom/build.xml""          target=""_clean-dirs"" inheritAll=""false"" />
			<ant antfile=""../lams_tool_preview/build.xml""       target=""_clean-dirs"" inheritAll=""false"" />
			<ant antfile=""../lams_tool_whiteboard/build.xml""    target=""_clean-dirs"" inheritAll=""false"" />
		-->",[],Ant,2,82,95
13959,lamsfoundation/lams,https://github.com/lamsfoundation/lams/blob/7ca2115adff4164bb6f5b3b878c68a205cc98634/lams_build/build.xml#L132,"<!-- 
			<ant antfile=""../lams_tool_kaltura/build.xml""       target=""copy-tags"" inheritAll=""false"" />
			<ant antfile=""../lams_tool_eadventure/build.xml""    target=""copy-tags"" inheritAll=""false""/>
			<ant antfile=""../lams_tool_videorecorder/build.xml"" target=""copy-tags"" inheritAll=""false""/>
			<ant antfile=""../lams_tool_wookie/build.xml""    	target=""copy-tags"" inheritAll=""false""/>
			<ant antfile=""../lams_tool_bbb/build.xml""           target=""copy-tags"" inheritAll=""false"" />
			<ant antfile=""../lams_tool_dimdim/build.xml""        target=""copy-tags"" inheritAll=""false"" />
			<ant antfile=""../lams_tool_gmap/build.xml""          target=""copy-tags"" inheritAll=""false"" />
		-->",[],Ant,2,132,140
13959,lamsfoundation/lams,https://github.com/lamsfoundation/lams/blob/7ca2115adff4164bb6f5b3b878c68a205cc98634/lams_build/build.xml#L151,<!-- Internal target: Builds LAMS core projects -->,[],Ant,2,151,151
13959,lamsfoundation/lams,https://github.com/lamsfoundation/lams/blob/7ca2115adff4164bb6f5b3b878c68a205cc98634/lams_build/build.xml#L166,<!-- Internal target: Assembles LAMS EAR in exploded form -->,[],Ant,2,166,166
13959,lamsfoundation/lams,https://github.com/lamsfoundation/lams/blob/7ca2115adff4164bb6f5b3b878c68a205cc98634/lams_build/build.xml#L230,<!-- copy autopatcher-->,[],Ant,3,230,230
13959,lamsfoundation/lams,https://github.com/lamsfoundation/lams/blob/7ca2115adff4164bb6f5b3b878c68a205cc98634/lams_build/build.xml#L282,"<!-- 
			<ant antfile=""../lams_tool_kaltura/build.xml""       target=""deploy-tool"" inheritAll=""false"" />
			<ant antfile=""../lams_tool_eadventure/build.xml""    target=""deploy-tool"" inheritAll=""false""/>
			<ant antfile=""../lams_tool_videorecorder/build.xml"" target=""deploy-tool"" inheritAll=""false""/>
			<ant antfile=""../lams_tool_wookie/build.xml""    	target=""deploy-tool"" inheritAll=""false""/>
			<ant antfile=""../lams_tool_bbb/build.xml""           target=""deploy-tool"" inheritAll=""false"" />
			<ant antfile=""../lams_tool_dimdim/build.xml""        target=""deploy-tool"" inheritAll=""false"" />
			<ant antfile=""../lams_tool_gmap/build.xml""          target=""deploy-tool"" inheritAll=""false"" />
			
			<ant antfile=""../lams_tool_doku/build.xml""          target=""deploy-tool"" inheritAll=""false"" />
			<ant antfile=""../lams_tool_whiteboard/build.xml""    target=""deploy-tool"" inheritAll=""false"" />
			<ant antfile=""../lams_tool_zoom/build.xml""          target=""deploy-tool"" inheritAll=""false"" />
		-->",[],Ant,2,282,294
13959,lamsfoundation/lams,https://github.com/lamsfoundation/lams/blob/7ca2115adff4164bb6f5b3b878c68a205cc98634/lams_build/build.xml#L299,<!-- Internal target: Deploys a parallel activity. -->,[],Ant,2,299,299
13959,lamsfoundation/lams,https://github.com/lamsfoundation/lams/blob/7ca2115adff4164bb6f5b3b878c68a205cc98634/lams_build/build.xml#L329,<!-- replace @assemblydir@ in the xml template - this allows it to run under any directory structure -->,[],Ant,5,329,329
13959,lamsfoundation/lams,https://github.com/lamsfoundation/lams/blob/7ca2115adff4164bb6f5b3b878c68a205cc98634/lams_build/build.xml#L396,<!-- Internal target: Deploys third party JARs and cofiguration files -->,[],Ant,2,396,396
13959,lamsfoundation/lams,https://github.com/lamsfoundation/lams/blob/7ca2115adff4164bb6f5b3b878c68a205cc98634/lams_build/build.xml#L697,<!-- Mark EAR for WildFly deployment -->,[],Ant,2,697,697
13959,lamsfoundation/lams,https://github.com/lamsfoundation/lams/blob/7ca2115adff4164bb6f5b3b878c68a205cc98634/lams_build/build.xml#L765,"<!-- 
			<ant antfile=""../lams_tool_kaltura/build.xml""       target=""explode-war"" inheritAll=""false"" />
			<ant antfile=""../lams_tool_eadventure/build.xml""    target=""explode-war"" inheritAll=""false""/>
			<ant antfile=""../lams_tool_videorecorder/build.xml"" target=""explode-war"" inheritAll=""false""/>
			<ant antfile=""../lams_tool_wookie/build.xml""    	target=""explode-war"" inheritAll=""false""/>
			<ant antfile=""../lams_tool_bbb/build.xml""           target=""explode-war"" inheritAll=""false"" />
			<ant antfile=""../lams_tool_dimdim/build.xml""        target=""explode-war"" inheritAll=""false"" />
			<ant antfile=""../lams_tool_gmap/build.xml""          target=""explode-war"" inheritAll=""false"" />
			
			<ant antfile=""../lams_tool_doku/build.xml""          target=""explode-war"" inheritAll=""false"" />
			<ant antfile=""../lams_tool_zoom/build.xml""          target=""explode-war"" inheritAll=""false"" />
			<ant antfile=""../lams_tool_preview/build.xml""       target=""explode-war"" inheritAll=""false"" />
		-->",[],Ant,2,765,777
13959,lamsfoundation/lams,https://github.com/lamsfoundation/lams/blob/7ca2115adff4164bb6f5b3b878c68a205cc98634/lams_build/build.xml#L781,<!-- cruise control task : build lams -->,[],Ant,1,781,781
13959,lamsfoundation/lams,https://github.com/lamsfoundation/lams/blob/7ca2115adff4164bb6f5b3b878c68a205cc98634/lams_build/build.xml#L786,<!-- cruise control task : build lams without tools -->,[],Ant,1,786,786
13959,lamsfoundation/lams,https://github.com/lamsfoundation/lams/blob/7ca2115adff4164bb6f5b3b878c68a205cc98634/lams_build/build.xml#L812,<!-- cruise control task : build lams -->,[],Ant,1,812,812
13959,lamsfoundation/lams,https://github.com/lamsfoundation/lams/blob/7ca2115adff4164bb6f5b3b878c68a205cc98634/lams_build/build.xml#L832,"<!-- Remove existing entries first, so it is possible to run target multiple times -->",[],Ant,2,832,832
13959,lamsfoundation/lams,https://github.com/lamsfoundation/lams/blob/7ca2115adff4164bb6f5b3b878c68a205cc98634/lams_build/build.xml#L857,<!-- Domain version of server. Standalone is used. -->,[],Ant,3,857,857
13959,lamsfoundation/lams,https://github.com/lamsfoundation/lams/blob/7ca2115adff4164bb6f5b3b878c68a205cc98634/lams_build/build.xml#L859,<!-- Client -->,[],Ant,3,859,859
13959,lamsfoundation/lams,https://github.com/lamsfoundation/lams/blob/7ca2115adff4164bb6f5b3b878c68a205cc98634/lams_build/build.xml#L861,<!-- Binaries -->,[],Ant,3,861,861
13959,lamsfoundation/lams,https://github.com/lamsfoundation/lams/blob/7ca2115adff4164bb6f5b3b878c68a205cc98634/lams_build/build.xml#L878,<!-- Config files -->,[],Ant,3,878,878
13959,lamsfoundation/lams,https://github.com/lamsfoundation/lams/blob/7ca2115adff4164bb6f5b3b878c68a205cc98634/lams_build/build.xml#L882,<!-- Libraries -->,[],Ant,3,882,882
13959,lamsfoundation/lams,https://github.com/lamsfoundation/lams/blob/7ca2115adff4164bb6f5b3b878c68a205cc98634/lams_build/build.xml#L991,<!-- Default content -->,[],Ant,3,991,991
13959,lamsfoundation/lams,https://github.com/lamsfoundation/lams/blob/7ca2115adff4164bb6f5b3b878c68a205cc98634/lams_build/build.xml#L995,<!-- Other -->,[],Ant,3,995,995
13959,lamsfoundation/lams,https://github.com/lamsfoundation/lams/blob/7ca2115adff4164bb6f5b3b878c68a205cc98634/lams_central/build.xml#L26,<!-- authoring directory needed for the minify -->,[],Ant,2,26,26
13959,lamsfoundation/lams,https://github.com/lamsfoundation/lams/blob/7ca2115adff4164bb6f5b3b878c68a205cc98634/lams_central/build.xml#L28,<!-- Internal target: Adds additional web content to WAR -->,[],Ant,2,28,28
13959,lamsfoundation/lams,https://github.com/lamsfoundation/lams/blob/7ca2115adff4164bb6f5b3b878c68a205cc98634/lams_central/build.xml#L45,<!-- Internal target: Copies JSP files. -->,[],Ant,3,45,45
13959,lamsfoundation/lams,https://github.com/lamsfoundation/lams/blob/7ca2115adff4164bb6f5b3b878c68a205cc98634/lams_central/build.xml#L48,<!-- No processing is needed for most of the files so copy files straight to assembly dir to create WAR -->,[],Ant,3,48,48
13959,lamsfoundation/lams,https://github.com/lamsfoundation/lams/blob/7ca2115adff4164bb6f5b3b878c68a205cc98634/lams_central/build.xml#L57,<!-- Now handle the tweaks to the authoring template files -->,[],Ant,3,57,57
13959,lamsfoundation/lams,https://github.com/lamsfoundation/lams/blob/7ca2115adff4164bb6f5b3b878c68a205cc98634/lams_central/build.xml#L72,<!-- Internal target: Builds WAR without archivisation -->,[],Ant,2,72,72
13959,lamsfoundation/lams,https://github.com/lamsfoundation/lams/blob/7ca2115adff4164bb6f5b3b878c68a205cc98634/lams_central/build.xml#L103,<!-- Not needed. Does not even display warning to avoid confusion -->,[],Ant,1,103,103
13959,lamsfoundation/lams,https://github.com/lamsfoundation/lams/blob/7ca2115adff4164bb6f5b3b878c68a205cc98634/lams_common/build.xml#L40,<!-- Create tables for LAMS and other application's integration -->,[],Ant,3,40,40
13959,lamsfoundation/lams,https://github.com/lamsfoundation/lams/blob/7ca2115adff4164bb6f5b3b878c68a205cc98634/lams_common/build.xml#L44,<!-- Create Quartz table -->,[],Ant,3,44,44
13959,lamsfoundation/lams,https://github.com/lamsfoundation/lams/blob/7ca2115adff4164bb6f5b3b878c68a205cc98634/lams_common/build.xml#L52,<!-- Internal target: Creates JAR file. -->,[],Ant,2,52,52
13959,lamsfoundation/lams,https://github.com/lamsfoundation/lams/blob/7ca2115adff4164bb6f5b3b878c68a205cc98634/lams_contentrepository/build.xml#L8,<!-- Below are unused targets -->,[],Ant,1,8,8
13959,lamsfoundation/lams,https://github.com/lamsfoundation/lams/blob/7ca2115adff4164bb6f5b3b878c68a205cc98634/lams_learning/build.xml#L9,"<!-- Add the websockets class to WEB-INF/classes.
		 This can not be a target in build_base because the way Ant reads properties and dependecies
		 would make it too complex or make it repeat some tasks.
		 
		 The files serve only as an advice for WF to set up the websocket server.
		 The actual implementation is taken from the JAR.
		 Not having it in WAR will make WF ignore its annotations,
		 not having it in JAR will cause a ClassLoader error.
	-->",[],Ant,1,9,17
13959,lamsfoundation/lams,https://github.com/lamsfoundation/lams/blob/7ca2115adff4164bb6f5b3b878c68a205cc98634/lams_tool_assessment/build.xml#L9,"<!-- Add the websocket class to WEB-INF/classes.
		 This can not be a target in build_base because the way Ant reads properties and dependecies
		 would make it too complex or make it repeat some tasks.
		 
		 The file servers only as an advice for WF to set up the websocket server.
		 The actual implementation is taken from the JAR.
		 Not having it in WAR will make WF ignore its annotations,
		 not having it in JAR will cause a ClassLoader error.
	-->",[],Ant,1,9,17
13959,lamsfoundation/lams,https://github.com/lamsfoundation/lams/blob/7ca2115adff4164bb6f5b3b878c68a205cc98634/lams_tool_chat/build.xml#L9,"<!-- Add the websocket class to WEB-INF/classes.
		 This can not be a target in build_base because the way Ant reads properties and dependecies
		 would make it too complex or make it repeat some tasks.
		 
		 The file servers only as an advice for WF to set up the websocket server.
		 The actual implementation is taken from the JAR.
		 Not having it in WAR will make WF ignore its annotations,
		 not having it in JAR will cause a ClassLoader error.
	-->",[],Ant,1,9,17
13959,lamsfoundation/lams,https://github.com/lamsfoundation/lams/blob/7ca2115adff4164bb6f5b3b878c68a205cc98634/lams_tool_deploy/build.xml#L23,<!-- Internal target: Recreates dirs for compiled output files. -->,[],Ant,2,23,23
13959,lamsfoundation/lams,https://github.com/lamsfoundation/lams/blob/7ca2115adff4164bb6f5b3b878c68a205cc98634/lams_tool_deploy/build.xml#L34,<!-- Internal target: Compile Java sources. -->,[],Ant,2,34,34
13959,lamsfoundation/lams,https://github.com/lamsfoundation/lams/blob/7ca2115adff4164bb6f5b3b878c68a205cc98634/lams_tool_deploy/build.xml#L59,<!-- Internal target: Creates JAR file. -->,[],Ant,2,59,59
13959,lamsfoundation/lams,https://github.com/lamsfoundation/lams/blob/7ca2115adff4164bb6f5b3b878c68a205cc98634/lams_tool_doku/build.xml#L9,"<!-- Add the websocket class to WEB-INF/classes.
		 This can not be a target in build_base because the way Ant reads properties and dependecies
		 would make it too complex or make it repeat some tasks.
		 
		 The file servers only as an advice for WF to set up the websocket server.
		 The actual implementation is taken from the JAR.
		 Not having it in WAR will make WF ignore its annotations,
		 not having it in JAR will cause a ClassLoader error.
	-->",[],Ant,1,9,17
13959,lamsfoundation/lams,https://github.com/lamsfoundation/lams/blob/7ca2115adff4164bb6f5b3b878c68a205cc98634/lams_tool_leader/build.xml#L9,"<!-- Add the websocket class to WEB-INF/classes.
		 This can not be a target in build_base because the way Ant reads properties and dependecies
		 would make it too complex or make it repeat some tasks.
		 
		 The file servers only as an advice for WF to set up the websocket server.
		 The actual implementation is taken from the JAR.
		 Not having it in WAR will make WF ignore its annotations,
		 not having it in JAR will cause a ClassLoader error.
	-->",[],Ant,1,9,17
13959,lamsfoundation/lams,https://github.com/lamsfoundation/lams/blob/7ca2115adff4164bb6f5b3b878c68a205cc98634/lams_tool_mindmap/build.xml#L14,"<!-- Add the websocket class to WEB-INF/classes.
		 This can not be a target in build_base because the way Ant reads properties and dependecies
		 would make it too complex or make it repeat some tasks.
		 
		 The file servers only as an advice for WF to set up the websocket server.
		 The actual implementation is taken from the JAR.
		 Not having it in WAR will make WF ignore its annotations,
		 not having it in JAR will cause a ClassLoader error.
	-->",[],Ant,1,14,22
13959,lamsfoundation/lams,https://github.com/lamsfoundation/lams/blob/7ca2115adff4164bb6f5b3b878c68a205cc98634/lams_tool_pixlr/build.xml#L6,<!-- Below are Tool specifc targets and targets overriding ones from the imported base file. -->,[],Ant,1,6,6
13959,lamsfoundation/lams,https://github.com/lamsfoundation/lams/blob/7ca2115adff4164bb6f5b3b878c68a205cc98634/lams_tool_pixlr/build.xml#L10,<!-- Creating the image directory for pixlr in lams-www.war -->,[],Ant,2,10,10
13959,lamsfoundation/lams,https://github.com/lamsfoundation/lams/blob/7ca2115adff4164bb6f5b3b878c68a205cc98634/lams_tool_scratchie/build.xml#L8,"<!-- Add the websocket class to WEB-INF/classes.
		 This can not be a target in build_base because the way Ant reads properties and dependecies
		 would make it too complex or make it repeat some tasks.
		 
		 The file servers only as an advice for WF to set up the websocket server.
		 The actual implementation is taken from the JAR.
		 Not having it in WAR will make WF ignore its annotations,
		 not having it in JAR will cause a ClassLoader error.
	-->",[],Ant,1,8,16
13959,lamsfoundation/lams,https://github.com/lamsfoundation/lams/blob/7ca2115adff4164bb6f5b3b878c68a205cc98634/lams_tool_scribe/build.xml#L9,"<!-- Add the websocket class to WEB-INF/classes.
		 This can not be a target in build_base because the way Ant reads properties and dependecies
		 would make it too complex or make it repeat some tasks.
		 
		 The file servers only as an advice for WF to set up the websocket server.
		 The actual implementation is taken from the JAR.
		 Not having it in WAR will make WF ignore its annotations,
		 not having it in JAR will cause a ClassLoader error.
	-->",[],Ant,1,9,17
13959,lamsfoundation/lams,https://github.com/lamsfoundation/lams/blob/7ca2115adff4164bb6f5b3b878c68a205cc98634/lams_tool_whiteboard/build.xml#L9,"<!-- Add the websocket class to WEB-INF/classes.
		 This can not be a target in build_base because the way Ant reads properties and dependecies
		 would make it too complex or make it repeat some tasks.
		 
		 The file servers only as an advice for WF to set up the websocket server.
		 The actual implementation is taken from the JAR.
		 Not having it in WAR will make WF ignore its annotations,
		 not having it in JAR will cause a ClassLoader error.
	-->",[],Ant,1,9,17
13959,lamsfoundation/lams,https://github.com/lamsfoundation/lams/blob/7ca2115adff4164bb6f5b3b878c68a205cc98634/lams_www/build.xml#L7,<!-- Below are Tool specifc targets and targets overriding ones from the imported base file. -->,[],Ant,1,7,7
13959,lamsfoundation/lams,https://github.com/lamsfoundation/lams/blob/7ca2115adff4164bb6f5b3b878c68a205cc98634/3rdParty_sources/tacitknowledge/autopatch/pom.xml#L104,<!-- Include resources for both unit and integration tests since they are in different folders -->,[],Maven,12,104,104
13959,lamsfoundation/lams,https://github.com/lamsfoundation/lams/blob/7ca2115adff4164bb6f5b3b878c68a205cc98634/3rdParty_sources/tacitknowledge/autopatch/pom.xml#L122,<!-- Plugins configuration -->,[],Maven,8,122,122
13959,lamsfoundation/lams,https://github.com/lamsfoundation/lams/blob/7ca2115adff4164bb6f5b3b878c68a205cc98634/3rdParty_sources/tacitknowledge/autopatch/pom.xml#L149,"<!--Current values (11/09/2011)
                            Project needs more tests for increase the rates,
                            but at this time the rates should not decrease these values at least.
                        -->",[],Maven,24,149,152
13959,lamsfoundation/lams,https://github.com/lamsfoundation/lams/blob/7ca2115adff4164bb6f5b3b878c68a205cc98634/3rdParty_sources/tacitknowledge/autopatch/pom.xml#L171,<!-- Plugin for adding integration tests to sources -->,[],Maven,12,171,171
13959,lamsfoundation/lams,https://github.com/lamsfoundation/lams/blob/7ca2115adff4164bb6f5b3b878c68a205cc98634/3rdParty_sources/tacitknowledge/autopatch/pom.xml#L193,<!-- unit test run configuration -->,[],Maven,16,193,193
13959,lamsfoundation/lams,https://github.com/lamsfoundation/lams/blob/7ca2115adff4164bb6f5b3b878c68a205cc98634/3rdParty_sources/tacitknowledge/autopatch/pom.xml#L207,<!-- Definition for integration tests -->,[],Maven,16,207,207
13959,lamsfoundation/lams,https://github.com/lamsfoundation/lams/blob/7ca2115adff4164bb6f5b3b878c68a205cc98634/3rdParty_sources/tacitknowledge/autopatch/pom.xml#L215,<!-- special configuration to pick up src/test/inttest during integration-test phase -->,[],Maven,24,215,215
13959,lamsfoundation/lams,https://github.com/lamsfoundation/lams/blob/7ca2115adff4164bb6f5b3b878c68a205cc98634/3rdParty_sources/tacitknowledge/autopatch/pom.xml#L355,<!-- Required for mockrunner -->,[],Maven,8,355,355
13959,lamsfoundation/lams,https://github.com/lamsfoundation/lams/blob/7ca2115adff4164bb6f5b3b878c68a205cc98634/3rdParty_sources/tacitknowledge/autopatch/pom.xml#L363,<!-- Required for mockrunner -->,[],Maven,8,363,363
