repoIndex,repoName,linkLocation,comment,keywords,buildSysteminFile,charPosition,startLine,endLine
1575,schwabe/openvpn,https://github.com/schwabe/openvpn/blob/c71a759b870f5a16e314920bec2b75cde90738b2/Makefile.am#L1,"#
#  OpenVPN -- An application to securely tunnel IP networks
#             over a single UDP port, with support for SSL/TLS-based
#             session authentication and key exchange,
#             packet encryption, packet authentication, and
#             packet compression.
#
#  Copyright (C) 2002-2022 OpenVPN Inc <sales@openvpn.net>
#  Copyright (C) 2010-2022 David Sommerseth <dazo@eurephia.org>
#  Copyright (C) 2006-2012 Alon Bar-Lev <alon.barlev@gmail.com>
#
#  This program is free software; you can redistribute it and/or modify
#  it under the terms of the GNU General Public License version 2
#  as published by the Free Software Foundation.
#
#  This program is distributed in the hope that it will be useful,
#  but WITHOUT ANY WARRANTY; without even the implied warranty of
#  MERCHANTABILITY or FITNESS FOR A PARTICULAR PURPOSE.  See the
#  GNU General Public License for more details.
#
#  You should have received a copy of the GNU General Public License along
#  with this program; if not, write to the Free Software Foundation, Inc.,
#  51 Franklin Street, Fifth Floor, Boston, MA 02110-1301 USA.
#",[],Autotool,0,1,24
1575,schwabe/openvpn,https://github.com/schwabe/openvpn/blob/c71a759b870f5a16e314920bec2b75cde90738b2/build/Makefile.am#L1,"#
#  OpenVPN -- An application to securely tunnel IP networks
#             over a single UDP port, with support for SSL/TLS-based
#             session authentication and key exchange,
#             packet encryption, packet authentication, and
#             packet compression.
#
#  Copyright (C) 2002-2022 OpenVPN Inc <sales@openvpn.net>
#",[],Autotool,0,1,9
1575,schwabe/openvpn,https://github.com/schwabe/openvpn/blob/c71a759b870f5a16e314920bec2b75cde90738b2/build/msvc/Makefile.am#L1,"#
#  OpenVPN -- An application to securely tunnel IP networks
#             over a single UDP port, with support for SSL/TLS-based
#             session authentication and key exchange,
#             packet encryption, packet authentication, and
#             packet compression.
#
#  Copyright (C) 2002-2022 OpenVPN Inc <sales@openvpn.net>
#  Copyright (C) 2006-2012 Alon Bar-Lev <alon.barlev@gmail.com>
#",[],Autotool,0,1,10
1575,schwabe/openvpn,https://github.com/schwabe/openvpn/blob/c71a759b870f5a16e314920bec2b75cde90738b2/build/msvc/msvc-generate/Makefile.am#L1,"#
#  OpenVPN -- An application to securely tunnel IP networks
#             over a single UDP port, with support for SSL/TLS-based
#             session authentication and key exchange,
#             packet encryption, packet authentication, and
#             packet compression.
#
#  Copyright (C) 2002-2022 OpenVPN Inc <sales@openvpn.net>
#  Copyright (C) 2006-2012 Alon Bar-Lev <alon.barlev@gmail.com>
#",[],Autotool,0,1,10
1575,schwabe/openvpn,https://github.com/schwabe/openvpn/blob/c71a759b870f5a16e314920bec2b75cde90738b2/distro/Makefile.am#L1,"#
#  OpenVPN -- An application to securely tunnel IP networks
#             over a single UDP port, with support for SSL/TLS-based
#             session authentication and key exchange,
#             packet encryption, packet authentication, and
#             packet compression.
#
#  Copyright (C) 2002-2022 OpenVPN Inc <sales@openvpn.net>
#  Copyright (C) 2006-2012 Alon Bar-Lev <alon.barlev@gmail.com>
#",[],Autotool,0,1,10
1575,schwabe/openvpn,https://github.com/schwabe/openvpn/blob/c71a759b870f5a16e314920bec2b75cde90738b2/distro/systemd/Makefile.am#L1,"#
#  OpenVPN -- An application to securely tunnel IP networks
#             over a single UDP port, with support for SSL/TLS-based
#             session authentication and key exchange,
#             packet encryption, packet authentication, and
#             packet compression.
#
#  Copyright (C) 2017-2022 OpenVPN Inc <sales@openvpn.net>
#",[],Autotool,0,1,9
1575,schwabe/openvpn,https://github.com/schwabe/openvpn/blob/c71a759b870f5a16e314920bec2b75cde90738b2/doc/Makefile.am#L1,"#
#  OpenVPN -- An application to securely tunnel IP networks
#             over a single UDP port, with support for SSL/TLS-based
#             session authentication and key exchange,
#             packet encryption, packet authentication, and
#             packet compression.
#
#  Copyright (C) 2002-2022 OpenVPN Inc <sales@openvpn.net>
#  Copyright (C) 2006-2012 Alon Bar-Lev <alon.barlev@gmail.com>
#",[],Autotool,0,1,10
1575,schwabe/openvpn,https://github.com/schwabe/openvpn/blob/c71a759b870f5a16e314920bec2b75cde90738b2/doc/Makefile.am#L14,"#
# List of man and HTML pages we build when rst2man/rst2html is available
#
# NOTE: Remember to add source .rst files to $(dist_noinst_DATA) below
#       This could be automated with GNU Make, but we need BSD Make support
#",[],Autotool,0,14,19
1575,schwabe/openvpn,https://github.com/schwabe/openvpn/blob/c71a759b870f5a16e314920bec2b75cde90738b2/doc/Makefile.am#L63,# dependencies,[],Autotool,0,63,63
1575,schwabe/openvpn,https://github.com/schwabe/openvpn/blob/c71a759b870f5a16e314920bec2b75cde90738b2/doc/Makefile.am#L67,######  GENERIC  RULES  ##########,[],Autotool,0,67,67
1575,schwabe/openvpn,https://github.com/schwabe/openvpn/blob/c71a759b870f5a16e314920bec2b75cde90738b2/doc/Makefile.am#L93,# Failsafe - do not delete these files unless we can recreate them,[],Autotool,0,93,93
1575,schwabe/openvpn,https://github.com/schwabe/openvpn/blob/c71a759b870f5a16e314920bec2b75cde90738b2/doc/doxygen/Makefile.am#L1,"#
#  OpenVPN -- An application to securely tunnel IP networks
#             over a single UDP port, with support for SSL/TLS-based
#             session authentication and key exchange,
#             packet encryption, packet authentication, and
#             packet compression.
#
#  Copyright (C) 2017-2021 Fox-IT B.V. <openvpn@foxcrypto.com>
#",[],Autotool,0,1,9
1575,schwabe/openvpn,https://github.com/schwabe/openvpn/blob/c71a759b870f5a16e314920bec2b75cde90738b2/include/Makefile.am#L1,"#
#  OpenVPN -- An application to securely tunnel IP networks
#             over a single UDP port, with support for SSL/TLS-based
#             session authentication and key exchange,
#             packet encryption, packet authentication, and
#             packet compression.
#
#  Copyright (C) 2002-2022 OpenVPN Inc <sales@openvpn.net>
#  Copyright (C) 2006-2012 Alon Bar-Lev <alon.barlev@gmail.com>
#",[],Autotool,0,1,10
1575,schwabe/openvpn,https://github.com/schwabe/openvpn/blob/c71a759b870f5a16e314920bec2b75cde90738b2/sample/Makefile.am#L1,"#
#  OpenVPN -- An application to securely tunnel IP networks
#             over a single UDP port, with support for SSL/TLS-based
#             session authentication and key exchange,
#             packet encryption, packet authentication, and
#             packet compression.
#
#  Copyright (C) 2002-2022 OpenVPN Inc <sales@openvpn.net>
#  Copyright (C) 2006-2012 Alon Bar-Lev <alon.barlev@gmail.com>
#",[],Autotool,0,1,10
1575,schwabe/openvpn,https://github.com/schwabe/openvpn/blob/c71a759b870f5a16e314920bec2b75cde90738b2/sample/sample-plugins/Makefile.am#L1,"#
#  OpenVPN -- An application to securely tunnel IP networks
#             over a single UDP port, with support for SSL/TLS-based
#             session authentication and key exchange,
#             packet encryption, packet authentication, and
#             packet compression.
#
#  Copyright (C) 2002-2022 OpenVPN Inc <sales@openvpn.net>
#",[],Autotool,0,1,9
1575,schwabe/openvpn,https://github.com/schwabe/openvpn/blob/c71a759b870f5a16e314920bec2b75cde90738b2/sample/sample-plugins/Makefile.am#L17,"# We don't want automake to pull in libtool for building these
# sample-plugins.  Even though this breaks the conceptual ideas
# around autoconf/automake/libtools ... these sample plug-ins
# are just sample code, not to be installed or distributed outside
# of the source tarball.  Not even built by default, by design.
#
# We only add this as a simple and convenient way to build all
# these plug-ins with the same build parameters as the rest
# of the OpenVPN code.
#
# All the plugins which will be built are processed in this
# separate Makefile, which disconnects everything just enough
# to achieve our goal.",[],Autotool,0,17,29
1575,schwabe/openvpn,https://github.com/schwabe/openvpn/blob/c71a759b870f5a16e314920bec2b75cde90738b2/src/Makefile.am#L1,"#
#  OpenVPN -- An application to securely tunnel IP networks
#             over a single UDP port, with support for SSL/TLS-based
#             session authentication and key exchange,
#             packet encryption, packet authentication, and
#             packet compression.
#
#  Copyright (C) 2002-2022 OpenVPN Inc <sales@openvpn.net>
#  Copyright (C) 2006-2012 Alon Bar-Lev <alon.barlev@gmail.com>
#",[],Autotool,0,1,10
1575,schwabe/openvpn,https://github.com/schwabe/openvpn/blob/c71a759b870f5a16e314920bec2b75cde90738b2/src/compat/Makefile.am#L1,"#
#  OpenVPN -- An application to securely tunnel IP networks
#             over a single UDP port, with support for SSL/TLS-based
#             session authentication and key exchange,
#             packet encryption, packet authentication, and
#             packet compression.
#
#  Copyright (C) 2002-2022 OpenVPN Inc <sales@openvpn.net>
#  Copyright (C) 2006-2012 Alon Bar-Lev <alon.barlev@gmail.com>
#",[],Autotool,0,1,10
1575,schwabe/openvpn,https://github.com/schwabe/openvpn/blob/c71a759b870f5a16e314920bec2b75cde90738b2/src/openvpn/Makefile.am#L1,"#
#  OpenVPN -- An application to securely tunnel IP networks
#             over a single UDP port, with support for SSL/TLS-based
#             session authentication and key exchange,
#             packet encryption, packet authentication, and
#             packet compression.
#
#  Copyright (C) 2002-2022 OpenVPN Inc <sales@openvpn.net>
#  Copyright (C) 2006-2012 Alon Bar-Lev <alon.barlev@gmail.com>
#",[],Autotool,0,1,10
1575,schwabe/openvpn,https://github.com/schwabe/openvpn/blob/c71a759b870f5a16e314920bec2b75cde90738b2/src/openvpn/Makefile.am#L36,# we want unicode entry point but not the macro,[],Autotool,0,36,36
1575,schwabe/openvpn,https://github.com/schwabe/openvpn/blob/c71a759b870f5a16e314920bec2b75cde90738b2/src/openvpnmsica/Makefile.am#L1,"#
#  openvpnmsica -- Custom Action DLL to provide OpenVPN-specific support to MSI packages
#
#  Copyright (C) 2002-2022 OpenVPN Inc <sales@openvpn.net>
#  Copyright (C) 2018-2022 Simon Rozman <simon@rozman.si>
#
#  This program is free software; you can redistribute it and/or modify
#  it under the terms of the GNU General Public License version 2
#  as published by the Free Software Foundation.
#
#  This program is distributed in the hope that it will be useful,
#  but WITHOUT ANY WARRANTY; without even the implied warranty of
#  MERCHANTABILITY or FITNESS FOR A PARTICULAR PURPOSE.  See the
#  GNU General Public License for more details.
#
#  You should have received a copy of the GNU General Public License along
#  with this program; if not, write to the Free Software Foundation, Inc.,
#  51 Franklin Street, Fifth Floor, Boston, MA 02110-1301 USA.
#",[],Autotool,0,1,19
1575,schwabe/openvpn,https://github.com/schwabe/openvpn/blob/c71a759b870f5a16e314920bec2b75cde90738b2/src/openvpnserv/Makefile.am#L1,"#
#  OpenVPN -- An application to securely tunnel IP networks
#             over a single UDP port, with support for SSL/TLS-based
#             session authentication and key exchange,
#             packet encryption, packet authentication, and
#             packet compression.
#
#  Copyright (C) 2002-2022 OpenVPN Inc <sales@openvpn.net>
#  Copyright (C) 2006-2012 Alon Bar-Lev <alon.barlev@gmail.com>
#",[],Autotool,0,1,10
1575,schwabe/openvpn,https://github.com/schwabe/openvpn/blob/c71a759b870f5a16e314920bec2b75cde90738b2/src/plugins/Makefile.am#L1,"#
#  OpenVPN -- An application to securely tunnel IP networks
#             over a single UDP port, with support for SSL/TLS-based
#             session authentication and key exchange,
#             packet encryption, packet authentication, and
#             packet compression.
#
#  Copyright (C) 2002-2022 OpenVPN Inc <sales@openvpn.net>
#  Copyright (C) 2006-2012 Alon Bar-Lev <alon.barlev@gmail.com>
#",[],Autotool,0,1,10
1575,schwabe/openvpn,https://github.com/schwabe/openvpn/blob/c71a759b870f5a16e314920bec2b75cde90738b2/src/plugins/auth-pam/Makefile.am#L1,"#
#  OpenVPN (TM) PAM Auth Plugin -- OpenVPN Plugin
#
#  Copyright (C) 2012      Alon Bar-Lev <alon.barlev@gmail.com>
#",[],Autotool,0,1,5
1575,schwabe/openvpn,https://github.com/schwabe/openvpn/blob/c71a759b870f5a16e314920bec2b75cde90738b2/src/plugins/down-root/Makefile.am#L1,"#
#  OpenVPN (TM) Down Root Plugin -- OpenVPN Plugin
#
#  Copyright (C) 2012      Alon Bar-Lev <alon.barlev@gmail.com>
#",[],Autotool,0,1,5
1575,schwabe/openvpn,https://github.com/schwabe/openvpn/blob/c71a759b870f5a16e314920bec2b75cde90738b2/src/tapctl/Makefile.am#L1,"#
#  tapctl -- Utility to manipulate TUN/TAP interfaces on Windows
#
#  Copyright (C) 2002-2022 OpenVPN Inc <sales@openvpn.net>
#  Copyright (C) 2018-2022 Simon Rozman <simon@rozman.si>
#
#  This program is free software; you can redistribute it and/or modify
#  it under the terms of the GNU General Public License version 2
#  as published by the Free Software Foundation.
#
#  This program is distributed in the hope that it will be useful,
#  but WITHOUT ANY WARRANTY; without even the implied warranty of
#  MERCHANTABILITY or FITNESS FOR A PARTICULAR PURPOSE.  See the
#  GNU General Public License for more details.
#
#  You should have received a copy of the GNU General Public License along
#  with this program; if not, write to the Free Software Foundation, Inc.,
#  51 Franklin Street, Fifth Floor, Boston, MA 02110-1301 USA.
#",[],Autotool,0,1,19
1575,schwabe/openvpn,https://github.com/schwabe/openvpn/blob/c71a759b870f5a16e314920bec2b75cde90738b2/tests/Makefile.am#L1,"#
#  OpenVPN -- An application to securely tunnel IP networks
#             over a single UDP port, with support for SSL/TLS-based
#             session authentication and key exchange,
#             packet encryption, packet authentication, and
#             packet compression.
#
#  Copyright (C) 2002-2022 OpenVPN Inc <sales@openvpn.net>
#  Copyright (C) 2006-2012 Alon Bar-Lev <alon.barlev@gmail.com>
#",[],Autotool,0,1,10
1575,schwabe/openvpn,https://github.com/schwabe/openvpn/blob/c71a759b870f5a16e314920bec2b75cde90738b2/configure.ac#L1,"dnl  OpenVPN -- An application to securely tunnel IP networks
dnl             over a single UDP port, with support for SSL/TLS-based
dnl             session authentication and key exchange,
dnl             packet encryption, packet authentication, and
dnl             packet compression.
dnl
dnl  Copyright (C) 2002-2022 OpenVPN Inc <sales@openvpn.net>
dnl  Copyright (C) 2006-2012 Alon Bar-Lev <alon.barlev@gmail.com>
dnl
dnl  This program is free software; you can redistribute it and/or modify
dnl  it under the terms of the GNU General Public License as published by
dnl  the Free Software Foundation; either version 2 of the License, or
dnl  (at your option) any later version.
dnl
dnl  This program is distributed in the hope that it will be useful,
dnl  but WITHOUT ANY WARRANTY; without even the implied warranty of
dnl  MERCHANTABILITY or FITNESS FOR A PARTICULAR PURPOSE.  See the
dnl  GNU General Public License for more details.
dnl
dnl  You should have received a copy of the GNU General Public License along
dnl  with this program; if not, write to the Free Software Foundation, Inc.,
dnl  51 Franklin Street, Fifth Floor, Boston, MA 02110-1301 USA.",[],Autotool,0,1,22
1575,schwabe/openvpn,https://github.com/schwabe/openvpn/blob/c71a759b870f5a16e314920bec2b75cde90738b2/configure.ac#L24,dnl Process this file with autoconf to produce a configure script.,[],Autotool,0,24,24
1575,schwabe/openvpn,https://github.com/schwabe/openvpn/blob/c71a759b870f5a16e314920bec2b75cde90738b2/configure.ac#L44,"dnl Initialize automake.  automake < 1.12 didn't have serial-tests and
dnl gives an error if it sees this, but for automake >= 1.13
dnl serial-tests is required so we have to include it.  Solution is to
dnl test for the version of automake (by running an external command)
dnl and provide it if necessary.  Note we have to do this entirely using
dnl m4 macros since automake queries this macro by running
dnl 'autoconf --trace ...'.",[],Autotool,0,44,50
1575,schwabe/openvpn,https://github.com/schwabe/openvpn/blob/c71a759b870f5a16e314920bec2b75cde90738b2/configure.ac#L57,"# This foreign option prevents autoreconf from overriding our COPYING and
# INSTALL targets:",[],Autotool,0,57,58
1575,schwabe/openvpn,https://github.com/schwabe/openvpn/blob/c71a759b870f5a16e314920bec2b75cde90738b2/configure.ac#L59,dnl NB: Do not [quote] this parameter.,[],Autotool,43,59,59
1575,schwabe/openvpn,https://github.com/schwabe/openvpn/blob/c71a759b870f5a16e314920bec2b75cde90738b2/configure.ac#L345,"# exists, but breaks things",[],Autotool,29,345,345
1575,schwabe/openvpn,https://github.com/schwabe/openvpn/blob/c71a759b870f5a16e314920bec2b75cde90738b2/configure.ac#L363,# tests,[],Autotool,49,363,363
1575,schwabe/openvpn,https://github.com/schwabe/openvpn/blob/c71a759b870f5a16e314920bec2b75cde90738b2/configure.ac#L372,# tests,[],Autotool,94,372,372
1575,schwabe/openvpn,https://github.com/schwabe/openvpn/blob/c71a759b870f5a16e314920bec2b75cde90738b2/configure.ac#L373,# optional,[],Autotool,29,373,373
1575,schwabe/openvpn,https://github.com/schwabe/openvpn/blob/c71a759b870f5a16e314920bec2b75cde90738b2/configure.ac#L379,"#
#  man page generation - based on python-docutils
#",[],Autotool,0,379,381
1575,schwabe/openvpn,https://github.com/schwabe/openvpn/blob/c71a759b870f5a16e314920bec2b75cde90738b2/configure.ac#L388,# Set -std=c99 unless user already specified a -std=,[],Autotool,0,388,388
1575,schwabe/openvpn,https://github.com/schwabe/openvpn/blob/c71a759b870f5a16e314920bec2b75cde90738b2/configure.ac#L394,"#
# Libtool
#",[],Autotool,0,394,396
1575,schwabe/openvpn,https://github.com/schwabe/openvpn/blob/c71a759b870f5a16e314920bec2b75cde90738b2/configure.ac#L583,dnl We emulate signals in Windows,[],Autotool,0,583,583
1575,schwabe/openvpn,https://github.com/schwabe/openvpn/blob/c71a759b870f5a16e314920bec2b75cde90738b2/configure.ac#L666,"# we assume res_init() always exist, but need to find out *where*...",[],Autotool,0,666,666
1575,schwabe/openvpn,https://github.com/schwabe/openvpn/blob/c71a759b870f5a16e314920bec2b75cde90738b2/configure.ac#L772,"dnl
dnl Include generic netlink library used to talk to ovpn-dco
dnl",[],Autotool,0,772,774
1575,schwabe/openvpn,https://github.com/schwabe/openvpn/blob/c71a759b870f5a16e314920bec2b75cde90738b2/configure.ac#L801,"# if the user did not explicitly specify flags, try to autodetect",[],Autotool,2,801,801
1575,schwabe/openvpn,https://github.com/schwabe/openvpn/blob/c71a759b870f5a16e314920bec2b75cde90738b2/configure.ac#L806,"# If this fails, we will do another test next",[],Autotool,6,806,806
1575,schwabe/openvpn,https://github.com/schwabe/openvpn/blob/c71a759b870f5a16e314920bec2b75cde90738b2/configure.ac#L816,"# If pkgconfig check failed or OPENSSL_CFLAGS/OPENSSL_LIBS env vars
# are used, check the version directly in the OpenSSL include file",[],Autotool,1,816,817
1575,schwabe/openvpn,https://github.com/schwabe/openvpn/blob/c71a759b870f5a16e314920bec2b75cde90738b2/configure.ac#L891,"# All supported OpenSSL version (>= 1.0.2)
# have this feature",[],Autotool,1,891,892
1575,schwabe/openvpn,https://github.com/schwabe/openvpn/blob/c71a759b870f5a16e314920bec2b75cde90738b2/configure.ac#L909,"# if the user did not explicitly specify flags, try to autodetect",[],Autotool,2,909,909
1575,schwabe/openvpn,https://github.com/schwabe/openvpn/blob/c71a759b870f5a16e314920bec2b75cde90738b2/configure.ac#L978,"# if the user did not explicitly specify flags, try to autodetect",[],Autotool,2,978,978
1575,schwabe/openvpn,https://github.com/schwabe/openvpn/blob/c71a759b870f5a16e314920bec2b75cde90738b2/configure.ac#L1007,# wolfSSL signal EKM support,[],Autotool,1,1007,1007
1575,schwabe/openvpn,https://github.com/schwabe/openvpn/blob/c71a759b870f5a16e314920bec2b75cde90738b2/configure.ac#L1069,"dnl
dnl check for LZ4 library
dnl",[],Autotool,0,1069,1071
1575,schwabe/openvpn,https://github.com/schwabe/openvpn/blob/c71a759b870f5a16e314920bec2b75cde90738b2/configure.ac#L1077,"# if the user did not explicitly specify flags, try to autodetect",[],Autotool,1,1077,1077
1575,schwabe/openvpn,https://github.com/schwabe/openvpn/blob/c71a759b870f5a16e314920bec2b75cde90738b2/configure.ac#L1081,"# If this fails, we will do another test next.",[],Autotool,24,1081,1081
1575,schwabe/openvpn,https://github.com/schwabe/openvpn/blob/c71a759b870f5a16e314920bec2b75cde90738b2/configure.ac#L1082,"# We also add set LZ4_LIBS otherwise the
# linker will not know about the lz4 library",[],Autotool,10,1082,1083
1575,schwabe/openvpn,https://github.com/schwabe/openvpn/blob/c71a759b870f5a16e314920bec2b75cde90738b2/configure.ac#L1092,"# If pkgconfig check failed or LZ4_CFLAGS/LZ4_LIBS env vars
# are used, check the version directly in the LZ4 include file",[],Autotool,4,1092,1093
1575,schwabe/openvpn,https://github.com/schwabe/openvpn/blob/c71a759b870f5a16e314920bec2b75cde90738b2/configure.ac#L1121,# Double check we have a few needed functions,[],Autotool,4,1121,1121
1575,schwabe/openvpn,https://github.com/schwabe/openvpn/blob/c71a759b870f5a16e314920bec2b75cde90738b2/configure.ac#L1145,"dnl
dnl Check for systemd
dnl",[],Autotool,0,1145,1147
1575,schwabe/openvpn,https://github.com/schwabe/openvpn/blob/c71a759b870f5a16e314920bec2b75cde90738b2/configure.ac#L1195,dnl enable --x509-username-field feature if requested,[],Autotool,0,1195,1195
1575,schwabe/openvpn,https://github.com/schwabe/openvpn/blob/c71a759b870f5a16e314920bec2b75cde90738b2/configure.ac#L1277,"# When testing a compiler option, we add -Werror to force
# an error when the option is unsupported. This is not
# required for gcc, but some compilers such as clang needs it.",[],Autotool,0,1277,1279
1575,schwabe/openvpn,https://github.com/schwabe/openvpn/blob/c71a759b870f5a16e314920bec2b75cde90738b2/configure.ac#L1388,# Check if cmocka is available - needed for unit testing,[],Autotool,0,1388,1388
