repoIndex,repoName,linkLocation,comment,keywords,buildSysteminFile,charPosition,startLine,endLine
16149,ludeme/ludii,https://github.com/ludeme/ludii/blob/16f406ed95859b22f1a2ce6202951bc735748250/AI/build.xml#L2,"<!-- WARNING: Eclipse auto-generated file.
              Any modifications will be overwritten.
              To include a user specific buildfile here, simply create one in the same
              directory with the processing instruction <?eclipse.ant.import?>
              as the first entry and export the buildfile again. -->",[],Ant,0,2,6
16149,ludeme/ludii,https://github.com/ludeme/ludii/blob/16f406ed95859b22f1a2ce6202951bc735748250/Common/build.xml#L2,"<!-- WARNING: Eclipse auto-generated file.
              Any modifications will be overwritten.
              To include a user specific buildfile here, simply create one in the same
              directory with the processing instruction <?eclipse.ant.import?>
              as the first entry and export the buildfile again. -->",[],Ant,0,2,6
16149,ludeme/ludii,https://github.com/ludeme/ludii/blob/16f406ed95859b22f1a2ce6202951bc735748250/Core/build.xml#L2,"<!-- WARNING: Eclipse auto-generated file.
              Any modifications will be overwritten.
              To include a user specific buildfile here, simply create one in the same
              directory with the processing instruction <?eclipse.ant.import?>
              as the first entry and export the buildfile again. -->",[],Ant,0,2,6
16149,ludeme/ludii,https://github.com/ludeme/ludii/blob/16f406ed95859b22f1a2ce6202951bc735748250/Evaluation/build.xml#L2,"<!-- WARNING: Eclipse auto-generated file.
              Any modifications will be overwritten.
              To include a user specific buildfile here, simply create one in the same
              directory with the processing instruction <?eclipse.ant.import?>
              as the first entry and export the buildfile again. -->",[],Ant,0,2,6
16149,ludeme/ludii,https://github.com/ludeme/ludii/blob/16f406ed95859b22f1a2ce6202951bc735748250/Features/build.xml#L2,"<!-- WARNING: Eclipse auto-generated file.
              Any modifications will be overwritten.
              To include a user specific buildfile here, simply create one in the same
              directory with the processing instruction <?eclipse.ant.import?>
              as the first entry and export the buildfile again. -->",[],Ant,0,2,6
16149,ludeme/ludii,https://github.com/ludeme/ludii/blob/16f406ed95859b22f1a2ce6202951bc735748250/Generation/build.xml#L2,"<!-- WARNING: Eclipse auto-generated file.
              Any modifications will be overwritten.
              To include a user specific buildfile here, simply create one in the same
              directory with the processing instruction <?eclipse.ant.import?>
              as the first entry and export the buildfile again. -->",[],Ant,0,2,6
16149,ludeme/ludii,https://github.com/ludeme/ludii/blob/16f406ed95859b22f1a2ce6202951bc735748250/Language/build.xml#L2,"<!-- WARNING: Eclipse auto-generated file.
              Any modifications will be overwritten.
              To include a user specific buildfile here, simply create one in the same
              directory with the processing instruction <?eclipse.ant.import?>
              as the first entry and export the buildfile again. -->",[],Ant,0,2,6
16149,ludeme/ludii,https://github.com/ludeme/ludii/blob/16f406ed95859b22f1a2ce6202951bc735748250/LudiiDocGen/build.xml#L2,"<!-- WARNING: Eclipse auto-generated file.
              Any modifications will be overwritten.
              To include a user specific buildfile here, simply create one in the same
              directory with the processing instruction <?eclipse.ant.import?>
              as the first entry and export the buildfile again. -->",[],Ant,0,2,6
16149,ludeme/ludii,https://github.com/ludeme/ludii/blob/16f406ed95859b22f1a2ce6202951bc735748250/Manager/build.xml#L2,"<!-- WARNING: Eclipse auto-generated file.
              Any modifications will be overwritten.
              To include a user specific buildfile here, simply create one in the same
              directory with the processing instruction <?eclipse.ant.import?>
              as the first entry and export the buildfile again. -->",[],Ant,0,2,6
16149,ludeme/ludii,https://github.com/ludeme/ludii/blob/16f406ed95859b22f1a2ce6202951bc735748250/Mining/build.xml#L2,"<!-- WARNING: Eclipse auto-generated file.
              Any modifications will be overwritten.
              To include a user specific buildfile here, simply create one in the same
              directory with the processing instruction <?eclipse.ant.import?>
              as the first entry and export the buildfile again. -->",[],Ant,0,2,6
16149,ludeme/ludii,https://github.com/ludeme/ludii/blob/16f406ed95859b22f1a2ce6202951bc735748250/Player/build.xml#L2,"<!-- WARNING: Eclipse auto-generated file.
              Any modifications will be overwritten.
              To include a user specific buildfile here, simply create one in the same
              directory with the processing instruction <?eclipse.ant.import?>
              as the first entry and export the buildfile again. -->",[],Ant,0,2,6
16149,ludeme/ludii,https://github.com/ludeme/ludii/blob/16f406ed95859b22f1a2ce6202951bc735748250/PlayerDesktop/build.xml#L5,<!-- Ludii version number -->,[],Ant,1,5,5
16149,ludeme/ludii,https://github.com/ludeme/ludii/blob/16f406ed95859b22f1a2ce6202951bc735748250/PlayerDesktop/build.xml#L242,"<!--<pathelement location=""${Common.location}/lib/junit-4.12.jar""/>
		<pathelement location=""${Common.location}/lib/hamcrest-all-1.3.jar""/>-->",[],Ant,5,242,243
16149,ludeme/ludii,https://github.com/ludeme/ludii/blob/16f406ed95859b22f1a2ce6202951bc735748250/PlayerDesktop/build.xml#L390,<!-- Quick tests first. -->,[],Ant,10,390,390
16149,ludeme/ludii,https://github.com/ludeme/ludii/blob/16f406ed95859b22f1a2ce6202951bc735748250/PlayerDesktop/build.xml#L410,<!-- General Travis Test uniting many others tests. -->,[],Ant,10,410,410
16149,ludeme/ludii,https://github.com/ludeme/ludii/blob/16f406ed95859b22f1a2ce6202951bc735748250/PlayerDesktop/build.xml#L435,"<!--<ant antfile=""build.xml"" dir=""${Generation.location}"" inheritAll=""false"" target=""build-project""/>-->",[],Ant,2,435,435
16149,ludeme/ludii,https://github.com/ludeme/ludii/blob/16f406ed95859b22f1a2ce6202951bc735748250/PlayerDesktop/build.xml#L478,"<!--<exclude name=""**/visual_editor/resources/recs/models/**.gz"" />-->",[],Ant,3,478,478
16149,ludeme/ludii,https://github.com/ludeme/ludii/blob/16f406ed95859b22f1a2ce6202951bc735748250/PlayerDesktop/build.xml#L516,"<!--<jar destfile=""build/Ludii-javadoc.jar"" basedir=""build/javadoc"" />-->",[],Ant,2,516,516
16149,ludeme/ludii,https://github.com/ludeme/ludii/blob/16f406ed95859b22f1a2ce6202951bc735748250/PlayerDesktop/build.xml#L530,"<!--
		<exec executable=""python"" dir=""../../jar2app"">		<!- Create App thing for Mac ->
			<arg value=""jar2app.py"" />
			<arg value=""../Ludii/PlayerDesktop/build/Ludii.jar"" />
			<arg value=""../Ludii/PlayerDesktop/build/Mac/Ludii"" />
		</exec>
		<zip destfile=""build/Ludii.zip"" basedir=""build/Mac"" />		<!- zip the Mac thing up ->
        -->",[],Ant,2,530,537
16149,ludeme/ludii,https://github.com/ludeme/ludii/blob/16f406ed95859b22f1a2ce6202951bc735748250/PlayerDesktop/build.xml#L538,<!-- Clean this because otherwise I get stuck with outdated luds in Eclipse -->,[],Ant,23,538,538
16149,ludeme/ludii,https://github.com/ludeme/ludii/blob/16f406ed95859b22f1a2ce6202951bc735748250/PlayerDesktop/build.xml#L556,"<!--<exclude name=""**/visual_editor/resources/recs/models/**.gz"" />-->",[],Ant,4,556,556
16149,ludeme/ludii,https://github.com/ludeme/ludii/blob/16f406ed95859b22f1a2ce6202951bc735748250/PlayerDesktop/build.xml#L593,<!-- Clean this because otherwise I get stuck with outdated luds in Eclipse -->,[],Ant,24,593,593
16149,ludeme/ludii,https://github.com/ludeme/ludii/blob/16f406ed95859b22f1a2ce6202951bc735748250/ViewController/build.xml#L2,"<!-- WARNING: Eclipse auto-generated file.
              Any modifications will be overwritten.
              To include a user specific buildfile here, simply create one in the same
              directory with the processing instruction <?eclipse.ant.import?>
              as the first entry and export the buildfile again. -->",[],Ant,0,2,6
