repoIndex,repoName,linkLocation,comment,keywords,buildSysteminFile,charPosition,startLine,endLine
17487,spoonlabs/flacoco,https://github.com/spoonlabs/flacoco/blob/0f15779f7e7c1977ebe5003c14290d21e3af27bc/examples/cl2/build.xml#L2,"<!--
        ""Lang"" component of the Jakarta Commons Subproject
        $Id: build.xml,v 1.12 2003/05/31 18:44:36 ggregory Exp $
    -->",[],Ant,4,2,5
17487,spoonlabs/flacoco,https://github.com/spoonlabs/flacoco/blob/0f15779f7e7c1977ebe5003c14290d21e3af27bc/examples/cl2/build.xml#L6,<!-- ========== Initialize Properties ===================================== -->,[],Ant,4,6,6
17487,spoonlabs/flacoco,https://github.com/spoonlabs/flacoco/blob/0f15779f7e7c1977ebe5003c14290d21e3af27bc/examples/cl2/build.xml#L11,<!-- ========== Construct compile classpath =============================== -->,[],Ant,4,11,11
17487,spoonlabs/flacoco,https://github.com/spoonlabs/flacoco/blob/0f15779f7e7c1977ebe5003c14290d21e3af27bc/examples/cl2/build.xml#L15,<!-- ========== Construct unit test classpath ============================= -->,[],Ant,4,15,15
17487,spoonlabs/flacoco,https://github.com/spoonlabs/flacoco/blob/0f15779f7e7c1977ebe5003c14290d21e3af27bc/examples/cl2/build.xml#L21,<!-- ========== Executable Targets ======================================== -->,[],Ant,4,21,21
17487,spoonlabs/flacoco,https://github.com/spoonlabs/flacoco/blob/0f15779f7e7c1977ebe5003c14290d21e3af27bc/examples/cl2/build.xml#L99,<!-- ========== Unit Test Targets ========================================= -->,[],Ant,4,99,99
17487,spoonlabs/flacoco,https://github.com/spoonlabs/flacoco/blob/0f15779f7e7c1977ebe5003c14290d21e3af27bc/examples/math_70/build.xml#L1,"<!--
    Licensed to the Apache Software Foundation (ASF) under one or more
    contributor license agreements.  See the NOTICE file distributed with
    this work for additional information regarding copyright ownership.
    The ASF licenses this file to You under the Apache License, Version 2.0
    (the ""License""); you may not use this file except in compliance with
    the License.  You may obtain a copy of the License at
   
         http://www.apache.org/licenses/LICENSE-2.0
   
    Unless required by applicable law or agreed to in writing, software
    distributed under the License is distributed on an ""AS IS"" BASIS,
    WITHOUT WARRANTIES OR CONDITIONS OF ANY KIND, either express or implied.
    See the License for the specific language governing permissions and
    limitations under the License.
-->",[],Ant,0,1,16
17487,spoonlabs/flacoco,https://github.com/spoonlabs/flacoco/blob/0f15779f7e7c1977ebe5003c14290d21e3af27bc/examples/math_70/build.xml#L20,"<!--
        ""Math"" component of the Apache Commons Project
        $Id$
        $Revision$ $Date$
-->",[],Ant,0,20,24
17487,spoonlabs/flacoco,https://github.com/spoonlabs/flacoco/blob/0f15779f7e7c1977ebe5003c14290d21e3af27bc/examples/math_70/build.xml#L27,<!-- ========== Initialize Properties ===================================== -->,[],Ant,0,27,27
17487,spoonlabs/flacoco,https://github.com/spoonlabs/flacoco/blob/0f15779f7e7c1977ebe5003c14290d21e3af27bc/examples/math_70/build.xml#L29,<!-- Component local   -->,[],Ant,53,29,29
17487,spoonlabs/flacoco,https://github.com/spoonlabs/flacoco/blob/0f15779f7e7c1977ebe5003c14290d21e3af27bc/examples/math_70/build.xml#L30,<!-- User local        -->,[],Ant,53,30,30
17487,spoonlabs/flacoco,https://github.com/spoonlabs/flacoco/blob/0f15779f7e7c1977ebe5003c14290d21e3af27bc/examples/math_70/build.xml#L33,<!-- ========== External Dependencies ===================================== -->,[],Ant,0,33,33
17487,spoonlabs/flacoco,https://github.com/spoonlabs/flacoco/blob/0f15779f7e7c1977ebe5003c14290d21e3af27bc/examples/math_70/build.xml#L36,<!-- Junit -->,[],Ant,2,36,36
17487,spoonlabs/flacoco,https://github.com/spoonlabs/flacoco/blob/0f15779f7e7c1977ebe5003c14290d21e3af27bc/examples/math_70/build.xml#L42,<!-- ========== Component Declarations ==================================== -->,[],Ant,0,42,42
17487,spoonlabs/flacoco,https://github.com/spoonlabs/flacoco/blob/0f15779f7e7c1977ebe5003c14290d21e3af27bc/examples/math_70/build.xml#L45,<!-- The name of this component -->,[],Ant,2,45,45
17487,spoonlabs/flacoco,https://github.com/spoonlabs/flacoco/blob/0f15779f7e7c1977ebe5003c14290d21e3af27bc/examples/math_70/build.xml#L48,<!-- The primary package name of this component -->,[],Ant,2,48,48
17487,spoonlabs/flacoco,https://github.com/spoonlabs/flacoco/blob/0f15779f7e7c1977ebe5003c14290d21e3af27bc/examples/math_70/build.xml#L51,<!-- The title of this component -->,[],Ant,2,51,51
17487,spoonlabs/flacoco,https://github.com/spoonlabs/flacoco/blob/0f15779f7e7c1977ebe5003c14290d21e3af27bc/examples/math_70/build.xml#L54,<!-- The current version number of this component -->,[],Ant,2,54,54
17487,spoonlabs/flacoco,https://github.com/spoonlabs/flacoco/blob/0f15779f7e7c1977ebe5003c14290d21e3af27bc/examples/math_70/build.xml#L57,<!-- The base directory for component sources -->,[],Ant,2,57,57
17487,spoonlabs/flacoco,https://github.com/spoonlabs/flacoco/blob/0f15779f7e7c1977ebe5003c14290d21e3af27bc/examples/math_70/build.xml#L60,<!-- The base directory for unit test sources -->,[],Ant,2,60,60
17487,spoonlabs/flacoco,https://github.com/spoonlabs/flacoco/blob/0f15779f7e7c1977ebe5003c14290d21e3af27bc/examples/math_70/build.xml#L63,<!-- The base directory for unit test resources -->,[],Ant,2,63,63
17487,spoonlabs/flacoco,https://github.com/spoonlabs/flacoco/blob/0f15779f7e7c1977ebe5003c14290d21e3af27bc/examples/math_70/build.xml#L66,<!-- Download lib dir -->,[],Ant,2,66,66
17487,spoonlabs/flacoco,https://github.com/spoonlabs/flacoco/blob/0f15779f7e7c1977ebe5003c14290d21e3af27bc/examples/math_70/build.xml#L69,<!-- The base directory for compilation targets -->,[],Ant,2,69,69
17487,spoonlabs/flacoco,https://github.com/spoonlabs/flacoco/blob/0f15779f7e7c1977ebe5003c14290d21e3af27bc/examples/math_70/build.xml#L72,<!-- The base directory for distribution targets -->,[],Ant,2,72,72
17487,spoonlabs/flacoco,https://github.com/spoonlabs/flacoco/blob/0f15779f7e7c1977ebe5003c14290d21e3af27bc/examples/math_70/build.xml#L75,<!-- Base file name for dist files -->,[],Ant,2,75,75
17487,spoonlabs/flacoco,https://github.com/spoonlabs/flacoco/blob/0f15779f7e7c1977ebe5003c14290d21e3af27bc/examples/math_70/build.xml#L78,<!-- Directory where binary release files are staged -->,[],Ant,2,78,78
17487,spoonlabs/flacoco,https://github.com/spoonlabs/flacoco/blob/0f15779f7e7c1977ebe5003c14290d21e3af27bc/examples/math_70/build.xml#L81,<!-- Directory where source release files are staged -->,[],Ant,2,81,81
17487,spoonlabs/flacoco,https://github.com/spoonlabs/flacoco/blob/0f15779f7e7c1977ebe5003c14290d21e3af27bc/examples/math_70/build.xml#L84,<!-- ========== Compiler Defaults ========================================= -->,[],Ant,0,84,84
17487,spoonlabs/flacoco,https://github.com/spoonlabs/flacoco/blob/0f15779f7e7c1977ebe5003c14290d21e3af27bc/examples/math_70/build.xml#L86,<!-- Should Java compilations set the 'debug' compiler option? -->,[],Ant,2,86,86
17487,spoonlabs/flacoco,https://github.com/spoonlabs/flacoco/blob/0f15779f7e7c1977ebe5003c14290d21e3af27bc/examples/math_70/build.xml#L89,<!-- Should Java compilations set the 'deprecation' compiler option? -->,[],Ant,2,89,89
17487,spoonlabs/flacoco,https://github.com/spoonlabs/flacoco/blob/0f15779f7e7c1977ebe5003c14290d21e3af27bc/examples/math_70/build.xml#L92,<!-- Should Java compilations set the 'optimize' compiler option? -->,[],Ant,2,92,92
17487,spoonlabs/flacoco,https://github.com/spoonlabs/flacoco/blob/0f15779f7e7c1977ebe5003c14290d21e3af27bc/examples/math_70/build.xml#L95,<!-- JDK level -->,[],Ant,2,95,95
17487,spoonlabs/flacoco,https://github.com/spoonlabs/flacoco/blob/0f15779f7e7c1977ebe5003c14290d21e3af27bc/examples/math_70/build.xml#L99,<!-- Base compile classpath -->,[],Ant,2,99,99
17487,spoonlabs/flacoco,https://github.com/spoonlabs/flacoco/blob/0f15779f7e7c1977ebe5003c14290d21e3af27bc/examples/math_70/build.xml#L104,<!-- External dependency classpath -->,[],Ant,2,104,104
17487,spoonlabs/flacoco,https://github.com/spoonlabs/flacoco/blob/0f15779f7e7c1977ebe5003c14290d21e3af27bc/examples/math_70/build.xml#L109,<!-- ========== Test Execution Defaults =================================== -->,[],Ant,0,109,109
17487,spoonlabs/flacoco,https://github.com/spoonlabs/flacoco/blob/0f15779f7e7c1977ebe5003c14290d21e3af27bc/examples/math_70/build.xml#L112,<!-- Construct unit test classpath -->,[],Ant,2,112,112
17487,spoonlabs/flacoco,https://github.com/spoonlabs/flacoco/blob/0f15779f7e7c1977ebe5003c14290d21e3af27bc/examples/math_70/build.xml#L120,<!-- Should the build fail if there are test failures? -->,[],Ant,2,120,120
17487,spoonlabs/flacoco,https://github.com/spoonlabs/flacoco/blob/0f15779f7e7c1977ebe5003c14290d21e3af27bc/examples/math_70/build.xml#L123,<!-- ========== Executable Targets ======================================== -->,[],Ant,0,123,123
17487,spoonlabs/flacoco,https://github.com/spoonlabs/flacoco/blob/0f15779f7e7c1977ebe5003c14290d21e3af27bc/examples/math_70/build.xml#L144,<!-- ========== Compile Targets =========================================== -->,[],Ant,0,144,144
17487,spoonlabs/flacoco,https://github.com/spoonlabs/flacoco/blob/0f15779f7e7c1977ebe5003c14290d21e3af27bc/examples/math_70/build.xml#L160,<!-- ========== Unit Test Targets ========================================= -->,[],Ant,0,160,160
17487,spoonlabs/flacoco,https://github.com/spoonlabs/flacoco/blob/0f15779f7e7c1977ebe5003c14290d21e3af27bc/examples/math_70/build.xml#L210,<!-- ========== Produce JavaDocs ========================================== -->,[],Ant,0,210,210
17487,spoonlabs/flacoco,https://github.com/spoonlabs/flacoco/blob/0f15779f7e7c1977ebe5003c14290d21e3af27bc/examples/math_70/build.xml#L233,<!-- ========== Create Jar ================================================ -->,[],Ant,0,233,233
17487,spoonlabs/flacoco,https://github.com/spoonlabs/flacoco/blob/0f15779f7e7c1977ebe5003c14290d21e3af27bc/examples/math_70/build.xml#L259,<!-- ========== Distribution Target =========================================== -->,[],Ant,0,259,259
17487,spoonlabs/flacoco,https://github.com/spoonlabs/flacoco/blob/0f15779f7e7c1977ebe5003c14290d21e3af27bc/examples/math_70/build.xml#L265,<!-- jar(s) -->,[],Ant,4,265,265
17487,spoonlabs/flacoco,https://github.com/spoonlabs/flacoco/blob/0f15779f7e7c1977ebe5003c14290d21e3af27bc/examples/math_70/build.xml#L275,<!-- Binary Distro -->,[],Ant,4,275,275
17487,spoonlabs/flacoco,https://github.com/spoonlabs/flacoco/blob/0f15779f7e7c1977ebe5003c14290d21e3af27bc/examples/math_70/build.xml#L291,<!-- Source Distro -->,[],Ant,4,291,291
17487,spoonlabs/flacoco,https://github.com/spoonlabs/flacoco/blob/0f15779f7e7c1977ebe5003c14290d21e3af27bc/examples/math_70/build.xml#L310,<!-- clean up staging directories -->,[],Ant,4,310,310
17487,spoonlabs/flacoco,https://github.com/spoonlabs/flacoco/blob/0f15779f7e7c1977ebe5003c14290d21e3af27bc/examples/math_70/build.xml#L317,<!-- ========== Gump Target ===================================================== -->,[],Ant,0,317,317
17487,spoonlabs/flacoco,https://github.com/spoonlabs/flacoco/blob/0f15779f7e7c1977ebe5003c14290d21e3af27bc/examples/math_70/build.xml#L322,<!-- ========== Download Dependencies =========================================== -->,[],Ant,0,322,322
17487,spoonlabs/flacoco,https://github.com/spoonlabs/flacoco/blob/0f15779f7e7c1977ebe5003c14290d21e3af27bc/pom.xml#L56,<!-- dependencies for the junit classpah -->,[],Maven,8,56,56
17487,spoonlabs/flacoco,https://github.com/spoonlabs/flacoco/blob/0f15779f7e7c1977ebe5003c14290d21e3af27bc/pom.xml#L87,<!-- regular dependencies -->,[],Maven,8,87,87
17487,spoonlabs/flacoco,https://github.com/spoonlabs/flacoco/blob/0f15779f7e7c1977ebe5003c14290d21e3af27bc/pom.xml#L136,<!-- for testing System.exit -->,[],Maven,8,136,136
17487,spoonlabs/flacoco,https://github.com/spoonlabs/flacoco/blob/0f15779f7e7c1977ebe5003c14290d21e3af27bc/pom.xml#L143,<!-- for mocks -->,[],Maven,8,143,143
17487,spoonlabs/flacoco,https://github.com/spoonlabs/flacoco/blob/0f15779f7e7c1977ebe5003c14290d21e3af27bc/pom.xml#L151,<!-- for test class detection -->,[],Maven,8,151,151
17487,spoonlabs/flacoco,https://github.com/spoonlabs/flacoco/blob/0f15779f7e7c1977ebe5003c14290d21e3af27bc/pom.xml#L175,<!-- this is used for inheritance merges -->,[],Maven,47,175,175
17487,spoonlabs/flacoco,https://github.com/spoonlabs/flacoco/blob/0f15779f7e7c1977ebe5003c14290d21e3af27bc/pom.xml#L176,<!-- bind to the packaging phase -->,[],Maven,47,176,176
17487,spoonlabs/flacoco,https://github.com/spoonlabs/flacoco/blob/0f15779f7e7c1977ebe5003c14290d21e3af27bc/examples/cl2/pom.xml#L2,"<!--
   Licensed to the Apache Software Foundation (ASF) under one or more
   contributor license agreements.  See the NOTICE file distributed with
   this work for additional information regarding copyright ownership.
   The ASF licenses this file to You under the Apache License, Version 2.0
   (the ""License""); you may not use this file except in compliance with
   the License.  You may obtain a copy of the License at

       http://www.apache.org/licenses/LICENSE-2.0

   Unless required by applicable law or agreed to in writing, software
   distributed under the License is distributed on an ""AS IS"" BASIS,
   WITHOUT WARRANTIES OR CONDITIONS OF ANY KIND, either express or implied.
   See the License for the specific language governing permissions and
   limitations under the License.
-->",[],Maven,0,2,17
17487,spoonlabs/flacoco,https://github.com/spoonlabs/flacoco/blob/0f15779f7e7c1977ebe5003c14290d21e3af27bc/examples/cl2/pom.xml#L416,<!-- Lang should depend on very little -->,[],Maven,2,416,416
17487,spoonlabs/flacoco,https://github.com/spoonlabs/flacoco/blob/0f15779f7e7c1977ebe5003c14290d21e3af27bc/examples/cl2/pom.xml#L481,<!-- attached to Maven test phase -->,[],Maven,16,481,481
17487,spoonlabs/flacoco,https://github.com/spoonlabs/flacoco/blob/0f15779f7e7c1977ebe5003c14290d21e3af27bc/examples/cl2/pom.xml#L520,"<!-- Requires setting 'export MAVEN_OPTS=""-Xmx512m"" ' -->",[],Maven,6,520,520
17487,spoonlabs/flacoco,https://github.com/spoonlabs/flacoco/blob/0f15779f7e7c1977ebe5003c14290d21e3af27bc/examples/math_70/pom.xml#L2,"<!--
   Licensed to the Apache Software Foundation (ASF) under one or more
   contributor license agreements.  See the NOTICE file distributed with
   this work for additional information regarding copyright ownership.
   The ASF licenses this file to You under the Apache License, Version 2.0
   (the ""License""); you may not use this file except in compliance with
   the License.  You may obtain a copy of the License at

       http://www.apache.org/licenses/LICENSE-2.0

   Unless required by applicable law or agreed to in writing, software
   distributed under the License is distributed on an ""AS IS"" BASIS,
   WITHOUT WARRANTIES OR CONDITIONS OF ANY KIND, either express or implied.
   See the License for the specific language governing permissions and
   limitations under the License.
-->",[],Maven,0,2,17
17487,spoonlabs/flacoco,https://github.com/spoonlabs/flacoco/blob/0f15779f7e7c1977ebe5003c14290d21e3af27bc/examples/spoon/pom.xml#L1,"<!--

    Copyright (C) 2006-2019 INRIA and contributors

    Spoon is available either under the terms of the MIT License (see LICENSE-MIT.txt) of the Cecill-C License (see LICENSE-CECILL-C.txt).
    You as the user are entitled to choose the terms under which to adopt Spoon.

-->",[],Maven,0,1,8
17487,spoonlabs/flacoco,https://github.com/spoonlabs/flacoco/blob/0f15779f7e7c1977ebe5003c14290d21e3af27bc/examples/spoon/pom.xml#L83,<!-- https://mvnrepository.com/artifact/org.slf4j/slf4j-api -->,[],Maven,4,83,83
17487,spoonlabs/flacoco,https://github.com/spoonlabs/flacoco/blob/0f15779f7e7c1977ebe5003c14290d21e3af27bc/examples/spoon/pom.xml#L104,<!-- https://mvnrepository.com/artifact/org.tukaani/xz -->,[],Maven,2,104,104
17487,spoonlabs/flacoco,https://github.com/spoonlabs/flacoco/blob/0f15779f7e7c1977ebe5003c14290d21e3af27bc/examples/spoon/pom.xml#L117,<!-- support for compressed serialized ASTs -->,[],Maven,6,117,117
17487,spoonlabs/flacoco,https://github.com/spoonlabs/flacoco/blob/0f15779f7e7c1977ebe5003c14290d21e3af27bc/examples/spoon/pom.xml#L123,<!-- to reproduce JTD error with nullable annotation -->,[],Maven,6,123,123
17487,spoonlabs/flacoco,https://github.com/spoonlabs/flacoco/blob/0f15779f7e7c1977ebe5003c14290d21e3af27bc/examples/spoon/pom.xml#L161,<!-- https://mvnrepository.com/artifact/javax.validation/validation-api -->,[],Maven,4,161,161
17487,spoonlabs/flacoco,https://github.com/spoonlabs/flacoco/blob/0f15779f7e7c1977ebe5003c14290d21e3af27bc/examples/spoon/pom.xml#L174,<!-- https://mvnrepository.com/artifact/uk.org.lidalia/slf4j-test -->,[],Maven,4,174,174
17487,spoonlabs/flacoco,https://github.com/spoonlabs/flacoco/blob/0f15779f7e7c1977ebe5003c14290d21e3af27bc/examples/spoon/pom.xml#L202,"<!-- reference:
                  * https://www.jacoco.org/jacoco/trunk/doc/check-mojo.html
                  * https://stackoverflow.com/questions/41891739/how-to-fail-a-maven-build-if-junit-coverage-falls-below-certain-threshold
                  -->",[],Maven,18,202,205
17487,spoonlabs/flacoco,https://github.com/spoonlabs/flacoco/blob/0f15779f7e7c1977ebe5003c14290d21e3af27bc/examples/spoon/pom.xml#L215,"<!-- we exclude the GUI classes, because we don't have Swing GUI tests in CI -->",[],Maven,24,215,215
17487,spoonlabs/flacoco,https://github.com/spoonlabs/flacoco/blob/0f15779f7e7c1977ebe5003c14290d21e3af27bc/examples/spoon/pom.xml#L217,<!-- we exclude the generated inner classes of ReplacementVisitor -->,[],Maven,24,217,217
17487,spoonlabs/flacoco,https://github.com/spoonlabs/flacoco/blob/0f15779f7e7c1977ebe5003c14290d21e3af27bc/examples/spoon/pom.xml#L248,<!-- descriptorRef>project</descriptorRef -->,[],Maven,20,248,248
17487,spoonlabs/flacoco,https://github.com/spoonlabs/flacoco/blob/0f15779f7e7c1977ebe5003c14290d21e3af27bc/examples/spoon/pom.xml#L250,<!-- descriptor>src/main/assembly/project.xml</descriptor -->,[],Maven,16,250,250
17487,spoonlabs/flacoco,https://github.com/spoonlabs/flacoco/blob/0f15779f7e7c1977ebe5003c14290d21e3af27bc/examples/spoon/pom.xml#L254,<!-- this is used for inheritance merges -->,[],Maven,42,254,254
17487,spoonlabs/flacoco,https://github.com/spoonlabs/flacoco/blob/0f15779f7e7c1977ebe5003c14290d21e3af27bc/examples/spoon/pom.xml#L255,<!-- append to the packaging phase. -->,[],Maven,42,255,255
17487,spoonlabs/flacoco,https://github.com/spoonlabs/flacoco/blob/0f15779f7e7c1977ebe5003c14290d21e3af27bc/examples/spoon/pom.xml#L257,<!-- goals == mojos -->,[],Maven,45,257,257
17487,spoonlabs/flacoco,https://github.com/spoonlabs/flacoco/blob/0f15779f7e7c1977ebe5003c14290d21e3af27bc/examples/spoon/pom.xml#L270,"<!-- we exclude the generated files, see CtGenerationTest -->",[],Maven,10,270,270
17487,spoonlabs/flacoco,https://github.com/spoonlabs/flacoco/blob/0f15779f7e7c1977ebe5003c14290d21e3af27bc/examples/spoon/pom.xml#L297,<!-- see https://github.com/castor-software/depclean -->,[],Maven,8,297,297
17487,spoonlabs/flacoco,https://github.com/spoonlabs/flacoco/blob/0f15779f7e7c1977ebe5003c14290d21e3af27bc/examples/spoon/pom.xml#L307,<!-- the build fails if there are unused direct dependencies -->,[],Maven,15,307,307
