repoIndex,repoName,linkLocation,comment,keywords,buildSysteminFile,charPosition,startLine,endLine
17530,jakartaee/websocket,https://github.com/jakartaee/websocket/blob/fccf2387662c5da6db3a2e66fac7e3450ea3cbed/pom.xml#L2,"<!--

    Copyright (c) 2019, 2022 Contributors to the Eclipse Foundation
    All rights reserved.

    This program and the accompanying materials are made available under the
    terms of the Eclipse Public License v. 2.0, which is available at
    http://www.eclipse.org/legal/epl-2.0.

    This Source Code may also be made available under the following Secondary
    Licenses when the conditions for such availability set forth in the
    Eclipse Public License v. 2.0 are satisfied: GNU General Public License,
    version 2 with the GNU Classpath Exception, which is available at
    https://www.gnu.org/software/classpath/license.html.

    SPDX-License-Identifier: EPL-2.0 OR GPL-2.0 WITH Classpath-exception-2.0

-->",[],Maven,0,2,19
17530,jakartaee/websocket,https://github.com/jakartaee/websocket/blob/fccf2387662c5da6db3a2e66fac7e3450ea3cbed/api/pom.xml#L2,"<!--

    Copyright (c) 2018, 2022 Oracle and/or its affiliates and others.
    All rights reserved.

    This program and the accompanying materials are made available under the
    terms of the Eclipse Public License v. 2.0, which is available at
    http://www.eclipse.org/legal/epl-2.0.

    This Source Code may also be made available under the following Secondary
    Licenses when the conditions for such availability set forth in the
    Eclipse Public License v. 2.0 are satisfied: GNU General Public License,
    version 2 with the GNU Classpath Exception, which is available at
    https://www.gnu.org/software/classpath/license.html.

    SPDX-License-Identifier: EPL-2.0 OR GPL-2.0 WITH Classpath-exception-2.0

-->",[],Maven,0,2,19
17530,jakartaee/websocket,https://github.com/jakartaee/websocket/blob/fccf2387662c5da6db3a2e66fac7e3450ea3cbed/api/pom.xml#L82,<!-- Make sure the spec version is in sync with the maven version -->,[],Maven,8,82,82
17530,jakartaee/websocket,https://github.com/jakartaee/websocket/blob/fccf2387662c5da6db3a2e66fac7e3450ea3cbed/api/pom.xml#L91,<!-- Sets minimal Maven version to 3.5.4 -->,[],Maven,12,91,91
17530,jakartaee/websocket,https://github.com/jakartaee/websocket/blob/fccf2387662c5da6db3a2e66fac7e3450ea3cbed/api/pom.xml#L114,<!-- Restricts the Java version to 1.8 -->,[],Maven,12,114,114
17530,jakartaee/websocket,https://github.com/jakartaee/websocket/blob/fccf2387662c5da6db3a2e66fac7e3450ea3cbed/api/pom.xml#L126,<!-- Checks copyright / license headers -->,[],Maven,12,126,126
17530,jakartaee/websocket,https://github.com/jakartaee/websocket/blob/fccf2387662c5da6db3a2e66fac7e3450ea3cbed/api/pom.xml#L133,<!--svn|mercurial|git - defaults to svn -->,[],Maven,20,133,133
17530,jakartaee/websocket,https://github.com/jakartaee/websocket/blob/fccf2387662c5da6db3a2e66fac7e3450ea3cbed/api/pom.xml#L135,<!-- turn on/off debugging -->,[],Maven,20,135,135
17530,jakartaee/websocket,https://github.com/jakartaee/websocket/blob/fccf2387662c5da6db3a2e66fac7e3450ea3cbed/api/pom.xml#L137,<!-- skip files not under SCM -->,[],Maven,20,137,137
17530,jakartaee/websocket,https://github.com/jakartaee/websocket/blob/fccf2387662c5da6db3a2e66fac7e3450ea3cbed/api/pom.xml#L139,<!-- turn off warnings -->,[],Maven,20,139,139
17530,jakartaee/websocket,https://github.com/jakartaee/websocket/blob/fccf2387662c5da6db3a2e66fac7e3450ea3cbed/api/pom.xml#L141,<!-- for use with repair -->,[],Maven,20,141,141
17530,jakartaee/websocket,https://github.com/jakartaee/websocket/blob/fccf2387662c5da6db3a2e66fac7e3450ea3cbed/api/pom.xml#L143,<!-- check that year is correct -->,[],Maven,20,143,143
17530,jakartaee/websocket,https://github.com/jakartaee/websocket/blob/fccf2387662c5da6db3a2e66fac7e3450ea3cbed/api/pom.xml#L150,<!-- Creates the OSGi MANIFEST.MF file -->,[],Maven,12,150,150
17530,jakartaee/websocket,https://github.com/jakartaee/websocket/blob/fccf2387662c5da6db3a2e66fac7e3450ea3cbed/api/pom.xml#L179,<!-- Adds the manifest file created by the org.apache.felix:maven-bundle-plugin -->,[],Maven,12,179,179
17530,jakartaee/websocket,https://github.com/jakartaee/websocket/blob/fccf2387662c5da6db3a2e66fac7e3450ea3cbed/api/pom.xml#L190,<!-- Creates the source jar -->,[],Maven,12,190,190
17530,jakartaee/websocket,https://github.com/jakartaee/websocket/blob/fccf2387662c5da6db3a2e66fac7e3450ea3cbed/api/pom.xml#L208,<!-- Create Javadoc for API jar -->,[],Maven,12,208,208
17530,jakartaee/websocket,https://github.com/jakartaee/websocket/blob/fccf2387662c5da6db3a2e66fac7e3450ea3cbed/api/client/pom.xml#L2,"<!--

    Copyright (c) 2018, 2022 Oracle and/or its affiliates and others.
    All rights reserved.

    This program and the accompanying materials are made available under the
    terms of the Eclipse Public License v. 2.0, which is available at
    http://www.eclipse.org/legal/epl-2.0.

    This Source Code may also be made available under the following Secondary
    Licenses when the conditions for such availability set forth in the
    Eclipse Public License v. 2.0 are satisfied: GNU General Public License,
    version 2 with the GNU Classpath Exception, which is available at
    https://www.gnu.org/software/classpath/license.html.

    SPDX-License-Identifier: EPL-2.0 OR GPL-2.0 WITH Classpath-exception-2.0

-->",[],Maven,0,2,19
17530,jakartaee/websocket,https://github.com/jakartaee/websocket/blob/fccf2387662c5da6db3a2e66fac7e3450ea3cbed/api/client/pom.xml#L52,<!-- Plugins from parent -->,[],Maven,12,52,52
17530,jakartaee/websocket,https://github.com/jakartaee/websocket/blob/fccf2387662c5da6db3a2e66fac7e3450ea3cbed/api/server/pom.xml#L2,"<!--

    Copyright (c) 2018, 2022 Oracle and/or its affiliates and others.
    All rights reserved.

    This program and the accompanying materials are made available under the
    terms of the Eclipse Public License v. 2.0, which is available at
    http://www.eclipse.org/legal/epl-2.0.

    This Source Code may also be made available under the following Secondary
    Licenses when the conditions for such availability set forth in the
    Eclipse Public License v. 2.0 are satisfied: GNU General Public License,
    version 2 with the GNU Classpath Exception, which is available at
    https://www.gnu.org/software/classpath/license.html.

    SPDX-License-Identifier: EPL-2.0 OR GPL-2.0 WITH Classpath-exception-2.0

-->",[],Maven,0,2,19
17530,jakartaee/websocket,https://github.com/jakartaee/websocket/blob/fccf2387662c5da6db3a2e66fac7e3450ea3cbed/api/server/pom.xml#L52,<!-- Plugins from parent -->,[],Maven,12,52,52
17530,jakartaee/websocket,https://github.com/jakartaee/websocket/blob/fccf2387662c5da6db3a2e66fac7e3450ea3cbed/spec/pom.xml#L2,"<!--

    Copyright (c) 2019, 2022 Contributors to the Eclipse Foundation.

    This program and the accompanying materials are made available under the
    terms of the Eclipse Public License v. 2.0, which is available at
    http://www.eclipse.org/legal/epl-2.0.

    This Source Code may also be made available under the following Secondary
    Licenses when the conditions for such availability set forth in the
    Eclipse Public License v. 2.0 are satisfied: GNU General Public License,
    version 2 with the GNU Classpath Exception, which is available at
    https://www.gnu.org/software/classpath/license.html.

    SPDX-License-Identifier: EPL-2.0 OR GPL-2.0 WITH Classpath-exception-2.0

-->",[],Maven,0,2,18
17530,jakartaee/websocket,https://github.com/jakartaee/websocket/blob/fccf2387662c5da6db3a2e66fac7e3450ea3cbed/spec/pom.xml#L92,"<!-- status: DRAFT, BETA, etc., or blank for final -->",[],Maven,8,92,92
17530,jakartaee/websocket,https://github.com/jakartaee/websocket/blob/fccf2387662c5da6db3a2e66fac7e3450ea3cbed/spec/pom.xml#L101,<!-- Sets minimal Maven version to 3.5.4 and Java version to 8 -->,[],Maven,12,101,101
17530,jakartaee/websocket,https://github.com/jakartaee/websocket/blob/fccf2387662c5da6db3a2e66fac7e3450ea3cbed/spec/pom.xml#L233,<!-- This is the rule that builds the zip file for download. -->,[],Maven,12,233,233
