repoIndex,repoName,linkLocation,comment,keywords,buildSysteminFile,charPosition,startLine,endLine
18367,reportportal/examples-java,https://github.com/reportportal/examples-java/blob/6eb649da4686a56eca4df37bfeda6eaff4d9912c/example-cucumber/pom.xml#L87,"<!-- The gmavenplus plugin is used to compile Groovy code. To learn more about this plugin,
                visit https://github.com/groovy/GMavenPlus/wiki -->",[],Maven,16,87,88
18367,reportportal/examples-java,https://github.com/reportportal/examples-java/blob/6eb649da4686a56eca4df37bfeda6eaff4d9912c/example-cucumber4/pom.xml#L2,"<!--
  ~ Copyright 2021 EPAM Systems
  ~
  ~ Licensed under the Apache License, Version 2.0 (the ""License"");
  ~ you may not use this file except in compliance with the License.
  ~ You may obtain a copy of the License at
  ~
  ~ http://www.apache.org/licenses/LICENSE-2.0
  ~
  ~ Unless required by applicable law or agreed to in writing, software
  ~ distributed under the License is distributed on an ""AS IS"" BASIS,
  ~ WITHOUT WARRANTIES OR CONDITIONS OF ANY KIND, either express or implied.
  ~ See the License for the specific language governing permissions and
  ~ limitations under the License.
  -->",[],Maven,0,2,16
18367,reportportal/examples-java,https://github.com/reportportal/examples-java/blob/6eb649da4686a56eca4df37bfeda6eaff4d9912c/example-cucumber6-testng/pom.xml#L2,"<!--
  ~ Copyright 2021 EPAM Systems
  ~
  ~ Licensed under the Apache License, Version 2.0 (the ""License"");
  ~ you may not use this file except in compliance with the License.
  ~ You may obtain a copy of the License at
  ~
  ~ http://www.apache.org/licenses/LICENSE-2.0
  ~
  ~ Unless required by applicable law or agreed to in writing, software
  ~ distributed under the License is distributed on an ""AS IS"" BASIS,
  ~ WITHOUT WARRANTIES OR CONDITIONS OF ANY KIND, either express or implied.
  ~ See the License for the specific language governing permissions and
  ~ limitations under the License.
  -->",[],Maven,0,2,16
18367,reportportal/examples-java,https://github.com/reportportal/examples-java/blob/6eb649da4686a56eca4df37bfeda6eaff4d9912c/example-cucumber6/pom.xml#L2,"<!--
  ~ Copyright 2021 EPAM Systems
  ~
  ~ Licensed under the Apache License, Version 2.0 (the ""License"");
  ~ you may not use this file except in compliance with the License.
  ~ You may obtain a copy of the License at
  ~
  ~ http://www.apache.org/licenses/LICENSE-2.0
  ~
  ~ Unless required by applicable law or agreed to in writing, software
  ~ distributed under the License is distributed on an ""AS IS"" BASIS,
  ~ WITHOUT WARRANTIES OR CONDITIONS OF ANY KIND, either express or implied.
  ~ See the License for the specific language governing permissions and
  ~ limitations under the License.
  -->",[],Maven,0,2,16
18367,reportportal/examples-java,https://github.com/reportportal/examples-java/blob/6eb649da4686a56eca4df37bfeda6eaff4d9912c/example-jbehave/pom.xml#L56,<!-- For unknown reason 'jbehave-maven-plugin' does not see these dependencies -->,[],Maven,8,56,56
18367,reportportal/examples-java,https://github.com/reportportal/examples-java/blob/6eb649da4686a56eca4df37bfeda6eaff4d9912c/example-junit/pom.xml#L53,<!-- This provides the path to the Java agent -->,[],Maven,12,53,53
18367,reportportal/examples-java,https://github.com/reportportal/examples-java/blob/6eb649da4686a56eca4df37bfeda6eaff4d9912c/example-junit5/pom.xml#L88,<!-- For nested steps only -->,[],Maven,20,88,88
18367,reportportal/examples-java,https://github.com/reportportal/examples-java/blob/6eb649da4686a56eca4df37bfeda6eaff4d9912c/example-junit5/pom.xml#L94,<!-- For nested steps only -->,[],Maven,20,94,94
18367,reportportal/examples-java,https://github.com/reportportal/examples-java/blob/6eb649da4686a56eca4df37bfeda6eaff4d9912c/example-spock/pom.xml#L27,<!-- use a specific Groovy version rather than the one specified by spock-core -->,[],Maven,21,27,27
18367,reportportal/examples-java,https://github.com/reportportal/examples-java/blob/6eb649da4686a56eca4df37bfeda6eaff4d9912c/example-spock/pom.xml#L50,"<!-- The gmavenplus plugin is used to compile Groovy code. To learn more about this plugin,
                visit https://github.com/groovy/GMavenPlus/wiki -->",[],Maven,16,50,51
18367,reportportal/examples-java,https://github.com/reportportal/examples-java/blob/6eb649da4686a56eca4df37bfeda6eaff4d9912c/example-spock/pom.xml#L65,<!-- This provides the path to the Java agent -->,[],Maven,12,65,65
18367,reportportal/examples-java,https://github.com/reportportal/examples-java/blob/6eb649da4686a56eca4df37bfeda6eaff4d9912c/example-spock/pom.xml#L79,<!-- Only required if names of spec classes don't match default Surefire patterns (`*Test` etc.) -->,[],Maven,12,79,79
18367,reportportal/examples-java,https://github.com/reportportal/examples-java/blob/6eb649da4686a56eca4df37bfeda6eaff4d9912c/example-spock/pom.xml#L85,<!-- https://issues.apache.org/jira/browse/SUREFIRE-1809 -->,[],Maven,57,85,85
18367,reportportal/examples-java,https://github.com/reportportal/examples-java/blob/6eb649da4686a56eca4df37bfeda6eaff4d9912c/example-testng-fork-execution/pom.xml#L68,<!--                    <properties>-->,[],Maven,0,68,68
18367,reportportal/examples-java,https://github.com/reportportal/examples-java/blob/6eb649da4686a56eca4df37bfeda6eaff4d9912c/example-testng-fork-execution/pom.xml#L69,<!--                        <property>-->,[],Maven,0,69,69
18367,reportportal/examples-java,https://github.com/reportportal/examples-java/blob/6eb649da4686a56eca4df37bfeda6eaff4d9912c/example-testng-fork-execution/pom.xml#L70,<!--                            <name>listener</name>-->,[],Maven,0,70,70
18367,reportportal/examples-java,https://github.com/reportportal/examples-java/blob/6eb649da4686a56eca4df37bfeda6eaff4d9912c/example-testng-fork-execution/pom.xml#L71,<!--                            <value>com.epam.reportportal.testng.ReportPortalTestNGListener</value>-->,[],Maven,0,71,71
18367,reportportal/examples-java,https://github.com/reportportal/examples-java/blob/6eb649da4686a56eca4df37bfeda6eaff4d9912c/example-testng-fork-execution/pom.xml#L72,<!--                        </property>-->,[],Maven,0,72,72
18367,reportportal/examples-java,https://github.com/reportportal/examples-java/blob/6eb649da4686a56eca4df37bfeda6eaff4d9912c/example-testng-fork-execution/pom.xml#L73,<!--                    </properties>-->,[],Maven,0,73,73
18367,reportportal/examples-java,https://github.com/reportportal/examples-java/blob/6eb649da4686a56eca4df37bfeda6eaff4d9912c/example-testng-log4j/pom.xml#L87,<!-- Uncomment it if you don't want your build to be failed in case of test errors -->,[],Maven,20,87,87
18367,reportportal/examples-java,https://github.com/reportportal/examples-java/blob/6eb649da4686a56eca4df37bfeda6eaff4d9912c/example-testng-log4j/pom.xml#L90,<!-- For nested steps only -->,[],Maven,20,90,90
18367,reportportal/examples-java,https://github.com/reportportal/examples-java/blob/6eb649da4686a56eca4df37bfeda6eaff4d9912c/example-testng-log4j/pom.xml#L99,<!-- ADD working directory to get TestNG know we to find suite files -->,[],Maven,20,99,99
18367,reportportal/examples-java,https://github.com/reportportal/examples-java/blob/6eb649da4686a56eca4df37bfeda6eaff4d9912c/example-testng-logback/pom.xml#L129,<!-- Uncomment it if you don't want your build to be failed in case of test errors -->,[],Maven,20,129,129
18367,reportportal/examples-java,https://github.com/reportportal/examples-java/blob/6eb649da4686a56eca4df37bfeda6eaff4d9912c/example-testng-logback/pom.xml#L132,<!-- For nested steps only -->,[],Maven,20,132,132
18367,reportportal/examples-java,https://github.com/reportportal/examples-java/blob/6eb649da4686a56eca4df37bfeda6eaff4d9912c/example-testng-logback/pom.xml#L136,<!---->,[],Maven,20,136,136
18367,reportportal/examples-java,https://github.com/reportportal/examples-java/blob/6eb649da4686a56eca4df37bfeda6eaff4d9912c/example-testng-logback/pom.xml#L139,<!--<xmlFile>suites/issue27.xml</xmlFile>-->,[],Maven,24,139,139
18367,reportportal/examples-java,https://github.com/reportportal/examples-java/blob/6eb649da4686a56eca4df37bfeda6eaff4d9912c/example-testng-logback/pom.xml#L140,<!--<xmlFile>suites/randomizer_suite.xml</xmlFile>-->,[],Maven,24,140,140
18367,reportportal/examples-java,https://github.com/reportportal/examples-java/blob/6eb649da4686a56eca4df37bfeda6eaff4d9912c/example-testng-logback/pom.xml#L145,<!-- ADD working directory to get TestNG know we to find suite files -->,[],Maven,20,145,145
18367,reportportal/examples-java,https://github.com/reportportal/examples-java/blob/6eb649da4686a56eca4df37bfeda6eaff4d9912c/example-testng-logback/pom.xml#L148,<!--<properties>-->,[],Maven,20,148,148
18367,reportportal/examples-java,https://github.com/reportportal/examples-java/blob/6eb649da4686a56eca4df37bfeda6eaff4d9912c/example-testng-logback/pom.xml#L149,<!--<property>-->,[],Maven,20,149,149
18367,reportportal/examples-java,https://github.com/reportportal/examples-java/blob/6eb649da4686a56eca4df37bfeda6eaff4d9912c/example-testng-logback/pom.xml#L150,<!--<name>usedefaultlisteners</name>-->,[],Maven,20,150,150
18367,reportportal/examples-java,https://github.com/reportportal/examples-java/blob/6eb649da4686a56eca4df37bfeda6eaff4d9912c/example-testng-logback/pom.xml#L151,<!--<value>false</value>-->,[],Maven,20,151,151
18367,reportportal/examples-java,https://github.com/reportportal/examples-java/blob/6eb649da4686a56eca4df37bfeda6eaff4d9912c/example-testng-logback/pom.xml#L152,<!--</property>-->,[],Maven,20,152,152
18367,reportportal/examples-java,https://github.com/reportportal/examples-java/blob/6eb649da4686a56eca4df37bfeda6eaff4d9912c/example-testng-logback/pom.xml#L153,<!--<property>-->,[],Maven,20,153,153
18367,reportportal/examples-java,https://github.com/reportportal/examples-java/blob/6eb649da4686a56eca4df37bfeda6eaff4d9912c/example-testng-logback/pom.xml#L154,<!--<name>listener</name>-->,[],Maven,20,154,154
18367,reportportal/examples-java,https://github.com/reportportal/examples-java/blob/6eb649da4686a56eca4df37bfeda6eaff4d9912c/example-testng-logback/pom.xml#L155,<!--<value>com.epam.reportportal.testng.ReportPortalTestNGListener</value>-->,[],Maven,20,155,155
18367,reportportal/examples-java,https://github.com/reportportal/examples-java/blob/6eb649da4686a56eca4df37bfeda6eaff4d9912c/example-testng-logback/pom.xml#L156,<!--</property>-->,[],Maven,20,156,156
18367,reportportal/examples-java,https://github.com/reportportal/examples-java/blob/6eb649da4686a56eca4df37bfeda6eaff4d9912c/example-testng-logback/pom.xml#L157,<!--</properties>-->,[],Maven,20,157,157
18367,reportportal/examples-java,https://github.com/reportportal/examples-java/blob/6eb649da4686a56eca4df37bfeda6eaff4d9912c/example-testng-logback/pom.xml#L160,<!-- For nested steps only -->,[],Maven,20,160,160
18367,reportportal/examples-java,https://github.com/reportportal/examples-java/blob/6eb649da4686a56eca4df37bfeda6eaff4d9912c/example-testng-logback/pom.xml#L166,<!---->,[],Maven,20,166,166
