repoIndex,repoName,linkLocation,comment,keywords,buildSysteminFile,charPosition,startLine,endLine
18762,spring-attic/spring-integration-in-action,https://github.com/spring-attic/spring-integration-in-action/blob/ed174d92035aa68e8510003f6bcdca1db2ddf4ba/siia-examples/pom.xml#L2,"<!--
 * Copyright 2012 the original author or authors.
 *
 * Licensed under the Apache License, Version 2.0 (the ""License"");
 * you may not use this file except in compliance with the License.
 * You may obtain a copy of the License at
 *
 *      http://www.apache.org/licenses/LICENSE-2.0
 *
 * Unless required by applicable law or agreed to in writing, software
 * distributed under the License is distributed on an ""AS IS"" BASIS,
 * WITHOUT WARRANTIES OR CONDITIONS OF ANY KIND, either express or implied.
 * See the License for the specific language governing permissions and
 * limitations under the License.
-->",[],Maven,0,2,16
18762,spring-attic/spring-integration-in-action,https://github.com/spring-attic/spring-integration-in-action/blob/ed174d92035aa68e8510003f6bcdca1db2ddf4ba/siia-examples/pom.xml#L79,"<!-- <start id=""spring-integration-test-dep""/> -->",[],Maven,12,79,79
18762,spring-attic/spring-integration-in-action,https://github.com/spring-attic/spring-integration-in-action/blob/ed174d92035aa68e8510003f6bcdca1db2ddf4ba/siia-examples/pom.xml#L86,"<!-- <end id=""spring-integration-test-dep""/> -->",[],Maven,12,86,86
18762,spring-attic/spring-integration-in-action,https://github.com/spring-attic/spring-integration-in-action/blob/ed174d92035aa68e8510003f6bcdca1db2ddf4ba/siia-examples/batch/pom.xml#L2,"<!--
 * Copyright 2012 the original author or authors.
 *
 * Licensed under the Apache License, Version 2.0 (the ""License"");
 * you may not use this file except in compliance with the License.
 * You may obtain a copy of the License at
 *
 *      http://www.apache.org/licenses/LICENSE-2.0
 *
 * Unless required by applicable law or agreed to in writing, software
 * distributed under the License is distributed on an ""AS IS"" BASIS,
 * WITHOUT WARRANTIES OR CONDITIONS OF ANY KIND, either express or implied.
 * See the License for the specific language governing permissions and
 * limitations under the License.
-->",[],Maven,0,2,16
18762,spring-attic/spring-integration-in-action,https://github.com/spring-attic/spring-integration-in-action/blob/ed174d92035aa68e8510003f6bcdca1db2ddf4ba/siia-examples/business/pom.xml#L2,"<!--
 * Copyright 2012 the original author or authors.
 *
 * Licensed under the Apache License, Version 2.0 (the ""License"");
 * you may not use this file except in compliance with the License.
 * You may obtain a copy of the License at
 *
 *      http://www.apache.org/licenses/LICENSE-2.0
 *
 * Unless required by applicable law or agreed to in writing, software
 * distributed under the License is distributed on an ""AS IS"" BASIS,
 * WITHOUT WARRANTIES OR CONDITIONS OF ANY KIND, either express or implied.
 * See the License for the specific language governing permissions and
 * limitations under the License.
-->",[],Maven,0,2,16
18762,spring-attic/spring-integration-in-action,https://github.com/spring-attic/spring-integration-in-action/blob/ed174d92035aa68e8510003f6bcdca1db2ddf4ba/siia-examples/concurrency/pom.xml#L2,"<!--
 * Copyright 2012 the original author or authors.
 *
 * Licensed under the Apache License, Version 2.0 (the ""License"");
 * you may not use this file except in compliance with the License.
 * You may obtain a copy of the License at
 *
 *      http://www.apache.org/licenses/LICENSE-2.0
 *
 * Unless required by applicable law or agreed to in writing, software
 * distributed under the License is distributed on an ""AS IS"" BASIS,
 * WITHOUT WARRANTIES OR CONDITIONS OF ANY KIND, either express or implied.
 * See the License for the specific language governing permissions and
 * limitations under the License.
-->",[],Maven,0,2,16
18762,spring-attic/spring-integration-in-action,https://github.com/spring-attic/spring-integration-in-action/blob/ed174d92035aa68e8510003f6bcdca1db2ddf4ba/siia-examples/flight-booking/pom.xml#L2,"<!--
 * Copyright 2012 the original author or authors.
 *
 * Licensed under the Apache License, Version 2.0 (the ""License"");
 * you may not use this file except in compliance with the License.
 * You may obtain a copy of the License at
 *
 *      http://www.apache.org/licenses/LICENSE-2.0
 *
 * Unless required by applicable law or agreed to in writing, software
 * distributed under the License is distributed on an ""AS IS"" BASIS,
 * WITHOUT WARRANTIES OR CONDITIONS OF ANY KIND, either express or implied.
 * See the License for the specific language governing permissions and
 * limitations under the License.
-->",[],Maven,0,2,16
18762,spring-attic/spring-integration-in-action,https://github.com/spring-attic/spring-integration-in-action/blob/ed174d92035aa68e8510003f6bcdca1db2ddf4ba/siia-examples/flight-booking/domain/pom.xml#L2,"<!--
 * Copyright 2012 the original author or authors.
 *
 * Licensed under the Apache License, Version 2.0 (the ""License"");
 * you may not use this file except in compliance with the License.
 * You may obtain a copy of the License at
 *
 *      http://www.apache.org/licenses/LICENSE-2.0
 *
 * Unless required by applicable law or agreed to in writing, software
 * distributed under the License is distributed on an ""AS IS"" BASIS,
 * WITHOUT WARRANTIES OR CONDITIONS OF ANY KIND, either express or implied.
 * See the License for the specific language governing permissions and
 * limitations under the License.
-->",[],Maven,0,2,16
18762,spring-attic/spring-integration-in-action,https://github.com/spring-attic/spring-integration-in-action/blob/ed174d92035aa68e8510003f6bcdca1db2ddf4ba/siia-examples/flight-booking/integration/pom.xml#L2,"<!--
 * Copyright 2012 the original author or authors.
 *
 * Licensed under the Apache License, Version 2.0 (the ""License"");
 * you may not use this file except in compliance with the License.
 * You may obtain a copy of the License at
 *
 *      http://www.apache.org/licenses/LICENSE-2.0
 *
 * Unless required by applicable law or agreed to in writing, software
 * distributed under the License is distributed on an ""AS IS"" BASIS,
 * WITHOUT WARRANTIES OR CONDITIONS OF ANY KIND, either express or implied.
 * See the License for the specific language governing permissions and
 * limitations under the License.
-->",[],Maven,0,2,16
18762,spring-attic/spring-integration-in-action,https://github.com/spring-attic/spring-integration-in-action/blob/ed174d92035aa68e8510003f6bcdca1db2ddf4ba/siia-examples/fundamentals/pom.xml#L2,"<!--
 * Copyright 2012 the original author or authors.
 *
 * Licensed under the Apache License, Version 2.0 (the ""License"");
 * you may not use this file except in compliance with the License.
 * You may obtain a copy of the License at
 *
 *      http://www.apache.org/licenses/LICENSE-2.0
 *
 * Unless required by applicable law or agreed to in writing, software
 * distributed under the License is distributed on an ""AS IS"" BASIS,
 * WITHOUT WARRANTIES OR CONDITIONS OF ANY KIND, either express or implied.
 * See the License for the specific language governing permissions and
 * limitations under the License.
-->",[],Maven,0,2,16
18762,spring-attic/spring-integration-in-action,https://github.com/spring-attic/spring-integration-in-action/blob/ed174d92035aa68e8510003f6bcdca1db2ddf4ba/siia-examples/hello-world/pom.xml#L2,"<!--
 * Copyright 2012 the original author or authors.
 *
 * Licensed under the Apache License, Version 2.0 (the ""License"");
 * you may not use this file except in compliance with the License.
 * You may obtain a copy of the License at
 *
 *      http://www.apache.org/licenses/LICENSE-2.0
 *
 * Unless required by applicable law or agreed to in writing, software
 * distributed under the License is distributed on an ""AS IS"" BASIS,
 * WITHOUT WARRANTIES OR CONDITIONS OF ANY KIND, either express or implied.
 * See the License for the specific language governing permissions and
 * limitations under the License.
-->",[],Maven,0,2,16
18762,spring-attic/spring-integration-in-action,https://github.com/spring-attic/spring-integration-in-action/blob/ed174d92035aa68e8510003f6bcdca1db2ddf4ba/siia-examples/home-cooking/pom.xml#L2,"<!--
 * Copyright 2012 the original author or authors.
 *
 * Licensed under the Apache License, Version 2.0 (the ""License"");
 * you may not use this file except in compliance with the License.
 * You may obtain a copy of the License at
 *
 *      http://www.apache.org/licenses/LICENSE-2.0
 *
 * Unless required by applicable law or agreed to in writing, software
 * distributed under the License is distributed on an ""AS IS"" BASIS,
 * WITHOUT WARRANTIES OR CONDITIONS OF ANY KIND, either express or implied.
 * See the License for the specific language governing permissions and
 * limitations under the License.
-->",[],Maven,0,2,16
18762,spring-attic/spring-integration-in-action,https://github.com/spring-attic/spring-integration-in-action/blob/ed174d92035aa68e8510003f6bcdca1db2ddf4ba/siia-examples/jms/pom.xml#L2,"<!--
 * Copyright 2012 the original author or authors.
 *
 * Licensed under the Apache License, Version 2.0 (the ""License"");
 * you may not use this file except in compliance with the License.
 * You may obtain a copy of the License at
 *
 *      http://www.apache.org/licenses/LICENSE-2.0
 *
 * Unless required by applicable law or agreed to in writing, software
 * distributed under the License is distributed on an ""AS IS"" BASIS,
 * WITHOUT WARRANTIES OR CONDITIONS OF ANY KIND, either express or implied.
 * See the License for the specific language governing permissions and
 * limitations under the License.
-->",[],Maven,0,2,16
18762,spring-attic/spring-integration-in-action,https://github.com/spring-attic/spring-integration-in-action/blob/ed174d92035aa68e8510003f6bcdca1db2ddf4ba/siia-examples/jms/pom.xml#L46,"<!--
                <exclusion>
                    <artifactId>slf4j-api</artifactId>
                    <groupId>org.slf4j</groupId>
                </exclusion>
                -->",[],Maven,16,46,51
18762,spring-attic/spring-integration-in-action,https://github.com/spring-attic/spring-integration-in-action/blob/ed174d92035aa68e8510003f6bcdca1db2ddf4ba/siia-examples/messages-channels/pom.xml#L2,"<!--
 * Copyright 2012 the original author or authors.
 *
 * Licensed under the Apache License, Version 2.0 (the ""License"");
 * you may not use this file except in compliance with the License.
 * You may obtain a copy of the License at
 *
 *      http://www.apache.org/licenses/LICENSE-2.0
 *
 * Unless required by applicable law or agreed to in writing, software
 * distributed under the License is distributed on an ""AS IS"" BASIS,
 * WITHOUT WARRANTIES OR CONDITIONS OF ANY KIND, either express or implied.
 * See the License for the specific language governing permissions and
 * limitations under the License.
-->",[],Maven,0,2,16
18762,spring-attic/spring-integration-in-action,https://github.com/spring-attic/spring-integration-in-action/blob/ed174d92035aa68e8510003f6bcdca1db2ddf4ba/siia-examples/monitoring/pom.xml#L2,"<!--
 * Copyright 2012 the original author or authors.
 *
 * Licensed under the Apache License, Version 2.0 (the ""License"");
 * you may not use this file except in compliance with the License.
 * You may obtain a copy of the License at
 *
 *      http://www.apache.org/licenses/LICENSE-2.0
 *
 * Unless required by applicable law or agreed to in writing, software
 * distributed under the License is distributed on an ""AS IS"" BASIS,
 * WITHOUT WARRANTIES OR CONDITIONS OF ANY KIND, either express or implied.
 * See the License for the specific language governing permissions and
 * limitations under the License.
-->",[],Maven,0,2,16
18762,spring-attic/spring-integration-in-action,https://github.com/spring-attic/spring-integration-in-action/blob/ed174d92035aa68e8510003f6bcdca1db2ddf4ba/siia-examples/trip-diary/pom.xml#L2,"<!--
 * Copyright 2012 the original author or authors.
 *
 * Licensed under the Apache License, Version 2.0 (the ""License"");
 * you may not use this file except in compliance with the License.
 * You may obtain a copy of the License at
 *
 *      http://www.apache.org/licenses/LICENSE-2.0
 *
 * Unless required by applicable law or agreed to in writing, software
 * distributed under the License is distributed on an ""AS IS"" BASIS,
 * WITHOUT WARRANTIES OR CONDITIONS OF ANY KIND, either express or implied.
 * See the License for the specific language governing permissions and
 * limitations under the License.
-->",[],Maven,0,2,16
18762,spring-attic/spring-integration-in-action,https://github.com/spring-attic/spring-integration-in-action/blob/ed174d92035aa68e8510003f6bcdca1db2ddf4ba/siia-examples/twitter/pom.xml#L2,"<!--
 * Copyright 2012 the original author or authors.
 *
 * Licensed under the Apache License, Version 2.0 (the ""License"");
 * you may not use this file except in compliance with the License.
 * You may obtain a copy of the License at
 *
 *      http://www.apache.org/licenses/LICENSE-2.0
 *
 * Unless required by applicable law or agreed to in writing, software
 * distributed under the License is distributed on an ""AS IS"" BASIS,
 * WITHOUT WARRANTIES OR CONDITIONS OF ANY KIND, either express or implied.
 * See the License for the specific language governing permissions and
 * limitations under the License.
-->",[],Maven,0,2,16
18762,spring-attic/spring-integration-in-action,https://github.com/spring-attic/spring-integration-in-action/blob/ed174d92035aa68e8510003f6bcdca1db2ddf4ba/siia-examples/webapp/pom.xml#L2,"<!--
 * Copyright 2012 the original author or authors.
 *
 * Licensed under the Apache License, Version 2.0 (the ""License"");
 * you may not use this file except in compliance with the License.
 * You may obtain a copy of the License at
 *
 *      http://www.apache.org/licenses/LICENSE-2.0
 *
 * Unless required by applicable law or agreed to in writing, software
 * distributed under the License is distributed on an ""AS IS"" BASIS,
 * WITHOUT WARRANTIES OR CONDITIONS OF ANY KIND, either express or implied.
 * See the License for the specific language governing permissions and
 * limitations under the License.
-->",[],Maven,0,2,16
18762,spring-attic/spring-integration-in-action,https://github.com/spring-attic/spring-integration-in-action/blob/ed174d92035aa68e8510003f6bcdca1db2ddf4ba/siia-examples/webapp/pom.xml#L31,<!-- Jetty plugin -->,[],Maven,12,31,31
