repoIndex,repoName,linkLocation,comment,keywords,buildSysteminFile,charPosition,startLine,endLine
19053,pigeoncoin/pigeoncoin,https://github.com/pigeoncoin/pigeoncoin/blob/22babfc59c939b420b5ce7df8307f0827a42394f/Makefile.am#L1,"# Copyright (c) 2013-2016 The Bitcoin Core developers
# Copyright (c) 2014-2018 The Dash Core developers
# Copyright (c) 2021-2022 The Pigeoncoin Core developers
# Distributed under the MIT software license, see the accompanying
# file COPYING or http://www.opensource.org/licenses/mit-license.php.",[],Autotool,0,1,5
19053,pigeoncoin/pigeoncoin,https://github.com/pigeoncoin/pigeoncoin/blob/22babfc59c939b420b5ce7df8307f0827a42394f/Makefile.am#L40,#not installed,[],Autotool,46,40,40
19053,pigeoncoin/pigeoncoin,https://github.com/pigeoncoin/pigeoncoin/blob/22babfc59c939b420b5ce7df8307f0827a42394f/src/Makefile.am#L1,"# Copyright (c) 2013-2016 The Bitcoin Core developers
# Copyright (c) 2014-2018 The Dash Core developers
# Copyright (c) 2021-2022 The Pigeoncoin Core developers
# Distributed under the MIT software license, see the accompanying
# file COPYING or http://www.opensource.org/licenses/mit-license.php.",[],Autotool,0,1,5
19053,pigeoncoin/pigeoncoin,https://github.com/pigeoncoin/pigeoncoin/blob/22babfc59c939b420b5ce7df8307f0827a42394f/src/Makefile.am#L16,# Wrap internal C++ ABI's so that we can attach stacktraces to exceptions,[],Autotool,0,16,16
19053,pigeoncoin/pigeoncoin,https://github.com/pigeoncoin/pigeoncoin/blob/22babfc59c939b420b5ce7df8307f0827a42394f/src/Makefile.am#L85,"# Make is not made aware of per-object dependencies to avoid limiting building parallelization
# But to build the less dependent modules first, we manually select their order here:",[],Autotool,0,85,86
19053,pigeoncoin/pigeoncoin,https://github.com/pigeoncoin/pigeoncoin/blob/22babfc59c939b420b5ce7df8307f0827a42394f/src/Makefile.am#L113,# pigeon core #,[],Autotool,0,113,113
19053,pigeoncoin/pigeoncoin,https://github.com/pigeoncoin/pigeoncoin/blob/22babfc59c939b420b5ce7df8307f0827a42394f/src/Makefile.am#L272,# server: shared between pigeond and pigeon-qt,[],Autotool,0,272,272
19053,pigeoncoin/pigeoncoin,https://github.com/pigeoncoin/pigeoncoin/blob/22babfc59c939b420b5ce7df8307f0827a42394f/src/Makefile.am#L367,"# wallet: shared between pigeond and pigeon-qt, but only linked
# when wallet enabled",[],Autotool,0,367,368
19053,pigeoncoin/pigeoncoin,https://github.com/pigeoncoin/pigeoncoin/blob/22babfc59c939b420b5ce7df8307f0827a42394f/src/Makefile.am#L383,# crypto primitives library,[],Autotool,0,383,383
19053,pigeoncoin/pigeoncoin,https://github.com/pigeoncoin/pigeoncoin/blob/22babfc59c939b420b5ce7df8307f0827a42394f/src/Makefile.am#L427,# x21s,[],Autotool,0,427,427
19053,pigeoncoin/pigeoncoin,https://github.com/pigeoncoin/pigeoncoin/blob/22babfc59c939b420b5ce7df8307f0827a42394f/src/Makefile.am#L484,# consensus: shared between all executables that validate any consensus rules.,[],Autotool,0,484,484
19053,pigeoncoin/pigeoncoin,https://github.com/pigeoncoin/pigeoncoin/blob/22babfc59c939b420b5ce7df8307f0827a42394f/src/Makefile.am#L523,"# common: shared between pigeond, and pigeon-qt and non-server tools",[],Autotool,0,523,523
19053,pigeoncoin/pigeoncoin,https://github.com/pigeoncoin/pigeoncoin/blob/22babfc59c939b420b5ce7df8307f0827a42394f/src/Makefile.am#L549,"# util: shared between all executables.
# This library *must* be included to make sure that the glibc
# backward-compatibility objects and their sanity checks are linked.",[],Autotool,0,549,551
19053,pigeoncoin/pigeoncoin,https://github.com/pigeoncoin/pigeoncoin/blob/22babfc59c939b420b5ce7df8307f0827a42394f/src/Makefile.am#L584,# cli: shared between pigeon-cli and pigeon-qt,[],Autotool,0,584,584
19053,pigeoncoin/pigeoncoin,https://github.com/pigeoncoin/pigeoncoin/blob/22babfc59c939b420b5ce7df8307f0827a42394f/src/Makefile.am#L592,#,[],Autotool,0,592,592
19053,pigeoncoin/pigeoncoin,https://github.com/pigeoncoin/pigeoncoin/blob/22babfc59c939b420b5ce7df8307f0827a42394f/src/Makefile.am#L594,# pigeond binary #,[],Autotool,0,594,594
19053,pigeoncoin/pigeoncoin,https://github.com/pigeoncoin/pigeoncoin/blob/22babfc59c939b420b5ce7df8307f0827a42394f/src/Makefile.am#L620,# pigeon-cli binary #,[],Autotool,0,620,620
19053,pigeoncoin/pigeoncoin,https://github.com/pigeoncoin/pigeoncoin/blob/22babfc59c939b420b5ce7df8307f0827a42394f/src/Makefile.am#L636,#,[],Autotool,0,636,636
19053,pigeoncoin/pigeoncoin,https://github.com/pigeoncoin/pigeoncoin/blob/22babfc59c939b420b5ce7df8307f0827a42394f/src/Makefile.am#L638,# pigeon-tx binary #,[],Autotool,0,638,638
19053,pigeoncoin/pigeoncoin,https://github.com/pigeoncoin/pigeoncoin/blob/22babfc59c939b420b5ce7df8307f0827a42394f/src/Makefile.am#L657,#,[],Autotool,0,657,657
19053,pigeoncoin/pigeoncoin,https://github.com/pigeoncoin/pigeoncoin/blob/22babfc59c939b420b5ce7df8307f0827a42394f/src/Makefile.am#L659,# pigeonconsensus library #,[],Autotool,0,659,659
19053,pigeoncoin/pigeoncoin,https://github.com/pigeoncoin/pigeoncoin/blob/22babfc59c939b420b5ce7df8307f0827a42394f/src/Makefile.am#L674,#,[],Autotool,0,674,674
19053,pigeoncoin/pigeoncoin,https://github.com/pigeoncoin/pigeoncoin/blob/22babfc59c939b420b5ce7df8307f0827a42394f/configure.ac#L1,dnl require autoconf 2.60 (AS_ECHO/AS_ECHO_N),[],Autotool,0,1,1
19053,pigeoncoin/pigeoncoin,https://github.com/pigeoncoin/pigeoncoin/blob/22babfc59c939b420b5ce7df8307f0827a42394f/configure.ac#L28,"dnl Unless the user specified ARFLAGS, force it to be cr",[],Autotool,0,28,28
19053,pigeoncoin/pigeoncoin,https://github.com/pigeoncoin/pigeoncoin/blob/22babfc59c939b420b5ce7df8307f0827a42394f/configure.ac#L36,#ifndef PIGEON_CONFIG_H]),[],Autotool,8,36,36
19053,pigeoncoin/pigeoncoin,https://github.com/pigeoncoin/pigeoncoin/blob/22babfc59c939b420b5ce7df8307f0827a42394f/configure.ac#L37,#define PIGEON_CONFIG_H]),[],Autotool,8,37,37
19053,pigeoncoin/pigeoncoin,https://github.com/pigeoncoin/pigeoncoin/blob/22babfc59c939b420b5ce7df8307f0827a42394f/configure.ac#L38,#endif //PIGEON_CONFIG_H]),[],Autotool,11,38,38
19053,pigeoncoin/pigeoncoin,https://github.com/pigeoncoin/pigeoncoin/blob/22babfc59c939b420b5ce7df8307f0827a42394f/configure.ac#L40,dnl faketime breaks configure and is only needed for make. Disable it here.,[],Autotool,0,40,40
19053,pigeoncoin/pigeoncoin,https://github.com/pigeoncoin/pigeoncoin/blob/22babfc59c939b420b5ce7df8307f0827a42394f/configure.ac#L43,dnl Automake init set-up and checks,[],Autotool,0,43,43
19053,pigeoncoin/pigeoncoin,https://github.com/pigeoncoin/pigeoncoin/blob/22babfc59c939b420b5ce7df8307f0827a42394f/configure.ac#L46,"dnl faketime messes with timestamps and causes configure to be re-run.
dnl --disable-maintainer-mode can be used to bypass this.",[],Autotool,0,46,47
19053,pigeoncoin/pigeoncoin,https://github.com/pigeoncoin/pigeoncoin/blob/22babfc59c939b420b5ce7df8307f0827a42394f/configure.ac#L50,dnl make the compilation flags quiet unless V=1 is used,[],Autotool,0,50,50
19053,pigeoncoin/pigeoncoin,https://github.com/pigeoncoin/pigeoncoin/blob/22babfc59c939b420b5ce7df8307f0827a42394f/configure.ac#L53,dnl Compiler checks (here before libtool).,[],Autotool,0,53,53
19053,pigeoncoin/pigeoncoin,https://github.com/pigeoncoin/pigeoncoin/blob/22babfc59c939b420b5ce7df8307f0827a42394f/configure.ac#L61,"dnl By default, libtool for mingw refuses to link static libs into a dll for
dnl fear of mixing pic/non-pic objects, and import/export complications. Since
dnl we have those under control, re-enable that functionality.",[],Autotool,0,61,63
19053,pigeoncoin/pigeoncoin,https://github.com/pigeoncoin/pigeoncoin/blob/22babfc59c939b420b5ce7df8307f0827a42394f/configure.ac#L69,dnl Require C++14 compiler (no GNU extensions),[],Autotool,0,69,69
19053,pigeoncoin/pigeoncoin,https://github.com/pigeoncoin/pigeoncoin/blob/22babfc59c939b420b5ce7df8307f0827a42394f/configure.ac#L71,dnl Check if -latomic is required for <std::atomic>,[],Autotool,0,71,71
19053,pigeoncoin/pigeoncoin,https://github.com/pigeoncoin/pigeoncoin/blob/22babfc59c939b420b5ce7df8307f0827a42394f/configure.ac#L74,"dnl Unless the user specified OBJCXX, force it to be the same as CXX. This ensures
dnl that we get the same -std flags for both.",[],Autotool,0,74,75
19053,pigeoncoin/pigeoncoin,https://github.com/pigeoncoin/pigeoncoin/blob/22babfc59c939b420b5ce7df8307f0827a42394f/configure.ac#L83,dnl Libtool init checks.,[],Autotool,0,83,83
19053,pigeoncoin/pigeoncoin,https://github.com/pigeoncoin/pigeoncoin/blob/22babfc59c939b420b5ce7df8307f0827a42394f/configure.ac#L86,dnl Check/return PATH for base programs.,[],Autotool,0,86,86
19053,pigeoncoin/pigeoncoin,https://github.com/pigeoncoin/pigeoncoin/blob/22babfc59c939b420b5ce7df8307f0827a42394f/configure.ac#L92,dnl Python 3.x is supported from 3.4 on (see https://github.com/bitcoin/bitcoin/issues/7893),[],Autotool,0,92,92
19053,pigeoncoin/pigeoncoin,https://github.com/pigeoncoin/pigeoncoin/blob/22babfc59c939b420b5ce7df8307f0827a42394f/configure.ac#L106,# Enable wallet,[],Autotool,0,106,106
19053,pigeoncoin/pigeoncoin,https://github.com/pigeoncoin/pigeoncoin/blob/22babfc59c939b420b5ce7df8307f0827a42394f/configure.ac#L217,# Enable debug,[],Autotool,0,217,217
19053,pigeoncoin/pigeoncoin,https://github.com/pigeoncoin/pigeoncoin/blob/22babfc59c939b420b5ce7df8307f0827a42394f/configure.ac#L224,# Enable crash hooks,[],Autotool,0,224,224
19053,pigeoncoin/pigeoncoin,https://github.com/pigeoncoin/pigeoncoin/blob/22babfc59c939b420b5ce7df8307f0827a42394f/configure.ac#L231,# Enable in-wallet miner,[],Autotool,0,231,231
19053,pigeoncoin/pigeoncoin,https://github.com/pigeoncoin/pigeoncoin/blob/22babfc59c939b420b5ce7df8307f0827a42394f/configure.ac#L242,# Turn warnings into errors,[],Autotool,0,242,242
19053,pigeoncoin/pigeoncoin,https://github.com/pigeoncoin/pigeoncoin/blob/22babfc59c939b420b5ce7df8307f0827a42394f/configure.ac#L262,"# We always enable at at least -g1 debug info to support proper stacktraces in crash infos
# Stacktraces will be suboptimal due to optimization, but better than nothing. Also, -fno-omit-frame-pointer
# mitigates this a little bit",[],Autotool,4,262,264
19053,pigeoncoin/pigeoncoin,https://github.com/pigeoncoin/pigeoncoin/blob/22babfc59c939b420b5ce7df8307f0827a42394f/configure.ac#L285,# Needed for MinGW targets when debug symbols are enabled as compiled objects get very large,[],Autotool,0,285,285
19053,pigeoncoin/pigeoncoin,https://github.com/pigeoncoin/pigeoncoin/blob/22babfc59c939b420b5ce7df8307f0827a42394f/configure.ac#L303,"## Some compilers (gcc) ignore unknown -Wno-* options, but warn about all
## unknown options if any other warning is produced. Test the -Wfoo case, and
## set the -Wno-foo case if it works.",[],Autotool,2,303,305
19053,pigeoncoin/pigeoncoin,https://github.com/pigeoncoin/pigeoncoin/blob/22babfc59c939b420b5ce7df8307f0827a42394f/configure.ac#L320,"# Check for optional instruction set support. Enabling these does _not_ imply that all code will
# be compiled with them, rather that specific objects/libs may use them after checking for runtime
# compatibility.",[],Autotool,0,320,322
19053,pigeoncoin/pigeoncoin,https://github.com/pigeoncoin/pigeoncoin/blob/22babfc59c939b420b5ce7df8307f0827a42394f/configure.ac#L423,#pkgconfig does more harm than good with MinGW,[],Autotool,5,423,423
19053,pigeoncoin/pigeoncoin,https://github.com/pigeoncoin/pigeoncoin/blob/22babfc59c939b420b5ce7df8307f0827a42394f/configure.ac#L447,"# -static is interpreted by libtool, where it has a different meaning.
# In libtool-speak, it's -all-static.",[],Autotool,5,447,448
19053,pigeoncoin/pigeoncoin,https://github.com/pigeoncoin/pigeoncoin/blob/22babfc59c939b420b5ce7df8307f0827a42394f/configure.ac#L473,"dnl libtool insists upon adding -nostdlib and a list of objects/libs to link against.
dnl That breaks our ability to build dll's with static libgcc/libstdc++/libssp. Override
dnl its command here, with the predeps/postdeps removed, and -static inserted. Postdeps are
dnl also overridden to prevent their insertion later.
dnl This should only affect dll's.",[],Autotool,5,473,477
19053,pigeoncoin/pigeoncoin,https://github.com/pigeoncoin/pigeoncoin/blob/22babfc59c939b420b5ce7df8307f0827a42394f/configure.ac#L489,dnl add default macports paths,[],Autotool,9,489,489
19053,pigeoncoin/pigeoncoin,https://github.com/pigeoncoin/pigeoncoin/blob/22babfc59c939b420b5ce7df8307f0827a42394f/configure.ac#L501,"dnl These Homebrew packages may be keg-only, meaning that they won't be found
dnl in expected paths because they may conflict with system files. Ask
dnl Homebrew where each one is located, then adjust paths accordingly.
dnl It's safe to add these paths even if the functionality is disabled by
dnl the user (--without-wallet or --without-gui for example).",[],Autotool,9,501,505
19053,pigeoncoin/pigeoncoin,https://github.com/pigeoncoin/pigeoncoin/blob/22babfc59c939b420b5ce7df8307f0827a42394f/configure.ac#L536,"dnl libtool will try to strip the static lib, which is a problem for
dnl cross-builds because strip attempts to call a hard-coded ld,
dnl which may not exist in the path. Stripping the .a is not
dnl necessary, so just disable it.",[],Autotool,11,536,539
19053,pigeoncoin/pigeoncoin,https://github.com/pigeoncoin/pigeoncoin/blob/22babfc59c939b420b5ce7df8307f0827a42394f/configure.ac#L606,dnl Check for endianness,[],Autotool,0,606,606
19053,pigeoncoin/pigeoncoin,https://github.com/pigeoncoin/pigeoncoin/blob/22babfc59c939b420b5ce7df8307f0827a42394f/configure.ac#L609,dnl Check for pthread compile/link requirements,[],Autotool,0,609,609
19053,pigeoncoin/pigeoncoin,https://github.com/pigeoncoin/pigeoncoin/blob/22babfc59c939b420b5ce7df8307f0827a42394f/configure.ac#L612,"# The following macro will add the necessary defines to pigeon-config.h, but
# they also need to be passed down to any subprojects. Pull the results out of
# the cache and add them to CPPFLAGS.",[],Autotool,0,612,614
19053,pigeoncoin/pigeoncoin,https://github.com/pigeoncoin/pigeoncoin/blob/22babfc59c939b420b5ce7df8307f0827a42394f/configure.ac#L616,# detect POSIX or GNU variant of strerror_r,[],Autotool,0,616,616
19053,pigeoncoin/pigeoncoin,https://github.com/pigeoncoin/pigeoncoin/blob/22babfc59c939b420b5ce7df8307f0827a42394f/configure.ac#L639,"#glibc absorbed clock_gettime in 2.17. librt (its previous location) is safe to link
#in anyway for back-compat.",[],Autotool,2,639,640
19053,pigeoncoin/pigeoncoin,https://github.com/pigeoncoin/pigeoncoin/blob/22babfc59c939b420b5ce7df8307f0827a42394f/configure.ac#L643,"#__fdelt_chk's params and return type have changed from long unsigned int to long int.
# See which one is present here.",[],Autotool,2,643,644
19053,pigeoncoin/pigeoncoin,https://github.com/pigeoncoin/pigeoncoin/blob/22babfc59c939b420b5ce7df8307f0827a42394f/configure.ac#L661,"# All windows code is PIC, forcing it on just adds useless compile warnings",[],Autotool,2,661,661
19053,pigeoncoin/pigeoncoin,https://github.com/pigeoncoin/pigeoncoin/blob/22babfc59c939b420b5ce7df8307f0827a42394f/configure.ac#L694,dnl this flag screws up non-darwin gcc even when the check fails. special-case it.,[],Autotool,0,694,694
19053,pigeoncoin/pigeoncoin,https://github.com/pigeoncoin/pigeoncoin/blob/22babfc59c939b420b5ce7df8307f0827a42394f/configure.ac#L703,"# Check for daemon(3), unrelated to --with-daemon (although used by it)",[],Autotool,0,703,703
19053,pigeoncoin/pigeoncoin,https://github.com/pigeoncoin/pigeoncoin/blob/22babfc59c939b420b5ce7df8307f0827a42394f/configure.ac#L707,#if HAVE_ENDIAN_H,[],Autotool,3,707,707
19053,pigeoncoin/pigeoncoin,https://github.com/pigeoncoin/pigeoncoin/blob/22babfc59c939b420b5ce7df8307f0827a42394f/configure.ac#L708,"#include <endian.h>
#elif HAVE_SYS_ENDIAN_H
#include <sys/endian.h>
#endif])",[],Autotool,17,708,711
19053,pigeoncoin/pigeoncoin,https://github.com/pigeoncoin/pigeoncoin/blob/22babfc59c939b420b5ce7df8307f0827a42394f/configure.ac#L714,#if HAVE_BYTESWAP_H,[],Autotool,3,714,714
19053,pigeoncoin/pigeoncoin,https://github.com/pigeoncoin/pigeoncoin/blob/22babfc59c939b420b5ce7df8307f0827a42394f/configure.ac#L715,"#include <byteswap.h>
#endif])",[],Autotool,17,715,716
19053,pigeoncoin/pigeoncoin,https://github.com/pigeoncoin/pigeoncoin/blob/22babfc59c939b420b5ce7df8307f0827a42394f/configure.ac#L720,dnl Check for MSG_NOSIGNAL,[],Autotool,0,720,720
19053,pigeoncoin/pigeoncoin,https://github.com/pigeoncoin/pigeoncoin/blob/22babfc59c939b420b5ce7df8307f0827a42394f/configure.ac#L728,dnl Check for MSG_DONTWAIT,[],Autotool,0,728,728
19053,pigeoncoin/pigeoncoin,https://github.com/pigeoncoin/pigeoncoin/blob/22babfc59c939b420b5ce7df8307f0827a42394f/configure.ac#L736,dnl Check for mallopt(M_ARENA_MAX) (to set glibc arenas),[],Autotool,0,736,736
19053,pigeoncoin/pigeoncoin,https://github.com/pigeoncoin/pigeoncoin/blob/22babfc59c939b420b5ce7df8307f0827a42394f/configure.ac#L744,dnl Check for malloc_info (for memory statistics information in getmemoryinfo),[],Autotool,0,744,744
19053,pigeoncoin/pigeoncoin,https://github.com/pigeoncoin/pigeoncoin/blob/22babfc59c939b420b5ce7df8307f0827a42394f/configure.ac#L769,# Check for different ways of gathering OS randomness,[],Autotool,0,769,769
19053,pigeoncoin/pigeoncoin,https://github.com/pigeoncoin/pigeoncoin/blob/22babfc59c939b420b5ce7df8307f0827a42394f/configure.ac#L803,"# ensure backtrace() is found, check -lexecinfo if necessary",[],Autotool,0,803,803
19053,pigeoncoin/pigeoncoin,https://github.com/pigeoncoin/pigeoncoin/blob/22babfc59c939b420b5ce7df8307f0827a42394f/configure.ac#L810,# Check for reduced exports,[],Autotool,0,810,810
19053,pigeoncoin/pigeoncoin,https://github.com/pigeoncoin/pigeoncoin/blob/22babfc59c939b420b5ce7df8307f0827a42394f/configure.ac#L825,dnl Check for libdb_cxx only if wallet enabled,[],Autotool,4,825,825
19053,pigeoncoin/pigeoncoin,https://github.com/pigeoncoin/pigeoncoin/blob/22babfc59c939b420b5ce7df8307f0827a42394f/configure.ac#L829,dnl Check for libminiupnpc (optional),[],Autotool,0,829,829
19053,pigeoncoin/pigeoncoin,https://github.com/pigeoncoin/pigeoncoin/blob/22babfc59c939b420b5ce7df8307f0827a42394f/configure.ac#L840,"dnl sets $bitcoin_enable_qt, $bitcoin_enable_qt_test, $bitcoin_enable_qt_dbus",[],Autotool,0,840,840
19053,pigeoncoin/pigeoncoin,https://github.com/pigeoncoin/pigeoncoin/blob/22babfc59c939b420b5ce7df8307f0827a42394f/configure.ac#L851,dnl Minimum required Boost version,[],Autotool,0,851,851
19053,pigeoncoin/pigeoncoin,https://github.com/pigeoncoin/pigeoncoin/blob/22babfc59c939b420b5ce7df8307f0827a42394f/configure.ac#L854,dnl Check for boost libs,[],Autotool,0,854,854
19053,pigeoncoin/pigeoncoin,https://github.com/pigeoncoin/pigeoncoin/blob/22babfc59c939b420b5ce7df8307f0827a42394f/configure.ac#L862,"dnl Boost 1.56 through 1.62 allow using std::atomic instead of its own atomic
dnl counter implementations. In 1.63 and later the std::atomic approach is default.",[],Autotool,0,862,863
19053,pigeoncoin/pigeoncoin,https://github.com/pigeoncoin/pigeoncoin/blob/22babfc59c939b420b5ce7df8307f0827a42394f/configure.ac#L864,dnl otherwise it's treated like a macro,[],Autotool,43,864,864
19053,pigeoncoin/pigeoncoin,https://github.com/pigeoncoin/pigeoncoin/blob/22babfc59c939b420b5ce7df8307f0827a42394f/configure.ac#L904,dnl Determine if -DBOOST_TEST_DYN_LINK is needed,[],Autotool,2,904,904
19053,pigeoncoin/pigeoncoin,https://github.com/pigeoncoin/pigeoncoin/blob/22babfc59c939b420b5ce7df8307f0827a42394f/configure.ac#L911,"#define BOOST_TEST_DYN_LINK
#define BOOST_TEST_MAIN",[],Autotool,7,911,912
19053,pigeoncoin/pigeoncoin,https://github.com/pigeoncoin/pigeoncoin/blob/22babfc59c939b420b5ce7df8307f0827a42394f/configure.ac#L913,#include <boost/test/unit_test.hpp>,[],Autotool,8,913,913
19053,pigeoncoin/pigeoncoin,https://github.com/pigeoncoin/pigeoncoin/blob/22babfc59c939b420b5ce7df8307f0827a42394f/configure.ac#L930,"dnl If boost (prior to 1.57) was built without c++11, it emulated scoped enums
dnl using c++98 constructs. Unfortunately, this implementation detail leaked into
dnl the abi. This was fixed in 1.57.",[],Autotool,0,930,932
19053,pigeoncoin/pigeoncoin,https://github.com/pigeoncoin/pigeoncoin/blob/22babfc59c939b420b5ce7df8307f0827a42394f/configure.ac#L934,"dnl When building against that installed version using c++11, the headers pick up
dnl on the native c++11 scoped enum support and enable it, however it will fail to
dnl link. This can be worked around by disabling c++11 scoped enums if linking will
dnl fail.
dnl BOOST_NO_SCOPED_ENUMS was changed to BOOST_NO_CXX11_SCOPED_ENUMS in 1.51.",[],Autotool,0,934,938
19053,pigeoncoin/pigeoncoin,https://github.com/pigeoncoin/pigeoncoin/blob/22babfc59c939b420b5ce7df8307f0827a42394f/configure.ac#L955,#if defined(CHECK),[],Autotool,2,955,955
19053,pigeoncoin/pigeoncoin,https://github.com/pigeoncoin/pigeoncoin/blob/22babfc59c939b420b5ce7df8307f0827a42394f/configure.ac#L957,#else,[],Autotool,2,957,957
19053,pigeoncoin/pigeoncoin,https://github.com/pigeoncoin/pigeoncoin/blob/22babfc59c939b420b5ce7df8307f0827a42394f/configure.ac#L959,#endif,[],Autotool,2,959,959
19053,pigeoncoin/pigeoncoin,https://github.com/pigeoncoin/pigeoncoin/blob/22babfc59c939b420b5ce7df8307f0827a42394f/configure.ac#L978,#if BOOST_VERSION >= 105000 && (!defined(BOOST_HAS_NANOSLEEP) || BOOST_VERSION >= 105200),[],Autotool,2,978,978
19053,pigeoncoin/pigeoncoin,https://github.com/pigeoncoin/pigeoncoin/blob/22babfc59c939b420b5ce7df8307f0827a42394f/configure.ac#L980,#else,[],Autotool,2,980,980
19053,pigeoncoin/pigeoncoin,https://github.com/pigeoncoin/pigeoncoin/blob/22babfc59c939b420b5ce7df8307f0827a42394f/configure.ac#L982,#endif,[],Autotool,2,982,982
19053,pigeoncoin/pigeoncoin,https://github.com/pigeoncoin/pigeoncoin/blob/22babfc59c939b420b5ce7df8307f0827a42394f/configure.ac#L1000,#if BOOST_VERSION <= 105600,[],Autotool,2,1000,1000
19053,pigeoncoin/pigeoncoin,https://github.com/pigeoncoin/pigeoncoin/blob/22babfc59c939b420b5ce7df8307f0827a42394f/configure.ac#L1002,#else,[],Autotool,2,1002,1002
19053,pigeoncoin/pigeoncoin,https://github.com/pigeoncoin/pigeoncoin/blob/22babfc59c939b420b5ce7df8307f0827a42394f/configure.ac#L1004,#endif,[],Autotool,2,1004,1004
19053,pigeoncoin/pigeoncoin,https://github.com/pigeoncoin/pigeoncoin/blob/22babfc59c939b420b5ce7df8307f0827a42394f/configure.ac#L1019,dnl,[],Autotool,4,1019,1019
19053,pigeoncoin/pigeoncoin,https://github.com/pigeoncoin/pigeoncoin/blob/22babfc59c939b420b5ce7df8307f0827a42394f/configure.ac#L1077,dnl Assume libzmq was built for static linking,[],Autotool,4,1077,1077
19053,pigeoncoin/pigeoncoin,https://github.com/pigeoncoin/pigeoncoin/blob/22babfc59c939b420b5ce7df8307f0827a42394f/configure.ac#L1095,#include <openssl/x509_vfy.h>,[],Autotool,0,1095,1095
19053,pigeoncoin/pigeoncoin,https://github.com/pigeoncoin/pigeoncoin/blob/22babfc59c939b420b5ce7df8307f0827a42394f/configure.ac#L1099,dnl univalue check,[],Autotool,0,1099,1099
19053,pigeoncoin/pigeoncoin,https://github.com/pigeoncoin/pigeoncoin/blob/22babfc59c939b420b5ce7df8307f0827a42394f/configure.ac#L1110,#NOP,[],Autotool,6,1110,1110
19053,pigeoncoin/pigeoncoin,https://github.com/pigeoncoin/pigeoncoin/blob/22babfc59c939b420b5ce7df8307f0827a42394f/configure.ac#L1186,dnl enable wallet,[],Autotool,0,1186,1186
19053,pigeoncoin/pigeoncoin,https://github.com/pigeoncoin/pigeoncoin/blob/22babfc59c939b420b5ce7df8307f0827a42394f/configure.ac#L1196,dnl enable upnp support,[],Autotool,0,1196,1196
19053,pigeoncoin/pigeoncoin,https://github.com/pigeoncoin/pigeoncoin/blob/22babfc59c939b420b5ce7df8307f0827a42394f/configure.ac#L1223,dnl these are only used when qt is enabled,[],Autotool,0,1223,1223
19053,pigeoncoin/pigeoncoin,https://github.com/pigeoncoin/pigeoncoin/blob/22babfc59c939b420b5ce7df8307f0827a42394f/configure.ac#L1226,dnl enable dbus support,[],Autotool,2,1226,1226
19053,pigeoncoin/pigeoncoin,https://github.com/pigeoncoin/pigeoncoin/blob/22babfc59c939b420b5ce7df8307f0827a42394f/configure.ac#L1233,dnl enable qr support,[],Autotool,2,1233,1233
19053,pigeoncoin/pigeoncoin,https://github.com/pigeoncoin/pigeoncoin/blob/22babfc59c939b420b5ce7df8307f0827a42394f/configure.ac#L1281,"# When compiled natively on MacOS, we need to specify -flat to avoid producing a dSYM bundle
# When cross-compiled on linux, we're using a different version of the tool that only supports flat symbol files",[],Autotool,0,1281,1282
19053,pigeoncoin/pigeoncoin,https://github.com/pigeoncoin/pigeoncoin/blob/22babfc59c939b420b5ce7df8307f0827a42394f/configure.ac#L1373,"dnl boost's m4 checks do something really nasty: they export these vars. As a
dnl result, they leak into secp256k1's configure and crazy things happen.
dnl Until this is fixed upstream and we've synced, we'll just un-export them.",[],Autotool,0,1373,1375
19053,pigeoncoin/pigeoncoin,https://github.com/pigeoncoin/pigeoncoin/blob/22babfc59c939b420b5ce7df8307f0827a42394f/configure.ac#L1405,dnl Taken from https://wiki.debian.org/RpathIssue,[],Autotool,0,1405,1405
19053,pigeoncoin/pigeoncoin,https://github.com/pigeoncoin/pigeoncoin/blob/22babfc59c939b420b5ce7df8307f0827a42394f/configure.ac#L1416,dnl Replace the BUILDDIR path with the correct Windows path if compiling on Native Windows,[],Autotool,0,1416,1416
19053,pigeoncoin/pigeoncoin,https://github.com/pigeoncoin/pigeoncoin/blob/22babfc59c939b420b5ce7df8307f0827a42394f/src/secp256k1/configure.ac#L6,#ifndef LIBSECP256K1_CONFIG_H]),[],Autotool,8,6,6
19053,pigeoncoin/pigeoncoin,https://github.com/pigeoncoin/pigeoncoin/blob/22babfc59c939b420b5ce7df8307f0827a42394f/src/secp256k1/configure.ac#L7,#define LIBSECP256K1_CONFIG_H]),[],Autotool,8,7,7
19053,pigeoncoin/pigeoncoin,https://github.com/pigeoncoin/pigeoncoin/blob/22babfc59c939b420b5ce7df8307f0827a42394f/src/secp256k1/configure.ac#L8,#endif /*LIBSECP256K1_CONFIG_H*/]),[],Autotool,11,8,8
19053,pigeoncoin/pigeoncoin,https://github.com/pigeoncoin/pigeoncoin/blob/22babfc59c939b420b5ce7df8307f0827a42394f/src/secp256k1/configure.ac#L12,dnl make the compilation flags quiet unless V=1 is used,[],Autotool,0,12,12
19053,pigeoncoin/pigeoncoin,https://github.com/pigeoncoin/pigeoncoin/blob/22babfc59c939b420b5ce7df8307f0827a42394f/src/secp256k1/configure.ac#L39,"dnl These Homebrew packages may be keg-only, meaning that they won't be found
dnl in expected paths because they may conflict with system files. Ask
dnl Homebrew where each one is located, then adjust paths accordingly.",[],Autotool,9,39,41
19053,pigeoncoin/pigeoncoin,https://github.com/pigeoncoin/pigeoncoin/blob/22babfc59c939b420b5ce7df8307f0827a42394f/src/secp256k1/configure.ac#L55,"dnl if homebrew isn't installed and macports is, add the macports default paths
dnl as a last resort.",[],Autotool,9,55,56
19053,pigeoncoin/pigeoncoin,https://github.com/pigeoncoin/pigeoncoin/blob/22babfc59c939b420b5ce7df8307f0827a42394f/src/secp256k1/configure.ac#L308,# select assembly optimization,[],Autotool,0,308,308
19053,pigeoncoin/pigeoncoin,https://github.com/pigeoncoin/pigeoncoin/blob/22babfc59c939b420b5ce7df8307f0827a42394f/src/secp256k1/configure.ac#L325,# select field implementation,[],Autotool,0,325,325
19053,pigeoncoin/pigeoncoin,https://github.com/pigeoncoin/pigeoncoin/blob/22babfc59c939b420b5ce7df8307f0827a42394f/src/secp256k1/configure.ac#L338,# select bignum implementation,[],Autotool,0,338,338
19053,pigeoncoin/pigeoncoin,https://github.com/pigeoncoin/pigeoncoin/blob/22babfc59c939b420b5ce7df8307f0827a42394f/src/secp256k1/configure.ac#L356,#select scalar implementation,[],Autotool,0,356,356
19053,pigeoncoin/pigeoncoin,https://github.com/pigeoncoin/pigeoncoin/blob/22babfc59c939b420b5ce7df8307f0827a42394f/src/secp256k1/configure.ac#L488,dnl make sure nothing new is exported so that we don't break the cache,[],Autotool,0,488,488
19053,pigeoncoin/pigeoncoin,https://github.com/pigeoncoin/pigeoncoin/blob/22babfc59c939b420b5ce7df8307f0827a42394f/src/univalue/configure.ac#L5,"# If you need a modifier for the version number. 
# Normally empty, but can be used to make ""fixup"" releases.",[],Autotool,0,5,6
19053,pigeoncoin/pigeoncoin,https://github.com/pigeoncoin/pigeoncoin/blob/22babfc59c939b420b5ce7df8307f0827a42394f/src/univalue/configure.ac#L9,dnl libtool versioning from libunivalue,[],Autotool,0,9,9
19053,pigeoncoin/pigeoncoin,https://github.com/pigeoncoin/pigeoncoin/blob/22babfc59c939b420b5ce7df8307f0827a42394f/src/univalue/configure.ac#L20,dnl make the compilation flags quiet unless V=1 is used,[],Autotool,0,20,20
19053,pigeoncoin/pigeoncoin,https://github.com/pigeoncoin/pigeoncoin/blob/22babfc59c939b420b5ce7df8307f0827a42394f/src/univalue/configure.ac#L35,"# ABI version
# http://www.gnu.org/software/libtool/manual/html_node/Updating-version-info.html",[],Autotool,0,35,36
19053,pigeoncoin/pigeoncoin,https://github.com/pigeoncoin/pigeoncoin/blob/22babfc59c939b420b5ce7df8307f0827a42394f/CMakeLists.txt#L1,"# This CMakeLists.txt is not meant to actually work!
# It only serves as a dummy project to make CLion work properly when it comes to symbol resolution and all the nice
# features dependent on that. Building must still be done on the command line using the automake build chain
# If you load this project in CLion and would like to run/debug executables, make sure to remove the ""Build"" entry from
# the run/debug configuration as otherwise CLion will try to build this project with cmake, failing horribly.
# You'll also have to manually change the executable in the configuration to the correct path of the already built executable",[],CMake,0,1,6
