repoIndex,repoName,linkLocation,comment,keywords,buildSysteminFile,charPosition,startLine,endLine
19119,brunoherbelin/vimix,https://github.com/brunoherbelin/vimix/blob/a836796fcc648598685b6cfebdc319b73204e80a/CMakeLists.txt#L6,# use git,[],CMake,0,6,6
19119,brunoherbelin/vimix,https://github.com/brunoherbelin/vimix/blob/a836796fcc648598685b6cfebdc319b73204e80a/CMakeLists.txt#L36,# Find the cmake modules,[],CMake,0,36,36
19119,brunoherbelin/vimix,https://github.com/brunoherbelin/vimix/blob/a836796fcc648598685b6cfebdc319b73204e80a/CMakeLists.txt#L45,# the RPATH to be used when installing,[],CMake,8,45,45
19119,brunoherbelin/vimix,https://github.com/brunoherbelin/vimix/blob/a836796fcc648598685b6cfebdc319b73204e80a/CMakeLists.txt#L51,# find icu4c in OSX (pretty well hidden...),[],CMake,8,51,51
19119,brunoherbelin/vimix,https://github.com/brunoherbelin/vimix/blob/a836796fcc648598685b6cfebdc319b73204e80a/CMakeLists.txt#L57,# linux opengl,[],CMake,8,57,57
19119,brunoherbelin/vimix,https://github.com/brunoherbelin/vimix/blob/a836796fcc648598685b6cfebdc319b73204e80a/CMakeLists.txt#L60,# linux dialogs use GTK,[],CMake,8,60,60
19119,brunoherbelin/vimix,https://github.com/brunoherbelin/vimix/blob/a836796fcc648598685b6cfebdc319b73204e80a/CMakeLists.txt#L71,# static sub packages in ext,[],CMake,0,71,71
19119,brunoherbelin/vimix,https://github.com/brunoherbelin/vimix/blob/a836796fcc648598685b6cfebdc319b73204e80a/CMakeLists.txt#L74,"#####
##### Dependencies
#####",[],CMake,0,74,76
19119,brunoherbelin/vimix,https://github.com/brunoherbelin/vimix/blob/a836796fcc648598685b6cfebdc319b73204e80a/CMakeLists.txt#L78,# Basics,[],CMake,0,78,78
19119,brunoherbelin/vimix,https://github.com/brunoherbelin/vimix/blob/a836796fcc648598685b6cfebdc319b73204e80a/CMakeLists.txt#L91,"#
# GSTREAMER
#",[],CMake,0,91,93
19119,brunoherbelin/vimix,https://github.com/brunoherbelin/vimix/blob/a836796fcc648598685b6cfebdc319b73204e80a/CMakeLists.txt#L115,# Various preprocessor definitions for GST,[],CMake,0,115,115
19119,brunoherbelin/vimix,https://github.com/brunoherbelin/vimix/blob/a836796fcc648598685b6cfebdc319b73204e80a/CMakeLists.txt#L118,"#
# ICU4C
#",[],CMake,0,118,120
19119,brunoherbelin/vimix,https://github.com/brunoherbelin/vimix/blob/a836796fcc648598685b6cfebdc319b73204e80a/CMakeLists.txt#L128,"#
# GLFW3
#",[],CMake,0,128,130
19119,brunoherbelin/vimix,https://github.com/brunoherbelin/vimix/blob/a836796fcc648598685b6cfebdc319b73204e80a/CMakeLists.txt#L138,"#
# GLM
#",[],CMake,0,138,140
19119,brunoherbelin/vimix,https://github.com/brunoherbelin/vimix/blob/a836796fcc648598685b6cfebdc319b73204e80a/CMakeLists.txt#L155,"#
# TINY XML 2
#",[],CMake,0,155,157
19119,brunoherbelin/vimix,https://github.com/brunoherbelin/vimix/blob/a836796fcc648598685b6cfebdc319b73204e80a/CMakeLists.txt#L173,"#
# STB
#",[],CMake,0,173,175
19119,brunoherbelin/vimix,https://github.com/brunoherbelin/vimix/blob/a836796fcc648598685b6cfebdc319b73204e80a/CMakeLists.txt#L189,"#
# Ableton LINK
#",[],CMake,0,189,191
19119,brunoherbelin/vimix,https://github.com/brunoherbelin/vimix/blob/a836796fcc648598685b6cfebdc319b73204e80a/CMakeLists.txt#L201,"#
# FILE DIALOG: use tinyfiledialog for all except Linux
#",[],CMake,0,201,203
19119,brunoherbelin/vimix,https://github.com/brunoherbelin/vimix/blob/a836796fcc648598685b6cfebdc319b73204e80a/CMakeLists.txt#L218,"#
# DIRENT (windows only)",[],CMake,0,218,219
19119,brunoherbelin/vimix,https://github.com/brunoherbelin/vimix/blob/a836796fcc648598685b6cfebdc319b73204e80a/CMakeLists.txt#L225,"#####
##### Custom built libraries
#####",[],CMake,0,225,227
19119,brunoherbelin/vimix,https://github.com/brunoherbelin/vimix/blob/a836796fcc648598685b6cfebdc319b73204e80a/CMakeLists.txt#L229,"#
# GLAD
#",[],CMake,0,229,231
19119,brunoherbelin/vimix,https://github.com/brunoherbelin/vimix/blob/a836796fcc648598685b6cfebdc319b73204e80a/CMakeLists.txt#L236,"#
# DEAR IMGUI
#",[],CMake,0,236,238
19119,brunoherbelin/vimix,https://github.com/brunoherbelin/vimix/blob/a836796fcc648598685b6cfebdc319b73204e80a/CMakeLists.txt#L256,"#
# OSCPack
#",[],CMake,0,256,258
19119,brunoherbelin/vimix,https://github.com/brunoherbelin/vimix/blob/a836796fcc648598685b6cfebdc319b73204e80a/CMakeLists.txt#L277,"#
# ImGui Color Text Editor
#",[],CMake,0,277,279
19119,brunoherbelin/vimix,https://github.com/brunoherbelin/vimix/blob/a836796fcc648598685b6cfebdc319b73204e80a/CMakeLists.txt#L286,"##
## Fonts
##",[],CMake,0,286,288
19119,brunoherbelin/vimix,https://github.com/brunoherbelin/vimix/blob/a836796fcc648598685b6cfebdc319b73204e80a/CMakeLists.txt#L339,# All done,[],CMake,0,339,339
19119,brunoherbelin/vimix,https://github.com/brunoherbelin/vimix/blob/a836796fcc648598685b6cfebdc319b73204e80a/CMakeLists.txt#L342,"#####
##### Application
#####",[],CMake,0,342,344
19119,brunoherbelin/vimix,https://github.com/brunoherbelin/vimix/blob/a836796fcc648598685b6cfebdc319b73204e80a/CMakeLists.txt#L346,# Setup the environment,[],CMake,0,346,346
19119,brunoherbelin/vimix,https://github.com/brunoherbelin/vimix/blob/a836796fcc648598685b6cfebdc319b73204e80a/CMakeLists.txt#L609,# Include the CMake RC module,[],CMake,0,609,609
19119,brunoherbelin/vimix,https://github.com/brunoherbelin/vimix/blob/a836796fcc648598685b6cfebdc319b73204e80a/CMakeLists.txt#L614,### DEFINE THE TARGET (OS specific),[],CMake,0,614,614
19119,brunoherbelin/vimix,https://github.com/brunoherbelin/vimix/blob/a836796fcc648598685b6cfebdc319b73204e80a/CMakeLists.txt#L618,# set icon,[],CMake,4,618,618
19119,brunoherbelin/vimix,https://github.com/brunoherbelin/vimix/blob/a836796fcc648598685b6cfebdc319b73204e80a/CMakeLists.txt#L621,# set where in the bundle to put the icns file,[],CMake,4,621,621
19119,brunoherbelin/vimix,https://github.com/brunoherbelin/vimix/blob/a836796fcc648598685b6cfebdc319b73204e80a/CMakeLists.txt#L624,# create the application,[],CMake,4,624,624
19119,brunoherbelin/vimix,https://github.com/brunoherbelin/vimix/blob/a836796fcc648598685b6cfebdc319b73204e80a/CMakeLists.txt#L631,# set the Info.plist file,[],CMake,4,631,631
19119,brunoherbelin/vimix,https://github.com/brunoherbelin/vimix/blob/a836796fcc648598685b6cfebdc319b73204e80a/CMakeLists.txt#L655,### COMPILE THE TARGET (all OS),[],CMake,0,655,655
19119,brunoherbelin/vimix,https://github.com/brunoherbelin/vimix/blob/a836796fcc648598685b6cfebdc319b73204e80a/CMakeLists.txt#L688,### DEFINE THE PACKAGING (all OS),[],CMake,0,688,688
19119,brunoherbelin/vimix,https://github.com/brunoherbelin/vimix/blob/a836796fcc648598685b6cfebdc319b73204e80a/CMakeLists.txt#L707,# optimize size ?,[],CMake,0,707,707
19119,brunoherbelin/vimix,https://github.com/brunoherbelin/vimix/blob/a836796fcc648598685b6cfebdc319b73204e80a/CMakeLists.txt#L710,### DEFINE THE PACKAGING (OS specific),[],CMake,0,710,710
19119,brunoherbelin/vimix,https://github.com/brunoherbelin/vimix/blob/a836796fcc648598685b6cfebdc319b73204e80a/CMakeLists.txt#L714,# Bundle target,[],CMake,4,714,714
19119,brunoherbelin/vimix,https://github.com/brunoherbelin/vimix/blob/a836796fcc648598685b6cfebdc319b73204e80a/CMakeLists.txt#L718,# OSX cpack info,[],CMake,4,718,718
19119,brunoherbelin/vimix,https://github.com/brunoherbelin/vimix/blob/a836796fcc648598685b6cfebdc319b73204e80a/CMakeLists.txt#L727,# create GST plugins directory in Bundle Resources subfolder,[],CMake,4,727,727
19119,brunoherbelin/vimix,https://github.com/brunoherbelin/vimix/blob/a836796fcc648598685b6cfebdc319b73204e80a/CMakeLists.txt#L742,# intall the gst-plugin-scanner program (used by plugins at load time),[],CMake,4,742,742
19119,brunoherbelin/vimix,https://github.com/brunoherbelin/vimix/blob/a836796fcc648598685b6cfebdc319b73204e80a/CMakeLists.txt#L751,# Install the gst-plugins (all those installed with brew ),[],CMake,4,751,751
19119,brunoherbelin/vimix,https://github.com/brunoherbelin/vimix/blob/a836796fcc648598685b6cfebdc319b73204e80a/CMakeLists.txt#L760,# install locally recompiled & installed gst-plugins (because not included in brew package),[],CMake,4,760,760
19119,brunoherbelin/vimix,https://github.com/brunoherbelin/vimix/blob/a836796fcc648598685b6cfebdc319b73204e80a/CMakeLists.txt#L766,# install frei0r plugins (dependencies of gstreamer-1.0/libgstfrei0r.dylib plugin),[],CMake,4,766,766
19119,brunoherbelin/vimix,https://github.com/brunoherbelin/vimix/blob/a836796fcc648598685b6cfebdc319b73204e80a/CMakeLists.txt#L772,# ICU DATA LIB GST dependency : undocumented and hacked here : seems to work,[],CMake,4,772,772
19119,brunoherbelin/vimix,https://github.com/brunoherbelin/vimix/blob/a836796fcc648598685b6cfebdc319b73204e80a/CMakeLists.txt#L773,"#    install(FILES ""${ICU_LINK_LIBRARIES}"" DESTINATION ""${plugin_dest_dir}/gstreamer-1.0"" COMPONENT Runtime)",[],CMake,0,773,773
19119,brunoherbelin/vimix,https://github.com/brunoherbelin/vimix/blob/a836796fcc648598685b6cfebdc319b73204e80a/CMakeLists.txt#L777,# package runtime fixup bundle,[],CMake,4,777,777
19119,brunoherbelin/vimix,https://github.com/brunoherbelin/vimix/blob/a836796fcc648598685b6cfebdc319b73204e80a/CMakeLists.txt#L806,"#    # package runtime fixup bundle and codesign
#    set(BUNDLE_NAME ""vimix.app"")
#    set(BUNDLE_LIBS_DIR ""${plugin_dest_dir}/gstreamer-1.0"")
#    set(BUNDLE_DIRS ""${ICU_LIBRARY_DIRS}"")
#    set(APPLE_CODESIGN_ENTITLEMENTS ""${CMAKE_CURRENT_SOURCE_DIR}/osx/entitlements.plist"")",[],CMake,0,806,810
19119,brunoherbelin/vimix,https://github.com/brunoherbelin/vimix/blob/a836796fcc648598685b6cfebdc319b73204e80a/CMakeLists.txt#L812,"#    configure_file(cmake/modules/BundleInstall.cmake.in ""${CMAKE_CURRENT_BINARY_DIR}/BundleInstall.cmake"" @ONLY)
#    install(SCRIPT ""${CMAKE_CURRENT_BINARY_DIR}/BundleInstall.cmake"" COMPONENT Runtime)",[],CMake,0,812,813
19119,brunoherbelin/vimix,https://github.com/brunoherbelin/vimix/blob/a836796fcc648598685b6cfebdc319b73204e80a/CMakeLists.txt#L824,# Package full name,[],CMake,0,824,824
19119,brunoherbelin/vimix,https://github.com/brunoherbelin/vimix/blob/a836796fcc648598685b6cfebdc319b73204e80a/CMakeLists.txt#L827,"# To Create a package, run ""cpack""",[],CMake,0,827,827
19119,brunoherbelin/vimix,https://github.com/brunoherbelin/vimix/blob/a836796fcc648598685b6cfebdc319b73204e80a/cmake/modules/CMakeRC.cmake#L1,"# This block is executed when generating an intermediate resource file, not when
# running in CMake configure mode",[],CMake,0,1,2
19119,brunoherbelin/vimix,https://github.com/brunoherbelin/vimix/blob/a836796fcc648598685b6cfebdc319b73204e80a/cmake/modules/CMakeRC.cmake#L4,# Read in the digits,[],CMake,4,4,4
19119,brunoherbelin/vimix,https://github.com/brunoherbelin/vimix/blob/a836796fcc648598685b6cfebdc319b73204e80a/cmake/modules/CMakeRC.cmake#L6,"# Format each pair into a character literal. Heuristics seem to favor doing
# the conversion in groups of five for fastest conversion",[],CMake,4,6,7
19119,brunoherbelin/vimix,https://github.com/brunoherbelin/vimix/blob/a836796fcc648598685b6cfebdc319b73204e80a/cmake/modules/CMakeRC.cmake#L9,"# Since we did this in groups, we have some leftovers to clean up",[],CMake,4,9,9
19119,brunoherbelin/vimix,https://github.com/brunoherbelin/vimix/blob/a836796fcc648598685b6cfebdc319b73204e80a/cmake/modules/CMakeRC.cmake#L12,# <-- '5' is the grouping count from above,[],CMake,42,12,12
19119,brunoherbelin/vimix,https://github.com/brunoherbelin/vimix/blob/a836796fcc648598685b6cfebdc319b73204e80a/cmake/modules/CMakeRC.cmake#L31,# Exit from the script. Nothing else needs to be processed,[],CMake,4,31,31
19119,brunoherbelin/vimix,https://github.com/brunoherbelin/vimix/blob/a836796fcc648598685b6cfebdc319b73204e80a/cmake/modules/CMakeRC.cmake#L44,# CMakeRC has already been included! Don't do anything,[],CMake,4,44,44
19119,brunoherbelin/vimix,https://github.com/brunoherbelin/vimix/blob/a836796fcc648598685b6cfebdc319b73204e80a/cmake/modules/CMakeRC.cmake#L64,# Let's generate the primary include file,[],CMake,0,64,64
19119,brunoherbelin/vimix,https://github.com/brunoherbelin/vimix/blob/a836796fcc648598685b6cfebdc319b73204e80a/cmake/modules/CMakeRC.cmake#L391,# Signal a basic C++11 feature to require C++11.,[],CMake,0,391,391
19119,brunoherbelin/vimix,https://github.com/brunoherbelin/vimix/blob/a836796fcc648598685b6cfebdc319b73204e80a/cmake/modules/CMakeRC.cmake#L399,# Generate the identifier for the resource library's namespace,[],CMake,4,399,399
19119,brunoherbelin/vimix,https://github.com/brunoherbelin/vimix/blob/a836796fcc648598685b6cfebdc319b73204e80a/cmake/modules/CMakeRC.cmake#L402,# Check that the library name is also a valid namespace,[],CMake,8,402,402
19119,brunoherbelin/vimix,https://github.com/brunoherbelin/vimix/blob/a836796fcc648598685b6cfebdc319b73204e80a/cmake/modules/CMakeRC.cmake#L413,# Generate a library with the compiled in character arrays.,[],CMake,4,413,413
19119,brunoherbelin/vimix,https://github.com/brunoherbelin/vimix/blob/a836796fcc648598685b6cfebdc319b73204e80a/cmake/modules/CMakeRC.cmake#L468,"# Generate the actual static library. Each source file is just a single file
# with a character array compiled in containing the contents of the
# corresponding resource file.",[],CMake,4,468,470
19119,brunoherbelin/vimix,https://github.com/brunoherbelin/vimix/blob/a836796fcc648598685b6cfebdc319b73204e80a/cmake/modules/CMakeRC.cmake#L486,# Skip this dir if we have already registered it,[],CMake,4,486,486
19119,brunoherbelin/vimix,https://github.com/brunoherbelin/vimix/blob/a836796fcc648598685b6cfebdc319b73204e80a/cmake/modules/CMakeRC.cmake#L491,# Register the parent directory first,[],CMake,4,491,491
19119,brunoherbelin/vimix,https://github.com/brunoherbelin/vimix/blob/a836796fcc648598685b6cfebdc319b73204e80a/cmake/modules/CMakeRC.cmake#L496,# Now generate the registration,[],CMake,4,496,496
19119,brunoherbelin/vimix,https://github.com/brunoherbelin/vimix/blob/a836796fcc648598685b6cfebdc319b73204e80a/cmake/modules/CMakeRC.cmake#L531,# Generate the identifier for the resource library's namespace,[],CMake,4,531,531
19119,brunoherbelin/vimix,https://github.com/brunoherbelin/vimix/blob/a836796fcc648598685b6cfebdc319b73204e80a/cmake/modules/CMakeRC.cmake#L545,"# Generate a filename based on the input filename that we can put in
# the intermediate directory.",[],CMake,8,545,546
19119,brunoherbelin/vimix,https://github.com/brunoherbelin/vimix/blob/a836796fcc648598685b6cfebdc319b73204e80a/cmake/modules/CMakeRC.cmake#L549,# For now we just error on files that exist outside of the soure dir.,[],CMake,12,549,549
19119,brunoherbelin/vimix,https://github.com/brunoherbelin/vimix/blob/a836796fcc648598685b6cfebdc319b73204e80a/cmake/modules/CMakeRC.cmake#L562,# Generate a symbol name relpath the file's character array,[],CMake,8,562,562
19119,brunoherbelin/vimix,https://github.com/brunoherbelin/vimix/blob/a836796fcc648598685b6cfebdc319b73204e80a/cmake/modules/CMakeRC.cmake#L564,# Get the symbol name for the parent directory,[],CMake,8,564,564
19119,brunoherbelin/vimix,https://github.com/brunoherbelin/vimix/blob/a836796fcc648598685b6cfebdc319b73204e80a/cmake/modules/CMakeRC.cmake#L570,# Generate the rule for the intermediate source file,[],CMake,8,570,570
19119,brunoherbelin/vimix,https://github.com/brunoherbelin/vimix/blob/a836796fcc648598685b6cfebdc319b73204e80a/cmake/modules/CMakeRC.cmake#L596,# This is the file we will generate,[],CMake,8,596,596
19119,brunoherbelin/vimix,https://github.com/brunoherbelin/vimix/blob/a836796fcc648598685b6cfebdc319b73204e80a/cmake/modules/CMakeRC.cmake#L598,# These are the primary files that affect the output,[],CMake,8,598,598
19119,brunoherbelin/vimix,https://github.com/brunoherbelin/vimix/blob/a836796fcc648598685b6cfebdc319b73204e80a/cmake/modules/FindGLIB2.cmake#L1,"# - Try to find the GLIB2 libraries
# Once done this will define
#
#  GLIB2_FOUND - system has glib2
#  GLIB2_INCLUDE_DIR - the glib2 include directory
#  GLIB2_LIBRARIES - glib2 library",[],CMake,0,1,6
19119,brunoherbelin/vimix,https://github.com/brunoherbelin/vimix/blob/a836796fcc648598685b6cfebdc319b73204e80a/cmake/modules/FindGLIB2.cmake#L8,"# Copyright (c) 2008 Laurent Montel, <montel@kde.org>
#
# Redistribution and use is allowed according to the terms of the BSD license.
# For details see the accompanying COPYING-CMAKE-SCRIPTS file.",[],CMake,0,8,11
19119,brunoherbelin/vimix,https://github.com/brunoherbelin/vimix/blob/a836796fcc648598685b6cfebdc319b73204e80a/cmake/modules/FindGLIB2.cmake#L15,"# Already in cache, be silent",[],CMake,4,15,15
19119,brunoherbelin/vimix,https://github.com/brunoherbelin/vimix/blob/a836796fcc648598685b6cfebdc319b73204e80a/cmake/modules/FindGLIB2.cmake#L28,# search the glibconfig.h include dir under the same root where the library is found,[],CMake,0,28,28
19119,brunoherbelin/vimix,https://github.com/brunoherbelin/vimix/blob/a836796fcc648598685b6cfebdc319b73204e80a/cmake/modules/FindGLIB2.cmake#L39,"# not sure if this include dir is optional or required
# for now it is optional",[],CMake,0,39,40
19119,brunoherbelin/vimix,https://github.com/brunoherbelin/vimix/blob/a836796fcc648598685b6cfebdc319b73204e80a/cmake/modules/FindGObject.cmake#L1,"# - Try to find GObject
# Once done this will define
#
#  GOBJECT_FOUND - system has GObject
#  GOBJECT_INCLUDE_DIR - the GObject include directory
#  GOBJECT_LIBRARIES - the libraries needed to use GObject
#  GOBJECT_DEFINITIONS - Compiler switches required for using GObject",[],CMake,0,1,7
19119,brunoherbelin/vimix,https://github.com/brunoherbelin/vimix/blob/a836796fcc648598685b6cfebdc319b73204e80a/cmake/modules/FindGObject.cmake#L9,"# Copyright (c) 2006, Tim Beaulen <tbscope@gmail.com>
# Copyright (c) 2008 Helio Chissini de Castro, <helio@kde.org>
#
# Redistribution and use is allowed according to the terms of the BSD license.
# For details see the accompanying COPYING-CMAKE-SCRIPTS file.",[],CMake,0,9,13
19119,brunoherbelin/vimix,https://github.com/brunoherbelin/vimix/blob/a836796fcc648598685b6cfebdc319b73204e80a/cmake/modules/FindGObject.cmake#L17,# in cache already,[],CMake,3,17,17
19119,brunoherbelin/vimix,https://github.com/brunoherbelin/vimix/blob/a836796fcc648598685b6cfebdc319b73204e80a/cmake/modules/FindGObject.cmake#L25,"# use pkg-config to get the directories and then use these values
# in the FIND_PATH() and FIND_LIBRARY() calls",[],CMake,3,25,26
19119,brunoherbelin/vimix,https://github.com/brunoherbelin/vimix/blob/a836796fcc648598685b6cfebdc319b73204e80a/cmake/modules/FindGStreamer.cmake#L1,"# - Try to find GStreamer
# Once done this will define
#
#  GSTREAMER_FOUND - system has GStreamer
#  GSTREAMER_INCLUDE_DIR - the GStreamer include directory
#  GSTREAMER_LIBRARY - the main GStreamer library
#  GSTREAMER_PLUGIN_DIR - the GStreamer plugin directory
#
#  And for all the plugin libraries specified in the COMPONENTS
#  of find_package, this module will define:
#
#  GSTREAMER_<plugin_lib>_LIBRARY_FOUND - system has <plugin_lib>
#  GSTREAMER_<plugin_lib>_LIBRARY - the <plugin_lib> library
#  GSTREAMER_<plugin_lib>_INCLUDE_DIR - the <plugin_lib> include directory
#
# Copyright (c) 2010, Collabora Ltd.
#   @author George Kiagiadakis <george.kiagiadakis@collabora.co.uk>
#
# Redistribution and use is allowed according to the terms of the BSD license.
# For details see the accompanying COPYING-CMAKE-SCRIPTS file.",[],CMake,0,1,20
19119,brunoherbelin/vimix,https://github.com/brunoherbelin/vimix/blob/a836796fcc648598685b6cfebdc319b73204e80a/cmake/modules/FindGStreamer.cmake#L31,# Find the main library,[],CMake,0,31,31
19119,brunoherbelin/vimix,https://github.com/brunoherbelin/vimix/blob/a836796fcc648598685b6cfebdc319b73204e80a/cmake/modules/FindGStreamer.cmake#L63,# Find additional libraries,[],CMake,0,63,63
19119,brunoherbelin/vimix,https://github.com/brunoherbelin/vimix/blob/a836796fcc648598685b6cfebdc319b73204e80a/cmake/modules/FindGStreamer.cmake#L87,# Version check,[],CMake,0,87,87
19119,brunoherbelin/vimix,https://github.com/brunoherbelin/vimix/blob/a836796fcc648598685b6cfebdc319b73204e80a/cmake/modules/FindGStreamer.cmake#L120,# We didn't find gstreamer at all,[],CMake,8,120,120
19119,brunoherbelin/vimix,https://github.com/brunoherbelin/vimix/blob/a836796fcc648598685b6cfebdc319b73204e80a/cmake/modules/FindGStreamer.cmake#L124,"# No version constrain was specified, thus we consider the version compatible",[],CMake,4,124,124
19119,brunoherbelin/vimix,https://github.com/brunoherbelin/vimix/blob/a836796fcc648598685b6cfebdc319b73204e80a/cmake/modules/FindGStreamerPluginsBad.cmake#L1,"# - Try to find gst-plugins-base
# Once done this will define
#
#  GSTREAMER_PLUGINS_BASE_FOUND - system has gst-plugins-base
#
#  And for all the plugin libraries specified in the COMPONENTS
#  of find_package, this module will define:
#
#  GSTREAMER_<plugin_lib>_LIBRARY_FOUND - system has <plugin_lib>
#  GSTREAMER_<plugin_lib>_LIBRARY - the <plugin_lib> library
#  GSTREAMER_<plugin_lib>_INCLUDE_DIR - the <plugin_lib> include directory
#
# Copyright (c) 2010, Collabora Ltd.
#   @author George Kiagiadakis <george.kiagiadakis@collabora.co.uk>
#
# Redistribution and use is allowed according to the terms of the BSD license.
# For details see the accompanying COPYING-CMAKE-SCRIPTS file.",[],CMake,0,1,17
19119,brunoherbelin/vimix,https://github.com/brunoherbelin/vimix/blob/a836796fcc648598685b6cfebdc319b73204e80a/cmake/modules/FindGStreamerPluginsBad.cmake#L22,# Find the pkg-config file for doing the version check,[],CMake,0,22,22
19119,brunoherbelin/vimix,https://github.com/brunoherbelin/vimix/blob/a836796fcc648598685b6cfebdc319b73204e80a/cmake/modules/FindGStreamerPluginsBad.cmake#L30,# Find the plugin libraries,[],CMake,0,30,30
19119,brunoherbelin/vimix,https://github.com/brunoherbelin/vimix/blob/a836796fcc648598685b6cfebdc319b73204e80a/cmake/modules/FindGStreamerPluginsBad.cmake#L54,# Version check,[],CMake,0,54,54
19119,brunoherbelin/vimix,https://github.com/brunoherbelin/vimix/blob/a836796fcc648598685b6cfebdc319b73204e80a/cmake/modules/FindGStreamerPluginsBad.cmake#L64,"# We can't make any version checks without pkg-config, just assume version is compatible and hope...",[],CMake,8,64,64
19119,brunoherbelin/vimix,https://github.com/brunoherbelin/vimix/blob/a836796fcc648598685b6cfebdc319b73204e80a/cmake/modules/FindGStreamerPluginsBad.cmake#L68,"# No version constrain was specified, thus we consider the version compatible",[],CMake,4,68,68
19119,brunoherbelin/vimix,https://github.com/brunoherbelin/vimix/blob/a836796fcc648598685b6cfebdc319b73204e80a/cmake/modules/FindGStreamerPluginsBase.cmake#L1,"# - Try to find gst-plugins-base
# Once done this will define
#
#  GSTREAMER_PLUGINS_BASE_FOUND - system has gst-plugins-base
#
#  And for all the plugin libraries specified in the COMPONENTS
#  of find_package, this module will define:
#
#  GSTREAMER_<plugin_lib>_LIBRARY_FOUND - system has <plugin_lib>
#  GSTREAMER_<plugin_lib>_LIBRARY - the <plugin_lib> library
#  GSTREAMER_<plugin_lib>_INCLUDE_DIR - the <plugin_lib> include directory
#
# Copyright (c) 2010, Collabora Ltd.
#   @author George Kiagiadakis <george.kiagiadakis@collabora.co.uk>
#
# Redistribution and use is allowed according to the terms of the BSD license.
# For details see the accompanying COPYING-CMAKE-SCRIPTS file.",[],CMake,0,1,17
19119,brunoherbelin/vimix,https://github.com/brunoherbelin/vimix/blob/a836796fcc648598685b6cfebdc319b73204e80a/cmake/modules/FindGStreamerPluginsBase.cmake#L22,# Find the pkg-config file for doing the version check,[],CMake,0,22,22
19119,brunoherbelin/vimix,https://github.com/brunoherbelin/vimix/blob/a836796fcc648598685b6cfebdc319b73204e80a/cmake/modules/FindGStreamerPluginsBase.cmake#L30,# Find the plugin libraries,[],CMake,0,30,30
19119,brunoherbelin/vimix,https://github.com/brunoherbelin/vimix/blob/a836796fcc648598685b6cfebdc319b73204e80a/cmake/modules/FindGStreamerPluginsBase.cmake#L70,# Version check,[],CMake,0,70,70
19119,brunoherbelin/vimix,https://github.com/brunoherbelin/vimix/blob/a836796fcc648598685b6cfebdc319b73204e80a/cmake/modules/FindGStreamerPluginsBase.cmake#L80,"# We can't make any version checks without pkg-config, just assume version is compatible and hope...",[],CMake,8,80,80
19119,brunoherbelin/vimix,https://github.com/brunoherbelin/vimix/blob/a836796fcc648598685b6cfebdc319b73204e80a/cmake/modules/FindGStreamerPluginsBase.cmake#L84,"# No version constrain was specified, thus we consider the version compatible",[],CMake,4,84,84
19119,brunoherbelin/vimix,https://github.com/brunoherbelin/vimix/blob/a836796fcc648598685b6cfebdc319b73204e80a/cmake/modules/FindGTK.cmake#L1,"# - Try to find GTK+ 3.x or 4.x
#
# Copyright (C) 2012 Raphael Kubo da Costa <rakuco@webkit.org>
# Copyright (C) 2013, 2015, 2020 Igalia S.L.
#
# Redistribution and use in source and binary forms, with or without
# modification, are permitted provided that the following conditions
# are met:
# 1.  Redistributions of source code must retain the above copyright
#     notice, this list of conditions and the following disclaimer.
# 2.  Redistributions in binary form must reproduce the above copyright
#     notice, this list of conditions and the following disclaimer in the
#     documentation and/or other materials provided with the distribution.
#
# THIS SOFTWARE IS PROVIDED BY THE COPYRIGHT HOLDER AND ITS CONTRIBUTORS ``AS
# IS'' AND ANY EXPRESS OR IMPLIED WARRANTIES, INCLUDING, BUT NOT LIMITED TO,
# THE IMPLIED WARRANTIES OF MERCHANTABILITY AND FITNESS FOR A PARTICULAR
# PURPOSE ARE DISCLAIMED. IN NO EVENT SHALL THE COPYRIGHT HOLDER OR ITS
# CONTRIBUTORS BE LIABLE FOR ANY DIRECT, INDIRECT, INCIDENTAL, SPECIAL,
# EXEMPLARY, OR CONSEQUENTIAL DAMAGES (INCLUDING, BUT NOT LIMITED TO,
# PROCUREMENT OF SUBSTITUTE GOODS OR SERVICES; LOSS OF USE, DATA, OR PROFITS;
# OR BUSINESS INTERRUPTION) HOWEVER CAUSED AND ON ANY THEORY OF LIABILITY,
# WHETHER IN CONTRACT, STRICT LIABILITY, OR TORT (INCLUDING NEGLIGENCE OR
# OTHERWISE) ARISING IN ANY WAY OUT OF THE USE OF THIS SOFTWARE, EVEN IF
# ADVISED OF THE POSSIBILITY OF SUCH DAMAGE.",[],CMake,0,1,25
19119,brunoherbelin/vimix,https://github.com/brunoherbelin/vimix/blob/a836796fcc648598685b6cfebdc319b73204e80a/cmake/modules/FindGTK.cmake#L27,"#[=======================================================================[.rst:
FindGTK
-------

Find GTK headers and libraries.

Optional Components
^^^^^^^^^^^^^^^^^^^

The ``COMPONENTS`` (or ``OPTIONAL_COMPONENTS``) keyword can be passed to
``find_package()``, the following GTK components can be searched for:

- ``unix-print``


Imported Targets
^^^^^^^^^^^^^^^^

``GTK::GTK``
  The GTK library, if found.
``GTK::UnixPrint``
  The GTK unix-print library, if found.

Result Variables
^^^^^^^^^^^^^^^^

This will define the following variables in your project:

``GTK_FOUND``
  true if (the requested version of) GTK is available.
``GTK_UNIX_PRINT_FOUND``
  true if the ``unix-print`` component is available.
``GTK_4``
  whether GTK 4 was detected
``GTK_3``
  whether GTK 3 was detected
``GTK_VERSION``
  the version of GTK.
``GTK_SUPPORTS_BROADWAY``
  true if the Broadway target is built into GTK.
``GTK_SUPPORTS_QUARTZ``
  true if the Quartz target is built into GTK.
``GTK_SUPPORTS_WAYLAND``
  true if the Wayland target is built into GTK.
``GTK_SUPPORTS_WIN32``
  true if the Windows target is built into GTK.
``GTK_SUPPORTS_X11``
  true if the X11 target is built into GTK.

#]=======================================================================]",[],CMake,0,27,76
19119,brunoherbelin/vimix,https://github.com/brunoherbelin/vimix/blob/a836796fcc648598685b6cfebdc319b73204e80a/cmake/modules/FindGTK.cmake#L107,# Set all the GTK_SUPPORTS_<target> variables to FALSE initially.,[],CMake,0,107,107
19119,brunoherbelin/vimix,https://github.com/brunoherbelin/vimix/blob/a836796fcc648598685b6cfebdc319b73204e80a/cmake/modules/FindGTK.cmake#L114,"# Fetch the ""targets"" variable and set GTK_SUPPORTS_<target>.",[],CMake,4,114,114
19119,brunoherbelin/vimix,https://github.com/brunoherbelin/vimix/blob/a836796fcc648598685b6cfebdc319b73204e80a/cmake/modules/FindGTK.cmake#L130,# Try to find additional components,[],CMake,0,130,130
19119,brunoherbelin/vimix,https://github.com/brunoherbelin/vimix/blob/a836796fcc648598685b6cfebdc319b73204e80a/cmake/modules/MacroFindGStreamerLibrary.cmake#L1,"# - macro find_gstreamer_library
#
# Copyright (c) 2010, Collabora Ltd.
#   @author George Kiagiadakis <george.kiagiadakis@collabora.co.uk>
#
# Redistribution and use is allowed according to the terms of the BSD license.
# For details see the accompanying COPYING-CMAKE-SCRIPTS file.",[],CMake,0,1,7
19119,brunoherbelin/vimix,https://github.com/brunoherbelin/vimix/blob/a836796fcc648598685b6cfebdc319b73204e80a/cmake/modules/MacroLogFeature.cmake#L1,"# This file defines the Feature Logging macros.
#
# MACRO_LOG_FEATURE(VAR FEATURE DESCRIPTION URL [REQUIRED [MIN_VERSION [COMMENTS]]])
#   Logs the information so that it can be displayed at the end
#   of the configure run
#   VAR : TRUE or FALSE, indicating whether the feature is supported
#   FEATURE: name of the feature, e.g. ""libjpeg""
#   DESCRIPTION: description what this feature provides
#   URL: home page
#   REQUIRED: TRUE or FALSE, indicating whether the featue is required
#   MIN_VERSION: minimum version number. empty string if unneeded
#   COMMENTS: More info you may want to provide.  empty string if unnecessary
#
# MACRO_DISPLAY_FEATURE_LOG()
#   Call this to display the collected results.
#   Exits CMake with a FATAL error message if a required feature is missing
#
# Example:
#
# INCLUDE(MacroLogFeature)
#
# FIND_PACKAGE(JPEG)
# MACRO_LOG_FEATURE(JPEG_FOUND ""libjpeg"" ""Support JPEG images"" ""http://www.ijg.org"" TRUE ""3.2a"" """")
# ...
# MACRO_DISPLAY_FEATURE_LOG()",[],CMake,0,1,25
19119,brunoherbelin/vimix,https://github.com/brunoherbelin/vimix/blob/a836796fcc648598685b6cfebdc319b73204e80a/cmake/modules/MacroLogFeature.cmake#L27,"# Copyright (c) 2006, Alexander Neundorf, <neundorf@kde.org>
# Copyright (c) 2006, Allen Winter, <winter@kde.org>
# Copyright (c) 2009, Sebastian Trueg, <trueg@kde.org>
#
# Redistribution and use is allowed according to the terms of the BSD license.
# For details see the accompanying COPYING-CMAKE-SCRIPTS file.",[],CMake,0,27,32
19119,brunoherbelin/vimix,https://github.com/brunoherbelin/vimix/blob/a836796fcc648598685b6cfebdc319b73204e80a/cmake/modules/MacroLogFeature.cmake#L54,# _required _minvers _comments),[],CMake,58,54,54
19119,brunoherbelin/vimix,https://github.com/brunoherbelin/vimix/blob/a836796fcc648598685b6cfebdc319b73204e80a/cmake/modules/MacroLogFeature.cmake#L87,"#      SET(_logtext ""${_logtext}\n"") #double-space missing features?",[],CMake,0,87,87
