repoIndex,repoName,linkLocation,comment,keywords,buildSysteminFile,charPosition,startLine,endLine
19332,marlam/bino-mirror,https://github.com/marlam/bino-mirror/blob/99a9fe61134ba9ca379d2bddb52e8322cad769e5/Makefile.am#L1,"# Copyright (C) 2010-2011
# Martin Lambers <marlam@marlam.de>
# Frédéric Devernay <Frederic.Devernay@inrialpes.fr>
#
# Copying and distribution of this file, with or without modification, are
# permitted in any medium without royalty provided the copyright notice and this
# notice are preserved. This file is offered as-is, without any warranty.",[],Autotool,0,1,7
19332,marlam/bino-mirror,https://github.com/marlam/bino-mirror/blob/99a9fe61134ba9ca379d2bddb52e8322cad769e5/Makefile.am#L13,# Create the ChangeLog file from the git log,[],Autotool,0,13,13
19332,marlam/bino-mirror,https://github.com/marlam/bino-mirror/blob/99a9fe61134ba9ca379d2bddb52e8322cad769e5/Makefile.am#L19,"# This works with GNU tar and gives cleaner package than normal 'make dist'.
# (Taken from xz-4.999.9beta/Makefile.am)",[],Autotool,0,19,20
19332,marlam/bino-mirror,https://github.com/marlam/bino-mirror/blob/99a9fe61134ba9ca379d2bddb52e8322cad769e5/Makefile.am#L25,# Make a W32 installer using NSIS,[],Autotool,0,25,25
19332,marlam/bino-mirror,https://github.com/marlam/bino-mirror/blob/99a9fe61134ba9ca379d2bddb52e8322cad769e5/Makefile.am#L42,# Make a package for Mac OS X,[],Autotool,0,42,42
19332,marlam/bino-mirror,https://github.com/marlam/bino-mirror/blob/99a9fe61134ba9ca379d2bddb52e8322cad769e5/doc/Makefile.am#L1,"# Copyright (C) 2010, 2011, 2012
# Martin Lambers <marlam@marlam.de>
#
# Copying and distribution of this file, with or without modification, are
# permitted in any medium without royalty provided the copyright notice and this
# notice are preserved. This file is offered as-is, without any warranty.",[],Autotool,0,1,6
19332,marlam/bino-mirror,https://github.com/marlam/bino-mirror/blob/99a9fe61134ba9ca379d2bddb52e8322cad769e5/src/Makefile.am#L1,"# Copyright (C) 2010, 2011, 2012
# Martin Lambers <marlam@marlam.de>
#
# Copying and distribution of this file, with or without modification, are
# permitted in any medium without royalty provided the copyright notice and this
# notice are preserved. This file is offered as-is, without any warranty.",[],Autotool,0,1,6
19332,marlam/bino-mirror,https://github.com/marlam/bino-mirror/blob/99a9fe61134ba9ca379d2bddb52e8322cad769e5/src/base/Makefile.am#L1,"# Copyright (C) 2010, 2011, 2015
# Martin Lambers <marlam@marlam.de>
#
# Copying and distribution of this file, with or without modification, are
# permitted in any medium without royalty provided the copyright notice and this
# notice are preserved. This file is offered as-is, without any warranty.",[],Autotool,0,1,6
19332,marlam/bino-mirror,https://github.com/marlam/bino-mirror/blob/99a9fe61134ba9ca379d2bddb52e8322cad769e5/configure.ac#L1,dnl Process this file with autoconf to produce a configure script.,[],Autotool,0,1,1
19332,marlam/bino-mirror,https://github.com/marlam/bino-mirror/blob/99a9fe61134ba9ca379d2bddb52e8322cad769e5/configure.ac#L3,"dnl configure.ac
dnl
dnl This file is part of bino, a 3D video player.
dnl
dnl Copyright (C) 2010, 2011, 2012, 2013, 2014, 2015, 2016, 2018
dnl Martin Lambers <marlam@marlam.de>
dnl Frédéric Devernay <Frederic.Devernay@inrialpes.fr>
dnl Binocle <http://binocle.com> (author: Olivier Letz <oletz@binocle.com>)
dnl
dnl This program is free software; you can redistribute it and/or modify
dnl it under the terms of the GNU General Public License as published by
dnl the Free Software Foundation; either version 3 of the License, or
dnl (at your option) any later version.
dnl
dnl This program is distributed in the hope that it will be useful,
dnl but WITHOUT ANY WARRANTY; without even the implied warranty of
dnl MERCHANTABILITY or FITNESS FOR A PARTICULAR PURPOSE.  See the
dnl GNU General Public License for more details.
dnl
dnl You should have received a copy of the GNU General Public License
dnl along with this program.  If not, see <http://www.gnu.org/licenses/>.",[],Autotool,0,3,23
19332,marlam/bino-mirror,https://github.com/marlam/bino-mirror/blob/99a9fe61134ba9ca379d2bddb52e8322cad769e5/configure.ac#L25,dnl Autotools init stuff,[],Autotool,0,25,25
19332,marlam/bino-mirror,https://github.com/marlam/bino-mirror/blob/99a9fe61134ba9ca379d2bddb52e8322cad769e5/configure.ac#L45,dnl Check if the C++ compiler works. Autoconf will not do that for us!?,[],Autotool,0,45,45
19332,marlam/bino-mirror,https://github.com/marlam/bino-mirror/blob/99a9fe61134ba9ca379d2bddb52e8322cad769e5/configure.ac#L55,dnl Useful definitions,[],Autotool,0,55,55
19332,marlam/bino-mirror,https://github.com/marlam/bino-mirror/blob/99a9fe61134ba9ca379d2bddb52e8322cad769e5/configure.ac#L58,dnl Special handling of W32,[],Autotool,0,58,58
19332,marlam/bino-mirror,https://github.com/marlam/bino-mirror/blob/99a9fe61134ba9ca379d2bddb52e8322cad769e5/configure.ac#L83,dnl Configure switches,[],Autotool,0,83,83
19332,marlam/bino-mirror,https://github.com/marlam/bino-mirror/blob/99a9fe61134ba9ca379d2bddb52e8322cad769e5/configure.ac#L91,dnl Feature checks needed by the base modules,[],Autotool,0,91,91
19332,marlam/bino-mirror,https://github.com/marlam/bino-mirror/blob/99a9fe61134ba9ca379d2bddb52e8322cad769e5/configure.ac#L93,dnl - dbg,[],Autotool,0,93,93
19332,marlam/bino-mirror,https://github.com/marlam/bino-mirror/blob/99a9fe61134ba9ca379d2bddb52e8322cad769e5/configure.ac#L95,"dnl - end
dnl AC_C_BIGENDIAN
dnl - fio
dnl case ""${target}"" in *-*-mingw*) LIBS=""$LIBS -lshlwapi"" ;; esac
dnl AC_CHECK_FUNCS([fdatasync fnmatch fseeko ftello getpwuid link mmap posix_fadvise readdir_r symlink])
dnl - opt",[],Autotool,0,95,100
19332,marlam/bino-mirror,https://github.com/marlam/bino-mirror/blob/99a9fe61134ba9ca379d2bddb52e8322cad769e5/configure.ac#L102,#include <getopt.h>]),[],Autotool,36,102,102
19332,marlam/bino-mirror,https://github.com/marlam/bino-mirror/blob/99a9fe61134ba9ca379d2bddb52e8322cad769e5/configure.ac#L103,dnl - pth,[],Autotool,0,103,103
19332,marlam/bino-mirror,https://github.com/marlam/bino-mirror/blob/99a9fe61134ba9ca379d2bddb52e8322cad769e5/configure.ac#L120,dnl - str,[],Autotool,0,120,120
19332,marlam/bino-mirror,https://github.com/marlam/bino-mirror/blob/99a9fe61134ba9ca379d2bddb52e8322cad769e5/configure.ac#L123,"dnl - sys
dnl AC_CHECK_FUNCS([nanosleep sysconf sched_yield])
dnl - tmr",[],Autotool,0,123,125
19332,marlam/bino-mirror,https://github.com/marlam/bino-mirror/blob/99a9fe61134ba9ca379d2bddb52e8322cad769e5/configure.ac#L130,dnl Gettext,[],Autotool,0,130,130
19332,marlam/bino-mirror,https://github.com/marlam/bino-mirror/blob/99a9fe61134ba9ca379d2bddb52e8322cad769e5/configure.ac#L139,dnl pkg-config (required to detect libraries),[],Autotool,0,139,139
19332,marlam/bino-mirror,https://github.com/marlam/bino-mirror/blob/99a9fe61134ba9ca379d2bddb52e8322cad769e5/configure.ac#L147,dnl FFmpeg,[],Autotool,0,147,147
19332,marlam/bino-mirror,https://github.com/marlam/bino-mirror/blob/99a9fe61134ba9ca379d2bddb52e8322cad769e5/configure.ac#L168,dnl libass,[],Autotool,0,168,168
19332,marlam/bino-mirror,https://github.com/marlam/bino-mirror/blob/99a9fe61134ba9ca379d2bddb52e8322cad769e5/configure.ac#L180,dnl OpenAL,[],Autotool,0,180,180
19332,marlam/bino-mirror,https://github.com/marlam/bino-mirror/blob/99a9fe61134ba9ca379d2bddb52e8322cad769e5/configure.ac#L193,dnl Qt,[],Autotool,0,193,193
19332,marlam/bino-mirror,https://github.com/marlam/bino-mirror/blob/99a9fe61134ba9ca379d2bddb52e8322cad769e5/configure.ac#L218,dnl Check if we are running on X11. Needed for GLXEW.,[],Autotool,4,218,218
19332,marlam/bino-mirror,https://github.com/marlam/bino-mirror/blob/99a9fe61134ba9ca379d2bddb52e8322cad769e5/configure.ac#L232,"dnl With Qt4, we use X11 functions directly, and thus need to link with -lX11",[],Autotool,4,232,232
19332,marlam/bino-mirror,https://github.com/marlam/bino-mirror/blob/99a9fe61134ba9ca379d2bddb52e8322cad769e5/configure.ac#L254,"dnl Qt5 on Linux requires -fPIC / -pie with gcc, but does not record this fact
dnl in the pkg-config files (which is a bug in my opinion). Work around that.",[],Autotool,4,254,255
19332,marlam/bino-mirror,https://github.com/marlam/bino-mirror/blob/99a9fe61134ba9ca379d2bddb52e8322cad769e5/configure.ac#L264,dnl Check if we are running on X11. Needed for GLXEW.,[],Autotool,4,264,264
19332,marlam/bino-mirror,https://github.com/marlam/bino-mirror/blob/99a9fe61134ba9ca379d2bddb52e8322cad769e5/configure.ac#L288,"dnl Equalizer
dnl We assume that Equalizer does not use an included GLEW!",[],Autotool,0,288,289
19332,marlam/bino-mirror,https://github.com/marlam/bino-mirror/blob/99a9fe61134ba9ca379d2bddb52e8322cad769e5/configure.ac#L307,"dnl glew
dnl With Equalizer, we need glewmx, since that is what Equalizer uses.
dnl Without Equalizer, glew (without mx) is ok to use, too.",[],Autotool,0,307,309
19332,marlam/bino-mirror,https://github.com/marlam/bino-mirror/blob/99a9fe61134ba9ca379d2bddb52e8322cad769e5/configure.ac#L327,dnl libXNVCtrl,[],Autotool,0,327,327
19332,marlam/bino-mirror,https://github.com/marlam/bino-mirror/blob/99a9fe61134ba9ca379d2bddb52e8322cad769e5/configure.ac#L338,#include <GL/glx.h>]),[],Autotool,22,338,338
19332,marlam/bino-mirror,https://github.com/marlam/bino-mirror/blob/99a9fe61134ba9ca379d2bddb52e8322cad769e5/configure.ac#L362,"dnl OpenGL
dnl We need to explicitly link with OpenGL since we use its functions directly.
dnl However, this is most probably not necessary on Windows and Mac OS X (for
dnl now), so we just use a pkg-config check (which usually only works on Linux)
dnl and ignore a failure.",[],Autotool,0,362,366
19332,marlam/bino-mirror,https://github.com/marlam/bino-mirror/blob/99a9fe61134ba9ca379d2bddb52e8322cad769e5/configure.ac#L369,dnl LIRC,[],Autotool,0,369,369
19332,marlam/bino-mirror,https://github.com/marlam/bino-mirror/blob/99a9fe61134ba9ca379d2bddb52e8322cad769e5/configure.ac#L396,dnl Icon and Menu tools. It is ok if these are missing.,[],Autotool,0,396,396
19332,marlam/bino-mirror,https://github.com/marlam/bino-mirror/blob/99a9fe61134ba9ca379d2bddb52e8322cad769e5/configure.ac#L404,dnl Check if all libraries were found,[],Autotool,0,404,404
19332,marlam/bino-mirror,https://github.com/marlam/bino-mirror/blob/99a9fe61134ba9ca379d2bddb52e8322cad769e5/configure.ac#L419,dnl Output,[],Autotool,0,419,419
19332,marlam/bino-mirror,https://github.com/marlam/bino-mirror/blob/99a9fe61134ba9ca379d2bddb52e8322cad769e5/configure.ac#L429,dnl Print configuration for user to check,[],Autotool,0,429,429
