repoIndex,repoName,linkLocation,comment,keywords,buildSysteminFile,charPosition,startLine,endLine
19440,mining-visualizer/mvis-tokenminer,https://github.com/mining-visualizer/mvis-tokenminer/blob/ae09b3f5314f202230dd812b5cd354a54bb140c6/CMakeLists.txt#L1,# cmake global,[],CMake,0,1,1
19440,mining-visualizer/mvis-tokenminer,https://github.com/mining-visualizer/mvis-tokenminer/blob/ae09b3f5314f202230dd812b5cd354a54bb140c6/CMakeLists.txt#L7,# allow VERSION argument in project(),[],CMake,32,7,7
19440,mining-visualizer/mvis-tokenminer,https://github.com/mining-visualizer/mvis-tokenminer/blob/ae09b3f5314f202230dd812b5cd354a54bb140c6/CMakeLists.txt#L15,# link_directories interprate relative paths with respect to CMAKE_CURRENT_SOURCE_DIR,[],CMake,0,15,15
19440,mining-visualizer/mvis-tokenminer,https://github.com/mining-visualizer/mvis-tokenminer/blob/ae09b3f5314f202230dd812b5cd354a54bb140c6/CMakeLists.txt#L18,"# let cmake autolink dependencies on windows
# it's specified globally, cause qt libraries requires that on windows and they are also found globally",[],CMake,0,18,19
19440,mining-visualizer/mvis-tokenminer,https://github.com/mining-visualizer/mvis-tokenminer/blob/ae09b3f5314f202230dd812b5cd354a54bb140c6/CMakeLists.txt#L22,# 3.1 and above,[],CMake,0,22,22
19440,mining-visualizer/mvis-tokenminer,https://github.com/mining-visualizer/mvis-tokenminer/blob/ae09b3f5314f202230dd812b5cd354a54bb140c6/CMakeLists.txt#L24,# implicitly dereference variables (deprecated in 3.1),[],CMake,1,24,24
19440,mining-visualizer/mvis-tokenminer,https://github.com/mining-visualizer/mvis-tokenminer/blob/ae09b3f5314f202230dd812b5cd354a54bb140c6/CMakeLists.txt#L30,######################################################################################################,[],CMake,0,30,30
19440,mining-visualizer/mvis-tokenminer,https://github.com/mining-visualizer/mvis-tokenminer/blob/ae09b3f5314f202230dd812b5cd354a54bb140c6/CMakeLists.txt#L32,"# note: The value ""default"" which provides the defaults is just a fake value
# which lets us keep the default values of all build options and is set at
# the beginning of this file.",[],CMake,0,32,34
19440,mining-visualizer/mvis-tokenminer,https://github.com/mining-visualizer/mvis-tokenminer/blob/ae09b3f5314f202230dd812b5cd354a54bb140c6/CMakeLists.txt#L36,#defaults:,[],CMake,0,36,36
19440,mining-visualizer/mvis-tokenminer,https://github.com/mining-visualizer/mvis-tokenminer/blob/ae09b3f5314f202230dd812b5cd354a54bb140c6/CMakeLists.txt#L57,# propagates CMake configuration options to the compiler,[],CMake,0,57,57
19440,mining-visualizer/mvis-tokenminer,https://github.com/mining-visualizer/mvis-tokenminer/blob/ae09b3f5314f202230dd812b5cd354a54bb140c6/CMakeLists.txt#L107,# Set build platform; to be written to BuildInfo.h,[],CMake,1,107,107
19440,mining-visualizer/mvis-tokenminer,https://github.com/mining-visualizer/mvis-tokenminer/blob/ae09b3f5314f202230dd812b5cd354a54bb140c6/CMakeLists.txt#L129,#cmake build type may be not specified when using msvc,[],CMake,1,129,129
19440,mining-visualizer/mvis-tokenminer,https://github.com/mining-visualizer/mvis-tokenminer/blob/ae09b3f5314f202230dd812b5cd354a54bb140c6/CMakeLists.txt#L138,# Generate header file containing useful build information,[],CMake,1,138,138
19440,mining-visualizer/mvis-tokenminer,https://github.com/mining-visualizer/mvis-tokenminer/blob/ae09b3f5314f202230dd812b5cd354a54bb140c6/CMakeLists.txt#L154,######################################################################################################,[],CMake,0,154,154
19440,mining-visualizer/mvis-tokenminer,https://github.com/mining-visualizer/mvis-tokenminer/blob/ae09b3f5314f202230dd812b5cd354a54bb140c6/CMakeLists.txt#L157,# Clear invalid option,[],CMake,0,157,157
19440,mining-visualizer/mvis-tokenminer,https://github.com/mining-visualizer/mvis-tokenminer/blob/ae09b3f5314f202230dd812b5cd354a54bb140c6/CMakeLists.txt#L169,# Force chromium.,[],CMake,0,169,169
19440,mining-visualizer/mvis-tokenminer,https://github.com/mining-visualizer/mvis-tokenminer/blob/ae09b3f5314f202230dd812b5cd354a54bb140c6/CMakeLists.txt#L172,# Backwards compatibility,[],CMake,0,172,172
19440,mining-visualizer/mvis-tokenminer,https://github.com/mining-visualizer/mvis-tokenminer/blob/ae09b3f5314f202230dd812b5cd354a54bb140c6/CMakeLists.txt#L188,# Normalise build options,[],CMake,0,188,188
19440,mining-visualizer/mvis-tokenminer,https://github.com/mining-visualizer/mvis-tokenminer/blob/ae09b3f5314f202230dd812b5cd354a54bb140c6/CMakeLists.txt#L204,# Default CMAKE_BUILD_TYPE accordingly.,[],CMake,0,204,204
19440,mining-visualizer/mvis-tokenminer,https://github.com/mining-visualizer/mvis-tokenminer/blob/ae09b3f5314f202230dd812b5cd354a54bb140c6/CMakeLists.txt#L207,"# Default TARGET_PLATFORM to ${CMAKE_SYSTEM_NAME}
# change this once we support cross compiling",[],CMake,0,207,208
19440,mining-visualizer/mvis-tokenminer,https://github.com/mining-visualizer/mvis-tokenminer/blob/ae09b3f5314f202230dd812b5cd354a54bb140c6/CMakeLists.txt#L248,"# this must be an include, as a function it would mess up with variable scope!",[],CMake,0,248,248
19440,mining-visualizer/mvis-tokenminer,https://github.com/mining-visualizer/mvis-tokenminer/blob/ae09b3f5314f202230dd812b5cd354a54bb140c6/ethminer/CMakeLists.txt#L6,"#set(SRC_LIST
#   ${SRC_LIST}
#   ${CMAKE_CURRENT_SOURCE_DIR}/secp256k1/secp256k1.c
#)",[],CMake,0,6,9
19440,mining-visualizer/mvis-tokenminer,https://github.com/mining-visualizer/mvis-tokenminer/blob/ae09b3f5314f202230dd812b5cd354a54bb140c6/libdevcore/CMakeLists.txt#L28,# transitive dependencies for windows executables,[],CMake,0,28,28
19440,mining-visualizer/mvis-tokenminer,https://github.com/mining-visualizer/mvis-tokenminer/blob/ae09b3f5314f202230dd812b5cd354a54bb140c6/libethash-cl/CMakeLists.txt#L3,"# A custom command and target to turn the OpenCL kernel into a byte array header
# The normal build depends on it properly and if the kernel file is changed, then
# a rebuild of libethash-cl should be triggered",[],CMake,0,3,5
19440,mining-visualizer/mvis-tokenminer,https://github.com/mining-visualizer/mvis-tokenminer/blob/ae09b3f5314f202230dd812b5cd354a54bb140c6/cmake/CMakeParseArguments.cmake#L1,"#.rst:
# CMakeParseArguments
# -------------------
#
#
#
# CMAKE_PARSE_ARGUMENTS(<prefix> <options> <one_value_keywords>
# <multi_value_keywords> args...)
#
# CMAKE_PARSE_ARGUMENTS() is intended to be used in macros or functions
# for parsing the arguments given to that macro or function.  It
# processes the arguments and defines a set of variables which hold the
# values of the respective options.
#
# The <options> argument contains all options for the respective macro,
# i.e.  keywords which can be used when calling the macro without any
# value following, like e.g.  the OPTIONAL keyword of the install()
# command.
#
# The <one_value_keywords> argument contains all keywords for this macro
# which are followed by one value, like e.g.  DESTINATION keyword of the
# install() command.
#
# The <multi_value_keywords> argument contains all keywords for this
# macro which can be followed by more than one value, like e.g.  the
# TARGETS or FILES keywords of the install() command.
#
# When done, CMAKE_PARSE_ARGUMENTS() will have defined for each of the
# keywords listed in <options>, <one_value_keywords> and
# <multi_value_keywords> a variable composed of the given <prefix>
# followed by ""_"" and the name of the respective keyword.  These
# variables will then hold the respective value from the argument list.
# For the <options> keywords this will be TRUE or FALSE.
#
# All remaining arguments are collected in a variable
# <prefix>_UNPARSED_ARGUMENTS, this can be checked afterwards to see
# whether your macro was called with unrecognized parameters.
#
# As an example here a my_install() macro, which takes similar arguments
# as the real install() command:
#
# ::
#
#    function(MY_INSTALL)
#      set(options OPTIONAL FAST)
#      set(oneValueArgs DESTINATION RENAME)
#      set(multiValueArgs TARGETS CONFIGURATIONS)
#      cmake_parse_arguments(MY_INSTALL ""${options}"" ""${oneValueArgs}""
#                            ""${multiValueArgs}"" ${ARGN} )
#      ...
#
#
#
# Assume my_install() has been called like this:
#
# ::
#
#    my_install(TARGETS foo bar DESTINATION bin OPTIONAL blub)
#
#
#
# After the cmake_parse_arguments() call the macro will have set the
# following variables:
#
# ::
#
#    MY_INSTALL_OPTIONAL = TRUE
#    MY_INSTALL_FAST = FALSE (this option was not used when calling my_install()
#    MY_INSTALL_DESTINATION = ""bin""
#    MY_INSTALL_RENAME = """" (was not used)
#    MY_INSTALL_TARGETS = ""foo;bar""
#    MY_INSTALL_CONFIGURATIONS = """" (was not used)
#    MY_INSTALL_UNPARSED_ARGUMENTS = ""blub"" (no value expected after ""OPTIONAL""
#
#
#
# You can then continue and process these variables.
#
# Keywords terminate lists of values, e.g.  if directly after a
# one_value_keyword another recognized keyword follows, this is
# interpreted as the beginning of the new option.  E.g.
# my_install(TARGETS foo DESTINATION OPTIONAL) would result in
# MY_INSTALL_DESTINATION set to ""OPTIONAL"", but MY_INSTALL_DESTINATION
# would be empty and MY_INSTALL_OPTIONAL would be set to TRUE therefor.",[],CMake,0,1,84
19440,mining-visualizer/mvis-tokenminer,https://github.com/mining-visualizer/mvis-tokenminer/blob/ae09b3f5314f202230dd812b5cd354a54bb140c6/cmake/CMakeParseArguments.cmake#L86,"#=============================================================================
# Copyright 2010 Alexander Neundorf <neundorf@kde.org>
#
# Distributed under the OSI-approved BSD License (the ""License"");
# see accompanying file Copyright.txt for details.
#
# This software is distributed WITHOUT ANY WARRANTY; without even the
# implied warranty of MERCHANTABILITY or FITNESS FOR A PARTICULAR PURPOSE.
# See the License for more information.
#=============================================================================
# (To distribute this file outside of CMake, substitute the full
#  License text for the above reference.)",[],CMake,0,86,97
19440,mining-visualizer/mvis-tokenminer,https://github.com/mining-visualizer/mvis-tokenminer/blob/ae09b3f5314f202230dd812b5cd354a54bb140c6/cmake/CMakeParseArguments.cmake#L107,# first set all result variables to empty/FALSE,[],CMake,2,107,107
19440,mining-visualizer/mvis-tokenminer,https://github.com/mining-visualizer/mvis-tokenminer/blob/ae09b3f5314f202230dd812b5cd354a54bb140c6/cmake/CMakeParseArguments.cmake#L121,# now iterate over all arguments and fill the result variables,[],CMake,2,121,121
19440,mining-visualizer/mvis-tokenminer,https://github.com/mining-visualizer/mvis-tokenminer/blob/ae09b3f5314f202230dd812b5cd354a54bb140c6/cmake/CMakeParseArguments.cmake#L123,# ... then this marks the end of the arguments belonging to this keyword,[],CMake,57,123,123
19440,mining-visualizer/mvis-tokenminer,https://github.com/mining-visualizer/mvis-tokenminer/blob/ae09b3f5314f202230dd812b5cd354a54bb140c6/cmake/CMakeParseArguments.cmake#L124,# ... then this marks the end of the arguments belonging to this keyword,[],CMake,63,124,124
19440,mining-visualizer/mvis-tokenminer,https://github.com/mining-visualizer/mvis-tokenminer/blob/ae09b3f5314f202230dd812b5cd354a54bb140c6/cmake/CMakeParseArguments.cmake#L125,# ... then this marks the end of the arguments belonging to this keyword,[],CMake,61,125,125
19440,mining-visualizer/mvis-tokenminer,https://github.com/mining-visualizer/mvis-tokenminer/blob/ae09b3f5314f202230dd812b5cd354a54bb140c6/cmake/CMakeParseArguments.cmake#L155,# propagate the result variables to the caller:,[],CMake,2,155,155
19440,mining-visualizer/mvis-tokenminer,https://github.com/mining-visualizer/mvis-tokenminer/blob/ae09b3f5314f202230dd812b5cd354a54bb140c6/cmake/EthCompilerSettings.cmake#L1,# Set necessary compile and link flags,[],CMake,0,1,1
19440,mining-visualizer/mvis-tokenminer,https://github.com/mining-visualizer/mvis-tokenminer/blob/ae09b3f5314f202230dd812b5cd354a54bb140c6/cmake/EthCompilerSettings.cmake#L3,# C++11 check and activation,[],CMake,0,3,3
19440,mining-visualizer/mvis-tokenminer,https://github.com/mining-visualizer/mvis-tokenminer/blob/ae09b3f5314f202230dd812b5cd354a54bb140c6/cmake/EthCompilerSettings.cmake#L6,"#set(CMAKE_CXX_FLAGS ""-std=c++11 -Wall -Wno-unknown-pragmas -Wextra -Wno-error=parentheses -pedantic -DLINUX -DSHAREDLIB -fPIC ${CMAKE_CXX_FLAGS}"")",[],CMake,1,6,6
19440,mining-visualizer/mvis-tokenminer,https://github.com/mining-visualizer/mvis-tokenminer/blob/ae09b3f5314f202230dd812b5cd354a54bb140c6/cmake/EthCompilerSettings.cmake#L34,"# enable parallel compilation
# specify Exception Handling Model in msvc
# disable unknown pragma warning (4068)
# disable unsafe function warning (4996)
# disable decorated name length exceeded, name was truncated (4503)
# disable conversion from 'size_t' to 'type', possible loss of data (4267)
# disable qualifier applied to function type has no meaning; ignored (4180)
# disable C++ exception specification ignored except to indicate a function is not __declspec(nothrow) (4290)
# disable conversion from 'type1' to 'type2', possible loss of data (4244)
# disable forcing value to bool 'true' or 'false' (performance warning) (4800)
# disable warning C4535: calling _set_se_translator() requires /EHa (for boost tests)
# declare Windows XP requirement
# undefine windows.h MAX && MIN macros cause it cause conflicts with std::min && std::max functions
# define miniupnp static library",[],CMake,1,34,47
19440,mining-visualizer/mvis-tokenminer,https://github.com/mining-visualizer/mvis-tokenminer/blob/ae09b3f5314f202230dd812b5cd354a54bb140c6/cmake/EthCompilerSettings.cmake#L49,# disable empty object file warning,[],CMake,1,49,49
19440,mining-visualizer/mvis-tokenminer,https://github.com/mining-visualizer/mvis-tokenminer/blob/ae09b3f5314f202230dd812b5cd354a54bb140c6/cmake/EthCompilerSettings.cmake#L51,"# warning LNK4075: ignoring '/EDITANDCONTINUE' due to '/SAFESEH' specification
# warning LNK4099: pdb was not found with lib
# stack size 16MB",[],CMake,1,51,53
19440,mining-visualizer/mvis-tokenminer,https://github.com/mining-visualizer/mvis-tokenminer/blob/ae09b3f5314f202230dd812b5cd354a54bb140c6/cmake/EthCompilerSettings.cmake#L56,# windows likes static,[],CMake,1,56,56
19440,mining-visualizer/mvis-tokenminer,https://github.com/mining-visualizer/mvis-tokenminer/blob/ae09b3f5314f202230dd812b5cd354a54bb140c6/cmake/EthCompilerSettings.cmake#L70,"#	set(CMAKE_STATIC_LINKER_FLAGS ""${CMAKE_STATIC_LINKER_FLAGS} -lprofiler"")",[],CMake,0,70,70
19440,mining-visualizer/mvis-tokenminer,https://github.com/mining-visualizer/mvis-tokenminer/blob/ae09b3f5314f202230dd812b5cd354a54bb140c6/cmake/EthDependencies.cmake#L1,"# all dependencies that are not directly included in the cpp-ethereum distribution are defined here
# for this to work, download the dependency via the cmake script in extdep or install them manually!",[],CMake,0,1,2
19440,mining-visualizer/mvis-tokenminer,https://github.com/mining-visualizer/mvis-tokenminer/blob/ae09b3f5314f202230dd812b5cd354a54bb140c6/cmake/EthDependencies.cmake#L4,"# by defining this variable, cmake will look for dependencies first in our own repository before looking in system paths like /usr/local/ ...
# this must be set to point to the same directory as $ETH_DEPENDENCY_INSTALL_DIR in /extdep directory",[],CMake,0,4,5
19440,mining-visualizer/mvis-tokenminer,https://github.com/mining-visualizer/mvis-tokenminer/blob/ae09b3f5314f202230dd812b5cd354a54bb140c6/cmake/EthDependencies.cmake#L15,"# setup directory for cmake generated files and include it globally
# it's not used yet, but if we have more generated files, consider moving them to ETH_GENERATED_DIR",[],CMake,0,15,16
19440,mining-visualizer/mvis-tokenminer,https://github.com/mining-visualizer/mvis-tokenminer/blob/ae09b3f5314f202230dd812b5cd354a54bb140c6/cmake/EthDependencies.cmake#L20,# custom cmake scripts,[],CMake,0,20,20
19440,mining-visualizer/mvis-tokenminer,https://github.com/mining-visualizer/mvis-tokenminer/blob/ae09b3f5314f202230dd812b5cd354a54bb140c6/cmake/EthDependencies.cmake#L34,# homebrew installs qts in opt,[],CMake,0,34,34
19440,mining-visualizer/mvis-tokenminer,https://github.com/mining-visualizer/mvis-tokenminer/blob/ae09b3f5314f202230dd812b5cd354a54bb140c6/cmake/EthDependencies.cmake#L43,"# Dependencies must have a version number, to ensure reproducible build. The version provided here is the one that is in the extdep repository. If you use system libraries, version numbers may be different.",[],CMake,0,43,43
19440,mining-visualizer/mvis-tokenminer,https://github.com/mining-visualizer/mvis-tokenminer/blob/ae09b3f5314f202230dd812b5cd354a54bb140c6/cmake/EthDependencies.cmake#L70,#JSONRPC,[],CMake,8,70,70
19440,mining-visualizer/mvis-tokenminer,https://github.com/mining-visualizer/mvis-tokenminer/blob/ae09b3f5314f202230dd812b5cd354a54bb140c6/cmake/EthDependencies.cmake#L106,# cpuid required for eth,[],CMake,0,106,106
19440,mining-visualizer/mvis-tokenminer,https://github.com/mining-visualizer/mvis-tokenminer/blob/ae09b3f5314f202230dd812b5cd354a54bb140c6/cmake/EthDependencies.cmake#L125,# find location of jsonrpcstub,[],CMake,0,125,125
19440,mining-visualizer/mvis-tokenminer,https://github.com/mining-visualizer/mvis-tokenminer/blob/ae09b3f5314f202230dd812b5cd354a54bb140c6/cmake/EthDependencies.cmake#L129,# do not compile GUI,[],CMake,0,129,129
19440,mining-visualizer/mvis-tokenminer,https://github.com/mining-visualizer/mvis-tokenminer/blob/ae09b3f5314f202230dd812b5cd354a54bb140c6/cmake/EthDependencies.cmake#L132,# we need json rpc to build alethzero,[],CMake,0,132,132
19440,mining-visualizer/mvis-tokenminer,https://github.com/mining-visualizer/mvis-tokenminer/blob/ae09b3f5314f202230dd812b5cd354a54bb140c6/cmake/EthDependencies.cmake#L152,# we need to find path to macdeployqt on mac,[],CMake,1,152,152
19440,mining-visualizer/mvis-tokenminer,https://github.com/mining-visualizer/mvis-tokenminer/blob/ae09b3f5314f202230dd812b5cd354a54bb140c6/cmake/EthDependencies.cmake#L157,# we need to find path to windeployqt on windows,[],CMake,1,157,157
19440,mining-visualizer/mvis-tokenminer,https://github.com/mining-visualizer/mvis-tokenminer/blob/ae09b3f5314f202230dd812b5cd354a54bb140c6/cmake/EthDependencies.cmake#L168,#GUI,[],CMake,8,168,168
19440,mining-visualizer/mvis-tokenminer,https://github.com/mining-visualizer/mvis-tokenminer/blob/ae09b3f5314f202230dd812b5cd354a54bb140c6/cmake/EthDependencies.cmake#L170,"# use multithreaded boost libraries, with -mt suffix",[],CMake,0,170,170
19440,mining-visualizer/mvis-tokenminer,https://github.com/mining-visualizer/mvis-tokenminer/blob/ae09b3f5314f202230dd812b5cd354a54bb140c6/cmake/EthDependencies.cmake#L177,# use static boost libraries *.lib,[],CMake,0,177,177
19440,mining-visualizer/mvis-tokenminer,https://github.com/mining-visualizer/mvis-tokenminer/blob/ae09b3f5314f202230dd812b5cd354a54bb140c6/cmake/EthDependencies.cmake#L182,# use static boost libraries *.a,[],CMake,0,182,182
19440,mining-visualizer/mvis-tokenminer,https://github.com/mining-visualizer/mvis-tokenminer/blob/ae09b3f5314f202230dd812b5cd354a54bb140c6/cmake/EthDependencies.cmake#L186,# use dynamic boost libraries .dll,[],CMake,0,186,186
19440,mining-visualizer/mvis-tokenminer,https://github.com/mining-visualizer/mvis-tokenminer/blob/ae09b3f5314f202230dd812b5cd354a54bb140c6/cmake/EthExecutableHelper.cmake#L1,"#
# this function requires the following variables to be specified:
# ETH_VERSION
# PROJECT_NAME
# PROJECT_VERSION
# PROJECT_COPYRIGHT_YEAR
# PROJECT_VENDOR
# PROJECT_DOMAIN_SECOND
# PROJECT_DOMAIN_FIRST
# SRC_LIST
# HEADERS
#
# params:
# ICON
#",[],CMake,0,1,15
19440,mining-visualizer/mvis-tokenminer,https://github.com/mining-visualizer/mvis-tokenminer/blob/ae09b3f5314f202230dd812b5cd354a54bb140c6/cmake/EthExecutableHelper.cmake#L47,"# dlls must be unsubstitud list variable (without ${}) in format
# optimized;path_to_dll.dll;debug;path_to_dlld.dll ",[],CMake,1,47,48
19440,mining-visualizer/mvis-tokenminer,https://github.com/mining-visualizer/mvis-tokenminer/blob/ae09b3f5314f202230dd812b5cd354a54bb140c6/cmake/EthExecutableHelper.cmake#L68,"# 
# this function requires the following variables to be specified:
# ETH_DEPENDENCY_INSTALL_DIR
#
# params: 
# QMLDIR
#",[],CMake,0,68,74
19440,mining-visualizer/mvis-tokenminer,https://github.com/mining-visualizer/mvis-tokenminer/blob/ae09b3f5314f202230dd812b5cd354a54bb140c6/cmake/EthExecutableHelper.cmake#L94,# First have qt5 install plugins and frameworks,[],CMake,2,94,94
19440,mining-visualizer/mvis-tokenminer,https://github.com/mining-visualizer/mvis-tokenminer/blob/ae09b3f5314f202230dd812b5cd354a54bb140c6/cmake/EthExecutableHelper.cmake#L101,# This tool and next will inspect linked libraries in order to determine which dependencies are required,[],CMake,2,101,101
19440,mining-visualizer/mvis-tokenminer,https://github.com/mining-visualizer/mvis-tokenminer/blob/ae09b3f5314f202230dd812b5cd354a54bb140c6/cmake/EthExecutableHelper.cmake#L131,#copy additional dlls,[],CMake,2,131,131
19440,mining-visualizer/mvis-tokenminer,https://github.com/mining-visualizer/mvis-tokenminer/blob/ae09b3f5314f202230dd812b5cd354a54bb140c6/cmake/EthUtils.cmake#L1,"#
# renames the file if it is different from its destination",[],CMake,0,1,2
19440,mining-visualizer/mvis-tokenminer,https://github.com/mining-visualizer/mvis-tokenminer/blob/ae09b3f5314f202230dd812b5cd354a54bb140c6/cmake/EthUtils.cmake#L4,#,[],CMake,0,4,4
19440,mining-visualizer/mvis-tokenminer,https://github.com/mining-visualizer/mvis-tokenminer/blob/ae09b3f5314f202230dd812b5cd354a54bb140c6/cmake/EthUtils.cmake#L27,# parse arguments here,[],CMake,1,27,27
19440,mining-visualizer/mvis-tokenminer,https://github.com/mining-visualizer/mvis-tokenminer/blob/ae09b3f5314f202230dd812b5cd354a54bb140c6/cmake/EthUtils.cmake#L44,# create tests,[],CMake,1,44,44
19440,mining-visualizer/mvis-tokenminer,https://github.com/mining-visualizer/mvis-tokenminer/blob/ae09b3f5314f202230dd812b5cd354a54bb140c6/cmake/EthUtils.cmake#L56,# add target to run them,[],CMake,1,56,56
19440,mining-visualizer/mvis-tokenminer,https://github.com/mining-visualizer/mvis-tokenminer/blob/ae09b3f5314f202230dd812b5cd354a54bb140c6/cmake/EthUtils.cmake#L65,# Creates C resources file from files,[],CMake,0,65,65
19440,mining-visualizer/mvis-tokenminer,https://github.com/mining-visualizer/mvis-tokenminer/blob/ae09b3f5314f202230dd812b5cd354a54bb140c6/cmake/FindCURL.cmake#L1,"# Find CURL
#
# Find the curl includes and library
# 
# if you nee to add a custom library search path, do it via via CMAKE_PREFIX_PATH 
# 
# This module defines
#  CURL_INCLUDE_DIRS, where to find header, etc.
#  CURL_LIBRARIES, the libraries needed to use curl.
#  CURL_FOUND, If false, do not try to use curl.",[],CMake,0,1,10
19440,mining-visualizer/mvis-tokenminer,https://github.com/mining-visualizer/mvis-tokenminer/blob/ae09b3f5314f202230dd812b5cd354a54bb140c6/cmake/FindCURL.cmake#L12,# only look in default directories,[],CMake,0,12,12
19440,mining-visualizer/mvis-tokenminer,https://github.com/mining-visualizer/mvis-tokenminer/blob/ae09b3f5314f202230dd812b5cd354a54bb140c6/cmake/FindCURL.cmake#L21,# names from cmake's FindCURL,[],CMake,1,21,21
19440,mining-visualizer/mvis-tokenminer,https://github.com/mining-visualizer/mvis-tokenminer/blob/ae09b3f5314f202230dd812b5cd354a54bb140c6/cmake/FindCURL.cmake#L42,# prepare dlls,[],CMake,1,42,42
19440,mining-visualizer/mvis-tokenminer,https://github.com/mining-visualizer/mvis-tokenminer/blob/ae09b3f5314f202230dd812b5cd354a54bb140c6/cmake/FindCURL.cmake#L51,"# handle the QUIETLY and REQUIRED arguments and set CURL_FOUND to TRUE
# if all listed variables are TRUE, hide their existence from configuration view",[],CMake,0,51,52
19440,mining-visualizer/mvis-tokenminer,https://github.com/mining-visualizer/mvis-tokenminer/blob/ae09b3f5314f202230dd812b5cd354a54bb140c6/cmake/FindCpuid.cmake#L1,"# Find libcpuid
#
# Find the libcpuid includes and library
#
# if you nee to add a custom library search path, do it via via CMAKE_PREFIX_PATH
#
# This module defines
#  CPUID_INCLUDE_DIRS, where to find header, etc.
#  CPUID_LIBRARIES, the libraries needed to use cpuid.
#  CPUID_FOUND, If false, do not try to use cpuid.",[],CMake,0,1,10
19440,mining-visualizer/mvis-tokenminer,https://github.com/mining-visualizer/mvis-tokenminer/blob/ae09b3f5314f202230dd812b5cd354a54bb140c6/cmake/FindCpuid.cmake#L12,# only look in default directories,[],CMake,0,12,12
19440,mining-visualizer/mvis-tokenminer,https://github.com/mining-visualizer/mvis-tokenminer/blob/ae09b3f5314f202230dd812b5cd354a54bb140c6/cmake/FindCpuid.cmake#L28,"# handle the QUIETLY and REQUIRED arguments and set CPUID_FOUND to TRUE
# if all listed variables are TRUE, hide their existence from configuration view",[],CMake,0,28,29
19440,mining-visualizer/mvis-tokenminer,https://github.com/mining-visualizer/mvis-tokenminer/blob/ae09b3f5314f202230dd812b5cd354a54bb140c6/cmake/FindCryptoPP.cmake#L1,"# Module for locating the Crypto++ encryption library.
#
# Customizable variables:
#   CRYPTOPP_ROOT_DIR
#     This variable points to the CryptoPP root directory. On Windows the
#     library location typically will have to be provided explicitly using the
#     -D command-line option. The directory should include the include/cryptopp,
#     lib and/or bin sub-directories.
#
# Read-only variables:
#   CRYPTOPP_FOUND
#     Indicates whether the library has been found.
#
#   CRYPTOPP_INCLUDE_DIRS
#     Points to the CryptoPP include directory.
#
#   CRYPTOPP_LIBRARIES
#     Points to the CryptoPP libraries that should be passed to
#     target_link_libararies.
#
#
# Copyright (c) 2012 Sergiu Dotenco
#
# Permission is hereby granted, free of charge, to any person obtaining a copy
# of this software and associated documentation files (the ""Software""), to deal
# in the Software without restriction, including without limitation the rights
# to use, copy, modify, merge, publish, distribute, sublicense, and/or sell
# copies of the Software, and to permit persons to whom the Software is
# furnished to do so, subject to the following conditions:
#
# The above copyright notice and this permission notice shall be included in all
# copies or substantial portions of the Software.
#
# THE SOFTWARE IS PROVIDED ""AS IS"", WITHOUT WARRANTY OF ANY KIND, EXPRESS OR
# IMPLIED, INCLUDING BUT NOT LIMITED TO THE WARRANTIES OF MERCHANTABILITY,
# FITNESS FOR A PARTICULAR PURPOSE AND NONINFRINGEMENT. IN NO EVENT SHALL THE
# AUTHORS OR COPYRIGHT HOLDERS BE LIABLE FOR ANY CLAIM, DAMAGES OR OTHER
# LIABILITY, WHETHER IN AN ACTION OF CONTRACT, TORT OR OTHERWISE, ARISING FROM,
# OUT OF OR IN CONNECTION WITH THE SOFTWARE OR THE USE OR OTHER DEALINGS IN THE
# SOFTWARE.",[],CMake,0,1,40
19440,mining-visualizer/mvis-tokenminer,https://github.com/mining-visualizer/mvis-tokenminer/blob/ae09b3f5314f202230dd812b5cd354a54bb140c6/cmake/FindCryptoPP.cmake#L49,# Re-use the previous path:,[],CMake,0,49,49
19440,mining-visualizer/mvis-tokenminer,https://github.com/mining-visualizer/mvis-tokenminer/blob/ae09b3f5314f202230dd812b5cd354a54bb140c6/cmake/FindEth.cmake#L29,"# handle the QUIETLY and REQUIRED arguments and set ETH_FOUND to TRUE
# if all listed variables are TRUE, hide their existence from configuration view",[],CMake,0,29,30
19440,mining-visualizer/mvis-tokenminer,https://github.com/mining-visualizer/mvis-tokenminer/blob/ae09b3f5314f202230dd812b5cd354a54bb140c6/cmake/FindGmp.cmake#L1,"# Find gmp
#
# Find the gmp includes and library
# 
# if you nee to add a custom library search path, do it via via CMAKE_PREFIX_PATH 
# 
# This module defines
#  GMP_INCLUDE_DIRS, where to find header, etc.
#  GMP_LIBRARIES, the libraries needed to use gmp.
#  GMP_FOUND, If false, do not try to use gmp.",[],CMake,0,1,10
19440,mining-visualizer/mvis-tokenminer,https://github.com/mining-visualizer/mvis-tokenminer/blob/ae09b3f5314f202230dd812b5cd354a54bb140c6/cmake/FindGmp.cmake#L12,# only look in default directories,[],CMake,0,12,12
19440,mining-visualizer/mvis-tokenminer,https://github.com/mining-visualizer/mvis-tokenminer/blob/ae09b3f5314f202230dd812b5cd354a54bb140c6/cmake/FindGmp.cmake#L28,"# handle the QUIETLY and REQUIRED arguments and set GMP_FOUND to TRUE
# if all listed variables are TRUE, hide their existence from configuration view",[],CMake,0,28,29
19440,mining-visualizer/mvis-tokenminer,https://github.com/mining-visualizer/mvis-tokenminer/blob/ae09b3f5314f202230dd812b5cd354a54bb140c6/cmake/FindJsoncpp.cmake#L1,"# Find jsoncpp
#
# Find the jsoncpp includes and library
# 
# if you nee to add a custom library search path, do it via via CMAKE_PREFIX_PATH 
# 
# This module defines
#  JSONCPP_INCLUDE_DIRS, where to find header, etc.
#  JSONCPP_LIBRARIES, the libraries needed to use jsoncpp.
#  JSONCPP_FOUND, If false, do not try to use jsoncpp.",[],CMake,0,1,10
19440,mining-visualizer/mvis-tokenminer,https://github.com/mining-visualizer/mvis-tokenminer/blob/ae09b3f5314f202230dd812b5cd354a54bb140c6/cmake/FindJsoncpp.cmake#L12,# only look in default directories,[],CMake,0,12,12
19440,mining-visualizer/mvis-tokenminer,https://github.com/mining-visualizer/mvis-tokenminer/blob/ae09b3f5314f202230dd812b5cd354a54bb140c6/cmake/FindJsoncpp.cmake#L44,"# handle the QUIETLY and REQUIRED arguments and set JSONCPP_FOUND to TRUE
# if all listed variables are TRUE, hide their existence from configuration view",[],CMake,0,44,45
19440,mining-visualizer/mvis-tokenminer,https://github.com/mining-visualizer/mvis-tokenminer/blob/ae09b3f5314f202230dd812b5cd354a54bb140c6/cmake/FindLevelDB.cmake#L1,"# Find leveldb
#
# Find the leveldb includes and library
# 
# if you nee to add a custom library search path, do it via via CMAKE_PREFIX_PATH 
# 
# This module defines
#  LEVELDB_INCLUDE_DIRS, where to find header, etc.
#  LEVELDB_LIBRARIES, the libraries needed to use leveldb.
#  LEVELDB_FOUND, If false, do not try to use leveldb.",[],CMake,0,1,10
19440,mining-visualizer/mvis-tokenminer,https://github.com/mining-visualizer/mvis-tokenminer/blob/ae09b3f5314f202230dd812b5cd354a54bb140c6/cmake/FindLevelDB.cmake#L12,# only look in default directories,[],CMake,0,12,12
19440,mining-visualizer/mvis-tokenminer,https://github.com/mining-visualizer/mvis-tokenminer/blob/ae09b3f5314f202230dd812b5cd354a54bb140c6/cmake/FindLevelDB.cmake#L43,"# handle the QUIETLY and REQUIRED arguments and set LEVELDB_FOUND to TRUE
# if all listed variables are TRUE, hide their existence from configuration view",[],CMake,0,43,44
19440,mining-visualizer/mvis-tokenminer,https://github.com/mining-visualizer/mvis-tokenminer/blob/ae09b3f5314f202230dd812b5cd354a54bb140c6/cmake/FindMHD.cmake#L1,"# Find microhttpd
#
# Find the microhttpd includes and library
#
# if you need to add a custom library search path, do it via via CMAKE_PREFIX_PATH
#
# This module defines
#  MHD_INCLUDE_DIRS, where to find header, etc.
#  MHD_LIBRARIES, the libraries needed to use jsoncpp.
#  MHD_FOUND, If false, do not try to use jsoncpp.",[],CMake,0,1,10
19440,mining-visualizer/mvis-tokenminer,https://github.com/mining-visualizer/mvis-tokenminer/blob/ae09b3f5314f202230dd812b5cd354a54bb140c6/cmake/FindMHD.cmake#L41,# prepare dlls,[],CMake,1,41,41
19440,mining-visualizer/mvis-tokenminer,https://github.com/mining-visualizer/mvis-tokenminer/blob/ae09b3f5314f202230dd812b5cd354a54bb140c6/cmake/FindMiniupnpc.cmake#L1,"# Find miniupnpc
#
# Find the miniupnpc includes and library
# 
# if you nee to add a custom library search path, do it via via CMAKE_PREFIX_PATH 
# 
# This module defines
#  MINIUPNPC_INCLUDE_DIRS, where to find header, etc.
#  MINIUPNPC_LIBRARIES, the libraries needed to use gmp.
#  MINIUPNPC_FOUND, If false, do not try to use gmp.",[],CMake,0,1,10
19440,mining-visualizer/mvis-tokenminer,https://github.com/mining-visualizer/mvis-tokenminer/blob/ae09b3f5314f202230dd812b5cd354a54bb140c6/cmake/FindMiniupnpc.cmake#L12,# only look in default directories,[],CMake,0,12,12
19440,mining-visualizer/mvis-tokenminer,https://github.com/mining-visualizer/mvis-tokenminer/blob/ae09b3f5314f202230dd812b5cd354a54bb140c6/cmake/FindMiniupnpc.cmake#L43,"# handle the QUIETLY and REQUIRED arguments and set MINIUPNPC_FOUND to TRUE
# if all listed variables are TRUE, hide their existence from configuration view",[],CMake,0,43,44
19440,mining-visualizer/mvis-tokenminer,https://github.com/mining-visualizer/mvis-tokenminer/blob/ae09b3f5314f202230dd812b5cd354a54bb140c6/cmake/FindOpenCL.cmake#L1,"#.rst:
# FindOpenCL
# ----------
#
# Try to find OpenCL
#
# Once done this will define::
#
#   OpenCL_FOUND          - True if OpenCL was found
#   OpenCL_INCLUDE_DIRS   - include directories for OpenCL
#   OpenCL_LIBRARIES      - link against this library to use OpenCL
#   OpenCL_VERSION_STRING - Highest supported OpenCL version (eg. 1.2)
#   OpenCL_VERSION_MAJOR  - The major version of the OpenCL implementation
#   OpenCL_VERSION_MINOR  - The minor version of the OpenCL implementation
#
# The module will also define two cache variables::
#
#   OpenCL_INCLUDE_DIR    - the OpenCL include directory
#   OpenCL_LIBRARY        - the path to the OpenCL library
#",[],CMake,0,1,20
19440,mining-visualizer/mvis-tokenminer,https://github.com/mining-visualizer/mvis-tokenminer/blob/ae09b3f5314f202230dd812b5cd354a54bb140c6/cmake/FindOpenCL.cmake#L22,"#=============================================================================
# Copyright 2014 Matthaeus G. Chajdas
#
# Distributed under the OSI-approved BSD License (the ""License"");
# see accompanying file Copyright.txt for details.
#
# This software is distributed WITHOUT ANY WARRANTY; without even the
# implied warranty of MERCHANTABILITY or FITNESS FOR A PARTICULAR PURPOSE.
# See the License for more information.
#=============================================================================
# (To distribute this file outside of CMake, substitute the full
#  License text for the above reference.)",[],CMake,0,22,33
19440,mining-visualizer/mvis-tokenminer,https://github.com/mining-visualizer/mvis-tokenminer/blob/ae09b3f5314f202230dd812b5cd354a54bb140c6/cmake/FindOpenCL.cmake#L136,# prepare dlls,[],CMake,1,136,136
19440,mining-visualizer/mvis-tokenminer,https://github.com/mining-visualizer/mvis-tokenminer/blob/ae09b3f5314f202230dd812b5cd354a54bb140c6/cmake/FindPackageHandleStandardArgs.cmake#L1,"#.rst:
# FindPackageHandleStandardArgs
# -----------------------------
#
#
#
# FIND_PACKAGE_HANDLE_STANDARD_ARGS(<name> ...  )
#
# This function is intended to be used in FindXXX.cmake modules files.
# It handles the REQUIRED, QUIET and version-related arguments to
# find_package().  It also sets the <packagename>_FOUND variable.  The
# package is considered found if all variables <var1>...  listed contain
# valid results, e.g.  valid filepaths.
#
# There are two modes of this function.  The first argument in both
# modes is the name of the Find-module where it is called (in original
# casing).
#
# The first simple mode looks like this:
#
# ::
#
#     FIND_PACKAGE_HANDLE_STANDARD_ARGS(<name>
#       (DEFAULT_MSG|""Custom failure message"") <var1>...<varN> )
#
# If the variables <var1> to <varN> are all valid, then
# <UPPERCASED_NAME>_FOUND will be set to TRUE.  If DEFAULT_MSG is given
# as second argument, then the function will generate itself useful
# success and error messages.  You can also supply a custom error
# message for the failure case.  This is not recommended.
#
# The second mode is more powerful and also supports version checking:
#
# ::
#
#     FIND_PACKAGE_HANDLE_STANDARD_ARGS(NAME
#       [FOUND_VAR <resultVar>]
#       [REQUIRED_VARS <var1>...<varN>]
#       [VERSION_VAR   <versionvar>]
#       [HANDLE_COMPONENTS]
#       [CONFIG_MODE]
#       [FAIL_MESSAGE ""Custom failure message""] )
#
# In this mode, the name of the result-variable can be set either to
# either <UPPERCASED_NAME>_FOUND or <OriginalCase_Name>_FOUND using the
# FOUND_VAR option.  Other names for the result-variable are not
# allowed.  So for a Find-module named FindFooBar.cmake, the two
# possible names are FooBar_FOUND and FOOBAR_FOUND.  It is recommended
# to use the original case version.  If the FOUND_VAR option is not
# used, the default is <UPPERCASED_NAME>_FOUND.
#
# As in the simple mode, if <var1> through <varN> are all valid,
# <packagename>_FOUND will be set to TRUE.  After REQUIRED_VARS the
# variables which are required for this package are listed.  Following
# VERSION_VAR the name of the variable can be specified which holds the
# version of the package which has been found.  If this is done, this
# version will be checked against the (potentially) specified required
# version used in the find_package() call.  The EXACT keyword is also
# handled.  The default messages include information about the required
# version and the version which has been actually found, both if the
# version is ok or not.  If the package supports components, use the
# HANDLE_COMPONENTS option to enable handling them.  In this case,
# find_package_handle_standard_args() will report which components have
# been found and which are missing, and the <packagename>_FOUND variable
# will be set to FALSE if any of the required components (i.e.  not the
# ones listed after OPTIONAL_COMPONENTS) are missing.  Use the option
# CONFIG_MODE if your FindXXX.cmake module is a wrapper for a
# find_package(...  NO_MODULE) call.  In this case VERSION_VAR will be
# set to <NAME>_VERSION and the macro will automatically check whether
# the Config module was found.  Via FAIL_MESSAGE a custom failure
# message can be specified, if this is not used, the default message
# will be displayed.
#
# Example for mode 1:
#
# ::
#
#     find_package_handle_standard_args(LibXml2  DEFAULT_MSG
#       LIBXML2_LIBRARY LIBXML2_INCLUDE_DIR)
#
#
#
# LibXml2 is considered to be found, if both LIBXML2_LIBRARY and
# LIBXML2_INCLUDE_DIR are valid.  Then also LIBXML2_FOUND is set to
# TRUE.  If it is not found and REQUIRED was used, it fails with
# FATAL_ERROR, independent whether QUIET was used or not.  If it is
# found, success will be reported, including the content of <var1>.  On
# repeated Cmake runs, the same message won't be printed again.
#
# Example for mode 2:
#
# ::
#
#     find_package_handle_standard_args(LibXslt
#       FOUND_VAR LibXslt_FOUND
#       REQUIRED_VARS LibXslt_LIBRARIES LibXslt_INCLUDE_DIRS
#       VERSION_VAR LibXslt_VERSION_STRING)
#
# In this case, LibXslt is considered to be found if the variable(s)
# listed after REQUIRED_VAR are all valid, i.e.  LibXslt_LIBRARIES and
# LibXslt_INCLUDE_DIRS in this case.  The result will then be stored in
# LibXslt_FOUND .  Also the version of LibXslt will be checked by using
# the version contained in LibXslt_VERSION_STRING.  Since no
# FAIL_MESSAGE is given, the default messages will be printed.
#
# Another example for mode 2:
#
# ::
#
#     find_package(Automoc4 QUIET NO_MODULE HINTS /opt/automoc4)
#     find_package_handle_standard_args(Automoc4  CONFIG_MODE)
#
# In this case, FindAutmoc4.cmake wraps a call to find_package(Automoc4
# NO_MODULE) and adds an additional search directory for automoc4.  Here
# the result will be stored in AUTOMOC4_FOUND.  The following
# FIND_PACKAGE_HANDLE_STANDARD_ARGS() call produces a proper
# success/error message.",[],CMake,0,1,117
19440,mining-visualizer/mvis-tokenminer,https://github.com/mining-visualizer/mvis-tokenminer/blob/ae09b3f5314f202230dd812b5cd354a54bb140c6/cmake/FindPackageHandleStandardArgs.cmake#L119,"#=============================================================================
# Copyright 2007-2009 Kitware, Inc.
#
# Distributed under the OSI-approved BSD License (the ""License"");
# see accompanying file Copyright.txt for details.
#
# This software is distributed WITHOUT ANY WARRANTY; without even the
# implied warranty of MERCHANTABILITY or FITNESS FOR A PARTICULAR PURPOSE.
# See the License for more information.
#=============================================================================
# (To distribute this file outside of CMake, substitute the full
#  License text for the above reference.)",[],CMake,0,119,130
19440,mining-visualizer/mvis-tokenminer,https://github.com/mining-visualizer/mvis-tokenminer/blob/ae09b3f5314f202230dd812b5cd354a54bb140c6/cmake/FindPackageHandleStandardArgs.cmake#L135,# internal helper macro,[],CMake,0,135,135
19440,mining-visualizer/mvis-tokenminer,https://github.com/mining-visualizer/mvis-tokenminer/blob/ae09b3f5314f202230dd812b5cd354a54bb140c6/cmake/FindPackageHandleStandardArgs.cmake#L147,# internal helper macro to generate the failure message when used in CONFIG_MODE:,[],CMake,0,147,147
19440,mining-visualizer/mvis-tokenminer,https://github.com/mining-visualizer/mvis-tokenminer/blob/ae09b3f5314f202230dd812b5cd354a54bb140c6/cmake/FindPackageHandleStandardArgs.cmake#L149,"# <name>_CONFIG is set, but FOUND is false, this means that some other of the REQUIRED_VARS was not found:",[],CMake,2,149,149
19440,mining-visualizer/mvis-tokenminer,https://github.com/mining-visualizer/mvis-tokenminer/blob/ae09b3f5314f202230dd812b5cd354a54bb140c6/cmake/FindPackageHandleStandardArgs.cmake#L153,"# If _CONSIDERED_CONFIGS is set, the config-file has been found, but no suitable version.
# List them all in the error message:",[],CMake,4,153,154
19440,mining-visualizer/mvis-tokenminer,https://github.com/mining-visualizer/mvis-tokenminer/blob/ae09b3f5314f202230dd812b5cd354a54bb140c6/cmake/FindPackageHandleStandardArgs.cmake#L170,# Simple case: No Config-file was found at all:,[],CMake,6,170,170
19440,mining-visualizer/mvis-tokenminer,https://github.com/mining-visualizer/mvis-tokenminer/blob/ae09b3f5314f202230dd812b5cd354a54bb140c6/cmake/FindPackageHandleStandardArgs.cmake#L179,"# set up the arguments for CMAKE_PARSE_ARGUMENTS and check whether we are in
# new extended or in the ""old"" mode:",[],CMake,0,179,180
19440,mining-visualizer/mvis-tokenminer,https://github.com/mining-visualizer/mvis-tokenminer/blob/ae09b3f5314f202230dd812b5cd354a54bb140c6/cmake/FindPackageHandleStandardArgs.cmake#L204,"# now that we collected all arguments, process them",[],CMake,0,204,204
19440,mining-visualizer/mvis-tokenminer,https://github.com/mining-visualizer/mvis-tokenminer/blob/ae09b3f5314f202230dd812b5cd354a54bb140c6/cmake/FindPackageHandleStandardArgs.cmake#L210,"# In config-mode, we rely on the variable <package>_CONFIG, which is set by find_package()
# when it successfully found the config-file, including version checking:",[],CMake,2,210,211
19440,mining-visualizer/mvis-tokenminer,https://github.com/mining-visualizer/mvis-tokenminer/blob/ae09b3f5314f202230dd812b5cd354a54bb140c6/cmake/FindPackageHandleStandardArgs.cmake#L237,"# collect all variables which were not found, so they can be printed, so the
# user knows better what went wrong (#6375)",[],CMake,2,237,238
19440,mining-visualizer/mvis-tokenminer,https://github.com/mining-visualizer/mvis-tokenminer/blob/ae09b3f5314f202230dd812b5cd354a54bb140c6/cmake/FindPackageHandleStandardArgs.cmake#L241,# check if all passed variables are valid,[],CMake,2,241,241
19440,mining-visualizer/mvis-tokenminer,https://github.com/mining-visualizer/mvis-tokenminer/blob/ae09b3f5314f202230dd812b5cd354a54bb140c6/cmake/FindPackageHandleStandardArgs.cmake#L255,# component handling,[],CMake,2,255,255
19440,mining-visualizer/mvis-tokenminer,https://github.com/mining-visualizer/mvis-tokenminer/blob/ae09b3f5314f202230dd812b5cd354a54bb140c6/cmake/FindPackageHandleStandardArgs.cmake#L286,# version handling:,[],CMake,2,286,286
19440,mining-visualizer/mvis-tokenminer,https://github.com/mining-visualizer/mvis-tokenminer/blob/ae09b3f5314f202230dd812b5cd354a54bb140c6/cmake/FindPackageHandleStandardArgs.cmake#L291,"# check with DEFINED here as the requested or found version may be ""0""",[],CMake,2,291,291
19440,mining-visualizer/mvis-tokenminer,https://github.com/mining-visualizer/mvis-tokenminer/blob/ae09b3f5314f202230dd812b5cd354a54bb140c6/cmake/FindPackageHandleStandardArgs.cmake#L295,# exact version required,[],CMake,44,295,295
19440,mining-visualizer/mvis-tokenminer,https://github.com/mining-visualizer/mvis-tokenminer/blob/ae09b3f5314f202230dd812b5cd354a54bb140c6/cmake/FindPackageHandleStandardArgs.cmake#L296,# count the dots in the version string,[],CMake,8,296,296
19440,mining-visualizer/mvis-tokenminer,https://github.com/mining-visualizer/mvis-tokenminer/blob/ae09b3f5314f202230dd812b5cd354a54bb140c6/cmake/FindPackageHandleStandardArgs.cmake#L298,# add one dot because there is one dot more than there are components,[],CMake,8,298,298
19440,mining-visualizer/mvis-tokenminer,https://github.com/mining-visualizer/mvis-tokenminer/blob/ae09b3f5314f202230dd812b5cd354a54bb140c6/cmake/FindPackageHandleStandardArgs.cmake#L301,"# Because of the C++ implementation of find_package() ${_NAME}_FIND_VERSION_COUNT
# is at most 4 here. Therefore a simple lookup table is used.",[],CMake,10,301,302
19440,mining-visualizer/mvis-tokenminer,https://github.com/mining-visualizer/mvis-tokenminer/blob/ae09b3f5314f202230dd812b5cd354a54bb140c6/cmake/FindPackageHandleStandardArgs.cmake#L331,# minimum version specified:,[],CMake,17,331,331
19440,mining-visualizer/mvis-tokenminer,https://github.com/mining-visualizer/mvis-tokenminer/blob/ae09b3f5314f202230dd812b5cd354a54bb140c6/cmake/FindPackageHandleStandardArgs.cmake#L342,"# if the package was not found, but a version was given, add that to the output:",[],CMake,6,342,342
19440,mining-visualizer/mvis-tokenminer,https://github.com/mining-visualizer/mvis-tokenminer/blob/ae09b3f5314f202230dd812b5cd354a54bb140c6/cmake/FindPackageHandleStandardArgs.cmake#L363,# print the result:,[],CMake,2,363,363
19440,mining-visualizer/mvis-tokenminer,https://github.com/mining-visualizer/mvis-tokenminer/blob/ae09b3f5314f202230dd812b5cd354a54bb140c6/cmake/FindPackageMessage.cmake#L29,"#=============================================================================
# Copyright 2008-2009 Kitware, Inc.
#
# Distributed under the OSI-approved BSD License (the ""License"");
# see accompanying file Copyright.txt for details.
#
# This software is distributed WITHOUT ANY WARRANTY; without even the
# implied warranty of MERCHANTABILITY or FITNESS FOR A PARTICULAR PURPOSE.
# See the License for more information.
#=============================================================================
# (To distribute this file outside of CMake, substitute the full
#  License text for the above reference.)",[],CMake,0,29,40
19440,mining-visualizer/mvis-tokenminer,https://github.com/mining-visualizer/mvis-tokenminer/blob/ae09b3f5314f202230dd812b5cd354a54bb140c6/cmake/FindPackageMessage.cmake#L43,# Avoid printing a message repeatedly for the same find result.,[],CMake,2,43,43
19440,mining-visualizer/mvis-tokenminer,https://github.com/mining-visualizer/mvis-tokenminer/blob/ae09b3f5314f202230dd812b5cd354a54bb140c6/cmake/FindPackageMessage.cmake#L48,# The message has not yet been printed.,[],CMake,6,48,48
19440,mining-visualizer/mvis-tokenminer,https://github.com/mining-visualizer/mvis-tokenminer/blob/ae09b3f5314f202230dd812b5cd354a54bb140c6/cmake/FindPackageMessage.cmake#L51,"# Save the find details in the cache to avoid printing the same
# message again.",[],CMake,6,51,52
19440,mining-visualizer/mvis-tokenminer,https://github.com/mining-visualizer/mvis-tokenminer/blob/ae09b3f5314f202230dd812b5cd354a54bb140c6/cmake/FindReadline.cmake#L1,"# Find readline
#
# Find the readline includes and library
# 
# if you nee to add a custom library search path, do it via via CMAKE_PREFIX_PATH 
# 
# This module defines
#  READLINE_INCLUDE_DIRS, where to find header, etc.
#  READLINE_LIBRARIES, the libraries needed to use readline.
#  READLINE_FOUND, If false, do not try to use readline.",[],CMake,0,1,10
19440,mining-visualizer/mvis-tokenminer,https://github.com/mining-visualizer/mvis-tokenminer/blob/ae09b3f5314f202230dd812b5cd354a54bb140c6/cmake/FindReadline.cmake#L12,# only look in default directories,[],CMake,0,12,12
19440,mining-visualizer/mvis-tokenminer,https://github.com/mining-visualizer/mvis-tokenminer/blob/ae09b3f5314f202230dd812b5cd354a54bb140c6/cmake/FindReadline.cmake#L28,"# handle the QUIETLY and REQUIRED arguments and set READLINE_FOUND to TRUE
# if all listed variables are TRUE, hide their existence from configuration view",[],CMake,0,28,29
19440,mining-visualizer/mvis-tokenminer,https://github.com/mining-visualizer/mvis-tokenminer/blob/ae09b3f5314f202230dd812b5cd354a54bb140c6/cmake/FindWindowsSDK.cmake#L1,"# - Find the Windows SDK aka Platform SDK
#
# Relevant Wikipedia article: http://en.wikipedia.org/wiki/Microsoft_Windows_SDK
#
# Variables:
#  WINDOWSSDK_FOUND - if any version of the windows or platform SDK was found that is usable with the current version of visual studio
#  WINDOWSSDK_LATEST_DIR
#  WINDOWSSDK_LATEST_NAME
#  WINDOWSSDK_FOUND_PREFERENCE - if we found an entry indicating a ""preferred"" SDK listed for this visual studio version
#  WINDOWSSDK_PREFERRED_DIR
#  WINDOWSSDK_PREFERRED_NAME
#
#  WINDOWSSDK_DIRS - contains no duplicates, ordered most recent first.
#  WINDOWSSDK_PREFERRED_FIRST_DIRS - contains no duplicates, ordered with preferred first, followed by the rest in descending recency
#
# Functions:
#  windowssdk_name_lookup(<directory> <output variable>) - Find the name corresponding with the SDK directory you pass in, or
#     NOTFOUND if not recognized. Your directory must be one of WINDOWSSDK_DIRS for this to work.
#
#  get_windowssdk_from_component(<file or dir> <output variable>) - Given a library or include dir,
#     find the Windows SDK root dir corresponding to it, or NOTFOUND if unrecognized.
#
#  get_windowssdk_library_dirs(<directory> <output variable>) - Find the architecture-appropriate
#     library directories corresponding to the SDK directory you pass in (or NOTFOUND if none)
#
#  get_windowssdk_include_dirs(<directory> <output variable>) - Find the
#     include directories corresponding to the SDK directory you pass in (or NOTFOUND if none)
#
# Requires these CMake modules:
#  FindPackageHandleStandardArgs (known included with CMake >=2.6.2)
#
# Original Author:
# 2012 Ryan Pavlik <rpavlik@iastate.edu> <abiryan@ryand.net>
# http://academic.cleardefinition.com
# Iowa State University HCI Graduate Program/VRAC
#
# Copyright Iowa State University 2012.
# Distributed under the Boost Software License, Version 1.0.
# (See accompanying file LICENSE_1_0.txt or copy at
# http://www.boost.org/LICENSE_1_0.txt)",[],CMake,0,1,40
19440,mining-visualizer/mvis-tokenminer,https://github.com/mining-visualizer/mvis-tokenminer/blob/ae09b3f5314f202230dd812b5cd354a54bb140c6/cmake/FindWindowsSDK.cmake#L45,# Newer than VS .NET/VS Toolkit 2003,[],CMake,30,45,45
19440,mining-visualizer/mvis-tokenminer,https://github.com/mining-visualizer/mvis-tokenminer/blob/ae09b3f5314f202230dd812b5cd354a54bb140c6/cmake/FindWindowsSDK.cmake#L47,# Environment variable for SDK dir,[],CMake,1,47,47
19440,mining-visualizer/mvis-tokenminer,https://github.com/mining-visualizer/mvis-tokenminer/blob/ae09b3f5314f202230dd812b5cd354a54bb140c6/cmake/FindWindowsSDK.cmake#L54,# Per-user current Windows SDK for VS2005/2008,[],CMake,2,54,54
19440,mining-visualizer/mvis-tokenminer,https://github.com/mining-visualizer/mvis-tokenminer/blob/ae09b3f5314f202230dd812b5cd354a54bb140c6/cmake/FindWindowsSDK.cmake#L62,# System-wide current Windows SDK for VS2005/2008,[],CMake,2,62,62
19440,mining-visualizer/mvis-tokenminer,https://github.com/mining-visualizer/mvis-tokenminer/blob/ae09b3f5314f202230dd812b5cd354a54bb140c6/cmake/FindWindowsSDK.cmake#L72,# VC 10 and older has broad target support,[],CMake,2,72,72
19440,mining-visualizer/mvis-tokenminer,https://github.com/mining-visualizer/mvis-tokenminer/blob/ae09b3f5314f202230dd812b5cd354a54bb140c6/cmake/FindWindowsSDK.cmake#L75,"# VC 11 by default targets Vista and later only, so we can add a few more SDKs that (might?) only work on vista+",[],CMake,2,75,75
19440,mining-visualizer/mvis-tokenminer,https://github.com/mining-visualizer/mvis-tokenminer/blob/ae09b3f5314f202230dd812b5cd354a54bb140c6/cmake/FindWindowsSDK.cmake#L77,# This is the XP-compatible v110 toolset,[],CMake,3,77,77
19440,mining-visualizer/mvis-tokenminer,https://github.com/mining-visualizer/mvis-tokenminer/blob/ae09b3f5314f202230dd812b5cd354a54bb140c6/cmake/FindWindowsSDK.cmake#L79,# This is the VS2010 toolset,[],CMake,3,79,79
19440,mining-visualizer/mvis-tokenminer,https://github.com/mining-visualizer/mvis-tokenminer/blob/ae09b3f5314f202230dd812b5cd354a54bb140c6/cmake/FindWindowsSDK.cmake#L84,# These versions have no XP (and possibly Vista pre-SP1) support,[],CMake,3,84,84
19440,mining-visualizer/mvis-tokenminer,https://github.com/mining-visualizer/mvis-tokenminer/blob/ae09b3f5314f202230dd812b5cd354a54bb140c6/cmake/FindWindowsSDK.cmake#L88,"# Windows Software Development Kit (SDK) for Windows 8.1
# http://msdn.microsoft.com/en-gb/windows/desktop/bg162891",[],CMake,5,88,89
19440,mining-visualizer/mvis-tokenminer,https://github.com/mining-visualizer/mvis-tokenminer/blob/ae09b3f5314f202230dd812b5cd354a54bb140c6/cmake/FindWindowsSDK.cmake#L93,# Included in Visual Studio 2012,[],CMake,4,93,93
19440,mining-visualizer/mvis-tokenminer,https://github.com/mining-visualizer/mvis-tokenminer/blob/ae09b3f5314f202230dd812b5cd354a54bb140c6/cmake/FindWindowsSDK.cmake#L96,"# Microsoft Windows SDK for Windows 8 and .NET Framework 4.5
# This is the first version to also include the DirectX SDK
# http://msdn.microsoft.com/en-US/windows/desktop/hh852363.aspx",[],CMake,4,96,98
19440,mining-visualizer/mvis-tokenminer,https://github.com/mining-visualizer/mvis-tokenminer/blob/ae09b3f5314f202230dd812b5cd354a54bb140c6/cmake/FindWindowsSDK.cmake#L101,"# Microsoft Windows SDK for Windows 7 and .NET Framework 4
# http://www.microsoft.com/downloads/en/details.aspx?FamilyID=6b6c21d2-2006-4afa-9702-529fa782d63b",[],CMake,4,101,102
19440,mining-visualizer/mvis-tokenminer,https://github.com/mining-visualizer/mvis-tokenminer/blob/ae09b3f5314f202230dd812b5cd354a54bb140c6/cmake/FindWindowsSDK.cmake#L110,"# Included in Visual Studio 2013
# Includes the v120_xp toolset",[],CMake,2,110,111
19440,mining-visualizer/mvis-tokenminer,https://github.com/mining-visualizer/mvis-tokenminer/blob/ae09b3f5314f202230dd812b5cd354a54bb140c6/cmake/FindWindowsSDK.cmake#L114,"# Included with VS 2012 Update 1 or later
# Introduces v110_xp toolset",[],CMake,2,114,115
19440,mining-visualizer/mvis-tokenminer,https://github.com/mining-visualizer/mvis-tokenminer/blob/ae09b3f5314f202230dd812b5cd354a54bb140c6/cmake/FindWindowsSDK.cmake#L118,# Included with VS 2010,[],CMake,2,118,118
19440,mining-visualizer/mvis-tokenminer,https://github.com/mining-visualizer/mvis-tokenminer/blob/ae09b3f5314f202230dd812b5cd354a54bb140c6/cmake/FindWindowsSDK.cmake#L121,"# Windows SDK for Windows 7 and .NET Framework 3.5 SP1
# Works with VC9
#http://www.microsoft.com/en-us/download/details.aspx?id=18950",[],CMake,2,121,123
19440,mining-visualizer/mvis-tokenminer,https://github.com/mining-visualizer/mvis-tokenminer/blob/ae09b3f5314f202230dd812b5cd354a54bb140c6/cmake/FindWindowsSDK.cmake#L126,"# Two versions call themselves ""v6.1"":
# Older:
# Windows Vista Update & .NET 3.0 SDK
# http://www.microsoft.com/en-us/download/details.aspx?id=14477",[],CMake,2,126,129
19440,mining-visualizer/mvis-tokenminer,https://github.com/mining-visualizer/mvis-tokenminer/blob/ae09b3f5314f202230dd812b5cd354a54bb140c6/cmake/FindWindowsSDK.cmake#L137,# Included in VS 2008,[],CMake,2,137,137
19440,mining-visualizer/mvis-tokenminer,https://github.com/mining-visualizer/mvis-tokenminer/blob/ae09b3f5314f202230dd812b5cd354a54bb140c6/cmake/FindWindowsSDK.cmake#L140,"# Microsoft Windows Software Development Kit for Windows Vista and .NET Framework 3.0 Runtime Components
# http://blogs.msdn.com/b/stanley/archive/2006/11/08/microsoft-windows-software-development-kit-for-windows-vista-and-net-framework-3-0-runtime-components.aspx",[],CMake,2,140,141
19440,mining-visualizer/mvis-tokenminer,https://github.com/mining-visualizer/mvis-tokenminer/blob/ae09b3f5314f202230dd812b5cd354a54bb140c6/cmake/FindWindowsSDK.cmake#L193,# Remove duplicates,[],CMake,1,193,193
19440,mining-visualizer/mvis-tokenminer,https://github.com/mining-visualizer/mvis-tokenminer/blob/ae09b3f5314f202230dd812b5cd354a54bb140c6/cmake/FindWindowsSDK.cmake#L210,"# In case a preferred dir was found that isn't found otherwise
#set(WINDOWSSDK_DIRS ${WINDOWSSDK_DIRS} ${WINDOWSSDK_PREFERRED_FIRST_DIRS})
#list(REMOVE_DUPLICATES WINDOWSSDK_DIRS)",[],CMake,1,210,212
19440,mining-visualizer/mvis-tokenminer,https://github.com/mining-visualizer/mvis-tokenminer/blob/ae09b3f5314f202230dd812b5cd354a54bb140c6/cmake/FindWindowsSDK.cmake#L241,# Internal: Architecture-appropriate library directory names.,[],CMake,1,241,241
19440,mining-visualizer/mvis-tokenminer,https://github.com/mining-visualizer/mvis-tokenminer/blob/ae09b3f5314f202230dd812b5cd354a54bb140c6/cmake/FindWindowsSDK.cmake#L243,# what the architecture used to be called in oldest SDKs,[],CMake,29,243,243
19440,mining-visualizer/mvis-tokenminer,https://github.com/mining-visualizer/mvis-tokenminer/blob/ae09b3f5314f202230dd812b5cd354a54bb140c6/cmake/FindWindowsSDK.cmake#L244,# what the architecture used to be called,[],CMake,24,244,244
19440,mining-visualizer/mvis-tokenminer,https://github.com/mining-visualizer/mvis-tokenminer/blob/ae09b3f5314f202230dd812b5cd354a54bb140c6/cmake/FindWindowsSDK.cmake#L245,# what the WDK for Win8+ calls this architecture,[],CMake,25,245,245
19440,mining-visualizer/mvis-tokenminer,https://github.com/mining-visualizer/mvis-tokenminer/blob/ae09b3f5314f202230dd812b5cd354a54bb140c6/cmake/FindWindowsSDK.cmake#L248,# what the architecture used to be called in oldest SDKs,[],CMake,30,248,248
19440,mining-visualizer/mvis-tokenminer,https://github.com/mining-visualizer/mvis-tokenminer/blob/ae09b3f5314f202230dd812b5cd354a54bb140c6/cmake/FindWindowsSDK.cmake#L249,# what the architecture used to be called,[],CMake,27,249,249
19440,mining-visualizer/mvis-tokenminer,https://github.com/mining-visualizer/mvis-tokenminer/blob/ae09b3f5314f202230dd812b5cd354a54bb140c6/cmake/FindWindowsSDK.cmake#L250,# what the WDK for Win8+ calls this architecture,[],CMake,26,250,250
19440,mining-visualizer/mvis-tokenminer,https://github.com/mining-visualizer/mvis-tokenminer/blob/ae09b3f5314f202230dd812b5cd354a54bb140c6/cmake/FindWindowsSDK.cmake#L252,# what the architecture used to be called in oldest SDKs,[],CMake,26,252,252
19440,mining-visualizer/mvis-tokenminer,https://github.com/mining-visualizer/mvis-tokenminer/blob/ae09b3f5314f202230dd812b5cd354a54bb140c6/cmake/FindWindowsSDK.cmake#L253,# what the architecture used to be called,[],CMake,26,253,253
19440,mining-visualizer/mvis-tokenminer,https://github.com/mining-visualizer/mvis-tokenminer/blob/ae09b3f5314f202230dd812b5cd354a54bb140c6/cmake/FindWindowsSDK.cmake#L254,# what the WDK for Win8+ calls this architecture,[],CMake,26,254,254
19440,mining-visualizer/mvis-tokenminer,https://github.com/mining-visualizer/mvis-tokenminer/blob/ae09b3f5314f202230dd812b5cd354a54bb140c6/cmake/FindWindowsSDK.cmake#L265,"# If we don't have any ""parent directory"" items...",[],CMake,3,265,265
19440,mining-visualizer/mvis-tokenminer,https://github.com/mining-visualizer/mvis-tokenminer/blob/ae09b3f5314f202230dd812b5cd354a54bb140c6/cmake/FindWindowsSDK.cmake#L271,# Fail.,[],CMake,2,271,271
19440,mining-visualizer/mvis-tokenminer,https://github.com/mining-visualizer/mvis-tokenminer/blob/ae09b3f5314f202230dd812b5cd354a54bb140c6/cmake/FindWindowsSDK.cmake#L277,# SDKs like 7.1A,[],CMake,28,277,277
19440,mining-visualizer/mvis-tokenminer,https://github.com/mining-visualizer/mvis-tokenminer/blob/ae09b3f5314f202230dd812b5cd354a54bb140c6/cmake/FindWindowsSDK.cmake#L278,# Win2k min requirement,[],CMake,29,278,278
19440,mining-visualizer/mvis-tokenminer,https://github.com/mining-visualizer/mvis-tokenminer/blob/ae09b3f5314f202230dd812b5cd354a54bb140c6/cmake/FindWindowsSDK.cmake#L279,# WinXP min requirement,[],CMake,29,279,279
19440,mining-visualizer/mvis-tokenminer,https://github.com/mining-visualizer/mvis-tokenminer/blob/ae09b3f5314f202230dd812b5cd354a54bb140c6/cmake/FindWindowsSDK.cmake#L280,# Win Server 2003 min requirement,[],CMake,30,280,280
19440,mining-visualizer/mvis-tokenminer,https://github.com/mining-visualizer/mvis-tokenminer/blob/ae09b3f5314f202230dd812b5cd354a54bb140c6/cmake/FindWindowsSDK.cmake#L281,"# Win Vista (""Long Horn"") min requirement",[],CMake,29,281,281
19440,mining-visualizer/mvis-tokenminer,https://github.com/mining-visualizer/mvis-tokenminer/blob/ae09b3f5314f202230dd812b5cd354a54bb140c6/cmake/FindWindowsSDK.cmake#L282,"# Win Vista (""Long Horn"") min requirement",[],CMake,33,282,282
19440,mining-visualizer/mvis-tokenminer,https://github.com/mining-visualizer/mvis-tokenminer/blob/ae09b3f5314f202230dd812b5cd354a54bb140c6/cmake/FindWindowsSDK.cmake#L283,# Win 7 min requirement,[],CMake,30,283,283
19440,mining-visualizer/mvis-tokenminer,https://github.com/mining-visualizer/mvis-tokenminer/blob/ae09b3f5314f202230dd812b5cd354a54bb140c6/cmake/FindWindowsSDK.cmake#L284,# Win 7 min requirement,[],CMake,34,284,284
19440,mining-visualizer/mvis-tokenminer,https://github.com/mining-visualizer/mvis-tokenminer/blob/ae09b3f5314f202230dd812b5cd354a54bb140c6/cmake/FindWindowsSDK.cmake#L285,# Win 8 min requirement,[],CMake,34,285,285
19440,mining-visualizer/mvis-tokenminer,https://github.com/mining-visualizer/mvis-tokenminer/blob/ae09b3f5314f202230dd812b5cd354a54bb140c6/cmake/FindWindowsSDK.cmake#L286,# Win 8 min requirement,[],CMake,34,286,286
19440,mining-visualizer/mvis-tokenminer,https://github.com/mining-visualizer/mvis-tokenminer/blob/ae09b3f5314f202230dd812b5cd354a54bb140c6/cmake/FindWindowsSDK.cmake#L287,# Win 8.1 min requirement,[],CMake,37,287,287
19440,mining-visualizer/mvis-tokenminer,https://github.com/mining-visualizer/mvis-tokenminer/blob/ae09b3f5314f202230dd812b5cd354a54bb140c6/cmake/FindWindowsSDK.cmake#L288,# Win 8.1 min requirement,[],CMake,37,288,288
19440,mining-visualizer/mvis-tokenminer,https://github.com/mining-visualizer/mvis-tokenminer/blob/ae09b3f5314f202230dd812b5cd354a54bb140c6/cmake/FindWindowsSDK.cmake#L290,# Check to see if a library actually exists here.,[],CMake,3,290,290
19440,mining-visualizer/mvis-tokenminer,https://github.com/mining-visualizer/mvis-tokenminer/blob/ae09b3f5314f202230dd812b5cd354a54bb140c6/cmake/FindWindowsSDK.cmake#L311,# Check to see if a header file actually exists here.,[],CMake,3,311,311
19440,mining-visualizer/mvis-tokenminer,https://github.com/mining-visualizer/mvis-tokenminer/blob/ae09b3f5314f202230dd812b5cd354a54bb140c6/cmake/Findjson_rpc_cpp.cmake#L1,"# Find json-rcp-cpp 
#
# Find the json-rpc-cpp includes and library
# 
# if you nee to add a custom library search path, do it via via CMAKE_PREFIX_PATH 
# 
# This module defines
#  JSON_RCP_CPP_INCLUDE_DIRS, where to find header, etc.
#  JSON_RCP_CPP_LIBRARIES, the libraries needed to use json-rpc-cpp.
#  JSON_RPC_CPP_SERVER_LIBRARIES, the libraries needed to use json-rpc-cpp-server
#  JSON_RPC_CPP_CLIENT_LIBRARIES, the libraries needed to use json-rpc-cpp-client
#  JSON_RCP_CPP_FOUND, If false, do not try to use json-rpc-cpp.
#  JSON_RPC_CPP_VERSION, version of library
#  JSON_RPC_CPP_VERSION_MAJOR
#  JSON_RPC_CPP_VERSION_MINOR
#  JSON_RPC_CPP_VERSION_PATCH",[],CMake,0,1,16
19440,mining-visualizer/mvis-tokenminer,https://github.com/mining-visualizer/mvis-tokenminer/blob/ae09b3f5314f202230dd812b5cd354a54bb140c6/cmake/Findjson_rpc_cpp.cmake#L19,# only look in default directories,[],CMake,0,19,19
19440,mining-visualizer/mvis-tokenminer,https://github.com/mining-visualizer/mvis-tokenminer/blob/ae09b3f5314f202230dd812b5cd354a54bb140c6/cmake/Findjson_rpc_cpp.cmake#L45,# these are the variables to be uses by the calling script,[],CMake,0,45,45
19440,mining-visualizer/mvis-tokenminer,https://github.com/mining-visualizer/mvis-tokenminer/blob/ae09b3f5314f202230dd812b5cd354a54bb140c6/cmake/Findjson_rpc_cpp.cmake#L112,"# handle the QUIETLY and REQUIRED arguments and set JSON_RPC_CPP_FOUND to TRUE
# if all listed variables are TRUE, hide their existence from configuration view",[],CMake,0,112,113
19440,mining-visualizer/mvis-tokenminer,https://github.com/mining-visualizer/mvis-tokenminer/blob/ae09b3f5314f202230dd812b5cd354a54bb140c6/cmake/Findv8.cmake#L1,"# Find v8
#
# Find the v8 includes and library
# 
# if you nee to add a custom library search path, do it via via CMAKE_PREFIX_PATH 
# 
# This module defines
#  V8_INCLUDE_DIRS, where to find header, etc.
#  V8_LIBRARIES, the libraries needed to use v8.
#  V8_FOUND, If false, do not try to use v8.",[],CMake,0,1,10
19440,mining-visualizer/mvis-tokenminer,https://github.com/mining-visualizer/mvis-tokenminer/blob/ae09b3f5314f202230dd812b5cd354a54bb140c6/cmake/Findv8.cmake#L12,# only look in default directories,[],CMake,0,12,12
19440,mining-visualizer/mvis-tokenminer,https://github.com/mining-visualizer/mvis-tokenminer/blob/ae09b3f5314f202230dd812b5cd354a54bb140c6/cmake/Findv8.cmake#L63,"# handle the QUIETLY and REQUIRED arguments and set V8_FOUND to TRUE
# if all listed variables are TRUE, hide their existence from configuration view",[],CMake,0,63,64
19440,mining-visualizer/mvis-tokenminer,https://github.com/mining-visualizer/mvis-tokenminer/blob/ae09b3f5314f202230dd812b5cd354a54bb140c6/cmake/scripts/buildinfo.cmake#L1,"# generates BuildInfo.h
# 
# this module expects
# ETH_SOURCE_DIR - main CMAKE_SOURCE_DIR
# ETH_DST_DIR - main CMAKE_BINARY_DIR
# ETH_BUILD_TYPE
# ETH_BUILD_PLATFORM
#
# example usage:
# cmake -DETH_SOURCE_DIR=. -DETH_DST_DIR=build -DETH_BUILD_TYPE=Debug -DETH_BUILD_PLATFORM=mac -P scripts/buildinfo.cmake",[],CMake,0,1,10
19440,mining-visualizer/mvis-tokenminer,https://github.com/mining-visualizer/mvis-tokenminer/blob/ae09b3f5314f202230dd812b5cd354a54bb140c6/cmake/scripts/configure.cmake#L1,"# adds possibility to run configure_file as buildstep
# reference: 
# http://www.cmake.org/pipermail/cmake/2012-May/050227.html
#
# This module expects
# INFILE
# OUTFILE
# other custom vars
#
# example usage:
# cmake -DINFILE=blah.in -DOUTFILE=blah.out -Dvar1=value1 -Dvar2=value2 -P scripts/configure.cmake ",[],CMake,0,1,11
19440,mining-visualizer/mvis-tokenminer,https://github.com/mining-visualizer/mvis-tokenminer/blob/ae09b3f5314f202230dd812b5cd354a54bb140c6/cmake/scripts/copydlls.cmake#L1,"# this module expects
# DLLS
# CONF
# DESTINATION",[],CMake,0,1,4
19440,mining-visualizer/mvis-tokenminer,https://github.com/mining-visualizer/mvis-tokenminer/blob/ae09b3f5314f202230dd812b5cd354a54bb140c6/cmake/scripts/copydlls.cmake#L6,"# example usage:
# cmake -DDLL_DEBUG=xd.dll -DDLL_RELEASE=x.dll -DCONFIGURATION=Release -DDESTINATION=dest -P scripts/copydlls.cmake",[],CMake,0,6,7
19440,mining-visualizer/mvis-tokenminer,https://github.com/mining-visualizer/mvis-tokenminer/blob/ae09b3f5314f202230dd812b5cd354a54bb140c6/cmake/scripts/copydlls.cmake#L9,# this script is created cause we do not know configuration in multiconfiguration generators at cmake configure phase ;),[],CMake,0,9,9
19440,mining-visualizer/mvis-tokenminer,https://github.com/mining-visualizer/mvis-tokenminer/blob/ae09b3f5314f202230dd812b5cd354a54bb140c6/cmake/scripts/jsonrpcstub.cmake#L1,"# generates JSONRPC Stub Server && Client
#
# this script expects
# ETH_SOURCE_DIR - main CMAKE_SOURCE_DIR
# ETH_SPEC_PATH
# ETH_SERVER_DIR
# ETH_CLIENT_DIR
# ETH_SERVER_NAME
# ETH_CLIENT_NAME
# ETH_JSON_RPC_STUB
# 
# example usage:
# cmake -DETH_SPEC_PATH=spec.json -DETH_SERVER_DIR=libweb3jsonrpc -DETH_CLIENT_DIR=test 
# -DETH_SERVER_NAME=AbstractWebThreeStubServer -DETH_CLIENT_NAME=WebThreeStubClient -DETH_JSON_RPC_STUB=/usr/local/bin/jsonrpcstub",[],CMake,0,1,14
19440,mining-visualizer/mvis-tokenminer,https://github.com/mining-visualizer/mvis-tokenminer/blob/ae09b3f5314f202230dd812b5cd354a54bb140c6/cmake/scripts/jsonrpcstub.cmake#L16,"# by default jsonrpcstub produces files in lowercase, we want to stick to this",[],CMake,0,16,16
19440,mining-visualizer/mvis-tokenminer,https://github.com/mining-visualizer/mvis-tokenminer/blob/ae09b3f5314f202230dd812b5cd354a54bb140c6/cmake/scripts/jsonrpcstub.cmake#L20,# setup names,[],CMake,0,20,20
19440,mining-visualizer/mvis-tokenminer,https://github.com/mining-visualizer/mvis-tokenminer/blob/ae09b3f5314f202230dd812b5cd354a54bb140c6/cmake/scripts/jsonrpcstub.cmake#L26,# create tmp files,[],CMake,0,26,26
19440,mining-visualizer/mvis-tokenminer,https://github.com/mining-visualizer/mvis-tokenminer/blob/ae09b3f5314f202230dd812b5cd354a54bb140c6/cmake/scripts/jsonrpcstub.cmake#L34,"# don't throw fatal error on jsonrpcstub error, someone might have old version of jsonrpcstub,
# he does not need to upgrade it if he is not working on JSON RPC
# show him warning instead",[],CMake,0,34,36
19440,mining-visualizer/mvis-tokenminer,https://github.com/mining-visualizer/mvis-tokenminer/blob/ae09b3f5314f202230dd812b5cd354a54bb140c6/cmake/scripts/resources.cmake#L1,"# based on: http://stackoverflow.com/questions/11813271/embed-resources-eg-shader-code-images-into-executable-library-with-cmake
#
# example:
# cmake -DETH_RES_FILE=test.cmake -P resources.cmake
#
# where test.cmake is:
# 
# # BEGIN OF cmake.test
# 
# set(copydlls ""copydlls.cmake"")
# set(conf ""configure.cmake"")
# 
# # this three properties must be set!
#
# set(ETH_RESOURCE_NAME ""EthResources"")
# set(ETH_RESOURCE_LOCATION ""${CMAKE_CURRENT_SOURCE_DIR}"")
# set(ETH_RESOURCES ""copydlls"" ""conf"")
#
# # END of cmake.test
#",[],CMake,0,1,20
19440,mining-visualizer/mvis-tokenminer,https://github.com/mining-visualizer/mvis-tokenminer/blob/ae09b3f5314f202230dd812b5cd354a54bb140c6/cmake/scripts/resources.cmake#L22,# should define ETH_RESOURCES,[],CMake,0,22,22
19440,mining-visualizer/mvis-tokenminer,https://github.com/mining-visualizer/mvis-tokenminer/blob/ae09b3f5314f202230dd812b5cd354a54bb140c6/cmake/scripts/resources.cmake#L28,# resource is a name visible for cpp application ,[],CMake,0,28,28
19440,mining-visualizer/mvis-tokenminer,https://github.com/mining-visualizer/mvis-tokenminer/blob/ae09b3f5314f202230dd812b5cd354a54bb140c6/cmake/scripts/resources.cmake#L31,# filename is the name of file which will be used in app,[],CMake,1,31,31
19440,mining-visualizer/mvis-tokenminer,https://github.com/mining-visualizer/mvis-tokenminer/blob/ae09b3f5314f202230dd812b5cd354a54bb140c6/cmake/scripts/resources.cmake#L34,# filedata is a file content,[],CMake,1,34,34
19440,mining-visualizer/mvis-tokenminer,https://github.com/mining-visualizer/mvis-tokenminer/blob/ae09b3f5314f202230dd812b5cd354a54bb140c6/cmake/scripts/resources.cmake#L37,# read full name of the file,[],CMake,1,37,37
19440,mining-visualizer/mvis-tokenminer,https://github.com/mining-visualizer/mvis-tokenminer/blob/ae09b3f5314f202230dd812b5cd354a54bb140c6/cmake/scripts/resources.cmake#L40,# Convert hex data for C compatibility,[],CMake,1,40,40
19440,mining-visualizer/mvis-tokenminer,https://github.com/mining-visualizer/mvis-tokenminer/blob/ae09b3f5314f202230dd812b5cd354a54bb140c6/cmake/scripts/resources.cmake#L43,# append static variables to result variable,[],CMake,1,43,43
19440,mining-visualizer/mvis-tokenminer,https://github.com/mining-visualizer/mvis-tokenminer/blob/ae09b3f5314f202230dd812b5cd354a54bb140c6/cmake/scripts/resources.cmake#L46,# append init resources,[],CMake,1,46,46
19440,mining-visualizer/mvis-tokenminer,https://github.com/mining-visualizer/mvis-tokenminer/blob/ae09b3f5314f202230dd812b5cd354a54bb140c6/cmake/scripts/runtest.cmake#L1,"# Should be used to run ctest
# 
# example usage:
# cmake -DETH_TEST_NAME=TestInterfaceStub -DCTEST_COMMAND=/path/to/ctest -P scripts/runtest.cmake",[],CMake,0,1,4
19440,mining-visualizer/mvis-tokenminer,https://github.com/mining-visualizer/mvis-tokenminer/blob/ae09b3f5314f202230dd812b5cd354a54bb140c6/cmake/scripts/runtest.cmake#L10,"# verbosity is off, cause BOOST_MESSAGE is not thread safe and output is a trash
# see https://codecrafter.wordpress.com/2012/11/01/c-unit-test-framework-adapter-part-3/
#
# output might not be usefull cause of thread safety issue ",[],CMake,0,10,13
19440,mining-visualizer/mvis-tokenminer,https://github.com/mining-visualizer/mvis-tokenminer/blob/ae09b3f5314f202230dd812b5cd354a54bb140c6/libethash-cl/bin2h.cmake#L1,# https://gist.github.com/sivachandran/3a0de157dccef822a230,[],CMake,0,1,1
19440,mining-visualizer/mvis-tokenminer,https://github.com/mining-visualizer/mvis-tokenminer/blob/ae09b3f5314f202230dd812b5cd354a54bb140c6/libethash-cl/bin2h.cmake#L4,"# Function to wrap a given string into multiple lines at the given column position.
# Parameters:
#   VARIABLE    - The name of the CMake variable holding the string.
#   AT_COLUMN   - The column position at which string will be wrapped.",[],CMake,0,4,7
19440,mining-visualizer/mvis-tokenminer,https://github.com/mining-visualizer/mvis-tokenminer/blob/ae09b3f5314f202230dd812b5cd354a54bb140c6/libethash-cl/bin2h.cmake#L33,"# Script to embed contents of a file as byte array in C/C++ header file(.h). The header file
# will contain a byte array and integer variable holding the size of the array.
# Parameters
#   SOURCE_FILE     - The path of source file whose contents will be embedded in the header file.
#   VARIABLE_NAME   - The name of the variable for the byte array. The string ""_SIZE"" will be append
#                     to this name and will be used a variable name for size variable.
#   HEADER_FILE     - The path of header file.
#   APPEND          - If specified appends to the header file instead of overwriting it
#   NULL_TERMINATE  - If specified a null byte(zero) will be append to the byte array. This will be
#                     useful if the source file is a text file and we want to use the file contents
#                     as string. But the size variable holds size of the byte array without this
#                     null byte.",[],CMake,0,33,44
19440,mining-visualizer/mvis-tokenminer,https://github.com/mining-visualizer/mvis-tokenminer/blob/ae09b3f5314f202230dd812b5cd354a54bb140c6/libethash-cl/bin2h.cmake#L47,"# cmake_parse_arguments(BIN2H ""${options}"" ""${oneValueArgs}"" """" ${ARGN})",[],CMake,0,47,47
19440,mining-visualizer/mvis-tokenminer,https://github.com/mining-visualizer/mvis-tokenminer/blob/ae09b3f5314f202230dd812b5cd354a54bb140c6/libethash-cl/bin2h.cmake#L49,# reads source file contents as hex string,[],CMake,0,49,49
19440,mining-visualizer/mvis-tokenminer,https://github.com/mining-visualizer/mvis-tokenminer/blob/ae09b3f5314f202230dd812b5cd354a54bb140c6/libethash-cl/bin2h.cmake#L53,# appends null byte if asked,[],CMake,0,53,53
19440,mining-visualizer/mvis-tokenminer,https://github.com/mining-visualizer/mvis-tokenminer/blob/ae09b3f5314f202230dd812b5cd354a54bb140c6/libethash-cl/bin2h.cmake#L58,# wraps the hex string into multiple lines at column 32(i.e. 16 bytes per line),[],CMake,0,58,58
19440,mining-visualizer/mvis-tokenminer,https://github.com/mining-visualizer/mvis-tokenminer/blob/ae09b3f5314f202230dd812b5cd354a54bb140c6/libethash-cl/bin2h.cmake#L62,# adds '0x' prefix and comma suffix before and after every byte respectively,[],CMake,0,62,62
19440,mining-visualizer/mvis-tokenminer,https://github.com/mining-visualizer/mvis-tokenminer/blob/ae09b3f5314f202230dd812b5cd354a54bb140c6/libethash-cl/bin2h.cmake#L64,# removes trailing comma,[],CMake,0,64,64
19440,mining-visualizer/mvis-tokenminer,https://github.com/mining-visualizer/mvis-tokenminer/blob/ae09b3f5314f202230dd812b5cd354a54bb140c6/libethash-cl/bin2h.cmake#L67,# converts the variable name into proper C identifier,[],CMake,0,67,67
19440,mining-visualizer/mvis-tokenminer,https://github.com/mining-visualizer/mvis-tokenminer/blob/ae09b3f5314f202230dd812b5cd354a54bb140c6/libethash-cl/bin2h.cmake#L73,# declares byte array and the length variables,[],CMake,0,73,73
