repoIndex,repoName,linkLocation,comment,keywords,buildSysteminFile,charPosition,startLine,endLine
19535,trisslotten/robotligan,https://github.com/trisslotten/robotligan/blob/ca1165e2d66b67d3b88087de3775316a7d2bf05a/Stora Spel/entt-master/CMakeLists.txt#L1,"#
# EnTT
#",[],CMake,0,1,3
19535,trisslotten/robotligan,https://github.com/trisslotten/robotligan/blob/ca1165e2d66b67d3b88087de3775316a7d2bf05a/Stora Spel/entt-master/CMakeLists.txt#L15,"#
# Project configuration
#",[],CMake,0,15,17
19535,trisslotten/robotligan,https://github.com/trisslotten/robotligan/blob/ca1165e2d66b67d3b88087de3775316a7d2bf05a/Stora Spel/entt-master/CMakeLists.txt#L41,"#
# Compiler stuff
#",[],CMake,0,41,43
19535,trisslotten/robotligan,https://github.com/trisslotten/robotligan/blob/ca1165e2d66b67d3b88087de3775316a7d2bf05a/Stora Spel/entt-master/CMakeLists.txt#L65,"#
# Add EnTT target
#",[],CMake,0,65,67
19535,trisslotten/robotligan,https://github.com/trisslotten/robotligan/blob/ca1165e2d66b67d3b88087de3775316a7d2bf05a/Stora Spel/entt-master/CMakeLists.txt#L94,# it seems that -O3 ruins a bit the performance when using clang ...,[],CMake,8,94,94
19535,trisslotten/robotligan,https://github.com/trisslotten/robotligan/blob/ca1165e2d66b67d3b88087de3775316a7d2bf05a/Stora Spel/entt-master/CMakeLists.txt#L96,"# ... on the other side, GCC is incredibly comfortable with it.",[],CMake,8,96,96
19535,trisslotten/robotligan,https://github.com/trisslotten/robotligan/blob/ca1165e2d66b67d3b88087de3775316a7d2bf05a/Stora Spel/entt-master/CMakeLists.txt#L107,"#
# Install EnTT
#",[],CMake,0,107,109
19535,trisslotten/robotligan,https://github.com/trisslotten/robotligan/blob/ca1165e2d66b67d3b88087de3775316a7d2bf05a/Stora Spel/entt-master/CMakeLists.txt#L128,"#
# Build tree package config file
#",[],CMake,0,128,130
19535,trisslotten/robotligan,https://github.com/trisslotten/robotligan/blob/ca1165e2d66b67d3b88087de3775316a7d2bf05a/Stora Spel/entt-master/CMakeLists.txt#L136,"#
# Install tree package config file
#",[],CMake,0,136,138
19535,trisslotten/robotligan,https://github.com/trisslotten/robotligan/blob/ca1165e2d66b67d3b88087de3775316a7d2bf05a/Stora Spel/entt-master/CMakeLists.txt#L162,"#
# Tests
#",[],CMake,0,162,164
19535,trisslotten/robotligan,https://github.com/trisslotten/robotligan/blob/ca1165e2d66b67d3b88087de3775316a7d2bf05a/Stora Spel/entt-master/CMakeLists.txt#L177,"# gtest, gtest_main, gmock and gmock_main targets are available from now on",[],CMake,8,177,177
19535,trisslotten/robotligan,https://github.com/trisslotten/robotligan/blob/ca1165e2d66b67d3b88087de3775316a7d2bf05a/Stora Spel/entt-master/CMakeLists.txt#L198,"#
# Documentation
#",[],CMake,0,198,200
19535,trisslotten/robotligan,https://github.com/trisslotten/robotligan/blob/ca1165e2d66b67d3b88087de3775316a7d2bf05a/Stora Spel/entt-master/CMakeLists.txt#L212,"#
# AOB
#",[],CMake,0,212,214
19535,trisslotten/robotligan,https://github.com/trisslotten/robotligan/blob/ca1165e2d66b67d3b88087de3775316a7d2bf05a/Stora Spel/entt-master/docs/CMakeLists.txt#L1,"#
# Doxygen configuration (documentation)
#",[],CMake,0,1,3
19535,trisslotten/robotligan,https://github.com/trisslotten/robotligan/blob/ca1165e2d66b67d3b88087de3775316a7d2bf05a/Stora Spel/entt-master/test/CMakeLists.txt#L1,"#
# Tests configuration
#",[],CMake,0,1,3
19535,trisslotten/robotligan,https://github.com/trisslotten/robotligan/blob/ca1165e2d66b67d3b88087de3775316a7d2bf05a/Stora Spel/entt-master/test/CMakeLists.txt#L30,# Test benchmark,[],CMake,0,30,30
19535,trisslotten/robotligan,https://github.com/trisslotten/robotligan/blob/ca1165e2d66b67d3b88087de3775316a7d2bf05a/Stora Spel/entt-master/test/CMakeLists.txt#L36,# Test lib,[],CMake,0,36,36
19535,trisslotten/robotligan,https://github.com/trisslotten/robotligan/blob/ca1165e2d66b67d3b88087de3775316a7d2bf05a/Stora Spel/entt-master/test/CMakeLists.txt#L56,# Test mod,[],CMake,0,56,56
19535,trisslotten/robotligan,https://github.com/trisslotten/robotligan/blob/ca1165e2d66b67d3b88087de3775316a7d2bf05a/Stora Spel/entt-master/test/CMakeLists.txt#L70,# Test snapshot,[],CMake,0,70,70
19535,trisslotten/robotligan,https://github.com/trisslotten/robotligan/blob/ca1165e2d66b67d3b88087de3775316a7d2bf05a/Stora Spel/entt-master/test/CMakeLists.txt#L83,# Test core,[],CMake,0,83,83
19535,trisslotten/robotligan,https://github.com/trisslotten/robotligan/blob/ca1165e2d66b67d3b88087de3775316a7d2bf05a/Stora Spel/entt-master/test/CMakeLists.txt#L93,# Test entity,[],CMake,0,93,93
19535,trisslotten/robotligan,https://github.com/trisslotten/robotligan/blob/ca1165e2d66b67d3b88087de3775316a7d2bf05a/Stora Spel/entt-master/test/CMakeLists.txt#L107,# Test locator,[],CMake,0,107,107
19535,trisslotten/robotligan,https://github.com/trisslotten/robotligan/blob/ca1165e2d66b67d3b88087de3775316a7d2bf05a/Stora Spel/entt-master/test/CMakeLists.txt#L111,# Test meta,[],CMake,0,111,111
19535,trisslotten/robotligan,https://github.com/trisslotten/robotligan/blob/ca1165e2d66b67d3b88087de3775316a7d2bf05a/Stora Spel/entt-master/test/CMakeLists.txt#L115,# Test process,[],CMake,0,115,115
19535,trisslotten/robotligan,https://github.com/trisslotten/robotligan/blob/ca1165e2d66b67d3b88087de3775316a7d2bf05a/Stora Spel/entt-master/test/CMakeLists.txt#L120,# Test resource,[],CMake,0,120,120
19535,trisslotten/robotligan,https://github.com/trisslotten/robotligan/blob/ca1165e2d66b67d3b88087de3775316a7d2bf05a/Stora Spel/entt-master/test/CMakeLists.txt#L124,# Test signal,[],CMake,0,124,124
19535,trisslotten/robotligan,https://github.com/trisslotten/robotligan/blob/ca1165e2d66b67d3b88087de3775316a7d2bf05a/Stora Spel/entt-master/out/build/x64-Debug/EnTTConfigVersion.cmake#L1,"# This is a basic version file for the Config-mode of find_package().
# It is used by write_basic_package_version_file() as input file for configure_file()
# to create a version-file which can be installed along a config.cmake file.
#
# The created file sets PACKAGE_VERSION_EXACT if the current version string and
# the requested version string are exactly the same and it sets
# PACKAGE_VERSION_COMPATIBLE if the current version is >= requested version.
# The variable CVF_VERSION must be set before calling configure_file().",[],CMake,0,1,8
19535,trisslotten/robotligan,https://github.com/trisslotten/robotligan/blob/ca1165e2d66b67d3b88087de3775316a7d2bf05a/Stora Spel/entt-master/out/build/x64-Debug/EnTTConfigVersion.cmake#L22,"# if the installed project requested no architecture check, don't perform the check",[],CMake,0,22,22
19535,trisslotten/robotligan,https://github.com/trisslotten/robotligan/blob/ca1165e2d66b67d3b88087de3775316a7d2bf05a/Stora Spel/entt-master/out/build/x64-Debug/EnTTConfigVersion.cmake#L27,"# if the installed or the using project don't have CMAKE_SIZEOF_VOID_P set, ignore it:",[],CMake,0,27,27
19535,trisslotten/robotligan,https://github.com/trisslotten/robotligan/blob/ca1165e2d66b67d3b88087de3775316a7d2bf05a/Stora Spel/entt-master/out/build/x64-Debug/EnTTConfigVersion.cmake#L32,# check that the installed version has the same 32/64bit-ness as the one which is currently searching:,[],CMake,0,32,32
19535,trisslotten/robotligan,https://github.com/trisslotten/robotligan/blob/ca1165e2d66b67d3b88087de3775316a7d2bf05a/Stora Spel/entt-master/out/build/x64-Debug/EnTTTargets.cmake#L1,# Generated by CMake,[],CMake,0,1,1
19535,trisslotten/robotligan,https://github.com/trisslotten/robotligan/blob/ca1165e2d66b67d3b88087de3775316a7d2bf05a/Stora Spel/entt-master/out/build/x64-Debug/EnTTTargets.cmake#L8,"#----------------------------------------------------------------
# Generated CMake target import file.
#----------------------------------------------------------------",[],CMake,0,8,10
19535,trisslotten/robotligan,https://github.com/trisslotten/robotligan/blob/ca1165e2d66b67d3b88087de3775316a7d2bf05a/Stora Spel/entt-master/out/build/x64-Debug/EnTTTargets.cmake#L12,# Commands may need to know the format version.,[],CMake,0,12,12
19535,trisslotten/robotligan,https://github.com/trisslotten/robotligan/blob/ca1165e2d66b67d3b88087de3775316a7d2bf05a/Stora Spel/entt-master/out/build/x64-Debug/EnTTTargets.cmake#L19,"# Protect against multiple inclusion, which would fail when already imported targets are added once more.",[],CMake,0,19,19
19535,trisslotten/robotligan,https://github.com/trisslotten/robotligan/blob/ca1165e2d66b67d3b88087de3775316a7d2bf05a/Stora Spel/entt-master/out/build/x64-Debug/EnTTTargets.cmake#L48,# Create imported target EnTT,[],CMake,0,48,48
19535,trisslotten/robotligan,https://github.com/trisslotten/robotligan/blob/ca1165e2d66b67d3b88087de3775316a7d2bf05a/Stora Spel/entt-master/out/build/x64-Debug/EnTTTargets.cmake#L58,"# This file does not depend on other imported targets which have
# been exported from the same project but in a separate export set.",[],CMake,0,58,59
19535,trisslotten/robotligan,https://github.com/trisslotten/robotligan/blob/ca1165e2d66b67d3b88087de3775316a7d2bf05a/Stora Spel/entt-master/out/build/x64-Debug/EnTTTargets.cmake#L61,# Commands beyond this point should not need to know the version.,[],CMake,0,61,61
19535,trisslotten/robotligan,https://github.com/trisslotten/robotligan/blob/ca1165e2d66b67d3b88087de3775316a7d2bf05a/Stora Spel/entt-master/out/build/x64-Debug/cmake_install.cmake#L1,# Install script for directory: C:/Users/KNASGODX/source/repos/Stora Spelprojektet/Stora Spel/entt-master,[],CMake,0,1,1
19535,trisslotten/robotligan,https://github.com/trisslotten/robotligan/blob/ca1165e2d66b67d3b88087de3775316a7d2bf05a/Stora Spel/entt-master/out/build/x64-Debug/cmake_install.cmake#L3,# Set the install prefix,[],CMake,0,3,3
19535,trisslotten/robotligan,https://github.com/trisslotten/robotligan/blob/ca1165e2d66b67d3b88087de3775316a7d2bf05a/Stora Spel/entt-master/out/build/x64-Debug/cmake_install.cmake#L9,# Set the install configuration name.,[],CMake,0,9,9
19535,trisslotten/robotligan,https://github.com/trisslotten/robotligan/blob/ca1165e2d66b67d3b88087de3775316a7d2bf05a/Stora Spel/entt-master/out/build/x64-Debug/cmake_install.cmake#L20,# Set the component getting installed.,[],CMake,0,20,20
19535,trisslotten/robotligan,https://github.com/trisslotten/robotligan/blob/ca1165e2d66b67d3b88087de3775316a7d2bf05a/Stora Spel/entt-master/out/build/x64-Debug/cmake_install.cmake#L30,# Is this installation the result of a crosscompile?,[],CMake,0,30,30
19535,trisslotten/robotligan,https://github.com/trisslotten/robotligan/blob/ca1165e2d66b67d3b88087de3775316a7d2bf05a/Stora Spel/entt-master/out/build/x64-Debug/CMakeFiles/3.15.19080502-MSVC_2/CMakeCCompiler.cmake#L47,# Save compiler ABI information.,[],CMake,0,47,47
19535,trisslotten/robotligan,https://github.com/trisslotten/robotligan/blob/ca1165e2d66b67d3b88087de3775316a7d2bf05a/Stora Spel/entt-master/out/build/x64-Debug/CMakeFiles/3.15.19080502-MSVC_2/CMakeCXXCompiler.cmake#L50,# Save compiler ABI information.,[],CMake,0,50,50
19535,trisslotten/robotligan,https://github.com/trisslotten/robotligan/blob/ca1165e2d66b67d3b88087de3775316a7d2bf05a/Stora Spel/entt-master/out/build/x64-Debug/CMakeFiles/Export/cmake/EnTTTargets.cmake#L1,# Generated by CMake,[],CMake,0,1,1
19535,trisslotten/robotligan,https://github.com/trisslotten/robotligan/blob/ca1165e2d66b67d3b88087de3775316a7d2bf05a/Stora Spel/entt-master/out/build/x64-Debug/CMakeFiles/Export/cmake/EnTTTargets.cmake#L8,"#----------------------------------------------------------------
# Generated CMake target import file.
#----------------------------------------------------------------",[],CMake,0,8,10
19535,trisslotten/robotligan,https://github.com/trisslotten/robotligan/blob/ca1165e2d66b67d3b88087de3775316a7d2bf05a/Stora Spel/entt-master/out/build/x64-Debug/CMakeFiles/Export/cmake/EnTTTargets.cmake#L12,# Commands may need to know the format version.,[],CMake,0,12,12
19535,trisslotten/robotligan,https://github.com/trisslotten/robotligan/blob/ca1165e2d66b67d3b88087de3775316a7d2bf05a/Stora Spel/entt-master/out/build/x64-Debug/CMakeFiles/Export/cmake/EnTTTargets.cmake#L15,"# Protect against multiple inclusion, which would fail when already imported targets are added once more.",[],CMake,0,15,15
19535,trisslotten/robotligan,https://github.com/trisslotten/robotligan/blob/ca1165e2d66b67d3b88087de3775316a7d2bf05a/Stora Spel/entt-master/out/build/x64-Debug/CMakeFiles/Export/cmake/EnTTTargets.cmake#L44,# Compute the installation prefix relative to this file.,[],CMake,0,44,44
19535,trisslotten/robotligan,https://github.com/trisslotten/robotligan/blob/ca1165e2d66b67d3b88087de3775316a7d2bf05a/Stora Spel/entt-master/out/build/x64-Debug/CMakeFiles/Export/cmake/EnTTTargets.cmake#L51,# Create imported target EnTT,[],CMake,0,51,51
19535,trisslotten/robotligan,https://github.com/trisslotten/robotligan/blob/ca1165e2d66b67d3b88087de3775316a7d2bf05a/Stora Spel/entt-master/out/build/x64-Debug/CMakeFiles/Export/cmake/EnTTTargets.cmake#L65,# Load information for each installed configuration.,[],CMake,0,65,65
19535,trisslotten/robotligan,https://github.com/trisslotten/robotligan/blob/ca1165e2d66b67d3b88087de3775316a7d2bf05a/Stora Spel/entt-master/out/build/x64-Debug/CMakeFiles/Export/cmake/EnTTTargets.cmake#L72,# Cleanup temporary variables.,[],CMake,0,72,72
19535,trisslotten/robotligan,https://github.com/trisslotten/robotligan/blob/ca1165e2d66b67d3b88087de3775316a7d2bf05a/Stora Spel/entt-master/out/build/x64-Debug/CMakeFiles/Export/cmake/EnTTTargets.cmake#L75,# Loop over all imported files and verify that they actually exist,[],CMake,0,75,75
19535,trisslotten/robotligan,https://github.com/trisslotten/robotligan/blob/ca1165e2d66b67d3b88087de3775316a7d2bf05a/Stora Spel/entt-master/out/build/x64-Debug/CMakeFiles/Export/cmake/EnTTTargets.cmake#L94,"# This file does not depend on other imported targets which have
# been exported from the same project but in a separate export set.",[],CMake,0,94,95
19535,trisslotten/robotligan,https://github.com/trisslotten/robotligan/blob/ca1165e2d66b67d3b88087de3775316a7d2bf05a/Stora Spel/entt-master/out/build/x64-Debug/CMakeFiles/Export/cmake/EnTTTargets.cmake#L97,# Commands beyond this point should not need to know the version.,[],CMake,0,97,97
19535,trisslotten/robotligan,https://github.com/trisslotten/robotligan/blob/ca1165e2d66b67d3b88087de3775316a7d2bf05a/Stora Spel/entt-master/out/build/x64-Debug/cmake/EnTTConfig.cmake#L4,"####### Expanded from @PACKAGE_INIT@ by configure_package_config_file() #######
####### Any changes to this file will be overwritten by the next CMake run ####
####### The input file was EnTTConfig.cmake.in                            ########",[],CMake,0,4,6
19535,trisslotten/robotligan,https://github.com/trisslotten/robotligan/blob/ca1165e2d66b67d3b88087de3775316a7d2bf05a/Stora Spel/entt-master/out/build/x64-Debug/cmake/EnTTConfig.cmake#L27,####################################################################################,[],CMake,0,27,27
19535,trisslotten/robotligan,https://github.com/trisslotten/robotligan/blob/ca1165e2d66b67d3b88087de3775316a7d2bf05a/Stora Spel/glm/glm/out/build/x64-Debug/cmake_install.cmake#L1,# Install script for directory: C:/Users/KNASGODX/source/repos/Stora Spelprojektet/Stora Spel/glm/glm,[],CMake,0,1,1
19535,trisslotten/robotligan,https://github.com/trisslotten/robotligan/blob/ca1165e2d66b67d3b88087de3775316a7d2bf05a/Stora Spel/glm/glm/out/build/x64-Debug/cmake_install.cmake#L3,# Set the install prefix,[],CMake,0,3,3
19535,trisslotten/robotligan,https://github.com/trisslotten/robotligan/blob/ca1165e2d66b67d3b88087de3775316a7d2bf05a/Stora Spel/glm/glm/out/build/x64-Debug/cmake_install.cmake#L9,# Set the install configuration name.,[],CMake,0,9,9
19535,trisslotten/robotligan,https://github.com/trisslotten/robotligan/blob/ca1165e2d66b67d3b88087de3775316a7d2bf05a/Stora Spel/glm/glm/out/build/x64-Debug/cmake_install.cmake#L20,# Set the component getting installed.,[],CMake,0,20,20
19535,trisslotten/robotligan,https://github.com/trisslotten/robotligan/blob/ca1165e2d66b67d3b88087de3775316a7d2bf05a/Stora Spel/glm/glm/out/build/x64-Debug/cmake_install.cmake#L30,# Is this installation the result of a crosscompile?,[],CMake,0,30,30
19535,trisslotten/robotligan,https://github.com/trisslotten/robotligan/blob/ca1165e2d66b67d3b88087de3775316a7d2bf05a/Stora Spel/glm/out/build/x64-Debug/cmake_install.cmake#L1,# Install script for directory: C:/Users/Sebastian/source/repos/Stora Spelprojektet/Stora Spel/glm,[],CMake,0,1,1
19535,trisslotten/robotligan,https://github.com/trisslotten/robotligan/blob/ca1165e2d66b67d3b88087de3775316a7d2bf05a/Stora Spel/glm/out/build/x64-Debug/cmake_install.cmake#L3,# Set the install prefix,[],CMake,0,3,3
19535,trisslotten/robotligan,https://github.com/trisslotten/robotligan/blob/ca1165e2d66b67d3b88087de3775316a7d2bf05a/Stora Spel/glm/out/build/x64-Debug/cmake_install.cmake#L9,# Set the install configuration name.,[],CMake,0,9,9
19535,trisslotten/robotligan,https://github.com/trisslotten/robotligan/blob/ca1165e2d66b67d3b88087de3775316a7d2bf05a/Stora Spel/glm/out/build/x64-Debug/cmake_install.cmake#L20,# Set the component getting installed.,[],CMake,0,20,20
19535,trisslotten/robotligan,https://github.com/trisslotten/robotligan/blob/ca1165e2d66b67d3b88087de3775316a7d2bf05a/Stora Spel/glm/out/build/x64-Debug/cmake_install.cmake#L30,# Is this installation the result of a crosscompile?,[],CMake,0,30,30
19535,trisslotten/robotligan,https://github.com/trisslotten/robotligan/blob/ca1165e2d66b67d3b88087de3775316a7d2bf05a/Stora Spel/glm/out/build/x64-Debug/CMakeFiles/3.14.19060802-MSVC_2/CMakeCCompiler.cmake#L46,# Save compiler ABI information.,[],CMake,0,46,46
19535,trisslotten/robotligan,https://github.com/trisslotten/robotligan/blob/ca1165e2d66b67d3b88087de3775316a7d2bf05a/Stora Spel/glm/out/build/x64-Debug/CMakeFiles/3.14.19060802-MSVC_2/CMakeCXXCompiler.cmake#L49,# Save compiler ABI information.,[],CMake,0,49,49
