repoIndex,repoName,linkLocation,comment,keywords,buildSysteminFile,charPosition,startLine,endLine
20559,committeeofzero/impacto,https://github.com/committeeofzero/impacto/blob/715b48b6b037fa93fb654c5f387162e68461d016/CMakeLists.txt#L543,# dependencies,[],CMake,0,543,543
20559,committeeofzero/impacto,https://github.com/committeeofzero/impacto/blob/715b48b6b037fa93fb654c5f387162e68461d016/CMakeLists.txt#L566,# avoid CMAKE_DL_LIBS for NX,[],CMake,7,566,566
20559,committeeofzero/impacto,https://github.com/committeeofzero/impacto/blob/715b48b6b037fa93fb654c5f387162e68461d016/CMakeLists.txt#L580,"# BINARYEN_TRAP_MODE=clamp => https://groups.google.com/forum/#!topic/emscripten-discuss/IJr4ApiW_zU
# duk_heap_alloc() errors without this
# MAIN_MODULE=1 => SDL_GL_GetProcAddress falls back to dlsym() so we need dynamic linking support (...)",[],CMake,4,580,582
20559,committeeofzero/impacto,https://github.com/committeeofzero/impacto/blob/715b48b6b037fa93fb654c5f387162e68461d016/CMakeLists.txt#L654,# Add this because apparently find_package(SDL2 REQUIRED) doesn't work right on Arch?,[],CMake,4,654,654
20559,committeeofzero/impacto,https://github.com/committeeofzero/impacto/blob/715b48b6b037fa93fb654c5f387162e68461d016/CMakeLists.txt#L671,# If we don't do this it decides to link glm as a library on macOS for some reason,[],CMake,22,671,671
20559,committeeofzero/impacto,https://github.com/committeeofzero/impacto/blob/715b48b6b037fa93fb654c5f387162e68461d016/CMakeLists.txt#L707,# compiler/dependency configuration,[],CMake,0,707,707
20559,committeeofzero/impacto,https://github.com/committeeofzero/impacto/blob/715b48b6b037fa93fb654c5f387162e68461d016/CMakeLists.txt#L720,# to avoid -isystem,[],CMake,69,720,720
20559,committeeofzero/impacto,https://github.com/committeeofzero/impacto/blob/715b48b6b037fa93fb654c5f387162e68461d016/CMakeLists.txt#L730,# lol,[],CMake,37,730,730
20559,committeeofzero/impacto,https://github.com/committeeofzero/impacto/blob/715b48b6b037fa93fb654c5f387162e68461d016/CMakeLists.txt#L732,# target configuration,[],CMake,0,732,732
20559,committeeofzero/impacto,https://github.com/committeeofzero/impacto/blob/715b48b6b037fa93fb654c5f387162e68461d016/CMakeLists.txt#L760,# binary install,[],CMake,0,760,760
20559,committeeofzero/impacto,https://github.com/committeeofzero/impacto/blob/715b48b6b037fa93fb654c5f387162e68461d016/CMakeLists.txt#L776,# asset install,[],CMake,0,776,776
20559,committeeofzero/impacto,https://github.com/committeeofzero/impacto/blob/715b48b6b037fa93fb654c5f387162e68461d016/modules/FindFFMPEG.cmake#L1,"# Distributed under the OSI-approved BSD 3-Clause License.
#
#.rst:
# FindFFMPEG
# --------
#
# Find the FFPMEG libraries
#
# Result Variables
# ^^^^^^^^^^^^^^^^
#
# The following variables will be defined:
#
#  ``FFMPEG_FOUND``
#    True if FFMPEG found on the local system
#
#  ``FFMPEG_INCLUDE_DIRS``
#    Location of FFMPEG header files
#
#  ``FFMPEG_LIBRARY_DIRS``
#    Location of FFMPEG libraries
#
#  ``FFMPEG_LIBRARIES``
#    List of the FFMPEG libraries found
#
#",[],CMake,0,1,26
20559,committeeofzero/impacto,https://github.com/committeeofzero/impacto/blob/715b48b6b037fa93fb654c5f387162e68461d016/modules/FindFFMPEG.cmake#L48,#  Platform dependent libraries required by FFMPEG,[],CMake,0,48,48
20559,committeeofzero/impacto,https://github.com/committeeofzero/impacto/blob/715b48b6b037fa93fb654c5f387162e68461d016/modules/FindLibatrac9.cmake#L5,# Fink,[],CMake,6,5,5
20559,committeeofzero/impacto,https://github.com/committeeofzero/impacto/blob/715b48b6b037fa93fb654c5f387162e68461d016/modules/FindLibatrac9.cmake#L6,# DarwinPorts,[],CMake,13,6,6
20559,committeeofzero/impacto,https://github.com/committeeofzero/impacto/blob/715b48b6b037fa93fb654c5f387162e68461d016/modules/FindLibatrac9.cmake#L7,# Blastwave,[],CMake,11,7,7
20559,committeeofzero/impacto,https://github.com/committeeofzero/impacto/blob/715b48b6b037fa93fb654c5f387162e68461d016/modules/FindOggVorbis.cmake#L5,# Fink,[],CMake,6,5,5
20559,committeeofzero/impacto,https://github.com/committeeofzero/impacto/blob/715b48b6b037fa93fb654c5f387162e68461d016/modules/FindOggVorbis.cmake#L6,# DarwinPorts,[],CMake,13,6,6
20559,committeeofzero/impacto,https://github.com/committeeofzero/impacto/blob/715b48b6b037fa93fb654c5f387162e68461d016/modules/FindOggVorbis.cmake#L7,# Blastwave,[],CMake,11,7,7
20559,committeeofzero/impacto,https://github.com/committeeofzero/impacto/blob/715b48b6b037fa93fb654c5f387162e68461d016/modules/FindWebP.cmake#L1,"# Copyright (C) 2020 Sony Interactive Entertainment Inc.
# Copyright (C) 2012 Raphael Kubo da Costa <rakuco@webkit.org>
# Copyright (C) 2013 Igalia S.L.
#
# Redistribution and use in source and binary forms, with or without
# modification, are permitted provided that the following conditions
# are met:
# 1.  Redistributions of source code must retain the above copyright
#     notice, this list of conditions and the following disclaimer.
# 2.  Redistributions in binary form must reproduce the above copyright
#     notice, this list of conditions and the following disclaimer in the
#     documentation and/or other materials provided with the distribution.
#
# THIS SOFTWARE IS PROVIDED BY THE COPYRIGHT HOLDER AND ITS CONTRIBUTORS ``AS
# IS'' AND ANY EXPRESS OR IMPLIED WARRANTIES, INCLUDING, BUT NOT LIMITED TO,
# THE IMPLIED WARRANTIES OF MERCHANTABILITY AND FITNESS FOR A PARTICULAR
# PURPOSE ARE DISCLAIMED. IN NO EVENT SHALL THE COPYRIGHT HOLDER OR ITS
# CONTRIBUTORS BE LIABLE FOR ANY DIRECT, INDIRECT, INCIDENTAL, SPECIAL,
# EXEMPLARY, OR CONSEQUENTIAL DAMAGES (INCLUDING, BUT NOT LIMITED TO,
# PROCUREMENT OF SUBSTITUTE GOODS OR SERVICES; LOSS OF USE, DATA, OR PROFITS;
# OR BUSINESS INTERRUPTION) HOWEVER CAUSED AND ON ANY THEORY OF LIABILITY,
# WHETHER IN CONTRACT, STRICT LIABILITY, OR TORT (INCLUDING NEGLIGENCE OR
# OTHERWISE) ARISING IN ANY WAY OUT OF THE USE OF THIS SOFTWARE, EVEN IF
# ADVISED OF THE POSSIBILITY OF SUCH DAMAGE.",[],CMake,0,1,24
20559,committeeofzero/impacto,https://github.com/committeeofzero/impacto/blob/715b48b6b037fa93fb654c5f387162e68461d016/modules/FindWebP.cmake#L26,"#[=======================================================================[.rst:
FindWebP
--------------

Find WebP headers and libraries.

Imported Targets
^^^^^^^^^^^^^^^^

``WebP::libwebp``
  The WebP library, if found.

``WebP::demux``
  The WebP demux library, if found.

Result Variables
^^^^^^^^^^^^^^^^

This will define the following variables in your project:

``WebP_FOUND``
  true if (the requested version of) WebP is available.
``WebP_VERSION``
  the version of WebP.
``WebP_LIBRARIES``
  the libraries to link against to use WebP.
``WebP_INCLUDE_DIRS``
  where to find the WebP headers.
``WebP_COMPILE_OPTIONS``
  this should be passed to target_compile_options(), if the
  target is not used for linking

#]=======================================================================]",[],CMake,0,26,58
20559,committeeofzero/impacto,https://github.com/committeeofzero/impacto/blob/715b48b6b037fa93fb654c5f387162e68461d016/modules/FindWebP.cmake#L75,"# There's nothing in the WebP headers that could be used to detect the exact
# WebP version being used so don't attempt to do so. A version can only be found
# through pkg-config",[],CMake,0,75,77
20559,committeeofzero/impacto,https://github.com/committeeofzero/impacto/blob/715b48b6b037fa93fb654c5f387162e68461d016/modules/FindWebP.cmake#L86,# Find components,[],CMake,0,86,86
