repoIndex,repoName,linkLocation,comment,keywords,buildSysteminFile,charPosition,startLine,endLine
20612,sphair/clanlib,https://github.com/sphair/clanlib/blob/b5042f9f99590f8f7703e7b117b529344dc95f81/Makefile.am#L3,# EXAMPLE_SRC_PREFIX = $(datadir)/doc/ClanLib-docs-@version_minor@/Examples,[],Autotool,0,3,3
20612,sphair/clanlib,https://github.com/sphair/clanlib/blob/b5042f9f99590f8f7703e7b117b529344dc95f81/Makefile.am#L9,# EOF #,[],Autotool,0,9,9
20612,sphair/clanlib,https://github.com/sphair/clanlib/blob/b5042f9f99590f8f7703e7b117b529344dc95f81/Documentation/Makefile.am#L29,# EOF #,[],Autotool,0,29,29
20612,sphair/clanlib,https://github.com/sphair/clanlib/blob/b5042f9f99590f8f7703e7b117b529344dc95f81/Setup/Unix/pkgconfig/Makefile.am#L8,# EOF #,[],Autotool,0,8,8
20612,sphair/clanlib,https://github.com/sphair/clanlib/blob/b5042f9f99590f8f7703e7b117b529344dc95f81/Sources/Makefile.am#L13,# EOF #,[],Autotool,0,13,13
20612,sphair/clanlib,https://github.com/sphair/clanlib/blob/b5042f9f99590f8f7703e7b117b529344dc95f81/Sources/API/Makefile.am#L360,# All available headers are listed here (for 'make dist' and such),[],Autotool,0,360,360
20612,sphair/clanlib,https://github.com/sphair/clanlib/blob/b5042f9f99590f8f7703e7b117b529344dc95f81/Sources/API/Makefile.am#L369,# EOF #,[],Autotool,0,369,369
20612,sphair/clanlib,https://github.com/sphair/clanlib/blob/b5042f9f99590f8f7703e7b117b529344dc95f81/Sources/App/Makefile.am#L14,# EOF #,[],Autotool,0,14,14
20612,sphair/clanlib,https://github.com/sphair/clanlib/blob/b5042f9f99590f8f7703e7b117b529344dc95f81/Sources/Core/Makefile.am#L165,# EOF #,[],Autotool,0,165,165
20612,sphair/clanlib,https://github.com/sphair/clanlib/blob/b5042f9f99590f8f7703e7b117b529344dc95f81/Sources/Display/Makefile.am#L159,# EOF #,[],Autotool,0,159,159
20612,sphair/clanlib,https://github.com/sphair/clanlib/blob/b5042f9f99590f8f7703e7b117b529344dc95f81/Sources/GL/Makefile.am#L56,# EOF #,[],Autotool,0,56,56
20612,sphair/clanlib,https://github.com/sphair/clanlib/blob/b5042f9f99590f8f7703e7b117b529344dc95f81/Sources/Network/Makefile.am#L33,# EOF #,[],Autotool,0,33,33
20612,sphair/clanlib,https://github.com/sphair/clanlib/blob/b5042f9f99590f8f7703e7b117b529344dc95f81/Sources/Sound/Makefile.am#L57,# EOF #,[],Autotool,0,57,57
20612,sphair/clanlib,https://github.com/sphair/clanlib/blob/b5042f9f99590f8f7703e7b117b529344dc95f81/Sources/UI/Makefile.am#L69,# EOF #,[],Autotool,0,69,69
20612,sphair/clanlib,https://github.com/sphair/clanlib/blob/b5042f9f99590f8f7703e7b117b529344dc95f81/Sources/XML/Makefile.am#L51,# EOF #,[],Autotool,0,51,51
20612,sphair/clanlib,https://github.com/sphair/clanlib/blob/b5042f9f99590f8f7703e7b117b529344dc95f81/Examples/Makefile.in#L18,# EOF #,[],Autotool,0,18,18
20612,sphair/clanlib,https://github.com/sphair/clanlib/blob/b5042f9f99590f8f7703e7b117b529344dc95f81/configure.ac#L1,"dnl
dnl Process this file with autoconf to produce a configure script.
dnl",[],Autotool,0,1,3
20612,sphair/clanlib,https://github.com/sphair/clanlib/blob/b5042f9f99590f8f7703e7b117b529344dc95f81/configure.ac#L5,dnl Ensure that a recent enough version of Autoconv is being used,[],Autotool,0,5,5
20612,sphair/clanlib,https://github.com/sphair/clanlib/blob/b5042f9f99590f8f7703e7b117b529344dc95f81/configure.ac#L8,dnl Set the name of the package and its version. (This must be called first),[],Autotool,0,8,8
20612,sphair/clanlib,https://github.com/sphair/clanlib/blob/b5042f9f99590f8f7703e7b117b529344dc95f81/configure.ac#L13,dnl Ensure that the source code exists (by specifying a known source code file),[],Autotool,0,13,13
20612,sphair/clanlib,https://github.com/sphair/clanlib/blob/b5042f9f99590f8f7703e7b117b529344dc95f81/configure.ac#L16,"dnl Compute the canonical target-system type variable (target_cpu, target_vendor, target_os)",[],Autotool,0,16,16
20612,sphair/clanlib,https://github.com/sphair/clanlib/blob/b5042f9f99590f8f7703e7b117b529344dc95f81/configure.ac#L19,"dnl Space-separated list of Automake options to be applied to every Makefile.am in the tree
dnl foreign -> Make automake less strict about GNU policy (as ClanLib is missing ChangeLog)
dnl dist-bzip2 -> Hook dist-bzip2 to dist
dnl dist-zip -> Hook dist-zip to dist
dnl 1.5b -> Minimum Automake version
dnl subdir-objects -> Objects places into the subdirectory of the build directory (eg subdir/file.c would be subdir/file.o)",[],Autotool,0,19,24
20612,sphair/clanlib,https://github.com/sphair/clanlib/blob/b5042f9f99590f8f7703e7b117b529344dc95f81/configure.ac#L41,"dnl Set this to: MAJOR.MINOR, ie 0.7, 0.8, 0.9 it gets append as:
dnl  libclanDisplay-$LT_RELEASE",[],Autotool,0,41,42
20612,sphair/clanlib,https://github.com/sphair/clanlib/blob/b5042f9f99590f8f7703e7b117b529344dc95f81/configure.ac#L49,"dnl If any features got added to the API since last release incremeant
dnl this by 1 (ie increment this for each develpment release, and only
dnl if features have been added to a stable release)",[],Autotool,0,49,51
20612,sphair/clanlib,https://github.com/sphair/clanlib/blob/b5042f9f99590f8f7703e7b117b529344dc95f81/configure.ac#L62,"dnl If LT_CURRENT has changed, set this to 0, if LT_CURRENT stayed the
dnl same increment by 1 (so stable releases should increment, while
dnl development releases stay at 0)",[],Autotool,0,62,64
20612,sphair/clanlib,https://github.com/sphair/clanlib/blob/b5042f9f99590f8f7703e7b117b529344dc95f81/configure.ac#L67,dnl libclanFoobar-$LT_RELEASE.so.[$LT_CURRENT-$LT_AGE].$LT_AGE.$LT_REVISION,[],Autotool,0,67,67
20612,sphair/clanlib,https://github.com/sphair/clanlib/blob/b5042f9f99590f8f7703e7b117b529344dc95f81/configure.ac#L74,dnl Checks for C++ compiler,[],Autotool,0,74,74
20612,sphair/clanlib,https://github.com/sphair/clanlib/blob/b5042f9f99590f8f7703e7b117b529344dc95f81/configure.ac#L77,dnl Check for a C compiler ,[],Autotool,0,77,77
20612,sphair/clanlib,https://github.com/sphair/clanlib/blob/b5042f9f99590f8f7703e7b117b529344dc95f81/configure.ac#L79,dnl AC_PROC_CC,[],Autotool,0,79,79
20612,sphair/clanlib,https://github.com/sphair/clanlib/blob/b5042f9f99590f8f7703e7b117b529344dc95f81/configure.ac#L81,dnl Check for a C preprocessor,[],Autotool,0,81,81
20612,sphair/clanlib,https://github.com/sphair/clanlib/blob/b5042f9f99590f8f7703e7b117b529344dc95f81/configure.ac#L84,dnl Check for a BSD-compatible install program,[],Autotool,0,84,84
20612,sphair/clanlib,https://github.com/sphair/clanlib/blob/b5042f9f99590f8f7703e7b117b529344dc95f81/configure.ac#L87,dnl Check for libtool (enabled shared libraries),[],Autotool,0,87,87
20612,sphair/clanlib,https://github.com/sphair/clanlib/blob/b5042f9f99590f8f7703e7b117b529344dc95f81/configure.ac#L90,dnl Using C++,[],Autotool,0,90,90
20612,sphair/clanlib,https://github.com/sphair/clanlib/blob/b5042f9f99590f8f7703e7b117b529344dc95f81/configure.ac#L93,dnl Find absolute name to pkg-config,[],Autotool,0,93,93
20612,sphair/clanlib,https://github.com/sphair/clanlib/blob/b5042f9f99590f8f7703e7b117b529344dc95f81/configure.ac#L115,dnl Define ARM_PLATFORM if building for an ARM target,[],Autotool,0,115,115
20612,sphair/clanlib,https://github.com/sphair/clanlib/blob/b5042f9f99590f8f7703e7b117b529344dc95f81/configure.ac#L127,dnl Extra flags that are needed to compile (for pkg-config),[],Autotool,0,127,127
20612,sphair/clanlib,https://github.com/sphair/clanlib/blob/b5042f9f99590f8f7703e7b117b529344dc95f81/configure.ac#L149,"dnl ----------------------------------------
dnl Additional include and library paths:
dnl ----------------------------------------",[],Autotool,0,149,151
20612,sphair/clanlib,https://github.com/sphair/clanlib/blob/b5042f9f99590f8f7703e7b117b529344dc95f81/configure.ac#L181,"dnl -------------------------------------
dnl Check system headers and definitions:
dnl -------------------------------------",[],Autotool,0,181,183
20612,sphair/clanlib,https://github.com/sphair/clanlib/blob/b5042f9f99590f8f7703e7b117b529344dc95f81/configure.ac#L187,"dnl Check if ""extern const char *__progname"" is available",[],Autotool,0,187,187
20612,sphair/clanlib,https://github.com/sphair/clanlib/blob/b5042f9f99590f8f7703e7b117b529344dc95f81/configure.ac#L194,dnl Check for GNU extensions,[],Autotool,0,194,194
20612,sphair/clanlib,https://github.com/sphair/clanlib/blob/b5042f9f99590f8f7703e7b117b529344dc95f81/configure.ac#L197,"dnl -----------------------------------------------------
dnl Check commandline parameters to the configure script:
dnl -----------------------------------------------------",[],Autotool,0,197,199
20612,sphair/clanlib,https://github.com/sphair/clanlib/blob/b5042f9f99590f8f7703e7b117b529344dc95f81/configure.ac#L201,"dnl -----------------------------------------------------
dnl Check for optional SSE2 support:
dnl -----------------------------------------------------",[],Autotool,0,201,203
20612,sphair/clanlib,https://github.com/sphair/clanlib/blob/b5042f9f99590f8f7703e7b117b529344dc95f81/configure.ac#L246,"dnl -----------------------------------------------------------------------
dnl Check system endianess
dnl -----------------------------------------------------------------------",[],Autotool,0,246,248
20612,sphair/clanlib,https://github.com/sphair/clanlib/blob/b5042f9f99590f8f7703e7b117b529344dc95f81/configure.ac#L258,dnl Set makefile condition when WIN32 should be compiled,[],Autotool,0,258,258
20612,sphair/clanlib,https://github.com/sphair/clanlib/blob/b5042f9f99590f8f7703e7b117b529344dc95f81/configure.ac#L261,"dnl ----------------------------------------
dnl Search for libraries useful for ClanLib:
dnl ----------------------------------------",[],Autotool,0,261,263
20612,sphair/clanlib,https://github.com/sphair/clanlib/blob/b5042f9f99590f8f7703e7b117b529344dc95f81/configure.ac#L266,dnl Check for prefered pthread flag,[],Autotool,1,266,266
20612,sphair/clanlib,https://github.com/sphair/clanlib/blob/b5042f9f99590f8f7703e7b117b529344dc95f81/configure.ac#L273,"#include <pthread.h>],",[],Autotool,4,273,273
20612,sphair/clanlib,https://github.com/sphair/clanlib/blob/b5042f9f99590f8f7703e7b117b529344dc95f81/configure.ac#L287,dnl Check for thread-local storage support,[],Autotool,1,287,287
20612,sphair/clanlib,https://github.com/sphair/clanlib/blob/b5042f9f99590f8f7703e7b117b529344dc95f81/configure.ac#L291,"dnl ----------------------------------------------------------
dnl Check for ClanLib modules that should be enabled/disabled
dnl ----------------------------------------------------------",[],Autotool,0,291,293
20612,sphair/clanlib,https://github.com/sphair/clanlib/blob/b5042f9f99590f8f7703e7b117b529344dc95f81/configure.ac#L316,dnl  Optional linux/joystick.h,[],Autotool,1,316,316
20612,sphair/clanlib,https://github.com/sphair/clanlib/blob/b5042f9f99590f8f7703e7b117b529344dc95f81/configure.ac#L319,dnl Optional linux/input.h,[],Autotool,1,319,319
20612,sphair/clanlib,https://github.com/sphair/clanlib/blob/b5042f9f99590f8f7703e7b117b529344dc95f81/configure.ac#L326,#include <windows.h>,[],Autotool,27,326,326
20612,sphair/clanlib,https://github.com/sphair/clanlib/blob/b5042f9f99590f8f7703e7b117b529344dc95f81/configure.ac#L329,#include <dinput.h>,[],Autotool,29,329,329
20612,sphair/clanlib,https://github.com/sphair/clanlib/blob/b5042f9f99590f8f7703e7b117b529344dc95f81/configure.ac#L330,#if DIRECTINPUT_HEADER_VERSION < 0x0800,[],Autotool,3,330,330
20612,sphair/clanlib,https://github.com/sphair/clanlib/blob/b5042f9f99590f8f7703e7b117b529344dc95f81/configure.ac#L331,#error Need newer DirectInput header! (version 8),[],Autotool,4,331,331
20612,sphair/clanlib,https://github.com/sphair/clanlib/blob/b5042f9f99590f8f7703e7b117b529344dc95f81/configure.ac#L332,#endif,[],Autotool,3,332,332
20612,sphair/clanlib,https://github.com/sphair/clanlib/blob/b5042f9f99590f8f7703e7b117b529344dc95f81/configure.ac#L345,dnl Add any flags required to compiple clanDisplay,[],Autotool,1,345,345
20612,sphair/clanlib,https://github.com/sphair/clanlib/blob/b5042f9f99590f8f7703e7b117b529344dc95f81/configure.ac#L352,dnl Add the flags we found to the default ones,[],Autotool,2,352,352
20612,sphair/clanlib,https://github.com/sphair/clanlib/blob/b5042f9f99590f8f7703e7b117b529344dc95f81/configure.ac#L355,dnl X_LIBS are the X linker flags,[],Autotool,2,355,355
20612,sphair/clanlib,https://github.com/sphair/clanlib/blob/b5042f9f99590f8f7703e7b117b529344dc95f81/configure.ac#L378,dnl Check for optional usage of /X11/extensions/Xrender.h,[],Autotool,4,378,378
20612,sphair/clanlib,https://github.com/sphair/clanlib/blob/b5042f9f99590f8f7703e7b117b529344dc95f81/configure.ac#L385,dnl Check that glXGetProcAddressARB is defined in glx.h,[],Autotool,4,385,385
20612,sphair/clanlib,https://github.com/sphair/clanlib/blob/b5042f9f99590f8f7703e7b117b529344dc95f81/configure.ac#L387,#define GLX_GLXEXT_PROTOTYPES,[],Autotool,20,387,387
20612,sphair/clanlib,https://github.com/sphair/clanlib/blob/b5042f9f99590f8f7703e7b117b529344dc95f81/configure.ac#L388,"#include <GL/glx.h>], [ char *foo = (char*) glXGetProcAddressARB; ],",[],Autotool,5,388,388
20612,sphair/clanlib,https://github.com/sphair/clanlib/blob/b5042f9f99590f8f7703e7b117b529344dc95f81/configure.ac#L416,#include <dsound.h>,[],Autotool,28,416,416
20612,sphair/clanlib,https://github.com/sphair/clanlib/blob/b5042f9f99590f8f7703e7b117b529344dc95f81/configure.ac#L420,dnl OSS header check,[],Autotool,2,420,420
20612,sphair/clanlib,https://github.com/sphair/clanlib/blob/b5042f9f99590f8f7703e7b117b529344dc95f81/configure.ac#L446,dnl make sure we have winsock2,[],Autotool,2,446,446
20612,sphair/clanlib,https://github.com/sphair/clanlib/blob/b5042f9f99590f8f7703e7b117b529344dc95f81/configure.ac#L448,#include <winsock2.h>,[],Autotool,4,448,448
20612,sphair/clanlib,https://github.com/sphair/clanlib/blob/b5042f9f99590f8f7703e7b117b529344dc95f81/configure.ac#L483,"dnl -----------------------------------------------------------------------
dnl Store cflags for Setup/Unix/pkgconfig/clan*.in pkg-config files
dnl -----------------------------------------------------------------------",[],Autotool,0,483,485
20612,sphair/clanlib,https://github.com/sphair/clanlib/blob/b5042f9f99590f8f7703e7b117b529344dc95f81/configure.ac#L498,"dnl -----------------------------------------------------------------------
dnl Store libs for pkg-config Metadata - for files in Setup/Unix/pkgconfig/*.in
dnl -----------------------------------------------------------------------",[],Autotool,0,498,500
20612,sphair/clanlib,https://github.com/sphair/clanlib/blob/b5042f9f99590f8f7703e7b117b529344dc95f81/configure.ac#L511,"dnl ----------------------------------------------------
dnl Which clan subprojects should be compiled?
dnl ----------------------------------------------------",[],Autotool,0,511,513
20612,sphair/clanlib,https://github.com/sphair/clanlib/blob/b5042f9f99590f8f7703e7b117b529344dc95f81/configure.ac#L515,dnl Set the include path,[],Autotool,0,515,515
20612,sphair/clanlib,https://github.com/sphair/clanlib/blob/b5042f9f99590f8f7703e7b117b529344dc95f81/configure.ac#L518,dnl Modules which will be build,[],Autotool,0,518,518
20612,sphair/clanlib,https://github.com/sphair/clanlib/blob/b5042f9f99590f8f7703e7b117b529344dc95f81/configure.ac#L522,dnl API header files for the Modules which will be installed,[],Autotool,0,522,522
20612,sphair/clanlib,https://github.com/sphair/clanlib/blob/b5042f9f99590f8f7703e7b117b529344dc95f81/configure.ac#L525,"dnl Default examples which will be build
dnl (Currently Disabled)",[],Autotool,0,525,526
20612,sphair/clanlib,https://github.com/sphair/clanlib/blob/b5042f9f99590f8f7703e7b117b529344dc95f81/configure.ac#L556,"dnl ----------------------------------------
dnl Check for documentation generation tools
dnl ----------------------------------------",[],Autotool,0,556,558
20612,sphair/clanlib,https://github.com/sphair/clanlib/blob/b5042f9f99590f8f7703e7b117b529344dc95f81/configure.ac#L605,"dnl --------------------
dnl Check for debug mode
dnl --------------------",[],Autotool,0,605,607
20612,sphair/clanlib,https://github.com/sphair/clanlib/blob/b5042f9f99590f8f7703e7b117b529344dc95f81/configure.ac#L621,"dnl ----------------------
dnl Check for profile mode
dnl ----------------------",[],Autotool,0,621,623
20612,sphair/clanlib,https://github.com/sphair/clanlib/blob/b5042f9f99590f8f7703e7b117b529344dc95f81/configure.ac#L630,dnl support for gcov and gprof,[],Autotool,3,630,630
20612,sphair/clanlib,https://github.com/sphair/clanlib/blob/b5042f9f99590f8f7703e7b117b529344dc95f81/configure.ac#L637,"dnl -------------------------
dnl Check for Maintainer Mode
dnl -------------------------",[],Autotool,0,637,639
20612,sphair/clanlib,https://github.com/sphair/clanlib/blob/b5042f9f99590f8f7703e7b117b529344dc95f81/configure.ac#L650,"dnl ---------------------
dnl Finish configuration:
dnl ---------------------",[],Autotool,0,650,652
20612,sphair/clanlib,https://github.com/sphair/clanlib/blob/b5042f9f99590f8f7703e7b117b529344dc95f81/configure.ac#L654,dnl Set which parts of ClanLib should be built (could probally solved more nicely),[],Autotool,0,654,654
20612,sphair/clanlib,https://github.com/sphair/clanlib/blob/b5042f9f99590f8f7703e7b117b529344dc95f81/configure.ac#L683,dnl Do a check to see if the user has forgotton to set the prefix directory,[],Autotool,0,683,683
20612,sphair/clanlib,https://github.com/sphair/clanlib/blob/b5042f9f99590f8f7703e7b117b529344dc95f81/configure.ac#L688,"dnl echo """"
dnl echo ""                   CXXFLAGS = $CXXFLAGS""
dnl echo ""                   CPPFLAGS = $CPPFLAGS""
dnl echo ""                       LIBS = $LIBS""
dnl echo ""                    LDFLAGS = $LDFLAGS""",[],Autotool,0,688,692
20612,sphair/clanlib,https://github.com/sphair/clanlib/blob/b5042f9f99590f8f7703e7b117b529344dc95f81/configure.ac#L770,dnl EOF dnl,[],Autotool,0,770,770
