repoIndex,repoName,linkLocation,comment,keywords,buildSysteminFile,charPosition,startLine,endLine
21137,luntergroup/octopus,https://github.com/luntergroup/octopus/blob/17a597d192bcd5192689bf38c5836a98b824867a/CMakeLists.txt#L14,# Generate list of compile commands.  This helps debugging and doesn't have a downside.,[],CMake,0,14,14
21137,luntergroup/octopus,https://github.com/luntergroup/octopus/blob/17a597d192bcd5192689bf38c5836a98b824867a/CMakeLists.txt#L16,# Avoid warnings when using GMP_ROOT,[],CMake,0,16,16
21137,luntergroup/octopus,https://github.com/luntergroup/octopus/blob/17a597d192bcd5192689bf38c5836a98b824867a/CMakeLists.txt#L19,# Get the current working branch,[],CMake,0,19,19
21137,luntergroup/octopus,https://github.com/luntergroup/octopus/blob/17a597d192bcd5192689bf38c5836a98b824867a/CMakeLists.txt#L27,# Get the latest abbreviated commit hash of the working branch,[],CMake,0,27,27
21137,luntergroup/octopus,https://github.com/luntergroup/octopus/blob/17a597d192bcd5192689bf38c5836a98b824867a/CMakeLists.txt#L75,# Set the possible values of build type for cmake-gui,[],CMake,4,75,75
21137,luntergroup/octopus,https://github.com/luntergroup/octopus/blob/17a597d192bcd5192689bf38c5836a98b824867a/CMakeLists.txt#L93,# for the main octopus executable,[],CMake,0,93,93
21137,luntergroup/octopus,https://github.com/luntergroup/octopus/blob/17a597d192bcd5192689bf38c5836a98b824867a/CMakeLists.txt#L97,# for generating tests,[],CMake,0,97,97
21137,luntergroup/octopus,https://github.com/luntergroup/octopus/blob/17a597d192bcd5192689bf38c5836a98b824867a/lib/date/CMakeLists.txt#L18,"# find_package(CURL REQUIRED)
# target_include_directories(date-tz SYSTEM PRIVATE ${CURL_INCLUDE_DIRS})
# target_link_libraries(date-tz PRIVATE ${CURL_LIBRARIES})",[],CMake,0,18,20
21137,luntergroup/octopus,https://github.com/luntergroup/octopus/blob/17a597d192bcd5192689bf38c5836a98b824867a/src/CMakeLists.txt#L632,# Compile options for all builds,[],CMake,0,632,632
21137,luntergroup/octopus,https://github.com/luntergroup/octopus/blob/17a597d192bcd5192689bf38c5836a98b824867a/src/CMakeLists.txt#L639,"# find_package(SSE)
# set(AVX512_FOUND false)
# if (AVX512F_FOUND AND AVX512BW_FOUND)
#     add_compile_options(-mavx512f -mavx512bw)
# 	set(AVX512_FOUND true)
# elseif (AVX2_FOUND)
#     add_compile_options(-mavx2)
# elseif (SSE4_1_FOUND)
#     add_compile_options(-msse4.1)
# elseif (SSSE3_FOUND)
#     add_compile_options(-msse3)
# else ()
#     add_compile_options(-msse2)
# endif()",[],CMake,0,639,652
21137,luntergroup/octopus,https://github.com/luntergroup/octopus/blob/17a597d192bcd5192689bf38c5836a98b824867a/src/CMakeLists.txt#L672,# Make a library of all octopus non-main.cpp sources so can be used with tests,[],CMake,4,672,672
21137,luntergroup/octopus,https://github.com/luntergroup/octopus/blob/17a597d192bcd5192689bf38c5836a98b824867a/src/CMakeLists.txt#L678,# Required for log,[],CMake,69,678,678
21137,luntergroup/octopus,https://github.com/luntergroup/octopus/blob/17a597d192bcd5192689bf38c5836a98b824867a/src/CMakeLists.txt#L715,# Required for log,[],CMake,79,715,715
21137,luntergroup/octopus,https://github.com/luntergroup/octopus/blob/17a597d192bcd5192689bf38c5836a98b824867a/src/CMakeLists.txt#L748,# Required for log,[],CMake,82,748,748
21137,luntergroup/octopus,https://github.com/luntergroup/octopus/blob/17a597d192bcd5192689bf38c5836a98b824867a/src/CMakeLists.txt#L777,# Required for log,[],CMake,73,777,777
21137,luntergroup/octopus,https://github.com/luntergroup/octopus/blob/17a597d192bcd5192689bf38c5836a98b824867a/test/CMakeLists.txt#L4,"# add_subdirectory(regression)
# add_subdirectory(benchmark)",[],CMake,0,4,5
21137,luntergroup/octopus,https://github.com/luntergroup/octopus/blob/17a597d192bcd5192689bf38c5836a98b824867a/test/unit/CMakeLists.txt#L29,#    io/reference_genome_tests.cpp,[],CMake,0,29,29
21137,luntergroup/octopus,https://github.com/luntergroup/octopus/blob/17a597d192bcd5192689bf38c5836a98b824867a/test/unit/CMakeLists.txt#L43,"#    core/types/haplotype_tests.cpp
#    core/types/genotype_tests.cpp",[],CMake,0,43,44
21137,luntergroup/octopus,https://github.com/luntergroup/octopus/blob/17a597d192bcd5192689bf38c5836a98b824867a/test/unit/CMakeLists.txt#L83,# Add each test,[],CMake,0,83,83
21137,luntergroup/octopus,https://github.com/luntergroup/octopus/blob/17a597d192bcd5192689bf38c5836a98b824867a/test/unit/CMakeLists.txt#L88,"# add_executable(test_suite ${OCTOPUS_TEST_SOURCES})
# target_link_libraries(test_suite ${Boost_LIBRARIES})
# install(TARGETS test_suite DESTINATION ${octopus_SOURCE_DIR}/bin)",[],CMake,0,88,90
21137,luntergroup/octopus,https://github.com/luntergroup/octopus/blob/17a597d192bcd5192689bf38c5836a98b824867a/build/cmake/modules/BoostTestHelpers.cmake#L1,# Generates a single test runner usable by CTest from a single test source file,[],CMake,0,1,1
21137,luntergroup/octopus,https://github.com/luntergroup/octopus/blob/17a597d192bcd5192689bf38c5836a98b824867a/build/cmake/modules/BoostTestHelpers.cmake#L3,# get the relative path in the source tree,[],CMake,4,3,3
21137,luntergroup/octopus,https://github.com/luntergroup/octopus/blob/17a597d192bcd5192689bf38c5836a98b824867a/build/cmake/modules/BoostTestHelpers.cmake#L6,# get the source name without extension,[],CMake,4,6,6
21137,luntergroup/octopus,https://github.com/luntergroup/octopus/blob/17a597d192bcd5192689bf38c5836a98b824867a/build/cmake/modules/BoostTestHelpers.cmake#L9,# concatenate the relative path and name in an . separated identifier,[],CMake,4,9,9
21137,luntergroup/octopus,https://github.com/luntergroup/octopus/blob/17a597d192bcd5192689bf38c5836a98b824867a/build/cmake/modules/BoostTestHelpers.cmake#L12,"# strip the trailing ""_tests"" part from the test ID",[],CMake,4,12,12
21137,luntergroup/octopus,https://github.com/luntergroup/octopus/blob/17a597d192bcd5192689bf38c5836a98b824867a/build/cmake/modules/BoostTestHelpers.cmake#L15,# add a main for the tests,[],CMake,4,15,15
21137,luntergroup/octopus,https://github.com/luntergroup/octopus/blob/17a597d192bcd5192689bf38c5836a98b824867a/build/cmake/modules/BoostTestHelpers.cmake#L22,# collect all the tests in the source file,[],CMake,4,22,22
21137,luntergroup/octopus,https://github.com/luntergroup/octopus/blob/17a597d192bcd5192689bf38c5836a98b824867a/build/cmake/modules/FindGMP.cmake#L1,"# Try to find the GMP library
# https://gmplib.org/
#
# This module supports requiring a minimum version, e.g. you can do
#   find_package(GMP 6.0.0)
# to require version 6.0.0 to newer of GMP.
#
# Once done this will define
#
#  GMP_FOUND - system has GMP lib with correct version
#  GMP_INCLUDES - the GMP include directory
#  GMP_LIBRARIES - the GMP library
#  GMP_VERSION - GMP version
#
# Copyright (c) 2016 Jack Poulson, <jack.poulson@gmail.com>
# Redistribution and use is allowed according to the terms of the BSD license.",[],CMake,0,1,16
21137,luntergroup/octopus,https://github.com/luntergroup/octopus/blob/17a597d192bcd5192689bf38c5836a98b824867a/build/cmake/modules/FindGMP.cmake#L20,# Set GMP_FIND_VERSION to 5.1.0 if no minimum version is specified,[],CMake,0,20,20
21137,luntergroup/octopus,https://github.com/luntergroup/octopus/blob/17a597d192bcd5192689bf38c5836a98b824867a/build/cmake/modules/FindGMP.cmake#L37,"# Since the GMP version macros may be in a file included by gmp.h of the form
# gmp-.*[_]?.*.h (e.g., gmp-x86_64.h), we search each of them.",[],CMake,4,37,38
21137,luntergroup/octopus,https://github.com/luntergroup/octopus/blob/17a597d192bcd5192689bf38c5836a98b824867a/build/cmake/modules/FindGMP.cmake#L58,# Check whether found version exists and exceeds the minimum requirement,[],CMake,4,58,58
21137,luntergroup/octopus,https://github.com/luntergroup/octopus/blob/17a597d192bcd5192689bf38c5836a98b824867a/build/cmake/modules/FindHTSlib.cmake#L1,"# - Try to find htslib
# Once done, this will define
#
#  htslib_FOUND - system has htslib
#  htslib_INCLUDE_DIRS - the htslib include directories
#  htslib_LIBRARIES - link these to use htslib
#
# This code was modified from https://github.com/genome/build-common/blob/master/cmake/FindHTSlib.cmake
#",[],CMake,0,1,9
21137,luntergroup/octopus,https://github.com/luntergroup/octopus/blob/17a597d192bcd5192689bf38c5836a98b824867a/build/cmake/modules/FindHTSlib.cmake#L11,"# A simple wrapper to make pkg-config searches a bit easier.
# Works the same as CMake's internal pkg_check_modules but is always quiet.",[],CMake,0,11,12
21137,luntergroup/octopus,https://github.com/luntergroup/octopus/blob/17a597d192bcd5192689bf38c5836a98b824867a/build/cmake/modules/FindHTSlib.cmake#L32,# Skip processing if already processed during this run,[],CMake,4,32,32
21137,luntergroup/octopus,https://github.com/luntergroup/octopus/blob/17a597d192bcd5192689bf38c5836a98b824867a/build/cmake/modules/FindHTSlib.cmake#L34,# Start with the assumption that the library was found,[],CMake,8,34,34
21137,luntergroup/octopus,https://github.com/luntergroup/octopus/blob/17a597d192bcd5192689bf38c5836a98b824867a/build/cmake/modules/FindHTSlib.cmake#L37,# Process all includes and set _FOUND to false if any are missing,[],CMake,8,37,37
21137,luntergroup/octopus,https://github.com/luntergroup/octopus/blob/17a597d192bcd5192689bf38c5836a98b824867a/build/cmake/modules/FindHTSlib.cmake#L47,# Process all libraries and set _FOUND to false if any are missing,[],CMake,8,47,47
21137,luntergroup/octopus,https://github.com/luntergroup/octopus/blob/17a597d192bcd5192689bf38c5836a98b824867a/build/cmake/modules/FindHTSlib.cmake#L57,# Print message and/or exit on fatal error,[],CMake,8,57,57
21137,luntergroup/octopus,https://github.com/luntergroup/octopus/blob/17a597d192bcd5192689bf38c5836a98b824867a/build/cmake/modules/FindHTSlib.cmake#L90,# Use pkg-config to get hints about paths,[],CMake,0,90,90
21137,luntergroup/octopus,https://github.com/luntergroup/octopus/blob/17a597d192bcd5192689bf38c5836a98b824867a/build/cmake/modules/FindHTSlib.cmake#L93,# Include dir,[],CMake,0,93,93
21137,luntergroup/octopus,https://github.com/luntergroup/octopus/blob/17a597d192bcd5192689bf38c5836a98b824867a/build/cmake/modules/FindHTSlib.cmake#L102,# Dependencies,[],CMake,4,102,102
21137,luntergroup/octopus,https://github.com/luntergroup/octopus/blob/17a597d192bcd5192689bf38c5836a98b824867a/build/cmake/modules/FindHTSlib.cmake#L120,# Finally the library itself,[],CMake,0,120,120
21137,luntergroup/octopus,https://github.com/luntergroup/octopus/blob/17a597d192bcd5192689bf38c5836a98b824867a/build/cmake/modules/FindHTSlib.cmake#L128,"# Set the include dir variables and the libraries and let libfind_process do the rest.
# NOTE: Singular variables for this library, plural for libraries this lib depends on.",[],CMake,0,128,129
21137,luntergroup/octopus,https://github.com/luntergroup/octopus/blob/17a597d192bcd5192689bf38c5836a98b824867a/build/cmake/modules/FindSSE.cmake#L1,"# Check if SSE/AVX instructions are available on the machine where
# the project is compiled.
# Source: https://github.com/magic-sph/magic/blob/master/cmake/FindSSE.cmake",[],CMake,0,1,3
21137,luntergroup/octopus,https://github.com/luntergroup/octopus/blob/17a597d192bcd5192689bf38c5836a98b824867a/build/cmake/modules/FindSSE.cmake#L16,# /proc/cpuinfo apparently omits sse3 :(,[],CMake,4,16,16
