repoIndex,repoName,linkLocation,comment,keywords,buildSysteminFile,charPosition,startLine,endLine
21322,finos/openmama,https://github.com/finos/openmama/blob/9d5b95ed0682fb8f607e3e457103d7d1c90f93d6/mama/jni/build.xml#L15,<!-- So we can build in a different location from the src -->,[],Ant,8,15,15
21322,finos/openmama,https://github.com/finos/openmama/blob/9d5b95ed0682fb8f607e3e457103d7d1c90f93d6/mama/jni/build.xml#L22,<!-- Default target for the script -->,[],Ant,4,22,22
21322,finos/openmama,https://github.com/finos/openmama/blob/9d5b95ed0682fb8f607e3e457103d7d1c90f93d6/mama/jni/build.xml#L25,<!-- The definition of the source files to compile -->,[],Ant,4,25,25
21322,finos/openmama,https://github.com/finos/openmama/blob/9d5b95ed0682fb8f607e3e457103d7d1c90f93d6/mama/jni/build.xml#L35,<!-- TestTools sources -->,[],Ant,8,35,35
21322,finos/openmama,https://github.com/finos/openmama/blob/9d5b95ed0682fb8f607e3e457103d7d1c90f93d6/mama/jni/build.xml#L41,<!-- JUnitTests sources -->,[],Ant,8,41,41
21322,finos/openmama,https://github.com/finos/openmama/blob/9d5b95ed0682fb8f607e3e457103d7d1c90f93d6/mama/jni/build.xml#L47,<!-- Compiles the main java classes as well as any other dependancies -->,[],Ant,4,47,47
21322,finos/openmama,https://github.com/finos/openmama/blob/9d5b95ed0682fb8f607e3e457103d7d1c90f93d6/mama/jni/build.xml#L50,<!-- All the JNI Java files required -->,[],Ant,12,50,50
21322,finos/openmama,https://github.com/finos/openmama/blob/9d5b95ed0682fb8f607e3e457103d7d1c90f93d6/mama/jni/build.xml#L52,<!-- Will include any Common java files required for the build (searched by javac) -->,[],Ant,12,52,52
21322,finos/openmama,https://github.com/finos/openmama/blob/9d5b95ed0682fb8f607e3e457103d7d1c90f93d6/mama/jni/build.xml#L128,<!-- Test Tools -->,[],Ant,4,128,128
21322,finos/openmama,https://github.com/finos/openmama/blob/9d5b95ed0682fb8f607e3e457103d7d1c90f93d6/mama/jni/build.xml#L133,<!-- JUnit jar must already be on the classpath -->,[],Ant,8,133,133
21322,finos/openmama,https://github.com/finos/openmama/blob/9d5b95ed0682fb8f607e3e457103d7d1c90f93d6/mama/jni/build.xml#L155,<!-- JUnit Tests -->,[],Ant,4,155,155
21322,finos/openmama,https://github.com/finos/openmama/blob/9d5b95ed0682fb8f607e3e457103d7d1c90f93d6/mama/jni/build.xml#L161,<!-- JUnit jar must already be on the classpath -->,[],Ant,8,161,161
21322,finos/openmama,https://github.com/finos/openmama/blob/9d5b95ed0682fb8f607e3e457103d7d1c90f93d6/mama/jni/build.xml#L195,<!-- Only Remove Generated -->,[],Ant,12,195,195
21322,finos/openmama,https://github.com/finos/openmama/blob/9d5b95ed0682fb8f607e3e457103d7d1c90f93d6/mamda/java/build.xml#L32,<!-- Location of MAMA Jar mama.jar. -->,[],Ant,4,32,32
21322,finos/openmama,https://github.com/finos/openmama/blob/9d5b95ed0682fb8f607e3e457103d7d1c90f93d6/mamda/java/build.xml#L37,<!-- So we can build in a different location from the src -->,[],Ant,8,37,37
21322,finos/openmama,https://github.com/finos/openmama/blob/9d5b95ed0682fb8f607e3e457103d7d1c90f93d6/mamda/java/build.xml#L92,"<!--exclude name=""com/**/*Test*.java""/-->",[],Ant,8,92,92
21322,finos/openmama,https://github.com/finos/openmama/blob/9d5b95ed0682fb8f607e3e457103d7d1c90f93d6/mamda/java/build.xml#L95,"<!--include name=""junittests/orderBooks/MamdaBookPublisherTests.java""></include>
       <include name=""junittests/orderImbalances/MamdaOrderImbalanceCallBackTests.java""></include>    
        <include name=""junittests/secstatus/MamdaSecurityStatusQualTests.java""></include-->",[],Ant,7,95,97
21322,finos/openmama,https://github.com/finos/openmama/blob/9d5b95ed0682fb8f607e3e457103d7d1c90f93d6/mamda/java/build.xml#L104,"<!--exclude name=""com/**/*Test*.java""/-->",[],Ant,8,104,104
21322,finos/openmama,https://github.com/finos/openmama/blob/9d5b95ed0682fb8f607e3e457103d7d1c90f93d6/mamda/java/build.xml#L108,"<!--exclude name=""com/**/*Test*.java""/-->",[],Ant,8,108,108
21322,finos/openmama,https://github.com/finos/openmama/blob/9d5b95ed0682fb8f607e3e457103d7d1c90f93d6/mamda/java/build.xml#L111,"<!--     depends=""init, source.defs"" -->",[],Ant,0,111,111
21322,finos/openmama,https://github.com/finos/openmama/blob/9d5b95ed0682fb8f607e3e457103d7d1c90f93d6/mamda/java/build.xml#L120,<!-- This may be a JNI build -->,[],Ant,16,120,120
21322,finos/openmama,https://github.com/finos/openmama/blob/9d5b95ed0682fb8f607e3e457103d7d1c90f93d6/mamda/java/build.xml#L136,<!-- This may be a JNI build -->,[],Ant,20,136,136
21322,finos/openmama,https://github.com/finos/openmama/blob/9d5b95ed0682fb8f607e3e457103d7d1c90f93d6/mamda/java/build.xml#L151,<!-- This may be a JNI build -->,[],Ant,20,151,151
21322,finos/openmama,https://github.com/finos/openmama/blob/9d5b95ed0682fb8f607e3e457103d7d1c90f93d6/mamda/java/build.xml#L166,<!-- This may be a JNI build -->,[],Ant,20,166,166
21322,finos/openmama,https://github.com/finos/openmama/blob/9d5b95ed0682fb8f607e3e457103d7d1c90f93d6/mamda/java/build.xml#L191,<!-- This may be a JNI build -->,[],Ant,20,191,191
21322,finos/openmama,https://github.com/finos/openmama/blob/9d5b95ed0682fb8f607e3e457103d7d1c90f93d6/mamda/java/build.xml#L219,<!-- This may be a JNI build -->,[],Ant,20,219,219
21322,finos/openmama,https://github.com/finos/openmama/blob/9d5b95ed0682fb8f607e3e457103d7d1c90f93d6/CMakeLists.txt#L11,# Set up default cmake build type if not defined,[],CMake,0,11,11
21322,finos/openmama,https://github.com/finos/openmama/blob/9d5b95ed0682fb8f607e3e457103d7d1c90f93d6/CMakeLists.txt#L19,# Build type options,[],CMake,0,19,19
21322,finos/openmama,https://github.com/finos/openmama/blob/9d5b95ed0682fb8f607e3e457103d7d1c90f93d6/CMakeLists.txt#L35,# Dependency detection options,[],CMake,0,35,35
21322,finos/openmama,https://github.com/finos/openmama/blob/9d5b95ed0682fb8f607e3e457103d7d1c90f93d6/CMakeLists.txt#L43,# Install / post-compilation options,[],CMake,0,43,43
21322,finos/openmama,https://github.com/finos/openmama/blob/9d5b95ed0682fb8f607e3e457103d7d1c90f93d6/common/c_cpp/src/c/CMakeLists.txt#L14,# SYSTEM_SOURCES initialized here,[],CMake,25,14,14
21322,finos/openmama,https://github.com/finos/openmama/blob/9d5b95ed0682fb8f607e3e457103d7d1c90f93d6/common/c_cpp/src/gunittest/c/CMakeLists.txt#L38,# Install any dependant libraries,[],CMake,0,38,38
21322,finos/openmama,https://github.com/finos/openmama/blob/9d5b95ed0682fb8f607e3e457103d7d1c90f93d6/mama/CMakeLists.txt#L8,# Common flag setup,[],CMake,0,8,8
21322,finos/openmama,https://github.com/finos/openmama/blob/9d5b95ed0682fb8f607e3e457103d7d1c90f93d6/mama/c_cpp/src/c/CMakeLists.txt#L3,# avoid warning from xxx_ROOT variables,[],CMake,0,3,3
21322,finos/openmama,https://github.com/finos/openmama/blob/9d5b95ed0682fb8f607e3e457103d7d1c90f93d6/mama/c_cpp/src/c/CMakeLists.txt#L21,# for generated files like version.h etc,[],CMake,29,21,21
21322,finos/openmama,https://github.com/finos/openmama/blob/9d5b95ed0682fb8f607e3e457103d7d1c90f93d6/mama/c_cpp/src/c/CMakeLists.txt#L133,# Compile this code with C++ compiler to leverage inbuilt regex support,[],CMake,0,133,133
21322,finos/openmama,https://github.com/finos/openmama/blob/9d5b95ed0682fb8f607e3e457103d7d1c90f93d6/mama/c_cpp/src/c/CMakeLists.txt#L154,# On windows this file has historically been named libmamac for some reason. Will conform in future.,[],CMake,0,154,154
21322,finos/openmama,https://github.com/finos/openmama/blob/9d5b95ed0682fb8f607e3e457103d7d1c90f93d6/mama/c_cpp/src/c/CMakeLists.txt#L168,# Install any dependant libraries,[],CMake,0,168,168
21322,finos/openmama,https://github.com/finos/openmama/blob/9d5b95ed0682fb8f607e3e457103d7d1c90f93d6/mama/c_cpp/src/c/bridge/base/CMakeLists.txt#L41,# Windows Targets,[],CMake,4,41,41
21322,finos/openmama,https://github.com/finos/openmama/blob/9d5b95ed0682fb8f607e3e457103d7d1c90f93d6/mama/c_cpp/src/c/bridge/noop/CMakeLists.txt#L26,# Windows Targets,[],CMake,4,26,26
21322,finos/openmama,https://github.com/finos/openmama/blob/9d5b95ed0682fb8f607e3e457103d7d1c90f93d6/mama/c_cpp/src/c/bridge/ompb/CMakeLists.txt#L27,# Windows Targets,[],CMake,4,27,27
21322,finos/openmama,https://github.com/finos/openmama/blob/9d5b95ed0682fb8f607e3e457103d7d1c90f93d6/mama/c_cpp/src/c/bridge/qpid/CMakeLists.txt#L48,# Windows Targets,[],CMake,4,48,48
21322,finos/openmama,https://github.com/finos/openmama/blob/9d5b95ed0682fb8f607e3e457103d7d1c90f93d6/mama/c_cpp/src/c/bridge/qpid/CMakeLists.txt#L68,# Install any dependant libraries,[],CMake,0,68,68
21322,finos/openmama,https://github.com/finos/openmama/blob/9d5b95ed0682fb8f607e3e457103d7d1c90f93d6/mama/c_cpp/src/c/payload/qpidmsg/CMakeLists.txt#L30,# Windows Targets,[],CMake,4,30,30
21322,finos/openmama,https://github.com/finos/openmama/blob/9d5b95ed0682fb8f607e3e457103d7d1c90f93d6/mama/c_cpp/src/examples/cpp/CMakeLists.txt#L15,# mamacpp_binary(mamamsgpublishercpp),[],CMake,0,15,15
21322,finos/openmama,https://github.com/finos/openmama/blob/9d5b95ed0682fb8f607e3e457103d7d1c90f93d6/mama/c_cpp/src/examples/cpp/CMakeLists.txt#L21,"# if (NOT WIN32)
#     mamacpp_binary(mamaentitlecpp)
# endif ()",[],CMake,0,21,23
21322,finos/openmama,https://github.com/finos/openmama/blob/9d5b95ed0682fb8f607e3e457103d7d1c90f93d6/mama/c_cpp/src/gunittest/cpp/CMakeLists.txt#L25,# Note that platform specific PATH / LD_LIBRARY_PATH is expected to already be set in calling environment,[],CMake,0,25,25
21322,finos/openmama,https://github.com/finos/openmama/blob/9d5b95ed0682fb8f607e3e457103d7d1c90f93d6/mamda/c_cpp/src/examples/CMakeLists.txt#L19,# usage mamda_example(newsticker mamdanews) to link with mamda AND mamdanews,[],CMake,0,19,19
21322,finos/openmama,https://github.com/finos/openmama/blob/9d5b95ed0682fb8f607e3e457103d7d1c90f93d6/mamda/c_cpp/src/examples/CMakeLists.txt#L36,"# Was disabled before so disabling again - should find out why
# mamda_example(mamdapublisher)",[],CMake,0,36,37
21322,finos/openmama,https://github.com/finos/openmama/blob/9d5b95ed0682fb8f607e3e457103d7d1c90f93d6/mamda/c_cpp/src/examples/news/CMakeLists.txt#L3,#get_target_property(MAMDA_INCLUDES mamda INCLUDE_DIRECTORIES),[],CMake,0,3,3
21322,finos/openmama,https://github.com/finos/openmama/blob/9d5b95ed0682fb8f607e3e457103d7d1c90f93d6/mamda/c_cpp/src/examples/orderbooks/CMakeLists.txt#L17,# mamda_example(bookchurn mamdabook),[],CMake,0,17,17
21322,finos/openmama,https://github.com/finos/openmama/blob/9d5b95ed0682fb8f607e3e457103d7d1c90f93d6/mamda/c_cpp/src/examples/orderbooks/CMakeLists.txt#L20,# mamda_example(listenerBookPublisher mamdabook),[],CMake,0,20,20
21322,finos/openmama,https://github.com/finos/openmama/blob/9d5b95ed0682fb8f607e3e457103d7d1c90f93d6/mamda/c_cpp/src/gunittest/CMakeLists.txt#L39,# Note that platform specific PATH / LD_LIBRARY_PATH is expected to already be set in calling environment,[],CMake,0,39,39
21322,finos/openmama,https://github.com/finos/openmama/blob/9d5b95ed0682fb8f607e3e457103d7d1c90f93d6/cmake/AppleClang.cmake#L1,# gnu definitions,[],CMake,0,1,1
21322,finos/openmama,https://github.com/finos/openmama/blob/9d5b95ed0682fb8f607e3e457103d7d1c90f93d6/cmake/Clang.cmake#L1,# gnu definitions,[],CMake,0,1,1
21322,finos/openmama,https://github.com/finos/openmama/blob/9d5b95ed0682fb8f607e3e457103d7d1c90f93d6/cmake/FindAPR.cmake#L1,"# Licensed to the Apache Software Foundation (ASF) under one
# or more contributor license agreements.  See the NOTICE file
# distributed with this work for additional information
# regarding copyright ownership.  The ASF licenses this file
# to you under the Apache License, Version 2.0 (the
# ""License""); you may not use this file except in compliance
# with the License.  You may obtain a copy of the License at
#
#   http://www.apache.org/licenses/LICENSE-2.0
#
# Unless required by applicable law or agreed to in writing,
# software distributed under the License is distributed on an
# ""AS IS"" BASIS, WITHOUT WARRANTIES OR CONDITIONS OF ANY
# KIND, either express or implied.  See the License for the
# specific language governing permissions and limitations
# under the License.",[],CMake,0,1,16
21322,finos/openmama,https://github.com/finos/openmama/blob/9d5b95ed0682fb8f607e3e457103d7d1c90f93d6/cmake/FindAPR.cmake#L18,"# - Find Apache Portable Runtime
# Find the APR includes and libraries
# This module defines
#  APR_INCLUDE_DIR and APRUTIL_INCLUDE_DIR, where to find apr.h, etc.
#  APR_LIBRARIES and APRUTIL_LIBRARIES, the libraries needed to use APR.
#  APR_FOUND and APRUTIL_FOUND, If false, do not try to use APR.
# also defined, but not for general use are
#  APR_LIBRARY and APRUTIL_LIBRARY, where to find the APR library.",[],CMake,0,18,25
21322,finos/openmama,https://github.com/finos/openmama/blob/9d5b95ed0682fb8f607e3e457103d7d1c90f93d6/cmake/FindAPR.cmake#L27,# APR first.,[],CMake,0,27,27
21322,finos/openmama,https://github.com/finos/openmama/blob/9d5b95ed0682fb8f607e3e457103d7d1c90f93d6/cmake/FindAPR.cmake#L71,# Deprecated declarations.,[],CMake,0,71,71
21322,finos/openmama,https://github.com/finos/openmama/blob/9d5b95ed0682fb8f607e3e457103d7d1c90f93d6/cmake/FindAPR.cmake#L80,"# Next, APRUTIL.",[],CMake,0,80,80
21322,finos/openmama,https://github.com/finos/openmama/blob/9d5b95ed0682fb8f607e3e457103d7d1c90f93d6/cmake/FindAPR.cmake#L128,# Deprecated declarations.,[],CMake,0,128,128
21322,finos/openmama,https://github.com/finos/openmama/blob/9d5b95ed0682fb8f607e3e457103d7d1c90f93d6/cmake/FindLibevent.cmake#L1,"# find LibEvent
# an event notification library (http://libevent.org/)
#
# Usage: 
# LIBEVENT_INCLUDE_DIRS, where to find LibEvent headers
# LIBEVENT_LIBRARIES, LibEvent libraries
# Libevent_FOUND, If false, do not try to use libevent",[],CMake,0,1,7
21322,finos/openmama,https://github.com/finos/openmama/blob/9d5b95ed0682fb8f607e3e457103d7d1c90f93d6/cmake/FindLibevent.cmake#L16,"# Looking for ""event.h"" will find the Platform SDK include dir on windows
# so we also look for a peer header like evhttp.h to get the right path",[],CMake,0,16,17
21322,finos/openmama,https://github.com/finos/openmama/blob/9d5b95ed0682fb8f607e3e457103d7d1c90f93d6/cmake/FindLibevent.cmake#L20,"# ""lib"" prefix is needed on Windows in some cases
# newer versions of libevent use three libraries",[],CMake,0,20,21
21322,finos/openmama,https://github.com/finos/openmama/blob/9d5b95ed0682fb8f607e3e457103d7d1c90f93d6/cmake/FindUUID.cmake#L1,"# - Try to find UUID
# Once done this will define
#
#  UUID_FOUND - system has UUID
#  UUID_INCLUDE_DIRS - the UUID include directory
#  UUID_LIBRARIES - Link these to use UUID
#  UUID_DEFINITIONS - Compiler switches required for using UUID
#
#  Copyright (c) 2006 Andreas Schneider <mail@cynapses.org>
#
#  Redistribution and use is allowed according to the terms of the New
#  BSD license.
#  For details see the accompanying COPYING-CMAKE-SCRIPTS file.
#",[],CMake,0,1,14
21322,finos/openmama,https://github.com/finos/openmama/blob/9d5b95ed0682fb8f607e3e457103d7d1c90f93d6/cmake/FindUUID.cmake#L18,# in cache already,[],CMake,2,18,18
21322,finos/openmama,https://github.com/finos/openmama/blob/9d5b95ed0682fb8f607e3e457103d7d1c90f93d6/cmake/FindUUID.cmake#L36,# Fink,[],CMake,18,36,36
21322,finos/openmama,https://github.com/finos/openmama/blob/9d5b95ed0682fb8f607e3e457103d7d1c90f93d6/cmake/FindUUID.cmake#L37,# DarwinPorts,[],CMake,25,37,37
21322,finos/openmama,https://github.com/finos/openmama/blob/9d5b95ed0682fb8f607e3e457103d7d1c90f93d6/cmake/FindUUID.cmake#L38,# Blastwave,[],CMake,23,38,38
21322,finos/openmama,https://github.com/finos/openmama/blob/9d5b95ed0682fb8f607e3e457103d7d1c90f93d6/cmake/FindUUID.cmake#L105,# show the UUID_INCLUDE_DIRS and UUID_LIBRARIES variables only in the advanced view,[],CMake,2,105,105
21322,finos/openmama,https://github.com/finos/openmama/blob/9d5b95ed0682fb8f607e3e457103d7d1c90f93d6/cmake/GNU.cmake#L10,# Proper regex support added in GCC 4.9+,[],CMake,0,10,10
21322,finos/openmama,https://github.com/finos/openmama/blob/9d5b95ed0682fb8f607e3e457103d7d1c90f93d6/cmake/MSVC.cmake#L26,# Force to always compile with W4,[],CMake,0,26,26
21322,finos/openmama,https://github.com/finos/openmama/blob/9d5b95ed0682fb8f607e3e457103d7d1c90f93d6/cmake/MSVC.cmake#L30,# Ensure PDB files are always created - even for release builds,[],CMake,0,30,30
21322,finos/openmama,https://github.com/finos/openmama/blob/9d5b95ed0682fb8f607e3e457103d7d1c90f93d6/cmake/MSVC.cmake#L35,# On windows this file has historically been named libmamac for some reason. Will conform in future.,[],CMake,0,35,35
