repoIndex,repoName,linkLocation,comment,keywords,buildSysteminFile,charPosition,startLine,endLine
21337,zpzim/scamp,https://github.com/zpzim/scamp/blob/27e617febc69c476408ae05b217be395cc72aa35/CMakeLists.txt#L8,"# Determine if we are using a VS generator where the platform is specified in the name
# of the generator. We do not want to specify CMAKE_GENERATOR_PLATFORM in that case.",[],CMake,0,8,9
21337,zpzim/scamp,https://github.com/zpzim/scamp/blob/27e617febc69c476408ae05b217be395cc72aa35/CMakeLists.txt#L17,"# CMAKE_GENERATOR_PLATFORM is only needed when building with Visual Studio, and the
# Visual Studio Generator is not configured by-name to already be building for a
# particular platform, this generator-name-based selection of platform is only
# supported on older versions of visual studio but some of these older versions are
# still in wide use.
# See: https://cmake.org/cmake/help/latest/generator/Visual%20Studio%2015%202017.html",[],CMake,2,17,22
21337,zpzim/scamp,https://github.com/zpzim/scamp/blob/27e617febc69c476408ae05b217be395cc72aa35/CMakeLists.txt#L24,"# Unfortunately, it is nearly impossible to determine what generator cmake will
# use by default before invoking it, on Windows, cmake checks the registry to
# figure out what generator to use.",[],CMake,2,24,26
21337,zpzim/scamp,https://github.com/zpzim/scamp/blob/27e617febc69c476408ae05b217be395cc72aa35/CMakeLists.txt#L28,"# Since we do not want to do 32-bit builds when 64-bit is available, checking and
# removing the CMAKE_GENERATOR_PLATFORM variable if it does not apply allows for
# us to set ""-A x64"" as an option to cmake regardless of the generator we are using.
# This prevents some issues with building on Windows and makes it unnecessary for us
# to determine what generator cmake will use before invoking it.",[],CMake,2,28,32
21337,zpzim/scamp,https://github.com/zpzim/scamp/blob/27e617febc69c476408ae05b217be395cc72aa35/CMakeLists.txt#L34,"# Note: this could break on other generators which make use of
# CMAKE_GENERATOR_PLATFORM in the future.",[],CMake,2,34,35
21337,zpzim/scamp,https://github.com/zpzim/scamp/blob/27e617febc69c476408ae05b217be395cc72aa35/CMakeLists.txt#L43,"# ----------------------------------------------------------------------------------------
#                              ===== Project Setup =====",[],CMake,0,43,44
21337,zpzim/scamp,https://github.com/zpzim/scamp/blob/27e617febc69c476408ae05b217be395cc72aa35/CMakeLists.txt#L51,# Release build by default,[],CMake,0,51,51
21337,zpzim/scamp,https://github.com/zpzim/scamp/blob/27e617febc69c476408ae05b217be395cc72aa35/CMakeLists.txt#L60,# Thread libraries,[],CMake,0,60,60
21337,zpzim/scamp,https://github.com/zpzim/scamp/blob/27e617febc69c476408ae05b217be395cc72aa35/CMakeLists.txt#L63,# We need to set some default architectures if there were none set in order for enable_language(CUDA) to pass.,[],CMake,0,63,63
21337,zpzim/scamp,https://github.com/zpzim/scamp/blob/27e617febc69c476408ae05b217be395cc72aa35/CMakeLists.txt#L74,# Use cuda if available,[],CMake,2,74,74
21337,zpzim/scamp,https://github.com/zpzim/scamp/blob/27e617febc69c476408ae05b217be395cc72aa35/CMakeLists.txt#L78,# For CUFFT libraries,[],CMake,4,78,78
21337,zpzim/scamp,https://github.com/zpzim/scamp/blob/27e617febc69c476408ae05b217be395cc72aa35/CMakeLists.txt#L83,# Do not use an unsupported cuda version,[],CMake,0,83,83
21337,zpzim/scamp,https://github.com/zpzim/scamp/blob/27e617febc69c476408ae05b217be395cc72aa35/CMakeLists.txt#L132,# Use clang format if available,[],CMake,0,132,132
21337,zpzim/scamp,https://github.com/zpzim/scamp/blob/27e617febc69c476408ae05b217be395cc72aa35/CMakeLists.txt#L166,"# ----------------------------------------------------------------------------------------
#                         ===== Compiler Configuration =====",[],CMake,0,166,167
21337,zpzim/scamp,https://github.com/zpzim/scamp/blob/27e617febc69c476408ae05b217be395cc72aa35/CMakeLists.txt#L171,# CUDA_CONFIG,[],CMake,0,171,171
21337,zpzim/scamp,https://github.com/zpzim/scamp/blob/27e617febc69c476408ae05b217be395cc72aa35/CMakeLists.txt#L181,# AVX Config for MSVC,[],CMake,2,181,181
21337,zpzim/scamp,https://github.com/zpzim/scamp/blob/27e617febc69c476408ae05b217be395cc72aa35/CMakeLists.txt#L207,# GCC/Clang arch-specific optimizations,[],CMake,0,207,207
21337,zpzim/scamp,https://github.com/zpzim/scamp/blob/27e617febc69c476408ae05b217be395cc72aa35/CMakeLists.txt#L212,# ICC arch-specific optimizations,[],CMake,0,212,212
21337,zpzim/scamp,https://github.com/zpzim/scamp/blob/27e617febc69c476408ae05b217be395cc72aa35/CMakeLists.txt#L269,# Only include Eigen code licensed under MPL2,[],CMake,0,269,269
21337,zpzim/scamp,https://github.com/zpzim/scamp/blob/27e617febc69c476408ae05b217be395cc72aa35/CMakeLists.txt#L272,"# ----------------------------------------------------------------------------------------
#                              ===== Build targets =====",[],CMake,0,272,273
21337,zpzim/scamp,https://github.com/zpzim/scamp/blob/27e617febc69c476408ae05b217be395cc72aa35/CMakeLists.txt#L277,# Add common targets.,[],CMake,0,277,277
21337,zpzim/scamp,https://github.com/zpzim/scamp/blob/27e617febc69c476408ae05b217be395cc72aa35/CMakeLists.txt#L281,# Build scamp client and scamp server,[],CMake,2,281,281
21337,zpzim/scamp,https://github.com/zpzim/scamp/blob/27e617febc69c476408ae05b217be395cc72aa35/CMakeLists.txt#L285,# Add core functional libraries.,[],CMake,0,285,285
21337,zpzim/scamp,https://github.com/zpzim/scamp/blob/27e617febc69c476408ae05b217be395cc72aa35/CMakeLists.txt#L288,# Python module,[],CMake,0,288,288
21337,zpzim/scamp,https://github.com/zpzim/scamp/blob/27e617febc69c476408ae05b217be395cc72aa35/CMakeLists.txt#L292,# If we are building pyscamp from setup.py we only care about the python module.,[],CMake,2,292,292
21337,zpzim/scamp,https://github.com/zpzim/scamp/blob/27e617febc69c476408ae05b217be395cc72aa35/CMakeLists.txt#L306,# We already produced gflags target from building the SCAMP client and server,[],CMake,2,306,306
21337,zpzim/scamp,https://github.com/zpzim/scamp/blob/27e617febc69c476408ae05b217be395cc72aa35/CMakeLists.txt#L310,# C++/CUDA executable,[],CMake,0,310,310
21337,zpzim/scamp,https://github.com/zpzim/scamp/blob/27e617febc69c476408ae05b217be395cc72aa35/CMakeLists.txt#L317,# clang-format target,[],CMake,0,317,317
21337,zpzim/scamp,https://github.com/zpzim/scamp/blob/27e617febc69c476408ae05b217be395cc72aa35/src/core/CMakeLists.txt#L3,# Build targets for computing Sliding Dot Product.,[],CMake,0,3,3
21337,zpzim/scamp,https://github.com/zpzim/scamp/blob/27e617febc69c476408ae05b217be395cc72aa35/src/core/CMakeLists.txt#L13,# Build SCAMP GPU/CPU kernel targets.,[],CMake,0,13,13
21337,zpzim/scamp,https://github.com/zpzim/scamp/blob/27e617febc69c476408ae05b217be395cc72aa35/src/core/CMakeLists.txt#L28,# Defines 'cpu_kernels' target.,[],CMake,0,28,28
21337,zpzim/scamp,https://github.com/zpzim/scamp/blob/27e617febc69c476408ae05b217be395cc72aa35/src/distributed/CMakeLists.txt#L5,"# After using add_subdirectory, we can now use the grpc targets directly from
# this build.",[],CMake,0,5,6
21337,zpzim/scamp,https://github.com/zpzim/scamp/blob/27e617febc69c476408ae05b217be395cc72aa35/src/distributed/CMakeLists.txt#L14,# Add include directories we will use later,[],CMake,0,14,14
21337,zpzim/scamp,https://github.com/zpzim/scamp/blob/27e617febc69c476408ae05b217be395cc72aa35/src/distributed/CMakeLists.txt#L23,# Generated sources,[],CMake,0,23,23
21337,zpzim/scamp,https://github.com/zpzim/scamp/blob/27e617febc69c476408ae05b217be395cc72aa35/src/distributed/CMakeLists.txt#L29,# Compile Protos,[],CMake,0,29,29
21337,zpzim/scamp,https://github.com/zpzim/scamp/blob/27e617febc69c476408ae05b217be395cc72aa35/src/distributed/CMakeLists.txt#L43,# Proto Messages Lib,[],CMake,0,43,43
21337,zpzim/scamp,https://github.com/zpzim/scamp/blob/27e617febc69c476408ae05b217be395cc72aa35/src/distributed/CMakeLists.txt#L47,# Add generated proto headers to includes,[],CMake,0,47,47
21337,zpzim/scamp,https://github.com/zpzim/scamp/blob/27e617febc69c476408ae05b217be395cc72aa35/cmake/FindAVX.cmake#L1,# Check for the presence of AVX and figure out the flags to use for it.,[],CMake,0,1,1
21337,zpzim/scamp,https://github.com/zpzim/scamp/blob/27e617febc69c476408ae05b217be395cc72aa35/cmake/FindAVX.cmake#L7,# Check AVX,[],CMake,2,7,7
21337,zpzim/scamp,https://github.com/zpzim/scamp/blob/27e617febc69c476408ae05b217be395cc72aa35/cmake/FindAVX.cmake#L32,# Check AVX2,[],CMake,2,32,32
21337,zpzim/scamp,https://github.com/zpzim/scamp/blob/27e617febc69c476408ae05b217be395cc72aa35/cmake/FindAVX.cmake#L57,# Set Flags,[],CMake,2,57,57
21337,zpzim/scamp,https://github.com/zpzim/scamp/blob/27e617febc69c476408ae05b217be395cc72aa35/cmake/SCAMPMacros.cmake#L23,"# Checks for vectorization and performance analysis on the CPU kernels.
# Turn these on only as needed since they cause a lot of unnecessary compiler output.",[],CMake,2,23,24
