repoIndex,repoName,linkLocation,comment,keywords,buildSysteminFile,charPosition,startLine,endLine
22945,bsc-pm/nanos6,https://github.com/bsc-pm/nanos6/blob/69bb9389d402bd690f7349e8bee6fb1271f254fa/Makefile.am#L1,"#	This file is part of Nanos6 and is licensed under the terms contained in the COPYING file.
#
#	Copyright (C) 2015-2022 Barcelona Supercomputing Center (BSC)",[],Autotool,0,1,3
22945,bsc-pm/nanos6,https://github.com/bsc-pm/nanos6/blob/69bb9389d402bd690f7349e8bee6fb1271f254fa/Makefile.am#L28,"# See info page of libtool ""Updating version info""
# https://www.gnu.org/software/libtool/manual/html_node/Updating-version-info.html",[],Autotool,0,28,29
22945,bsc-pm/nanos6,https://github.com/bsc-pm/nanos6/blob/69bb9389d402bd690f7349e8bee6fb1271f254fa/Makefile.am#L34,# Expected shared object numbers,[],Autotool,0,34,34
22945,bsc-pm/nanos6,https://github.com/bsc-pm/nanos6/blob/69bb9389d402bd690f7349e8bee6fb1271f254fa/Makefile.am#L124,"#
# Taskification of the ""main"" function
#",[],Autotool,0,124,126
22945,bsc-pm/nanos6,https://github.com/bsc-pm/nanos6/blob/69bb9389d402bd690f7349e8bee6fb1271f254fa/Makefile.am#L170,"#
# Loader and symbol resolution
#",[],Autotool,0,170,172
22945,bsc-pm/nanos6,https://github.com/bsc-pm/nanos6/blob/69bb9389d402bd690f7349e8bee6fb1271f254fa/Makefile.am#L284,"#
# Automatically generated API headers
#",[],Autotool,0,284,286
22945,bsc-pm/nanos6,https://github.com/bsc-pm/nanos6/blob/69bb9389d402bd690f7349e8bee6fb1271f254fa/Makefile.am#L359,# Sources for debugging,[],Autotool,0,359,359
22945,bsc-pm/nanos6,https://github.com/bsc-pm/nanos6/blob/69bb9389d402bd690f7349e8bee6fb1271f254fa/Makefile.am#L651,# DLB + CPUManager,[],Autotool,0,651,651
22945,bsc-pm/nanos6,https://github.com/bsc-pm/nanos6/blob/69bb9389d402bd690f7349e8bee6fb1271f254fa/Makefile.am#L669,# Hardware Counters,[],Autotool,0,669,669
22945,bsc-pm/nanos6,https://github.com/bsc-pm/nanos6/blob/69bb9389d402bd690f7349e8bee6fb1271f254fa/Makefile.am#L1235,# This is needed for debuggable spinlocks,[],Autotool,0,1235,1235
22945,bsc-pm/nanos6,https://github.com/bsc-pm/nanos6/blob/69bb9389d402bd690f7349e8bee6fb1271f254fa/Makefile.am#L1244,"#
# Debug variants
#",[],Autotool,0,1244,1246
22945,bsc-pm/nanos6,https://github.com/bsc-pm/nanos6/blob/69bb9389d402bd690f7349e8bee6fb1271f254fa/Makefile.am#L1248,# Debug no-instrument variants,[],Autotool,0,1248,1248
22945,bsc-pm/nanos6,https://github.com/bsc-pm/nanos6/blob/69bb9389d402bd690f7349e8bee6fb1271f254fa/Makefile.am#L1264,# Debug ctf variants,[],Autotool,0,1264,1264
22945,bsc-pm/nanos6,https://github.com/bsc-pm/nanos6/blob/69bb9389d402bd690f7349e8bee6fb1271f254fa/Makefile.am#L1290,# Debug extrae variants,[],Autotool,0,1290,1290
22945,bsc-pm/nanos6,https://github.com/bsc-pm/nanos6/blob/69bb9389d402bd690f7349e8bee6fb1271f254fa/Makefile.am#L1324,# Debug graph variants,[],Autotool,0,1324,1324
22945,bsc-pm/nanos6,https://github.com/bsc-pm/nanos6/blob/69bb9389d402bd690f7349e8bee6fb1271f254fa/Makefile.am#L1337,# Debug lint variants,[],Autotool,0,1337,1337
22945,bsc-pm/nanos6,https://github.com/bsc-pm/nanos6/blob/69bb9389d402bd690f7349e8bee6fb1271f254fa/Makefile.am#L1363,# Debug stats variants,[],Autotool,0,1363,1363
22945,bsc-pm/nanos6,https://github.com/bsc-pm/nanos6/blob/69bb9389d402bd690f7349e8bee6fb1271f254fa/Makefile.am#L1389,# Debug verbose variants,[],Autotool,0,1389,1389
22945,bsc-pm/nanos6,https://github.com/bsc-pm/nanos6/blob/69bb9389d402bd690f7349e8bee6fb1271f254fa/Makefile.am#L1415,"#
# Optimized variants
#",[],Autotool,0,1415,1417
22945,bsc-pm/nanos6,https://github.com/bsc-pm/nanos6/blob/69bb9389d402bd690f7349e8bee6fb1271f254fa/Makefile.am#L1419,# Optimized no-instrument variants,[],Autotool,0,1419,1419
22945,bsc-pm/nanos6,https://github.com/bsc-pm/nanos6/blob/69bb9389d402bd690f7349e8bee6fb1271f254fa/Makefile.am#L1435,# Optimized ctf variants,[],Autotool,0,1435,1435
22945,bsc-pm/nanos6,https://github.com/bsc-pm/nanos6/blob/69bb9389d402bd690f7349e8bee6fb1271f254fa/Makefile.am#L1463,# Optimized extrae variants,[],Autotool,0,1463,1463
22945,bsc-pm/nanos6,https://github.com/bsc-pm/nanos6/blob/69bb9389d402bd690f7349e8bee6fb1271f254fa/Makefile.am#L1500,# Optimized graph variants,[],Autotool,0,1500,1500
22945,bsc-pm/nanos6,https://github.com/bsc-pm/nanos6/blob/69bb9389d402bd690f7349e8bee6fb1271f254fa/Makefile.am#L1515,"# Optimized lint variants
# Lint variants cannot use optimization flags",[],Autotool,0,1515,1516
22945,bsc-pm/nanos6,https://github.com/bsc-pm/nanos6/blob/69bb9389d402bd690f7349e8bee6fb1271f254fa/Makefile.am#L1544,# Optimized stats variants,[],Autotool,0,1544,1544
22945,bsc-pm/nanos6,https://github.com/bsc-pm/nanos6/blob/69bb9389d402bd690f7349e8bee6fb1271f254fa/Makefile.am#L1572,# Optimized verbose variants,[],Autotool,0,1572,1572
22945,bsc-pm/nanos6,https://github.com/bsc-pm/nanos6/blob/69bb9389d402bd690f7349e8bee6fb1271f254fa/Makefile.am#L1653,# Extra libraries and binaries to uninstall manually,[],Autotool,0,1653,1653
22945,bsc-pm/nanos6,https://github.com/bsc-pm/nanos6/blob/69bb9389d402bd690f7349e8bee6fb1271f254fa/Makefile.am#L1786,"#include ""src/version/VersionInfo.hpp""' > src/version/CodeVersionInfo.cpp ; \",[],Autotool,7,1786,1786
22945,bsc-pm/nanos6,https://github.com/bsc-pm/nanos6/blob/69bb9389d402bd690f7349e8bee6fb1271f254fa/Makefile.am#L1827,"#include ""src/version/VersionInfo.hpp""' > src/version/CodeVersionInfo.cpp ; \",[],Autotool,7,1827,1827
22945,bsc-pm/nanos6,https://github.com/bsc-pm/nanos6/blob/69bb9389d402bd690f7349e8bee6fb1271f254fa/Makefile.am#L1864,"#include ""src/version/VersionInfo.hpp""' > src/version/CompilerVersionInfo.cpp ; \",[],Autotool,7,1864,1864
22945,bsc-pm/nanos6,https://github.com/bsc-pm/nanos6/blob/69bb9389d402bd690f7349e8bee6fb1271f254fa/Makefile.am#L1877,"# Gather all the names of disabled features, used to build the config file for this installation",[],Autotool,0,1877,1877
22945,bsc-pm/nanos6,https://github.com/bsc-pm/nanos6/blob/69bb9389d402bd690f7349e8bee6fb1271f254fa/Makefile.am#L1888,# Cluster is not supported,[],Autotool,0,1888,1888
22945,bsc-pm/nanos6,https://github.com/bsc-pm/nanos6/blob/69bb9389d402bd690f7349e8bee6fb1271f254fa/Makefile.am#L1919,# Generate processed config file according to user chosen installation,[],Autotool,0,1919,1919
22945,bsc-pm/nanos6,https://github.com/bsc-pm/nanos6/blob/69bb9389d402bd690f7349e8bee6fb1271f254fa/Makefile.am#L1923,"# All potential files in those lists will be distributed
# regardless of the Makefile conditionals",[],Autotool,0,1923,1924
22945,bsc-pm/nanos6,https://github.com/bsc-pm/nanos6/blob/69bb9389d402bd690f7349e8bee6fb1271f254fa/Makefile.am#L2067,"## --------------------------------- ##
## Format-independent Doxygen rules. ##
## --------------------------------- ##",[],Autotool,0,2067,2069
22945,bsc-pm/nanos6,https://github.com/bsc-pm/nanos6/blob/69bb9389d402bd690f7349e8bee6fb1271f254fa/Makefile.am#L2071,"## ------------------------------- ##
## Rules specific for HTML output. ##
## ------------------------------- ##",[],Autotool,0,2071,2073
22945,bsc-pm/nanos6,https://github.com/bsc-pm/nanos6/blob/69bb9389d402bd690f7349e8bee6fb1271f254fa/Makefile.am#L2077,"## ------------------------------ ##
## Rules specific for CHM output. ##
## ------------------------------ ##",[],Autotool,0,2077,2079
22945,bsc-pm/nanos6,https://github.com/bsc-pm/nanos6/blob/69bb9389d402bd690f7349e8bee6fb1271f254fa/Makefile.am#L2086,"## ------------------------------ ##
## Rules specific for MAN output. ##
## ------------------------------ ##",[],Autotool,0,2086,2088
22945,bsc-pm/nanos6,https://github.com/bsc-pm/nanos6/blob/69bb9389d402bd690f7349e8bee6fb1271f254fa/Makefile.am#L2092,"## ------------------------------ ##
## Rules specific for RTF output. ##
## ------------------------------ ##",[],Autotool,0,2092,2094
22945,bsc-pm/nanos6,https://github.com/bsc-pm/nanos6/blob/69bb9389d402bd690f7349e8bee6fb1271f254fa/Makefile.am#L2098,"## ------------------------------ ##
## Rules specific for XML output. ##
## ------------------------------ ##",[],Autotool,0,2098,2100
22945,bsc-pm/nanos6,https://github.com/bsc-pm/nanos6/blob/69bb9389d402bd690f7349e8bee6fb1271f254fa/Makefile.am#L2104,"## ----------------------------- ##
## Rules specific for PS output. ##
## ----------------------------- ##",[],Autotool,0,2104,2106
22945,bsc-pm/nanos6,https://github.com/bsc-pm/nanos6/blob/69bb9389d402bd690f7349e8bee6fb1271f254fa/Makefile.am#L2148,"## ------------------------------------------------- ##
## Rules specific for LaTeX (shared for PS and PDF). ##
## ------------------------------------------------- ##",[],Autotool,0,2148,2150
22945,bsc-pm/nanos6,https://github.com/bsc-pm/nanos6/blob/69bb9389d402bd690f7349e8bee6fb1271f254fa/commands/Makefile.am#L1,"#	This file is part of Nanos6 and is licensed under the terms contained in the COPYING file.
#
#	Copyright (C) 2015-2022 Barcelona Supercomputing Center (BSC)",[],Autotool,0,1,3
22945,bsc-pm/nanos6,https://github.com/bsc-pm/nanos6/blob/69bb9389d402bd690f7349e8bee6fb1271f254fa/tests/directive_based/clang/Makefile.am#L1,"#	This file is part of Nanos6 and is licensed under the terms contained in the COPYING file.
#
#	Copyright (C) 2020-2022 Barcelona Supercomputing Center (BSC)",[],Autotool,0,1,3
22945,bsc-pm/nanos6,https://github.com/bsc-pm/nanos6/blob/69bb9389d402bd690f7349e8bee6fb1271f254fa/tests/directive_based/clang/Makefile.am#L21,"#
# Tests
#",[],Autotool,0,21,23
22945,bsc-pm/nanos6,https://github.com/bsc-pm/nanos6/blob/69bb9389d402bd690f7349e8bee6fb1271f254fa/tests/directive_based/clang/Makefile.am#L71,"# Ignore CPU Activation test if we have DLB
# NOTE: The order of this tests should never change, new DLB-related
#       tests must be added under these",[],Autotool,0,71,73
22945,bsc-pm/nanos6,https://github.com/bsc-pm/nanos6/blob/69bb9389d402bd690f7349e8bee6fb1271f254fa/tests/directive_based/clang/Makefile.am#L165,# Ignore CPU Activation test if we have DLB for now,[],Autotool,0,165,165
22945,bsc-pm/nanos6,https://github.com/bsc-pm/nanos6/blob/69bb9389d402bd690f7349e8bee6fb1271f254fa/tests/directive_based/clang/Makefile.am#L264,# Inhibit linker optimization flag since it is not supported by Mercurium with CUDA,[],Autotool,0,264,264
22945,bsc-pm/nanos6,https://github.com/bsc-pm/nanos6/blob/69bb9389d402bd690f7349e8bee6fb1271f254fa/tests/directive_based/mercurium/Makefile.am#L1,"#	This file is part of Nanos6 and is licensed under the terms contained in the COPYING file.
#
#	Copyright (C) 2015-2022 Barcelona Supercomputing Center (BSC)",[],Autotool,0,1,3
22945,bsc-pm/nanos6,https://github.com/bsc-pm/nanos6/blob/69bb9389d402bd690f7349e8bee6fb1271f254fa/tests/directive_based/mercurium/Makefile.am#L23,"#
# Tests
#",[],Autotool,0,23,25
22945,bsc-pm/nanos6,https://github.com/bsc-pm/nanos6/blob/69bb9389d402bd690f7349e8bee6fb1271f254fa/tests/directive_based/mercurium/Makefile.am#L76,"# Ignore CPU Activation test if we have DLB
# NOTE: The order of this tests should never change, new DLB-related
#       tests must be added under these",[],Autotool,0,76,78
22945,bsc-pm/nanos6,https://github.com/bsc-pm/nanos6/blob/69bb9389d402bd690f7349e8bee6fb1271f254fa/tests/directive_based/mercurium/Makefile.am#L176,# Ignore CPU Activation test if we have DLB for now,[],Autotool,0,176,176
22945,bsc-pm/nanos6,https://github.com/bsc-pm/nanos6/blob/69bb9389d402bd690f7349e8bee6fb1271f254fa/tests/directive_based/mercurium/Makefile.am#L278,# Inhibit linker optimization flag since it is not supported by Mercurium with CUDA,[],Autotool,0,278,278
22945,bsc-pm/nanos6,https://github.com/bsc-pm/nanos6/blob/69bb9389d402bd690f7349e8bee6fb1271f254fa/tests/directive_based/mercurium/Makefile.am#L281,"# Serialize compilation of tests since Mercurium seems to ignore the --parallel flag
# when compiling CUDA programs",[],Autotool,0,281,282
22945,bsc-pm/nanos6,https://github.com/bsc-pm/nanos6/blob/69bb9389d402bd690f7349e8bee6fb1271f254fa/configure.ac#L1,"#                                               -*- Autoconf -*-
# Process this file with autoconf to produce a configure script.",[],Autotool,0,1,2
22945,bsc-pm/nanos6,https://github.com/bsc-pm/nanos6/blob/69bb9389d402bd690f7349e8bee6fb1271f254fa/configure.ac#L4,"#	This file is part of Nanos6 and is licensed under the terms contained in the COPYING file.
#
#	Copyright (C) 2015-2022 Barcelona Supercomputing Center (BSC)",[],Autotool,0,4,6
22945,bsc-pm/nanos6,https://github.com/bsc-pm/nanos6/blob/69bb9389d402bd690f7349e8bee6fb1271f254fa/configure.ac#L8,# Nanos6 version and copyright,[],Autotool,0,8,8
22945,bsc-pm/nanos6,https://github.com/bsc-pm/nanos6/blob/69bb9389d402bd690f7349e8bee6fb1271f254fa/configure.ac#L36,# Checks for programs,[],Autotool,0,36,36
22945,bsc-pm/nanos6,https://github.com/bsc-pm/nanos6/blob/69bb9389d402bd690f7349e8bee6fb1271f254fa/configure.ac#L66,# Checks for libraries.,[],Autotool,0,66,66
22945,bsc-pm/nanos6,https://github.com/bsc-pm/nanos6/blob/69bb9389d402bd690f7349e8bee6fb1271f254fa/configure.ac#L70,# Checks for header files.,[],Autotool,0,70,70
22945,bsc-pm/nanos6,https://github.com/bsc-pm/nanos6/blob/69bb9389d402bd690f7349e8bee6fb1271f254fa/configure.ac#L73,"# Checks for typedefs, structures, and compiler characteristics.",[],Autotool,0,73,73
22945,bsc-pm/nanos6,https://github.com/bsc-pm/nanos6/blob/69bb9389d402bd690f7349e8bee6fb1271f254fa/configure.ac#L75,# AC_C_INLINE,[],Autotool,0,75,75
22945,bsc-pm/nanos6,https://github.com/bsc-pm/nanos6/blob/69bb9389d402bd690f7349e8bee6fb1271f254fa/configure.ac#L86,# Checks for library functions.,[],Autotool,0,86,86
22945,bsc-pm/nanos6,https://github.com/bsc-pm/nanos6/blob/69bb9389d402bd690f7349e8bee6fb1271f254fa/configure.ac#L96,# Build ctf2prv fast converter if Babeltrace2 is available,[],Autotool,0,96,96
22945,bsc-pm/nanos6,https://github.com/bsc-pm/nanos6/blob/69bb9389d402bd690f7349e8bee6fb1271f254fa/configure.ac#L131,# Check for gethostid,[],Autotool,0,131,131
22945,bsc-pm/nanos6,https://github.com/bsc-pm/nanos6/blob/69bb9389d402bd690f7349e8bee6fb1271f254fa/configure.ac#L208,# Check support for CUDA,[],Autotool,0,208,208
22945,bsc-pm/nanos6,https://github.com/bsc-pm/nanos6/blob/69bb9389d402bd690f7349e8bee6fb1271f254fa/configure.ac#L211,# Check support for OpenACC,[],Autotool,0,211,211
22945,bsc-pm/nanos6,https://github.com/bsc-pm/nanos6/blob/69bb9389d402bd690f7349e8bee6fb1271f254fa/configure.ac#L227,# Dependency engines to build,[],Autotool,0,227,227
22945,bsc-pm/nanos6,https://github.com/bsc-pm/nanos6/blob/69bb9389d402bd690f7349e8bee6fb1271f254fa/configure.ac#L229,# Always include regions dependencies,[],Autotool,0,229,229
22945,bsc-pm/nanos6,https://github.com/bsc-pm/nanos6/blob/69bb9389d402bd690f7349e8bee6fb1271f254fa/configure.ac#L240,# Always include discrete dependencies,[],Autotool,0,240,240
