repoIndex,repoName,linkLocation,comment,keywords,buildSysteminFile,charPosition,startLine,endLine
2335,tarsnap/tarsnap,https://github.com/tarsnap/tarsnap/blob/cd81b8e3a3f8f8daad8243239a151fb213e8c8bd/Makefile.am#L1,## Process this file with automake to produce Makefile.in,[],Autotool,0,1,1
2335,tarsnap/tarsnap,https://github.com/tarsnap/tarsnap/blob/cd81b8e3a3f8f8daad8243239a151fb213e8c8bd/Makefile.am#L5,"#
# What to build and install
#",[],Autotool,0,5,7
2335,tarsnap/tarsnap,https://github.com/tarsnap/tarsnap/blob/cd81b8e3a3f8f8daad8243239a151fb213e8c8bd/Makefile.am#L17,"#
# Libarchive headers, source, etc.
#
#",[],Autotool,0,17,20
2335,tarsnap/tarsnap,https://github.com/tarsnap/tarsnap/blob/cd81b8e3a3f8f8daad8243239a151fb213e8c8bd/Makefile.am#L92,"#
# Tarsnap internal library code
#
#
# Don't include crypto_aesctr_shared.c in this list, as it should be included
# directly into other translation unit(s), and not compiled on its own.",[],Autotool,0,92,97
2335,tarsnap/tarsnap,https://github.com/tarsnap/tarsnap/blob/cd81b8e3a3f8f8daad8243239a151fb213e8c8bd/Makefile.am#L291,"# crypto_aesctr_shared.c is in this list because it can't be included in the
# _SOURCES because it should only be included as part of another translation
# unit.",[],Autotool,0,291,293
2335,tarsnap/tarsnap,https://github.com/tarsnap/tarsnap/blob/cd81b8e3a3f8f8daad8243239a151fb213e8c8bd/Makefile.am#L368,"#
#
# tarsnap source, docs, etc.
#
#",[],Autotool,0,368,372
2335,tarsnap/tarsnap,https://github.com/tarsnap/tarsnap/blob/cd81b8e3a3f8f8daad8243239a151fb213e8c8bd/Makefile.am#L474,"#
# tarsnap-keygen source, docs, etc.
#
#",[],Autotool,0,474,477
2335,tarsnap/tarsnap,https://github.com/tarsnap/tarsnap/blob/cd81b8e3a3f8f8daad8243239a151fb213e8c8bd/Makefile.am#L504,"#
# tarsnap-keyregen source, docs, etc.
#
#",[],Autotool,0,504,507
2335,tarsnap/tarsnap,https://github.com/tarsnap/tarsnap/blob/cd81b8e3a3f8f8daad8243239a151fb213e8c8bd/Makefile.am#L534,"#
#
# tarsnap-recrypt source, docs, etc.
#
#",[],Autotool,0,534,538
2335,tarsnap/tarsnap,https://github.com/tarsnap/tarsnap/blob/cd81b8e3a3f8f8daad8243239a151fb213e8c8bd/Makefile.am#L578,"#
#
# tarsnap-keymgmt source, docs, etc.
#
#",[],Autotool,0,578,582
2335,tarsnap/tarsnap,https://github.com/tarsnap/tarsnap/blob/cd81b8e3a3f8f8daad8243239a151fb213e8c8bd/Makefile.am#L601,"#
# Test framework and support programs
#
#",[],Autotool,0,601,604
2335,tarsnap/tarsnap,https://github.com/tarsnap/tarsnap/blob/cd81b8e3a3f8f8daad8243239a151fb213e8c8bd/Makefile.am#L610,# Detect potential memory leaks from libraries.,[],Autotool,0,610,610
2335,tarsnap/tarsnap,https://github.com/tarsnap/tarsnap/blob/cd81b8e3a3f8f8daad8243239a151fb213e8c8bd/Makefile.am#L618,#  Tarsnap configuration file,[],Autotool,0,618,618
2335,tarsnap/tarsnap,https://github.com/tarsnap/tarsnap/blob/cd81b8e3a3f8f8daad8243239a151fb213e8c8bd/Makefile.am#L629,"# Use the right version of the man pages depending on whether we have mdoc
# macros available on this system.",[],Autotool,0,629,630
2335,tarsnap/tarsnap,https://github.com/tarsnap/tarsnap/blob/cd81b8e3a3f8f8daad8243239a151fb213e8c8bd/Makefile.am#L671,"#
# Misc helper scripts
#
#",[],Autotool,0,671,674
2335,tarsnap/tarsnap,https://github.com/tarsnap/tarsnap/blob/cd81b8e3a3f8f8daad8243239a151fb213e8c8bd/configure.ac#L1,dnl Process this file with autoconf to produce a configure script.,[],Autotool,0,1,1
2335,tarsnap/tarsnap,https://github.com/tarsnap/tarsnap/blob/cd81b8e3a3f8f8daad8243239a151fb213e8c8bd/configure.ac#L3,"dnl First, define all of the version numbers up front.
dnl In particular, this allows the version macro to be used in AC_INIT",[],Autotool,0,3,4
2335,tarsnap/tarsnap,https://github.com/tarsnap/tarsnap/blob/cd81b8e3a3f8f8daad8243239a151fb213e8c8bd/configure.ac#L6,# Pull in tarsnap version number and server name from files,[],Autotool,0,6,6
2335,tarsnap/tarsnap,https://github.com/tarsnap/tarsnap/blob/cd81b8e3a3f8f8daad8243239a151fb213e8c8bd/configure.ac#L10,dnl These first two version numbers are updated automatically on each release.,[],Autotool,0,10,10
2335,tarsnap/tarsnap,https://github.com/tarsnap/tarsnap/blob/cd81b8e3a3f8f8daad8243239a151fb213e8c8bd/configure.ac#L14,"#
# Now starts the ""real"" configure script.
#",[],Autotool,0,14,16
2335,tarsnap/tarsnap,https://github.com/tarsnap/tarsnap/blob/cd81b8e3a3f8f8daad8243239a151fb213e8c8bd/configure.ac#L19,"# Make sure the srcdir contains ""libarchive"" directory",[],Autotool,0,19,19
2335,tarsnap/tarsnap,https://github.com/tarsnap/tarsnap/blob/cd81b8e3a3f8f8daad8243239a151fb213e8c8bd/configure.ac#L21,# Use auxiliary subscripts from this subdirectory (cleans up root),[],Autotool,0,21,21
2335,tarsnap/tarsnap,https://github.com/tarsnap/tarsnap/blob/cd81b8e3a3f8f8daad8243239a151fb213e8c8bd/configure.ac#L24,# Check for host and target type,[],Autotool,0,24,24
2335,tarsnap/tarsnap,https://github.com/tarsnap/tarsnap/blob/cd81b8e3a3f8f8daad8243239a151fb213e8c8bd/configure.ac#L27,# Must follow AC_CONFIG macros above...,[],Autotool,0,27,27
2335,tarsnap/tarsnap,https://github.com/tarsnap/tarsnap/blob/cd81b8e3a3f8f8daad8243239a151fb213e8c8bd/configure.ac#L30,# Stick the version numbers into config.h,[],Autotool,0,30,30
2335,tarsnap/tarsnap,https://github.com/tarsnap/tarsnap/blob/cd81b8e3a3f8f8daad8243239a151fb213e8c8bd/configure.ac#L37,"# The shell variables here must be the same as the AC_SUBST() variables
# below, but the shell variable names apparently cannot be the same as
# the m4 macro names above.  Why?  Ask autoconf.",[],Autotool,0,37,39
2335,tarsnap/tarsnap,https://github.com/tarsnap/tarsnap/blob/cd81b8e3a3f8f8daad8243239a151fb213e8c8bd/configure.ac#L43,"# Substitute the above version numbers into the various files below.
# Yes, I believe this is the fourth time we define what are essentially
# the same symbols.  Why? Ask autoconf.",[],Autotool,0,43,45
2335,tarsnap/tarsnap,https://github.com/tarsnap/tarsnap/blob/cd81b8e3a3f8f8daad8243239a151fb213e8c8bd/configure.ac#L52,dnl Compilation on mingw and Cygwin needs special Makefile rules,[],Autotool,0,52,52
2335,tarsnap/tarsnap,https://github.com/tarsnap/tarsnap/blob/cd81b8e3a3f8f8daad8243239a151fb213e8c8bd/configure.ac#L62,# Checks for programs.,[],Autotool,0,62,62
2335,tarsnap/tarsnap,https://github.com/tarsnap/tarsnap/blob/cd81b8e3a3f8f8daad8243239a151fb213e8c8bd/configure.ac#L68,# We use some _GNU_SOURCE bits on Linux; this also enables other extensions.,[],Autotool,0,68,68
2335,tarsnap/tarsnap,https://github.com/tarsnap/tarsnap/blob/cd81b8e3a3f8f8daad8243239a151fb213e8c8bd/configure.ac#L71,# Don't rebuild the configure script.  I'm distributing a perfectly good one.,[],Autotool,0,71,71
2335,tarsnap/tarsnap,https://github.com/tarsnap/tarsnap/blob/cd81b8e3a3f8f8daad8243239a151fb213e8c8bd/configure.ac#L78,"#
# Locate some specific link objects for cygwin
#",[],Autotool,0,78,80
2335,tarsnap/tarsnap,https://github.com/tarsnap/tarsnap/blob/cd81b8e3a3f8f8daad8243239a151fb213e8c8bd/configure.ac#L93,# Checks for header files.,[],Autotool,0,93,93
2335,tarsnap/tarsnap,https://github.com/tarsnap/tarsnap/blob/cd81b8e3a3f8f8daad8243239a151fb213e8c8bd/configure.ac#L106,"# Check for clock_gettime.  On some systems, this is provided via librt.",[],Autotool,0,106,106
2335,tarsnap/tarsnap,https://github.com/tarsnap/tarsnap/blob/cd81b8e3a3f8f8daad8243239a151fb213e8c8bd/configure.ac#L110,"# Check for <sys/mount.h>, <sys/statvfs.h>, <sys/vfs.h>, and <sys/statfs.h>,
# which are used on various OSes to provide statfs(2) and statvfs(2).",[],Autotool,0,110,111
2335,tarsnap/tarsnap,https://github.com/tarsnap/tarsnap/blob/cd81b8e3a3f8f8daad8243239a151fb213e8c8bd/configure.ac#L113,#ifdef HAVE_SYS_PARAM_H,[],Autotool,1,113,113
2335,tarsnap/tarsnap,https://github.com/tarsnap/tarsnap/blob/cd81b8e3a3f8f8daad8243239a151fb213e8c8bd/configure.ac#L114,"#include <sys/param.h>
#endif])",[],Autotool,0,114,115
2335,tarsnap/tarsnap,https://github.com/tarsnap/tarsnap/blob/cd81b8e3a3f8f8daad8243239a151fb213e8c8bd/configure.ac#L117,# Check how we can find out the available memory.,[],Autotool,0,117,117
2335,tarsnap/tarsnap,https://github.com/tarsnap/tarsnap/blob/cd81b8e3a3f8f8daad8243239a151fb213e8c8bd/configure.ac#L120,# Check for members of struct statfs and struct statvfs.,[],Autotool,0,120,120
2335,tarsnap/tarsnap,https://github.com/tarsnap/tarsnap/blob/cd81b8e3a3f8f8daad8243239a151fb213e8c8bd/configure.ac#L123,#ifdef HAVE_SYS_PARAM_H,[],Autotool,1,123,123
2335,tarsnap/tarsnap,https://github.com/tarsnap/tarsnap/blob/cd81b8e3a3f8f8daad8243239a151fb213e8c8bd/configure.ac#L124,"#include <sys/param.h>
#endif
#ifdef HAVE_SYS_MOUNT_H
#include <sys/mount.h>
#endif
#ifdef HAVE_SYS_STATFS_H
#include <sys/statfs.h>
#endif
#ifdef HAVE_SYS_STATVFS_H
#include <sys/statvfs.h>
#endif
#ifdef HAVE_SYS_VFS_H
#include <sys/vfs.h>
#endif])",[],Autotool,0,124,137
2335,tarsnap/tarsnap,https://github.com/tarsnap/tarsnap/blob/cd81b8e3a3f8f8daad8243239a151fb213e8c8bd/configure.ac#L139,"# Check for <linux/magic.h>, which contains magic numbers for statfs on
# Linux 2.6.  (We hard-code values for Linux 2.4.)",[],Autotool,0,139,140
2335,tarsnap/tarsnap,https://github.com/tarsnap/tarsnap/blob/cd81b8e3a3f8f8daad8243239a151fb213e8c8bd/configure.ac#L143,"# If we're on Solaris, we need to add some extra paths to the Makefile.
# This needs to be done *before* we look for OpenSSL; otherwise we won't
# be able to find it...",[],Autotool,0,143,145
2335,tarsnap/tarsnap,https://github.com/tarsnap/tarsnap/blob/cd81b8e3a3f8f8daad8243239a151fb213e8c8bd/configure.ac#L148,# Ditto for Darwin.,[],Autotool,0,148,148
2335,tarsnap/tarsnap,https://github.com/tarsnap/tarsnap/blob/cd81b8e3a3f8f8daad8243239a151fb213e8c8bd/configure.ac#L151,# Check if we need -std=c99 in LDFLAGS (for gcc on Solaris).,[],Autotool,0,151,151
2335,tarsnap/tarsnap,https://github.com/tarsnap/tarsnap/blob/cd81b8e3a3f8f8daad8243239a151fb213e8c8bd/configure.ac#L154,"# Check if we should use mdoc versions of the man pages or versions which
# are uglier but more portable.",[],Autotool,0,154,155
2335,tarsnap/tarsnap,https://github.com/tarsnap/tarsnap/blob/cd81b8e3a3f8f8daad8243239a151fb213e8c8bd/configure.ac#L158,"# On Linux, we need ext2fs/ext2_fs.h",[],Autotool,0,158,158
2335,tarsnap/tarsnap,https://github.com/tarsnap/tarsnap/blob/cd81b8e3a3f8f8daad8243239a151fb213e8c8bd/configure.ac#L164,# Check if we have FreeBSD's randomized TCP source port bug,[],Autotool,0,164,164
2335,tarsnap/tarsnap,https://github.com/tarsnap/tarsnap/blob/cd81b8e3a3f8f8daad8243239a151fb213e8c8bd/configure.ac#L167,# Checks for required libraries.,[],Autotool,0,167,167
2335,tarsnap/tarsnap,https://github.com/tarsnap/tarsnap/blob/cd81b8e3a3f8f8daad8243239a151fb213e8c8bd/configure.ac#L177,# Checks for optional libraries.,[],Autotool,0,177,177
2335,tarsnap/tarsnap,https://github.com/tarsnap/tarsnap/blob/cd81b8e3a3f8f8daad8243239a151fb213e8c8bd/configure.ac#L262,"# Checks for typedefs, structures, and compiler characteristics.",[],Autotool,0,262,262
2335,tarsnap/tarsnap,https://github.com/tarsnap/tarsnap/blob/cd81b8e3a3f8f8daad8243239a151fb213e8c8bd/configure.ac#L267,"# AC_TYPE_OFF_T defaults to ""long"", which limits us to 4GB files on
# most systems... default to ""long long"" instead.",[],Autotool,0,267,268
2335,tarsnap/tarsnap,https://github.com/tarsnap/tarsnap/blob/cd81b8e3a3f8f8daad8243239a151fb213e8c8bd/configure.ac#L274,# Check for birthtime in struct stat,[],Autotool,0,274,274
2335,tarsnap/tarsnap,https://github.com/tarsnap/tarsnap/blob/cd81b8e3a3f8f8daad8243239a151fb213e8c8bd/configure.ac#L277,# Check for high-resolution timestamps in struct stat,[],Autotool,0,277,277
2335,tarsnap/tarsnap,https://github.com/tarsnap/tarsnap/blob/cd81b8e3a3f8f8daad8243239a151fb213e8c8bd/configure.ac#L281,# AIX,[],Autotool,43,281,281
2335,tarsnap/tarsnap,https://github.com/tarsnap/tarsnap/blob/cd81b8e3a3f8f8daad8243239a151fb213e8c8bd/configure.ac#L282,# Tru64,[],Autotool,42,282,282
2335,tarsnap/tarsnap,https://github.com/tarsnap/tarsnap/blob/cd81b8e3a3f8f8daad8243239a151fb213e8c8bd/configure.ac#L283,# Hurd,[],Autotool,46,283,283
2335,tarsnap/tarsnap,https://github.com/tarsnap/tarsnap/blob/cd81b8e3a3f8f8daad8243239a151fb213e8c8bd/configure.ac#L284,# Check for block size support in struct stat,[],Autotool,0,284,284
2335,tarsnap/tarsnap,https://github.com/tarsnap/tarsnap/blob/cd81b8e3a3f8f8daad8243239a151fb213e8c8bd/configure.ac#L286,# Check for st_flags in struct stat (BSD fflags),[],Autotool,0,286,286
2335,tarsnap/tarsnap,https://github.com/tarsnap/tarsnap/blob/cd81b8e3a3f8f8daad8243239a151fb213e8c8bd/configure.ac#L294,"# We need int64_t, uint64_t, intmax_t, and uintmax_t",[],Autotool,0,294,294
2335,tarsnap/tarsnap,https://github.com/tarsnap/tarsnap/blob/cd81b8e3a3f8f8daad8243239a151fb213e8c8bd/configure.ac#L306,#include <errno.h>]),[],Autotool,3,306,306
2335,tarsnap/tarsnap,https://github.com/tarsnap/tarsnap/blob/cd81b8e3a3f8f8daad8243239a151fb213e8c8bd/configure.ac#L310,#include <errno.h>]),[],Autotool,3,310,310
2335,tarsnap/tarsnap,https://github.com/tarsnap/tarsnap/blob/cd81b8e3a3f8f8daad8243239a151fb213e8c8bd/configure.ac#L312,dnl,[],Autotool,111,312,312
2335,tarsnap/tarsnap,https://github.com/tarsnap/tarsnap/blob/cd81b8e3a3f8f8daad8243239a151fb213e8c8bd/configure.ac#L318,# Checks for library functions.,[],Autotool,0,318,318
2335,tarsnap/tarsnap,https://github.com/tarsnap/tarsnap/blob/cd81b8e3a3f8f8daad8243239a151fb213e8c8bd/configure.ac#L339,# Check for mmap so we can work around its absence on Minix,[],Autotool,0,339,339
2335,tarsnap/tarsnap,https://github.com/tarsnap/tarsnap/blob/cd81b8e3a3f8f8daad8243239a151fb213e8c8bd/configure.ac#L342,"# FreeBSD's nl_langinfo supports an option to specify whether the
# current locale uses month/day or day/month ordering.  It makes the
# output a little prettier...",[],Autotool,0,342,344
2335,tarsnap/tarsnap,https://github.com/tarsnap/tarsnap/blob/cd81b8e3a3f8f8daad8243239a151fb213e8c8bd/configure.ac#L348,#if HAVE_LANGINFO_H,[],Autotool,1,348,348
2335,tarsnap/tarsnap,https://github.com/tarsnap/tarsnap/blob/cd81b8e3a3f8f8daad8243239a151fb213e8c8bd/configure.ac#L349,"#include <langinfo.h>
#endif",[],Autotool,0,349,350
2335,tarsnap/tarsnap,https://github.com/tarsnap/tarsnap/blob/cd81b8e3a3f8f8daad8243239a151fb213e8c8bd/configure.ac#L353,"# If fnmatch() exists and supports FNM_LEADING_DIR, then bsdtar uses that,
# otherwise it uses some usable (but less featureful) built-in code for
# filename pattern matching.",[],Autotool,0,353,355
2335,tarsnap/tarsnap,https://github.com/tarsnap/tarsnap/blob/cd81b8e3a3f8f8daad8243239a151fb213e8c8bd/configure.ac#L360,#if HAVE_FNMATCH,[],Autotool,1,360,360
2335,tarsnap/tarsnap,https://github.com/tarsnap/tarsnap/blob/cd81b8e3a3f8f8daad8243239a151fb213e8c8bd/configure.ac#L361,"#define _GNU_SOURCE /* Required on Linux to get GNU extensions */
#include <fnmatch.h>
#endif",[],Autotool,0,361,363
2335,tarsnap/tarsnap,https://github.com/tarsnap/tarsnap/blob/cd81b8e3a3f8f8daad8243239a151fb213e8c8bd/configure.ac#L366,"# Check for dirent.d_namlen field explicitly
# (This is a bit more straightforward than, if not quite as portable as,
# the recipe given by the autoconf maintainers.)",[],Autotool,0,366,368
2335,tarsnap/tarsnap,https://github.com/tarsnap/tarsnap/blob/cd81b8e3a3f8f8daad8243239a151fb213e8c8bd/configure.ac#L370,#if HAVE_DIRENT_H,[],Autotool,1,370,370
2335,tarsnap/tarsnap,https://github.com/tarsnap/tarsnap/blob/cd81b8e3a3f8f8daad8243239a151fb213e8c8bd/configure.ac#L371,"#include <dirent.h>
#endif",[],Autotool,0,371,372
2335,tarsnap/tarsnap,https://github.com/tarsnap/tarsnap/blob/cd81b8e3a3f8f8daad8243239a151fb213e8c8bd/configure.ac#L375,# Check for Extended Attributes support,[],Autotool,0,375,375
2335,tarsnap/tarsnap,https://github.com/tarsnap/tarsnap/blob/cd81b8e3a3f8f8daad8243239a151fb213e8c8bd/configure.ac#L390,"# Check for ACL support
#
# The ACL support in libarchive is written against the POSIX1e draft,
# which was never officially approved and varies quite a bit across
# platforms.  Worse, some systems have completely non-POSIX acl functions,
# which makes the following checks rather more complex than I would like.
#",[],Autotool,0,390,396
2335,tarsnap/tarsnap,https://github.com/tarsnap/tarsnap/blob/cd81b8e3a3f8f8daad8243239a151fb213e8c8bd/configure.ac#L407,#if HAVE_SYS_TYPES_H,[],Autotool,2,407,407
2335,tarsnap/tarsnap,https://github.com/tarsnap/tarsnap/blob/cd81b8e3a3f8f8daad8243239a151fb213e8c8bd/configure.ac#L408,"#include <sys/types.h>
#endif
#if HAVE_SYS_ACL_H
#include <sys/acl.h>
#endif",[],Autotool,1,408,412
2335,tarsnap/tarsnap,https://github.com/tarsnap/tarsnap/blob/cd81b8e3a3f8f8daad8243239a151fb213e8c8bd/configure.ac#L415,"# The ""acl_get_perm()"" function was omitted from the POSIX draft.
# (It's a pretty obvious oversight; otherwise, there's no way to
# test for specific permissions in a permset.)  Linux uses the obvious
# name, FreeBSD adds _np to mark it as ""non-Posix extension.""
# Test for both as a double-check that we really have POSIX-style ACL support.",[],Autotool,4,415,419
2335,tarsnap/tarsnap,https://github.com/tarsnap/tarsnap/blob/cd81b8e3a3f8f8daad8243239a151fb213e8c8bd/configure.ac#L421,#if HAVE_SYS_TYPES_H,[],Autotool,2,421,421
2335,tarsnap/tarsnap,https://github.com/tarsnap/tarsnap/blob/cd81b8e3a3f8f8daad8243239a151fb213e8c8bd/configure.ac#L422,"#include <sys/types.h>
#endif
#if HAVE_SYS_ACL_H
#include <sys/acl.h>
#endif",[],Autotool,1,422,426
2335,tarsnap/tarsnap,https://github.com/tarsnap/tarsnap/blob/cd81b8e3a3f8f8daad8243239a151fb213e8c8bd/configure.ac#L429,"# MacOS has an acl.h that isn't POSIX.  It can be detected by
# checking for ACL_USER",[],Autotool,4,429,430
2335,tarsnap/tarsnap,https://github.com/tarsnap/tarsnap/blob/cd81b8e3a3f8f8daad8243239a151fb213e8c8bd/configure.ac#L434,#include <sys/acl.h>]),[],Autotool,3,434,434
2335,tarsnap/tarsnap,https://github.com/tarsnap/tarsnap/blob/cd81b8e3a3f8f8daad8243239a151fb213e8c8bd/configure.ac#L437,# Additional requirements,[],Autotool,0,437,437
2335,tarsnap/tarsnap,https://github.com/tarsnap/tarsnap/blob/cd81b8e3a3f8f8daad8243239a151fb213e8c8bd/configure.ac#L440,# Interix doesn't provide optarg and optind,[],Autotool,0,440,440
2335,tarsnap/tarsnap,https://github.com/tarsnap/tarsnap/blob/cd81b8e3a3f8f8daad8243239a151fb213e8c8bd/configure.ac#L444,# Strip the .sample from tarsnap.conf.sample (if requested by the user).,[],Autotool,0,444,444
2335,tarsnap/tarsnap,https://github.com/tarsnap/tarsnap/blob/cd81b8e3a3f8f8daad8243239a151fb213e8c8bd/configure.ac#L452,# install bash completion,[],Autotool,0,452,452
2335,tarsnap/tarsnap,https://github.com/tarsnap/tarsnap/blob/cd81b8e3a3f8f8daad8243239a151fb213e8c8bd/configure.ac#L457,"# by default, use what the user told us",[],Autotool,0,457,457
2335,tarsnap/tarsnap,https://github.com/tarsnap/tarsnap/blob/cd81b8e3a3f8f8daad8243239a151fb213e8c8bd/configure.ac#L460,"# install zsh completion.  Unlike --with-bash-completion-dir, DIRNAME is not
# optional; this script has no mechanism for automatically determining the zsh
# completion directory.",[],Autotool,0,460,462
2335,tarsnap/tarsnap,https://github.com/tarsnap/tarsnap/blob/cd81b8e3a3f8f8daad8243239a151fb213e8c8bd/configure.ac#L467,# use what the user told us,[],Autotool,0,467,467
2335,tarsnap/tarsnap,https://github.com/tarsnap/tarsnap/blob/cd81b8e3a3f8f8daad8243239a151fb213e8c8bd/configure.ac#L470,# print results,[],Autotool,0,470,470
2335,tarsnap/tarsnap,https://github.com/tarsnap/tarsnap/blob/cd81b8e3a3f8f8daad8243239a151fb213e8c8bd/configure.ac#L476,# Check whether the user has requested to disable compiler warnings,[],Autotool,0,476,476
2335,tarsnap/tarsnap,https://github.com/tarsnap/tarsnap/blob/cd81b8e3a3f8f8daad8243239a151fb213e8c8bd/configure.ac#L479,# should we set the value automatically?,[],Autotool,0,479,479
2335,tarsnap/tarsnap,https://github.com/tarsnap/tarsnap/blob/cd81b8e3a3f8f8daad8243239a151fb213e8c8bd/configure.ac#L481,# try to use pkg-config,[],Autotool,4,481,481
2335,tarsnap/tarsnap,https://github.com/tarsnap/tarsnap/blob/cd81b8e3a3f8f8daad8243239a151fb213e8c8bd/configure.ac#L486,# find the actual value from the system,[],Autotool,8,486,486
2335,tarsnap/tarsnap,https://github.com/tarsnap/tarsnap/blob/cd81b8e3a3f8f8daad8243239a151fb213e8c8bd/configure.ac#L496,# pass values to Makefile.am,[],Autotool,0,496,496
2335,tarsnap/tarsnap,https://github.com/tarsnap/tarsnap/blob/cd81b8e3a3f8f8daad8243239a151fb213e8c8bd/configure.ac#L502,# Run the libcperciva POSIX compatibility tests and pass values to the Makefile.,[],Autotool,0,502,502
