repoIndex,repoName,linkLocation,comment,keywords,buildSysteminFile,charPosition,startLine,endLine
23642,grognardsfromhell/templeplus,https://github.com/grognardsfromhell/templeplus/blob/bdf0e9f7fef6c30824d59cac60a821803f664b24/CMakeLists.txt#L7,"################################################################################
# Set target arch type if empty. Visual studio solution generator provides it.
################################################################################",[],CMake,0,7,9
23642,grognardsfromhell/templeplus,https://github.com/grognardsfromhell/templeplus/blob/bdf0e9f7fef6c30824d59cac60a821803f664b24/CMakeLists.txt#L15,"# if(NOT (""${CMAKE_VS_PLATFORM_NAME}"" STREQUAL ""Win32""))
#     message(FATAL_ERROR ""${CMAKE_VS_PLATFORM_NAME} arch is not supported!"")
# endif()",[],CMake,0,15,17
23642,grognardsfromhell/templeplus,https://github.com/grognardsfromhell/templeplus/blob/bdf0e9f7fef6c30824d59cac60a821803f664b24/CMakeLists.txt#L19,"################################################################################
# Global configuration types
################################################################################",[],CMake,0,19,21
23642,grognardsfromhell/templeplus,https://github.com/grognardsfromhell/templeplus/blob/bdf0e9f7fef6c30824d59cac60a821803f664b24/CMakeLists.txt#L29,"################################################################################
# Global compiler options
################################################################################",[],CMake,0,29,31
23642,grognardsfromhell/templeplus,https://github.com/grognardsfromhell/templeplus/blob/bdf0e9f7fef6c30824d59cac60a821803f664b24/CMakeLists.txt#L33,# remove default flags provided with CMake for MSVC,[],CMake,4,33,33
23642,grognardsfromhell/templeplus,https://github.com/grognardsfromhell/templeplus/blob/bdf0e9f7fef6c30824d59cac60a821803f664b24/CMakeLists.txt#L40,"################################################################################
# Global linker options
################################################################################",[],CMake,0,40,42
23642,grognardsfromhell/templeplus,https://github.com/grognardsfromhell/templeplus/blob/bdf0e9f7fef6c30824d59cac60a821803f664b24/CMakeLists.txt#L44,# remove default flags provided with CMake for MSVC,[],CMake,4,44,44
23642,grognardsfromhell/templeplus,https://github.com/grognardsfromhell/templeplus/blob/bdf0e9f7fef6c30824d59cac60a821803f664b24/CMakeLists.txt#L63,"################################################################################
# Nuget packages function stub.
################################################################################",[],CMake,0,63,65
23642,grognardsfromhell/templeplus,https://github.com/grognardsfromhell/templeplus/blob/bdf0e9f7fef6c30824d59cac60a821803f664b24/CMakeLists.txt#L72,"################################################################################
# Common utils
################################################################################",[],CMake,0,72,74
23642,grognardsfromhell/templeplus,https://github.com/grognardsfromhell/templeplus/blob/bdf0e9f7fef6c30824d59cac60a821803f664b24/CMakeLists.txt#L77,"################################################################################
# Additional Global Settings(add specific info there)
################################################################################",[],CMake,0,77,79
23642,grognardsfromhell/templeplus,https://github.com/grognardsfromhell/templeplus/blob/bdf0e9f7fef6c30824d59cac60a821803f664b24/CMakeLists.txt#L82,"################################################################################
# Use solution folders feature
################################################################################",[],CMake,0,82,84
23642,grognardsfromhell/templeplus,https://github.com/grognardsfromhell/templeplus/blob/bdf0e9f7fef6c30824d59cac60a821803f664b24/CMakeLists.txt#L87,"################################################################################
# Sub-projects
################################################################################",[],CMake,0,87,89
23642,grognardsfromhell/templeplus,https://github.com/grognardsfromhell/templeplus/blob/bdf0e9f7fef6c30824d59cac60a821803f664b24/EASTL/CMakeLists.txt#L3,"################################################################################
# Source groups
################################################################################",[],CMake,0,3,5
23642,grognardsfromhell/templeplus,https://github.com/grognardsfromhell/templeplus/blob/bdf0e9f7fef6c30824d59cac60a821803f664b24/EASTL/CMakeLists.txt#L134,"################################################################################
# Target
################################################################################",[],CMake,0,134,136
23642,grognardsfromhell/templeplus,https://github.com/grognardsfromhell/templeplus/blob/bdf0e9f7fef6c30824d59cac60a821803f664b24/EASTL/CMakeLists.txt#L149,"################################################################################
# MSVC runtime library
################################################################################",[],CMake,0,149,151
23642,grognardsfromhell/templeplus,https://github.com/grognardsfromhell/templeplus/blob/bdf0e9f7fef6c30824d59cac60a821803f664b24/EASTL/CMakeLists.txt#L167,"################################################################################
# Include directories
################################################################################",[],CMake,0,167,169
23642,grognardsfromhell/templeplus,https://github.com/grognardsfromhell/templeplus/blob/bdf0e9f7fef6c30824d59cac60a821803f664b24/EASTL/CMakeLists.txt#L174,"################################################################################
# Compile definitions
################################################################################",[],CMake,0,174,176
23642,grognardsfromhell/templeplus,https://github.com/grognardsfromhell/templeplus/blob/bdf0e9f7fef6c30824d59cac60a821803f664b24/EASTL/CMakeLists.txt#L193,"################################################################################
# Compile and link options
################################################################################",[],CMake,0,193,195
23642,grognardsfromhell/templeplus,https://github.com/grognardsfromhell/templeplus/blob/bdf0e9f7fef6c30824d59cac60a821803f664b24/Infrastructure/CMakeLists.txt#L3,"################################################################################
# Source groups
################################################################################
# set(no_group_source_files
#     ""breakpad/LICENSE""
#     ""include/spdlog/LICENSE""
# )
# source_group("""" FILES ${no_group_source_files})",[],CMake,0,3,10
23642,grognardsfromhell/templeplus,https://github.com/grognardsfromhell/templeplus/blob/bdf0e9f7fef6c30824d59cac60a821803f664b24/Infrastructure/CMakeLists.txt#L13,"# ""breakpad/breakpad_types.h""
# ""breakpad/crash_generation_client.h""
# ""breakpad/exception_handler.h""
# ""breakpad/guid_string.h""
# ""breakpad/ipc_protocol.h""
# ""breakpad/minidump_cpu_amd64.h""
# ""breakpad/minidump_cpu_x86.h""
# ""breakpad/minidump_exception_win32.h""
# ""breakpad/minidump_format.h""
# ""breakpad/scoped_ptr.h""
# ""breakpad/string_utils-inl.h""",[],CMake,4,13,23
23642,grognardsfromhell/templeplus,https://github.com/grognardsfromhell/templeplus/blob/bdf0e9f7fef6c30824d59cac60a821803f664b24/Infrastructure/CMakeLists.txt#L88,"# ""include/spdlog/details/line_logger.h""",[],CMake,4,88,88
23642,grognardsfromhell/templeplus,https://github.com/grognardsfromhell/templeplus/blob/bdf0e9f7fef6c30824d59cac60a821803f664b24/Infrastructure/CMakeLists.txt#L92,"# ""include/spdlog/details/mpmc_bounded_q.h""",[],CMake,4,92,92
23642,grognardsfromhell/templeplus,https://github.com/grognardsfromhell/templeplus/blob/bdf0e9f7fef6c30824d59cac60a821803f664b24/Infrastructure/CMakeLists.txt#L197,"################################################################################
# Target
################################################################################",[],CMake,0,197,199
23642,grognardsfromhell/templeplus,https://github.com/grognardsfromhell/templeplus/blob/bdf0e9f7fef6c30824d59cac60a821803f664b24/Infrastructure/CMakeLists.txt#L212,"################################################################################
# MSVC runtime library
################################################################################",[],CMake,0,212,214
23642,grognardsfromhell/templeplus,https://github.com/grognardsfromhell/templeplus/blob/bdf0e9f7fef6c30824d59cac60a821803f664b24/Infrastructure/CMakeLists.txt#L230,"################################################################################
# Include directories
################################################################################",[],CMake,0,230,232
23642,grognardsfromhell/templeplus,https://github.com/grognardsfromhell/templeplus/blob/bdf0e9f7fef6c30824d59cac60a821803f664b24/Infrastructure/CMakeLists.txt#L237,"#""/usr/share/mingw-w64/include""",[],CMake,4,237,237
23642,grognardsfromhell/templeplus,https://github.com/grognardsfromhell/templeplus/blob/bdf0e9f7fef6c30824d59cac60a821803f664b24/Infrastructure/CMakeLists.txt#L242,"################################################################################
# Compile definitions
################################################################################",[],CMake,0,242,244
23642,grognardsfromhell/templeplus,https://github.com/grognardsfromhell/templeplus/blob/bdf0e9f7fef6c30824d59cac60a821803f664b24/Infrastructure/CMakeLists.txt#L262,"################################################################################
# Compile and link options
################################################################################",[],CMake,0,262,264
23642,grognardsfromhell/templeplus,https://github.com/grognardsfromhell/templeplus/blob/bdf0e9f7fef6c30824d59cac60a821803f664b24/Infrastructure/CMakeLists.txt#L298,"################################################################################
# Dependencies
################################################################################",[],CMake,0,298,300
23642,grognardsfromhell/templeplus,https://github.com/grognardsfromhell/templeplus/blob/bdf0e9f7fef6c30824d59cac60a821803f664b24/Infrastructure/include/fmt/CMakeLists.txt#L1,"# Define the fmt library, its includes and the needed defines.
# *.cc are added to FMT_HEADERS for the header-only configuration.",[],CMake,0,1,2
23642,grognardsfromhell/templeplus,https://github.com/grognardsfromhell/templeplus/blob/bdf0e9f7fef6c30824d59cac60a821803f664b24/Infrastructure/include/fmt/CMakeLists.txt#L13,"# Starting with cmake 3.1 the CXX_STANDARD property can be used instead.
# Note: Don't make -std=c++11 public or interface, since it breaks projects
# that use C++14.",[],CMake,0,13,15
23642,grognardsfromhell/templeplus,https://github.com/grognardsfromhell/templeplus/blob/bdf0e9f7fef6c30824d59cac60a821803f664b24/Infrastructure/include/fmt/CMakeLists.txt#L37,"#------------------------------------------------------------------------------
# additionally define a header only library when cmake is new enough",[],CMake,0,37,38
23642,grognardsfromhell/templeplus,https://github.com/grognardsfromhell/templeplus/blob/bdf0e9f7fef6c30824d59cac60a821803f664b24/Infrastructure/include/fmt/CMakeLists.txt#L50,# Install targets.,[],CMake,0,50,50
23642,grognardsfromhell/templeplus,https://github.com/grognardsfromhell/templeplus/blob/bdf0e9f7fef6c30824d59cac60a821803f664b24/Infrastructure/include/fmt/CMakeLists.txt#L71,"# Generate the version, config and target files into the build directory.",[],CMake,2,71,71
23642,grognardsfromhell/templeplus,https://github.com/grognardsfromhell/templeplus/blob/bdf0e9f7fef6c30824d59cac60a821803f664b24/Infrastructure/include/fmt/CMakeLists.txt#L83,"# Install version, config and target files.",[],CMake,2,83,83
23642,grognardsfromhell/templeplus,https://github.com/grognardsfromhell/templeplus/blob/bdf0e9f7fef6c30824d59cac60a821803f664b24/Infrastructure/include/fmt/CMakeLists.txt#L90,# Install the library and headers.,[],CMake,2,90,90
23642,grognardsfromhell/templeplus,https://github.com/grognardsfromhell/templeplus/blob/bdf0e9f7fef6c30824d59cac60a821803f664b24/ParticleSystems/CMakeLists.txt#L3,"################################################################################
# Source groups
################################################################################",[],CMake,0,3,5
23642,grognardsfromhell/templeplus,https://github.com/grognardsfromhell/templeplus/blob/bdf0e9f7fef6c30824d59cac60a821803f664b24/ParticleSystems/CMakeLists.txt#L44,"################################################################################
# Target
################################################################################",[],CMake,0,44,46
23642,grognardsfromhell/templeplus,https://github.com/grognardsfromhell/templeplus/blob/bdf0e9f7fef6c30824d59cac60a821803f664b24/ParticleSystems/CMakeLists.txt#L59,"################################################################################
# MSVC runtime library
################################################################################",[],CMake,0,59,61
23642,grognardsfromhell/templeplus,https://github.com/grognardsfromhell/templeplus/blob/bdf0e9f7fef6c30824d59cac60a821803f664b24/ParticleSystems/CMakeLists.txt#L77,"################################################################################
# Include directories
################################################################################",[],CMake,0,77,79
23642,grognardsfromhell/templeplus,https://github.com/grognardsfromhell/templeplus/blob/bdf0e9f7fef6c30824d59cac60a821803f664b24/ParticleSystems/CMakeLists.txt#L85,"################################################################################
# Compile definitions
################################################################################",[],CMake,0,85,87
23642,grognardsfromhell/templeplus,https://github.com/grognardsfromhell/templeplus/blob/bdf0e9f7fef6c30824d59cac60a821803f664b24/ParticleSystems/CMakeLists.txt#L104,"################################################################################
# Compile and link options
################################################################################",[],CMake,0,104,106
23642,grognardsfromhell/templeplus,https://github.com/grognardsfromhell/templeplus/blob/bdf0e9f7fef6c30824d59cac60a821803f664b24/ParticleSystems/CMakeLists.txt#L140,"################################################################################
# Dependencies
################################################################################",[],CMake,0,140,142
23642,grognardsfromhell/templeplus,https://github.com/grognardsfromhell/templeplus/blob/bdf0e9f7fef6c30824d59cac60a821803f664b24/ParticleSystems/CMakeLists.txt#L147,# Link with other targets.,[],CMake,0,147,147
23642,grognardsfromhell/templeplus,https://github.com/grognardsfromhell/templeplus/blob/bdf0e9f7fef6c30824d59cac60a821803f664b24/Temple/CMakeLists.txt#L3,"################################################################################
# Source groups
################################################################################",[],CMake,0,3,5
23642,grognardsfromhell/templeplus,https://github.com/grognardsfromhell/templeplus/blob/bdf0e9f7fef6c30824d59cac60a821803f664b24/Temple/CMakeLists.txt#L31,"################################################################################
# Target
################################################################################",[],CMake,0,31,33
23642,grognardsfromhell/templeplus,https://github.com/grognardsfromhell/templeplus/blob/bdf0e9f7fef6c30824d59cac60a821803f664b24/Temple/CMakeLists.txt#L46,"################################################################################
# MSVC runtime library
################################################################################",[],CMake,0,46,48
23642,grognardsfromhell/templeplus,https://github.com/grognardsfromhell/templeplus/blob/bdf0e9f7fef6c30824d59cac60a821803f664b24/Temple/CMakeLists.txt#L64,"################################################################################
# Include directories
################################################################################",[],CMake,0,64,66
23642,grognardsfromhell/templeplus,https://github.com/grognardsfromhell/templeplus/blob/bdf0e9f7fef6c30824d59cac60a821803f664b24/Temple/CMakeLists.txt#L71,"################################################################################
# Compile definitions
################################################################################",[],CMake,0,71,73
23642,grognardsfromhell/templeplus,https://github.com/grognardsfromhell/templeplus/blob/bdf0e9f7fef6c30824d59cac60a821803f664b24/Temple/CMakeLists.txt#L92,"################################################################################
# Compile and link options
################################################################################",[],CMake,0,92,94
23642,grognardsfromhell/templeplus,https://github.com/grognardsfromhell/templeplus/blob/bdf0e9f7fef6c30824d59cac60a821803f664b24/Temple/CMakeLists.txt#L128,"################################################################################
# Dependencies
################################################################################",[],CMake,0,128,130
23642,grognardsfromhell/templeplus,https://github.com/grognardsfromhell/templeplus/blob/bdf0e9f7fef6c30824d59cac60a821803f664b24/Temple/CMakeLists.txt#L135,# Link with other targets.,[],CMake,0,135,135
23642,grognardsfromhell/templeplus,https://github.com/grognardsfromhell/templeplus/blob/bdf0e9f7fef6c30824d59cac60a821803f664b24/TemplePlus/CMakeLists.txt#L3,"################################################################################
# Source groups
################################################################################",[],CMake,0,3,5
23642,grognardsfromhell/templeplus,https://github.com/grognardsfromhell/templeplus/blob/bdf0e9f7fef6c30824d59cac60a821803f664b24/TemplePlus/CMakeLists.txt#L81,"# ""gamesystems/loadingscreen.h""",[],CMake,4,81,81
23642,grognardsfromhell/templeplus,https://github.com/grognardsfromhell/templeplus/blob/bdf0e9f7fef6c30824d59cac60a821803f664b24/TemplePlus/CMakeLists.txt#L476,"# ""ui/ui_intgame_wrapper.h""",[],CMake,4,476,476
23642,grognardsfromhell/templeplus,https://github.com/grognardsfromhell/templeplus/blob/bdf0e9f7fef6c30824d59cac60a821803f664b24/TemplePlus/CMakeLists.txt#L543,"################################################################################
# Target
################################################################################",[],CMake,0,543,545
23642,grognardsfromhell/templeplus,https://github.com/grognardsfromhell/templeplus/blob/bdf0e9f7fef6c30824d59cac60a821803f664b24/TemplePlus/CMakeLists.txt#L559,"################################################################################
# MSVC runtime library
################################################################################",[],CMake,0,559,561
23642,grognardsfromhell/templeplus,https://github.com/grognardsfromhell/templeplus/blob/bdf0e9f7fef6c30824d59cac60a821803f664b24/TemplePlus/CMakeLists.txt#L577,"################################################################################
# Include directories
################################################################################",[],CMake,0,577,579
23642,grognardsfromhell/templeplus,https://github.com/grognardsfromhell/templeplus/blob/bdf0e9f7fef6c30824d59cac60a821803f664b24/TemplePlus/CMakeLists.txt#L588,"################################################################################
# Compile definitions
################################################################################",[],CMake,0,588,590
23642,grognardsfromhell/templeplus,https://github.com/grognardsfromhell/templeplus/blob/bdf0e9f7fef6c30824d59cac60a821803f664b24/TemplePlus/CMakeLists.txt#L614,"################################################################################
# Compile and link options
################################################################################",[],CMake,0,614,616
23642,grognardsfromhell/templeplus,https://github.com/grognardsfromhell/templeplus/blob/bdf0e9f7fef6c30824d59cac60a821803f664b24/TemplePlus/CMakeLists.txt#L693,"################################################################################
# Post build events
################################################################################",[],CMake,0,693,695
23642,grognardsfromhell/templeplus,https://github.com/grognardsfromhell/templeplus/blob/bdf0e9f7fef6c30824d59cac60a821803f664b24/TemplePlus/CMakeLists.txt#L705,"################################################################################
# Dependencies
################################################################################",[],CMake,0,705,707
23642,grognardsfromhell/templeplus,https://github.com/grognardsfromhell/templeplus/blob/bdf0e9f7fef6c30824d59cac60a821803f664b24/TemplePlus/CMakeLists.txt#L715,# Link with other targets.,[],CMake,0,715,715
23642,grognardsfromhell/templeplus,https://github.com/grognardsfromhell/templeplus/blob/bdf0e9f7fef6c30824d59cac60a821803f664b24/Tests/InfrastructureTests/CMakeLists.txt#L3,"################################################################################
# Source groups
################################################################################",[],CMake,0,3,5
23642,grognardsfromhell/templeplus,https://github.com/grognardsfromhell/templeplus/blob/bdf0e9f7fef6c30824d59cac60a821803f664b24/Tests/InfrastructureTests/CMakeLists.txt#L30,"################################################################################
# Target
################################################################################",[],CMake,0,30,32
23642,grognardsfromhell/templeplus,https://github.com/grognardsfromhell/templeplus/blob/bdf0e9f7fef6c30824d59cac60a821803f664b24/Tests/InfrastructureTests/CMakeLists.txt#L48,"################################################################################
# MSVC runtime library
################################################################################",[],CMake,0,48,50
23642,grognardsfromhell/templeplus,https://github.com/grognardsfromhell/templeplus/blob/bdf0e9f7fef6c30824d59cac60a821803f664b24/Tests/InfrastructureTests/CMakeLists.txt#L66,"################################################################################
# Compile definitions
################################################################################",[],CMake,0,66,68
23642,grognardsfromhell/templeplus,https://github.com/grognardsfromhell/templeplus/blob/bdf0e9f7fef6c30824d59cac60a821803f664b24/Tests/InfrastructureTests/CMakeLists.txt#L85,"################################################################################
# Compile and link options
################################################################################",[],CMake,0,85,87
23642,grognardsfromhell/templeplus,https://github.com/grognardsfromhell/templeplus/blob/bdf0e9f7fef6c30824d59cac60a821803f664b24/Tests/InfrastructureTests/CMakeLists.txt#L125,"################################################################################
# Dependencies
################################################################################",[],CMake,0,125,127
23642,grognardsfromhell/templeplus,https://github.com/grognardsfromhell/templeplus/blob/bdf0e9f7fef6c30824d59cac60a821803f664b24/Tests/InfrastructureTests/CMakeLists.txt#L132,# Link with other targets.,[],CMake,0,132,132
23642,grognardsfromhell/templeplus,https://github.com/grognardsfromhell/templeplus/blob/bdf0e9f7fef6c30824d59cac60a821803f664b24/Tests/PartSysTests/CMakeLists.txt#L3,"################################################################################
# Source groups
################################################################################",[],CMake,0,3,5
23642,grognardsfromhell/templeplus,https://github.com/grognardsfromhell/templeplus/blob/bdf0e9f7fef6c30824d59cac60a821803f664b24/Tests/PartSysTests/CMakeLists.txt#L30,"################################################################################
# Target
################################################################################",[],CMake,0,30,32
23642,grognardsfromhell/templeplus,https://github.com/grognardsfromhell/templeplus/blob/bdf0e9f7fef6c30824d59cac60a821803f664b24/Tests/PartSysTests/CMakeLists.txt#L48,"################################################################################
# MSVC runtime library
################################################################################",[],CMake,0,48,50
23642,grognardsfromhell/templeplus,https://github.com/grognardsfromhell/templeplus/blob/bdf0e9f7fef6c30824d59cac60a821803f664b24/Tests/PartSysTests/CMakeLists.txt#L66,"################################################################################
# Include directories
################################################################################",[],CMake,0,66,68
23642,grognardsfromhell/templeplus,https://github.com/grognardsfromhell/templeplus/blob/bdf0e9f7fef6c30824d59cac60a821803f664b24/Tests/PartSysTests/CMakeLists.txt#L75,"################################################################################
# Compile definitions
################################################################################",[],CMake,0,75,77
23642,grognardsfromhell/templeplus,https://github.com/grognardsfromhell/templeplus/blob/bdf0e9f7fef6c30824d59cac60a821803f664b24/Tests/PartSysTests/CMakeLists.txt#L94,"################################################################################
# Compile and link options
################################################################################",[],CMake,0,94,96
23642,grognardsfromhell/templeplus,https://github.com/grognardsfromhell/templeplus/blob/bdf0e9f7fef6c30824d59cac60a821803f664b24/Tests/PartSysTests/CMakeLists.txt#L136,"################################################################################
# Dependencies
################################################################################",[],CMake,0,136,138
23642,grognardsfromhell/templeplus,https://github.com/grognardsfromhell/templeplus/blob/bdf0e9f7fef6c30824d59cac60a821803f664b24/Tests/PartSysTests/CMakeLists.txt#L144,# Link with other targets.,[],CMake,0,144,144
23642,grognardsfromhell/templeplus,https://github.com/grognardsfromhell/templeplus/blob/bdf0e9f7fef6c30824d59cac60a821803f664b24/Tools/MdfLint/CMakeLists.txt#L3,"################################################################################
# Source groups
################################################################################",[],CMake,0,3,5
23642,grognardsfromhell/templeplus,https://github.com/grognardsfromhell/templeplus/blob/bdf0e9f7fef6c30824d59cac60a821803f664b24/Tools/MdfLint/CMakeLists.txt#L15,"################################################################################
# Target
################################################################################",[],CMake,0,15,17
23642,grognardsfromhell/templeplus,https://github.com/grognardsfromhell/templeplus/blob/bdf0e9f7fef6c30824d59cac60a821803f664b24/Tools/MdfLint/CMakeLists.txt#L31,"################################################################################
# MSVC runtime library
################################################################################",[],CMake,0,31,33
23642,grognardsfromhell/templeplus,https://github.com/grognardsfromhell/templeplus/blob/bdf0e9f7fef6c30824d59cac60a821803f664b24/Tools/MdfLint/CMakeLists.txt#L49,"################################################################################
# Compile definitions
################################################################################",[],CMake,0,49,51
23642,grognardsfromhell/templeplus,https://github.com/grognardsfromhell/templeplus/blob/bdf0e9f7fef6c30824d59cac60a821803f664b24/Tools/MdfLint/CMakeLists.txt#L68,"################################################################################
# Compile and link options
################################################################################",[],CMake,0,68,70
23642,grognardsfromhell/templeplus,https://github.com/grognardsfromhell/templeplus/blob/bdf0e9f7fef6c30824d59cac60a821803f664b24/Tools/MdfLint/CMakeLists.txt#L109,"################################################################################
# Dependencies
################################################################################",[],CMake,0,109,111
23642,grognardsfromhell/templeplus,https://github.com/grognardsfromhell/templeplus/blob/bdf0e9f7fef6c30824d59cac60a821803f664b24/Tools/MdfLint/CMakeLists.txt#L116,# Link with other targets.,[],CMake,0,116,116
23642,grognardsfromhell/templeplus,https://github.com/grognardsfromhell/templeplus/blob/bdf0e9f7fef6c30824d59cac60a821803f664b24/Tools/MdfPreviewNative/CMakeLists.txt#L3,"################################################################################
# Source groups
################################################################################",[],CMake,0,3,5
23642,grognardsfromhell/templeplus,https://github.com/grognardsfromhell/templeplus/blob/bdf0e9f7fef6c30824d59cac60a821803f664b24/Tools/MdfPreviewNative/CMakeLists.txt#L21,"################################################################################
# Target
################################################################################",[],CMake,0,21,23
23642,grognardsfromhell/templeplus,https://github.com/grognardsfromhell/templeplus/blob/bdf0e9f7fef6c30824d59cac60a821803f664b24/Tools/MdfPreviewNative/CMakeLists.txt#L37,"################################################################################
# MSVC runtime library
################################################################################",[],CMake,0,37,39
23642,grognardsfromhell/templeplus,https://github.com/grognardsfromhell/templeplus/blob/bdf0e9f7fef6c30824d59cac60a821803f664b24/Tools/MdfPreviewNative/CMakeLists.txt#L55,"################################################################################
# Compile definitions
################################################################################",[],CMake,0,55,57
23642,grognardsfromhell/templeplus,https://github.com/grognardsfromhell/templeplus/blob/bdf0e9f7fef6c30824d59cac60a821803f664b24/Tools/MdfPreviewNative/CMakeLists.txt#L76,"################################################################################
# Compile and link options
################################################################################",[],CMake,0,76,78
23642,grognardsfromhell/templeplus,https://github.com/grognardsfromhell/templeplus/blob/bdf0e9f7fef6c30824d59cac60a821803f664b24/Tools/MdfPreviewNative/CMakeLists.txt#L118,"################################################################################
# Dependencies
################################################################################",[],CMake,0,118,120
23642,grognardsfromhell/templeplus,https://github.com/grognardsfromhell/templeplus/blob/bdf0e9f7fef6c30824d59cac60a821803f664b24/Tools/MdfPreviewNative/CMakeLists.txt#L127,# Link with other targets.,[],CMake,0,127,127
23642,grognardsfromhell/templeplus,https://github.com/grognardsfromhell/templeplus/blob/bdf0e9f7fef6c30824d59cac60a821803f664b24/Tools/ParticleEditorNative/CMakeLists.txt#L3,"################################################################################
# Source groups
################################################################################",[],CMake,0,3,5
23642,grognardsfromhell/templeplus,https://github.com/grognardsfromhell/templeplus/blob/bdf0e9f7fef6c30824d59cac60a821803f664b24/Tools/ParticleEditorNative/CMakeLists.txt#L28,"################################################################################
# Target
################################################################################",[],CMake,0,28,30
23642,grognardsfromhell/templeplus,https://github.com/grognardsfromhell/templeplus/blob/bdf0e9f7fef6c30824d59cac60a821803f664b24/Tools/ParticleEditorNative/CMakeLists.txt#L44,"################################################################################
# MSVC runtime library
################################################################################",[],CMake,0,44,46
23642,grognardsfromhell/templeplus,https://github.com/grognardsfromhell/templeplus/blob/bdf0e9f7fef6c30824d59cac60a821803f664b24/Tools/ParticleEditorNative/CMakeLists.txt#L62,"################################################################################
# Include directories
################################################################################",[],CMake,0,62,64
23642,grognardsfromhell/templeplus,https://github.com/grognardsfromhell/templeplus/blob/bdf0e9f7fef6c30824d59cac60a821803f664b24/Tools/ParticleEditorNative/CMakeLists.txt#L72,"################################################################################
# Compile definitions
################################################################################",[],CMake,0,72,74
23642,grognardsfromhell/templeplus,https://github.com/grognardsfromhell/templeplus/blob/bdf0e9f7fef6c30824d59cac60a821803f664b24/Tools/ParticleEditorNative/CMakeLists.txt#L93,"################################################################################
# Compile and link options
################################################################################",[],CMake,0,93,95
23642,grognardsfromhell/templeplus,https://github.com/grognardsfromhell/templeplus/blob/bdf0e9f7fef6c30824d59cac60a821803f664b24/Tools/ParticleEditorNative/CMakeLists.txt#L137,"################################################################################
# Dependencies
################################################################################",[],CMake,0,137,139
23642,grognardsfromhell/templeplus,https://github.com/grognardsfromhell/templeplus/blob/bdf0e9f7fef6c30824d59cac60a821803f664b24/Tools/ParticleEditorNative/CMakeLists.txt#L146,# Link with other targets.,[],CMake,0,146,146
23642,grognardsfromhell/templeplus,https://github.com/grognardsfromhell/templeplus/blob/bdf0e9f7fef6c30824d59cac60a821803f664b24/CMake/Default.cmake#L1,"################################################################################
# Command for variable_watch. This command issues error message, if a variable
# is changed. If variable PROPERTY_READER_GUARD_DISABLED is TRUE nothing happens
#     variable_watch(<variable> property_reader_guard)
################################################################################",[],CMake,0,1,5
23642,grognardsfromhell/templeplus,https://github.com/grognardsfromhell/templeplus/blob/bdf0e9f7fef6c30824d59cac60a821803f664b24/CMake/Default.cmake#L23,"################################################################################
# Create variable <name> with generator expression that expands to value of
# target property <name>_<CONFIG>. If property is empty or not set then property
# <name> is used instead. Variable <name> has watcher property_reader_guard that
# doesn't allow to edit it.
#     create_property_reader(<name>)
# Input:
#     name - Name of watched property and output variable
################################################################################",[],CMake,0,23,31
23642,grognardsfromhell/templeplus,https://github.com/grognardsfromhell/templeplus/blob/bdf0e9f7fef6c30824d59cac60a821803f664b24/CMake/Default.cmake#L41,"################################################################################
# Set property $<name>_${PROPS_CONFIG_U} of ${PROPS_TARGET} to <value>
#     set_config_specific_property(<name> <value>)
# Input:
#     name  - Prefix of property name
#     value - New value
################################################################################",[],CMake,0,41,47
23642,grognardsfromhell/templeplus,https://github.com/grognardsfromhell/templeplus/blob/bdf0e9f7fef6c30824d59cac60a821803f664b24/CMake/Default.cmake#L52,################################################################################,[],CMake,0,52,52
23642,grognardsfromhell/templeplus,https://github.com/grognardsfromhell/templeplus/blob/bdf0e9f7fef6c30824d59cac60a821803f664b24/CMake/Utils.cmake#L1,# utils file for projects came from visual studio solution with cmake-converter.,[],CMake,0,1,1
23642,grognardsfromhell/templeplus,https://github.com/grognardsfromhell/templeplus/blob/bdf0e9f7fef6c30824d59cac60a821803f664b24/CMake/Utils.cmake#L3,"################################################################################
# Wrap each token of the command with condition
################################################################################",[],CMake,0,3,5
23642,grognardsfromhell/templeplus,https://github.com/grognardsfromhell/templeplus/blob/bdf0e9f7fef6c30824d59cac60a821803f664b24/CMake/Utils.cmake#L35,"################################################################################
# Transform all the tokens to absolute paths
################################################################################",[],CMake,0,35,37
23642,grognardsfromhell/templeplus,https://github.com/grognardsfromhell/templeplus/blob/bdf0e9f7fef6c30824d59cac60a821803f664b24/CMake/Utils.cmake#L49,"################################################################################
# Parse add_custom_command_if args.
#
# Input:
#     PRE_BUILD  - Pre build event option
#     PRE_LINK   - Pre link event option
#     POST_BUILD - Post build event option
#     TARGET     - Target
#     OUTPUT     - List of output files
#     DEPENDS    - List of files on which the command depends
#     COMMANDS   - List of commands(COMMAND condition1 commannd1 args1 COMMAND
#                  condition2 commannd2 args2 ...)
# Output:
#     OUTPUT     - Output files
#     DEPENDS    - Files on which the command depends
#     COMMENT    - Comment
#     PRE_BUILD  - TRUE/FALSE
#     PRE_LINK   - TRUE/FALSE
#     POST_BUILD - TRUE/FALSE
#     TARGET     - Target name
#     COMMANDS   - Prepared commands(every token is wrapped in CONDITION)
#     NAME       - Unique name for custom target
#     STEP       - PRE_BUILD/PRE_LINK/POST_BUILD
################################################################################",[],CMake,0,49,72
23642,grognardsfromhell/templeplus,https://github.com/grognardsfromhell/templeplus/blob/bdf0e9f7fef6c30824d59cac60a821803f664b24/CMake/Utils.cmake#L112,"################################################################################
# Add conditional custom command
#
# Generating Files
# The first signature is for adding a custom command to produce an output:
#     add_custom_command_if(
#         <OUTPUT output1 [output2 ...]>
#         <COMMANDS>
#         <COMMAND condition command1 [args1...]>
#         [COMMAND condition command2 [args2...]]
#         [DEPENDS [depends...]]
#         [COMMENT comment]
#
# Build Events
#     add_custom_command_if(
#         <TARGET target>
#         <PRE_BUILD | PRE_LINK | POST_BUILD>
#         <COMMAND condition command1 [args1...]>
#         [COMMAND condition command2 [args2...]]
#         [COMMENT comment]
#
# Input:
#     output     - Output files the command is expected to produce
#     condition  - Generator expression for wrapping the command
#     command    - Command-line(s) to execute at build time.
#     args       - Command`s args
#     depends    - Files on which the command depends
#     comment    - Display the given message before the commands are executed at
#                  build time.
#     PRE_BUILD  - Run before any other rules are executed within the target
#     PRE_LINK   - Run after sources have been compiled but before linking the
#                  binary
#     POST_BUILD - Run after all other rules within the target have been
#                  executed
################################################################################",[],CMake,0,112,146
23642,grognardsfromhell/templeplus,https://github.com/grognardsfromhell/templeplus/blob/bdf0e9f7fef6c30824d59cac60a821803f664b24/CMake/Utils.cmake#L181,"################################################################################
# Use props file for a target and configs
#     use_props(<target> <configs...> <props_file>)
# Inside <props_file> there are following variables:
#     PROPS_TARGET   - <target>
#     PROPS_CONFIG   - One of <configs...>
#     PROPS_CONFIG_U - Uppercase PROPS_CONFIG
# Input:
#     target      - Target to apply props file
#     configs     - Build configurations to apply props file
#     props_file  - CMake script
################################################################################",[],CMake,0,181,192
23642,grognardsfromhell/templeplus,https://github.com/grognardsfromhell/templeplus/blob/bdf0e9f7fef6c30824d59cac60a821803f664b24/CMake/Utils.cmake#L207,"################################################################################
# Function for MSVC precompiled headers
#     add_precompiled_header(<target> <precompiled_header> <precompiled_source>)
# Input:
#     target             - Target to which add precompiled header
#     precompiled_header - Name of precompiled header
#     precompiled_source - Name of precompiled source file
################################################################################",[],CMake,0,207,214
23642,grognardsfromhell/templeplus,https://github.com/grognardsfromhell/templeplus/blob/bdf0e9f7fef6c30824d59cac60a821803f664b24/CMake/Utils.cmake#L239,"################################################################################
# Add compile options to source file
#     source_file_compile_options(<source_file> [compile_options...])
# Input:
#     source_file     - Source file
#     compile_options - Options to add to COMPILE_FLAGS property
################################################################################",[],CMake,0,239,245
23642,grognardsfromhell/templeplus,https://github.com/grognardsfromhell/templeplus/blob/bdf0e9f7fef6c30824d59cac60a821803f664b24/CMake/Utils.cmake#L262,"################################################################################
# Default properties of visual studio projects
################################################################################",[],CMake,0,262,264
