repoIndex,repoName,linkLocation,comment,keywords,buildSysteminFile,charPosition,startLine,endLine
23656,ntnu-ihb/fmi4cpp,https://github.com/ntnu-ihb/fmi4cpp/blob/4ebcd8bceb6bb1a60e930f953a6f614f985035d8/CMakeLists.txt#L7,"# ==============================================================================
# Build settings
# ==============================================================================",[],CMake,0,7,9
23656,ntnu-ihb/fmi4cpp,https://github.com/ntnu-ihb/fmi4cpp/blob/4ebcd8bceb6bb1a60e930f953a6f614f985035d8/CMakeLists.txt#L21,"# ==============================================================================
# Global internal configuration
# ==============================================================================",[],CMake,0,21,23
23656,ntnu-ihb/fmi4cpp,https://github.com/ntnu-ihb/fmi4cpp/blob/4ebcd8bceb6bb1a60e930f953a6f614f985035d8/CMakeLists.txt#L34,# in conan local cache,[],CMake,24,34,34
23656,ntnu-ihb/fmi4cpp,https://github.com/ntnu-ihb/fmi4cpp/blob/4ebcd8bceb6bb1a60e930f953a6f614f985035d8/CMakeLists.txt#L35,"# standard conan installation, deps will be defined in conanfile.py
# and not necessary to call conan again, conan is already running",[],CMake,8,35,36
23656,ntnu-ihb/fmi4cpp,https://github.com/ntnu-ihb/fmi4cpp/blob/4ebcd8bceb6bb1a60e930f953a6f614f985035d8/CMakeLists.txt#L62,# suppress warning appearing in boost headers under MSVC.,[],CMake,33,62,62
23656,ntnu-ihb/fmi4cpp,https://github.com/ntnu-ihb/fmi4cpp/blob/4ebcd8bceb6bb1a60e930f953a6f614f985035d8/CMakeLists.txt#L63,#https://docs.microsoft.com/en-us/cpp/error-messages/compiler-warnings/compiler-warning-level-3-c4996?view=vs-2017,[],CMake,4,63,63
23656,ntnu-ihb/fmi4cpp,https://github.com/ntnu-ihb/fmi4cpp/blob/4ebcd8bceb6bb1a60e930f953a6f614f985035d8/CMakeLists.txt#L80,"# ==============================================================================
# Dependencies
# ==============================================================================",[],CMake,0,80,82
23656,ntnu-ihb/fmi4cpp,https://github.com/ntnu-ihb/fmi4cpp/blob/4ebcd8bceb6bb1a60e930f953a6f614f985035d8/CMakeLists.txt#L100,"# ==============================================================================
# Targets
# ==============================================================================",[],CMake,0,100,102
23656,ntnu-ihb/fmi4cpp,https://github.com/ntnu-ihb/fmi4cpp/blob/4ebcd8bceb6bb1a60e930f953a6f614f985035d8/CMakeLists.txt#L120,"# ==============================================================================
# Exports and remaining installation
# ==============================================================================",[],CMake,0,120,122
23656,ntnu-ihb/fmi4cpp,https://github.com/ntnu-ihb/fmi4cpp/blob/4ebcd8bceb6bb1a60e930f953a6f614f985035d8/CMakeLists.txt#L132,# Generate and install package-config file.,[],CMake,0,132,132
23656,ntnu-ihb/fmi4cpp,https://github.com/ntnu-ihb/fmi4cpp/blob/4ebcd8bceb6bb1a60e930f953a6f614f985035d8/CMakeLists.txt#L143,# Generate and install package-version file,[],CMake,0,143,143
23656,ntnu-ihb/fmi4cpp,https://github.com/ntnu-ihb/fmi4cpp/blob/4ebcd8bceb6bb1a60e930f953a6f614f985035d8/CMakeLists.txt#L152,# Install custom find modules,[],CMake,0,152,152
23656,ntnu-ihb/fmi4cpp,https://github.com/ntnu-ihb/fmi4cpp/blob/4ebcd8bceb6bb1a60e930f953a6f614f985035d8/cmake/FindLIBZIP.cmake#L2,"# - CMake script for locating libzip
#
# If the script succeeds, it will create an IMPORTED target named
# ""libzip::libzip"", plus set the following variables:
#
#    LIBZIP_FOUND           - If the library was found
#    LIBZIP_INCLUDE_DIRS    - The directory that contains the header files.
#    LIBZIP_LIBRARIES       - Contains ""libzip::libzip""
#    LIBZIP_LIBRARY         - Path to static/import library file.
#",[],CMake,0,2,11
23656,ntnu-ihb/fmi4cpp,https://github.com/ntnu-ihb/fmi4cpp/blob/4ebcd8bceb6bb1a60e930f953a6f614f985035d8/cmake/FindLIBZIP.cmake#L13,# optional package - used when building using conan,[],CMake,26,13,13
23656,ntnu-ihb/fmi4cpp,https://github.com/ntnu-ihb/fmi4cpp/blob/4ebcd8bceb6bb1a60e930f953a6f614f985035d8/cmake/FindLIBZIP.cmake#L14,# optional package - used when building using conan on linux,[],CMake,50,14,14
23656,ntnu-ihb/fmi4cpp,https://github.com/ntnu-ihb/fmi4cpp/blob/4ebcd8bceb6bb1a60e930f953a6f614f985035d8/cmake/FindLIBZIP.cmake#L15,# optional package - used when building using conan,[],CMake,25,15,15
23656,ntnu-ihb/fmi4cpp,https://github.com/ntnu-ihb/fmi4cpp/blob/4ebcd8bceb6bb1a60e930f953a6f614f985035d8/cmake/FindLIBZIP.cmake#L16,# optional package - used when building using conan,[],CMake,28,16,16
23656,ntnu-ihb/fmi4cpp,https://github.com/ntnu-ihb/fmi4cpp/blob/4ebcd8bceb6bb1a60e930f953a6f614f985035d8/cmake/FindLIBZIP.cmake#L18,"# Find static library, and use its path prefix to provide a HINTS option to the
# other find_*() commands.",[],CMake,0,18,19
23656,ntnu-ihb/fmi4cpp,https://github.com/ntnu-ihb/fmi4cpp/blob/4ebcd8bceb6bb1a60e930f953a6f614f985035d8/cmake/FindLIBZIP.cmake#L32,"# Find header files and, on Windows, the DLL",[],CMake,0,32,32
23656,ntnu-ihb/fmi4cpp,https://github.com/ntnu-ihb/fmi4cpp/blob/4ebcd8bceb6bb1a60e930f953a6f614f985035d8/cmake/FindLIBZIP.cmake#L57,# Create the IMPORTED targets.,[],CMake,0,57,57
23656,ntnu-ihb/fmi4cpp,https://github.com/ntnu-ihb/fmi4cpp/blob/4ebcd8bceb6bb1a60e930f953a6f614f985035d8/cmake/FindLIBZIP.cmake#L69,# not WIN32,[],CMake,12,69,69
23656,ntnu-ihb/fmi4cpp,https://github.com/ntnu-ihb/fmi4cpp/blob/4ebcd8bceb6bb1a60e930f953a6f614f985035d8/cmake/FindLIBZIP.cmake#L76,##### required by conan when linking libzip statically  ####,[],CMake,4,76,76
23656,ntnu-ihb/fmi4cpp,https://github.com/ntnu-ihb/fmi4cpp/blob/4ebcd8bceb6bb1a60e930f953a6f614f985035d8/cmake/FindLIBZIP.cmake#L96,###############################################################,[],CMake,4,96,96
23656,ntnu-ihb/fmi4cpp,https://github.com/ntnu-ihb/fmi4cpp/blob/4ebcd8bceb6bb1a60e930f953a6f614f985035d8/cmake/FindLIBZIP.cmake#L99,# Debug print-out.,[],CMake,0,99,99
23656,ntnu-ihb/fmi4cpp,https://github.com/ntnu-ihb/fmi4cpp/blob/4ebcd8bceb6bb1a60e930f953a6f614f985035d8/cmake/FindLIBZIP.cmake#L108,# Standard find_package stuff.,[],CMake,0,108,108
23656,ntnu-ihb/fmi4cpp,https://github.com/ntnu-ihb/fmi4cpp/blob/4ebcd8bceb6bb1a60e930f953a6f614f985035d8/cmake/FindPugiXML.cmake#L1,"# Find the pugixml XML parsing library.
#
# Sets the usual variables expected for find_package scripts:
#
# PUGIXML_INCLUDE_DIR - header location
# PUGIXML_LIBRARIES - library to link against
# PUGIXML_FOUND - true if pugixml was found.",[],CMake,0,1,7
23656,ntnu-ihb/fmi4cpp,https://github.com/ntnu-ihb/fmi4cpp/blob/4ebcd8bceb6bb1a60e930f953a6f614f985035d8/cmake/FindPugiXML.cmake#L11,"# Support the REQUIRED and QUIET arguments, and set PUGIXML_FOUND if found.",[],CMake,0,11,11
23656,ntnu-ihb/fmi4cpp,https://github.com/ntnu-ihb/fmi4cpp/blob/4ebcd8bceb6bb1a60e930f953a6f614f985035d8/cmake/conan.cmake#L1,# The MIT License (MIT),[],CMake,0,1,1
23656,ntnu-ihb/fmi4cpp,https://github.com/ntnu-ihb/fmi4cpp/blob/4ebcd8bceb6bb1a60e930f953a6f614f985035d8/cmake/conan.cmake#L3,# Copyright (c) 2018 JFrog,[],CMake,0,3,3
23656,ntnu-ihb/fmi4cpp,https://github.com/ntnu-ihb/fmi4cpp/blob/4ebcd8bceb6bb1a60e930f953a6f614f985035d8/cmake/conan.cmake#L5,"# Permission is hereby granted, free of charge, to any person obtaining a copy
# of this software and associated documentation files (the ""Software""), to deal
# in the Software without restriction, including without limitation the rights
# to use, copy, modify, merge, publish, distribute, sublicense, and/or sell
# copies of the Software, and to permit persons to whom the Software is
# furnished to do so, subject to the following conditions:",[],CMake,0,5,10
23656,ntnu-ihb/fmi4cpp,https://github.com/ntnu-ihb/fmi4cpp/blob/4ebcd8bceb6bb1a60e930f953a6f614f985035d8/cmake/conan.cmake#L12,"# The above copyright notice and this permission notice shall be included in all
# copies or substantial portions of the Software.",[],CMake,0,12,13
23656,ntnu-ihb/fmi4cpp,https://github.com/ntnu-ihb/fmi4cpp/blob/4ebcd8bceb6bb1a60e930f953a6f614f985035d8/cmake/conan.cmake#L15,"# THE SOFTWARE IS PROVIDED ""AS IS"", WITHOUT WARRANTY OF ANY KIND, EXPRESS OR
# IMPLIED, INCLUDING BUT NOT LIMITED TO THE WARRANTIES OF MERCHANTABILITY,
# FITNESS FOR A PARTICULAR PURPOSE AND NONINFRINGEMENT. IN NO EVENT SHALL THE
# AUTHORS OR COPYRIGHT HOLDERS BE LIABLE FOR ANY CLAIM, DAMAGES OR OTHER
# LIABILITY, WHETHER IN AN ACTION OF CONTRACT, TORT OR OTHERWISE, ARISING FROM,
# OUT OF OR IN CONNECTION WITH THE SOFTWARE OR THE USE OR OTHER DEALINGS IN THE
# SOFTWARE.",[],CMake,0,15,21
23656,ntnu-ihb/fmi4cpp,https://github.com/ntnu-ihb/fmi4cpp/blob/4ebcd8bceb6bb1a60e930f953a6f614f985035d8/cmake/conan.cmake#L25,"# This file comes from: https://github.com/conan-io/cmake-conan. Please refer
# to this repository for issues and documentation.",[],CMake,0,25,26
23656,ntnu-ihb/fmi4cpp,https://github.com/ntnu-ihb/fmi4cpp/blob/4ebcd8bceb6bb1a60e930f953a6f614f985035d8/cmake/conan.cmake#L28,"# Its purpose is to wrap and launch Conan C/C++ Package Manager when cmake is called.
# It will take CMake current settings (os, compiler, compiler version, architecture)
# and translate them to conan settings for installing and retrieving dependencies.",[],CMake,0,28,30
23656,ntnu-ihb/fmi4cpp,https://github.com/ntnu-ihb/fmi4cpp/blob/4ebcd8bceb6bb1a60e930f953a6f614f985035d8/cmake/conan.cmake#L32,"# It is intended to facilitate developers building projects that have conan dependencies,
# but it is only necessary on the end-user side. It is not necessary to create conan
# packages, in fact it shouldn't be use for that. Check the project documentation.",[],CMake,0,32,34
23656,ntnu-ihb/fmi4cpp,https://github.com/ntnu-ihb/fmi4cpp/blob/4ebcd8bceb6bb1a60e930f953a6f614f985035d8/cmake/conan.cmake#L36,# version: 0.16.1,[],CMake,0,36,36
23656,ntnu-ihb/fmi4cpp,https://github.com/ntnu-ihb/fmi4cpp/blob/4ebcd8bceb6bb1a60e930f953a6f614f985035d8/cmake/conan.cmake#L89,#handle -s os setting,[],CMake,4,89,89
23656,ntnu-ihb/fmi4cpp,https://github.com/ntnu-ihb/fmi4cpp/blob/4ebcd8bceb6bb1a60e930f953a6f614f985035d8/cmake/conan.cmake#L91,#use default conan os setting if CMAKE_SYSTEM_NAME is not defined,[],CMake,8,91,91
23656,ntnu-ihb/fmi4cpp,https://github.com/ntnu-ihb/fmi4cpp/blob/4ebcd8bceb6bb1a60e930f953a6f614f985035d8/cmake/conan.cmake#L102,#check if the cmake system is a conan supported one,[],CMake,12,102,102
23656,ntnu-ihb/fmi4cpp,https://github.com/ntnu-ihb/fmi4cpp/blob/4ebcd8bceb6bb1a60e930f953a6f614f985035d8/cmake/conan.cmake#L159,# using AppleClang,[],CMake,8,159,159
23656,ntnu-ihb/fmi4cpp,https://github.com/ntnu-ihb/fmi4cpp/blob/4ebcd8bceb6bb1a60e930f953a6f614f985035d8/cmake/conan.cmake#L228,"#message(STATUS ""COMPILER "" ${CMAKE_CXX_COMPILER})
#message(STATUS ""COMPILER "" ${CMAKE_CXX_COMPILER_ID})
#message(STATUS ""VERSION "" ${CMAKE_CXX_COMPILER_VERSION})
#message(STATUS ""FLAGS "" ${CMAKE_LANG_FLAGS})
#message(STATUS ""LIB ARCH "" ${CMAKE_CXX_LIBRARY_ARCHITECTURE})
#message(STATUS ""BUILD TYPE "" ${CMAKE_BUILD_TYPE})
#message(STATUS ""GENERATOR "" ${CMAKE_GENERATOR})
#message(STATUS ""GENERATOR WIN64 "" ${CMAKE_CL_64})",[],CMake,4,228,235
23656,ntnu-ihb/fmi4cpp,https://github.com/ntnu-ihb/fmi4cpp/blob/4ebcd8bceb6bb1a60e930f953a6f614f985035d8/cmake/conan.cmake#L249,# If profile is defined it is used,[],CMake,4,249,249
23656,ntnu-ihb/fmi4cpp,https://github.com/ntnu-ihb/fmi4cpp/blob/4ebcd8bceb6bb1a60e930f953a6f614f985035d8/cmake/conan.cmake#L275,# remove any manually specified settings from the autodetected settings,[],CMake,4,275,275
23656,ntnu-ihb/fmi4cpp,https://github.com/ntnu-ihb/fmi4cpp/blob/4ebcd8bceb6bb1a60e930f953a6f614f985035d8/cmake/conan.cmake#L282,# Automatic from CMake,[],CMake,4,282,282
23656,ntnu-ihb/fmi4cpp,https://github.com/ntnu-ihb/fmi4cpp/blob/4ebcd8bceb6bb1a60e930f953a6f614f985035d8/cmake/conan.cmake#L302,# Take into account any -stdlib in compile options,[],CMake,4,302,302
23656,ntnu-ihb/fmi4cpp,https://github.com/ntnu-ihb/fmi4cpp/blob/4ebcd8bceb6bb1a60e930f953a6f614f985035d8/cmake/conan.cmake#L306,# Take into account any _GLIBCXX_USE_CXX11_ABI in compile definitions,[],CMake,4,306,306
23656,ntnu-ihb/fmi4cpp,https://github.com/ntnu-ihb/fmi4cpp/blob/4ebcd8bceb6bb1a60e930f953a6f614f985035d8/cmake/conan.cmake#L320,# add additional compiler options ala cmRulePlaceholderExpander::ExpandRuleVariable,[],CMake,4,320,320
23656,ntnu-ihb/fmi4cpp,https://github.com/ntnu-ihb/fmi4cpp/blob/4ebcd8bceb6bb1a60e930f953a6f614f985035d8/cmake/conan.cmake#L323,"# CMake splits CXX=""foo bar baz"" into CMAKE_CXX_COMPILER=""foo"", CMAKE_CXX_COMPILER_ARG1=""bar baz""
# without this, ccache, winegcc, or other wrappers might lose all their arguments",[],CMake,8,323,324
23656,ntnu-ihb/fmi4cpp,https://github.com/ntnu-ihb/fmi4cpp/blob/4ebcd8bceb6bb1a60e930f953a6f614f985035d8/cmake/conan.cmake#L330,# without --target= we may be calling the wrong underlying GCC,[],CMake,8,330,330
23656,ntnu-ihb/fmi4cpp,https://github.com/ntnu-ihb/fmi4cpp/blob/4ebcd8bceb6bb1a60e930f953a6f614f985035d8/cmake/conan.cmake#L339,# without --sysroot= we may find the wrong #include <string>,[],CMake,8,339,339
23656,ntnu-ihb/fmi4cpp,https://github.com/ntnu-ihb/fmi4cpp/blob/4ebcd8bceb6bb1a60e930f953a6f614f985035d8/cmake/conan.cmake#L360,# Allow -D_GLIBCXX_USE_CXX11_ABI=ON/OFF as argument to cmake,[],CMake,8,360,360
23656,ntnu-ihb/fmi4cpp,https://github.com/ntnu-ihb/fmi4cpp/blob/4ebcd8bceb6bb1a60e930f953a6f614f985035d8/cmake/conan.cmake#L374,"# Either the compiler is missing the define because it is old, and so
# it can't use the new abi, or the compiler was configured to use the
# old abi by the user or distro (e.g. devtoolset on RHEL/CentOS)",[],CMake,12,374,376
23656,ntnu-ihb/fmi4cpp,https://github.com/ntnu-ihb/fmi4cpp/blob/4ebcd8bceb6bb1a60e930f953a6f614f985035d8/cmake/conan.cmake#L450,"# Calls ""conan install""
# Argument BUILD is equivalant to --build={missing, PkgName,...} or
# --build when argument is 'BUILD all' (which builds all packages from source)
# Argument CONAN_COMMAND, to specify the conan path, e.g. in case of running from source
# cmake does not identify conan as command, even if it is +x and it is in the path",[],CMake,4,450,454
23656,ntnu-ihb/fmi4cpp,https://github.com/ntnu-ihb/fmi4cpp/blob/4ebcd8bceb6bb1a60e930f953a6f614f985035d8/cmake/conan.cmake#L643,# configure_file will make sure cmake re-runs when conanfile is updated,[],CMake,4,643,643
23656,ntnu-ihb/fmi4cpp,https://github.com/ntnu-ihb/fmi4cpp/blob/4ebcd8bceb6bb1a60e930f953a6f614f985035d8/cmake/conan.cmake#L655,"# Generate, writing in disk a conanfile.txt with the requires, options, and imports
# specified as arguments
# This will be considered as temporary file, generated in CMAKE_CURRENT_BINARY_DIR)",[],CMake,0,655,657
23656,ntnu-ihb/fmi4cpp,https://github.com/ntnu-ihb/fmi4cpp/blob/4ebcd8bceb6bb1a60e930f953a6f614f985035d8/cmake/conan.cmake#L719,"# Checks for the existence of conanbuildinfo.cmake, and loads it
# important that it is macro, so variables defined at parent scope",[],CMake,4,719,720
23656,ntnu-ihb/fmi4cpp,https://github.com/ntnu-ihb/fmi4cpp/blob/4ebcd8bceb6bb1a60e930f953a6f614f985035d8/cmake/conan.cmake#L784,"# Checks conan availability in PATH
# Arguments REQUIRED, DETECT_QUIET and VERSION are optional
# Example usage:
#    conan_check(VERSION 1.0.0 REQUIRED)",[],CMake,4,784,787
23656,ntnu-ihb/fmi4cpp,https://github.com/ntnu-ihb/fmi4cpp/blob/4ebcd8bceb6bb1a60e930f953a6f614f985035d8/cmake/conan.cmake#L827,"# Adds a remote
# Arguments URL and NAME are required, INDEX, COMMAND and VERIFY_SSL are optional
# Example usage:
#    conan_add_remote(NAME bincrafters INDEX 1
#       URL https://api.bintray.com/conan/bincrafters/public-conan
#       VERIFY_SSL True)",[],CMake,4,827,832
23656,ntnu-ihb/fmi4cpp,https://github.com/ntnu-ihb/fmi4cpp/blob/4ebcd8bceb6bb1a60e930f953a6f614f985035d8/cmake/conan.cmake#L857,"# install a full configuration from a local or remote zip file
# Argument ITEM is required, arguments TYPE, SOURCE, TARGET and VERIFY_SSL are optional
# Example usage:
#    conan_config_install(ITEM https://github.com/conan-io/cmake-conan.git
#       TYPE git SOURCE source-folder TARGET target-folder VERIFY_SSL false)",[],CMake,4,857,861
