repoIndex,repoName,linkLocation,comment,keywords,buildSysteminFile,charPosition,startLine,endLine
24058,xlgames-inc/xle,https://github.com/xlgames-inc/xle/blob/69cc4f2aa4faf12ed15bb4291c6992c83597899c/PlatformRig/Project/build.xml#L4,"<!-- The local.properties file is created and updated by the 'android' tool.
         It contains the path to the SDK. It should *NOT* be checked into
         Version Control Systems. -->",[],Ant,4,4,6
24058,xlgames-inc/xle,https://github.com/xlgames-inc/xle/blob/69cc4f2aa4faf12ed15bb4291c6992c83597899c/PlatformRig/Project/build.xml#L9,"<!-- The ant.properties file can be created by you. It is only edited by the
         'android' tool to add properties to it.
         This is the place to change some Ant specific build properties.
         Here are some properties you may want to change/update:

         source.dir
             The name of the source directory. Default is 'src'.
         out.dir
             The name of the output directory. Default is 'bin'.

         For other overridable properties, look at the beginning of the rules
         files in the SDK, at tools/ant/build.xml

         Properties related to the SDK location or the project target should
         be updated using the 'android' tool with the 'update' action.

         This file is an integral part of the build system for your
         application and should be checked into Version Control Systems.

         -->",[],Ant,4,9,28
24058,xlgames-inc/xle,https://github.com/xlgames-inc/xle/blob/69cc4f2aa4faf12ed15bb4291c6992c83597899c/PlatformRig/Project/build.xml#L31,"<!-- if sdk.dir was not set from one of the property file, then
         get it from the ANDROID_HOME env var.
         This must be done before we load project.properties since
         the proguard config can use sdk.dir -->",[],Ant,4,31,34
24058,xlgames-inc/xle,https://github.com/xlgames-inc/xle/blob/69cc4f2aa4faf12ed15bb4291c6992c83597899c/PlatformRig/Project/build.xml#L40,"<!-- The project.properties file is created and updated by the 'android'
         tool, as well as ADT.

         This contains project specific properties such as project target, and library
         dependencies. Lower level build properties are stored in ant.properties
         (or in .classpath for Eclipse projects).

         This file is an integral part of the build system for your
         application and should be checked into Version Control Systems. -->",[],Ant,4,40,48
24058,xlgames-inc/xle,https://github.com/xlgames-inc/xle/blob/69cc4f2aa4faf12ed15bb4291c6992c83597899c/PlatformRig/Project/build.xml#L51,<!-- quick check on sdk.dir -->,[],Ant,4,51,51
24058,xlgames-inc/xle,https://github.com/xlgames-inc/xle/blob/69cc4f2aa4faf12ed15bb4291c6992c83597899c/PlatformRig/Project/build.xml#L57,"<!--
        Import per project custom build rules if present at the root of the project.
        This is the place to put custom intermediary targets such as:
            -pre-build
            -pre-compile
            -post-compile (This is typically used for code obfuscation.
                           Compiled code location: ${out.classes.absolute.dir}
                           If this is not done in place, override ${out.dex.input.absolute.dir})
            -post-package
            -post-build
            -pre-clean
    -->",[],Ant,4,57,68
24058,xlgames-inc/xle,https://github.com/xlgames-inc/xle/blob/69cc4f2aa4faf12ed15bb4291c6992c83597899c/PlatformRig/Project/build.xml#L71,"<!-- Import the actual build file.

         To customize existing targets, there are two options:
         - Customize only one target:
             - copy/paste the target into this file, *before* the
               <import> task.
             - customize it to your needs.
         - Customize the whole content of build.xml
             - copy/paste the content of the rules files (minus the top node)
               into this file, replacing the <import> task.
             - customize to your needs.

         ***********************
         ****** IMPORTANT ******
         ***********************
         In all cases you must update the value of version-tag below to read 'custom' instead of an integer,
         in order to avoid having your file be overridden by tools such as ""android update project""
    -->",[],Ant,4,71,88
24058,xlgames-inc/xle,https://github.com/xlgames-inc/xle/blob/69cc4f2aa4faf12ed15bb4291c6992c83597899c/PlatformRig/Project/build.xml#L89,<!-- version-tag: 1 -->,[],Ant,4,89,89
24058,xlgames-inc/xle,https://github.com/xlgames-inc/xle/blob/69cc4f2aa4faf12ed15bb4291c6992c83597899c/Foreign/Antlr-3.4/libantlr3c-3.4/Makefile.am#L3,## --silent,[],Autotool,0,3,3
24058,xlgames-inc/xle,https://github.com/xlgames-inc/xle/blob/69cc4f2aa4faf12ed15bb4291c6992c83597899c/Foreign/LibTiff/Makefile.am#L1,"# Tag Image File Format (TIFF) Software
#
# Copyright (C) 2004, Andrey Kiselev <dron@ak4719.spb.edu>
#
# Permission to use, copy, modify, distribute, and sell this software and 
# its documentation for any purpose is hereby granted without fee, provided
# that (i) the above copyright notices and this permission notice appear in
# all copies of the software and related documentation, and (ii) the names of
# Sam Leffler and Silicon Graphics may not be used in any advertising or
# publicity relating to the software without the specific, prior written
# permission of Sam Leffler and Silicon Graphics.
# 
# THE SOFTWARE IS PROVIDED ""AS-IS"" AND WITHOUT WARRANTY OF ANY KIND, 
# EXPRESS, IMPLIED OR OTHERWISE, INCLUDING WITHOUT LIMITATION, ANY 
# WARRANTY OF MERCHANTABILITY OR FITNESS FOR A PARTICULAR PURPOSE.  
# 
# IN NO EVENT SHALL SAM LEFFLER OR SILICON GRAPHICS BE LIABLE FOR
# ANY SPECIAL, INCIDENTAL, INDIRECT OR CONSEQUENTIAL DAMAGES OF ANY KIND,
# OR ANY DAMAGES WHATSOEVER RESULTING FROM LOSS OF USE, DATA OR PROFITS,
# WHETHER OR NOT ADVISED OF THE POSSIBILITY OF DAMAGE, AND ON ANY THEORY OF 
# LIABILITY, ARISING OUT OF OR IN CONNECTION WITH THE USE OR PERFORMANCE 
# OF THIS SOFTWARE.",[],Autotool,0,1,22
24058,xlgames-inc/xle,https://github.com/xlgames-inc/xle/blob/69cc4f2aa4faf12ed15bb4291c6992c83597899c/Foreign/LibTiff/Makefile.am#L24,# Process this file with automake to produce Makefile.in.,[],Autotool,0,24,24
24058,xlgames-inc/xle,https://github.com/xlgames-inc/xle/blob/69cc4f2aa4faf12ed15bb4291c6992c83597899c/Foreign/LibTiff/Makefile.am#L139,"#
# The finite state machine tables used by the G3/G4 decoders
# are generated by the mkg3states program.  On systems without
# make these rules have to be manually carried out.
#",[],Autotool,0,139,143
24058,xlgames-inc/xle,https://github.com/xlgames-inc/xle/blob/69cc4f2aa4faf12ed15bb4291c6992c83597899c/Foreign/OpenCOLLADA/Externals/libxml/include/Makefile.am#L1,## Process this file with automake to produce Makefile.in,[],Autotool,0,1,1
24058,xlgames-inc/xle,https://github.com/xlgames-inc/xle/blob/69cc4f2aa4faf12ed15bb4291c6992c83597899c/Foreign/OpenCOLLADA/Externals/libxml/include/libxml/Makefile.am#L1,## Process this file with automake to produce Makefile.in,[],Autotool,0,1,1
24058,xlgames-inc/xle,https://github.com/xlgames-inc/xle/blob/69cc4f2aa4faf12ed15bb4291c6992c83597899c/Foreign/Antlr-3.4/libantlr3c-3.4/Makefile.in#L1,"# Makefile.in generated by automake 1.11.1 from Makefile.am.
# @configure_input@",[],Autotool,0,1,2
24058,xlgames-inc/xle,https://github.com/xlgames-inc/xle/blob/69cc4f2aa4faf12ed15bb4291c6992c83597899c/Foreign/Antlr-3.4/libantlr3c-3.4/Makefile.in#L4,"# Copyright (C) 1994, 1995, 1996, 1997, 1998, 1999, 2000, 2001, 2002,
# 2003, 2004, 2005, 2006, 2007, 2008, 2009  Free Software Foundation,
# Inc.
# This Makefile.in is free software; the Free Software Foundation
# gives unlimited permission to copy and/or distribute it,
# with or without modifications, as long as this notice is preserved.",[],Autotool,0,4,9
24058,xlgames-inc/xle,https://github.com/xlgames-inc/xle/blob/69cc4f2aa4faf12ed15bb4291c6992c83597899c/Foreign/Antlr-3.4/libantlr3c-3.4/Makefile.in#L11,"# This program is distributed in the hope that it will be useful,
# but WITHOUT ANY WARRANTY, to the extent permitted by law; without
# even the implied warranty of MERCHANTABILITY or FITNESS FOR A
# PARTICULAR PURPOSE.",[],Autotool,0,11,14
24058,xlgames-inc/xle,https://github.com/xlgames-inc/xle/blob/69cc4f2aa4faf12ed15bb4291c6992c83597899c/Foreign/Antlr-3.4/libantlr3c-3.4/Makefile.in#L661,# -gt 0; then \,[],Autotool,13,661,661
24058,xlgames-inc/xle,https://github.com/xlgames-inc/xle/blob/69cc4f2aa4faf12ed15bb4291c6992c83597899c/Foreign/Antlr-3.4/libantlr3c-3.4/Makefile.in#L762,"# This target untars the dist file and tries a VPATH configuration.  Then
# it guarantees that the distribution is self-contained by making another
# tarfile.",[],Autotool,0,762,764
24058,xlgames-inc/xle,https://github.com/xlgames-inc/xle/blob/69cc4f2aa4faf12ed15bb4291c6992c83597899c/Foreign/Antlr-3.4/libantlr3c-3.4/Makefile.in#L966,"# Tell versions [3.59,3.63) of GNU make to not export all variables.
# Otherwise a system limit (for SysV at least) may be exceeded.",[],Autotool,0,966,967
24058,xlgames-inc/xle,https://github.com/xlgames-inc/xle/blob/69cc4f2aa4faf12ed15bb4291c6992c83597899c/Foreign/LibTiff/Makefile.in#L1,"# Makefile.in generated by automake 1.12.4 from Makefile.am.
# @configure_input@",[],Autotool,0,1,2
24058,xlgames-inc/xle,https://github.com/xlgames-inc/xle/blob/69cc4f2aa4faf12ed15bb4291c6992c83597899c/Foreign/LibTiff/Makefile.in#L4,"# Copyright (C) 1994-2012 Free Software Foundation, Inc.",[],Autotool,0,4,4
24058,xlgames-inc/xle,https://github.com/xlgames-inc/xle/blob/69cc4f2aa4faf12ed15bb4291c6992c83597899c/Foreign/LibTiff/Makefile.in#L6,"# This Makefile.in is free software; the Free Software Foundation
# gives unlimited permission to copy and/or distribute it,
# with or without modifications, as long as this notice is preserved.",[],Autotool,0,6,8
24058,xlgames-inc/xle,https://github.com/xlgames-inc/xle/blob/69cc4f2aa4faf12ed15bb4291c6992c83597899c/Foreign/LibTiff/Makefile.in#L10,"# This program is distributed in the hope that it will be useful,
# but WITHOUT ANY WARRANTY, to the extent permitted by law; without
# even the implied warranty of MERCHANTABILITY or FITNESS FOR A
# PARTICULAR PURPOSE.",[],Autotool,0,10,13
24058,xlgames-inc/xle,https://github.com/xlgames-inc/xle/blob/69cc4f2aa4faf12ed15bb4291c6992c83597899c/Foreign/LibTiff/Makefile.in#L17,"# Tag Image File Format (TIFF) Software
#
# Copyright (C) 2004, Andrey Kiselev <dron@ak4719.spb.edu>
#
# Permission to use, copy, modify, distribute, and sell this software and 
# its documentation for any purpose is hereby granted without fee, provided
# that (i) the above copyright notices and this permission notice appear in
# all copies of the software and related documentation, and (ii) the names of
# Sam Leffler and Silicon Graphics may not be used in any advertising or
# publicity relating to the software without the specific, prior written
# permission of Sam Leffler and Silicon Graphics.
# 
# THE SOFTWARE IS PROVIDED ""AS-IS"" AND WITHOUT WARRANTY OF ANY KIND, 
# EXPRESS, IMPLIED OR OTHERWISE, INCLUDING WITHOUT LIMITATION, ANY 
# WARRANTY OF MERCHANTABILITY OR FITNESS FOR A PARTICULAR PURPOSE.  
# 
# IN NO EVENT SHALL SAM LEFFLER OR SILICON GRAPHICS BE LIABLE FOR
# ANY SPECIAL, INCIDENTAL, INDIRECT OR CONSEQUENTIAL DAMAGES OF ANY KIND,
# OR ANY DAMAGES WHATSOEVER RESULTING FROM LOSS OF USE, DATA OR PROFITS,
# WHETHER OR NOT ADVISED OF THE POSSIBILITY OF DAMAGE, AND ON ANY THEORY OF 
# LIABILITY, ARISING OUT OF OR IN CONNECTION WITH THE USE OR PERFORMANCE 
# OF THIS SOFTWARE.",[],Autotool,0,17,38
24058,xlgames-inc/xle,https://github.com/xlgames-inc/xle/blob/69cc4f2aa4faf12ed15bb4291c6992c83597899c/Foreign/LibTiff/Makefile.in#L40,# Process this file with automake to produce Makefile.in.,[],Autotool,0,40,40
24058,xlgames-inc/xle,https://github.com/xlgames-inc/xle/blob/69cc4f2aa4faf12ed15bb4291c6992c83597899c/Foreign/LibTiff/Makefile.in#L705,# -gt 0; then \,[],Autotool,13,705,705
24058,xlgames-inc/xle,https://github.com/xlgames-inc/xle/blob/69cc4f2aa4faf12ed15bb4291c6992c83597899c/Foreign/LibTiff/Makefile.in#L913,"# Tell versions [3.59,3.63) of GNU make to not export all variables.
# Otherwise a system limit (for SysV at least) may be exceeded.",[],Autotool,0,913,914
24058,xlgames-inc/xle,https://github.com/xlgames-inc/xle/blob/69cc4f2aa4faf12ed15bb4291c6992c83597899c/Foreign/Antlr-3.4/libantlr3c-3.4/configure.ac#L1,"#                                               -*- Autoconf -*-
# Process this file with autoconf to produce a configure script.",[],Autotool,0,1,2
24058,xlgames-inc/xle,https://github.com/xlgames-inc/xle/blob/69cc4f2aa4faf12ed15bb4291c6992c83597899c/Foreign/Antlr-3.4/libantlr3c-3.4/configure.ac#L64,# Checks for programs.,[],Autotool,0,64,64
24058,xlgames-inc/xle,https://github.com/xlgames-inc/xle/blob/69cc4f2aa4faf12ed15bb4291c6992c83597899c/Foreign/Antlr-3.4/libantlr3c-3.4/configure.ac#L148,# Checks for libraries.,[],Autotool,0,148,148
24058,xlgames-inc/xle,https://github.com/xlgames-inc/xle/blob/69cc4f2aa4faf12ed15bb4291c6992c83597899c/Foreign/Antlr-3.4/libantlr3c-3.4/configure.ac#L150,# Checks for header files.,[],Autotool,0,150,150
24058,xlgames-inc/xle,https://github.com/xlgames-inc/xle/blob/69cc4f2aa4faf12ed15bb4291c6992c83597899c/Foreign/Antlr-3.4/libantlr3c-3.4/configure.ac#L194,"# Checks for typedefs, structures, and compiler characteristics.",[],Autotool,0,194,194
24058,xlgames-inc/xle,https://github.com/xlgames-inc/xle/blob/69cc4f2aa4faf12ed15bb4291c6992c83597899c/Foreign/Antlr-3.4/libantlr3c-3.4/configure.ac#L210,# Checks for library functions.,[],Autotool,0,210,210
24058,xlgames-inc/xle,https://github.com/xlgames-inc/xle/blob/69cc4f2aa4faf12ed15bb4291c6992c83597899c/Foreign/Antlr-3.4/libantlr3c-3.4/aclocal.m4#L1,# generated automatically by aclocal 1.11.1 -*- Autoconf -*-,[],Autotool,0,1,1
24058,xlgames-inc/xle,https://github.com/xlgames-inc/xle/blob/69cc4f2aa4faf12ed15bb4291c6992c83597899c/Foreign/Antlr-3.4/libantlr3c-3.4/aclocal.m4#L3,"# Copyright (C) 1996, 1997, 1998, 1999, 2000, 2001, 2002, 2003, 2004,
# 2005, 2006, 2007, 2008, 2009  Free Software Foundation, Inc.
# This file is free software; the Free Software Foundation
# gives unlimited permission to copy and/or distribute it,
# with or without modifications, as long as this notice is preserved.",[],Autotool,0,3,7
24058,xlgames-inc/xle,https://github.com/xlgames-inc/xle/blob/69cc4f2aa4faf12ed15bb4291c6992c83597899c/Foreign/Antlr-3.4/libantlr3c-3.4/aclocal.m4#L9,"# This program is distributed in the hope that it will be useful,
# but WITHOUT ANY WARRANTY, to the extent permitted by law; without
# even the implied warranty of MERCHANTABILITY or FITNESS FOR A
# PARTICULAR PURPOSE.",[],Autotool,0,9,12
24058,xlgames-inc/xle,https://github.com/xlgames-inc/xle/blob/69cc4f2aa4faf12ed15bb4291c6992c83597899c/Foreign/Antlr-3.4/libantlr3c-3.4/aclocal.m4#L15,dnl,[],Autotool,57,15,15
24058,xlgames-inc/xle,https://github.com/xlgames-inc/xle/blob/69cc4f2aa4faf12ed15bb4291c6992c83597899c/Foreign/Antlr-3.4/libantlr3c-3.4/aclocal.m4#L22,"# Copyright (C) 2002, 2003, 2005, 2006, 2007, 2008  Free Software Foundation, Inc.
#
# This file is free software; the Free Software Foundation
# gives unlimited permission to copy and/or distribute it,
# with or without modifications, as long as this notice is preserved.",[],Autotool,0,22,26
24058,xlgames-inc/xle,https://github.com/xlgames-inc/xle/blob/69cc4f2aa4faf12ed15bb4291c6992c83597899c/Foreign/Antlr-3.4/libantlr3c-3.4/aclocal.m4#L28,"# AM_AUTOMAKE_VERSION(VERSION)
# ----------------------------
# Automake X.Y traces this macro to ensure aclocal.m4 has been
# generated from the m4 files accompanying Automake X.Y.
# (This private macro should not be called outside this file.)",[],Autotool,0,28,32
24058,xlgames-inc/xle,https://github.com/xlgames-inc/xle/blob/69cc4f2aa4faf12ed15bb4291c6992c83597899c/Foreign/Antlr-3.4/libantlr3c-3.4/aclocal.m4#L35,"dnl Some users find AM_AUTOMAKE_VERSION and mistake it for a way to
dnl require some minimum version.  Point them to the right macro.",[],Autotool,0,35,36
24058,xlgames-inc/xle,https://github.com/xlgames-inc/xle/blob/69cc4f2aa4faf12ed15bb4291c6992c83597899c/Foreign/Antlr-3.4/libantlr3c-3.4/aclocal.m4#L38,dnl,[],Autotool,64,38,38
24058,xlgames-inc/xle,https://github.com/xlgames-inc/xle/blob/69cc4f2aa4faf12ed15bb4291c6992c83597899c/Foreign/Antlr-3.4/libantlr3c-3.4/aclocal.m4#L41,"# _AM_AUTOCONF_VERSION(VERSION)
# -----------------------------
# aclocal traces this macro to find the Autoconf version.
# This is a private macro too.  Using m4_define simplifies
# the logic in aclocal, which can simply ignore this definition.",[],Autotool,0,41,45
24058,xlgames-inc/xle,https://github.com/xlgames-inc/xle/blob/69cc4f2aa4faf12ed15bb4291c6992c83597899c/Foreign/Antlr-3.4/libantlr3c-3.4/aclocal.m4#L48,"# AM_SET_CURRENT_AUTOMAKE_VERSION
# -------------------------------
# Call AM_AUTOMAKE_VERSION and AM_AUTOMAKE_VERSION so they can be traced.
# This function is AC_REQUIREd by AM_INIT_AUTOMAKE.",[],Autotool,0,48,51
24058,xlgames-inc/xle,https://github.com/xlgames-inc/xle/blob/69cc4f2aa4faf12ed15bb4291c6992c83597899c/Foreign/Antlr-3.4/libantlr3c-3.4/aclocal.m4#L53,dnl,[],Autotool,30,53,53
24058,xlgames-inc/xle,https://github.com/xlgames-inc/xle/blob/69cc4f2aa4faf12ed15bb4291c6992c83597899c/Foreign/Antlr-3.4/libantlr3c-3.4/aclocal.m4#L55,dnl,[],Autotool,57,55,55
24058,xlgames-inc/xle,https://github.com/xlgames-inc/xle/blob/69cc4f2aa4faf12ed15bb4291c6992c83597899c/Foreign/Antlr-3.4/libantlr3c-3.4/aclocal.m4#L58,# AM_AUX_DIR_EXPAND                                         -*- Autoconf -*-,[],Autotool,0,58,58
24058,xlgames-inc/xle,https://github.com/xlgames-inc/xle/blob/69cc4f2aa4faf12ed15bb4291c6992c83597899c/Foreign/Antlr-3.4/libantlr3c-3.4/aclocal.m4#L60,"# Copyright (C) 2001, 2003, 2005  Free Software Foundation, Inc.
#
# This file is free software; the Free Software Foundation
# gives unlimited permission to copy and/or distribute it,
# with or without modifications, as long as this notice is preserved.",[],Autotool,0,60,64
24058,xlgames-inc/xle,https://github.com/xlgames-inc/xle/blob/69cc4f2aa4faf12ed15bb4291c6992c83597899c/Foreign/Antlr-3.4/libantlr3c-3.4/aclocal.m4#L66,"# For projects using AC_CONFIG_AUX_DIR([foo]), Autoconf sets
# $ac_aux_dir to `$srcdir/foo'.  In other projects, it is set to
# `$srcdir', `$srcdir/..', or `$srcdir/../..'.
#
# Of course, Automake must honor this variable whenever it calls a
# tool from the auxiliary directory.  The problem is that $srcdir (and
# therefore $ac_aux_dir as well) can be either absolute or relative,
# depending on how configure is run.  This is pretty annoying, since
# it makes $ac_aux_dir quite unusable in subdirectories: in the top
# source directory, any form will work fine, but in subdirectories a
# relative path needs to be adjusted first.
#
# $ac_aux_dir/missing
#    fails when called from a subdirectory if $ac_aux_dir is relative
# $top_srcdir/$ac_aux_dir/missing
#    fails if $ac_aux_dir is absolute,
#    fails when called from a subdirectory in a VPATH build with
#          a relative $ac_aux_dir
#
# The reason of the latter failure is that $top_srcdir and $ac_aux_dir
# are both prefixed by $srcdir.  In an in-source build this is usually
# harmless because $srcdir is `.', but things will broke when you
# start a VPATH build or use an absolute $srcdir.
#
# So we could use something similar to $top_srcdir/$ac_aux_dir/missing,
# iff we strip the leading $srcdir from $ac_aux_dir.  That would be:
#   am_aux_dir='\$(top_srcdir)/'`expr ""$ac_aux_dir"" : ""$srcdir//*\(.*\)""`
# and then we would define $MISSING as
#   MISSING=""\${SHELL} $am_aux_dir/missing""
# This will work as long as MISSING is not called from configure, because
# unfortunately $(top_srcdir) has no meaning in configure.
# However there are other variables, like CC, which are often used in
# configure, and could therefore not use this ""fixed"" $ac_aux_dir.
#
# Another solution, used here, is to always expand $ac_aux_dir to an
# absolute PATH.  The drawback is that using absolute paths prevent a
# configured tree to be moved without reconfiguration.",[],Autotool,0,66,102
24058,xlgames-inc/xle,https://github.com/xlgames-inc/xle/blob/69cc4f2aa4faf12ed15bb4291c6992c83597899c/Foreign/Antlr-3.4/libantlr3c-3.4/aclocal.m4#L106,dnl,[],Autotool,17,106,106
24058,xlgames-inc/xle,https://github.com/xlgames-inc/xle/blob/69cc4f2aa4faf12ed15bb4291c6992c83597899c/Foreign/Antlr-3.4/libantlr3c-3.4/aclocal.m4#L107,# expand $ac_aux_dir to an absolute path,[],Autotool,0,107,107
24058,xlgames-inc/xle,https://github.com/xlgames-inc/xle/blob/69cc4f2aa4faf12ed15bb4291c6992c83597899c/Foreign/Antlr-3.4/libantlr3c-3.4/aclocal.m4#L111,# AM_CONDITIONAL                                            -*- Autoconf -*-,[],Autotool,0,111,111
24058,xlgames-inc/xle,https://github.com/xlgames-inc/xle/blob/69cc4f2aa4faf12ed15bb4291c6992c83597899c/Foreign/Antlr-3.4/libantlr3c-3.4/aclocal.m4#L113,"# Copyright (C) 1997, 2000, 2001, 2003, 2004, 2005, 2006, 2008
# Free Software Foundation, Inc.
#
# This file is free software; the Free Software Foundation
# gives unlimited permission to copy and/or distribute it,
# with or without modifications, as long as this notice is preserved.",[],Autotool,0,113,118
24058,xlgames-inc/xle,https://github.com/xlgames-inc/xle/blob/69cc4f2aa4faf12ed15bb4291c6992c83597899c/Foreign/Antlr-3.4/libantlr3c-3.4/aclocal.m4#L120,# serial 9,[],Autotool,0,120,120
24058,xlgames-inc/xle,https://github.com/xlgames-inc/xle/blob/69cc4f2aa4faf12ed15bb4291c6992c83597899c/Foreign/Antlr-3.4/libantlr3c-3.4/aclocal.m4#L122,"# AM_CONDITIONAL(NAME, SHELL-CONDITION)
# -------------------------------------
# Define a conditional.",[],Autotool,0,122,124
24058,xlgames-inc/xle,https://github.com/xlgames-inc/xle/blob/69cc4f2aa4faf12ed15bb4291c6992c83597899c/Foreign/Antlr-3.4/libantlr3c-3.4/aclocal.m4#L126,dnl,[],Autotool,16,126,126
24058,xlgames-inc/xle,https://github.com/xlgames-inc/xle/blob/69cc4f2aa4faf12ed15bb4291c6992c83597899c/Foreign/Antlr-3.4/libantlr3c-3.4/aclocal.m4#L128,dnl,[],Autotool,56,128,128
24058,xlgames-inc/xle,https://github.com/xlgames-inc/xle/blob/69cc4f2aa4faf12ed15bb4291c6992c83597899c/Foreign/Antlr-3.4/libantlr3c-3.4/aclocal.m4#L129,dnl,[],Autotool,19,129,129
24058,xlgames-inc/xle,https://github.com/xlgames-inc/xle/blob/69cc4f2aa4faf12ed15bb4291c6992c83597899c/Foreign/Antlr-3.4/libantlr3c-3.4/aclocal.m4#L130,dnl,[],Autotool,20,130,130
24058,xlgames-inc/xle,https://github.com/xlgames-inc/xle/blob/69cc4f2aa4faf12ed15bb4291c6992c83597899c/Foreign/Antlr-3.4/libantlr3c-3.4/aclocal.m4#L131,dnl,[],Autotool,28,131,131
24058,xlgames-inc/xle,https://github.com/xlgames-inc/xle/blob/69cc4f2aa4faf12ed15bb4291c6992c83597899c/Foreign/Antlr-3.4/libantlr3c-3.4/aclocal.m4#L132,dnl,[],Autotool,29,132,132
24058,xlgames-inc/xle,https://github.com/xlgames-inc/xle/blob/69cc4f2aa4faf12ed15bb4291c6992c83597899c/Foreign/Antlr-3.4/libantlr3c-3.4/aclocal.m4#L133,dnl,[],Autotool,36,133,133
24058,xlgames-inc/xle,https://github.com/xlgames-inc/xle/blob/69cc4f2aa4faf12ed15bb4291c6992c83597899c/Foreign/Antlr-3.4/libantlr3c-3.4/aclocal.m4#L136,#',[],Autotool,12,136,136
24058,xlgames-inc/xle,https://github.com/xlgames-inc/xle/blob/69cc4f2aa4faf12ed15bb4291c6992c83597899c/Foreign/Antlr-3.4/libantlr3c-3.4/aclocal.m4#L138,#',[],Autotool,11,138,138
24058,xlgames-inc/xle,https://github.com/xlgames-inc/xle/blob/69cc4f2aa4faf12ed15bb4291c6992c83597899c/Foreign/Antlr-3.4/libantlr3c-3.4/aclocal.m4#L147,"# Copyright (C) 1999, 2000, 2001, 2002, 2003, 2004, 2005, 2006, 2009
# Free Software Foundation, Inc.
#
# This file is free software; the Free Software Foundation
# gives unlimited permission to copy and/or distribute it,
# with or without modifications, as long as this notice is preserved.",[],Autotool,0,147,152
24058,xlgames-inc/xle,https://github.com/xlgames-inc/xle/blob/69cc4f2aa4faf12ed15bb4291c6992c83597899c/Foreign/Antlr-3.4/libantlr3c-3.4/aclocal.m4#L154,# serial 10,[],Autotool,0,154,154
24058,xlgames-inc/xle,https://github.com/xlgames-inc/xle/blob/69cc4f2aa4faf12ed15bb4291c6992c83597899c/Foreign/Antlr-3.4/libantlr3c-3.4/aclocal.m4#L156,"# There are a few dirty hacks below to avoid letting `AC_PROG_CC' be
# written in clear, in which case automake, when reading aclocal.m4,
# will think it sees a *use*, and therefore will trigger all it's
# C support machinery.  Also note that it means that autoscan, seeing
# CC etc. in the Makefile, will ask for an AC_PROG_CC use...",[],Autotool,0,156,160
24058,xlgames-inc/xle,https://github.com/xlgames-inc/xle/blob/69cc4f2aa4faf12ed15bb4291c6992c83597899c/Foreign/Antlr-3.4/libantlr3c-3.4/aclocal.m4#L163,"# _AM_DEPENDENCIES(NAME)
# ----------------------
# See how the compiler implements dependency checking.
# NAME is ""CC"", ""CXX"", ""GCJ"", or ""OBJC"".
# We try a few techniques and use that to set a single cache variable.
#
# We don't AC_REQUIRE the corresponding AC_PROG_CC since the latter was
# modified to invoke _AM_DEPENDENCIES(CC); we would have a circular
# dependency, and given that the user is not expected to run this macro,
# just rely on AC_PROG_CC.",[],Autotool,0,163,172
24058,xlgames-inc/xle,https://github.com/xlgames-inc/xle/blob/69cc4f2aa4faf12ed15bb4291c6992c83597899c/Foreign/Antlr-3.4/libantlr3c-3.4/aclocal.m4#L174,dnl,[],Autotool,28,174,174
24058,xlgames-inc/xle,https://github.com/xlgames-inc/xle/blob/69cc4f2aa4faf12ed15bb4291c6992c83597899c/Foreign/Antlr-3.4/libantlr3c-3.4/aclocal.m4#L175,dnl,[],Autotool,43,175,175
24058,xlgames-inc/xle,https://github.com/xlgames-inc/xle/blob/69cc4f2aa4faf12ed15bb4291c6992c83597899c/Foreign/Antlr-3.4/libantlr3c-3.4/aclocal.m4#L176,dnl,[],Autotool,29,176,176
24058,xlgames-inc/xle,https://github.com/xlgames-inc/xle/blob/69cc4f2aa4faf12ed15bb4291c6992c83597899c/Foreign/Antlr-3.4/libantlr3c-3.4/aclocal.m4#L177,dnl,[],Autotool,26,177,177
24058,xlgames-inc/xle,https://github.com/xlgames-inc/xle/blob/69cc4f2aa4faf12ed15bb4291c6992c83597899c/Foreign/Antlr-3.4/libantlr3c-3.4/aclocal.m4#L189,"# We make a subdir and do the tests there.  Otherwise we can end up
# making bogus files that we don't know about and never remove.  For
# instance it was reported that on HP-UX the gcc test will end up
# making a dummy file named `D' -- because `-MD' means `put the output
# in D'.",[],Autotool,2,189,193
24058,xlgames-inc/xle,https://github.com/xlgames-inc/xle/blob/69cc4f2aa4faf12ed15bb4291c6992c83597899c/Foreign/Antlr-3.4/libantlr3c-3.4/aclocal.m4#L195,"# Copy depcomp to subdir because otherwise we won't find it if we're
# using a relative directory.",[],Autotool,2,195,196
24058,xlgames-inc/xle,https://github.com/xlgames-inc/xle/blob/69cc4f2aa4faf12ed15bb4291c6992c83597899c/Foreign/Antlr-3.4/libantlr3c-3.4/aclocal.m4#L199,"# We will build objects and dependencies in a subdirectory because
# it helps to detect inapplicable dependency modes.  For instance
# both Tru64's cc and ICC support -MD to output dependencies as a
# side effect of compilation, but ICC will put the dependencies in
# the current directory while Tru64 will put them in the object
# directory.",[],Autotool,2,199,204
24058,xlgames-inc/xle,https://github.com/xlgames-inc/xle/blob/69cc4f2aa4faf12ed15bb4291c6992c83597899c/Foreign/Antlr-3.4/libantlr3c-3.4/aclocal.m4#L209,#*\([a-zA-Z0-9]*\))$/\1/p'] < ./depcomp`,[],Autotool,35,209,209
24058,xlgames-inc/xle,https://github.com/xlgames-inc/xle/blob/69cc4f2aa4faf12ed15bb4291c6992c83597899c/Foreign/Antlr-3.4/libantlr3c-3.4/aclocal.m4#L213,#(,[],Autotool,24,213,213
24058,xlgames-inc/xle,https://github.com/xlgames-inc/xle/blob/69cc4f2aa4faf12ed15bb4291c6992c83597899c/Foreign/Antlr-3.4/libantlr3c-3.4/aclocal.m4#L217,#(,[],Autotool,24,217,217
24058,xlgames-inc/xle,https://github.com/xlgames-inc/xle/blob/69cc4f2aa4faf12ed15bb4291c6992c83597899c/Foreign/Antlr-3.4/libantlr3c-3.4/aclocal.m4#L222,"# Setup a source with many dependencies, because some compilers
# like to wrap large dependency lists on column 80 (with \), and
# we should not choose a depcomp mode which is confused by this.
#
# We need to recreate these files for each test, as the compiler may
# overwrite some of them when testing with obscure command lines.
# This happens at least with the AIX C compiler.",[],Autotool,4,222,228
24058,xlgames-inc/xle,https://github.com/xlgames-inc/xle/blob/69cc4f2aa4faf12ed15bb4291c6992c83597899c/Foreign/Antlr-3.4/libantlr3c-3.4/aclocal.m4#L231,"#include ""conftst'$i'.h""' >> sub/conftest.c",[],Autotool,12,231,231
24058,xlgames-inc/xle,https://github.com/xlgames-inc/xle/blob/69cc4f2aa4faf12ed15bb4291c6992c83597899c/Foreign/Antlr-3.4/libantlr3c-3.4/aclocal.m4#L232,"# Using `: > sub/conftst$i.h' creates only sub/conftst1.h with
# Solaris 8's {/usr,}/bin/sh.",[],Autotool,6,232,233
24058,xlgames-inc/xle,https://github.com/xlgames-inc/xle/blob/69cc4f2aa4faf12ed15bb4291c6992c83597899c/Foreign/Antlr-3.4/libantlr3c-3.4/aclocal.m4#L238,"# We check with `-c' and `-o' for the sake of the ""dashmstdout""
# mode.  It turns out that the SunPro C++ compiler does not properly
# handle `-M -o', and we need to detect this.  Also, some Intel
# versions had trouble with output in subdirs",[],Autotool,4,238,241
24058,xlgames-inc/xle,https://github.com/xlgames-inc/xle/blob/69cc4f2aa4faf12ed15bb4291c6992c83597899c/Foreign/Antlr-3.4/libantlr3c-3.4/aclocal.m4#L246,# This depmode causes a compiler race in universal mode.,[],Autotool,6,246,246
24058,xlgames-inc/xle,https://github.com/xlgames-inc/xle/blob/69cc4f2aa4faf12ed15bb4291c6992c83597899c/Foreign/Antlr-3.4/libantlr3c-3.4/aclocal.m4#L250,"# after this tag, mechanisms are not by side-effect, so they'll
# only be used when explicitly requested",[],Autotool,6,250,251
24058,xlgames-inc/xle,https://github.com/xlgames-inc/xle/blob/69cc4f2aa4faf12ed15bb4291c6992c83597899c/Foreign/Antlr-3.4/libantlr3c-3.4/aclocal.m4#L259,"# This compiler won't grok `-c -o', but also, the minuso test has
# not run yet.  These depmodes are late enough in the game, and
# so weak that their functioning should not be impacted.",[],Autotool,6,259,261
24058,xlgames-inc/xle,https://github.com/xlgames-inc/xle/blob/69cc4f2aa4faf12ed15bb4291c6992c83597899c/Foreign/Antlr-3.4/libantlr3c-3.4/aclocal.m4#L276,"# icc doesn't choke on unknown options, it will just issue warnings
# or remarks (even with -Werror).  So we grep stderr for any message
# that says an option was ignored or not supported.
# When given -MP, icc 7.0 and 7.1 complain thusly:
#   icc: Command line warning: ignoring option '-M'; no argument required
# The diagnosis changed in icc 8.0:
#   icc: Command line remark: option '-MP' not supported",[],Autotool,6,276,282
24058,xlgames-inc/xle,https://github.com/xlgames-inc/xle/blob/69cc4f2aa4faf12ed15bb4291c6992c83597899c/Foreign/Antlr-3.4/libantlr3c-3.4/aclocal.m4#L304,"# AM_SET_DEPDIR
# -------------
# Choose a directory name for dependency files.
# This macro is AC_REQUIREd in _AM_DEPENDENCIES",[],Autotool,0,304,307
24058,xlgames-inc/xle,https://github.com/xlgames-inc/xle/blob/69cc4f2aa4faf12ed15bb4291c6992c83597899c/Foreign/Antlr-3.4/libantlr3c-3.4/aclocal.m4#L309,dnl,[],Autotool,33,309,309
24058,xlgames-inc/xle,https://github.com/xlgames-inc/xle/blob/69cc4f2aa4faf12ed15bb4291c6992c83597899c/Foreign/Antlr-3.4/libantlr3c-3.4/aclocal.m4#L310,dnl,[],Autotool,46,310,310
24058,xlgames-inc/xle,https://github.com/xlgames-inc/xle/blob/69cc4f2aa4faf12ed15bb4291c6992c83597899c/Foreign/Antlr-3.4/libantlr3c-3.4/aclocal.m4#L314,"# AM_DEP_TRACK
# ------------",[],Autotool,0,314,315
24058,xlgames-inc/xle,https://github.com/xlgames-inc/xle/blob/69cc4f2aa4faf12ed15bb4291c6992c83597899c/Foreign/Antlr-3.4/libantlr3c-3.4/aclocal.m4#L325,dnl,[],Autotool,26,325,325
24058,xlgames-inc/xle,https://github.com/xlgames-inc/xle/blob/69cc4f2aa4faf12ed15bb4291c6992c83597899c/Foreign/Antlr-3.4/libantlr3c-3.4/aclocal.m4#L326,dnl,[],Autotool,35,326,326
24058,xlgames-inc/xle,https://github.com/xlgames-inc/xle/blob/69cc4f2aa4faf12ed15bb4291c6992c83597899c/Foreign/Antlr-3.4/libantlr3c-3.4/aclocal.m4#L329,# Generate code to set up dependency tracking.              -*- Autoconf -*-,[],Autotool,0,329,329
24058,xlgames-inc/xle,https://github.com/xlgames-inc/xle/blob/69cc4f2aa4faf12ed15bb4291c6992c83597899c/Foreign/Antlr-3.4/libantlr3c-3.4/aclocal.m4#L331,"# Copyright (C) 1999, 2000, 2001, 2002, 2003, 2004, 2005, 2008
# Free Software Foundation, Inc.
#
# This file is free software; the Free Software Foundation
# gives unlimited permission to copy and/or distribute it,
# with or without modifications, as long as this notice is preserved.",[],Autotool,0,331,336
24058,xlgames-inc/xle,https://github.com/xlgames-inc/xle/blob/69cc4f2aa4faf12ed15bb4291c6992c83597899c/Foreign/Antlr-3.4/libantlr3c-3.4/aclocal.m4#L338,#serial 5,[],Autotool,0,338,338
24058,xlgames-inc/xle,https://github.com/xlgames-inc/xle/blob/69cc4f2aa4faf12ed15bb4291c6992c83597899c/Foreign/Antlr-3.4/libantlr3c-3.4/aclocal.m4#L340,"# _AM_OUTPUT_DEPENDENCY_COMMANDS
# ------------------------------",[],Autotool,0,340,341
24058,xlgames-inc/xle,https://github.com/xlgames-inc/xle/blob/69cc4f2aa4faf12ed15bb4291c6992c83597899c/Foreign/Antlr-3.4/libantlr3c-3.4/aclocal.m4#L344,"# Autoconf 2.62 quotes --file arguments for eval, but not when files
# are listed without --file.  Let's play safe and only enable the eval
# if we detect the quoting.",[],Autotool,2,344,346
24058,xlgames-inc/xle,https://github.com/xlgames-inc/xle/blob/69cc4f2aa4faf12ed15bb4291c6992c83597899c/Foreign/Antlr-3.4/libantlr3c-3.4/aclocal.m4#L354,# Strip MF so we end up with the name of the file.,[],Autotool,4,354,354
24058,xlgames-inc/xle,https://github.com/xlgames-inc/xle/blob/69cc4f2aa4faf12ed15bb4291c6992c83597899c/Foreign/Antlr-3.4/libantlr3c-3.4/aclocal.m4#L368,"# Extract the definition of DEPDIR, am__include, and am__quote
# from the Makefile without running `make'.",[],Autotool,4,368,369
24058,xlgames-inc/xle,https://github.com/xlgames-inc/xle/blob/69cc4f2aa4faf12ed15bb4291c6992c83597899c/Foreign/Antlr-3.4/libantlr3c-3.4/aclocal.m4#L375,"# When using ansi2knr, U may be empty or an underscore; expand it",[],Autotool,4,375,375
24058,xlgames-inc/xle,https://github.com/xlgames-inc/xle/blob/69cc4f2aa4faf12ed15bb4291c6992c83597899c/Foreign/Antlr-3.4/libantlr3c-3.4/aclocal.m4#L377,"# Find all dependency output files, they are included files with
# $(DEPDIR) in their names.  We invoke sed twice because it is the
# simplest approach to changing $(DEPDIR) to its actual value in the
# expansion.",[],Autotool,4,377,380
24058,xlgames-inc/xle,https://github.com/xlgames-inc/xle/blob/69cc4f2aa4faf12ed15bb4291c6992c83597899c/Foreign/Antlr-3.4/libantlr3c-3.4/aclocal.m4#L384,# Make sure the directory exists.,[],Autotool,6,384,384
24058,xlgames-inc/xle,https://github.com/xlgames-inc/xle/blob/69cc4f2aa4faf12ed15bb4291c6992c83597899c/Foreign/Antlr-3.4/libantlr3c-3.4/aclocal.m4#L388,"# echo ""creating $dirpart/$file""",[],Autotool,6,388,388
24058,xlgames-inc/xle,https://github.com/xlgames-inc/xle/blob/69cc4f2aa4faf12ed15bb4291c6992c83597899c/Foreign/Antlr-3.4/libantlr3c-3.4/aclocal.m4#L393,# _AM_OUTPUT_DEPENDENCY_COMMANDS,[],Autotool,2,393,393
24058,xlgames-inc/xle,https://github.com/xlgames-inc/xle/blob/69cc4f2aa4faf12ed15bb4291c6992c83597899c/Foreign/Antlr-3.4/libantlr3c-3.4/aclocal.m4#L409,# Do all the work for Automake.                             -*- Autoconf -*-,[],Autotool,0,409,409
24058,xlgames-inc/xle,https://github.com/xlgames-inc/xle/blob/69cc4f2aa4faf12ed15bb4291c6992c83597899c/Foreign/Antlr-3.4/libantlr3c-3.4/aclocal.m4#L411,"# Copyright (C) 1996, 1997, 1998, 1999, 2000, 2001, 2002, 2003, 2004,
# 2005, 2006, 2008, 2009 Free Software Foundation, Inc.
#
# This file is free software; the Free Software Foundation
# gives unlimited permission to copy and/or distribute it,
# with or without modifications, as long as this notice is preserved.",[],Autotool,0,411,416
24058,xlgames-inc/xle,https://github.com/xlgames-inc/xle/blob/69cc4f2aa4faf12ed15bb4291c6992c83597899c/Foreign/Antlr-3.4/libantlr3c-3.4/aclocal.m4#L418,# serial 16,[],Autotool,0,418,418
24058,xlgames-inc/xle,https://github.com/xlgames-inc/xle/blob/69cc4f2aa4faf12ed15bb4291c6992c83597899c/Foreign/Antlr-3.4/libantlr3c-3.4/aclocal.m4#L420,"# This macro actually does too much.  Some checks are only needed if
# your package does certain things.  But this isn't really a big deal.",[],Autotool,0,420,421
24058,xlgames-inc/xle,https://github.com/xlgames-inc/xle/blob/69cc4f2aa4faf12ed15bb4291c6992c83597899c/Foreign/Antlr-3.4/libantlr3c-3.4/aclocal.m4#L423,"# AM_INIT_AUTOMAKE(PACKAGE, VERSION, [NO-DEFINE])
# AM_INIT_AUTOMAKE([OPTIONS])
# -----------------------------------------------
# The call with PACKAGE and VERSION arguments is the old style
# call (pre autoconf-2.50), which is being phased out.  PACKAGE
# and VERSION should now be passed to AC_INIT and removed from
# the call to AM_INIT_AUTOMAKE.
# We support both call styles for the transition.  After
# the next Automake release, Autoconf can make the AC_INIT
# arguments mandatory, and then we can depend on a new Autoconf
# release and drop the old call support.",[],Autotool,0,423,433
24058,xlgames-inc/xle,https://github.com/xlgames-inc/xle/blob/69cc4f2aa4faf12ed15bb4291c6992c83597899c/Foreign/Antlr-3.4/libantlr3c-3.4/aclocal.m4#L435,dnl,[],Autotool,18,435,435
24058,xlgames-inc/xle,https://github.com/xlgames-inc/xle/blob/69cc4f2aa4faf12ed15bb4291c6992c83597899c/Foreign/Antlr-3.4/libantlr3c-3.4/aclocal.m4#L436,"dnl Autoconf wants to disallow AM_ names.  We explicitly allow
dnl the ones we care about.",[],Autotool,0,436,437
24058,xlgames-inc/xle,https://github.com/xlgames-inc/xle/blob/69cc4f2aa4faf12ed15bb4291c6992c83597899c/Foreign/Antlr-3.4/libantlr3c-3.4/aclocal.m4#L438,dnl,[],Autotool,36,438,438
24058,xlgames-inc/xle,https://github.com/xlgames-inc/xle/blob/69cc4f2aa4faf12ed15bb4291c6992c83597899c/Foreign/Antlr-3.4/libantlr3c-3.4/aclocal.m4#L439,dnl,[],Autotool,45,439,439
24058,xlgames-inc/xle,https://github.com/xlgames-inc/xle/blob/69cc4f2aa4faf12ed15bb4291c6992c83597899c/Foreign/Antlr-3.4/libantlr3c-3.4/aclocal.m4#L440,dnl,[],Autotool,29,440,440
24058,xlgames-inc/xle,https://github.com/xlgames-inc/xle/blob/69cc4f2aa4faf12ed15bb4291c6992c83597899c/Foreign/Antlr-3.4/libantlr3c-3.4/aclocal.m4#L442,"# Use -I$(srcdir) only when $(srcdir) != ., so that make's output
# is not polluted with repeated ""-I.""",[],Autotool,2,442,443
24058,xlgames-inc/xle,https://github.com/xlgames-inc/xle/blob/69cc4f2aa4faf12ed15bb4291c6992c83597899c/Foreign/Antlr-3.4/libantlr3c-3.4/aclocal.m4#L444,dnl,[],Autotool,69,444,444
24058,xlgames-inc/xle,https://github.com/xlgames-inc/xle/blob/69cc4f2aa4faf12ed15bb4291c6992c83597899c/Foreign/Antlr-3.4/libantlr3c-3.4/aclocal.m4#L445,# test to see if srcdir already configured,[],Autotool,2,445,445
24058,xlgames-inc/xle,https://github.com/xlgames-inc/xle/blob/69cc4f2aa4faf12ed15bb4291c6992c83597899c/Foreign/Antlr-3.4/libantlr3c-3.4/aclocal.m4#L451,# test whether we have cygpath,[],Autotool,0,451,451
24058,xlgames-inc/xle,https://github.com/xlgames-inc/xle/blob/69cc4f2aa4faf12ed15bb4291c6992c83597899c/Foreign/Antlr-3.4/libantlr3c-3.4/aclocal.m4#L461,# Define the identity of the package.,[],Autotool,0,461,461
24058,xlgames-inc/xle,https://github.com/xlgames-inc/xle/blob/69cc4f2aa4faf12ed15bb4291c6992c83597899c/Foreign/Antlr-3.4/libantlr3c-3.4/aclocal.m4#L462,dnl Distinguish between old-style and new-style calls.,[],Autotool,0,462,462
24058,xlgames-inc/xle,https://github.com/xlgames-inc/xle/blob/69cc4f2aa4faf12ed15bb4291c6992c83597899c/Foreign/Antlr-3.4/libantlr3c-3.4/aclocal.m4#L464,dnl,[],Autotool,46,464,464
24058,xlgames-inc/xle,https://github.com/xlgames-inc/xle/blob/69cc4f2aa4faf12ed15bb4291c6992c83597899c/Foreign/Antlr-3.4/libantlr3c-3.4/aclocal.m4#L465,dnl,[],Autotool,26,465,465
24058,xlgames-inc/xle,https://github.com/xlgames-inc/xle/blob/69cc4f2aa4faf12ed15bb4291c6992c83597899c/Foreign/Antlr-3.4/libantlr3c-3.4/aclocal.m4#L467,dnl,[],Autotool,22,467,467
24058,xlgames-inc/xle,https://github.com/xlgames-inc/xle/blob/69cc4f2aa4faf12ed15bb4291c6992c83597899c/Foreign/Antlr-3.4/libantlr3c-3.4/aclocal.m4#L468,dnl Diagnose old-style AC_INIT with new-style AM_AUTOMAKE_INIT.,[],Autotool,0,468,468
24058,xlgames-inc/xle,https://github.com/xlgames-inc/xle/blob/69cc4f2aa4faf12ed15bb4291c6992c83597899c/Foreign/Antlr-3.4/libantlr3c-3.4/aclocal.m4#L470,dnl,[],Autotool,76,470,470
24058,xlgames-inc/xle,https://github.com/xlgames-inc/xle/blob/69cc4f2aa4faf12ed15bb4291c6992c83597899c/Foreign/Antlr-3.4/libantlr3c-3.4/aclocal.m4#L471,dnl,[],Autotool,44,471,471
24058,xlgames-inc/xle,https://github.com/xlgames-inc/xle/blob/69cc4f2aa4faf12ed15bb4291c6992c83597899c/Foreign/Antlr-3.4/libantlr3c-3.4/aclocal.m4#L472,dnl,[],Autotool,46,472,472
24058,xlgames-inc/xle,https://github.com/xlgames-inc/xle/blob/69cc4f2aa4faf12ed15bb4291c6992c83597899c/Foreign/Antlr-3.4/libantlr3c-3.4/aclocal.m4#L476,dnl,[],Autotool,71,476,476
24058,xlgames-inc/xle,https://github.com/xlgames-inc/xle/blob/69cc4f2aa4faf12ed15bb4291c6992c83597899c/Foreign/Antlr-3.4/libantlr3c-3.4/aclocal.m4#L478,# Some tools Automake needs.,[],Autotool,0,478,478
24058,xlgames-inc/xle,https://github.com/xlgames-inc/xle/blob/69cc4f2aa4faf12ed15bb4291c6992c83597899c/Foreign/Antlr-3.4/libantlr3c-3.4/aclocal.m4#L479,dnl,[],Autotool,29,479,479
24058,xlgames-inc/xle,https://github.com/xlgames-inc/xle/blob/69cc4f2aa4faf12ed15bb4291c6992c83597899c/Foreign/Antlr-3.4/libantlr3c-3.4/aclocal.m4#L480,dnl,[],Autotool,28,480,480
24058,xlgames-inc/xle,https://github.com/xlgames-inc/xle/blob/69cc4f2aa4faf12ed15bb4291c6992c83597899c/Foreign/Antlr-3.4/libantlr3c-3.4/aclocal.m4#L486,dnl,[],Autotool,32,486,486
24058,xlgames-inc/xle,https://github.com/xlgames-inc/xle/blob/69cc4f2aa4faf12ed15bb4291c6992c83597899c/Foreign/Antlr-3.4/libantlr3c-3.4/aclocal.m4#L487,dnl,[],Autotool,35,487,487
24058,xlgames-inc/xle,https://github.com/xlgames-inc/xle/blob/69cc4f2aa4faf12ed15bb4291c6992c83597899c/Foreign/Antlr-3.4/libantlr3c-3.4/aclocal.m4#L488,dnl,[],Autotool,29,488,488
24058,xlgames-inc/xle,https://github.com/xlgames-inc/xle/blob/69cc4f2aa4faf12ed15bb4291c6992c83597899c/Foreign/Antlr-3.4/libantlr3c-3.4/aclocal.m4#L489,"# We need awk for the ""check"" target.  The system ""awk"" is bad on
# some platforms.",[],Autotool,0,489,490
24058,xlgames-inc/xle,https://github.com/xlgames-inc/xle/blob/69cc4f2aa4faf12ed15bb4291c6992c83597899c/Foreign/Antlr-3.4/libantlr3c-3.4/aclocal.m4#L491,dnl,[],Autotool,25,491,491
24058,xlgames-inc/xle,https://github.com/xlgames-inc/xle/blob/69cc4f2aa4faf12ed15bb4291c6992c83597899c/Foreign/Antlr-3.4/libantlr3c-3.4/aclocal.m4#L492,dnl,[],Autotool,30,492,492
24058,xlgames-inc/xle,https://github.com/xlgames-inc/xle/blob/69cc4f2aa4faf12ed15bb4291c6992c83597899c/Foreign/Antlr-3.4/libantlr3c-3.4/aclocal.m4#L493,dnl,[],Autotool,32,493,493
24058,xlgames-inc/xle,https://github.com/xlgames-inc/xle/blob/69cc4f2aa4faf12ed15bb4291c6992c83597899c/Foreign/Antlr-3.4/libantlr3c-3.4/aclocal.m4#L501,dnl,[],Autotool,48,501,501
24058,xlgames-inc/xle,https://github.com/xlgames-inc/xle/blob/69cc4f2aa4faf12ed15bb4291c6992c83597899c/Foreign/Antlr-3.4/libantlr3c-3.4/aclocal.m4#L505,dnl,[],Autotool,50,505,505
24058,xlgames-inc/xle,https://github.com/xlgames-inc/xle/blob/69cc4f2aa4faf12ed15bb4291c6992c83597899c/Foreign/Antlr-3.4/libantlr3c-3.4/aclocal.m4#L509,dnl,[],Autotool,52,509,509
24058,xlgames-inc/xle,https://github.com/xlgames-inc/xle/blob/69cc4f2aa4faf12ed15bb4291c6992c83597899c/Foreign/Antlr-3.4/libantlr3c-3.4/aclocal.m4#L511,dnl,[],Autotool,62,511,511
24058,xlgames-inc/xle,https://github.com/xlgames-inc/xle/blob/69cc4f2aa4faf12ed15bb4291c6992c83597899c/Foreign/Antlr-3.4/libantlr3c-3.4/aclocal.m4#L512,"dnl The `parallel-tests' driver may need to know about EXEEXT, so add the
dnl `am__EXEEXT' conditional if _AM_COMPILER_EXEEXT was seen.  This macro
dnl is hooked onto _AC_COMPILER_EXEEXT early, see below.",[],Autotool,0,512,514
24058,xlgames-inc/xle,https://github.com/xlgames-inc/xle/blob/69cc4f2aa4faf12ed15bb4291c6992c83597899c/Foreign/Antlr-3.4/libantlr3c-3.4/aclocal.m4#L515,dnl,[],Autotool,23,515,515
24058,xlgames-inc/xle,https://github.com/xlgames-inc/xle/blob/69cc4f2aa4faf12ed15bb4291c6992c83597899c/Foreign/Antlr-3.4/libantlr3c-3.4/aclocal.m4#L517,dnl,[],Autotool,56,517,517
24058,xlgames-inc/xle,https://github.com/xlgames-inc/xle/blob/69cc4f2aa4faf12ed15bb4291c6992c83597899c/Foreign/Antlr-3.4/libantlr3c-3.4/aclocal.m4#L520,"dnl Hook into `_AC_COMPILER_EXEEXT' early to learn its expansion.  Do not
dnl add the conditional right here, as _AC_COMPILER_EXEEXT may be further
dnl mangled by Autoconf and run in a shell conditional statement.",[],Autotool,0,520,522
24058,xlgames-inc/xle,https://github.com/xlgames-inc/xle/blob/69cc4f2aa4faf12ed15bb4291c6992c83597899c/Foreign/Antlr-3.4/libantlr3c-3.4/aclocal.m4#L527,"# When config.status generates a header, we must update the stamp-h file.
# This file resides in the same directory as the config header
# that is generated.  The stamp files are numbered to have different names.",[],Autotool,0,527,529
24058,xlgames-inc/xle,https://github.com/xlgames-inc/xle/blob/69cc4f2aa4faf12ed15bb4291c6992c83597899c/Foreign/Antlr-3.4/libantlr3c-3.4/aclocal.m4#L531,"# Autoconf calls _AC_AM_CONFIG_HEADER_HOOK (when defined) in the
# loop where config.status creates the headers, so we can generate
# our stamp files there.",[],Autotool,0,531,533
24058,xlgames-inc/xle,https://github.com/xlgames-inc/xle/blob/69cc4f2aa4faf12ed15bb4291c6992c83597899c/Foreign/Antlr-3.4/libantlr3c-3.4/aclocal.m4#L535,# Compute $1's index in $config_headers.,[],Autotool,1,535,535
24058,xlgames-inc/xle,https://github.com/xlgames-inc/xle/blob/69cc4f2aa4faf12ed15bb4291c6992c83597899c/Foreign/Antlr-3.4/libantlr3c-3.4/aclocal.m4#L548,"# Copyright (C) 2001, 2003, 2005, 2008  Free Software Foundation, Inc.
#
# This file is free software; the Free Software Foundation
# gives unlimited permission to copy and/or distribute it,
# with or without modifications, as long as this notice is preserved.",[],Autotool,0,548,552
24058,xlgames-inc/xle,https://github.com/xlgames-inc/xle/blob/69cc4f2aa4faf12ed15bb4291c6992c83597899c/Foreign/Antlr-3.4/libantlr3c-3.4/aclocal.m4#L554,"# AM_PROG_INSTALL_SH
# ------------------
# Define $install_sh.",[],Autotool,0,554,556
24058,xlgames-inc/xle,https://github.com/xlgames-inc/xle/blob/69cc4f2aa4faf12ed15bb4291c6992c83597899c/Foreign/Antlr-3.4/libantlr3c-3.4/aclocal.m4#L558,dnl,[],Autotool,32,558,558
24058,xlgames-inc/xle,https://github.com/xlgames-inc/xle/blob/69cc4f2aa4faf12ed15bb4291c6992c83597899c/Foreign/Antlr-3.4/libantlr3c-3.4/aclocal.m4#L569,"# Copyright (C) 2003, 2005  Free Software Foundation, Inc.
#
# This file is free software; the Free Software Foundation
# gives unlimited permission to copy and/or distribute it,
# with or without modifications, as long as this notice is preserved.",[],Autotool,0,569,573
24058,xlgames-inc/xle,https://github.com/xlgames-inc/xle/blob/69cc4f2aa4faf12ed15bb4291c6992c83597899c/Foreign/Antlr-3.4/libantlr3c-3.4/aclocal.m4#L575,# serial 2,[],Autotool,0,575,575
24058,xlgames-inc/xle,https://github.com/xlgames-inc/xle/blob/69cc4f2aa4faf12ed15bb4291c6992c83597899c/Foreign/Antlr-3.4/libantlr3c-3.4/aclocal.m4#L577,"# Check whether the underlying file-system supports filenames
# with a leading dot.  For instance MS-DOS doesn't.",[],Autotool,0,577,578
24058,xlgames-inc/xle,https://github.com/xlgames-inc/xle/blob/69cc4f2aa4faf12ed15bb4291c6992c83597899c/Foreign/Antlr-3.4/libantlr3c-3.4/aclocal.m4#L590,"# Add --enable-maintainer-mode option to configure.         -*- Autoconf -*-
# From Jim Meyering",[],Autotool,0,590,591
24058,xlgames-inc/xle,https://github.com/xlgames-inc/xle/blob/69cc4f2aa4faf12ed15bb4291c6992c83597899c/Foreign/Antlr-3.4/libantlr3c-3.4/aclocal.m4#L593,"# Copyright (C) 1996, 1998, 2000, 2001, 2002, 2003, 2004, 2005, 2008
# Free Software Foundation, Inc.
#
# This file is free software; the Free Software Foundation
# gives unlimited permission to copy and/or distribute it,
# with or without modifications, as long as this notice is preserved.",[],Autotool,0,593,598
24058,xlgames-inc/xle,https://github.com/xlgames-inc/xle/blob/69cc4f2aa4faf12ed15bb4291c6992c83597899c/Foreign/Antlr-3.4/libantlr3c-3.4/aclocal.m4#L600,# serial 5,[],Autotool,0,600,600
24058,xlgames-inc/xle,https://github.com/xlgames-inc/xle/blob/69cc4f2aa4faf12ed15bb4291c6992c83597899c/Foreign/Antlr-3.4/libantlr3c-3.4/aclocal.m4#L602,"# AM_MAINTAINER_MODE([DEFAULT-MODE])
# ----------------------------------
# Control maintainer-specific portions of Makefiles.
# Default is to disable them, unless `enable' is passed literally.
# For symmetry, `disable' may be passed as well.  Anyway, the user
# can override the default with the --enable/--disable switch.",[],Autotool,0,602,607
24058,xlgames-inc/xle,https://github.com/xlgames-inc/xle/blob/69cc4f2aa4faf12ed15bb4291c6992c83597899c/Foreign/Antlr-3.4/libantlr3c-3.4/aclocal.m4#L615,dnl maintainer-mode's default is 'disable' unless 'enable' is passed,[],Autotool,2,615,615
24058,xlgames-inc/xle,https://github.com/xlgames-inc/xle/blob/69cc4f2aa4faf12ed15bb4291c6992c83597899c/Foreign/Antlr-3.4/libantlr3c-3.4/aclocal.m4#L624,dnl,[],Autotool,19,624,624
24058,xlgames-inc/xle,https://github.com/xlgames-inc/xle/blob/69cc4f2aa4faf12ed15bb4291c6992c83597899c/Foreign/Antlr-3.4/libantlr3c-3.4/aclocal.m4#L630,# Check to see how 'make' treats includes.	            -*- Autoconf -*-,[],Autotool,0,630,630
24058,xlgames-inc/xle,https://github.com/xlgames-inc/xle/blob/69cc4f2aa4faf12ed15bb4291c6992c83597899c/Foreign/Antlr-3.4/libantlr3c-3.4/aclocal.m4#L632,"# Copyright (C) 2001, 2002, 2003, 2005, 2009  Free Software Foundation, Inc.
#
# This file is free software; the Free Software Foundation
# gives unlimited permission to copy and/or distribute it,
# with or without modifications, as long as this notice is preserved.",[],Autotool,0,632,636
24058,xlgames-inc/xle,https://github.com/xlgames-inc/xle/blob/69cc4f2aa4faf12ed15bb4291c6992c83597899c/Foreign/Antlr-3.4/libantlr3c-3.4/aclocal.m4#L638,# serial 4,[],Autotool,0,638,638
24058,xlgames-inc/xle,https://github.com/xlgames-inc/xle/blob/69cc4f2aa4faf12ed15bb4291c6992c83597899c/Foreign/Antlr-3.4/libantlr3c-3.4/aclocal.m4#L640,"# AM_MAKE_INCLUDE()
# -----------------
# Check to see how make treats includes.",[],Autotool,0,640,642
24058,xlgames-inc/xle,https://github.com/xlgames-inc/xle/blob/69cc4f2aa4faf12ed15bb4291c6992c83597899c/Foreign/Antlr-3.4/libantlr3c-3.4/aclocal.m4#L655,# First try GNU make style include.,[],Autotool,0,655,655
24058,xlgames-inc/xle,https://github.com/xlgames-inc/xle/blob/69cc4f2aa4faf12ed15bb4291c6992c83597899c/Foreign/Antlr-3.4/libantlr3c-3.4/aclocal.m4#L657,# Ignore all kinds of additional output from `make'.,[],Autotool,0,657,657
24058,xlgames-inc/xle,https://github.com/xlgames-inc/xle/blob/69cc4f2aa4faf12ed15bb4291c6992c83597899c/Foreign/Antlr-3.4/libantlr3c-3.4/aclocal.m4#L658,#(,[],Autotool,45,658,658
24058,xlgames-inc/xle,https://github.com/xlgames-inc/xle/blob/69cc4f2aa4faf12ed15bb4291c6992c83597899c/Foreign/Antlr-3.4/libantlr3c-3.4/aclocal.m4#L665,# Now try BSD make style include.,[],Autotool,0,665,665
24058,xlgames-inc/xle,https://github.com/xlgames-inc/xle/blob/69cc4f2aa4faf12ed15bb4291c6992c83597899c/Foreign/Antlr-3.4/libantlr3c-3.4/aclocal.m4#L668,#(,[],Autotool,48,668,668
24058,xlgames-inc/xle,https://github.com/xlgames-inc/xle/blob/69cc4f2aa4faf12ed15bb4291c6992c83597899c/Foreign/Antlr-3.4/libantlr3c-3.4/aclocal.m4#L682,# Fake the existence of programs that GNU maintainers use.  -*- Autoconf -*-,[],Autotool,0,682,682
24058,xlgames-inc/xle,https://github.com/xlgames-inc/xle/blob/69cc4f2aa4faf12ed15bb4291c6992c83597899c/Foreign/Antlr-3.4/libantlr3c-3.4/aclocal.m4#L684,"# Copyright (C) 1997, 1999, 2000, 2001, 2003, 2004, 2005, 2008
# Free Software Foundation, Inc.
#
# This file is free software; the Free Software Foundation
# gives unlimited permission to copy and/or distribute it,
# with or without modifications, as long as this notice is preserved.",[],Autotool,0,684,689
24058,xlgames-inc/xle,https://github.com/xlgames-inc/xle/blob/69cc4f2aa4faf12ed15bb4291c6992c83597899c/Foreign/Antlr-3.4/libantlr3c-3.4/aclocal.m4#L691,# serial 6,[],Autotool,0,691,691
24058,xlgames-inc/xle,https://github.com/xlgames-inc/xle/blob/69cc4f2aa4faf12ed15bb4291c6992c83597899c/Foreign/Antlr-3.4/libantlr3c-3.4/aclocal.m4#L693,"# AM_MISSING_PROG(NAME, PROGRAM)
# ------------------------------",[],Autotool,0,693,694
24058,xlgames-inc/xle,https://github.com/xlgames-inc/xle/blob/69cc4f2aa4faf12ed15bb4291c6992c83597899c/Foreign/Antlr-3.4/libantlr3c-3.4/aclocal.m4#L701,"# AM_MISSING_HAS_RUN
# ------------------
# Define MISSING if not defined so far and test if it supports --run.
# If it does, set am_missing_run to use it, otherwise, to nothing.",[],Autotool,0,701,704
24058,xlgames-inc/xle,https://github.com/xlgames-inc/xle/blob/69cc4f2aa4faf12ed15bb4291c6992c83597899c/Foreign/Antlr-3.4/libantlr3c-3.4/aclocal.m4#L706,dnl,[],Autotool,32,706,706
24058,xlgames-inc/xle,https://github.com/xlgames-inc/xle/blob/69cc4f2aa4faf12ed15bb4291c6992c83597899c/Foreign/Antlr-3.4/libantlr3c-3.4/aclocal.m4#L707,dnl,[],Autotool,30,707,707
24058,xlgames-inc/xle,https://github.com/xlgames-inc/xle/blob/69cc4f2aa4faf12ed15bb4291c6992c83597899c/Foreign/Antlr-3.4/libantlr3c-3.4/aclocal.m4#L716,# Use eval to expand $SHELL,[],Autotool,0,716,716
24058,xlgames-inc/xle,https://github.com/xlgames-inc/xle/blob/69cc4f2aa4faf12ed15bb4291c6992c83597899c/Foreign/Antlr-3.4/libantlr3c-3.4/aclocal.m4#L725,"# Copyright (C) 2003, 2004, 2005, 2006  Free Software Foundation, Inc.
#
# This file is free software; the Free Software Foundation
# gives unlimited permission to copy and/or distribute it,
# with or without modifications, as long as this notice is preserved.",[],Autotool,0,725,729
24058,xlgames-inc/xle,https://github.com/xlgames-inc/xle/blob/69cc4f2aa4faf12ed15bb4291c6992c83597899c/Foreign/Antlr-3.4/libantlr3c-3.4/aclocal.m4#L731,"# AM_PROG_MKDIR_P
# ---------------
# Check for `mkdir -p'.",[],Autotool,0,731,733
24058,xlgames-inc/xle,https://github.com/xlgames-inc/xle/blob/69cc4f2aa4faf12ed15bb4291c6992c83597899c/Foreign/Antlr-3.4/libantlr3c-3.4/aclocal.m4#L735,dnl,[],Autotool,18,735,735
24058,xlgames-inc/xle,https://github.com/xlgames-inc/xle/blob/69cc4f2aa4faf12ed15bb4291c6992c83597899c/Foreign/Antlr-3.4/libantlr3c-3.4/aclocal.m4#L736,dnl,[],Autotool,29,736,736
24058,xlgames-inc/xle,https://github.com/xlgames-inc/xle/blob/69cc4f2aa4faf12ed15bb4291c6992c83597899c/Foreign/Antlr-3.4/libantlr3c-3.4/aclocal.m4#L737,"dnl Automake 1.8 to 1.9.6 used to define mkdir_p.  We now use MKDIR_P,
dnl while keeping a definition of mkdir_p for backward compatibility.
dnl @MKDIR_P@ is magic: AC_OUTPUT adjusts its value for each Makefile.
dnl However we cannot define mkdir_p as $(MKDIR_P) for the sake of
dnl Makefile.ins that do not define MKDIR_P, so we do our own
dnl adjustment using top_builddir (which is defined more often than
dnl MKDIR_P).",[],Autotool,0,737,743
24058,xlgames-inc/xle,https://github.com/xlgames-inc/xle/blob/69cc4f2aa4faf12ed15bb4291c6992c83597899c/Foreign/Antlr-3.4/libantlr3c-3.4/aclocal.m4#L744,dnl,[],Autotool,33,744,744
24058,xlgames-inc/xle,https://github.com/xlgames-inc/xle/blob/69cc4f2aa4faf12ed15bb4291c6992c83597899c/Foreign/Antlr-3.4/libantlr3c-3.4/aclocal.m4#L751,# Helper functions for option handling.                     -*- Autoconf -*-,[],Autotool,0,751,751
24058,xlgames-inc/xle,https://github.com/xlgames-inc/xle/blob/69cc4f2aa4faf12ed15bb4291c6992c83597899c/Foreign/Antlr-3.4/libantlr3c-3.4/aclocal.m4#L753,"# Copyright (C) 2001, 2002, 2003, 2005, 2008  Free Software Foundation, Inc.
#
# This file is free software; the Free Software Foundation
# gives unlimited permission to copy and/or distribute it,
# with or without modifications, as long as this notice is preserved.",[],Autotool,0,753,757
24058,xlgames-inc/xle,https://github.com/xlgames-inc/xle/blob/69cc4f2aa4faf12ed15bb4291c6992c83597899c/Foreign/Antlr-3.4/libantlr3c-3.4/aclocal.m4#L759,# serial 4,[],Autotool,0,759,759
24058,xlgames-inc/xle,https://github.com/xlgames-inc/xle/blob/69cc4f2aa4faf12ed15bb4291c6992c83597899c/Foreign/Antlr-3.4/libantlr3c-3.4/aclocal.m4#L761,"# _AM_MANGLE_OPTION(NAME)
# -----------------------",[],Autotool,0,761,762
24058,xlgames-inc/xle,https://github.com/xlgames-inc/xle/blob/69cc4f2aa4faf12ed15bb4291c6992c83597899c/Foreign/Antlr-3.4/libantlr3c-3.4/aclocal.m4#L766,"# _AM_SET_OPTION(NAME)
# ------------------------------
# Set option NAME.  Presently that only means defining a flag for this option.",[],Autotool,0,766,768
24058,xlgames-inc/xle,https://github.com/xlgames-inc/xle/blob/69cc4f2aa4faf12ed15bb4291c6992c83597899c/Foreign/Antlr-3.4/libantlr3c-3.4/aclocal.m4#L772,"# _AM_SET_OPTIONS(OPTIONS)
# ----------------------------------
# OPTIONS is a space-separated list of Automake options.",[],Autotool,0,772,774
24058,xlgames-inc/xle,https://github.com/xlgames-inc/xle/blob/69cc4f2aa4faf12ed15bb4291c6992c83597899c/Foreign/Antlr-3.4/libantlr3c-3.4/aclocal.m4#L778,"# _AM_IF_OPTION(OPTION, IF-SET, [IF-NOT-SET])
# -------------------------------------------
# Execute IF-SET if OPTION is set, IF-NOT-SET otherwise.",[],Autotool,0,778,780
24058,xlgames-inc/xle,https://github.com/xlgames-inc/xle/blob/69cc4f2aa4faf12ed15bb4291c6992c83597899c/Foreign/Antlr-3.4/libantlr3c-3.4/aclocal.m4#L784,# Check to make sure that the build environment is sane.    -*- Autoconf -*-,[],Autotool,0,784,784
24058,xlgames-inc/xle,https://github.com/xlgames-inc/xle/blob/69cc4f2aa4faf12ed15bb4291c6992c83597899c/Foreign/Antlr-3.4/libantlr3c-3.4/aclocal.m4#L786,"# Copyright (C) 1996, 1997, 2000, 2001, 2003, 2005, 2008
# Free Software Foundation, Inc.
#
# This file is free software; the Free Software Foundation
# gives unlimited permission to copy and/or distribute it,
# with or without modifications, as long as this notice is preserved.",[],Autotool,0,786,791
24058,xlgames-inc/xle,https://github.com/xlgames-inc/xle/blob/69cc4f2aa4faf12ed15bb4291c6992c83597899c/Foreign/Antlr-3.4/libantlr3c-3.4/aclocal.m4#L793,# serial 5,[],Autotool,0,793,793
24058,xlgames-inc/xle,https://github.com/xlgames-inc/xle/blob/69cc4f2aa4faf12ed15bb4291c6992c83597899c/Foreign/Antlr-3.4/libantlr3c-3.4/aclocal.m4#L795,"# AM_SANITY_CHECK
# ---------------",[],Autotool,0,795,796
24058,xlgames-inc/xle,https://github.com/xlgames-inc/xle/blob/69cc4f2aa4faf12ed15bb4291c6992c83597899c/Foreign/Antlr-3.4/libantlr3c-3.4/aclocal.m4#L799,# Just in case,[],Autotool,0,799,799
24058,xlgames-inc/xle,https://github.com/xlgames-inc/xle/blob/69cc4f2aa4faf12ed15bb4291c6992c83597899c/Foreign/Antlr-3.4/libantlr3c-3.4/aclocal.m4#L802,"# Reject unsafe characters in $srcdir or the absolute working directory
# name.  Accept space and tab only in the latter.",[],Autotool,0,802,803
24058,xlgames-inc/xle,https://github.com/xlgames-inc/xle/blob/69cc4f2aa4faf12ed15bb4291c6992c83597899c/Foreign/Antlr-3.4/libantlr3c-3.4/aclocal.m4#L819,# directory).,[],Autotool,0,819,819
24058,xlgames-inc/xle,https://github.com/xlgames-inc/xle/blob/69cc4f2aa4faf12ed15bb4291c6992c83597899c/Foreign/Antlr-3.4/libantlr3c-3.4/aclocal.m4#L823,# -L didn't work.,[],Autotool,6,823,823
24058,xlgames-inc/xle,https://github.com/xlgames-inc/xle/blob/69cc4f2aa4faf12ed15bb4291c6992c83597899c/Foreign/Antlr-3.4/libantlr3c-3.4/aclocal.m4#L841,# Ok.,[],Autotool,3,841,841
24058,xlgames-inc/xle,https://github.com/xlgames-inc/xle/blob/69cc4f2aa4faf12ed15bb4291c6992c83597899c/Foreign/Antlr-3.4/libantlr3c-3.4/aclocal.m4#L849,"# Copyright (C) 2001, 2003, 2005  Free Software Foundation, Inc.
#
# This file is free software; the Free Software Foundation
# gives unlimited permission to copy and/or distribute it,
# with or without modifications, as long as this notice is preserved.",[],Autotool,0,849,853
24058,xlgames-inc/xle,https://github.com/xlgames-inc/xle/blob/69cc4f2aa4faf12ed15bb4291c6992c83597899c/Foreign/Antlr-3.4/libantlr3c-3.4/aclocal.m4#L855,"# AM_PROG_INSTALL_STRIP
# ---------------------
# One issue with vendor `install' (even GNU) is that you can't
# specify the program used to strip binaries.  This is especially
# annoying in cross-compiling environments, where the build's strip
# is unlikely to handle the host's binaries.
# Fortunately install-sh will honor a STRIPPROG variable, so we
# always use install-sh in `make install-strip', and initialize
# STRIPPROG with the value of the STRIP variable (set by the user).",[],Autotool,0,855,863
24058,xlgames-inc/xle,https://github.com/xlgames-inc/xle/blob/69cc4f2aa4faf12ed15bb4291c6992c83597899c/Foreign/Antlr-3.4/libantlr3c-3.4/aclocal.m4#L865,dnl,[],Autotool,33,865,865
24058,xlgames-inc/xle,https://github.com/xlgames-inc/xle/blob/69cc4f2aa4faf12ed15bb4291c6992c83597899c/Foreign/Antlr-3.4/libantlr3c-3.4/aclocal.m4#L866,"# Installed binaries are usually stripped using `strip' when the user
# run `make install-strip'.  However `strip' might not be the right
# tool to use in cross-compilation environments, therefore Automake
# will honor the `STRIP' environment variable to overrule this program.",[],Autotool,0,866,869
24058,xlgames-inc/xle,https://github.com/xlgames-inc/xle/blob/69cc4f2aa4faf12ed15bb4291c6992c83597899c/Foreign/Antlr-3.4/libantlr3c-3.4/aclocal.m4#L870,"dnl Don't test for $cross_compiling = yes, because it might be `maybe'.",[],Autotool,0,870,870
24058,xlgames-inc/xle,https://github.com/xlgames-inc/xle/blob/69cc4f2aa4faf12ed15bb4291c6992c83597899c/Foreign/Antlr-3.4/libantlr3c-3.4/aclocal.m4#L877,"# Copyright (C) 2006, 2008  Free Software Foundation, Inc.
#
# This file is free software; the Free Software Foundation
# gives unlimited permission to copy and/or distribute it,
# with or without modifications, as long as this notice is preserved.",[],Autotool,0,877,881
24058,xlgames-inc/xle,https://github.com/xlgames-inc/xle/blob/69cc4f2aa4faf12ed15bb4291c6992c83597899c/Foreign/Antlr-3.4/libantlr3c-3.4/aclocal.m4#L883,# serial 2,[],Autotool,0,883,883
24058,xlgames-inc/xle,https://github.com/xlgames-inc/xle/blob/69cc4f2aa4faf12ed15bb4291c6992c83597899c/Foreign/Antlr-3.4/libantlr3c-3.4/aclocal.m4#L885,"# _AM_SUBST_NOTMAKE(VARIABLE)
# ---------------------------
# Prevent Automake from outputting VARIABLE = @VARIABLE@ in Makefile.in.
# This macro is traced by Automake.",[],Autotool,0,885,888
24058,xlgames-inc/xle,https://github.com/xlgames-inc/xle/blob/69cc4f2aa4faf12ed15bb4291c6992c83597899c/Foreign/Antlr-3.4/libantlr3c-3.4/aclocal.m4#L891,"# AM_SUBST_NOTMAKE(VARIABLE)
# ---------------------------
# Public sister of _AM_SUBST_NOTMAKE.",[],Autotool,0,891,893
24058,xlgames-inc/xle,https://github.com/xlgames-inc/xle/blob/69cc4f2aa4faf12ed15bb4291c6992c83597899c/Foreign/Antlr-3.4/libantlr3c-3.4/aclocal.m4#L896,# Check how to create a tarball.                            -*- Autoconf -*-,[],Autotool,0,896,896
24058,xlgames-inc/xle,https://github.com/xlgames-inc/xle/blob/69cc4f2aa4faf12ed15bb4291c6992c83597899c/Foreign/Antlr-3.4/libantlr3c-3.4/aclocal.m4#L898,"# Copyright (C) 2004, 2005  Free Software Foundation, Inc.
#
# This file is free software; the Free Software Foundation
# gives unlimited permission to copy and/or distribute it,
# with or without modifications, as long as this notice is preserved.",[],Autotool,0,898,902
24058,xlgames-inc/xle,https://github.com/xlgames-inc/xle/blob/69cc4f2aa4faf12ed15bb4291c6992c83597899c/Foreign/Antlr-3.4/libantlr3c-3.4/aclocal.m4#L904,# serial 2,[],Autotool,0,904,904
24058,xlgames-inc/xle,https://github.com/xlgames-inc/xle/blob/69cc4f2aa4faf12ed15bb4291c6992c83597899c/Foreign/Antlr-3.4/libantlr3c-3.4/aclocal.m4#L906,"# _AM_PROG_TAR(FORMAT)
# --------------------
# Check how to create a tarball in format FORMAT.
# FORMAT should be one of `v7', `ustar', or `pax'.
#
# Substitute a variable $(am__tar) that is a command
# writing to stdout a FORMAT-tarball containing the directory
# $tardir.
#     tardir=directory && $(am__tar) > result.tar
#
# Substitute a variable $(am__untar) that extract such
# a tarball read from stdin.
#     $(am__untar) < result.tar",[],Autotool,0,906,918
24058,xlgames-inc/xle,https://github.com/xlgames-inc/xle/blob/69cc4f2aa4faf12ed15bb4291c6992c83597899c/Foreign/Antlr-3.4/libantlr3c-3.4/aclocal.m4#L920,# Always define AMTAR for backward compatibility.,[],Autotool,1,920,920
24058,xlgames-inc/xle,https://github.com/xlgames-inc/xle/blob/69cc4f2aa4faf12ed15bb4291c6992c83597899c/Foreign/Antlr-3.4/libantlr3c-3.4/aclocal.m4#L945,"# Must skip GNU tar: if it does not support --format= it doesn't create
# ustar tarball either.",[],Autotool,4,945,946
24058,xlgames-inc/xle,https://github.com/xlgames-inc/xle/blob/69cc4f2aa4faf12ed15bb4291c6992c83597899c/Foreign/Antlr-3.4/libantlr3c-3.4/aclocal.m4#L969,"# If the value was cached, stop now.  We just wanted to have am__tar
# and am__untar set.",[],Autotool,2,969,970
24058,xlgames-inc/xle,https://github.com/xlgames-inc/xle/blob/69cc4f2aa4faf12ed15bb4291c6992c83597899c/Foreign/Antlr-3.4/libantlr3c-3.4/aclocal.m4#L973,"# tar/untar a dummy directory, and stop if the command works",[],Autotool,2,973,973
24058,xlgames-inc/xle,https://github.com/xlgames-inc/xle/blob/69cc4f2aa4faf12ed15bb4291c6992c83597899c/Foreign/Antlr-3.4/libantlr3c-3.4/aclocal.m4#L990,# _AM_PROG_TAR,[],Autotool,3,990,990
24058,xlgames-inc/xle,https://github.com/xlgames-inc/xle/blob/69cc4f2aa4faf12ed15bb4291c6992c83597899c/Foreign/FreeType/CMakeLists.txt#L1,"# CMakeLists.txt
#
# Copyright 2013, 2014 by
# David Turner, Robert Wilhelm, and Werner Lemberg.
#
# Written by John Cary <cary@txcorp.com>
#
# This file is part of the FreeType project, and may only be used, modified,
# and distributed under the terms of the FreeType project license,
# LICENSE.TXT.  By continuing to use, modify, or distribute this file you
# indicate that you have read the license and understand and accept it
# fully.
#
#
# Say
#
#   cmake CMakeLists.txt
#
# to create a Makefile that builds a static version of the library.
#
# For a dynamic library, use
#
#   cmake CMakeLists.txt -DBUILD_SHARED_LIBS:BOOL=true
#
# For a framework on OS X, use
#
#   cmake CMakeLists.txt -DBUILD_FRAMEWORK:BOOL=true -G Xcode
#
# instead.
#
# For an iOS static library, use
#
#   cmake CMakeLists.txt -DIOS_PLATFORM=OS -G Xcode
#
# or
#
#   cmake CMakeLists.txt -DIOS_PLATFORM=SIMULATOR -G Xcode
#
# Please refer to the cmake manual for further options, in particular, how
# to modify compilation and linking parameters.
#
# Some notes.
#
# . `cmake' will overwrite FreeType's original (top-level) `Makefile' file.
#
# . You can use `cmake' directly on a freshly cloned FreeType git
#   repository.
#
# . `CMakeLists.txt'  is provided as-is since it is not used by the
#   developer team.",[],CMake,0,1,50
24058,xlgames-inc/xle,https://github.com/xlgames-inc/xle/blob/69cc4f2aa4faf12ed15bb4291c6992c83597899c/Foreign/FreeType/CMakeLists.txt#L55,"# CMAKE_TOOLCHAIN_FILE must be set before `project' is called, which
# configures the base build environment and references the toolchain file",[],CMake,0,55,56
24058,xlgames-inc/xle,https://github.com/xlgames-inc/xle/blob/69cc4f2aa4faf12ed15bb4291c6992c83597899c/Foreign/FreeType/CMakeLists.txt#L77,# iOS only uses static libraries,[],CMake,4,77,77
24058,xlgames-inc/xle,https://github.com/xlgames-inc/xle/blob/69cc4f2aa4faf12ed15bb4291c6992c83597899c/Foreign/FreeType/CMakeLists.txt#L105,# Compiler definitions for building the library,[],CMake,0,105,105
24058,xlgames-inc/xle,https://github.com/xlgames-inc/xle/blob/69cc4f2aa4faf12ed15bb4291c6992c83597899c/Foreign/FreeType/CMakeLists.txt#L108,# Specify library include directories,[],CMake,0,108,108
24058,xlgames-inc/xle,https://github.com/xlgames-inc/xle/blob/69cc4f2aa4faf12ed15bb4291c6992c83597899c/Foreign/FreeType/CMakeLists.txt#L111,# Create the configuration file,[],CMake,0,111,111
24058,xlgames-inc/xle,https://github.com/xlgames-inc/xle/blob/69cc4f2aa4faf12ed15bb4291c6992c83597899c/Foreign/FreeType/CMakeLists.txt#L115,# For the auto-generated ftconfig.h file,[],CMake,0,115,115
24058,xlgames-inc/xle,https://github.com/xlgames-inc/xle/blob/69cc4f2aa4faf12ed15bb4291c6992c83597899c/Foreign/FreeType/CMakeLists.txt#L217,"# Installations
# Note the trailing slash in the argument to the `DIRECTORY' directive",[],CMake,0,217,218
24058,xlgames-inc/xle,https://github.com/xlgames-inc/xle/blob/69cc4f2aa4faf12ed15bb4291c6992c83597899c/Foreign/FreeType/CMakeLists.txt#L230,"# Packaging
# CPack version numbers for release tarball name.",[],CMake,0,230,231
24058,xlgames-inc/xle,https://github.com/xlgames-inc/xle/blob/69cc4f2aa4faf12ed15bb4291c6992c83597899c/Foreign/FreeType/CMakeLists.txt#L250,# add make dist target,[],CMake,0,250,250
24058,xlgames-inc/xle,https://github.com/xlgames-inc/xle/blob/69cc4f2aa4faf12ed15bb4291c6992c83597899c/Foreign/FreeType/CMakeLists.txt#L253,# eof,[],CMake,0,253,253
24058,xlgames-inc/xle,https://github.com/xlgames-inc/xle/blob/69cc4f2aa4faf12ed15bb4291c6992c83597899c/Foreign/cml-1_0_2/examples/CMakeLists.txt#L1,"# -*- cmake -*- -----------------------------------------------------------
# @@COPYRIGHT@@
#*-------------------------------------------------------------------------
# @file
# @brief",[],CMake,0,1,5
24058,xlgames-inc/xle,https://github.com/xlgames-inc/xle/blob/69cc4f2aa4faf12ed15bb4291c6992c83597899c/Foreign/cml-1_0_2/examples/CMakeLists.txt#L9,"# --------------------------------------------------------------------------
# vim:ft=cmake",[],CMake,0,9,10
24058,xlgames-inc/xle,https://github.com/xlgames-inc/xle/blob/69cc4f2aa4faf12ed15bb4291c6992c83597899c/Foreign/eigen/CMakeLists.txt#L5,# guard against in-source builds,[],CMake,0,5,5
24058,xlgames-inc/xle,https://github.com/xlgames-inc/xle/blob/69cc4f2aa4faf12ed15bb4291c6992c83597899c/Foreign/eigen/CMakeLists.txt#L11,# guard against bad build-type strings,[],CMake,0,11,11
24058,xlgames-inc/xle,https://github.com/xlgames-inc/xle/blob/69cc4f2aa4faf12ed15bb4291c6992c83597899c/Foreign/eigen/CMakeLists.txt#L25,"#############################################################################
# retrieve version infomation                                               #
#############################################################################",[],CMake,0,25,27
24058,xlgames-inc/xle,https://github.com/xlgames-inc/xle/blob/69cc4f2aa4faf12ed15bb4291c6992c83597899c/Foreign/eigen/CMakeLists.txt#L29,# automatically parse the version number,[],CMake,0,29,29
24058,xlgames-inc/xle,https://github.com/xlgames-inc/xle/blob/69cc4f2aa4faf12ed15bb4291c6992c83597899c/Foreign/eigen/CMakeLists.txt#L39,"# if the mercurial program is absent, this will leave the EIGEN_HG_CHANGESET string empty,
# but won't stop CMake.",[],CMake,0,39,40
24058,xlgames-inc/xle,https://github.com/xlgames-inc/xle/blob/69cc4f2aa4faf12ed15bb4291c6992c83597899c/Foreign/eigen/CMakeLists.txt#L44,"# if this is the default (aka development) branch, extract the mercurial changeset number from the hg tip output...",[],CMake,0,44,44
24058,xlgames-inc/xle,https://github.com/xlgames-inc/xle/blob/69cc4f2aa4faf12ed15bb4291c6992c83597899c/Foreign/eigen/CMakeLists.txt#L49,#...and show it next to the version number,[],CMake,0,49,49
24058,xlgames-inc/xle,https://github.com/xlgames-inc/xle/blob/69cc4f2aa4faf12ed15bb4291c6992c83597899c/Foreign/eigen/CMakeLists.txt#L61,"#############################################################################
# find how to link to the standard libraries                                #
#############################################################################",[],CMake,0,61,63
24058,xlgames-inc/xle,https://github.com/xlgames-inc/xle/blob/69cc4f2aa4faf12ed15bb4291c6992c83597899c/Foreign/eigen/CMakeLists.txt#L119,# We assume that other compilers are partly compatible with GNUCC,[],CMake,2,119,119
24058,xlgames-inc/xle,https://github.com/xlgames-inc/xle/blob/69cc4f2aa4faf12ed15bb4291c6992c83597899c/Foreign/eigen/CMakeLists.txt#L125,"# clang outputs some warnings for unknwon flags that are not caught by check_cxx_compiler_flag
# adding -Werror turns such warnings into errors",[],CMake,2,125,126
24058,xlgames-inc/xle,https://github.com/xlgames-inc/xle/blob/69cc4f2aa4faf12ed15bb4291c6992c83597899c/Foreign/eigen/CMakeLists.txt#L135,"#ei_add_cxx_compiler_flag(""-Weverything"")              # clang",[],CMake,2,135,135
24058,xlgames-inc/xle,https://github.com/xlgames-inc/xle/blob/69cc4f2aa4faf12ed15bb4291c6992c83597899c/Foreign/eigen/CMakeLists.txt#L153,"# disable ICC's ""operands are evaluated in unspecified order"" remark",[],CMake,56,153,153
24058,xlgames-inc/xle,https://github.com/xlgames-inc/xle/blob/69cc4f2aa4faf12ed15bb4291c6992c83597899c/Foreign/eigen/CMakeLists.txt#L154,"# disbale ICC's ""warning #2304: non-explicit constructor with single argument may cause implicit type conversion"" produced by -Wnon-virtual-dtor",[],CMake,56,154,154
24058,xlgames-inc/xle,https://github.com/xlgames-inc/xle/blob/69cc4f2aa4faf12ed15bb4291c6992c83597899c/Foreign/eigen/CMakeLists.txt#L156,"# The -ansi flag must be added last, otherwise it is also used as a linker flag by check_cxx_compiler_flag making it fails
# Moreover we should not set both -strict-ansi and -ansi",[],CMake,2,156,157
24058,xlgames-inc/xle,https://github.com/xlgames-inc/xle/blob/69cc4f2aa4faf12ed15bb4291c6992c83597899c/Foreign/eigen/CMakeLists.txt#L159,# disable clang warning: argument unused during compilation: '-ansi',[],CMake,56,159,159
24058,xlgames-inc/xle,https://github.com/xlgames-inc/xle/blob/69cc4f2aa4faf12ed15bb4291c6992c83597899c/Foreign/eigen/CMakeLists.txt#L222,"# C4127 - conditional expression is constant
# C4714 - marked as __forceinline not inlined (I failed to deactivate it selectively)
#         We can disable this warning in the unit tests since it is clear that it occurs
#         because we are oftentimes returning objects that have a destructor or may
#         throw exceptions - in particular in the unit tests we are throwing extra many
#         exceptions to cover indexing errors.
# C4505 - unreferenced local function has been removed (impossible to deactive selectively)",[],CMake,2,222,228
24058,xlgames-inc/xle,https://github.com/xlgames-inc/xle/blob/69cc4f2aa4faf12ed15bb4291c6992c83597899c/Foreign/eigen/CMakeLists.txt#L231,# replace all /Wx by /W4,[],CMake,2,231,231
24058,xlgames-inc/xle,https://github.com/xlgames-inc/xle/blob/69cc4f2aa4faf12ed15bb4291c6992c83597899c/Foreign/eigen/CMakeLists.txt#L246,"# arch is not supported on 64 bit systems, SSE is enabled automatically.",[],CMake,6,246,246
24058,xlgames-inc/xle,https://github.com/xlgames-inc/xle/blob/69cc4f2aa4faf12ed15bb4291c6992c83597899c/Foreign/eigen/CMakeLists.txt#L291,# the user modifiable install path for header files,[],CMake,0,291,291
24058,xlgames-inc/xle,https://github.com/xlgames-inc/xle/blob/69cc4f2aa4faf12ed15bb4291c6992c83597899c/Foreign/eigen/CMakeLists.txt#L294,"# set the internal install path for header files which depends on wether the user modifiable
# EIGEN_INCLUDE_INSTALL_DIR has been set by the user or not.",[],CMake,0,294,295
24058,xlgames-inc/xle,https://github.com/xlgames-inc/xle/blob/69cc4f2aa4faf12ed15bb4291c6992c83597899c/Foreign/eigen/CMakeLists.txt#L310,# similar to set_target_properties but append the property instead of overwriting it,[],CMake,0,310,310
24058,xlgames-inc/xle,https://github.com/xlgames-inc/xle/blob/69cc4f2aa4faf12ed15bb4291c6992c83597899c/Foreign/eigen/CMakeLists.txt#L314,"# if the property wasn't previously set, ${previous} is now ""previous-NOTFOUND"" which cmake allows catching with plain if()",[],CMake,2,314,314
24058,xlgames-inc/xle,https://github.com/xlgames-inc/xle/blob/69cc4f2aa4faf12ed15bb4291c6992c83597899c/Foreign/eigen/CMakeLists.txt#L352,"# must be called from the root CMakeLists, see man page",[],CMake,17,352,352
24058,xlgames-inc/xle,https://github.com/xlgames-inc/xle/blob/69cc4f2aa4faf12ed15bb4291c6992c83597899c/Foreign/eigen/CMakeLists.txt#L356,"# can't do EXCLUDE_FROM_ALL here, breaks CTest",[],CMake,25,356,356
24058,xlgames-inc/xle,https://github.com/xlgames-inc/xle/blob/69cc4f2aa4faf12ed15bb4291c6992c83597899c/Foreign/eigen/CMakeLists.txt#L373,"# must be after test and unsupported, for configuring buildtests.in",[],CMake,0,373,373
24058,xlgames-inc/xle,https://github.com/xlgames-inc/xle/blob/69cc4f2aa4faf12ed15bb4291c6992c83597899c/Foreign/eigen/blas/CMakeLists.txt#L54,"# can't do EXCLUDE_FROM_ALL here, breaks CTest",[],CMake,28,54,54
24058,xlgames-inc/xle,https://github.com/xlgames-inc/xle/blob/69cc4f2aa4faf12ed15bb4291c6992c83597899c/Foreign/eigen/blas/testing/CMakeLists.txt#L38,"# add_custom_target(level1)
# add_dependencies(level1 sblat1)",[],CMake,0,38,39
24058,xlgames-inc/xle,https://github.com/xlgames-inc/xle/blob/69cc4f2aa4faf12ed15bb4291c6992c83597899c/Foreign/eigen/lapack/CMakeLists.txt#L44,# Download lapack and install sources and testing at the right place,[],CMake,4,44,44
24058,xlgames-inc/xle,https://github.com/xlgames-inc/xle/blob/69cc4f2aa4faf12ed15bb4291c6992c83597899c/Foreign/eigen/lapack/CMakeLists.txt#L115,"# The following comes from lapack/TESTING/CMakeLists.txt
# Get Python",[],CMake,2,115,116
24058,xlgames-inc/xle,https://github.com/xlgames-inc/xle/blob/69cc4f2aa4faf12ed15bb4291c6992c83597899c/Foreign/eigen/lapack/CMakeLists.txt#L131,"#  string(REPLACE ""/STACK:10000000"" ""/STACK:900000000000000000""
#    CMAKE_EXE_LINKER_FLAGS ""${CMAKE_EXE_LINKER_FLAGS}"")",[],CMake,0,131,132
24058,xlgames-inc/xle,https://github.com/xlgames-inc/xle/blob/69cc4f2aa4faf12ed15bb4291c6992c83597899c/Foreign/eigen/lapack/CMakeLists.txt#L157,"#
# ======== SINGLE RFP LIN TESTS ========================",[],CMake,2,157,158
24058,xlgames-inc/xle,https://github.com/xlgames-inc/xle/blob/69cc4f2aa4faf12ed15bb4291c6992c83597899c/Foreign/eigen/lapack/CMakeLists.txt#L160,"#
#
# ======== SINGLE EIG TESTS ===========================
#",[],CMake,2,160,163
24058,xlgames-inc/xle,https://github.com/xlgames-inc/xle/blob/69cc4f2aa4faf12ed15bb4291c6992c83597899c/Foreign/eigen/lapack/CMakeLists.txt#L223,"#
# ======== DOUBLE LIN TESTS ===========================",[],CMake,2,223,224
24058,xlgames-inc/xle,https://github.com/xlgames-inc/xle/blob/69cc4f2aa4faf12ed15bb4291c6992c83597899c/Foreign/eigen/lapack/CMakeLists.txt#L226,"#
# ======== DOUBLE RFP LIN TESTS ========================",[],CMake,2,226,227
24058,xlgames-inc/xle,https://github.com/xlgames-inc/xle/blob/69cc4f2aa4faf12ed15bb4291c6992c83597899c/Foreign/eigen/lapack/CMakeLists.txt#L229,"#
# ======== DOUBLE EIG TESTS ===========================",[],CMake,2,229,230
24058,xlgames-inc/xle,https://github.com/xlgames-inc/xle/blob/69cc4f2aa4faf12ed15bb4291c6992c83597899c/Foreign/eigen/lapack/CMakeLists.txt#L291,"#
# ======== COMPLEX RFP LIN TESTS ========================",[],CMake,2,291,292
24058,xlgames-inc/xle,https://github.com/xlgames-inc/xle/blob/69cc4f2aa4faf12ed15bb4291c6992c83597899c/Foreign/eigen/lapack/CMakeLists.txt#L294,"#
# ======== COMPLEX EIG TESTS ===========================",[],CMake,2,294,295
24058,xlgames-inc/xle,https://github.com/xlgames-inc/xle/blob/69cc4f2aa4faf12ed15bb4291c6992c83597899c/Foreign/eigen/lapack/CMakeLists.txt#L355,"#
# ======== COMPLEX16 LIN TESTS ========================",[],CMake,2,355,356
24058,xlgames-inc/xle,https://github.com/xlgames-inc/xle/blob/69cc4f2aa4faf12ed15bb4291c6992c83597899c/Foreign/eigen/lapack/CMakeLists.txt#L358,"#
# ======== COMPLEX16 RFP LIN TESTS ========================",[],CMake,2,358,359
24058,xlgames-inc/xle,https://github.com/xlgames-inc/xle/blob/69cc4f2aa4faf12ed15bb4291c6992c83597899c/Foreign/eigen/lapack/CMakeLists.txt#L361,"#
# ======== COMPLEX16 EIG TESTS ===========================",[],CMake,2,361,362
24058,xlgames-inc/xle,https://github.com/xlgames-inc/xle/blob/69cc4f2aa4faf12ed15bb4291c6992c83597899c/Foreign/eigen/lapack/CMakeLists.txt#L424,"#
# ======== SINGLE-DOUBLE PROTO LIN TESTS ==============",[],CMake,2,424,425
24058,xlgames-inc/xle,https://github.com/xlgames-inc/xle/blob/69cc4f2aa4faf12ed15bb4291c6992c83597899c/Foreign/eigen/lapack/CMakeLists.txt#L433,"#
# ======== COMPLEX-COMPLEX16 LIN TESTS ========================",[],CMake,2,433,434
24058,xlgames-inc/xle,https://github.com/xlgames-inc/xle/blob/69cc4f2aa4faf12ed15bb4291c6992c83597899c/Foreign/eigen/lapack/CMakeLists.txt#L439,# ==============================================================================,[],CMake,2,439,439
24058,xlgames-inc/xle,https://github.com/xlgames-inc/xle/blob/69cc4f2aa4faf12ed15bb4291c6992c83597899c/Foreign/tinyxml2-master/CMakeLists.txt#L6,#enable_testing(),[],CMake,0,6,6
24058,xlgames-inc/xle,https://github.com/xlgames-inc/xle/blob/69cc4f2aa4faf12ed15bb4291c6992c83597899c/Foreign/tinyxml2-master/CMakeLists.txt#L8,#CMAKE_BUILD_TOOL,[],CMake,0,8,8
24058,xlgames-inc/xle,https://github.com/xlgames-inc/xle/blob/69cc4f2aa4faf12ed15bb4291c6992c83597899c/Foreign/tinyxml2-master/CMakeLists.txt#L10,"################################
# set lib version here",[],CMake,0,10,11
24058,xlgames-inc/xle,https://github.com/xlgames-inc/xle/blob/69cc4f2aa4faf12ed15bb4291c6992c83597899c/Foreign/tinyxml2-master/CMakeLists.txt#L17,"################################
# Add common source ",[],CMake,0,17,18
24058,xlgames-inc/xle,https://github.com/xlgames-inc/xle/blob/69cc4f2aa4faf12ed15bb4291c6992c83597899c/Foreign/tinyxml2-master/CMakeLists.txt#L22,"################################
# Add custom target to copy all data",[],CMake,0,22,23
24058,xlgames-inc/xle,https://github.com/xlgames-inc/xle/blob/69cc4f2aa4faf12ed15bb4291c6992c83597899c/Foreign/tinyxml2-master/CMakeLists.txt#L40,"################################
# Add definitions",[],CMake,0,40,41
24058,xlgames-inc/xle,https://github.com/xlgames-inc/xle/blob/69cc4f2aa4faf12ed15bb4291c6992c83597899c/Foreign/tinyxml2-master/CMakeLists.txt#L47,"################################
# Add targets",[],CMake,0,47,48
24058,xlgames-inc/xle,https://github.com/xlgames-inc/xle/blob/69cc4f2aa4faf12ed15bb4291c6992c83597899c/Foreign/tinyxml2-master/CMakeLists.txt#L88,#add_test(test ${SAMPLE_NAME} COMMAND $<TARGET_FILE:${SAMPLE_NAME}>),[],CMake,0,88,88
24058,xlgames-inc/xle,https://github.com/xlgames-inc/xle/blob/69cc4f2aa4faf12ed15bb4291c6992c83597899c/Foreign/FreeType/builds/cmake/iOS.cmake#L1,"# iOS.cmake
#
# Copyright 2014 by
# David Turner, Robert Wilhelm, and Werner Lemberg.
#
# Written by David Wimsey <david@wimsey.us>
#
# This file is part of the FreeType project, and may only be used, modified,
# and distributed under the terms of the FreeType project license,
# LICENSE.TXT.  By continuing to use, modify, or distribute this file you
# indicate that you have read the license and understand and accept it
# fully.
#
#
# This file is derived from the files `Platform/Darwin.cmake' and
# `Platform/UnixPaths.cmake', which are part of CMake 2.8.4.  It has been
# altered for iOS development.",[],CMake,0,1,17
24058,xlgames-inc/xle,https://github.com/xlgames-inc/xle/blob/69cc4f2aa4faf12ed15bb4291c6992c83597899c/Foreign/FreeType/builds/cmake/iOS.cmake#L20,"# Options
# -------
#
#   IOS_PLATFORM = OS | SIMULATOR
#
#     This decides whether SDKS are selected from the `iPhoneOS.platform' or
#     `iPhoneSimulator.platform' folders.
#
#     OS - the default, used to build for iPhone and iPad physical devices,
#       which have an ARM architecture.
#     SIMULATOR - used to build for the Simulator platforms, which have an
#       x86 architecture.
#
#   CMAKE_IOS_DEVELOPER_ROOT = /path/to/platform/Developer folder
#
#     By default, this location is automatically chosen based on the
#     IOS_PLATFORM value above.  If you manually set this variable, it
#     overrides the default location and forces the use of a particular
#     Developer Platform.
#
#   CMAKE_IOS_SDK_ROOT = /path/to/platform/Developer/SDKs/SDK folder
#
#     By default, this location is automatically chosen based on the
#     CMAKE_IOS_DEVELOPER_ROOT value.  In this case it is always the most
#     up-to-date SDK found in the CMAKE_IOS_DEVELOPER_ROOT path.  If you
#     manually set this variable, it forces the use of a specific SDK
#     version.
#
#
# Macros
# ------
#
#   set_xcode_property (TARGET XCODE_PROPERTY XCODE_VALUE)
#
#     A convenience macro for setting Xcode specific properties on targets.
#
#     Example:
#
#       set_xcode_property(myioslib IPHONEOS_DEPLOYMENT_TARGET ""3.1"")
#
#   find_host_package (PROGRAM ARGS)
#
#     A macro to find executable programs on the host system, not within the
#     iOS environment.  Thanks to the `android-cmake' project for providing
#     the command.",[],CMake,0,20,64
24058,xlgames-inc/xle,https://github.com/xlgames-inc/xle/blob/69cc4f2aa4faf12ed15bb4291c6992c83597899c/Foreign/FreeType/builds/cmake/iOS.cmake#L67,# standard settings,[],CMake,0,67,67
24058,xlgames-inc/xle,https://github.com/xlgames-inc/xle/blob/69cc4f2aa4faf12ed15bb4291c6992c83597899c/Foreign/FreeType/builds/cmake/iOS.cmake#L74,# required as of cmake 2.8.10,[],CMake,0,74,74
24058,xlgames-inc/xle,https://github.com/xlgames-inc/xle/blob/69cc4f2aa4faf12ed15bb4291c6992c83597899c/Foreign/FreeType/builds/cmake/iOS.cmake#L79,"# determine the cmake host system version so we know where to find the iOS
# SDKs",[],CMake,0,79,80
24058,xlgames-inc/xle,https://github.com/xlgames-inc/xle/blob/69cc4f2aa4faf12ed15bb4291c6992c83597899c/Foreign/FreeType/builds/cmake/iOS.cmake#L88,# force the compilers to gcc for iOS,[],CMake,0,88,88
24058,xlgames-inc/xle,https://github.com/xlgames-inc/xle/blob/69cc4f2aa4faf12ed15bb4291c6992c83597899c/Foreign/FreeType/builds/cmake/iOS.cmake#L93,# skip the platform compiler checks for cross compiling,[],CMake,0,93,93
24058,xlgames-inc/xle,https://github.com/xlgames-inc/xle/blob/69cc4f2aa4faf12ed15bb4291c6992c83597899c/Foreign/FreeType/builds/cmake/iOS.cmake#L97,# all iOS/Darwin specific settings - some may be redundant,[],CMake,0,97,97
24058,xlgames-inc/xle,https://github.com/xlgames-inc/xle/blob/69cc4f2aa4faf12ed15bb4291c6992c83597899c/Foreign/FreeType/builds/cmake/iOS.cmake#L114,# hidden visibility is required for cxx on iOS,[],CMake,0,114,114
24058,xlgames-inc/xle,https://github.com/xlgames-inc/xle/blob/69cc4f2aa4faf12ed15bb4291c6992c83597899c/Foreign/FreeType/builds/cmake/iOS.cmake#L146,# set up iOS platform unless specified manually with IOS_PLATFORM,[],CMake,0,146,146
24058,xlgames-inc/xle,https://github.com/xlgames-inc/xle/blob/69cc4f2aa4faf12ed15bb4291c6992c83597899c/Foreign/FreeType/builds/cmake/iOS.cmake#L153,# check the platform selection and setup for developer root,[],CMake,0,153,153
24058,xlgames-inc/xle,https://github.com/xlgames-inc/xle/blob/69cc4f2aa4faf12ed15bb4291c6992c83597899c/Foreign/FreeType/builds/cmake/iOS.cmake#L157,# this causes the installers to properly locate the output libraries,[],CMake,2,157,157
24058,xlgames-inc/xle,https://github.com/xlgames-inc/xle/blob/69cc4f2aa4faf12ed15bb4291c6992c83597899c/Foreign/FreeType/builds/cmake/iOS.cmake#L163,# this causes the installers to properly locate the output libraries,[],CMake,2,163,163
24058,xlgames-inc/xle,https://github.com/xlgames-inc/xle/blob/69cc4f2aa4faf12ed15bb4291c6992c83597899c/Foreign/FreeType/builds/cmake/iOS.cmake#L172,"# set up iOS developer location unless specified manually with
# CMAKE_IOS_DEVELOPER_ROOT --
# note that Xcode 4.3 changed the installation location; choose the most
# recent one available",[],CMake,0,172,175
24058,xlgames-inc/xle,https://github.com/xlgames-inc/xle/blob/69cc4f2aa4faf12ed15bb4291c6992c83597899c/Foreign/FreeType/builds/cmake/iOS.cmake#L193,"# find and use the most recent iOS SDK unless specified manually with
# CMAKE_IOS_SDK_ROOT",[],CMake,0,193,194
24058,xlgames-inc/xle,https://github.com/xlgames-inc/xle/blob/69cc4f2aa4faf12ed15bb4291c6992c83597899c/Foreign/FreeType/builds/cmake/iOS.cmake#L213,# set the sysroot default to the most recent SDK,[],CMake,0,213,213
24058,xlgames-inc/xle,https://github.com/xlgames-inc/xle/blob/69cc4f2aa4faf12ed15bb4291c6992c83597899c/Foreign/FreeType/builds/cmake/iOS.cmake#L218,"# set the architecture for iOS --
# note that currently both ARCHS_STANDARD_32_BIT and
# ARCHS_UNIVERSAL_IPHONE_OS set armv7 only, so set both manually",[],CMake,0,218,220
24058,xlgames-inc/xle,https://github.com/xlgames-inc/xle/blob/69cc4f2aa4faf12ed15bb4291c6992c83597899c/Foreign/FreeType/builds/cmake/iOS.cmake#L231,# set the find root to the iOS developer roots and to user defined paths,[],CMake,0,231,231
24058,xlgames-inc/xle,https://github.com/xlgames-inc/xle/blob/69cc4f2aa4faf12ed15bb4291c6992c83597899c/Foreign/FreeType/builds/cmake/iOS.cmake#L239,# default to searching for frameworks first,[],CMake,0,239,239
24058,xlgames-inc/xle,https://github.com/xlgames-inc/xle/blob/69cc4f2aa4faf12ed15bb4291c6992c83597899c/Foreign/FreeType/builds/cmake/iOS.cmake#L242,# set up the default search directories for frameworks,[],CMake,0,242,242
24058,xlgames-inc/xle,https://github.com/xlgames-inc/xle/blob/69cc4f2aa4faf12ed15bb4291c6992c83597899c/Foreign/FreeType/builds/cmake/iOS.cmake#L249,"# only search the iOS SDKs, not the remainder of the host filesystem",[],CMake,0,249,249
24058,xlgames-inc/xle,https://github.com/xlgames-inc/xle/blob/69cc4f2aa4faf12ed15bb4291c6992c83597899c/Foreign/FreeType/builds/cmake/iOS.cmake#L254,# this little macro lets you set any Xcode specific property,[],CMake,0,254,254
24058,xlgames-inc/xle,https://github.com/xlgames-inc/xle/blob/69cc4f2aa4faf12ed15bb4291c6992c83597899c/Foreign/FreeType/builds/cmake/iOS.cmake#L260,# this macro lets you find executable programs on the host system,[],CMake,0,260,260
24058,xlgames-inc/xle,https://github.com/xlgames-inc/xle/blob/69cc4f2aa4faf12ed15bb4291c6992c83597899c/Foreign/FreeType/builds/cmake/iOS.cmake#L275,# eof,[],CMake,0,275,275
24058,xlgames-inc/xle,https://github.com/xlgames-inc/xle/blob/69cc4f2aa4faf12ed15bb4291c6992c83597899c/Foreign/cml-1_0_2/CMLConfig.cmake#L1,"# -*- cmake -*- -----------------------------------------------------------
# @@
#*-------------------------------------------------------------------------
# @file
# @brief",[],CMake,0,1,5
24058,xlgames-inc/xle,https://github.com/xlgames-inc/xle/blob/69cc4f2aa4faf12ed15bb4291c6992c83597899c/Foreign/cml-1_0_2/CMLConfig.cmake#L7,"# The path to CMLConfig.cmake, set by FIND_PACKAGE(CML):",[],CMake,0,7,7
24058,xlgames-inc/xle,https://github.com/xlgames-inc/xle/blob/69cc4f2aa4faf12ed15bb4291c6992c83597899c/Foreign/cml-1_0_2/CMLConfig.cmake#L10,# Compute CML_INSTALL_DIR from CML_DIR:,[],CMake,2,10,10
24058,xlgames-inc/xle,https://github.com/xlgames-inc/xle/blob/69cc4f2aa4faf12ed15bb4291c6992c83597899c/Foreign/cml-1_0_2/CMLConfig.cmake#L13,"# On Windows, CMLConfig.cmake is in <install>:",[],CMake,4,13,13
24058,xlgames-inc/xle,https://github.com/xlgames-inc/xle/blob/69cc4f2aa4faf12ed15bb4291c6992c83597899c/Foreign/cml-1_0_2/CMLConfig.cmake#L17,"# On UNIX, includes are in <install>/include/cml and libraries are in
# <install>/lib/cml:",[],CMake,4,17,18
24058,xlgames-inc/xle,https://github.com/xlgames-inc/xle/blob/69cc4f2aa4faf12ed15bb4291c6992c83597899c/Foreign/cml-1_0_2/CMLConfig.cmake#L22,"# Use the configured relative paths when CML was built to
# initialize the library and Boost header paths:",[],CMake,2,22,23
24058,xlgames-inc/xle,https://github.com/xlgames-inc/xle/blob/69cc4f2aa4faf12ed15bb4291c6992c83597899c/Foreign/cml-1_0_2/CMLConfig.cmake#L30,# The configured build type for this installation:,[],CMake,0,30,30
24058,xlgames-inc/xle,https://github.com/xlgames-inc/xle/blob/69cc4f2aa4faf12ed15bb4291c6992c83597899c/Foreign/cml-1_0_2/CMLConfig.cmake#L33,# File included from CMakeLists.txt to setup CML:,[],CMake,0,33,33
24058,xlgames-inc/xle,https://github.com/xlgames-inc/xle/blob/69cc4f2aa4faf12ed15bb4291c6992c83597899c/Foreign/cml-1_0_2/CMLConfig.cmake#L41,# Setup variables for external builds against CML:,[],CMake,0,41,41
24058,xlgames-inc/xle,https://github.com/xlgames-inc/xle/blob/69cc4f2aa4faf12ed15bb4291c6992c83597899c/Foreign/cml-1_0_2/CMLConfig.cmake#L45,"# --------------------------------------------------------------------------
# vim:ft=cmake",[],CMake,0,45,46
24058,xlgames-inc/xle,https://github.com/xlgames-inc/xle/blob/69cc4f2aa4faf12ed15bb4291c6992c83597899c/Foreign/cml-1_0_2/UseCML.cmake#L1,"# -*- cmake -*- -----------------------------------------------------------
# @@
#*-------------------------------------------------------------------------
# @file
# @brief",[],CMake,0,1,5
24058,xlgames-inc/xle,https://github.com/xlgames-inc/xle/blob/69cc4f2aa4faf12ed15bb4291c6992c83597899c/Foreign/cml-1_0_2/UseCML.cmake#L7,# Build settings to use CML in an external project.,[],CMake,0,7,7
24058,xlgames-inc/xle,https://github.com/xlgames-inc/xle/blob/69cc4f2aa4faf12ed15bb4291c6992c83597899c/Foreign/cml-1_0_2/UseCML.cmake#L9,# Load the original settings used to build CML:,[],CMake,0,9,9
24058,xlgames-inc/xle,https://github.com/xlgames-inc/xle/blob/69cc4f2aa4faf12ed15bb4291c6992c83597899c/Foreign/cml-1_0_2/UseCML.cmake#L15,# Setup include paths:,[],CMake,0,15,15
24058,xlgames-inc/xle,https://github.com/xlgames-inc/xle/blob/69cc4f2aa4faf12ed15bb4291c6992c83597899c/Foreign/cml-1_0_2/UseCML.cmake#L18,"# --------------------------------------------------------------------------
# vim:ft=cmake",[],CMake,0,18,19
24058,xlgames-inc/xle,https://github.com/xlgames-inc/xle/blob/69cc4f2aa4faf12ed15bb4291c6992c83597899c/Foreign/eigen/CTestConfig.cmake#L1,"## This file should be placed in the root directory of your project.
## Then modify the CMakeLists.txt file in the root directory of your
## project to incorporate the testing dashboard.
## # The following are required to uses Dart and the Cdash dashboard
##   ENABLE_TESTING()
##   INCLUDE(CTest)",[],CMake,0,1,6
