repoIndex,repoName,linkLocation,comment,keywords,buildSysteminFile,charPosition,startLine,endLine
24071,megaglest/megaglest-source,https://github.com/megaglest/megaglest-source/blob/08cf0c49fb1d7cfd0740abf7a59970573cf70d56/source/shared_lib/sources/libircclient/configure.in#L1,"#                                               -*- Autoconf -*-
# Process this file with autoconf to produce a configure script.",[],Autotool,0,1,2
24071,megaglest/megaglest-source,https://github.com/megaglest/megaglest-source/blob/08cf0c49fb1d7cfd0740abf7a59970573cf70d56/source/shared_lib/sources/libircclient/configure.in#L9,# Check for command-line,[],Autotool,0,9,9
24071,megaglest/megaglest-source,https://github.com/megaglest/megaglest-source/blob/08cf0c49fb1d7cfd0740abf7a59970573cf70d56/source/shared_lib/sources/libircclient/configure.in#L28,# Checks for programs.,[],Autotool,0,28,28
24071,megaglest/megaglest-source,https://github.com/megaglest/megaglest-source/blob/08cf0c49fb1d7cfd0740abf7a59970573cf70d56/source/shared_lib/sources/libircclient/configure.in#L34,# Checks for header files.,[],Autotool,0,34,34
24071,megaglest/megaglest-source,https://github.com/megaglest/megaglest-source/blob/08cf0c49fb1d7cfd0740abf7a59970573cf70d56/source/shared_lib/sources/libircclient/configure.in#L37,"# Checks for typedefs, structures, and compiler characteristics.",[],Autotool,0,37,37
24071,megaglest/megaglest-source,https://github.com/megaglest/megaglest-source/blob/08cf0c49fb1d7cfd0740abf7a59970573cf70d56/source/shared_lib/sources/libircclient/configure.in#L43,# Checks for library functions.,[],Autotool,0,43,43
24071,megaglest/megaglest-source,https://github.com/megaglest/megaglest-source/blob/08cf0c49fb1d7cfd0740abf7a59970573cf70d56/source/shared_lib/sources/libircclient/build/source/libircclient/configure.in#L1,"#                                               -*- Autoconf -*-
# Process this file with autoconf to produce a configure script.",[],Autotool,0,1,2
24071,megaglest/megaglest-source,https://github.com/megaglest/megaglest-source/blob/08cf0c49fb1d7cfd0740abf7a59970573cf70d56/source/shared_lib/sources/libircclient/build/source/libircclient/configure.in#L9,# Check for command-line,[],Autotool,0,9,9
24071,megaglest/megaglest-source,https://github.com/megaglest/megaglest-source/blob/08cf0c49fb1d7cfd0740abf7a59970573cf70d56/source/shared_lib/sources/libircclient/build/source/libircclient/configure.in#L28,# Checks for programs.,[],Autotool,0,28,28
24071,megaglest/megaglest-source,https://github.com/megaglest/megaglest-source/blob/08cf0c49fb1d7cfd0740abf7a59970573cf70d56/source/shared_lib/sources/libircclient/build/source/libircclient/configure.in#L34,# Checks for header files.,[],Autotool,0,34,34
24071,megaglest/megaglest-source,https://github.com/megaglest/megaglest-source/blob/08cf0c49fb1d7cfd0740abf7a59970573cf70d56/source/shared_lib/sources/libircclient/build/source/libircclient/configure.in#L37,"# Checks for typedefs, structures, and compiler characteristics.",[],Autotool,0,37,37
24071,megaglest/megaglest-source,https://github.com/megaglest/megaglest-source/blob/08cf0c49fb1d7cfd0740abf7a59970573cf70d56/source/shared_lib/sources/libircclient/build/source/libircclient/configure.in#L43,# Checks for library functions.,[],Autotool,0,43,43
24071,megaglest/megaglest-source,https://github.com/megaglest/megaglest-source/blob/08cf0c49fb1d7cfd0740abf7a59970573cf70d56/source/shared_lib/sources/libircclient/build/source/libircclient/examples/Makefile.in#L1,# $Id: Makefile.in 42 2004-10-10 16:16:15Z gyunaev $,[],Autotool,0,1,1
24071,megaglest/megaglest-source,https://github.com/megaglest/megaglest-source/blob/08cf0c49fb1d7cfd0740abf7a59970573cf70d56/source/shared_lib/sources/libircclient/build/source/libircclient/src/Makefile.in#L1,# $Id: Makefile.in 84 2009-01-10 01:37:29Z chromerium $,[],Autotool,0,1,1
24071,megaglest/megaglest-source,https://github.com/megaglest/megaglest-source/blob/08cf0c49fb1d7cfd0740abf7a59970573cf70d56/source/shared_lib/sources/libircclient/examples/Makefile.in#L1,# $Id: Makefile.in 42 2004-10-10 16:16:15Z gyunaev $,[],Autotool,0,1,1
24071,megaglest/megaglest-source,https://github.com/megaglest/megaglest-source/blob/08cf0c49fb1d7cfd0740abf7a59970573cf70d56/source/shared_lib/sources/libircclient/src/Makefile.in#L1,# $Id: Makefile.in 84 2009-01-10 01:37:29Z chromerium $,[],Autotool,0,1,1
24071,megaglest/megaglest-source,https://github.com/megaglest/megaglest-source/blob/08cf0c49fb1d7cfd0740abf7a59970573cf70d56/source/shared_lib/sources/platform/miniupnpc/Makefile.in#L1,"# Makefile.in generated by automake 1.11 from Makefile.am.
# @configure_input@",[],Autotool,0,1,2
24071,megaglest/megaglest-source,https://github.com/megaglest/megaglest-source/blob/08cf0c49fb1d7cfd0740abf7a59970573cf70d56/source/shared_lib/sources/platform/miniupnpc/Makefile.in#L4,"# Copyright (C) 1994, 1995, 1996, 1997, 1998, 1999, 2000, 2001, 2002,
# 2003, 2004, 2005, 2006, 2007, 2008, 2009  Free Software Foundation,
# Inc.
# This Makefile.in is free software; the Free Software Foundation
# gives unlimited permission to copy and/or distribute it,
# with or without modifications, as long as this notice is preserved.",[],Autotool,0,4,9
24071,megaglest/megaglest-source,https://github.com/megaglest/megaglest-source/blob/08cf0c49fb1d7cfd0740abf7a59970573cf70d56/source/shared_lib/sources/platform/miniupnpc/Makefile.in#L11,"# This program is distributed in the hope that it will be useful,
# but WITHOUT ANY WARRANTY, to the extent permitted by law; without
# even the implied warranty of MERCHANTABILITY or FITNESS FOR A
# PARTICULAR PURPOSE.",[],Autotool,0,11,14
24071,megaglest/megaglest-source,https://github.com/megaglest/megaglest-source/blob/08cf0c49fb1d7cfd0740abf7a59970573cf70d56/source/shared_lib/sources/platform/miniupnpc/Makefile.in#L378,# -gt 0; then \,[],Autotool,13,378,378
24071,megaglest/megaglest-source,https://github.com/megaglest/megaglest-source/blob/08cf0c49fb1d7cfd0740abf7a59970573cf70d56/source/shared_lib/sources/platform/miniupnpc/Makefile.in#L551,"# Tell versions [3.59,3.63) of GNU make to not export all variables.
# Otherwise a system limit (for SysV at least) may be exceeded.",[],Autotool,0,551,552
24071,megaglest/megaglest-source,https://github.com/megaglest/megaglest-source/blob/08cf0c49fb1d7cfd0740abf7a59970573cf70d56/source/shared_lib/sources/libircclient/build/source/libircclient/include/config.h.in#L1,/* include/config.h.in.  Generated from configure.in by autoheader.  */,[],Autotool,0,1,1
24071,megaglest/megaglest-source,https://github.com/megaglest/megaglest-source/blob/08cf0c49fb1d7cfd0740abf7a59970573cf70d56/source/shared_lib/sources/libircclient/build/source/libircclient/include/config.h.in#L3,/* Define to 1 if you have the `getaddrinfo' function. */,[],Autotool,0,3,3
24071,megaglest/megaglest-source,https://github.com/megaglest/megaglest-source/blob/08cf0c49fb1d7cfd0740abf7a59970573cf70d56/source/shared_lib/sources/libircclient/build/source/libircclient/include/config.h.in#L6,/* Define to 1 if you have the `gethostbyname_r' function. */,[],Autotool,0,6,6
24071,megaglest/megaglest-source,https://github.com/megaglest/megaglest-source/blob/08cf0c49fb1d7cfd0740abf7a59970573cf70d56/source/shared_lib/sources/libircclient/build/source/libircclient/include/config.h.in#L9,/* Define to 1 if you have the `inet_ntoa' function. */,[],Autotool,0,9,9
24071,megaglest/megaglest-source,https://github.com/megaglest/megaglest-source/blob/08cf0c49fb1d7cfd0740abf7a59970573cf70d56/source/shared_lib/sources/libircclient/build/source/libircclient/include/config.h.in#L12,/* Define to 1 if you have the `inet_pton' function. */,[],Autotool,0,12,12
24071,megaglest/megaglest-source,https://github.com/megaglest/megaglest-source/blob/08cf0c49fb1d7cfd0740abf7a59970573cf70d56/source/shared_lib/sources/libircclient/build/source/libircclient/include/config.h.in#L15,/* Define to 1 if you have the <inttypes.h> header file. */,[],Autotool,0,15,15
24071,megaglest/megaglest-source,https://github.com/megaglest/megaglest-source/blob/08cf0c49fb1d7cfd0740abf7a59970573cf70d56/source/shared_lib/sources/libircclient/build/source/libircclient/include/config.h.in#L18,/* Define to 1 if you have the `localtime_r' function. */,[],Autotool,0,18,18
24071,megaglest/megaglest-source,https://github.com/megaglest/megaglest-source/blob/08cf0c49fb1d7cfd0740abf7a59970573cf70d56/source/shared_lib/sources/libircclient/build/source/libircclient/include/config.h.in#L21,"/* Define to 1 if your system has a GNU libc compatible `malloc' function, and
   to 0 otherwise. */",[],Autotool,0,21,22
24071,megaglest/megaglest-source,https://github.com/megaglest/megaglest-source/blob/08cf0c49fb1d7cfd0740abf7a59970573cf70d56/source/shared_lib/sources/libircclient/build/source/libircclient/include/config.h.in#L25,/* Define to 1 if you have the <memory.h> header file. */,[],Autotool,0,25,25
24071,megaglest/megaglest-source,https://github.com/megaglest/megaglest-source/blob/08cf0c49fb1d7cfd0740abf7a59970573cf70d56/source/shared_lib/sources/libircclient/build/source/libircclient/include/config.h.in#L28,/* Define to 1 if you have the `socket' function. */,[],Autotool,0,28,28
24071,megaglest/megaglest-source,https://github.com/megaglest/megaglest-source/blob/08cf0c49fb1d7cfd0740abf7a59970573cf70d56/source/shared_lib/sources/libircclient/build/source/libircclient/include/config.h.in#L31,"/* Define to 1 if `stat' has the bug that it succeeds when given the
   zero-length file name argument. */",[],Autotool,0,31,32
24071,megaglest/megaglest-source,https://github.com/megaglest/megaglest-source/blob/08cf0c49fb1d7cfd0740abf7a59970573cf70d56/source/shared_lib/sources/libircclient/build/source/libircclient/include/config.h.in#L35,/* Define to 1 if stdbool.h conforms to C99. */,[],Autotool,0,35,35
24071,megaglest/megaglest-source,https://github.com/megaglest/megaglest-source/blob/08cf0c49fb1d7cfd0740abf7a59970573cf70d56/source/shared_lib/sources/libircclient/build/source/libircclient/include/config.h.in#L38,/* Define to 1 if you have the <stdint.h> header file. */,[],Autotool,0,38,38
24071,megaglest/megaglest-source,https://github.com/megaglest/megaglest-source/blob/08cf0c49fb1d7cfd0740abf7a59970573cf70d56/source/shared_lib/sources/libircclient/build/source/libircclient/include/config.h.in#L41,/* Define to 1 if you have the <stdlib.h> header file. */,[],Autotool,0,41,41
24071,megaglest/megaglest-source,https://github.com/megaglest/megaglest-source/blob/08cf0c49fb1d7cfd0740abf7a59970573cf70d56/source/shared_lib/sources/libircclient/build/source/libircclient/include/config.h.in#L44,/* Define to 1 if you have the <strings.h> header file. */,[],Autotool,0,44,44
24071,megaglest/megaglest-source,https://github.com/megaglest/megaglest-source/blob/08cf0c49fb1d7cfd0740abf7a59970573cf70d56/source/shared_lib/sources/libircclient/build/source/libircclient/include/config.h.in#L47,/* Define to 1 if you have the <string.h> header file. */,[],Autotool,0,47,47
24071,megaglest/megaglest-source,https://github.com/megaglest/megaglest-source/blob/08cf0c49fb1d7cfd0740abf7a59970573cf70d56/source/shared_lib/sources/libircclient/build/source/libircclient/include/config.h.in#L50,/* Define to 1 if you have the <sys/select.h> header file. */,[],Autotool,0,50,50
24071,megaglest/megaglest-source,https://github.com/megaglest/megaglest-source/blob/08cf0c49fb1d7cfd0740abf7a59970573cf70d56/source/shared_lib/sources/libircclient/build/source/libircclient/include/config.h.in#L53,/* Define to 1 if you have the <sys/socket.h> header file. */,[],Autotool,0,53,53
24071,megaglest/megaglest-source,https://github.com/megaglest/megaglest-source/blob/08cf0c49fb1d7cfd0740abf7a59970573cf70d56/source/shared_lib/sources/libircclient/build/source/libircclient/include/config.h.in#L56,/* Define to 1 if you have the <sys/stat.h> header file. */,[],Autotool,0,56,56
24071,megaglest/megaglest-source,https://github.com/megaglest/megaglest-source/blob/08cf0c49fb1d7cfd0740abf7a59970573cf70d56/source/shared_lib/sources/libircclient/build/source/libircclient/include/config.h.in#L59,/* Define to 1 if you have the <sys/types.h> header file. */,[],Autotool,0,59,59
24071,megaglest/megaglest-source,https://github.com/megaglest/megaglest-source/blob/08cf0c49fb1d7cfd0740abf7a59970573cf70d56/source/shared_lib/sources/libircclient/build/source/libircclient/include/config.h.in#L62,/* Define to 1 if you have the <unistd.h> header file. */,[],Autotool,0,62,62
24071,megaglest/megaglest-source,https://github.com/megaglest/megaglest-source/blob/08cf0c49fb1d7cfd0740abf7a59970573cf70d56/source/shared_lib/sources/libircclient/build/source/libircclient/include/config.h.in#L65,/* Define to 1 if the system has the type `_Bool'. */,[],Autotool,0,65,65
24071,megaglest/megaglest-source,https://github.com/megaglest/megaglest-source/blob/08cf0c49fb1d7cfd0740abf7a59970573cf70d56/source/shared_lib/sources/libircclient/build/source/libircclient/include/config.h.in#L68,"/* Define to 1 if `lstat' dereferences a symlink specified with a trailing
   slash. */",[],Autotool,0,68,69
24071,megaglest/megaglest-source,https://github.com/megaglest/megaglest-source/blob/08cf0c49fb1d7cfd0740abf7a59970573cf70d56/source/shared_lib/sources/libircclient/build/source/libircclient/include/config.h.in#L72,/* Define to the address where bug reports for this package should be sent. */,[],Autotool,0,72,72
24071,megaglest/megaglest-source,https://github.com/megaglest/megaglest-source/blob/08cf0c49fb1d7cfd0740abf7a59970573cf70d56/source/shared_lib/sources/libircclient/build/source/libircclient/include/config.h.in#L75,/* Define to the full name of this package. */,[],Autotool,0,75,75
24071,megaglest/megaglest-source,https://github.com/megaglest/megaglest-source/blob/08cf0c49fb1d7cfd0740abf7a59970573cf70d56/source/shared_lib/sources/libircclient/build/source/libircclient/include/config.h.in#L78,/* Define to the full name and version of this package. */,[],Autotool,0,78,78
24071,megaglest/megaglest-source,https://github.com/megaglest/megaglest-source/blob/08cf0c49fb1d7cfd0740abf7a59970573cf70d56/source/shared_lib/sources/libircclient/build/source/libircclient/include/config.h.in#L81,/* Define to the one symbol short name of this package. */,[],Autotool,0,81,81
24071,megaglest/megaglest-source,https://github.com/megaglest/megaglest-source/blob/08cf0c49fb1d7cfd0740abf7a59970573cf70d56/source/shared_lib/sources/libircclient/build/source/libircclient/include/config.h.in#L84,/* Define to the version of this package. */,[],Autotool,0,84,84
24071,megaglest/megaglest-source,https://github.com/megaglest/megaglest-source/blob/08cf0c49fb1d7cfd0740abf7a59970573cf70d56/source/shared_lib/sources/libircclient/build/source/libircclient/include/config.h.in#L87,/* Define to the type of arg 1 for `select'. */,[],Autotool,0,87,87
24071,megaglest/megaglest-source,https://github.com/megaglest/megaglest-source/blob/08cf0c49fb1d7cfd0740abf7a59970573cf70d56/source/shared_lib/sources/libircclient/build/source/libircclient/include/config.h.in#L90,"/* Define to the type of args 2, 3 and 4 for `select'. */",[],Autotool,0,90,90
24071,megaglest/megaglest-source,https://github.com/megaglest/megaglest-source/blob/08cf0c49fb1d7cfd0740abf7a59970573cf70d56/source/shared_lib/sources/libircclient/build/source/libircclient/include/config.h.in#L93,/* Define to the type of arg 5 for `select'. */,[],Autotool,0,93,93
24071,megaglest/megaglest-source,https://github.com/megaglest/megaglest-source/blob/08cf0c49fb1d7cfd0740abf7a59970573cf70d56/source/shared_lib/sources/libircclient/build/source/libircclient/include/config.h.in#L96,/* Define to 1 if you have the ANSI C header files. */,[],Autotool,0,96,96
24071,megaglest/megaglest-source,https://github.com/megaglest/megaglest-source/blob/08cf0c49fb1d7cfd0740abf7a59970573cf70d56/source/shared_lib/sources/libircclient/build/source/libircclient/include/config.h.in#L99,/* Define to 1 if you can safely include both <sys/time.h> and <time.h>. */,[],Autotool,0,99,99
24071,megaglest/megaglest-source,https://github.com/megaglest/megaglest-source/blob/08cf0c49fb1d7cfd0740abf7a59970573cf70d56/source/shared_lib/sources/libircclient/build/source/libircclient/include/config.h.in#L102,/* Define to empty if `const' does not conform to ANSI C. */,[],Autotool,0,102,102
24071,megaglest/megaglest-source,https://github.com/megaglest/megaglest-source/blob/08cf0c49fb1d7cfd0740abf7a59970573cf70d56/source/shared_lib/sources/libircclient/build/source/libircclient/include/config.h.in#L105,/* Define to rpl_malloc if the replacement function should be used. */,[],Autotool,0,105,105
24071,megaglest/megaglest-source,https://github.com/megaglest/megaglest-source/blob/08cf0c49fb1d7cfd0740abf7a59970573cf70d56/source/shared_lib/sources/libircclient/build/source/libircclient/include/config.h.in#L108,/* Define to `unsigned int' if <sys/types.h> does not define. */,[],Autotool,0,108,108
24071,megaglest/megaglest-source,https://github.com/megaglest/megaglest-source/blob/08cf0c49fb1d7cfd0740abf7a59970573cf70d56/CMakeLists.txt#L4,#SET(CMAKE_VERBOSE_MAKEFILE ON),[],CMake,0,4,4
24071,megaglest/megaglest-source,https://github.com/megaglest/megaglest-source/blob/08cf0c49fb1d7cfd0740abf7a59970573cf70d56/CMakeLists.txt#L6,"#
# *NOTE: For now we assume some variation of GCC Compiler (or MingW for Windows binaries)
# VC++ users should not use CMake yet but rather the build-mg.bat file in mk/windoze
#",[],CMake,0,6,9
24071,megaglest/megaglest-source,https://github.com/megaglest/megaglest-source/blob/08cf0c49fb1d7cfd0740abf7a59970573cf70d56/CMakeLists.txt#L11,# build type,[],CMake,0,11,11
24071,megaglest/megaglest-source,https://github.com/megaglest/megaglest-source/blob/08cf0c49fb1d7cfd0740abf7a59970573cf70d56/CMakeLists.txt#L21,# add additional CMake modules,[],CMake,0,21,21
24071,megaglest/megaglest-source,https://github.com/megaglest/megaglest-source/blob/08cf0c49fb1d7cfd0740abf7a59970573cf70d56/CMakeLists.txt#L29,"#        ADD_DEFINITIONS(""-Qunused-arguments -Wno-switch"")",[],CMake,0,29,29
24071,megaglest/megaglest-source,https://github.com/megaglest/megaglest-source/blob/08cf0c49fb1d7cfd0740abf7a59970573cf70d56/CMakeLists.txt#L62,# read version,[],CMake,0,62,62
24071,megaglest/megaglest-source,https://github.com/megaglest/megaglest-source/blob/08cf0c49fb1d7cfd0740abf7a59970573cf70d56/CMakeLists.txt#L95,# CMAKE_SIZEOF_VOID_P=8 => 64bit,[],CMake,1,95,95
24071,megaglest/megaglest-source,https://github.com/megaglest/megaglest-source/blob/08cf0c49fb1d7cfd0740abf7a59970573cf70d56/CMakeLists.txt#L99,"## Compiler flags, CPACK configuration and other Apple specific code.",[],CMake,0,99,99
24071,megaglest/megaglest-source,https://github.com/megaglest/megaglest-source/blob/08cf0c49fb1d7cfd0740abf7a59970573cf70d56/CMakeLists.txt#L113,# Common generic GNU type compiler options that work with all generic GCC compatible compilers,[],CMake,4,113,113
24071,megaglest/megaglest-source,https://github.com/megaglest/megaglest-source/blob/08cf0c49fb1d7cfd0740abf7a59970573cf70d56/CMakeLists.txt#L116,# For gcc warning options see: http://gcc.gnu.org/onlinedocs/gcc/Warning-Options.html,[],CMake,1,116,116
24071,megaglest/megaglest-source,https://github.com/megaglest/megaglest-source/blob/08cf0c49fb1d7cfd0740abf7a59970573cf70d56/CMakeLists.txt#L118,# For tons of verbose warnings add: -Wall,[],CMake,2,118,118
24071,megaglest/megaglest-source,https://github.com/megaglest/megaglest-source/blob/08cf0c49fb1d7cfd0740abf7a59970573cf70d56/CMakeLists.txt#L119,"#		ADD_DEFINITIONS(""-Wreturn-type -fno-strict-aliasing -frounding-math  -fsignaling-nans -mfpmath=sse -msse -rdynamic"")
#		ADD_DEFINITIONS(""-Wuninitialized -Wsign-compare -Wunused-function -Wunused-variable -Wreturn-type -fno-strict-aliasing -frounding-math  -fsignaling-nans -rdynamic"")",[],CMake,0,119,120
24071,megaglest/megaglest-source,https://github.com/megaglest/megaglest-source/blob/08cf0c49fb1d7cfd0740abf7a59970573cf70d56/CMakeLists.txt#L122,"#		ADD_DEFINITIONS(""-Wreturn-type -fno-strict-aliasing -frounding-math  -fsignaling-nans -mfpmath=sse -msse -DUNICODE"")
#		ADD_DEFINITIONS(""-Wuninitialized -Wsign-compare -Wunused-function -Wunused-variable -Wreturn-type -fno-strict-aliasing -frounding-math  -fsignaling-nans -DUNICODE"")",[],CMake,0,122,123
24071,megaglest/megaglest-source,https://github.com/megaglest/megaglest-source/blob/08cf0c49fb1d7cfd0740abf7a59970573cf70d56/CMakeLists.txt#L127,# CLang specific Compiler Options,[],CMake,4,127,127
24071,megaglest/megaglest-source,https://github.com/megaglest/megaglest-source/blob/08cf0c49fb1d7cfd0740abf7a59970573cf70d56/CMakeLists.txt#L130,# GCC specific Compiler Options,[],CMake,4,130,130
24071,megaglest/megaglest-source,https://github.com/megaglest/megaglest-source/blob/08cf0c49fb1d7cfd0740abf7a59970573cf70d56/CMakeLists.txt#L134,"#                IF(NOT MINGW)
#                        set(CMAKE_C_FLAGS   ""${CMAKE_C_FLAGS}   -rdynamic"")
#                        set(CMAKE_CXX_FLAGS ""${CMAKE_CXX_FLAGS} -rdynamic"")
#                ENDIF()",[],CMake,0,134,137
24071,megaglest/megaglest-source,https://github.com/megaglest/megaglest-source/blob/08cf0c49fb1d7cfd0740abf7a59970573cf70d56/CMakeLists.txt#L140,"#SET(CMAKE_CXX_FLAGS ""${CMAKE_CXX_FLAGS} -Wall"")	",[],CMake,1,140,140
24071,megaglest/megaglest-source,https://github.com/megaglest/megaglest-source/blob/08cf0c49fb1d7cfd0740abf7a59970573cf70d56/CMakeLists.txt#L141,"#MESSAGE(STATUS ""*TEST: Checking for max SSE LEVEL [${FORCE_MAX_SSE_LEVEL}]"")",[],CMake,4,141,141
24071,megaglest/megaglest-source,https://github.com/megaglest/megaglest-source/blob/08cf0c49fb1d7cfd0740abf7a59970573cf70d56/CMakeLists.txt#L196,# Debug compiler flags,[],CMake,1,196,196
24071,megaglest/megaglest-source,https://github.com/megaglest/megaglest-source/blob/08cf0c49fb1d7cfd0740abf7a59970573cf70d56/CMakeLists.txt#L199,# Release compiler flags,[],CMake,1,199,199
24071,megaglest/megaglest-source,https://github.com/megaglest/megaglest-source/blob/08cf0c49fb1d7cfd0740abf7a59970573cf70d56/CMakeLists.txt#L202,## Strip binary,[],CMake,78,202,202
24071,megaglest/megaglest-source,https://github.com/megaglest/megaglest-source/blob/08cf0c49fb1d7cfd0740abf7a59970573cf70d56/CMakeLists.txt#L205,# Release with debug info compiler flags,[],CMake,1,205,205
24071,megaglest/megaglest-source,https://github.com/megaglest/megaglest-source/blob/08cf0c49fb1d7cfd0740abf7a59970573cf70d56/CMakeLists.txt#L208,# Release minimum size compiler flags,[],CMake,1,208,208
24071,megaglest/megaglest-source,https://github.com/megaglest/megaglest-source/blob/08cf0c49fb1d7cfd0740abf7a59970573cf70d56/CMakeLists.txt#L210,## Strip binary,[],CMake,84,210,210
24071,megaglest/megaglest-source,https://github.com/megaglest/megaglest-source/blob/08cf0c49fb1d7cfd0740abf7a59970573cf70d56/CMakeLists.txt#L213,# see if this fixes compile issue for tomreyn: libpthread.so.0: error adding symbols: DSO missing from command line,[],CMake,4,213,213
24071,megaglest/megaglest-source,https://github.com/megaglest/megaglest-source/blob/08cf0c49fb1d7cfd0740abf7a59970573cf70d56/CMakeLists.txt#L222,# Get the git revision info for the binary,[],CMake,1,222,222
24071,megaglest/megaglest-source,https://github.com/megaglest/megaglest-source/blob/08cf0c49fb1d7cfd0740abf7a59970573cf70d56/CMakeLists.txt#L228,"# The stuff below gets GIT Global Revision # but ONLY when calling cmake!
# the FindGit.cmake module is part of the standard distribution",[],CMake,2,228,229
24071,megaglest/megaglest-source,https://github.com/megaglest/megaglest-source/blob/08cf0c49fb1d7cfd0740abf7a59970573cf70d56/CMakeLists.txt#L236,# Get the current commit SHA1,[],CMake,12,236,236
24071,megaglest/megaglest-source,https://github.com/megaglest/megaglest-source/blob/08cf0c49fb1d7cfd0740abf7a59970573cf70d56/CMakeLists.txt#L244,# Get the current version counter,[],CMake,12,244,244
24071,megaglest/megaglest-source,https://github.com/megaglest/megaglest-source/blob/08cf0c49fb1d7cfd0740abf7a59970573cf70d56/CMakeLists.txt#L306,# ^ someday this intermediate step may be removed,[],CMake,4,306,306
24071,megaglest/megaglest-source,https://github.com/megaglest/megaglest-source/blob/08cf0c49fb1d7cfd0740abf7a59970573cf70d56/CMakeLists.txt#L311,"#SET(PKG_DATADIR ${CUSTOM_DATA_INSTALL_PATH_VALUE})
#SET(PKG_BINDIR ${MEGAGLEST_BIN_INSTALL_PATH})
# ^ hard to tell for what it is needed and most likely both were set to wrong values, so let's try to not use them",[],CMake,2,311,313
24071,megaglest/megaglest-source,https://github.com/megaglest/megaglest-source/blob/08cf0c49fb1d7cfd0740abf7a59970573cf70d56/CMakeLists.txt#L323,"# We do some funky character escaping to get the right stuff written out to 
# the final Makefile so we get the GIT Global Revsion #",[],CMake,1,323,324
24071,megaglest/megaglest-source,https://github.com/megaglest/megaglest-source/blob/08cf0c49fb1d7cfd0740abf7a59970573cf70d56/CMakeLists.txt#L329,# Win32 specific Compiler Flags,[],CMake,1,329,329
24071,megaglest/megaglest-source,https://github.com/megaglest/megaglest-source/blob/08cf0c49fb1d7cfd0740abf7a59970573cf70d56/CMakeLists.txt#L337,"# We don't wanna see bug reports with deprecation warnings from OSes where game isn't
# actively developed, and where usually those warnings can make ""make log"" completely unreadable.
# Main targets are: bsd and macos",[],CMake,1,337,339
24071,megaglest/megaglest-source,https://github.com/megaglest/megaglest-source/blob/08cf0c49fb1d7cfd0740abf7a59970573cf70d56/CMakeLists.txt#L342,# This variable may be sometimes necessary to set manually.,[],CMake,1,342,342
24071,megaglest/megaglest-source,https://github.com/megaglest/megaglest-source/blob/08cf0c49fb1d7cfd0740abf7a59970573cf70d56/CMakeLists.txt#L398,# Check if sources exist,[],CMake,0,398,398
24071,megaglest/megaglest-source,https://github.com/megaglest/megaglest-source/blob/08cf0c49fb1d7cfd0740abf7a59970573cf70d56/CMakeLists.txt#L404,#if(wxWidgets_FOUND),[],CMake,1,404,404
24071,megaglest/megaglest-source,https://github.com/megaglest/megaglest-source/blob/08cf0c49fb1d7cfd0740abf7a59970573cf70d56/CMakeLists.txt#L407,"#else()
#  MESSAGE(STATUS ""WARNING... the following game tools will NOT be built since we cannot find wxWidgets on this machine"")
#  MESSAGE(STATUS ""map editor, g3d viewer"")
#endif()",[],CMake,1,407,410
24071,megaglest/megaglest-source,https://github.com/megaglest/megaglest-source/blob/08cf0c49fb1d7cfd0740abf7a59970573cf70d56/CMakeLists.txt#L416,# Check if data exist,[],CMake,0,416,416
24071,megaglest/megaglest-source,https://github.com/megaglest/megaglest-source/blob/08cf0c49fb1d7cfd0740abf7a59970573cf70d56/CMakeLists.txt#L422,"#get_directory_property( DirDefs COMPILE_DEFINITIONS )
#MESSAGE(STATUS "">>>> NOTICE Compiler definitions used: ${DirDefs}"")
#MESSAGE(STATUS ""END of compile defs..."")",[],CMake,0,422,424
24071,megaglest/megaglest-source,https://github.com/megaglest/megaglest-source/blob/08cf0c49fb1d7cfd0740abf7a59970573cf70d56/CMakeLists.txt#L432,# CPack configuration shared accross platforms,[],CMake,0,432,432
24071,megaglest/megaglest-source,https://github.com/megaglest/megaglest-source/blob/08cf0c49fb1d7cfd0740abf7a59970573cf70d56/CMakeLists.txt#L441,"#SET(CPACK_PACKAGE_DESCRIPTION_FILE ""${CMAKE_CURRENT_SOURCE_DIR}/README"")
#SET(CPACK_RESOURCE_FILE_LICENSE ""${CMAKE_CURRENT_SOURCE_DIR}/COPYING"")",[],CMake,0,441,442
24071,megaglest/megaglest-source,https://github.com/megaglest/megaglest-source/blob/08cf0c49fb1d7cfd0740abf7a59970573cf70d56/CMakeLists.txt#L451,#required,[],CMake,53,451,451
24071,megaglest/megaglest-source,https://github.com/megaglest/megaglest-source/blob/08cf0c49fb1d7cfd0740abf7a59970573cf70d56/CMakeLists.txt#L469,"#MESSAGE( STATUS ""=====> DirDefs: "" ${DirDefs} )
#MESSAGE(STATUS ""*** Compiler definitions are [${COMPILE_DEFINITIONS}]"")",[],CMake,0,469,470
24071,megaglest/megaglest-source,https://github.com/megaglest/megaglest-source/blob/08cf0c49fb1d7cfd0740abf7a59970573cf70d56/mk/macos/CMakeLists.txt#L1,"# Anything <= 10.3 isn't supported. We want 32-bit Intel/PPC on 10.4, 10.5.
# On 10.6 32/64-bit Intel. On >= 10.7 unset architecture mean default 64-bit Intel.
# Using oldest available sdk with current Xcode is recommended.
# User needs to be able to change these options.
# So we must only set the values the first time CMake is run, or we
# will overwrite any changes the user sets.
# FORCE is used because the options are not reflected in the UI otherwise.
# Seems like a good place to add version specific compiler flags too.",[],CMake,0,1,8
24071,megaglest/megaglest-source,https://github.com/megaglest/megaglest-source/blob/08cf0c49fb1d7cfd0740abf7a59970573cf70d56/mk/macos/CMakeLists.txt#L13,"#SET(CMAKE_CXX_FLAGS ""${CMAKE_CXX_FLAGS} -fvisibility-inlines-hidden"")",[],CMake,2,13,13
24071,megaglest/megaglest-source,https://github.com/megaglest/megaglest-source/blob/08cf0c49fb1d7cfd0740abf7a59970573cf70d56/mk/macos/CMakeLists.txt#L18,# Include extra paths to search for includes; this is the default system wide macports and X11 path.,[],CMake,0,18,18
24071,megaglest/megaglest-source,https://github.com/megaglest/megaglest-source/blob/08cf0c49fb1d7cfd0740abf7a59970573cf70d56/mk/macos/CMakeLists.txt#L20,#LINK_DIRECTORIES(/opt/local/lib),[],CMake,0,20,20
24071,megaglest/megaglest-source,https://github.com/megaglest/megaglest-source/blob/08cf0c49fb1d7cfd0740abf7a59970573cf70d56/mk/macos/CMakeLists.txt#L22,##install part,[],CMake,0,22,22
24071,megaglest/megaglest-source,https://github.com/megaglest/megaglest-source/blob/08cf0c49fb1d7cfd0740abf7a59970573cf70d56/mk/macos/CMakeLists.txt#L24,"# This file is in git CRLF but that causes the cpack run to fail
#CONFIGURE_FILE(""${CMAKE_CURRENT_SOURCE_DIR}/docs/COPYRIGHT.source_code.txt""
#	""${CMAKE_CURRENT_BINARY_DIR}/docs/COPYRIGHT.source_code.txt"" NEWLINE_STYLE UNIX)
#SET(CPACK_RESOURCE_FILE_LICENSE ""${CMAKE_CURRENT_BINARY_DIR}/docs/COPYRIGHT.source_code.txt"")",[],CMake,0,24,27
24071,megaglest/megaglest-source,https://github.com/megaglest/megaglest-source/blob/08cf0c49fb1d7cfd0740abf7a59970573cf70d56/mk/macos/CMakeLists.txt#L29,"# This changes Info.plist from something with variables and CMakeisms to
# something that can be installed on disk.",[],CMake,0,29,30
24071,megaglest/megaglest-source,https://github.com/megaglest/megaglest-source/blob/08cf0c49fb1d7cfd0740abf7a59970573cf70d56/mk/macos/CMakeLists.txt#L37,# Use bundle generator (OSX has 3 other options if you feel adventurous),[],CMake,0,37,37
24071,megaglest/megaglest-source,https://github.com/megaglest/megaglest-source/blob/08cf0c49fb1d7cfd0740abf7a59970573cf70d56/source/g3d_viewer/CMakeLists.txt#L1,# common libraries,[],CMake,0,1,1
24071,megaglest/megaglest-source,https://github.com/megaglest/megaglest-source/blob/08cf0c49fb1d7cfd0740abf7a59970573cf70d56/source/g3d_viewer/CMakeLists.txt#L16,# Was required at least on bsd and macos.,[],CMake,2,16,16
24071,megaglest/megaglest-source,https://github.com/megaglest/megaglest-source/blob/08cf0c49fb1d7cfd0740abf7a59970573cf70d56/source/g3d_viewer/CMakeLists.txt#L43,"# ^ This is not needed here (once, globally is enough) if every find run returns the same status.
# With wx this is not so 100% sure.",[],CMake,2,43,44
24071,megaglest/megaglest-source,https://github.com/megaglest/megaglest-source/blob/08cf0c49fb1d7cfd0740abf7a59970573cf70d56/source/g3d_viewer/CMakeLists.txt#L46,"# It was noticed that when using MinGW gcc it is essential that 'core' is mentioned before 'base'.
# Optimal order most likely is gl > core > base, in some cases it may do difference.",[],CMake,1,46,47
24071,megaglest/megaglest-source,https://github.com/megaglest/megaglest-source/blob/08cf0c49fb1d7cfd0740abf7a59970573cf70d56/source/g3d_viewer/CMakeLists.txt#L50,# wxWidgets include (this will do all the magic to configure everything),[],CMake,2,50,50
24071,megaglest/megaglest-source,https://github.com/megaglest/megaglest-source/blob/08cf0c49fb1d7cfd0740abf7a59970573cf70d56/source/g3d_viewer/CMakeLists.txt#L129,"#########################################################################################
# megaglest G3D Model Viewer",[],CMake,1,129,130
24071,megaglest/megaglest-source,https://github.com/megaglest/megaglest-source/blob/08cf0c49fb1d7cfd0740abf7a59970573cf70d56/source/g3d_viewer/CMakeLists.txt#L141,#    ${GLEST_LIB_INCLUDE_ROOT}platform/${SDL_VERSION_SNAME},[],CMake,1,141,141
24071,megaglest/megaglest-source,https://github.com/megaglest/megaglest-source/blob/08cf0c49fb1d7cfd0740abf7a59970573cf70d56/source/g3d_viewer/CMakeLists.txt#L181,"#MESSAGE(STATUS ""SRC_FILES_FROM_THIS_DIR: ${SRC_FILES_FROM_THIS_DIR}"")",[],CMake,3,181,181
24071,megaglest/megaglest-source,https://github.com/megaglest/megaglest-source/blob/08cf0c49fb1d7cfd0740abf7a59970573cf70d56/source/g3d_viewer/CMakeLists.txt#L184,"#MESSAGE(STATUS ""SRC_FILES_FROM_THIS_DIR: ${SRC_FILES_FROM_THIS_DIR}"")",[],CMake,3,184,184
24071,megaglest/megaglest-source,https://github.com/megaglest/megaglest-source/blob/08cf0c49fb1d7cfd0740abf7a59970573cf70d56/source/g3d_viewer/CMakeLists.txt#L214,"# on mac <> --help sometimes hangs, so we need ""NOT APPLE"" ^ or some timeout here for now",[],CMake,2,214,214
24071,megaglest/megaglest-source,https://github.com/megaglest/megaglest-source/blob/08cf0c49fb1d7cfd0740abf7a59970573cf70d56/source/g3d_viewer/CMakeLists.txt#L232,# Requires an install prefix for the items below to work,[],CMake,8,232,232
24071,megaglest/megaglest-source,https://github.com/megaglest/megaglest-source/blob/08cf0c49fb1d7cfd0740abf7a59970573cf70d56/source/g3d_viewer/CMakeLists.txt#L234,# Installation of the program,[],CMake,9,234,234
24071,megaglest/megaglest-source,https://github.com/megaglest/megaglest-source/blob/08cf0c49fb1d7cfd0740abf7a59970573cf70d56/source/g3d_viewer/CMakeLists.txt#L242,# Installation of the program manpage file,[],CMake,10,242,242
24071,megaglest/megaglest-source,https://github.com/megaglest/megaglest-source/blob/08cf0c49fb1d7cfd0740abf7a59970573cf70d56/source/g3d_viewer/CMakeLists.txt#L248,# Installation of the program config and image files,[],CMake,16,248,248
24071,megaglest/megaglest-source,https://github.com/megaglest/megaglest-source/blob/08cf0c49fb1d7cfd0740abf7a59970573cf70d56/source/glest_game/CMakeLists.txt#L1,"#########################################################################################
# common libraries",[],CMake,0,1,2
24071,megaglest/megaglest-source,https://github.com/megaglest/megaglest-source/blob/08cf0c49fb1d7cfd0740abf7a59970573cf70d56/source/glest_game/CMakeLists.txt#L99,# default,[],CMake,6,99,99
24071,megaglest/megaglest-source,https://github.com/megaglest/megaglest-source/blob/08cf0c49fb1d7cfd0740abf7a59970573cf70d56/source/glest_game/CMakeLists.txt#L102,# mageia,[],CMake,6,102,102
24071,megaglest/megaglest-source,https://github.com/megaglest/megaglest-source/blob/08cf0c49fb1d7cfd0740abf7a59970573cf70d56/source/glest_game/CMakeLists.txt#L175,"#########################################################################################
# megaglest game",[],CMake,1,175,176
24071,megaglest/megaglest-source,https://github.com/megaglest/megaglest-source/blob/08cf0c49fb1d7cfd0740abf7a59970573cf70d56/source/glest_game/CMakeLists.txt#L221,#INCLUDE_DIRECTORIES( ${GLEST_LIB_INCLUDE_ROOT}platform/${SDL_VERSION_SNAME} ),[],CMake,1,221,221
24071,megaglest/megaglest-source,https://github.com/megaglest/megaglest-source/blob/08cf0c49fb1d7cfd0740abf7a59970573cf70d56/source/glest_game/CMakeLists.txt#L249,"#MESSAGE(STATUS ""SRC_FILES_FROM_THIS_DIR: ${SRC_FILES_FROM_THIS_DIR}"")",[],CMake,3,249,249
24071,megaglest/megaglest-source,https://github.com/megaglest/megaglest-source/blob/08cf0c49fb1d7cfd0740abf7a59970573cf70d56/source/glest_game/CMakeLists.txt#L252,"#MESSAGE(STATUS ""SRC_FILES_FROM_THIS_DIR: ${SRC_FILES_FROM_THIS_DIR}"")",[],CMake,3,252,252
24071,megaglest/megaglest-source,https://github.com/megaglest/megaglest-source/blob/08cf0c49fb1d7cfd0740abf7a59970573cf70d56/source/glest_game/CMakeLists.txt#L257,# Force the git revision stamp (${GIT_COMMIT_COUNT}.${GIT_SHA1}) file to be touched so the compile stamp is always right,[],CMake,1,257,257
24071,megaglest/megaglest-source,https://github.com/megaglest/megaglest-source/blob/08cf0c49fb1d7cfd0740abf7a59970573cf70d56/source/glest_game/CMakeLists.txt#L330,# Requires an install prefix for the items below to work,[],CMake,4,330,330
24071,megaglest/megaglest-source,https://github.com/megaglest/megaglest-source/blob/08cf0c49fb1d7cfd0740abf7a59970573cf70d56/source/glest_game/CMakeLists.txt#L334,# Installation of the program,[],CMake,8,334,334
24071,megaglest/megaglest-source,https://github.com/megaglest/megaglest-source/blob/08cf0c49fb1d7cfd0740abf7a59970573cf70d56/source/glest_game/CMakeLists.txt#L342,# Installation of the program manpage file,[],CMake,9,342,342
24071,megaglest/megaglest-source,https://github.com/megaglest/megaglest-source/blob/08cf0c49fb1d7cfd0740abf7a59970573cf70d56/source/glest_map_editor/CMakeLists.txt#L1,# common libraries,[],CMake,0,1,1
24071,megaglest/megaglest-source,https://github.com/megaglest/megaglest-source/blob/08cf0c49fb1d7cfd0740abf7a59970573cf70d56/source/glest_map_editor/CMakeLists.txt#L16,# Was required at least on bsd and macos.,[],CMake,2,16,16
24071,megaglest/megaglest-source,https://github.com/megaglest/megaglest-source/blob/08cf0c49fb1d7cfd0740abf7a59970573cf70d56/source/glest_map_editor/CMakeLists.txt#L29,"# ^ This is not needed here (once, globally is enough) if every find run returns the same status.
# With wx this is not so 100% sure.",[],CMake,2,29,30
24071,megaglest/megaglest-source,https://github.com/megaglest/megaglest-source/blob/08cf0c49fb1d7cfd0740abf7a59970573cf70d56/source/glest_map_editor/CMakeLists.txt#L32,"# It was noticed that when using MinGW gcc it is essential that 'core' is mentioned before 'base'.
# Optimal order most likely is gl > core > base, in some cases it may do difference.",[],CMake,1,32,33
24071,megaglest/megaglest-source,https://github.com/megaglest/megaglest-source/blob/08cf0c49fb1d7cfd0740abf7a59970573cf70d56/source/glest_map_editor/CMakeLists.txt#L36,# wxWidgets include (this will do all the magic to configure everything),[],CMake,2,36,36
24071,megaglest/megaglest-source,https://github.com/megaglest/megaglest-source/blob/08cf0c49fb1d7cfd0740abf7a59970573cf70d56/source/glest_map_editor/CMakeLists.txt#L115,"#########################################################################################
# megaglest map editor",[],CMake,1,115,116
24071,megaglest/megaglest-source,https://github.com/megaglest/megaglest-source/blob/08cf0c49fb1d7cfd0740abf7a59970573cf70d56/source/glest_map_editor/CMakeLists.txt#L126,#    ${GLEST_LIB_INCLUDE_ROOT}platform/${SDL_VERSION_SNAME},[],CMake,1,126,126
24071,megaglest/megaglest-source,https://github.com/megaglest/megaglest-source/blob/08cf0c49fb1d7cfd0740abf7a59970573cf70d56/source/glest_map_editor/CMakeLists.txt#L162,"#MESSAGE(STATUS ""SRC_FILES_FROM_THIS_DIR: ${SRC_FILES_FROM_THIS_DIR}"")",[],CMake,3,162,162
24071,megaglest/megaglest-source,https://github.com/megaglest/megaglest-source/blob/08cf0c49fb1d7cfd0740abf7a59970573cf70d56/source/glest_map_editor/CMakeLists.txt#L165,"#MESSAGE(STATUS ""SRC_FILES_FROM_THIS_DIR: ${SRC_FILES_FROM_THIS_DIR}"")",[],CMake,3,165,165
24071,megaglest/megaglest-source,https://github.com/megaglest/megaglest-source/blob/08cf0c49fb1d7cfd0740abf7a59970573cf70d56/source/glest_map_editor/CMakeLists.txt#L204,"# on mac <> --help sometimes hangs, so we need ""NOT APPLE"" ^ or some timeout here for now",[],CMake,2,204,204
24071,megaglest/megaglest-source,https://github.com/megaglest/megaglest-source/blob/08cf0c49fb1d7cfd0740abf7a59970573cf70d56/source/glest_map_editor/CMakeLists.txt#L222,# Requires an install prefix for the items below to work,[],CMake,8,222,222
24071,megaglest/megaglest-source,https://github.com/megaglest/megaglest-source/blob/08cf0c49fb1d7cfd0740abf7a59970573cf70d56/source/glest_map_editor/CMakeLists.txt#L224,# Installation of the program,[],CMake,9,224,224
24071,megaglest/megaglest-source,https://github.com/megaglest/megaglest-source/blob/08cf0c49fb1d7cfd0740abf7a59970573cf70d56/source/glest_map_editor/CMakeLists.txt#L232,# Installation of the program manpage file,[],CMake,10,232,232
24071,megaglest/megaglest-source,https://github.com/megaglest/megaglest-source/blob/08cf0c49fb1d7cfd0740abf7a59970573cf70d56/source/glest_map_editor/CMakeLists.txt#L238,# Installation of the program config and image files,[],CMake,9,238,238
24071,megaglest/megaglest-source,https://github.com/megaglest/megaglest-source/blob/08cf0c49fb1d7cfd0740abf7a59970573cf70d56/source/shared_lib/CMakeLists.txt#L1,"#########################################################################################
# streflop",[],CMake,0,1,2
24071,megaglest/megaglest-source,https://github.com/megaglest/megaglest-source/blob/08cf0c49fb1d7cfd0740abf7a59970573cf70d56/source/shared_lib/CMakeLists.txt#L6,# IMPORTANT: should come BEFORE finding packages,[],CMake,0,6,6
24071,megaglest/megaglest-source,https://github.com/megaglest/megaglest-source/blob/08cf0c49fb1d7cfd0740abf7a59970573cf70d56/source/shared_lib/CMakeLists.txt#L42,"#########################################################################################
# common libraries",[],CMake,0,42,43
24071,megaglest/megaglest-source,https://github.com/megaglest/megaglest-source/blob/08cf0c49fb1d7cfd0740abf7a59970573cf70d56/source/shared_lib/CMakeLists.txt#L95,# default,[],CMake,6,95,95
24071,megaglest/megaglest-source,https://github.com/megaglest/megaglest-source/blob/08cf0c49fb1d7cfd0740abf7a59970573cf70d56/source/shared_lib/CMakeLists.txt#L98,# mageia,[],CMake,6,98,98
24071,megaglest/megaglest-source,https://github.com/megaglest/megaglest-source/blob/08cf0c49fb1d7cfd0740abf7a59970573cf70d56/source/shared_lib/CMakeLists.txt#L252,"#include_directories( ${BREAKPAD_EXCEPTION_HANDLER_INCLUDE_DIR} )
#SET(EXTERNAL_LIBS ${EXTERNAL_LIBS} ${BREAKPAD_EXCEPTION_HANDLER_LIBRARIES})",[],CMake,3,252,253
24071,megaglest/megaglest-source,https://github.com/megaglest/megaglest-source/blob/08cf0c49fb1d7cfd0740abf7a59970573cf70d56/source/shared_lib/CMakeLists.txt#L260,"#########################################################################################
# megaglest lib",[],CMake,1,260,261
24071,megaglest/megaglest-source,https://github.com/megaglest/megaglest-source/blob/08cf0c49fb1d7cfd0740abf7a59970573cf70d56/source/shared_lib/CMakeLists.txt#L366,#IF(NOT WANT_STATIC_LIBS),[],CMake,9,366,366
24071,megaglest/megaglest-source,https://github.com/megaglest/megaglest-source/blob/08cf0c49fb1d7cfd0740abf7a59970573cf70d56/source/shared_lib/CMakeLists.txt#L408,"# ^ This test doesn't work, some general problem with irc_get_version",[],CMake,16,408,408
24071,megaglest/megaglest-source,https://github.com/megaglest/megaglest-source/blob/08cf0c49fb1d7cfd0740abf7a59970573cf70d56/source/shared_lib/CMakeLists.txt#L435,"#MESSAGE(STATUS ""INCLUDE_DIR_TO_GLOB: ${INCLUDE_DIR_TO_GLOB}"")",[],CMake,3,435,435
24071,megaglest/megaglest-source,https://github.com/megaglest/megaglest-source/blob/08cf0c49fb1d7cfd0740abf7a59970573cf70d56/source/shared_lib/CMakeLists.txt#L437,"#MESSAGE(STATUS ""INCLUDE FILES GLOBBED: ${INC_FILES_FROM_THIS_DIR}"")",[],CMake,3,437,437
24071,megaglest/megaglest-source,https://github.com/megaglest/megaglest-source/blob/08cf0c49fb1d7cfd0740abf7a59970573cf70d56/source/shared_lib/CMakeLists.txt#L442,"#MESSAGE(STATUS ""SRC_DIR_TO_GLOB: ${SRC_DIR_TO_GLOB}"")",[],CMake,2,442,442
24071,megaglest/megaglest-source,https://github.com/megaglest/megaglest-source/blob/08cf0c49fb1d7cfd0740abf7a59970573cf70d56/source/shared_lib/CMakeLists.txt#L444,"#MESSAGE(STATUS ""SRC_FILES_FROM_THIS_DIR: ${SRC_FILES_FROM_THIS_DIR}"")",[],CMake,2,444,444
24071,megaglest/megaglest-source,https://github.com/megaglest/megaglest-source/blob/08cf0c49fb1d7cfd0740abf7a59970573cf70d56/source/shared_lib/CMakeLists.txt#L448,"#MESSAGE(STATUS ""SRC_DIR_TO_GLOB: ${SRC_DIR_TO_GLOB}"")",[],CMake,2,448,448
24071,megaglest/megaglest-source,https://github.com/megaglest/megaglest-source/blob/08cf0c49fb1d7cfd0740abf7a59970573cf70d56/source/shared_lib/CMakeLists.txt#L450,"#MESSAGE(STATUS ""SRC_FILES_FROM_THIS_DIR: ${SRC_FILES_FROM_THIS_DIR}"")",[],CMake,2,450,450
24071,megaglest/megaglest-source,https://github.com/megaglest/megaglest-source/blob/08cf0c49fb1d7cfd0740abf7a59970573cf70d56/source/shared_lib/CMakeLists.txt#L455,"#MESSAGE(STATUS ""SRC_FILES_FROM_THIS_DIR: ${SRC_FILES_FROM_THIS_DIR}"")",[],CMake,3,455,455
24071,megaglest/megaglest-source,https://github.com/megaglest/megaglest-source/blob/08cf0c49fb1d7cfd0740abf7a59970573cf70d56/source/shared_lib/CMakeLists.txt#L458,"#MESSAGE(STATUS ""SRC_FILES_FROM_THIS_DIR: ${SRC_FILES_FROM_THIS_DIR}"")",[],CMake,3,458,458
24071,megaglest/megaglest-source,https://github.com/megaglest/megaglest-source/blob/08cf0c49fb1d7cfd0740abf7a59970573cf70d56/source/shared_lib/CMakeLists.txt#L463,"#MESSAGE(STATUS ""Source files: ${MG_INCLUDE_FILES}"")
#MESSAGE(STATUS ""Source files: ${MG_SOURCE_FILES}"")
#MESSAGE(STATUS ""Include dirs: ${INCLUDE_DIRECTORIES}"")",[],CMake,1,463,465
24071,megaglest/megaglest-source,https://github.com/megaglest/megaglest-source/blob/08cf0c49fb1d7cfd0740abf7a59970573cf70d56/source/shared_lib/CMakeLists.txt#L482,"#MESSAGE(STATUS ""Building shared game library as a STATIC library and saving to [${LIBRARY_OUTPUT_PATH}]"")",[],CMake,2,482,482
24071,megaglest/megaglest-source,https://github.com/megaglest/megaglest-source/blob/08cf0c49fb1d7cfd0740abf7a59970573cf70d56/source/shared_lib/CMakeLists.txt#L507,#IF(MINIUPNP_DEBUG_BUILD),[],CMake,1,507,507
24071,megaglest/megaglest-source,https://github.com/megaglest/megaglest-source/blob/08cf0c49fb1d7cfd0740abf7a59970573cf70d56/source/shared_lib/CMakeLists.txt#L508,"# REMOVE_DEFINITIONS(""-DDEBUG"")",[],CMake,2,508,508
24071,megaglest/megaglest-source,https://github.com/megaglest/megaglest-source/blob/08cf0c49fb1d7cfd0740abf7a59970573cf70d56/source/shared_lib/CMakeLists.txt#L509,#ENDIF(),[],CMake,1,509,509
24071,megaglest/megaglest-source,https://github.com/megaglest/megaglest-source/blob/08cf0c49fb1d7cfd0740abf7a59970573cf70d56/source/shared_lib/sources/streflop/CMakeLists.txt#L1,"#########################################################################################
# streflop
#if (NOT $ENV{CXX} MATCHES ""icpc"")
#	SET(cxxflags ""${cxxflags} -mfpmath=sse -msse"")
#endif (NOT $ENV{CXX} MATCHES ""icpc"")",[],CMake,0,1,5
24071,megaglest/megaglest-source,https://github.com/megaglest/megaglest-source/blob/08cf0c49fb1d7cfd0740abf7a59970573cf70d56/source/tests/CMakeLists.txt#L1,"#########################################################################################
# megaglest_tests",[],CMake,0,1,2
24071,megaglest/megaglest-source,https://github.com/megaglest/megaglest-source/blob/08cf0c49fb1d7cfd0740abf7a59970573cf70d56/source/tests/CMakeLists.txt#L69,"#########################################################################################
# megaglest test code",[],CMake,1,69,70
24071,megaglest/megaglest-source,https://github.com/megaglest/megaglest-source/blob/08cf0c49fb1d7cfd0740abf7a59970573cf70d56/source/tests/CMakeLists.txt#L138,"#MESSAGE(STATUS ""INCLUDE_DIR_TO_GLOB: ${INCLUDE_DIR_TO_GLOB}"")",[],CMake,3,138,138
24071,megaglest/megaglest-source,https://github.com/megaglest/megaglest-source/blob/08cf0c49fb1d7cfd0740abf7a59970573cf70d56/source/tests/CMakeLists.txt#L140,"#MESSAGE(STATUS ""INCLUDE FILES GLOBBED: ${INC_FILES_FROM_THIS_DIR}"")",[],CMake,3,140,140
24071,megaglest/megaglest-source,https://github.com/megaglest/megaglest-source/blob/08cf0c49fb1d7cfd0740abf7a59970573cf70d56/source/tests/CMakeLists.txt#L145,"#MESSAGE(STATUS ""SRC_DIR_TO_GLOB: ${SRC_DIR_TO_GLOB}"")",[],CMake,2,145,145
24071,megaglest/megaglest-source,https://github.com/megaglest/megaglest-source/blob/08cf0c49fb1d7cfd0740abf7a59970573cf70d56/source/tests/CMakeLists.txt#L147,"#MESSAGE(STATUS ""SRC_FILES_FROM_THIS_DIR: ${SRC_FILES_FROM_THIS_DIR}"")",[],CMake,2,147,147
24071,megaglest/megaglest-source,https://github.com/megaglest/megaglest-source/blob/08cf0c49fb1d7cfd0740abf7a59970573cf70d56/source/tests/CMakeLists.txt#L151,"#MESSAGE(STATUS ""SRC_DIR_TO_GLOB: ${SRC_DIR_TO_GLOB}"")",[],CMake,2,151,151
24071,megaglest/megaglest-source,https://github.com/megaglest/megaglest-source/blob/08cf0c49fb1d7cfd0740abf7a59970573cf70d56/source/tests/CMakeLists.txt#L153,"#MESSAGE(STATUS ""SRC_FILES_FROM_THIS_DIR: ${SRC_FILES_FROM_THIS_DIR}"")",[],CMake,2,153,153
24071,megaglest/megaglest-source,https://github.com/megaglest/megaglest-source/blob/08cf0c49fb1d7cfd0740abf7a59970573cf70d56/source/tests/CMakeLists.txt#L158,"#MESSAGE(STATUS ""SRC_FILES_FROM_THIS_DIR: ${SRC_FILES_FROM_THIS_DIR}"")",[],CMake,3,158,158
24071,megaglest/megaglest-source,https://github.com/megaglest/megaglest-source/blob/08cf0c49fb1d7cfd0740abf7a59970573cf70d56/source/tests/CMakeLists.txt#L161,"#MESSAGE(STATUS ""SRC_FILES_FROM_THIS_DIR: ${SRC_FILES_FROM_THIS_DIR}"")",[],CMake,3,161,161
24071,megaglest/megaglest-source,https://github.com/megaglest/megaglest-source/blob/08cf0c49fb1d7cfd0740abf7a59970573cf70d56/source/tests/CMakeLists.txt#L166,"#MESSAGE(STATUS ""Source files: ${MG_INCLUDE_FILES}"")
#MESSAGE(STATUS ""Source files: ${MG_SOURCE_FILES}"")
#MESSAGE(STATUS ""Include dirs: ${INCLUDE_DIRECTORIES}"")",[],CMake,1,166,168
24071,megaglest/megaglest-source,https://github.com/megaglest/megaglest-source/blob/08cf0c49fb1d7cfd0740abf7a59970573cf70d56/source/tests/CMakeLists.txt#L204,# Run the unit tests after build,[],CMake,2,204,204
24071,megaglest/megaglest-source,https://github.com/megaglest/megaglest-source/blob/08cf0c49fb1d7cfd0740abf7a59970573cf70d56/source/tools/glexemel/CMakeLists.txt#L1,# glexemel,[],CMake,0,1,1
24071,megaglest/megaglest-source,https://github.com/megaglest/megaglest-source/blob/08cf0c49fb1d7cfd0740abf7a59970573cf70d56/mk/cmake/Modules/CurlGetConfig.cmake#L1,"#
# Curl Get Config
#
# IF we are using a system that supports curl-config use it.
#",[],CMake,0,1,5
24071,megaglest/megaglest-source,https://github.com/megaglest/megaglest-source/blob/08cf0c49fb1d7cfd0740abf7a59970573cf70d56/mk/cmake/Modules/CurlGetConfig.cmake#L19,# Fink,[],CMake,7,19,19
24071,megaglest/megaglest-source,https://github.com/megaglest/megaglest-source/blob/08cf0c49fb1d7cfd0740abf7a59970573cf70d56/mk/cmake/Modules/CurlGetConfig.cmake#L20,# DarwinPorts,[],CMake,14,20,20
24071,megaglest/megaglest-source,https://github.com/megaglest/megaglest-source/blob/08cf0c49fb1d7cfd0740abf7a59970573cf70d56/mk/cmake/Modules/CurlGetConfig.cmake#L21,# Blastwave,[],CMake,12,21,21
24071,megaglest/megaglest-source,https://github.com/megaglest/megaglest-source/blob/08cf0c49fb1d7cfd0740abf7a59970573cf70d56/mk/cmake/Modules/CurlGetConfig.cmake#L29,# run the curl-config program to get --static-libs,[],CMake,2,29,29
24071,megaglest/megaglest-source,https://github.com/megaglest/megaglest-source/blob/08cf0c49fb1d7cfd0740abf7a59970573cf70d56/mk/cmake/Modules/FindCppUnit.cmake#L1,"#
# http://root.cern.ch/viewvc/trunk/cint/reflex/cmake/modules/FindCppUnit.cmake
#
# - Find CppUnit
#
# This module finds the CppUnit include directory and library
#
# It sets the following variables:
#  CPPUNIT_FOUND       - Set to false, or undefined, if CppUnit isn't found.
#  CPPUNIT_INCLUDE_DIR - The CppUnit include directory.
#  CPPUNIT_LIBRARY     - The CppUnit library to link against.",[],CMake,0,1,11
24071,megaglest/megaglest-source,https://github.com/megaglest/megaglest-source/blob/08cf0c49fb1d7cfd0740abf7a59970573cf70d56/mk/cmake/Modules/FindCppUnit.cmake#L15,"# If CPPUNIT_ROOT was defined in the environment, use it.",[],CMake,0,15,15
24071,megaglest/megaglest-source,https://github.com/megaglest/megaglest-source/blob/08cf0c49fb1d7cfd0740abf7a59970573cf70d56/mk/cmake/Modules/FindCppUnit.cmake#L21,"# If CPPUNIT_INCLUDEDIR was defined in the environment, use it.",[],CMake,0,21,21
24071,megaglest/megaglest-source,https://github.com/megaglest/megaglest-source/blob/08cf0c49fb1d7cfd0740abf7a59970573cf70d56/mk/cmake/Modules/FindCppUnit.cmake#L26,"# If CPPUNIT_LIBRARYDIR was defined in the environment, use it.",[],CMake,0,26,26
24071,megaglest/megaglest-source,https://github.com/megaglest/megaglest-source/blob/08cf0c49fb1d7cfd0740abf7a59970573cf70d56/mk/cmake/Modules/FindCppUnit.cmake#L54,# now find CPPUNIT_INCLUDE_DIR,[],CMake,0,54,54
24071,megaglest/megaglest-source,https://github.com/megaglest/megaglest-source/blob/08cf0c49fb1d7cfd0740abf7a59970573cf70d56/mk/cmake/Modules/FindCppUnit.cmake#L64,# now find CPPUNIT_LIBRARY,[],CMake,0,64,64
24071,megaglest/megaglest-source,https://github.com/megaglest/megaglest-source/blob/08cf0c49fb1d7cfd0740abf7a59970573cf70d56/mk/cmake/Modules/FindCppUnit.cmake#L78,# show which CppUnit was found only if not quiet,[],CMake,4,78,78
24071,megaglest/megaglest-source,https://github.com/megaglest/megaglest-source/blob/08cf0c49fb1d7cfd0740abf7a59970573cf70d56/mk/cmake/Modules/FindCppUnit.cmake#L80,"#message(STATUS ""Found CppUnit: ${CPPUNIT_LIBRARY}"")",[],CMake,1,80,80
24071,megaglest/megaglest-source,https://github.com/megaglest/megaglest-source/blob/08cf0c49fb1d7cfd0740abf7a59970573cf70d56/mk/cmake/Modules/FindCppUnit.cmake#L83,# fatal error if CppUnit is required but not found,[],CMake,4,83,83
24071,megaglest/megaglest-source,https://github.com/megaglest/megaglest-source/blob/08cf0c49fb1d7cfd0740abf7a59970573cf70d56/mk/cmake/Modules/FindFTGL.cmake#L1,"#
#
# Try to find the FTGL libraries
# Once done this will define
#
# FTGL_FOUND          - system has ftgl
# FTGL_INCLUDE_DIR    - path to FTGL/FTGL.h
# FTGL_LIBRARY        - the library that must be included
# FTGL_LIBRARY_PATH   - the library path
#
#",[],CMake,0,1,11
24071,megaglest/megaglest-source,https://github.com/megaglest/megaglest-source/blob/08cf0c49fb1d7cfd0740abf7a59970573cf70d56/mk/cmake/Modules/FindFTGL.cmake#L13,"#message(STATUS ""!!!!!!!!!!!!!!!!!!!!!!!!!!!!! #1 Searching for FTGL lib in custom path: [${FTGL_LIBRARY_PATH}]"")",[],CMake,0,13,13
24071,megaglest/megaglest-source,https://github.com/megaglest/megaglest-source/blob/08cf0c49fb1d7cfd0740abf7a59970573cf70d56/mk/cmake/Modules/FindFontConfig.cmake#L1,"# - Find FONTCONFIG
# Find the native FONTCONFIG headers and libraries.
#
#  FONTCONFIG_INCLUDE_DIR -  where to find fontconfig.h, etc.
#  FONTCONFIG_LIBRARIES    - List of libraries when using FONTCONFIG.
#  FONTCONFIG_FOUND        - True if FONTCONFIG found.",[],CMake,0,1,6
24071,megaglest/megaglest-source,https://github.com/megaglest/megaglest-source/blob/08cf0c49fb1d7cfd0740abf7a59970573cf70d56/mk/cmake/Modules/FindFontConfig.cmake#L8,# Look for the header file.,[],CMake,0,8,8
24071,megaglest/megaglest-source,https://github.com/megaglest/megaglest-source/blob/08cf0c49fb1d7cfd0740abf7a59970573cf70d56/mk/cmake/Modules/FindFontConfig.cmake#L22,# Copy the results to the output variables.,[],CMake,0,22,22
24071,megaglest/megaglest-source,https://github.com/megaglest/megaglest-source/blob/08cf0c49fb1d7cfd0740abf7a59970573cf70d56/mk/cmake/Modules/FindFontConfig.cmake#L33,# Report the results.,[],CMake,0,33,33
24071,megaglest/megaglest-source,https://github.com/megaglest/megaglest-source/blob/08cf0c49fb1d7cfd0740abf7a59970573cf70d56/mk/cmake/Modules/FindFriBiDi.cmake#L1,"# - Find the native FriBiDI includes and library
#
#
# This module defines
#  FRIBIDI_INCLUDE_DIR, where to find fribidi.h, etc.
#  FRIBIDI_LIBRARIES, the libraries to link against to use FriBiDi.
#  PNG_DEFINITIONS - You should ADD_DEFINITONS(${PNG_DEFINITIONS}) before compiling code that includes png library files.
#  FRIBIDI_FOUND, If false, do not try to use PNG.
# also defined, but not for general use are
#  FRIBIDI_LIBRARY, where to find the FriBiDi library.
#
# If this module finds an old version of fribidi, then this module will run
# add_definitions(-DOLD_FRIBIDI)",[],CMake,0,1,13
24071,megaglest/megaglest-source,https://github.com/megaglest/megaglest-source/blob/08cf0c49fb1d7cfd0740abf7a59970573cf70d56/mk/cmake/Modules/FindFriBiDi.cmake#L20,"# Set variable in temp var, otherwise FIND_PATH might fail
# unset isn't present in the required version of cmake.",[],CMake,0,20,21
24071,megaglest/megaglest-source,https://github.com/megaglest/megaglest-source/blob/08cf0c49fb1d7cfd0740abf7a59970573cf70d56/mk/cmake/Modules/FindFriBiDi.cmake#L35,"#MESSAGE(STATUS ""** Searching for library names: [${FRIBIDI_NAMES}] ..."")",[],CMake,0,35,35
24071,megaglest/megaglest-source,https://github.com/megaglest/megaglest-source/blob/08cf0c49fb1d7cfd0740abf7a59970573cf70d56/mk/cmake/Modules/FindFriBiDi.cmake#L53,# fribidi >= 0.10.5,[],CMake,4,53,53
24071,megaglest/megaglest-source,https://github.com/megaglest/megaglest-source/blob/08cf0c49fb1d7cfd0740abf7a59970573cf70d56/mk/cmake/Modules/FindFriBiDi.cmake#L58,# fribidi <= 0.10.4,[],CMake,4,58,58
24071,megaglest/megaglest-source,https://github.com/megaglest/megaglest-source/blob/08cf0c49fb1d7cfd0740abf7a59970573cf70d56/mk/cmake/Modules/FindGLEW.cmake#L1,"#.rst:
# FindGLEW
# --------
#
# Find the OpenGL Extension Wrangler Library (GLEW)
#
# IMPORTED Targets
# ^^^^^^^^^^^^^^^^
#
# This module defines the :prop_tgt:`IMPORTED` target ``GLEW::GLEW``,
# if GLEW has been found.
#
# Result Variables
# ^^^^^^^^^^^^^^^^
#
# This module defines the following variables:
#
# ::
#
#   GLEW_INCLUDE_DIRS - include directories for GLEW
#   GLEW_LIBRARIES - libraries to link against GLEW
#   GLEW_FOUND - true if GLEW has been found and can be used",[],CMake,0,1,22
24071,megaglest/megaglest-source,https://github.com/megaglest/megaglest-source/blob/08cf0c49fb1d7cfd0740abf7a59970573cf70d56/mk/cmake/Modules/FindGLEW.cmake#L24,"#=============================================================================
# Copyright 2012 Benjamin Eikel
# Copyright 2015 filux <heross(@@)o2.pl>
#
# Distributed under the OSI-approved BSD License (the ""License"");
# see accompanying file Copyright.txt for details.
#
# This software is distributed WITHOUT ANY WARRANTY; without even the
# implied warranty of MERCHANTABILITY or FITNESS FOR A PARTICULAR PURPOSE.
# See the License for more information.
#=============================================================================
# (To distribute this file outside of CMake, substitute the full
#  License text for the above reference.)",[],CMake,0,24,36
24071,megaglest/megaglest-source,https://github.com/megaglest/megaglest-source/blob/08cf0c49fb1d7cfd0740abf7a59970573cf70d56/mk/cmake/Modules/FindGLIB2.cmake#L1,# http://opensource.bolloretelecom.eu/projects/boc-wimax/browser/cmake/modules/FindGLIB2.cmake?rev=8f5b254534bd304923d4cc7bc7e9d6552c119ea2,[],CMake,0,1,1
24071,megaglest/megaglest-source,https://github.com/megaglest/megaglest-source/blob/08cf0c49fb1d7cfd0740abf7a59970573cf70d56/mk/cmake/Modules/FindGLIB2.cmake#L3,"# - Try to find GLib2
# Once done this will define
#
#  GLIB2_FOUND - system has GLib2
#  GLIB2_INCLUDE_DIRS - the GLib2 include directory
#  GLIB2_LIBRARIES - Link these to use GLib2
#
#  HAVE_GLIB_GREGEX_H  glib has gregex.h header and 
#                      supports g_regex_match_simple
#
#  Copyright (c) 2006 Andreas Schneider <mail@cynapses.org>
#  Copyright (c) 2006 Philippe Bernery <philippe.bernery@gmail.com>
#  Copyright (c) 2007 Daniel Gollub <dgollub@suse.de>
#  Copyright (c) 2007 Alban Browaeys <prahal@yahoo.com>
#  Copyright (c) 2008 Michael Bell <michael.bell@web.de>
#  Copyright (c) 2008 Bjoern Ricks <bjoern.ricks@googlemail.com>
#
#  Redistribution and use is allowed according to the terms of the New
#  BSD license.
#  For details see the accompanying COPYING-CMAKE-SCRIPTS file.
#",[],CMake,0,3,23
24071,megaglest/megaglest-source,https://github.com/megaglest/megaglest-source/blob/08cf0c49fb1d7cfd0740abf7a59970573cf70d56/mk/cmake/Modules/FindGLIB2.cmake#L27,# in cache already,[],CMake,2,27,27
24071,megaglest/megaglest-source,https://github.com/megaglest/megaglest-source/blob/08cf0c49fb1d7cfd0740abf7a59970573cf70d56/mk/cmake/Modules/FindGLIB2.cmake#L33,## Glib,[],CMake,2,33,33
24071,megaglest/megaglest-source,https://github.com/megaglest/megaglest-source/blob/08cf0c49fb1d7cfd0740abf7a59970573cf70d56/mk/cmake/Modules/FindGLIB2.cmake#L53,# Look for glib2 include dir and libraries w/o pkgconfig,[],CMake,2,53,53
24071,megaglest/megaglest-source,https://github.com/megaglest/megaglest-source/blob/08cf0c49fb1d7cfd0740abf7a59970573cf70d56/mk/cmake/Modules/FindGLIB2.cmake#L88,"#MESSAGE(STATUS ""Glib headers: ${_glib2_include_DIR}"")",[],CMake,4,88,88
24071,megaglest/megaglest-source,https://github.com/megaglest/megaglest-source/blob/08cf0c49fb1d7cfd0740abf7a59970573cf70d56/mk/cmake/Modules/FindGLIB2.cmake#L115,"# Handle dependencies
# libintl",[],CMake,4,115,116
24071,megaglest/megaglest-source,https://github.com/megaglest/megaglest-source/blob/08cf0c49fb1d7cfd0740abf7a59970573cf70d56/mk/cmake/Modules/FindGLIB2.cmake#L145,# libiconv,[],CMake,4,145,145
24071,megaglest/megaglest-source,https://github.com/megaglest/megaglest-source/blob/08cf0c49fb1d7cfd0740abf7a59970573cf70d56/mk/cmake/Modules/FindGLIB2.cmake#L187,##,[],CMake,2,187,187
24071,megaglest/megaglest-source,https://github.com/megaglest/megaglest-source/blob/08cf0c49fb1d7cfd0740abf7a59970573cf70d56/mk/cmake/Modules/FindGLIB2.cmake#L203,# show the GLIB2_INCLUDE_DIRS and GLIB2_LIBRARIES variables only in the advanced view,[],CMake,2,203,203
24071,megaglest/megaglest-source,https://github.com/megaglest/megaglest-source/blob/08cf0c49fb1d7cfd0740abf7a59970573cf70d56/mk/cmake/Modules/FindGLIB2.cmake#L211,"# Check if system has a newer version of glib
# which supports g_regex_match_simple",[],CMake,1,211,212
24071,megaglest/megaglest-source,https://github.com/megaglest/megaglest-source/blob/08cf0c49fb1d7cfd0740abf7a59970573cf70d56/mk/cmake/Modules/FindGLIB2.cmake#L216,# Reset CMAKE_REQUIRED_INCLUDES,[],CMake,1,216,216
24071,megaglest/megaglest-source,https://github.com/megaglest/megaglest-source/blob/08cf0c49fb1d7cfd0740abf7a59970573cf70d56/mk/cmake/Modules/FindGoogleBreakpad.cmake#L1,# -*- cmake -*-,[],CMake,0,1,1
24071,megaglest/megaglest-source,https://github.com/megaglest/megaglest-source/blob/08cf0c49fb1d7cfd0740abf7a59970573cf70d56/mk/cmake/Modules/FindGoogleBreakpad.cmake#L3,"# - Find Google BreakPad
# Find the Google BreakPad includes and library
# This module defines
#  BREAKPAD_EXCEPTION_HANDLER_INCLUDE_DIR, where to find exception_handler.h, etc.
#  BREAKPAD_EXCEPTION_HANDLER_LIBRARIES, the libraries needed to use Google BreakPad.
#  BREAKPAD_EXCEPTION_HANDLER_FOUND, If false, do not try to use Google BreakPad.
# also defined, but not for general use are
#  BREAKPAD_EXCEPTION_HANDLER_LIBRARY, where to find the Google BreakPad library.",[],CMake,0,3,10
24071,megaglest/megaglest-source,https://github.com/megaglest/megaglest-source/blob/08cf0c49fb1d7cfd0740abf7a59970573cf70d56/mk/cmake/Modules/FindGoogleBreakpad.cmake#L20,#common/breakpad_types.h,[],CMake,1,20,20
24071,megaglest/megaglest-source,https://github.com/megaglest/megaglest-source/blob/08cf0c49fb1d7cfd0740abf7a59970573cf70d56/mk/cmake/Modules/FindGoogleBreakpad.cmake#L32,#SET(GoogleBreakpad_FIND_COMPONENTS common exception_handler client),[],CMake,1,32,32
24071,megaglest/megaglest-source,https://github.com/megaglest/megaglest-source/blob/08cf0c49fb1d7cfd0740abf7a59970573cf70d56/mk/cmake/Modules/FindGoogleBreakpad.cmake#L36,#IF(CMAKE_TRACE),[],CMake,0,36,36
24071,megaglest/megaglest-source,https://github.com/megaglest/megaglest-source/blob/08cf0c49fb1d7cfd0740abf7a59970573cf70d56/mk/cmake/Modules/FindGoogleBreakpad.cmake#L39,#ENDIF(CMAKE_TRACE),[],CMake,0,39,39
24071,megaglest/megaglest-source,https://github.com/megaglest/megaglest-source/blob/08cf0c49fb1d7cfd0740abf7a59970573cf70d56/mk/cmake/Modules/FindGoogleBreakpad.cmake#L48,#string(TOUPPER ${COMPONENT} UPPERCOMPONENT),[],CMake,2,48,48
24071,megaglest/megaglest-source,https://github.com/megaglest/megaglest-source/blob/08cf0c49fb1d7cfd0740abf7a59970573cf70d56/mk/cmake/Modules/FindGoogleBreakpad.cmake#L93,#		IF(CMAKE_TRACE),[],CMake,0,93,93
24071,megaglest/megaglest-source,https://github.com/megaglest/megaglest-source/blob/08cf0c49fb1d7cfd0740abf7a59970573cf70d56/mk/cmake/Modules/FindGoogleBreakpad.cmake#L97,#		ENDIF(CMAKE_TRACE),[],CMake,0,97,97
24071,megaglest/megaglest-source,https://github.com/megaglest/megaglest-source/blob/08cf0c49fb1d7cfd0740abf7a59970573cf70d56/mk/cmake/Modules/FindGoogleBreakpad.cmake#L102,#	IF(CMAKE_TRACE),[],CMake,0,102,102
24071,megaglest/megaglest-source,https://github.com/megaglest/megaglest-source/blob/08cf0c49fb1d7cfd0740abf7a59970573cf70d56/mk/cmake/Modules/FindGoogleBreakpad.cmake#L104,#	ENDIF(CMAKE_TRACE),[],CMake,0,104,104
24071,megaglest/megaglest-source,https://github.com/megaglest/megaglest-source/blob/08cf0c49fb1d7cfd0740abf7a59970573cf70d56/mk/cmake/Modules/FindGoogleBreakpad.cmake#L122,#	IF(CMAKE_TRACE),[],CMake,0,122,122
24071,megaglest/megaglest-source,https://github.com/megaglest/megaglest-source/blob/08cf0c49fb1d7cfd0740abf7a59970573cf70d56/mk/cmake/Modules/FindGoogleBreakpad.cmake#L124,#	ENDIF(CMAKE_TRACE),[],CMake,0,124,124
24071,megaglest/megaglest-source,https://github.com/megaglest/megaglest-source/blob/08cf0c49fb1d7cfd0740abf7a59970573cf70d56/mk/cmake/Modules/FindGoogleBreakpad.cmake#L132,#SET(BREAKPAD_FOUND FALSE),[],CMake,2,132,132
24071,megaglest/megaglest-source,https://github.com/megaglest/megaglest-source/blob/08cf0c49fb1d7cfd0740abf7a59970573cf70d56/mk/cmake/Modules/FindIrcclient.cmake#L1,"# Locate ircclient library
# This module defines
#  IRCCLIENT_FOUND, if false, do not try to link to IRCCLIENT
#  IRCCLIENT_LIBRARY, the libircclient variant
#  IRCCLIENT_INCLUDE_DIR, where to find libircclient.h and family)
#
# Note that the expected include convention is
#  #include ""libircclient.h""
# and not
#  #include <libircclient/libircclient.h>
# This is because, the ircclient location is not standardized and may exist
# in locations other than libircclient/",[],CMake,0,1,12
24071,megaglest/megaglest-source,https://github.com/megaglest/megaglest-source/blob/08cf0c49fb1d7cfd0740abf7a59970573cf70d56/mk/cmake/Modules/FindIrcclient.cmake#L14,"#=============================================================================
# Copyright 2011 Mark Vejvoda
#
# Distributed under the OSI-approved BSD License (the ""License"");
# see accompanying file Copyright.txt for details.
#
# This software is distributed WITHOUT ANY WARRANTY; without even the
# implied warranty of MERCHANTABILITY or FITNESS FOR A PARTICULAR PURPOSE.
# See the License for more information.
#=============================================================================
# (To distributed this file outside of CMake, substitute the full
#  License text for the above reference.)",[],CMake,0,14,25
24071,megaglest/megaglest-source,https://github.com/megaglest/megaglest-source/blob/08cf0c49fb1d7cfd0740abf7a59970573cf70d56/mk/cmake/Modules/FindIrcclient.cmake#L36,# Fink,[],CMake,6,36,36
24071,megaglest/megaglest-source,https://github.com/megaglest/megaglest-source/blob/08cf0c49fb1d7cfd0740abf7a59970573cf70d56/mk/cmake/Modules/FindIrcclient.cmake#L37,# DarwinPorts,[],CMake,13,37,37
24071,megaglest/megaglest-source,https://github.com/megaglest/megaglest-source/blob/08cf0c49fb1d7cfd0740abf7a59970573cf70d56/mk/cmake/Modules/FindIrcclient.cmake#L38,# Blastwave,[],CMake,11,38,38
24071,megaglest/megaglest-source,https://github.com/megaglest/megaglest-source/blob/08cf0c49fb1d7cfd0740abf7a59970573cf70d56/mk/cmake/Modules/FindIrcclient.cmake#L67,"# handle the QUIETLY and REQUIRED arguments and set IRCCLIENT_FOUND to TRUE if
# all listed variables are TRUE",[],CMake,0,67,68
24071,megaglest/megaglest-source,https://github.com/megaglest/megaglest-source/blob/08cf0c49fb1d7cfd0740abf7a59970573cf70d56/mk/cmake/Modules/FindLIBVLC.cmake#L2,"# CMake module to search for LIBVLC (VLC library)
# Authors: Rohit Yadav <rohityadav89@gmail.com>
#          Harald Sitter <apachelogger@ubuntu.com>
#
# If it's found it sets LIBVLC_FOUND to TRUE
# and following variables are set:
#    LIBVLC_INCLUDE_DIR
#    LIBVLC_LIBRARY
#    LIBVLC_VERSION
#    LIBVLC_VERSION_PRE_V2
#    LIBVLC_VERSION_PRE_1_1_0",[],CMake,0,2,12
24071,megaglest/megaglest-source,https://github.com/megaglest/megaglest-source/blob/08cf0c49fb1d7cfd0740abf7a59970573cf70d56/mk/cmake/Modules/FindLIBVLC.cmake#L18,"# find_path and find_library normally search standard locations
# before the specified paths. To search non-standard paths first,
# FIND_* is invoked first with specified paths and NO_DEFAULT_PATH
# and then again with no specified paths to search the default
# locations. When an earlier FIND_* succeeds, subsequent FIND_*s
# searching for the same item do nothing.",[],CMake,0,18,23
24071,megaglest/megaglest-source,https://github.com/megaglest/megaglest-source/blob/08cf0c49fb1d7cfd0740abf7a59970573cf70d56/mk/cmake/Modules/FindLIBVLC.cmake#L31,"#Put here path to custom location
#example: /home/user/vlc/include etc..",[],CMake,0,31,32
24071,megaglest/megaglest-source,https://github.com/megaglest/megaglest-source/blob/08cf0c49fb1d7cfd0740abf7a59970573cf70d56/mk/cmake/Modules/FindLIBVLC.cmake#L42,#mingw,[],CMake,4,42,42
24071,megaglest/megaglest-source,https://github.com/megaglest/megaglest-source/blob/08cf0c49fb1d7cfd0740abf7a59970573cf70d56/mk/cmake/Modules/FindLIBVLC.cmake#L52,# dream on libvlc doesn't support static linking,[],CMake,0,52,52
24071,megaglest/megaglest-source,https://github.com/megaglest/megaglest-source/blob/08cf0c49fb1d7cfd0740abf7a59970573cf70d56/mk/cmake/Modules/FindLIBVLC.cmake#L55,"#IF(WANT_STATIC_LIBS)
#    set(LIBVLC_LIB_NAMES libvlc.a ${LIBVLC_LIB_NAMES})
#    set(LIBVLC_LIB_CORE_NAMES libvlccore.a ${LIBVLC_LIB_CORE_NAMES})",[],CMake,0,55,57
24071,megaglest/megaglest-source,https://github.com/megaglest/megaglest-source/blob/08cf0c49fb1d7cfd0740abf7a59970573cf70d56/mk/cmake/Modules/FindLIBVLC.cmake#L59,"#    message(STATUS ""Looking for LIBVLC static libs"")
#ENDIF()",[],CMake,0,59,60
24071,megaglest/megaglest-source,https://github.com/megaglest/megaglest-source/blob/08cf0c49fb1d7cfd0740abf7a59970573cf70d56/mk/cmake/Modules/FindLIBVLC.cmake#L62,"#Put here path to custom location
#example: /home/user/vlc/lib etc..",[],CMake,0,62,63
24071,megaglest/megaglest-source,https://github.com/megaglest/megaglest-source/blob/08cf0c49fb1d7cfd0740abf7a59970573cf70d56/mk/cmake/Modules/FindLIBVLC.cmake#L68,#mingw,[],CMake,4,68,68
24071,megaglest/megaglest-source,https://github.com/megaglest/megaglest-source/blob/08cf0c49fb1d7cfd0740abf7a59970573cf70d56/mk/cmake/Modules/FindLIBVLC.cmake#L81,#mingw,[],CMake,4,81,81
24071,megaglest/megaglest-source,https://github.com/megaglest/megaglest-source/blob/08cf0c49fb1d7cfd0740abf7a59970573cf70d56/mk/cmake/Modules/FindLIBVLC.cmake#L101,"# only activate once version detection can be guaranteed (which is currently not the case on windows)
#     set(LIBVLC_FOUND FALSE)",[],CMake,0,101,102
24071,megaglest/megaglest-source,https://github.com/megaglest/megaglest-source/blob/08cf0c49fb1d7cfd0740abf7a59970573cf70d56/mk/cmake/Modules/FindLUA.cmake#L1,"#.rst:
# FindLua
# -------
#
#
#
# Locate Lua library This module defines
#
# ::
#
#   LUA_FOUND          - if false, do not try to link to Lua
#   LUA_LIBRARIES      - both lua and lualib
#   LUA_INCLUDE_DIR    - where to find lua.h
#   LUA_VERSION_STRING - the version of Lua found
#   LUA_VERSION_MAJOR  - the major version of Lua
#   LUA_VERSION_MINOR  - the minor version of Lua
#   LUA_VERSION_PATCH  - the patch version of Lua
#
#
#
# Note that the expected include convention is
#
# ::
#
#   #include ""lua.h""
#
# and not
#
# ::
#
#   #include <lua/lua.h>
#
# This is because, the lua location is not standardized and may exist in
# locations other than lua/",[],CMake,0,1,34
24071,megaglest/megaglest-source,https://github.com/megaglest/megaglest-source/blob/08cf0c49fb1d7cfd0740abf7a59970573cf70d56/mk/cmake/Modules/FindLUA.cmake#L36,"#=============================================================================
# Copyright 2007-2009 Kitware, Inc.
# Copyright 2013 Rolf Eike Beer <eike@sf-mail.de>
# Copyright 2015 filux <heross(@@)o2.pl>
#
# Distributed under the OSI-approved BSD License (the ""License"");
# see accompanying file Copyright.txt for details.
#
# This software is distributed WITHOUT ANY WARRANTY; without even the
# implied warranty of MERCHANTABILITY or FITNESS FOR A PARTICULAR PURPOSE.
# See the License for more information.
#=============================================================================
# (To distribute this file outside of CMake, substitute the full
#  License text for the above reference.)",[],CMake,0,36,49
24071,megaglest/megaglest-source,https://github.com/megaglest/megaglest-source/blob/08cf0c49fb1d7cfd0740abf7a59970573cf70d56/mk/cmake/Modules/FindLUA.cmake#L64,# this is a function only to have all the variables inside go away automatically,[],CMake,0,64,64
24071,megaglest/megaglest-source,https://github.com/megaglest/megaglest-source/blob/08cf0c49fb1d7cfd0740abf7a59970573cf70d56/mk/cmake/Modules/FindLUA.cmake#L71,# once there is a different major version supported this should become a loop,[],CMake,8,71,71
24071,megaglest/megaglest-source,https://github.com/megaglest/megaglest-source/blob/08cf0c49fb1d7cfd0740abf7a59970573cf70d56/mk/cmake/Modules/FindLUA.cmake#L84,# once there is a different major version supported this should become a loop,[],CMake,8,84,84
24071,megaglest/megaglest-source,https://github.com/megaglest/megaglest-source/blob/08cf0c49fb1d7cfd0740abf7a59970573cf70d56/mk/cmake/Modules/FindLUA.cmake#L125,# Fink,[],CMake,6,125,125
24071,megaglest/megaglest-source,https://github.com/megaglest/megaglest-source/blob/08cf0c49fb1d7cfd0740abf7a59970573cf70d56/mk/cmake/Modules/FindLUA.cmake#L126,# DarwinPorts,[],CMake,13,126,126
24071,megaglest/megaglest-source,https://github.com/megaglest/megaglest-source/blob/08cf0c49fb1d7cfd0740abf7a59970573cf70d56/mk/cmake/Modules/FindLUA.cmake#L127,# Blastwave,[],CMake,11,127,127
24071,megaglest/megaglest-source,https://github.com/megaglest/megaglest-source/blob/08cf0c49fb1d7cfd0740abf7a59970573cf70d56/mk/cmake/Modules/FindLUA.cmake#L133,"# at least in mac ports, static lib is without numbers in name",[],CMake,2,133,133
24071,megaglest/megaglest-source,https://github.com/megaglest/megaglest-source/blob/08cf0c49fb1d7cfd0740abf7a59970573cf70d56/mk/cmake/Modules/FindLUA.cmake#L153,# include the math library for Unix,[],CMake,4,153,153
24071,megaglest/megaglest-source,https://github.com/megaglest/megaglest-source/blob/08cf0c49fb1d7cfd0740abf7a59970573cf70d56/mk/cmake/Modules/FindLUA.cmake#L157,"# For Windows and Mac, don't need to explicitly include the math library",[],CMake,4,157,157
24071,megaglest/megaglest-source,https://github.com/megaglest/megaglest-source/blob/08cf0c49fb1d7cfd0740abf7a59970573cf70d56/mk/cmake/Modules/FindLUA.cmake#L164,"# At least 5.[012] have different ways to express the version
# so all of them need to be tested. Lua 5.2 defines LUA_VERSION
# and LUA_RELEASE as joined by the C preprocessor, so avoid those.",[],CMake,4,164,166
24071,megaglest/megaglest-source,https://github.com/megaglest/megaglest-source/blob/08cf0c49fb1d7cfd0740abf7a59970573cf70d56/mk/cmake/Modules/FindLUA.cmake#L189,"# handle the QUIETLY and REQUIRED arguments and set LUA_FOUND to TRUE if
# all listed variables are TRUE",[],CMake,0,189,190
24071,megaglest/megaglest-source,https://github.com/megaglest/megaglest-source/blob/08cf0c49fb1d7cfd0740abf7a59970573cf70d56/mk/cmake/Modules/FindMiniupnpc.cmake#L1,"# Locate miniupnp library
# This module defines
#  MINIUPNP_FOUND, if false, do not try to link to miniupnp
#  MINIUPNP_LIBRARY, the miniupnp variant
#  MINIUPNP_INCLUDE_DIR, where to find miniupnpc.h and family)
#  MINIUPNPC_VERSION_PRE1_6 --> set if we detect the version of miniupnpc is
#                               pre 1.6
#  MINIUPNPC_VERSION_PRE1_5 --> set if we detect the version of miniupnpc is
#                               pre 1.5
#
# Note that the expected include convention is
#  #include ""miniupnpc.h""
# and not
#  #include <miniupnpc/miniupnpc.h>
# This is because, the miniupnpc location is not standardized and may exist
# in locations other than miniupnpc/",[],CMake,0,1,16
24071,megaglest/megaglest-source,https://github.com/megaglest/megaglest-source/blob/08cf0c49fb1d7cfd0740abf7a59970573cf70d56/mk/cmake/Modules/FindMiniupnpc.cmake#L18,"#=============================================================================
# Copyright 2011 Mark Vejvoda
#
# Distributed under the OSI-approved BSD License (the ""License"");
# see accompanying file Copyright.txt for details.
#
# This software is distributed WITHOUT ANY WARRANTY; without even the
# implied warranty of MERCHANTABILITY or FITNESS FOR A PARTICULAR PURPOSE.
# See the License for more information.
#=============================================================================
# (To distributed this file outside of CMake, substitute the full
#  License text for the above reference.)",[],CMake,0,18,29
24071,megaglest/megaglest-source,https://github.com/megaglest/megaglest-source/blob/08cf0c49fb1d7cfd0740abf7a59970573cf70d56/mk/cmake/Modules/FindMiniupnpc.cmake#L34,"# Already in cache, be silent",[],CMake,2,34,34
24071,megaglest/megaglest-source,https://github.com/megaglest/megaglest-source/blob/08cf0c49fb1d7cfd0740abf7a59970573cf70d56/mk/cmake/Modules/FindMiniupnpc.cmake#L40,"#find_path(MINIUPNP_INCLUDE_DIR miniupnpc.h
#   PATH_SUFFIXES miniupnpc)",[],CMake,0,40,41
24071,megaglest/megaglest-source,https://github.com/megaglest/megaglest-source/blob/08cf0c49fb1d7cfd0740abf7a59970573cf70d56/mk/cmake/Modules/FindMiniupnpc.cmake#L49,"#message(STATUS ""Finding miniupnpc.h result: ${MINIUPNP_INCLUDE_DIR}"")",[],CMake,0,49,49
24071,megaglest/megaglest-source,https://github.com/megaglest/megaglest-source/blob/08cf0c49fb1d7cfd0740abf7a59970573cf70d56/mk/cmake/Modules/FindMiniupnpc.cmake#L51,#find_library(MINIUPNP_LIBRARY miniupnpc),[],CMake,0,51,51
24071,megaglest/megaglest-source,https://github.com/megaglest/megaglest-source/blob/08cf0c49fb1d7cfd0740abf7a59970573cf70d56/mk/cmake/Modules/FindMiniupnpc.cmake#L60,"#message(STATUS ""Finding miniupnpc lib result: ${MINIUPNP_LIBRARY}"")",[],CMake,0,60,60
24071,megaglest/megaglest-source,https://github.com/megaglest/megaglest-source/blob/08cf0c49fb1d7cfd0740abf7a59970573cf70d56/mk/cmake/Modules/FindMiniupnpc.cmake#L67,"#message (STATUS ""Found the miniupnpc libraries at ${MINIUPNP_LIBRARY}"")",[],CMake,4,67,67
24071,megaglest/megaglest-source,https://github.com/megaglest/megaglest-source/blob/08cf0c49fb1d7cfd0740abf7a59970573cf70d56/mk/cmake/Modules/FindMiniupnpc.cmake#L71,"#message(STATUS ""Detecting version of miniupnpc in path: ${MINIUPNP_INCLUDE_DIR}"")",[],CMake,2,71,71
24071,megaglest/megaglest-source,https://github.com/megaglest/megaglest-source/blob/08cf0c49fb1d7cfd0740abf7a59970573cf70d56/mk/cmake/Modules/FindOGG.cmake#L1,"# Defines
#  OGG_FOUND
#  OGG_INCLUDE_DIR
#  OGG_LIBRARY
#  VORBIS_LIBRARY
#  VORBIS_FILE_LIBRARY
#",[],CMake,0,1,7
24071,megaglest/megaglest-source,https://github.com/megaglest/megaglest-source/blob/08cf0c49fb1d7cfd0740abf7a59970573cf70d56/mk/cmake/Modules/FindOGG.cmake#L9,# check for cache to avoid littering log,[],CMake,0,9,9
24071,megaglest/megaglest-source,https://github.com/megaglest/megaglest-source/blob/08cf0c49fb1d7cfd0740abf7a59970573cf70d56/mk/cmake/Modules/FindOGG.cmake#L28,"#on macos the vorbisfile library is part of the vorbisone...
#IF(NOT APPLE)
# comment above is full of lies",[],CMake,0,28,30
24071,megaglest/megaglest-source,https://github.com/megaglest/megaglest-source/blob/08cf0c49fb1d7cfd0740abf7a59970573cf70d56/mk/cmake/Modules/FindOGG.cmake#L38,#ENDIF(NOT APPLE),[],CMake,0,38,38
24071,megaglest/megaglest-source,https://github.com/megaglest/megaglest-source/blob/08cf0c49fb1d7cfd0740abf7a59970573cf70d56/mk/cmake/Modules/FindSDL2.cmake#L1,"# Locate SDL2 library
# This module defines
# SDL2_LIBRARY, the name of the library to link against
# SDL2_FOUND, if false, do not try to link to SDL2
# SDL2_INCLUDE_DIR, where to find SDL.h
#
# This module responds to the the flag:
# SDL2_BUILDING_LIBRARY
# If this is defined, then no SDL2_main will be linked in because
# only applications need main().
# Otherwise, it is assumed you are building an application and this
# module will attempt to locate and set the the proper link flags
# as part of the returned SDL2_LIBRARY variable.
#
# Don't forget to include SDL2main.h and SDL2main.m your project for the
# OS X framework based version. (Other versions link to -lSDL2main which
# this module will try to find on your behalf.) Also for OS X, this
# module will automatically add the -framework Cocoa on your behalf.
#
#
# Additional Note: If you see an empty SDL2_LIBRARY_TEMP in your configuration
# and no SDL2_LIBRARY, it means CMake did not find your SDL2 library
# (SDL2.dll, libsdl2.so, SDL2.framework, etc).
# Set SDL2_LIBRARY_TEMP to point to your SDL2 library, and configure again.
# Similarly, if you see an empty SDL2MAIN_LIBRARY, you should set this value
# as appropriate. These values are used to generate the final SDL2_LIBRARY
# variable, but when these values are unset, SDL2_LIBRARY does not get created.
#
#
# $SDL2DIR is an environment variable that would
# correspond to the ./configure --prefix=$SDL2DIR
# used in building SDL2.
# l.e.galup  9-20-02
#
# Modified by Eric Wing.
# Added code to assist with automated building by using environmental variables
# and providing a more controlled/consistent search behavior.
# Added new modifications to recognize OS X frameworks and
# additional Unix paths (FreeBSD, etc).
# Also corrected the header search path to follow ""proper"" SDL2 guidelines.
# Added a search for SDL2main which is needed by some platforms.
# Added a search for threads which is needed by some platforms.
# Added needed compile switches for MinGW.
#
# On OSX, this will prefer the Framework version (if found) over others.
# People will have to manually change the cache values of
# SDL2_LIBRARY to override this selection or set the CMake environment
# CMAKE_INCLUDE_PATH to modify the search paths.
#
# Note that the header path has changed from SDL2/SDL.h to just SDL.h
# This needed to change because ""proper"" SDL2 convention
# is #include ""SDL.h"", not <SDL2/SDL.h>. This is done for portability
# reasons because not all systems place things in SDL2/ (see FreeBSD).
#
# Ported by Johnny Patterson. This is a literal port for SDL2 of the FindSDL.cmake
# module with the minor edit of changing ""SDL"" to ""SDL2"" where necessary. This
# was not created for redistribution, and exists temporarily pending official
# SDL2 CMake modules.",[],CMake,0,1,58
24071,megaglest/megaglest-source,https://github.com/megaglest/megaglest-source/blob/08cf0c49fb1d7cfd0740abf7a59970573cf70d56/mk/cmake/Modules/FindSDL2.cmake#L60,"#=============================================================================
# Copyright 2003-2009 Kitware, Inc.
#
# Distributed under the OSI-approved BSD License (the ""License"");
# see accompanying file Copyright.txt for details.
#
# This software is distributed WITHOUT ANY WARRANTY; without even the
# implied warranty of MERCHANTABILITY or FITNESS FOR A PARTICULAR PURPOSE.
# See the License for more information.
#=============================================================================
# (To distribute this file outside of CMake, substitute the full
#  License text for the above reference.)",[],CMake,0,60,71
24071,megaglest/megaglest-source,https://github.com/megaglest/megaglest-source/blob/08cf0c49fb1d7cfd0740abf7a59970573cf70d56/mk/cmake/Modules/FindSDL2.cmake#L82,# Fink,[],CMake,8,82,82
24071,megaglest/megaglest-source,https://github.com/megaglest/megaglest-source/blob/08cf0c49fb1d7cfd0740abf7a59970573cf70d56/mk/cmake/Modules/FindSDL2.cmake#L83,# DarwinPorts,[],CMake,15,83,83
24071,megaglest/megaglest-source,https://github.com/megaglest/megaglest-source/blob/08cf0c49fb1d7cfd0740abf7a59970573cf70d56/mk/cmake/Modules/FindSDL2.cmake#L84,# Blastwave,[],CMake,13,84,84
24071,megaglest/megaglest-source,https://github.com/megaglest/megaglest-source/blob/08cf0c49fb1d7cfd0740abf7a59970573cf70d56/mk/cmake/Modules/FindSDL2.cmake#L87,"#MESSAGE(""SDL2_INCLUDE_DIR is ${SDL2_INCLUDE_DIR}"")",[],CMake,0,87,87
24071,megaglest/megaglest-source,https://github.com/megaglest/megaglest-source/blob/08cf0c49fb1d7cfd0740abf7a59970573cf70d56/mk/cmake/Modules/FindSDL2.cmake#L100,"#MESSAGE(""SDL2_LIBRARY_TEMP is ${SDL2_LIBRARY_TEMP}"")",[],CMake,0,100,100
24071,megaglest/megaglest-source,https://github.com/megaglest/megaglest-source/blob/08cf0c49fb1d7cfd0740abf7a59970573cf70d56/mk/cmake/Modules/FindSDL2.cmake#L104,"# Non-OS X framework versions expect you to also dynamically link to
# SDL2main. This is mainly for Windows and OS X. Other (Unix) platforms
# seem to provide SDL2main for compatibility even though they don't
# necessarily need it.",[],CMake,1,104,107
24071,megaglest/megaglest-source,https://github.com/megaglest/megaglest-source/blob/08cf0c49fb1d7cfd0740abf7a59970573cf70d56/mk/cmake/Modules/FindSDL2.cmake#L122,"# SDL2 may require threads on your system.
# The Apple build may not need an explicit flag because one of the
# frameworks may already provide it.
# But for non-OSX systems, I will use the CMake Threads package.",[],CMake,0,122,125
24071,megaglest/megaglest-source,https://github.com/megaglest/megaglest-source/blob/08cf0c49fb1d7cfd0740abf7a59970573cf70d56/mk/cmake/Modules/FindSDL2.cmake#L130,"# MinGW needs an additional library, mwindows
# It's total link flags should look like -lmingw32 -lSDL2main -lSDL2 -lmwindows
# (Actually on second look, I think it only needs one of the m* libraries.)",[],CMake,0,130,132
24071,megaglest/megaglest-source,https://github.com/megaglest/megaglest-source/blob/08cf0c49fb1d7cfd0740abf7a59970573cf70d56/mk/cmake/Modules/FindSDL2.cmake#L139,# For SDL2main,[],CMake,4,139,139
24071,megaglest/megaglest-source,https://github.com/megaglest/megaglest-source/blob/08cf0c49fb1d7cfd0740abf7a59970573cf70d56/mk/cmake/Modules/FindSDL2.cmake#L146,"# For OS X, SDL2 uses Cocoa as a backend so it must link to Cocoa.
# CMake doesn't display the -framework Cocoa string in the UI even
# though it actually is there if I modify a pre-used variable.
# I think it has something to do with the CACHE STRING.
# So I use a temporary variable until the end so I can set the
# ""real"" variable in one-shot.",[],CMake,4,146,151
24071,megaglest/megaglest-source,https://github.com/megaglest/megaglest-source/blob/08cf0c49fb1d7cfd0740abf7a59970573cf70d56/mk/cmake/Modules/FindSDL2.cmake#L156,"# For threads, as mentioned Apple doesn't need this.
# In fact, there seems to be a problem if I used the Threads package
# and try using this line, so I'm just skipping it entirely for OS X.",[],CMake,4,156,158
24071,megaglest/megaglest-source,https://github.com/megaglest/megaglest-source/blob/08cf0c49fb1d7cfd0740abf7a59970573cf70d56/mk/cmake/Modules/FindSDL2.cmake#L163,# For MinGW library,[],CMake,4,163,163
24071,megaglest/megaglest-source,https://github.com/megaglest/megaglest-source/blob/08cf0c49fb1d7cfd0740abf7a59970573cf70d56/mk/cmake/Modules/FindSDL2.cmake#L168,# Set the final string here so the GUI reflects the final state.,[],CMake,4,168,168
24071,megaglest/megaglest-source,https://github.com/megaglest/megaglest-source/blob/08cf0c49fb1d7cfd0740abf7a59970573cf70d56/mk/cmake/Modules/FindSDL2.cmake#L170,# Set the temp variable to INTERNAL so it is not seen in the CMake GUI,[],CMake,4,170,170
24071,megaglest/megaglest-source,https://github.com/megaglest/megaglest-source/blob/08cf0c49fb1d7cfd0740abf7a59970573cf70d56/mk/cmake/Modules/FindSDL2.cmake#L172,"#MESSAGE(""SDL2_LIBRARY is ${SDL2_LIBRARY}"")",[],CMake,4,172,172
24071,megaglest/megaglest-source,https://github.com/megaglest/megaglest-source/blob/08cf0c49fb1d7cfd0740abf7a59970573cf70d56/mk/cmake/Modules/FindXercesC.cmake#L1,"# - Find Xerces-C
# Find the Xerces-C includes and library
#
#  XERCESC_INCLUDE_DIR - Where to find xercesc include sub-directory.
#  XERCESC_LIBRARIES   - List of libraries when using Xerces-C.
#  XERCESC_FOUND       - True if Xerces-C found.",[],CMake,0,1,6
24071,megaglest/megaglest-source,https://github.com/megaglest/megaglest-source/blob/08cf0c49fb1d7cfd0740abf7a59970573cf70d56/mk/cmake/Modules/FindXercesC.cmake#L9,"#IF (XERCESC_INCLUDE_DIR)
# Already in cache, be silent.
#SET(XERCESC_FIND_QUIETLY TRUE)
#ENDIF (XERCESC_INCLUDE_DIR)",[],CMake,0,9,12
24071,megaglest/megaglest-source,https://github.com/megaglest/megaglest-source/blob/08cf0c49fb1d7cfd0740abf7a59970573cf70d56/mk/cmake/Modules/FindXercesC.cmake#L14,"#FIND_PATH(XERCESC_INCLUDE_DIR xercesc
#	PATH_SUFFIXES DOM/dom.hpp)",[],CMake,0,14,15
24071,megaglest/megaglest-source,https://github.com/megaglest/megaglest-source/blob/08cf0c49fb1d7cfd0740abf7a59970573cf70d56/mk/cmake/Modules/FindXercesC.cmake#L17,"#SET(XERCESC_NAMES xerces-c2_8_0 xerces-c xerces-c_3 xerces-c_2 Xerces)
#FIND_LIBRARY(XERCESC_LIBRARY NAMES ${XERCESC_NAMES} )",[],CMake,0,17,18
24071,megaglest/megaglest-source,https://github.com/megaglest/megaglest-source/blob/08cf0c49fb1d7cfd0740abf7a59970573cf70d56/mk/cmake/Modules/FindXercesC.cmake#L20,"# Handle the QUIETLY and REQUIRED arguments and set XERCESC_FOUND to
# TRUE if all listed variables are TRUE.
#INCLUDE(FindPackageHandleStandardArgs)
#FIND_PACKAGE_HANDLE_STANDARD_ARGS(XercesC DEFAULT_MSG XERCESC_LIBRARY XERCESC_INCLUDE_DIR)",[],CMake,0,20,23
24071,megaglest/megaglest-source,https://github.com/megaglest/megaglest-source/blob/08cf0c49fb1d7cfd0740abf7a59970573cf70d56/mk/cmake/Modules/FindXercesC.cmake#L25,"#IF(XERCESC_FOUND)
#	SET( XERCESC_LIBRARIES ${XERCESC_LIBRARY} )
#ELSE(XERCESC_FOUND)
#	SET( XERCESC_LIBRARIES )
#ENDIF(XERCESC_FOUND)",[],CMake,0,25,29
24071,megaglest/megaglest-source,https://github.com/megaglest/megaglest-source/blob/08cf0c49fb1d7cfd0740abf7a59970573cf70d56/mk/cmake/Modules/FindXercesC.cmake#L31,#MARK_AS_ADVANCED( XERCESC_LIBRARY XERCESC_INCLUDE_DIR ),[],CMake,0,31,31
24071,megaglest/megaglest-source,https://github.com/megaglest/megaglest-source/blob/08cf0c49fb1d7cfd0740abf7a59970573cf70d56/mk/cmake/Modules/FindXercesC.cmake#L33,########################### NEW CODE BELOW,[],CMake,0,33,33
24071,megaglest/megaglest-source,https://github.com/megaglest/megaglest-source/blob/08cf0c49fb1d7cfd0740abf7a59970573cf70d56/mk/cmake/Modules/FindXercesC.cmake#L35,"# - Try to find Xerces-C
# Once done this will define
#
#  XERCESC_FOUND - system has Xerces-C
#  XERCESC_INCLUDE - the Xerces-C include directory
#  XERCESC_LIBRARY - Link these to use Xerces-C
#  XERCESC_VERSION - Xerces-C found version",[],CMake,0,35,41
24071,megaglest/megaglest-source,https://github.com/megaglest/megaglest-source/blob/08cf0c49fb1d7cfd0740abf7a59970573cf70d56/mk/cmake/Modules/FindXercesC.cmake#L44,# in cache already,[],CMake,1,44,44
24071,megaglest/megaglest-source,https://github.com/megaglest/megaglest-source/blob/08cf0c49fb1d7cfd0740abf7a59970573cf70d56/mk/cmake/Modules/FindXercesC.cmake#L46,"#MESSAGE(STATUS ""Found cached Xerces-C lib [${XERCESC_LIBRARY}]"")",[],CMake,8,46,46
24071,megaglest/megaglest-source,https://github.com/megaglest/megaglest-source/blob/08cf0c49fb1d7cfd0740abf7a59970573cf70d56/mk/cmake/Modules/FindXercesC.cmake#L70,"#MESSAGE(STATUS ""Current Xerces-C lib [${XERCESC_LIBRARY}] XERCESC_INCLUDE [${XERCESC_INCLUDE}"")",[],CMake,0,70,70
24071,megaglest/megaglest-source,https://github.com/megaglest/megaglest-source/blob/08cf0c49fb1d7cfd0740abf7a59970573cf70d56/mk/cmake/Modules/FindXercesC.cmake#L87,"#SET(XERCESC_LIBRARY ""-Bstatic ${XERCESC_LIBRARY} -Bdynamic -licuuc -licudata"")",[],CMake,3,87,87
24071,megaglest/megaglest-source,https://github.com/megaglest/megaglest-source/blob/08cf0c49fb1d7cfd0740abf7a59970573cf70d56/mk/cmake/Modules/ReqVersAndStaticConf.cmake#L1,"#
# Required Versions And Static Config
#
# Things related with ""Static build"" and optional versioning.
#
# By assumption in general all should be done in the way that the default dynamic
# compilation should work even without this file.
#",[],CMake,0,1,8
24071,megaglest/megaglest-source,https://github.com/megaglest/megaglest-source/blob/08cf0c49fb1d7cfd0740abf7a59970573cf70d56/mk/cmake/Modules/ReqVersAndStaticConf.cmake#L12,# shared lib,[],CMake,5,12,12
24071,megaglest/megaglest-source,https://github.com/megaglest/megaglest-source/blob/08cf0c49fb1d7cfd0740abf7a59970573cf70d56/mk/cmake/Modules/ReqVersAndStaticConf.cmake#L30,# wxWidgets for tools,[],CMake,5,30,30
24071,megaglest/megaglest-source,https://github.com/megaglest/megaglest-source/blob/08cf0c49fb1d7cfd0740abf7a59970573cf70d56/mk/cmake/Modules/ReqVersAndStaticConf.cmake#L38,# wxWidgets by default are not available static,[],CMake,2,38,38
24071,megaglest/megaglest-source,https://github.com/megaglest/megaglest-source/blob/08cf0c49fb1d7cfd0740abf7a59970573cf70d56/mk/cmake/Modules/ReqVersAndStaticConf.cmake#L42,# only libs not used by shared lib,[],CMake,5,42,42
24071,megaglest/megaglest-source,https://github.com/megaglest/megaglest-source/blob/08cf0c49fb1d7cfd0740abf7a59970573cf70d56/mk/cmake/Modules/SpecialMacros.cmake#L1,# special macros SpecialMacros.cmake,[],CMake,0,1,1
24071,megaglest/megaglest-source,https://github.com/megaglest/megaglest-source/blob/08cf0c49fb1d7cfd0740abf7a59970573cf70d56/mk/cmake/Modules/SpecialMacros.cmake#L6,"#macro(special_add_library lib)
#  if (WIN32)
#    add_library(${lib} STATIC ${ARGN})
#  else (WIN32)
#    add_library(${lib} SHARED ${ARGN})
#  endif (WIN32)
#endmacro(special_add_library)",[],CMake,0,6,12
24071,megaglest/megaglest-source,https://github.com/megaglest/megaglest-source/blob/08cf0c49fb1d7cfd0740abf7a59970573cf70d56/mk/cmake/Modules/SpecialMacros.cmake#L19,# check for SSE extensions,[],CMake,2,19,19
24071,megaglest/megaglest-source,https://github.com/megaglest/megaglest-source/blob/08cf0c49fb1d7cfd0740abf7a59970573cf70d56/mk/cmake/Modules/SpecialMacros.cmake#L128,# check for X87 support,[],CMake,2,128,128
24071,megaglest/megaglest-source,https://github.com/megaglest/megaglest-source/blob/08cf0c49fb1d7cfd0740abf7a59970573cf70d56/mk/cmake/Modules/Toolchain-linux32.cmake#L1,# Target operating system and architecture,[],CMake,0,1,1
24071,megaglest/megaglest-source,https://github.com/megaglest/megaglest-source/blob/08cf0c49fb1d7cfd0740abf7a59970573cf70d56/mk/cmake/Modules/Toolchain-linux32.cmake#L5,"# C/C++ compilers
#set( CMAKE_C_COMPILER gcc -m32 )
#set( CMAKE_CXX_COMPILER g++ -m32 )",[],CMake,0,5,7
24071,megaglest/megaglest-source,https://github.com/megaglest/megaglest-source/blob/08cf0c49fb1d7cfd0740abf7a59970573cf70d56/mk/cmake/Modules/Toolchain-linux32.cmake#L11,"#set( CMAKE_EXE_LINKER_FLAGS ${CMAKE_EXE_LINKER_FLAGS} -m32)
#set( CMAKE_MODULE_LINKER_FLAGS ${CMAKE_MODULE_LINKER_FLAGS} -m32)
#set( CMAKE_SHARED_LINKER_FLAGS ${CMAKE_SHARED_LINKER_FLAGS} -m32)",[],CMake,0,11,13
24071,megaglest/megaglest-source,https://github.com/megaglest/megaglest-source/blob/08cf0c49fb1d7cfd0740abf7a59970573cf70d56/mk/cmake/Modules/Toolchain-linux32.cmake#L15,# Only look for libraries in lib32,[],CMake,0,15,15
24071,megaglest/megaglest-source,https://github.com/megaglest/megaglest-source/blob/08cf0c49fb1d7cfd0740abf7a59970573cf70d56/mk/cmake/Modules/Toolchain-linux32.cmake#L20,"#set(CMAKE_FIND_ROOT_PATH  /usr/lib32)
#set(CMAKE_FIND_ROOT_PATH_MODE_PROGRAM NEVER)
#set(CMAKE_FIND_ROOT_PATH_MODE_LIBRARY ONLY)
#set(CMAKE_FIND_ROOT_PATH_MODE_INCLUDE ONLY)",[],CMake,0,20,23
24071,megaglest/megaglest-source,https://github.com/megaglest/megaglest-source/blob/08cf0c49fb1d7cfd0740abf7a59970573cf70d56/mk/cmake/Modules/Toolchain-mingw32.cmake#L1,# the name of the target operating system,[],CMake,0,1,1
24071,megaglest/megaglest-source,https://github.com/megaglest/megaglest-source/blob/08cf0c49fb1d7cfd0740abf7a59970573cf70d56/mk/cmake/Modules/Toolchain-mingw32.cmake#L4,"# which compilers to use for C and C++
#SET(CMAKE_C_COMPILER i586-mingw32msvc-gcc)
#SET(CMAKE_CXX_COMPILER i586-mingw32msvc-g++)
#SET(CMAKE_RC_COMPILER i586-mingw32msvc-windres)",[],CMake,0,4,7
24071,megaglest/megaglest-source,https://github.com/megaglest/megaglest-source/blob/08cf0c49fb1d7cfd0740abf7a59970573cf70d56/mk/cmake/Modules/Toolchain-mingw32.cmake#L12,"# here is the target environment located
#SET(CMAKE_FIND_ROOT_PATH  /usr/i586-mingw32msvc ${PROJECT_SOURCE_DIR}/source/win32_deps/lib)",[],CMake,0,12,13
24071,megaglest/megaglest-source,https://github.com/megaglest/megaglest-source/blob/08cf0c49fb1d7cfd0740abf7a59970573cf70d56/mk/cmake/Modules/Toolchain-mingw32.cmake#L18,#add_definitions(-std=c++0x),[],CMake,0,18,18
24071,megaglest/megaglest-source,https://github.com/megaglest/megaglest-source/blob/08cf0c49fb1d7cfd0740abf7a59970573cf70d56/mk/cmake/Modules/Toolchain-mingw32.cmake#L23,"# adjust the default behaviour of the FIND_XXX() commands:
# search headers and libraries in the target environment, search 
# programs in the host environment",[],CMake,0,23,25
