repoIndex,repoName,linkLocation,comment,keywords,buildSysteminFile,charPosition,startLine,endLine
24107,keyvidev/keyvi,https://github.com/keyvidev/keyvi/blob/44189c1d563c89d82eff9bb548567ab9969769e2/CMakeLists.txt#L7,#### Build Type,[],CMake,0,7,7
24107,keyvidev/keyvi,https://github.com/keyvidev/keyvi/blob/44189c1d563c89d82eff9bb548567ab9969769e2/CMakeLists.txt#L12,#### Cmake modules,[],CMake,0,12,12
24107,keyvidev/keyvi,https://github.com/keyvidev/keyvi/blob/44189c1d563c89d82eff9bb548567ab9969769e2/CMakeLists.txt#L15,#### Compiler Flags ####,[],CMake,0,15,15
24107,keyvidev/keyvi,https://github.com/keyvidev/keyvi/blob/44189c1d563c89d82eff9bb548567ab9969769e2/CMakeLists.txt#L17,# configure C++11,[],CMake,0,17,17
24107,keyvidev/keyvi,https://github.com/keyvidev/keyvi/blob/44189c1d563c89d82eff9bb548567ab9969769e2/CMakeLists.txt#L21,"# keyvi specific compile options, definitions and flags",[],CMake,0,21,21
24107,keyvidev/keyvi,https://github.com/keyvidev/keyvi/blob/44189c1d563c89d82eff9bb548567ab9969769e2/CMakeLists.txt#L32,# OSX specifics,[],CMake,0,32,32
24107,keyvidev/keyvi,https://github.com/keyvidev/keyvi/blob/44189c1d563c89d82eff9bb548567ab9969769e2/CMakeLists.txt#L38,# build type specific settings,[],CMake,0,38,38
24107,keyvidev/keyvi,https://github.com/keyvidev/keyvi/blob/44189c1d563c89d82eff9bb548567ab9969769e2/CMakeLists.txt#L43,# link libraries,[],CMake,0,43,43
24107,keyvidev/keyvi,https://github.com/keyvidev/keyvi/blob/44189c1d563c89d82eff9bb548567ab9969769e2/CMakeLists.txt#L52,#### Dependencies ####,[],CMake,0,52,52
24107,keyvidev/keyvi,https://github.com/keyvidev/keyvi/blob/44189c1d563c89d82eff9bb548567ab9969769e2/CMakeLists.txt#L54,# tiny process library,[],CMake,0,54,54
24107,keyvidev/keyvi,https://github.com/keyvidev/keyvi/blob/44189c1d563c89d82eff9bb548567ab9969769e2/CMakeLists.txt#L60,# BOOST,[],CMake,0,60,60
24107,keyvidev/keyvi,https://github.com/keyvidev/keyvi/blob/44189c1d563c89d82eff9bb548567ab9969769e2/CMakeLists.txt#L81,"# required for libboost_zlib
# disable autolinking in boost",[],CMake,2,81,82
24107,keyvidev/keyvi,https://github.com/keyvidev/keyvi/blob/44189c1d563c89d82eff9bb548567ab9969769e2/CMakeLists.txt#L87,# required for endian specific functions,[],CMake,2,87,87
24107,keyvidev/keyvi,https://github.com/keyvidev/keyvi/blob/44189c1d563c89d82eff9bb548567ab9969769e2/CMakeLists.txt#L91,# Zlib,[],CMake,0,91,91
24107,keyvidev/keyvi,https://github.com/keyvidev/keyvi/blob/44189c1d563c89d82eff9bb548567ab9969769e2/CMakeLists.txt#L108,# snappy,[],CMake,0,108,108
24107,keyvidev/keyvi,https://github.com/keyvidev/keyvi/blob/44189c1d563c89d82eff9bb548567ab9969769e2/CMakeLists.txt#L121,# rapidjson,[],CMake,0,121,121
24107,keyvidev/keyvi,https://github.com/keyvidev/keyvi/blob/44189c1d563c89d82eff9bb548567ab9969769e2/CMakeLists.txt#L124,# utfcpp,[],CMake,0,124,124
24107,keyvidev/keyvi,https://github.com/keyvidev/keyvi/blob/44189c1d563c89d82eff9bb548567ab9969769e2/CMakeLists.txt#L129,# misc,[],CMake,0,129,129
24107,keyvidev/keyvi,https://github.com/keyvidev/keyvi/blob/44189c1d563c89d82eff9bb548567ab9969769e2/CMakeLists.txt#L134,# keyvi,[],CMake,0,134,134
24107,keyvidev/keyvi,https://github.com/keyvidev/keyvi/blob/44189c1d563c89d82eff9bb548567ab9969769e2/CMakeLists.txt#L138,# target_compile_options and target_compile_definitions expect a list,[],CMake,0,138,138
24107,keyvidev/keyvi,https://github.com/keyvidev/keyvi/blob/44189c1d563c89d82eff9bb548567ab9969769e2/CMakeLists.txt#L142,#### Targets ####,[],CMake,0,142,142
24107,keyvidev/keyvi,https://github.com/keyvidev/keyvi/blob/44189c1d563c89d82eff9bb548567ab9969769e2/CMakeLists.txt#L144,# keyvicompiler,[],CMake,0,144,144
24107,keyvidev/keyvi,https://github.com/keyvidev/keyvi/blob/44189c1d563c89d82eff9bb548567ab9969769e2/CMakeLists.txt#L153,# keyviinspector,[],CMake,0,153,153
24107,keyvidev/keyvi,https://github.com/keyvidev/keyvi/blob/44189c1d563c89d82eff9bb548567ab9969769e2/CMakeLists.txt#L162,# keyvimerger,[],CMake,0,162,162
24107,keyvidev/keyvi,https://github.com/keyvidev/keyvi/blob/44189c1d563c89d82eff9bb548567ab9969769e2/CMakeLists.txt#L171,# keyvi_c,[],CMake,0,171,171
24107,keyvidev/keyvi,https://github.com/keyvidev/keyvi/blob/44189c1d563c89d82eff9bb548567ab9969769e2/CMakeLists.txt#L178,# unit tests,[],CMake,0,178,178
24107,keyvidev/keyvi,https://github.com/keyvidev/keyvi/blob/44189c1d563c89d82eff9bb548567ab9969769e2/CMakeLists.txt#L189,# copies the dlls required to run to the build folder,[],CMake,2,189,189
24107,keyvidev/keyvi,https://github.com/keyvidev/keyvi/blob/44189c1d563c89d82eff9bb548567ab9969769e2/CMakeLists.txt#L197,# zlib might be stored in a different folder,[],CMake,1,197,197
24107,keyvidev/keyvi,https://github.com/keyvidev/keyvi/blob/44189c1d563c89d82eff9bb548567ab9969769e2/CMakeLists.txt#L206,# bindings,[],CMake,0,206,206
24107,keyvidev/keyvi,https://github.com/keyvidev/keyvi/blob/44189c1d563c89d82eff9bb548567ab9969769e2/CMakeLists.txt#L212,#### Configuration file for integrations and bindings ####,[],CMake,0,212,212
24107,keyvidev/keyvi,https://github.com/keyvidev/keyvi/blob/44189c1d563c89d82eff9bb548567ab9969769e2/CMakeLists.txt#L214,# expose all flags used,[],CMake,0,214,214
24107,keyvidev/keyvi,https://github.com/keyvidev/keyvi/blob/44189c1d563c89d82eff9bb548567ab9969769e2/CMakeLists.txt#L216,# includes,[],CMake,0,216,216
24107,keyvidev/keyvi,https://github.com/keyvidev/keyvi/blob/44189c1d563c89d82eff9bb548567ab9969769e2/CMakeLists.txt#L219,# compile flags,[],CMake,0,219,219
24107,keyvidev/keyvi,https://github.com/keyvidev/keyvi/blob/44189c1d563c89d82eff9bb548567ab9969769e2/CMakeLists.txt#L230,### docs,[],CMake,0,230,230
24107,keyvidev/keyvi,https://github.com/keyvidev/keyvi/blob/44189c1d563c89d82eff9bb548567ab9969769e2/CMakeLists.txt#L232,"# don't run it as part of a non-toplevel build, e.g. python",[],CMake,0,232,232
24107,keyvidev/keyvi,https://github.com/keyvidev/keyvi/blob/44189c1d563c89d82eff9bb548567ab9969769e2/CMakeLists.txt#L246,# for scanning the python extension,[],CMake,8,246,246
24107,keyvidev/keyvi,https://github.com/keyvidev/keyvi/blob/44189c1d563c89d82eff9bb548567ab9969769e2/keyvi/3rdparty/msgpack-c/CMakeLists.txt#L28,# matches Clang and AppleClang,[],CMake,3,28,28
24107,keyvidev/keyvi,https://github.com/keyvidev/keyvi/blob/44189c1d563c89d82eff9bb548567ab9969769e2/keyvi/3rdparty/msgpack-c/CMakeLists.txt#L44,"# MESSAGE ( FATAL_ERROR ""MSVC doesn't support C++17."")",[],CMake,9,44,44
24107,keyvidev/keyvi,https://github.com/keyvidev/keyvi/blob/44189c1d563c89d82eff9bb548567ab9969769e2/keyvi/3rdparty/msgpack-c/CMakeLists.txt#L148,# enable regression testing,[],CMake,0,148,148
24107,keyvidev/keyvi,https://github.com/keyvidev/keyvi/blob/44189c1d563c89d82eff9bb548567ab9969769e2/keyvi/3rdparty/msgpack-c/CMakeLists.txt#L172,# MEMORYCHECK_COMMAND_OPTIONS needs to place prior to CTEST_MEMORYCHECK_COMMAND,[],CMake,4,172,172
24107,keyvidev/keyvi,https://github.com/keyvidev/keyvi/blob/44189c1d563c89d82eff9bb548567ab9969769e2/keyvi/3rdparty/msgpack-c/CMakeLists.txt#L200,# Doxygen,[],CMake,0,200,200
24107,keyvidev/keyvi,https://github.com/keyvidev/keyvi/blob/44189c1d563c89d82eff9bb548567ab9969769e2/keyvi/3rdparty/msgpack-c/test/CMakeLists.txt#L58,# fuzzers are cpp11 only,[],CMake,8,58,58
24107,keyvidev/keyvi,https://github.com/keyvidev/keyvi/blob/44189c1d563c89d82eff9bb548567ab9969769e2/keyvi/3rdparty/rapidjson/CMakeLists.txt#L3,# detect Apple's Clang,[],CMake,2,3,3
24107,keyvidev/keyvi,https://github.com/keyvidev/keyvi/blob/44189c1d563c89d82eff9bb548567ab9969769e2/keyvi/3rdparty/rapidjson/CMakeLists.txt#L24,# compile in release with debug info mode by default,[],CMake,0,24,24
24107,keyvidev/keyvi,https://github.com/keyvidev/keyvi/blob/44189c1d563c89d82eff9bb548567ab9969769e2/keyvi/3rdparty/rapidjson/CMakeLists.txt#L29,# Build all binaries in a separate directory,[],CMake,0,29,29
24107,keyvidev/keyvi,https://github.com/keyvidev/keyvi/blob/44189c1d563c89d82eff9bb548567ab9969769e2/keyvi/3rdparty/rapidjson/CMakeLists.txt#L132,"# CMake >= 3.10 should handle the above CMAKE_CXX_STANDARD fine, otherwise use /std:c++XX with MSVC >= 19.10",[],CMake,4,132,132
24107,keyvidev/keyvi,https://github.com/keyvidev/keyvi/blob/44189c1d563c89d82eff9bb548567ab9969769e2/keyvi/3rdparty/rapidjson/CMakeLists.txt#L138,# Always compile with /WX,[],CMake,4,138,138
24107,keyvidev/keyvi,https://github.com/keyvidev/keyvi/blob/44189c1d563c89d82eff9bb548567ab9969769e2/keyvi/3rdparty/rapidjson/CMakeLists.txt#L148,#add extra search paths for libraries and includes,[],CMake,0,148,148
24107,keyvidev/keyvi,https://github.com/keyvidev/keyvi/blob/44189c1d563c89d82eff9bb548567ab9969769e2/keyvi/3rdparty/rapidjson/CMakeLists.txt#L176,# required for VS2012 due to missing support for variadic templates,[],CMake,8,176,176
24107,keyvidev/keyvi,https://github.com/keyvidev/keyvi/blob/44189c1d563c89d82eff9bb548567ab9969769e2/keyvi/3rdparty/rapidjson/CMakeLists.txt#L183,# pkg-config,[],CMake,0,183,183
24107,keyvidev/keyvi,https://github.com/keyvidev/keyvi/blob/44189c1d563c89d82eff9bb548567ab9969769e2/keyvi/3rdparty/rapidjson/CMakeLists.txt#L204,"# Following patterns are for excluding the intermediate/object files
# from an install of in-source CMake build.",[],CMake,4,204,205
24107,keyvidev/keyvi,https://github.com/keyvidev/keyvi/blob/44189c1d563c89d82eff9bb548567ab9969769e2/keyvi/3rdparty/rapidjson/CMakeLists.txt#L210,"# Provide config and version files to be used by other applications
# ===============================",[],CMake,0,210,211
24107,keyvidev/keyvi,https://github.com/keyvidev/keyvi/blob/44189c1d563c89d82eff9bb548567ab9969769e2/keyvi/3rdparty/rapidjson/CMakeLists.txt#L213,"################################################################################
# Export package for use from the build tree",[],CMake,0,213,214
24107,keyvidev/keyvi,https://github.com/keyvidev/keyvi/blob/44189c1d563c89d82eff9bb548567ab9969769e2/keyvi/3rdparty/rapidjson/CMakeLists.txt#L217,"# Create the RapidJSONConfig.cmake file for other cmake projects.
# ... for the build tree",[],CMake,0,217,218
24107,keyvidev/keyvi,https://github.com/keyvidev/keyvi/blob/44189c1d563c89d82eff9bb548567ab9969769e2/keyvi/3rdparty/rapidjson/CMakeLists.txt#L228,# ... for the install tree,[],CMake,0,228,228
24107,keyvidev/keyvi,https://github.com/keyvidev/keyvi/blob/44189c1d563c89d82eff9bb548567ab9969769e2/keyvi/3rdparty/rapidjson/CMakeLists.txt#L243,# Install files,[],CMake,0,243,243
24107,keyvidev/keyvi,https://github.com/keyvidev/keyvi/blob/44189c1d563c89d82eff9bb548567ab9969769e2/keyvi/3rdparty/rapidjson/test/unittest/CMakeLists.txt#L45,"# If the user is running a newer version of Clang that includes the
# -Wdouble-promotion, we will ignore that warning.",[],CMake,4,45,46
24107,keyvidev/keyvi,https://github.com/keyvidev/keyvi/blob/44189c1d563c89d82eff9bb548567ab9969769e2/keyvi/3rdparty/rapidjson/test/unittest/CMakeLists.txt#L54,# Force to always compile with /W4,[],CMake,4,54,54
24107,keyvidev/keyvi,https://github.com/keyvidev/keyvi/blob/44189c1d563c89d82eff9bb548567ab9969769e2/keyvi/3rdparty/rapidjson/test/unittest/CMakeLists.txt#L61,# Force to always compile with /WX,[],CMake,4,61,61
24107,keyvidev/keyvi,https://github.com/keyvidev/keyvi/blob/44189c1d563c89d82eff9bb548567ab9969769e2/keyvi/3rdparty/rapidjson/test/unittest/CMakeLists.txt#L83,# Not running SIMD.* unit test cases for Valgrind,[],CMake,4,83,83
24107,keyvidev/keyvi,https://github.com/keyvidev/keyvi/blob/44189c1d563c89d82eff9bb548567ab9969769e2/keyvi/3rdparty/tiny-process-library/CMakeLists.txt#L23,"#If compiled using MSYS2, use sh to run commands",[],CMake,2,23,23
24107,keyvidev/keyvi,https://github.com/keyvidev/keyvi/blob/44189c1d563c89d82eff9bb548567ab9969769e2/keyvi/3rdparty/tiny-process-library/CMakeLists.txt#L37,# if tiny-process-library is not a sub-project:,[],CMake,0,37,37
24107,keyvidev/keyvi,https://github.com/keyvidev/keyvi/blob/44189c1d563c89d82eff9bb548567ab9969769e2/keyvi/3rdparty/utfcpp/CMakeLists.txt#L25,# define CMAKE_INSTALL_*,[],CMake,32,25,25
24107,keyvidev/keyvi,https://github.com/keyvidev/keyvi/blob/44189c1d563c89d82eff9bb548567ab9969769e2/cmake_modules/FindSnappy.cmake#L1,"# Snappy, a fast compressor/decompressor",[],CMake,0,1,1
24107,keyvidev/keyvi,https://github.com/keyvidev/keyvi/blob/44189c1d563c89d82eff9bb548567ab9969769e2/cmake_modules/FindSphinx.cmake#L1,"#
# Copyright(c) 2019 Jeroen Koekkoek
#
# This program and the accompanying materials are made available under the
# terms of the Eclipse Public License v. 2.0 which is available at
# http://www.eclipse.org/legal/epl-2.0, or the Eclipse Distribution License
# v. 1.0 which is available at
# http://www.eclipse.org/org/documents/edl-v10.php.
#
# SPDX-License-Identifier: EPL-2.0 OR BSD-3-Clause
#",[],CMake,0,1,11
24107,keyvidev/keyvi,https://github.com/keyvidev/keyvi/blob/44189c1d563c89d82eff9bb548567ab9969769e2/cmake_modules/FindSphinx.cmake#L56,"# script-build on Windows located under (when PIP is used):
# C:/Program Files/PythonXX/Scripts
# C:/Users/username/AppData/Roaming/Python/PythonXX/Sripts
#
# Python modules are installed under:
# C:/Program Files/PythonXX/Lib
# C:/Users/username/AppData/Roaming/Python/PythonXX/site-packages
#
# To verify a given module is installed, use the Python base directory
# and test if either Lib/module.py or site-packages/module.py exists.",[],CMake,4,56,65
24107,keyvidev/keyvi,https://github.com/keyvidev/keyvi/blob/44189c1d563c89d82eff9bb548567ab9969769e2/cmake_modules/FindSphinx.cmake#L77,"#
# Find sphinx-build and sphinx-quickstart.
#",[],CMake,0,77,79
24107,keyvidev/keyvi,https://github.com/keyvidev/keyvi/blob/44189c1d563c89d82eff9bb548567ab9969769e2/cmake_modules/FindSphinx.cmake#L83,"#
# Verify both executables are part of the Sphinx distribution.
#",[],CMake,0,83,85
24107,keyvidev/keyvi,https://github.com/keyvidev/keyvi/blob/44189c1d563c89d82eff9bb548567ab9969769e2/cmake_modules/FindSphinx.cmake#L94,"#
# To verify the required Sphinx extensions are available, the right Python
# installation must be queried (2 vs 3). Of course, this only makes sense on
# UNIX-like systems.
#",[],CMake,0,94,98
24107,keyvidev/keyvi,https://github.com/keyvidev/keyvi/blob/44189c1d563c89d82eff9bb548567ab9969769e2/cmake_modules/FindSphinx.cmake#L111,"# Do nothing, sphinx-build is always required.",[],CMake,4,111,111
24107,keyvidev/keyvi,https://github.com/keyvidev/keyvi/blob/44189c1d563c89d82eff9bb548567ab9969769e2/cmake_modules/FindSphinx.cmake#L113,"# Do nothing, sphinx-quickstart is optional, but looked up by default.",[],CMake,4,113,113
24107,keyvidev/keyvi,https://github.com/keyvidev/keyvi/blob/44189c1d563c89d82eff9bb548567ab9969769e2/cmake_modules/FindSphinx.cmake#L130,"# Generate a conf.py template file using sphinx-quickstart.
#
# sphinx-quickstart allows for quiet operation and a lot of settings can be
# specified as command line arguments, therefore its not required to parse the
# generated conf.py.",[],CMake,0,130,134
24107,keyvidev/keyvi,https://github.com/keyvidev/keyvi/blob/44189c1d563c89d82eff9bb548567ab9969769e2/cmake_modules/FindSphinx.cmake#L266,# Doxygen targets are supported. Verify that a Doxyfile exists.,[],CMake,8,266,266
24107,keyvidev/keyvi,https://github.com/keyvidev/keyvi/blob/44189c1d563c89d82eff9bb548567ab9969769e2/cmake_modules/FindSphinx.cmake#L275,"# Read the Doxyfile, verify XML generation is enabled and retrieve the
# output directory.",[],CMake,8,275,276
24107,keyvidev/keyvi,https://github.com/keyvidev/keyvi/blob/44189c1d563c89d82eff9bb548567ab9969769e2/cmake_modules/LibFindMacros.cmake#L1,"# Version 1.0 (2013-04-12)
# Public Domain, originally written by Lasse Kärkkäinen <tronic@zi.fi>
# Published at http://www.cmake.org/Wiki/CMake:How_To_Find_Libraries",[],CMake,0,1,3
24107,keyvidev/keyvi,https://github.com/keyvidev/keyvi/blob/44189c1d563c89d82eff9bb548567ab9969769e2/cmake_modules/LibFindMacros.cmake#L5,"# Works the same as find_package, but forwards the ""REQUIRED"" and ""QUIET"" arguments
# used for the current package. For this to work, the first parameter must be the
# prefix of the current package, then the prefix of the new package etc, which are
# passed to find_package.",[],CMake,0,5,8
24107,keyvidev/keyvi,https://github.com/keyvidev/keyvi/blob/44189c1d563c89d82eff9bb548567ab9969769e2/cmake_modules/LibFindMacros.cmake#L20,"# CMake developers made the UsePkgConfig system deprecated in the same release (2.6)
# where they added pkg_check_modules. Consequently I need to support both in my scripts
# to avoid those deprecated warnings. Here's a helper that does just that.
# Works identically to pkg_check_modules, except that no checks are needed prior to use.",[],CMake,0,20,23
24107,keyvidev/keyvi,https://github.com/keyvidev/keyvi/blob/44189c1d563c89d82eff9bb548567ab9969769e2/cmake_modules/LibFindMacros.cmake#L36,"# Do the final processing once the paths have been detected.
# If include dirs are needed, ${PREFIX}_PROCESS_INCLUDES should be set to contain
# all the variables, each of which contain one include directory.
# Ditto for ${PREFIX}_PROCESS_LIBS and library files.
# Will set ${PREFIX}_FOUND, ${PREFIX}_INCLUDE_DIRS and ${PREFIX}_LIBRARIES.
# Also handles errors in case library detection was required, etc.",[],CMake,0,36,41
24107,keyvidev/keyvi,https://github.com/keyvidev/keyvi/blob/44189c1d563c89d82eff9bb548567ab9969769e2/cmake_modules/LibFindMacros.cmake#L43,# Skip processing if already processed during this run,[],CMake,2,43,43
24107,keyvidev/keyvi,https://github.com/keyvidev/keyvi/blob/44189c1d563c89d82eff9bb548567ab9969769e2/cmake_modules/LibFindMacros.cmake#L45,# Start with the assumption that the library was found,[],CMake,4,45,45
24107,keyvidev/keyvi,https://github.com/keyvidev/keyvi/blob/44189c1d563c89d82eff9bb548567ab9969769e2/cmake_modules/LibFindMacros.cmake#L48,# Process all includes and set _FOUND to false if any are missing,[],CMake,4,48,48
24107,keyvidev/keyvi,https://github.com/keyvidev/keyvi/blob/44189c1d563c89d82eff9bb548567ab9969769e2/cmake_modules/LibFindMacros.cmake#L58,# Process all libraries and set _FOUND to false if any are missing,[],CMake,4,58,58
24107,keyvidev/keyvi,https://github.com/keyvidev/keyvi/blob/44189c1d563c89d82eff9bb548567ab9969769e2/cmake_modules/LibFindMacros.cmake#L68,# Print message and/or exit on fatal error,[],CMake,4,68,68
24107,keyvidev/keyvi,https://github.com/keyvidev/keyvi/blob/44189c1d563c89d82eff9bb548567ab9969769e2/keyvi/3rdparty/msgpack-c/cmake/CodeCoverage.cmake#L1,# Check prereqs,[],CMake,0,1,1
24107,keyvidev/keyvi,https://github.com/keyvidev/keyvi/blob/44189c1d563c89d82eff9bb548567ab9969769e2/keyvi/3rdparty/msgpack-c/cmake/CodeCoverage.cmake#L11,# Clang version 3.0.0 and greater now supports gcov as well.,[],CMake,1,11,11
24107,keyvidev/keyvi,https://github.com/keyvidev/keyvi/blob/44189c1d563c89d82eff9bb548567ab9969769e2/keyvi/3rdparty/msgpack-c/cmake/CodeCoverage.cmake#L30,# Setup target,[],CMake,1,30,30
24107,keyvidev/keyvi,https://github.com/keyvidev/keyvi/blob/44189c1d563c89d82eff9bb548567ab9969769e2/keyvi/3rdparty/msgpack-c/cmake/CodeCoverage.cmake#L33,# Cleanup lcov,[],CMake,2,33,33
24107,keyvidev/keyvi,https://github.com/keyvidev/keyvi/blob/44189c1d563c89d82eff9bb548567ab9969769e2/keyvi/3rdparty/msgpack-c/cmake/CodeCoverage.cmake#L36,# Run tests,[],CMake,2,36,36
24107,keyvidev/keyvi,https://github.com/keyvidev/keyvi/blob/44189c1d563c89d82eff9bb548567ab9969769e2/keyvi/3rdparty/msgpack-c/cmake/CodeCoverage.cmake#L39,# Capturing lcov counters and generating report,[],CMake,2,39,39
24107,keyvidev/keyvi,https://github.com/keyvidev/keyvi/blob/44189c1d563c89d82eff9bb548567ab9969769e2/keyvi/3rdparty/msgpack-c/cmake/CodeCoverage.cmake#L43,# COMMAND ${CMAKE_COMMAND} -E remove ${_outputname}.info ${_outputname}.info.cleaned,[],CMake,2,43,43
24107,keyvidev/keyvi,https://github.com/keyvidev/keyvi/blob/44189c1d563c89d82eff9bb548567ab9969769e2/keyvi/3rdparty/msgpack-c/cmake/CodeCoverage.cmake#L49,# Show info where to find the report,[],CMake,1,49,49
24107,keyvidev/keyvi,https://github.com/keyvidev/keyvi/blob/44189c1d563c89d82eff9bb548567ab9969769e2/keyvi/3rdparty/rapidjson/CMakeModules/FindGTestSrc.cmake#L19,"# Debian installs gtest include directory in /usr/include, thus need to look
# for include directory separately from source directory.",[],CMake,0,19,20
