repoIndex,repoName,linkLocation,comment,keywords,buildSysteminFile,charPosition,startLine,endLine
24312,nfrechette/acl,https://github.com/nfrechette/acl/blob/decc0cb8c36a53f6db0352eda8a4900cf6937966/CMakeLists.txt#L25,# Determine if we should include unit tests,[],CMake,0,25,25
24312,nfrechette/acl,https://github.com/nfrechette/acl/blob/decc0cb8c36a53f6db0352eda8a4900cf6937966/CMakeLists.txt#L29,# Catch2 2.13 doesn't compile on iOS with Xcode 8 and 9,[],CMake,1,29,29
24312,nfrechette/acl,https://github.com/nfrechette/acl/blob/decc0cb8c36a53f6db0352eda8a4900cf6937966/CMakeLists.txt#L37,# Grab all of our include files,[],CMake,0,37,37
24312,nfrechette/acl,https://github.com/nfrechette/acl/blob/decc0cb8c36a53f6db0352eda8a4900cf6937966/CMakeLists.txt#L52,# Add every natvis file,[],CMake,0,52,52
24312,nfrechette/acl,https://github.com/nfrechette/acl/blob/decc0cb8c36a53f6db0352eda8a4900cf6937966/CMakeLists.txt#L57,"# With MSVC, the custom target creates a Utility project. Even though it isn't a proper C++ project
# that compiles into something, MSVC will still parse the code and report intellisense information.
# A utility project doesn't have an editable field in its properties to add an include directory
# but adding it anyway like this is enough to make sure the headers are found by intellisense.",[],CMake,1,57,60
24312,nfrechette/acl,https://github.com/nfrechette/acl/blob/decc0cb8c36a53f6db0352eda8a4900cf6937966/CMakeLists.txt#L64,# Create a dummy target so they show up in the IDE,[],CMake,0,64,64
24312,nfrechette/acl,https://github.com/nfrechette/acl/blob/decc0cb8c36a53f6db0352eda8a4900cf6937966/CMakeLists.txt#L67,# Enable CTest,[],CMake,0,67,67
24312,nfrechette/acl,https://github.com/nfrechette/acl/blob/decc0cb8c36a53f6db0352eda8a4900cf6937966/CMakeLists.txt#L70,# Add other projects,[],CMake,0,70,70
24312,nfrechette/acl,https://github.com/nfrechette/acl/blob/decc0cb8c36a53f6db0352eda8a4900cf6937966/CMakeLists.txt#L81,# Custom regression testing (requires SJSON support),[],CMake,0,81,81
24312,nfrechette/acl,https://github.com/nfrechette/acl/blob/decc0cb8c36a53f6db0352eda8a4900cf6937966/tests/main_android/CMakeLists.txt#L4,"# Set our project root since our gradle files used to build live in the binary output directory
# but the actual source files live in the source/current directory.",[],CMake,0,4,5
24312,nfrechette/acl,https://github.com/nfrechette/acl/blob/decc0cb8c36a53f6db0352eda8a4900cf6937966/tests/main_android/CMakeLists.txt#L8,# Setup our state,[],CMake,0,8,8
24312,nfrechette/acl,https://github.com/nfrechette/acl/blob/decc0cb8c36a53f6db0352eda8a4900cf6937966/tests/main_android/CMakeLists.txt#L12,# Configure gradle for our build configuration,[],CMake,0,12,12
24312,nfrechette/acl,https://github.com/nfrechette/acl/blob/decc0cb8c36a53f6db0352eda8a4900cf6937966/tests/main_android/CMakeLists.txt#L18,# Copy gradle related files,[],CMake,0,18,18
24312,nfrechette/acl,https://github.com/nfrechette/acl/blob/decc0cb8c36a53f6db0352eda8a4900cf6937966/tests/main_android/CMakeLists.txt#L33,# Decide whether we should build Debug or Release,[],CMake,1,33,33
24312,nfrechette/acl,https://github.com/nfrechette/acl/blob/decc0cb8c36a53f6db0352eda8a4900cf6937966/tests/main_android/app/src/main/cpp/CMakeLists.txt#L6,# Project root is <acl-dir>\tests\main_android,[],CMake,0,6,6
24312,nfrechette/acl,https://github.com/nfrechette/acl/blob/decc0cb8c36a53f6db0352eda8a4900cf6937966/tests/main_android/app/src/main/cpp/CMakeLists.txt#L17,# Grab all of our test source files,[],CMake,0,17,17
24312,nfrechette/acl,https://github.com/nfrechette/acl/blob/decc0cb8c36a53f6db0352eda8a4900cf6937966/tests/main_android/app/src/main/cpp/CMakeLists.txt#L22,# Grab all of our main source files,[],CMake,0,22,22
24312,nfrechette/acl,https://github.com/nfrechette/acl/blob/decc0cb8c36a53f6db0352eda8a4900cf6937966/tests/main_android/app/src/main/cpp/CMakeLists.txt#L28,# Enable exceptions,[],CMake,0,28,28
24312,nfrechette/acl,https://github.com/nfrechette/acl/blob/decc0cb8c36a53f6db0352eda8a4900cf6937966/tests/main_android/app/src/main/cpp/CMakeLists.txt#L31,# Enable debug symbols,[],CMake,0,31,31
24312,nfrechette/acl,https://github.com/nfrechette/acl/blob/decc0cb8c36a53f6db0352eda8a4900cf6937966/tests/main_android/app/src/main/cpp/CMakeLists.txt#L34,# Throw on failure to allow us to catch them and recover,[],CMake,0,34,34
24312,nfrechette/acl,https://github.com/nfrechette/acl/blob/decc0cb8c36a53f6db0352eda8a4900cf6937966/tests/main_android/app/src/main/cpp/CMakeLists.txt#L38,# Disable SIMD if not needed,[],CMake,0,38,38
24312,nfrechette/acl,https://github.com/nfrechette/acl/blob/decc0cb8c36a53f6db0352eda8a4900cf6937966/tests/main_android/app/src/main/cpp/CMakeLists.txt#L43,# Enable SJSON when needed,[],CMake,0,43,43
24312,nfrechette/acl,https://github.com/nfrechette/acl/blob/decc0cb8c36a53f6db0352eda8a4900cf6937966/tests/main_android/app/src/main/cpp/CMakeLists.txt#L49,# Enable ANSI heap debug checks,[],CMake,0,49,49
24312,nfrechette/acl,https://github.com/nfrechette/acl/blob/decc0cb8c36a53f6db0352eda8a4900cf6937966/tests/main_emscripten/CMakeLists.txt#L11,# Grab all of our test source files,[],CMake,0,11,11
24312,nfrechette/acl,https://github.com/nfrechette/acl/blob/decc0cb8c36a53f6db0352eda8a4900cf6937966/tests/main_emscripten/CMakeLists.txt#L16,# Grab all of our main source files,[],CMake,0,16,16
24312,nfrechette/acl,https://github.com/nfrechette/acl/blob/decc0cb8c36a53f6db0352eda8a4900cf6937966/tests/main_emscripten/CMakeLists.txt#L22,# Throw on failure to allow us to catch them and recover,[],CMake,0,22,22
24312,nfrechette/acl,https://github.com/nfrechette/acl/blob/decc0cb8c36a53f6db0352eda8a4900cf6937966/tests/main_emscripten/CMakeLists.txt#L27,# Enable sjson-cpp usage to test IO,[],CMake,0,27,27
24312,nfrechette/acl,https://github.com/nfrechette/acl/blob/decc0cb8c36a53f6db0352eda8a4900cf6937966/tests/main_emscripten/CMakeLists.txt#L30,# Enable ANSI heap debug checks,[],CMake,0,30,30
24312,nfrechette/acl,https://github.com/nfrechette/acl/blob/decc0cb8c36a53f6db0352eda8a4900cf6937966/tests/main_emscripten/CMakeLists.txt#L34,# Enable all warnings,[],CMake,63,34,34
24312,nfrechette/acl,https://github.com/nfrechette/acl/blob/decc0cb8c36a53f6db0352eda8a4900cf6937966/tests/main_emscripten/CMakeLists.txt#L35,# Enable shadowing warnings,[],CMake,59,35,35
24312,nfrechette/acl,https://github.com/nfrechette/acl/blob/decc0cb8c36a53f6db0352eda8a4900cf6937966/tests/main_emscripten/CMakeLists.txt#L36,# Treat warnings as errors,[],CMake,59,36,36
24312,nfrechette/acl,https://github.com/nfrechette/acl/blob/decc0cb8c36a53f6db0352eda8a4900cf6937966/tests/main_emscripten/CMakeLists.txt#L38,"# Exceptions are not enabled by default, enable them",[],CMake,0,38,38
24312,nfrechette/acl,https://github.com/nfrechette/acl/blob/decc0cb8c36a53f6db0352eda8a4900cf6937966/tests/main_emscripten/CMakeLists.txt#L42,# Enable the raw node file system,[],CMake,67,42,42
24312,nfrechette/acl,https://github.com/nfrechette/acl/blob/decc0cb8c36a53f6db0352eda8a4900cf6937966/tests/main_emscripten/CMakeLists.txt#L43,# Link the node file system,[],CMake,63,43,43
24312,nfrechette/acl,https://github.com/nfrechette/acl/blob/decc0cb8c36a53f6db0352eda8a4900cf6937966/tests/main_emscripten/CMakeLists.txt#L45,# Force the environment to node,[],CMake,70,45,45
24312,nfrechette/acl,https://github.com/nfrechette/acl/blob/decc0cb8c36a53f6db0352eda8a4900cf6937966/tests/main_emscripten/CMakeLists.txt#L47,# Allow dynamic memory allocation,[],CMake,74,47,47
24312,nfrechette/acl,https://github.com/nfrechette/acl/blob/decc0cb8c36a53f6db0352eda8a4900cf6937966/tests/main_emscripten/CMakeLists.txt#L49,# Setup Catch2 so we can find and execute the unit tests with CTest,[],CMake,0,49,49
24312,nfrechette/acl,https://github.com/nfrechette/acl/blob/decc0cb8c36a53f6db0352eda8a4900cf6937966/tests/main_generic/CMakeLists.txt#L11,# Grab all of our test source files,[],CMake,0,11,11
24312,nfrechette/acl,https://github.com/nfrechette/acl/blob/decc0cb8c36a53f6db0352eda8a4900cf6937966/tests/main_generic/CMakeLists.txt#L18,# Grab all of our main source files,[],CMake,0,18,18
24312,nfrechette/acl,https://github.com/nfrechette/acl/blob/decc0cb8c36a53f6db0352eda8a4900cf6937966/tests/main_generic/CMakeLists.txt#L35,"# Exceptions are not enabled by default for ARM targets, enable them",[],CMake,2,35,35
24312,nfrechette/acl,https://github.com/nfrechette/acl/blob/decc0cb8c36a53f6db0352eda8a4900cf6937966/tests/main_generic/CMakeLists.txt#L40,# Throw on failure to allow us to catch them and recover,[],CMake,0,40,40
24312,nfrechette/acl,https://github.com/nfrechette/acl/blob/decc0cb8c36a53f6db0352eda8a4900cf6937966/tests/main_generic/CMakeLists.txt#L45,# Enable sjson-cpp usage to test IO,[],CMake,0,45,45
24312,nfrechette/acl,https://github.com/nfrechette/acl/blob/decc0cb8c36a53f6db0352eda8a4900cf6937966/tests/main_generic/CMakeLists.txt#L48,# Enable ANSI heap debug checks,[],CMake,0,48,48
24312,nfrechette/acl,https://github.com/nfrechette/acl/blob/decc0cb8c36a53f6db0352eda8a4900cf6937966/tests/main_ios/CMakeLists.txt#L4,# iOS cmake toolchain does not support CMAKE_CXX_STANDARD,[],CMake,0,4,4
24312,nfrechette/acl,https://github.com/nfrechette/acl/blob/decc0cb8c36a53f6db0352eda8a4900cf6937966/tests/main_ios/CMakeLists.txt#L7,# Force enable debug symbols,[],CMake,0,7,7
24312,nfrechette/acl,https://github.com/nfrechette/acl/blob/decc0cb8c36a53f6db0352eda8a4900cf6937966/tests/main_ios/CMakeLists.txt#L10,# Enable optimizations in Release,[],CMake,0,10,10
24312,nfrechette/acl,https://github.com/nfrechette/acl/blob/decc0cb8c36a53f6db0352eda8a4900cf6937966/tests/main_ios/CMakeLists.txt#L26,# Grab all of our test source files,[],CMake,0,26,26
24312,nfrechette/acl,https://github.com/nfrechette/acl/blob/decc0cb8c36a53f6db0352eda8a4900cf6937966/tests/main_ios/CMakeLists.txt#L33,# Grab all of our main source files,[],CMake,0,33,33
24312,nfrechette/acl,https://github.com/nfrechette/acl/blob/decc0cb8c36a53f6db0352eda8a4900cf6937966/tests/main_ios/CMakeLists.txt#L41,# Throw on failure to allow us to catch them and recover,[],CMake,0,41,41
24312,nfrechette/acl,https://github.com/nfrechette/acl/blob/decc0cb8c36a53f6db0352eda8a4900cf6937966/tests/main_ios/CMakeLists.txt#L45,# Disable SIMD if not needed,[],CMake,0,45,45
24312,nfrechette/acl,https://github.com/nfrechette/acl/blob/decc0cb8c36a53f6db0352eda8a4900cf6937966/tests/main_ios/CMakeLists.txt#L50,# Enable SJSON when needed,[],CMake,0,50,50
24312,nfrechette/acl,https://github.com/nfrechette/acl/blob/decc0cb8c36a53f6db0352eda8a4900cf6937966/tests/main_ios/CMakeLists.txt#L56,# Enable ANSI heap debug checks,[],CMake,0,56,56
24312,nfrechette/acl,https://github.com/nfrechette/acl/blob/decc0cb8c36a53f6db0352eda8a4900cf6937966/tools/acl_compressor/main_android/CMakeLists.txt#L4,"# Set our project root since our gradle files used to build live in the binary output directory
# but the actual source files live in the source/current directory.",[],CMake,0,4,5
24312,nfrechette/acl,https://github.com/nfrechette/acl/blob/decc0cb8c36a53f6db0352eda8a4900cf6937966/tools/acl_compressor/main_android/CMakeLists.txt#L8,# Setup our state,[],CMake,0,8,8
24312,nfrechette/acl,https://github.com/nfrechette/acl/blob/decc0cb8c36a53f6db0352eda8a4900cf6937966/tools/acl_compressor/main_android/CMakeLists.txt#L12,# Configure gradle for our build configuration,[],CMake,0,12,12
24312,nfrechette/acl,https://github.com/nfrechette/acl/blob/decc0cb8c36a53f6db0352eda8a4900cf6937966/tools/acl_compressor/main_android/CMakeLists.txt#L18,# Copy gradle related files,[],CMake,0,18,18
24312,nfrechette/acl,https://github.com/nfrechette/acl/blob/decc0cb8c36a53f6db0352eda8a4900cf6937966/tools/acl_compressor/main_android/CMakeLists.txt#L33,# Decide whether we should build Debug or Release,[],CMake,1,33,33
24312,nfrechette/acl,https://github.com/nfrechette/acl/blob/decc0cb8c36a53f6db0352eda8a4900cf6937966/tools/acl_compressor/main_android/app/src/main/cpp/CMakeLists.txt#L6,# Project root is <acl-dir>\tools\compressor\main_android,[],CMake,0,6,6
24312,nfrechette/acl,https://github.com/nfrechette/acl/blob/decc0cb8c36a53f6db0352eda8a4900cf6937966/tools/acl_compressor/main_android/app/src/main/cpp/CMakeLists.txt#L17,# Grab all of our common source files,[],CMake,0,17,17
24312,nfrechette/acl,https://github.com/nfrechette/acl/blob/decc0cb8c36a53f6db0352eda8a4900cf6937966/tools/acl_compressor/main_android/app/src/main/cpp/CMakeLists.txt#L22,# Grab all of our main source files,[],CMake,0,22,22
24312,nfrechette/acl,https://github.com/nfrechette/acl/blob/decc0cb8c36a53f6db0352eda8a4900cf6937966/tools/acl_compressor/main_android/app/src/main/cpp/CMakeLists.txt#L28,# Enable exceptions,[],CMake,0,28,28
24312,nfrechette/acl,https://github.com/nfrechette/acl/blob/decc0cb8c36a53f6db0352eda8a4900cf6937966/tools/acl_compressor/main_android/app/src/main/cpp/CMakeLists.txt#L31,# Enable debug symbols,[],CMake,0,31,31
24312,nfrechette/acl,https://github.com/nfrechette/acl/blob/decc0cb8c36a53f6db0352eda8a4900cf6937966/tools/acl_compressor/main_android/app/src/main/cpp/CMakeLists.txt#L34,# Disable SIMD if not needed,[],CMake,0,34,34
24312,nfrechette/acl,https://github.com/nfrechette/acl/blob/decc0cb8c36a53f6db0352eda8a4900cf6937966/tools/acl_compressor/main_android/app/src/main/cpp/CMakeLists.txt#L39,# Enable SJSON when needed,[],CMake,0,39,39
24312,nfrechette/acl,https://github.com/nfrechette/acl/blob/decc0cb8c36a53f6db0352eda8a4900cf6937966/tools/acl_compressor/main_emscripten/CMakeLists.txt#L14,# Grab all of our common source files,[],CMake,0,14,14
24312,nfrechette/acl,https://github.com/nfrechette/acl/blob/decc0cb8c36a53f6db0352eda8a4900cf6937966/tools/acl_compressor/main_emscripten/CMakeLists.txt#L21,# Grab all of our main source files,[],CMake,0,21,21
24312,nfrechette/acl,https://github.com/nfrechette/acl/blob/decc0cb8c36a53f6db0352eda8a4900cf6937966/tools/acl_compressor/main_emscripten/CMakeLists.txt#L27,"# Abort on failure, easier to debug issues this way",[],CMake,0,27,27
24312,nfrechette/acl,https://github.com/nfrechette/acl/blob/decc0cb8c36a53f6db0352eda8a4900cf6937966/tools/acl_compressor/main_emscripten/CMakeLists.txt#L32,# Enable SJSON when needed,[],CMake,0,32,32
24312,nfrechette/acl,https://github.com/nfrechette/acl/blob/decc0cb8c36a53f6db0352eda8a4900cf6937966/tools/acl_compressor/main_emscripten/CMakeLists.txt#L37,# Remove '-g' from compilation flags since it sometimes crashes the compiler,[],CMake,0,37,37
24312,nfrechette/acl,https://github.com/nfrechette/acl/blob/decc0cb8c36a53f6db0352eda8a4900cf6937966/tools/acl_compressor/main_emscripten/CMakeLists.txt#L41,# Enable all warnings,[],CMake,63,41,41
24312,nfrechette/acl,https://github.com/nfrechette/acl/blob/decc0cb8c36a53f6db0352eda8a4900cf6937966/tools/acl_compressor/main_emscripten/CMakeLists.txt#L42,# Enable shadowing warnings,[],CMake,59,42,42
24312,nfrechette/acl,https://github.com/nfrechette/acl/blob/decc0cb8c36a53f6db0352eda8a4900cf6937966/tools/acl_compressor/main_emscripten/CMakeLists.txt#L43,# Treat warnings as errors,[],CMake,59,43,43
24312,nfrechette/acl,https://github.com/nfrechette/acl/blob/decc0cb8c36a53f6db0352eda8a4900cf6937966/tools/acl_compressor/main_emscripten/CMakeLists.txt#L45,"# Exceptions are not enabled by default, enable them",[],CMake,0,45,45
24312,nfrechette/acl,https://github.com/nfrechette/acl/blob/decc0cb8c36a53f6db0352eda8a4900cf6937966/tools/acl_compressor/main_emscripten/CMakeLists.txt#L49,# Enable the raw node file system,[],CMake,59,49,49
24312,nfrechette/acl,https://github.com/nfrechette/acl/blob/decc0cb8c36a53f6db0352eda8a4900cf6937966/tools/acl_compressor/main_emscripten/CMakeLists.txt#L50,# Link the node file system,[],CMake,55,50,50
24312,nfrechette/acl,https://github.com/nfrechette/acl/blob/decc0cb8c36a53f6db0352eda8a4900cf6937966/tools/acl_compressor/main_emscripten/CMakeLists.txt#L52,# Force the environment to node,[],CMake,62,52,52
24312,nfrechette/acl,https://github.com/nfrechette/acl/blob/decc0cb8c36a53f6db0352eda8a4900cf6937966/tools/acl_compressor/main_emscripten/CMakeLists.txt#L54,# Allow dynamic memory allocation,[],CMake,66,54,54
24312,nfrechette/acl,https://github.com/nfrechette/acl/blob/decc0cb8c36a53f6db0352eda8a4900cf6937966/tools/acl_compressor/main_generic/CMakeLists.txt#L14,# Grab all of our common source files,[],CMake,0,14,14
24312,nfrechette/acl,https://github.com/nfrechette/acl/blob/decc0cb8c36a53f6db0352eda8a4900cf6937966/tools/acl_compressor/main_generic/CMakeLists.txt#L23,# Grab all of our main source files,[],CMake,0,23,23
24312,nfrechette/acl,https://github.com/nfrechette/acl/blob/decc0cb8c36a53f6db0352eda8a4900cf6937966/tools/acl_compressor/main_generic/CMakeLists.txt#L35,"# Exceptions are not enabled by default for ARM targets, enable them",[],CMake,2,35,35
24312,nfrechette/acl,https://github.com/nfrechette/acl/blob/decc0cb8c36a53f6db0352eda8a4900cf6937966/tools/acl_compressor/main_generic/CMakeLists.txt#L40,"# Abort on failure, easier to debug issues this way",[],CMake,0,40,40
24312,nfrechette/acl,https://github.com/nfrechette/acl/blob/decc0cb8c36a53f6db0352eda8a4900cf6937966/tools/acl_compressor/main_generic/CMakeLists.txt#L45,# Enable SJSON when needed,[],CMake,0,45,45
24312,nfrechette/acl,https://github.com/nfrechette/acl/blob/decc0cb8c36a53f6db0352eda8a4900cf6937966/tools/acl_compressor/main_ios/CMakeLists.txt#L4,# iOS cmake toolchain does not support CMAKE_CXX_STANDARD,[],CMake,0,4,4
24312,nfrechette/acl,https://github.com/nfrechette/acl/blob/decc0cb8c36a53f6db0352eda8a4900cf6937966/tools/acl_compressor/main_ios/CMakeLists.txt#L7,# Force enable debug symbols,[],CMake,0,7,7
24312,nfrechette/acl,https://github.com/nfrechette/acl/blob/decc0cb8c36a53f6db0352eda8a4900cf6937966/tools/acl_compressor/main_ios/CMakeLists.txt#L10,# Enable optimizations in Release,[],CMake,0,10,10
24312,nfrechette/acl,https://github.com/nfrechette/acl/blob/decc0cb8c36a53f6db0352eda8a4900cf6937966/tools/acl_compressor/main_ios/CMakeLists.txt#L26,# Grab all of our common source files,[],CMake,0,26,26
24312,nfrechette/acl,https://github.com/nfrechette/acl/blob/decc0cb8c36a53f6db0352eda8a4900cf6937966/tools/acl_compressor/main_ios/CMakeLists.txt#L33,# Grab all of our main source files,[],CMake,0,33,33
24312,nfrechette/acl,https://github.com/nfrechette/acl/blob/decc0cb8c36a53f6db0352eda8a4900cf6937966/tools/acl_compressor/main_ios/CMakeLists.txt#L41,# Disable SIMD if not needed,[],CMake,0,41,41
24312,nfrechette/acl,https://github.com/nfrechette/acl/blob/decc0cb8c36a53f6db0352eda8a4900cf6937966/tools/acl_compressor/main_ios/CMakeLists.txt#L46,# Enable SJSON when needed,[],CMake,0,46,46
24312,nfrechette/acl,https://github.com/nfrechette/acl/blob/decc0cb8c36a53f6db0352eda8a4900cf6937966/tools/acl_decompressor/main_android/CMakeLists.txt#L4,"# Set our project root since our gradle files used to build live in the binary output directory
# but the actual source files live in the source/current directory.",[],CMake,0,4,5
24312,nfrechette/acl,https://github.com/nfrechette/acl/blob/decc0cb8c36a53f6db0352eda8a4900cf6937966/tools/acl_decompressor/main_android/CMakeLists.txt#L8,# Setup our state,[],CMake,0,8,8
24312,nfrechette/acl,https://github.com/nfrechette/acl/blob/decc0cb8c36a53f6db0352eda8a4900cf6937966/tools/acl_decompressor/main_android/CMakeLists.txt#L12,# Configure gradle for our build configuration,[],CMake,0,12,12
24312,nfrechette/acl,https://github.com/nfrechette/acl/blob/decc0cb8c36a53f6db0352eda8a4900cf6937966/tools/acl_decompressor/main_android/CMakeLists.txt#L18,# Copy gradle related files,[],CMake,0,18,18
24312,nfrechette/acl,https://github.com/nfrechette/acl/blob/decc0cb8c36a53f6db0352eda8a4900cf6937966/tools/acl_decompressor/main_android/CMakeLists.txt#L31,# Copy our decompression clip data,[],CMake,0,31,31
24312,nfrechette/acl,https://github.com/nfrechette/acl/blob/decc0cb8c36a53f6db0352eda8a4900cf6937966/tools/acl_decompressor/main_android/CMakeLists.txt#L41,# Decide whether we should build Debug or Release,[],CMake,1,41,41
24312,nfrechette/acl,https://github.com/nfrechette/acl/blob/decc0cb8c36a53f6db0352eda8a4900cf6937966/tools/acl_decompressor/main_android/app/src/main/cpp/CMakeLists.txt#L6,# Project root is <acl-dir>\tools\decompressor\main_android,[],CMake,0,6,6
24312,nfrechette/acl,https://github.com/nfrechette/acl/blob/decc0cb8c36a53f6db0352eda8a4900cf6937966/tools/acl_decompressor/main_android/app/src/main/cpp/CMakeLists.txt#L9,# Google Benchmark,[],CMake,0,9,9
24312,nfrechette/acl,https://github.com/nfrechette/acl/blob/decc0cb8c36a53f6db0352eda8a4900cf6937966/tools/acl_decompressor/main_android/app/src/main/cpp/CMakeLists.txt#L19,# Grab all of our common source files,[],CMake,0,19,19
24312,nfrechette/acl,https://github.com/nfrechette/acl/blob/decc0cb8c36a53f6db0352eda8a4900cf6937966/tools/acl_decompressor/main_android/app/src/main/cpp/CMakeLists.txt#L24,# Grab all of our main source files,[],CMake,0,24,24
24312,nfrechette/acl,https://github.com/nfrechette/acl/blob/decc0cb8c36a53f6db0352eda8a4900cf6937966/tools/acl_decompressor/main_android/app/src/main/cpp/CMakeLists.txt#L30,# Enable exceptions,[],CMake,0,30,30
24312,nfrechette/acl,https://github.com/nfrechette/acl/blob/decc0cb8c36a53f6db0352eda8a4900cf6937966/tools/acl_decompressor/main_android/app/src/main/cpp/CMakeLists.txt#L33,# Enable debug symbols,[],CMake,0,33,33
24312,nfrechette/acl,https://github.com/nfrechette/acl/blob/decc0cb8c36a53f6db0352eda8a4900cf6937966/tools/acl_decompressor/main_android/app/src/main/cpp/CMakeLists.txt#L36,# Disable allocation tracking,[],CMake,0,36,36
24312,nfrechette/acl,https://github.com/nfrechette/acl/blob/decc0cb8c36a53f6db0352eda8a4900cf6937966/tools/acl_decompressor/main_android/app/src/main/cpp/CMakeLists.txt#L39,# Disable SIMD if not needed,[],CMake,0,39,39
24312,nfrechette/acl,https://github.com/nfrechette/acl/blob/decc0cb8c36a53f6db0352eda8a4900cf6937966/tools/acl_decompressor/main_android/app/src/main/cpp/CMakeLists.txt#L44,# Enable SJSON,[],CMake,0,44,44
24312,nfrechette/acl,https://github.com/nfrechette/acl/blob/decc0cb8c36a53f6db0352eda8a4900cf6937966/tools/acl_decompressor/main_android/app/src/main/cpp/CMakeLists.txt#L49,# Link system libraries,[],CMake,0,49,49
24312,nfrechette/acl,https://github.com/nfrechette/acl/blob/decc0cb8c36a53f6db0352eda8a4900cf6937966/tools/acl_decompressor/main_android/app/src/main/cpp/CMakeLists.txt#L52,# Link Google Benchmark,[],CMake,0,52,52
24312,nfrechette/acl,https://github.com/nfrechette/acl/blob/decc0cb8c36a53f6db0352eda8a4900cf6937966/tools/acl_decompressor/main_generic/CMakeLists.txt#L6,# Google Benchmark,[],CMake,0,6,6
24312,nfrechette/acl,https://github.com/nfrechette/acl/blob/decc0cb8c36a53f6db0352eda8a4900cf6937966/tools/acl_decompressor/main_generic/CMakeLists.txt#L16,# Grab all of our common source files,[],CMake,0,16,16
24312,nfrechette/acl,https://github.com/nfrechette/acl/blob/decc0cb8c36a53f6db0352eda8a4900cf6937966/tools/acl_decompressor/main_generic/CMakeLists.txt#L23,# Grab all of our main source files,[],CMake,0,23,23
24312,nfrechette/acl,https://github.com/nfrechette/acl/blob/decc0cb8c36a53f6db0352eda8a4900cf6937966/tools/acl_decompressor/main_generic/CMakeLists.txt#L35,# Link Google Benchmark,[],CMake,0,35,35
24312,nfrechette/acl,https://github.com/nfrechette/acl/blob/decc0cb8c36a53f6db0352eda8a4900cf6937966/tools/acl_decompressor/main_generic/CMakeLists.txt#L40,"# Exceptions are not enabled by default for ARM targets, enable them",[],CMake,2,40,40
24312,nfrechette/acl,https://github.com/nfrechette/acl/blob/decc0cb8c36a53f6db0352eda8a4900cf6937966/tools/acl_decompressor/main_generic/CMakeLists.txt#L45,# Disable allocation tracking,[],CMake,0,45,45
24312,nfrechette/acl,https://github.com/nfrechette/acl/blob/decc0cb8c36a53f6db0352eda8a4900cf6937966/tools/acl_decompressor/main_generic/CMakeLists.txt#L48,# Enable SJSON,[],CMake,0,48,48
24312,nfrechette/acl,https://github.com/nfrechette/acl/blob/decc0cb8c36a53f6db0352eda8a4900cf6937966/tools/acl_decompressor/main_ios/CMakeLists.txt#L4,# Google Benchmark,[],CMake,0,4,4
24312,nfrechette/acl,https://github.com/nfrechette/acl/blob/decc0cb8c36a53f6db0352eda8a4900cf6937966/tools/acl_decompressor/main_ios/CMakeLists.txt#L8,# iOS cmake toolchain does not support CMAKE_CXX_STANDARD,[],CMake,0,8,8
24312,nfrechette/acl,https://github.com/nfrechette/acl/blob/decc0cb8c36a53f6db0352eda8a4900cf6937966/tools/acl_decompressor/main_ios/CMakeLists.txt#L11,# Force enable debug symbols,[],CMake,0,11,11
24312,nfrechette/acl,https://github.com/nfrechette/acl/blob/decc0cb8c36a53f6db0352eda8a4900cf6937966/tools/acl_decompressor/main_ios/CMakeLists.txt#L14,# Enable optimizations in Release,[],CMake,0,14,14
24312,nfrechette/acl,https://github.com/nfrechette/acl/blob/decc0cb8c36a53f6db0352eda8a4900cf6937966/tools/acl_decompressor/main_ios/CMakeLists.txt#L28,# Setup resources,[],CMake,0,28,28
24312,nfrechette/acl,https://github.com/nfrechette/acl/blob/decc0cb8c36a53f6db0352eda8a4900cf6937966/tools/acl_decompressor/main_ios/CMakeLists.txt#L40,# Grab all of our common source files,[],CMake,0,40,40
24312,nfrechette/acl,https://github.com/nfrechette/acl/blob/decc0cb8c36a53f6db0352eda8a4900cf6937966/tools/acl_decompressor/main_ios/CMakeLists.txt#L47,# Grab all of our main source files,[],CMake,0,47,47
24312,nfrechette/acl,https://github.com/nfrechette/acl/blob/decc0cb8c36a53f6db0352eda8a4900cf6937966/tools/acl_decompressor/main_ios/CMakeLists.txt#L55,# Link Google Benchmark,[],CMake,0,55,55
24312,nfrechette/acl,https://github.com/nfrechette/acl/blob/decc0cb8c36a53f6db0352eda8a4900cf6937966/tools/acl_decompressor/main_ios/CMakeLists.txt#L58,# Disable allocation tracking,[],CMake,0,58,58
24312,nfrechette/acl,https://github.com/nfrechette/acl/blob/decc0cb8c36a53f6db0352eda8a4900cf6937966/tools/acl_decompressor/main_ios/CMakeLists.txt#L61,# Disable SIMD if not needed,[],CMake,0,61,61
24312,nfrechette/acl,https://github.com/nfrechette/acl/blob/decc0cb8c36a53f6db0352eda8a4900cf6937966/tools/acl_decompressor/main_ios/CMakeLists.txt#L66,# Enable SJSON,[],CMake,0,66,66
24312,nfrechette/acl,https://github.com/nfrechette/acl/blob/decc0cb8c36a53f6db0352eda8a4900cf6937966/tools/regression_tester_android/CMakeLists.txt#L4,"# Set our project root since our gradle files used to build live in the binary output directory
# but the actual source files live in the source/current directory.",[],CMake,0,4,5
24312,nfrechette/acl,https://github.com/nfrechette/acl/blob/decc0cb8c36a53f6db0352eda8a4900cf6937966/tools/regression_tester_android/CMakeLists.txt#L8,# Setup our state,[],CMake,0,8,8
24312,nfrechette/acl,https://github.com/nfrechette/acl/blob/decc0cb8c36a53f6db0352eda8a4900cf6937966/tools/regression_tester_android/CMakeLists.txt#L12,# Configure gradle for our build configuration,[],CMake,0,12,12
24312,nfrechette/acl,https://github.com/nfrechette/acl/blob/decc0cb8c36a53f6db0352eda8a4900cf6937966/tools/regression_tester_android/CMakeLists.txt#L18,# Copy gradle related files,[],CMake,0,18,18
24312,nfrechette/acl,https://github.com/nfrechette/acl/blob/decc0cb8c36a53f6db0352eda8a4900cf6937966/tools/regression_tester_android/CMakeLists.txt#L31,# Copy our regression clip data,[],CMake,0,31,31
24312,nfrechette/acl,https://github.com/nfrechette/acl/blob/decc0cb8c36a53f6db0352eda8a4900cf6937966/tools/regression_tester_android/CMakeLists.txt#L44,# Decide whether we should build Debug or Release,[],CMake,1,44,44
24312,nfrechette/acl,https://github.com/nfrechette/acl/blob/decc0cb8c36a53f6db0352eda8a4900cf6937966/tools/regression_tester_android/app/src/main/cpp/CMakeLists.txt#L6,# Project root is <acl-dir>\tools\regression_tester_android,[],CMake,0,6,6
24312,nfrechette/acl,https://github.com/nfrechette/acl/blob/decc0cb8c36a53f6db0352eda8a4900cf6937966/tools/regression_tester_android/app/src/main/cpp/CMakeLists.txt#L15,# Grab all of our common source files,[],CMake,0,15,15
24312,nfrechette/acl,https://github.com/nfrechette/acl/blob/decc0cb8c36a53f6db0352eda8a4900cf6937966/tools/regression_tester_android/app/src/main/cpp/CMakeLists.txt#L20,# Grab all of our main source files,[],CMake,0,20,20
24312,nfrechette/acl,https://github.com/nfrechette/acl/blob/decc0cb8c36a53f6db0352eda8a4900cf6937966/tools/regression_tester_android/app/src/main/cpp/CMakeLists.txt#L26,# Enable exceptions,[],CMake,0,26,26
24312,nfrechette/acl,https://github.com/nfrechette/acl/blob/decc0cb8c36a53f6db0352eda8a4900cf6937966/tools/regression_tester_android/app/src/main/cpp/CMakeLists.txt#L29,# Enable debug symbols,[],CMake,0,29,29
24312,nfrechette/acl,https://github.com/nfrechette/acl/blob/decc0cb8c36a53f6db0352eda8a4900cf6937966/tools/regression_tester_android/app/src/main/cpp/CMakeLists.txt#L32,# Throw on failure to allow us to catch them and recover,[],CMake,0,32,32
24312,nfrechette/acl,https://github.com/nfrechette/acl/blob/decc0cb8c36a53f6db0352eda8a4900cf6937966/tools/regression_tester_android/app/src/main/cpp/CMakeLists.txt#L37,# Disable SIMD if not needed,[],CMake,0,37,37
24312,nfrechette/acl,https://github.com/nfrechette/acl/blob/decc0cb8c36a53f6db0352eda8a4900cf6937966/tools/regression_tester_android/app/src/main/cpp/CMakeLists.txt#L42,"# Disable allocation tracking since if we fail a regression test, we'll throw an exception
# and fail to free memory, leading to a crash in the allocator",[],CMake,0,42,43
24312,nfrechette/acl,https://github.com/nfrechette/acl/blob/decc0cb8c36a53f6db0352eda8a4900cf6937966/tools/regression_tester_android/app/src/main/cpp/CMakeLists.txt#L46,# Enable SJSON,[],CMake,0,46,46
24312,nfrechette/acl,https://github.com/nfrechette/acl/blob/decc0cb8c36a53f6db0352eda8a4900cf6937966/tools/regression_tester_ios/CMakeLists.txt#L4,# iOS cmake toolchain does not support CMAKE_CXX_STANDARD,[],CMake,0,4,4
24312,nfrechette/acl,https://github.com/nfrechette/acl/blob/decc0cb8c36a53f6db0352eda8a4900cf6937966/tools/regression_tester_ios/CMakeLists.txt#L7,# Force enable debug symbols,[],CMake,0,7,7
24312,nfrechette/acl,https://github.com/nfrechette/acl/blob/decc0cb8c36a53f6db0352eda8a4900cf6937966/tools/regression_tester_ios/CMakeLists.txt#L10,# Enable optimizations in Release,[],CMake,0,10,10
24312,nfrechette/acl,https://github.com/nfrechette/acl/blob/decc0cb8c36a53f6db0352eda8a4900cf6937966/tools/regression_tester_ios/CMakeLists.txt#L24,# Setup resources,[],CMake,0,24,24
24312,nfrechette/acl,https://github.com/nfrechette/acl/blob/decc0cb8c36a53f6db0352eda8a4900cf6937966/tools/regression_tester_ios/CMakeLists.txt#L39,# Grab all of our common source files,[],CMake,0,39,39
24312,nfrechette/acl,https://github.com/nfrechette/acl/blob/decc0cb8c36a53f6db0352eda8a4900cf6937966/tools/regression_tester_ios/CMakeLists.txt#L46,# Grab all of our main source files,[],CMake,0,46,46
24312,nfrechette/acl,https://github.com/nfrechette/acl/blob/decc0cb8c36a53f6db0352eda8a4900cf6937966/tools/regression_tester_ios/CMakeLists.txt#L53,# Throw on failure to allow us to catch them and recover,[],CMake,0,53,53
24312,nfrechette/acl,https://github.com/nfrechette/acl/blob/decc0cb8c36a53f6db0352eda8a4900cf6937966/tools/regression_tester_ios/CMakeLists.txt#L58,"# Disable allocation track since if we fail a regression test, we'll throw an exception
# and fail to free memory, leading to a crash in the allocator",[],CMake,0,58,59
24312,nfrechette/acl,https://github.com/nfrechette/acl/blob/decc0cb8c36a53f6db0352eda8a4900cf6937966/tools/regression_tester_ios/CMakeLists.txt#L62,# Disable SIMD if not needed,[],CMake,0,62,62
24312,nfrechette/acl,https://github.com/nfrechette/acl/blob/decc0cb8c36a53f6db0352eda8a4900cf6937966/tools/regression_tester_ios/CMakeLists.txt#L67,# Enable SJSON,[],CMake,0,67,67
24312,nfrechette/acl,https://github.com/nfrechette/acl/blob/decc0cb8c36a53f6db0352eda8a4900cf6937966/cmake/CMakeCompiler.cmake#L5,# Replace some default compiler switches and add new ones,[],CMake,2,5,5
24312,nfrechette/acl,https://github.com/nfrechette/acl/blob/decc0cb8c36a53f6db0352eda8a4900cf6937966/cmake/CMakeCompiler.cmake#L6,# Disable RTTI,[],CMake,64,6,6
24312,nfrechette/acl,https://github.com/nfrechette/acl/blob/decc0cb8c36a53f6db0352eda8a4900cf6937966/cmake/CMakeCompiler.cmake#L7,# Bump warnings to W4,[],CMake,66,7,7
24312,nfrechette/acl,https://github.com/nfrechette/acl/blob/decc0cb8c36a53f6db0352eda8a4900cf6937966/cmake/CMakeCompiler.cmake#L8,# Add debug info,[],CMake,58,8,8
24312,nfrechette/acl,https://github.com/nfrechette/acl/blob/decc0cb8c36a53f6db0352eda8a4900cf6937966/cmake/CMakeCompiler.cmake#L9,# Generate intrinsic functions,[],CMake,58,9,9
24312,nfrechette/acl,https://github.com/nfrechette/acl/blob/decc0cb8c36a53f6db0352eda8a4900cf6937966/cmake/CMakeCompiler.cmake#L10,# Treat warnings as errors,[],CMake,58,10,10
24312,nfrechette/acl,https://github.com/nfrechette/acl/blob/decc0cb8c36a53f6db0352eda8a4900cf6937966/cmake/CMakeCompiler.cmake#L11,# Enable parallel compilation,[],CMake,58,11,11
24312,nfrechette/acl,https://github.com/nfrechette/acl/blob/decc0cb8c36a53f6db0352eda8a4900cf6937966/cmake/CMakeCompiler.cmake#L14,# VS2017 and above,[],CMake,3,14,14
24312,nfrechette/acl,https://github.com/nfrechette/acl/blob/decc0cb8c36a53f6db0352eda8a4900cf6937966/cmake/CMakeCompiler.cmake#L30,# Add linker flags,[],CMake,2,30,30
24312,nfrechette/acl,https://github.com/nfrechette/acl/blob/decc0cb8c36a53f6db0352eda8a4900cf6937966/cmake/CMakeCompiler.cmake#L63,# Enable all warnings,[],CMake,66,63,63
24312,nfrechette/acl,https://github.com/nfrechette/acl/blob/decc0cb8c36a53f6db0352eda8a4900cf6937966/cmake/CMakeCompiler.cmake#L64,# Enable shadowing warnings,[],CMake,62,64,64
24312,nfrechette/acl,https://github.com/nfrechette/acl/blob/decc0cb8c36a53f6db0352eda8a4900cf6937966/cmake/CMakeCompiler.cmake#L65,# Treat warnings as errors,[],CMake,61,65,65
24312,nfrechette/acl,https://github.com/nfrechette/acl/blob/decc0cb8c36a53f6db0352eda8a4900cf6937966/cmake/CMakeCompiler.cmake#L68,# Remove '-g' from compilation flags since it sometimes crashes the compiler,[],CMake,3,68,68
24312,nfrechette/acl,https://github.com/nfrechette/acl/blob/decc0cb8c36a53f6db0352eda8a4900cf6937966/cmake/CMakeCompiler.cmake#L72,# Enable debug symbols,[],CMake,59,72,72
24312,nfrechette/acl,https://github.com/nfrechette/acl/blob/decc0cb8c36a53f6db0352eda8a4900cf6937966/cmake/CMakeCompiler.cmake#L75,# Link against the atomic library with x86 clang 4 and 5,[],CMake,2,75,75
24312,nfrechette/acl,https://github.com/nfrechette/acl/blob/decc0cb8c36a53f6db0352eda8a4900cf6937966/cmake/CMakePlatforms.cmake#L4,# Already set,[],CMake,10,4,4
24312,nfrechette/acl,https://github.com/nfrechette/acl/blob/decc0cb8c36a53f6db0352eda8a4900cf6937966/cmake/CMakePlatforms.cmake#L7,# Detect which platform we have,[],CMake,0,7,7
24312,nfrechette/acl,https://github.com/nfrechette/acl/blob/decc0cb8c36a53f6db0352eda8a4900cf6937966/cmake/CMakePlatforms.cmake#L19,# Get the Xcode version being used.,[],CMake,1,19,19
24312,nfrechette/acl,https://github.com/nfrechette/acl/blob/decc0cb8c36a53f6db0352eda8a4900cf6937966/cmake/CMakeUtils.cmake#L3,"# Create groups for the test source files, this creates the proper directory structure under the
# Visual Studio filters",[],CMake,0,3,4
24312,nfrechette/acl,https://github.com/nfrechette/acl/blob/decc0cb8c36a53f6db0352eda8a4900cf6937966/cmake/Toolchain-Android.cmake#L3,"# For Android, we just set the platform name as we won't be using CMake to build anything.
# Instead Gradle is used through CMake.",[],CMake,0,3,4
24312,nfrechette/acl,https://github.com/nfrechette/acl/blob/decc0cb8c36a53f6db0352eda8a4900cf6937966/cmake/Toolchain-Android.cmake#L9,# Remap our CPU instruction set,[],CMake,0,9,9
24312,nfrechette/acl,https://github.com/nfrechette/acl/blob/decc0cb8c36a53f6db0352eda8a4900cf6937966/cmake/Toolchain-Android.cmake#L16,# Set our misc asset directory,[],CMake,0,16,16
24312,nfrechette/acl,https://github.com/nfrechette/acl/blob/decc0cb8c36a53f6db0352eda8a4900cf6937966/cmake/Toolchain-iOS.cmake#L5,# Set here instead of CMakePlatforms.cmake since we can't distinguis otherwise,[],CMake,0,5,5
24312,nfrechette/acl,https://github.com/nfrechette/acl/blob/decc0cb8c36a53f6db0352eda8a4900cf6937966/cmake/Toolchain-iOS.cmake#L8,"# Find and set the C/C++ compiler paths, cmake doesn't seem to do this properly on its own",[],CMake,0,8,8
