repoIndex,repoName,linkLocation,comment,keywords,buildSysteminFile,charPosition,startLine,endLine
24663,citra-emu/citra-android,https://github.com/citra-emu/citra-android/blob/6f6f9a091085305154375028f3342aad16697f3c/CMakeLists.txt#L1,# CMake 3.8 required for 17 to be a valid value for CXX_STANDARD,[],CMake,0,1,1
24663,citra-emu/citra-android,https://github.com/citra-emu/citra-android/blob/6f6f9a091085305154375028f3342aad16697f3c/CMakeLists.txt#L4,# Don't override the warning flags in MSVC:,[],CMake,4,4,4
24663,citra-emu/citra-android,https://github.com/citra-emu/citra-android/blob/6f6f9a091085305154375028f3342aad16697f3c/CMakeLists.txt#L14,"# Set bundled sdl2/qt as dependent options.
# OFF by default, but if ENABLE_SDL2 and MSVC are true then ON",[],CMake,0,14,15
24663,citra-emu/citra-android,https://github.com/citra-emu/citra-android/blob/6f6f9a091085305154375028f3342aad16697f3c/CMakeLists.txt#L52,"# Sanity check : Check that all submodules are present
# =======================================================================",[],CMake,0,52,53
24663,citra-emu/citra-android,https://github.com/citra-emu/citra-android/blob/6f6f9a091085305154375028f3342aad16697f3c/CMakeLists.txt#L81,"# Detect current compilation architecture and create standard definitions
# =======================================================================",[],CMake,0,81,82
24663,citra-emu/citra-android,https://github.com/citra-emu/citra-android/blob/6f6f9a091085305154375028f3342aad16697f3c/CMakeLists.txt#L91,"# The output variable needs to be unique across invocations otherwise
# CMake's crazy scope rules will keep it defined",[],CMake,8,91,92
24663,citra-emu/citra-android,https://github.com/citra-emu/citra-android/blob/6f6f9a091085305154375028f3342aad16697f3c/CMakeLists.txt#L122,"# Configure C++ standard
# ===========================",[],CMake,0,122,123
24663,citra-emu/citra-android,https://github.com/citra-emu/citra-android/blob/6f6f9a091085305154375028f3342aad16697f3c/CMakeLists.txt#L128,# set up output paths for executable binaries,[],CMake,0,128,128
24663,citra-emu/citra-android,https://github.com/citra-emu/citra-android/blob/6f6f9a091085305154375028f3342aad16697f3c/CMakeLists.txt#L132,"# System imported libraries
# ======================",[],CMake,0,132,133
24663,citra-emu/citra-android,https://github.com/citra-emu/citra-android/blob/6f6f9a091085305154375028f3342aad16697f3c/CMakeLists.txt#L135,# Prefer the -pthread flag on Linux.,[],CMake,0,135,135
24663,citra-emu/citra-android,https://github.com/citra-emu/citra-android/blob/6f6f9a091085305154375028f3342aad16697f3c/CMakeLists.txt#L141,# Detect toolchain and platform,[],CMake,8,141,141
24663,citra-emu/citra-android,https://github.com/citra-emu/citra-android/blob/6f6f9a091085305154375028f3342aad16697f3c/CMakeLists.txt#L184,"# Passing an empty HINTS seems to cause default system paths to get ignored in CMake 2.8 so
# make sure to not pass anything if we don't have one.",[],CMake,8,184,185
24663,citra-emu/citra-android,https://github.com/citra-emu/citra-android/blob/6f6f9a091085305154375028f3342aad16697f3c/CMakeLists.txt#L230,"# Platform-specific library requirements
# ======================================",[],CMake,0,230,231
24663,citra-emu/citra-android,https://github.com/citra-emu/citra-android/blob/6f6f9a091085305154375028f3342aad16697f3c/CMakeLists.txt#L234,# Umbrella framework for everything GUI-related,[],CMake,4,234,234
24663,citra-emu/citra-android,https://github.com/citra-emu/citra-android/blob/6f6f9a091085305154375028f3342aad16697f3c/CMakeLists.txt#L238,# WSAPoll and SHGetKnownFolderPath (AppData/Roaming) didn't exist before WinNT 6.x (Vista),[],CMake,4,238,238
24663,citra-emu/citra-android,https://github.com/citra-emu/citra-android/blob/6f6f9a091085305154375028f3342aad16697f3c/CMakeLists.txt#L242,# PSAPI is the Process Status API,[],CMake,8,242,242
24663,citra-emu/citra-android,https://github.com/citra-emu/citra-android/blob/6f6f9a091085305154375028f3342aad16697f3c/CMakeLists.txt#L249,"# Setup a custom clang-format target (if clang-format can be found) that will run
# against all the src files. This should be used before making a pull request.
# =======================================================================",[],CMake,0,249,251
24663,citra-emu/citra-android,https://github.com/citra-emu/citra-android/blob/6f6f9a091085305154375028f3342aad16697f3c/CMakeLists.txt#L258,"# if find_program doesn't find it, try to download from externals",[],CMake,0,258,258
24663,citra-emu/citra-android,https://github.com/citra-emu/citra-android/blob/6f6f9a091085305154375028f3342aad16697f3c/CMakeLists.txt#L297,"# Include source code
# ===================",[],CMake,0,297,298
24663,citra-emu/citra-android,https://github.com/citra-emu/citra-android/blob/6f6f9a091085305154375028f3342aad16697f3c/CMakeLists.txt#L300,"# This function should be passed a list of all files in a target. It will automatically generate
# file groups following the directory hierarchy, so that the layout of the files in IDEs matches the
# one in the filesystem.",[],CMake,0,300,302
24663,citra-emu/citra-android,https://github.com/citra-emu/citra-android/blob/6f6f9a091085305154375028f3342aad16697f3c/CMakeLists.txt#L304,"# Place any files that aren't in the source list in a separate group so that they don't get in
# the way.",[],CMake,4,304,305
24663,citra-emu/citra-android,https://github.com/citra-emu/citra-android/blob/6f6f9a091085305154375028f3342aad16697f3c/CMakeLists.txt#L312,# Group names use '\' as a separator even though the entire rest of CMake uses '/'...,[],CMake,8,312,312
24663,citra-emu/citra-android,https://github.com/citra-emu/citra-android/blob/6f6f9a091085305154375028f3342aad16697f3c/CMakeLists.txt#L318,# Gets a UTC timstamp and sets the provided variable to it,[],CMake,0,318,318
24663,citra-emu/citra-android,https://github.com/citra-emu/citra-android/blob/6f6f9a091085305154375028f3342aad16697f3c/CMakeLists.txt#L324,# Prevent boost from linking against libs when building,[],CMake,0,324,324
24663,citra-emu/citra-android,https://github.com/citra-emu/citra-android/blob/6f6f9a091085305154375028f3342aad16697f3c/CMakeLists.txt#L331,# generate git/build information,[],CMake,0,331,331
24663,citra-emu/citra-android,https://github.com/citra-emu/citra-android/blob/6f6f9a091085305154375028f3342aad16697f3c/CMakeLists.txt#L345,# Boost,[],CMake,0,345,345
24663,citra-emu/citra-android,https://github.com/citra-emu/citra-android/blob/6f6f9a091085305154375028f3342aad16697f3c/CMakeLists.txt#L357,# Set citra-qt project or citra project as default StartUp Project in Visual Studio depending on whether QT is enabled or not,[],CMake,0,357,357
24663,citra-emu/citra-android,https://github.com/citra-emu/citra-android/blob/6f6f9a091085305154375028f3342aad16697f3c/CMakeLists.txt#L364,"# Installation instructions
# =========================",[],CMake,0,364,365
24663,citra-emu/citra-android,https://github.com/citra-emu/citra-android/blob/6f6f9a091085305154375028f3342aad16697f3c/CMakeLists.txt#L367,"# Install freedesktop.org metadata files, following those specifications:
# http://standards.freedesktop.org/desktop-entry-spec/desktop-entry-spec-latest.html
# http://standards.freedesktop.org/icon-theme-spec/icon-theme-spec-latest.html
# http://standards.freedesktop.org/shared-mime-info-spec/shared-mime-info-spec-latest.html",[],CMake,0,367,370
24663,citra-emu/citra-android,https://github.com/citra-emu/citra-android/blob/6f6f9a091085305154375028f3342aad16697f3c/dist/installer/CMakeLists.txt#L15,"# Adds a custom target that will run the BuildInstaller.cmake file
# CMake can't just run a cmake function as a custom command, so this is a way around it.
# Calls the cmake command and runs a cmake file in ""scripting"" mode passing in variables with -D",[],CMake,0,15,17
24663,citra-emu/citra-android,https://github.com/citra-emu/citra-android/blob/6f6f9a091085305154375028f3342aad16697f3c/externals/CMakeLists.txt#L1,# Definitions for all external bundled libraries,[],CMake,0,1,1
24663,citra-emu/citra-android,https://github.com/citra-emu/citra-android/blob/6f6f9a091085305154375028f3342aad16697f3c/externals/CMakeLists.txt#L3,# Suppress warnings from external libraries,[],CMake,0,3,3
24663,citra-emu/citra-android,https://github.com/citra-emu/citra-android/blob/6f6f9a091085305154375028f3342aad16697f3c/externals/CMakeLists.txt#L12,# Boost,[],CMake,0,12,12
24663,citra-emu/citra-android,https://github.com/citra-emu/citra-android/blob/6f6f9a091085305154375028f3342aad16697f3c/externals/CMakeLists.txt#L19,# Boost::serialization,[],CMake,0,19,19
24663,citra-emu/citra-android,https://github.com/citra-emu/citra-android/blob/6f6f9a091085305154375028f3342aad16697f3c/externals/CMakeLists.txt#L24,# Add additional boost libs here; remember to ALIAS them in the root CMakeLists!,[],CMake,0,24,24
24663,citra-emu/citra-android,https://github.com/citra-emu/citra-android/blob/6f6f9a091085305154375028f3342aad16697f3c/externals/CMakeLists.txt#L26,# Catch,[],CMake,0,26,26
24663,citra-emu/citra-android,https://github.com/citra-emu/citra-android/blob/6f6f9a091085305154375028f3342aad16697f3c/externals/CMakeLists.txt#L30,# Crypto++,[],CMake,0,30,30
24663,citra-emu/citra-android,https://github.com/citra-emu/citra-android/blob/6f6f9a091085305154375028f3342aad16697f3c/externals/CMakeLists.txt#L33,# Xbyak,[],CMake,0,33,33
24663,citra-emu/citra-android,https://github.com/citra-emu/citra-android/blob/6f6f9a091085305154375028f3342aad16697f3c/externals/CMakeLists.txt#L40,# Dynarmic,[],CMake,0,40,40
24663,citra-emu/citra-android,https://github.com/citra-emu/citra-android/blob/6f6f9a091085305154375028f3342aad16697f3c/externals/CMakeLists.txt#L48,# libfmt,[],CMake,0,48,48
24663,citra-emu/citra-android,https://github.com/citra-emu/citra-android/blob/6f6f9a091085305154375028f3342aad16697f3c/externals/CMakeLists.txt#L52,# getopt,[],CMake,0,52,52
24663,citra-emu/citra-android,https://github.com/citra-emu/citra-android/blob/6f6f9a091085305154375028f3342aad16697f3c/externals/CMakeLists.txt#L57,# Glad,[],CMake,0,57,57
24663,citra-emu/citra-android,https://github.com/citra-emu/citra-android/blob/6f6f9a091085305154375028f3342aad16697f3c/externals/CMakeLists.txt#L60,# inih,[],CMake,0,60,60
24663,citra-emu/citra-android,https://github.com/citra-emu/citra-android/blob/6f6f9a091085305154375028f3342aad16697f3c/externals/CMakeLists.txt#L63,# MicroProfile,[],CMake,0,63,63
24663,citra-emu/citra-android,https://github.com/citra-emu/citra-android/blob/6f6f9a091085305154375028f3342aad16697f3c/externals/CMakeLists.txt#L67,# Nihstro,[],CMake,0,67,67
24663,citra-emu/citra-android,https://github.com/citra-emu/citra-android/blob/6f6f9a091085305154375028f3342aad16697f3c/externals/CMakeLists.txt#L71,# Open Source Archives,[],CMake,0,71,71
24663,citra-emu/citra-android,https://github.com/citra-emu/citra-android/blob/6f6f9a091085305154375028f3342aad16697f3c/externals/CMakeLists.txt#L74,# SoundTouch,[],CMake,0,74,74
24663,citra-emu/citra-android,https://github.com/citra-emu/citra-android/blob/6f6f9a091085305154375028f3342aad16697f3c/externals/CMakeLists.txt#L76,# The SoundTouch target doesn't export the necessary include paths as properties by default,[],CMake,0,76,76
24663,citra-emu/citra-android,https://github.com/citra-emu/citra-android/blob/6f6f9a091085305154375028f3342aad16697f3c/externals/CMakeLists.txt#L79,# Teakra,[],CMake,0,79,79
24663,citra-emu/citra-android,https://github.com/citra-emu/citra-android/blob/6f6f9a091085305154375028f3342aad16697f3c/externals/CMakeLists.txt#L82,# Zstandard,[],CMake,0,82,82
24663,citra-emu/citra-android,https://github.com/citra-emu/citra-android/blob/6f6f9a091085305154375028f3342aad16697f3c/externals/CMakeLists.txt#L86,# ENet,[],CMake,0,86,86
24663,citra-emu/citra-android,https://github.com/citra-emu/citra-android/blob/6f6f9a091085305154375028f3342aad16697f3c/externals/CMakeLists.txt#L90,# Cubeb,[],CMake,0,90,90
24663,citra-emu/citra-android,https://github.com/citra-emu/citra-android/blob/6f6f9a091085305154375028f3342aad16697f3c/externals/CMakeLists.txt#L96,# DiscordRPC,[],CMake,0,96,96
24663,citra-emu/citra-android,https://github.com/citra-emu/citra-android/blob/6f6f9a091085305154375028f3342aad16697f3c/externals/CMakeLists.txt#L103,# LibreSSL,[],CMake,4,103,103
24663,citra-emu/citra-android,https://github.com/citra-emu/citra-android/blob/6f6f9a091085305154375028f3342aad16697f3c/externals/CMakeLists.txt#L109,# JSON,[],CMake,4,109,109
24663,citra-emu/citra-android,https://github.com/citra-emu/citra-android/blob/6f6f9a091085305154375028f3342aad16697f3c/externals/CMakeLists.txt#L113,# lurlparser,[],CMake,4,113,113
24663,citra-emu/citra-android,https://github.com/citra-emu/citra-android/blob/6f6f9a091085305154375028f3342aad16697f3c/externals/CMakeLists.txt#L120,# httplib,[],CMake,4,120,120
24663,citra-emu/citra-android,https://github.com/citra-emu/citra-android/blob/6f6f9a091085305154375028f3342aad16697f3c/externals/CMakeLists.txt#L125,# cpp-jwt,[],CMake,4,125,125
24663,citra-emu/citra-android,https://github.com/citra-emu/citra-android/blob/6f6f9a091085305154375028f3342aad16697f3c/externals/CMakeLists.txt#L130,# lodepng,[],CMake,0,130,130
24663,citra-emu/citra-android,https://github.com/citra-emu/citra-android/blob/6f6f9a091085305154375028f3342aad16697f3c/externals/CMakeLists.txt#L133,# libyuv,[],CMake,0,133,133
24663,citra-emu/citra-android,https://github.com/citra-emu/citra-android/blob/6f6f9a091085305154375028f3342aad16697f3c/externals/cryptopp/CMakeLists.txt#L18,"#============================================================================
# Settable options
#============================================================================",[],CMake,0,18,20
24663,citra-emu/citra-android,https://github.com/citra-emu/citra-android/blob/6f6f9a091085305154375028f3342aad16697f3c/externals/cryptopp/CMakeLists.txt#L27,"#============================================================================
# Internal compiler options
#============================================================================",[],CMake,0,27,29
24663,citra-emu/citra-android,https://github.com/citra-emu/citra-android/blob/6f6f9a091085305154375028f3342aad16697f3c/externals/cryptopp/CMakeLists.txt#L31,"# Only set when cross-compiling, http://www.vtk.org/Wiki/CMake_Cross_Compiling",[],CMake,0,31,31
24663,citra-emu/citra-android,https://github.com/citra-emu/citra-android/blob/6f6f9a091085305154375028f3342aad16697f3c/externals/cryptopp/CMakeLists.txt#L38,# Don't use RPATH's. The resulting binary could fail a security audit.,[],CMake,0,38,38
24663,citra-emu/citra-android,https://github.com/citra-emu/citra-android/blob/6f6f9a091085305154375028f3342aad16697f3c/externals/cryptopp/CMakeLists.txt#L48,# Disable C4390: empty controlled statement found: is this the intent?,[],CMake,2,48,48
24663,citra-emu/citra-android,https://github.com/citra-emu/citra-android/blob/6f6f9a091085305154375028f3342aad16697f3c/externals/cryptopp/CMakeLists.txt#L52,# Endianness,[],CMake,0,52,52
24663,citra-emu/citra-android,https://github.com/citra-emu/citra-android/blob/6f6f9a091085305154375028f3342aad16697f3c/externals/cryptopp/CMakeLists.txt#L68,# We need the output 'uname -s' for Unix and Linux system detection,[],CMake,0,68,68
24663,citra-emu/citra-android,https://github.com/citra-emu/citra-android/blob/6f6f9a091085305154375028f3342aad16697f3c/externals/cryptopp/CMakeLists.txt#L79,# We need the output 'uname -m' for Unix and Linux platform detection,[],CMake,0,79,79
24663,citra-emu/citra-android,https://github.com/citra-emu/citra-android/blob/6f6f9a091085305154375028f3342aad16697f3c/externals/cryptopp/CMakeLists.txt#L97,"# Enable PIC for all targets except Windows and 32-bit x86.
#   Avoid on 32-bit x86 due to register pressures.",[],CMake,0,97,98
24663,citra-emu/citra-android,https://github.com/citra-emu/citra-android/blob/6f6f9a091085305154375028f3342aad16697f3c/externals/cryptopp/CMakeLists.txt#L100,"# Use Regex; match i386, i486, i586 and i686",[],CMake,4,100,100
24663,citra-emu/citra-android,https://github.com/citra-emu/citra-android/blob/6f6f9a091085305154375028f3342aad16697f3c/externals/cryptopp/CMakeLists.txt#L106,"# Link is driven through the compiler, but CXXFLAGS are not used. Also see
#   http://public.kitware.com/pipermail/cmake/2003-June/003967.html",[],CMake,0,106,107
24663,citra-emu/citra-android,https://github.com/citra-emu/citra-android/blob/6f6f9a091085305154375028f3342aad16697f3c/externals/cryptopp/CMakeLists.txt#L112,"#============================================================================
# Sources & headers
#============================================================================",[],CMake,0,112,114
24663,citra-emu/citra-android,https://github.com/citra-emu/citra-android/blob/6f6f9a091085305154375028f3342aad16697f3c/externals/cryptopp/CMakeLists.txt#L116,# Library headers,[],CMake,0,116,116
24663,citra-emu/citra-android,https://github.com/citra-emu/citra-android/blob/6f6f9a091085305154375028f3342aad16697f3c/externals/cryptopp/CMakeLists.txt#L119,"# Library sources.
# These have been trimmed to include only things Citra uses. This speeds up
# compiles and reduces the amount of compilation breakage.",[],CMake,0,119,121
24663,citra-emu/citra-android,https://github.com/citra-emu/citra-android/blob/6f6f9a091085305154375028f3342aad16697f3c/externals/cryptopp/CMakeLists.txt#L123,"# The Crypto++ readme says you should put these 3 object files first,
# to avoid ""problems associated with C++ static initialization order"",
# but doesn't actually tell what could go wrong. Better safe than sorry
# I guess...",[],CMake,8,123,126
24663,citra-emu/citra-android,https://github.com/citra-emu/citra-android/blob/6f6f9a091085305154375028f3342aad16697f3c/externals/cryptopp/CMakeLists.txt#L187,# list(APPEND cryptopp_SOURCES ${CMAKE_CURRENT_SOURCE_DIR}/cryptopp/rdrand.asm),[],CMake,8,187,187
24663,citra-emu/citra-android,https://github.com/citra-emu/citra-android/blob/6f6f9a091085305154375028f3342aad16697f3c/externals/cryptopp/CMakeLists.txt#L190,"# set_source_files_properties(${CMAKE_CURRENT_SOURCE_DIR}/cryptopp/rdrand.asm PROPERTIES COMPILE_FLAGS ""/D_M_X64"")",[],CMake,8,190,190
24663,citra-emu/citra-android,https://github.com/citra-emu/citra-android/blob/6f6f9a091085305154375028f3342aad16697f3c/externals/cryptopp/CMakeLists.txt#L233,"#============================================================================
# Compile targets
#============================================================================",[],CMake,0,233,235
24663,citra-emu/citra-android,https://github.com/citra-emu/citra-android/blob/6f6f9a091085305154375028f3342aad16697f3c/externals/cryptopp/CMakeLists.txt#L239,"#============================================================================
# Third-party libraries
#============================================================================",[],CMake,0,239,241
24663,citra-emu/citra-android,https://github.com/citra-emu/citra-android/blob/6f6f9a091085305154375028f3342aad16697f3c/src/CMakeLists.txt#L1,# Enable modules to include each other's files,[],CMake,0,1,1
24663,citra-emu/citra-android,https://github.com/citra-emu/citra-android/blob/6f6f9a091085305154375028f3342aad16697f3c/src/CMakeLists.txt#L4,# CMake seems to only define _DEBUG on Windows,[],CMake,0,4,4
24663,citra-emu/citra-android,https://github.com/citra-emu/citra-android/blob/6f6f9a091085305154375028f3342aad16697f3c/src/CMakeLists.txt#L8,# Set compilation flags,[],CMake,0,8,8
24663,citra-emu/citra-android,https://github.com/citra-emu/citra-android/blob/6f6f9a091085305154375028f3342aad16697f3c/src/CMakeLists.txt#L12,"# Silence ""deprecation"" warnings",[],CMake,4,12,12
24663,citra-emu/citra-android,https://github.com/citra-emu/citra-android/blob/6f6f9a091085305154375028f3342aad16697f3c/src/CMakeLists.txt#L15,# Avoid windows.h junk,[],CMake,4,15,15
24663,citra-emu/citra-android,https://github.com/citra-emu/citra-android/blob/6f6f9a091085305154375028f3342aad16697f3c/src/CMakeLists.txt#L18,"# Avoid windows.h from including some usually unused libs like winsocks.h, since this might cause some redefinition errors.",[],CMake,4,18,18
24663,citra-emu/citra-android,https://github.com/citra-emu/citra-android/blob/6f6f9a091085305154375028f3342aad16697f3c/src/CMakeLists.txt#L21,# Ensure that projects build with Unicode support.,[],CMake,4,21,21
24663,citra-emu/citra-android,https://github.com/citra-emu/citra-android/blob/6f6f9a091085305154375028f3342aad16697f3c/src/CMakeLists.txt#L24,"# /W3                 - Level 3 warnings
# /MP                 - Multi-threaded compilation
# /Zi                 - Output debugging information
# /Zo                 - Enhanced debug info for optimized builds
# /permissive-        - Enables stricter C++ standards conformance checks
# /EHsc               - C++-only exception handling semantics
# /volatile:iso       - Use strict standards-compliant volatile semantics.
# /Zc:externConstexpr - Allow extern constexpr variables to have external linkage, like the standard mandates
# /Zc:inline          - Let codegen omit inline functions in object files
# /Zc:throwingNew     - Let codegen assume `operator new` (without std::nothrow) will never return null
# /external:*         - Suppress warnings from external headers",[],CMake,4,24,34
24663,citra-emu/citra-android,https://github.com/citra-emu/citra-android/blob/6f6f9a091085305154375028f3342aad16697f3c/src/CMakeLists.txt#L50,"# Since MSVC's debugging information is not very deterministic, so we have to disable it
# when using ccache or other caching tools",[],CMake,4,50,51
24663,citra-emu/citra-android,https://github.com/citra-emu/citra-android/blob/6f6f9a091085305154375028f3342aad16697f3c/src/CMakeLists.txt#L59,# /GS- - No stack buffer overflow checks,[],CMake,4,59,59
24663,citra-emu/citra-android,https://github.com/citra-emu/citra-android/blob/6f6f9a091085305154375028f3342aad16697f3c/src/CMakeLists.txt#L74,"# Set file offset size to 64 bits.
#
# On modern Unixes, this is typically already the case. The lone exception is
# glibc, which may default to 32 bits. glibc allows this to be configured
# by setting _FILE_OFFSET_BITS.",[],CMake,4,74,78
24663,citra-emu/citra-android,https://github.com/citra-emu/citra-android/blob/6f6f9a091085305154375028f3342aad16697f3c/src/CMakeLists.txt#L96,"# GNU ar: Create thin archive files.
# Requires binutils-2.19 or later.",[],CMake,8,96,97
24663,citra-emu/citra-android,https://github.com/citra-emu/citra-android/blob/6f6f9a091085305154375028f3342aad16697f3c/src/audio_core/CMakeLists.txt#L48,"# We dynamically load the required symbols from mf.dll and mfplat.dll but mfuuid is not a dll
# just a static library of GUIDS so include that one directly.",[],CMake,4,48,49
24663,citra-emu/citra-android,https://github.com/citra-emu/citra-android/blob/6f6f9a091085305154375028f3342aad16697f3c/src/citra_qt/CMakeLists.txt#L196,# Update source TS file if enabled,[],CMake,4,196,196
24663,citra-emu/citra-android,https://github.com/citra-emu/citra-android/blob/6f6f9a091085305154375028f3342aad16697f3c/src/citra_qt/CMakeLists.txt#L203,# Find all TS files except en.ts,[],CMake,4,203,203
24663,citra-emu/citra-android,https://github.com/citra-emu/citra-android/blob/6f6f9a091085305154375028f3342aad16697f3c/src/citra_qt/CMakeLists.txt#L207,# Compile TS files to QM files,[],CMake,4,207,207
24663,citra-emu/citra-android,https://github.com/citra-emu/citra-android/blob/6f6f9a091085305154375028f3342aad16697f3c/src/citra_qt/CMakeLists.txt#L210,# Build a QRC file from the QM file list,[],CMake,4,210,210
24663,citra-emu/citra-android,https://github.com/citra-emu/citra-android/blob/6f6f9a091085305154375028f3342aad16697f3c/src/citra_qt/CMakeLists.txt#L219,# Add the QRC file to package in all QM files,[],CMake,4,219,219
24663,citra-emu/citra-android,https://github.com/citra-emu/citra-android/blob/6f6f9a091085305154375028f3342aad16697f3c/src/citra_qt/CMakeLists.txt#L240,# compile as a win32 gui application instead of a console application,[],CMake,4,240,240
24663,citra-emu/citra-android,https://github.com/citra-emu/citra-android/blob/6f6f9a091085305154375028f3342aad16697f3c/src/citra_qt/CMakeLists.txt#L256,"# Use QStringBuilder for string concatenation to reduce
# the overall number of temporary strings created.",[],CMake,4,256,257
24663,citra-emu/citra-android,https://github.com/citra-emu/citra-android/blob/6f6f9a091085305154375028f3342aad16697f3c/src/citra_qt/CMakeLists.txt#L260,# Disable implicit type narrowing in signal/slot connect() calls.,[],CMake,4,260,260
24663,citra-emu/citra-android,https://github.com/citra-emu/citra-android/blob/6f6f9a091085305154375028f3342aad16697f3c/src/citra_qt/CMakeLists.txt#L263,# Disable unsafe overloads of QProcess' start() function.,[],CMake,4,263,263
24663,citra-emu/citra-android,https://github.com/citra-emu/citra-android/blob/6f6f9a091085305154375028f3342aad16697f3c/src/citra_qt/CMakeLists.txt#L266,# Disable implicit QString->QUrl conversions to enforce use of proper resolving functions.,[],CMake,4,266,266
24663,citra-emu/citra-android,https://github.com/citra-emu/citra-android/blob/6f6f9a091085305154375028f3342aad16697f3c/src/citra_qt/CMakeLists.txt#L269,# Disable implicit conversions from/to C strings,[],CMake,4,269,269
24663,citra-emu/citra-android,https://github.com/citra-emu/citra-android/blob/6f6f9a091085305154375028f3342aad16697f3c/src/common/CMakeLists.txt#L1,"# Add a custom command to generate a new shader_cache_version hash when any of the following files change
# NOTE: This is an approximation of what files affect shader generation, its possible something else
# could affect the result, but much more unlikely than the following files. Keeping a list of files
# like this allows for much better caching since it doesn't force the user to recompile binary shaders every update",[],CMake,0,1,4
24663,citra-emu/citra-android,https://github.com/citra-emu/citra-android/blob/6f6f9a091085305154375028f3342aad16697f3c/src/common/CMakeLists.txt#L16,# Pass the path to git to the GenerateSCMRev.cmake as well,[],CMake,0,16,16
24663,citra-emu/citra-android,https://github.com/citra-emu/citra-android/blob/6f6f9a091085305154375028f3342aad16697f3c/src/common/CMakeLists.txt#L27,"# WARNING! It was too much work to try and make a common location for this list,
# so if you need to change it, please update CMakeModules/GenerateSCMRev.cmake as well",[],CMake,6,27,28
24663,citra-emu/citra-android,https://github.com/citra-emu/citra-android/blob/6f6f9a091085305154375028f3342aad16697f3c/src/common/CMakeLists.txt#L47,# and also check that the scm_rev files haven't changed,[],CMake,6,47,47
24663,citra-emu/citra-android,https://github.com/citra-emu/citra-android/blob/6f6f9a091085305154375028f3342aad16697f3c/src/common/CMakeLists.txt#L50,"# technically we should regenerate if the git version changed, but its not worth the effort imo",[],CMake,6,50,50
24663,citra-emu/citra-android,https://github.com/citra-emu/citra-android/blob/6f6f9a091085305154375028f3342aad16697f3c/src/video_core/CMakeLists.txt#L74,"#temporary, move these back in alphabetical order before merging",[],CMake,4,74,74
24663,citra-emu/citra-android,https://github.com/citra-emu/citra-android/blob/6f6f9a091085305154375028f3342aad16697f3c/CMakeModules/AndroidNdkModules.cmake#L1,"# Copyright (c) 2014, Pavel Rojtberg
# All rights reserved.
#
# Redistribution and use in source and binary forms, with or without
# modification, are permitted provided that the following conditions are met:
#
# 1. Redistributions of source code must retain the above copyright notice,
# this list of conditions and the following disclaimer.
#
# 2. Redistributions in binary form must reproduce the above copyright notice,
# this list of conditions and the following disclaimer in the documentation
# and/or other materials provided with the distribution.
#
# 3. Neither the name of the copyright holder nor the names of its
# contributors may be used to endorse or promote products derived from this
# software without specific prior written permission.
#
# THIS SOFTWARE IS PROVIDED BY THE COPYRIGHT HOLDERS AND CONTRIBUTORS ""AS IS""
# AND ANY EXPRESS OR IMPLIED WARRANTIES, INCLUDING, BUT NOT LIMITED TO, THE
# IMPLIED WARRANTIES OF MERCHANTABILITY AND FITNESS FOR A PARTICULAR PURPOSE
# ARE DISCLAIMED. IN NO EVENT SHALL THE COPYRIGHT HOLDER OR CONTRIBUTORS BE
# LIABLE FOR ANY DIRECT, INDIRECT, INCIDENTAL, SPECIAL, EXEMPLARY, OR
# CONSEQUENTIAL DAMAGES (INCLUDING, BUT NOT LIMITED TO, PROCUREMENT OF
# SUBSTITUTE GOODS OR SERVICES; LOSS OF USE, DATA, OR PROFITS; OR BUSINESS
# INTERRUPTION) HOWEVER CAUSED AND ON ANY THEORY OF LIABILITY, WHETHER IN
# CONTRACT, STRICT LIABILITY, OR TORT (INCLUDING NEGLIGENCE OR OTHERWISE)
# ARISING IN ANY WAY OUT OF THE USE OF THIS SOFTWARE, EVEN IF ADVISED OF THE
# POSSIBILITY OF SUCH DAMAGE.",[],CMake,0,1,28
24663,citra-emu/citra-android,https://github.com/citra-emu/citra-android/blob/6f6f9a091085305154375028f3342aad16697f3c/CMakeModules/BuildInstaller.cmake#L1,"# To use this as a script, make sure you pass in the variables SRC_DIR BUILD_DIR and TARGET_FILE",[],CMake,0,1,1
24663,citra-emu/citra-android,https://github.com/citra-emu/citra-android/blob/6f6f9a091085305154375028f3342aad16697f3c/CMakeModules/CopyCitraQt5Deps.cmake#L41,"# Create an empty qt.conf file. Qt will detect that this file exists, and use the folder that its in as the root folder.
# This way it'll look for plugins in the root/plugins/ folder",[],CMake,4,41,42
24663,citra-emu/citra-android,https://github.com/citra-emu/citra-android/blob/6f6f9a091085305154375028f3342aad16697f3c/CMakeModules/DownloadExternals.cmake#L2,"# This function downloads a binary library package from our external repo.
# Params:
#   remote_path: path to the file to download, relative to the remote repository root
#   prefix_var: name of a variable which will be set with the path to the extracted contents",[],CMake,0,2,5
24663,citra-emu/citra-android,https://github.com/citra-emu/citra-android/blob/6f6f9a091085305154375028f3342aad16697f3c/CMakeModules/GenerateSCMRev.cmake#L1,# Gets a UTC timstamp and sets the provided variable to it,[],CMake,0,1,1
24663,citra-emu/citra-android,https://github.com/citra-emu/citra-android/blob/6f6f9a091085305154375028f3342aad16697f3c/CMakeModules/GenerateSCMRev.cmake#L9,# Find the package here with the known path so that the GetGit commands can find it as well,[],CMake,0,9,9
24663,citra-emu/citra-android,https://github.com/citra-emu/citra-android/blob/6f6f9a091085305154375028f3342aad16697f3c/CMakeModules/GenerateSCMRev.cmake#L12,# generate git/build information,[],CMake,0,12,12
24663,citra-emu/citra-android,https://github.com/citra-emu/citra-android/blob/6f6f9a091085305154375028f3342aad16697f3c/CMakeModules/GenerateSCMRev.cmake#L19,"# Generate cpp with Git revision from template
# Also if this is a CI build, add the build name (ie: Nightly, Canary) to the scm_rev file as well",[],CMake,0,19,20
24663,citra-emu/citra-android,https://github.com/citra-emu/citra-android/blob/6f6f9a091085305154375028f3342aad16697f3c/CMakeModules/GenerateSCMRev.cmake#L35,# regex capture the string nightly or canary into CMAKE_MATCH_1,[],CMake,2,35,35
24663,citra-emu/citra-android,https://github.com/citra-emu/citra-android/blob/6f6f9a091085305154375028f3342aad16697f3c/CMakeModules/GenerateSCMRev.cmake#L38,# capitalize the first letter of each word in the repo name.,[],CMake,4,38,38
24663,citra-emu/citra-android,https://github.com/citra-emu/citra-android/blob/6f6f9a091085305154375028f3342aad16697f3c/CMakeModules/GenerateSCMRev.cmake#L52,"# This leaves a trailing space on the last word, but we actually want that
# because of how it's styled in the title bar.",[],CMake,8,52,53
24663,citra-emu/citra-android,https://github.com/citra-emu/citra-android/blob/6f6f9a091085305154375028f3342aad16697f3c/CMakeModules/GenerateSCMRev.cmake#L62,# The variable SRC_DIR must be passed into the script (since it uses the current build directory for all values of CMAKE_*_DIR),[],CMake,0,62,62
24663,citra-emu/citra-android,https://github.com/citra-emu/citra-android/blob/6f6f9a091085305154375028f3342aad16697f3c/CMakeModules/MSVCCache.cmake#L1,# buildcache wrapper,[],CMake,0,1,1
24663,citra-emu/citra-android,https://github.com/citra-emu/citra-android/blob/6f6f9a091085305154375028f3342aad16697f3c/CMakeModules/MinGWCross.cmake#L12,# Specify the cross compiler,[],CMake,0,12,12
24663,citra-emu/citra-android,https://github.com/citra-emu/citra-android/blob/6f6f9a091085305154375028f3342aad16697f3c/CMakeModules/MinGWCross.cmake#L17,# Mingw tools,[],CMake,0,17,17
24663,citra-emu/citra-android,https://github.com/citra-emu/citra-android/blob/6f6f9a091085305154375028f3342aad16697f3c/CMakeModules/MinGWCross.cmake#L22,# ccache wrapper,[],CMake,0,22,22
24663,citra-emu/citra-android,https://github.com/citra-emu/citra-android/blob/6f6f9a091085305154375028f3342aad16697f3c/CMakeModules/MinGWCross.cmake#L35,# Search for programs in the build host directories,[],CMake,0,35,35
24663,citra-emu/citra-android,https://github.com/citra-emu/citra-android/blob/6f6f9a091085305154375028f3342aad16697f3c/CMakeModules/MinGWCross.cmake#L39,# Echo modified cmake vars to screen for debugging purposes,[],CMake,0,39,39
24663,citra-emu/citra-android,https://github.com/citra-emu/citra-android/blob/6f6f9a091085305154375028f3342aad16697f3c/CMakeModules/MinGWCross.cmake#L52,# So that the debug info only appears once,[],CMake,1,52,52
24663,citra-emu/citra-android,https://github.com/citra-emu/citra-android/blob/6f6f9a091085305154375028f3342aad16697f3c/externals/cmake-modules/FindFFmpeg.cmake#L1,"# FindFFmpeg
# ----------
#
# Find the native FFmpeg includes and libraries
#
# This module defines the following variables:
#
#  FFmpeg_INCLUDE_<component>: where to find <component>.h
#  FFmpeg_LIBRARY_<component>: where to find the <component> library
#  FFmpeg_INCLUDES: aggregate all the include paths
#  FFmpeg_LIBRARIES: aggregate all the paths to the libraries
#  FFmpeg_FOUND: True if all components have been found
#
# This module defines the following targets, which are prefered over variables:
#
#  FFmpeg::<component>: Target to use <component> directly, with include path,
#    library and dependencies set up. If you are using a static build, you are
#    responsible for adding any external dependencies (such as zlib, bzlib...).
#
# <component> can be one of:
#   avcodec
#   avdevice
#   avfilter
#   avformat
#   postproc
#   swresample
#   swscale
#",[],CMake,0,1,28
24663,citra-emu/citra-android,https://github.com/citra-emu/citra-android/blob/6f6f9a091085305154375028f3342aad16697f3c/externals/cmake-modules/FindFFmpeg.cmake#L96,"# Didn't find it in the usual paths, try pkg-config",[],CMake,4,96,96
24663,citra-emu/citra-android,https://github.com/citra-emu/citra-android/blob/6f6f9a091085305154375028f3342aad16697f3c/externals/cmake-modules/FindFFmpeg.cmake#L113,# Extract FFmpeg version from version.h,[],CMake,4,113,113
24663,citra-emu/citra-android,https://github.com/citra-emu/citra-android/blob/6f6f9a091085305154375028f3342aad16697f3c/externals/cmake-modules/FindSDL2.cmake#L2,"# This module defines
# SDL2_LIBRARY, the name of the library to link against
# SDL2_FOUND, if false, do not try to link to SDL2
# SDL2_INCLUDE_DIR, where to find SDL.h
# SDL2_DLL_DIR, where to find SDL2.dll if it exists
#
# This module responds to the the flag:
# SDL2_BUILDING_LIBRARY
# If this is defined, then no SDL2main will be linked in because
# only applications need main().
# Otherwise, it is assumed you are building an application and this
# module will attempt to locate and set the the proper link flags
# as part of the returned SDL2_LIBRARY variable.
#
# Don't forget to include SDLmain.h and SDLmain.m your project for the
# OS X framework based version. (Other versions link to -lSDL2main which
# this module will try to find on your behalf.) Also for OS X, this
# module will automatically add the -framework Cocoa on your behalf.
#
#
# Additional Note: If you see an empty SDL2_LIBRARY_TEMP in your configuration
# and no SDL2_LIBRARY, it means CMake did not find your SDL2 library
# (SDL2.dll, libsdl2.so, SDL2.framework, etc).
# Set SDL2_LIBRARY_TEMP to point to your SDL2 library, and configure again.
# Similarly, if you see an empty SDL2MAIN_LIBRARY, you should set this value
# as appropriate. These values are used to generate the final SDL2_LIBRARY
# variable, but when these values are unset, SDL2_LIBRARY does not get created.
#
#
# $SDL2DIR is an environment variable that would
# correspond to the ./configure --prefix=$SDL2DIR
# used in building SDL2.
# l.e.galup  9-20-02
#
# Modified by Eric Wing.
# Added code to assist with automated building by using environmental variables
# and providing a more controlled/consistent search behavior.
# Added new modifications to recognize OS X frameworks and
# additional Unix paths (FreeBSD, etc).
# Also corrected the header search path to follow ""proper"" SDL guidelines.
# Added a search for SDL2main which is needed by some platforms.
# Added a search for threads which is needed by some platforms.
# Added needed compile switches for MinGW.
#
# On OSX, this will prefer the Framework version (if found) over others.
# People will have to manually change the cache values of
# SDL2_LIBRARY to override this selection or set the CMake environment
# CMAKE_INCLUDE_PATH to modify the search paths.
#
# Note that the header path has changed from SDL2/SDL.h to just SDL.h
# This needed to change because ""proper"" SDL convention
# is #include ""SDL.h"", not <SDL2/SDL.h>. This is done for portability
# reasons because not all systems place things in SDL2/ (see FreeBSD).",[],CMake,0,2,54
24663,citra-emu/citra-android,https://github.com/citra-emu/citra-android/blob/6f6f9a091085305154375028f3342aad16697f3c/externals/cmake-modules/FindSDL2.cmake#L56,"#=============================================================================
# Copyright 2003-2009 Kitware, Inc.
#
# Distributed under the OSI-approved BSD License (the ""License"").
#
# This software is distributed WITHOUT ANY WARRANTY; without even the
# implied warranty of MERCHANTABILITY or FITNESS FOR A PARTICULAR PURPOSE.
# See the License for more information.
#=============================================================================
# CMake - Cross Platform Makefile Generator
# Copyright 2000-2016 Kitware, Inc.
# Copyright 2000-2011 Insight Software Consortium
# All rights reserved.
# 
# Redistribution and use in source and binary forms, with or without
# modification, are permitted provided that the following conditions
# are met:
# 
# * Redistributions of source code must retain the above copyright
#   notice, this list of conditions and the following disclaimer.
# 
# * Redistributions in binary form must reproduce the above copyright
#   notice, this list of conditions and the following disclaimer in the
#   documentation and/or other materials provided with the distribution.
# 
# * Neither the names of Kitware, Inc., the Insight Software Consortium,
#   nor the names of their contributors may be used to endorse or promote
#   products derived from this software without specific prior written
#   permission.
# 
# THIS SOFTWARE IS PROVIDED BY THE COPYRIGHT HOLDERS AND CONTRIBUTORS
# ""AS IS"" AND ANY EXPRESS OR IMPLIED WARRANTIES, INCLUDING, BUT NOT
# LIMITED TO, THE IMPLIED WARRANTIES OF MERCHANTABILITY AND FITNESS FOR
# A PARTICULAR PURPOSE ARE DISCLAIMED. IN NO EVENT SHALL THE COPYRIGHT
# HOLDER OR CONTRIBUTORS BE LIABLE FOR ANY DIRECT, INDIRECT, INCIDENTAL,
# SPECIAL, EXEMPLARY, OR CONSEQUENTIAL DAMAGES (INCLUDING, BUT NOT
# LIMITED TO, PROCUREMENT OF SUBSTITUTE GOODS OR SERVICES; LOSS OF USE,
# DATA, OR PROFITS; OR BUSINESS INTERRUPTION) HOWEVER CAUSED AND ON ANY
# THEORY OF LIABILITY, WHETHER IN CONTRACT, STRICT LIABILITY, OR TORT
# (INCLUDING NEGLIGENCE OR OTHERWISE) ARISING IN ANY WAY OUT OF THE USE
# OF THIS SOFTWARE, EVEN IF ADVISED OF THE POSSIBILITY OF SUCH DAMAGE.
# 
# ------------------------------------------------------------------------------
# 
# The above copyright and license notice applies to distributions of
# CMake in source and binary form.  Some source files contain additional
# notices of original copyright by their contributors; see each source
# for details.  Third-party software packages supplied with CMake under
# compatible licenses provide their own copyright notices documented in
# corresponding subdirectories.
# 
# ------------------------------------------------------------------------------
# 
# CMake was initially developed by Kitware with the following sponsorship:
# 
#  * National Library of Medicine at the National Institutes of Health
#    as part of the Insight Segmentation and Registration Toolkit (ITK).
# 
#  * US National Labs (Los Alamos, Livermore, Sandia) ASC Parallel
#    Visualization Initiative.
# 
#  * National Alliance for Medical Image Computing (NAMIC) is funded by the
#    National Institutes of Health through the NIH Roadmap for Medical Research,
#    Grant U54 EB005149.
# 
#  * Kitware, Inc.
#",[],CMake,0,56,122
24663,citra-emu/citra-android,https://github.com/citra-emu/citra-android/blob/6f6f9a091085305154375028f3342aad16697f3c/externals/cmake-modules/FindSDL2.cmake#L131,# Budgie,[],CMake,21,131,131
24663,citra-emu/citra-android,https://github.com/citra-emu/citra-android/blob/6f6f9a091085305154375028f3342aad16697f3c/externals/cmake-modules/FindSDL2.cmake#L132,# Fink,[],CMake,8,132,132
24663,citra-emu/citra-android,https://github.com/citra-emu/citra-android/blob/6f6f9a091085305154375028f3342aad16697f3c/externals/cmake-modules/FindSDL2.cmake#L133,# DarwinPorts,[],CMake,15,133,133
24663,citra-emu/citra-android,https://github.com/citra-emu/citra-android/blob/6f6f9a091085305154375028f3342aad16697f3c/externals/cmake-modules/FindSDL2.cmake#L134,# Blastwave,[],CMake,13,134,134
24663,citra-emu/citra-android,https://github.com/citra-emu/citra-android/blob/6f6f9a091085305154375028f3342aad16697f3c/externals/cmake-modules/FindSDL2.cmake#L171,"# Non-OS X framework versions expect you to also dynamically link to
# SDL2main. This is mainly for Windows and OS X. Other (Unix) platforms
# seem to provide SDL2main for compatibility even though they don't
# necessarily need it.",[],CMake,12,171,174
24663,citra-emu/citra-android,https://github.com/citra-emu/citra-android/blob/6f6f9a091085305154375028f3342aad16697f3c/externals/cmake-modules/FindSDL2.cmake#L185,"# SDL2 may require threads on your system.
# The Apple build may not need an explicit flag because one of the
# frameworks may already provide it.
# But for non-OSX systems, I will use the CMake Threads package.",[],CMake,4,185,188
24663,citra-emu/citra-android,https://github.com/citra-emu/citra-android/blob/6f6f9a091085305154375028f3342aad16697f3c/externals/cmake-modules/FindSDL2.cmake#L193,"# MinGW needs an additional library, mwindows
# It's total link flags should look like -lmingw32 -lSDL2main -lSDL2 -lmwindows
# (Actually on second look, I think it only needs one of the m* libraries.)",[],CMake,4,193,195
24663,citra-emu/citra-android,https://github.com/citra-emu/citra-android/blob/6f6f9a091085305154375028f3342aad16697f3c/externals/cmake-modules/FindSDL2.cmake#L200,# For SDL2main,[],CMake,4,200,200
24663,citra-emu/citra-android,https://github.com/citra-emu/citra-android/blob/6f6f9a091085305154375028f3342aad16697f3c/externals/cmake-modules/FindSDL2.cmake#L207,"# For OS X, SDL2 uses Cocoa as a backend so it must link to Cocoa.
# CMake doesn't display the -framework Cocoa string in the UI even
# though it actually is there if I modify a pre-used variable.
# I think it has something to do with the CACHE STRING.
# So I use a temporary variable until the end so I can set the
# ""real"" variable in one-shot.",[],CMake,4,207,212
24663,citra-emu/citra-android,https://github.com/citra-emu/citra-android/blob/6f6f9a091085305154375028f3342aad16697f3c/externals/cmake-modules/FindSDL2.cmake#L217,"# For threads, as mentioned Apple doesn't need this.
# In fact, there seems to be a problem if I used the Threads package
# and try using this line, so I'm just skipping it entirely for OS X.",[],CMake,4,217,219
24663,citra-emu/citra-android,https://github.com/citra-emu/citra-android/blob/6f6f9a091085305154375028f3342aad16697f3c/externals/cmake-modules/FindSDL2.cmake#L224,# For MinGW library,[],CMake,4,224,224
24663,citra-emu/citra-android,https://github.com/citra-emu/citra-android/blob/6f6f9a091085305154375028f3342aad16697f3c/externals/cmake-modules/FindSDL2.cmake#L229,# Set the final string here so the GUI reflects the final state.,[],CMake,4,229,229
24663,citra-emu/citra-android,https://github.com/citra-emu/citra-android/blob/6f6f9a091085305154375028f3342aad16697f3c/externals/cmake-modules/FindSDL2.cmake#L232,# Unset the temp variable to INTERNAL so it is not seen in the CMake GUI,[],CMake,4,232,232
24663,citra-emu/citra-android,https://github.com/citra-emu/citra-android/blob/6f6f9a091085305154375028f3342aad16697f3c/externals/cmake-modules/GetGitRevisionDescription.cmake#L1,"# - Returns a version string from Git
#
# These functions force a re-configure on each git commit so that you can
# trust the values of the variables in your build system.
#
#  get_git_head_revision(<refspecvar> <hashvar> [<additional arguments to git describe> ...])
#
# Returns the refspec and sha hash of the current head revision
#
#  git_describe(<var> [<additional arguments to git describe> ...])
#
# Returns the results of git describe on the source tree, and adjusting
# the output so that it tests false if an error occurs.
#
#  git_get_exact_tag(<var> [<additional arguments to git describe> ...])
#
# Returns the results of git describe --exact-match on the source tree,
# and adjusting the output so that it tests false if there was no exact
# matching tag.
#
# Requires CMake 2.6 or newer (uses the 'function' command)
#
# Original Author:
# 2009-2010 Ryan Pavlik <rpavlik@iastate.edu> <abiryan@ryand.net>
# http://academic.cleardefinition.com
# Iowa State University HCI Graduate Program/VRAC
#
# Copyright Iowa State University 2009-2010.
# Distributed under the Boost Software License, Version 1.0.
# (See accompanying file LICENSE_1_0.txt or copy at
# http://www.boost.org/LICENSE_1_0.txt)",[],CMake,0,1,31
24663,citra-emu/citra-android,https://github.com/citra-emu/citra-android/blob/6f6f9a091085305154375028f3342aad16697f3c/externals/cmake-modules/GetGitRevisionDescription.cmake#L38,"# We must run the following at ""include"" time, not at function call time,
# to find the path to this module rather than the path to a calling list file",[],CMake,0,38,39
24663,citra-emu/citra-android,https://github.com/citra-emu/citra-android/blob/6f6f9a091085305154375028f3342aad16697f3c/externals/cmake-modules/GetGitRevisionDescription.cmake#L45,"# .git dir not found, search parent directories",[],CMake,32,45,45
24663,citra-emu/citra-android,https://github.com/citra-emu/citra-android/blob/6f6f9a091085305154375028f3342aad16697f3c/externals/cmake-modules/GetGitRevisionDescription.cmake#L49,"# We have reached the root directory, we are not in git",[],CMake,3,49,49
24663,citra-emu/citra-android,https://github.com/citra-emu/citra-android/blob/6f6f9a091085305154375028f3342aad16697f3c/externals/cmake-modules/GetGitRevisionDescription.cmake#L56,# check if this is a submodule,[],CMake,1,56,56
24663,citra-emu/citra-android,https://github.com/citra-emu/citra-android/blob/6f6f9a091085305154375028f3342aad16697f3c/externals/cmake-modules/GetGitRevisionDescription.cmake#L115,#get_git_head_revision(refspec hash),[],CMake,1,115,115
24663,citra-emu/citra-android,https://github.com/citra-emu/citra-android/blob/6f6f9a091085305154375028f3342aad16697f3c/externals/cmake-modules/GetGitRevisionDescription.cmake#L120,"#if(NOT hash)
#	set(${_var} ""HEAD-HASH-NOTFOUND"" PARENT_SCOPE)
#	return()
#endif()",[],CMake,1,120,123
24663,citra-emu/citra-android,https://github.com/citra-emu/citra-android/blob/6f6f9a091085305154375028f3342aad16697f3c/externals/cmake-modules/GetGitRevisionDescription.cmake#L133,"#message(STATUS ""Arguments to execute_process: ${ARGN}"")",[],CMake,1,133,133
24663,citra-emu/citra-android,https://github.com/citra-emu/citra-android/blob/6f6f9a091085305154375028f3342aad16697f3c/externals/cmake-modules/WindowsCopyFiles.cmake#L1,"# Copyright 2016 Citra Emulator Project
# Licensed under GPLv2 or any later version
# Refer to the license.txt file included.",[],CMake,0,1,3
24663,citra-emu/citra-android,https://github.com/citra-emu/citra-android/blob/6f6f9a091085305154375028f3342aad16697f3c/externals/cmake-modules/WindowsCopyFiles.cmake#L5,"# This file provides the function windows_copy_files.
# This is only valid on Windows.",[],CMake,0,5,6
24663,citra-emu/citra-android,https://github.com/citra-emu/citra-android/blob/6f6f9a091085305154375028f3342aad16697f3c/externals/cmake-modules/WindowsCopyFiles.cmake#L8,# Include guard,[],CMake,0,8,8
24663,citra-emu/citra-android,https://github.com/citra-emu/citra-android/blob/6f6f9a091085305154375028f3342aad16697f3c/externals/cmake-modules/WindowsCopyFiles.cmake#L14,"# Any number of files to copy from SOURCE_DIR to DEST_DIR can be specified after DEST_DIR.
# This copying happens post-build.",[],CMake,0,14,15
24663,citra-emu/citra-android,https://github.com/citra-emu/citra-android/blob/6f6f9a091085305154375028f3342aad16697f3c/externals/cmake-modules/WindowsCopyFiles.cmake#L17,# windows commandline expects the / to be \ so switch them,[],CMake,4,17,17
24663,citra-emu/citra-android,https://github.com/citra-emu/citra-android/blob/6f6f9a091085305154375028f3342aad16697f3c/externals/cmake-modules/WindowsCopyFiles.cmake#L21,"# /NJH /NJS /NDL /NFL /NC /NS /NP - Silence any output
# cmake adds an extra check for command success which doesn't work too well with robocopy
# so trick it into thinking the command was successful with the || cmd /c ""exit /b 0""",[],CMake,4,21,23
