repoIndex,repoName,linkLocation,comment,keywords,buildSysteminFile,charPosition,startLine,endLine
24688,adrian-thurston/ragel,https://github.com/adrian-thurston/ragel/blob/d4577c924451b331c73c8ed0af04f6efd35ac0b4/Makefile.am#L1,"#
# Copyright 2010-2018 Adrian Thurston <thurston@colm.net>
#
# Permission is hereby granted, free of charge, to any person obtaining a copy
# of this software and associated documentation files (the ""Software""), to
# deal in the Software without restriction, including without limitation the
# rights to use, copy, modify, merge, publish, distribute, sublicense, and/or
# sell copies of the Software, and to permit persons to whom the Software is
# furnished to do so, subject to the following conditions:
# 
# The above copyright notice and this permission notice shall be included in all
# copies or substantial portions of the Software.
# 
# THE SOFTWARE IS PROVIDED ""AS IS"", WITHOUT WARRANTY OF ANY KIND, EXPRESS OR
# IMPLIED, INCLUDING BUT NOT LIMITED TO THE WARRANTIES OF MERCHANTABILITY,
# FITNESS FOR A PARTICULAR PURPOSE AND NONINFRINGEMENT. IN NO EVENT SHALL THE
# AUTHORS OR COPYRIGHT HOLDERS BE LIABLE FOR ANY CLAIM, DAMAGES OR OTHER
# LIABILITY, WHETHER IN AN ACTION OF CONTRACT, TORT OR OTHERWISE, ARISING FROM,
# OUT OF OR IN CONNECTION WITH THE SOFTWARE OR THE USE OR OTHER DEALINGS IN THE
# SOFTWARE.",[],Autotool,0,1,20
24688,adrian-thurston/ragel,https://github.com/adrian-thurston/ragel/blob/d4577c924451b331c73c8ed0af04f6efd35ac0b4/doc/ragel/Makefile.am#L1,"#
# Copyright 2001-2016 Adrian Thurston <thurston@colm.net>
#
# Permission is hereby granted, free of charge, to any person obtaining a copy
# of this software and associated documentation files (the ""Software""), to
# deal in the Software without restriction, including without limitation the
# rights to use, copy, modify, merge, publish, distribute, sublicense, and/or
# sell copies of the Software, and to permit persons to whom the Software is
# furnished to do so, subject to the following conditions:
#  
# The above copyright notice and this permission notice shall be included in all
# copies or substantial portions of the Software.
#  
# THE SOFTWARE IS PROVIDED ""AS IS"", WITHOUT WARRANTY OF ANY KIND, EXPRESS OR
# IMPLIED, INCLUDING BUT NOT LIMITED TO THE WARRANTIES OF MERCHANTABILITY,
# FITNESS FOR A PARTICULAR PURPOSE AND NONINFRINGEMENT. IN NO EVENT SHALL THE
# AUTHORS OR COPYRIGHT HOLDERS BE LIABLE FOR ANY CLAIM, DAMAGES OR OTHER
# LIABILITY, WHETHER IN AN ACTION OF CONTRACT, TORT OR OTHERWISE, ARISING FROM,
# OUT OF OR IN CONNECTION WITH THE SOFTWARE OR THE USE OR OTHER DEALINGS IN THE
# SOFTWARE.
#",[],Autotool,0,1,21
24688,adrian-thurston/ragel,https://github.com/adrian-thurston/ragel/blob/d4577c924451b331c73c8ed0af04f6efd35ac0b4/examples/Makefile.am#L63,###,[],Autotool,0,63,63
24688,adrian-thurston/ragel,https://github.com/adrian-thurston/ragel/blob/d4577c924451b331c73c8ed0af04f6efd35ac0b4/src/Makefile.am#L4,"# libragel contains the parse tree and other parsing support code. Everything
# except the reducers, which are specific to the frontends.",[],Autotool,0,4,5
24688,adrian-thurston/ragel,https://github.com/adrian-thurston/ragel/blob/d4577c924451b331c73c8ed0af04f6efd35ac0b4/src/Makefile.am#L10,# nodist_pkginclude_HEADERS = config.h,[],Autotool,0,10,10
24688,adrian-thurston/ragel,https://github.com/adrian-thurston/ragel/blob/d4577c924451b331c73c8ed0af04f6efd35ac0b4/src/Makefile.am#L14,"#
# libragel: ragel program minus host-specific code
#",[],Autotool,0,14,16
24688,adrian-thurston/ragel,https://github.com/adrian-thurston/ragel/blob/d4577c924451b331c73c8ed0af04f6efd35ac0b4/src/Makefile.am#L58,"#define VERSION ""@VERSION@""' > version.h",[],Autotool,7,58,58
24688,adrian-thurston/ragel,https://github.com/adrian-thurston/ragel/blob/d4577c924451b331c73c8ed0af04f6efd35ac0b4/src/Makefile.am#L59,"#define PUBDATE ""@PUBDATE@""' >> version.h",[],Autotool,7,59,59
24688,adrian-thurston/ragel,https://github.com/adrian-thurston/ragel/blob/d4577c924451b331c73c8ed0af04f6efd35ac0b4/src/Makefile.am#L89,# This dependency comes from the import of the parser defines into the scanner.,[],Autotool,0,89,89
24688,adrian-thurston/ragel,https://github.com/adrian-thurston/ragel/blob/d4577c924451b331c73c8ed0af04f6efd35ac0b4/test/ragel.d/Makefile.am#L1,"#
#   Copyright 2002-2014 Adrian Thurston <thurston@complang.org>
#",[],Autotool,0,1,3
24688,adrian-thurston/ragel,https://github.com/adrian-thurston/ragel/blob/d4577c924451b331c73c8ed0af04f6efd35ac0b4/test/ragel.d/Makefile.am#L5,"#   This file is part of Ragel.
#
#   Ragel is free software; you can redistribute it and/or modify
#   it under the terms of the GNU General Public License as published by
#   the Free Software Foundation; either version 2 of the License, or
#   (at your option) any later version.
#
#   Ragel is distributed in the hope that it will be useful,
#   but WITHOUT ANY WARRANTY; without even the implied warranty of
#   MERCHANTABILITY or FITNESS FOR A PARTICULAR PURPOSE.  See the
#   GNU General Public License for more details.
#
#   You should have received a copy of the GNU General Public License
#   along with Ragel; if not, write to the Free Software
#   Foundation, Inc., 59 Temple Place, Suite 330, Boston, MA  02111-1307  USA ",[],Autotool,0,5,19
24688,adrian-thurston/ragel,https://github.com/adrian-thurston/ragel/blob/d4577c924451b331c73c8ed0af04f6efd35ac0b4/test/ragel.d/Makefile.am#L24,# -I../../colm/include,[],Autotool,17,24,24
24688,adrian-thurston/ragel,https://github.com/adrian-thurston/ragel/blob/d4577c924451b331c73c8ed0af04f6efd35ac0b4/test/ragel.d/Makefile.am#L25,# -L../../colm,[],Autotool,16,25,25
24688,adrian-thurston/ragel,https://github.com/adrian-thurston/ragel/blob/d4577c924451b331c73c8ed0af04f6efd35ac0b4/configure.ac#L1,"dnl 
dnl Copyright 2006-2018 Adrian Thurston <thurston@colm.net>
dnl",[],Autotool,0,1,3
24688,adrian-thurston/ragel,https://github.com/adrian-thurston/ragel/blob/d4577c924451b331c73c8ed0af04f6efd35ac0b4/configure.ac#L5,"dnl Permission is hereby granted, free of charge, to any person obtaining a copy
dnl of this software and associated documentation files (the ""Software""), to
dnl deal in the Software without restriction, including without limitation the
dnl rights to use, copy, modify, merge, publish, distribute, sublicense, and/or
dnl sell copies of the Software, and to permit persons to whom the Software is
dnl furnished to do so, subject to the following conditions:
dnl 
dnl The above copyright notice and this permission notice shall be included in all
dnl copies or substantial portions of the Software.
dnl 
dnl THE SOFTWARE IS PROVIDED ""AS IS"", WITHOUT WARRANTY OF ANY KIND, EXPRESS OR
dnl IMPLIED, INCLUDING BUT NOT LIMITED TO THE WARRANTIES OF MERCHANTABILITY,
dnl FITNESS FOR A PARTICULAR PURPOSE AND NONINFRINGEMENT. IN NO EVENT SHALL THE
dnl AUTHORS OR COPYRIGHT HOLDERS BE LIABLE FOR ANY CLAIM, DAMAGES OR OTHER
dnl LIABILITY, WHETHER IN AN ACTION OF CONTRACT, TORT OR OTHERWISE, ARISING FROM,
dnl OUT OF OR IN CONNECTION WITH THE SOFTWARE OR THE USE OR OTHER DEALINGS IN THE
dnl SOFTWARE.",[],Autotool,0,5,21
24688,adrian-thurston/ragel,https://github.com/adrian-thurston/ragel/blob/d4577c924451b331c73c8ed0af04f6efd35ac0b4/configure.ac#L74,"dnl Set to true if build system should generate parsers from ragel, kelbt, and
dnl gperf sources. Set to false if generated files are included and not to be
dnl built (production).
dnl AC_SUBST(BUILD_PARSERS,true)",[],Autotool,0,74,77
24688,adrian-thurston/ragel,https://github.com/adrian-thurston/ragel/blob/d4577c924451b331c73c8ed0af04f6efd35ac0b4/configure.ac#L79,dnl Checks for programs.,[],Autotool,0,79,79
24688,adrian-thurston/ragel,https://github.com/adrian-thurston/ragel/blob/d4577c924451b331c73c8ed0af04f6efd35ac0b4/configure.ac#L93,dnl Set test on c++ compiler.,[],Autotool,0,93,93
24688,adrian-thurston/ragel,https://github.com/adrian-thurston/ragel/blob/d4577c924451b331c73c8ed0af04f6efd35ac0b4/configure.ac#L96,dnl Check for definition of MAKE.,[],Autotool,0,96,96
24688,adrian-thurston/ragel,https://github.com/adrian-thurston/ragel/blob/d4577c924451b331c73c8ed0af04f6efd35ac0b4/configure.ac#L111,"dnl Do not build the manual by default. Most of the time the dependencies are
dnl not available, as they can be quite big installs.",[],Autotool,0,111,112
24688,adrian-thurston/ragel,https://github.com/adrian-thurston/ragel/blob/d4577c924451b331c73c8ed0af04f6efd35ac0b4/configure.ac#L115,"dnl
dnl Enable arg to explicitly control the building of the manual
dnl",[],Autotool,0,115,117
24688,adrian-thurston/ragel,https://github.com/adrian-thurston/ragel/blob/d4577c924451b331c73c8ed0af04f6efd35ac0b4/configure.ac#L129,dnl Checks to carry out if we are building the manual.,[],Autotool,0,129,129
24688,adrian-thurston/ragel,https://github.com/adrian-thurston/ragel/blob/d4577c924451b331c73c8ed0af04f6efd35ac0b4/configure.ac#L148,dnl Set to true if the manual should be built.,[],Autotool,0,148,148
24688,adrian-thurston/ragel,https://github.com/adrian-thurston/ragel/blob/d4577c924451b331c73c8ed0af04f6efd35ac0b4/configure.ac#L151,"dnl
dnl Build the program? ( no means just build libfsm )
dnl",[],Autotool,0,151,153
24688,adrian-thurston/ragel,https://github.com/adrian-thurston/ragel/blob/d4577c924451b331c73c8ed0af04f6efd35ac0b4/configure.ac#L171,"dnl This is from ragel, but already have one above from colm. Need to merge.
dnl AM_CONDITIONAL([BUILD_MANUAL],     [test ""x$build_manual"" = ""xyes""])",[],Autotool,0,171,172
24688,adrian-thurston/ragel,https://github.com/adrian-thurston/ragel/blob/d4577c924451b331c73c8ed0af04f6efd35ac0b4/configure.ac#L177,"dnl
dnl Testing
dnl
dnl Which installed target to test. Without this option supplied testing is
dnl done against what is in the source tree.
dnl",[],Autotool,0,177,182
24688,adrian-thurston/ragel,https://github.com/adrian-thurston/ragel/blob/d4577c924451b331c73c8ed0af04f6efd35ac0b4/configure.ac#L265,"dnl
dnl Installed programs to test in 
dnl",[],Autotool,0,265,267
24688,adrian-thurston/ragel,https://github.com/adrian-thurston/ragel/blob/d4577c924451b331c73c8ed0af04f6efd35ac0b4/configure.ac#L272,"dnl
dnl Java test cases are now requring a large virtual address space. On systems
dnl where this is limited by ulimit, java will fail to run.
dnl",[],Autotool,0,272,275
24688,adrian-thurston/ragel,https://github.com/adrian-thurston/ragel/blob/d4577c924451b331c73c8ed0af04f6efd35ac0b4/configure.ac#L296,"dnl
dnl Julia requires a large virtual address space. On systems where this is
dnl limited by ulimit, julia will fail to run.
dnl",[],Autotool,0,296,299
24688,adrian-thurston/ragel,https://github.com/adrian-thurston/ragel/blob/d4577c924451b331c73c8ed0af04f6efd35ac0b4/configure.ac#L313,"dnl We can run julia, now make sure we have 1.0",[],Autotool,0,313,313
24688,adrian-thurston/ragel,https://github.com/adrian-thurston/ragel/blob/d4577c924451b331c73c8ed0af04f6efd35ac0b4/configure.ac#L317,"dnl We assume the form ""julia version X.X.X""
dnl   1. everything before the version number.
dnl   2. Remove trailing version.
dnl   3. Verify it is plain number greater than 1.
dnl Any failure comes out as empty string. Note the sed command is wrapped
dnl in [] so autotools do not interpret anything in it.",[],Autotool,1,317,322
24688,adrian-thurston/ragel,https://github.com/adrian-thurston/ragel/blob/d4577c924451b331c73c8ed0af04f6efd35ac0b4/configure.ac#L334,"dnl
dnl The ASM tests have been based off of sources that are non-relocatable
dnl These won't assemble on some systems (with the right architecture). Check
dnl our specific flavour of ASM now so we can avoid some test failures.
dnl",[],Autotool,0,334,338
24688,adrian-thurston/ragel,https://github.com/adrian-thurston/ragel/blob/d4577c924451b331c73c8ed0af04f6efd35ac0b4/configure.ac#L389,"dnl Skip bootstrap process and build using an existing version of colm. Allows us to
dnl break colm without breaking the build of colm.
dnl 
dnl WARNING: DO NOT USE FOR PRODUCTION BUILD
dnl
dnl Only use this when you need to in order to get colm to build. Using an external
dnl colm program (and library) has the consequence that parsing of patterns and
dnl constructors in colm programs will also use this external library, since there
dnl can only be one set of colm functions linked. It's not possible to use the
dnl external parser for parsing the colm program, then use the internal parser for
dnl the patterns.",[],Autotool,0,389,399
24688,adrian-thurston/ragel,https://github.com/adrian-thurston/ragel/blob/d4577c924451b331c73c8ed0af04f6efd35ac0b4/configure.ac#L420,"dnl
dnl Wrap up.
dnl",[],Autotool,0,420,422
24688,adrian-thurston/ragel,https://github.com/adrian-thurston/ragel/blob/d4577c924451b331c73c8ed0af04f6efd35ac0b4/CMakeLists.txt#L3,# Read project configuration from configure.ac file,[],CMake,0,3,3
24688,adrian-thurston/ragel,https://github.com/adrian-thurston/ragel/blob/d4577c924451b331c73c8ed0af04f6efd35ac0b4/CMakeLists.txt#L25,# Determine stdlib link flags,[],CMake,0,25,25
24688,adrian-thurston/ragel,https://github.com/adrian-thurston/ragel/blob/d4577c924451b331c73c8ed0af04f6efd35ac0b4/CMakeLists.txt#L35,# Check type size,[],CMake,0,35,35
24688,adrian-thurston/ragel,https://github.com/adrian-thurston/ragel/blob/d4577c924451b331c73c8ed0af04f6efd35ac0b4/CMakeLists.txt#L43,# Check system headers,[],CMake,0,43,43
24688,adrian-thurston/ragel,https://github.com/adrian-thurston/ragel/blob/d4577c924451b331c73c8ed0af04f6efd35ac0b4/CMakeLists.txt#L49,# Prepare settings,[],CMake,0,49,49
24688,adrian-thurston/ragel,https://github.com/adrian-thurston/ragel/blob/d4577c924451b331c73c8ed0af04f6efd35ac0b4/CMakeLists.txt#L56,# Common compile definitions,[],CMake,0,56,56
24688,adrian-thurston/ragel,https://github.com/adrian-thurston/ragel/blob/d4577c924451b331c73c8ed0af04f6efd35ac0b4/src/CMakeLists.txt#L1,# Package name,[],CMake,0,1,1
24688,adrian-thurston/ragel,https://github.com/adrian-thurston/ragel/blob/d4577c924451b331c73c8ed0af04f6efd35ac0b4/src/CMakeLists.txt#L4,# Read project configuration from ../configure.ac file,[],CMake,0,4,4
24688,adrian-thurston/ragel,https://github.com/adrian-thurston/ragel/blob/d4577c924451b331c73c8ed0af04f6efd35ac0b4/src/CMakeLists.txt#L16,## Generate headers,[],CMake,0,16,16
24688,adrian-thurston/ragel,https://github.com/adrian-thurston/ragel/blob/d4577c924451b331c73c8ed0af04f6efd35ac0b4/src/CMakeLists.txt#L21,# Runtime headers,[],CMake,0,21,21
24688,adrian-thurston/ragel,https://github.com/adrian-thurston/ragel/blob/d4577c924451b331c73c8ed0af04f6efd35ac0b4/src/CMakeLists.txt#L26,# Other CMake modules,[],CMake,0,26,26
24688,adrian-thurston/ragel,https://github.com/adrian-thurston/ragel/blob/d4577c924451b331c73c8ed0af04f6efd35ac0b4/src/CMakeLists.txt#L29,# libfsm,[],CMake,0,29,29
24688,adrian-thurston/ragel,https://github.com/adrian-thurston/ragel/blob/d4577c924451b331c73c8ed0af04f6efd35ac0b4/src/CMakeLists.txt#L60,# libragel,[],CMake,0,60,60
24688,adrian-thurston/ragel,https://github.com/adrian-thurston/ragel/blob/d4577c924451b331c73c8ed0af04f6efd35ac0b4/src/CMakeLists.txt#L62,# dist,[],CMake,1,62,62
24688,adrian-thurston/ragel,https://github.com/adrian-thurston/ragel/blob/d4577c924451b331c73c8ed0af04f6efd35ac0b4/src/CMakeLists.txt#L67,"# libragel acts as an intermediate library so we can apply
# flags we want to apply to all ragel targets to libragel
# and they'll automatically propogate. This is a best effort
# to get `-static` placed sooner in the link line where it
# matters at least.",[],CMake,1,67,71
24688,adrian-thurston/ragel,https://github.com/adrian-thurston/ragel/blob/d4577c924451b331c73c8ed0af04f6efd35ac0b4/src/CMakeLists.txt#L96,# ragel program,[],CMake,0,96,96
24688,adrian-thurston/ragel,https://github.com/adrian-thurston/ragel/blob/d4577c924451b331c73c8ed0af04f6efd35ac0b4/src/CMakeLists.txt#L106,#$(COLM_BINDEP),[],CMake,21,106,106
