repoIndex,repoName,linkLocation,comment,keywords,buildSysteminFile,charPosition,startLine,endLine
24716,chips-fr/uae4arm-rpi,https://github.com/chips-fr/uae4arm-rpi/blob/177c2f0e892adf2603ada9b150e31beffe0f76c3/capsimg/configure.in#L1,#!/bin/sh -e,[],Autotool,0,1,1
24716,chips-fr/uae4arm-rpi,https://github.com/chips-fr/uae4arm-rpi/blob/177c2f0e892adf2603ada9b150e31beffe0f76c3/capsimg/CAPSImg/configure.in#L1,dnl Process this file with autoconf to produce a configure script.,[],Autotool,0,1,1
24716,chips-fr/uae4arm-rpi,https://github.com/chips-fr/uae4arm-rpi/blob/177c2f0e892adf2603ada9b150e31beffe0f76c3/capsimg/CAPSImg/configure.in#L61,"#CXXFLAGS=""${CFLAGS}  -fno-exceptions -fno-rtti -std=c++11""",[],Autotool,0,61,61
24716,chips-fr/uae4arm-rpi,https://github.com/chips-fr/uae4arm-rpi/blob/177c2f0e892adf2603ada9b150e31beffe0f76c3/capsimg/CAPSImg/configure.in#L76,dnl Checks for programs.,[],Autotool,0,76,76
24716,chips-fr/uae4arm-rpi,https://github.com/chips-fr/uae4arm-rpi/blob/177c2f0e892adf2603ada9b150e31beffe0f76c3/capsimg/CAPSImg/configure.in#L89,dnl Checks for compiler characteristics.,[],Autotool,0,89,89
24716,chips-fr/uae4arm-rpi,https://github.com/chips-fr/uae4arm-rpi/blob/177c2f0e892adf2603ada9b150e31beffe0f76c3/capsimg/CAPSImg/configure.in#L92,dnl AC_OUTPUT(Makefile include/Makefile examples/Makefile),[],Autotool,0,92,92
24716,chips-fr/uae4arm-rpi,https://github.com/chips-fr/uae4arm-rpi/blob/177c2f0e892adf2603ada9b150e31beffe0f76c3/deps/mpeg2dec/Makefile.in#L1,"# Makefile.in generated by automake 1.10.1 from Makefile.am.
# @configure_input@",[],Autotool,0,1,2
24716,chips-fr/uae4arm-rpi,https://github.com/chips-fr/uae4arm-rpi/blob/177c2f0e892adf2603ada9b150e31beffe0f76c3/deps/mpeg2dec/Makefile.in#L4,"# Copyright (C) 1994, 1995, 1996, 1997, 1998, 1999, 2000, 2001, 2002,
# 2003, 2004, 2005, 2006, 2007, 2008  Free Software Foundation, Inc.
# This Makefile.in is free software; the Free Software Foundation
# gives unlimited permission to copy and/or distribute it,
# with or without modifications, as long as this notice is preserved.",[],Autotool,0,4,8
24716,chips-fr/uae4arm-rpi,https://github.com/chips-fr/uae4arm-rpi/blob/177c2f0e892adf2603ada9b150e31beffe0f76c3/deps/mpeg2dec/Makefile.in#L10,"# This program is distributed in the hope that it will be useful,
# but WITHOUT ANY WARRANTY, to the extent permitted by law; without
# even the implied warranty of MERCHANTABILITY or FITNESS FOR A
# PARTICULAR PURPOSE.",[],Autotool,0,10,13
24716,chips-fr/uae4arm-rpi,https://github.com/chips-fr/uae4arm-rpi/blob/177c2f0e892adf2603ada9b150e31beffe0f76c3/deps/mpeg2dec/Makefile.in#L439,"# Tell versions [3.59,3.63) of GNU make to not export all variables.
# Otherwise a system limit (for SysV at least) may be exceeded.",[],Autotool,0,439,440
24716,chips-fr/uae4arm-rpi,https://github.com/chips-fr/uae4arm-rpi/blob/177c2f0e892adf2603ada9b150e31beffe0f76c3/deps/mpeg2dec/config.h.in#L1,/* include/config.h.in.  Generated from configure.ac by autoheader.  */,[],Autotool,0,1,1
24716,chips-fr/uae4arm-rpi,https://github.com/chips-fr/uae4arm-rpi/blob/177c2f0e892adf2603ada9b150e31beffe0f76c3/deps/mpeg2dec/config.h.in#L3,/* autodetect accelerations */,[],Autotool,0,3,3
24716,chips-fr/uae4arm-rpi,https://github.com/chips-fr/uae4arm-rpi/blob/177c2f0e892adf2603ada9b150e31beffe0f76c3/deps/mpeg2dec/config.h.in#L6,/* alpha architecture */,[],Autotool,0,6,6
24716,chips-fr/uae4arm-rpi,https://github.com/chips-fr/uae4arm-rpi/blob/177c2f0e892adf2603ada9b150e31beffe0f76c3/deps/mpeg2dec/config.h.in#L9,/* ARM architecture */,[],Autotool,0,9,9
24716,chips-fr/uae4arm-rpi,https://github.com/chips-fr/uae4arm-rpi/blob/177c2f0e892adf2603ada9b150e31beffe0f76c3/deps/mpeg2dec/config.h.in#L12,/* ppc architecture */,[],Autotool,0,12,12
24716,chips-fr/uae4arm-rpi,https://github.com/chips-fr/uae4arm-rpi/blob/177c2f0e892adf2603ada9b150e31beffe0f76c3/deps/mpeg2dec/config.h.in#L15,/* sparc architecture */,[],Autotool,0,15,15
24716,chips-fr/uae4arm-rpi,https://github.com/chips-fr/uae4arm-rpi/blob/177c2f0e892adf2603ada9b150e31beffe0f76c3/deps/mpeg2dec/config.h.in#L18,/* x86 architecture */,[],Autotool,0,18,18
24716,chips-fr/uae4arm-rpi,https://github.com/chips-fr/uae4arm-rpi/blob/177c2f0e892adf2603ada9b150e31beffe0f76c3/deps/mpeg2dec/config.h.in#L21,/* maximum supported data alignment */,[],Autotool,0,21,21
24716,chips-fr/uae4arm-rpi,https://github.com/chips-fr/uae4arm-rpi/blob/177c2f0e892adf2603ada9b150e31beffe0f76c3/deps/mpeg2dec/config.h.in#L24,/* debug mode configuration */,[],Autotool,0,24,24
24716,chips-fr/uae4arm-rpi,https://github.com/chips-fr/uae4arm-rpi/blob/177c2f0e892adf2603ada9b150e31beffe0f76c3/deps/mpeg2dec/config.h.in#L27,/* Define to 1 if you have the <altivec.h> header. */,[],Autotool,0,27,27
24716,chips-fr/uae4arm-rpi,https://github.com/chips-fr/uae4arm-rpi/blob/177c2f0e892adf2603ada9b150e31beffe0f76c3/deps/mpeg2dec/config.h.in#L30,/* Define if you have the `__builtin_expect' function. */,[],Autotool,0,30,30
24716,chips-fr/uae4arm-rpi,https://github.com/chips-fr/uae4arm-rpi/blob/177c2f0e892adf2603ada9b150e31beffe0f76c3/deps/mpeg2dec/config.h.in#L33,/* Define to 1 if you have the <dlfcn.h> header file. */,[],Autotool,0,33,33
24716,chips-fr/uae4arm-rpi,https://github.com/chips-fr/uae4arm-rpi/blob/177c2f0e892adf2603ada9b150e31beffe0f76c3/deps/mpeg2dec/config.h.in#L36,/* Define to 1 if you have the `ftime' function. */,[],Autotool,0,36,36
24716,chips-fr/uae4arm-rpi,https://github.com/chips-fr/uae4arm-rpi/blob/177c2f0e892adf2603ada9b150e31beffe0f76c3/deps/mpeg2dec/config.h.in#L39,/* Define to 1 if you have the `gettimeofday' function. */,[],Autotool,0,39,39
24716,chips-fr/uae4arm-rpi,https://github.com/chips-fr/uae4arm-rpi/blob/177c2f0e892adf2603ada9b150e31beffe0f76c3/deps/mpeg2dec/config.h.in#L42,/* Define to 1 if you have the <inttypes.h> header file. */,[],Autotool,0,42,42
24716,chips-fr/uae4arm-rpi,https://github.com/chips-fr/uae4arm-rpi/blob/177c2f0e892adf2603ada9b150e31beffe0f76c3/deps/mpeg2dec/config.h.in#L45,/* Define to 1 if you have the <io.h> header file. */,[],Autotool,0,45,45
24716,chips-fr/uae4arm-rpi,https://github.com/chips-fr/uae4arm-rpi/blob/177c2f0e892adf2603ada9b150e31beffe0f76c3/deps/mpeg2dec/config.h.in#L48,/* Define to 1 if you have the <memory.h> header file. */,[],Autotool,0,48,48
24716,chips-fr/uae4arm-rpi,https://github.com/chips-fr/uae4arm-rpi/blob/177c2f0e892adf2603ada9b150e31beffe0f76c3/deps/mpeg2dec/config.h.in#L51,/* Define to 1 if you have the <stdint.h> header file. */,[],Autotool,0,51,51
24716,chips-fr/uae4arm-rpi,https://github.com/chips-fr/uae4arm-rpi/blob/177c2f0e892adf2603ada9b150e31beffe0f76c3/deps/mpeg2dec/config.h.in#L54,/* Define to 1 if you have the <stdlib.h> header file. */,[],Autotool,0,54,54
24716,chips-fr/uae4arm-rpi,https://github.com/chips-fr/uae4arm-rpi/blob/177c2f0e892adf2603ada9b150e31beffe0f76c3/deps/mpeg2dec/config.h.in#L57,/* Define to 1 if you have the <strings.h> header file. */,[],Autotool,0,57,57
24716,chips-fr/uae4arm-rpi,https://github.com/chips-fr/uae4arm-rpi/blob/177c2f0e892adf2603ada9b150e31beffe0f76c3/deps/mpeg2dec/config.h.in#L60,/* Define to 1 if you have the <string.h> header file. */,[],Autotool,0,60,60
24716,chips-fr/uae4arm-rpi,https://github.com/chips-fr/uae4arm-rpi/blob/177c2f0e892adf2603ada9b150e31beffe0f76c3/deps/mpeg2dec/config.h.in#L63,/* Define to 1 if the system has the type `struct timeval'. */,[],Autotool,0,63,63
24716,chips-fr/uae4arm-rpi,https://github.com/chips-fr/uae4arm-rpi/blob/177c2f0e892adf2603ada9b150e31beffe0f76c3/deps/mpeg2dec/config.h.in#L66,/* Define to 1 if you have the <sys/stat.h> header file. */,[],Autotool,0,66,66
24716,chips-fr/uae4arm-rpi,https://github.com/chips-fr/uae4arm-rpi/blob/177c2f0e892adf2603ada9b150e31beffe0f76c3/deps/mpeg2dec/config.h.in#L69,/* Define to 1 if you have the <sys/timeb.h> header file. */,[],Autotool,0,69,69
24716,chips-fr/uae4arm-rpi,https://github.com/chips-fr/uae4arm-rpi/blob/177c2f0e892adf2603ada9b150e31beffe0f76c3/deps/mpeg2dec/config.h.in#L72,/* Define to 1 if you have the <sys/time.h> header file. */,[],Autotool,0,72,72
24716,chips-fr/uae4arm-rpi,https://github.com/chips-fr/uae4arm-rpi/blob/177c2f0e892adf2603ada9b150e31beffe0f76c3/deps/mpeg2dec/config.h.in#L75,/* Define to 1 if you have the <sys/types.h> header file. */,[],Autotool,0,75,75
24716,chips-fr/uae4arm-rpi,https://github.com/chips-fr/uae4arm-rpi/blob/177c2f0e892adf2603ada9b150e31beffe0f76c3/deps/mpeg2dec/config.h.in#L78,/* Define to 1 if you have the <time.h> header file. */,[],Autotool,0,78,78
24716,chips-fr/uae4arm-rpi,https://github.com/chips-fr/uae4arm-rpi/blob/177c2f0e892adf2603ada9b150e31beffe0f76c3/deps/mpeg2dec/config.h.in#L81,/* Define to 1 if you have the <unistd.h> header file. */,[],Autotool,0,81,81
24716,chips-fr/uae4arm-rpi,https://github.com/chips-fr/uae4arm-rpi/blob/177c2f0e892adf2603ada9b150e31beffe0f76c3/deps/mpeg2dec/config.h.in#L84,/* libvo DirectX support */,[],Autotool,0,84,84
24716,chips-fr/uae4arm-rpi,https://github.com/chips-fr/uae4arm-rpi/blob/177c2f0e892adf2603ada9b150e31beffe0f76c3/deps/mpeg2dec/config.h.in#L87,/* libvo SDL support */,[],Autotool,0,87,87
24716,chips-fr/uae4arm-rpi,https://github.com/chips-fr/uae4arm-rpi/blob/177c2f0e892adf2603ada9b150e31beffe0f76c3/deps/mpeg2dec/config.h.in#L90,/* libvo X11 support */,[],Autotool,0,90,90
24716,chips-fr/uae4arm-rpi,https://github.com/chips-fr/uae4arm-rpi/blob/177c2f0e892adf2603ada9b150e31beffe0f76c3/deps/mpeg2dec/config.h.in#L93,/* libvo Xv support */,[],Autotool,0,93,93
24716,chips-fr/uae4arm-rpi,https://github.com/chips-fr/uae4arm-rpi/blob/177c2f0e892adf2603ada9b150e31beffe0f76c3/deps/mpeg2dec/config.h.in#L96,/* mpeg2dec profiling */,[],Autotool,0,96,96
24716,chips-fr/uae4arm-rpi,https://github.com/chips-fr/uae4arm-rpi/blob/177c2f0e892adf2603ada9b150e31beffe0f76c3/deps/mpeg2dec/config.h.in#L99,/* Name of package */,[],Autotool,0,99,99
24716,chips-fr/uae4arm-rpi,https://github.com/chips-fr/uae4arm-rpi/blob/177c2f0e892adf2603ada9b150e31beffe0f76c3/deps/mpeg2dec/config.h.in#L102,/* Define to the address where bug reports for this package should be sent. */,[],Autotool,0,102,102
24716,chips-fr/uae4arm-rpi,https://github.com/chips-fr/uae4arm-rpi/blob/177c2f0e892adf2603ada9b150e31beffe0f76c3/deps/mpeg2dec/config.h.in#L105,/* Define to the full name of this package. */,[],Autotool,0,105,105
24716,chips-fr/uae4arm-rpi,https://github.com/chips-fr/uae4arm-rpi/blob/177c2f0e892adf2603ada9b150e31beffe0f76c3/deps/mpeg2dec/config.h.in#L108,/* Define to the full name and version of this package. */,[],Autotool,0,108,108
24716,chips-fr/uae4arm-rpi,https://github.com/chips-fr/uae4arm-rpi/blob/177c2f0e892adf2603ada9b150e31beffe0f76c3/deps/mpeg2dec/config.h.in#L111,/* Define to the one symbol short name of this package. */,[],Autotool,0,111,111
24716,chips-fr/uae4arm-rpi,https://github.com/chips-fr/uae4arm-rpi/blob/177c2f0e892adf2603ada9b150e31beffe0f76c3/deps/mpeg2dec/config.h.in#L114,/* Define to the version of this package. */,[],Autotool,0,114,114
24716,chips-fr/uae4arm-rpi,https://github.com/chips-fr/uae4arm-rpi/blob/177c2f0e892adf2603ada9b150e31beffe0f76c3/deps/mpeg2dec/config.h.in#L117,/* Define as the return type of signal handlers (`int' or `void'). */,[],Autotool,0,117,117
24716,chips-fr/uae4arm-rpi,https://github.com/chips-fr/uae4arm-rpi/blob/177c2f0e892adf2603ada9b150e31beffe0f76c3/deps/mpeg2dec/config.h.in#L120,"/* The size of `char', as computed by sizeof. */",[],Autotool,0,120,120
24716,chips-fr/uae4arm-rpi,https://github.com/chips-fr/uae4arm-rpi/blob/177c2f0e892adf2603ada9b150e31beffe0f76c3/deps/mpeg2dec/config.h.in#L123,"/* The size of `int', as computed by sizeof. */",[],Autotool,0,123,123
24716,chips-fr/uae4arm-rpi,https://github.com/chips-fr/uae4arm-rpi/blob/177c2f0e892adf2603ada9b150e31beffe0f76c3/deps/mpeg2dec/config.h.in#L126,"/* The size of `long', as computed by sizeof. */",[],Autotool,0,126,126
24716,chips-fr/uae4arm-rpi,https://github.com/chips-fr/uae4arm-rpi/blob/177c2f0e892adf2603ada9b150e31beffe0f76c3/deps/mpeg2dec/config.h.in#L129,"/* The size of `short', as computed by sizeof. */",[],Autotool,0,129,129
24716,chips-fr/uae4arm-rpi,https://github.com/chips-fr/uae4arm-rpi/blob/177c2f0e892adf2603ada9b150e31beffe0f76c3/deps/mpeg2dec/config.h.in#L132,"/* The size of `void*', as computed by sizeof. */",[],Autotool,0,132,132
24716,chips-fr/uae4arm-rpi,https://github.com/chips-fr/uae4arm-rpi/blob/177c2f0e892adf2603ada9b150e31beffe0f76c3/deps/mpeg2dec/config.h.in#L135,/* Define to 1 if you have the ANSI C header files. */,[],Autotool,0,135,135
24716,chips-fr/uae4arm-rpi,https://github.com/chips-fr/uae4arm-rpi/blob/177c2f0e892adf2603ada9b150e31beffe0f76c3/deps/mpeg2dec/config.h.in#L138,/* Define to 1 if you can safely include both <sys/time.h> and <time.h>. */,[],Autotool,0,138,138
24716,chips-fr/uae4arm-rpi,https://github.com/chips-fr/uae4arm-rpi/blob/177c2f0e892adf2603ada9b150e31beffe0f76c3/deps/mpeg2dec/config.h.in#L141,/* Version number of package */,[],Autotool,0,141,141
24716,chips-fr/uae4arm-rpi,https://github.com/chips-fr/uae4arm-rpi/blob/177c2f0e892adf2603ada9b150e31beffe0f76c3/deps/mpeg2dec/config.h.in#L144,"/* Define to 1 if your processor stores words with the most significant byte
   first (like Motorola and SPARC, unlike Intel and VAX). */",[],Autotool,0,144,145
24716,chips-fr/uae4arm-rpi,https://github.com/chips-fr/uae4arm-rpi/blob/177c2f0e892adf2603ada9b150e31beffe0f76c3/deps/mpeg2dec/config.h.in#L148,/* Define to 1 if the X Window System is missing or not being used. */,[],Autotool,0,148,148
24716,chips-fr/uae4arm-rpi,https://github.com/chips-fr/uae4arm-rpi/blob/177c2f0e892adf2603ada9b150e31beffe0f76c3/deps/mpeg2dec/config.h.in#L151,"/* Number of bits in a file offset, on hosts where this is settable. */",[],Autotool,0,151,151
24716,chips-fr/uae4arm-rpi,https://github.com/chips-fr/uae4arm-rpi/blob/177c2f0e892adf2603ada9b150e31beffe0f76c3/deps/mpeg2dec/config.h.in#L154,"/* Define for large files, on AIX-style hosts. */",[],Autotool,0,154,154
24716,chips-fr/uae4arm-rpi,https://github.com/chips-fr/uae4arm-rpi/blob/177c2f0e892adf2603ada9b150e31beffe0f76c3/deps/mpeg2dec/config.h.in#L157,/* Define to empty if `const' does not conform to ANSI C. */,[],Autotool,0,157,157
24716,chips-fr/uae4arm-rpi,https://github.com/chips-fr/uae4arm-rpi/blob/177c2f0e892adf2603ada9b150e31beffe0f76c3/deps/mpeg2dec/config.h.in#L160,"/* Define to `__inline__' or `__inline' if that's what the C compiler
   calls it, or to nothing if 'inline' is not supported under any name.  */",[],Autotool,0,160,161
24716,chips-fr/uae4arm-rpi,https://github.com/chips-fr/uae4arm-rpi/blob/177c2f0e892adf2603ada9b150e31beffe0f76c3/deps/mpeg2dec/config.h.in#L166,"/* Define as `__restrict' if that's what the C compiler calls it, or to
   nothing if it is not supported. */",[],Autotool,0,166,167
24716,chips-fr/uae4arm-rpi,https://github.com/chips-fr/uae4arm-rpi/blob/177c2f0e892adf2603ada9b150e31beffe0f76c3/deps/mpeg2dec/config.h.in#L170,/* Define to `unsigned int' if <sys/types.h> does not define. */,[],Autotool,0,170,170
24716,chips-fr/uae4arm-rpi,https://github.com/chips-fr/uae4arm-rpi/blob/177c2f0e892adf2603ada9b150e31beffe0f76c3/deps/mpeg2dec/config.h.in#L173,"/* Define to empty if the keyword `volatile' does not work. Warning: valid
   code using `volatile' can become incorrect without. Disable with care. */",[],Autotool,0,173,174
