repoIndex,repoName,linkLocation,comment,keywords,buildSysteminFile,charPosition,startLine,endLine
24887,kcat/openal-soft,https://github.com/kcat/openal-soft/blob/c52df6d78ab7131a543326cd2257f267036754e1/config.h.in#L1,/* Define if deprecated EAX extensions are enabled */,[],Autotool,0,1,1
24887,kcat/openal-soft,https://github.com/kcat/openal-soft/blob/c52df6d78ab7131a543326cd2257f267036754e1/config.h.in#L4,/* Define if HRTF data is embedded in the library */,[],Autotool,0,4,4
24887,kcat/openal-soft,https://github.com/kcat/openal-soft/blob/c52df6d78ab7131a543326cd2257f267036754e1/config.h.in#L7,/* Define if we have the posix_memalign function */,[],Autotool,0,7,7
24887,kcat/openal-soft,https://github.com/kcat/openal-soft/blob/c52df6d78ab7131a543326cd2257f267036754e1/config.h.in#L10,/* Define if we have the _aligned_malloc function */,[],Autotool,0,10,10
24887,kcat/openal-soft,https://github.com/kcat/openal-soft/blob/c52df6d78ab7131a543326cd2257f267036754e1/config.h.in#L13,/* Define if we have the proc_pidpath function */,[],Autotool,0,13,13
24887,kcat/openal-soft,https://github.com/kcat/openal-soft/blob/c52df6d78ab7131a543326cd2257f267036754e1/config.h.in#L16,/* Define if we have the getopt function */,[],Autotool,0,16,16
24887,kcat/openal-soft,https://github.com/kcat/openal-soft/blob/c52df6d78ab7131a543326cd2257f267036754e1/config.h.in#L19,/* Define if we have DBus/RTKit */,[],Autotool,0,19,19
24887,kcat/openal-soft,https://github.com/kcat/openal-soft/blob/c52df6d78ab7131a543326cd2257f267036754e1/config.h.in#L22,/* Define if we have SSE CPU extensions */,[],Autotool,0,22,22
24887,kcat/openal-soft,https://github.com/kcat/openal-soft/blob/c52df6d78ab7131a543326cd2257f267036754e1/config.h.in#L28,/* Define if we have ARM Neon CPU extensions */,[],Autotool,0,28,28
24887,kcat/openal-soft,https://github.com/kcat/openal-soft/blob/c52df6d78ab7131a543326cd2257f267036754e1/config.h.in#L31,/* Define if we have the ALSA backend */,[],Autotool,0,31,31
24887,kcat/openal-soft,https://github.com/kcat/openal-soft/blob/c52df6d78ab7131a543326cd2257f267036754e1/config.h.in#L34,/* Define if we have the OSS backend */,[],Autotool,0,34,34
24887,kcat/openal-soft,https://github.com/kcat/openal-soft/blob/c52df6d78ab7131a543326cd2257f267036754e1/config.h.in#L37,/* Define if we have the PipeWire backend */,[],Autotool,0,37,37
24887,kcat/openal-soft,https://github.com/kcat/openal-soft/blob/c52df6d78ab7131a543326cd2257f267036754e1/config.h.in#L40,/* Define if we have the Solaris backend */,[],Autotool,0,40,40
24887,kcat/openal-soft,https://github.com/kcat/openal-soft/blob/c52df6d78ab7131a543326cd2257f267036754e1/config.h.in#L43,/* Define if we have the SndIO backend */,[],Autotool,0,43,43
24887,kcat/openal-soft,https://github.com/kcat/openal-soft/blob/c52df6d78ab7131a543326cd2257f267036754e1/config.h.in#L46,/* Define if we have the WASAPI backend */,[],Autotool,0,46,46
24887,kcat/openal-soft,https://github.com/kcat/openal-soft/blob/c52df6d78ab7131a543326cd2257f267036754e1/config.h.in#L49,/* Define if we have the DSound backend */,[],Autotool,0,49,49
24887,kcat/openal-soft,https://github.com/kcat/openal-soft/blob/c52df6d78ab7131a543326cd2257f267036754e1/config.h.in#L52,/* Define if we have the Windows Multimedia backend */,[],Autotool,0,52,52
24887,kcat/openal-soft,https://github.com/kcat/openal-soft/blob/c52df6d78ab7131a543326cd2257f267036754e1/config.h.in#L55,/* Define if we have the PortAudio backend */,[],Autotool,0,55,55
24887,kcat/openal-soft,https://github.com/kcat/openal-soft/blob/c52df6d78ab7131a543326cd2257f267036754e1/config.h.in#L58,/* Define if we have the PulseAudio backend */,[],Autotool,0,58,58
24887,kcat/openal-soft,https://github.com/kcat/openal-soft/blob/c52df6d78ab7131a543326cd2257f267036754e1/config.h.in#L61,/* Define if we have the JACK backend */,[],Autotool,0,61,61
24887,kcat/openal-soft,https://github.com/kcat/openal-soft/blob/c52df6d78ab7131a543326cd2257f267036754e1/config.h.in#L64,/* Define if we have the CoreAudio backend */,[],Autotool,0,64,64
24887,kcat/openal-soft,https://github.com/kcat/openal-soft/blob/c52df6d78ab7131a543326cd2257f267036754e1/config.h.in#L67,/* Define if we have the OpenSL backend */,[],Autotool,0,67,67
24887,kcat/openal-soft,https://github.com/kcat/openal-soft/blob/c52df6d78ab7131a543326cd2257f267036754e1/config.h.in#L70,/* Define if we have the Oboe backend */,[],Autotool,0,70,70
24887,kcat/openal-soft,https://github.com/kcat/openal-soft/blob/c52df6d78ab7131a543326cd2257f267036754e1/config.h.in#L73,/* Define if we have the Wave Writer backend */,[],Autotool,0,73,73
24887,kcat/openal-soft,https://github.com/kcat/openal-soft/blob/c52df6d78ab7131a543326cd2257f267036754e1/config.h.in#L76,/* Define if we have the SDL2 backend */,[],Autotool,0,76,76
24887,kcat/openal-soft,https://github.com/kcat/openal-soft/blob/c52df6d78ab7131a543326cd2257f267036754e1/config.h.in#L79,/* Define if we have dlfcn.h */,[],Autotool,0,79,79
24887,kcat/openal-soft,https://github.com/kcat/openal-soft/blob/c52df6d78ab7131a543326cd2257f267036754e1/config.h.in#L82,/* Define if we have pthread_np.h */,[],Autotool,0,82,82
24887,kcat/openal-soft,https://github.com/kcat/openal-soft/blob/c52df6d78ab7131a543326cd2257f267036754e1/config.h.in#L85,/* Define if we have malloc.h */,[],Autotool,0,85,85
24887,kcat/openal-soft,https://github.com/kcat/openal-soft/blob/c52df6d78ab7131a543326cd2257f267036754e1/config.h.in#L88,/* Define if we have cpuid.h */,[],Autotool,0,88,88
24887,kcat/openal-soft,https://github.com/kcat/openal-soft/blob/c52df6d78ab7131a543326cd2257f267036754e1/config.h.in#L91,/* Define if we have intrin.h */,[],Autotool,0,91,91
24887,kcat/openal-soft,https://github.com/kcat/openal-soft/blob/c52df6d78ab7131a543326cd2257f267036754e1/config.h.in#L94,/* Define if we have guiddef.h */,[],Autotool,0,94,94
24887,kcat/openal-soft,https://github.com/kcat/openal-soft/blob/c52df6d78ab7131a543326cd2257f267036754e1/config.h.in#L97,/* Define if we have initguid.h */,[],Autotool,0,97,97
24887,kcat/openal-soft,https://github.com/kcat/openal-soft/blob/c52df6d78ab7131a543326cd2257f267036754e1/config.h.in#L100,/* Define if we have GCC's __get_cpuid() */,[],Autotool,0,100,100
24887,kcat/openal-soft,https://github.com/kcat/openal-soft/blob/c52df6d78ab7131a543326cd2257f267036754e1/config.h.in#L103,/* Define if we have the __cpuid() intrinsic */,[],Autotool,0,103,103
24887,kcat/openal-soft,https://github.com/kcat/openal-soft/blob/c52df6d78ab7131a543326cd2257f267036754e1/config.h.in#L106,/* Define if we have SSE intrinsics */,[],Autotool,0,106,106
24887,kcat/openal-soft,https://github.com/kcat/openal-soft/blob/c52df6d78ab7131a543326cd2257f267036754e1/config.h.in#L109,/* Define if we have pthread_setschedparam() */,[],Autotool,0,109,109
24887,kcat/openal-soft,https://github.com/kcat/openal-soft/blob/c52df6d78ab7131a543326cd2257f267036754e1/config.h.in#L112,/* Define if we have pthread_setname_np() */,[],Autotool,0,112,112
24887,kcat/openal-soft,https://github.com/kcat/openal-soft/blob/c52df6d78ab7131a543326cd2257f267036754e1/config.h.in#L115,/* Define if we have pthread_set_name_np() */,[],Autotool,0,115,115
24887,kcat/openal-soft,https://github.com/kcat/openal-soft/blob/c52df6d78ab7131a543326cd2257f267036754e1/config.h.in#L118,/* Define the installation data directory */,[],Autotool,0,118,118
24887,kcat/openal-soft,https://github.com/kcat/openal-soft/blob/c52df6d78ab7131a543326cd2257f267036754e1/CMakeLists.txt#L1,# CMake build file list for OpenAL,[],CMake,0,1,1
24887,kcat/openal-soft,https://github.com/kcat/openal-soft/blob/c52df6d78ab7131a543326cd2257f267036754e1/CMakeLists.txt#L130,"# C pre-processor, not C++",[],CMake,15,130,130
24887,kcat/openal-soft,https://github.com/kcat/openal-soft/blob/c52df6d78ab7131a543326cd2257f267036754e1/CMakeLists.txt#L151,# QNX's gcc do not uses /usr/include and /usr/lib pathes by default,[],CMake,0,151,151
24887,kcat/openal-soft,https://github.com/kcat/openal-soft/blob/c52df6d78ab7131a543326cd2257f267036754e1/CMakeLists.txt#L157,"# When the library is built for static linking, apps should define
# AL_LIBTYPE_STATIC when including the AL headers.",[],CMake,0,157,158
24887,kcat/openal-soft,https://github.com/kcat/openal-soft/blob/c52df6d78ab7131a543326cd2257f267036754e1/CMakeLists.txt#L172,# Require C++14,[],CMake,0,172,172
24887,kcat/openal-soft,https://github.com/kcat/openal-soft/blob/c52df6d78ab7131a543326cd2257f267036754e1/CMakeLists.txt#L176,"# Prefer C11, but support C99 and C90 too.",[],CMake,0,176,176
24887,kcat/openal-soft,https://github.com/kcat/openal-soft/blob/c52df6d78ab7131a543326cd2257f267036754e1/CMakeLists.txt#L180,# Check if _POSIX_C_SOURCE and _XOPEN_SOURCE needs to be set for POSIX functions,[],CMake,4,180,180
24887,kcat/openal-soft,https://github.com/kcat/openal-soft/blob/c52df6d78ab7131a543326cd2257f267036754e1/CMakeLists.txt#L195,"# C99 has restrict, but C++ does not, so we can only utilize __restrict.",[],CMake,0,195,195
24887,kcat/openal-soft,https://github.com/kcat/openal-soft/blob/c52df6d78ab7131a543326cd2257f267036754e1/CMakeLists.txt#L204,# Some systems may need libatomic for atomic functions to work,[],CMake,0,204,204
24887,kcat/openal-soft,https://github.com/kcat/openal-soft/blob/c52df6d78ab7131a543326cd2257f267036754e1/CMakeLists.txt#L219,# Include liblog for Android logging,[],CMake,4,219,219
24887,kcat/openal-soft,https://github.com/kcat/openal-soft/blob/c52df6d78ab7131a543326cd2257f267036754e1/CMakeLists.txt#L265,"# We want RelWithDebInfo to actually include debug stuff (define _DEBUG
# instead of NDEBUG)",[],CMake,4,265,266
24887,kcat/openal-soft,https://github.com/kcat/openal-soft/blob/c52df6d78ab7131a543326cd2257f267036754e1/CMakeLists.txt#L323,# Set visibility/export options if available,[],CMake,0,323,323
24887,kcat/openal-soft,https://github.com/kcat/openal-soft/blob/c52df6d78ab7131a543326cd2257f267036754e1/CMakeLists.txt#L330,"# Yes GCC, really don't accept visibility modes you don't support",[],CMake,4,330,330
24887,kcat/openal-soft,https://github.com/kcat/openal-soft/blob/c52df6d78ab7131a543326cd2257f267036754e1/CMakeLists.txt#L364,"# Yes GCC, really don't accept command line options you don't support",[],CMake,4,364,364
24887,kcat/openal-soft,https://github.com/kcat/openal-soft/blob/c52df6d78ab7131a543326cd2257f267036754e1/CMakeLists.txt#L386,# Check for SSE support,[],CMake,0,386,386
24887,kcat/openal-soft,https://github.com/kcat/openal-soft/blob/c52df6d78ab7131a543326cd2257f267036754e1/CMakeLists.txt#L431,# Check for ARM Neon support,[],CMake,0,431,431
24887,kcat/openal-soft,https://github.com/kcat/openal-soft/blob/c52df6d78ab7131a543326cd2257f267036754e1/CMakeLists.txt#L471,"# SSE depends on a 16-byte aligned stack, and by default, GCC
# assumes the stack is suitably aligned. Older Linux code or other
# OSs don't guarantee this on 32-bit, so externally-callable
# functions need to ensure an aligned stack.",[],CMake,12,471,474
24887,kcat/openal-soft,https://github.com/kcat/openal-soft/blob/c52df6d78ab7131a543326cd2257f267036754e1/CMakeLists.txt#L501,# Some systems need libm for some math functions to work,[],CMake,0,501,501
24887,kcat/openal-soft,https://github.com/kcat/openal-soft/blob/c52df6d78ab7131a543326cd2257f267036754e1/CMakeLists.txt#L509,"# Some systems need to link with -lrt for clock_gettime as used by the common
# eaxmple functions.",[],CMake,0,509,510
24887,kcat/openal-soft,https://github.com/kcat/openal-soft/blob/c52df6d78ab7131a543326cd2257f267036754e1/CMakeLists.txt#L517,# Check for the dlopen API (for dynamicly loading backend libs),[],CMake,0,517,517
24887,kcat/openal-soft,https://github.com/kcat/openal-soft/blob/c52df6d78ab7131a543326cd2257f267036754e1/CMakeLists.txt#L527,# Check for a cpuid intrinsic,[],CMake,0,527,527
24887,kcat/openal-soft,https://github.com/kcat/openal-soft/blob/c52df6d78ab7131a543326cd2257f267036754e1/CMakeLists.txt#L551,"# We need pthreads outside of Windows, for semaphores. It's also used to
# set the priority and name of threads, when possible.",[],CMake,4,551,552
24887,kcat/openal-soft,https://github.com/kcat/openal-soft/blob/c52df6d78ab7131a543326cd2257f267036754e1/CMakeLists.txt#L567,# Some systems need pthread_np.h to get pthread_setname_np,[],CMake,4,567,567
24887,kcat/openal-soft,https://github.com/kcat/openal-soft/blob/c52df6d78ab7131a543326cd2257f267036754e1/CMakeLists.txt#L585,"# Common sources used by both the OpenAL implementation library, the OpenAL
# router, and certain tools and examples.",[],CMake,0,585,586
24887,kcat/openal-soft,https://github.com/kcat/openal-soft/blob/c52df6d78ab7131a543326cd2257f267036754e1/CMakeLists.txt#L622,# Core library routines,[],CMake,0,622,622
24887,kcat/openal-soft,https://github.com/kcat/openal-soft/blob/c52df6d78ab7131a543326cd2257f267036754e1/CMakeLists.txt#L725,"# Default mixers, always available",[],CMake,0,725,725
24887,kcat/openal-soft,https://github.com/kcat/openal-soft/blob/c52df6d78ab7131a543326cd2257f267036754e1/CMakeLists.txt#L732,# AL and related routines,[],CMake,0,732,732
24887,kcat/openal-soft,https://github.com/kcat/openal-soft/blob/c52df6d78ab7131a543326cd2257f267036754e1/CMakeLists.txt#L768,# ALC and related routines,[],CMake,0,768,768
24887,kcat/openal-soft,https://github.com/kcat/openal-soft/blob/c52df6d78ab7131a543326cd2257f267036754e1/CMakeLists.txt#L819,# Include SIMD mixers,[],CMake,0,819,819
24887,kcat/openal-soft,https://github.com/kcat/openal-soft/blob/c52df6d78ab7131a543326cd2257f267036754e1/CMakeLists.txt#L874,"# Default backends, always available",[],CMake,4,874,874
24887,kcat/openal-soft,https://github.com/kcat/openal-soft/blob/c52df6d78ab7131a543326cd2257f267036754e1/CMakeLists.txt#L881,# Check ALSA backend,[],CMake,0,881,881
24887,kcat/openal-soft,https://github.com/kcat/openal-soft/blob/c52df6d78ab7131a543326cd2257f267036754e1/CMakeLists.txt#L898,# Check OSS backend,[],CMake,0,898,898
24887,kcat/openal-soft,https://github.com/kcat/openal-soft/blob/c52df6d78ab7131a543326cd2257f267036754e1/CMakeLists.txt#L917,# Check PipeWire backend,[],CMake,0,917,917
24887,kcat/openal-soft,https://github.com/kcat/openal-soft/blob/c52df6d78ab7131a543326cd2257f267036754e1/CMakeLists.txt#L936,# Check Solaris backend,[],CMake,0,936,936
24887,kcat/openal-soft,https://github.com/kcat/openal-soft/blob/c52df6d78ab7131a543326cd2257f267036754e1/CMakeLists.txt#L952,# Check SndIO backend,[],CMake,0,952,952
24887,kcat/openal-soft,https://github.com/kcat/openal-soft/blob/c52df6d78ab7131a543326cd2257f267036754e1/CMakeLists.txt#L969,# Check Windows-only backends,[],CMake,0,969,969
24887,kcat/openal-soft,https://github.com/kcat/openal-soft/blob/c52df6d78ab7131a543326cd2257f267036754e1/CMakeLists.txt#L974,# Check MMSystem backend,[],CMake,4,974,974
24887,kcat/openal-soft,https://github.com/kcat/openal-soft/blob/c52df6d78ab7131a543326cd2257f267036754e1/CMakeLists.txt#L980,"# There doesn't seem to be good way to search for winmm.lib for MSVC.
# find_library doesn't find it without being told to look in a specific
# place in the WindowsSDK, but it links anyway. If there ends up being
# Windows targets without this, another means to detect it is needed.",[],CMake,8,980,983
24887,kcat/openal-soft,https://github.com/kcat/openal-soft/blob/c52df6d78ab7131a543326cd2257f267036754e1/CMakeLists.txt#L987,# Check DSound backend,[],CMake,4,987,987
24887,kcat/openal-soft,https://github.com/kcat/openal-soft/blob/c52df6d78ab7131a543326cd2257f267036754e1/CMakeLists.txt#L1007,# Check for WASAPI backend,[],CMake,4,1007,1007
24887,kcat/openal-soft,https://github.com/kcat/openal-soft/blob/c52df6d78ab7131a543326cd2257f267036754e1/CMakeLists.txt#L1028,# Check PortAudio backend,[],CMake,0,1028,1028
24887,kcat/openal-soft,https://github.com/kcat/openal-soft/blob/c52df6d78ab7131a543326cd2257f267036754e1/CMakeLists.txt#L1045,# Check PulseAudio backend,[],CMake,0,1045,1045
24887,kcat/openal-soft,https://github.com/kcat/openal-soft/blob/c52df6d78ab7131a543326cd2257f267036754e1/CMakeLists.txt#L1062,# Check JACK backend,[],CMake,0,1062,1062
24887,kcat/openal-soft,https://github.com/kcat/openal-soft/blob/c52df6d78ab7131a543326cd2257f267036754e1/CMakeLists.txt#L1079,# Check CoreAudio backend,[],CMake,0,1079,1079
24887,kcat/openal-soft,https://github.com/kcat/openal-soft/blob/c52df6d78ab7131a543326cd2257f267036754e1/CMakeLists.txt#L1100,"# Some versions of OSX may need the AudioToolbox framework. Add it if
# it's found.",[],CMake,8,1100,1101
24887,kcat/openal-soft,https://github.com/kcat/openal-soft/blob/c52df6d78ab7131a543326cd2257f267036754e1/CMakeLists.txt#L1114,# Check for OpenSL (Android) backend,[],CMake,0,1114,1114
24887,kcat/openal-soft,https://github.com/kcat/openal-soft/blob/c52df6d78ab7131a543326cd2257f267036754e1/CMakeLists.txt#L1130,# Check for Oboe (Android) backend,[],CMake,0,1130,1130
24887,kcat/openal-soft,https://github.com/kcat/openal-soft/blob/c52df6d78ab7131a543326cd2257f267036754e1/CMakeLists.txt#L1135,"# Force Oboe to build with hidden symbols. Don't want to be exporting
# them from OpenAL.",[],CMake,8,1135,1136
24887,kcat/openal-soft,https://github.com/kcat/openal-soft/blob/c52df6d78ab7131a543326cd2257f267036754e1/CMakeLists.txt#L1172,# Check for SDL2 backend,[],CMake,0,1172,1172
24887,kcat/openal-soft,https://github.com/kcat/openal-soft/blob/c52df6d78ab7131a543326cd2257f267036754e1/CMakeLists.txt#L1176,"# Off by default, since it adds a runtime dependency",[],CMake,4,1176,1176
24887,kcat/openal-soft,https://github.com/kcat/openal-soft/blob/c52df6d78ab7131a543326cd2257f267036754e1/CMakeLists.txt#L1190,# Optionally enable the Wave Writer backend,[],CMake,0,1190,1190
24887,kcat/openal-soft,https://github.com/kcat/openal-soft/blob/c52df6d78ab7131a543326cd2257f267036754e1/CMakeLists.txt#L1198,# This is always available,[],CMake,0,1198,1198
24887,kcat/openal-soft,https://github.com/kcat/openal-soft/blob/c52df6d78ab7131a543326cd2257f267036754e1/CMakeLists.txt#L1204,# Get the current working branch and its latest abbreviated commit hash,[],CMake,4,1204,1204
24887,kcat/openal-soft,https://github.com/kcat/openal-soft/blob/c52df6d78ab7131a543326cd2257f267036754e1/CMakeLists.txt#L1264,# Needed for openal.pc.in,[],CMake,0,1264,1264
24887,kcat/openal-soft,https://github.com/kcat/openal-soft/blob/c52df6d78ab7131a543326cd2257f267036754e1/CMakeLists.txt#L1276,"# If this is already a linker flag, or is a full path+file, add it
# as-is. Otherwise, it's a name intended to be dressed as -lname.",[],CMake,8,1276,1277
24887,kcat/openal-soft,https://github.com/kcat/openal-soft/blob/c52df6d78ab7131a543326cd2257f267036754e1/CMakeLists.txt#L1286,# End configuration,[],CMake,0,1286,1286
24887,kcat/openal-soft,https://github.com/kcat/openal-soft/blob/c52df6d78ab7131a543326cd2257f267036754e1/CMakeLists.txt#L1304,# Either OpenAL or soft_oal.,[],CMake,24,1304,1304
24887,kcat/openal-soft,https://github.com/kcat/openal-soft/blob/c52df6d78ab7131a543326cd2257f267036754e1/CMakeLists.txt#L1306,# Build main library,[],CMake,0,1306,1306
24887,kcat/openal-soft,https://github.com/kcat/openal-soft/blob/c52df6d78ab7131a543326cd2257f267036754e1/CMakeLists.txt#L1313,"# This option is for static linking OpenAL Soft into another project
# that already defines the IDs. It is up to that project to ensure all
# required IDs are defined.",[],CMake,8,1313,1315
24887,kcat/openal-soft,https://github.com/kcat/openal-soft/blob/c52df6d78ab7131a543326cd2257f267036754e1/CMakeLists.txt#L1356,"# !important: for osx framework public header works, the headers must be in
# the project",[],CMake,4,1356,1357
24887,kcat/openal-soft,https://github.com/kcat/openal-soft/blob/c52df6d78ab7131a543326cd2257f267036754e1/CMakeLists.txt#L1368,# Sets framework name to soft_oal to avoid ambiguity with the system OpenAL.framework,[],CMake,8,1368,1368
24887,kcat/openal-soft,https://github.com/kcat/openal-soft/blob/c52df6d78ab7131a543326cd2257f267036754e1/CMakeLists.txt#L1478,# An alias for sub-project builds,[],CMake,0,1478,1478
24887,kcat/openal-soft,https://github.com/kcat/openal-soft/blob/c52df6d78ab7131a543326cd2257f267036754e1/CMakeLists.txt#L1481,# Install main library,[],CMake,0,1481,1481
24887,kcat/openal-soft,https://github.com/kcat/openal-soft/blob/c52df6d78ab7131a543326cd2257f267036754e1/CMakeLists.txt#L1610,# Add a static library with common functions used by multiple example targets,[],CMake,0,1610,1610
24887,kcat/openal-soft,https://github.com/kcat/openal-soft/blob/c52df6d78ab7131a543326cd2257f267036754e1/cmake/FindALSA.cmake#L1,"# - Find alsa
# Find the alsa libraries (asound)
#
#  This module defines the following variables:
#     ALSA_FOUND       - True if ALSA_INCLUDE_DIR & ALSA_LIBRARY are found
#     ALSA_LIBRARIES   - Set when ALSA_LIBRARY is found
#     ALSA_INCLUDE_DIRS - Set when ALSA_INCLUDE_DIR is found
#
#     ALSA_INCLUDE_DIR - where to find asoundlib.h, etc.
#     ALSA_LIBRARY     - the asound library
#     ALSA_VERSION_STRING - the version of alsa found (since CMake 2.8.8)
#",[],CMake,0,1,12
24887,kcat/openal-soft,https://github.com/kcat/openal-soft/blob/c52df6d78ab7131a543326cd2257f267036754e1/cmake/FindALSA.cmake#L14,"#=============================================================================
# Copyright 2009-2011 Kitware, Inc.
# Copyright 2009-2011 Philip Lowman <philip@yhbt.com>
#
# Redistribution and use in source and binary forms, with or without
# modification, are permitted provided that the following conditions are
# met:
#
#  * Redistributions of source code must retain the above copyright notice,
#    this list of conditions and the following disclaimer.
#
#  * Redistributions in binary form must reproduce the above copyright notice,
#    this list of conditions and the following disclaimer in the documentation
#    and/or other materials provided with the distribution.
#
#  * The names of Kitware, Inc., the Insight Consortium, or the names of
#    any consortium members, or of any contributors, may not be used to
#    endorse or promote products derived from this software without
#    specific prior written permission.
#
# THIS SOFTWARE IS PROVIDED BY THE COPYRIGHT HOLDER AND CONTRIBUTORS ``AS IS''
# AND ANY EXPRESS OR IMPLIED WARRANTIES, INCLUDING, BUT NOT LIMITED TO, THE
# IMPLIED WARRANTIES OF MERCHANTABILITY AND FITNESS FOR A PARTICULAR PURPOSE
# ARE DISCLAIMED. IN NO EVENT SHALL THE AUTHORS OR CONTRIBUTORS BE LIABLE FOR
# ANY DIRECT, INDIRECT, INCIDENTAL, SPECIAL, EXEMPLARY, OR CONSEQUENTIAL
# DAMAGES (INCLUDING, BUT NOT LIMITED TO, PROCUREMENT OF SUBSTITUTE GOODS OR
# SERVICES; LOSS OF USE, DATA, OR PROFITS; OR BUSINESS INTERRUPTION) HOWEVER
# CAUSED AND ON ANY THEORY OF LIABILITY, WHETHER IN CONTRACT, STRICT LIABILITY,
# OR TORT (INCLUDING NEGLIGENCE OR OTHERWISE) ARISING IN ANY WAY OUT OF THE USE
# OF THIS SOFTWARE, EVEN IF ADVISED OF THE POSSIBILITY OF SUCH DAMAGE.
#=============================================================================",[],CMake,0,14,44
24887,kcat/openal-soft,https://github.com/kcat/openal-soft/blob/c52df6d78ab7131a543326cd2257f267036754e1/cmake/FindALSA.cmake#L61,"# handle the QUIETLY and REQUIRED arguments and set ALSA_FOUND to TRUE if
# all listed variables are TRUE",[],CMake,0,61,62
24887,kcat/openal-soft,https://github.com/kcat/openal-soft/blob/c52df6d78ab7131a543326cd2257f267036754e1/cmake/FindAudioIO.cmake#L1,"# - Find AudioIO includes and libraries
#
#   AUDIOIO_FOUND        - True if AUDIOIO_INCLUDE_DIR is found
#   AUDIOIO_INCLUDE_DIRS - Set when AUDIOIO_INCLUDE_DIR is found
#
#   AUDIOIO_INCLUDE_DIR - where to find sys/audioio.h, etc.
#",[],CMake,0,1,7
24887,kcat/openal-soft,https://github.com/kcat/openal-soft/blob/c52df6d78ab7131a543326cd2257f267036754e1/cmake/FindFFmpeg.cmake#L1,"# vim: ts=2 sw=2
# - Try to find the required ffmpeg components(default: AVFORMAT, AVUTIL, AVCODEC)
#
# Once done this will define
#  FFMPEG_FOUND         - System has the all required components.
#  FFMPEG_INCLUDE_DIRS  - Include directory necessary for using the required components headers.
#  FFMPEG_LIBRARIES     - Link these to use the required ffmpeg components.
#  FFMPEG_DEFINITIONS   - Compiler switches required for using the required ffmpeg components.
#
# For each of the components it will additionaly set.
#   - AVCODEC
#   - AVDEVICE
#   - AVFORMAT
#   - AVUTIL
#   - POSTPROC
#   - SWSCALE
#   - SWRESAMPLE
# the following variables will be defined
#  <component>_FOUND        - System has <component>
#  <component>_INCLUDE_DIRS - Include directory necessary for using the <component> headers
#  <component>_LIBRARIES    - Link these to use <component>
#  <component>_DEFINITIONS  - Compiler switches required for using <component>
#  <component>_VERSION      - The components version
#
# Copyright (c) 2006, Matthias Kretz, <kretz@kde.org>
# Copyright (c) 2008, Alexander Neundorf, <neundorf@kde.org>
# Copyright (c) 2011, Michael Jansen, <kde@michael-jansen.biz>
#
# Redistribution and use is allowed according to the terms of the BSD license.",[],CMake,0,1,29
24887,kcat/openal-soft,https://github.com/kcat/openal-soft/blob/c52df6d78ab7131a543326cd2257f267036754e1/cmake/FindFFmpeg.cmake#L37,"#
### Macro: set_component_found
#
# Marks the given component as found if both *_LIBRARIES AND *_INCLUDE_DIRS is present.
#",[],CMake,0,37,41
24887,kcat/openal-soft,https://github.com/kcat/openal-soft/blob/c52df6d78ab7131a543326cd2257f267036754e1/cmake/FindFFmpeg.cmake#L44,"# message(STATUS ""  - ${_component} found."")",[],CMake,8,44,44
24887,kcat/openal-soft,https://github.com/kcat/openal-soft/blob/c52df6d78ab7131a543326cd2257f267036754e1/cmake/FindFFmpeg.cmake#L47,"# message(STATUS ""  - ${_component} not found."")",[],CMake,8,47,47
24887,kcat/openal-soft,https://github.com/kcat/openal-soft/blob/c52df6d78ab7131a543326cd2257f267036754e1/cmake/FindFFmpeg.cmake#L51,"#
### Macro: find_component
#
# Checks for the given component by invoking pkgconfig and then looking up the libraries and
# include directories.
#",[],CMake,0,51,56
24887,kcat/openal-soft,https://github.com/kcat/openal-soft/blob/c52df6d78ab7131a543326cd2257f267036754e1/cmake/FindFFmpeg.cmake#L59,"# use pkg-config to get the directories and then use these values
# in the FIND_PATH() and FIND_LIBRARY() calls",[],CMake,8,59,60
24887,kcat/openal-soft,https://github.com/kcat/openal-soft/blob/c52df6d78ab7131a543326cd2257f267036754e1/cmake/FindFFmpeg.cmake#L102,# Check for all possible components.,[],CMake,0,102,102
24887,kcat/openal-soft,https://github.com/kcat/openal-soft/blob/c52df6d78ab7131a543326cd2257f267036754e1/cmake/FindFFmpeg.cmake#L111,# Check if the required components were found and add their stuff to the FFMPEG_* vars.,[],CMake,0,111,111
24887,kcat/openal-soft,https://github.com/kcat/openal-soft/blob/c52df6d78ab7131a543326cd2257f267036754e1/cmake/FindFFmpeg.cmake#L114,"# message(STATUS ""Required component ${_component} present."")",[],CMake,8,114,114
24887,kcat/openal-soft,https://github.com/kcat/openal-soft/blob/c52df6d78ab7131a543326cd2257f267036754e1/cmake/FindFFmpeg.cmake#L119,"# message(STATUS ""Required component ${_component} missing."")",[],CMake,8,119,119
24887,kcat/openal-soft,https://github.com/kcat/openal-soft/blob/c52df6d78ab7131a543326cd2257f267036754e1/cmake/FindFFmpeg.cmake#L123,# Add libz if it exists (needed for static ffmpeg builds),[],CMake,0,123,123
24887,kcat/openal-soft,https://github.com/kcat/openal-soft/blob/c52df6d78ab7131a543326cd2257f267036754e1/cmake/FindFFmpeg.cmake#L129,# Build the include path and library list with duplicates removed.,[],CMake,0,129,129
24887,kcat/openal-soft,https://github.com/kcat/openal-soft/blob/c52df6d78ab7131a543326cd2257f267036754e1/cmake/FindFFmpeg.cmake#L138,# cache the vars.,[],CMake,0,138,138
24887,kcat/openal-soft,https://github.com/kcat/openal-soft/blob/c52df6d78ab7131a543326cd2257f267036754e1/cmake/FindFFmpeg.cmake#L145,# Now set the noncached _FOUND vars for the components.,[],CMake,0,145,145
24887,kcat/openal-soft,https://github.com/kcat/openal-soft/blob/c52df6d78ab7131a543326cd2257f267036754e1/cmake/FindFFmpeg.cmake#L150,# Compile the list of required vars,[],CMake,0,150,150
24887,kcat/openal-soft,https://github.com/kcat/openal-soft/blob/c52df6d78ab7131a543326cd2257f267036754e1/cmake/FindFFmpeg.cmake#L156,# Give a nice error message if some of the required vars are missing.,[],CMake,0,156,156
24887,kcat/openal-soft,https://github.com/kcat/openal-soft/blob/c52df6d78ab7131a543326cd2257f267036754e1/cmake/FindJACK.cmake#L1,"# - Find JACK
# Find the JACK libraries
#
#  This module defines the following variables:
#     JACK_FOUND        - True if JACK_INCLUDE_DIR & JACK_LIBRARY are found
#     JACK_INCLUDE_DIRS - where to find jack.h, etc.
#     JACK_LIBRARIES    - the jack library
#",[],CMake,0,1,8
24887,kcat/openal-soft,https://github.com/kcat/openal-soft/blob/c52df6d78ab7131a543326cd2257f267036754e1/cmake/FindJACK.cmake#L10,"#=============================================================================
# Copyright 2009-2011 Kitware, Inc.
# Copyright 2009-2011 Philip Lowman <philip@yhbt.com>
#
# Redistribution and use in source and binary forms, with or without
# modification, are permitted provided that the following conditions are
# met:
#
#  * Redistributions of source code must retain the above copyright notice,
#    this list of conditions and the following disclaimer.
#
#  * Redistributions in binary form must reproduce the above copyright notice,
#    this list of conditions and the following disclaimer in the documentation
#    and/or other materials provided with the distribution.
#
#  * The names of Kitware, Inc., the Insight Consortium, or the names of
#    any consortium members, or of any contributors, may not be used to
#    endorse or promote products derived from this software without
#    specific prior written permission.
#
# THIS SOFTWARE IS PROVIDED BY THE COPYRIGHT HOLDER AND CONTRIBUTORS ``AS IS''
# AND ANY EXPRESS OR IMPLIED WARRANTIES, INCLUDING, BUT NOT LIMITED TO, THE
# IMPLIED WARRANTIES OF MERCHANTABILITY AND FITNESS FOR A PARTICULAR PURPOSE
# ARE DISCLAIMED. IN NO EVENT SHALL THE AUTHORS OR CONTRIBUTORS BE LIABLE FOR
# ANY DIRECT, INDIRECT, INCIDENTAL, SPECIAL, EXEMPLARY, OR CONSEQUENTIAL
# DAMAGES (INCLUDING, BUT NOT LIMITED TO, PROCUREMENT OF SUBSTITUTE GOODS OR
# SERVICES; LOSS OF USE, DATA, OR PROFITS; OR BUSINESS INTERRUPTION) HOWEVER
# CAUSED AND ON ANY THEORY OF LIABILITY, WHETHER IN CONTRACT, STRICT LIABILITY,
# OR TORT (INCLUDING NEGLIGENCE OR OTHERWISE) ARISING IN ANY WAY OUT OF THE USE
# OF THIS SOFTWARE, EVEN IF ADVISED OF THE POSSIBILITY OF SUCH DAMAGE.
#=============================================================================",[],CMake,0,10,40
24887,kcat/openal-soft,https://github.com/kcat/openal-soft/blob/c52df6d78ab7131a543326cd2257f267036754e1/cmake/FindJACK.cmake#L50,"# handle the QUIETLY and REQUIRED arguments and set JACK_FOUND to TRUE if
# all listed variables are TRUE",[],CMake,0,50,51
24887,kcat/openal-soft,https://github.com/kcat/openal-soft/blob/c52df6d78ab7131a543326cd2257f267036754e1/cmake/FindMySOFA.cmake#L1,"# - Find MySOFA
# Find the MySOFA libraries
#
#  This module defines the following variables:
#     MYSOFA_FOUND        - True if MYSOFA_INCLUDE_DIR & MYSOFA_LIBRARY are found
#     MYSOFA_INCLUDE_DIRS - where to find mysofa.h, etc.
#     MYSOFA_LIBRARIES    - the MySOFA library
#",[],CMake,0,1,8
24887,kcat/openal-soft,https://github.com/kcat/openal-soft/blob/c52df6d78ab7131a543326cd2257f267036754e1/cmake/FindMySOFA.cmake#L10,"#=============================================================================
# Copyright 2009-2011 Kitware, Inc.
# Copyright 2009-2011 Philip Lowman <philip@yhbt.com>
#
# Redistribution and use in source and binary forms, with or without
# modification, are permitted provided that the following conditions are
# met:
#
#  * Redistributions of source code must retain the above copyright notice,
#    this list of conditions and the following disclaimer.
#
#  * Redistributions in binary form must reproduce the above copyright notice,
#    this list of conditions and the following disclaimer in the documentation
#    and/or other materials provided with the distribution.
#
#  * The names of Kitware, Inc., the Insight Consortium, or the names of
#    any consortium members, or of any contributors, may not be used to
#    endorse or promote products derived from this software without
#    specific prior written permission.
#
# THIS SOFTWARE IS PROVIDED BY THE COPYRIGHT HOLDER AND CONTRIBUTORS ``AS IS''
# AND ANY EXPRESS OR IMPLIED WARRANTIES, INCLUDING, BUT NOT LIMITED TO, THE
# IMPLIED WARRANTIES OF MERCHANTABILITY AND FITNESS FOR A PARTICULAR PURPOSE
# ARE DISCLAIMED. IN NO EVENT SHALL THE AUTHORS OR CONTRIBUTORS BE LIABLE FOR
# ANY DIRECT, INDIRECT, INCIDENTAL, SPECIAL, EXEMPLARY, OR CONSEQUENTIAL
# DAMAGES (INCLUDING, BUT NOT LIMITED TO, PROCUREMENT OF SUBSTITUTE GOODS OR
# SERVICES; LOSS OF USE, DATA, OR PROFITS; OR BUSINESS INTERRUPTION) HOWEVER
# CAUSED AND ON ANY THEORY OF LIABILITY, WHETHER IN CONTRACT, STRICT LIABILITY,
# OR TORT (INCLUDING NEGLIGENCE OR OTHERWISE) ARISING IN ANY WAY OUT OF THE USE
# OF THIS SOFTWARE, EVEN IF ADVISED OF THE POSSIBILITY OF SUCH DAMAGE.
#=============================================================================",[],CMake,0,10,40
24887,kcat/openal-soft,https://github.com/kcat/openal-soft/blob/c52df6d78ab7131a543326cd2257f267036754e1/cmake/FindMySOFA.cmake#L56,"# handle the QUIETLY and REQUIRED arguments and set MYSOFA_FOUND to TRUE if
# all listed variables are TRUE",[],CMake,0,56,57
24887,kcat/openal-soft,https://github.com/kcat/openal-soft/blob/c52df6d78ab7131a543326cd2257f267036754e1/cmake/FindOSS.cmake#L1,"# - Find OSS includes
#
#   OSS_FOUND        - True if OSS_INCLUDE_DIR is found
#   OSS_INCLUDE_DIRS - Set when OSS_INCLUDE_DIR is found
#   OSS_LIBRARIES    - Set when OSS_LIBRARY is found
#
#   OSS_INCLUDE_DIR - where to find sys/soundcard.h, etc.
#   OSS_LIBRARY     - where to find libossaudio (optional).
#",[],CMake,0,1,9
24887,kcat/openal-soft,https://github.com/kcat/openal-soft/blob/c52df6d78ab7131a543326cd2257f267036754e1/cmake/FindOboe.cmake#L1,"# - Find Oboe
# Find the Oboe library
#
# This module defines the following variable:
#   OBOE_FOUND - True if Oboe was found
#
# This module defines the following target:
#   oboe::oboe - Import target for linking Oboe to a project
#",[],CMake,0,1,9
24887,kcat/openal-soft,https://github.com/kcat/openal-soft/blob/c52df6d78ab7131a543326cd2257f267036754e1/cmake/FindOboe.cmake#L19,"# handle the QUIETLY and REQUIRED arguments and set OBOE_FOUND to TRUE if
# all listed variables are TRUE",[],CMake,0,19,20
24887,kcat/openal-soft,https://github.com/kcat/openal-soft/blob/c52df6d78ab7131a543326cd2257f267036754e1/cmake/FindOpenSL.cmake#L1,"# - Find OpenSL
# Find the OpenSL libraries
#
#  This module defines the following variables and targets:
#     OPENSL_FOUND     - True if OPENSL was found
#     OpenSL::OpenSLES - The OpenSLES target
#",[],CMake,0,1,7
24887,kcat/openal-soft,https://github.com/kcat/openal-soft/blob/c52df6d78ab7131a543326cd2257f267036754e1/cmake/FindOpenSL.cmake#L9,"#=============================================================================
# Copyright 2009-2011 Kitware, Inc.
# Copyright 2009-2011 Philip Lowman <philip@yhbt.com>
#
# Redistribution and use in source and binary forms, with or without
# modification, are permitted provided that the following conditions are
# met:
#
#  * Redistributions of source code must retain the above copyright notice,
#    this list of conditions and the following disclaimer.
#
#  * Redistributions in binary form must reproduce the above copyright notice,
#    this list of conditions and the following disclaimer in the documentation
#    and/or other materials provided with the distribution.
#
#  * The names of Kitware, Inc., the Insight Consortium, or the names of
#    any consortium members, or of any contributors, may not be used to
#    endorse or promote products derived from this software without
#    specific prior written permission.
#
# THIS SOFTWARE IS PROVIDED BY THE COPYRIGHT HOLDER AND CONTRIBUTORS ``AS IS''
# AND ANY EXPRESS OR IMPLIED WARRANTIES, INCLUDING, BUT NOT LIMITED TO, THE
# IMPLIED WARRANTIES OF MERCHANTABILITY AND FITNESS FOR A PARTICULAR PURPOSE
# ARE DISCLAIMED. IN NO EVENT SHALL THE AUTHORS OR CONTRIBUTORS BE LIABLE FOR
# ANY DIRECT, INDIRECT, INCIDENTAL, SPECIAL, EXEMPLARY, OR CONSEQUENTIAL
# DAMAGES (INCLUDING, BUT NOT LIMITED TO, PROCUREMENT OF SUBSTITUTE GOODS OR
# SERVICES; LOSS OF USE, DATA, OR PROFITS; OR BUSINESS INTERRUPTION) HOWEVER
# CAUSED AND ON ANY THEORY OF LIABILITY, WHETHER IN CONTRACT, STRICT LIABILITY,
# OR TORT (INCLUDING NEGLIGENCE OR OTHERWISE) ARISING IN ANY WAY OUT OF THE USE
# OF THIS SOFTWARE, EVEN IF ADVISED OF THE POSSIBILITY OF SUCH DAMAGE.
#=============================================================================",[],CMake,0,9,39
24887,kcat/openal-soft,https://github.com/kcat/openal-soft/blob/c52df6d78ab7131a543326cd2257f267036754e1/cmake/FindOpenSL.cmake#L49,"# handle the QUIETLY and REQUIRED arguments and set OPENSL_FOUND to TRUE if
# all listed variables are TRUE",[],CMake,0,49,50
24887,kcat/openal-soft,https://github.com/kcat/openal-soft/blob/c52df6d78ab7131a543326cd2257f267036754e1/cmake/FindPortAudio.cmake#L1,"# - Find PortAudio includes and libraries
#
#   PORTAUDIO_FOUND        - True if PORTAUDIO_INCLUDE_DIR & PORTAUDIO_LIBRARY
#                            are found
#   PORTAUDIO_LIBRARIES    - Set when PORTAUDIO_LIBRARY is found
#   PORTAUDIO_INCLUDE_DIRS - Set when PORTAUDIO_INCLUDE_DIR is found
#
#   PORTAUDIO_INCLUDE_DIR - where to find portaudio.h, etc.
#   PORTAUDIO_LIBRARY     - the portaudio library
#",[],CMake,0,1,10
24887,kcat/openal-soft,https://github.com/kcat/openal-soft/blob/c52df6d78ab7131a543326cd2257f267036754e1/cmake/FindPulseAudio.cmake#L1,"# - Find PulseAudio includes and libraries
#
#   PULSEAUDIO_FOUND        - True if PULSEAUDIO_INCLUDE_DIR &
#                             PULSEAUDIO_LIBRARY are found
#   PULSEAUDIO_LIBRARIES    - Set when PULSEAUDIO_LIBRARY is found
#   PULSEAUDIO_INCLUDE_DIRS - Set when PULSEAUDIO_INCLUDE_DIR is found
#
#   PULSEAUDIO_INCLUDE_DIR - where to find pulse/pulseaudio.h, etc.
#   PULSEAUDIO_LIBRARY     - the pulse library
#   PULSEAUDIO_VERSION_STRING - the version of PulseAudio found
#",[],CMake,0,1,11
24887,kcat/openal-soft,https://github.com/kcat/openal-soft/blob/c52df6d78ab7131a543326cd2257f267036754e1/cmake/FindSDL2.cmake#L1,"# Locate SDL2 library
# This module defines
# SDL2_LIBRARY, the name of the library to link against
# SDL2_FOUND, if false, do not try to link to SDL2
# SDL2_INCLUDE_DIR, where to find SDL.h
#
# This module responds to the the flag:
# SDL2_BUILDING_LIBRARY
# If this is defined, then no SDL2_main will be linked in because
# only applications need main().
# Otherwise, it is assumed you are building an application and this
# module will attempt to locate and set the the proper link flags
# as part of the returned SDL2_LIBRARY variable.
#
# Don't forget to include SDL2main.h and SDL2main.m your project for the
# OS X framework based version. (Other versions link to -lSDL2main which
# this module will try to find on your behalf.) Also for OS X, this
# module will automatically add the -framework Cocoa on your behalf.
#
#
# Additional Note: If you see an empty SDL2_CORE_LIBRARY in your configuration
# and no SDL2_LIBRARY, it means CMake did not find your SDL2 library
# (SDL2.dll, libsdl2.so, SDL2.framework, etc).
# Set SDL2_CORE_LIBRARY to point to your SDL2 library, and configure again.
# Similarly, if you see an empty SDL2MAIN_LIBRARY, you should set this value
# as appropriate. These values are used to generate the final SDL2_LIBRARY
# variable, but when these values are unset, SDL2_LIBRARY does not get created.
#
#
# $SDL2DIR is an environment variable that would
# correspond to the ./configure --prefix=$SDL2DIR
# used in building SDL2.
# l.e.galup  9-20-02
#
# Modified by Eric Wing.
# Added code to assist with automated building by using environmental variables
# and providing a more controlled/consistent search behavior.
# Added new modifications to recognize OS X frameworks and
# additional Unix paths (FreeBSD, etc).
# Also corrected the header search path to follow ""proper"" SDL2 guidelines.
# Added a search for SDL2main which is needed by some platforms.
# Added a search for threads which is needed by some platforms.
# Added needed compile switches for MinGW.
#
# On OSX, this will prefer the Framework version (if found) over others.
# People will have to manually change the cache values of
# SDL2_LIBRARY to override this selection or set the CMake environment
# CMAKE_INCLUDE_PATH to modify the search paths.
#
# Note that the header path has changed from SDL2/SDL.h to just SDL.h
# This needed to change because ""proper"" SDL2 convention
# is #include ""SDL.h"", not <SDL2/SDL.h>. This is done for portability
# reasons because not all systems place things in SDL2/ (see FreeBSD).
#
# Ported by Johnny Patterson. This is a literal port for SDL2 of the FindSDL.cmake
# module with the minor edit of changing ""SDL"" to ""SDL2"" where necessary. This
# was not created for redistribution, and exists temporarily pending official
# SDL2 CMake modules.",[],CMake,0,1,58
24887,kcat/openal-soft,https://github.com/kcat/openal-soft/blob/c52df6d78ab7131a543326cd2257f267036754e1/cmake/FindSDL2.cmake#L60,"#=============================================================================
# Copyright 2003-2009 Kitware, Inc.
#
# Distributed under the OSI-approved BSD License (the ""License"");
# see accompanying file Copyright.txt for details.
#
# This software is distributed WITHOUT ANY WARRANTY; without even the
# implied warranty of MERCHANTABILITY or FITNESS FOR A PARTICULAR PURPOSE.
# See the License for more information.
#=============================================================================
# (To distribute this file outside of CMake, substitute the full
#  License text for the above reference.)",[],CMake,0,60,71
24887,kcat/openal-soft,https://github.com/kcat/openal-soft/blob/c52df6d78ab7131a543326cd2257f267036754e1/cmake/FindSDL2.cmake#L83,# Fink,[],CMake,6,83,83
24887,kcat/openal-soft,https://github.com/kcat/openal-soft/blob/c52df6d78ab7131a543326cd2257f267036754e1/cmake/FindSDL2.cmake#L84,# DarwinPorts,[],CMake,13,84,84
24887,kcat/openal-soft,https://github.com/kcat/openal-soft/blob/c52df6d78ab7131a543326cd2257f267036754e1/cmake/FindSDL2.cmake#L85,# Blastwave,[],CMake,11,85,85
24887,kcat/openal-soft,https://github.com/kcat/openal-soft/blob/c52df6d78ab7131a543326cd2257f267036754e1/cmake/FindSDL2.cmake#L88,"#MESSAGE(""SDL2_INCLUDE_DIR is ${SDL2_INCLUDE_DIR}"")",[],CMake,0,88,88
24887,kcat/openal-soft,https://github.com/kcat/openal-soft/blob/c52df6d78ab7131a543326cd2257f267036754e1/cmake/FindSDL2.cmake#L101,"#MESSAGE(""SDL2_CORE_LIBRARY is ${SDL2_CORE_LIBRARY}"")",[],CMake,0,101,101
24887,kcat/openal-soft,https://github.com/kcat/openal-soft/blob/c52df6d78ab7131a543326cd2257f267036754e1/cmake/FindSDL2.cmake#L105,"# Non-OS X framework versions expect you to also dynamically link to
# SDL2main. This is mainly for Windows and OS X. Other (Unix) platforms
# seem to provide SDL2main for compatibility even though they don't
# necessarily need it.",[],CMake,4,105,108
24887,kcat/openal-soft,https://github.com/kcat/openal-soft/blob/c52df6d78ab7131a543326cd2257f267036754e1/cmake/FindSDL2.cmake#L123,"# SDL2 may require threads on your system.
# The Apple build may not need an explicit flag because one of the
# frameworks may already provide it.
# But for non-OSX systems, I will use the CMake Threads package.",[],CMake,0,123,126
24887,kcat/openal-soft,https://github.com/kcat/openal-soft/blob/c52df6d78ab7131a543326cd2257f267036754e1/cmake/FindSDL2.cmake#L131,"# MinGW needs an additional library, mwindows
# It's total link flags should look like -lmingw32 -lSDL2main -lSDL2 -lmwindows
# (Actually on second look, I think it only needs one of the m* libraries.)",[],CMake,0,131,133
24887,kcat/openal-soft,https://github.com/kcat/openal-soft/blob/c52df6d78ab7131a543326cd2257f267036754e1/cmake/FindSDL2.cmake#L142,# For SDL2main,[],CMake,2,142,142
24887,kcat/openal-soft,https://github.com/kcat/openal-soft/blob/c52df6d78ab7131a543326cd2257f267036754e1/cmake/FindSDL2.cmake#L149,"# For OS X, SDL2 uses Cocoa as a backend so it must link to Cocoa.
# CMake doesn't display the -framework Cocoa string in the UI even
# though it actually is there if I modify a pre-used variable.
# I think it has something to do with the CACHE STRING.
# So I use a temporary variable until the end so I can set the
# ""real"" variable in one-shot.",[],CMake,2,149,154
24887,kcat/openal-soft,https://github.com/kcat/openal-soft/blob/c52df6d78ab7131a543326cd2257f267036754e1/cmake/FindSDL2.cmake#L159,"# For threads, as mentioned Apple doesn't need this.
# In fact, there seems to be a problem if I used the Threads package
# and try using this line, so I'm just skipping it entirely for OS X.",[],CMake,2,159,161
24887,kcat/openal-soft,https://github.com/kcat/openal-soft/blob/c52df6d78ab7131a543326cd2257f267036754e1/cmake/FindSDL2.cmake#L166,# For MinGW library,[],CMake,2,166,166
24887,kcat/openal-soft,https://github.com/kcat/openal-soft/blob/c52df6d78ab7131a543326cd2257f267036754e1/cmake/FindSDL2.cmake#L175,# Set the final string here so the GUI reflects the final state.,[],CMake,2,175,175
24887,kcat/openal-soft,https://github.com/kcat/openal-soft/blob/c52df6d78ab7131a543326cd2257f267036754e1/cmake/FindSndFile.cmake#L1,"# - Try to find SndFile
# Once done this will define
#
#  SNDFILE_FOUND - system has SndFile
#  SndFile::SndFile - the SndFile target
#",[],CMake,0,1,6
24887,kcat/openal-soft,https://github.com/kcat/openal-soft/blob/c52df6d78ab7131a543326cd2257f267036754e1/cmake/FindSndFile.cmake#L12,"# handle the QUIETLY and REQUIRED arguments and set SNDFILE_FOUND to TRUE if
# all listed variables are TRUE",[],CMake,0,12,13
24887,kcat/openal-soft,https://github.com/kcat/openal-soft/blob/c52df6d78ab7131a543326cd2257f267036754e1/cmake/FindSndFile.cmake#L24,# show the SNDFILE_INCLUDE_DIR and SNDFILE_LIBRARY variables only in the advanced view,[],CMake,0,24,24
24887,kcat/openal-soft,https://github.com/kcat/openal-soft/blob/c52df6d78ab7131a543326cd2257f267036754e1/cmake/FindSoundIO.cmake#L1,"# - Find SoundIO (sndio) includes and libraries
#
#   SOUNDIO_FOUND        - True if SOUNDIO_INCLUDE_DIR & SOUNDIO_LIBRARY are
#                          found
#   SOUNDIO_LIBRARIES    - Set when SOUNDIO_LIBRARY is found
#   SOUNDIO_INCLUDE_DIRS - Set when SOUNDIO_INCLUDE_DIR is found
#
#   SOUNDIO_INCLUDE_DIR - where to find sndio.h, etc.
#   SOUNDIO_LIBRARY     - the sndio library
#",[],CMake,0,1,10
24887,kcat/openal-soft,https://github.com/kcat/openal-soft/blob/c52df6d78ab7131a543326cd2257f267036754e1/cmake/bin2h.script.cmake#L1,"# Read the input file into 'indata', converting each byte to a pair of hex
# characters",[],CMake,0,1,2
24887,kcat/openal-soft,https://github.com/kcat/openal-soft/blob/c52df6d78ab7131a543326cd2257f267036754e1/cmake/bin2h.script.cmake#L11,# Write the list of hex chars to the output file in a const byte array,[],CMake,0,11,11
