repoIndex,repoName,linkLocation,comment,keywords,buildSysteminFile,charPosition,startLine,endLine
25024,cvmfs/cvmfs,https://github.com/cvmfs/cvmfs/blob/9c3f650f427ea70b79f91c0b8104c077fe3caf50/CMakeLists.txt#L1,"#
# CMake build script to configure and build CernVM-FS and all it's
# external dependencies, if they are statically linked into the binaries
#
# See externals/CMake-Register_External_Lib.txt for details on external inclusion
#",[],CMake,0,1,6
25024,cvmfs/cvmfs,https://github.com/cvmfs/cvmfs/blob/9c3f650f427ea70b79f91c0b8104c077fe3caf50/CMakeLists.txt#L14,"#
# The version numbers
#
# DON'T DELETE
## CVMFS_VERSION 2.10.0
#---------------------",[],CMake,0,14,19
25024,cvmfs/cvmfs,https://github.com/cvmfs/cvmfs/blob/9c3f650f427ea70b79f91c0b8104c077fe3caf50/CMakeLists.txt#L25,"#
# set the path where cmake looks for additional modules
#",[],CMake,0,25,27
25024,cvmfs/cvmfs,https://github.com/cvmfs/cvmfs/blob/9c3f650f427ea70b79f91c0b8104c077fe3caf50/CMakeLists.txt#L30,"#
# detect the operating system and the distribution we are compiling on
#",[],CMake,0,30,32
25024,cvmfs/cvmfs,https://github.com/cvmfs/cvmfs/blob/9c3f650f427ea70b79f91c0b8104c077fe3caf50/CMakeLists.txt#L53,"#
# Set install prefix to /usr by default.
#",[],CMake,0,53,55
25024,cvmfs/cvmfs,https://github.com/cvmfs/cvmfs/blob/9c3f650f427ea70b79f91c0b8104c077fe3caf50/CMakeLists.txt#L61,"#
# Explicitly check that the install prefix is not /usr/local.
#",[],CMake,0,61,63
25024,cvmfs/cvmfs,https://github.com/cvmfs/cvmfs/blob/9c3f650f427ea70b79f91c0b8104c077fe3caf50/CMakeLists.txt#L70,"#
# check if we use Clang
#",[],CMake,0,70,72
25024,cvmfs/cvmfs,https://github.com/cvmfs/cvmfs/blob/9c3f650f427ea70b79f91c0b8104c077fe3caf50/CMakeLists.txt#L79,"#
# figure out if we are on a 64bit system
#",[],CMake,0,79,81
25024,cvmfs/cvmfs,https://github.com/cvmfs/cvmfs/blob/9c3f650f427ea70b79f91c0b8104c077fe3caf50/CMakeLists.txt#L88,"#
# check if we are compiling on ARM
#",[],CMake,0,88,90
25024,cvmfs/cvmfs,https://github.com/cvmfs/cvmfs/blob/9c3f650f427ea70b79f91c0b8104c077fe3caf50/CMakeLists.txt#L97,"#
# define the installation location of the shared library files
# Note: We do not support multi-arch on Debian systems for the time being and
#       hence cannot use GNUInstallDirs as this would assume multi-arch.
#       (https://wiki.debian.org/Multiarch)
#",[],CMake,0,97,102
25024,cvmfs/cvmfs,https://github.com/cvmfs/cvmfs/blob/9c3f650f427ea70b79f91c0b8104c077fe3caf50/CMakeLists.txt#L108,# --> Linux,[],CMake,14,108,108
25024,cvmfs/cvmfs,https://github.com/cvmfs/cvmfs/blob/9c3f650f427ea70b79f91c0b8104c077fe3caf50/CMakeLists.txt#L118,"# --> RedHat, Fedora, CentOS, SuSE",[],CMake,29,118,118
25024,cvmfs/cvmfs,https://github.com/cvmfs/cvmfs/blob/9c3f650f427ea70b79f91c0b8104c077fe3caf50/CMakeLists.txt#L123,# --> 32 Bit,[],CMake,21,123,123
25024,cvmfs/cvmfs,https://github.com/cvmfs/cvmfs/blob/9c3f650f427ea70b79f91c0b8104c077fe3caf50/CMakeLists.txt#L130,"#
# set the system configuration directory depending on CMAKE_INSTALL_PREFIX
# Note: Found here http://osdir.com/ml/kde-commits/2011-05/msg01375.html
#",[],CMake,0,130,133
25024,cvmfs/cvmfs,https://github.com/cvmfs/cvmfs/blob/9c3f650f427ea70b79f91c0b8104c077fe3caf50/CMakeLists.txt#L136,# conform to LFSH,[],CMake,37,136,136
25024,cvmfs/cvmfs,https://github.com/cvmfs/cvmfs/blob/9c3f650f427ea70b79f91c0b8104c077fe3caf50/CMakeLists.txt#L144,"#
# include file with user-defined options
#",[],CMake,0,144,146
25024,cvmfs/cvmfs,https://github.com/cvmfs/cvmfs/blob/9c3f650f427ea70b79f91c0b8104c077fe3caf50/CMakeLists.txt#L149,"#
# set some default flags
#
# flags in CMAKE_C**_FLAGS are always passed to the compiler
#",[],CMake,0,149,153
25024,cvmfs/cvmfs,https://github.com/cvmfs/cvmfs/blob/9c3f650f427ea70b79f91c0b8104c077fe3caf50/CMakeLists.txt#L156,"#
# define where to find the external dependencies
#",[],CMake,0,156,158
25024,cvmfs/cvmfs,https://github.com/cvmfs/cvmfs/blob/9c3f650f427ea70b79f91c0b8104c077fe3caf50/CMakeLists.txt#L166,"#
# run the bootstrap shellscript (not needed in the distributed version of the source)
#",[],CMake,0,166,168
25024,cvmfs/cvmfs,https://github.com/cvmfs/cvmfs/blob/9c3f650f427ea70b79f91c0b8104c077fe3caf50/CMakeLists.txt#L171,# Set some environment variables for the bootstrap script,[],CMake,4,171,171
25024,cvmfs/cvmfs,https://github.com/cvmfs/cvmfs/blob/9c3f650f427ea70b79f91c0b8104c077fe3caf50/CMakeLists.txt#L211,# Unset environment variables after the bootstrap script was executed,[],CMake,4,211,211
25024,cvmfs/cvmfs,https://github.com/cvmfs/cvmfs/blob/9c3f650f427ea70b79f91c0b8104c077fe3caf50/CMakeLists.txt#L226,"# In the case of built-in external libraries, we need to set CMAKE_PREFIX_PATH to
# point to the prefix where the libraries are installed. This path will take precedence
# over the system prefix when find_package(****) is called later",[],CMake,2,226,228
25024,cvmfs/cvmfs,https://github.com/cvmfs/cvmfs/blob/9c3f650f427ea70b79f91c0b8104c077fe3caf50/CMakeLists.txt#L234,"#
# include some common functionality
#",[],CMake,0,234,236
25024,cvmfs/cvmfs,https://github.com/cvmfs/cvmfs/blob/9c3f650f427ea70b79f91c0b8104c077fe3caf50/CMakeLists.txt#L242,"#
# check existence of include files
#",[],CMake,0,242,244
25024,cvmfs/cvmfs,https://github.com/cvmfs/cvmfs/blob/9c3f650f427ea70b79f91c0b8104c077fe3caf50/CMakeLists.txt#L288,"# As of attr-2.4.48, the attr/xattr.h header disappeard in favor of sys/xattr.h
#
# Unfortunately, attr/xattr.h fails to compile without including sys/types.h
# before including attr/xattr.h (it uses size_t and ssize_t).
# CMake searches for include files by compiling a minimal *.c file like:
#    #include <${SEARCHED_HEADER_FILE}>
#    int main(int argc, char **argv) { return 0; }
#
# We pre-define the include guard of attr/xattr.h and thus still check, if the
# file is found by the compiler but mitigating the compiler errors caused by
# a standalone inclusion of attr/xattr.h",[],CMake,2,288,298
25024,cvmfs/cvmfs,https://github.com/cvmfs/cvmfs/blob/9c3f650f427ea70b79f91c0b8104c077fe3caf50/CMakeLists.txt#L307,"#
# configure the config.h.in file
#",[],CMake,0,307,309
25024,cvmfs/cvmfs,https://github.com/cvmfs/cvmfs/blob/9c3f650f427ea70b79f91c0b8104c077fe3caf50/CMakeLists.txt#L317,"#
# set properties for configurable libraries
#",[],CMake,0,317,319
25024,cvmfs/cvmfs,https://github.com/cvmfs/cvmfs/blob/9c3f650f427ea70b79f91c0b8104c077fe3caf50/CMakeLists.txt#L335,# Required libraries depending on build target,[],CMake,0,335,335
25024,cvmfs/cvmfs,https://github.com/cvmfs/cvmfs/blob/9c3f650f427ea70b79f91c0b8104c077fe3caf50/CMakeLists.txt#L341,"# We do not add the Libcrypto include directories to INCLUDE_DIRECTORIES
# to avoid a clash with the system openssl. We only use it for libcvmfs_crypto",[],CMake,0,341,342
25024,cvmfs/cvmfs,https://github.com/cvmfs/cvmfs/blob/9c3f650f427ea70b79f91c0b8104c077fe3caf50/CMakeLists.txt#L357,# Almost all build targets require zlib and sha3,[],CMake,0,357,357
25024,cvmfs/cvmfs,https://github.com/cvmfs/cvmfs/blob/9c3f650f427ea70b79f91c0b8104c077fe3caf50/CMakeLists.txt#L369,"# Most build target require also curl/c-ares, sqlite, uuid, leveldb",[],CMake,0,369,369
25024,cvmfs/cvmfs,https://github.com/cvmfs/cvmfs/blob/9c3f650f427ea70b79f91c0b8104c077fe3caf50/CMakeLists.txt#L404,"# Client/libcvmfs/preloader only: pacparser, sparsehash",[],CMake,0,404,404
25024,cvmfs/cvmfs,https://github.com/cvmfs/cvmfs/blob/9c3f650f427ea70b79f91c0b8104c077fe3caf50/CMakeLists.txt#L421,# Fuse client only,[],CMake,0,421,421
25024,cvmfs/cvmfs,https://github.com/cvmfs/cvmfs/blob/9c3f650f427ea70b79f91c0b8104c077fe3caf50/CMakeLists.txt#L426,# just abstract the difference here... they are compatible,[],CMake,46,426,426
25024,cvmfs/cvmfs,https://github.com/cvmfs/cvmfs/blob/9c3f650f427ea70b79f91c0b8104c077fe3caf50/CMakeLists.txt#L438,"# Server only: unzip, libcap",[],CMake,0,438,438
25024,cvmfs/cvmfs,https://github.com/cvmfs/cvmfs/blob/9c3f650f427ea70b79f91c0b8104c077fe3caf50/CMakeLists.txt#L449,# Only micro benchmarks need google bench,[],CMake,0,449,449
25024,cvmfs/cvmfs,https://github.com/cvmfs/cvmfs/blob/9c3f650f427ea70b79f91c0b8104c077fe3caf50/CMakeLists.txt#L457,"#
# go for the actual compilation
#",[],CMake,0,457,459
25024,cvmfs/cvmfs,https://github.com/cvmfs/cvmfs/blob/9c3f650f427ea70b79f91c0b8104c077fe3caf50/CMakeLists.txt#L466,"#
# compile the unit tests, if necessary
#",[],CMake,0,466,468
25024,cvmfs/cvmfs,https://github.com/cvmfs/cvmfs/blob/9c3f650f427ea70b79f91c0b8104c077fe3caf50/CMakeLists.txt#L510,"#
# Documentation
#",[],CMake,0,510,512
25024,cvmfs/cvmfs,https://github.com/cvmfs/cvmfs/blob/9c3f650f427ea70b79f91c0b8104c077fe3caf50/CMakeLists.txt#L519,"#
# Generate the documentation using doxygen
#",[],CMake,0,519,521
25024,cvmfs/cvmfs,https://github.com/cvmfs/cvmfs/blob/9c3f650f427ea70b79f91c0b8104c077fe3caf50/cvmfs/CMakeLists.txt#L1,"#
# This file is part of the CernVM File System
#",[],CMake,0,1,3
25024,cvmfs/cvmfs,https://github.com/cvmfs/cvmfs/blob/9c3f650f427ea70b79f91c0b8104c077fe3caf50/cvmfs/CMakeLists.txt#L6,"#
# Common libraries
#",[],CMake,0,6,8
25024,cvmfs/cvmfs,https://github.com/cvmfs/cvmfs/blob/9c3f650f427ea70b79f91c0b8104c077fe3caf50/cvmfs/CMakeLists.txt#L16,"#
# Protobuf generated sources
#
# First .h then .cc is important to avoid races during the build process",[],CMake,2,16,19
25024,cvmfs/cvmfs,https://github.com/cvmfs/cvmfs/blob/9c3f650f427ea70b79f91c0b8104c077fe3caf50/cvmfs/CMakeLists.txt#L32,# Protobuf generated sources,[],CMake,10,32,32
25024,cvmfs/cvmfs,https://github.com/cvmfs/cvmfs/blob/9c3f650f427ea70b79f91c0b8104c077fe3caf50/cvmfs/CMakeLists.txt#L38,"#
# /usr/lib/libcvmfs_fuse[3] and /usr/lib/libcvmfs.a
#",[],CMake,2,38,40
25024,cvmfs/cvmfs,https://github.com/cvmfs/cvmfs/blob/9c3f650f427ea70b79f91c0b8104c077fe3caf50/cvmfs/CMakeLists.txt#L104,# CVMFS_COMMON_CLIENT_SOURCES,[],CMake,4,104,104
25024,cvmfs/cvmfs,https://github.com/cvmfs/cvmfs/blob/9c3f650f427ea70b79f91c0b8104c077fe3caf50/cvmfs/CMakeLists.txt#L120,"#
# Trivial authz helper
#",[],CMake,2,120,122
25024,cvmfs/cvmfs,https://github.com/cvmfs/cvmfs/blob/9c3f650f427ea70b79f91c0b8104c077fe3caf50/cvmfs/CMakeLists.txt#L137,"#
# /usr/bin/cvmfs_fsck
#",[],CMake,2,137,139
25024,cvmfs/cvmfs,https://github.com/cvmfs/cvmfs/blob/9c3f650f427ea70b79f91c0b8104c077fe3caf50/cvmfs/CMakeLists.txt#L158,"#
# /usr/bin/cvmfs_talk`
#",[],CMake,2,158,160
25024,cvmfs/cvmfs,https://github.com/cvmfs/cvmfs/blob/9c3f650f427ea70b79f91c0b8104c077fe3caf50/cvmfs/CMakeLists.txt#L172,"#
# /usr/bin/cvmfs2
#",[],CMake,2,172,174
25024,cvmfs/cvmfs,https://github.com/cvmfs/cvmfs/blob/9c3f650f427ea70b79f91c0b8104c077fe3caf50/cvmfs/CMakeLists.txt#L188,"#
# /usr/lib/libcvmfs_fuse_stub[3]
#",[],CMake,2,188,190
25024,cvmfs/cvmfs,https://github.com/cvmfs/cvmfs/blob/9c3f650f427ea70b79f91c0b8104c077fe3caf50/cvmfs/CMakeLists.txt#L236,"#
# /usr/lib/libcvmfs_fuse[3]_debug
#",[],CMake,2,236,238
25024,cvmfs/cvmfs,https://github.com/cvmfs/cvmfs/blob/9c3f650f427ea70b79f91c0b8104c077fe3caf50/cvmfs/CMakeLists.txt#L325,"#
# Installation: BUILD_CVMFS
#",[],CMake,2,325,327
25024,cvmfs/cvmfs,https://github.com/cvmfs/cvmfs/blob/9c3f650f427ea70b79f91c0b8104c077fe3caf50/cvmfs/CMakeLists.txt#L392,"# Note: it would be a good idea to try to unify the next block for macOS and
#       Linux. It may be possible to use libtool on both platforms, including
#       the ability to hide private symbols in the library - which is
#       currently done by the `combine_libs` script, on Linux only.",[],CMake,2,392,395
25024,cvmfs/cvmfs,https://github.com/cvmfs/cvmfs/blob/9c3f650f427ea70b79f91c0b8104c077fe3caf50/cvmfs/CMakeLists.txt#L413,# dummy target to cause merged libcvmfs to be produced,[],CMake,2,413,413
25024,cvmfs/cvmfs,https://github.com/cvmfs/cvmfs/blob/9c3f650f427ea70b79f91c0b8104c077fe3caf50/cvmfs/CMakeLists.txt#L448,"#
# /usr/lib/libcvmfs_cache.a
#",[],CMake,2,448,450
25024,cvmfs/cvmfs,https://github.com/cvmfs/cvmfs/blob/9c3f650f427ea70b79f91c0b8104c077fe3caf50/cvmfs/CMakeLists.txt#L480,# See libcvmfs.a for details,[],CMake,2,480,480
25024,cvmfs/cvmfs,https://github.com/cvmfs/cvmfs/blob/9c3f650f427ea70b79f91c0b8104c077fe3caf50/cvmfs/CMakeLists.txt#L500,# dummy target to cause merged libcvmfs_cache to be produced,[],CMake,2,500,500
25024,cvmfs/cvmfs,https://github.com/cvmfs/cvmfs/blob/9c3f650f427ea70b79f91c0b8104c077fe3caf50/cvmfs/CMakeLists.txt#L505,"#
# Cache plugins
#",[],CMake,2,505,507
25024,cvmfs/cvmfs,https://github.com/cvmfs/cvmfs/blob/9c3f650f427ea70b79f91c0b8104c077fe3caf50/cvmfs/CMakeLists.txt#L586,"#
# /usr/bin/cvmfs_suid_helper
#",[],CMake,2,586,588
25024,cvmfs/cvmfs,https://github.com/cvmfs/cvmfs/blob/9c3f650f427ea70b79f91c0b8104c077fe3caf50/cvmfs/CMakeLists.txt#L596,"#
#
# Generate the ""cvmfs_server"" script using ""make_cvmfs_server.sh""
#",[],CMake,2,596,599
25024,cvmfs/cvmfs,https://github.com/cvmfs/cvmfs/blob/9c3f650f427ea70b79f91c0b8104c077fe3caf50/cvmfs/CMakeLists.txt#L608,"#
# /usr/bin/cvmfs_swissknife[_debug]
#",[],CMake,2,608,610
25024,cvmfs/cvmfs,https://github.com/cvmfs/cvmfs/blob/9c3f650f427ea70b79f91c0b8104c077fe3caf50/cvmfs/CMakeLists.txt#L715,# CVMFS_SWISSKNIFE_SOURCES,[],CMake,5,715,715
25024,cvmfs/cvmfs,https://github.com/cvmfs/cvmfs/blob/9c3f650f427ea70b79f91c0b8104c077fe3caf50/cvmfs/CMakeLists.txt#L749,"#
# /usr/lib64/libcvmfs_server[_debug].so
#",[],CMake,2,749,751
25024,cvmfs/cvmfs,https://github.com/cvmfs/cvmfs/blob/9c3f650f427ea70b79f91c0b8104c077fe3caf50/cvmfs/CMakeLists.txt#L893,# CVMFS_PUBLISH_SOURCES,[],CMake,5,893,893
25024,cvmfs/cvmfs,https://github.com/cvmfs/cvmfs/blob/9c3f650f427ea70b79f91c0b8104c077fe3caf50/cvmfs/CMakeLists.txt#L916,"#
# BUILD_SERVER: install
#",[],CMake,2,916,918
25024,cvmfs/cvmfs,https://github.com/cvmfs/cvmfs/blob/9c3f650f427ea70b79f91c0b8104c077fe3caf50/cvmfs/CMakeLists.txt#L1100,# CVMFS_RECEIVER_SOURCES,[],CMake,5,1100,1100
25024,cvmfs/cvmfs,https://github.com/cvmfs/cvmfs/blob/9c3f650f427ea70b79f91c0b8104c077fe3caf50/cvmfs/CMakeLists.txt#L1276,# preloader sources,[],CMake,5,1276,1276
25024,cvmfs/cvmfs,https://github.com/cvmfs/cvmfs/blob/9c3f650f427ea70b79f91c0b8104c077fe3caf50/cvmfs/CMakeLists.txt#L1292,"#
# Generate a bash self-extracting script for the cvmfs_preload target
#",[],CMake,2,1292,1294
25024,cvmfs/cvmfs,https://github.com/cvmfs/cvmfs/blob/9c3f650f427ea70b79f91c0b8104c077fe3caf50/cvmfs/crypto/CMakeLists.txt#L44,# debug binaries,[],CMake,9,44,44
25024,cvmfs/cvmfs,https://github.com/cvmfs/cvmfs/blob/9c3f650f427ea70b79f91c0b8104c077fe3caf50/cvmfs/crypto/CMakeLists.txt#L47,# components that need libcvmfs-crypto,[],CMake,9,47,47
25024,cvmfs/cvmfs,https://github.com/cvmfs/cvmfs/blob/9c3f650f427ea70b79f91c0b8104c077fe3caf50/cvmfs/util/CMakeLists.txt#L45,# debug binaries,[],CMake,9,45,45
25024,cvmfs/cvmfs,https://github.com/cvmfs/cvmfs/blob/9c3f650f427ea70b79f91c0b8104c077fe3caf50/cvmfs/util/CMakeLists.txt#L48,# components that need libcvmfs-util,[],CMake,9,48,48
25024,cvmfs/cvmfs,https://github.com/cvmfs/cvmfs/blob/9c3f650f427ea70b79f91c0b8104c077fe3caf50/ducc/CMakeLists.txt#L22,"# we first generate the services file, replacing the installation directory in the template file",[],CMake,0,22,22
25024,cvmfs/cvmfs,https://github.com/cvmfs/cvmfs/blob/9c3f650f427ea70b79f91c0b8104c077fe3caf50/ducc/CMakeLists.txt#L29,# and then we install the generated file,[],CMake,0,29,29
25024,cvmfs/cvmfs,https://github.com/cvmfs/cvmfs/blob/9c3f650f427ea70b79f91c0b8104c077fe3caf50/gateway/CMakeLists.txt#L27,# Systemd service unit,[],CMake,0,27,27
25024,cvmfs/cvmfs,https://github.com/cvmfs/cvmfs/blob/9c3f650f427ea70b79f91c0b8104c077fe3caf50/mount/CMakeLists.txt#L152,# Symlink /etc/(autofs)/auto.cvmfs --> /usr/lib(exec)/cvmfs/auto.cvmfs,[],CMake,2,152,152
25024,cvmfs/cvmfs,https://github.com/cvmfs/cvmfs/blob/9c3f650f427ea70b79f91c0b8104c077fe3caf50/test/micro-benchmarks/CMakeLists.txt#L2,"#
# global micro benchmark configuration
#",[],CMake,0,2,4
25024,cvmfs/cvmfs,https://github.com/cvmfs/cvmfs/blob/9c3f650f427ea70b79f91c0b8104c077fe3caf50/test/micro-benchmarks/CMakeLists.txt#L7,"#
# micro benchmarks files
#",[],CMake,0,7,9
25024,cvmfs/cvmfs,https://github.com/cvmfs/cvmfs/blob/9c3f650f427ea70b79f91c0b8104c077fe3caf50/test/micro-benchmarks/CMakeLists.txt#L22,"#
# unit test source files
#",[],CMake,0,22,24
25024,cvmfs/cvmfs,https://github.com/cvmfs/cvmfs/blob/9c3f650f427ea70b79f91c0b8104c077fe3caf50/test/micro-benchmarks/CMakeLists.txt#L30,# dependencies,[],CMake,2,30,30
25024,cvmfs/cvmfs,https://github.com/cvmfs/cvmfs/blob/9c3f650f427ea70b79f91c0b8104c077fe3caf50/test/micro-benchmarks/CMakeLists.txt#L43,# First .h then .cc is important to avoid races during the build process,[],CMake,0,43,43
25024,cvmfs/cvmfs,https://github.com/cvmfs/cvmfs/blob/9c3f650f427ea70b79f91c0b8104c077fe3caf50/test/micro-benchmarks/CMakeLists.txt#L59,"#
# Compiler and Linker Flags for micro benchmarks
#",[],CMake,0,59,61
25024,cvmfs/cvmfs,https://github.com/cvmfs/cvmfs/blob/9c3f650f427ea70b79f91c0b8104c077fe3caf50/test/micro-benchmarks/CMakeLists.txt#L65,"#
# build CernVM-FS micro benchmarks
#",[],CMake,0,65,67
25024,cvmfs/cvmfs,https://github.com/cvmfs/cvmfs/blob/9c3f650f427ea70b79f91c0b8104c077fe3caf50/test/micro-benchmarks/CMakeLists.txt#L77,"#
# set build flags
#",[],CMake,0,77,79
25024,cvmfs/cvmfs,https://github.com/cvmfs/cvmfs/blob/9c3f650f427ea70b79f91c0b8104c077fe3caf50/test/micro-benchmarks/CMakeLists.txt#L84,"#
# link the stuff (*_LIBRARIES are dynamic link libraries)
#",[],CMake,0,84,86
25024,cvmfs/cvmfs,https://github.com/cvmfs/cvmfs/blob/9c3f650f427ea70b79f91c0b8104c077fe3caf50/test/quickcheck/CMakeLists.txt#L2,"#
# global micro quickcheck configuration
#",[],CMake,0,2,4
25024,cvmfs/cvmfs,https://github.com/cvmfs/cvmfs/blob/9c3f650f427ea70b79f91c0b8104c077fe3caf50/test/quickcheck/CMakeLists.txt#L7,# Add the test/common directory to the include path,[],CMake,0,7,7
25024,cvmfs/cvmfs,https://github.com/cvmfs/cvmfs/blob/9c3f650f427ea70b79f91c0b8104c077fe3caf50/test/quickcheck/CMakeLists.txt#L10,"#
# micro quickcheck files
#",[],CMake,0,10,12
25024,cvmfs/cvmfs,https://github.com/cvmfs/cvmfs/blob/9c3f650f427ea70b79f91c0b8104c077fe3caf50/test/quickcheck/CMakeLists.txt#L24,"#
# unit test source files
#",[],CMake,0,24,26
25024,cvmfs/cvmfs,https://github.com/cvmfs/cvmfs/blob/9c3f650f427ea70b79f91c0b8104c077fe3caf50/test/quickcheck/CMakeLists.txt#L32,# dependencies,[],CMake,2,32,32
25024,cvmfs/cvmfs,https://github.com/cvmfs/cvmfs/blob/9c3f650f427ea70b79f91c0b8104c077fe3caf50/test/quickcheck/CMakeLists.txt#L100,# First .h then .cc is important to avoid races during the build process,[],CMake,0,100,100
25024,cvmfs/cvmfs,https://github.com/cvmfs/cvmfs/blob/9c3f650f427ea70b79f91c0b8104c077fe3caf50/test/quickcheck/CMakeLists.txt#L116,"#
# Compiler and Linker Flags for quickcheck tests
#",[],CMake,0,116,118
25024,cvmfs/cvmfs,https://github.com/cvmfs/cvmfs/blob/9c3f650f427ea70b79f91c0b8104c077fe3caf50/test/quickcheck/CMakeLists.txt#L122,"#
# build CernVM-FS quickcheck tests
#",[],CMake,0,122,124
25024,cvmfs/cvmfs,https://github.com/cvmfs/cvmfs/blob/9c3f650f427ea70b79f91c0b8104c077fe3caf50/test/quickcheck/CMakeLists.txt#L130,"#
# set build flags
#",[],CMake,0,130,132
25024,cvmfs/cvmfs,https://github.com/cvmfs/cvmfs/blob/9c3f650f427ea70b79f91c0b8104c077fe3caf50/test/quickcheck/CMakeLists.txt#L137,"#
# link the stuff (*_LIBRARIES are dynamic link libraries)
#",[],CMake,0,137,139
25024,cvmfs/cvmfs,https://github.com/cvmfs/cvmfs/blob/9c3f650f427ea70b79f91c0b8104c077fe3caf50/test/unittests/CMakeLists.txt#L10,"#
# Protobuf generated sources
#",[],CMake,0,10,12
25024,cvmfs/cvmfs,https://github.com/cvmfs/cvmfs/blob/9c3f650f427ea70b79f91c0b8104c077fe3caf50/test/unittests/CMakeLists.txt#L25,"#
# cvmfs_test_cache
#",[],CMake,0,25,27
25024,cvmfs/cvmfs,https://github.com/cvmfs/cvmfs/blob/9c3f650f427ea70b79f91c0b8104c077fe3caf50/test/unittests/CMakeLists.txt#L73,"#
# cvmfs_test_shrinkwrap
#",[],CMake,0,73,75
25024,cvmfs/cvmfs,https://github.com/cvmfs/cvmfs/blob/9c3f650f427ea70b79f91c0b8104c077fe3caf50/test/unittests/CMakeLists.txt#L215,"#
# cvmfs_test_publish
#",[],CMake,0,215,217
25024,cvmfs/cvmfs,https://github.com/cvmfs/cvmfs/blob/9c3f650f427ea70b79f91c0b8104c077fe3caf50/test/unittests/CMakeLists.txt#L353,"#
# unit test files
#",[],CMake,0,353,355
25024,cvmfs/cvmfs,https://github.com/cvmfs/cvmfs/blob/9c3f650f427ea70b79f91c0b8104c077fe3caf50/test/unittests/CMakeLists.txt#L357,# test steering,[],CMake,2,357,357
25024,cvmfs/cvmfs,https://github.com/cvmfs/cvmfs/blob/9c3f650f427ea70b79f91c0b8104c077fe3caf50/test/unittests/CMakeLists.txt#L360,# test utility functions,[],CMake,2,360,360
25024,cvmfs/cvmfs,https://github.com/cvmfs/cvmfs/blob/9c3f650f427ea70b79f91c0b8104c077fe3caf50/test/unittests/CMakeLists.txt#L608,# The FileWatcher unit test only makes sense on macOS or on Linux versions which support inotify (inotify),[],CMake,0,608,608
25024,cvmfs/cvmfs,https://github.com/cvmfs/cvmfs/blob/9c3f650f427ea70b79f91c0b8104c077fe3caf50/test/unittests/CMakeLists.txt#L673,"#
# For `make check`
#",[],CMake,0,673,675
25024,cvmfs/cvmfs,https://github.com/cvmfs/cvmfs/blob/9c3f650f427ea70b79f91c0b8104c077fe3caf50/cmake/Modules/FindCARES.cmake#L1,"# - Find cares
# Find the native CARES includes and library
#
#  CARES_INCLUDE_DIRS - where to find cares.h, etc.
#  CARES_LIBRARIES    - List of libraries when using cares.
#  CARES_LDFLAGS      - List of library dependencies (libresolv on macOS)
#  CARES_FOUND        - True if cares found.",[],CMake,0,1,7
25024,cvmfs/cvmfs,https://github.com/cvmfs/cvmfs/blob/9c3f650f427ea70b79f91c0b8104c077fe3caf50/cmake/Modules/FindCARES.cmake#L11,"# Already in cache, be silent",[],CMake,2,11,11
25024,cvmfs/cvmfs,https://github.com/cvmfs/cvmfs/blob/9c3f650f427ea70b79f91c0b8104c077fe3caf50/cmake/Modules/FindCARES.cmake#L20,"# handle the QUIETLY and REQUIRED arguments and set CARES_FOUND to TRUE if
# all listed variables are TRUE",[],CMake,0,20,21
25024,cvmfs/cvmfs,https://github.com/cvmfs/cvmfs/blob/9c3f650f427ea70b79f91c0b8104c077fe3caf50/cmake/Modules/FindFUSE.cmake#L1,"# Find the FUSE includes and library
#
#  FUSE_INCLUDE_DIR - where to find fuse.h, etc.
#  FUSE_LIBRARIES   - List of libraries when using FUSE.
#  FUSE_FOUND       - True if FUSE lib is found.",[],CMake,0,1,5
25024,cvmfs/cvmfs,https://github.com/cvmfs/cvmfs/blob/9c3f650f427ea70b79f91c0b8104c077fe3caf50/cmake/Modules/FindFUSE.cmake#L7,"# check if already in cache, be silent",[],CMake,0,7,7
25024,cvmfs/cvmfs,https://github.com/cvmfs/cvmfs/blob/9c3f650f427ea70b79f91c0b8104c077fe3caf50/cmake/Modules/FindFUSE.cmake#L12,# find includes,[],CMake,0,12,12
25024,cvmfs/cvmfs,https://github.com/cvmfs/cvmfs/blob/9c3f650f427ea70b79f91c0b8104c077fe3caf50/cmake/Modules/FindFUSE.cmake#L18,# find lib,[],CMake,0,18,18
25024,cvmfs/cvmfs,https://github.com/cvmfs/cvmfs/blob/9c3f650f427ea70b79f91c0b8104c077fe3caf50/cmake/Modules/FindFUSE.cmake#L25,# check if lib was found and include is present,[],CMake,0,25,25
25024,cvmfs/cvmfs,https://github.com/cvmfs/cvmfs/blob/9c3f650f427ea70b79f91c0b8104c077fe3caf50/cmake/Modules/FindFUSE.cmake#L34,# let world know the results,[],CMake,0,34,34
25024,cvmfs/cvmfs,https://github.com/cvmfs/cvmfs/blob/9c3f650f427ea70b79f91c0b8104c077fe3caf50/cmake/Modules/FindFUSE3.cmake#L1,"# Find the FUSE3 includes and library
#
#  FUSE3_INCLUDE_DIR - where to find fuse.h, etc.
#  FUSE3_LIBRARIES   - List of libraries when using FUSE.
#  FUSE3_FOUND       - True if FUSE3 lib is found.",[],CMake,0,1,5
25024,cvmfs/cvmfs,https://github.com/cvmfs/cvmfs/blob/9c3f650f427ea70b79f91c0b8104c077fe3caf50/cmake/Modules/FindFUSE3.cmake#L7,"# check if already in cache, be silent",[],CMake,0,7,7
25024,cvmfs/cvmfs,https://github.com/cvmfs/cvmfs/blob/9c3f650f427ea70b79f91c0b8104c077fe3caf50/cmake/Modules/FindFUSE3.cmake#L12,# find includes,[],CMake,0,12,12
25024,cvmfs/cvmfs,https://github.com/cvmfs/cvmfs/blob/9c3f650f427ea70b79f91c0b8104c077fe3caf50/cmake/Modules/FindFUSE3.cmake#L18,# find lib,[],CMake,0,18,18
25024,cvmfs/cvmfs,https://github.com/cvmfs/cvmfs/blob/9c3f650f427ea70b79f91c0b8104c077fe3caf50/cmake/Modules/FindFUSE3.cmake#L25,# check if lib was found and include is present,[],CMake,0,25,25
25024,cvmfs/cvmfs,https://github.com/cvmfs/cvmfs/blob/9c3f650f427ea70b79f91c0b8104c077fe3caf50/cmake/Modules/FindFUSE3.cmake#L34,# let world know the results,[],CMake,0,34,34
25024,cvmfs/cvmfs,https://github.com/cvmfs/cvmfs/blob/9c3f650f427ea70b79f91c0b8104c077fe3caf50/cmake/Modules/FindFUSE3.cmake#L40,# Check the cache_readdir field in fuse_file_info (libfuse >= 3.5),[],CMake,8,40,40
25024,cvmfs/cvmfs,https://github.com/cvmfs/cvmfs/blob/9c3f650f427ea70b79f91c0b8104c077fe3caf50/cmake/Modules/FindGMock.cmake#L1,"# Locate the Google C++ Mocking Framework.
# (This file is almost an identical copy of the original FindGTest.cmake file,
#  feel free to use it as it is or modify it for your own needs.)
#
#
# Defines the following variables:
#
#   GMOCK_FOUND - Found the Google Testing framework
#   GMOCK_INCLUDE_DIRS - Include directories
#
# Also defines the library variables below as normal
# variables. These contain debug/optimized keywords when
# a debugging library is found.
#
#   GMOCK_BOTH_LIBRARIES - Both libgmock & libgmock-main
#   GMOCK_LIBRARIES - libgmock
#   GMOCK_MAIN_LIBRARIES - libgmock-main
#
# Accepts the following variables as input:
#
#   GMOCK_ROOT - (as a CMake or environment variable)
#                The root directory of the gmock install prefix
#
#   GMOCK_MSVC_SEARCH - If compiling with MSVC, this variable can be set to
#                       ""MD"" or ""MT"" to enable searching a gmock build tree
#                       (defaults: ""MD"")
#
#-----------------------
# Example Usage:
#
#    find_package(GMock REQUIRED)
#    include_directories(${GMOCK_INCLUDE_DIRS})
#
#    add_executable(foo foo.cc)
#    target_link_libraries(foo ${GMOCK_BOTH_LIBRARIES})
#
#=============================================================================
# This file is released under the MIT licence:
#
# Copyright (c) 2011 Matej Svec
#
# Permission is hereby granted, free of charge, to any person obtaining a copy
# of this software and associated documentation files (the ""Software""), to
# deal in the Software without restriction, including without limitation the
# rights to use, copy, modify, merge, publish, distribute, sublicense, and/or
# sell copies of the Software, and to permit persons to whom the Software is
# furnished to do so, subject to the following conditions:
#
# The above copyright notice and this permission notice shall be included in
# all copies or substantial portions of the Software.
#
# THE SOFTWARE IS PROVIDED ""AS IS"", WITHOUT WARRANTY OF ANY KIND, EXPRESS OR
# IMPLIED, INCLUDING BUT NOT LIMITED TO THE WARRANTIES OF MERCHANTABILITY,
# FITNESS FOR A PARTICULAR PURPOSE AND NONINFRINGEMENT. IN NO EVENT SHALL THE
# AUTHORS OR COPYRIGHT HOLDERS BE LIABLE FOR ANY CLAIM, DAMAGES OR OTHER
# LIABILITY, WHETHER IN AN ACTION OF CONTRACT, TORT OR OTHERWISE, ARISING
# FROM, OUT OF OR IN CONNECTION WITH THE SOFTWARE OR THE USE OR OTHER DEALINGS
# IN THE SOFTWARE.
#=============================================================================",[],CMake,0,1,59
25024,cvmfs/cvmfs,https://github.com/cvmfs/cvmfs/blob/9c3f650f427ea70b79f91c0b8104c077fe3caf50/cmake/Modules/FindGMock.cmake#L108,"# The provided /MD project files for Google Mock add -md suffixes to the
# library names.",[],CMake,2,108,109
25024,cvmfs/cvmfs,https://github.com/cvmfs/cvmfs/blob/9c3f650f427ea70b79f91c0b8104c077fe3caf50/cmake/Modules/FindGOOGLEBENCH.cmake#L1,"# - Try to find GOOGLEBENCH
#
# Once done this will define
#
#  GOOGLEBENCH_FOUND - system has GOOGLEBENCH
#  GOOGLEBENCH_INCLUDE_DIRS - the GOOGLEBENCH include directory
#  GOOGLEBENCH_LIBRARIES - Link these to use GOOGLEBENCH
#",[],CMake,0,1,8
25024,cvmfs/cvmfs,https://github.com/cvmfs/cvmfs/blob/9c3f650f427ea70b79f91c0b8104c077fe3caf50/cmake/Modules/FindGTest.cmake#L1,"# Locate the Google C++ Testing Framework.
#
# Defines the following variables:
#
#   GTEST_FOUND - Found the Google Testing framework
#   GTEST_INCLUDE_DIRS - Include directories
#
# Also defines the library variables below as normal
# variables.  These contain debug/optimized keywords when
# a debugging library is found.
#
#   GTEST_BOTH_LIBRARIES - Both libgtest & libgtest-main
#   GTEST_LIBRARIES - libgtest
#   GTEST_MAIN_LIBRARIES - libgtest-main
#
# Accepts the following variables as input:
#
#   GTEST_ROOT - (as a CMake or environment variable)
#                The root directory of the gtest install prefix
#
#   GTEST_MSVC_SEARCH - If compiling with MSVC, this variable can be set to
#                       ""MD"" or ""MT"" to enable searching a GTest build tree
#                       (defaults: ""MD"")
#
#-----------------------
# Example Usage:
#
#    enable_testing()
#    find_package(GTest REQUIRED)
#    include_directories(${GTEST_INCLUDE_DIRS})
#
#    add_executable(foo foo.cc)
#    target_link_libraries(foo ${GTEST_BOTH_LIBRARIES})
#
#    add_test(AllTestsInFoo foo)
#
#-----------------------
#
# If you would like each Google test to show up in CTest as
# a test you may use the following macro.
# NOTE: It will slow down your tests by running an executable
# for each test and test fixture.  You will also have to rerun
# CMake after adding or removing tests or test fixtures.
#
# GTEST_ADD_TESTS(executable extra_args ARGN)
#    executable = The path to the test executable
#    extra_args = Pass a list of extra arguments to be passed to
#                 executable enclosed in quotes (or """" for none)
#    ARGN =       A list of source files to search for tests & test
#                 fixtures.
#
#  Example:
#     set(FooTestArgs --foo 1 --bar 2)
#     add_executable(FooTest FooUnitTest.cc)
#     GTEST_ADD_TESTS(FooTest ""${FooTestArgs}"" FooUnitTest.cc)",[],CMake,0,1,55
25024,cvmfs/cvmfs,https://github.com/cvmfs/cvmfs/blob/9c3f650f427ea70b79f91c0b8104c077fe3caf50/cmake/Modules/FindGTest.cmake#L57,"#=============================================================================
# Copyright 2009 Kitware, Inc.
# Copyright 2009 Philip Lowman <philip@yhbt.com>
# Copyright 2009 Daniel Blezek <blezek@gmail.com>
#
# Distributed under the OSI-approved BSD License (the ""License"");
# see accompanying file Copyright.txt for details.
#
# This software is distributed WITHOUT ANY WARRANTY; without even the
# implied warranty of MERCHANTABILITY or FITNESS FOR A PARTICULAR PURPOSE.
# See the License for more information.
#=============================================================================
# (To distribute this file outside of CMake, substitute the full
#  License text for the above reference.)
#
# Thanks to Daniel Blezek <blezek@gmail.com> for the GTEST_ADD_TESTS code",[],CMake,0,57,72
25024,cvmfs/cvmfs,https://github.com/cvmfs/cvmfs/blob/9c3f650f427ea70b79f91c0b8104c077fe3caf50/cmake/Modules/FindGTest.cmake#L108,#,[],CMake,0,108,108
25024,cvmfs/cvmfs,https://github.com/cvmfs/cvmfs/blob/9c3f650f427ea70b79f91c0b8104c077fe3caf50/cmake/Modules/FindGTest.cmake#L136,"# The provided /MD project files for Google Test add -md suffixes to the
# library names.",[],CMake,4,136,137
25024,cvmfs/cvmfs,https://github.com/cvmfs/cvmfs/blob/9c3f650f427ea70b79f91c0b8104c077fe3caf50/cmake/Modules/FindLibArchive.cmake#L1,"# Distributed under the OSI-approved BSD 3-Clause License.  See accompanying
# file Copyright.txt or https://cmake.org/licensing for details.",[],CMake,0,1,2
25024,cvmfs/cvmfs,https://github.com/cvmfs/cvmfs/blob/9c3f650f427ea70b79f91c0b8104c077fe3caf50/cmake/Modules/FindLibArchive.cmake#L4,"#.rst:
# FindLibArchive
# --------------
#
# Find libarchive library and headers
#
# The module defines the following variables:
#
# ::
#
#   LibArchive_FOUND        - true if libarchive was found
#   LibArchive_INCLUDE_DIRS - include search path
#   LibArchive_LIBRARIES    - libraries to link
#   LibArchive_VERSION      - libarchive 3-component version number",[],CMake,0,4,17
25024,cvmfs/cvmfs,https://github.com/cvmfs/cvmfs/blob/9c3f650f427ea70b79f91c0b8104c077fe3caf50/cmake/Modules/FindLibArchive.cmake#L33,# Extract the version number from the header.,[],CMake,0,33,33
25024,cvmfs/cvmfs,https://github.com/cvmfs/cvmfs/blob/9c3f650f427ea70b79f91c0b8104c077fe3caf50/cmake/Modules/FindLibArchive.cmake#L35,"# The version string appears in one of three known formats in the header:
#  #define ARCHIVE_LIBRARY_VERSION ""libarchive 2.4.12""
#  #define ARCHIVE_VERSION_STRING ""libarchive 2.8.4""
#  #define ARCHIVE_VERSION_ONLY_STRING ""3.2.0""
# Match any format.",[],CMake,2,35,39
25024,cvmfs/cvmfs,https://github.com/cvmfs/cvmfs/blob/9c3f650f427ea70b79f91c0b8104c077fe3caf50/cmake/Modules/FindLibCAP.cmake#L1,"# Looking for libcap
# Found here:
# https://github.com/passy/webscan/blob/master/cmake/FindCAP.cmake",[],CMake,0,1,3
25024,cvmfs/cvmfs,https://github.com/cvmfs/cvmfs/blob/9c3f650f427ea70b79f91c0b8104c077fe3caf50/cmake/Modules/FindLibCAP.cmake#L31,#Functions,[],CMake,0,31,31
25024,cvmfs/cvmfs,https://github.com/cvmfs/cvmfs/blob/9c3f650f427ea70b79f91c0b8104c077fe3caf50/cmake/Modules/FindLibCAP.cmake#L37,#Is pcap found ?,[],CMake,0,37,37
25024,cvmfs/cvmfs,https://github.com/cvmfs/cvmfs/blob/9c3f650f427ea70b79f91c0b8104c077fe3caf50/cmake/Modules/FindLibcrypto.cmake#L1,"# - Try to find builtin LibreSSL libcrypto
#
# Once done this will define
#
#  Libcrypto_FOUND - system has SHA3
#  Libcrypto_INCLUDE_DIRS - the SHA3 include directory
#  Libcrypto_LIBRARIES - Link these to use SHA3
#",[],CMake,0,1,8
25024,cvmfs/cvmfs,https://github.com/cvmfs/cvmfs/blob/9c3f650f427ea70b79f91c0b8104c077fe3caf50/cmake/Modules/FindOSXFuse.cmake#L1,"# Find the osxfuse includes and library
#
#  OSXFUSE_INCLUDE_DIR - where to find fuse.h, etc.
#  OSXFUSE_LIBRARIES   - List of libraries when using osxfuse.
#  OSXFUSE_FOUND       - True if osxfuse lib is found.",[],CMake,0,1,5
25024,cvmfs/cvmfs,https://github.com/cvmfs/cvmfs/blob/9c3f650f427ea70b79f91c0b8104c077fe3caf50/cmake/Modules/FindOSXFuse.cmake#L7,# find includes,[],CMake,0,7,7
25024,cvmfs/cvmfs,https://github.com/cvmfs/cvmfs/blob/9c3f650f427ea70b79f91c0b8104c077fe3caf50/cmake/Modules/FindOSXFuse.cmake#L14,# find lib,[],CMake,0,14,14
25024,cvmfs/cvmfs,https://github.com/cvmfs/cvmfs/blob/9c3f650f427ea70b79f91c0b8104c077fe3caf50/cmake/Modules/FindOSXFuse.cmake#L22,# check if lib was found and include is present,[],CMake,0,22,22
25024,cvmfs/cvmfs,https://github.com/cvmfs/cvmfs/blob/9c3f650f427ea70b79f91c0b8104c077fe3caf50/cmake/Modules/FindOSXFuse.cmake#L31,# let world know the results,[],CMake,0,31,31
25024,cvmfs/cvmfs,https://github.com/cvmfs/cvmfs/blob/9c3f650f427ea70b79f91c0b8104c077fe3caf50/cmake/Modules/FindProtobuf.cmake#L1,"#.rst:
# FindProtobuf
# ------------
#
# Locate and configure the Google Protocol Buffers library.
#
# The following variables can be set and are optional:
#
# ``PROTOBUF_SRC_ROOT_FOLDER``
#   When compiling with MSVC, if this cache variable is set
#   the protobuf-default VS project build locations
#   (vsprojects/Debug and vsprojects/Release
#   or vsprojects/x64/Debug and vsprojects/x64/Release)
#   will be searched for libraries and binaries.
# ``PROTOBUF_IMPORT_DIRS``
#   List of additional directories to be searched for
#   imported .proto files.
#
# Defines the following variables:
#
# ``PROTOBUF_FOUND``
#   Found the Google Protocol Buffers library
#   (libprotobuf & header files)
# ``PROTOBUF_INCLUDE_DIRS``
#   Include directories for Google Protocol Buffers
# ``PROTOBUF_LIBRARIES``
#   The protobuf libraries
# ``PROTOBUF_PROTOC_LIBRARIES``
#   The protoc libraries
# ``PROTOBUF_LITE_LIBRARIES``
#   The protobuf-lite libraries
#
# The following cache variables are also available to set or use:
#
# ``PROTOBUF_LIBRARY``
#   The protobuf library
# ``PROTOBUF_PROTOC_LIBRARY``
#   The protoc library
# ``PROTOBUF_INCLUDE_DIR``
#   The include directory for protocol buffers
# ``PROTOBUF_PROTOC_EXECUTABLE``
#   The protoc compiler
# ``PROTOBUF_LIBRARY_DEBUG``
#   The protobuf library (debug)
# ``PROTOBUF_PROTOC_LIBRARY_DEBUG``
#   The protoc library (debug)
# ``PROTOBUF_LITE_LIBRARY``
#   The protobuf lite library
# ``PROTOBUF_LITE_LIBRARY_DEBUG``
#   The protobuf lite library (debug)
#
# Example:
#
# .. code-block:: cmake
#
#   find_package(Protobuf REQUIRED)
#   include_directories(${PROTOBUF_INCLUDE_DIRS})
#   include_directories(${CMAKE_CURRENT_BINARY_DIR})
#   protobuf_generate_cpp(PROTO_SRCS PROTO_HDRS foo.proto)
#   protobuf_generate_python(PROTO_PY foo.proto)
#   add_executable(bar bar.cc ${PROTO_SRCS} ${PROTO_HDRS})
#   target_link_libraries(bar ${PROTOBUF_LIBRARIES})
#
# .. note::
#   The ``protobuf_generate_cpp`` and ``protobuf_generate_python``
#   functions and :command:`add_executable` or :command:`add_library`
#   calls only work properly within the same directory.
#
# .. command:: protobuf_generate_cpp
#
#   Add custom commands to process ``.proto`` files to C++::
#
#     protobuf_generate_cpp (<SRCS> <HDRS> [<ARGN>...])
#
#   ``SRCS``
#     Variable to define with autogenerated source files
#   ``HDRS``
#     Variable to define with autogenerated header files
#   ``ARGN``
#     ``.proto`` files
#
# .. command:: protobuf_generate_python
#
#   Add custom commands to process ``.proto`` files to Python::
#
#     protobuf_generate_python (<PY> [<ARGN>...])
#
#   ``PY``
#     Variable to define with autogenerated Python files
#   ``ARGN``
#     ``.proto`` filess",[],CMake,0,1,91
25024,cvmfs/cvmfs,https://github.com/cvmfs/cvmfs/blob/9c3f650f427ea70b79f91c0b8104c077fe3caf50/cmake/Modules/FindProtobuf.cmake#L93,"#=============================================================================
# Copyright 2009 Kitware, Inc.
# Copyright 2009-2011 Philip Lowman <philip@yhbt.com>
# Copyright 2008 Esben Mose Hansen, Ange Optimization ApS
#
# Distributed under the OSI-approved BSD License (the ""License"");
# see accompanying file Copyright.txt for details.
#
# This software is distributed WITHOUT ANY WARRANTY; without even the
# implied warranty of MERCHANTABILITY or FITNESS FOR A PARTICULAR PURPOSE.
# See the License for more information.
#=============================================================================
# (To distribute this file outside of CMake, substitute the full
#  License text for the above reference.)",[],CMake,0,93,106
25024,cvmfs/cvmfs,https://github.com/cvmfs/cvmfs/blob/9c3f650f427ea70b79f91c0b8104c077fe3caf50/cmake/Modules/FindProtobuf.cmake#L115,# Create an include path for each file specified,[],CMake,4,115,115
25024,cvmfs/cvmfs,https://github.com/cvmfs/cvmfs/blob/9c3f650f427ea70b79f91c0b8104c077fe3caf50/cmake/Modules/FindProtobuf.cmake#L169,# Create an include path for each file specified,[],CMake,4,169,169
25024,cvmfs/cvmfs,https://github.com/cvmfs/cvmfs/blob/9c3f650f427ea70b79f91c0b8104c077fe3caf50/cmake/Modules/FindProtobuf.cmake#L213,"# Internal function: search for normal library as well as a debug one
#    if the debug one is specified also include debug/optimized keywords
#    in *_LIBRARIES variable",[],CMake,0,213,215
25024,cvmfs/cvmfs,https://github.com/cvmfs/cvmfs/blob/9c3f650f427ea70b79f91c0b8104c077fe3caf50/cmake/Modules/FindProtobuf.cmake#L228,# There is no debug library,[],CMake,6,228,228
25024,cvmfs/cvmfs,https://github.com/cvmfs/cvmfs/blob/9c3f650f427ea70b79f91c0b8104c077fe3caf50/cmake/Modules/FindProtobuf.cmake#L232,# There IS a debug library,[],CMake,6,232,232
25024,cvmfs/cvmfs,https://github.com/cvmfs/cvmfs/blob/9c3f650f427ea70b79f91c0b8104c077fe3caf50/cmake/Modules/FindProtobuf.cmake#L241,# Internal function: find threads library,[],CMake,0,241,241
25024,cvmfs/cvmfs,https://github.com/cvmfs/cvmfs/blob/9c3f650f427ea70b79f91c0b8104c077fe3caf50/cmake/Modules/FindProtobuf.cmake#L251,"#
# Main.
#",[],CMake,0,251,253
25024,cvmfs/cvmfs,https://github.com/cvmfs/cvmfs/blob/9c3f650f427ea70b79f91c0b8104c077fe3caf50/cmake/Modules/FindProtobuf.cmake#L255,"# By default have PROTOBUF_GENERATE_CPP macro pass -I to protoc
# for each directory where a proto file is referenced.",[],CMake,0,255,256
25024,cvmfs/cvmfs,https://github.com/cvmfs/cvmfs/blob/9c3f650f427ea70b79f91c0b8104c077fe3caf50/cmake/Modules/FindProtobuf.cmake#L262,"# Google's provided vcproj files generate libraries with a ""lib""
# prefix on Windows",[],CMake,0,262,263
25024,cvmfs/cvmfs,https://github.com/cvmfs/cvmfs/blob/9c3f650f427ea70b79f91c0b8104c077fe3caf50/cmake/Modules/FindProtobuf.cmake#L271,# The Protobuf library,[],CMake,0,271,271
25024,cvmfs/cvmfs,https://github.com/cvmfs/cvmfs/blob/9c3f650f427ea70b79f91c0b8104c077fe3caf50/cmake/Modules/FindProtobuf.cmake#L273,"#DOC ""The Google Protocol Buffers RELEASE Library""",[],CMake,0,273,273
25024,cvmfs/cvmfs,https://github.com/cvmfs/cvmfs/blob/9c3f650f427ea70b79f91c0b8104c077fe3caf50/cmake/Modules/FindProtobuf.cmake#L277,# The Protobuf Protoc Library,[],CMake,0,277,277
25024,cvmfs/cvmfs,https://github.com/cvmfs/cvmfs/blob/9c3f650f427ea70b79f91c0b8104c077fe3caf50/cmake/Modules/FindProtobuf.cmake#L280,# Restore original find library prefixes,[],CMake,0,280,280
25024,cvmfs/cvmfs,https://github.com/cvmfs/cvmfs/blob/9c3f650f427ea70b79f91c0b8104c077fe3caf50/cmake/Modules/FindProtobuf.cmake#L289,# Find the include directory,[],CMake,0,289,289
25024,cvmfs/cvmfs,https://github.com/cvmfs/cvmfs/blob/9c3f650f427ea70b79f91c0b8104c077fe3caf50/cmake/Modules/FindProtobuf.cmake#L296,# Find the protoc Executable,[],CMake,0,296,296
25024,cvmfs/cvmfs,https://github.com/cvmfs/cvmfs/blob/9c3f650f427ea70b79f91c0b8104c077fe3caf50/cmake/Modules/FindPythonModule.cmake#L1,"# Find if a Python module is installed
# Found at http://www.cmake.org/pipermail/cmake/2011-January/041666.html
# To use do: find_python_module(PyQt4 REQUIRED)",[],CMake,0,1,3
25024,cvmfs/cvmfs,https://github.com/cvmfs/cvmfs/blob/9c3f650f427ea70b79f91c0b8104c077fe3caf50/cmake/Modules/FindPythonModule.cmake#L11,"# A module's location is usually a directory, but for binary modules
# it's a .so file.",[],CMake,2,11,12
25024,cvmfs/cvmfs,https://github.com/cvmfs/cvmfs/blob/9c3f650f427ea70b79f91c0b8104c077fe3caf50/cmake/Modules/FindRapidCheck.cmake#L1,"# - Try to find RapidCheck
#
# Once done this will define
#
#  RAPIDCHECK_FOUND - system has RapidCheck
#  RAPIDCHECK_INCLUDE_DIRS - the RapidCheck include directory
#  RAPIDCHECK_LIBRARIES - Link these to use RapidCheck
#",[],CMake,0,1,8
25024,cvmfs/cvmfs,https://github.com/cvmfs/cvmfs/blob/9c3f650f427ea70b79f91c0b8104c077fe3caf50/cmake/Modules/FindSHA3.cmake#L1,"# - Try to find SHA3
#
# Once done this will define
#
#  SHA3_FOUND - system has SHA3
#  SHA3_INCLUDE_DIRS - the SHA3 include directory
#  SHA3_LIBRARIES - Link these to use SHA3
#",[],CMake,0,1,8
25024,cvmfs/cvmfs,https://github.com/cvmfs/cvmfs/blob/9c3f650f427ea70b79f91c0b8104c077fe3caf50/cmake/Modules/FindSQLite3.cmake#L1,"# - Try to find Sqlite3
# Once done this will define
#
#  SQLITE3_FOUND - system has Sqlite3
#  SQLITE3_INCLUDE_DIRS - the Sqlite3 include directory
#  SQLITE3_LIBRARIES - Link these to use Sqlite3
#  SQLITE3_DEFINITIONS - Compiler switches required for using Sqlite3
#
#  Copyright (c) 2008 Andreas Schneider <mail@cynapses.org>
#
#  Redistribution and use is allowed according to the terms of the New
#  BSD license.
#  For details see the accompanying COPYING-CMAKE-SCRIPTS file.
#",[],CMake,0,1,14
25024,cvmfs/cvmfs,https://github.com/cvmfs/cvmfs/blob/9c3f650f427ea70b79f91c0b8104c077fe3caf50/cmake/Modules/FindSQLite3.cmake#L17,# in cache already,[],CMake,2,17,17
25024,cvmfs/cvmfs,https://github.com/cvmfs/cvmfs/blob/9c3f650f427ea70b79f91c0b8104c077fe3caf50/cmake/Modules/FindSQLite3.cmake#L20,"# use pkg-config to get the directories and then use these values
# in the FIND_PATH() and FIND_LIBRARY() calls",[],CMake,2,20,21
25024,cvmfs/cvmfs,https://github.com/cvmfs/cvmfs/blob/9c3f650f427ea70b79f91c0b8104c077fe3caf50/cmake/Modules/FindSQLite3.cmake#L82,# show the SQLITE3_INCLUDE_DIRS and SQLITE3_LIBRARIES variables only in the advanced view,[],CMake,2,82,82
25024,cvmfs/cvmfs,https://github.com/cvmfs/cvmfs/blob/9c3f650f427ea70b79f91c0b8104c077fe3caf50/cmake/Modules/FindSparsehash.cmake#L1,"# Try to find Sparsehash
# Once done, this will define
#
# SPARSEHASH_FOUND - system has Sparsehash
# SPARSEHASH_INCLUDE_DIR - the Sparsehash include directories",[],CMake,0,1,5
25024,cvmfs/cvmfs,https://github.com/cvmfs/cvmfs/blob/9c3f650f427ea70b79f91c0b8104c077fe3caf50/cmake/Modules/FindSparsehash.cmake#L13,"# handle the QUIETLY and REQUIRED arguments and set SPARSEHASH_FOUND to TRUE if
# all listed variables are TRUE",[],CMake,0,13,14
25024,cvmfs/cvmfs,https://github.com/cvmfs/cvmfs/blob/9c3f650f427ea70b79f91c0b8104c077fe3caf50/cmake/Modules/FindUUID.cmake#L1,"# - Find UUID
# Find the native UUID includes and library
# This module defines
#  UUID_INCLUDE_DIR, where to find jpeglib.h, etc.
#  UUID_LIBRARIES, the libraries needed to use UUID.
#  UUID_FOUND, If false, do not try to use UUID.
# also defined, but not for general use are
#  UUID_LIBRARY, where to find the UUID library.
#
#  Copyright (c) 2006-2011 Mathieu Malaterre <mathieu.malaterre@gmail.com>
#
#  Redistribution and use is allowed according to the terms of the New
#  BSD license.
#  For details see the accompanying COPYING-CMAKE-SCRIPTS file.
#",[],CMake,0,1,15
25024,cvmfs/cvmfs,https://github.com/cvmfs/cvmfs/blob/9c3f650f427ea70b79f91c0b8104c077fe3caf50/cmake/Modules/FindUUID.cmake#L17,"# On MacOSX we have:
# $ nm -g /usr/lib/libSystem.dylib | grep uuid_generate
# 000b3aeb T _uuid_generate
# 0003e67e T _uuid_generate_random
# 000b37a1 T _uuid_generate_time",[],CMake,0,17,21
25024,cvmfs/cvmfs,https://github.com/cvmfs/cvmfs/blob/9c3f650f427ea70b79f91c0b8104c077fe3caf50/cmake/Modules/FindUUID.cmake#L25,# Linux type:,[],CMake,2,25,25
25024,cvmfs/cvmfs,https://github.com/cvmfs/cvmfs/blob/9c3f650f427ea70b79f91c0b8104c077fe3caf50/cmake/Modules/FindUUID.cmake#L34,# Must be *after* the lib itself,[],CMake,0,34,34
25024,cvmfs/cvmfs,https://github.com/cvmfs/cvmfs/blob/9c3f650f427ea70b79f91c0b8104c077fe3caf50/cmake/Modules/FindUUID.cmake#L64,"# Deprecated declarations.
#set (NATIVE_UUID_INCLUDE_PATH ${UUID_INCLUDE_DIR} )
#get_filename_component (NATIVE_UUID_LIB_PATH ${UUID_LIBRARY} PATH)",[],CMake,0,64,66
25024,cvmfs/cvmfs,https://github.com/cvmfs/cvmfs/blob/9c3f650f427ea70b79f91c0b8104c077fe3caf50/cmake/Modules/FindVJSON.cmake#L1,"# - Try to find VJSON
#
# Once done this will define
#
#  VJSON_FOUND - system has VJSON
#  VJSON_INCLUDE_DIRS - the VJSON include directory
#  VJSON_LIBRARIES - Link these to use VJSON
#",[],CMake,0,1,8
25024,cvmfs/cvmfs,https://github.com/cvmfs/cvmfs/blob/9c3f650f427ea70b79f91c0b8104c077fe3caf50/cmake/Modules/FindVOMS.cmake#L1,"# - Try to find VOMS
# Once done this will define
#
#  VOMS_FOUND - system has VOMS
#  VOMS_INCLUDE_DIRS - the VOMS include directory
#  VOMS_LIBRARIES - Link these to use VOMS
#  VOMS_DEFINITIONS - Compiler switches required for using VOMS
#
#  Copyright (c) 2008 Andreas Schneider <mail@cynapses.org>
#
#  Redistribution and use is allowed according to the terms of the New
#  BSD license.
#  For details see the accompanying COPYING-CMAKE-SCRIPTS file.
#",[],CMake,0,1,14
25024,cvmfs/cvmfs,https://github.com/cvmfs/cvmfs/blob/9c3f650f427ea70b79f91c0b8104c077fe3caf50/cmake/Modules/FindVOMS.cmake#L17,# in cache already,[],CMake,2,17,17
25024,cvmfs/cvmfs,https://github.com/cvmfs/cvmfs/blob/9c3f650f427ea70b79f91c0b8104c077fe3caf50/cmake/Modules/FindVOMS.cmake#L20,"# use pkg-config to get the directories and then use these values
# in the FIND_PATH() and FIND_LIBRARY() calls",[],CMake,2,20,21
25024,cvmfs/cvmfs,https://github.com/cvmfs/cvmfs/blob/9c3f650f427ea70b79f91c0b8104c077fe3caf50/cmake/Modules/FindVOMS.cmake#L82,# show the VOMS_INCLUDE_DIRS and VOMS_LIBRARIES variables only in the advanced view,[],CMake,2,82,82
25024,cvmfs/cvmfs,https://github.com/cvmfs/cvmfs/blob/9c3f650f427ea70b79f91c0b8104c077fe3caf50/cmake/Modules/FindValgrind.cmake#L1,"# - Try to find VALGRIND
# Once done this will define
#
#  VALGRIND_FOUND - system has VALGRIND
#  VALGRIND_INCLUDE_DIRS - the VALGRIND include directory
#  VALGRIND_DEFINITIONS - Compiler switches required for using VALGRIND
#
#  Copyright (c) 2008 Andreas Schneider <mail@cynapses.org>
#
#  Redistribution and use is allowed according to the terms of the New
#  BSD license.
#  For details see the accompanying COPYING-CMAKE-SCRIPTS file.
#",[],CMake,0,1,13
25024,cvmfs/cvmfs,https://github.com/cvmfs/cvmfs/blob/9c3f650f427ea70b79f91c0b8104c077fe3caf50/cmake/Modules/FindValgrind.cmake#L16,# in cache already,[],CMake,2,16,16
25024,cvmfs/cvmfs,https://github.com/cvmfs/cvmfs/blob/9c3f650f427ea70b79f91c0b8104c077fe3caf50/cmake/Modules/FindValgrind.cmake#L19,"# use pkg-config to get the directories and then use these values
# in the FIND_PATH() call",[],CMake,2,19,20
25024,cvmfs/cvmfs,https://github.com/cvmfs/cvmfs/blob/9c3f650f427ea70b79f91c0b8104c077fe3caf50/cmake/Modules/FindValgrind.cmake#L53,# show the VALGRIND_INCLUDE_DIRS variables only in the advanced view,[],CMake,4,53,53
25024,cvmfs/cvmfs,https://github.com/cvmfs/cvmfs/blob/9c3f650f427ea70b79f91c0b8104c077fe3caf50/cmake/Modules/Findleveldb.cmake#L1,"# Try to find leveldb
# Once done, this will define
#
# LEVELDB_FOUND       - system has leveldb
# LEVELDB_INCLUDE_DIR - the leveldb include directory
# LEVELDB_LIB_DIR     - the leveldb library directory
#
# LEVELDB_DIR may be defined as a hint for where to look
# LEVELDB_LIBRARIES   - the level db library name(s)",[],CMake,0,1,9
25024,cvmfs/cvmfs,https://github.com/cvmfs/cvmfs/blob/9c3f650f427ea70b79f91c0b8104c077fe3caf50/cmake/Modules/Findpacparser.cmake#L1,# -*- cmake -*-,[],CMake,0,1,1
25024,cvmfs/cvmfs,https://github.com/cvmfs/cvmfs/blob/9c3f650f427ea70b79f91c0b8104c077fe3caf50/cmake/Modules/Findpacparser.cmake#L3,"# - Find pacparser
# Find the pacparser includes and library
# This module defines
#  PACPARSER_INCLUDE_DIR, where to find pacparser.h
#  PACPARSER_LIBRARIES, the libraries needed to use pacparser
#  PACPARSER_FOUND, If false, do not try to use pacparser
# also defined, but not for general use are
#  PACPARSER_LIBRARY, where to find the pacparser library.",[],CMake,0,3,10
25024,cvmfs/cvmfs,https://github.com/cvmfs/cvmfs/blob/9c3f650f427ea70b79f91c0b8104c077fe3caf50/cmake/Modules/Findpacparser.cmake#L41,# Deprecated declarations.,[],CMake,0,41,41
25024,cvmfs/cvmfs,https://github.com/cvmfs/cvmfs/blob/9c3f650f427ea70b79f91c0b8104c077fe3caf50/cmake/Modules/UseDoxygen.cmake#L1,"# Modification of this script made by Jose Molina <jose.molina@cern.ch>
# for the CernVM-FS project (http://cernvm.cern.ch/)
#
# - Run Doxygen
#
# Adds a doxygen target that runs doxygen to generate the html
# and optionally the LaTeX API documentation.
# The doxygen target is added to the doc target as a dependency.
# i.e.: the API documentation is built with:
#  make doc
#
# USAGE: GLOBAL INSTALL
#
# Install it with:
#  cmake ./ && sudo make install
# Add the following to the CMakeLists.txt of your project:
#  include(UseDoxygen OPTIONAL)
# Optionally copy Doxyfile.in in the directory of CMakeLists.txt and edit it.
#
# USAGE: INCLUDE IN PROJECT
#
#  set(CMAKE_MODULE_PATH ${CMAKE_CURRENT_SOURCE_DIR})
#  include(UseDoxygen)
# Add the Doxyfile.in and UseDoxygen.cmake files to the projects source directory.
#
#
# CONFIGURATION
#
# To configure Doxygen you can edit Doxyfile.in and set some variables in cmake.
# Variables you may define are:
#  DOXYFILE_SOURCE_DIR - Path where the Doxygen input files are.
#  	Defaults to the current source directory.
#  DOXYFILE_EXTRA_SOURCES - Additional source diretories/files for Doxygen to scan.
#  	The Paths should be in double quotes and separated by space. e.g.:
#  	 ""${CMAKE_CURRENT_BINARY_DIR}/foo.c"" ""${CMAKE_CURRENT_BINARY_DIR}/bar/""
#
#  DOXYFILE_OUTPUT_DIR - Path where the Doxygen output is stored.
#  	Defaults to ""${CMAKE_CURRENT_BINARY_DIR}/doc"".
#
#  DOXYFILE_LATEX - ON/OFF; Set to ""ON"" if you want the LaTeX documentation
#  	to be built.
#  DOXYFILE_LATEX_DIR - Directory relative to DOXYFILE_OUTPUT_DIR where
#  	the Doxygen LaTeX output is stored. Defaults to ""latex"".
#
#  DOXYFILE_HTML_DIR - Directory relative to DOXYFILE_OUTPUT_DIR where
#  	the Doxygen html output is stored. Defaults to ""html"".
#",[],CMake,0,1,47
25024,cvmfs/cvmfs,https://github.com/cvmfs/cvmfs/blob/9c3f650f427ea70b79f91c0b8104c077fe3caf50/cmake/Modules/UseDoxygen.cmake#L49,"#
#  Copyright (c) 2009, 2010, 2011 Tobias Rautenkranz <tobias@rautenkranz.ch>
#
#  Redistribution and use is allowed according to the terms of the New
#  BSD license.
#  For details see the accompanying COPYING-CMAKE-SCRIPTS file.
#",[],CMake,0,49,55
25024,cvmfs/cvmfs,https://github.com/cvmfs/cvmfs/blob/9c3f650f427ea70b79f91c0b8104c077fe3caf50/cmake/Modules/UseDoxygen.cmake#L107,## LaTeX,[],CMake,1,107,107
25024,cvmfs/cvmfs,https://github.com/cvmfs/cvmfs/blob/9c3f650f427ea70b79f91c0b8104c077fe3caf50/cmake/Modules/cvmfs_compiler.cmake#L8,# this should better be `unset()` but CMake 2.6.2 doesn't,[],CMake,23,8,8
25024,cvmfs/cvmfs,https://github.com/cvmfs/cvmfs/blob/9c3f650f427ea70b79f91c0b8104c077fe3caf50/cmake/Modules/cvmfs_compiler.cmake#L9,# support it. Should be changed as soon as SLES 11 brings,[],CMake,23,9,9
25024,cvmfs/cvmfs,https://github.com/cvmfs/cvmfs/blob/9c3f650f427ea70b79f91c0b8104c077fe3caf50/cmake/Modules/cvmfs_compiler.cmake#L10,# an update for CMake or we drop support for the platform,[],CMake,23,10,10
25024,cvmfs/cvmfs,https://github.com/cvmfs/cvmfs/blob/9c3f650f427ea70b79f91c0b8104c077fe3caf50/cmake/Modules/cvmfs_compiler.cmake#L31,"#
# set some default flags
#
# flags in CMAKE_C**_FLAGS are always passed to the compiler
#",[],CMake,0,31,35
25024,cvmfs/cvmfs,https://github.com/cvmfs/cvmfs/blob/9c3f650f427ea70b79f91c0b8104c077fe3caf50/cmake/Modules/cvmfs_compiler.cmake#L89,# Check for old Linux version that don't have a complete inotify implementation,[],CMake,0,89,89
25024,cvmfs/cvmfs,https://github.com/cvmfs/cvmfs/blob/9c3f650f427ea70b79f91c0b8104c077fe3caf50/cmake/Modules/cvmfs_options.cmake#L1,"#
# Options provided to the user
#",[],CMake,0,1,3
25024,cvmfs/cvmfs,https://github.com/cvmfs/cvmfs/blob/9c3f650f427ea70b79f91c0b8104c077fe3caf50/cmake/Modules/cvmfs_options.cmake#L38,"# By default, all the external third-party libraries are built and installed in
# ${CMAKE_SOURCE_DIR}/externals_install. If this variable is set to OFF, these
# libraries are picked up from the system",[],CMake,0,38,40
