repoIndex,repoName,linkLocation,comment,keywords,buildSysteminFile,charPosition,startLine,endLine
25179,jrl-umi3218/mc_rtc,https://github.com/jrl-umi3218/mc_rtc/blob/0e03dab3b900d8dab8ac79e5998ef7d0a3f7c883/CMakeLists.txt#L1,"#
# Copyright 2015-2020 CNRS-UM LIRMM, CNRS-AIST JRL
#",[],CMake,0,1,3
25179,jrl-umi3218/mc_rtc,https://github.com/jrl-umi3218/mc_rtc/blob/0e03dab3b900d8dab8ac79e5998ef7d0a3f7c883/CMakeLists.txt#L98,# LTDL (defines target: mc_rtc_3rd_party::ltdl),[],CMake,2,98,98
25179,jrl-umi3218/mc_rtc,https://github.com/jrl-umi3218/mc_rtc/blob/0e03dab3b900d8dab8ac79e5998ef7d0a3f7c883/CMakeLists.txt#L102,# GEOS (defines/imports target: GEOS::geos),[],CMake,0,102,102
25179,jrl-umi3218/mc_rtc,https://github.com/jrl-umi3218/mc_rtc/blob/0e03dab3b900d8dab8ac79e5998ef7d0a3f7c883/CMakeLists.txt#L106,# nanomsg (defines/imports target: nanomsg),[],CMake,2,106,106
25179,jrl-umi3218/mc_rtc,https://github.com/jrl-umi3218/mc_rtc/blob/0e03dab3b900d8dab8ac79e5998ef7d0a3f7c883/CMakeLists.txt#L110,# qhull (build re-entrant static version),[],CMake,0,110,110
25179,jrl-umi3218/mc_rtc,https://github.com/jrl-umi3218/mc_rtc/blob/0e03dab3b900d8dab8ac79e5998ef7d0a3f7c883/CMakeLists.txt#L113,# mpack (build static version),[],CMake,0,113,113
25179,jrl-umi3218/mc_rtc,https://github.com/jrl-umi3218/mc_rtc/blob/0e03dab3b900d8dab8ac79e5998ef7d0a3f7c883/CMakeLists.txt#L116,# yaml-cpp,[],CMake,0,116,116
25179,jrl-umi3218/mc_rtc,https://github.com/jrl-umi3218/mc_rtc/blob/0e03dab3b900d8dab8ac79e5998ef7d0a3f7c883/CMakeLists.txt#L119,"# RapidJSON
# The code was copied from the 1.1.0 release tarball for RapidJSON
# https://github.com/miloyip/rapidjson",[],CMake,0,119,121
25179,jrl-umi3218/mc_rtc,https://github.com/jrl-umi3218/mc_rtc/blob/0e03dab3b900d8dab8ac79e5998ef7d0a3f7c883/CMakeLists.txt#L127,# spdlog,[],CMake,0,127,127
25179,jrl-umi3218/mc_rtc,https://github.com/jrl-umi3218/mc_rtc/blob/0e03dab3b900d8dab8ac79e5998ef7d0a3f7c883/CMakeLists.txt#L144,# Cleanup the path provided by CMake,[],CMake,4,144,144
25179,jrl-umi3218/mc_rtc,https://github.com/jrl-umi3218/mc_rtc/blob/0e03dab3b900d8dab8ac79e5998ef7d0a3f7c883/CMakeLists.txt#L162,# For backward compatibility,[],CMake,2,162,162
25179,jrl-umi3218/mc_rtc,https://github.com/jrl-umi3218/mc_rtc/blob/0e03dab3b900d8dab8ac79e5998ef7d0a3f7c883/CMakeLists.txt#L176,"# For MSVC, set local environment variable to enable finding the built dll
# of the main library when launching ctest with RUN_TESTS",[],CMake,0,176,177
25179,jrl-umi3218/mc_rtc,https://github.com/jrl-umi3218/mc_rtc/blob/0e03dab3b900d8dab8ac79e5998ef7d0a3f7c883/CMakeLists.txt#L220,# Extra macros for mc_rtc,[],CMake,0,220,220
25179,jrl-umi3218/mc_rtc,https://github.com/jrl-umi3218/mc_rtc/blob/0e03dab3b900d8dab8ac79e5998ef7d0a3f7c883/3rd-party/ltdl/CMakeLists.txt#L1,"#
# Copyright 2015-2019 CNRS-UM LIRMM, CNRS-AIST JRL
#",[],CMake,0,1,3
25179,jrl-umi3218/mc_rtc,https://github.com/jrl-umi3218/mc_rtc/blob/0e03dab3b900d8dab8ac79e5998ef7d0a3f7c883/3rd-party/ltdl/CMakeLists.txt#L5,"# On WIN32 platform, compile and install our own libltdl",[],CMake,0,5,5
25179,jrl-umi3218/mc_rtc,https://github.com/jrl-umi3218/mc_rtc/blob/0e03dab3b900d8dab8ac79e5998ef7d0a3f7c883/3rd-party/ltdl/CMakeLists.txt#L11,# Generally import ltdl symbols,[],CMake,2,11,11
25179,jrl-umi3218/mc_rtc,https://github.com/jrl-umi3218/mc_rtc/blob/0e03dab3b900d8dab8ac79e5998ef7d0a3f7c883/3rd-party/ltdl/CMakeLists.txt#L20,# On other platforms check that the header is available in the system,[],CMake,0,20,20
25179,jrl-umi3218/mc_rtc,https://github.com/jrl-umi3218/mc_rtc/blob/0e03dab3b900d8dab8ac79e5998ef7d0a3f7c883/3rd-party/qhull/CMakeLists.txt#L1,"# CMakeLists.txt -- CMake configuration file for qhull, qhull6, and related programs
#
# CMake options
#   BUILD_SHARED_LIBS=OFF -- Do not build libqhull_r.so
#   BUILD_STATIC_LIBS=OFF -- Do not build libqhullcpp.a, libqhullstatic_r.a, libqhullstatic.a, and user_eg3
#   CMAKE_INSTALL_PREFIX=path -- Prefix for the install directories
#   LINK_APPS_SHARED=ON -- Link qconvex,etc. to libqhull_r instead of libqhullstatic_r
#
# 32-bit vs. 64-bit
#   Qhull uses less memory when built as 32-bit code
#   On 64-bit hosts, consider building with -DCMAKE_CXX_FLAGS=-m32 -DCMAKE_C_FLAGS=-m32
#
# Additional build targets
#   libqhull -- Deprecated, shared library for non-reentrant Qhull (use libqhull_r or libqhullstatic)
#   qhull_p -- Deprecated, shared library for qh_QHpointer and non-reentrant Qhull (use libqhull_r)
#   qhullp -- Same as qhull using qh_QHpointer and libqhull_p
#   user_egp -- Same as user_eg using qh_QHpointer and libqhull_p
#
# For qhulltest, use the Qt build (src/qhull-all.pro)
#
# To install CMake
#   Download from http://www.cmake.org/download/
#
# To find the available targets for CMake -G ""...""
#   cmake --help
#
# To build with MSYS, MSYS2, mingw, mingw-w64, or GitForWindows
#   cd build && cmake -G ""MSYS Makefiles"" .. && cmake ..
#   make
#   make install
#
# To build Qhull with Visual Studio projects, run cmake twice
#   To install bin/doc/include/lib in the current directory
#      mkdir -p build-cmake && cd build-cmake && cmake -G ""Visual Studio 11 2012"" .. && cmake -DCMAKE_INSTALL_PREFIX=.. ..
#      mkdir -p build-cmake && cd build-cmake && cmake -G ""Visual Studio 11 2012 Win64"" .. && cmake -DCMAKE_INSTALL_PREFIX=.. ..
#   To install into Program Files/qhull
#      mkdir -p build-cmake && cd build-cmake && cmake -G ""Visual Studio 11 2012"" .. && cmake ..
#      mkdir -p build-cmake && cd build-cmake && cmake -G ""Visual Studio 11 2012 Win64"" .. && cmake ..
#   To build for Visual Studio 2005 and install into Program Files/qhull
#      mkdir -p build-cmake && cd build-cmake && cmake -G ""Visual Studio 8 2005"" .. && cmake  ..
#      mkdir -p build-cmake && cd build-cmake && cmake -G ""Visual Studio 8 2005 Win64"" .. && cmake  ..
#   Double click build-cmake/qhull-all.sln
#   Build INSTALL to copy files into C:/Program Files/qhull
#
# To uninstall on unix or MSYS/mingw
#   make uninstall
#
# Notes on Visual Studio projects
#   You may need to copy bin/msvcr80.dll into C:/Program Files/qhull/bin
#   If using library debug targets, please rename with '_d' (e.g., qhullstatic_d.lib)
# 
# Troubleshooting
#   ""No CMAKE_C_COMPILER could be found""
#     cmake was not able to find the build environment specified (e.g., Visual Studio 11)
# 
# Qhull ships with CMake-derived sln and proj files for DevStudio 8 2005
#   See eg/make-vcproj.sh
#   Change to relative paths
#   Remove ZERO_CHECK, ALL_BUILD, and INSTALL projects
#   Change targets to bin/ and lib/ directories
#   Disable incremental linking and ilk files (LinkIncremental=""1"")
#   Disable Run-Time Type Info (rtti)
#   Remove src/libqhullcpp from most of the AdditionalIncludeDirectories
#   Remove CMAKE_INTDIR from PreprocessorDefinitions
#   Adjust target names and destinations (e.g., lib/libqhullstatic_rd.a)
#  
# $Id: //main/2019/qhull/CMakeLists.txt#21 $$Change: 3039 $
# $DateTime: 2020/09/03 21:26:22 $$Author: bbarber $",[],CMake,0,1,68
25179,jrl-umi3218/mc_rtc,https://github.com/jrl-umi3218/mc_rtc/blob/0e03dab3b900d8dab8ac79e5998ef7d0a3f7c883/3rd-party/qhull/CMakeLists.txt#L81,"# Define qhull_VERSION in README.txt, Announce.txt, qh-get.htm, CMakeLists.txt
#   qhull-zip.sh (twice), qhull-wiki.md, qhull-news.htm, File_id.diz, index.htm
#   qhull-warn.pri (VERSION), qhull-exports.def (VERSION), qhull_p-exports.def, qhull_r-exports.def",[],CMake,0,81,83
25179,jrl-umi3218/mc_rtc,https://github.com/jrl-umi3218/mc_rtc/blob/0e03dab3b900d8dab8ac79e5998ef7d0a3f7c883/3rd-party/qhull/CMakeLists.txt#L84,"# not used, See global.c, global_r.c, rbox.c, rbox_r.c",[],CMake,42,84,84
25179,jrl-umi3218/mc_rtc,https://github.com/jrl-umi3218/mc_rtc/blob/0e03dab3b900d8dab8ac79e5998ef7d0a3f7c883/3rd-party/qhull/CMakeLists.txt#L85,# Advance every release,[],CMake,29,85,85
25179,jrl-umi3218/mc_rtc,https://github.com/jrl-umi3218/mc_rtc/blob/0e03dab3b900d8dab8ac79e5998ef7d0a3f7c883/3rd-party/qhull/CMakeLists.txt#L87,"# SOVERSION -- qhull 2003 = empty, 2009 = 5, 2010-2012 = 6, 2015-2019 = 7, 2020 = 8.0
# Increase SOVERSION if ABI breaks (abi-compliance-checker)",[],CMake,0,87,88
25179,jrl-umi3218/mc_rtc,https://github.com/jrl-umi3218/mc_rtc/blob/0e03dab3b900d8dab8ac79e5998ef7d0a3f7c883/3rd-party/qhull/CMakeLists.txt#L89,# For SOVERSION ,[],CMake,25,89,89
25179,jrl-umi3218/mc_rtc,https://github.com/jrl-umi3218/mc_rtc/blob/0e03dab3b900d8dab8ac79e5998ef7d0a3f7c883/3rd-party/qhull/CMakeLists.txt#L91,"# If MSYS, set CMAKE_INSTALL_PREFIX to /usr/local; if WINDOWS, '..'",[],CMake,0,91,91
25179,jrl-umi3218/mc_rtc,https://github.com/jrl-umi3218/mc_rtc/blob/0e03dab3b900d8dab8ac79e5998ef7d0a3f7c883/3rd-party/qhull/CMakeLists.txt#L112,"# Build shared and static libs by default
# If LINK_APPS_SHARED=ON, link applications to libqhull_r.so",[],CMake,0,112,113
25179,jrl-umi3218/mc_rtc,https://github.com/jrl-umi3218/mc_rtc/blob/0e03dab3b900d8dab8ac79e5998ef7d0a3f7c883/3rd-party/qhull/CMakeLists.txt#L165,"# ---------------------------------------
# Define library source files and variables
#
# Files for individual targets are defined with the target
# ---------------------------------------",[],CMake,0,165,169
25179,jrl-umi3218/mc_rtc,https://github.com/jrl-umi3218/mc_rtc/blob/0e03dab3b900d8dab8ac79e5998ef7d0a3f7c883/3rd-party/qhull/CMakeLists.txt#L171,# Order libqhull object files by frequency of execution.  Small files at end.,[],CMake,0,171,171
25179,jrl-umi3218/mc_rtc,https://github.com/jrl-umi3218/mc_rtc/blob/0e03dab3b900d8dab8ac79e5998ef7d0a3f7c883/3rd-party/qhull/CMakeLists.txt#L173,# Non-reentrant Qhull,[],CMake,0,173,173
25179,jrl-umi3218/mc_rtc,https://github.com/jrl-umi3218/mc_rtc/blob/0e03dab3b900d8dab8ac79e5998ef7d0a3f7c883/3rd-party/qhull/CMakeLists.txt#L224,# Reeentrant Qhull,[],CMake,0,224,224
25179,jrl-umi3218/mc_rtc,https://github.com/jrl-umi3218/mc_rtc/blob/0e03dab3b900d8dab8ac79e5998ef7d0a3f7c883/3rd-party/qhull/CMakeLists.txt#L276,# C++ interface to reentrant Qhull,[],CMake,0,276,276
25179,jrl-umi3218/mc_rtc,https://github.com/jrl-umi3218/mc_rtc/blob/0e03dab3b900d8dab8ac79e5998ef7d0a3f7c883/3rd-party/qhull/CMakeLists.txt#L333,# Documentation files (index.htm refers to html/...),[],CMake,0,333,333
25179,jrl-umi3218/mc_rtc,https://github.com/jrl-umi3218/mc_rtc/blob/0e03dab3b900d8dab8ac79e5998ef7d0a3f7c883/3rd-party/qhull/CMakeLists.txt#L350,# Temporarily avoid name conflict with qhull executable,[],CMake,28,350,350
25179,jrl-umi3218/mc_rtc,https://github.com/jrl-umi3218/mc_rtc/blob/0e03dab3b900d8dab8ac79e5998ef7d0a3f7c883/3rd-party/qhull/CMakeLists.txt#L351,"# libqhull and qhull_p are deprecated, use qhull_r instead",[],CMake,28,351,351
25179,jrl-umi3218/mc_rtc,https://github.com/jrl-umi3218/mc_rtc/blob/0e03dab3b900d8dab8ac79e5998ef7d0a3f7c883/3rd-party/qhull/CMakeLists.txt#L358,# Unused,[],CMake,25,358,358
25179,jrl-umi3218/mc_rtc,https://github.com/jrl-umi3218/mc_rtc/blob/0e03dab3b900d8dab8ac79e5998ef7d0a3f7c883/3rd-party/qhull/CMakeLists.txt#L362,# Unused,[],CMake,31,362,362
25179,jrl-umi3218/mc_rtc,https://github.com/jrl-umi3218/mc_rtc/blob/0e03dab3b900d8dab8ac79e5998ef7d0a3f7c883/3rd-party/qhull/CMakeLists.txt#L366,"# ---------------------------------------
# Define shared library for reentrant qhull (installed)
# ---------------------------------------",[],CMake,0,366,368
25179,jrl-umi3218/mc_rtc,https://github.com/jrl-umi3218/mc_rtc/blob/0e03dab3b900d8dab8ac79e5998ef7d0a3f7c883/3rd-party/qhull/CMakeLists.txt#L391,"# ---------------------------------------
# Define deprecated shared library for non-reentrant qhull
# ---------------------------------------",[],CMake,0,391,393
25179,jrl-umi3218/mc_rtc,https://github.com/jrl-umi3218/mc_rtc/blob/0e03dab3b900d8dab8ac79e5998ef7d0a3f7c883/3rd-party/qhull/CMakeLists.txt#L418,"# ---------------------------------------
# Define deprecated shared library for non-reentrant qhull with qh_QHpointer
# ---------------------------------------",[],CMake,0,418,420
25179,jrl-umi3218/mc_rtc,https://github.com/jrl-umi3218/mc_rtc/blob/0e03dab3b900d8dab8ac79e5998ef7d0a3f7c883/3rd-party/qhull/CMakeLists.txt#L446,"# ---------------------------------------
# Define static libraries qhullstatic (non-reentrant) and qhullstatic_r (reentrant)
# ---------------------------------------",[],CMake,0,446,448
25179,jrl-umi3218/mc_rtc,https://github.com/jrl-umi3218/mc_rtc/blob/0e03dab3b900d8dab8ac79e5998ef7d0a3f7c883/3rd-party/qhull/CMakeLists.txt#L465,"# ---------------------------------------
# Define C++ static library qhullcpp
#     Do not create libqhullcpp as a shared library.  
#     Qhull C++ classes may change layout and size. 
#     Qhull C programs use setjmp/longjmp for error handling.
# ---------------------------------------",[],CMake,0,465,470
25179,jrl-umi3218/mc_rtc,https://github.com/jrl-umi3218/mc_rtc/blob/0e03dab3b900d8dab8ac79e5998ef7d0a3f7c883/3rd-party/qhull/CMakeLists.txt#L486,"#
## ---------------------------------------
## if BUILD_STATIC_LIBS=OFF or BUILD_SHARED_LIBS=OFF
##   Exclude library builds from ""make all"" 
## ---------------------------------------
#if(NOT ${BUILD_STATIC_LIBS})
#    set_target_properties(${qhull_STATIC} PROPERTIES EXCLUDE_FROM_ALL TRUE)
#    set_target_properties(${qhull_STATICR} PROPERTIES EXCLUDE_FROM_ALL TRUE)
#    set_target_properties(${qhull_CPP} PROPERTIES EXCLUDE_FROM_ALL TRUE)
#endif()
#if(NOT ${BUILD_SHARED_LIBS})
#    set_target_properties(${qhull_SHARED} PROPERTIES EXCLUDE_FROM_ALL TRUE)
#    set_target_properties(${qhull_SHAREDR} PROPERTIES EXCLUDE_FROM_ALL TRUE)
#    set_target_properties(${qhull_SHAREDP} PROPERTIES EXCLUDE_FROM_ALL TRUE)
#endif()
#
## ---------------------------------------
## Define options for linking to shared libaries
## ---------------------------------------
#if(MSVC) 
#    set(qconvex_DEFINES  qh_dllimport)
#    set(qdelaunay_DEFINES qh_dllimport)
#    set(qhalf_DEFINES    qh_dllimport)
#    set(qhull_DEFINES    qh_dllimport)
#    set(qvoronoi_DEFINES qh_dllimport)
#    set(rbox_DEFINES 	 qh_dllimport)
#    set(user_eg_DEFINES  qh_dllimport)
#    set(user_eg2_DEFINES qh_dllimport)
#    set(user_egp_DEFINES qh_QHpointer_dllimport qh_QHpointer)
#    set(qhullp_DEFINES   qh_QHpointer_dllimport qh_QHpointer)
#else()
#    set(qconvex_DEFINES )
#    set(qdelaunay_DEFINES )
#    set(qhalf_DEFINES )
#    set(qhull_DEFINES )
#    set(qvoronoi_DEFINES )
#    set(rbox_DEFINES )
#    set(user_eg_DEFINES )
#    set(user_eg2_DEFINES )
#    set(user_egp_DEFINES qh_QHpointer)
#    set(qhullp_DEFINES qh_QHpointer)
#endif()
#
## ---------------------------------------
## Define qhull applications
## 
## By default, qhull is linked to reentrant qhull (more flexible)
## the other applications are linked to non-reentrant qhull (somewhat faster)
##
## If LINK_APPS_SHARED, applications are linked to reentrant qhull
## ---------------------------------------
#
#if(${LINK_APPS_SHARED})
#    add_executable(qconvex src/qconvex/qconvex_r.c)
#    target_link_libraries(qconvex ${qhull_SHAREDR})
#    set_target_properties(qconvex PROPERTIES
#        COMPILE_DEFINITIONS ""${qconvex_DEFINES}"")
#
#    add_executable(qdelaunay src/qdelaunay/qdelaun_r.c)
#    target_link_libraries(qdelaunay ${qhull_SHAREDR})
#    set_target_properties(qdelaunay PROPERTIES
#        COMPILE_DEFINITIONS ""${qdelaunay_DEFINES}"")
#
#    add_executable(qhalf src/qhalf/qhalf_r.c)
#    target_link_libraries(qhalf ${qhull_SHAREDR})
#    set_target_properties(qhalf PROPERTIES
#        COMPILE_DEFINITIONS ""${qhalf_DEFINES}"")
#
#    add_executable(qhull src/qhull/unix_r.c)
#    target_link_libraries(qhull ${qhull_SHAREDR})
#    set_target_properties(qhull PROPERTIES
#        COMPILE_DEFINITIONS ""${qhull_DEFINES}"")
#
#    add_executable(qvoronoi src/qvoronoi/qvoronoi_r.c)
#    target_link_libraries(qvoronoi ${qhull_SHAREDR})
#    set_target_properties(qvoronoi PROPERTIES
#        COMPILE_DEFINITIONS ""${qvoronoi_DEFINES}"")
#
#    add_executable(rbox src/rbox/rbox_r.c)
#    target_link_libraries(rbox ${qhull_SHAREDR})
#    set_target_properties(rbox PROPERTIES
#        COMPILE_DEFINITIONS ""${rbox_DEFINES}"")
#else()
#    if(NOT ${BUILD_STATIC_LIBS})
#        message(FATAL_ERROR, "" Nothing to build -- BUILD_SHARED_LIBS=OFF and BUILD_STATIC_LIBS=OFF"")
#    endif()
#
#    add_executable(qconvex src/qconvex/qconvex.c)
#    target_link_libraries(qconvex ${qhull_STATIC})
#
#    add_executable(qdelaunay src/qdelaunay/qdelaun.c)
#    target_link_libraries(qdelaunay ${qhull_STATIC})
#
#    add_executable(qhalf src/qhalf/qhalf.c)
#    target_link_libraries(qhalf ${qhull_STATIC})
#
#    add_executable(qhull src/qhull/unix_r.c)
#    target_link_libraries(qhull ${qhull_STATICR})
#
#    add_executable(qvoronoi src/qvoronoi/qvoronoi.c)
#    target_link_libraries(qvoronoi ${qhull_STATIC})
#
#    add_executable(rbox src/rbox/rbox.c)
#    target_link_libraries(rbox ${qhull_STATIC})
#endif()
#
## #@# 20
## ---------------------------------------
## Define testqset linked to qset.o, mem.o, and usermem.o
## Define testqset_r linked to qset_r.o, mem_r.o, and usermem.o
## ---------------------------------------
#
#add_executable(testqset ${testqset_SOURCES})
#add_executable(testqset_r ${testqsetr_SOURCES})
#
## ---------------------------------------
## Define user_eg linked to reentrant qhull shared library
## ---------------------------------------
#
#add_executable(user_eg src/user_eg/user_eg_r.c)
#
#if(${BUILD_SHARED_LIBS})
#    target_link_libraries(user_eg ${qhull_SHAREDR})
#    set_target_properties(user_eg PROPERTIES
#	COMPILE_DEFINITIONS ""${user_eg_DEFINES}"")
#else()
#    target_link_libraries(user_eg ${qhull_STATICR})
#endif()
#
## ---------------------------------------
## Define user_eg2 linked to reentrant qhull static library
## ---------------------------------------
#
#add_executable(user_eg2 src/user_eg2/user_eg2_r.c)
#
#if(${BUILD_STATIC_LIBS})
#    target_link_libraries(user_eg2 ${qhull_STATICR})
#else()
#    target_link_libraries(user_eg2 ${qhull_SHAREDR})
#    set_target_properties(user_eg2 PROPERTIES
#	COMPILE_DEFINITIONS ""${user_eg2_DEFINES}"")
#endif()
#
## ---------------------------------------
## Define user_eg3 linked to qhullcpp and qhullstatic_r static libraries
## 
## user_eg3 is not defined for shared libraries
##   user_eg3 and qhullcpp must be compiled with the same compiler for setjmp/longjmp
## ---------------------------------------
#
#if(${BUILD_STATIC_LIBS})
#    add_executable(user_eg3 src/user_eg3/user_eg3_r.cpp)
#    # qhull_STATICR must be last, otherwise qh_fprintf,etc. are not loaded from qhull_CPP
#    target_link_libraries(user_eg3 ${qhull_CPP} ${qhull_STATICR})
#endif()
#
## ---------------------------------------
## qhullp is qhull/unix.c linked to unsuported qh_QHpointer libqhull_p
## Included for testing qh_QHpointer 
## ---------------------------------------
#
#add_executable(qhullp EXCLUDE_FROM_ALL src/qhull/unix.c)
#target_link_libraries(qhullp ${qhull_SHAREDP})
#set_target_properties(qhullp PROPERTIES
#    COMPILE_DEFINITIONS ""${qhullp_DEFINES}"")
#
## ---------------------------------------
## user_egp is user_eg/user_eg.c linked to unsuported qh_QHpointer libqhull_p
## Included for compatibility with qhull-2012.1 
## ---------------------------------------
#
#add_executable(user_egp EXCLUDE_FROM_ALL src/user_eg/user_eg.c)
#target_link_libraries(user_egp ${qhull_SHAREDP})
#set_target_properties(user_egp PROPERTIES
#    COMPILE_DEFINITIONS ""${user_egp_DEFINES}"")
#
## ---------------------------------------
## Define test
## ---------------------------------------
#
#enable_testing()
#add_test(NAME testqset
#   COMMAND ./testqset 10000)
#add_test(NAME testqset_r
#   COMMAND ./testqset_r 10000)
#add_test(NAME smoketest
#   COMMAND sh -c ""./rbox D4 | ./qhull Tv"")
#add_test(NAME rbox-10-qhull
#   COMMAND sh -c ""./rbox 10 | ./qhull Tv"")
#add_test(NAME rbox-10-qconvex
#   COMMAND sh -c ""./rbox 10 | ./qconvex Tv"")
#add_test(NAME rbox-10-qdelaunay
#   COMMAND sh -c ""./rbox 10 | ./qdelaunay Tv"")
#add_test(NAME rbox-10-qhalf
#   COMMAND sh -c ""./rbox 10 | ./qconvex FQ FV n Tv | ./qhalf Tv"")
#add_test(NAME rbox-10-qvoronoi
#   COMMAND sh -c ""./rbox 10 | ./qvoronoi Tv"")
#add_test(NAME user_eg
#   COMMAND sh -c ""./user_eg"")
#add_test(NAME user_eg2
#   COMMAND sh -c ""./user_eg2"")
#   
#if(${BUILD_STATIC_LIBS})
#    add_test(NAME user_eg3
#       COMMAND sh -c ""./user_eg3 rbox '10 D2' '2 D2' qhull 's p' facets"")
#endif()
#
## ---------------------------------------
## Define install
## ---------------------------------------
#
#set(qhull_TARGETS_INSTALL ${qhull_TARGETS_APPLICATIONS})
#if (BUILD_SHARED_LIBS)
#    list(APPEND qhull_TARGETS_INSTALL ${qhull_TARGETS_SHARED})
#endif()
#if (BUILD_STATIC_LIBS)
#    list(APPEND qhull_TARGETS_INSTALL ${qhull_TARGETS_STATIC})
#endif()
#
#install(TARGETS ${qhull_TARGETS_INSTALL} EXPORT QhullTargets
#        RUNTIME DESTINATION ${BIN_INSTALL_DIR}
#        LIBRARY DESTINATION ${LIB_INSTALL_DIR}
#        ARCHIVE DESTINATION ${LIB_INSTALL_DIR}
#        INCLUDES DESTINATION include)
#
#include(CMakePackageConfigHelpers)
#
#write_basic_package_version_file(
#    ""${CMAKE_CURRENT_BINARY_DIR}/QhullExport/QhullConfigVersion.cmake""
#    VERSION ${qhull_VERSION}
#    COMPATIBILITY AnyNewerVersion
#)
#
#export(EXPORT QhullTargets
#  FILE ""${CMAKE_CURRENT_BINARY_DIR}/QhullExport/QhullTargets.cmake""
#  NAMESPACE Qhull:: 
#)
#
#configure_file(${PROJECT_SOURCE_DIR}/build/config.cmake.in
#  ""${CMAKE_CURRENT_BINARY_DIR}/QhullExport/QhullConfig.cmake""
#  @ONLY
#)
#
#set(ConfigPackageLocation lib/cmake/Qhull)
#install(EXPORT QhullTargets
#  FILE
#    QhullTargets.cmake
#  NAMESPACE
#    Qhull::
#  DESTINATION
#    ${ConfigPackageLocation}
#)
#install(
#  FILES
#    ""${CMAKE_CURRENT_BINARY_DIR}/QhullExport/QhullConfig.cmake""
#    ""${CMAKE_CURRENT_BINARY_DIR}/QhullExport/QhullConfigVersion.cmake""
#  DESTINATION
#    ${ConfigPackageLocation}
#  COMPONENT
#    Devel
#)
#
#set(PkgConfigLocation lib/pkgconfig)
#foreach(pkgconfig IN ITEMS ""${qhull_SHAREDR};Qhull reentrant shared library""
#                           ""${qhull_STATIC};Qhull static library""
#                           ""${qhull_STATICR};Qhull reentrant static library""
#                           ""${qhull_CPP};Qhull C++ library"")
#    list(GET pkgconfig 0 LIBRARY_NAME)
#    if(LIBRARY_NAME STREQUAL ""libqhull"")
#        set(LIBRARY_NAME ""qhull"")
#    endif()
#    if(CMAKE_BUILD_TYPE STREQUAL ""Debug"")
#        string(REGEX REPLACE ""_(.)$"" ""_\\1d"" LIBRARY_NAME ${LIBRARY_NAME})
#        string(REGEX REPLACE ""([^d])$"" ""\\1_d"" LIBRARY_NAME ${LIBRARY_NAME})
#    endif()
#    list(GET pkgconfig 1 LIBRARY_DESCRIPTION)
#    configure_file(build/qhull.pc.in ${LIBRARY_NAME}.pc @ONLY)
#    install(FILES ${CMAKE_CURRENT_BINARY_DIR}/${LIBRARY_NAME}.pc DESTINATION ${PkgConfigLocation} COMPONENT Devel)
#endforeach()
#
#install(FILES ${libqhull_HEADERS}    DESTINATION ${INCLUDE_INSTALL_DIR}/libqhull)
#install(FILES src/libqhull/DEPRECATED.txt DESTINATION ${INCLUDE_INSTALL_DIR}/libqhull)
#install(FILES ${libqhullr_HEADERS}    DESTINATION ${INCLUDE_INSTALL_DIR}/libqhull_r)
#install(FILES ${libqhullcpp_HEADERS} DESTINATION ${INCLUDE_INSTALL_DIR}/libqhullcpp)
#install(FILES html/qhull.man         DESTINATION ${MAN_INSTALL_DIR} RENAME qhull.1)
#install(FILES html/rbox.man          DESTINATION ${MAN_INSTALL_DIR} RENAME rbox.1)
#install(FILES ${doc_FILES}           DESTINATION ${DOC_INSTALL_DIR})
#install(DIRECTORY html/              DESTINATION ${DOC_INSTALL_DIR}/html)
#install(FILES src/Changes.txt        DESTINATION ${DOC_INSTALL_DIR}/src)
#
#add_custom_target(uninstall
#    COMMENT ""uninstall Qhull by deleting files in install_manifest.txt""
#    COMMAND cat install_manifest.txt | tr -d \""\\r\"" | xargs -r rm
#)",[],CMake,0,486,779
25179,jrl-umi3218/mc_rtc,https://github.com/jrl-umi3218/mc_rtc/blob/0e03dab3b900d8dab8ac79e5998ef7d0a3f7c883/CMakeModules/CMakeLists.txt#L1,"#
# Copyright 2015-2019 CNRS-UM LIRMM, CNRS-AIST JRL
#",[],CMake,0,1,3
25179,jrl-umi3218/mc_rtc,https://github.com/jrl-umi3218/mc_rtc/blob/0e03dab3b900d8dab8ac79e5998ef7d0a3f7c883/benchmarks/CMakeLists.txt#L1,"#
# Copyright 2015-2019 CNRS-UM LIRMM, CNRS-AIST JRL
#",[],CMake,0,1,3
25179,jrl-umi3218/mc_rtc,https://github.com/jrl-umi3218/mc_rtc/blob/0e03dab3b900d8dab8ac79e5998ef7d0a3f7c883/benchmarks/CMakeLists.txt#L19,# Add benchmark as unit-test,[],CMake,2,19,19
25179,jrl-umi3218/mc_rtc,https://github.com/jrl-umi3218/mc_rtc/blob/0e03dab3b900d8dab8ac79e5998ef7d0a3f7c883/binding/python/CMakeLists.txt#L1,"#
# Copyright 2015-2019 CNRS-UM LIRMM, CNRS-AIST JRL
#",[],CMake,0,1,3
25179,jrl-umi3218/mc_rtc,https://github.com/jrl-umi3218/mc_rtc/blob/0e03dab3b900d8dab8ac79e5998ef7d0a3f7c883/doc/CMakeLists.txt#L1,"#
# Copyright 2015-2019 CNRS-UM LIRMM, CNRS-AIST JRL
#",[],CMake,0,1,3
25179,jrl-umi3218/mc_rtc,https://github.com/jrl-umi3218/mc_rtc/blob/0e03dab3b900d8dab8ac79e5998ef7d0a3f7c883/plugins/CMakeLists.txt#L1,"#
# Copyright 2015-2019 CNRS-UM LIRMM, CNRS-AIST JRL, BIT
#",[],CMake,0,1,3
25179,jrl-umi3218/mc_rtc,https://github.com/jrl-umi3218/mc_rtc/blob/0e03dab3b900d8dab8ac79e5998ef7d0a3f7c883/plugins/ROS/CMakeLists.txt#L12,# Detect if we are building inside mc_rtc,[],CMake,0,12,12
25179,jrl-umi3218/mc_rtc,https://github.com/jrl-umi3218/mc_rtc/blob/0e03dab3b900d8dab8ac79e5998ef7d0a3f7c883/plugins/ROS/CMakeLists.txt#L18,# Stop right here,[],CMake,4,18,18
25179,jrl-umi3218/mc_rtc,https://github.com/jrl-umi3218/mc_rtc/blob/0e03dab3b900d8dab8ac79e5998ef7d0a3f7c883/src/CMakeLists.txt#L1,"#
# Copyright 2015-2019 CNRS-UM LIRMM, CNRS-AIST JRL
#",[],CMake,0,1,3
25179,jrl-umi3218/mc_rtc,https://github.com/jrl-umi3218/mc_rtc/blob/0e03dab3b900d8dab8ac79e5998ef7d0a3f7c883/src/CMakeLists.txt#L87,# This is not necessary but a work-around for https://gitlab.kitware.com/cmake/cmake/-/issues/21203,[],CMake,0,87,87
25179,jrl-umi3218/mc_rtc,https://github.com/jrl-umi3218/mc_rtc/blob/0e03dab3b900d8dab8ac79e5998ef7d0a3f7c883/src/CMakeLists.txt#L238,# qhull,[],CMake,0,238,238
25179,jrl-umi3218/mc_rtc,https://github.com/jrl-umi3218/mc_rtc/blob/0e03dab3b900d8dab8ac79e5998ef7d0a3f7c883/src/CMakeLists.txt#L467,# header-only,[],CMake,0,467,467
25179,jrl-umi3218/mc_rtc,https://github.com/jrl-umi3218/mc_rtc/blob/0e03dab3b900d8dab8ac79e5998ef7d0a3f7c883/src/mc_control/CMakeLists.txt#L1,"#
# Copyright 2015-2020 CNRS-UM LIRMM, CNRS-AIST JRL
#",[],CMake,0,1,3
25179,jrl-umi3218/mc_rtc,https://github.com/jrl-umi3218/mc_rtc/blob/0e03dab3b900d8dab8ac79e5998ef7d0a3f7c883/src/mc_control/HalfSitPose/CMakeLists.txt#L1,"#
# Copyright 2015-2019 CNRS-UM LIRMM, CNRS-AIST JRL
#",[],CMake,0,1,3
25179,jrl-umi3218/mc_rtc,https://github.com/jrl-umi3218/mc_rtc/blob/0e03dab3b900d8dab8ac79e5998ef7d0a3f7c883/src/mc_control/fsm/CMakeLists.txt#L1,"#
# Copyright 2015-2020 CNRS-UM LIRMM, CNRS-AIST JRL
#",[],CMake,0,1,3
25179,jrl-umi3218/mc_rtc,https://github.com/jrl-umi3218/mc_rtc/blob/0e03dab3b900d8dab8ac79e5998ef7d0a3f7c883/src/mc_control/fsm/states/CMakeLists.txt#L1,"#
# Copyright 2015-2019 CNRS-UM LIRMM, CNRS-AIST JRL
#",[],CMake,0,1,3
25179,jrl-umi3218/mc_rtc,https://github.com/jrl-umi3218/mc_rtc/blob/0e03dab3b900d8dab8ac79e5998ef7d0a3f7c883/src/mc_control/fsm/states/CMakeLists.txt#L51,# PythonState,[],CMake,0,51,51
25179,jrl-umi3218/mc_rtc,https://github.com/jrl-umi3218/mc_rtc/blob/0e03dab3b900d8dab8ac79e5998ef7d0a3f7c883/src/mc_control/python/CMakeLists.txt#L1,"#
# Copyright 2015-2019 CNRS-UM LIRMM, CNRS-AIST JRL
#",[],CMake,0,1,3
25179,jrl-umi3218/mc_rtc,https://github.com/jrl-umi3218/mc_rtc/blob/0e03dab3b900d8dab8ac79e5998ef7d0a3f7c883/src/mc_control/samples/CoM/CMakeLists.txt#L1,"#
# Copyright 2015-2019 CNRS-UM LIRMM, CNRS-AIST JRL
#",[],CMake,0,1,3
25179,jrl-umi3218/mc_rtc,https://github.com/jrl-umi3218/mc_rtc/blob/0e03dab3b900d8dab8ac79e5998ef7d0a3f7c883/src/mc_control/samples/EndEffector/CMakeLists.txt#L1,"#
# Copyright 2015-2020 CNRS-UM LIRMM, CNRS-AIST JRL
#",[],CMake,0,1,3
25179,jrl-umi3218/mc_rtc,https://github.com/jrl-umi3218/mc_rtc/blob/0e03dab3b900d8dab8ac79e5998ef7d0a3f7c883/src/mc_control/samples/Impedance/CMakeLists.txt#L1,"#
# Copyright 2015-2020 CNRS-UM LIRMM, CNRS-AIST JRL
#",[],CMake,0,1,3
25179,jrl-umi3218/mc_rtc,https://github.com/jrl-umi3218/mc_rtc/blob/0e03dab3b900d8dab8ac79e5998ef7d0a3f7c883/src/mc_control/samples/Posture/CMakeLists.txt#L1,"#
# Copyright 2015-2019 CNRS-UM LIRMM, CNRS-AIST JRL
#",[],CMake,0,1,3
25179,jrl-umi3218/mc_rtc,https://github.com/jrl-umi3218/mc_rtc/blob/0e03dab3b900d8dab8ac79e5998ef7d0a3f7c883/src/mc_control/samples/Text/CMakeLists.txt#L1,"#
# Copyright 2015-2019 CNRS-UM LIRMM, CNRS-AIST JRL
#",[],CMake,0,1,3
25179,jrl-umi3218/mc_rtc,https://github.com/jrl-umi3218/mc_rtc/blob/0e03dab3b900d8dab8ac79e5998ef7d0a3f7c883/src/mc_robots/CMakeLists.txt#L1,"#
# Copyright 2015-2019 CNRS-UM LIRMM, CNRS-AIST JRL
#",[],CMake,0,1,3
25179,jrl-umi3218/mc_rtc,https://github.com/jrl-umi3218/mc_rtc/blob/0e03dab3b900d8dab8ac79e5998ef7d0a3f7c883/tests/CMakeLists.txt#L1,"#
# Copyright 2015-2019 CNRS-UM LIRMM, CNRS-AIST JRL
#",[],CMake,0,1,3
25179,jrl-umi3218/mc_rtc,https://github.com/jrl-umi3218/mc_rtc/blob/0e03dab3b900d8dab8ac79e5998ef7d0a3f7c883/tests/CMakeLists.txt#L7,"############################
# -- Compile-time tests -- #
############################",[],CMake,0,7,9
25179,jrl-umi3218/mc_rtc,https://github.com/jrl-umi3218/mc_rtc/blob/0e03dab3b900d8dab8ac79e5998ef7d0a3f7c883/tests/CMakeLists.txt#L32,"#################################
# -- Framework utility tests -- #
#################################",[],CMake,0,32,34
25179,jrl-umi3218/mc_rtc,https://github.com/jrl-umi3218/mc_rtc/blob/0e03dab3b900d8dab8ac79e5998ef7d0a3f7c883/tests/CMakeLists.txt#L66,# Adding a project configuration file (for MSVC only),[],CMake,2,66,66
25179,jrl-umi3218/mc_rtc,https://github.com/jrl-umi3218/mc_rtc/blob/0e03dab3b900d8dab8ac79e5998ef7d0a3f7c883/tests/CMakeLists.txt#L89,"###########################
# -- FSM related tests -- #
###########################",[],CMake,0,89,91
25179,jrl-umi3218/mc_rtc,https://github.com/jrl-umi3218/mc_rtc/blob/0e03dab3b900d8dab8ac79e5998ef7d0a3f7c883/tests/CMakeLists.txt#L96,# Run in ConfigureState dir to find the DLL on Windows,[],CMake,0,96,96
25179,jrl-umi3218/mc_rtc,https://github.com/jrl-umi3218/mc_rtc/blob/0e03dab3b900d8dab8ac79e5998ef7d0a3f7c883/tests/CMakeLists.txt#L98,# Generate an MSVC .user file with the right path,[],CMake,0,98,98
25179,jrl-umi3218/mc_rtc,https://github.com/jrl-umi3218/mc_rtc/blob/0e03dab3b900d8dab8ac79e5998ef7d0a3f7c883/tests/CMakeLists.txt#L106,"######################################
# -- Controllers and robots tests -- #
######################################",[],CMake,0,106,108
25179,jrl-umi3218/mc_rtc,https://github.com/jrl-umi3218/mc_rtc/blob/0e03dab3b900d8dab8ac79e5998ef7d0a3f7c883/tests/CMakeLists.txt#L118,# Adding a project configuration file (for MSVC only),[],CMake,0,118,118
25179,jrl-umi3218/mc_rtc,https://github.com/jrl-umi3218/mc_rtc/blob/0e03dab3b900d8dab8ac79e5998ef7d0a3f7c883/tests/CMakeLists.txt#L135,"#######################
# -- mc_rbdyn test -- #
#######################",[],CMake,0,135,137
25179,jrl-umi3218/mc_rtc,https://github.com/jrl-umi3218/mc_rtc/blob/0e03dab3b900d8dab8ac79e5998ef7d0a3f7c883/tests/CMakeLists.txt#L140,"######################
# -- Network test -- #
######################",[],CMake,0,140,142
25179,jrl-umi3218/mc_rtc,https://github.com/jrl-umi3218/mc_rtc/blob/0e03dab3b900d8dab8ac79e5998ef7d0a3f7c883/tests/CMakeLists.txt#L153,"######################
# -- Filters test -- #
######################",[],CMake,0,153,155
25179,jrl-umi3218/mc_rtc,https://github.com/jrl-umi3218/mc_rtc/blob/0e03dab3b900d8dab8ac79e5998ef7d0a3f7c883/tests/controllers/CMakeLists.txt#L1,"#
# Copyright 2015-2022 CNRS-UM LIRMM, CNRS-AIST JRL
#",[],CMake,0,1,3
25179,jrl-umi3218/mc_rtc,https://github.com/jrl-umi3218/mc_rtc/blob/0e03dab3b900d8dab8ac79e5998ef7d0a3f7c883/tests/controllers/CMakeLists.txt#L19,#Not robust to having ';' inside an arg. Could use list(JOIN ...) in CMake>=3.12,[],CMake,69,19,19
25179,jrl-umi3218/mc_rtc,https://github.com/jrl-umi3218/mc_rtc/blob/0e03dab3b900d8dab8ac79e5998ef7d0a3f7c883/tests/controllers/CMakeLists.txt#L22,# Adding a project configuration file (for MSVC only),[],CMake,0,22,22
25179,jrl-umi3218/mc_rtc,https://github.com/jrl-umi3218/mc_rtc/blob/0e03dab3b900d8dab8ac79e5998ef7d0a3f7c883/tests/controllers/CMakeLists.txt#L115,# Add a custom target to run the controller in real-time and to run the test in IDE,[],CMake,4,115,115
25179,jrl-umi3218/mc_rtc,https://github.com/jrl-umi3218/mc_rtc/blob/0e03dab3b900d8dab8ac79e5998ef7d0a3f7c883/tests/controllers/CMakeLists.txt#L142,# These tests do not work when building in a chroot such as during Debian packaging,[],CMake,0,142,142
25179,jrl-umi3218/mc_rtc,https://github.com/jrl-umi3218/mc_rtc/blob/0e03dab3b900d8dab8ac79e5998ef7d0a3f7c883/tests/controllers/CMakeLists.txt#L156,# Test threaded log policy,[],CMake,2,156,156
25179,jrl-umi3218/mc_rtc,https://github.com/jrl-umi3218/mc_rtc/blob/0e03dab3b900d8dab8ac79e5998ef7d0a3f7c883/tests/controllers/CMakeLists.txt#L174,# Test controller switch and threaded log policy,[],CMake,2,174,174
25179,jrl-umi3218/mc_rtc,https://github.com/jrl-umi3218/mc_rtc/blob/0e03dab3b900d8dab8ac79e5998ef7d0a3f7c883/tests/controllers/CMakeLists.txt#L207,# mc_task test controllers,[],CMake,0,207,207
25179,jrl-umi3218/mc_rtc,https://github.com/jrl-umi3218/mc_rtc/blob/0e03dab3b900d8dab8ac79e5998ef7d0a3f7c883/tests/controllers/CMakeLists.txt#L216,# mc_solver test controllers,[],CMake,0,216,216
25179,jrl-umi3218/mc_rtc,https://github.com/jrl-umi3218/mc_rtc/blob/0e03dab3b900d8dab8ac79e5998ef7d0a3f7c883/tests/controllers/CMakeLists.txt#L220,# Test FSM generic state configuration option,[],CMake,0,220,220
25179,jrl-umi3218/mc_rtc,https://github.com/jrl-umi3218/mc_rtc/blob/0e03dab3b900d8dab8ac79e5998ef7d0a3f7c883/tests/controllers/CMakeLists.txt#L239,# mc_observer test controllers,[],CMake,0,239,239
25179,jrl-umi3218/mc_rtc,https://github.com/jrl-umi3218/mc_rtc/blob/0e03dab3b900d8dab8ac79e5998ef7d0a3f7c883/tests/controllers/CMakeLists.txt#L245,# Test run of sample controllers,[],CMake,0,245,245
25179,jrl-umi3218/mc_rtc,https://github.com/jrl-umi3218/mc_rtc/blob/0e03dab3b900d8dab8ac79e5998ef7d0a3f7c883/tests/controllers/CMakeLists.txt#L290,# Test sample FSM controller,[],CMake,0,290,290
25179,jrl-umi3218/mc_rtc,https://github.com/jrl-umi3218/mc_rtc/blob/0e03dab3b900d8dab8ac79e5998ef7d0a3f7c883/tests/controllers/CMakeLists.txt#L302,"# Test LIPMStabilizer controller execution
# Runs open-loop, does not check stability, only that it is runnable",[],CMake,0,302,303
25179,jrl-umi3218/mc_rtc,https://github.com/jrl-umi3218/mc_rtc/blob/0e03dab3b900d8dab8ac79e5998ef7d0a3f7c883/tests/controllers/CMakeLists.txt#L320,# Create a test plugin,[],CMake,0,320,320
25179,jrl-umi3218/mc_rtc,https://github.com/jrl-umi3218/mc_rtc/blob/0e03dab3b900d8dab8ac79e5998ef7d0a3f7c883/tests/controllers/CMakeLists.txt#L332,"# Test controller plugin, checks that
# - a provided global plugin (Plugin0) is loaded for both controllers
# - Plugin1 and Plugin2 are used in the first controller
# - Plugin2 and Plugin3 are used in the second controller
# - Plugin0 and Plugin2 are the same instance of the plugin",[],CMake,0,332,336
25179,jrl-umi3218/mc_rtc,https://github.com/jrl-umi3218/mc_rtc/blob/0e03dab3b900d8dab8ac79e5998ef7d0a3f7c883/tests/controllers/CMakeLists.txt#L366,"# We generate controller-level configuration for every plugins, this checks
# that this configuration is only loaded if the plugin is enabled at the global
# or controller level",[],CMake,0,366,368
25179,jrl-umi3218/mc_rtc,https://github.com/jrl-umi3218/mc_rtc/blob/0e03dab3b900d8dab8ac79e5998ef7d0a3f7c883/tests/controllers/CMakeLists.txt#L400,# Test Python bindings,[],CMake,0,400,400
25179,jrl-umi3218/mc_rtc,https://github.com/jrl-umi3218/mc_rtc/blob/0e03dab3b900d8dab8ac79e5998ef7d0a3f7c883/tests/fsm_states/CMakeLists.txt#L1,"#
# Copyright 2015-2019 CNRS-UM LIRMM, CNRS-AIST JRL
#",[],CMake,0,1,3
25179,jrl-umi3218/mc_rtc,https://github.com/jrl-umi3218/mc_rtc/blob/0e03dab3b900d8dab8ac79e5998ef7d0a3f7c883/tests/robots/CMakeLists.txt#L1,"#
# Copyright 2015-2019 CNRS-UM LIRMM, CNRS-AIST JRL
#",[],CMake,0,1,3
25179,jrl-umi3218/mc_rtc,https://github.com/jrl-umi3218/mc_rtc/blob/0e03dab3b900d8dab8ac79e5998ef7d0a3f7c883/tests/robots/CMakeLists.txt#L20,# Adding a project configuration file (for MSVC only),[],CMake,2,20,20
25179,jrl-umi3218/mc_rtc,https://github.com/jrl-umi3218/mc_rtc/blob/0e03dab3b900d8dab8ac79e5998ef7d0a3f7c883/utils/CMakeLists.txt#L1,"#
# Copyright 2015-2022 CNRS-UM LIRMM, CNRS-AIST JRL
#",[],CMake,0,1,3
25179,jrl-umi3218/mc_rtc,https://github.com/jrl-umi3218/mc_rtc/blob/0e03dab3b900d8dab8ac79e5998ef7d0a3f7c883/utils/mc_log_gui/CMakeLists.txt#L1,"#
# Copyright 2015-2020 CNRS-UM LIRMM, CNRS-AIST JRL
#",[],CMake,0,1,3
25179,jrl-umi3218/mc_rtc,https://github.com/jrl-umi3218/mc_rtc/blob/0e03dab3b900d8dab8ac79e5998ef7d0a3f7c883/3rd-party/qhull/build/CMakeModules/CheckLFS.cmake#L1,## Checks for large file support ##,[],CMake,0,1,1
25179,jrl-umi3218/mc_rtc,https://github.com/jrl-umi3218/mc_rtc/blob/0e03dab3b900d8dab8ac79e5998ef7d0a3f7c883/3rd-party/qhull/build/CMakeModules/CheckLFS.cmake#L24,"# LFS type1: 8 <= sizeof(off_t), fseeko, ftello",[],CMake,4,24,24
25179,jrl-umi3218/mc_rtc,https://github.com/jrl-umi3218/mc_rtc/blob/0e03dab3b900d8dab8ac79e5998ef7d0a3f7c883/3rd-party/qhull/build/CMakeModules/CheckLFS.cmake#L51,"# LFS type2: 8 <= sizeof(off64_t), fopen64, fseeko64, ftello64",[],CMake,4,51,51
25179,jrl-umi3218/mc_rtc,https://github.com/jrl-umi3218/mc_rtc/blob/0e03dab3b900d8dab8ac79e5998ef7d0a3f7c883/3rd-party/qhull/build/CMakeModules/CheckLFS.cmake#L81,"# LFS type3: 8 <= sizeof(__int64), _fseeki64, _ftelli64",[],CMake,4,81,81
25179,jrl-umi3218/mc_rtc,https://github.com/jrl-umi3218/mc_rtc/blob/0e03dab3b900d8dab8ac79e5998ef7d0a3f7c883/3rd-party/qhull/build/CMakeModules/CheckLFS.cmake#L101,## not found,[],CMake,4,101,101
25179,jrl-umi3218/mc_rtc,https://github.com/jrl-umi3218/mc_rtc/blob/0e03dab3b900d8dab8ac79e5998ef7d0a3f7c883/CMakeModules/Findmc_rtc_3rd_party_geos.cmake#L1,"#
# Copyright 2015-2019 CNRS-UM LIRMM, CNRS-AIST JRL
#",[],CMake,0,1,3
25179,jrl-umi3218/mc_rtc,https://github.com/jrl-umi3218/mc_rtc/blob/0e03dab3b900d8dab8ac79e5998ef7d0a3f7c883/CMakeModules/Findmc_rtc_3rd_party_geos.cmake#L5,"# Try to find the GEOS library
#
# In order:
# - try to find_package(geos) (upstream package)
# - try to use geos-config to find the geos installation prefix
# - try to find the geos library
#
# If the library is found, then you can use the GEOS::geos target
#
# This module will use GEOS_PREFIX as an hint to find either the geos-config
# executable or the geos library",[],CMake,0,5,15
25179,jrl-umi3218/mc_rtc,https://github.com/jrl-umi3218/mc_rtc/blob/0e03dab3b900d8dab8ac79e5998ef7d0a3f7c883/CMakeModules/Findmc_rtc_3rd_party_geos.cmake#L23,# Find the GEOS-config program,[],CMake,2,23,23
25179,jrl-umi3218/mc_rtc,https://github.com/jrl-umi3218/mc_rtc/blob/0e03dab3b900d8dab8ac79e5998ef7d0a3f7c883/CMakeModules/Findmc_rtc_3rd_party_geos.cmake#L31,# Get GEOS_INSTALL_PREFIX from geos-config,[],CMake,4,31,31
25179,jrl-umi3218/mc_rtc,https://github.com/jrl-umi3218/mc_rtc/blob/0e03dab3b900d8dab8ac79e5998ef7d0a3f7c883/CMakeModules/Findmc_rtc_3rd_party_ltdl.cmake#L1,"#
# Copyright 2015-2019 CNRS-UM LIRMM, CNRS-AIST JRL
#",[],CMake,0,1,3
25179,jrl-umi3218/mc_rtc,https://github.com/jrl-umi3218/mc_rtc/blob/0e03dab3b900d8dab8ac79e5998ef7d0a3f7c883/CMakeModules/Findmc_rtc_3rd_party_ltdl.cmake#L5,"# Try to find the ltdl library
#
# This can use LTDL_PREFIX as an hint
#
# Defines the mc_rtc_3rd_party::ltdl target",[],CMake,0,5,9
25179,jrl-umi3218/mc_rtc,https://github.com/jrl-umi3218/mc_rtc/blob/0e03dab3b900d8dab8ac79e5998ef7d0a3f7c883/CMakeModules/Findmc_rtc_3rd_party_nanomsg.cmake#L1,"#
# Copyright 2015-2019 CNRS-UM LIRMM, CNRS-AIST JRL
#",[],CMake,0,1,3
25179,jrl-umi3218/mc_rtc,https://github.com/jrl-umi3218/mc_rtc/blob/0e03dab3b900d8dab8ac79e5998ef7d0a3f7c883/CMakeModules/Findmc_rtc_3rd_party_nanomsg.cmake#L5,"# Try to find the nanomsg library
#
# In order:
# - try to find_package(nanomsg) (upstream package)
# - try to find nanomsg or libnanomsg using pkg-config
#
# If the library is found, then you can use the nanomsg target
#",[],CMake,0,5,12
25179,jrl-umi3218/mc_rtc,https://github.com/jrl-umi3218/mc_rtc/blob/0e03dab3b900d8dab8ac79e5998ef7d0a3f7c883/CMakeModules/ListAllFiles.cmake#L1,# List all files managed by the project,[],CMake,0,1,1
25179,jrl-umi3218/mc_rtc,https://github.com/jrl-umi3218/mc_rtc/blob/0e03dab3b900d8dab8ac79e5998ef7d0a3f7c883/doc/_i18n/en/tutorials/advanced/new-robot/robot_module.cmake#L6,"# Shortcut for:
# add_robot(MyRobot MyRobot.h MyRobot.cpp)",[],CMake,0,6,7
25179,jrl-umi3218/mc_rtc,https://github.com/jrl-umi3218/mc_rtc/blob/0e03dab3b900d8dab8ac79e5998ef7d0a3f7c883/doc/_i18n/jp/tutorials/advanced/new-robot/robot_module.cmake#L6,"# 以下のためのショートカット:
# add_robot(MyRobot MyRobot.h MyRobot.cpp)",[],CMake,0,6,7
25179,jrl-umi3218/mc_rtc,https://github.com/jrl-umi3218/mc_rtc/blob/0e03dab3b900d8dab8ac79e5998ef7d0a3f7c883/plugins/ROS/CMakeModules/Findmc_rtc_3rd_party_ros.cmake#L1,"#
# Copyright 2015-2019 CNRS-UM LIRMM, CNRS-AIST JRL
#",[],CMake,0,1,3
25179,jrl-umi3218/mc_rtc,https://github.com/jrl-umi3218/mc_rtc/blob/0e03dab3b900d8dab8ac79e5998ef7d0a3f7c883/plugins/ROS/CMakeModules/Findmc_rtc_3rd_party_ros.cmake#L5,"# Try to find ROS and some required ROS packages
#
# If everything if found:
# - ROSCPP_FOUND is true
# - you can link with mc_rtc_3rd_party::ROS
#",[],CMake,0,5,10
25179,jrl-umi3218/mc_rtc,https://github.com/jrl-umi3218/mc_rtc/blob/0e03dab3b900d8dab8ac79e5998ef7d0a3f7c883/src/mc_rtcMacros.in.cmake#L3,# -- Library install directory --,[],CMake,0,3,3
25179,jrl-umi3218/mc_rtc,https://github.com/jrl-umi3218/mc_rtc/blob/0e03dab3b900d8dab8ac79e5998ef7d0a3f7c883/src/mc_rtcMacros.in.cmake#L8,# -- Helper to set the components install prefix --,[],CMake,0,8,8
25179,jrl-umi3218/mc_rtc,https://github.com/jrl-umi3218/mc_rtc/blob/0e03dab3b900d8dab8ac79e5998ef7d0a3f7c883/src/mc_rtcMacros.in.cmake#L16,# For backward compatibility,[],CMake,2,16,16
25179,jrl-umi3218/mc_rtc,https://github.com/jrl-umi3218/mc_rtc/blob/0e03dab3b900d8dab8ac79e5998ef7d0a3f7c883/src/mc_rtcMacros.in.cmake#L20,# -- Controllers --,[],CMake,0,20,20
25179,jrl-umi3218/mc_rtc,https://github.com/jrl-umi3218/mc_rtc/blob/0e03dab3b900d8dab8ac79e5998ef7d0a3f7c883/src/mc_rtcMacros.in.cmake#L41,# -- Robots --,[],CMake,0,41,41
25179,jrl-umi3218/mc_rtc,https://github.com/jrl-umi3218/mc_rtc/blob/0e03dab3b900d8dab8ac79e5998ef7d0a3f7c883/src/mc_rtcMacros.in.cmake#L70,# -- Observers --,[],CMake,0,70,70
25179,jrl-umi3218/mc_rtc,https://github.com/jrl-umi3218/mc_rtc/blob/0e03dab3b900d8dab8ac79e5998ef7d0a3f7c883/src/mc_rtcMacros.in.cmake#L90,# -- States --,[],CMake,0,90,90
25179,jrl-umi3218/mc_rtc,https://github.com/jrl-umi3218/mc_rtc/blob/0e03dab3b900d8dab8ac79e5998ef7d0a3f7c883/src/mc_rtcMacros.in.cmake#L124,# -- Helper to find a description package --,[],CMake,0,124,124
25179,jrl-umi3218/mc_rtc,https://github.com/jrl-umi3218/mc_rtc/blob/0e03dab3b900d8dab8ac79e5998ef7d0a3f7c883/src/mc_rtcMacros.in.cmake#L139,# Cleanup the path provided by CMake,[],CMake,2,139,139
25179,jrl-umi3218/mc_rtc,https://github.com/jrl-umi3218/mc_rtc/blob/0e03dab3b900d8dab8ac79e5998ef7d0a3f7c883/src/mc_rtcMacros.in.cmake#L144,# -- Helper to create a new mc_rtc plugin,[],CMake,0,144,144
