repoIndex,repoName,linkLocation,comment,keywords,buildSysteminFile,charPosition,startLine,endLine
2533,mmgtools/parmmg,https://github.com/mmgtools/parmmg/blob/2abacd7d7babf3ebe99888e7d8803006d7ef1cc4/CMakeLists.txt#L9,"# Must use GNUInstallDirs to install libraries into correct
# locations on all platforms.",[],CMake,0,9,10
2533,mmgtools/parmmg,https://github.com/mmgtools/parmmg/blob/2abacd7d7babf3ebe99888e7d8803006d7ef1cc4/CMakeLists.txt#L13,"###############################################################################
#####
#####         Release version and date
#####
###############################################################################",[],CMake,0,13,17
2533,mmgtools/parmmg,https://github.com/mmgtools/parmmg/blob/2abacd7d7babf3ebe99888e7d8803006d7ef1cc4/CMakeLists.txt#L26,"###############################################################################
#####
#####         Main CMake compilation variables
#####
###############################################################################",[],CMake,0,26,30
2533,mmgtools/parmmg,https://github.com/mmgtools/parmmg/blob/2abacd7d7babf3ebe99888e7d8803006d7ef1cc4/CMakeLists.txt#L39,# Create pmmgversion.h file with the release infos,[],CMake,0,39,39
2533,mmgtools/parmmg,https://github.com/mmgtools/parmmg/blob/2abacd7d7babf3ebe99888e7d8803006d7ef1cc4/CMakeLists.txt#L43,"# To see flags and options of compilation
#SET(CMAKE_VERBOSE_MAKEFILE TRUE)",[],CMake,0,43,44
2533,mmgtools/parmmg,https://github.com/mmgtools/parmmg/blob/2abacd7d7babf3ebe99888e7d8803006d7ef1cc4/CMakeLists.txt#L46,# Executable path,[],CMake,0,46,46
2533,mmgtools/parmmg,https://github.com/mmgtools/parmmg/blob/2abacd7d7babf3ebe99888e7d8803006d7ef1cc4/CMakeLists.txt#L52,"# Find ""exotic"" compilers",[],CMake,0,52,52
2533,mmgtools/parmmg,https://github.com/mmgtools/parmmg/blob/2abacd7d7babf3ebe99888e7d8803006d7ef1cc4/CMakeLists.txt#L54,# using clang,[],CMake,2,54,54
2533,mmgtools/parmmg,https://github.com/mmgtools/parmmg/blob/2abacd7d7babf3ebe99888e7d8803006d7ef1cc4/CMakeLists.txt#L57,# using icc,[],CMake,2,57,57
2533,mmgtools/parmmg,https://github.com/mmgtools/parmmg/blob/2abacd7d7babf3ebe99888e7d8803006d7ef1cc4/CMakeLists.txt#L61,# Hide some options,[],CMake,0,61,61
2533,mmgtools/parmmg,https://github.com/mmgtools/parmmg/blob/2abacd7d7babf3ebe99888e7d8803006d7ef1cc4/CMakeLists.txt#L68,# Add flags to the compiler to work on old mac,[],CMake,4,68,68
2533,mmgtools/parmmg,https://github.com/mmgtools/parmmg/blob/2abacd7d7babf3ebe99888e7d8803006d7ef1cc4/CMakeLists.txt#L71,# To avoid pbs with binary files...,[],CMake,4,71,71
2533,mmgtools/parmmg,https://github.com/mmgtools/parmmg/blob/2abacd7d7babf3ebe99888e7d8803006d7ef1cc4/CMakeLists.txt#L74,# Determine if the processor supports 64bit execution,[],CMake,4,74,74
2533,mmgtools/parmmg,https://github.com/mmgtools/parmmg/blob/2abacd7d7babf3ebe99888e7d8803006d7ef1cc4/CMakeLists.txt#L82,#  ELSEIF(UNIX)# UNIX must be after APPLE becaus APPLE is UNIX too,[],CMake,4,82,82
2533,mmgtools/parmmg,https://github.com/mmgtools/parmmg/blob/2abacd7d7babf3ebe99888e7d8803006d7ef1cc4/CMakeLists.txt#L87,# Compiler options for profiling... but not possible with clang,[],CMake,2,87,87
2533,mmgtools/parmmg,https://github.com/mmgtools/parmmg/blob/2abacd7d7babf3ebe99888e7d8803006d7ef1cc4/CMakeLists.txt#L95,"###############################################################################
#####
#####         Choose executable target to compile
#####
###############################################################################",[],CMake,0,95,99
2533,mmgtools/parmmg,https://github.com/mmgtools/parmmg/blob/2abacd7d7babf3ebe99888e7d8803006d7ef1cc4/CMakeLists.txt#L103,# Set the possible values of build type for cmake-gui,[],CMake,2,103,103
2533,mmgtools/parmmg,https://github.com/mmgtools/parmmg/blob/2abacd7d7babf3ebe99888e7d8803006d7ef1cc4/CMakeLists.txt#L112,"# Explicitly set the DNDEBUG flag in case the user or a parent project overrides
# it.",[],CMake,0,112,113
2533,mmgtools/parmmg,https://github.com/mmgtools/parmmg/blob/2abacd7d7babf3ebe99888e7d8803006d7ef1cc4/CMakeLists.txt#L118,"############################################################################
#####
#####         MPI
#####
############################################################################
# compile parallel version",[],CMake,0,118,123
2533,mmgtools/parmmg,https://github.com/mmgtools/parmmg/blob/2abacd7d7babf3ebe99888e7d8803006d7ef1cc4/CMakeLists.txt#L135,# openmpi is bugged (deadlocks) : warn the user,[],CMake,0,135,135
2533,mmgtools/parmmg,https://github.com/mmgtools/parmmg/blob/2abacd7d7babf3ebe99888e7d8803006d7ef1cc4/CMakeLists.txt#L160,# Check the minimum MPI version,[],CMake,0,160,160
2533,mmgtools/parmmg,https://github.com/mmgtools/parmmg/blob/2abacd7d7babf3ebe99888e7d8803006d7ef1cc4/CMakeLists.txt#L180,"############################################################################
#####
#####         Scotch
#####
############################################################################
# Find SCOTCH library?",[],CMake,0,180,185
2533,mmgtools/parmmg,https://github.com/mmgtools/parmmg/blob/2abacd7d7babf3ebe99888e7d8803006d7ef1cc4/CMakeLists.txt#L189,# add Scotch library?,[],CMake,0,189,189
2533,mmgtools/parmmg,https://github.com/mmgtools/parmmg/blob/2abacd7d7babf3ebe99888e7d8803006d7ef1cc4/CMakeLists.txt#L208,"############################################################################
#####
#####         VTK (to parse (p)vtp/(p)vtu files )
#####
############################################################################",[],CMake,0,208,212
2533,mmgtools/parmmg,https://github.com/mmgtools/parmmg/blob/2abacd7d7babf3ebe99888e7d8803006d7ef1cc4/CMakeLists.txt#L223,"###############################################################################
#####
#####         Add dependent options
#####
###############################################################################",[],CMake,0,223,227
2533,mmgtools/parmmg,https://github.com/mmgtools/parmmg/blob/2abacd7d7babf3ebe99888e7d8803006d7ef1cc4/CMakeLists.txt#L245,"############################################################################
#####
#####        MMG (for mesh data structure)
#####
############################################################################",[],CMake,0,245,249
2533,mmgtools/parmmg,https://github.com/mmgtools/parmmg/blob/2abacd7d7babf3ebe99888e7d8803006d7ef1cc4/CMakeLists.txt#L252,# forward scotch configuration,[],CMake,0,252,252
2533,mmgtools/parmmg,https://github.com/mmgtools/parmmg/blob/2abacd7d7babf3ebe99888e7d8803006d7ef1cc4/CMakeLists.txt#L258,# forward VTK config,[],CMake,0,258,258
2533,mmgtools/parmmg,https://github.com/mmgtools/parmmg/blob/2abacd7d7babf3ebe99888e7d8803006d7ef1cc4/CMakeLists.txt#L261,# forward compiler,[],CMake,0,261,261
2533,mmgtools/parmmg,https://github.com/mmgtools/parmmg/blob/2abacd7d7babf3ebe99888e7d8803006d7ef1cc4/CMakeLists.txt#L266,# forward flags,[],CMake,0,266,266
2533,mmgtools/parmmg,https://github.com/mmgtools/parmmg/blob/2abacd7d7babf3ebe99888e7d8803006d7ef1cc4/CMakeLists.txt#L278,# Use pointmap,[],CMake,2,278,278
2533,mmgtools/parmmg,https://github.com/mmgtools/parmmg/blob/2abacd7d7babf3ebe99888e7d8803006d7ef1cc4/CMakeLists.txt#L304,# default behaviour is to link static libs,[],CMake,4,304,304
2533,mmgtools/parmmg,https://github.com/mmgtools/parmmg/blob/2abacd7d7babf3ebe99888e7d8803006d7ef1cc4/CMakeLists.txt#L311,# Additionnal directories to access the Mmg sources,[],CMake,2,311,311
2533,mmgtools/parmmg,https://github.com/mmgtools/parmmg/blob/2abacd7d7babf3ebe99888e7d8803006d7ef1cc4/CMakeLists.txt#L344,# Additionnal directories to access the Mmg sources,[],CMake,4,344,344
2533,mmgtools/parmmg,https://github.com/mmgtools/parmmg/blob/2abacd7d7babf3ebe99888e7d8803006d7ef1cc4/CMakeLists.txt#L360,"############################################################################
#####
#####        Metis / ParMetis
#####
############################################################################",[],CMake,0,360,364
2533,mmgtools/parmmg,https://github.com/mmgtools/parmmg/blob/2abacd7d7babf3ebe99888e7d8803006d7ef1cc4/CMakeLists.txt#L370,# Metis,[],CMake,2,370,370
2533,mmgtools/parmmg,https://github.com/mmgtools/parmmg/blob/2abacd7d7babf3ebe99888e7d8803006d7ef1cc4/CMakeLists.txt#L393,# add metis library?,[],CMake,2,393,393
2533,mmgtools/parmmg,https://github.com/mmgtools/parmmg/blob/2abacd7d7babf3ebe99888e7d8803006d7ef1cc4/CMakeLists.txt#L401,# Set flags for building test program,[],CMake,6,401,401
2533,mmgtools/parmmg,https://github.com/mmgtools/parmmg/blob/2abacd7d7babf3ebe99888e7d8803006d7ef1cc4/CMakeLists.txt#L426,"############################################################################
#####
#####        ParMetis
#####
############################################################################",[],CMake,0,426,430
2533,mmgtools/parmmg,https://github.com/mmgtools/parmmg/blob/2abacd7d7babf3ebe99888e7d8803006d7ef1cc4/CMakeLists.txt#L432,"# add parmetis library?
#SET(PARMETIS_DIR """" CACHE PATH ""Installation directory for parmetis"")
#FIND_PACKAGE(Parmetis)
#
#IF( PARMETIS_FOUND)
#  OPTION ( USE_PARMETIS ""Detected PARMETIS TOOL"" ON)
#  IF( USE_PARMETIS )
#    # Set flags for building test program
#    INCLUDE_DIRECTORIES(${PARMETIS_INCLUDE_DIRS})
#
#    SET(CMAKE_C_FLAGS ""-DUSE_PARMETIS ${CMAKE_C_FLAGS}"")
#
#    MESSAGE(STATUS
#      ""Compilation with parmetis: ${PARMETIS_LIBRARIES}"")
#    SET( LIBRARIES ${PARMETIS_LIBRARIES} ${LIBRARIES})
#  ENDIF()
#ELSE ( )
#  #  MESSAGE(STATUS ${PARMETIS_INCLUDE_DIR} ${PARMETIS_LIBRARY} )
#  #
#  #  MESSAGE ( ERROR "" parmetis library not found: ""
#  #    ""If you have already installed ParMetis and want to use it, ""
#  #    ""please set the CMake variable or environment variable PARMETIS_DIR ""
#  #    ""to your parmetis directory."")
#ENDIF ( )",[],CMake,0,432,455
2533,mmgtools/parmmg,https://github.com/mmgtools/parmmg/blob/2abacd7d7babf3ebe99888e7d8803006d7ef1cc4/CMakeLists.txt#L457,"############################################################################
#####
#####         Fortran header: libparmmgf.h
#####
############################################################################",[],CMake,0,457,461
2533,mmgtools/parmmg,https://github.com/mmgtools/parmmg/blob/2abacd7d7babf3ebe99888e7d8803006d7ef1cc4/CMakeLists.txt#L477,"###############################################################################
#####
#####         Sources and libraries
#####
###############################################################################
# Header files",[],CMake,0,477,482
2533,mmgtools/parmmg,https://github.com/mmgtools/parmmg/blob/2abacd7d7babf3ebe99888e7d8803006d7ef1cc4/CMakeLists.txt#L485,# Source files,[],CMake,0,485,485
2533,mmgtools/parmmg,https://github.com/mmgtools/parmmg/blob/2abacd7d7babf3ebe99888e7d8803006d7ef1cc4/CMakeLists.txt#L506,"############################################################################
#####
##### RPATH for MacOSX
#####
############################################################################",[],CMake,0,506,510
2533,mmgtools/parmmg,https://github.com/mmgtools/parmmg/blob/2abacd7d7babf3ebe99888e7d8803006d7ef1cc4/CMakeLists.txt#L514,"############################################################################
#####
#####         Compile parmmg libraries
#####
############################################################################",[],CMake,0,514,518
2533,mmgtools/parmmg,https://github.com/mmgtools/parmmg/blob/2abacd7d7babf3ebe99888e7d8803006d7ef1cc4/CMakeLists.txt#L535,# Compile shared library,[],CMake,0,535,535
2533,mmgtools/parmmg,https://github.com/mmgtools/parmmg/blob/2abacd7d7babf3ebe99888e7d8803006d7ef1cc4/CMakeLists.txt#L550,# parmmg header files needed for library,[],CMake,0,550,550
2533,mmgtools/parmmg,https://github.com/mmgtools/parmmg/blob/2abacd7d7babf3ebe99888e7d8803006d7ef1cc4/CMakeLists.txt#L563,# Install header files in /usr/local or equivalent,[],CMake,0,563,563
2533,mmgtools/parmmg,https://github.com/mmgtools/parmmg/blob/2abacd7d7babf3ebe99888e7d8803006d7ef1cc4/CMakeLists.txt#L566,# Copy header files in project directory at every build step,[],CMake,0,566,566
2533,mmgtools/parmmg,https://github.com/mmgtools/parmmg/blob/2abacd7d7babf3ebe99888e7d8803006d7ef1cc4/CMakeLists.txt#L582,"###############################################################################
#####
#####         Compile PMMG executable
#####
###############################################################################",[],CMake,0,582,586
2533,mmgtools/parmmg,https://github.com/mmgtools/parmmg/blob/2abacd7d7babf3ebe99888e7d8803006d7ef1cc4/CMakeLists.txt#L598,"############################################################################
#####
#####         Print git hash to source file
#####
############################################################################",[],CMake,0,598,602
2533,mmgtools/parmmg,https://github.com/mmgtools/parmmg/blob/2abacd7d7babf3ebe99888e7d8803006d7ef1cc4/CMakeLists.txt#L623,"###############################################################################
#####
#####         Create API Documentation
#####
###############################################################################",[],CMake,0,623,627
2533,mmgtools/parmmg,https://github.com/mmgtools/parmmg/blob/2abacd7d7babf3ebe99888e7d8803006d7ef1cc4/CMakeLists.txt#L631,# PARMMG Documentation,[],CMake,2,631,631
2533,mmgtools/parmmg,https://github.com/mmgtools/parmmg/blob/2abacd7d7babf3ebe99888e7d8803006d7ef1cc4/CMakeLists.txt#L638,"# COMMAND ${CMAKE_COMMAND} -E chdir
# ${CMAKE_CURRENT_SOURCE_DIR}/doc/doxygen/latex make
# COMMAND cp ${CMAKE_CURRENT_SOURCE_DIR}/doc/doxygen/latex/refman.pdf
# ${CMAKE_CURRENT_SOURCE_DIR}",[],CMake,4,638,641
2533,mmgtools/parmmg,https://github.com/mmgtools/parmmg/blob/2abacd7d7babf3ebe99888e7d8803006d7ef1cc4/cmake/modules/FindMETIS.cmake#L1,"###
#
# @copyright (c) 2009-2014 The University of Tennessee and The University
#                          of Tennessee Research Foundation.
#                          All rights reserved.
# @copyright (c) 2012-2014 Inria. All rights reserved.
# @copyright (c) 2012-2014 Bordeaux INP, CNRS (LaBRI UMR 5800), Inria, Univ. Bordeaux. All rights reserved.
#
###
#
# - Find METIS include dirs and libraries
# Use this module by invoking find_package with the form:
#  find_package(METIS
#               [REQUIRED]             # Fail with error if metis is not found
#              )
#
# This module finds headers and metis library.
# Results are reported in variables:
#  METIS_FOUND           - True if headers and requested libraries were found
#  METIS_INCLUDE_DIRS    - metis include directories
#  METIS_LIBRARY_DIRS    - Link directories for metis libraries
#  METIS_LIBRARIES       - metis component libraries to be linked
#  METIS_INTSIZE         - Number of octets occupied by a metis idx_t
#
# The user can give specific paths where to find the libraries adding cmake
# options at configure (ex: cmake path/to/project -DMETIS_DIR=path/to/metis):
#  METIS_DIR             - Where to find the base directory of metis
#  METIS_INCDIR          - Where to find the header files
#  METIS_LIBDIR          - Where to find the library files
# The module can also look for the following environment variables if paths
# are not given as cmake variable: METIS_DIR, METIS_INCDIR, METIS_LIBDIR",[],CMake,0,1,31
2533,mmgtools/parmmg,https://github.com/mmgtools/parmmg/blob/2abacd7d7babf3ebe99888e7d8803006d7ef1cc4/cmake/modules/FindMETIS.cmake#L33,"#=============================================================================
# Copyright 2012-2013 Inria
# Copyright 2012-2013 Emmanuel Agullo
# Copyright 2012-2013 Mathieu Faverge
# Copyright 2012      Cedric Castagnede
# Copyright 2013      Florent Pruvost
#
# Distributed under the OSI-approved BSD License (the ""License"");
# see accompanying file MORSE-Copyright.txt for details.
#
# This software is distributed WITHOUT ANY WARRANTY; without even the
# implied warranty of MERCHANTABILITY or FITNESS FOR A PARTICULAR PURPOSE.
# See the License for more information.
#=============================================================================
# (To distribute this file outside of Morse, substitute the full
#  License text for the above reference.)",[],CMake,0,33,48
2533,mmgtools/parmmg,https://github.com/mmgtools/parmmg/blob/2abacd7d7babf3ebe99888e7d8803006d7ef1cc4/cmake/modules/FindMETIS.cmake#L57,"# Looking for include
# -------------------",[],CMake,0,57,58
2533,mmgtools/parmmg,https://github.com/mmgtools/parmmg/blob/2abacd7d7babf3ebe99888e7d8803006d7ef1cc4/cmake/modules/FindMETIS.cmake#L60,"# Add system include paths to search include
# ------------------------------------------",[],CMake,0,60,61
2533,mmgtools/parmmg,https://github.com/mmgtools/parmmg/blob/2abacd7d7babf3ebe99888e7d8803006d7ef1cc4/cmake/modules/FindMETIS.cmake#L90,"# Try to find the metis header in the given paths
# -------------------------------------------------
# call cmake macro to find the header path",[],CMake,0,90,92
2533,mmgtools/parmmg,https://github.com/mmgtools/parmmg/blob/2abacd7d7babf3ebe99888e7d8803006d7ef1cc4/cmake/modules/FindMETIS.cmake#L115,"# If found, add path to cmake variable
# ------------------------------------",[],CMake,0,115,116
2533,mmgtools/parmmg,https://github.com/mmgtools/parmmg/blob/2abacd7d7babf3ebe99888e7d8803006d7ef1cc4/cmake/modules/FindMETIS.cmake#L127,"# Looking for lib
# ---------------",[],CMake,0,127,128
2533,mmgtools/parmmg,https://github.com/mmgtools/parmmg/blob/2abacd7d7babf3ebe99888e7d8803006d7ef1cc4/cmake/modules/FindMETIS.cmake#L130,"# Add system library paths to search lib
# --------------------------------------",[],CMake,0,130,131
2533,mmgtools/parmmg,https://github.com/mmgtools/parmmg/blob/2abacd7d7babf3ebe99888e7d8803006d7ef1cc4/cmake/modules/FindMETIS.cmake#L154,"# Try to find the metis lib in the given paths
# ----------------------------------------------
# call cmake macro to find the lib path",[],CMake,0,154,156
2533,mmgtools/parmmg,https://github.com/mmgtools/parmmg/blob/2abacd7d7babf3ebe99888e7d8803006d7ef1cc4/cmake/modules/FindMETIS.cmake#L179,"# If found, add path to cmake variable
# ------------------------------------",[],CMake,0,179,180
2533,mmgtools/parmmg,https://github.com/mmgtools/parmmg/blob/2abacd7d7babf3ebe99888e7d8803006d7ef1cc4/cmake/modules/FindMETIS.cmake#L183,# set cmake variables,[],CMake,2,183,183
2533,mmgtools/parmmg,https://github.com/mmgtools/parmmg/blob/2abacd7d7babf3ebe99888e7d8803006d7ef1cc4/cmake/modules/FindMETIS.cmake#L194,# check a function to validate the find,[],CMake,0,194,194
2533,mmgtools/parmmg,https://github.com/mmgtools/parmmg/blob/2abacd7d7babf3ebe99888e7d8803006d7ef1cc4/cmake/modules/FindMETIS.cmake#L201,# METIS,[],CMake,2,201,201
2533,mmgtools/parmmg,https://github.com/mmgtools/parmmg/blob/2abacd7d7babf3ebe99888e7d8803006d7ef1cc4/cmake/modules/FindMETIS.cmake#L209,# m,[],CMake,2,209,209
2533,mmgtools/parmmg,https://github.com/mmgtools/parmmg/blob/2abacd7d7babf3ebe99888e7d8803006d7ef1cc4/cmake/modules/FindMETIS.cmake#L216,# set required libraries for link,[],CMake,2,216,216
2533,mmgtools/parmmg,https://github.com/mmgtools/parmmg/blob/2abacd7d7babf3ebe99888e7d8803006d7ef1cc4/cmake/modules/FindMETIS.cmake#L225,# test link,[],CMake,2,225,225
2533,mmgtools/parmmg,https://github.com/mmgtools/parmmg/blob/2abacd7d7babf3ebe99888e7d8803006d7ef1cc4/cmake/modules/FindMETIS.cmake#L257,"# Check the size of METIS idx_t
# ---------------------------------",[],CMake,0,257,258
2533,mmgtools/parmmg,https://github.com/mmgtools/parmmg/blob/2abacd7d7babf3ebe99888e7d8803006d7ef1cc4/cmake/modules/FindMETIS.cmake#L296,"# check that METIS has been found
# ---------------------------------",[],CMake,0,296,297
2533,mmgtools/parmmg,https://github.com/mmgtools/parmmg/blob/2abacd7d7babf3ebe99888e7d8803006d7ef1cc4/cmake/modules/FindMMG.cmake#L1,"## =============================================================================
##  This file is part of the mmg software package for the tetrahedral
##  mesh modification.
##  Copyright (c) Inria - IMB (Université de Bordeaux) - LJLL (UPMC), 2004- .
##
##  mmg is free software: you can redistribute it and/or modify it
##  under the terms of the GNU Lesser General Public License as published
##  by the Free Software Foundation, either version 3 of the License, or
##  (at your option) any later version.
##
##  mmg is distributed in the hope that it will be useful, but WITHOUT
##  ANY WARRANTY; without even the implied warranty of MERCHANTABILITY or
##  FITNESS FOR A PARTICULAR PURPOSE. See the GNU Lesser General Public
##  License for more details.
##
##  You should have received a copy of the GNU Lesser General Public
##  License and of the GNU General Public License along with mmg (in
##  files COPYING.LESSER and COPYING). If not, see
##  <http://www.gnu.org/licenses/>. Please read their terms carefully and
##  use this copy of the mmg distribution only if you accept them.
## =============================================================================
#
# - Find mmg include dirs and libraries
# Use this module by invoking find_package with the form:
#  find_package(MMG
#              [REQUIRED]             # Fail with error if mmg is not found
#              )
#
# This module finds headers and mmg libraries.
# Results are reported in variables:
#  MMG_FOUND           - True if headers and requested libraries were found
#  MMG_INCLUDE_DIRS    - mmg include directories
#  MMG_LIBRARY_DIRS    - Link directories for mmg libraries
#  MMG_LIBRARIES       - mmg component libraries to be linked
#
# The user can give specific paths where to find the libraries adding cmake
# options at configure (ex: cmake path/to/project -DMMG_DIR=path/to/mmg):
#  MMG_DIR                  - Where to find the base directory of mmg
#  MMG_INCDIR               - Where to find the header files
#  MMG_LIBDIR               - Where to find the library files
#  MMG_BUILDDIR             - Where to find the build directory of Mmg
# The module can also look for the following environment variables if paths
# are not given as cmake variable: MMG_DIR, MMG_INCDIR, MMG_LIBDIR, MMG_BUILDDIR",[],CMake,0,1,43
2533,mmgtools/parmmg,https://github.com/mmgtools/parmmg/blob/2abacd7d7babf3ebe99888e7d8803006d7ef1cc4/cmake/modules/FindMMG.cmake#L52,"# Looking for the Mmg build directory
# -----------------------------------",[],CMake,0,52,53
2533,mmgtools/parmmg,https://github.com/mmgtools/parmmg/blob/2abacd7d7babf3ebe99888e7d8803006d7ef1cc4/cmake/modules/FindMMG.cmake#L73,"# Looking for include
# -------------------",[],CMake,0,73,74
2533,mmgtools/parmmg,https://github.com/mmgtools/parmmg/blob/2abacd7d7babf3ebe99888e7d8803006d7ef1cc4/cmake/modules/FindMMG.cmake#L76,"# Add system include paths to search include
# ------------------------------------------",[],CMake,0,76,77
2533,mmgtools/parmmg,https://github.com/mmgtools/parmmg/blob/2abacd7d7babf3ebe99888e7d8803006d7ef1cc4/cmake/modules/FindMMG.cmake#L119,"# Try to find the header in the given paths
# -------------------------------------------------
# call cmake macro to find the header path",[],CMake,0,119,121
2533,mmgtools/parmmg,https://github.com/mmgtools/parmmg/blob/2abacd7d7babf3ebe99888e7d8803006d7ef1cc4/cmake/modules/FindMMG.cmake#L165,"# If found, add path to cmake variable
# ------------------------------------",[],CMake,0,165,166
2533,mmgtools/parmmg,https://github.com/mmgtools/parmmg/blob/2abacd7d7babf3ebe99888e7d8803006d7ef1cc4/cmake/modules/FindMMG.cmake#L177,"# Looking for lib
# ---------------",[],CMake,0,177,178
2533,mmgtools/parmmg,https://github.com/mmgtools/parmmg/blob/2abacd7d7babf3ebe99888e7d8803006d7ef1cc4/cmake/modules/FindMMG.cmake#L180,"# Add system library paths to search lib
# --------------------------------------",[],CMake,0,180,181
2533,mmgtools/parmmg,https://github.com/mmgtools/parmmg/blob/2abacd7d7babf3ebe99888e7d8803006d7ef1cc4/cmake/modules/FindMMG.cmake#L214,"# Try to find the mmg lib in the given paths
# ----------------------------------------------
# call cmake macro to find the lib path",[],CMake,0,214,216
2533,mmgtools/parmmg,https://github.com/mmgtools/parmmg/blob/2abacd7d7babf3ebe99888e7d8803006d7ef1cc4/cmake/modules/FindMMG.cmake#L246,"# If found, add path to cmake variable
# ------------------------------------",[],CMake,0,246,247
2533,mmgtools/parmmg,https://github.com/mmgtools/parmmg/blob/2abacd7d7babf3ebe99888e7d8803006d7ef1cc4/cmake/modules/FindMMG.cmake#L250,# set cmake variables,[],CMake,2,250,250
2533,mmgtools/parmmg,https://github.com/mmgtools/parmmg/blob/2abacd7d7babf3ebe99888e7d8803006d7ef1cc4/cmake/modules/FindMMG.cmake#L261,# check a function to validate the find,[],CMake,0,261,261
2533,mmgtools/parmmg,https://github.com/mmgtools/parmmg/blob/2abacd7d7babf3ebe99888e7d8803006d7ef1cc4/cmake/modules/FindMMG.cmake#L268,# MMG,[],CMake,2,268,268
2533,mmgtools/parmmg,https://github.com/mmgtools/parmmg/blob/2abacd7d7babf3ebe99888e7d8803006d7ef1cc4/cmake/modules/FindMMG.cmake#L276,# m,[],CMake,2,276,276
2533,mmgtools/parmmg,https://github.com/mmgtools/parmmg/blob/2abacd7d7babf3ebe99888e7d8803006d7ef1cc4/cmake/modules/FindMMG.cmake#L283,# set required libraries for link,[],CMake,2,283,283
2533,mmgtools/parmmg,https://github.com/mmgtools/parmmg/blob/2abacd7d7babf3ebe99888e7d8803006d7ef1cc4/cmake/modules/FindMMG.cmake#L292,# test link,[],CMake,2,292,292
2533,mmgtools/parmmg,https://github.com/mmgtools/parmmg/blob/2abacd7d7babf3ebe99888e7d8803006d7ef1cc4/cmake/modules/FindMMG.cmake#L323,"# check that MMG has been found
# ----------------------------------",[],CMake,0,323,324
2533,mmgtools/parmmg,https://github.com/mmgtools/parmmg/blob/2abacd7d7babf3ebe99888e7d8803006d7ef1cc4/cmake/modules/FindParmetis.cmake#L1,"###
#
# @copyright (c) 2009-2014 The University of Tennessee and The University
#                          of Tennessee Research Foundation.
#                          All rights reserved.
# @copyright (c) 2012-2014 Inria. All rights reserved.
# @copyright (c) 2012-2014 Bordeaux INP, CNRS (LaBRI UMR 5800), Inria, Univ. Bordeaux. All rights reserved.
#
###
#
# - Find PARMETIS include dirs and libraries
# Use this module by invoking find_package with the form:
#  find_package(Parmetis
#               [REQUIRED]             # Fail with error if parmetis is not found
#              )
#
# This module finds headers and parmetis library.
# Results are reported in variables:
#  PARMETIS_FOUND           - True if headers and requested libraries were found
#  PARMETIS_INCLUDE_DIRS    - parmetis include directories
#  PARMETIS_LIBRARY_DIRS    - Link directories for parmetis libraries
#  PARMETIS_LIBRARIES       - parmetis component libraries to be linked
#  PARMETIS_INTSIZE         - Number of octets occupied by a parmetis idx_t
#
# The user can give specific paths where to find the libraries adding cmake
# options at configure (ex: cmake path/to/project -DPARMETIS_DIR=path/to/parmetis):
#  PARMETIS_DIR             - Where to find the base directory of parmetis
#  PARMETIS_INCDIR          - Where to find the header files
#  PARMETIS_LIBDIR          - Where to find the library files
# The module can also look for the following environment variables if paths
# are not given as cmake variable: PARMETIS_DIR, PARMETIS_INCDIR, PARMETIS_LIBDIR",[],CMake,0,1,31
2533,mmgtools/parmmg,https://github.com/mmgtools/parmmg/blob/2abacd7d7babf3ebe99888e7d8803006d7ef1cc4/cmake/modules/FindParmetis.cmake#L33,"#=============================================================================
# Copyright 2012-2013 Inria
# Copyright 2012-2013 Emmanuel Agullo
# Copyright 2012-2013 Mathieu Faverge
# Copyright 2012      Cedric Castagnede
# Copyright 2013      Florent Pruvost
#
# Distributed under the OSI-approved BSD License (the ""License"");
# see accompanying file MORSE-Copyright.txt for details.
#
# This software is distributed WITHOUT ANY WARRANTY; without even the
# implied warranty of MERCHANTABILITY or FITNESS FOR A PARTICULAR PURPOSE.
# See the License for more information.
#=============================================================================
# (To distribute this file outside of Morse, substitute the full
#  License text for the above reference.)",[],CMake,0,33,48
2533,mmgtools/parmmg,https://github.com/mmgtools/parmmg/blob/2abacd7d7babf3ebe99888e7d8803006d7ef1cc4/cmake/modules/FindParmetis.cmake#L58,"# Looking for include
# -------------------",[],CMake,0,58,59
2533,mmgtools/parmmg,https://github.com/mmgtools/parmmg/blob/2abacd7d7babf3ebe99888e7d8803006d7ef1cc4/cmake/modules/FindParmetis.cmake#L61,"# Add system include paths to search include
# ------------------------------------------",[],CMake,0,61,62
2533,mmgtools/parmmg,https://github.com/mmgtools/parmmg/blob/2abacd7d7babf3ebe99888e7d8803006d7ef1cc4/cmake/modules/FindParmetis.cmake#L91,"# Try to find the parmetis header in the given paths
# -------------------------------------------------
# call cmake macro to find the header path",[],CMake,0,91,93
2533,mmgtools/parmmg,https://github.com/mmgtools/parmmg/blob/2abacd7d7babf3ebe99888e7d8803006d7ef1cc4/cmake/modules/FindParmetis.cmake#L116,"# If found, add path to cmake variable
# ------------------------------------",[],CMake,0,116,117
2533,mmgtools/parmmg,https://github.com/mmgtools/parmmg/blob/2abacd7d7babf3ebe99888e7d8803006d7ef1cc4/cmake/modules/FindParmetis.cmake#L128,"# Looking for lib
# ---------------",[],CMake,0,128,129
2533,mmgtools/parmmg,https://github.com/mmgtools/parmmg/blob/2abacd7d7babf3ebe99888e7d8803006d7ef1cc4/cmake/modules/FindParmetis.cmake#L131,"# Add system library paths to search lib
# --------------------------------------",[],CMake,0,131,132
2533,mmgtools/parmmg,https://github.com/mmgtools/parmmg/blob/2abacd7d7babf3ebe99888e7d8803006d7ef1cc4/cmake/modules/FindParmetis.cmake#L155,"# Try to find the parmetis lib in the given paths
# ----------------------------------------------
# call cmake macro to find the lib path",[],CMake,0,155,157
2533,mmgtools/parmmg,https://github.com/mmgtools/parmmg/blob/2abacd7d7babf3ebe99888e7d8803006d7ef1cc4/cmake/modules/FindParmetis.cmake#L179,"# If found, add path to cmake variable
# ------------------------------------",[],CMake,0,179,180
2533,mmgtools/parmmg,https://github.com/mmgtools/parmmg/blob/2abacd7d7babf3ebe99888e7d8803006d7ef1cc4/cmake/modules/FindParmetis.cmake#L183,# set cmake variables,[],CMake,2,183,183
2533,mmgtools/parmmg,https://github.com/mmgtools/parmmg/blob/2abacd7d7babf3ebe99888e7d8803006d7ef1cc4/cmake/modules/FindParmetis.cmake#L194,# check a function to validate the find,[],CMake,0,194,194
2533,mmgtools/parmmg,https://github.com/mmgtools/parmmg/blob/2abacd7d7babf3ebe99888e7d8803006d7ef1cc4/cmake/modules/FindParmetis.cmake#L201,# PARMETIS,[],CMake,2,201,201
2533,mmgtools/parmmg,https://github.com/mmgtools/parmmg/blob/2abacd7d7babf3ebe99888e7d8803006d7ef1cc4/cmake/modules/FindParmetis.cmake#L209,# METIS,[],CMake,2,209,209
2533,mmgtools/parmmg,https://github.com/mmgtools/parmmg/blob/2abacd7d7babf3ebe99888e7d8803006d7ef1cc4/cmake/modules/FindParmetis.cmake#L221,# MPI,[],CMake,2,221,221
2533,mmgtools/parmmg,https://github.com/mmgtools/parmmg/blob/2abacd7d7babf3ebe99888e7d8803006d7ef1cc4/cmake/modules/FindParmetis.cmake#L234,# m,[],CMake,2,234,234
2533,mmgtools/parmmg,https://github.com/mmgtools/parmmg/blob/2abacd7d7babf3ebe99888e7d8803006d7ef1cc4/cmake/modules/FindParmetis.cmake#L241,# set required libraries for link,[],CMake,2,241,241
2533,mmgtools/parmmg,https://github.com/mmgtools/parmmg/blob/2abacd7d7babf3ebe99888e7d8803006d7ef1cc4/cmake/modules/FindParmetis.cmake#L250,# test link,[],CMake,2,250,250
2533,mmgtools/parmmg,https://github.com/mmgtools/parmmg/blob/2abacd7d7babf3ebe99888e7d8803006d7ef1cc4/cmake/modules/FindParmetis.cmake#L283,"# Check the size of METIS idx_t
# ---------------------------------",[],CMake,0,283,284
2533,mmgtools/parmmg,https://github.com/mmgtools/parmmg/blob/2abacd7d7babf3ebe99888e7d8803006d7ef1cc4/cmake/modules/FindParmetis.cmake#L323,"# check that PARMETIS has been found
# ----------------------------------",[],CMake,0,323,324
2533,mmgtools/parmmg,https://github.com/mmgtools/parmmg/blob/2abacd7d7babf3ebe99888e7d8803006d7ef1cc4/cmake/modules/FindSCOTCH.cmake#L1,"###
#
# @copyright (c) 2009-2014 The University of Tennessee and The University
#                          of Tennessee Research Foundation.
#                          All rights reserved.
# @copyright (c) 2012-2014 Inria. All rights reserved.
# @copyright (c) 2012-2014 Bordeaux INP, CNRS (LaBRI UMR 5800), Inria, Univ. Bordeaux. All rights reserved.
#
###
#
# - Find SCOTCH include dirs and libraries
# Use this module by invoking find_package with the form:
#  find_package(SCOTCH
#               [REQUIRED]             # Fail with error if scotch is not found
#               [COMPONENTS <comp1> <comp2> ...] # dependencies
#              )
#
#  COMPONENTS can be some of the following:
#   - ESMUMPS: to activate detection of Scotch with the esmumps interface
#
# This module finds headers and scotch library.
# Results are reported in variables:
#  SCOTCH_FOUND           - True if headers and requested libraries were found
#  SCOTCH_INCLUDE_DIRS    - scotch include directories
#  SCOTCH_LIBRARY_DIRS    - Link directories for scotch libraries
#  SCOTCH_LIBRARIES       - scotch component libraries to be linked
#  SCOTCH_INTSIZE         - Number of octets occupied by a SCOTCH_Num
#
# The user can give specific paths where to find the libraries adding cmake
# options at configure (ex: cmake path/to/project -DSCOTCH=path/to/scotch):
#  SCOTCH_DIR             - Where to find the base directory of scotch
#  SCOTCH_INCDIR          - Where to find the header files
#  SCOTCH_LIBDIR          - Where to find the library files
# The module can also look for the following environment variables if paths
# are not given as cmake variable: SCOTCH_DIR, SCOTCH_INCDIR, SCOTCH_LIBDIR",[],CMake,0,1,35
2533,mmgtools/parmmg,https://github.com/mmgtools/parmmg/blob/2abacd7d7babf3ebe99888e7d8803006d7ef1cc4/cmake/modules/FindSCOTCH.cmake#L37,"#=============================================================================
# Copyright 2012-2013 Inria
# Copyright 2012-2013 Emmanuel Agullo
# Copyright 2012-2013 Mathieu Faverge
# Copyright 2012      Cedric Castagnede
# Copyright 2013      Florent Pruvost
#
# Distributed under the OSI-approved BSD License (the ""License"");
# see accompanying file MORSE-Copyright.txt for details.
#
# This software is distributed WITHOUT ANY WARRANTY; without even the
# implied warranty of MERCHANTABILITY or FITNESS FOR A PARTICULAR PURPOSE.
# See the License for more information.
#=============================================================================
# (To distribute this file outside of Morse, substitute the full
#  License text for the above reference.)",[],CMake,0,37,52
2533,mmgtools/parmmg,https://github.com/mmgtools/parmmg/blob/2abacd7d7babf3ebe99888e7d8803006d7ef1cc4/cmake/modules/FindSCOTCH.cmake#L61,# Set the version to find,[],CMake,0,61,61
2533,mmgtools/parmmg,https://github.com/mmgtools/parmmg/blob/2abacd7d7babf3ebe99888e7d8803006d7ef1cc4/cmake/modules/FindSCOTCH.cmake#L67,# means we look for esmumps library,[],CMake,6,67,67
2533,mmgtools/parmmg,https://github.com/mmgtools/parmmg/blob/2abacd7d7babf3ebe99888e7d8803006d7ef1cc4/cmake/modules/FindSCOTCH.cmake#L73,"# SCOTCH may depend on Threads, try to find it",[],CMake,0,73,73
2533,mmgtools/parmmg,https://github.com/mmgtools/parmmg/blob/2abacd7d7babf3ebe99888e7d8803006d7ef1cc4/cmake/modules/FindSCOTCH.cmake#L82,"# Looking for include
# -------------------",[],CMake,0,82,83
2533,mmgtools/parmmg,https://github.com/mmgtools/parmmg/blob/2abacd7d7babf3ebe99888e7d8803006d7ef1cc4/cmake/modules/FindSCOTCH.cmake#L85,"# Add system include paths to search include
# ------------------------------------------",[],CMake,0,85,86
2533,mmgtools/parmmg,https://github.com/mmgtools/parmmg/blob/2abacd7d7babf3ebe99888e7d8803006d7ef1cc4/cmake/modules/FindSCOTCH.cmake#L115,"# Try to find the scotch header in the given paths
# -------------------------------------------------
# call cmake macro to find the header path",[],CMake,0,115,117
2533,mmgtools/parmmg,https://github.com/mmgtools/parmmg/blob/2abacd7d7babf3ebe99888e7d8803006d7ef1cc4/cmake/modules/FindSCOTCH.cmake#L140,"# If found, add path to cmake variable
# ------------------------------------",[],CMake,0,140,141
2533,mmgtools/parmmg,https://github.com/mmgtools/parmmg/blob/2abacd7d7babf3ebe99888e7d8803006d7ef1cc4/cmake/modules/FindSCOTCH.cmake#L152,"# Looking for lib
# ---------------",[],CMake,0,152,153
2533,mmgtools/parmmg,https://github.com/mmgtools/parmmg/blob/2abacd7d7babf3ebe99888e7d8803006d7ef1cc4/cmake/modules/FindSCOTCH.cmake#L155,"# Add system library paths to search lib
# --------------------------------------",[],CMake,0,155,156
2533,mmgtools/parmmg,https://github.com/mmgtools/parmmg/blob/2abacd7d7babf3ebe99888e7d8803006d7ef1cc4/cmake/modules/FindSCOTCH.cmake#L179,"# Try to find the scotch lib in the given paths
# ----------------------------------------------",[],CMake,0,179,180
2533,mmgtools/parmmg,https://github.com/mmgtools/parmmg/blob/2abacd7d7babf3ebe99888e7d8803006d7ef1cc4/cmake/modules/FindSCOTCH.cmake#L187,# call cmake macro to find the lib path,[],CMake,0,187,187
2533,mmgtools/parmmg,https://github.com/mmgtools/parmmg/blob/2abacd7d7babf3ebe99888e7d8803006d7ef1cc4/cmake/modules/FindSCOTCH.cmake#L216,"# If found, add path to cmake variable
# ------------------------------------",[],CMake,0,216,217
2533,mmgtools/parmmg,https://github.com/mmgtools/parmmg/blob/2abacd7d7babf3ebe99888e7d8803006d7ef1cc4/cmake/modules/FindSCOTCH.cmake#L222,# set cmake variables,[],CMake,4,222,222
2533,mmgtools/parmmg,https://github.com/mmgtools/parmmg/blob/2abacd7d7babf3ebe99888e7d8803006d7ef1cc4/cmake/modules/FindSCOTCH.cmake#L237,# check a function to validate the find,[],CMake,0,237,237
2533,mmgtools/parmmg,https://github.com/mmgtools/parmmg/blob/2abacd7d7babf3ebe99888e7d8803006d7ef1cc4/cmake/modules/FindSCOTCH.cmake#L244,# SCOTCH,[],CMake,2,244,244
2533,mmgtools/parmmg,https://github.com/mmgtools/parmmg/blob/2abacd7d7babf3ebe99888e7d8803006d7ef1cc4/cmake/modules/FindSCOTCH.cmake#L252,# THREADS,[],CMake,2,252,252
2533,mmgtools/parmmg,https://github.com/mmgtools/parmmg/blob/2abacd7d7babf3ebe99888e7d8803006d7ef1cc4/cmake/modules/FindSCOTCH.cmake#L275,# set required libraries for link,[],CMake,2,275,275
2533,mmgtools/parmmg,https://github.com/mmgtools/parmmg/blob/2abacd7d7babf3ebe99888e7d8803006d7ef1cc4/cmake/modules/FindSCOTCH.cmake#L284,# test link,[],CMake,2,284,284
2533,mmgtools/parmmg,https://github.com/mmgtools/parmmg/blob/2abacd7d7babf3ebe99888e7d8803006d7ef1cc4/cmake/modules/FindSCOTCH.cmake#L291,# save link with dependencies,[],CMake,4,291,291
2533,mmgtools/parmmg,https://github.com/mmgtools/parmmg/blob/2abacd7d7babf3ebe99888e7d8803006d7ef1cc4/cmake/modules/FindSCOTCH.cmake#L319,"# Check the size of SCOTCH_Num
# ---------------------------------",[],CMake,0,319,320
2533,mmgtools/parmmg,https://github.com/mmgtools/parmmg/blob/2abacd7d7babf3ebe99888e7d8803006d7ef1cc4/cmake/modules/FindSCOTCH.cmake#L324,#stdio.h and stdint.h should be included by scotch.h directly,[],CMake,0,324,324
2533,mmgtools/parmmg,https://github.com/mmgtools/parmmg/blob/2abacd7d7babf3ebe99888e7d8803006d7ef1cc4/cmake/modules/FindSCOTCH.cmake#L361,"# check that SCOTCH has been found
# ---------------------------------",[],CMake,0,361,362
2533,mmgtools/parmmg,https://github.com/mmgtools/parmmg/blob/2abacd7d7babf3ebe99888e7d8803006d7ef1cc4/cmake/modules/macros.cmake#L1,"###############################################################################
#####
#####         Generation of a fortran header file
#####
###############################################################################",[],CMake,0,1,5
2533,mmgtools/parmmg,https://github.com/mmgtools/parmmg/blob/2abacd7d7babf3ebe99888e7d8803006d7ef1cc4/cmake/modules/macros.cmake#L10,"# Wrap add_custom_command into add_custom target to remove dpendencies from
# the custom command and thus allow parallel build.",[],CMake,2,10,11
2533,mmgtools/parmmg,https://github.com/mmgtools/parmmg/blob/2abacd7d7babf3ebe99888e7d8803006d7ef1cc4/cmake/modules/macros.cmake#L30,"###############################################################################
#####
#####         Copy an automatically generated header file to another place
#####
###############################################################################",[],CMake,0,30,34
2533,mmgtools/parmmg,https://github.com/mmgtools/parmmg/blob/2abacd7d7babf3ebe99888e7d8803006d7ef1cc4/cmake/modules/macros.cmake#L40,"# Wrap add_custom_command into add_custom target to remove dpendencies from
# the custom command and thus allow parallel build.",[],CMake,2,40,41
2533,mmgtools/parmmg,https://github.com/mmgtools/parmmg/blob/2abacd7d7babf3ebe99888e7d8803006d7ef1cc4/cmake/modules/macros.cmake#L56,"###############################################################################
#####
#####         Copy source and automatically generated header files to another
#####         place and create the associated target
#####
###############################################################################",[],CMake,0,56,61
2533,mmgtools/parmmg,https://github.com/mmgtools/parmmg/blob/2abacd7d7babf3ebe99888e7d8803006d7ef1cc4/cmake/modules/macros.cmake#L121,"###############################################################################
#####
#####         Add a library to build and needed include dir, set its
#####         properties, add link dependencies and the install rule
#####
###############################################################################",[],CMake,0,121,126
2533,mmgtools/parmmg,https://github.com/mmgtools/parmmg/blob/2abacd7d7babf3ebe99888e7d8803006d7ef1cc4/cmake/modules/macros.cmake#L161,"###############################################################################
#####
#####         Add an executable to build and needed include dir, set its
#####         postfix, add link dependencies and the install rule
#####
###############################################################################",[],CMake,0,161,166
2533,mmgtools/parmmg,https://github.com/mmgtools/parmmg/blob/2abacd7d7babf3ebe99888e7d8803006d7ef1cc4/cmake/modules/macros.cmake#L210,"###############################################################################
#####
#####         Add a target postfix depending on the build type
#####
###############################################################################",[],CMake,0,210,214
2533,mmgtools/parmmg,https://github.com/mmgtools/parmmg/blob/2abacd7d7babf3ebe99888e7d8803006d7ef1cc4/cmake/modules/macros.cmake#L218,# in debug mode we name the executable mmgs_debug,[],CMake,4,218,218
2533,mmgtools/parmmg,https://github.com/mmgtools/parmmg/blob/2abacd7d7babf3ebe99888e7d8803006d7ef1cc4/cmake/modules/macros.cmake#L221,# in Release mode we name the executable mmgs_O3,[],CMake,4,221,221
2533,mmgtools/parmmg,https://github.com/mmgtools/parmmg/blob/2abacd7d7babf3ebe99888e7d8803006d7ef1cc4/cmake/modules/macros.cmake#L224,# in RelWithDebInfo mode we name the executable mmgs_O3d,[],CMake,4,224,224
2533,mmgtools/parmmg,https://github.com/mmgtools/parmmg/blob/2abacd7d7babf3ebe99888e7d8803006d7ef1cc4/cmake/modules/macros.cmake#L227,# in MinSizeRel mode we name the executable mmgs_O3,[],CMake,4,227,227
2533,mmgtools/parmmg,https://github.com/mmgtools/parmmg/blob/2abacd7d7babf3ebe99888e7d8803006d7ef1cc4/cmake/modules/macros.cmake#L232,"###############################################################################
#####
#####         Add a library test
#####
###############################################################################",[],CMake,0,232,236
2533,mmgtools/parmmg,https://github.com/mmgtools/parmmg/blob/2abacd7d7babf3ebe99888e7d8803006d7ef1cc4/cmake/testing/pmmg_tests.cmake#L22,#COMMAND_ECHO STDOUT,[],CMake,6,22,22
2533,mmgtools/parmmg,https://github.com/mmgtools/parmmg/blob/2abacd7d7babf3ebe99888e7d8803006d7ef1cc4/cmake/testing/pmmg_tests.cmake#L28,"# remesh 2 sets of matching mesh/sol files (which are the output of mmg3d)
# on 1,2,4,6,8 processors",[],CMake,4,28,29
2533,mmgtools/parmmg,https://github.com/mmgtools/parmmg/blob/2abacd7d7babf3ebe99888e7d8803006d7ef1cc4/cmake/testing/pmmg_tests.cmake#L40,"# remesh a unit cube with two different solution files on 1,2,4,6,8 processors",[],CMake,4,40,40
2533,mmgtools/parmmg,https://github.com/mmgtools/parmmg/blob/2abacd7d7babf3ebe99888e7d8803006d7ef1cc4/cmake/testing/pmmg_tests.cmake#L52,"# remesh a non constant anisotropic test case: a torus with a planar shock
# on 1,2,4,6,8 processors",[],CMake,4,52,53
2533,mmgtools/parmmg,https://github.com/mmgtools/parmmg/blob/2abacd7d7babf3ebe99888e7d8803006d7ef1cc4/cmake/testing/pmmg_tests.cmake#L65,"###############################################################################
#####
#####        Tests options (on 1, 6 and 8 procs)
#####
###############################################################################",[],CMake,4,65,69
2533,mmgtools/parmmg,https://github.com/mmgtools/parmmg/blob/2abacd7d7babf3ebe99888e7d8803006d7ef1cc4/cmake/testing/pmmg_tests.cmake#L71,# Default option: no metric,[],CMake,4,71,71
2533,mmgtools/parmmg,https://github.com/mmgtools/parmmg/blob/2abacd7d7babf3ebe99888e7d8803006d7ef1cc4/cmake/testing/pmmg_tests.cmake#L80,# Option without arguments,[],CMake,4,80,80
2533,mmgtools/parmmg,https://github.com/mmgtools/parmmg/blob/2abacd7d7babf3ebe99888e7d8803006d7ef1cc4/cmake/testing/pmmg_tests.cmake#L92,# Option with arguments,[],CMake,4,92,92
2533,mmgtools/parmmg,https://github.com/mmgtools/parmmg/blob/2abacd7d7babf3ebe99888e7d8803006d7ef1cc4/cmake/testing/pmmg_tests.cmake#L152,### test openbdy mode on 6 procs,[],CMake,4,152,152
2533,mmgtools/parmmg,https://github.com/mmgtools/parmmg/blob/2abacd7d7babf3ebe99888e7d8803006d7ef1cc4/cmake/testing/pmmg_tests.cmake#L167,"###############################################################################
#####
#####        Test centralized/distributed I/O (on multidomain and openbdy tests)
#####
###############################################################################",[],CMake,4,167,171
2533,mmgtools/parmmg,https://github.com/mmgtools/parmmg/blob/2abacd7d7babf3ebe99888e7d8803006d7ef1cc4/cmake/testing/pmmg_tests.cmake#L210,"###############################################################################
#####
#####        Tests fields interpolation with or without metric
#####
###############################################################################",[],CMake,4,210,214
2533,mmgtools/parmmg,https://github.com/mmgtools/parmmg/blob/2abacd7d7babf3ebe99888e7d8803006d7ef1cc4/cmake/testing/pmmg_tests.cmake#L243,"###############################################################################
#####
#####        Tests distributed surface adaptation
#####
###############################################################################",[],CMake,4,243,247
2533,mmgtools/parmmg,https://github.com/mmgtools/parmmg/blob/2abacd7d7babf3ebe99888e7d8803006d7ef1cc4/cmake/testing/pmmg_tests.cmake#L249,# Run the test only if the mesh distribution has succeed,[],CMake,4,249,249
2533,mmgtools/parmmg,https://github.com/mmgtools/parmmg/blob/2abacd7d7babf3ebe99888e7d8803006d7ef1cc4/cmake/testing/pmmg_tests.cmake#L281,#override previous value of -niter,[],CMake,31,281,281
2533,mmgtools/parmmg,https://github.com/mmgtools/parmmg/blob/2abacd7d7babf3ebe99888e7d8803006d7ef1cc4/cmake/testing/pmmg_tests.cmake#L298,#override previous value of -niter,[],CMake,31,298,298
2533,mmgtools/parmmg,https://github.com/mmgtools/parmmg/blob/2abacd7d7babf3ebe99888e7d8803006d7ef1cc4/cmake/testing/pmmg_tests.cmake#L309,"###############################################################################
#####
#####        Tests that needs the PARMMG LIBRARY
#####
###############################################################################",[],CMake,2,309,313
2533,mmgtools/parmmg,https://github.com/mmgtools/parmmg/blob/2abacd7d7babf3ebe99888e7d8803006d7ef1cc4/cmake/testing/pmmg_tests.cmake#L325,#----------------- library examples in the ParMmg repo,[],CMake,4,325,325
2533,mmgtools/parmmg,https://github.com/mmgtools/parmmg/blob/2abacd7d7babf3ebe99888e7d8803006d7ef1cc4/cmake/testing/pmmg_tests.cmake#L331,#libparmmg_distributed_manual_example0,[],CMake,6,331,331
2533,mmgtools/parmmg,https://github.com/mmgtools/parmmg/blob/2abacd7d7babf3ebe99888e7d8803006d7ef1cc4/cmake/testing/pmmg_tests.cmake#L339,#${PROJECT_SOURCE_DIR}/libexamples/adaptation_example0/parallel_IO/manual_IO/main.c,[],CMake,6,339,339
2533,mmgtools/parmmg,https://github.com/mmgtools/parmmg/blob/2abacd7d7babf3ebe99888e7d8803006d7ef1cc4/cmake/testing/pmmg_tests.cmake#L347,#${PROJECT_SOURCE_DIR}/libexamples/adaptation_example0/cube.mesh,[],CMake,6,347,347
2533,mmgtools/parmmg,https://github.com/mmgtools/parmmg/blob/2abacd7d7babf3ebe99888e7d8803006d7ef1cc4/cmake/testing/pmmg_tests.cmake#L355,#${PROJECT_SOURCE_DIR}/libexamples/adaptation_example0/cube-met.sol,[],CMake,6,355,355
2533,mmgtools/parmmg,https://github.com/mmgtools/parmmg/blob/2abacd7d7babf3ebe99888e7d8803006d7ef1cc4/cmake/testing/pmmg_tests.cmake#L363,"#""""",[],CMake,6,363,363
2533,mmgtools/parmmg,https://github.com/mmgtools/parmmg/blob/2abacd7d7babf3ebe99888e7d8803006d7ef1cc4/cmake/testing/pmmg_tests.cmake#L371,#${CI_DIR_RESULTS}/io-seq-par-cube.o,[],CMake,6,371,371
2533,mmgtools/parmmg,https://github.com/mmgtools/parmmg/blob/2abacd7d7babf3ebe99888e7d8803006d7ef1cc4/cmake/testing/pmmg_tests.cmake#L379,"#""-met""",[],CMake,6,379,379
2533,mmgtools/parmmg,https://github.com/mmgtools/parmmg/blob/2abacd7d7babf3ebe99888e7d8803006d7ef1cc4/cmake/testing/pmmg_tests.cmake#L387,"#""-met""",[],CMake,6,387,387
2533,mmgtools/parmmg,https://github.com/mmgtools/parmmg/blob/2abacd7d7babf3ebe99888e7d8803006d7ef1cc4/cmake/testing/pmmg_tests.cmake#L390,# Distributed API test,[],CMake,4,390,390
2533,mmgtools/parmmg,https://github.com/mmgtools/parmmg/blob/2abacd7d7babf3ebe99888e7d8803006d7ef1cc4/cmake/testing/pmmg_tests.cmake#L440,# Usable on 2 procs only,[],CMake,4,440,440
2533,mmgtools/parmmg,https://github.com/mmgtools/parmmg/blob/2abacd7d7babf3ebe99888e7d8803006d7ef1cc4/cmake/testing/pmmg_tests.cmake#L451,#####         Fortran Tests,[],CMake,4,451,451
2533,mmgtools/parmmg,https://github.com/mmgtools/parmmg/blob/2abacd7d7babf3ebe99888e7d8803006d7ef1cc4/cmake/testing/pmmg_tests.cmake#L458,"# libparmmg_fortran_centralized_manual_example0_io_0
# libparmmg_fortran_centralized_manual_example0_io_1
# libparmmg_fortran_distributed_manual_example0",[],CMake,8,458,460
2533,mmgtools/parmmg,https://github.com/mmgtools/parmmg/blob/2abacd7d7babf3ebe99888e7d8803006d7ef1cc4/cmake/testing/pmmg_tests.cmake#L465,"# ${PROJECT_SOURCE_DIR}/libexamples/adaptation_example0/sequential_IO/manual_IO/main.F90
# ${PROJECT_SOURCE_DIR}/libexamples/adaptation_example0/sequential_IO/manual_IO/main.F90
# ${PROJECT_SOURCE_DIR}/libexamples/adaptation_example0/parallel_IO/manual_IO/main.F90",[],CMake,8,465,467
2533,mmgtools/parmmg,https://github.com/mmgtools/parmmg/blob/2abacd7d7babf3ebe99888e7d8803006d7ef1cc4/cmake/testing/pmmg_tests.cmake#L472,"#""""
#""""
#${PROJECT_SOURCE_DIR}/libexamples/adaptation_example0/cube.mesh",[],CMake,8,472,474
2533,mmgtools/parmmg,https://github.com/mmgtools/parmmg/blob/2abacd7d7babf3ebe99888e7d8803006d7ef1cc4/cmake/testing/pmmg_tests.cmake#L479,"# """"
# """"
# ${PROJECT_SOURCE_DIR}/libexamples/adaptation_example0/cube-met.sol",[],CMake,8,479,481
2533,mmgtools/parmmg,https://github.com/mmgtools/parmmg/blob/2abacd7d7babf3ebe99888e7d8803006d7ef1cc4/cmake/testing/pmmg_tests.cmake#L486,"#""""
#""""
#""""",[],CMake,8,486,488
2533,mmgtools/parmmg,https://github.com/mmgtools/parmmg/blob/2abacd7d7babf3ebe99888e7d8803006d7ef1cc4/cmake/testing/pmmg_tests.cmake#L493,"#${CI_DIR_RESULTS}/io-seq-manual-cube_io_0.o
#${CI_DIR_RESULTS}/io-seq-manual-cube_io_1.o
#${CI_DIR_RESULTS}/io-seq-par-cube.o",[],CMake,8,493,495
2533,mmgtools/parmmg,https://github.com/mmgtools/parmmg/blob/2abacd7d7babf3ebe99888e7d8803006d7ef1cc4/cmake/testing/pmmg_tests.cmake#L500,"#""0""
#""1""
#""-met""",[],CMake,8,500,502
2533,mmgtools/parmmg,https://github.com/mmgtools/parmmg/blob/2abacd7d7babf3ebe99888e7d8803006d7ef1cc4/cmake/testing/pmmg_tests.cmake#L507,"#""0""
#""1""
#""-met""",[],CMake,8,507,509
2533,mmgtools/parmmg,https://github.com/mmgtools/parmmg/blob/2abacd7d7babf3ebe99888e7d8803006d7ef1cc4/cmake/testing/pmmg_tests.cmake#L539,# Distributed lib test,[],CMake,4,539,539
2533,mmgtools/parmmg,https://github.com/mmgtools/parmmg/blob/2abacd7d7babf3ebe99888e7d8803006d7ef1cc4/cmake/testing/pmmg_tests.cmake#L547,# Run the test only if the mesh distribution has succeed,[],CMake,4,547,547
2533,mmgtools/parmmg,https://github.com/mmgtools/parmmg/blob/2abacd7d7babf3ebe99888e7d8803006d7ef1cc4/cmake/testing/pmmg_tests.cmake#L567,# Distributed analysis,[],CMake,4,567,567
2533,mmgtools/parmmg,https://github.com/mmgtools/parmmg/blob/2abacd7d7babf3ebe99888e7d8803006d7ef1cc4/cmake/testing/pmmg_tests.cmake#L594,#----------------- Tests using the library in the testparmmg repos,[],CMake,4,594,594
2533,mmgtools/parmmg,https://github.com/mmgtools/parmmg/blob/2abacd7d7babf3ebe99888e7d8803006d7ef1cc4/cmake/testing/pmmg_tests.cmake#L597,# Localization test,[],CMake,6,597,597
2533,mmgtools/parmmg,https://github.com/mmgtools/parmmg/blob/2abacd7d7babf3ebe99888e7d8803006d7ef1cc4/cmake/testing/pmmg_tests.cmake#L627,# Surface interpolation tests,[],CMake,6,627,627
2533,mmgtools/parmmg,https://github.com/mmgtools/parmmg/blob/2abacd7d7babf3ebe99888e7d8803006d7ef1cc4/cmake/testing/pmmg_tests.cmake#L653,# Sequential test,[],CMake,6,653,653
2533,mmgtools/parmmg,https://github.com/mmgtools/parmmg/blob/2abacd7d7babf3ebe99888e7d8803006d7ef1cc4/cmake/testing/pmmg_tests.cmake#L666,# 2 procs tests,[],CMake,6,666,666
