repoIndex,repoName,linkLocation,comment,keywords,buildSysteminFile,charPosition,startLine,endLine
25540,facebook/redex,https://github.com/facebook/redex/blob/97227e17413ad2fcd974e1a6958ae073eeb80349/Makefile.am#L10,"#
# Include paths
#",[],Autotool,0,10,12
25540,facebook/redex,https://github.com/facebook/redex/blob/97227e17413ad2fcd974e1a6958ae073eeb80349/Makefile.am#L17,"#
# build protobuf
#",[],Autotool,0,17,19
25540,facebook/redex,https://github.com/facebook/redex/blob/97227e17413ad2fcd974e1a6958ae073eeb80349/Makefile.am#L35,"#
# libredex: the optimizer's guts
#",[],Autotool,0,35,37
25540,facebook/redex,https://github.com/facebook/redex/blob/97227e17413ad2fcd974e1a6958ae073eeb80349/Makefile.am#L281,"#
# libopt: the optimization passes
#",[],Autotool,0,281,283
25540,facebook/redex,https://github.com/facebook/redex/blob/97227e17413ad2fcd974e1a6958ae073eeb80349/Makefile.am#L285,"# Autoconf + libtool does not handle whole-archive well, and it is not
# supported on MacOS (""-all_load""). But we would need this for pass
# registration. Instead, share sources and create libopt for the tests.",[],Autotool,0,285,287
25540,facebook/redex,https://github.com/facebook/redex/blob/97227e17413ad2fcd974e1a6958ae073eeb80349/Makefile.am#L427,"#
# redex-all: the main executable
#",[],Autotool,0,427,429
25540,facebook/redex,https://github.com/facebook/redex/blob/97227e17413ad2fcd974e1a6958ae073eeb80349/Makefile.am#L458,# function names in stack traces,[],Autotool,11,458,458
25540,facebook/redex,https://github.com/facebook/redex/blob/97227e17413ad2fcd974e1a6958ae073eeb80349/Makefile.am#L476,"#
# redex: Python driver script
#",[],Autotool,0,476,478
25540,facebook/redex,https://github.com/facebook/redex/blob/97227e17413ad2fcd974e1a6958ae073eeb80349/Makefile.am#L482,# Embedded API level files.,[],Autotool,0,482,482
25540,facebook/redex,https://github.com/facebook/redex/blob/97227e17413ad2fcd974e1a6958ae073eeb80349/test/Makefile.am#L27,# _DEPENDENCIES does not seem to work for SCRIPTS,[],Autotool,0,27,27
25540,facebook/redex,https://github.com/facebook/redex/blob/97227e17413ad2fcd974e1a6958ae073eeb80349/test/integ/Makefile.am#L9,"# Need to set ""dexfile"" environment variable to point to the dex file ised in
# the test. We do this with a helper script and naming convention.",[],Autotool,0,9,10
25540,facebook/redex,https://github.com/facebook/redex/blob/97227e17413ad2fcd974e1a6958ae073eeb80349/test/integ/Makefile.am#L153,"# Note: Should switch to d8, instead.",[],Autotool,0,153,153
25540,facebook/redex,https://github.com/facebook/redex/blob/97227e17413ad2fcd974e1a6958ae073eeb80349/test/unit/Makefile.am#L9,"# These need things in the environment.
# XFAIL_TESTS = stringbuilder_outline_test throw_propagation_test",[],Autotool,0,9,10
25540,facebook/redex,https://github.com/facebook/redex/blob/97227e17413ad2fcd974e1a6958ae073eeb80349/test/unit/Makefile.am#L12,"# CircleCI shows XFAIL as red. Automake does not allow to $(filter). So for
# now remove the XFAIL_TESTS entries explicitly from here.",[],Autotool,0,12,13
25540,facebook/redex,https://github.com/facebook/redex/blob/97227e17413ad2fcd974e1a6958ae073eeb80349/test/unit/Makefile.am#L400,# stringbuilder_outline_test_SOURCES = StringBuilderOutlinerTest.cpp,[],Autotool,0,400,400
25540,facebook/redex,https://github.com/facebook/redex/blob/97227e17413ad2fcd974e1a6958ae073eeb80349/test/unit/Makefile.am#L408,"# throw_propagation_test_SOURCES = ThrowPropagationTest.cpp
# throw_propagation_test_LDADD = $(COMMON_MOCK_TEST_LIBS)",[],Autotool,0,408,409
25540,facebook/redex,https://github.com/facebook/redex/blob/97227e17413ad2fcd974e1a6958ae073eeb80349/configure.ac#L1,"#                                               -*- Autoconf -*-
# Process this file with autoconf to produce a configure script.",[],Autotool,0,1,2
25540,facebook/redex,https://github.com/facebook/redex/blob/97227e17413ad2fcd974e1a6958ae073eeb80349/configure.ac#L7,"# clear out default cxx flags (was ""-O2 -g"") so that they don't override
# the flags defined in AM_CXXFLAGS. add ""-std"" to work around gtest issue
# on macos.",[],Autotool,0,7,9
25540,facebook/redex,https://github.com/facebook/redex/blob/97227e17413ad2fcd974e1a6958ae073eeb80349/configure.ac#L12,# Checks for programs.,[],Autotool,0,12,12
25540,facebook/redex,https://github.com/facebook/redex/blob/97227e17413ad2fcd974e1a6958ae073eeb80349/configure.ac#L22,# Checks for libraries.,[],Autotool,0,22,22
25540,facebook/redex,https://github.com/facebook/redex/blob/97227e17413ad2fcd974e1a6958ae073eeb80349/configure.ac#L35,# check whether user enabled protobuf,[],Autotool,0,35,35
25540,facebook/redex,https://github.com/facebook/redex/blob/97227e17413ad2fcd974e1a6958ae073eeb80349/configure.ac#L43,"# user enabled protobuf
# check if protobuf is installed",[],Autotool,4,43,44
25540,facebook/redex,https://github.com/facebook/redex/blob/97227e17413ad2fcd974e1a6958ae073eeb80349/configure.ac#L46,"# proto compiler
# allow users to specify the path to protobuf compiler
# --with-protoc",[],Autotool,4,46,48
25540,facebook/redex,https://github.com/facebook/redex/blob/97227e17413ad2fcd974e1a6958ae073eeb80349/configure.ac#L60,"# protobuf libraries
# allow users to specify the path to the protobuf libs
# --with-protolib",[],Autotool,4,60,62
25540,facebook/redex,https://github.com/facebook/redex/blob/97227e17413ad2fcd974e1a6958ae073eeb80349/configure.ac#L67,# protobuf lib path set by user,[],Autotool,10,67,67
25540,facebook/redex,https://github.com/facebook/redex/blob/97227e17413ad2fcd974e1a6958ae073eeb80349/configure.ac#L70,# test protobuf,[],Autotool,12,70,70
25540,facebook/redex,https://github.com/facebook/redex/blob/97227e17413ad2fcd974e1a6958ae073eeb80349/configure.ac#L74,# library found,[],Autotool,12,74,74
25540,facebook/redex,https://github.com/facebook/redex/blob/97227e17413ad2fcd974e1a6958ae073eeb80349/configure.ac#L79,# restore original LDFLAGS,[],Autotool,12,79,79
25540,facebook/redex,https://github.com/facebook/redex/blob/97227e17413ad2fcd974e1a6958ae073eeb80349/configure.ac#L82,# check default search path,[],Autotool,10,82,82
25540,facebook/redex,https://github.com/facebook/redex/blob/97227e17413ad2fcd974e1a6958ae073eeb80349/configure.ac#L90,"# protobuf headers
# allow users to specify the path to the protobuf headers
# --with-protoheader",[],Autotool,4,90,92
25540,facebook/redex,https://github.com/facebook/redex/blob/97227e17413ad2fcd974e1a6958ae073eeb80349/configure.ac#L97,# protobuf header path set by user,[],Autotool,10,97,97
25540,facebook/redex,https://github.com/facebook/redex/blob/97227e17413ad2fcd974e1a6958ae073eeb80349/configure.ac#L100,# test protobuf header,[],Autotool,12,100,100
25540,facebook/redex,https://github.com/facebook/redex/blob/97227e17413ad2fcd974e1a6958ae073eeb80349/configure.ac#L104,# library found,[],Autotool,16,104,104
25540,facebook/redex,https://github.com/facebook/redex/blob/97227e17413ad2fcd974e1a6958ae073eeb80349/configure.ac#L109,# restore original CXXFLAGS,[],Autotool,12,109,109
25540,facebook/redex,https://github.com/facebook/redex/blob/97227e17413ad2fcd974e1a6958ae073eeb80349/configure.ac#L118,# Checks for header files.,[],Autotool,0,118,118
25540,facebook/redex,https://github.com/facebook/redex/blob/97227e17413ad2fcd974e1a6958ae073eeb80349/configure.ac#L121,"# Checks for typedefs, structures, and compiler characteristics.",[],Autotool,0,121,121
25540,facebook/redex,https://github.com/facebook/redex/blob/97227e17413ad2fcd974e1a6958ae073eeb80349/configure.ac#L137,# Checks for library functions.,[],Autotool,0,137,137
25540,facebook/redex,https://github.com/facebook/redex/blob/97227e17413ad2fcd974e1a6958ae073eeb80349/CMakeLists.txt#L1,"# Copyright (c) Meta Platforms, Inc. and affiliates.
#
# This source code is licensed under the MIT license found in the
# LICENSE file in the root directory of this source tree.",[],CMake,0,1,4
25540,facebook/redex,https://github.com/facebook/redex/blob/97227e17413ad2fcd974e1a6958ae073eeb80349/CMakeLists.txt#L149,# redex.py things...,[],CMake,0,149,149
25540,facebook/redex,https://github.com/facebook/redex/blob/97227e17413ad2fcd974e1a6958ae073eeb80349/CMakeLists.txt#L165,"# Misc stuff, for good measure.",[],CMake,0,165,165
25540,facebook/redex,https://github.com/facebook/redex/blob/97227e17413ad2fcd974e1a6958ae073eeb80349/sparta/CMakeLists.txt#L1,"# Copyright (c) Meta Platforms, Inc. and affiliates.
#
# This source code is licensed under the MIT license found in the
# LICENSE file in the root directory of this source tree.",[],CMake,0,1,4
25540,facebook/redex,https://github.com/facebook/redex/blob/97227e17413ad2fcd974e1a6958ae073eeb80349/sparta/CMakeLists.txt#L23,"###################################################
# Add sparta interface library
###################################################",[],CMake,0,23,25
25540,facebook/redex,https://github.com/facebook/redex/blob/97227e17413ad2fcd974e1a6958ae073eeb80349/sparta/CMakeLists.txt#L35,"###################################################
# install and export
###################################################
# Must use GNUInstallDirs to install libraries into correct
# locations on all platforms.",[],CMake,0,35,39
25540,facebook/redex,https://github.com/facebook/redex/blob/97227e17413ad2fcd974e1a6958ae073eeb80349/sparta/CMakeLists.txt#L42,# 'make install' to the correct locations (provided by GNUInstallDirs).,[],CMake,0,42,42
25540,facebook/redex,https://github.com/facebook/redex/blob/97227e17413ad2fcd974e1a6958ae073eeb80349/sparta/CMakeLists.txt#L46,# This is for Windows,[],CMake,51,46,46
25540,facebook/redex,https://github.com/facebook/redex/blob/97227e17413ad2fcd974e1a6958ae073eeb80349/sparta/CMakeLists.txt#L51,# This makes the project importable from the build directory,[],CMake,0,51,51
25540,facebook/redex,https://github.com/facebook/redex/blob/97227e17413ad2fcd974e1a6958ae073eeb80349/sparta/CMakeLists.txt#L54,"###################################################
# test
###################################################",[],CMake,0,54,56
25540,facebook/redex,https://github.com/facebook/redex/blob/97227e17413ad2fcd974e1a6958ae073eeb80349/sparta/CMakeLists.txt#L61,# ${test} contains all paths to the test cpps,[],CMake,0,61,61
25540,facebook/redex,https://github.com/facebook/redex/blob/97227e17413ad2fcd974e1a6958ae073eeb80349/sparta/CMakeLists.txt#L63,# ${testfile} is in the format of test/SomeTest.cpp,[],CMake,4,63,63
25540,facebook/redex,https://github.com/facebook/redex/blob/97227e17413ad2fcd974e1a6958ae073eeb80349/sparta/CMakeLists.txt#L65,# ${no_ext_name} is in the format of test/SomeTest_test,[],CMake,4,65,65
25540,facebook/redex,https://github.com/facebook/redex/blob/97227e17413ad2fcd974e1a6958ae073eeb80349/sparta/CMakeLists.txt#L67,# ${test_bin} is in the format of SomeTest_test,[],CMake,4,67,67
25540,facebook/redex,https://github.com/facebook/redex/blob/97227e17413ad2fcd974e1a6958ae073eeb80349/sparta/CMakeLists.txt#L72,# Copy the script that runs all tests under the build directory,[],CMake,0,72,72
25540,facebook/redex,https://github.com/facebook/redex/blob/97227e17413ad2fcd974e1a6958ae073eeb80349/cmake_modules/Commons.cmake#L1,"# Copyright (c) Meta Platforms, Inc. and affiliates.
#
# This source code is licensed under the MIT license found in the
# LICENSE file in the root directory of this source tree.",[],CMake,0,1,4
25540,facebook/redex,https://github.com/facebook/redex/blob/97227e17413ad2fcd974e1a6958ae073eeb80349/cmake_modules/Commons.cmake#L72,#Static library is not installed on default path in MacOS because it conflicts with Xcode Version,[],CMake,8,72,72
25540,facebook/redex,https://github.com/facebook/redex/blob/97227e17413ad2fcd974e1a6958ae073eeb80349/cmake_modules/Commons.cmake#L100,"# On non-Apple platforms, we always assume that the GNU Linker is used",[],CMake,12,100,100
25540,facebook/redex,https://github.com/facebook/redex/blob/97227e17413ad2fcd974e1a6958ae073eeb80349/cmake_modules/FindJsonCpp.cmake#L1,"# - Find jsoncpp - Overarching find module
# This is a over-arching find module to find older jsoncpp versions and those sadly built
# without JSONCPP_WITH_CMAKE_PACKAGE=ON, as well as those built with the cmake config file.
# It also wraps the different versions of the module.
#
# On CMake 3.0 and newer:
#  JsonCpp::JsonCpp - Imported target (possibly an interface/alias) to use:
#  if anything is populated, this is. If both shared and static are found, then
#  this will be the static version on DLL platforms and shared on non-DLL platforms.
#  JsonCpp::JsonCppShared - Imported target (possibly an interface/alias) for a
#  shared library version.
#  JsonCpp::JsonCppStatic - Imported target (possibly an interface/alias) for a
#  static library version.
#
# On all CMake versions: (Note that on CMake 2.8.10 and earlier, you may need to use JSONCPP_INCLUDE_DIRS)
#  JSONCPP_LIBRARY - wraps JsonCpp::JsonCpp or equiv.
#  JSONCPP_LIBRARY_IS_SHARED - if we know for sure JSONCPP_LIBRARY is shared, this is true-ish. We try to ""un-set"" it if we don't know one way or another.
#  JSONCPP_LIBRARY_SHARED - wraps JsonCpp::JsonCppShared or equiv.
#  JSONCPP_LIBRARY_STATIC - wraps JsonCpp::JsonCppStatic or equiv.
#  JSONCPP_INCLUDE_DIRS - Include directories - should (generally?) not needed if you require CMake 2.8.11+ since it handles target include directories.
#
#  JSONCPP_FOUND - True if JsonCpp was found.
#
# Original Author:
# 2016 Ryan Pavlik <ryan.pavlik@gmail.com>
# Incorporates work from the module contributed to VRPN under the same license:
# 2011 Philippe Crassous (ENSAM ParisTech / Institut Image) p.crassous _at_ free.fr
#
# Copyright Philippe Crassous 2011.
# Copyright Sensics, Inc. 2016.
# Distributed under the Boost Software License, Version 1.0.
# (See accompanying file LICENSE_1_0.txt or copy at
# http://www.boost.org/LICENSE_1_0.txt)",[],CMake,0,1,33
25540,facebook/redex,https://github.com/facebook/redex/blob/97227e17413ad2fcd974e1a6958ae073eeb80349/cmake_modules/FindJsonCpp.cmake#L44,# sets __jsoncpp_have_jsoncpplib based on whether or not we have a real imported jsoncpp_lib target.,[],CMake,0,44,44
25540,facebook/redex,https://github.com/facebook/redex/blob/97227e17413ad2fcd974e1a6958ae073eeb80349/cmake_modules/FindJsonCpp.cmake#L49,"# We make interface libraries. If an actual config module made it, it would be an imported library.",[],CMake,2,49,49
25540,facebook/redex,https://github.com/facebook/redex/blob/97227e17413ad2fcd974e1a6958ae073eeb80349/cmake_modules/FindJsonCpp.cmake#L54,"#message(STATUS ""__jsoncpp_have_jsoncpplib ${__jsoncpp_have_jsoncpplib}"")",[],CMake,1,54,54
25540,facebook/redex,https://github.com/facebook/redex/blob/97227e17413ad2fcd974e1a6958ae073eeb80349/cmake_modules/FindJsonCpp.cmake#L58,"# Ensure that if this is TRUE later, it's because we set it.",[],CMake,0,58,58
25540,facebook/redex,https://github.com/facebook/redex/blob/97227e17413ad2fcd974e1a6958ae073eeb80349/cmake_modules/FindJsonCpp.cmake#L62,"# See if we find a CMake config file - there is no harm in calling this more than once,
# and we need to call it at least once every CMake invocation to create the original
# imported targets, since those don't stick around like cache variables.",[],CMake,0,62,64
25540,facebook/redex,https://github.com/facebook/redex/blob/97227e17413ad2fcd974e1a6958ae073eeb80349/cmake_modules/FindJsonCpp.cmake#L68,"# Build a string to help us figure out when to invalidate our cache variables.
# start with where we found jsoncpp",[],CMake,1,68,69
25540,facebook/redex,https://github.com/facebook/redex/blob/97227e17413ad2fcd974e1a6958ae073eeb80349/cmake_modules/FindJsonCpp.cmake#L72,# part of the string to indicate if we found a real jsoncpp_lib (and what kind),[],CMake,1,72,72
25540,facebook/redex,https://github.com/facebook/redex/blob/97227e17413ad2fcd974e1a6958ae073eeb80349/cmake_modules/FindJsonCpp.cmake#L77,"# Can't do this - different runtimes, incompatible ABI, etc.",[],CMake,3,77,77
25540,facebook/redex,https://github.com/facebook/redex/blob/97227e17413ad2fcd974e1a6958ae073eeb80349/cmake_modules/FindJsonCpp.cmake#L81,#osvr_stash_map_config(DEBUG DEBUG RELWITHDEBINFO RELEASE MINSIZEREL NONE),[],CMake,3,81,81
25540,facebook/redex,https://github.com/facebook/redex/blob/97227e17413ad2fcd974e1a6958ae073eeb80349/cmake_modules/FindJsonCpp.cmake#L83,"# Appending, just in case using project or upstream fixes this.",[],CMake,2,83,83
25540,facebook/redex,https://github.com/facebook/redex/blob/97227e17413ad2fcd974e1a6958ae073eeb80349/cmake_modules/FindJsonCpp.cmake#L98,# part of the string to indicate if we found jsoncpp_lib_static,[],CMake,1,98,98
25540,facebook/redex,https://github.com/facebook/redex/blob/97227e17413ad2fcd974e1a6958ae073eeb80349/cmake_modules/FindJsonCpp.cmake#L108,"# If we found something, and it's not the exact same as what we've found before...
# NOTE: The contents of this ""if"" block update only (internal) cache variables!
# (since this will only get run the first CMake pass that finds jsoncpp or that finds a different/updated install)",[],CMake,0,108,110
25540,facebook/redex,https://github.com/facebook/redex/blob/97227e17413ad2fcd974e1a6958ae073eeb80349/cmake_modules/FindJsonCpp.cmake#L112,"#message(""Updating jsoncpp cache variables! ${__jsoncpp_info_string}"")",[],CMake,1,112,112
25540,facebook/redex,https://github.com/facebook/redex/blob/97227e17413ad2fcd974e1a6958ae073eeb80349/cmake_modules/FindJsonCpp.cmake#L120,"# if(__jsoncpp_have_jsoncpplib) is equivalent to if(TARGET jsoncpp_lib) except it excludes our
# ""invented"" jsoncpp_lib interface targets, made for convenience purposes after this block.",[],CMake,1,120,121
25540,facebook/redex,https://github.com/facebook/redex/blob/97227e17413ad2fcd974e1a6958ae073eeb80349/cmake_modules/FindJsonCpp.cmake#L125,# A veritable cache of riches - we have both shared and static!,[],CMake,2,125,125
25540,facebook/redex,https://github.com/facebook/redex/blob/97227e17413ad2fcd974e1a6958ae073eeb80349/cmake_modules/FindJsonCpp.cmake#L129,# DLL platforms: static library should be default,[],CMake,3,129,129
25540,facebook/redex,https://github.com/facebook/redex/blob/97227e17413ad2fcd974e1a6958ae073eeb80349/cmake_modules/FindJsonCpp.cmake#L133,"# Other platforms - might require PIC to be linked into shared libraries, so safest to prefer shared.",[],CMake,3,133,133
25540,facebook/redex,https://github.com/facebook/redex/blob/97227e17413ad2fcd974e1a6958ae073eeb80349/cmake_modules/FindJsonCpp.cmake#L139,"# Well, only one variant, but we know for sure that it's static.",[],CMake,2,139,139
25540,facebook/redex,https://github.com/facebook/redex/blob/97227e17413ad2fcd974e1a6958ae073eeb80349/cmake_modules/FindJsonCpp.cmake#L145,# We were able to figure out the mystery library is static!,[],CMake,2,145,145
25540,facebook/redex,https://github.com/facebook/redex/blob/97227e17413ad2fcd974e1a6958ae073eeb80349/cmake_modules/FindJsonCpp.cmake#L151,# We were able to figure out the mystery library is shared!,[],CMake,2,151,151
25540,facebook/redex,https://github.com/facebook/redex/blob/97227e17413ad2fcd974e1a6958ae073eeb80349/cmake_modules/FindJsonCpp.cmake#L157,"# One variant, and we have no idea if this is just an old version or if
# this is shared based on the target name alone. Hmm.",[],CMake,2,157,158
25540,facebook/redex,https://github.com/facebook/redex/blob/97227e17413ad2fcd974e1a6958ae073eeb80349/cmake_modules/FindJsonCpp.cmake#L162,"# Now, we need include directories. Can't just limit this to old CMakes, since
# new CMakes might be used to build projects designed to support older ones.",[],CMake,1,162,163
25540,facebook/redex,https://github.com/facebook/redex/blob/97227e17413ad2fcd974e1a6958ae073eeb80349/cmake_modules/FindJsonCpp.cmake#L178,# As a convenience...,[],CMake,0,178,178
25540,facebook/redex,https://github.com/facebook/redex/blob/97227e17413ad2fcd974e1a6958ae073eeb80349/cmake_modules/FindJsonCpp.cmake#L186,"# OK, so we couldn't get it from the target... maybe we can figure it out from jsoncpp_DIR.",[],CMake,2,186,186
25540,facebook/redex,https://github.com/facebook/redex/blob/97227e17413ad2fcd974e1a6958ae073eeb80349/cmake_modules/FindJsonCpp.cmake#L188,# take off the jsoncpp component,[],CMake,2,188,188
25540,facebook/redex,https://github.com/facebook/redex/blob/97227e17413ad2fcd974e1a6958ae073eeb80349/cmake_modules/FindJsonCpp.cmake#L191,# take off the cmake component,[],CMake,2,191,191
25540,facebook/redex,https://github.com/facebook/redex/blob/97227e17413ad2fcd974e1a6958ae073eeb80349/cmake_modules/FindJsonCpp.cmake#L194,# take off the lib component,[],CMake,2,194,194
25540,facebook/redex,https://github.com/facebook/redex/blob/97227e17413ad2fcd974e1a6958ae073eeb80349/cmake_modules/FindJsonCpp.cmake#L197,# take off one more component in case of multiarch lib,[],CMake,2,197,197
25540,facebook/redex,https://github.com/facebook/redex/blob/97227e17413ad2fcd974e1a6958ae073eeb80349/cmake_modules/FindJsonCpp.cmake#L201,"# Now, search.",[],CMake,2,201,201
25540,facebook/redex,https://github.com/facebook/redex/blob/97227e17413ad2fcd974e1a6958ae073eeb80349/cmake_modules/FindJsonCpp.cmake#L209,"# Note - this does not set it in the cache, in case we find it better at some point in the future!",[],CMake,3,209,209
25540,facebook/redex,https://github.com/facebook/redex/blob/97227e17413ad2fcd974e1a6958ae073eeb80349/cmake_modules/FindJsonCpp.cmake#L222,# Create any missing namespaced targets from the config module.,[],CMake,1,222,222
25540,facebook/redex,https://github.com/facebook/redex/blob/97227e17413ad2fcd974e1a6958ae073eeb80349/cmake_modules/FindJsonCpp.cmake#L245,"# Hide the stuff we didn't, and no longer, need.",[],CMake,2,245,245
25540,facebook/redex,https://github.com/facebook/redex/blob/97227e17413ad2fcd974e1a6958ae073eeb80349/cmake_modules/FindJsonCpp.cmake#L271,"# Still nothing after looking for the config file: must go ""old-school""",[],CMake,0,271,271
25540,facebook/redex,https://github.com/facebook/redex/blob/97227e17413ad2fcd974e1a6958ae073eeb80349/cmake_modules/FindJsonCpp.cmake#L273,# Invoke pkgconfig for hints,[],CMake,1,273,273
25540,facebook/redex,https://github.com/facebook/redex/blob/97227e17413ad2fcd974e1a6958ae073eeb80349/cmake_modules/FindJsonCpp.cmake#L296,"# OK, if pkg-config wasn't able to give us a library name suggestion, then we may
# have to resort to some intense old logic.",[],CMake,2,296,297
25540,facebook/redex,https://github.com/facebook/redex/blob/97227e17413ad2fcd974e1a6958ae073eeb80349/cmake_modules/FindJsonCpp.cmake#L303,# bit of a generalization but close...,[],CMake,15,303,303
25540,facebook/redex,https://github.com/facebook/redex/blob/97227e17413ad2fcd974e1a6958ae073eeb80349/cmake_modules/FindJsonCpp.cmake#L344,# end of old logic,[],CMake,9,344,344
25540,facebook/redex,https://github.com/facebook/redex/blob/97227e17413ad2fcd974e1a6958ae073eeb80349/cmake_modules/FindJsonCpp.cmake#L351,# Actually go looking.,[],CMake,1,351,351
25540,facebook/redex,https://github.com/facebook/redex/blob/97227e17413ad2fcd974e1a6958ae073eeb80349/cmake_modules/FindJsonCpp.cmake#L382,"#add_library(JsonCpp::JsonCpp UNKNOWN IMPORTED)
#set_target_properties(JsonCpp::JsonCpp PROPERTIES
#	IMPORTED_LOCATION ""${JsonCpp_LIBRARY}""
#	INTERFACE_INCLUDE_DIRECTORIES ""${JsonCpp_INCLUDE_DIR}""
#	IMPORTED_LINK_INTERFACE_LANGUAGES ""CXX"")",[],CMake,2,382,386
25540,facebook/redex,https://github.com/facebook/redex/blob/97227e17413ad2fcd974e1a6958ae073eeb80349/cmake_modules/FindZlib.cmake#L1,"# Copyright (c) Meta Platforms, Inc. and affiliates.
#
# This source code is licensed under the MIT license found in the
# LICENSE file in the root directory of this source tree.",[],CMake,0,1,4
25540,facebook/redex,https://github.com/facebook/redex/blob/97227e17413ad2fcd974e1a6958ae073eeb80349/cmake_modules/FindZlib.cmake#L6,"#
# Licensed under the Apache License, Version 2.0 (the ""License"");
# you may not use this file except in compliance with the License.
# You may obtain a copy of the License at
#
# http://www.apache.org/licenses/LICENSE-2.0
#
# Unless required by applicable law or agreed to in writing, software
# distributed under the License is distributed on an ""AS IS"" BASIS,
# WITHOUT WARRANTIES OR CONDITIONS OF ANY KIND, either express or implied.
# See the License for the specific language governing permissions and
# limitations under the License.
#
# Tries to find ZLIB headers and libraries.
#
# Usage of this module as follows:
#
#  find_package(ZLIB)
#
# Variables used by this module, they can change the default behaviour and need
# to be set before calling find_package:
#
#  ZLIB_HOME - When set, this path is inspected instead of standard library
#             locations as the root of the ZLIB installation.
#             The environment variable ZLIB_HOME overrides this variable.
#
# - Find ZLIB (zlib.h, libz.a, libz.so, and libz.so.1)
# This module defines
#  ZLIB_INCLUDE_DIR, directory containing headers
#  ZLIB_LIBS, directory containing zlib libraries
#  ZLIB_STATIC_LIB, path to libz.a
#  ZLIB_SHARED_LIB, path to libz's shared library
#  ZLIB_FOUND, whether zlib has been found",[],CMake,0,6,38
25540,facebook/redex,https://github.com/facebook/redex/blob/97227e17413ad2fcd974e1a6958ae073eeb80349/cmake_modules/FindZlib.cmake#L47,"# Try the parameterized roots, if they exist",[],CMake,0,47,47
25540,facebook/redex,https://github.com/facebook/redex/blob/97227e17413ad2fcd974e1a6958ae073eeb80349/sparta/cmake_modules/Commons.cmake#L1,"# Copyright (c) Meta Platforms, Inc. and affiliates.
#
# This source code is licensed under the MIT license found in the
# LICENSE file in the root directory of this source tree.",[],CMake,0,1,4
25540,facebook/redex,https://github.com/facebook/redex/blob/97227e17413ad2fcd974e1a6958ae073eeb80349/sparta/cmake_modules/Commons.cmake#L43,# Download and unpack googletest at configure time,[],CMake,4,43,43
25540,facebook/redex,https://github.com/facebook/redex/blob/97227e17413ad2fcd974e1a6958ae073eeb80349/sparta/cmake_modules/Commons.cmake#L58,"# Prevent overriding the parent project's compiler/linker
# settings on Windows",[],CMake,4,58,59
25540,facebook/redex,https://github.com/facebook/redex/blob/97227e17413ad2fcd974e1a6958ae073eeb80349/sparta/cmake_modules/Commons.cmake#L62,"# Add googletest directly to our build. This defines
# the gtest and gtest_main targets.",[],CMake,4,62,63
25540,facebook/redex,https://github.com/facebook/redex/blob/97227e17413ad2fcd974e1a6958ae073eeb80349/sparta/cmake_modules/Commons.cmake#L68,"# The gtest/gtest_main targets carry header search path
# dependencies automatically when using CMake 2.8.11 or
# later. Otherwise we have to add them here ourselves.",[],CMake,4,68,70
