repoIndex,repoName,linkLocation,comment,keywords,buildSysteminFile,charPosition,startLine,endLine
25622,secure-software-engineering/phasar,https://github.com/secure-software-engineering/phasar/blob/374b76ed3b610830fed9dc0cdbc8d757b78443ab/CMakeLists.txt#L3,# Check if we build within the llvm source tree,[],CMake,0,3,3
25622,secure-software-engineering/phasar,https://github.com/secure-software-engineering/phasar/blob/374b76ed3b610830fed9dc0cdbc8d757b78443ab/CMakeLists.txt#L37,# Enable testing,[],CMake,0,37,37
25622,secure-software-engineering/phasar,https://github.com/secure-software-engineering/phasar/blob/374b76ed3b610830fed9dc0cdbc8d757b78443ab/CMakeLists.txt#L123,"### Adding external libraries
# Threads",[],CMake,0,123,124
25622,secure-software-engineering/phasar,https://github.com/secure-software-engineering/phasar/blob/374b76ed3b610830fed9dc0cdbc8d757b78443ab/CMakeLists.txt#L127,# Boost,[],CMake,0,127,127
25622,secure-software-engineering/phasar,https://github.com/secure-software-engineering/phasar/blob/374b76ed3b610830fed9dc0cdbc8d757b78443ab/CMakeLists.txt#L129,#find_package(Boost 1.72.0 COMPONENTS graph program_options ${BOOST_THREAD} REQUIRED),[],CMake,0,129,129
25622,secure-software-engineering/phasar,https://github.com/secure-software-engineering/phasar/blob/374b76ed3b610830fed9dc0cdbc8d757b78443ab/CMakeLists.txt#L132,# Disable clang-tidy for the external projects,[],CMake,0,132,132
25622,secure-software-engineering/phasar,https://github.com/secure-software-engineering/phasar/blob/374b76ed3b610830fed9dc0cdbc8d757b78443ab/CMakeLists.txt#L143,#Override option of nlohmann_json_schema_validator to not build its tests,[],CMake,0,143,143
25622,secure-software-engineering/phasar,https://github.com/secure-software-engineering/phasar/blob/374b76ed3b610830fed9dc0cdbc8d757b78443ab/CMakeLists.txt#L146,# Make nlohmann_json_schema_validator happy by telling it how to find the single include of nlohmann_json,[],CMake,0,146,146
25622,secure-software-engineering/phasar,https://github.com/secure-software-engineering/phasar/blob/374b76ed3b610830fed9dc0cdbc8d757b78443ab/CMakeLists.txt#L155,# Json Schema Validator,[],CMake,0,155,155
25622,secure-software-engineering/phasar,https://github.com/secure-software-engineering/phasar/blob/374b76ed3b610830fed9dc0cdbc8d757b78443ab/CMakeLists.txt#L160,# now we finally add the subdirectory,[],CMake,0,160,160
25622,secure-software-engineering/phasar,https://github.com/secure-software-engineering/phasar/blob/374b76ed3b610830fed9dc0cdbc8d757b78443ab/CMakeLists.txt#L165,# Googletest,[],CMake,0,165,165
25622,secure-software-engineering/phasar,https://github.com/secure-software-engineering/phasar/blob/374b76ed3b610830fed9dc0cdbc8d757b78443ab/CMakeLists.txt#L171,# Set llvm distributed includes for gtest header,[],CMake,2,171,171
25622,secure-software-engineering/phasar,https://github.com/secure-software-engineering/phasar/blob/374b76ed3b610830fed9dc0cdbc8d757b78443ab/CMakeLists.txt#L176,# SQL,[],CMake,0,176,176
25622,secure-software-engineering/phasar,https://github.com/secure-software-engineering/phasar/blob/374b76ed3b610830fed9dc0cdbc8d757b78443ab/CMakeLists.txt#L181,# LLVM,[],CMake,0,181,181
25622,secure-software-engineering/phasar,https://github.com/secure-software-engineering/phasar/blob/374b76ed3b610830fed9dc0cdbc8d757b78443ab/CMakeLists.txt#L183,# Only search for LLVM if we build out of tree,[],CMake,2,183,183
25622,secure-software-engineering/phasar,https://github.com/secure-software-engineering/phasar/blob/374b76ed3b610830fed9dc0cdbc8d757b78443ab/CMakeLists.txt#L199,"# Clang
# The clang-cpp shared library is now the preferred way to link dynamically against libclang if we build out of tree.",[],CMake,0,199,200
25622,secure-software-engineering/phasar,https://github.com/secure-software-engineering/phasar/blob/374b76ed3b610830fed9dc0cdbc8d757b78443ab/CMakeLists.txt#L207,"# As fallback, look for the small clang libraries",[],CMake,0,207,207
25622,secure-software-engineering/phasar,https://github.com/secure-software-engineering/phasar/blob/374b76ed3b610830fed9dc0cdbc8d757b78443ab/CMakeLists.txt#L233,# Only search for clang if we build out of tree,[],CMake,2,233,233
25622,secure-software-engineering/phasar,https://github.com/secure-software-engineering/phasar/blob/374b76ed3b610830fed9dc0cdbc8d757b78443ab/CMakeLists.txt#L238,"# Phasar needs clang headers, specificaly some that are generated by clangs table-gen",[],CMake,2,238,238
25622,secure-software-engineering/phasar,https://github.com/secure-software-engineering/phasar/blob/374b76ed3b610830fed9dc0cdbc8d757b78443ab/CMakeLists.txt#L246,# WALi-OpenNWA,[],CMake,0,246,246
25622,secure-software-engineering/phasar,https://github.com/secure-software-engineering/phasar/blob/374b76ed3b610830fed9dc0cdbc8d757b78443ab/CMakeLists.txt#L250,# Set up clang-tidy to run during PhASAR's compilation to indicate code smells,[],CMake,0,250,250
25622,secure-software-engineering/phasar,https://github.com/secure-software-engineering/phasar/blob/374b76ed3b610830fed9dc0cdbc8d757b78443ab/CMakeLists.txt#L256,# -warnings-as-errors=*;,[],CMake,4,256,256
25622,secure-software-engineering/phasar,https://github.com/secure-software-engineering/phasar/blob/374b76ed3b610830fed9dc0cdbc8d757b78443ab/CMakeLists.txt#L260,# Add PhASAR's subdirectories,[],CMake,0,260,260
25622,secure-software-engineering/phasar,https://github.com/secure-software-engineering/phasar/blob/374b76ed3b610830fed9dc0cdbc8d757b78443ab/CMakeLists.txt#L290,# phasar-based binaries,[],CMake,0,290,290
25622,secure-software-engineering/phasar,https://github.com/secure-software-engineering/phasar/blob/374b76ed3b610830fed9dc0cdbc8d757b78443ab/CMakeLists.txt#L293,# Add Phasar unittests and build all IR test code,[],CMake,0,293,293
25622,secure-software-engineering/phasar,https://github.com/secure-software-engineering/phasar/blob/374b76ed3b610830fed9dc0cdbc8d757b78443ab/CMakeLists.txt#L300,# Build all IR test code,[],CMake,0,300,300
25622,secure-software-engineering/phasar,https://github.com/secure-software-engineering/phasar/blob/374b76ed3b610830fed9dc0cdbc8d757b78443ab/CMakeLists.txt#L308,"# Install targets of phasar-llvm, other executables, and libraries are to be
# found in the individual subdirectories of tools/",[],CMake,0,308,309
25622,secure-software-engineering/phasar,https://github.com/secure-software-engineering/phasar/blob/374b76ed3b610830fed9dc0cdbc8d757b78443ab/CMakeLists.txt#L311,# Install Phasar include directory,[],CMake,0,311,311
25622,secure-software-engineering/phasar,https://github.com/secure-software-engineering/phasar/blob/374b76ed3b610830fed9dc0cdbc8d757b78443ab/CMakeLists.txt#L319,# Install the header only json container,[],CMake,0,319,319
25622,secure-software-engineering/phasar,https://github.com/secure-software-engineering/phasar/blob/374b76ed3b610830fed9dc0cdbc8d757b78443ab/CMakeLists.txt#L330,# Install Phasar utils helper scripts,[],CMake,0,330,330
25622,secure-software-engineering/phasar,https://github.com/secure-software-engineering/phasar/blob/374b76ed3b610830fed9dc0cdbc8d757b78443ab/CMakeLists.txt#L339,# Install the Phasar config files into ~/.config/phasar/,[],CMake,0,339,339
25622,secure-software-engineering/phasar,https://github.com/secure-software-engineering/phasar/blob/374b76ed3b610830fed9dc0cdbc8d757b78443ab/CMakeLists.txt#L362,### Install Config and ConfigVersion files,[],CMake,0,362,362
25622,secure-software-engineering/phasar,https://github.com/secure-software-engineering/phasar/blob/374b76ed3b610830fed9dc0cdbc8d757b78443ab/CMakeLists.txt#L369,"# If the Phasar shared object libraries are not installed into a system folder
# the so libs must be added manually to the linker search path and the linker
# config must be updated as follows:
#
#   $ export LD_LIBRARY_PATH=/lib:/usr/lib:/usr/local/lib:/home/philipp/Schreibtisch/tmp/lib
#   $ sudo ldconfig
#
# Or even better: just link statically when trying to package Phasar <- this is no longer possible",[],CMake,0,369,376
25622,secure-software-engineering/phasar,https://github.com/secure-software-engineering/phasar/blob/374b76ed3b610830fed9dc0cdbc8d757b78443ab/CMakeLists.txt#L378,"# Settings for building various packages using Cpack
#   How to pack using the following settings?
#     $ mkdir build
#     $ cd build
#     $ cmake -DBUILD_SHARED_LIBS=ON -DCMAKE_INSTALL_PREFIX=/usr/local ..
#     $ cpack ..
#     $ dpkg -i ./<the_package>.deb or better: apt-get install ./<the_package>.deb",[],CMake,0,378,384
25622,secure-software-engineering/phasar,https://github.com/secure-software-engineering/phasar/blob/374b76ed3b610830fed9dc0cdbc8d757b78443ab/CMakeLists.txt#L394,"#set(CPACK_GENERATOR ""DEB"")",[],CMake,0,394,394
25622,secure-software-engineering/phasar,https://github.com/secure-software-engineering/phasar/blob/374b76ed3b610830fed9dc0cdbc8d757b78443ab/CMakeLists.txt#L405,"# package dependencies can be set-up here
# better use autogenerated dependency information",[],CMake,0,405,406
25622,secure-software-engineering/phasar,https://github.com/secure-software-engineering/phasar/blob/374b76ed3b610830fed9dc0cdbc8d757b78443ab/CMakeLists.txt#L408,"# set(CPACK_DEBIAN_PACKAGE_DEPENDS ""libboost_program_options (>= 1.66.0),
#                                   libboost_graph (>= 1.66.0),
#                                   libboost_thread (>= 1.66.0),
#                                   libsqlite3 (>= 4.5.0),
#                                   libpthread (>= 4.5.0),
#                                   libdl (>= 4.5.0),
#                                   librt (>= 4.5.0),
#                                   libtinfo (>= 4.5.0),
#                                   libz (>= 4.5.0),
#                                   libm (>= 4.5.0),
#                                   libstdc++ (>= 4.5.0),
#                                   libgcc_s (>= 4.5.0),
#                                   libc (>= 4.5.0),
#                                   ld-linux-x86-64 (>= 4.5.0)"")",[],CMake,0,408,421
25622,secure-software-engineering/phasar,https://github.com/secure-software-engineering/phasar/blob/374b76ed3b610830fed9dc0cdbc8d757b78443ab/CMakeLists.txt#L430,# Setup the doxygen code documentation,[],CMake,0,430,430
25622,secure-software-engineering/phasar,https://github.com/secure-software-engineering/phasar/blob/374b76ed3b610830fed9dc0cdbc8d757b78443ab/examples/use-phasar-as-library/CMakeLists.txt#L11,# Build a small test tool to show how phasar may be used,[],CMake,0,11,11
25622,secure-software-engineering/phasar,https://github.com/secure-software-engineering/phasar/blob/374b76ed3b610830fed9dc0cdbc8d757b78443ab/lib/DB/CMakeLists.txt#L15,"# Vectorize
# ScalarOpts
# Instrumentation
# ObjCARCOpts
# TransformUtils
# CodeGen
# Analysis
# ipo",[],CMake,2,15,22
25622,secure-software-engineering/phasar,https://github.com/secure-software-engineering/phasar/blob/374b76ed3b610830fed9dc0cdbc8d757b78443ab/lib/DB/CMakeLists.txt#L24,# InstCombine,[],CMake,2,24,24
25622,secure-software-engineering/phasar,https://github.com/secure-software-engineering/phasar/blob/374b76ed3b610830fed9dc0cdbc8d757b78443ab/lib/PhasarLLVM/Pointer/CMakeLists.txt#L16,# Handle the library files,[],CMake,0,16,16
25622,secure-software-engineering/phasar,https://github.com/secure-software-engineering/phasar/blob/374b76ed3b610830fed9dc0cdbc8d757b78443ab/lib/PhasarLLVM/TypeHierarchy/CMakeLists.txt#L14,# Handle the library files,[],CMake,0,14,14
25622,secure-software-engineering/phasar,https://github.com/secure-software-engineering/phasar/blob/374b76ed3b610830fed9dc0cdbc8d757b78443ab/lib/PhasarLLVM/Utils/CMakeLists.txt#L13,# Handle the library files,[],CMake,0,13,13
25622,secure-software-engineering/phasar,https://github.com/secure-software-engineering/phasar/blob/374b76ed3b610830fed9dc0cdbc8d757b78443ab/lib/PhasarPass/CMakeLists.txt#L33,"# We specifically link internal phasar libs into phasar_pass so on that the
# llvm user side only has to specify one library.",[],CMake,0,33,34
25622,secure-software-engineering/phasar,https://github.com/secure-software-engineering/phasar/blob/374b76ed3b610830fed9dc0cdbc8d757b78443ab/test/llvm_test_code/openssl/CMakeLists.txt#L2,# We need OpenSSL's header files to generate the LLVM IR,[],CMake,0,2,2
25622,secure-software-engineering/phasar,https://github.com/secure-software-engineering/phasar/blob/374b76ed3b610830fed9dc0cdbc8d757b78443ab/test/llvm_test_code/xtaint/CMakeLists.txt#L3,# xtaint01_json.cpp,[],CMake,4,3,3
25622,secure-software-engineering/phasar,https://github.com/secure-software-engineering/phasar/blob/374b76ed3b610830fed9dc0cdbc8d757b78443ab/test/llvm_test_code/xtaint/CMakeLists.txt#L9,"#     xtaint07.cpp
#     xtaint08.cpp",[],CMake,0,9,10
25622,secure-software-engineering/phasar,https://github.com/secure-software-engineering/phasar/blob/374b76ed3b610830fed9dc0cdbc8d757b78443ab/tools/boomerang/CMakeLists.txt#L1,# Build a stand-alone executable,[],CMake,0,1,1
25622,secure-software-engineering/phasar,https://github.com/secure-software-engineering/phasar/blob/374b76ed3b610830fed9dc0cdbc8d757b78443ab/tools/example-tool/CMakeLists.txt#L1,# Build a stand-alone executable,[],CMake,0,1,1
25622,secure-software-engineering/phasar,https://github.com/secure-software-engineering/phasar/blob/374b76ed3b610830fed9dc0cdbc8d757b78443ab/tools/example-tool/CMakeLists.txt#L3,# Build a small test tool to show how phasar may be used,[],CMake,2,3,3
25622,secure-software-engineering/phasar,https://github.com/secure-software-engineering/phasar/blob/374b76ed3b610830fed9dc0cdbc8d757b78443ab/tools/example-tool/CMakeLists.txt#L8,# Build a small test tool to show how phasar may be used,[],CMake,2,8,8
25622,secure-software-engineering/phasar,https://github.com/secure-software-engineering/phasar/blob/374b76ed3b610830fed9dc0cdbc8d757b78443ab/tools/phasar-clang/CMakeLists.txt#L1,# Build a stand-alone executable,[],CMake,0,1,1
25622,secure-software-engineering/phasar,https://github.com/secure-software-engineering/phasar/blob/374b76ed3b610830fed9dc0cdbc8d757b78443ab/tools/phasar-clang/CMakeLists.txt#L30,# phasar_clang,[],CMake,2,30,30
25622,secure-software-engineering/phasar,https://github.com/secure-software-engineering/phasar/blob/374b76ed3b610830fed9dc0cdbc8d757b78443ab/tools/phasar-clang/CMakeLists.txt#L38,# ${CLANG_LIBRARY},[],CMake,2,38,38
25622,secure-software-engineering/phasar,https://github.com/secure-software-engineering/phasar/blob/374b76ed3b610830fed9dc0cdbc8d757b78443ab/tools/phasar-llvm/CMakeLists.txt#L12,# Build a stand-alone executable,[],CMake,0,12,12
25622,secure-software-engineering/phasar,https://github.com/secure-software-engineering/phasar/blob/374b76ed3b610830fed9dc0cdbc8d757b78443ab/tools/phasar-llvm/CMakeLists.txt#L24,"# Warning! There is a another listing of libraries inside cmake/phasar_macros.cmake.
# If this list is altered the other one should be altered accordingly.",[],CMake,0,24,25
25622,secure-software-engineering/phasar,https://github.com/secure-software-engineering/phasar/blob/374b76ed3b610830fed9dc0cdbc8d757b78443ab/unittests/CMakeLists.txt#L13,# Provide config files for unit tests,[],CMake,0,13,13
25622,secure-software-engineering/phasar,https://github.com/secure-software-engineering/phasar/blob/374b76ed3b610830fed9dc0cdbc8d757b78443ab/unittests/DB/CMakeLists.txt#L2,#DBConnTest.cpp,[],CMake,1,2,2
25622,secure-software-engineering/phasar,https://github.com/secure-software-engineering/phasar/blob/374b76ed3b610830fed9dc0cdbc8d757b78443ab/unittests/PhasarLLVM/CMakeLists.txt#L5,# add_subdirectory(Passes),[],CMake,0,5,5
25622,secure-software-engineering/phasar,https://github.com/secure-software-engineering/phasar/blob/374b76ed3b610830fed9dc0cdbc8d757b78443ab/unittests/PhasarLLVM/DataFlowSolver/IfdsIde/CMakeLists.txt#L16,"# Only add thread sanitizer for the test if asan is disabled because both
# cannot be active at the same time.",[],CMake,2,16,17
25622,secure-software-engineering/phasar,https://github.com/secure-software-engineering/phasar/blob/374b76ed3b610830fed9dc0cdbc8d757b78443ab/unittests/PhasarLLVM/DataFlowSolver/IfdsIde/CMakeLists.txt#L19,# Append -fno-omit-frame-pointer to get better stack traces.,[],CMake,4,19,19
25622,secure-software-engineering/phasar,https://github.com/secure-software-engineering/phasar/blob/374b76ed3b610830fed9dc0cdbc8d757b78443ab/cmake/phasar_macros.cmake#L27,# phasar_clang,[],CMake,4,27,27
25622,secure-software-engineering/phasar,https://github.com/secure-software-engineering/phasar/blob/374b76ed3b610830fed9dc0cdbc8d757b78443ab/cmake/phasar_macros.cmake#L53,# get file extension,[],CMake,2,53,53
25622,secure-software-engineering/phasar,https://github.com/secure-software-engineering/phasar/blob/374b76ed3b610830fed9dc0cdbc8d757b78443ab/cmake/phasar_macros.cmake#L56,# define .ll file name,[],CMake,2,56,56
25622,secure-software-engineering/phasar,https://github.com/secure-software-engineering/phasar/blob/374b76ed3b610830fed9dc0cdbc8d757b78443ab/cmake/phasar_macros.cmake#L57,"#  set(ll_file_suffix ""_${test_code_file_ext}"")",[],CMake,0,57,57
25622,secure-software-engineering/phasar,https://github.com/secure-software-engineering/phasar/blob/374b76ed3b610830fed9dc0cdbc8d757b78443ab/cmake/phasar_macros.cmake#L64,"#  set(ll_file_suffix ""${ll_file_suffix}.ll"")",[],CMake,0,64,64
25622,secure-software-engineering/phasar,https://github.com/secure-software-engineering/phasar/blob/374b76ed3b610830fed9dc0cdbc8d757b78443ab/cmake/phasar_macros.cmake#L69,# get file path,[],CMake,2,69,69
25622,secure-software-engineering/phasar,https://github.com/secure-software-engineering/phasar/blob/374b76ed3b610830fed9dc0cdbc8d757b78443ab/cmake/phasar_macros.cmake#L72,"# define custom target name
# target name = parentdir + test code file name + mem2reg + debug",[],CMake,2,72,73
25622,secure-software-engineering/phasar,https://github.com/secure-software-engineering/phasar/blob/374b76ed3b610830fed9dc0cdbc8d757b78443ab/cmake/phasar_macros.cmake#L78,# define compilation flags,[],CMake,2,78,78
25622,secure-software-engineering/phasar,https://github.com/secure-software-engineering/phasar/blob/374b76ed3b610830fed9dc0cdbc8d757b78443ab/cmake/phasar_macros.cmake#L109,# define .ll file generation command,[],CMake,2,109,109
25622,secure-software-engineering/phasar,https://github.com/secure-software-engineering/phasar/blob/374b76ed3b610830fed9dc0cdbc8d757b78443ab/cmake/phasar_macros.cmake#L205,#cut off prefix phasar_ for convenient component names,[],CMake,2,205,205
25622,secure-software-engineering/phasar,https://github.com/secure-software-engineering/phasar/blob/374b76ed3b610830fed9dc0cdbc8d757b78443ab/cmake/phasar_macros.cmake#L236,"# klduge: pass different values for MODULE with multiple targets in same dir
# this allows building shared-lib and module in same dir
# there must be a cleaner way to achieve this....",[],CMake,2,236,238
25622,secure-software-engineering/phasar,https://github.com/secure-software-engineering/phasar/blob/374b76ed3b610830fed9dc0cdbc8d757b78443ab/cmake/phasar_macros.cmake#L249,# Darwin-specific linker flags for loadable modules.,[],CMake,4,249,249
