repoIndex,repoName,linkLocation,comment,keywords,buildSysteminFile,charPosition,startLine,endLine
25780,rocmsoftwareplatform/amdmigraphx,https://github.com/rocmsoftwareplatform/amdmigraphx/blob/97a1ed2de7cd5103aed50b10c634adfe041e7681/CMakeLists.txt#L1,"#####################################################################################
# The MIT License (MIT)
#
# Copyright (c) 2015-2022 Advanced Micro Devices, Inc. All rights reserved.
#
# Permission is hereby granted, free of charge, to any person obtaining a copy
# of this software and associated documentation files (the ""Software""), to deal
# in the Software without restriction, including without limitation the rights
# to use, copy, modify, merge, publish, distribute, sublicense, and/or sell
# copies of the Software, and to permit persons to whom the Software is
# furnished to do so, subject to the following conditions:
#
# The above copyright notice and this permission notice shall be included in
# all copies or substantial portions of the Software.
#
# THE SOFTWARE IS PROVIDED ""AS IS"", WITHOUT WARRANTY OF ANY KIND, EXPRESS OR
# IMPLIED, INCLUDING BUT NOT LIMITED TO THE WARRANTIES OF MERCHANTABILITY,
# FITNESS FOR A PARTICULAR PURPOSE AND NONINFRINGEMENT.  IN NO EVENT SHALL THE
# AUTHORS OR COPYRIGHT HOLDERS BE LIABLE FOR ANY CLAIM, DAMAGES OR OTHER
# LIABILITY, WHETHER IN AN ACTION OF CONTRACT, TORT OR OTHERWISE, ARISING FROM,
# OUT OF OR IN CONNECTION WITH THE SOFTWARE OR THE USE OR OTHER DEALINGS IN
# THE SOFTWARE.
#####################################################################################",[],CMake,0,1,23
25780,rocmsoftwareplatform/amdmigraphx,https://github.com/rocmsoftwareplatform/amdmigraphx/blob/97a1ed2de7cd5103aed50b10c634adfe041e7681/CMakeLists.txt#L30,"# This has to be initialized before the project() command appears
# Set the default of CMAKE_BUILD_TYPE to be release, unless user specifies with -D.  MSVC_IDE does not use CMAKE_BUILD_TYPE",[],CMake,0,30,31
25780,rocmsoftwareplatform/amdmigraphx,https://github.com/rocmsoftwareplatform/amdmigraphx/blob/97a1ed2de7cd5103aed50b10c634adfe041e7681/CMakeLists.txt#L36,# Setup valid strings for build type,[],CMake,0,36,36
25780,rocmsoftwareplatform/amdmigraphx,https://github.com/rocmsoftwareplatform/amdmigraphx/blob/97a1ed2de7cd5103aed50b10c634adfe041e7681/CMakeLists.txt#L42,# Default installation path,[],CMake,0,42,42
25780,rocmsoftwareplatform/amdmigraphx,https://github.com/rocmsoftwareplatform/amdmigraphx/blob/97a1ed2de7cd5103aed50b10c634adfe041e7681/CMakeLists.txt#L80,# Disable cpu backend by default,[],CMake,0,80,80
25780,rocmsoftwareplatform/amdmigraphx,https://github.com/rocmsoftwareplatform/amdmigraphx/blob/97a1ed2de7cd5103aed50b10c634adfe041e7681/CMakeLists.txt#L83,# Disable fpga backend by default,[],CMake,0,83,83
25780,rocmsoftwareplatform/amdmigraphx,https://github.com/rocmsoftwareplatform/amdmigraphx/blob/97a1ed2de7cd5103aed50b10c634adfe041e7681/CMakeLists.txt#L100,# Enable tidy on hip,[],CMake,0,100,100
25780,rocmsoftwareplatform/amdmigraphx,https://github.com/rocmsoftwareplatform/amdmigraphx/blob/97a1ed2de7cd5103aed50b10c634adfe041e7681/CMakeLists.txt#L124,# Disable the aliased reserved identifiers,[],CMake,8,124,124
25780,rocmsoftwareplatform/amdmigraphx,https://github.com/rocmsoftwareplatform/amdmigraphx/blob/97a1ed2de7cd5103aed50b10c634adfe041e7681/CMakeLists.txt#L129,# Disable all alpha checks by default,[],CMake,8,129,129
25780,rocmsoftwareplatform/amdmigraphx,https://github.com/rocmsoftwareplatform/amdmigraphx/blob/97a1ed2de7cd5103aed50b10c634adfe041e7681/CMakeLists.txt#L131,# Enable some alpha checks,[],CMake,8,131,131
25780,rocmsoftwareplatform/amdmigraphx,https://github.com/rocmsoftwareplatform/amdmigraphx/blob/97a1ed2de7cd5103aed50b10c634adfe041e7681/CMakeLists.txt#L230,# Suppress mlir_conv.cpp since this file will be deleted,[],CMake,8,230,230
25780,rocmsoftwareplatform/amdmigraphx,https://github.com/rocmsoftwareplatform/amdmigraphx/blob/97a1ed2de7cd5103aed50b10c634adfe041e7681/doc/CMakeLists.txt#L1,"#####################################################################################
# The MIT License (MIT)
#
# Copyright (c) 2015-2022 Advanced Micro Devices, Inc. All rights reserved.
#
# Permission is hereby granted, free of charge, to any person obtaining a copy
# of this software and associated documentation files (the ""Software""), to deal
# in the Software without restriction, including without limitation the rights
# to use, copy, modify, merge, publish, distribute, sublicense, and/or sell
# copies of the Software, and to permit persons to whom the Software is
# furnished to do so, subject to the following conditions:
#
# The above copyright notice and this permission notice shall be included in
# all copies or substantial portions of the Software.
#
# THE SOFTWARE IS PROVIDED ""AS IS"", WITHOUT WARRANTY OF ANY KIND, EXPRESS OR
# IMPLIED, INCLUDING BUT NOT LIMITED TO THE WARRANTIES OF MERCHANTABILITY,
# FITNESS FOR A PARTICULAR PURPOSE AND NONINFRINGEMENT.  IN NO EVENT SHALL THE
# AUTHORS OR COPYRIGHT HOLDERS BE LIABLE FOR ANY CLAIM, DAMAGES OR OTHER
# LIABILITY, WHETHER IN AN ACTION OF CONTRACT, TORT OR OTHERWISE, ARISING FROM,
# OUT OF OR IN CONNECTION WITH THE SOFTWARE OR THE USE OR OTHER DEALINGS IN
# THE SOFTWARE.
#####################################################################################",[],CMake,0,1,23
25780,rocmsoftwareplatform/amdmigraphx,https://github.com/rocmsoftwareplatform/amdmigraphx/blob/97a1ed2de7cd5103aed50b10c634adfe041e7681/examples/migraphx/cpp_parse_load_save/CMakeLists.txt#L1,"#####################################################################################
# The MIT License (MIT)
#
# Copyright (c) 2015-2022 Advanced Micro Devices, Inc. All rights reserved.
#
# Permission is hereby granted, free of charge, to any person obtaining a copy
# of this software and associated documentation files (the ""Software""), to deal
# in the Software without restriction, including without limitation the rights
# to use, copy, modify, merge, publish, distribute, sublicense, and/or sell
# copies of the Software, and to permit persons to whom the Software is
# furnished to do so, subject to the following conditions:
#
# The above copyright notice and this permission notice shall be included in
# all copies or substantial portions of the Software.
#
# THE SOFTWARE IS PROVIDED ""AS IS"", WITHOUT WARRANTY OF ANY KIND, EXPRESS OR
# IMPLIED, INCLUDING BUT NOT LIMITED TO THE WARRANTIES OF MERCHANTABILITY,
# FITNESS FOR A PARTICULAR PURPOSE AND NONINFRINGEMENT.  IN NO EVENT SHALL THE
# AUTHORS OR COPYRIGHT HOLDERS BE LIABLE FOR ANY CLAIM, DAMAGES OR OTHER
# LIABILITY, WHETHER IN AN ACTION OF CONTRACT, TORT OR OTHERWISE, ARISING FROM,
# OUT OF OR IN CONNECTION WITH THE SOFTWARE OR THE USE OR OTHER DEALINGS IN
# THE SOFTWARE.
#####################################################################################",[],CMake,0,1,23
25780,rocmsoftwareplatform/amdmigraphx,https://github.com/rocmsoftwareplatform/amdmigraphx/blob/97a1ed2de7cd5103aed50b10c634adfe041e7681/examples/migraphx/custom_op_hip_kernel/CMakeLists.txt#L1,"#####################################################################################
# The MIT License (MIT)
#
# Copyright (c) 2015-2022 Advanced Micro Devices, Inc. All rights reserved.
#
# Permission is hereby granted, free of charge, to any person obtaining a copy
# of this software and associated documentation files (the ""Software""), to deal
# in the Software without restriction, including without limitation the rights
# to use, copy, modify, merge, publish, distribute, sublicense, and/or sell
# copies of the Software, and to permit persons to whom the Software is
# furnished to do so, subject to the following conditions:
#
# The above copyright notice and this permission notice shall be included in
# all copies or substantial portions of the Software.
#
# THE SOFTWARE IS PROVIDED ""AS IS"", WITHOUT WARRANTY OF ANY KIND, EXPRESS OR
# IMPLIED, INCLUDING BUT NOT LIMITED TO THE WARRANTIES OF MERCHANTABILITY,
# FITNESS FOR A PARTICULAR PURPOSE AND NONINFRINGEMENT.  IN NO EVENT SHALL THE
# AUTHORS OR COPYRIGHT HOLDERS BE LIABLE FOR ANY CLAIM, DAMAGES OR OTHER
# LIABILITY, WHETHER IN AN ACTION OF CONTRACT, TORT OR OTHERWISE, ARISING FROM,
# OUT OF OR IN CONNECTION WITH THE SOFTWARE OR THE USE OR OTHER DEALINGS IN
# THE SOFTWARE.
#####################################################################################",[],CMake,0,1,23
25780,rocmsoftwareplatform/amdmigraphx,https://github.com/rocmsoftwareplatform/amdmigraphx/blob/97a1ed2de7cd5103aed50b10c634adfe041e7681/examples/migraphx/custom_op_miopen_kernel/CMakeLists.txt#L1,"#####################################################################################
# The MIT License (MIT)
#
# Copyright (c) 2015-2022 Advanced Micro Devices, Inc. All rights reserved.
#
# Permission is hereby granted, free of charge, to any person obtaining a copy
# of this software and associated documentation files (the ""Software""), to deal
# in the Software without restriction, including without limitation the rights
# to use, copy, modify, merge, publish, distribute, sublicense, and/or sell
# copies of the Software, and to permit persons to whom the Software is
# furnished to do so, subject to the following conditions:
#
# The above copyright notice and this permission notice shall be included in
# all copies or substantial portions of the Software.
#
# THE SOFTWARE IS PROVIDED ""AS IS"", WITHOUT WARRANTY OF ANY KIND, EXPRESS OR
# IMPLIED, INCLUDING BUT NOT LIMITED TO THE WARRANTIES OF MERCHANTABILITY,
# FITNESS FOR A PARTICULAR PURPOSE AND NONINFRINGEMENT.  IN NO EVENT SHALL THE
# AUTHORS OR COPYRIGHT HOLDERS BE LIABLE FOR ANY CLAIM, DAMAGES OR OTHER
# LIABILITY, WHETHER IN AN ACTION OF CONTRACT, TORT OR OTHERWISE, ARISING FROM,
# OUT OF OR IN CONNECTION WITH THE SOFTWARE OR THE USE OR OTHER DEALINGS IN
# THE SOFTWARE.
#####################################################################################",[],CMake,0,1,23
25780,rocmsoftwareplatform/amdmigraphx,https://github.com/rocmsoftwareplatform/amdmigraphx/blob/97a1ed2de7cd5103aed50b10c634adfe041e7681/examples/migraphx/custom_op_rocblas_kernel/CMakeLists.txt#L1,"#####################################################################################
# The MIT License (MIT)
#
# Copyright (c) 2015-2022 Advanced Micro Devices, Inc. All rights reserved.
#
# Permission is hereby granted, free of charge, to any person obtaining a copy
# of this software and associated documentation files (the ""Software""), to deal
# in the Software without restriction, including without limitation the rights
# to use, copy, modify, merge, publish, distribute, sublicense, and/or sell
# copies of the Software, and to permit persons to whom the Software is
# furnished to do so, subject to the following conditions:
#
# The above copyright notice and this permission notice shall be included in
# all copies or substantial portions of the Software.
#
# THE SOFTWARE IS PROVIDED ""AS IS"", WITHOUT WARRANTY OF ANY KIND, EXPRESS OR
# IMPLIED, INCLUDING BUT NOT LIMITED TO THE WARRANTIES OF MERCHANTABILITY,
# FITNESS FOR A PARTICULAR PURPOSE AND NONINFRINGEMENT.  IN NO EVENT SHALL THE
# AUTHORS OR COPYRIGHT HOLDERS BE LIABLE FOR ANY CLAIM, DAMAGES OR OTHER
# LIABILITY, WHETHER IN AN ACTION OF CONTRACT, TORT OR OTHERWISE, ARISING FROM,
# OUT OF OR IN CONNECTION WITH THE SOFTWARE OR THE USE OR OTHER DEALINGS IN
# THE SOFTWARE.
#####################################################################################",[],CMake,0,1,23
25780,rocmsoftwareplatform/amdmigraphx,https://github.com/rocmsoftwareplatform/amdmigraphx/blob/97a1ed2de7cd5103aed50b10c634adfe041e7681/examples/vision/cpp_mnist/CMakeLists.txt#L1,"#####################################################################################
# The MIT License (MIT)
#
# Copyright (c) 2015-2022 Advanced Micro Devices, Inc. All rights reserved.
#
# Permission is hereby granted, free of charge, to any person obtaining a copy
# of this software and associated documentation files (the ""Software""), to deal
# in the Software without restriction, including without limitation the rights
# to use, copy, modify, merge, publish, distribute, sublicense, and/or sell
# copies of the Software, and to permit persons to whom the Software is
# furnished to do so, subject to the following conditions:
#
# The above copyright notice and this permission notice shall be included in
# all copies or substantial portions of the Software.
#
# THE SOFTWARE IS PROVIDED ""AS IS"", WITHOUT WARRANTY OF ANY KIND, EXPRESS OR
# IMPLIED, INCLUDING BUT NOT LIMITED TO THE WARRANTIES OF MERCHANTABILITY,
# FITNESS FOR A PARTICULAR PURPOSE AND NONINFRINGEMENT.  IN NO EVENT SHALL THE
# AUTHORS OR COPYRIGHT HOLDERS BE LIABLE FOR ANY CLAIM, DAMAGES OR OTHER
# LIABILITY, WHETHER IN AN ACTION OF CONTRACT, TORT OR OTHERWISE, ARISING FROM,
# OUT OF OR IN CONNECTION WITH THE SOFTWARE OR THE USE OR OTHER DEALINGS IN
# THE SOFTWARE.
#####################################################################################",[],CMake,0,1,23
25780,rocmsoftwareplatform/amdmigraphx,https://github.com/rocmsoftwareplatform/amdmigraphx/blob/97a1ed2de7cd5103aed50b10c634adfe041e7681/src/CMakeLists.txt#L1,"#####################################################################################
# The MIT License (MIT)
#
# Copyright (c) 2015-2022 Advanced Micro Devices, Inc. All rights reserved.
#
# Permission is hereby granted, free of charge, to any person obtaining a copy
# of this software and associated documentation files (the ""Software""), to deal
# in the Software without restriction, including without limitation the rights
# to use, copy, modify, merge, publish, distribute, sublicense, and/or sell
# copies of the Software, and to permit persons to whom the Software is
# furnished to do so, subject to the following conditions:
#
# The above copyright notice and this permission notice shall be included in
# all copies or substantial portions of the Software.
#
# THE SOFTWARE IS PROVIDED ""AS IS"", WITHOUT WARRANTY OF ANY KIND, EXPRESS OR
# IMPLIED, INCLUDING BUT NOT LIMITED TO THE WARRANTIES OF MERCHANTABILITY,
# FITNESS FOR A PARTICULAR PURPOSE AND NONINFRINGEMENT.  IN NO EVENT SHALL THE
# AUTHORS OR COPYRIGHT HOLDERS BE LIABLE FOR ANY CLAIM, DAMAGES OR OTHER
# LIABILITY, WHETHER IN AN ACTION OF CONTRACT, TORT OR OTHERWISE, ARISING FROM,
# OUT OF OR IN CONNECTION WITH THE SOFTWARE OR THE USE OR OTHER DEALINGS IN
# THE SOFTWARE.
#####################################################################################",[],CMake,0,1,23
25780,rocmsoftwareplatform/amdmigraphx,https://github.com/rocmsoftwareplatform/amdmigraphx/blob/97a1ed2de7cd5103aed50b10c634adfe041e7681/src/CMakeLists.txt#L255,# Make this available to the tests,[],CMake,0,255,255
25780,rocmsoftwareplatform/amdmigraphx,https://github.com/rocmsoftwareplatform/amdmigraphx/blob/97a1ed2de7cd5103aed50b10c634adfe041e7681/src/api/CMakeLists.txt#L1,"#####################################################################################
# The MIT License (MIT)
#
# Copyright (c) 2015-2022 Advanced Micro Devices, Inc. All rights reserved.
#
# Permission is hereby granted, free of charge, to any person obtaining a copy
# of this software and associated documentation files (the ""Software""), to deal
# in the Software without restriction, including without limitation the rights
# to use, copy, modify, merge, publish, distribute, sublicense, and/or sell
# copies of the Software, and to permit persons to whom the Software is
# furnished to do so, subject to the following conditions:
#
# The above copyright notice and this permission notice shall be included in
# all copies or substantial portions of the Software.
#
# THE SOFTWARE IS PROVIDED ""AS IS"", WITHOUT WARRANTY OF ANY KIND, EXPRESS OR
# IMPLIED, INCLUDING BUT NOT LIMITED TO THE WARRANTIES OF MERCHANTABILITY,
# FITNESS FOR A PARTICULAR PURPOSE AND NONINFRINGEMENT.  IN NO EVENT SHALL THE
# AUTHORS OR COPYRIGHT HOLDERS BE LIABLE FOR ANY CLAIM, DAMAGES OR OTHER
# LIABILITY, WHETHER IN AN ACTION OF CONTRACT, TORT OR OTHERWISE, ARISING FROM,
# OUT OF OR IN CONNECTION WITH THE SOFTWARE OR THE USE OR OTHER DEALINGS IN
# THE SOFTWARE.
#####################################################################################",[],CMake,0,1,23
25780,rocmsoftwareplatform/amdmigraphx,https://github.com/rocmsoftwareplatform/amdmigraphx/blob/97a1ed2de7cd5103aed50b10c634adfe041e7681/src/driver/CMakeLists.txt#L1,"#####################################################################################
# The MIT License (MIT)
#
# Copyright (c) 2015-2022 Advanced Micro Devices, Inc. All rights reserved.
#
# Permission is hereby granted, free of charge, to any person obtaining a copy
# of this software and associated documentation files (the ""Software""), to deal
# in the Software without restriction, including without limitation the rights
# to use, copy, modify, merge, publish, distribute, sublicense, and/or sell
# copies of the Software, and to permit persons to whom the Software is
# furnished to do so, subject to the following conditions:
#
# The above copyright notice and this permission notice shall be included in
# all copies or substantial portions of the Software.
#
# THE SOFTWARE IS PROVIDED ""AS IS"", WITHOUT WARRANTY OF ANY KIND, EXPRESS OR
# IMPLIED, INCLUDING BUT NOT LIMITED TO THE WARRANTIES OF MERCHANTABILITY,
# FITNESS FOR A PARTICULAR PURPOSE AND NONINFRINGEMENT.  IN NO EVENT SHALL THE
# AUTHORS OR COPYRIGHT HOLDERS BE LIABLE FOR ANY CLAIM, DAMAGES OR OTHER
# LIABILITY, WHETHER IN AN ACTION OF CONTRACT, TORT OR OTHERWISE, ARISING FROM,
# OUT OF OR IN CONNECTION WITH THE SOFTWARE OR THE USE OR OTHER DEALINGS IN
# THE SOFTWARE.
#####################################################################################",[],CMake,0,1,23
25780,rocmsoftwareplatform/amdmigraphx,https://github.com/rocmsoftwareplatform/amdmigraphx/blob/97a1ed2de7cd5103aed50b10c634adfe041e7681/src/driver/CMakeLists.txt#L35,# Copy driver for backwards compatibility,[],CMake,0,35,35
25780,rocmsoftwareplatform/amdmigraphx,https://github.com/rocmsoftwareplatform/amdmigraphx/blob/97a1ed2de7cd5103aed50b10c634adfe041e7681/src/onnx/CMakeLists.txt#L1,"#####################################################################################
# The MIT License (MIT)
#
# Copyright (c) 2015-2022 Advanced Micro Devices, Inc. All rights reserved.
#
# Permission is hereby granted, free of charge, to any person obtaining a copy
# of this software and associated documentation files (the ""Software""), to deal
# in the Software without restriction, including without limitation the rights
# to use, copy, modify, merge, publish, distribute, sublicense, and/or sell
# copies of the Software, and to permit persons to whom the Software is
# furnished to do so, subject to the following conditions:
#
# The above copyright notice and this permission notice shall be included in
# all copies or substantial portions of the Software.
#
# THE SOFTWARE IS PROVIDED ""AS IS"", WITHOUT WARRANTY OF ANY KIND, EXPRESS OR
# IMPLIED, INCLUDING BUT NOT LIMITED TO THE WARRANTIES OF MERCHANTABILITY,
# FITNESS FOR A PARTICULAR PURPOSE AND NONINFRINGEMENT.  IN NO EVENT SHALL THE
# AUTHORS OR COPYRIGHT HOLDERS BE LIABLE FOR ANY CLAIM, DAMAGES OR OTHER
# LIABILITY, WHETHER IN AN ACTION OF CONTRACT, TORT OR OTHERWISE, ARISING FROM,
# OUT OF OR IN CONNECTION WITH THE SOFTWARE OR THE USE OR OTHER DEALINGS IN
# THE SOFTWARE.
#####################################################################################",[],CMake,0,1,23
25780,rocmsoftwareplatform/amdmigraphx,https://github.com/rocmsoftwareplatform/amdmigraphx/blob/97a1ed2de7cd5103aed50b10c634adfe041e7681/src/py/CMakeLists.txt#L1,"#####################################################################################
# The MIT License (MIT)
#
# Copyright (c) 2015-2022 Advanced Micro Devices, Inc. All rights reserved.
#
# Permission is hereby granted, free of charge, to any person obtaining a copy
# of this software and associated documentation files (the ""Software""), to deal
# in the Software without restriction, including without limitation the rights
# to use, copy, modify, merge, publish, distribute, sublicense, and/or sell
# copies of the Software, and to permit persons to whom the Software is
# furnished to do so, subject to the following conditions:
#
# The above copyright notice and this permission notice shall be included in
# all copies or substantial portions of the Software.
#
# THE SOFTWARE IS PROVIDED ""AS IS"", WITHOUT WARRANTY OF ANY KIND, EXPRESS OR
# IMPLIED, INCLUDING BUT NOT LIMITED TO THE WARRANTIES OF MERCHANTABILITY,
# FITNESS FOR A PARTICULAR PURPOSE AND NONINFRINGEMENT.  IN NO EVENT SHALL THE
# AUTHORS OR COPYRIGHT HOLDERS BE LIABLE FOR ANY CLAIM, DAMAGES OR OTHER
# LIABILITY, WHETHER IN AN ACTION OF CONTRACT, TORT OR OTHERWISE, ARISING FROM,
# OUT OF OR IN CONNECTION WITH THE SOFTWARE OR THE USE OR OTHER DEALINGS IN
# THE SOFTWARE.
#####################################################################################",[],CMake,0,1,23
25780,rocmsoftwareplatform/amdmigraphx,https://github.com/rocmsoftwareplatform/amdmigraphx/blob/97a1ed2de7cd5103aed50b10c634adfe041e7681/src/targets/cpu/CMakeLists.txt#L1,"#####################################################################################
# The MIT License (MIT)
#
# Copyright (c) 2015-2022 Advanced Micro Devices, Inc. All rights reserved.
#
# Permission is hereby granted, free of charge, to any person obtaining a copy
# of this software and associated documentation files (the ""Software""), to deal
# in the Software without restriction, including without limitation the rights
# to use, copy, modify, merge, publish, distribute, sublicense, and/or sell
# copies of the Software, and to permit persons to whom the Software is
# furnished to do so, subject to the following conditions:
#
# The above copyright notice and this permission notice shall be included in
# all copies or substantial portions of the Software.
#
# THE SOFTWARE IS PROVIDED ""AS IS"", WITHOUT WARRANTY OF ANY KIND, EXPRESS OR
# IMPLIED, INCLUDING BUT NOT LIMITED TO THE WARRANTIES OF MERCHANTABILITY,
# FITNESS FOR A PARTICULAR PURPOSE AND NONINFRINGEMENT.  IN NO EVENT SHALL THE
# AUTHORS OR COPYRIGHT HOLDERS BE LIABLE FOR ANY CLAIM, DAMAGES OR OTHER
# LIABILITY, WHETHER IN AN ACTION OF CONTRACT, TORT OR OTHERWISE, ARISING FROM,
# OUT OF OR IN CONNECTION WITH THE SOFTWARE OR THE USE OR OTHER DEALINGS IN
# THE SOFTWARE.
#####################################################################################",[],CMake,0,1,23
25780,rocmsoftwareplatform/amdmigraphx,https://github.com/rocmsoftwareplatform/amdmigraphx/blob/97a1ed2de7cd5103aed50b10c634adfe041e7681/src/targets/fpga/CMakeLists.txt#L1,"#####################################################################################
# The MIT License (MIT)
#
# Copyright (c) 2015-2022 Advanced Micro Devices, Inc. All rights reserved.
#
# Permission is hereby granted, free of charge, to any person obtaining a copy
# of this software and associated documentation files (the ""Software""), to deal
# in the Software without restriction, including without limitation the rights
# to use, copy, modify, merge, publish, distribute, sublicense, and/or sell
# copies of the Software, and to permit persons to whom the Software is
# furnished to do so, subject to the following conditions:
#
# The above copyright notice and this permission notice shall be included in
# all copies or substantial portions of the Software.
#
# THE SOFTWARE IS PROVIDED ""AS IS"", WITHOUT WARRANTY OF ANY KIND, EXPRESS OR
# IMPLIED, INCLUDING BUT NOT LIMITED TO THE WARRANTIES OF MERCHANTABILITY,
# FITNESS FOR A PARTICULAR PURPOSE AND NONINFRINGEMENT.  IN NO EVENT SHALL THE
# AUTHORS OR COPYRIGHT HOLDERS BE LIABLE FOR ANY CLAIM, DAMAGES OR OTHER
# LIABILITY, WHETHER IN AN ACTION OF CONTRACT, TORT OR OTHERWISE, ARISING FROM,
# OUT OF OR IN CONNECTION WITH THE SOFTWARE OR THE USE OR OTHER DEALINGS IN
# THE SOFTWARE.
#####################################################################################",[],CMake,0,1,23
25780,rocmsoftwareplatform/amdmigraphx,https://github.com/rocmsoftwareplatform/amdmigraphx/blob/97a1ed2de7cd5103aed50b10c634adfe041e7681/src/targets/gpu/CMakeLists.txt#L1,"#####################################################################################
# The MIT License (MIT)
#
# Copyright (c) 2015-2022 Advanced Micro Devices, Inc. All rights reserved.
#
# Permission is hereby granted, free of charge, to any person obtaining a copy
# of this software and associated documentation files (the ""Software""), to deal
# in the Software without restriction, including without limitation the rights
# to use, copy, modify, merge, publish, distribute, sublicense, and/or sell
# copies of the Software, and to permit persons to whom the Software is
# furnished to do so, subject to the following conditions:
#
# The above copyright notice and this permission notice shall be included in
# all copies or substantial portions of the Software.
#
# THE SOFTWARE IS PROVIDED ""AS IS"", WITHOUT WARRANTY OF ANY KIND, EXPRESS OR
# IMPLIED, INCLUDING BUT NOT LIMITED TO THE WARRANTIES OF MERCHANTABILITY,
# FITNESS FOR A PARTICULAR PURPOSE AND NONINFRINGEMENT.  IN NO EVENT SHALL THE
# AUTHORS OR COPYRIGHT HOLDERS BE LIABLE FOR ANY CLAIM, DAMAGES OR OTHER
# LIABILITY, WHETHER IN AN ACTION OF CONTRACT, TORT OR OTHERWISE, ARISING FROM,
# OUT OF OR IN CONNECTION WITH THE SOFTWARE OR THE USE OR OTHER DEALINGS IN
# THE SOFTWARE.
#####################################################################################",[],CMake,0,1,23
25780,rocmsoftwareplatform/amdmigraphx,https://github.com/rocmsoftwareplatform/amdmigraphx/blob/97a1ed2de7cd5103aed50b10c634adfe041e7681/src/targets/gpu/CMakeLists.txt#L28,# rocblas,[],CMake,0,28,28
25780,rocmsoftwareplatform/amdmigraphx,https://github.com/rocmsoftwareplatform/amdmigraphx/blob/97a1ed2de7cd5103aed50b10c634adfe041e7681/src/targets/gpu/CMakeLists.txt#L301,# look for offload bundler,[],CMake,0,301,301
25780,rocmsoftwareplatform/amdmigraphx,https://github.com/rocmsoftwareplatform/amdmigraphx/blob/97a1ed2de7cd5103aed50b10c634adfe041e7681/src/targets/gpu/CMakeLists.txt#L325,# Find package rocMLIR,[],CMake,4,325,325
25780,rocmsoftwareplatform/amdmigraphx,https://github.com/rocmsoftwareplatform/amdmigraphx/blob/97a1ed2de7cd5103aed50b10c634adfe041e7681/src/targets/gpu/CMakeLists.txt#L336,# Get flags needed to compile hip,[],CMake,0,336,336
25780,rocmsoftwareplatform/amdmigraphx,https://github.com/rocmsoftwareplatform/amdmigraphx/blob/97a1ed2de7cd5103aed50b10c634adfe041e7681/src/targets/gpu/CMakeLists.txt#L339,# Remove cuda arch flags,[],CMake,0,339,339
25780,rocmsoftwareplatform/amdmigraphx,https://github.com/rocmsoftwareplatform/amdmigraphx/blob/97a1ed2de7cd5103aed50b10c634adfe041e7681/src/targets/gpu/CMakeLists.txt#L342,# Skip library paths since hip will incorrectly treat it as a source file,[],CMake,0,342,342
25780,rocmsoftwareplatform/amdmigraphx,https://github.com/rocmsoftwareplatform/amdmigraphx/blob/97a1ed2de7cd5103aed50b10c634adfe041e7681/src/targets/gpu/CMakeLists.txt#L364,# Check miopen find mode api,[],CMake,0,364,364
25780,rocmsoftwareplatform/amdmigraphx,https://github.com/rocmsoftwareplatform/amdmigraphx/blob/97a1ed2de7cd5103aed50b10c634adfe041e7681/src/targets/gpu/driver/CMakeLists.txt#L1,"#####################################################################################
# The MIT License (MIT)
#
# Copyright (c) 2015-2022 Advanced Micro Devices, Inc. All rights reserved.
#
# Permission is hereby granted, free of charge, to any person obtaining a copy
# of this software and associated documentation files (the ""Software""), to deal
# in the Software without restriction, including without limitation the rights
# to use, copy, modify, merge, publish, distribute, sublicense, and/or sell
# copies of the Software, and to permit persons to whom the Software is
# furnished to do so, subject to the following conditions:
#
# The above copyright notice and this permission notice shall be included in
# all copies or substantial portions of the Software.
#
# THE SOFTWARE IS PROVIDED ""AS IS"", WITHOUT WARRANTY OF ANY KIND, EXPRESS OR
# IMPLIED, INCLUDING BUT NOT LIMITED TO THE WARRANTIES OF MERCHANTABILITY,
# FITNESS FOR A PARTICULAR PURPOSE AND NONINFRINGEMENT.  IN NO EVENT SHALL THE
# AUTHORS OR COPYRIGHT HOLDERS BE LIABLE FOR ANY CLAIM, DAMAGES OR OTHER
# LIABILITY, WHETHER IN AN ACTION OF CONTRACT, TORT OR OTHERWISE, ARISING FROM,
# OUT OF OR IN CONNECTION WITH THE SOFTWARE OR THE USE OR OTHER DEALINGS IN
# THE SOFTWARE.
#####################################################################################",[],CMake,0,1,23
25780,rocmsoftwareplatform/amdmigraphx,https://github.com/rocmsoftwareplatform/amdmigraphx/blob/97a1ed2de7cd5103aed50b10c634adfe041e7681/src/targets/ref/CMakeLists.txt#L1,"#####################################################################################
# The MIT License (MIT)
#
# Copyright (c) 2015-2022 Advanced Micro Devices, Inc. All rights reserved.
#
# Permission is hereby granted, free of charge, to any person obtaining a copy
# of this software and associated documentation files (the ""Software""), to deal
# in the Software without restriction, including without limitation the rights
# to use, copy, modify, merge, publish, distribute, sublicense, and/or sell
# copies of the Software, and to permit persons to whom the Software is
# furnished to do so, subject to the following conditions:
#
# The above copyright notice and this permission notice shall be included in
# all copies or substantial portions of the Software.
#
# THE SOFTWARE IS PROVIDED ""AS IS"", WITHOUT WARRANTY OF ANY KIND, EXPRESS OR
# IMPLIED, INCLUDING BUT NOT LIMITED TO THE WARRANTIES OF MERCHANTABILITY,
# FITNESS FOR A PARTICULAR PURPOSE AND NONINFRINGEMENT.  IN NO EVENT SHALL THE
# AUTHORS OR COPYRIGHT HOLDERS BE LIABLE FOR ANY CLAIM, DAMAGES OR OTHER
# LIABILITY, WHETHER IN AN ACTION OF CONTRACT, TORT OR OTHERWISE, ARISING FROM,
# OUT OF OR IN CONNECTION WITH THE SOFTWARE OR THE USE OR OTHER DEALINGS IN
# THE SOFTWARE.
#####################################################################################",[],CMake,0,1,23
25780,rocmsoftwareplatform/amdmigraphx,https://github.com/rocmsoftwareplatform/amdmigraphx/blob/97a1ed2de7cd5103aed50b10c634adfe041e7681/src/tf/CMakeLists.txt#L1,"#####################################################################################
# The MIT License (MIT)
#
# Copyright (c) 2015-2022 Advanced Micro Devices, Inc. All rights reserved.
#
# Permission is hereby granted, free of charge, to any person obtaining a copy
# of this software and associated documentation files (the ""Software""), to deal
# in the Software without restriction, including without limitation the rights
# to use, copy, modify, merge, publish, distribute, sublicense, and/or sell
# copies of the Software, and to permit persons to whom the Software is
# furnished to do so, subject to the following conditions:
#
# The above copyright notice and this permission notice shall be included in
# all copies or substantial portions of the Software.
#
# THE SOFTWARE IS PROVIDED ""AS IS"", WITHOUT WARRANTY OF ANY KIND, EXPRESS OR
# IMPLIED, INCLUDING BUT NOT LIMITED TO THE WARRANTIES OF MERCHANTABILITY,
# FITNESS FOR A PARTICULAR PURPOSE AND NONINFRINGEMENT.  IN NO EVENT SHALL THE
# AUTHORS OR COPYRIGHT HOLDERS BE LIABLE FOR ANY CLAIM, DAMAGES OR OTHER
# LIABILITY, WHETHER IN AN ACTION OF CONTRACT, TORT OR OTHERWISE, ARISING FROM,
# OUT OF OR IN CONNECTION WITH THE SOFTWARE OR THE USE OR OTHER DEALINGS IN
# THE SOFTWARE.
#####################################################################################",[],CMake,0,1,23
25780,rocmsoftwareplatform/amdmigraphx,https://github.com/rocmsoftwareplatform/amdmigraphx/blob/97a1ed2de7cd5103aed50b10c634adfe041e7681/test/CMakeLists.txt#L1,"#####################################################################################
# The MIT License (MIT)
#
# Copyright (c) 2015-2022 Advanced Micro Devices, Inc. All rights reserved.
#
# Permission is hereby granted, free of charge, to any person obtaining a copy
# of this software and associated documentation files (the ""Software""), to deal
# in the Software without restriction, including without limitation the rights
# to use, copy, modify, merge, publish, distribute, sublicense, and/or sell
# copies of the Software, and to permit persons to whom the Software is
# furnished to do so, subject to the following conditions:
#
# The above copyright notice and this permission notice shall be included in
# all copies or substantial portions of the Software.
#
# THE SOFTWARE IS PROVIDED ""AS IS"", WITHOUT WARRANTY OF ANY KIND, EXPRESS OR
# IMPLIED, INCLUDING BUT NOT LIMITED TO THE WARRANTIES OF MERCHANTABILITY,
# FITNESS FOR A PARTICULAR PURPOSE AND NONINFRINGEMENT.  IN NO EVENT SHALL THE
# AUTHORS OR COPYRIGHT HOLDERS BE LIABLE FOR ANY CLAIM, DAMAGES OR OTHER
# LIABILITY, WHETHER IN AN ACTION OF CONTRACT, TORT OR OTHERWISE, ARISING FROM,
# OUT OF OR IN CONNECTION WITH THE SOFTWARE OR THE USE OR OTHER DEALINGS IN
# THE SOFTWARE.
#####################################################################################",[],CMake,0,1,23
25780,rocmsoftwareplatform/amdmigraphx,https://github.com/rocmsoftwareplatform/amdmigraphx/blob/97a1ed2de7cd5103aed50b10c634adfe041e7681/test/CMakeLists.txt#L61,"# add_test(NAME ${NAME} COMMAND ${MIGRAPHX_GDB} 
#     --batch
#     --return-child-result
#     -ex ""set disable-randomization off""
#     -ex run
#     -ex backtrace
#     --args $<TARGET_FILE:${EXE}> ${ARGN})",[],CMake,12,61,67
25780,rocmsoftwareplatform/amdmigraphx,https://github.com/rocmsoftwareplatform/amdmigraphx/blob/97a1ed2de7cd5103aed50b10c634adfe041e7681/test/CMakeLists.txt#L99,# Cmake does not add flags correctly for gcc,[],CMake,4,99,99
25780,rocmsoftwareplatform/amdmigraphx,https://github.com/rocmsoftwareplatform/amdmigraphx/blob/97a1ed2de7cd5103aed50b10c634adfe041e7681/test/CMakeLists.txt#L125,# gpu tests,[],CMake,4,125,125
25780,rocmsoftwareplatform/amdmigraphx,https://github.com/rocmsoftwareplatform/amdmigraphx/blob/97a1ed2de7cd5103aed50b10c634adfe041e7681/test/CMakeLists.txt#L141,# fpga tests,[],CMake,4,141,141
25780,rocmsoftwareplatform/amdmigraphx,https://github.com/rocmsoftwareplatform/amdmigraphx/blob/97a1ed2de7cd5103aed50b10c634adfe041e7681/test/CMakeLists.txt#L156,# Onnx test,[],CMake,0,156,156
25780,rocmsoftwareplatform/amdmigraphx,https://github.com/rocmsoftwareplatform/amdmigraphx/blob/97a1ed2de7cd5103aed50b10c634adfe041e7681/test/CMakeLists.txt#L171,# tf test,[],CMake,0,171,171
25780,rocmsoftwareplatform/amdmigraphx,https://github.com/rocmsoftwareplatform/amdmigraphx/blob/97a1ed2de7cd5103aed50b10c634adfe041e7681/test/api/CMakeLists.txt#L1,"#####################################################################################
# The MIT License (MIT)
#
# Copyright (c) 2015-2022 Advanced Micro Devices, Inc. All rights reserved.
#
# Permission is hereby granted, free of charge, to any person obtaining a copy
# of this software and associated documentation files (the ""Software""), to deal
# in the Software without restriction, including without limitation the rights
# to use, copy, modify, merge, publish, distribute, sublicense, and/or sell
# copies of the Software, and to permit persons to whom the Software is
# furnished to do so, subject to the following conditions:
#
# The above copyright notice and this permission notice shall be included in
# all copies or substantial portions of the Software.
#
# THE SOFTWARE IS PROVIDED ""AS IS"", WITHOUT WARRANTY OF ANY KIND, EXPRESS OR
# IMPLIED, INCLUDING BUT NOT LIMITED TO THE WARRANTIES OF MERCHANTABILITY,
# FITNESS FOR A PARTICULAR PURPOSE AND NONINFRINGEMENT.  IN NO EVENT SHALL THE
# AUTHORS OR COPYRIGHT HOLDERS BE LIABLE FOR ANY CLAIM, DAMAGES OR OTHER
# LIABILITY, WHETHER IN AN ACTION OF CONTRACT, TORT OR OTHERWISE, ARISING FROM,
# OUT OF OR IN CONNECTION WITH THE SOFTWARE OR THE USE OR OTHER DEALINGS IN
# THE SOFTWARE.
#####################################################################################",[],CMake,0,1,23
25780,rocmsoftwareplatform/amdmigraphx,https://github.com/rocmsoftwareplatform/amdmigraphx/blob/97a1ed2de7cd5103aed50b10c634adfe041e7681/test/api/CMakeLists.txt#L57,# GPU-based tests,[],CMake,0,57,57
25780,rocmsoftwareplatform/amdmigraphx,https://github.com/rocmsoftwareplatform/amdmigraphx/blob/97a1ed2de7cd5103aed50b10c634adfe041e7681/test/py/CMakeLists.txt#L1,"#####################################################################################
# The MIT License (MIT)
#
# Copyright (c) 2015-2022 Advanced Micro Devices, Inc. All rights reserved.
#
# Permission is hereby granted, free of charge, to any person obtaining a copy
# of this software and associated documentation files (the ""Software""), to deal
# in the Software without restriction, including without limitation the rights
# to use, copy, modify, merge, publish, distribute, sublicense, and/or sell
# copies of the Software, and to permit persons to whom the Software is
# furnished to do so, subject to the following conditions:
#
# The above copyright notice and this permission notice shall be included in
# all copies or substantial portions of the Software.
#
# THE SOFTWARE IS PROVIDED ""AS IS"", WITHOUT WARRANTY OF ANY KIND, EXPRESS OR
# IMPLIED, INCLUDING BUT NOT LIMITED TO THE WARRANTIES OF MERCHANTABILITY,
# FITNESS FOR A PARTICULAR PURPOSE AND NONINFRINGEMENT.  IN NO EVENT SHALL THE
# AUTHORS OR COPYRIGHT HOLDERS BE LIABLE FOR ANY CLAIM, DAMAGES OR OTHER
# LIABILITY, WHETHER IN AN ACTION OF CONTRACT, TORT OR OTHERWISE, ARISING FROM,
# OUT OF OR IN CONNECTION WITH THE SOFTWARE OR THE USE OR OTHER DEALINGS IN
# THE SOFTWARE.
#####################################################################################",[],CMake,0,1,23
25780,rocmsoftwareplatform/amdmigraphx,https://github.com/rocmsoftwareplatform/amdmigraphx/blob/97a1ed2de7cd5103aed50b10c634adfe041e7681/test/verify/CMakeLists.txt#L1,"#####################################################################################
# The MIT License (MIT)
#
# Copyright (c) 2015-2022 Advanced Micro Devices, Inc. All rights reserved.
#
# Permission is hereby granted, free of charge, to any person obtaining a copy
# of this software and associated documentation files (the ""Software""), to deal
# in the Software without restriction, including without limitation the rights
# to use, copy, modify, merge, publish, distribute, sublicense, and/or sell
# copies of the Software, and to permit persons to whom the Software is
# furnished to do so, subject to the following conditions:
#
# The above copyright notice and this permission notice shall be included in
# all copies or substantial portions of the Software.
#
# THE SOFTWARE IS PROVIDED ""AS IS"", WITHOUT WARRANTY OF ANY KIND, EXPRESS OR
# IMPLIED, INCLUDING BUT NOT LIMITED TO THE WARRANTIES OF MERCHANTABILITY,
# FITNESS FOR A PARTICULAR PURPOSE AND NONINFRINGEMENT.  IN NO EVENT SHALL THE
# AUTHORS OR COPYRIGHT HOLDERS BE LIABLE FOR ANY CLAIM, DAMAGES OR OTHER
# LIABILITY, WHETHER IN AN ACTION OF CONTRACT, TORT OR OTHERWISE, ARISING FROM,
# OUT OF OR IN CONNECTION WITH THE SOFTWARE OR THE USE OR OTHER DEALINGS IN
# THE SOFTWARE.
#####################################################################################",[],CMake,0,1,23
25780,rocmsoftwareplatform/amdmigraphx,https://github.com/rocmsoftwareplatform/amdmigraphx/blob/97a1ed2de7cd5103aed50b10c634adfe041e7681/tools/CMakeLists.txt#L1,"#####################################################################################
# The MIT License (MIT)
#
# Copyright (c) 2015-2022 Advanced Micro Devices, Inc. All rights reserved.
#
# Permission is hereby granted, free of charge, to any person obtaining a copy
# of this software and associated documentation files (the ""Software""), to deal
# in the Software without restriction, including without limitation the rights
# to use, copy, modify, merge, publish, distribute, sublicense, and/or sell
# copies of the Software, and to permit persons to whom the Software is
# furnished to do so, subject to the following conditions:
#
# The above copyright notice and this permission notice shall be included in
# all copies or substantial portions of the Software.
#
# THE SOFTWARE IS PROVIDED ""AS IS"", WITHOUT WARRANTY OF ANY KIND, EXPRESS OR
# IMPLIED, INCLUDING BUT NOT LIMITED TO THE WARRANTIES OF MERCHANTABILITY,
# FITNESS FOR A PARTICULAR PURPOSE AND NONINFRINGEMENT.  IN NO EVENT SHALL THE
# AUTHORS OR COPYRIGHT HOLDERS BE LIABLE FOR ANY CLAIM, DAMAGES OR OTHER
# LIABILITY, WHETHER IN AN ACTION OF CONTRACT, TORT OR OTHERWISE, ARISING FROM,
# OUT OF OR IN CONNECTION WITH THE SOFTWARE OR THE USE OR OTHER DEALINGS IN
# THE SOFTWARE.
#####################################################################################",[],CMake,0,1,23
25780,rocmsoftwareplatform/amdmigraphx,https://github.com/rocmsoftwareplatform/amdmigraphx/blob/97a1ed2de7cd5103aed50b10c634adfe041e7681/install_deps.cmake#L1,#!/usr/bin/cmake -P,[],CMake,0,1,1
25780,rocmsoftwareplatform/amdmigraphx,https://github.com/rocmsoftwareplatform/amdmigraphx/blob/97a1ed2de7cd5103aed50b10c634adfe041e7681/install_deps.cmake#L3,"#####################################################################################
# The MIT License (MIT)
#
# Copyright (c) 2015-2022 Advanced Micro Devices, Inc. All rights reserved.
#
# Permission is hereby granted, free of charge, to any person obtaining a copy
# of this software and associated documentation files (the ""Software""), to deal
# in the Software without restriction, including without limitation the rights
# to use, copy, modify, merge, publish, distribute, sublicense, and/or sell
# copies of the Software, and to permit persons to whom the Software is
# furnished to do so, subject to the following conditions:
#
# The above copyright notice and this permission notice shall be included in
# all copies or substantial portions of the Software.
#
# THE SOFTWARE IS PROVIDED ""AS IS"", WITHOUT WARRANTY OF ANY KIND, EXPRESS OR
# IMPLIED, INCLUDING BUT NOT LIMITED TO THE WARRANTIES OF MERCHANTABILITY,
# FITNESS FOR A PARTICULAR PURPOSE AND NONINFRINGEMENT.  IN NO EVENT SHALL THE
# AUTHORS OR COPYRIGHT HOLDERS BE LIABLE FOR ANY CLAIM, DAMAGES OR OTHER
# LIABILITY, WHETHER IN AN ACTION OF CONTRACT, TORT OR OTHERWISE, ARISING FROM,
# OUT OF OR IN CONNECTION WITH THE SOFTWARE OR THE USE OR OTHER DEALINGS IN
# THE SOFTWARE.
#####################################################################################",[],CMake,0,3,25
25780,rocmsoftwareplatform/amdmigraphx,https://github.com/rocmsoftwareplatform/amdmigraphx/blob/97a1ed2de7cd5103aed50b10c634adfe041e7681/install_deps.cmake#L74,# Set compiler to hcc if not set,[],CMake,0,74,74
25780,rocmsoftwareplatform/amdmigraphx,https://github.com/rocmsoftwareplatform/amdmigraphx/blob/97a1ed2de7cd5103aed50b10c634adfe041e7681/cmake/CheckCXXLinkerFlag.cmake#L1,"#####################################################################################
# The MIT License (MIT)
#
# Copyright (c) 2015-2022 Advanced Micro Devices, Inc. All rights reserved.
#
# Permission is hereby granted, free of charge, to any person obtaining a copy
# of this software and associated documentation files (the ""Software""), to deal
# in the Software without restriction, including without limitation the rights
# to use, copy, modify, merge, publish, distribute, sublicense, and/or sell
# copies of the Software, and to permit persons to whom the Software is
# furnished to do so, subject to the following conditions:
#
# The above copyright notice and this permission notice shall be included in
# all copies or substantial portions of the Software.
#
# THE SOFTWARE IS PROVIDED ""AS IS"", WITHOUT WARRANTY OF ANY KIND, EXPRESS OR
# IMPLIED, INCLUDING BUT NOT LIMITED TO THE WARRANTIES OF MERCHANTABILITY,
# FITNESS FOR A PARTICULAR PURPOSE AND NONINFRINGEMENT.  IN NO EVENT SHALL THE
# AUTHORS OR COPYRIGHT HOLDERS BE LIABLE FOR ANY CLAIM, DAMAGES OR OTHER
# LIABILITY, WHETHER IN AN ACTION OF CONTRACT, TORT OR OTHERWISE, ARISING FROM,
# OUT OF OR IN CONNECTION WITH THE SOFTWARE OR THE USE OR OTHER DEALINGS IN
# THE SOFTWARE.
#####################################################################################",[],CMake,0,1,23
25780,rocmsoftwareplatform/amdmigraphx,https://github.com/rocmsoftwareplatform/amdmigraphx/blob/97a1ed2de7cd5103aed50b10c634adfe041e7681/cmake/CheckCXXLinkerFlag.cmake#L26,"# GNU, NAG",[],CMake,59,26,26
25780,rocmsoftwareplatform/amdmigraphx,https://github.com/rocmsoftwareplatform/amdmigraphx/blob/97a1ed2de7cd5103aed50b10c634adfe041e7681/cmake/CheckCXXLinkerFlag.cmake#L27,# GNU,[],CMake,59,27,27
25780,rocmsoftwareplatform/amdmigraphx,https://github.com/rocmsoftwareplatform/amdmigraphx/blob/97a1ed2de7cd5103aed50b10c634adfe041e7681/cmake/CheckCXXLinkerFlag.cmake#L28,# Clang,[],CMake,59,28,28
25780,rocmsoftwareplatform/amdmigraphx,https://github.com/rocmsoftwareplatform/amdmigraphx/blob/97a1ed2de7cd5103aed50b10c634adfe041e7681/cmake/CheckCXXLinkerFlag.cmake#L29,# Clang,[],CMake,59,29,29
25780,rocmsoftwareplatform/amdmigraphx,https://github.com/rocmsoftwareplatform/amdmigraphx/blob/97a1ed2de7cd5103aed50b10c634adfe041e7681/cmake/CheckCXXLinkerFlag.cmake#L30,# Clang (cl),[],CMake,59,30,30
25780,rocmsoftwareplatform/amdmigraphx,https://github.com/rocmsoftwareplatform/amdmigraphx/blob/97a1ed2de7cd5103aed50b10c634adfe041e7681/cmake/CheckCXXLinkerFlag.cmake#L31,"# MSVC, Intel",[],CMake,59,31,31
25780,rocmsoftwareplatform/amdmigraphx,https://github.com/rocmsoftwareplatform/amdmigraphx/blob/97a1ed2de7cd5103aed50b10c634adfe041e7681/cmake/CheckCXXLinkerFlag.cmake#L32,"# MSVC, any lang",[],CMake,59,32,32
25780,rocmsoftwareplatform/amdmigraphx,https://github.com/rocmsoftwareplatform/amdmigraphx/blob/97a1ed2de7cd5103aed50b10c634adfe041e7681/cmake/CheckCXXLinkerFlag.cmake#L33,# Intel,[],CMake,59,33,33
25780,rocmsoftwareplatform/amdmigraphx,https://github.com/rocmsoftwareplatform/amdmigraphx/blob/97a1ed2de7cd5103aed50b10c634adfe041e7681/cmake/CheckCXXLinkerFlag.cmake#L34,# Intel,[],CMake,59,34,34
25780,rocmsoftwareplatform/amdmigraphx,https://github.com/rocmsoftwareplatform/amdmigraphx/blob/97a1ed2de7cd5103aed50b10c634adfe041e7681/cmake/CheckCXXLinkerFlag.cmake#L35,# Intel,[],CMake,59,35,35
25780,rocmsoftwareplatform/amdmigraphx,https://github.com/rocmsoftwareplatform/amdmigraphx/blob/97a1ed2de7cd5103aed50b10c634adfe041e7681/cmake/CheckCXXLinkerFlag.cmake#L36,# Intel,[],CMake,61,36,36
25780,rocmsoftwareplatform/amdmigraphx,https://github.com/rocmsoftwareplatform/amdmigraphx/blob/97a1ed2de7cd5103aed50b10c634adfe041e7681/cmake/CheckCXXLinkerFlag.cmake#L37,# HP,[],CMake,59,37,37
25780,rocmsoftwareplatform/amdmigraphx,https://github.com/rocmsoftwareplatform/amdmigraphx/blob/97a1ed2de7cd5103aed50b10c634adfe041e7681/cmake/CheckCXXLinkerFlag.cmake#L38,# SunPro,[],CMake,59,38,38
25780,rocmsoftwareplatform/amdmigraphx,https://github.com/rocmsoftwareplatform/amdmigraphx/blob/97a1ed2de7cd5103aed50b10c634adfe041e7681/cmake/CheckCXXLinkerFlag.cmake#L39,# XL,[],CMake,59,39,39
25780,rocmsoftwareplatform/amdmigraphx,https://github.com/rocmsoftwareplatform/amdmigraphx/blob/97a1ed2de7cd5103aed50b10c634adfe041e7681/cmake/CheckCXXLinkerFlag.cmake#L40,# XL,[],CMake,69,40,40
25780,rocmsoftwareplatform/amdmigraphx,https://github.com/rocmsoftwareplatform/amdmigraphx/blob/97a1ed2de7cd5103aed50b10c634adfe041e7681/cmake/CheckCXXLinkerFlag.cmake#L41,# XL,[],CMake,71,41,41
25780,rocmsoftwareplatform/amdmigraphx,https://github.com/rocmsoftwareplatform/amdmigraphx/blob/97a1ed2de7cd5103aed50b10c634adfe041e7681/cmake/CheckCXXLinkerFlag.cmake#L42,# AIX,[],CMake,68,42,42
25780,rocmsoftwareplatform/amdmigraphx,https://github.com/rocmsoftwareplatform/amdmigraphx/blob/97a1ed2de7cd5103aed50b10c634adfe041e7681/cmake/CheckCXXLinkerFlag.cmake#L43,# PGI,[],CMake,59,43,43
25780,rocmsoftwareplatform/amdmigraphx,https://github.com/rocmsoftwareplatform/amdmigraphx/blob/97a1ed2de7cd5103aed50b10c634adfe041e7681/cmake/CheckCXXLinkerFlag.cmake#L44,# PGI,[],CMake,59,44,44
25780,rocmsoftwareplatform/amdmigraphx,https://github.com/rocmsoftwareplatform/amdmigraphx/blob/97a1ed2de7cd5103aed50b10c634adfe041e7681/cmake/CheckCXXLinkerFlag.cmake#L45,# Open64,[],CMake,59,45,45
25780,rocmsoftwareplatform/amdmigraphx,https://github.com/rocmsoftwareplatform/amdmigraphx/blob/97a1ed2de7cd5103aed50b10c634adfe041e7681/cmake/CheckCXXLinkerFlag.cmake#L46,# Borland,[],CMake,59,46,46
25780,rocmsoftwareplatform/amdmigraphx,https://github.com/rocmsoftwareplatform/amdmigraphx/blob/97a1ed2de7cd5103aed50b10c634adfe041e7681/cmake/CheckCXXLinkerFlag.cmake#L47,# SunStudio 12,[],CMake,59,47,47
25780,rocmsoftwareplatform/amdmigraphx,https://github.com/rocmsoftwareplatform/amdmigraphx/blob/97a1ed2de7cd5103aed50b10c634adfe041e7681/cmake/CheckCXXLinkerFlag.cmake#L48,# Fujitsu,[],CMake,59,48,48
25780,rocmsoftwareplatform/amdmigraphx,https://github.com/rocmsoftwareplatform/amdmigraphx/blob/97a1ed2de7cd5103aed50b10c634adfe041e7681/cmake/CheckCXXLinkerFlag.cmake#L49,# Cray,[],CMake,66,49,49
25780,rocmsoftwareplatform/amdmigraphx,https://github.com/rocmsoftwareplatform/amdmigraphx/blob/97a1ed2de7cd5103aed50b10c634adfe041e7681/cmake/Embed.cmake#L1,"#####################################################################################
# The MIT License (MIT)
#
# Copyright (c) 2015-2022 Advanced Micro Devices, Inc. All rights reserved.
#
# Permission is hereby granted, free of charge, to any person obtaining a copy
# of this software and associated documentation files (the ""Software""), to deal
# in the Software without restriction, including without limitation the rights
# to use, copy, modify, merge, publish, distribute, sublicense, and/or sell
# copies of the Software, and to permit persons to whom the Software is
# furnished to do so, subject to the following conditions:
#
# The above copyright notice and this permission notice shall be included in
# all copies or substantial portions of the Software.
#
# THE SOFTWARE IS PROVIDED ""AS IS"", WITHOUT WARRANTY OF ANY KIND, EXPRESS OR
# IMPLIED, INCLUDING BUT NOT LIMITED TO THE WARRANTIES OF MERCHANTABILITY,
# FITNESS FOR A PARTICULAR PURPOSE AND NONINFRINGEMENT.  IN NO EVENT SHALL THE
# AUTHORS OR COPYRIGHT HOLDERS BE LIABLE FOR ANY CLAIM, DAMAGES OR OTHER
# LIABILITY, WHETHER IN AN ACTION OF CONTRACT, TORT OR OTHERWISE, ARISING FROM,
# OUT OF OR IN CONNECTION WITH THE SOFTWARE OR THE USE OR OTHER DEALINGS IN
# THE SOFTWARE.
#####################################################################################",[],CMake,0,1,23
25780,rocmsoftwareplatform/amdmigraphx,https://github.com/rocmsoftwareplatform/amdmigraphx/blob/97a1ed2de7cd5103aed50b10c634adfe041e7681/cmake/Embed.cmake#L83,# Glob is used to compute the relative path,[],CMake,4,83,83
25780,rocmsoftwareplatform/amdmigraphx,https://github.com/rocmsoftwareplatform/amdmigraphx/blob/97a1ed2de7cd5103aed50b10c634adfe041e7681/cmake/EnableCompilerWarnings.cmake#L1,"#####################################################################################
# The MIT License (MIT)
#
# Copyright (c) 2015-2022 Advanced Micro Devices, Inc. All rights reserved.
#
# Permission is hereby granted, free of charge, to any person obtaining a copy
# of this software and associated documentation files (the ""Software""), to deal
# in the Software without restriction, including without limitation the rights
# to use, copy, modify, merge, publish, distribute, sublicense, and/or sell
# copies of the Software, and to permit persons to whom the Software is
# furnished to do so, subject to the following conditions:
#
# The above copyright notice and this permission notice shall be included in
# all copies or substantial portions of the Software.
#
# THE SOFTWARE IS PROVIDED ""AS IS"", WITHOUT WARRANTY OF ANY KIND, EXPRESS OR
# IMPLIED, INCLUDING BUT NOT LIMITED TO THE WARRANTIES OF MERCHANTABILITY,
# FITNESS FOR A PARTICULAR PURPOSE AND NONINFRINGEMENT.  IN NO EVENT SHALL THE
# AUTHORS OR COPYRIGHT HOLDERS BE LIABLE FOR ANY CLAIM, DAMAGES OR OTHER
# LIABILITY, WHETHER IN AN ACTION OF CONTRACT, TORT OR OTHERWISE, ARISING FROM,
# OUT OF OR IN CONNECTION WITH THE SOFTWARE OR THE USE OR OTHER DEALINGS IN
# THE SOFTWARE.
#####################################################################################
# - Enable warning all for gcc/clang or use /W4 for visual studio",[],CMake,0,1,24
25780,rocmsoftwareplatform/amdmigraphx,https://github.com/rocmsoftwareplatform/amdmigraphx/blob/97a1ed2de7cd5103aed50b10c634adfe041e7681/cmake/EnableCompilerWarnings.cmake#L26,## Strict warning level,[],CMake,0,26,26
25780,rocmsoftwareplatform/amdmigraphx,https://github.com/rocmsoftwareplatform/amdmigraphx/blob/97a1ed2de7cd5103aed50b10c634adfe041e7681/cmake/EnableCompilerWarnings.cmake#L28,# Use the highest warning level for visual studio.,[],CMake,4,28,28
25780,rocmsoftwareplatform/amdmigraphx,https://github.com/rocmsoftwareplatform/amdmigraphx/blob/97a1ed2de7cd5103aed50b10c634adfe041e7681/cmake/EnableCompilerWarnings.cmake#L31,"# set(CMAKE_CXX_WARNING_LEVEL 4)
# if (CMAKE_CXX_FLAGS MATCHES ""/W[0-4]"")
#     string(REGEX REPLACE ""/W[0-4]"" ""/W4"" CMAKE_CXX_FLAGS ""${CMAKE_CXX_FLAGS}"")
# else ()
#     set(CMAKE_CXX_FLAGS ""${CMAKE_CXX_FLAGS} /W4"")
# endif ()",[],CMake,4,31,36
25780,rocmsoftwareplatform/amdmigraphx,https://github.com/rocmsoftwareplatform/amdmigraphx/blob/97a1ed2de7cd5103aed50b10c634adfe041e7681/cmake/EnableCompilerWarnings.cmake#L38,"# set(CMAKE_C_WARNING_LEVEL 4)
# if (CMAKE_C_FLAGS MATCHES ""/W[0-4]"")
#     string(REGEX REPLACE ""/W[0-4]"" ""/W4"" CMAKE_C_FLAGS ""${CMAKE_C_FLAGS}"")
# else ()
#     set(CMAKE_C_FLAGS ""${CMAKE_C_FLAGS} /W4"")
# endif ()",[],CMake,4,38,43
25780,rocmsoftwareplatform/amdmigraphx,https://github.com/rocmsoftwareplatform/amdmigraphx/blob/97a1ed2de7cd5103aed50b10c634adfe041e7681/cmake/EnableCompilerWarnings.cmake#L48,# use -Wall for gcc and clang,[],CMake,8,48,48
25780,rocmsoftwareplatform/amdmigraphx,https://github.com/rocmsoftwareplatform/amdmigraphx/blob/97a1ed2de7cd5103aed50b10c634adfe041e7681/cmake/EnableCompilerWarnings.cmake#L69,# Flags for gcc 7,[],CMake,8,69,69
25780,rocmsoftwareplatform/amdmigraphx,https://github.com/rocmsoftwareplatform/amdmigraphx/blob/97a1ed2de7cd5103aed50b10c634adfe041e7681/cmake/EnableCompilerWarnings.cmake#L104,# -Wno-c++2a-designator,[],CMake,16,104,104
25780,rocmsoftwareplatform/amdmigraphx,https://github.com/rocmsoftwareplatform/amdmigraphx/blob/97a1ed2de7cd5103aed50b10c634adfe041e7681/cmake/EnableCompilerWarnings.cmake#L110,# -Wno-deprecated-declarations,[],CMake,16,110,110
25780,rocmsoftwareplatform/amdmigraphx,https://github.com/rocmsoftwareplatform/amdmigraphx/blob/97a1ed2de7cd5103aed50b10c634adfe041e7681/cmake/PythonModules.cmake#L1,"#####################################################################################
# The MIT License (MIT)
#
# Copyright (c) 2015-2022 Advanced Micro Devices, Inc. All rights reserved.
#
# Permission is hereby granted, free of charge, to any person obtaining a copy
# of this software and associated documentation files (the ""Software""), to deal
# in the Software without restriction, including without limitation the rights
# to use, copy, modify, merge, publish, distribute, sublicense, and/or sell
# copies of the Software, and to permit persons to whom the Software is
# furnished to do so, subject to the following conditions:
#
# The above copyright notice and this permission notice shall be included in
# all copies or substantial portions of the Software.
#
# THE SOFTWARE IS PROVIDED ""AS IS"", WITHOUT WARRANTY OF ANY KIND, EXPRESS OR
# IMPLIED, INCLUDING BUT NOT LIMITED TO THE WARRANTIES OF MERCHANTABILITY,
# FITNESS FOR A PARTICULAR PURPOSE AND NONINFRINGEMENT.  IN NO EVENT SHALL THE
# AUTHORS OR COPYRIGHT HOLDERS BE LIABLE FOR ANY CLAIM, DAMAGES OR OTHER
# LIABILITY, WHETHER IN AN ACTION OF CONTRACT, TORT OR OTHERWISE, ARISING FROM,
# OUT OF OR IN CONNECTION WITH THE SOFTWARE OR THE USE OR OTHER DEALINGS IN
# THE SOFTWARE.
#####################################################################################",[],CMake,0,1,23
25780,rocmsoftwareplatform/amdmigraphx,https://github.com/rocmsoftwareplatform/amdmigraphx/blob/97a1ed2de7cd5103aed50b10c634adfe041e7681/cmake/PythonModules.cmake#L96,# Make the variable global,[],CMake,0,96,96
25780,rocmsoftwareplatform/amdmigraphx,https://github.com/rocmsoftwareplatform/amdmigraphx/blob/97a1ed2de7cd5103aed50b10c634adfe041e7681/cmake/RegisterOp.cmake#L1,"#####################################################################################
# The MIT License (MIT)
#
# Copyright (c) 2015-2022 Advanced Micro Devices, Inc. All rights reserved.
#
# Permission is hereby granted, free of charge, to any person obtaining a copy
# of this software and associated documentation files (the ""Software""), to deal
# in the Software without restriction, including without limitation the rights
# to use, copy, modify, merge, publish, distribute, sublicense, and/or sell
# copies of the Software, and to permit persons to whom the Software is
# furnished to do so, subject to the following conditions:
#
# The above copyright notice and this permission notice shall be included in
# all copies or substantial portions of the Software.
#
# THE SOFTWARE IS PROVIDED ""AS IS"", WITHOUT WARRANTY OF ANY KIND, EXPRESS OR
# IMPLIED, INCLUDING BUT NOT LIMITED TO THE WARRANTIES OF MERCHANTABILITY,
# FITNESS FOR A PARTICULAR PURPOSE AND NONINFRINGEMENT.  IN NO EVENT SHALL THE
# AUTHORS OR COPYRIGHT HOLDERS BE LIABLE FOR ANY CLAIM, DAMAGES OR OTHER
# LIABILITY, WHETHER IN AN ACTION OF CONTRACT, TORT OR OTHERWISE, ARISING FROM,
# OUT OF OR IN CONNECTION WITH THE SOFTWARE OR THE USE OR OTHER DEALINGS IN
# THE SOFTWARE.
#####################################################################################",[],CMake,0,1,23
25780,rocmsoftwareplatform/amdmigraphx,https://github.com/rocmsoftwareplatform/amdmigraphx/blob/97a1ed2de7cd5103aed50b10c634adfe041e7681/cmake/TargetFlags.cmake#L1,"#####################################################################################
# The MIT License (MIT)
#
# Copyright (c) 2015-2022 Advanced Micro Devices, Inc. All rights reserved.
#
# Permission is hereby granted, free of charge, to any person obtaining a copy
# of this software and associated documentation files (the ""Software""), to deal
# in the Software without restriction, including without limitation the rights
# to use, copy, modify, merge, publish, distribute, sublicense, and/or sell
# copies of the Software, and to permit persons to whom the Software is
# furnished to do so, subject to the following conditions:
#
# The above copyright notice and this permission notice shall be included in
# all copies or substantial portions of the Software.
#
# THE SOFTWARE IS PROVIDED ""AS IS"", WITHOUT WARRANTY OF ANY KIND, EXPRESS OR
# IMPLIED, INCLUDING BUT NOT LIMITED TO THE WARRANTIES OF MERCHANTABILITY,
# FITNESS FOR A PARTICULAR PURPOSE AND NONINFRINGEMENT.  IN NO EVENT SHALL THE
# AUTHORS OR COPYRIGHT HOLDERS BE LIABLE FOR ANY CLAIM, DAMAGES OR OTHER
# LIABILITY, WHETHER IN AN ACTION OF CONTRACT, TORT OR OTHERWISE, ARISING FROM,
# OUT OF OR IN CONNECTION WITH THE SOFTWARE OR THE USE OR OTHER DEALINGS IN
# THE SOFTWARE.
#####################################################################################",[],CMake,0,1,23
25780,rocmsoftwareplatform/amdmigraphx,https://github.com/rocmsoftwareplatform/amdmigraphx/blob/97a1ed2de7cd5103aed50b10c634adfe041e7681/cmake/TargetFlags.cmake#L106,"# message(""_flags: ${_flags}"")",[],CMake,4,106,106
