repoIndex,repoName,linkLocation,comment,keywords,buildSysteminFile,charPosition,startLine,endLine
25970,networkit/networkit,https://github.com/networkit/networkit/blob/0aeb0da931deacd282892b0d37ae8f6118df410e/CMakeLists.txt#L8,# BUILD OPTIONS,[],CMake,0,8,8
25970,networkit/networkit,https://github.com/networkit/networkit/blob/0aeb0da931deacd282892b0d37ae8f6118df410e/CMakeLists.txt#L30,# Allow user to set installation paths relative to CMAKE_INSTALL_PREFIX,[],CMake,0,30,30
25970,networkit/networkit,https://github.com/networkit/networkit/blob/0aeb0da931deacd282892b0d37ae8f6118df410e/CMakeLists.txt#L55,"################################################################################
# Compilation Flags",[],CMake,0,55,56
25970,networkit/networkit,https://github.com/networkit/networkit/blob/0aeb0da931deacd282892b0d37ae8f6118df410e/CMakeLists.txt#L94,# TTMath requires running an ASM for MSVC which we disable here at the cost of worse performance,[],CMake,1,94,94
25970,networkit/networkit,https://github.com/networkit/networkit/blob/0aeb0da931deacd282892b0d37ae8f6118df410e/CMakeLists.txt#L110,# Checking sanitizer options; in both cases we include 'undefined',[],CMake,0,110,110
25970,networkit/networkit,https://github.com/networkit/networkit/blob/0aeb0da931deacd282892b0d37ae8f6118df410e/CMakeLists.txt#L125,# Check if coverage support is enabled,[],CMake,0,125,125
25970,networkit/networkit,https://github.com/networkit/networkit/blob/0aeb0da931deacd282892b0d37ae8f6118df410e/CMakeLists.txt#L131,"################################################################################
# ENABLE ADDITIONAL SANITY CHECKS",[],CMake,0,131,132
25970,networkit/networkit,https://github.com/networkit/networkit/blob/0aeb0da931deacd282892b0d37ae8f6118df410e/CMakeLists.txt#L138,# finding or creating OpenMP target. This is likely to fail for CMake Version < 3.12.,[],CMake,0,138,138
25970,networkit/networkit,https://github.com/networkit/networkit/blob/0aeb0da931deacd282892b0d37ae8f6118df410e/CMakeLists.txt#L141,"# FindOpenMP.cmake does not reliably find a user installed openmp library for clang/llvm on
# both Linux- and macOS-systems (even for CMake Version >= 3.12). The following section
# manually sets the required fields for clang-like compiler.",[],CMake,0,141,143
25970,networkit/networkit,https://github.com/networkit/networkit/blob/0aeb0da931deacd282892b0d37ae8f6118df410e/CMakeLists.txt#L146,# This will find default libomp-installations for homebrew/MacPorts,[],CMake,2,146,146
25970,networkit/networkit,https://github.com/networkit/networkit/blob/0aeb0da931deacd282892b0d37ae8f6118df410e/CMakeLists.txt#L167,# Set OpenMP-folders in case they are found with the aid of additional hints,[],CMake,1,167,167
25970,networkit/networkit,https://github.com/networkit/networkit/blob/0aeb0da931deacd282892b0d37ae8f6118df410e/CMakeLists.txt#L175,"# After setting basic OpenMP-folders, run find_package again to set everything. Also acts as a final sanity check.",[],CMake,1,175,175
25970,networkit/networkit,https://github.com/networkit/networkit/blob/0aeb0da931deacd282892b0d37ae8f6118df410e/CMakeLists.txt#L198,# specify linking flags for MacOS,[],CMake,0,198,198
25970,networkit/networkit,https://github.com/networkit/networkit/blob/0aeb0da931deacd282892b0d37ae8f6118df410e/CMakeLists.txt#L216,"################################################################################
# Use TLX as a CMake submodule",[],CMake,0,216,217
25970,networkit/networkit,https://github.com/networkit/networkit/blob/0aeb0da931deacd282892b0d37ae8f6118df410e/CMakeLists.txt#L233,"################################################################################
# NETWORKIT MODULES",[],CMake,0,233,234
25970,networkit/networkit,https://github.com/networkit/networkit/blob/0aeb0da931deacd282892b0d37ae8f6118df410e/CMakeLists.txt#L248,# For Windows all global shared variables have to be exported additionally as dll,[],CMake,2,248,248
25970,networkit/networkit,https://github.com/networkit/networkit/blob/0aeb0da931deacd282892b0d37ae8f6118df410e/CMakeLists.txt#L283,"################################################################################
# ENABLE CLANG-TIDY",[],CMake,0,283,284
25970,networkit/networkit,https://github.com/networkit/networkit/blob/0aeb0da931deacd282892b0d37ae8f6118df410e/CMakeLists.txt#L296,"# Linking against Python3_libs is only neccessary on Windows. On other OSes 
# this can lead to segmentation faults when importing NetworKit in Python.",[],CMake,2,296,297
25970,networkit/networkit,https://github.com/networkit/networkit/blob/0aeb0da931deacd282892b0d37ae8f6118df410e/CMakeLists.txt#L347,"# If rpath-content is set explicitly, omit the dynamic binary path",[],CMake,2,347,347
25970,networkit/networkit,https://github.com/networkit/networkit/blob/0aeb0da931deacd282892b0d37ae8f6118df410e/CMakeLists.txt#L352,# DSOs on Apple OSes use different conventions for RPATH.,[],CMake,3,352,352
25970,networkit/networkit,https://github.com/networkit/networkit/blob/0aeb0da931deacd282892b0d37ae8f6118df410e/CMakeLists.txt#L369,"# Register a new NetworKit module named ${modname}
# Files additionally passed are interpreted as PUBLIC source files to this module",[],CMake,0,369,370
25970,networkit/networkit,https://github.com/networkit/networkit/blob/0aeb0da931deacd282892b0d37ae8f6118df410e/CMakeLists.txt#L377,"# in case we are building a monolith, no submodule are registered
# and we simple add the source file to the networkkit target",[],CMake,2,377,378
25970,networkit/networkit,https://github.com/networkit/networkit/blob/0aeb0da931deacd282892b0d37ae8f6118df410e/CMakeLists.txt#L395,"# All tests added to this module will will also become a dependency
# of networkit_tests_MODNAME. This target hence allows to build all
# tests associated with this module",[],CMake,2,395,397
25970,networkit/networkit,https://github.com/networkit/networkit/blob/0aeb0da931deacd282892b0d37ae8f6118df410e/CMakeLists.txt#L404,"# Add source files (it's important to mark them private; otherwise
# all targets linking to the lib, will recompile the objects from scratch)",[],CMake,1,404,405
25970,networkit/networkit,https://github.com/networkit/networkit/blob/0aeb0da931deacd282892b0d37ae8f6118df410e/CMakeLists.txt#L412,"# Analogous to target_link_libraries with KEYWORDS.
# Use the module's name (without networkit_ prefix) for target.
# In case of monolithic builds, the call is ignored.
# To link against another module use networkit_module_link_modules
# Example: networkit_module_link_libraries(graph PRIVATE foobar_lib)",[],CMake,0,412,416
25970,networkit/networkit,https://github.com/networkit/networkit/blob/0aeb0da931deacd282892b0d37ae8f6118df410e/CMakeLists.txt#L435,"# Specifiy inter-module dependencies. The function expects a list of at least
# two module names (without the networkit_ prefix). The first one add all following
# ones as dependencies. In case of monolith build, the function does nothing.
# Example: networkit_module_link_modules(io graph) # io depends on graph",[],CMake,0,435,438
25970,networkit/networkit,https://github.com/networkit/networkit/blob/0aeb0da931deacd282892b0d37ae8f6118df410e/CMakeLists.txt#L451,"################################################################################
# TESTING and BENCHMARKING",[],CMake,0,451,452
25970,networkit/networkit,https://github.com/networkit/networkit/blob/0aeb0da931deacd282892b0d37ae8f6118df410e/CMakeLists.txt#L458,"# While by default MSVC projects link against the shared runtime library
# (and hence also NetworKit), GTest defaults to the static runtime lib.
# Both must not be mix, so we request GTest here to also use the shared CRT.",[],CMake,3,458,460
25970,networkit/networkit,https://github.com/networkit/networkit/blob/0aeb0da931deacd282892b0d37ae8f6118df410e/CMakeLists.txt#L531,"# internal use only
# IS_TEST   indicates whether add_test should be invoked for executable
#		   an whether it should be assigned to the module's test target
# MOD	   Name of module the test/benchmark assigned to. It will
#		   join its namespace, assigned to its test target and linked
# TESTNAME  Name of the CPP File (excluding its .cpp extension). Will
#		   also be used to derive the test's name",[],CMake,0,531,537
25970,networkit/networkit,https://github.com/networkit/networkit/blob/0aeb0da931deacd282892b0d37ae8f6118df410e/CMakeLists.txt#L590,"# Wrapper for networkit_add_extra with (IS_TEST=ON)
# Example: networkit_add_test(io SpecialIOGTest graph) compiles
#  io/test/SpecialIOGTest.cpp, registers is as an test of networkit_tests_io
#  and links it against io and graph.",[],CMake,0,590,593
25970,networkit/networkit,https://github.com/networkit/networkit/blob/0aeb0da931deacd282892b0d37ae8f6118df410e/CMakeLists.txt#L598,# Wrapper for networkit_add_extra with (IS_TEST=OFF),[],CMake,0,598,598
25970,networkit/networkit,https://github.com/networkit/networkit/blob/0aeb0da931deacd282892b0d37ae8f6118df410e/CMakeLists.txt#L604,"################################################################################
# Benchmarks",[],CMake,0,604,605
25970,networkit/networkit,https://github.com/networkit/networkit/blob/0aeb0da931deacd282892b0d37ae8f6118df410e/CMakeLists.txt#L607,"# In case of monolithic builds we add the target networkit_benchmarks, and later add
# source files via networkit_add_gbenchmark. In case of non-monolithic builds, each
# networkit_add_test creates it own target.",[],CMake,0,607,609
25970,networkit/networkit,https://github.com/networkit/networkit/blob/0aeb0da931deacd282892b0d37ae8f6118df410e/CMakeLists.txt#L659,"################################################################################
# Documentation",[],CMake,0,659,660
25970,networkit/networkit,https://github.com/networkit/networkit/blob/0aeb0da931deacd282892b0d37ae8f6118df410e/CMakeLists.txt#L696,"################################################################################
# Subdirectories",[],CMake,0,696,697
25970,networkit/networkit,https://github.com/networkit/networkit/blob/0aeb0da931deacd282892b0d37ae8f6118df410e/CMakeLists.txt#L700,# Install NetworKit header files,[],CMake,0,700,700
25970,networkit/networkit,https://github.com/networkit/networkit/blob/0aeb0da931deacd282892b0d37ae8f6118df410e/CMakeLists.txt#L706,# Install ttmath header files,[],CMake,0,706,706
25970,networkit/networkit,https://github.com/networkit/networkit/blob/0aeb0da931deacd282892b0d37ae8f6118df410e/CMakeLists.txt#L711,"################################################################################
# Prepare pkg-config file",[],CMake,0,711,712
