repoIndex,repoName,linkLocation,comment,keywords,buildSysteminFile,charPosition,startLine,endLine
26260,tenzir/vast,https://github.com/tenzir/vast/blob/eeea7911a3991001bb46e08c33edb4f44fccdbcd/CMakeLists.txt#L3,# -- project setup -------------------------------------------------------------,[],CMake,0,3,3
26260,tenzir/vast,https://github.com/tenzir/vast/blob/eeea7911a3991001bb46e08c33edb4f44fccdbcd/CMakeLists.txt#L5,# Semicolon-separated list of directories specifying a search path for CMake.,[],CMake,0,5,5
26260,tenzir/vast,https://github.com/tenzir/vast/blob/eeea7911a3991001bb46e08c33edb4f44fccdbcd/CMakeLists.txt#L10,# Create the VAST project.,[],CMake,0,10,10
26260,tenzir/vast,https://github.com/tenzir/vast/blob/eeea7911a3991001bb46e08c33edb4f44fccdbcd/CMakeLists.txt#L19,# -- sanity checks -------------------------------------------------------------,[],CMake,0,19,19
26260,tenzir/vast,https://github.com/tenzir/vast/blob/eeea7911a3991001bb46e08c33edb4f44fccdbcd/CMakeLists.txt#L21,# Prohibit in-source builds.,[],CMake,0,21,21
26260,tenzir/vast,https://github.com/tenzir/vast/blob/eeea7911a3991001bb46e08c33edb4f44fccdbcd/CMakeLists.txt#L26,# Check whether remnants of an earlier in-source build exist.,[],CMake,0,26,26
26260,tenzir/vast,https://github.com/tenzir/vast/blob/eeea7911a3991001bb46e08c33edb4f44fccdbcd/CMakeLists.txt#L35,# Ensure that CMAKE_INSTALL_PREFIX is not a relative path.,[],CMake,0,35,35
26260,tenzir/vast,https://github.com/tenzir/vast/blob/eeea7911a3991001bb46e08c33edb4f44fccdbcd/CMakeLists.txt#L42,"# Override `find_package` for subprojects to be a no-op when trying to find VAST
# itself. This simplifies the plugin CMake by not requiring plugin developers to
# check whether their plugin is built alongside VAST.",[],CMake,0,42,44
26260,tenzir/vast,https://github.com/tenzir/vast/blob/eeea7911a3991001bb46e08c33edb4f44fccdbcd/CMakeLists.txt#L53,# Set a default build type if none was specified.,[],CMake,0,53,53
26260,tenzir/vast,https://github.com/tenzir/vast/blob/eeea7911a3991001bb46e08c33edb4f44fccdbcd/CMakeLists.txt#L66,# Set the possible values of build type for cmake-gui.,[],CMake,2,66,66
26260,tenzir/vast,https://github.com/tenzir/vast/blob/eeea7911a3991001bb46e08c33edb4f44fccdbcd/CMakeLists.txt#L71,# -- includes ------------------------------------------------------------------,[],CMake,0,71,71
26260,tenzir/vast,https://github.com/tenzir/vast/blob/eeea7911a3991001bb46e08c33edb4f44fccdbcd/CMakeLists.txt#L87,# -- project configuration -----------------------------------------------------,[],CMake,0,87,87
26260,tenzir/vast,https://github.com/tenzir/vast/blob/eeea7911a3991001bb46e08c33edb4f44fccdbcd/CMakeLists.txt#L89,"# Determine whether we're building VAST a subproject. This is used to determine
# good default values for many options. VAST should not modify global CMake if
# built as a subproject, unless explicitly requested to do so with options.",[],CMake,0,89,91
26260,tenzir/vast,https://github.com/tenzir/vast/blob/eeea7911a3991001bb46e08c33edb4f44fccdbcd/CMakeLists.txt#L102,# -- changelog -----------------------------------------------------------------,[],CMake,0,102,102
26260,tenzir/vast,https://github.com/tenzir/vast/blob/eeea7911a3991001bb46e08c33edb4f44fccdbcd/CMakeLists.txt#L117,"# NOTE: This does intentionally not specify <source-dir>/CHANGELOG.md as a
# byproduct, because that causes the generated 'clean' target to remove it.",[],CMake,0,117,118
26260,tenzir/vast,https://github.com/tenzir/vast/blob/eeea7911a3991001bb46e08c33edb4f44fccdbcd/CMakeLists.txt#L134,# -- testing -------------------------------------------------------------------,[],CMake,0,134,134
26260,tenzir/vast,https://github.com/tenzir/vast/blob/eeea7911a3991001bb46e08c33edb4f44fccdbcd/CMakeLists.txt#L144,# -- library flavor ------------------------------------------------------------,[],CMake,0,144,144
26260,tenzir/vast,https://github.com/tenzir/vast/blob/eeea7911a3991001bb46e08c33edb4f44fccdbcd/CMakeLists.txt#L150,# -- relocatable installations -------------------------------------------------,[],CMake,0,150,150
26260,tenzir/vast,https://github.com/tenzir/vast/blob/eeea7911a3991001bb46e08c33edb4f44fccdbcd/CMakeLists.txt#L152,"# Setting this option removes configuration dependent absolute paths from the
# VAST installation. Concretely, it enables the dynamic binary and libraries to
# use relative paths for loading their dependencies. On macOS, always enable
# relocatable installations as it's very uncommon not to do so.",[],CMake,0,152,155
26260,tenzir/vast,https://github.com/tenzir/vast/blob/eeea7911a3991001bb46e08c33edb4f44fccdbcd/CMakeLists.txt#L163,"# For relocatable builds we need the configured install directories to be
# relative so we can interpret them relative to the object path of the running
# binary instead of a fixed install prefix.",[],CMake,2,163,165
26260,tenzir/vast,https://github.com/tenzir/vast/blob/eeea7911a3991001bb46e08c33edb4f44fccdbcd/CMakeLists.txt#L168,# Single output directory.,[],CMake,2,168,168
26260,tenzir/vast,https://github.com/tenzir/vast/blob/eeea7911a3991001bb46e08c33edb4f44fccdbcd/CMakeLists.txt#L177,"# CMake allows for overriding the install prefix at install-time, e.g., via
# `cmake --install <path/to/build> --prefix <path/to/install>` or
# `DESTDIR=<path/to/install> cmake --build <path/to/build> --target install`.
# Doing so breaks non-relocatable installations, so we abort the installation
# when encountering this.",[],CMake,0,177,181
26260,tenzir/vast,https://github.com/tenzir/vast/blob/eeea7911a3991001bb46e08c33edb4f44fccdbcd/CMakeLists.txt#L198,# -- silence policy-related warnings -------------------------------------------,[],CMake,0,198,198
26260,tenzir/vast,https://github.com/tenzir/vast/blob/eeea7911a3991001bb46e08c33edb4f44fccdbcd/CMakeLists.txt#L209,# -- internal target -----------------------------------------------------------,[],CMake,0,209,209
26260,tenzir/vast,https://github.com/tenzir/vast/blob/eeea7911a3991001bb46e08c33edb4f44fccdbcd/CMakeLists.txt#L211,# Create the internal target that is used for option/property propagation.,[],CMake,0,211,211
26260,tenzir/vast,https://github.com/tenzir/vast/blob/eeea7911a3991001bb46e08c33edb4f44fccdbcd/CMakeLists.txt#L220,# Require standard C++20.,[],CMake,0,220,220
26260,tenzir/vast,https://github.com/tenzir/vast/blob/eeea7911a3991001bb46e08c33edb4f44fccdbcd/CMakeLists.txt#L223,# Enable coroutines for GCC < 11.,[],CMake,0,223,223
26260,tenzir/vast,https://github.com/tenzir/vast/blob/eeea7911a3991001bb46e08c33edb4f44fccdbcd/CMakeLists.txt#L229,# Increase maximum number of template instantiations.,[],CMake,0,229,229
26260,tenzir/vast,https://github.com/tenzir/vast/blob/eeea7911a3991001bb46e08c33edb4f44fccdbcd/CMakeLists.txt#L232,# -- FreeBSD support -----------------------------------------------------------,[],CMake,0,232,232
26260,tenzir/vast,https://github.com/tenzir/vast/blob/eeea7911a3991001bb46e08c33edb4f44fccdbcd/CMakeLists.txt#L235,"# Works around issues with libstdc++ and C++11. For details, see: -
# https://bugs.freebsd.org/bugzilla/show_bug.cgi?id=194929 -
# https://bugs.freebsd.org/bugzilla/show_bug.cgi?id=182657",[],CMake,2,235,237
26260,tenzir/vast,https://github.com/tenzir/vast/blob/eeea7911a3991001bb46e08c33edb4f44fccdbcd/CMakeLists.txt#L243,# -- optimizations -------------------------------------------------------------,[],CMake,0,243,243
26260,tenzir/vast,https://github.com/tenzir/vast/blob/eeea7911a3991001bb46e08c33edb4f44fccdbcd/CMakeLists.txt#L302,# -- warnings ------------------------------------------------------------------,[],CMake,0,302,302
26260,tenzir/vast,https://github.com/tenzir/vast/blob/eeea7911a3991001bb46e08c33edb4f44fccdbcd/CMakeLists.txt#L318,# Never treat deprecation warnings as errors.,[],CMake,12,318,318
26260,tenzir/vast,https://github.com/tenzir/vast/blob/eeea7911a3991001bb46e08c33edb4f44fccdbcd/CMakeLists.txt#L324,# -- build id ------------------------------------------------------------------,[],CMake,0,324,324
26260,tenzir/vast,https://github.com/tenzir/vast/blob/eeea7911a3991001bb46e08c33edb4f44fccdbcd/CMakeLists.txt#L335,# -- USDT tracepoints ----------------------------------------------------------,[],CMake,0,335,335
26260,tenzir/vast,https://github.com/tenzir/vast/blob/eeea7911a3991001bb46e08c33edb4f44fccdbcd/CMakeLists.txt#L341,# -- build profiling -----------------------------------------------------------,[],CMake,0,341,341
26260,tenzir/vast,https://github.com/tenzir/vast/blob/eeea7911a3991001bb46e08c33edb4f44fccdbcd/CMakeLists.txt#L367,# -- assertions ----------------------------------------------------------------,[],CMake,0,367,367
26260,tenzir/vast,https://github.com/tenzir/vast/blob/eeea7911a3991001bb46e08c33edb4f44fccdbcd/CMakeLists.txt#L386,# -- static build support ------------------------------------------------------,[],CMake,0,386,386
26260,tenzir/vast,https://github.com/tenzir/vast/blob/eeea7911a3991001bb46e08c33edb4f44fccdbcd/CMakeLists.txt#L416,"# For relocatable builds we need to find the relative difference between the
# install prefix and the library location, or the binary location for static
# VAST binaries.",[],CMake,2,416,418
26260,tenzir/vast,https://github.com/tenzir/vast/blob/eeea7911a3991001bb46e08c33edb4f44fccdbcd/CMakeLists.txt#L429,# -- sanitizers ----------------------------------------------------------------,[],CMake,0,429,429
26260,tenzir/vast,https://github.com/tenzir/vast/blob/eeea7911a3991001bb46e08c33edb4f44fccdbcd/CMakeLists.txt#L431,# Address Sanitizer,[],CMake,0,431,431
26260,tenzir/vast,https://github.com/tenzir/vast/blob/eeea7911a3991001bb46e08c33edb4f44fccdbcd/CMakeLists.txt#L450,"# We need to enable the address sanitizer both globally and for the
# libvast_internal targets in order to build (1) the bundled CAF with it and
# (2) build external plugins with it.",[],CMake,2,450,452
26260,tenzir/vast,https://github.com/tenzir/vast/blob/eeea7911a3991001bb46e08c33edb4f44fccdbcd/CMakeLists.txt#L460,# Undefined Behavior Sanitizer,[],CMake,0,460,460
26260,tenzir/vast,https://github.com/tenzir/vast/blob/eeea7911a3991001bb46e08c33edb4f44fccdbcd/CMakeLists.txt#L474,# -- jemalloc ------------------------------------------------------------------,[],CMake,0,474,474
26260,tenzir/vast,https://github.com/tenzir/vast/blob/eeea7911a3991001bb46e08c33edb4f44fccdbcd/CMakeLists.txt#L488,# -- developer mode ------------------------------------------------------------,[],CMake,0,488,488
26260,tenzir/vast,https://github.com/tenzir/vast/blob/eeea7911a3991001bb46e08c33edb4f44fccdbcd/CMakeLists.txt#L514,"# Add a custom executable that runs the CMake build targets 'test' and
# 'integration' so we can instrument them toether for combined code coverage.",[],CMake,0,514,515
26260,tenzir/vast,https://github.com/tenzir/vast/blob/eeea7911a3991001bb46e08c33edb4f44fccdbcd/CMakeLists.txt#L523,"# Build VAST in developer mode. This is enabled by default when not building
# VAST as a subproject. The developer mode contains CCache support and many
# other niceties.",[],CMake,0,523,525
26260,tenzir/vast,https://github.com/tenzir/vast/blob/eeea7911a3991001bb46e08c33edb4f44fccdbcd/CMakeLists.txt#L533,"# Support tools like clang-tidy by creating a compilation database and
# copying it to the project root.",[],CMake,2,533,534
26260,tenzir/vast,https://github.com/tenzir/vast/blob/eeea7911a3991001bb46e08c33edb4f44fccdbcd/CMakeLists.txt#L537,# Force colored output for the Ninja generator,[],CMake,2,537,537
26260,tenzir/vast,https://github.com/tenzir/vast/blob/eeea7911a3991001bb46e08c33edb4f44fccdbcd/CMakeLists.txt#L547,# Keep make output sane,[],CMake,2,547,547
26260,tenzir/vast,https://github.com/tenzir/vast/blob/eeea7911a3991001bb46e08c33edb4f44fccdbcd/CMakeLists.txt#L552,# Enable CAF's compile-time type ID checks.,[],CMake,2,552,552
26260,tenzir/vast,https://github.com/tenzir/vast/blob/eeea7911a3991001bb46e08c33edb4f44fccdbcd/CMakeLists.txt#L558,"# Relocate debug paths to a common prefix for CCache users that work from
# multiple worktrees.
# The debug paths affect the build-id, we rewrite them to get a more
# reproducible build.",[],CMake,2,558,561
26260,tenzir/vast,https://github.com/tenzir/vast/blob/eeea7911a3991001bb46e08c33edb4f44fccdbcd/CMakeLists.txt#L567,# -- additional warnings -------------------------------------------------------,[],CMake,0,567,567
26260,tenzir/vast,https://github.com/tenzir/vast/blob/eeea7911a3991001bb46e08c33edb4f44fccdbcd/CMakeLists.txt#L655,# -- compiler setup ------------------------------------------------------------,[],CMake,0,655,655
26260,tenzir/vast,https://github.com/tenzir/vast/blob/eeea7911a3991001bb46e08c33edb4f44fccdbcd/CMakeLists.txt#L673,# -- schemas -------------------------------------------------------------------,[],CMake,0,673,673
26260,tenzir/vast,https://github.com/tenzir/vast/blob/eeea7911a3991001bb46e08c33edb4f44fccdbcd/CMakeLists.txt#L694,# -- manpages ------------------------------------------------------------------,[],CMake,0,694,694
26260,tenzir/vast,https://github.com/tenzir/vast/blob/eeea7911a3991001bb46e08c33edb4f44fccdbcd/CMakeLists.txt#L703,# -- add subdirectories --------------------------------------------------------,[],CMake,0,703,703
26260,tenzir/vast,https://github.com/tenzir/vast/blob/eeea7911a3991001bb46e08c33edb4f44fccdbcd/CMakeLists.txt#L710,# -- cmake export/config installations -----------------------------------------,[],CMake,0,710,710
26260,tenzir/vast,https://github.com/tenzir/vast/blob/eeea7911a3991001bb46e08c33edb4f44fccdbcd/CMakeLists.txt#L741,# -- scripts -------------------------------------------------------------------,[],CMake,0,741,741
26260,tenzir/vast,https://github.com/tenzir/vast/blob/eeea7911a3991001bb46e08c33edb4f44fccdbcd/CMakeLists.txt#L751,"# These should be inherited from the source but they
# get lost in CPack, so we set them explicitly.",[],CMake,4,751,752
26260,tenzir/vast,https://github.com/tenzir/vast/blob/eeea7911a3991001bb46e08c33edb4f44fccdbcd/CMakeLists.txt#L771,"# These should be inherited from the source but they
# get lost in CPack, so we set them explicitly.",[],CMake,4,771,772
26260,tenzir/vast,https://github.com/tenzir/vast/blob/eeea7911a3991001bb46e08c33edb4f44fccdbcd/CMakeLists.txt#L785,# -- docdir --------------------------------------------------------------------,[],CMake,0,785,785
26260,tenzir/vast,https://github.com/tenzir/vast/blob/eeea7911a3991001bb46e08c33edb4f44fccdbcd/CMakeLists.txt#L787,"# Install CHANGELOG, LICENSE, README, and VERSIONING. This can intentionally not
# be disabled.",[],CMake,0,787,788
26260,tenzir/vast,https://github.com/tenzir/vast/blob/eeea7911a3991001bb46e08c33edb4f44fccdbcd/CMakeLists.txt#L798,# -- packaging -----------------------------------------------------------------,[],CMake,0,798,798
26260,tenzir/vast,https://github.com/tenzir/vast/blob/eeea7911a3991001bb46e08c33edb4f44fccdbcd/CMakeLists.txt#L802,# -- feature summary -----------------------------------------------------------,[],CMake,0,802,802
26260,tenzir/vast,https://github.com/tenzir/vast/blob/eeea7911a3991001bb46e08c33edb4f44fccdbcd/CMakeLists.txt#L804,# Append the feature summary to summary.log.,[],CMake,0,804,804
26260,tenzir/vast,https://github.com/tenzir/vast/blob/eeea7911a3991001bb46e08c33edb4f44fccdbcd/CMakeLists.txt#L810,# Print the feature and build summary if we're not a subproject.,[],CMake,0,810,810
26260,tenzir/vast,https://github.com/tenzir/vast/blob/eeea7911a3991001bb46e08c33edb4f44fccdbcd/examples/plugins/analyzer/CMakeLists.txt#L9,"# Enable unit testing. Note that it is necessary to include CTest in the
# top-level CMakeLists.txt file for it to create a test target, so while
# optional for plugins built alongside VAST, it is necessary to specify this
# line manually so plugins can be linked against an installed VAST.",[],CMake,0,9,12
26260,tenzir/vast,https://github.com/tenzir/vast/blob/eeea7911a3991001bb46e08c33edb4f44fccdbcd/examples/plugins/analyzer/CMakeLists.txt#L19,"# SOURCES
#   list additional source files here",[],CMake,2,19,20
26260,tenzir/vast,https://github.com/tenzir/vast/blob/eeea7911a3991001bb46e08c33edb4f44fccdbcd/examples/plugins/pipeline_operator/CMakeLists.txt#L9,"# Enable unit testing. Note that it is necessary to include CTest in the
# top-level CMakeLists.txt file for it to create a test target, so while
# optional for plugins built alongside VAST, it is necessary to specify this
# line manually so plugins can be linked against an installed VAST.",[],CMake,0,9,12
26260,tenzir/vast,https://github.com/tenzir/vast/blob/eeea7911a3991001bb46e08c33edb4f44fccdbcd/examples/plugins/pipeline_operator/CMakeLists.txt#L19,"# SOURCES
#   list additional source files here",[],CMake,2,19,20
26260,tenzir/vast,https://github.com/tenzir/vast/blob/eeea7911a3991001bb46e08c33edb4f44fccdbcd/libvast/CMakeLists.txt#L1,# -- bundled dependencies ------------------------------------------------------,[],CMake,0,1,1
26260,tenzir/vast,https://github.com/tenzir/vast/blob/eeea7911a3991001bb46e08c33edb4f44fccdbcd/libvast/CMakeLists.txt#L48,# -- flatbuffers ---------------------------------------------------------------,[],CMake,0,48,48
26260,tenzir/vast,https://github.com/tenzir/vast/blob/eeea7911a3991001bb46e08c33edb4f44fccdbcd/libvast/CMakeLists.txt#L60,# -- arrow ---------------------------------------------------------------------,[],CMake,0,60,60
26260,tenzir/vast,https://github.com/tenzir/vast/blob/eeea7911a3991001bb46e08c33edb4f44fccdbcd/libvast/CMakeLists.txt#L89,# -- libsystemd ----------------------------------------------------------------,[],CMake,0,89,89
26260,tenzir/vast,https://github.com/tenzir/vast/blob/eeea7911a3991001bb46e08c33edb4f44fccdbcd/libvast/CMakeLists.txt#L96,# -- log level -----------------------------------------------------------------,[],CMake,0,96,96
26260,tenzir/vast,https://github.com/tenzir/vast/blob/eeea7911a3991001bb46e08c33edb4f44fccdbcd/libvast/CMakeLists.txt#L98,# Choose a deafult log level based on build type.,[],CMake,0,98,98
26260,tenzir/vast,https://github.com/tenzir/vast/blob/eeea7911a3991001bb46e08c33edb4f44fccdbcd/libvast/CMakeLists.txt#L109,# Make sure log level is defined and all-uppercase.,[],CMake,0,109,109
26260,tenzir/vast,https://github.com/tenzir/vast/blob/eeea7911a3991001bb46e08c33edb4f44fccdbcd/libvast/CMakeLists.txt#L116,# Override cached variable when re-running CMake.,[],CMake,2,116,116
26260,tenzir/vast,https://github.com/tenzir/vast/blob/eeea7911a3991001bb46e08c33edb4f44fccdbcd/libvast/CMakeLists.txt#L127,# Raise an error for invalid log levels.,[],CMake,0,127,127
26260,tenzir/vast,https://github.com/tenzir/vast/blob/eeea7911a3991001bb46e08c33edb4f44fccdbcd/libvast/CMakeLists.txt#L141,# -- caf -----------------------------------------------------------------------,[],CMake,0,141,141
26260,tenzir/vast,https://github.com/tenzir/vast/blob/eeea7911a3991001bb46e08c33edb4f44fccdbcd/libvast/CMakeLists.txt#L170,# Try to find the required CAF components first...,[],CMake,2,170,170
26260,tenzir/vast,https://github.com/tenzir/vast/blob/eeea7911a3991001bb46e08c33edb4f44fccdbcd/libvast/CMakeLists.txt#L187,# Use bundled CAF.,[],CMake,2,187,187
26260,tenzir/vast,https://github.com/tenzir/vast/blob/eeea7911a3991001bb46e08c33edb4f44fccdbcd/libvast/CMakeLists.txt#L316,# Copy CAF libraries to installation directory,[],CMake,2,316,316
26260,tenzir/vast,https://github.com/tenzir/vast/blob/eeea7911a3991001bb46e08c33edb4f44fccdbcd/libvast/CMakeLists.txt#L325,# -- libvast -------------------------------------------------------------------,[],CMake,0,325,325
26260,tenzir/vast,https://github.com/tenzir/vast/blob/eeea7911a3991001bb46e08c33edb4f44fccdbcd/libvast/CMakeLists.txt#L327,"# The ""native"" plugins. These special plugins are essentially part of the
# libvast library, but always loaded when linking against the
# libvast_native_plugins library.",[],CMake,0,327,329
26260,tenzir/vast,https://github.com/tenzir/vast/blob/eeea7911a3991001bb46e08c33edb4f44fccdbcd/libvast/CMakeLists.txt#L368,"# Set the libvast SOVERSION to '<256 * (major + 7) + minor>.<patch>' to indicate
# that libvast is considered to have an unstable API and ABI. The +7 is a
# remnant of VAST using CalVer before 2022, with the last CalVer release having
# the SOVERSION 2022.12, and it enforces that v1.0.0 has a larger SOVERSION than
# the last CalVer release.",[],CMake,0,368,372
26260,tenzir/vast,https://github.com/tenzir/vast/blob/eeea7911a3991001bb46e08c33edb4f44fccdbcd/libvast/CMakeLists.txt#L386,# Make dlopen and dlclose available if we're building a shared library.,[],CMake,0,386,386
26260,tenzir/vast,https://github.com/tenzir/vast/blob/eeea7911a3991001bb46e08c33edb4f44fccdbcd/libvast/CMakeLists.txt#L391,# Link against CAF.,[],CMake,0,391,391
26260,tenzir/vast,https://github.com/tenzir/vast/blob/eeea7911a3991001bb46e08c33edb4f44fccdbcd/libvast/CMakeLists.txt#L397,# Figure out whether we point to a build directory or a prefix.,[],CMake,2,397,397
26260,tenzir/vast,https://github.com/tenzir/vast/blob/eeea7911a3991001bb46e08c33edb4f44fccdbcd/libvast/CMakeLists.txt#L407,# Link against libvast-fbs.,[],CMake,0,407,407
26260,tenzir/vast,https://github.com/tenzir/vast/blob/eeea7911a3991001bb46e08c33edb4f44fccdbcd/libvast/CMakeLists.txt#L410,# Link against yaml-cpp.,[],CMake,0,410,410
26260,tenzir/vast,https://github.com/tenzir/vast/blob/eeea7911a3991001bb46e08c33edb4f44fccdbcd/libvast/CMakeLists.txt#L415,# Link against xxHash.,[],CMake,0,415,415
26260,tenzir/vast,https://github.com/tenzir/vast/blob/eeea7911a3991001bb46e08c33edb4f44fccdbcd/libvast/CMakeLists.txt#L427,# Link against libsystemd.,[],CMake,0,427,427
26260,tenzir/vast,https://github.com/tenzir/vast/blob/eeea7911a3991001bb46e08c33edb4f44fccdbcd/libvast/CMakeLists.txt#L434,# Link against fmt.,[],CMake,0,434,434
26260,tenzir/vast,https://github.com/tenzir/vast/blob/eeea7911a3991001bb46e08c33edb4f44fccdbcd/libvast/CMakeLists.txt#L438,# Forbid unsafe duration_cast usage.,[],CMake,4,438,438
26260,tenzir/vast,https://github.com/tenzir/vast/blob/eeea7911a3991001bb46e08c33edb4f44fccdbcd/libvast/CMakeLists.txt#L440,# Make fmt::internal an alias for fmt::detail. Remove when requiring fmt >= 7.,[],CMake,4,440,440
26260,tenzir/vast,https://github.com/tenzir/vast/blob/eeea7911a3991001bb46e08c33edb4f44fccdbcd/libvast/CMakeLists.txt#L453,# Link against simdjson.,[],CMake,0,453,453
26260,tenzir/vast,https://github.com/tenzir/vast/blob/eeea7911a3991001bb46e08c33edb4f44fccdbcd/libvast/CMakeLists.txt#L457,"# simdjson 0.8.0 exports it package configuration file under the wrong name,
# so we look for ""simdjson-targets.cmake"" as well.",[],CMake,2,457,458
26260,tenzir/vast,https://github.com/tenzir/vast/blob/eeea7911a3991001bb46e08c33edb4f44fccdbcd/libvast/CMakeLists.txt#L468,# Link against robin-map.,[],CMake,0,468,468
26260,tenzir/vast,https://github.com/tenzir/vast/blob/eeea7911a3991001bb46e08c33edb4f44fccdbcd/libvast/CMakeLists.txt#L473,# Link against Apache Arrow.,[],CMake,0,473,473
26260,tenzir/vast,https://github.com/tenzir/vast/blob/eeea7911a3991001bb46e08c33edb4f44fccdbcd/libvast/CMakeLists.txt#L477,# Link against fast_float,[],CMake,0,477,477
26260,tenzir/vast,https://github.com/tenzir/vast/blob/eeea7911a3991001bb46e08c33edb4f44fccdbcd/libvast/CMakeLists.txt#L485,# Use bundled fast_float.,[],CMake,2,485,485
26260,tenzir/vast,https://github.com/tenzir/vast/blob/eeea7911a3991001bb46e08c33edb4f44fccdbcd/libvast/CMakeLists.txt#L501,# Link against a backtrace library.,[],CMake,0,501,501
26260,tenzir/vast,https://github.com/tenzir/vast/blob/eeea7911a3991001bb46e08c33edb4f44fccdbcd/libvast/CMakeLists.txt#L535,# Configure options-dependent code files.,[],CMake,0,535,535
26260,tenzir/vast,https://github.com/tenzir/vast/blob/eeea7911a3991001bb46e08c33edb4f44fccdbcd/libvast/CMakeLists.txt#L565,"# We generate config.cpp as a byproduct of a custom target so we can re-generate
# the version string and build tree hash on every build. Note that this must not
# be added to the ALL target. The dependency is inferred from the byproduct
# automatically.",[],CMake,0,565,568
26260,tenzir/vast,https://github.com/tenzir/vast/blob/eeea7911a3991001bb46e08c33edb4f44fccdbcd/libvast/CMakeLists.txt#L585,# Install libvast in PREFIX/lib and headers in PREFIX/include/vast.,[],CMake,0,585,585
26260,tenzir/vast,https://github.com/tenzir/vast/blob/eeea7911a3991001bb46e08c33edb4f44fccdbcd/libvast/CMakeLists.txt#L593,"# We install the static libvast_native_plugins archive for development targets
# because the plugin unit test binaries need to be able to link against it.",[],CMake,0,593,594
26260,tenzir/vast,https://github.com/tenzir/vast/blob/eeea7911a3991001bb46e08c33edb4f44fccdbcd/libvast/CMakeLists.txt#L610,# Install generated config headers.,[],CMake,0,610,610
26260,tenzir/vast,https://github.com/tenzir/vast/blob/eeea7911a3991001bb46e08c33edb4f44fccdbcd/libvast/aux/robin-map/CMakeLists.txt#L7,"# Use tsl::robin_map as target, more consistent with other libraries conventions (Boost, Qt, ...)",[],CMake,0,7,7
26260,tenzir/vast,https://github.com/tenzir/vast/blob/eeea7911a3991001bb46e08c33edb4f44fccdbcd/libvast/aux/robin-map/CMakeLists.txt#L31,# Installation (only compatible with CMake version >= 3.3),[],CMake,0,31,31
26260,tenzir/vast,https://github.com/tenzir/vast/blob/eeea7911a3991001bb46e08c33edb4f44fccdbcd/libvast/aux/robin-map/CMakeLists.txt#L35,## Install include directory and potential natvis file,[],CMake,2,35,35
26260,tenzir/vast,https://github.com/tenzir/vast/blob/eeea7911a3991001bb46e08c33edb4f44fccdbcd/libvast/aux/robin-map/CMakeLists.txt#L44,## Create and install tsl-robin-mapTargets.cmake,[],CMake,2,44,44
26260,tenzir/vast,https://github.com/tenzir/vast/blob/eeea7911a3991001bb46e08c33edb4f44fccdbcd/libvast/aux/robin-map/tests/CMakeLists.txt#L22,# Boost::unit_test_framework,[],CMake,0,22,22
26260,tenzir/vast,https://github.com/tenzir/vast/blob/eeea7911a3991001bb46e08c33edb4f44fccdbcd/libvast/aux/robin-map/tests/CMakeLists.txt#L26,# tsl::robin_map,[],CMake,0,26,26
26260,tenzir/vast,https://github.com/tenzir/vast/blob/eeea7911a3991001bb46e08c33edb4f44fccdbcd/libvast/test/CMakeLists.txt#L13,# Add vast-test executable.,[],CMake,0,13,13
26260,tenzir/vast,https://github.com/tenzir/vast/blob/eeea7911a3991001bb46e08c33edb4f44fccdbcd/libvast/test/CMakeLists.txt#L25,# Helper macro to construct a CMake test from a VAST test suite.,[],CMake,0,25,25
26260,tenzir/vast,https://github.com/tenzir/vast/blob/eeea7911a3991001bb46e08c33edb4f44fccdbcd/libvast/test/CMakeLists.txt#L35,# Find all test suites.,[],CMake,0,35,35
26260,tenzir/vast,https://github.com/tenzir/vast/blob/eeea7911a3991001bb46e08c33edb4f44fccdbcd/libvast/test/CMakeLists.txt#L43,"# We only support a single suite per source file, so we can stop
# considering the remaining lines in this file.",[],CMake,6,43,44
26260,tenzir/vast,https://github.com/tenzir/vast/blob/eeea7911a3991001bb46e08c33edb4f44fccdbcd/libvast/test/CMakeLists.txt#L50,# Enable unit testing via CMake/CTest and add all test suites.,[],CMake,0,50,50
26260,tenzir/vast,https://github.com/tenzir/vast/blob/eeea7911a3991001bb46e08c33edb4f44fccdbcd/plugins/broker/CMakeLists.txt#L32,# Link against libbroker.,[],CMake,0,32,32
26260,tenzir/vast,https://github.com/tenzir/vast/blob/eeea7911a3991001bb46e08c33edb4f44fccdbcd/plugins/parquet/CMakeLists.txt#L9,"# Enable unit testing. Note that it is necessary to include CTest in the
# top-level CMakeLists.txt file for it to create a test target, so while
# optional for plugins built alongside VAST, it is necessary to specify this
# line manually so plugins can be linked against an installed VAST.",[],CMake,0,9,12
26260,tenzir/vast,https://github.com/tenzir/vast/blob/eeea7911a3991001bb46e08c33edb4f44fccdbcd/plugins/parquet/CMakeLists.txt#L38,# Work around missing dependency links in the Parquet target,[],CMake,2,38,38
26260,tenzir/vast,https://github.com/tenzir/vast/blob/eeea7911a3991001bb46e08c33edb4f44fccdbcd/plugins/pcap/CMakeLists.txt#L9,"# Enable unit testing. Note that it is necessary to include CTest in the
# top-level CMakeLists.txt file for it to create a test target, so while
# optional for plugins built alongside VAST, it is necessary to specify this
# line manually so plugins can be linked against an installed VAST.",[],CMake,0,9,12
26260,tenzir/vast,https://github.com/tenzir/vast/blob/eeea7911a3991001bb46e08c33edb4f44fccdbcd/plugins/pcap/CMakeLists.txt#L21,# Link pcap plugin against libpcap.,[],CMake,0,21,21
26260,tenzir/vast,https://github.com/tenzir/vast/blob/eeea7911a3991001bb46e08c33edb4f44fccdbcd/plugins/web/CMakeLists.txt#L42,# Compile the web FlatBuffers schemas.,[],CMake,0,42,42
26260,tenzir/vast,https://github.com/tenzir/vast/blob/eeea7911a3991001bb46e08c33edb4f44fccdbcd/vast/CMakeLists.txt#L20,# Install vast in PREFIX/lib and headers in PREFIX/include/vast.,[],CMake,0,20,20
26260,tenzir/vast,https://github.com/tenzir/vast/blob/eeea7911a3991001bb46e08c33edb4f44fccdbcd/vast/CMakeLists.txt#L28,# -- example configuration file -----------------------------------------------,[],CMake,0,28,28
26260,tenzir/vast,https://github.com/tenzir/vast/blob/eeea7911a3991001bb46e08c33edb4f44fccdbcd/vast/CMakeLists.txt#L33,# -- init system integration ---------------------------------------------------,[],CMake,0,33,33
26260,tenzir/vast,https://github.com/tenzir/vast/blob/eeea7911a3991001bb46e08c33edb4f44fccdbcd/vast/CMakeLists.txt#L51,# Install launchd script on macOS into ~/Library/LaunchAgents,[],CMake,2,51,51
26260,tenzir/vast,https://github.com/tenzir/vast/blob/eeea7911a3991001bb46e08c33edb4f44fccdbcd/vast/CMakeLists.txt#L78,# -- integration tests ---------------------------------------------------------,[],CMake,0,78,78
26260,tenzir/vast,https://github.com/tenzir/vast/blob/eeea7911a3991001bb46e08c33edb4f44fccdbcd/vast/CMakeLists.txt#L143,# -- add plugins ---------------------------------------------------------------,[],CMake,0,143,143
26260,tenzir/vast,https://github.com/tenzir/vast/blob/eeea7911a3991001bb46e08c33edb4f44fccdbcd/vast/CMakeLists.txt#L186,# -- man page ------------------------------------------------------------------,[],CMake,0,186,186
26260,tenzir/vast,https://github.com/tenzir/vast/blob/eeea7911a3991001bb46e08c33edb4f44fccdbcd/cmake/CodeCoverage.cmake#L1,"#
# Copyright (C) 2018-2020 by George Cave - gcave@stablecoder.ca
#
# Licensed under the Apache License, Version 2.0 (the ""License""); you may not
# use this file except in compliance with the License. You may obtain a copy of
# the License at
#
# http://www.apache.org/licenses/LICENSE-2.0
#
# Unless required by applicable law or agreed to in writing, software
# distributed under the License is distributed on an ""AS IS"" BASIS, WITHOUT
# WARRANTIES OR CONDITIONS OF ANY KIND, either express or implied. See the
# License for the specific language governing permissions and limitations under
# the License.",[],CMake,0,1,14
26260,tenzir/vast,https://github.com/tenzir/vast/blob/eeea7911a3991001bb46e08c33edb4f44fccdbcd/cmake/CodeCoverage.cmake#L16,"# USAGE: To enable any code coverage instrumentation/targets, the single CMake
# option of `CODE_COVERAGE` needs to be set to 'ON', either by GUI, ccmake, or
# on the command line.
#
# From this point, there are two primary methods for adding instrumentation to
# targets: 1 - A blanket instrumentation by calling `add_code_coverage()`, where
# all targets in that directory and all subdirectories are automatically
# instrumented. 2 - Per-target instrumentation by calling
# `target_code_coverage(<TARGET_NAME>)`, where the target is given and thus only
# that target is instrumented. This applies to both libraries and executables.
#
# To add coverage targets, such as calling `make ccov` to generate the actual
# coverage information for perusal or consumption, call
# `target_code_coverage(<TARGET_NAME>)` on an *executable* target.
#
# Example 1: All targets instrumented
#
# In this case, the coverage information reported will will be that of the
# `theLib` library target and `theExe` executable.
#
# 1a: Via global command
#
# ~~~
# add_code_coverage() # Adds instrumentation to all targets
#
# add_library(theLib lib.cpp)
#
# add_executable(theExe main.cpp)
# target_link_libraries(theExe PRIVATE theLib)
# target_code_coverage(theExe) # As an executable target, adds the 'ccov-theExe' target (instrumentation already added via global anyways) for generating code coverage reports.
# ~~~
#
# 1b: Via target commands
#
# ~~~
# add_library(theLib lib.cpp)
# target_code_coverage(theLib) # As a library target, adds coverage instrumentation but no targets.
#
# add_executable(theExe main.cpp)
# target_link_libraries(theExe PRIVATE theLib)
# target_code_coverage(theExe) # As an executable target, adds the 'ccov-theExe' target and instrumentation for generating code coverage reports.
# ~~~
#
# Example 2: Target instrumented, but with regex pattern of files to be excluded
# from report
#
# ~~~
# add_executable(theExe main.cpp non_covered.cpp)
# target_code_coverage(theExe EXCLUDE non_covered.cpp test/*) # As an executable target, the reports will exclude the non-covered.cpp file, and any files in a test/ folder.
# ~~~
#
# Example 3: Target added to the 'ccov' and 'ccov-all' targets
#
# ~~~
# add_code_coverage_all_targets(EXCLUDE test/*) # Adds the 'ccov-all' target set and sets it to exclude all files in test/ folders.
#
# add_executable(theExe main.cpp non_covered.cpp)
# target_code_coverage(theExe AUTO ALL EXCLUDE non_covered.cpp test/*) # As an executable target, adds to the 'ccov' and ccov-all' targets, and the reports will exclude the non-covered.cpp file, and any files in a test/ folder.
# ~~~",[],CMake,0,16,74
26260,tenzir/vast,https://github.com/tenzir/vast/blob/eeea7911a3991001bb46e08c33edb4f44fccdbcd/cmake/CodeCoverage.cmake#L76,# Options,[],CMake,0,76,76
26260,tenzir/vast,https://github.com/tenzir/vast/blob/eeea7911a3991001bb46e08c33edb4f44fccdbcd/cmake/CodeCoverage.cmake#L82,# Programs,[],CMake,0,82,82
26260,tenzir/vast,https://github.com/tenzir/vast/blob/eeea7911a3991001bb46e08c33edb4f44fccdbcd/cmake/CodeCoverage.cmake#L87,# Hide behind the 'advanced' mode flag for GUI/ccmake,[],CMake,0,87,87
26260,tenzir/vast,https://github.com/tenzir/vast/blob/eeea7911a3991001bb46e08c33edb4f44fccdbcd/cmake/CodeCoverage.cmake#L90,# Variables,[],CMake,0,90,90
26260,tenzir/vast,https://github.com/tenzir/vast/blob/eeea7911a3991001bb46e08c33edb4f44fccdbcd/cmake/CodeCoverage.cmake#L94,# Common initialization/checks,[],CMake,0,94,94
26260,tenzir/vast,https://github.com/tenzir/vast/blob/eeea7911a3991001bb46e08c33edb4f44fccdbcd/cmake/CodeCoverage.cmake#L98,# Common Targets,[],CMake,2,98,98
26260,tenzir/vast,https://github.com/tenzir/vast/blob/eeea7911a3991001bb46e08c33edb4f44fccdbcd/cmake/CodeCoverage.cmake#L107,# Messages,[],CMake,4,107,107
26260,tenzir/vast,https://github.com/tenzir/vast/blob/eeea7911a3991001bb46e08c33edb4f44fccdbcd/cmake/CodeCoverage.cmake#L113,# Version number checking for 'EXCLUDE' compatibility,[],CMake,6,113,113
26260,tenzir/vast,https://github.com/tenzir/vast/blob/eeea7911a3991001bb46e08c33edb4f44fccdbcd/cmake/CodeCoverage.cmake#L127,# Targets,[],CMake,4,127,127
26260,tenzir/vast,https://github.com/tenzir/vast/blob/eeea7911a3991001bb46e08c33edb4f44fccdbcd/cmake/CodeCoverage.cmake#L144,"# Used to get the shared object file list before doing the main all-
# processing",[],CMake,4,144,145
26260,tenzir/vast,https://github.com/tenzir/vast/blob/eeea7911a3991001bb46e08c33edb4f44fccdbcd/cmake/CodeCoverage.cmake#L153,# Messages,[],CMake,4,153,153
26260,tenzir/vast,https://github.com/tenzir/vast/blob/eeea7911a3991001bb46e08c33edb4f44fccdbcd/cmake/CodeCoverage.cmake#L177,# Targets,[],CMake,4,177,177
26260,tenzir/vast,https://github.com/tenzir/vast/blob/eeea7911a3991001bb46e08c33edb4f44fccdbcd/cmake/CodeCoverage.cmake#L186,"# Adds code coverage instrumentation to a library, or instrumentation/targets
# for an executable target.
# ~~~
# EXECUTABLE ADDED TARGETS:
# GCOV/LCOV:
# ccov : Generates HTML code coverage report for every target added with 'AUTO' parameter.
# ccov-${TARGET_NAME} : Generates HTML code coverage report for the associated named target.
# ccov-all : Generates HTML code coverage report, merging every target added with 'ALL' parameter into a single detailed report.
#
# LLVM-COV:
# ccov : Generates HTML code coverage report for every target added with 'AUTO' parameter.
# ccov-report : Generates HTML code coverage report for every target added with 'AUTO' parameter.
# ccov-${TARGET_NAME} : Generates HTML code coverage report.
# ccov-report-${TARGET_NAME} : Prints to command line summary per-file coverage information.
# ccov-export-${TARGET_NAME} : Exports the coverage report to a JSON file.
# ccov-show-${TARGET_NAME} : Prints to command line detailed per-line coverage information.
# ccov-all : Generates HTML code coverage report, merging every target added with 'ALL' parameter into a single detailed report.
# ccov-all-report : Prints summary per-file coverage information for every target added with ALL' parameter to the command line.
# ccov-all-export : Exports the coverage report to a JSON file.
#
# Required:
# TARGET_NAME - Name of the target to generate code coverage for.
# Optional:
# PUBLIC - Sets the visibility for added compile options to targets to PUBLIC instead of the default of PRIVATE.
# INTERFACE - Sets the visibility for added compile options to targets to INTERFACE instead of the default of PRIVATE.
# AUTO - Adds the target to the 'ccov' target so that it can be run in a batch with others easily. Effective on executable targets.
# ALL - Adds the target to the 'ccov-all' and 'ccov-all-report' targets, which merge several executable targets coverage data to a single report. Effective on executable targets.
# EXTERNAL - For GCC's lcov, allows the profiling of 'external' files from the processing directory
# COVERAGE_TARGET_NAME - For executables ONLY, changes the outgoing target name so instead of `ccov-${TARGET_NAME}` it becomes `ccov-${COVERAGE_TARGET_NAME}`.
# EXCLUDE <PATTERNS> - Excludes files of the patterns provided from coverage. Note that GCC/lcov excludes by glob pattern, and clang/LLVM excludes via regex! **These do not copy to the 'all' targets.**
# OBJECTS <TARGETS> - For executables ONLY, if the provided targets are shared libraries, adds coverage information to the output
# ARGS <ARGUMENTS> - For executables ONLY, appends the given arguments to the associated ccov-* executable call
# ~~~",[],CMake,0,186,218
26260,tenzir/vast,https://github.com/tenzir/vast/blob/eeea7911a3991001bb46e08c33edb4f44fccdbcd/cmake/CodeCoverage.cmake#L220,# Argument parsing,[],CMake,2,220,220
26260,tenzir/vast,https://github.com/tenzir/vast/blob/eeea7911a3991001bb46e08c33edb4f44fccdbcd/cmake/CodeCoverage.cmake#L228,"# Set the visibility of target functions to PUBLIC, INTERFACE or default to
# PRIVATE.",[],CMake,2,228,229
26260,tenzir/vast,https://github.com/tenzir/vast/blob/eeea7911a3991001bb46e08c33edb4f44fccdbcd/cmake/CodeCoverage.cmake#L239,"# If a specific name was given, use that instead.",[],CMake,4,239,239
26260,tenzir/vast,https://github.com/tenzir/vast/blob/eeea7911a3991001bb46e08c33edb4f44fccdbcd/cmake/CodeCoverage.cmake#L245,# Add code coverage instrumentation to the target's linker command,[],CMake,4,245,245
26260,tenzir/vast,https://github.com/tenzir/vast/blob/eeea7911a3991001bb46e08c33edb4f44fccdbcd/cmake/CodeCoverage.cmake#L259,# Targets,[],CMake,4,259,259
26260,tenzir/vast,https://github.com/tenzir/vast/blob/eeea7911a3991001bb46e08c33edb4f44fccdbcd/cmake/CodeCoverage.cmake#L262,# Add shared library to processing for 'all' targets,[],CMake,4,262,262
26260,tenzir/vast,https://github.com/tenzir/vast/blob/eeea7911a3991001bb46e08c33edb4f44fccdbcd/cmake/CodeCoverage.cmake#L285,# For executables add targets to run and produce output,[],CMake,4,285,285
26260,tenzir/vast,https://github.com/tenzir/vast/blob/eeea7911a3991001bb46e08c33edb4f44fccdbcd/cmake/CodeCoverage.cmake#L290,"# If there are shared objects to also work with, generate the string to
# add them here",[],CMake,8,290,291
26260,tenzir/vast,https://github.com/tenzir/vast/blob/eeea7911a3991001bb46e08c33edb4f44fccdbcd/cmake/CodeCoverage.cmake#L293,# Check to see if the target is a shared object,[],CMake,10,293,293
26260,tenzir/vast,https://github.com/tenzir/vast/blob/eeea7911a3991001bb46e08c33edb4f44fccdbcd/cmake/CodeCoverage.cmake#L302,"# Run the executable, generating raw profile data Make the run data
# available for further processing. Separated to allow Windows to run
# this target serially.",[],CMake,8,302,304
26260,tenzir/vast,https://github.com/tenzir/vast/blob/eeea7911a3991001bb46e08c33edb4f44fccdbcd/cmake/CodeCoverage.cmake#L321,# Merge the generated profile data so llvm-cov can process it,[],CMake,8,321,321
26260,tenzir/vast,https://github.com/tenzir/vast/blob/eeea7911a3991001bb46e08c33edb4f44fccdbcd/cmake/CodeCoverage.cmake#L330,# Ignore regex only works on LLVM >= 7,[],CMake,8,330,330
26260,tenzir/vast,https://github.com/tenzir/vast/blob/eeea7911a3991001bb46e08c33edb4f44fccdbcd/cmake/CodeCoverage.cmake#L338,# Print out details of the coverage information to the command line,[],CMake,8,338,338
26260,tenzir/vast,https://github.com/tenzir/vast/blob/eeea7911a3991001bb46e08c33edb4f44fccdbcd/cmake/CodeCoverage.cmake#L347,# Print out a summary of the coverage information to the command line,[],CMake,8,347,347
26260,tenzir/vast,https://github.com/tenzir/vast/blob/eeea7911a3991001bb46e08c33edb4f44fccdbcd/cmake/CodeCoverage.cmake#L356,"# Export coverage information so continuous integration tools (e.g.
# Jenkins) can consume it",[],CMake,8,356,357
26260,tenzir/vast,https://github.com/tenzir/vast/blob/eeea7911a3991001bb46e08c33edb4f44fccdbcd/cmake/CodeCoverage.cmake#L367,# Generates HTML output of the coverage information for perusal,[],CMake,8,367,367
26260,tenzir/vast,https://github.com/tenzir/vast/blob/eeea7911a3991001bb46e08c33edb4f44fccdbcd/cmake/CodeCoverage.cmake#L384,"# Run the executable, generating coverage information",[],CMake,8,384,384
26260,tenzir/vast,https://github.com/tenzir/vast/blob/eeea7911a3991001bb46e08c33edb4f44fccdbcd/cmake/CodeCoverage.cmake#L390,# Generate exclusion string for use,[],CMake,8,390,390
26260,tenzir/vast,https://github.com/tenzir/vast/blob/eeea7911a3991001bb46e08c33edb4f44fccdbcd/cmake/CodeCoverage.cmake#L407,# Capture coverage data,[],CMake,8,407,407
26260,tenzir/vast,https://github.com/tenzir/vast/blob/eeea7911a3991001bb46e08c33edb4f44fccdbcd/cmake/CodeCoverage.cmake#L434,# Generates HTML output of the coverage information for perusal,[],CMake,8,434,434
26260,tenzir/vast,https://github.com/tenzir/vast/blob/eeea7911a3991001bb46e08c33edb4f44fccdbcd/cmake/CodeCoverage.cmake#L452,# AUTO,[],CMake,6,452,452
26260,tenzir/vast,https://github.com/tenzir/vast/blob/eeea7911a3991001bb46e08c33edb4f44fccdbcd/cmake/CodeCoverage.cmake#L470,# ALL,[],CMake,6,470,470
26260,tenzir/vast,https://github.com/tenzir/vast/blob/eeea7911a3991001bb46e08c33edb4f44fccdbcd/cmake/CodeCoverage.cmake#L486,"# Adds code coverage instrumentation to all targets in the current directory and
# any subdirectories. To add coverage instrumentation to only specific targets,
# use `target_code_coverage`.",[],CMake,0,486,488
26260,tenzir/vast,https://github.com/tenzir/vast/blob/eeea7911a3991001bb46e08c33edb4f44fccdbcd/cmake/CodeCoverage.cmake#L503,"# Adds the 'ccov-all' type targets that calls all targets added via
# `target_code_coverage` with the `ALL` parameter, but merges all the coverage
# data from them into a single large report  instead of the numerous smaller
# reports. Also adds the ccov-all-capture Generates an all-merged.info file, for
# use with coverage dashboards (e.g. codecov.io, coveralls).
# ~~~
# Optional:
# EXCLUDE <PATTERNS> - Excludes files of the patterns provided from coverage. Note that GCC/lcov excludes by glob pattern, and clang/LLVM excludes via regex!
# ~~~",[],CMake,0,503,511
26260,tenzir/vast,https://github.com/tenzir/vast/blob/eeea7911a3991001bb46e08c33edb4f44fccdbcd/cmake/CodeCoverage.cmake#L513,# Argument parsing,[],CMake,2,513,513
26260,tenzir/vast,https://github.com/tenzir/vast/blob/eeea7911a3991001bb46e08c33edb4f44fccdbcd/cmake/CodeCoverage.cmake#L522,# Merge the profile data for all of the run executables,[],CMake,6,522,522
26260,tenzir/vast,https://github.com/tenzir/vast/blob/eeea7911a3991001bb46e08c33edb4f44fccdbcd/cmake/CodeCoverage.cmake#L540,# Regex exclude only available for LLVM >= 7,[],CMake,6,540,540
26260,tenzir/vast,https://github.com/tenzir/vast/blob/eeea7911a3991001bb46e08c33edb4f44fccdbcd/cmake/CodeCoverage.cmake#L548,# Print summary of the code coverage information to the command line,[],CMake,6,548,548
26260,tenzir/vast,https://github.com/tenzir/vast/blob/eeea7911a3991001bb46e08c33edb4f44fccdbcd/cmake/CodeCoverage.cmake#L570,"# Export coverage information so continuous integration tools (e.g.
# Jenkins) can consume it",[],CMake,6,570,571
26260,tenzir/vast,https://github.com/tenzir/vast/blob/eeea7911a3991001bb46e08c33edb4f44fccdbcd/cmake/CodeCoverage.cmake#L582,# Generate HTML output of all added targets for perusal,[],CMake,6,582,582
26260,tenzir/vast,https://github.com/tenzir/vast/blob/eeea7911a3991001bb46e08c33edb4f44fccdbcd/cmake/CodeCoverage.cmake#L612,# Nothing required for gcov,[],CMake,6,612,612
26260,tenzir/vast,https://github.com/tenzir/vast/blob/eeea7911a3991001bb46e08c33edb4f44fccdbcd/cmake/CodeCoverage.cmake#L615,# Exclusion regex string creation,[],CMake,6,615,615
26260,tenzir/vast,https://github.com/tenzir/vast/blob/eeea7911a3991001bb46e08c33edb4f44fccdbcd/cmake/CodeCoverage.cmake#L629,# Capture coverage data,[],CMake,6,629,629
26260,tenzir/vast,https://github.com/tenzir/vast/blob/eeea7911a3991001bb46e08c33edb4f44fccdbcd/cmake/CodeCoverage.cmake#L648,# Generates HTML output of all targets for perusal,[],CMake,6,648,648
26260,tenzir/vast,https://github.com/tenzir/vast/blob/eeea7911a3991001bb46e08c33edb4f44fccdbcd/cmake/FindCAF.cmake#L1,"# Try to find CAF headers and libraries.
#
# Use this module as follows:
#
# find_package(CAF [COMPONENTS <core|io|opencl|...>*] [REQUIRED])
#
# Variables used by this module (they can change the default behaviour and need
# to be set before calling find_package):
#
# CAF_ROOT_DIR  Set this variable either to an installation prefix or to a CAF build
# directory where to look for the CAF libraries.
#
# Variables defined by this module:
#
# CAF_FOUND              System has CAF headers and library
# CAF_LIBRARIES          List of library files for all components
# CAF_INCLUDE_DIRS       List of include paths for all components
# CAF_LIBRARY_$C         Library file for component $C
# CAF_INCLUDE_DIR_$C     Include path for component $C",[],CMake,0,1,19
26260,tenzir/vast,https://github.com/tenzir/vast/blob/eeea7911a3991001bb46e08c33edb4f44fccdbcd/cmake/FindCAF.cmake#L32,# iterate over user-defined components,[],CMake,0,32,32
26260,tenzir/vast,https://github.com/tenzir/vast/blob/eeea7911a3991001bb46e08c33edb4f44fccdbcd/cmake/FindCAF.cmake#L34,# we use uppercase letters only for variable names,[],CMake,2,34,34
26260,tenzir/vast,https://github.com/tenzir/vast/blob/eeea7911a3991001bb46e08c33edb4f44fccdbcd/cmake/FindCAF.cmake#L59,# mark as found (set back to false when missing library or build header),[],CMake,4,59,59
26260,tenzir/vast,https://github.com/tenzir/vast/blob/eeea7911a3991001bb46e08c33edb4f44fccdbcd/cmake/FindCAF.cmake#L61,# check for CMake-generated build header for the core component,[],CMake,4,61,61
26260,tenzir/vast,https://github.com/tenzir/vast/blob/eeea7911a3991001bb46e08c33edb4f44fccdbcd/cmake/FindCAF.cmake#L63,# read content of config.hpp,[],CMake,6,63,63
26260,tenzir/vast,https://github.com/tenzir/vast/blob/eeea7911a3991001bb46e08c33edb4f44fccdbcd/cmake/FindCAF.cmake#L65,# get line containing the version,[],CMake,6,65,65
26260,tenzir/vast,https://github.com/tenzir/vast/blob/eeea7911a3991001bb46e08c33edb4f44fccdbcd/cmake/FindCAF.cmake#L68,# extract version number from line,[],CMake,6,68,68
26260,tenzir/vast,https://github.com/tenzir/vast/blob/eeea7911a3991001bb46e08c33edb4f44fccdbcd/cmake/FindCAF.cmake#L70,"# calculate major, minor, and patch version",[],CMake,6,70,70
26260,tenzir/vast,https://github.com/tenzir/vast/blob/eeea7911a3991001bb46e08c33edb4f44fccdbcd/cmake/FindCAF.cmake#L74,# create full version string,[],CMake,6,74,74
26260,tenzir/vast,https://github.com/tenzir/vast/blob/eeea7911a3991001bb46e08c33edb4f44fccdbcd/cmake/FindCAF.cmake#L92,"# look for (.dll|.so|.dylib) file, again giving hints for non-installed CAFs
# skip probe_event as it is header only",[],CMake,4,92,93
26260,tenzir/vast,https://github.com/tenzir/vast/blob/eeea7911a3991001bb46e08c33edb4f44fccdbcd/cmake/FindCAF.cmake#L120,# let CMake check whether all requested components have been found,[],CMake,0,120,120
26260,tenzir/vast,https://github.com/tenzir/vast/blob/eeea7911a3991001bb46e08c33edb4f44fccdbcd/cmake/FindCAF.cmake#L133,# final step to tell CMake we're done,[],CMake,0,133,133
26260,tenzir/vast,https://github.com/tenzir/vast/blob/eeea7911a3991001bb46e08c33edb4f44fccdbcd/cmake/FindGCOV.cmake#L1,"# Tries to find the *gcov* executable.
#
# Usage of this module as follows:
#
# find_package(GCOV)
#
# Variables defined by this module:
#
# GCOV_FOUND              Flag indicating whether gcov was found. GCOV The gcov
# executable.",[],CMake,0,1,10
26260,tenzir/vast,https://github.com/tenzir/vast/blob/eeea7911a3991001bb46e08c33edb4f44fccdbcd/cmake/FindGCOVR.cmake#L1,"# Tries to find the *gcovr* executable.
#
# Usage of this module as follows:
#
# find_package(GCOVR)
#
# Variables defined by this module:
#
# GCOVR_FOUND             Flag indicating whether gcovr was found. GCOVR The
# gcovr executable.",[],CMake,0,1,10
26260,tenzir/vast,https://github.com/tenzir/vast/blob/eeea7911a3991001bb46e08c33edb4f44fccdbcd/cmake/FindPandoc.cmake#L1,"# Tries to find the *pandoc* executable
#
# Usage of this module as follows:
#
# find_package(Pandoc)
#
# Variables defined by this module:
#
# PANDOC_FOUND         Flag indicating whether pandoc was found. PANDOC The
# pandoc executable.",[],CMake,0,1,10
26260,tenzir/vast,https://github.com/tenzir/vast/blob/eeea7911a3991001bb46e08c33edb4f44fccdbcd/cmake/FindSSE.cmake#L1,"# Check if SSE instructions are available on the machine where the project is
# compiled. This file is assembled from many posts in the CMake issue tracker
# at https://gitlab.kitware.com/cmake/cmake/-/issues.",[],CMake,0,1,3
26260,tenzir/vast,https://github.com/tenzir/vast/blob/eeea7911a3991001bb46e08c33edb4f44fccdbcd/cmake/Findlibunwind.cmake#L1,"# Findlibunwind
# ---------
#
# Find the libunwind includes and library.
#
# Result Variables
# ^^^^^^^^^^^^^^^^
#
# This module will set the following variables in your project:
#
# ``libunwind_INCLUDE_DIRS``
#   where to find rpc.h, etc.
# ``libunwind_LIBRARIES``
#   the libraries to link against to use TIRPC.
# ``libunwind_VERSION``
#   the version of TIRPC found.
# ``libunwind_FOUND``
#   true if the TIRPC headers and libraries were found.
#",[],CMake,0,1,19
26260,tenzir/vast,https://github.com/tenzir/vast/blob/eeea7911a3991001bb46e08c33edb4f44fccdbcd/cmake/Findlibunwind.cmake#L47,"# Some versions of libunwind have a private dependency on liblzma. If it's
# available we link it as well.",[],CMake,4,47,48
26260,tenzir/vast,https://github.com/tenzir/vast/blob/eeea7911a3991001bb46e08c33edb4f44fccdbcd/cmake/Findsystemd.cmake#L1,"# - Try to find Systemd
# Once done this will define the following variables:",[],CMake,0,1,2
26260,tenzir/vast,https://github.com/tenzir/vast/blob/eeea7911a3991001bb46e08c33edb4f44fccdbcd/cmake/Findsystemd.cmake#L4,"#  SYSTEMD_FOUND - System has libsystemd
#  SYSTEMD_INCLUDE_DIRS - The libsystemd include directories
#  SYSTEMD_LIBRARIES - The libraries needed to use libsystemd
#  SYSTEMD_DEFINITIONS - The libraries needed to use libsystemd",[],CMake,0,4,7
26260,tenzir/vast,https://github.com/tenzir/vast/blob/eeea7911a3991001bb46e08c33edb4f44fccdbcd/cmake/Findxxhash.cmake#L1,"# - Try to find xxhash
# Once done this will define the following variables:",[],CMake,0,1,2
26260,tenzir/vast,https://github.com/tenzir/vast/blob/eeea7911a3991001bb46e08c33edb4f44fccdbcd/cmake/Findxxhash.cmake#L4,"#  XXHASH_FOUND - System has libxxhash
#  XXHASH_INCLUDE_DIRS - The libsystemd include directories
#  XXHASH_LIBRARIES - The libraries needed to use libsystemd",[],CMake,0,4,6
26260,tenzir/vast,https://github.com/tenzir/vast/blob/eeea7911a3991001bb46e08c33edb4f44fccdbcd/cmake/GenerateGcov.cmake#L1,"# A simple script that invokes Gcov in the current, inspired by a much elaborate
# version from https://github.com/JoakimSoderberg/coveralls-cmake.
#
# This scripts expects the following variables:
#
# * GCOV_SOURCES: a list of files to generate coverage data for.
# * GCOV_OUTPUT_DIR: the directory where to write the *.gcov files to.",[],CMake,0,1,7
26260,tenzir/vast,https://github.com/tenzir/vast/blob/eeea7911a3991001bb46e08c33edb4f44fccdbcd/cmake/GenerateGcov.cmake#L9,# Validate variables passed with -D.,[],CMake,0,9,9
26260,tenzir/vast,https://github.com/tenzir/vast/blob/eeea7911a3991001bb46e08c33edb4f44fccdbcd/cmake/GenerateGcov.cmake#L14,# Turn input back into a list.,[],CMake,0,14,14
26260,tenzir/vast,https://github.com/tenzir/vast/blob/eeea7911a3991001bb46e08c33edb4f44fccdbcd/cmake/GenerateGcov.cmake#L17,"# Locate all *.gcda files in the current directory and invoke gcov on them.
# Thereafter, the resulting *.gcov files will reside in GCOV_OUTPUT_DIR.",[],CMake,0,17,18
26260,tenzir/vast,https://github.com/tenzir/vast/blob/eeea7911a3991001bb46e08c33edb4f44fccdbcd/cmake/GenerateGcov.cmake#L36,# Convert gcov filename /path/to/foo#bar#baz.ext.gcov to /foo/bar/baz.ext.,[],CMake,2,36,36
26260,tenzir/vast,https://github.com/tenzir/vast/blob/eeea7911a3991001bb46e08c33edb4f44fccdbcd/cmake/GenerateGcov.cmake#L42,# only keep relevant *.gcov files,[],CMake,30,42,42
26260,tenzir/vast,https://github.com/tenzir/vast/blob/eeea7911a3991001bb46e08c33edb4f44fccdbcd/cmake/VASTCheckCompilerVersion.cmake#L1,# Ensures that the specified C++ compiler meets our version requirements.,[],CMake,0,1,1
26260,tenzir/vast,https://github.com/tenzir/vast/blob/eeea7911a3991001bb46e08c33edb4f44fccdbcd/cmake/VASTMacDependencyPaths.cmake#L3,"# As of CMake 2.8.3, Fink and MacPorts search paths are appended to the default
# search prefix paths, but the nicer thing would be if they are prepended to the
# default, so that is fixed here.",[],CMake,0,3,5
26260,tenzir/vast,https://github.com/tenzir/vast/blob/eeea7911a3991001bb46e08c33edb4f44fccdbcd/cmake/VASTMacDependencyPaths.cmake#L9,# Macports,[],CMake,4,9,9
26260,tenzir/vast,https://github.com/tenzir/vast/blob/eeea7911a3991001bb46e08c33edb4f44fccdbcd/cmake/VASTMacDependencyPaths.cmake#L14,# Homebrew,[],CMake,4,14,14
26260,tenzir/vast,https://github.com/tenzir/vast/blob/eeea7911a3991001bb46e08c33edb4f44fccdbcd/cmake/VASTMacDependencyPaths.cmake#L22,# Find OpenSSL correctly.,[],CMake,6,22,22
26260,tenzir/vast,https://github.com/tenzir/vast/blob/eeea7911a3991001bb46e08c33edb4f44fccdbcd/cmake/VASTMacDependencyPaths.cmake#L24,"# Find libunwind-headers correctly. The headers must be installed
# separately; the library is available as under the umbrealla framework
# System.framework. Directly linking against libunwind at its location
# `$(xcrun --show-sdk-path)/usr/lib/system/libunwind.tbd` is not possible.",[],CMake,6,24,27
26260,tenzir/vast,https://github.com/tenzir/vast/blob/eeea7911a3991001bb46e08c33edb4f44fccdbcd/cmake/VASTMacDependencyPaths.cmake#L35,# fink,[],CMake,4,35,35
26260,tenzir/vast,https://github.com/tenzir/vast/blob/eeea7911a3991001bb46e08c33edb4f44fccdbcd/cmake/VASTPackage.cmake#L1,# -- packaging -----------------------------------------------------------------,[],CMake,0,1,1
26260,tenzir/vast,https://github.com/tenzir/vast/blob/eeea7911a3991001bb46e08c33edb4f44fccdbcd/cmake/VASTPackage.cmake#L3,"# We enforce that package trees are in the same location as install trees. This
# allows us to reuse artifacts with installation related substitutions in
# packages. This has the drawback that we can't use package specific prefixes.",[],CMake,0,3,5
26260,tenzir/vast,https://github.com/tenzir/vast/blob/eeea7911a3991001bb46e08c33edb4f44fccdbcd/cmake/VASTPackage.cmake#L21,# CPACK_SYSTEM_NAME is empty when this is evaluated.,[],CMake,2,21,21
26260,tenzir/vast,https://github.com/tenzir/vast/blob/eeea7911a3991001bb46e08c33edb4f44fccdbcd/cmake/VASTPackage.cmake#L31,"# Put packages into a dedicated package sub directory inside the build
# directory so we can find them a little easier.",[],CMake,0,31,32
26260,tenzir/vast,https://github.com/tenzir/vast/blob/eeea7911a3991001bb46e08c33edb4f44fccdbcd/cmake/VASTPackage.cmake#L48,"# For the static binary builds it doesn't make much sense to install development
# utilities, so we never do so.",[],CMake,0,48,49
26260,tenzir/vast,https://github.com/tenzir/vast/blob/eeea7911a3991001bb46e08c33edb4f44fccdbcd/cmake/VASTPackage.cmake#L55,"# Create only a single package with all enabled install components rather than
# creating one package per install component that duplicates files because
# dependent packages are included in the installation for some CPack generators.
# We should reconsider this in the future when we want to offer separate runtime
# and development Debian packages.",[],CMake,0,55,59
26260,tenzir/vast,https://github.com/tenzir/vast/blob/eeea7911a3991001bb46e08c33edb4f44fccdbcd/cmake/VASTPackage.cmake#L62,"# Enable the component-based packages for specified Generators.
# We only opt-in for the `DEB` and `ARCHIVE` Generators because those are the
# ones we support, and the list of available Generators can change with future
# releases of CMake.
# https://cmake.org/cmake/help/latest/module/CPackComponent.html#variable:CPACK_%3CGENNAME%3E_COMPONENT_INSTALL",[],CMake,0,62,66
26260,tenzir/vast,https://github.com/tenzir/vast/blob/eeea7911a3991001bb46e08c33edb4f44fccdbcd/cmake/VASTPackage.cmake#L70,"# Set up CPack as configured above. Note that the calls to cpack_add_component
# must come _after_ the CPack include, while the variables must be set _before_
# the include.",[],CMake,0,70,72
26260,tenzir/vast,https://github.com/tenzir/vast/blob/eeea7911a3991001bb46e08c33edb4f44fccdbcd/cmake/VASTPackage.cmake#L75,"# Define the grouping for packages based on the install components. For bundled
# dependencies in submodules the install component may be Unspecified, which we
# add as a disabled and hidden dependency of the enabled Development component.",[],CMake,0,75,77
26260,tenzir/vast,https://github.com/tenzir/vast/blob/eeea7911a3991001bb46e08c33edb4f44fccdbcd/cmake/VASTProvideFindModule.cmake#L1,"# Find modules are needed by the consumer in case of a static build, or if the
# linkage is PUBLIC or INTERFACE.",[],CMake,0,1,2
26260,tenzir/vast,https://github.com/tenzir/vast/blob/eeea7911a3991001bb46e08c33edb4f44fccdbcd/cmake/VASTRegisterPlugin.cmake#L3,"# Normalize the GNUInstallDirs to be relative paths, if possible.",[],CMake,0,3,3
26260,tenzir/vast,https://github.com/tenzir/vast/blob/eeea7911a3991001bb46e08c33edb4f44fccdbcd/cmake/VASTRegisterPlugin.cmake#L23,"# Try removing CMAKE_INSTALL_PREFIX with a trailing slash from the full
# path to get the correct relative path because some package managers always
# invoke CMake with absolute install paths even when they all share a common
# prefix.",[],CMake,4,23,26
26260,tenzir/vast,https://github.com/tenzir/vast/blob/eeea7911a3991001bb46e08c33edb4f44fccdbcd/cmake/VASTRegisterPlugin.cmake#L43,"# For the docdir especially, lowercase the project name.",[],CMake,2,43,43
26260,tenzir/vast,https://github.com/tenzir/vast/blob/eeea7911a3991001bb46e08c33edb4f44fccdbcd/cmake/VASTRegisterPlugin.cmake#L55,"# A replacement for target_link_libraries that links static libraries using
# the platform-specific whole-archive options. Please test any changes to this
# macro on all supported platforms and compilers.",[],CMake,0,55,57
26260,tenzir/vast,https://github.com/tenzir/vast/blob/eeea7911a3991001bb46e08c33edb4f44fccdbcd/cmake/VASTRegisterPlugin.cmake#L61,"# Prevent elision of self-registration code in statically linked libraries,
# c.f., https://www.bfilipek.com/2018/02/static-vars-static-lib.html
# Possible PLATFORM_ID values:
# - Windows: Windows (Visual Studio, MinGW GCC)
# - Darwin: macOS/OS X (Clang, GCC)
# - Linux: Linux (GCC, Intel, PGI)
# - Android: Android NDK (GCC, Clang)
# - FreeBSD: FreeBSD
# - CrayLinuxEnvironment: Cray supercomputers (Cray compiler)
# - MSYS: Windows (MSYS2 shell native GCC)#",[],CMake,4,61,70
26260,tenzir/vast,https://github.com/tenzir/vast/blob/eeea7911a3991001bb46e08c33edb4f44fccdbcd/cmake/VASTRegisterPlugin.cmake#L81,# A utility macro for enabling tooling on a target.,[],CMake,0,81,81
26260,tenzir/vast,https://github.com/tenzir/vast/blob/eeea7911a3991001bb46e08c33edb4f44fccdbcd/cmake/VASTRegisterPlugin.cmake#L122,# <prefix>,[],CMake,4,122,122
26260,tenzir/vast,https://github.com/tenzir/vast/blob/eeea7911a3991001bb46e08c33edb4f44fccdbcd/cmake/VASTRegisterPlugin.cmake#L124,# <options>,[],CMake,4,124,124
26260,tenzir/vast,https://github.com/tenzir/vast/blob/eeea7911a3991001bb46e08c33edb4f44fccdbcd/cmake/VASTRegisterPlugin.cmake#L126,# <one_value_keywords>,[],CMake,4,126,126
26260,tenzir/vast,https://github.com/tenzir/vast/blob/eeea7911a3991001bb46e08c33edb4f44fccdbcd/cmake/VASTRegisterPlugin.cmake#L128,# <multi_value_keywords>,[],CMake,4,128,128
26260,tenzir/vast,https://github.com/tenzir/vast/blob/eeea7911a3991001bb46e08c33edb4f44fccdbcd/cmake/VASTRegisterPlugin.cmake#L130,# <args>...,[],CMake,4,130,130
26260,tenzir/vast,https://github.com/tenzir/vast/blob/eeea7911a3991001bb46e08c33edb4f44fccdbcd/cmake/VASTRegisterPlugin.cmake#L159,# An internal target for modeling inter-schema dependency.,[],CMake,2,159,159
26260,tenzir/vast,https://github.com/tenzir/vast/blob/eeea7911a3991001bb46e08c33edb4f44fccdbcd/cmake/VASTRegisterPlugin.cmake#L162,# Link our target against FlatBuffers.,[],CMake,2,162,162
26260,tenzir/vast,https://github.com/tenzir/vast/blob/eeea7911a3991001bb46e08c33edb4f44fccdbcd/cmake/VASTRegisterPlugin.cmake#L185,"# We include the generated files uisng -isystem because there's
# nothing we can realistically do about the warnings in them, which
# are especially annoying with clang-tidy enabled.",[],CMake,2,185,187
26260,tenzir/vast,https://github.com/tenzir/vast/blob/eeea7911a3991001bb46e08c33edb4f44fccdbcd/cmake/VASTRegisterPlugin.cmake#L195,# The hardcoded path that flatc generates.,[],CMake,4,195,195
26260,tenzir/vast,https://github.com/tenzir/vast/blob/eeea7911a3991001bb46e08c33edb4f44fccdbcd/cmake/VASTRegisterPlugin.cmake#L198,# The path that we want.,[],CMake,4,198,198
26260,tenzir/vast,https://github.com/tenzir/vast/blob/eeea7911a3991001bb46e08c33edb4f44fccdbcd/cmake/VASTRegisterPlugin.cmake#L201,# Hackish way to patch generated FlatBuffers schemas to support our naming.,[],CMake,4,201,201
26260,tenzir/vast,https://github.com/tenzir/vast/blob/eeea7911a3991001bb46e08c33edb4f44fccdbcd/cmake/VASTRegisterPlugin.cmake#L213,# Compile and rename schema.,[],CMake,4,213,213
26260,tenzir/vast,https://github.com/tenzir/vast/blob/eeea7911a3991001bb46e08c33edb4f44fccdbcd/cmake/VASTRegisterPlugin.cmake#L218,# Generate wire format binaries for any data definitions.,[],CMake,8,218,218
26260,tenzir/vast,https://github.com/tenzir/vast/blob/eeea7911a3991001bb46e08c33edb4f44fccdbcd/cmake/VASTRegisterPlugin.cmake#L220,# Generate C++ headers using the C++17 standard.,[],CMake,8,220,220
26260,tenzir/vast,https://github.com/tenzir/vast/blob/eeea7911a3991001bb46e08c33edb4f44fccdbcd/cmake/VASTRegisterPlugin.cmake#L225,# Generate mutator functions.,[],CMake,8,225,225
26260,tenzir/vast,https://github.com/tenzir/vast/blob/eeea7911a3991001bb46e08c33edb4f44fccdbcd/cmake/VASTRegisterPlugin.cmake#L227,# Set output directory and schema inputs.,[],CMake,8,227,227
26260,tenzir/vast,https://github.com/tenzir/vast/blob/eeea7911a3991001bb46e08c33edb4f44fccdbcd/cmake/VASTRegisterPlugin.cmake#L232,"# We need to depend on all schemas here instead of just the one we're
# compiling currently because schemas may include other schema files.",[],CMake,6,232,233
26260,tenzir/vast,https://github.com/tenzir/vast/blob/eeea7911a3991001bb46e08c33edb4f44fccdbcd/cmake/VASTRegisterPlugin.cmake#L236,"# We need an additional indirection via add_custom_target here, because
# FBS_TARGET cannot depend on the OUTPUT of a add_custom_command directly,
# and depending on a BYPRODUCT of a add_custom_command causes the Unix
# Makefiles generator to constantly rebuild targets in the same export set.",[],CMake,4,236,239
26260,tenzir/vast,https://github.com/tenzir/vast/blob/eeea7911a3991001bb46e08c33edb4f44fccdbcd/cmake/VASTRegisterPlugin.cmake#L257,# Install a commented-out version of an example configuration file.,[],CMake,0,257,257
26260,tenzir/vast,https://github.com/tenzir/vast/blob/eeea7911a3991001bb46e08c33edb4f44fccdbcd/cmake/VASTRegisterPlugin.cmake#L259,# Sanity checks macro inputs.,[],CMake,2,259,259
26260,tenzir/vast,https://github.com/tenzir/vast/blob/eeea7911a3991001bb46e08c33edb4f44fccdbcd/cmake/VASTRegisterPlugin.cmake#L273,"# Set a temporary variable for the example dir location. Because we're in a
# macro we're unsetting the variable again later on.",[],CMake,2,273,274
26260,tenzir/vast,https://github.com/tenzir/vast/blob/eeea7911a3991001bb46e08c33edb4f44fccdbcd/cmake/VASTRegisterPlugin.cmake#L281,# Write a CMake file that does the desired text transformations.,[],CMake,2,281,281
26260,tenzir/vast,https://github.com/tenzir/vast/blob/eeea7911a3991001bb46e08c33edb4f44fccdbcd/cmake/VASTRegisterPlugin.cmake#L322,"# Support tools like clang-tidy by creating a compilation database and copying
# it to the project root.",[],CMake,0,322,323
26260,tenzir/vast,https://github.com/tenzir/vast/blob/eeea7911a3991001bb46e08c33edb4f44fccdbcd/cmake/VASTRegisterPlugin.cmake#L343,"# Link once when configuring the build to make the compilation database
# immediately available.",[],CMake,2,343,344
26260,tenzir/vast,https://github.com/tenzir/vast/blob/eeea7911a3991001bb46e08c33edb4f44fccdbcd/cmake/VASTRegisterPlugin.cmake#L351,"# Link again when building the specified target. This ensures the file is
# available even after the user ran `git-clean` or similar and triggered
# another build.",[],CMake,2,351,353
26260,tenzir/vast,https://github.com/tenzir/vast/blob/eeea7911a3991001bb46e08c33edb4f44fccdbcd/cmake/VASTRegisterPlugin.cmake#L367,# <prefix>,[],CMake,4,367,367
26260,tenzir/vast,https://github.com/tenzir/vast/blob/eeea7911a3991001bb46e08c33edb4f44fccdbcd/cmake/VASTRegisterPlugin.cmake#L369,# <options>,[],CMake,4,369,369
26260,tenzir/vast,https://github.com/tenzir/vast/blob/eeea7911a3991001bb46e08c33edb4f44fccdbcd/cmake/VASTRegisterPlugin.cmake#L371,# <one_value_keywords>,[],CMake,4,371,371
26260,tenzir/vast,https://github.com/tenzir/vast/blob/eeea7911a3991001bb46e08c33edb4f44fccdbcd/cmake/VASTRegisterPlugin.cmake#L373,# <multi_value_keywords>,[],CMake,4,373,373
26260,tenzir/vast,https://github.com/tenzir/vast/blob/eeea7911a3991001bb46e08c33edb4f44fccdbcd/cmake/VASTRegisterPlugin.cmake#L375,# <args>...,[],CMake,4,375,375
26260,tenzir/vast,https://github.com/tenzir/vast/blob/eeea7911a3991001bb46e08c33edb4f44fccdbcd/cmake/VASTRegisterPlugin.cmake#L378,"# Safeguard against repeated VASTRegisterPlugin calls from the same project.
# While technically possible for external pluigins, doing so makes it
# impossible to build the plugin alongside VAST.",[],CMake,2,378,380
26260,tenzir/vast,https://github.com/tenzir/vast/blob/eeea7911a3991001bb46e08c33edb4f44fccdbcd/cmake/VASTRegisterPlugin.cmake#L391,# Set a default build type if none was specified.,[],CMake,2,391,391
26260,tenzir/vast,https://github.com/tenzir/vast/blob/eeea7911a3991001bb46e08c33edb4f44fccdbcd/cmake/VASTRegisterPlugin.cmake#L401,# Set the possible values of build type for cmake-gui.,[],CMake,6,401,401
26260,tenzir/vast,https://github.com/tenzir/vast/blob/eeea7911a3991001bb46e08c33edb4f44fccdbcd/cmake/VASTRegisterPlugin.cmake#L408,"# Provides install directory variables as defined for GNU software:
# http://www.gnu.org/prep/standards/html_node/Directory-Variables.html",[],CMake,2,408,409
26260,tenzir/vast,https://github.com/tenzir/vast/blob/eeea7911a3991001bb46e08c33edb4f44fccdbcd/cmake/VASTRegisterPlugin.cmake#L432,# Make all given paths absolute.,[],CMake,2,432,432
26260,tenzir/vast,https://github.com/tenzir/vast/blob/eeea7911a3991001bb46e08c33edb4f44fccdbcd/cmake/VASTRegisterPlugin.cmake#L437,"# Deduplicate the entrypoint so plugin authors can grep for sources while
# still specifying the entrypoint manually.",[],CMake,2,437,438
26260,tenzir/vast,https://github.com/tenzir/vast/blob/eeea7911a3991001bb46e08c33edb4f44fccdbcd/cmake/VASTRegisterPlugin.cmake#L443,# Set a fallback for the docdir.,[],CMake,2,443,443
26260,tenzir/vast,https://github.com/tenzir/vast/blob/eeea7911a3991001bb46e08c33edb4f44fccdbcd/cmake/VASTRegisterPlugin.cmake#L448,# Create an object library target for our plugin _without_ the entrypoint.,[],CMake,2,448,448
26260,tenzir/vast,https://github.com/tenzir/vast/blob/eeea7911a3991001bb46e08c33edb4f44fccdbcd/cmake/VASTRegisterPlugin.cmake#L458,# Set up the target's include directories.,[],CMake,2,458,458
26260,tenzir/vast,https://github.com/tenzir/vast/blob/eeea7911a3991001bb46e08c33edb4f44fccdbcd/cmake/VASTRegisterPlugin.cmake#L460,"# We intentionally omit the install interface include directories and do not
# install the given include directories, as installed plugin libraries are
# not meant to be developed against.",[],CMake,4,460,462
26260,tenzir/vast,https://github.com/tenzir/vast/blob/eeea7911a3991001bb46e08c33edb4f44fccdbcd/cmake/VASTRegisterPlugin.cmake#L468,"# Require that the CMake project version is set and has the appropriate
# format.",[],CMake,2,468,469
26260,tenzir/vast,https://github.com/tenzir/vast/blob/eeea7911a3991001bb46e08c33edb4f44fccdbcd/cmake/VASTRegisterPlugin.cmake#L482,"# Determine the plugin version. We use the CMake project version, and then
# optionally append the Git revision that last touched the project,
# essentially reconstructing git-describe except for the revision count.",[],CMake,2,482,484
26260,tenzir/vast,https://github.com/tenzir/vast/blob/eeea7911a3991001bb46e08c33edb4f44fccdbcd/cmake/VASTRegisterPlugin.cmake#L534,"# Create a static library target for our plugin with the entrypoint, and use
# static versions of VAST_REGISTER_PLUGIN family of macros.",[],CMake,2,534,535
26260,tenzir/vast,https://github.com/tenzir/vast/blob/eeea7911a3991001bb46e08c33edb4f44fccdbcd/cmake/VASTRegisterPlugin.cmake#L544,# Link our static library against the vast binary directly.,[],CMake,4,544,544
26260,tenzir/vast,https://github.com/tenzir/vast/blob/eeea7911a3991001bb46e08c33edb4f44fccdbcd/cmake/VASTRegisterPlugin.cmake#L547,"# Override BUILD_SHARED_LIBS to force add_library to do the correct thing
# depending on the plugin type. This must not be user-configurable for
# plugins, as building external plugins should work without needing to enable
# this explicitly.",[],CMake,4,547,550
26260,tenzir/vast,https://github.com/tenzir/vast/blob/eeea7911a3991001bb46e08c33edb4f44fccdbcd/cmake/VASTRegisterPlugin.cmake#L555,"# Enable position-independent code for the static library if we're linking
# it into shared one.",[],CMake,4,555,556
26260,tenzir/vast,https://github.com/tenzir/vast/blob/eeea7911a3991001bb46e08c33edb4f44fccdbcd/cmake/VASTRegisterPlugin.cmake#L559,# Create a shared library target for our plugin.,[],CMake,4,559,559
26260,tenzir/vast,https://github.com/tenzir/vast/blob/eeea7911a3991001bb46e08c33edb4f44fccdbcd/cmake/VASTRegisterPlugin.cmake#L565,"# Install the plugin library to <libdir>/vast/plugins, and also configure
# the library output directory accordingly.",[],CMake,4,565,566
26260,tenzir/vast,https://github.com/tenzir/vast/blob/eeea7911a3991001bb46e08c33edb4f44fccdbcd/cmake/VASTRegisterPlugin.cmake#L579,# Ensure that VAST only runs after all dynamic plugin libraries are built.,[],CMake,4,579,579
26260,tenzir/vast,https://github.com/tenzir/vast/blob/eeea7911a3991001bb46e08c33edb4f44fccdbcd/cmake/VASTRegisterPlugin.cmake#L585,"# Install an example configuration file, if it exists at the plugin project root.",[],CMake,2,585,585
26260,tenzir/vast,https://github.com/tenzir/vast/blob/eeea7911a3991001bb46e08c33edb4f44fccdbcd/cmake/VASTRegisterPlugin.cmake#L593,"# Install README.md and CHANGELOG.md files to <docdir>/plugin/<plugin>, if
# they exist at the plugin project root.",[],CMake,2,593,594
26260,tenzir/vast,https://github.com/tenzir/vast/blob/eeea7911a3991001bb46e08c33edb4f44fccdbcd/cmake/VASTRegisterPlugin.cmake#L605,# Install the bundled schema files to <datadir>/vast.,[],CMake,4,605,605
26260,tenzir/vast,https://github.com/tenzir/vast/blob/eeea7911a3991001bb46e08c33edb4f44fccdbcd/cmake/VASTRegisterPlugin.cmake#L611,"# Copy schemas from bundled plugins to the build directory so they can be
# used from a VAST in a build directory (instead if just an installed VAST).",[],CMake,6,611,612
26260,tenzir/vast,https://github.com/tenzir/vast/blob/eeea7911a3991001bb46e08c33edb4f44fccdbcd/cmake/VASTRegisterPlugin.cmake#L642,# Setup unit tests.,[],CMake,2,642,642
26260,tenzir/vast,https://github.com/tenzir/vast/blob/eeea7911a3991001bb46e08c33edb4f44fccdbcd/cmake/VASTRegisterPlugin.cmake#L662,"# Ensure that a target integration always exists, even if a plugin does not
# define integration tests.",[],CMake,2,662,663
26260,tenzir/vast,https://github.com/tenzir/vast/blob/eeea7911a3991001bb46e08c33edb4f44fccdbcd/cmake/VASTRegisterPlugin.cmake#L668,# Setup integration tests.,[],CMake,2,668,668
26260,tenzir/vast,https://github.com/tenzir/vast/blob/eeea7911a3991001bb46e08c33edb4f44fccdbcd/cmake/VASTRegisterPlugin.cmake#L725,# Provide niceties for building alongside VAST.,[],CMake,4,725,725
26260,tenzir/vast,https://github.com/tenzir/vast/blob/eeea7911a3991001bb46e08c33edb4f44fccdbcd/cmake/VASTRegisterPlugin.cmake#L730,# Provide niceties for external plugins that are usually part of VAST.,[],CMake,4,730,730
26260,tenzir/vast,https://github.com/tenzir/vast/blob/eeea7911a3991001bb46e08c33edb4f44fccdbcd/cmake/VASTUtilities.cmake#L1,# Miscellaneous CMake helper.,[],CMake,0,1,1
26260,tenzir/vast,https://github.com/tenzir/vast/blob/eeea7911a3991001bb46e08c33edb4f44fccdbcd/cmake/VASTUtilities.cmake#L3,# Joins a list to a string.,[],CMake,0,3,3
26260,tenzir/vast,https://github.com/tenzir/vast/blob/eeea7911a3991001bb46e08c33edb4f44fccdbcd/cmake/VASTUtilities.cmake#L11,# Retrives a textual representation of the current month.,[],CMake,0,11,11
26260,tenzir/vast,https://github.com/tenzir/vast/blob/eeea7911a3991001bb46e08c33edb4f44fccdbcd/cmake/VASTUtilities.cmake#L21,"# Retrives the current date in the from ""Month Year"".",[],CMake,0,21,21
26260,tenzir/vast,https://github.com/tenzir/vast/blob/eeea7911a3991001bb46e08c33edb4f44fccdbcd/cmake/VASTUtilities.cmake#L28,"# Retrives the current date in the from ""Month Day, Year"".",[],CMake,0,28,28
26260,tenzir/vast,https://github.com/tenzir/vast/blob/eeea7911a3991001bb46e08c33edb4f44fccdbcd/cmake/VASTUtilities.cmake#L36,# Helper utility for printing the status of dependencies.,[],CMake,0,36,36
26260,tenzir/vast,https://github.com/tenzir/vast/blob/eeea7911a3991001bb46e08c33edb4f44fccdbcd/cmake/VASTVersion.cmake#L37,"# Emit a ""non-long"" version for use in package file names.",[],CMake,6,37,37
26260,tenzir/vast,https://github.com/tenzir/vast/blob/eeea7911a3991001bb46e08c33edb4f44fccdbcd/cmake/VASTVersion.cmake#L63,"# We accept:
# (1) v1.0.0(-dirty)
# (2) v1.0.0-rc1(-dirty)
# (3) v1.0.0-13-g3c8009fe4(-dirty)
# (4) v1.0.0-rc1-13-g3c8009fe4(-dirty)",[],CMake,0,63,67
26260,tenzir/vast,https://github.com/tenzir/vast/blob/eeea7911a3991001bb46e08c33edb4f44fccdbcd/cmake/VASTVersion.cmake#L75,"# Strip the v prefix from the version tag, if it exists.",[],CMake,0,75,75
26260,tenzir/vast,https://github.com/tenzir/vast/blob/eeea7911a3991001bb46e08c33edb4f44fccdbcd/cmake/VASTVersion.cmake#L79,"# The version string can optionally have a ""-dirty"" suffix, we strip it now to
# get consistent reverse indexing.",[],CMake,0,79,80
26260,tenzir/vast,https://github.com/tenzir/vast/blob/eeea7911a3991001bb46e08c33edb4f44fccdbcd/cmake/VASTVersion.cmake#L87,"# Extract Major, Minor, and Patch.",[],CMake,0,87,87
26260,tenzir/vast,https://github.com/tenzir/vast/blob/eeea7911a3991001bb46e08c33edb4f44fccdbcd/cmake/VASTVersion.cmake#L94,# Extract Tweak and Commit.,[],CMake,0,94,94
26260,tenzir/vast,https://github.com/tenzir/vast/blob/eeea7911a3991001bb46e08c33edb4f44fccdbcd/cmake/VASTVersion.cmake#L99,# Default tweak to 0 and commit to unset.,[],CMake,2,99,99
26260,tenzir/vast,https://github.com/tenzir/vast/blob/eeea7911a3991001bb46e08c33edb4f44fccdbcd/cmake/VASTVersion.cmake#L109,"# Do not follow symlinks in FILE GLOB_RECURSE by default.
# https://cmake.org/cmake/help/latest/policy/CMP0009.html",[],CMake,2,109,110
26260,tenzir/vast,https://github.com/tenzir/vast/blob/eeea7911a3991001bb46e08c33edb4f44fccdbcd/plugins/broker/cmake/FindBroker.cmake#L1,"# Tries to find Broker library and headers
#
# Usage of this module as follows:
#
# find_package(Broker)
#
# Variables used by this module, they can change the default behaviour and need
# to be set before calling find_package:
#
# BROKER_ROOT_DIR       Set this variable to the root installation of Broker if
#                       if the module cannot find the right installation path.
#
# Variables defined by this module:
#
# BROKER_FOUND          System has Broker library
# BROKER_LIBRARY        The broker library
# BROKER_INCLUDE_DIRS   The broker headers",[],CMake,0,1,17
26260,tenzir/vast,https://github.com/tenzir/vast/blob/eeea7911a3991001bb46e08c33edb4f44fccdbcd/plugins/broker/cmake/FindBroker.cmake#L32,# Extract the version.,[],CMake,2,32,32
26260,tenzir/vast,https://github.com/tenzir/vast/blob/eeea7911a3991001bb46e08c33edb4f44fccdbcd/plugins/broker/cmake/FindBroker.cmake#L34,# get line containing the version,[],CMake,2,34,34
26260,tenzir/vast,https://github.com/tenzir/vast/blob/eeea7911a3991001bb46e08c33edb4f44fccdbcd/plugins/broker/cmake/FindBroker.cmake#L48,"# When we're pointing to a build directory, we must add it to the include path
# as well because it contains broker/config.hh.",[],CMake,2,48,49
26260,tenzir/vast,https://github.com/tenzir/vast/blob/eeea7911a3991001bb46e08c33edb4f44fccdbcd/plugins/broker/cmake/FindBroker.cmake#L67,# create IMPORTED target,[],CMake,0,67,67
26260,tenzir/vast,https://github.com/tenzir/vast/blob/eeea7911a3991001bb46e08c33edb4f44fccdbcd/plugins/pcap/cmake/FindPCAP.cmake#L1,"# Tries to find libpcap headers and libraries
#
# Usage of this module as follows:
#
# find_package(PCAP)
#
# Variables used by this module, they can change the default behaviour and need
# to be set before calling find_package:
#
# PCAP_ROOT_DIR  Set this variable to the root installation of libpcap if the
# module has problems finding the proper installation path.
#
# Variables defined by this module:
#
# PCAP_FOUND              System has PCAP libs/headers PCAP_LIBRARIES The PCAP
# libraries PCAP_INCLUDE_DIR        The location of PCAP headers",[],CMake,0,1,16
26260,tenzir/vast,https://github.com/tenzir/vast/blob/eeea7911a3991001bb46e08c33edb4f44fccdbcd/plugins/pcap/cmake/FindPCAP.cmake#L38,# create IMPORTED target for libpcap dependency,[],CMake,0,38,38
