repoIndex,repoName,linkLocation,comment,keywords,buildSysteminFile,charPosition,startLine,endLine
26276,opennmt/tokenizer,https://github.com/opennmt/tokenizer/blob/c7cb612b6ac0bdfdb7731556b578eb93db673b0f/CMakeLists.txt#L3,# Set policy for setting the MSVC runtime library for static MSVC builds,[],CMake,0,3,3
26276,opennmt/tokenizer,https://github.com/opennmt/tokenizer/blob/c7cb612b6ac0bdfdb7731556b578eb93db673b0f/cmake/FindICU.cmake#L1,"# Copyright (c) 2011-2016, POINSOT Julien
# All rights reserved.",[],CMake,0,1,2
26276,opennmt/tokenizer,https://github.com/opennmt/tokenizer/blob/c7cb612b6ac0bdfdb7731556b578eb93db673b0f/cmake/FindICU.cmake#L4,"# Redistribution and use in source and binary forms, with or without
# modification, are permitted provided that the following conditions are met:",[],CMake,0,4,5
26276,opennmt/tokenizer,https://github.com/opennmt/tokenizer/blob/c7cb612b6ac0bdfdb7731556b578eb93db673b0f/cmake/FindICU.cmake#L7,"# * Redistributions of source code must retain the above copyright notice, this
#   list of conditions and the following disclaimer.",[],CMake,0,7,8
26276,opennmt/tokenizer,https://github.com/opennmt/tokenizer/blob/c7cb612b6ac0bdfdb7731556b578eb93db673b0f/cmake/FindICU.cmake#L10,"# * Redistributions in binary form must reproduce the above copyright notice,
#   this list of conditions and the following disclaimer in the documentation
#   and/or other materials provided with the distribution.",[],CMake,0,10,12
26276,opennmt/tokenizer,https://github.com/opennmt/tokenizer/blob/c7cb612b6ac0bdfdb7731556b578eb93db673b0f/cmake/FindICU.cmake#L14,"# THIS SOFTWARE IS PROVIDED BY THE COPYRIGHT HOLDERS AND CONTRIBUTORS ""AS IS""
# AND ANY EXPRESS OR IMPLIED WARRANTIES, INCLUDING, BUT NOT LIMITED TO, THE
# IMPLIED WARRANTIES OF MERCHANTABILITY AND FITNESS FOR A PARTICULAR PURPOSE ARE
# DISCLAIMED. IN NO EVENT SHALL THE COPYRIGHT HOLDER OR CONTRIBUTORS BE LIABLE
# FOR ANY DIRECT, INDIRECT, INCIDENTAL, SPECIAL, EXEMPLARY, OR CONSEQUENTIAL
# DAMAGES (INCLUDING, BUT NOT LIMITED TO, PROCUREMENT OF SUBSTITUTE GOODS OR
# SERVICES; LOSS OF USE, DATA, OR PROFITS; OR BUSINESS INTERRUPTION) HOWEVER
# CAUSED AND ON ANY THEORY OF LIABILITY, WHETHER IN CONTRACT, STRICT LIABILITY,
# OR TORT (INCLUDING NEGLIGENCE OR OTHERWISE) ARISING IN ANY WAY OUT OF THE USE
# OF THIS SOFTWARE, EVEN IF ADVISED OF THE POSSIBILITY OF SUCH DAMAGE.",[],CMake,0,14,23
26276,opennmt/tokenizer,https://github.com/opennmt/tokenizer/blob/c7cb612b6ac0bdfdb7731556b578eb93db673b0f/cmake/FindICU.cmake#L25,"# This module can find the International Components for Unicode (ICU) libraries
#
# Requirements:
# - CMake >= 2.8.3 (for new version of find_package_handle_standard_args)
#
# The following variables will be defined for your use:
#   - ICU_FOUND             : were all of your specified components found?
#   - ICU_INCLUDE_DIRS      : ICU include directory
#   - ICU_LIBRARIES         : ICU libraries
#   - ICU_VERSION           : complete version of ICU (x.y.z)
#   - ICU_VERSION_MAJOR     : major version of ICU
#   - ICU_VERSION_MINOR     : minor version of ICU
#   - ICU_VERSION_PATCH     : patch version of ICU
#   - ICU_<COMPONENT>_FOUND : were <COMPONENT> found? (FALSE for non specified component if it is not a dependency)
#
# For windows or non standard installation, define ICU_ROOT_DIR variable to point to the root installation of ICU. Two ways:
#   - run cmake with -DICU_ROOT_DIR=<PATH>
#   - define an environment variable with the same name before running cmake
# With cmake-gui, before pressing ""Configure"":
#   1) Press ""Add Entry"" button
#   2) Add a new entry defined as:
#     - Name: ICU_ROOT_DIR
#     - Type: choose PATH in the selection list
#     - Press ""..."" button and select the root installation of ICU
#
# Example Usage:
#
#   1. Copy this file in the root of your project source directory
#   2. Then, tell CMake to search this non-standard module in your project directory by adding to your CMakeLists.txt:
#     set(CMAKE_MODULE_PATH ${PROJECT_SOURCE_DIR})
#   3. Finally call find_package() once, here are some examples to pick from
#
#   Require ICU 4.4 or later
#     find_package(ICU 4.4 REQUIRED)
#
#   if(ICU_FOUND)
#      add_executable(myapp myapp.c)
#      include_directories(${ICU_INCLUDE_DIRS})
#      target_link_libraries(myapp ${ICU_LIBRARIES})
#      # with CMake >= 3.0.0, the last two lines can be replaced by the following
#      target_link_libraries(myapp ICU::ICU)
#   endif(ICU_FOUND)",[],CMake,0,25,66
26276,opennmt/tokenizer,https://github.com/opennmt/tokenizer/blob/c7cb612b6ac0bdfdb7731556b578eb93db673b0f/cmake/FindICU.cmake#L68,########## <ICU finding> ##########,[],CMake,0,68,68
26276,opennmt/tokenizer,https://github.com/opennmt/tokenizer/blob/c7cb612b6ac0bdfdb7731556b578eb93db673b0f/cmake/FindICU.cmake#L72,########## Private ##########,[],CMake,0,72,72
26276,opennmt/tokenizer,https://github.com/opennmt/tokenizer/blob/c7cb612b6ac0bdfdb7731556b578eb93db673b0f/cmake/FindICU.cmake#L74,# Prefix for all ICU relative public variables,[],CMake,58,74,74
26276,opennmt/tokenizer,https://github.com/opennmt/tokenizer/blob/c7cb612b6ac0bdfdb7731556b578eb93db673b0f/cmake/FindICU.cmake#L77,# Prefix for all ICU relative internal variables,[],CMake,58,77,77
26276,opennmt/tokenizer,https://github.com/opennmt/tokenizer/blob/c7cb612b6ac0bdfdb7731556b578eb93db673b0f/cmake/FindICU.cmake#L80,# Prefix for all pkg-config relative internal variables,[],CMake,58,80,80
26276,opennmt/tokenizer,https://github.com/opennmt/tokenizer/blob/c7cb612b6ac0bdfdb7731556b578eb93db673b0f/cmake/FindICU.cmake#L84,"# <deprecated>
# for future removal",[],CMake,0,84,85
26276,opennmt/tokenizer,https://github.com/opennmt/tokenizer/blob/c7cb612b6ac0bdfdb7731556b578eb93db673b0f/cmake/FindICU.cmake#L94,# </deprecated>,[],CMake,0,94,94
26276,opennmt/tokenizer,https://github.com/opennmt/tokenizer/blob/c7cb612b6ac0bdfdb7731556b578eb93db673b0f/cmake/FindICU.cmake#L103,# <icu component name> <library name 1> ... <library name N>,[],CMake,0,103,103
26276,opennmt/tokenizer,https://github.com/opennmt/tokenizer/blob/c7cb612b6ac0bdfdb7731556b578eb93db673b0f/cmake/FindICU.cmake#L110,# Common and Data libraries,[],CMake,43,110,110
26276,opennmt/tokenizer,https://github.com/opennmt/tokenizer/blob/c7cb612b6ac0bdfdb7731556b578eb93db673b0f/cmake/FindICU.cmake#L111,# Internationalization library,[],CMake,43,111,111
26276,opennmt/tokenizer,https://github.com/opennmt/tokenizer/blob/c7cb612b6ac0bdfdb7731556b578eb93db673b0f/cmake/FindICU.cmake#L112,# Stream and I/O Library,[],CMake,43,112,112
26276,opennmt/tokenizer,https://github.com/opennmt/tokenizer/blob/c7cb612b6ac0bdfdb7731556b578eb93db673b0f/cmake/FindICU.cmake#L113,# Layout library,[],CMake,43,113,113
26276,opennmt/tokenizer,https://github.com/opennmt/tokenizer/blob/c7cb612b6ac0bdfdb7731556b578eb93db673b0f/cmake/FindICU.cmake#L114,# Paragraph Layout library,[],CMake,43,114,114
26276,opennmt/tokenizer,https://github.com/opennmt/tokenizer/blob/c7cb612b6ac0bdfdb7731556b578eb93db673b0f/cmake/FindICU.cmake#L116,########## Public ##########,[],CMake,0,116,116
26276,opennmt/tokenizer,https://github.com/opennmt/tokenizer/blob/c7cb612b6ac0bdfdb7731556b578eb93db673b0f/cmake/FindICU.cmake#L129,# may be done in the _icu_declare_component macro,[],CMake,85,129,129
26276,opennmt/tokenizer,https://github.com/opennmt/tokenizer/blob/c7cb612b6ac0bdfdb7731556b578eb93db673b0f/cmake/FindICU.cmake#L132,# Check components,[],CMake,0,132,132
26276,opennmt/tokenizer,https://github.com/opennmt/tokenizer/blob/c7cb612b6ac0bdfdb7731556b578eb93db673b0f/cmake/FindICU.cmake#L133,# uc required at least,[],CMake,45,133,133
26276,opennmt/tokenizer,https://github.com/opennmt/tokenizer/blob/c7cb612b6ac0bdfdb7731556b578eb93db673b0f/cmake/FindICU.cmake#L145,# if pkg-config is available check components dependencies and append `pkg-config icu-<component> --variable=prefix` to hints,[],CMake,0,145,145
26276,opennmt/tokenizer,https://github.com/opennmt/tokenizer/blob/c7cb612b6ac0bdfdb7731556b578eb93db673b0f/cmake/FindICU.cmake#L166,"# list(APPEND ${ICU_PRIVATE_VAR_NS}_HINTS ENV ICU_ROOT_DIR)
# message(""${ICU_PRIVATE_VAR_NS}_HINTS = ${${ICU_PRIVATE_VAR_NS}_HINTS}"")",[],CMake,0,166,167
26276,opennmt/tokenizer,https://github.com/opennmt/tokenizer/blob/c7cb612b6ac0bdfdb7731556b578eb93db673b0f/cmake/FindICU.cmake#L169,# Includes,[],CMake,0,169,169
26276,opennmt/tokenizer,https://github.com/opennmt/tokenizer/blob/c7cb612b6ac0bdfdb7731556b578eb93db673b0f/cmake/FindICU.cmake#L179,########## <part to keep synced with tests/version/CMakeLists.txt> ##########,[],CMake,4,179,179
26276,opennmt/tokenizer,https://github.com/opennmt/tokenizer/blob/c7cb612b6ac0bdfdb7731556b578eb93db673b0f/cmake/FindICU.cmake#L180,# ICU >= 4.4,[],CMake,71,180,180
26276,opennmt/tokenizer,https://github.com/opennmt/tokenizer/blob/c7cb612b6ac0bdfdb7731556b578eb93db673b0f/cmake/FindICU.cmake#L182,# ICU [2;4.4[,[],CMake,76,182,182
26276,opennmt/tokenizer,https://github.com/opennmt/tokenizer/blob/c7cb612b6ac0bdfdb7731556b578eb93db673b0f/cmake/FindICU.cmake#L184,# ICU [1.4;2[,[],CMake,74,184,184
26276,opennmt/tokenizer,https://github.com/opennmt/tokenizer/blob/c7cb612b6ac0bdfdb7731556b578eb93db673b0f/cmake/FindICU.cmake#L186,# ICU 1.3,[],CMake,66,186,186
26276,opennmt/tokenizer,https://github.com/opennmt/tokenizer/blob/c7cb612b6ac0bdfdb7731556b578eb93db673b0f/cmake/FindICU.cmake#L192,# ICU 1.3,[],CMake,105,192,192
26276,opennmt/tokenizer,https://github.com/opennmt/tokenizer/blob/c7cb612b6ac0bdfdb7731556b578eb93db673b0f/cmake/FindICU.cmake#L193,"# [1.3;1.4[ as #define ICU_VERSION ""3"" (no patch version, ie all 1.3.X versions will be detected as 1.3.0)",[],CMake,8,193,193
26276,opennmt/tokenizer,https://github.com/opennmt/tokenizer/blob/c7cb612b6ac0bdfdb7731556b578eb93db673b0f/cmake/FindICU.cmake#L198,"#
# Since version 4.9.1, ICU release version numbering was totaly changed, see:
# - http://site.icu-project.org/download/49
# - http://userguide.icu-project.org/design#TOC-Version-Numbers-in-ICU
#",[],CMake,8,198,202
26276,opennmt/tokenizer,https://github.com/opennmt/tokenizer/blob/c7cb612b6ac0bdfdb7731556b578eb93db673b0f/cmake/FindICU.cmake#L206,# ICU [1.4;1.8[,[],CMake,125,206,206
26276,opennmt/tokenizer,https://github.com/opennmt/tokenizer/blob/c7cb612b6ac0bdfdb7731556b578eb93db673b0f/cmake/FindICU.cmake#L207,"# [1.4;1.8[ as #define U_ICU_VERSION ""1.4.1.2"" but it seems that some 1.4.[12](?:\.\d)? have releasing error and appears as 1.4.0",[],CMake,8,207,207
26276,opennmt/tokenizer,https://github.com/opennmt/tokenizer/blob/c7cb612b6ac0bdfdb7731556b578eb93db673b0f/cmake/FindICU.cmake#L208,"# copy CMAKE_MATCH_1, no longer valid on the following if",[],CMake,67,208,208
26276,opennmt/tokenizer,https://github.com/opennmt/tokenizer/blob/c7cb612b6ac0bdfdb7731556b578eb93db673b0f/cmake/FindICU.cmake#L222,########## </part to keep synced with tests/version/CMakeLists.txt> ##########,[],CMake,4,222,222
26276,opennmt/tokenizer,https://github.com/opennmt/tokenizer/blob/c7cb612b6ac0bdfdb7731556b578eb93db673b0f/cmake/FindICU.cmake#L225,# Check libraries,[],CMake,0,225,225
26276,opennmt/tokenizer,https://github.com/opennmt/tokenizer/blob/c7cb612b6ac0bdfdb7731556b578eb93db673b0f/cmake/FindICU.cmake#L271,# Try to find out compiler flags,[],CMake,0,271,271
26276,opennmt/tokenizer,https://github.com/opennmt/tokenizer/blob/c7cb612b6ac0bdfdb7731556b578eb93db673b0f/cmake/FindICU.cmake#L283,# Check find_package arguments,[],CMake,0,283,283
26276,opennmt/tokenizer,https://github.com/opennmt/tokenizer/blob/c7cb612b6ac0bdfdb7731556b578eb93db673b0f/cmake/FindICU.cmake#L296,"# <deprecated>
# for compatibility with previous versions, alias old ICU_(MAJOR|MINOR|PATCH)_VERSION to ICU_VERSION_$1",[],CMake,4,296,297
26276,opennmt/tokenizer,https://github.com/opennmt/tokenizer/blob/c7cb612b6ac0bdfdb7731556b578eb93db673b0f/cmake/FindICU.cmake#L301,# </deprecated>,[],CMake,4,301,301
26276,opennmt/tokenizer,https://github.com/opennmt/tokenizer/blob/c7cb612b6ac0bdfdb7731556b578eb93db673b0f/cmake/FindICU.cmake#L325,"#             set_target_properties(""ICU::${${ICU_PRIVATE_VAR_NS}_UPPER_COMPONENT}"" PROPERTIES INTERFACE_INCLUDE_DIRECTORIES ""${${ICU_PUBLIC_VAR_NS}_INCLUDE_DIR}"")",[],CMake,0,325,325
26276,opennmt/tokenizer,https://github.com/opennmt/tokenizer/blob/c7cb612b6ac0bdfdb7731556b578eb93db673b0f/cmake/FindICU.cmake#L335,########## </ICU finding> ##########,[],CMake,0,335,335
26276,opennmt/tokenizer,https://github.com/opennmt/tokenizer/blob/c7cb612b6ac0bdfdb7731556b578eb93db673b0f/cmake/FindICU.cmake#L337,########## <resource bundle support> ##########,[],CMake,0,337,337
26276,opennmt/tokenizer,https://github.com/opennmt/tokenizer/blob/c7cb612b6ac0bdfdb7731556b578eb93db673b0f/cmake/FindICU.cmake#L339,########## Private ##########,[],CMake,0,339,339
26276,opennmt/tokenizer,https://github.com/opennmt/tokenizer/blob/c7cb612b6ac0bdfdb7731556b578eb93db673b0f/cmake/FindICU.cmake#L348,########## Public ##########,[],CMake,0,348,348
26276,opennmt/tokenizer,https://github.com/opennmt/tokenizer/blob/c7cb612b6ac0bdfdb7731556b578eb93db673b0f/cmake/FindICU.cmake#L350,"#
# Prototype:
#   icu_generate_resource_bundle([NAME <name>] [PACKAGE] [DESTINATION <location>] [FILES <list of files>])
#
# Common arguments:
#   - NAME <name>                      : name of output package and to create dummy targets
#   - FILES <file 1> ... <file N>      : list of resource bundles sources
#   - DEPENDS <target1> ... <target N> : required to package as library (shared or static), a list of cmake parent targets to link to
#                                        Note: only (PREVIOUSLY DECLARED) add_executable and add_library as dependencies
#   - DESTINATION <location>           : optional, directory where to install final binary file(s)
#   - FORMAT <name>                    : optional, one of none (ICU4C binary format, default), java (plain java) or xliff (XML), see below
#
# Arguments depending on FORMAT:
#   - none (default):
#       * PACKAGE     : if present, package all resource bundles together. Default is to stop after building individual *.res files
#       * TYPE <name> : one of :
#           + common or archive (default) : archive all ressource bundles into a single .dat file
#           + library or dll              : assemble all ressource bundles into a separate and loadable library (.dll/.so)
#           + static                      : integrate all ressource bundles to targets designed by DEPENDS parameter (as a static library)
#       * NO_SHARED_FLAGS                 : only with TYPE in ['library', 'dll', 'static'], do not append ICU_C(XX)_SHARED_FLAGS to targets given as DEPENDS argument
#   - JAVA:
#       * BUNDLE <name> : required, prefix for generated classnames
#   - XLIFF:
#       (none)
#",[],CMake,0,350,374
26276,opennmt/tokenizer,https://github.com/opennmt/tokenizer/blob/c7cb612b6ac0bdfdb7731556b578eb93db673b0f/cmake/FindICU.cmake#L376,"#
# For an archive, the idea is to generate the following dependencies:
#
#   root.txt => root.res \
#                        |
#   en.txt   => en.res   |
#                        | => pkglist.txt => application.dat
#   fr.txt   => fr.res   |
#                        |
#   and so on            /
#
# Lengend: 'A => B' means B depends on A
#
# Steps (correspond to arrows):
#   1) genrb (from .txt to .res)
#   2) generate a file text (pkglist.txt) with all .res files to put together
#   3) build final archive (from *.res/pkglist.txt to .dat)
#",[],CMake,0,376,393
26276,opennmt/tokenizer,https://github.com/opennmt/tokenizer/blob/c7cb612b6ac0bdfdb7731556b578eb93db673b0f/cmake/FindICU.cmake#L397,##### <check for pkgdata/genrb availability> #####,[],CMake,4,397,397
26276,opennmt/tokenizer,https://github.com/opennmt/tokenizer/blob/c7cb612b6ac0bdfdb7731556b578eb93db673b0f/cmake/FindICU.cmake#L407,##### </check for pkgdata/genrb availability> #####,[],CMake,4,407,407
26276,opennmt/tokenizer,https://github.com/opennmt/tokenizer/blob/c7cb612b6ac0bdfdb7731556b578eb93db673b0f/cmake/FindICU.cmake#L409,##### <constants> #####,[],CMake,4,409,409
26276,opennmt/tokenizer,https://github.com/opennmt/tokenizer/blob/c7cb612b6ac0bdfdb7731556b578eb93db673b0f/cmake/FindICU.cmake#L414,##### </constants> #####,[],CMake,4,414,414
26276,opennmt/tokenizer,https://github.com/opennmt/tokenizer/blob/c7cb612b6ac0bdfdb7731556b578eb93db673b0f/cmake/FindICU.cmake#L416,"##### <hash constants> #####
# filename extension of built resource bundle (without dot)",[],CMake,4,416,417
26276,opennmt/tokenizer,https://github.com/opennmt/tokenizer/blob/c7cb612b6ac0bdfdb7731556b578eb93db673b0f/cmake/FindICU.cmake#L421,# alias: none (default) = common = archive ; dll = library ; static,[],CMake,4,421,421
26276,opennmt/tokenizer,https://github.com/opennmt/tokenizer/blob/c7cb612b6ac0bdfdb7731556b578eb93db673b0f/cmake/FindICU.cmake#L428,# filename prefix of built package,[],CMake,4,428,428
26276,opennmt/tokenizer,https://github.com/opennmt/tokenizer/blob/c7cb612b6ac0bdfdb7731556b578eb93db673b0f/cmake/FindICU.cmake#L432,# filename extension of built package (with dot),[],CMake,4,432,432
26276,opennmt/tokenizer,https://github.com/opennmt/tokenizer/blob/c7cb612b6ac0bdfdb7731556b578eb93db673b0f/cmake/FindICU.cmake#L436,# pkgdata option mode specific,[],CMake,4,436,436
26276,opennmt/tokenizer,https://github.com/opennmt/tokenizer/blob/c7cb612b6ac0bdfdb7731556b578eb93db673b0f/cmake/FindICU.cmake#L440,# cmake library type for output package,[],CMake,4,440,440
26276,opennmt/tokenizer,https://github.com/opennmt/tokenizer/blob/c7cb612b6ac0bdfdb7731556b578eb93db673b0f/cmake/FindICU.cmake#L444,##### </hash constants> #####,[],CMake,4,444,444
26276,opennmt/tokenizer,https://github.com/opennmt/tokenizer/blob/c7cb612b6ac0bdfdb7731556b578eb93db673b0f/cmake/FindICU.cmake#L448,# output variable name,[],CMake,20,448,448
26276,opennmt/tokenizer,https://github.com/opennmt/tokenizer/blob/c7cb612b6ac0bdfdb7731556b578eb93db673b0f/cmake/FindICU.cmake#L449,# options (true/false) (default value: false),[],CMake,8,449,449
26276,opennmt/tokenizer,https://github.com/opennmt/tokenizer/blob/c7cb612b6ac0bdfdb7731556b578eb93db673b0f/cmake/FindICU.cmake#L451,"# univalued parameters (default value: """")",[],CMake,8,451,451
26276,opennmt/tokenizer,https://github.com/opennmt/tokenizer/blob/c7cb612b6ac0bdfdb7731556b578eb93db673b0f/cmake/FindICU.cmake#L453,"# multivalued parameters (default value: """")",[],CMake,8,453,453
26276,opennmt/tokenizer,https://github.com/opennmt/tokenizer/blob/c7cb612b6ac0bdfdb7731556b578eb93db673b0f/cmake/FindICU.cmake#L458,"# assert(${PARSED_ARGS_NAME} != """")",[],CMake,4,458,458
26276,opennmt/tokenizer,https://github.com/opennmt/tokenizer/blob/c7cb612b6ac0bdfdb7731556b578eb93db673b0f/cmake/FindICU.cmake#L463,# assert(length(PARSED_ARGS_FILES) > 0),[],CMake,4,463,463
26276,opennmt/tokenizer,https://github.com/opennmt/tokenizer/blob/c7cb612b6ac0bdfdb7731556b578eb93db673b0f/cmake/FindICU.cmake#L470,"# assert(${UPPER_FORMAT} in ['', 'java', 'xlif'])",[],CMake,4,470,470
26276,opennmt/tokenizer,https://github.com/opennmt/tokenizer/blob/c7cb612b6ac0bdfdb7731556b578eb93db673b0f/cmake/FindICU.cmake#L476,"# assert(${PARSED_ARGS_BUNDLE} != """")",[],CMake,8,476,476
26276,opennmt/tokenizer,https://github.com/opennmt/tokenizer/blob/c7cb612b6ac0bdfdb7731556b578eb93db673b0f/cmake/FindICU.cmake#L483,"# assert(${PARSED_ARGS_FORMAT} == """")",[],CMake,8,483,483
26276,opennmt/tokenizer,https://github.com/opennmt/tokenizer/blob/c7cb612b6ac0bdfdb7731556b578eb93db673b0f/cmake/FindICU.cmake#L489,"# assert(${UPPER_MODE} in ['', 'common', 'archive', 'dll', library'])",[],CMake,8,489,489
26276,opennmt/tokenizer,https://github.com/opennmt/tokenizer/blob/c7cb612b6ac0bdfdb7731556b578eb93db673b0f/cmake/FindICU.cmake#L496,# Package name: strip file extension if present,[],CMake,8,496,496
26276,opennmt/tokenizer,https://github.com/opennmt/tokenizer/blob/c7cb612b6ac0bdfdb7731556b578eb93db673b0f/cmake/FindICU.cmake#L498,# Target name to build package,[],CMake,8,498,498
26276,opennmt/tokenizer,https://github.com/opennmt/tokenizer/blob/c7cb612b6ac0bdfdb7731556b578eb93db673b0f/cmake/FindICU.cmake#L500,# Target name to build intermediate list file,[],CMake,8,500,500
26276,opennmt/tokenizer,https://github.com/opennmt/tokenizer/blob/c7cb612b6ac0bdfdb7731556b578eb93db673b0f/cmake/FindICU.cmake#L502,"# Directory (absolute) to set as ""current directory"" for genrb (does not include package directory, -p)
# We make our ""cook"" there to prevent any conflict",[],CMake,8,502,503
26276,opennmt/tokenizer,https://github.com/opennmt/tokenizer/blob/c7cb612b6ac0bdfdb7731556b578eb93db673b0f/cmake/FindICU.cmake#L504,# CMake < 2.8.10,[],CMake,44,504,504
26276,opennmt/tokenizer,https://github.com/opennmt/tokenizer/blob/c7cb612b6ac0bdfdb7731556b578eb93db673b0f/cmake/FindICU.cmake#L506,# CMake >= 2.8.10,[],CMake,46,506,506
26276,opennmt/tokenizer,https://github.com/opennmt/tokenizer/blob/c7cb612b6ac0bdfdb7731556b578eb93db673b0f/cmake/FindICU.cmake#L509,# Directory (absolute) where resource bundles are built: concatenation of RESOURCE_GENRB_CHDIR_DIR and package name,[],CMake,8,509,509
26276,opennmt/tokenizer,https://github.com/opennmt/tokenizer/blob/c7cb612b6ac0bdfdb7731556b578eb93db673b0f/cmake/FindICU.cmake#L511,# Output (relative) path for built package,[],CMake,8,511,511
26276,opennmt/tokenizer,https://github.com/opennmt/tokenizer/blob/c7cb612b6ac0bdfdb7731556b578eb93db673b0f/cmake/FindICU.cmake#L517,# Output (absolute) path for the list file,[],CMake,8,517,517
26276,opennmt/tokenizer,https://github.com/opennmt/tokenizer/blob/c7cb612b6ac0bdfdb7731556b578eb93db673b0f/cmake/FindICU.cmake#L523,"#         set(RESOURCE_GENRB_CHDIR_DIR ""UNUSED"")",[],CMake,0,523,523
26276,opennmt/tokenizer,https://github.com/opennmt/tokenizer/blob/c7cb612b6ac0bdfdb7731556b578eb93db673b0f/cmake/FindICU.cmake#L542,##### <templates> #####,[],CMake,8,542,542
26276,opennmt/tokenizer,https://github.com/opennmt/tokenizer/blob/c7cb612b6ac0bdfdb7731556b578eb93db673b0f/cmake/FindICU.cmake#L556,##### </templates> #####,[],CMake,8,556,556
26276,opennmt/tokenizer,https://github.com/opennmt/tokenizer/blob/c7cb612b6ac0bdfdb7731556b578eb93db673b0f/cmake/FindICU.cmake#L558,# build <locale>.txt from <locale>.res,[],CMake,8,558,558
26276,opennmt/tokenizer,https://github.com/opennmt/tokenizer/blob/c7cb612b6ac0bdfdb7731556b578eb93db673b0f/cmake/FindICU.cmake#L572,# dummy target (ICU+RB+<name>+<locale>) for each locale to build the <locale>.res file from its <locale>.txt by the add_custom_command above,[],CMake,8,572,572
26276,opennmt/tokenizer,https://github.com/opennmt/tokenizer/blob/c7cb612b6ac0bdfdb7731556b578eb93db673b0f/cmake/FindICU.cmake#L588,"# convert semicolon separated list to a space separated list
# NOTE: if the pkglist.txt file starts (or ends?) with a whitespace, pkgdata add an undefined symbol (named <package>_) for it",[],CMake,4,588,589
26276,opennmt/tokenizer,https://github.com/opennmt/tokenizer/blob/c7cb612b6ac0bdfdb7731556b578eb93db673b0f/cmake/FindICU.cmake#L593,# create a text file (pkglist.txt) with the list of the *.res to package together,[],CMake,8,593,593
26276,opennmt/tokenizer,https://github.com/opennmt/tokenizer/blob/c7cb612b6ac0bdfdb7731556b578eb93db673b0f/cmake/FindICU.cmake#L599,# run pkgdata from pkglist.txt,[],CMake,8,599,599
26276,opennmt/tokenizer,https://github.com/opennmt/tokenizer/blob/c7cb612b6ac0bdfdb7731556b578eb93db673b0f/cmake/FindICU.cmake#L607,"# assert(${PARSED_ARGS_DEPENDS} != """")",[],CMake,12,607,607
26276,opennmt/tokenizer,https://github.com/opennmt/tokenizer/blob/c7cb612b6ac0bdfdb7731556b578eb93db673b0f/cmake/FindICU.cmake#L630,# http://www.mail-archive.com/cmake-commits@cmake.org/msg01135.html,[],CMake,12,630,630
26276,opennmt/tokenizer,https://github.com/opennmt/tokenizer/blob/c7cb612b6ac0bdfdb7731556b578eb93db673b0f/cmake/FindICU.cmake#L632,# dummy intermediate target (ICU+PKG+<name>+DUMMY) to link the package to the produced library by running pkgdata (see add_custom_command above),[],CMake,12,632,632
26276,opennmt/tokenizer,https://github.com/opennmt/tokenizer/blob/c7cb612b6ac0bdfdb7731556b578eb93db673b0f/cmake/FindICU.cmake#L640,# dummy target (ICU+PKG+<name>) to run pkgdata (see add_custom_command above),[],CMake,12,640,640
26276,opennmt/tokenizer,https://github.com/opennmt/tokenizer/blob/c7cb612b6ac0bdfdb7731556b578eb93db673b0f/cmake/FindICU.cmake#L647,# dummy target (ICU+PKG+<name>+PKGLIST) to build the file pkglist.txt,[],CMake,8,647,647
26276,opennmt/tokenizer,https://github.com/opennmt/tokenizer/blob/c7cb612b6ac0bdfdb7731556b578eb93db673b0f/cmake/FindICU.cmake#L653,# package => pkglist.txt,[],CMake,8,653,653
26276,opennmt/tokenizer,https://github.com/opennmt/tokenizer/blob/c7cb612b6ac0bdfdb7731556b578eb93db673b0f/cmake/FindICU.cmake#L655,# pkglist.txt => *.res,[],CMake,8,655,655
26276,opennmt/tokenizer,https://github.com/opennmt/tokenizer/blob/c7cb612b6ac0bdfdb7731556b578eb93db673b0f/cmake/FindICU.cmake#L665,########## </resource bundle support> ##########,[],CMake,0,665,665
26276,opennmt/tokenizer,https://github.com/opennmt/tokenizer/blob/c7cb612b6ac0bdfdb7731556b578eb93db673b0f/cmake/FindICU.cmake#L667,########## <debug> ##########,[],CMake,0,667,667
26276,opennmt/tokenizer,https://github.com/opennmt/tokenizer/blob/c7cb612b6ac0bdfdb7731556b578eb93db673b0f/cmake/FindICU.cmake#L679,# IN (args),[],CMake,4,679,679
26276,opennmt/tokenizer,https://github.com/opennmt/tokenizer/blob/c7cb612b6ac0bdfdb7731556b578eb93db673b0f/cmake/FindICU.cmake#L685,"# OUT
# Found",[],CMake,4,685,686
26276,opennmt/tokenizer,https://github.com/opennmt/tokenizer/blob/c7cb612b6ac0bdfdb7731556b578eb93db673b0f/cmake/FindICU.cmake#L688,# Flags,[],CMake,4,688,688
26276,opennmt/tokenizer,https://github.com/opennmt/tokenizer/blob/c7cb612b6ac0bdfdb7731556b578eb93db673b0f/cmake/FindICU.cmake#L695,# Linking,[],CMake,4,695,695
26276,opennmt/tokenizer,https://github.com/opennmt/tokenizer/blob/c7cb612b6ac0bdfdb7731556b578eb93db673b0f/cmake/FindICU.cmake#L698,# Version,[],CMake,4,698,698
26276,opennmt/tokenizer,https://github.com/opennmt/tokenizer/blob/c7cb612b6ac0bdfdb7731556b578eb93db673b0f/cmake/FindICU.cmake#L703,# <COMPONENT>_(FOUND|LIBRARY),[],CMake,4,703,703
26276,opennmt/tokenizer,https://github.com/opennmt/tokenizer/blob/c7cb612b6ac0bdfdb7731556b578eb93db673b0f/cmake/FindICU.cmake#L714,########## </debug> ##########,[],CMake,0,714,714
