repoIndex,repoName,linkLocation,comment,keywords,buildSysteminFile,charPosition,startLine,endLine
26470,openscad/openscad,https://github.com/openscad/openscad/blob/57b42557de8f42112d003a978f95725a351866ad/CMakeLists.txt#L1,"#
# CMake build system for OpenSCAD
#
# Configuration variables
#   -DHEADLESS=<ON|OFF>
#   -DNULLGL=<ON|OFF>
#   -DSNAPSHOT=<ON|OFF>
#   -DEXPERIMENTAL=<ON|OFF>
#",[],CMake,0,1,9
26470,openscad/openscad,https://github.com/openscad/openscad/blob/57b42557de8f42112d003a978f95725a351866ad/CMakeLists.txt#L11,"# Ubuntu Bionic (18.04LTS): 3.10.2,  Debian 10 buster (oldstable): 3.13.4",[],CMake,0,11,11
26470,openscad/openscad,https://github.com/openscad/openscad/blob/57b42557de8f42112d003a978f95725a351866ad/CMakeLists.txt#L15,# Let AUTOMOC and AUTOUIC process GENERATED files.,[],CMake,2,15,15
26470,openscad/openscad,https://github.com/openscad/openscad/blob/57b42557de8f42112d003a978f95725a351866ad/CMakeLists.txt#L19,# FindOpenGL prefers GLVND by default when available.,[],CMake,2,19,19
26470,openscad/openscad,https://github.com/openscad/openscad/blob/57b42557de8f42112d003a978f95725a351866ad/CMakeLists.txt#L27,# GNUInstallDirs must be done before BuildParameters,[],CMake,0,27,27
26470,openscad/openscad,https://github.com/openscad/openscad/blob/57b42557de8f42112d003a978f95725a351866ad/CMakeLists.txt#L30,# Use clang-tidy if run with -DCLANG_TIDY=1,[],CMake,0,30,30
26470,openscad/openscad,https://github.com/openscad/openscad/blob/57b42557de8f42112d003a978f95725a351866ad/CMakeLists.txt#L36,"# From cmake docs: https://cmake.org/cmake/help/latest/variable/CMAKE_LANG_CLANG_TIDY.html :
#   ""[CMAKE_CXX_CLANG_TIDY] is used to initialize the property on each target as it is created""
# So this is done **before** the add_executable command.",[],CMake,2,36,38
26470,openscad/openscad,https://github.com/openscad/openscad/blob/57b42557de8f42112d003a978f95725a351866ad/CMakeLists.txt#L44,"# Strict c++14, e.g. no GNU extensions",[],CMake,0,44,44
26470,openscad/openscad,https://github.com/openscad/openscad/blob/57b42557de8f42112d003a978f95725a351866ad/CMakeLists.txt#L48,"# Output compilation database (compile_commands.json), so we can e.g. run clang-tidy or other tools separately",[],CMake,0,48,48
26470,openscad/openscad,https://github.com/openscad/openscad/blob/57b42557de8f42112d003a978f95725a351866ad/CMakeLists.txt#L115,"# Default to Release build
#if(NOT CMAKE_BUILD_TYPE)
#  message(STATUS ""CMAKE_BUILD_TYPE not specified.  Defaulting to 'Release'"")
#  message(STATUS ""Usage: cmake -DCMAKE_BUILD_TYPE=[Debug|Release|RelWithDebInfo|MinSizeRel] ."")
#  set(CMAKE_BUILD_TYPE Release)
#else()
#  message(STATUS ""CMAKE_BUILD_TYPE: ${CMAKE_BUILD_TYPE}"")
#endif()",[],CMake,0,115,122
26470,openscad/openscad,https://github.com/openscad/openscad/blob/57b42557de8f42112d003a978f95725a351866ad/CMakeLists.txt#L130,"# gcc bug spams warnings, See issue #2771",[],CMake,13,130,130
26470,openscad/openscad,https://github.com/openscad/openscad/blob/57b42557de8f42112d003a978f95725a351866ad/CMakeLists.txt#L140,"# NULLGL - Allow us to build without OpenGL(TM). run 'cmake .. -DNULLGL=1'
# Most tests will fail, but it can be used for testing/experiments",[],CMake,2,140,141
26470,openscad/openscad,https://github.com/openscad/openscad/blob/57b42557de8f42112d003a978f95725a351866ad/CMakeLists.txt#L178,# Use full internal heap invariant checking in DEBUG mode (expensive),[],CMake,52,178,178
26470,openscad/openscad,https://github.com/openscad/openscad/blob/57b42557de8f42112d003a978f95725a351866ad/CMakeLists.txt#L179,# Enable padding to detect heap block overflow (used only in DEBUG mode),[],CMake,52,179,179
26470,openscad/openscad,https://github.com/openscad/openscad/blob/57b42557de8f42112d003a978f95725a351866ad/CMakeLists.txt#L181,# Override the standard malloc interface (e.g. define entry points for malloc() etc),[],CMake,52,181,181
26470,openscad/openscad,https://github.com/openscad/openscad/blob/57b42557de8f42112d003a978f95725a351866ad/CMakeLists.txt#L185,# Enable abort() call on memory allocation failure by default,[],CMake,52,185,185
26470,openscad/openscad,https://github.com/openscad/openscad/blob/57b42557de8f42112d003a978f95725a351866ad/CMakeLists.txt#L186,# Show error and warning messages by default (only enabled by default in DEBUG mode),[],CMake,52,186,186
26470,openscad/openscad,https://github.com/openscad/openscad/blob/57b42557de8f42112d003a978f95725a351866ad/CMakeLists.txt#L187,# Use the C++ compiler to compile the library (instead of the C compiler),[],CMake,52,187,187
26470,openscad/openscad,https://github.com/openscad/openscad/blob/57b42557de8f42112d003a978f95725a351866ad/CMakeLists.txt#L188,# Generate assembly files,[],CMake,52,188,188
26470,openscad/openscad,https://github.com/openscad/openscad/blob/57b42557de8f42112d003a978f95725a351866ad/CMakeLists.txt#L189,# Use interpose to override standard malloc on macOS,[],CMake,52,189,189
26470,openscad/openscad,https://github.com/openscad/openscad/blob/57b42557de8f42112d003a978f95725a351866ad/CMakeLists.txt#L190,# Use malloc zone to override standard malloc on macOS,[],CMake,52,190,190
26470,openscad/openscad,https://github.com/openscad/openscad/blob/57b42557de8f42112d003a978f95725a351866ad/CMakeLists.txt#L191,"# Use slightly slower, dlopen-compatible TLS mechanism (Unix)",[],CMake,52,191,191
26470,openscad/openscad,https://github.com/openscad/openscad/blob/57b42557de8f42112d003a978f95725a351866ad/CMakeLists.txt#L192,# Build shared library,[],CMake,52,192,192
26470,openscad/openscad,https://github.com/openscad/openscad/blob/57b42557de8f42112d003a978f95725a351866ad/CMakeLists.txt#L193,# Build static library,[],CMake,52,193,193
26470,openscad/openscad,https://github.com/openscad/openscad/blob/57b42557de8f42112d003a978f95725a351866ad/CMakeLists.txt#L194,# Build object library,[],CMake,52,194,194
26470,openscad/openscad,https://github.com/openscad/openscad/blob/57b42557de8f42112d003a978f95725a351866ad/CMakeLists.txt#L195,# Build test executables,[],CMake,52,195,195
26470,openscad/openscad,https://github.com/openscad/openscad/blob/57b42557de8f42112d003a978f95725a351866ad/CMakeLists.txt#L196,# Build with thread sanitizer (needs clang),[],CMake,52,196,196
26470,openscad/openscad,https://github.com/openscad/openscad/blob/57b42557de8f42112d003a978f95725a351866ad/CMakeLists.txt#L197,# Build with undefined-behavior sanitizer (needs clang++),[],CMake,52,197,197
26470,openscad/openscad,https://github.com/openscad/openscad/blob/57b42557de8f42112d003a978f95725a351866ad/CMakeLists.txt#L198,# Install directly into $CMAKE_INSTALL_PREFIX instead of PREFIX/lib/mimalloc-version,[],CMake,52,198,198
26470,openscad/openscad,https://github.com/openscad/openscad/blob/57b42557de8f42112d003a978f95725a351866ad/CMakeLists.txt#L204,# For preprocessor checks in our source.,[],CMake,61,204,204
26470,openscad/openscad,https://github.com/openscad/openscad/blob/57b42557de8f42112d003a978f95725a351866ad/CMakeLists.txt#L208,# put before all other libraries,[],CMake,52,208,208
26470,openscad/openscad,https://github.com/openscad/openscad/blob/57b42557de8f42112d003a978f95725a351866ad/CMakeLists.txt#L209,"# (for Unix-like systems only, according to mimalloc docs)",[],CMake,26,209,209
26470,openscad/openscad,https://github.com/openscad/openscad/blob/57b42557de8f42112d003a978f95725a351866ad/CMakeLists.txt#L210,"# MI_BUILD_OBJECT not currently used in any builds, but build setup kept for reference.
# mimalloc recommends to link as the first object to ensure the standard malloc interface resolves to mimalloc.
# However its not clear how to control order of linking via cmake, as the order of Sources list
# does not seem to be respected.  Regardless, it still built and ran fine when tested on Linux.",[],CMake,4,210,213
26470,openscad/openscad,https://github.com/openscad/openscad/blob/57b42557de8f42112d003a978f95725a351866ad/CMakeLists.txt#L214,# Put mimalloc-obj before everything else in Sources.,[],CMake,58,214,214
26470,openscad/openscad,https://github.com/openscad/openscad/blob/57b42557de8f42112d003a978f95725a351866ad/CMakeLists.txt#L220,# Flex lexer options,[],CMake,2,220,220
26470,openscad/openscad,https://github.com/openscad/openscad/blob/57b42557de8f42112d003a978f95725a351866ad/CMakeLists.txt#L253,# call before setting local CMAKE_MODULE_PATH so we use VCPKG version of FindGLEW,[],CMake,2,253,253
26470,openscad/openscad,https://github.com/openscad/openscad/blob/57b42557de8f42112d003a978f95725a351866ad/CMakeLists.txt#L256,"# needed for Qt5QScintilla, maybe others",[],CMake,2,256,256
26470,openscad/openscad,https://github.com/openscad/openscad/blob/57b42557de8f42112d003a978f95725a351866ad/CMakeLists.txt#L298,"# Note: Saving CMAKE_MODULE_PATH as CGAL will overwrite it.
# Reconsider this after CGAL 5.4: https://github.com/CGAL/cgal/pull/6029",[],CMake,0,298,299
26470,openscad/openscad,https://github.com/openscad/openscad/blob/57b42557de8f42112d003a978f95725a351866ad/CMakeLists.txt#L302,"# Some older versions do not match with CGAL 5.0 REQUIRED, so we check after.",[],CMake,0,302,302
26470,openscad/openscad,https://github.com/openscad/openscad/blob/57b42557de8f42112d003a978f95725a351866ad/CMakeLists.txt#L309,"# The macro `CGAL_DEBUG` allows to force CGAL assertions, even if `NDEBUG` is defined,
# Enabling CGAL assertions is necessary for us to catch them before they cause a crash
# on bad geometry input.",[],CMake,0,309,311
26470,openscad/openscad,https://github.com/openscad/openscad/blob/57b42557de8f42112d003a978f95725a351866ad/CMakeLists.txt#L322,"# revert any changes to module path from CGAL_Macros.cmake; see note above
# Commented out code should work in CGAL>= 5.4
#if (CGAL_MODULE_PATH_IS_SET)
#  set(CMAKE_MODULE_PATH ${ORIGINAL_CMAKE_MODULE_PATH})
#endif()",[],CMake,0,322,326
26470,openscad/openscad,https://github.com/openscad/openscad/blob/57b42557de8f42112d003a978f95725a351866ad/CMakeLists.txt#L418,# does not propagate down to subdirectories,[],CMake,34,418,418
26470,openscad/openscad,https://github.com/openscad/openscad/blob/57b42557de8f42112d003a978f95725a351866ad/CMakeLists.txt#L507,"# Setup ccache (if available) to speed up recompiles. It's especially useful
# when switching back and forth between branches where large numbers of files
# would otherwise need to be re-compiled each time.",[],CMake,0,507,509
26470,openscad/openscad,https://github.com/openscad/openscad/blob/57b42557de8f42112d003a978f95725a351866ad/CMakeLists.txt#L519,"#
# Version
#",[],CMake,0,519,521
26470,openscad/openscad,https://github.com/openscad/openscad/blob/57b42557de8f42112d003a978f95725a351866ad/CMakeLists.txt#L530,# get rid of leading zero,[],CMake,44,530,530
26470,openscad/openscad,https://github.com/openscad/openscad/blob/57b42557de8f42112d003a978f95725a351866ad/CMakeLists.txt#L534,# get rid of leading zero,[],CMake,42,534,534
26470,openscad/openscad,https://github.com/openscad/openscad/blob/57b42557de8f42112d003a978f95725a351866ad/CMakeLists.txt#L545,"#
# Platform specific settings
#",[],CMake,0,545,547
26470,openscad/openscad,https://github.com/openscad/openscad/blob/57b42557de8f42112d003a978f95725a351866ad/CMakeLists.txt#L549,# Stack size 8MB; github issue 116,[],CMake,0,549,549
26470,openscad/openscad,https://github.com/openscad/openscad/blob/57b42557de8f42112d003a978f95725a351866ad/CMakeLists.txt#L550,# used as default in src/platform/PlatformUtils.h,[],CMake,70,550,550
26470,openscad/openscad,https://github.com/openscad/openscad/blob/57b42557de8f42112d003a978f95725a351866ad/CMakeLists.txt#L601,"# NOTE: To keep HEADLESS builds working, do NOT add Qt-dependent sources here,
#       see GUI_SOURCES list below for that.",[],CMake,0,601,602
26470,openscad/openscad,https://github.com/openscad/openscad/blob/57b42557de8f42112d003a978f95725a351866ad/CMakeLists.txt#L765,"#
# Offscreen OpenGL context source code
#",[],CMake,0,765,767
26470,openscad/openscad,https://github.com/openscad/openscad/blob/57b42557de8f42112d003a978f95725a351866ad/CMakeLists.txt#L772,# contains several 'nullified' versions of above .cc files,[],CMake,25,772,772
26470,openscad/openscad,https://github.com/openscad/openscad/blob/57b42557de8f42112d003a978f95725a351866ad/CMakeLists.txt#L862,# header-only code,[],CMake,0,862,862
26470,openscad/openscad,https://github.com/openscad/openscad/blob/57b42557de8f42112d003a978f95725a351866ad/CMakeLists.txt#L896,# Build the last modified sources first (to fail fast during development),[],CMake,2,896,896
26470,openscad/openscad,https://github.com/openscad/openscad/blob/57b42557de8f42112d003a978f95725a351866ad/CMakeLists.txt#L943,"# Configure icon-related files, for release vs nightly",[],CMake,0,943,943
26470,openscad/openscad,https://github.com/openscad/openscad/blob/57b42557de8f42112d003a978f95725a351866ad/resources/CMakeLists.txt#L1,"#
# CMake build system to download Documentation
#",[],CMake,0,1,3
26470,openscad/openscad,https://github.com/openscad/openscad/blob/57b42557de8f42112d003a978f95725a351866ad/tests/CMakeLists.txt#L1,# instructions - see ../doc/testing.txt,[],CMake,0,1,1
26470,openscad/openscad,https://github.com/openscad/openscad/blob/57b42557de8f42112d003a978f95725a351866ad/tests/CMakeLists.txt#L3,#set(DEBUG_OSCD 1) # print debug info during cmake,[],CMake,0,3,3
26470,openscad/openscad,https://github.com/openscad/openscad/blob/57b42557de8f42112d003a978f95725a351866ad/tests/CMakeLists.txt#L7,"# Explicitly use new include policy to avoid globally shadowing included modules
# http://www.cmake.org/cmake/help/cmake-2-8-docs.html#policy:CMP0017",[],CMake,2,7,8
26470,openscad/openscad,https://github.com/openscad/openscad/blob/57b42557de8f42112d003a978f95725a351866ad/tests/CMakeLists.txt#L11,# Interpret IN_LIST,[],CMake,0,11,11
26470,openscad/openscad,https://github.com/openscad/openscad/blob/57b42557de8f42112d003a978f95725a351866ad/tests/CMakeLists.txt#L17,# MCAD,[],CMake,0,17,17
26470,openscad/openscad,https://github.com/openscad/openscad/blob/57b42557de8f42112d003a978f95725a351866ad/tests/CMakeLists.txt#L22,# Create shortcut variables for common paths to keep line lengths down.,[],CMake,0,22,22
26470,openscad/openscad,https://github.com/openscad/openscad/blob/57b42557de8f42112d003a978f95725a351866ad/tests/CMakeLists.txt#L36,# Image comparison - expected test image vs actual generated image,[],CMake,0,36,36
26470,openscad/openscad,https://github.com/openscad/openscad/blob/57b42557de8f42112d003a978f95725a351866ad/tests/CMakeLists.txt#L38,# Imagemagick,[],CMake,0,38,38
26470,openscad/openscad,https://github.com/openscad/openscad/blob/57b42557de8f42112d003a978f95725a351866ad/tests/CMakeLists.txt#L41,# cross-building depends on this,[],CMake,4,41,41
26470,openscad/openscad,https://github.com/openscad/openscad/blob/57b42557de8f42112d003a978f95725a351866ad/tests/CMakeLists.txt#L65,# http://www.daniloaz.com/en/617/systems/high-cpu-load-when-converting-images-with-imagemagick,[],CMake,4,65,65
26470,openscad/openscad,https://github.com/openscad/openscad/blob/57b42557de8f42112d003a978f95725a351866ad/tests/CMakeLists.txt#L73,# compare arguments taken from test_cmdline_tool.py,[],CMake,2,73,73
26470,openscad/openscad,https://github.com/openscad/openscad/blob/57b42557de8f42112d003a978f95725a351866ad/tests/CMakeLists.txt#L92,# Search for MCAD in correct place,[],CMake,0,92,92
26470,openscad/openscad,https://github.com/openscad/openscad/blob/57b42557de8f42112d003a978f95725a351866ad/tests/CMakeLists.txt#L95,# Platform specific settings,[],CMake,0,95,95
26470,openscad/openscad,https://github.com/openscad/openscad/blob/57b42557de8f42112d003a978f95725a351866ad/tests/CMakeLists.txt#L97,"#
# GUI binary tests
#",[],CMake,0,97,99
26470,openscad/openscad,https://github.com/openscad/openscad/blob/57b42557de8f42112d003a978f95725a351866ad/tests/CMakeLists.txt#L114,"#if(EXISTS ""${OPENSCAD_BINPATH}"")
#  message(STATUS ""Found OpenSCAD binary: ${OPENSCAD_BINPATH}"")
#else()
#  message(STATUS ""Couldn't find the OpenSCAD binary: ${OPENSCAD_BINPATH}"")
#  message(FATAL_ERROR ""Please build the OpenSCAD binary and place it here: ${OPENSCAD_BINPATH}"")
#endif()",[],CMake,0,114,119
26470,openscad/openscad,https://github.com/openscad/openscad/blob/57b42557de8f42112d003a978f95725a351866ad/tests/CMakeLists.txt#L122,"#
# Tags tests as disabled. This is more convenient than removing them manually
# from the lists of filenames
#",[],CMake,0,122,125
26470,openscad/openscad,https://github.com/openscad/openscad/blob/57b42557de8f42112d003a978f95725a351866ad/tests/CMakeLists.txt#L128,"#    message(""Disabling ${TESTNAME}"")",[],CMake,0,128,128
26470,openscad/openscad,https://github.com/openscad/openscad/blob/57b42557de8f42112d003a978f95725a351866ad/tests/CMakeLists.txt#L133,"#
# Tags tests as experimental. This will add all the --enable=<feature>
# options for the tagged tests.
#",[],CMake,0,133,136
26470,openscad/openscad,https://github.com/openscad/openscad/blob/57b42557de8f42112d003a978f95725a351866ad/tests/CMakeLists.txt#L139,"#    message(""Marking as experimental ${TESTNAME}"")",[],CMake,0,139,139
26470,openscad/openscad,https://github.com/openscad/openscad/blob/57b42557de8f42112d003a978f95725a351866ad/tests/CMakeLists.txt#L144,"#
# Returns into the FULLNAME variable the global full test name (identifier)
# given a test command and source filename
#",[],CMake,0,144,147
26470,openscad/openscad,https://github.com/openscad/openscad/blob/57b42557de8f42112d003a978f95725a351866ad/tests/CMakeLists.txt#L151,# Test names cannot include spaces,[],CMake,47,151,151
26470,openscad/openscad,https://github.com/openscad/openscad/blob/57b42557de8f42112d003a978f95725a351866ad/tests/CMakeLists.txt#L153,# Export to parent scope,[],CMake,2,153,153
26470,openscad/openscad,https://github.com/openscad/openscad/blob/57b42557de8f42112d003a978f95725a351866ad/tests/CMakeLists.txt#L157,"#
# Tags the given tests as belonging to the given CONFIG, i.e. will
# only be executed when run using ctest -C <CONFIG>
#
# Usage example: set_test_config(Heavy dumptest_testname opencsgtest_testname2)
#",[],CMake,0,157,162
26470,openscad/openscad,https://github.com/openscad/openscad/blob/57b42557de8f42112d003a978f95725a351866ad/tests/CMakeLists.txt#L165,# Get fullnames for test files,[],CMake,3,165,165
26470,openscad/openscad,https://github.com/openscad/openscad/blob/57b42557de8f42112d003a978f95725a351866ad/tests/CMakeLists.txt#L176,# Set config on fullnames,[],CMake,2,176,176
26470,openscad/openscad,https://github.com/openscad/openscad/blob/57b42557de8f42112d003a978f95725a351866ad/tests/CMakeLists.txt#L181,# Export to parent scope,[],CMake,4,181,181
26470,openscad/openscad,https://github.com/openscad/openscad/blob/57b42557de8f42112d003a978f95725a351866ad/tests/CMakeLists.txt#L184,# Export to parent scope,[],CMake,2,184,184
26470,openscad/openscad,https://github.com/openscad/openscad/blob/57b42557de8f42112d003a978f95725a351866ad/tests/CMakeLists.txt#L188,"#
# Returns a list of test configs
#",[],CMake,0,188,190
26470,openscad/openscad,https://github.com/openscad/openscad/blob/57b42557de8f42112d003a978f95725a351866ad/tests/CMakeLists.txt#L199,# Convert to a format understood by add_test(),[],CMake,4,199,199
26470,openscad/openscad,https://github.com/openscad/openscad/blob/57b42557de8f42112d003a978f95725a351866ad/tests/CMakeLists.txt#L201,# Export to parent scope,[],CMake,4,201,201
26470,openscad/openscad,https://github.com/openscad/openscad/blob/57b42557de8f42112d003a978f95725a351866ad/tests/CMakeLists.txt#L206,"#
# Check if a test file is a 2D test
#",[],CMake,0,206,208
26470,openscad/openscad,https://github.com/openscad/openscad/blob/57b42557de8f42112d003a978f95725a351866ad/tests/CMakeLists.txt#L218,# Specific tests for which fast-csg cannot be enabled yet.,[],CMake,0,218,218
26470,openscad/openscad,https://github.com/openscad/openscad/blob/57b42557de8f42112d003a978f95725a351866ad/tests/CMakeLists.txt#L220,# Different order of vertices,[],CMake,2,220,220
26470,openscad/openscad,https://github.com/openscad/openscad/blob/57b42557de8f42112d003a978f95725a351866ad/tests/CMakeLists.txt#L222,# Test script argument passing issue,[],CMake,2,222,222
26470,openscad/openscad,https://github.com/openscad/openscad/blob/57b42557de8f42112d003a978f95725a351866ad/tests/CMakeLists.txt#L226,"# Tests for which fast-csg works but produces different expectation files.
# These tests are run twice (w/ and without fast-csg).",[],CMake,0,226,227
26470,openscad/openscad,https://github.com/openscad/openscad/blob/57b42557de8f42112d003a978f95725a351866ad/tests/CMakeLists.txt#L229,# Corefinement leaves some polyhedra in a state that we can't build Nefs from,[],CMake,2,229,229
26470,openscad/openscad,https://github.com/openscad/openscad/blob/57b42557de8f42112d003a978f95725a351866ad/tests/CMakeLists.txt#L231,# Resize issue!,[],CMake,2,231,231
26470,openscad/openscad,https://github.com/openscad/openscad/blob/57b42557de8f42112d003a978f95725a351866ad/tests/CMakeLists.txt#L233,# Needs investigation:,[],CMake,2,233,233
26470,openscad/openscad,https://github.com/openscad/openscad/blob/57b42557de8f42112d003a978f95725a351866ad/tests/CMakeLists.txt#L240,"# Tests for which fast-csg works but produces different expectation files.
# These tests are run twice (w/ and without fast-csg).",[],CMake,0,240,241
26470,openscad/openscad,https://github.com/openscad/openscad/blob/57b42557de8f42112d003a978f95725a351866ad/tests/CMakeLists.txt#L243,"# This one no longer crashes, yay!",[],CMake,2,243,243
26470,openscad/openscad,https://github.com/openscad/openscad/blob/57b42557de8f42112d003a978f95725a351866ad/tests/CMakeLists.txt#L250,# No more green faces from differences.,[],CMake,2,250,250
26470,openscad/openscad,https://github.com/openscad/openscad/blob/57b42557de8f42112d003a978f95725a351866ad/tests/CMakeLists.txt#L289,"#
# This functions adds cmd-line tests given files.
#
# Usage add_cmdline_test(testbasename [EXE <executable>] [ARGS <args to exe>]
#                        [SCRIPT <script>]
#                        [EXPECTEDDIR <shared dir>] SUFFIX <suffix> FILES <test files>)
#",[],CMake,0,289,295
26470,openscad/openscad,https://github.com/openscad/openscad/blob/57b42557de8f42112d003a978f95725a351866ad/tests/CMakeLists.txt#L302,"# If sharing results with another test, pass on this to the python script",[],CMake,2,302,302
26470,openscad/openscad,https://github.com/openscad/openscad/blob/57b42557de8f42112d003a978f95725a351866ad/tests/CMakeLists.txt#L319,# python script implies PYTHON_EXECUTABLE,[],CMake,2,319,319
26470,openscad/openscad,https://github.com/openscad/openscad/blob/57b42557de8f42112d003a978f95725a351866ad/tests/CMakeLists.txt#L330,"# If no executable was specified, assume it was built by us and resides here",[],CMake,4,330,330
26470,openscad/openscad,https://github.com/openscad/openscad/blob/57b42557de8f42112d003a978f95725a351866ad/tests/CMakeLists.txt#L334,# Add tests from args,[],CMake,2,334,334
26470,openscad/openscad,https://github.com/openscad/openscad/blob/57b42557de8f42112d003a978f95725a351866ad/tests/CMakeLists.txt#L337,# Test names cannot include spaces,[],CMake,59,337,337
26470,openscad/openscad,https://github.com/openscad/openscad/blob/57b42557de8f42112d003a978f95725a351866ad/tests/CMakeLists.txt#L348,# add global experimental options here,[],CMake,8,348,348
26470,openscad/openscad,https://github.com/openscad/openscad/blob/57b42557de8f42112d003a978f95725a351866ad/tests/CMakeLists.txt#L352,# Enable fast-csg for all tests but those that have different expectations or fail for other reasons.,[],CMake,6,352,352
26470,openscad/openscad,https://github.com/openscad/openscad/blob/57b42557de8f42112d003a978f95725a351866ad/tests/CMakeLists.txt#L362,"# 2D tests should be viewed from the top, not an angle.",[],CMake,6,362,362
26470,openscad/openscad,https://github.com/openscad/openscad/blob/57b42557de8f42112d003a978f95725a351866ad/tests/CMakeLists.txt#L369,# Handle configurations,[],CMake,6,369,369
26470,openscad/openscad,https://github.com/openscad/openscad/blob/57b42557de8f42112d003a978f95725a351866ad/tests/CMakeLists.txt#L386,"# The python script cannot extract the testname when given extra parameters
#if (TESTCMD_ARGS)",[],CMake,6,386,387
26470,openscad/openscad,https://github.com/openscad/openscad/blob/57b42557de8f42112d003a978f95725a351866ad/tests/CMakeLists.txt#L389,#endif(),[],CMake,6,389,389
26470,openscad/openscad,https://github.com/openscad/openscad/blob/57b42557de8f42112d003a978f95725a351866ad/tests/CMakeLists.txt#L391,"# Apply lazy-union to *all* tests for comprehensive testing of this experimental feature.
# Would need all passing before making lazy-union non-experimental, but that's probably a long way off.
# Mostly just breaks issues that export non-manifold/intersecting geometry without explicit union.
#set(EXPERIMENTAL_OPTION ${EXPERIMENTAL_OPTION} ""--enable=lazy-union"")",[],CMake,6,391,394
26470,openscad/openscad,https://github.com/openscad/openscad/blob/57b42557de8f42112d003a978f95725a351866ad/tests/CMakeLists.txt#L396,# Enable vertex-object-renderers by default for all test if experimental build and openscad executable,[],CMake,6,396,396
26470,openscad/openscad,https://github.com/openscad/openscad/blob/57b42557de8f42112d003a978f95725a351866ad/tests/CMakeLists.txt#L399,"#set(EXPERIMENTAL_OPTION ${EXPERIMENTAL_OPTION} ""--enable=vertex-object-renderers-prealloc"")
#set(EXPERIMENTAL_OPTION ${EXPERIMENTAL_OPTION} ""--enable=vertex-object-renderers-direct"")
#set(EXPERIMENTAL_OPTION ${EXPERIMENTAL_OPTION} ""--enable=vertex-object-renderers-indexing"")",[],CMake,8,399,401
26470,openscad/openscad,https://github.com/openscad/openscad/blob/57b42557de8f42112d003a978f95725a351866ad/tests/CMakeLists.txt#L404,"# debug message
#message(STATUS ""${TEST_FULLNAME} ${CONFARG} ${CONFVAL} COMMAND ${PYTHON_EXECUTABLE} ${TEST_CMDLINE_TOOL_PY} ${COMPARATOR} -c ${IMAGE_COMPARE_EXECUTABLE} -s ${TESTCMD_SUFFIX} ${EXTRA_OPTIONS} ${TESTNAME_OPTION} ${FILENAME_OPTION} ${TESTCMD_EXE} ${TESTCMD_SCRIPT} ""${SCADFILE}"" ${CAMERA_OPTION} ${EXPERIMENTAL_OPTION} ${TESTCMD_ARGS}"")
# only add test if it is not experimental or if it is and experimental option is enabled",[],CMake,6,404,406
26470,openscad/openscad,https://github.com/openscad/openscad/blob/57b42557de8f42112d003a978f95725a351866ad/tests/CMakeLists.txt#L415,"#
# Usage add_failing_test(testbasename  RETVAL <expected return value>  SUFFIX <suffix>  FILES <test files>
#                        [EXE <executable>] [SCRIPT <script>] [ARGS <args to exe>])
#",[],CMake,0,415,418
26470,openscad/openscad,https://github.com/openscad/openscad/blob/57b42557de8f42112d003a978f95725a351866ad/tests/CMakeLists.txt#L422,"# Suffix ""off"" counts as a false value, so check directly for empty string.",[],CMake,39,422,422
26470,openscad/openscad,https://github.com/openscad/openscad/blob/57b42557de8f42112d003a978f95725a351866ad/tests/CMakeLists.txt#L434,# Add tests from args,[],CMake,2,434,434
26470,openscad/openscad,https://github.com/openscad/openscad/blob/57b42557de8f42112d003a978f95725a351866ad/tests/CMakeLists.txt#L437,# Test names cannot include spaces,[],CMake,59,437,437
26470,openscad/openscad,https://github.com/openscad/openscad/blob/57b42557de8f42112d003a978f95725a351866ad/tests/CMakeLists.txt#L442,# Handle configurations,[],CMake,6,442,442
26470,openscad/openscad,https://github.com/openscad/openscad/blob/57b42557de8f42112d003a978f95725a351866ad/tests/CMakeLists.txt#L454,# The python script cannot extract the testname when given extra parameters,[],CMake,6,454,454
26470,openscad/openscad,https://github.com/openscad/openscad/blob/57b42557de8f42112d003a978f95725a351866ad/tests/CMakeLists.txt#L468,# Subst files,[],CMake,0,468,468
26470,openscad/openscad,https://github.com/openscad/openscad/blob/57b42557de8f42112d003a978f95725a351866ad/tests/CMakeLists.txt#L484,# Find all scad files,[],CMake,0,484,484
26470,openscad/openscad,https://github.com/openscad/openscad/blob/57b42557de8f42112d003a978f95725a351866ad/tests/CMakeLists.txt#L628,"# trace-usermodule-parameters is on by default,
# but can generate very long outputs and potentially
# unstable outputs, when combined with recursive tests.",[],CMake,0,628,630
26470,openscad/openscad,https://github.com/openscad/openscad/blob/57b42557de8f42112d003a978f95725a351866ad/tests/CMakeLists.txt#L672,"# test importing unparseable files, result will be an empty image",[],CMake,0,672,672
26470,openscad/openscad,https://github.com/openscad/openscad/blob/57b42557de8f42112d003a978f95725a351866ad/tests/CMakeLists.txt#L739,# These don't output anything,[],CMake,2,739,739
26470,openscad/openscad,https://github.com/openscad/openscad/blob/57b42557de8f42112d003a978f95725a351866ad/tests/CMakeLists.txt#L747,# Not useful,[],CMake,2,747,747
26470,openscad/openscad,https://github.com/openscad/openscad/blob/57b42557de8f42112d003a978f95725a351866ad/tests/CMakeLists.txt#L752,"# these take too long, for little relative gain in testing",[],CMake,2,752,752
26470,openscad/openscad,https://github.com/openscad/openscad/blob/57b42557de8f42112d003a978f95725a351866ad/tests/CMakeLists.txt#L760,# z-fighting different on different machines,[],CMake,2,760,760
26470,openscad/openscad,https://github.com/openscad/openscad/blob/57b42557de8f42112d003a978f95725a351866ad/tests/CMakeLists.txt#L771,# These tests only makes sense in OpenCSG mode,[],CMake,2,771,771
26470,openscad/openscad,https://github.com/openscad/openscad/blob/57b42557de8f42112d003a978f95725a351866ad/tests/CMakeLists.txt#L784,# This test won't render anything meaningful in throwntogether mode,[],CMake,2,784,784
26470,openscad/openscad,https://github.com/openscad/openscad/blob/57b42557de8f42112d003a978f95725a351866ad/tests/CMakeLists.txt#L797,"# Triggers a floating point accuracy issue causing loaded .csg to
# render slightly differently",[],CMake,2,797,798
26470,openscad/openscad,https://github.com/openscad/openscad/blob/57b42557de8f42112d003a978f95725a351866ad/tests/CMakeLists.txt#L806,# Disable LIB3MF tests if library was disabled in build,[],CMake,0,806,806
26470,openscad/openscad,https://github.com/openscad/openscad/blob/57b42557de8f42112d003a978f95725a351866ad/tests/CMakeLists.txt#L808,# check for package again in case this is qmake build ctest,[],CMake,2,808,808
26470,openscad/openscad,https://github.com/openscad/openscad/blob/57b42557de8f42112d003a978f95725a351866ad/tests/CMakeLists.txt#L824,# 2D tests,[],CMake,0,824,824
26470,openscad/openscad,https://github.com/openscad/openscad/blob/57b42557de8f42112d003a978f95725a351866ad/tests/CMakeLists.txt#L829,"#
# Add experimental features tests
#",[],CMake,0,829,831
26470,openscad/openscad,https://github.com/openscad/openscad/blob/57b42557de8f42112d003a978f95725a351866ad/tests/CMakeLists.txt#L849,# Test config handling,[],CMake,0,849,849
26470,openscad/openscad,https://github.com/openscad/openscad/blob/57b42557de8f42112d003a978f95725a351866ad/tests/CMakeLists.txt#L851,# Heavy tests are tests taking more than 10 seconds on a development computer,[],CMake,0,851,851
26470,openscad/openscad,https://github.com/openscad/openscad/blob/57b42557de8f42112d003a978f95725a351866ad/tests/CMakeLists.txt#L901,"# We know that we cannot import weakly manifold files into CGAL, so to make tests easier
# to manage, don't try. Once we improve import, we can reenable this
# Known good manifold files -> EXPORT3D_CGALCGAL_TEST_FILES
# Known weak manifold files -> EXPORT3D_CGAL_TEST_FILES
# Known non-manifold files -> EXPORT3D_TEST_FILES",[],CMake,0,901,905
26470,openscad/openscad,https://github.com/openscad/openscad/blob/57b42557de8f42112d003a978f95725a351866ad/tests/CMakeLists.txt#L907,"#list(REMOVE_ITEM EXPORT3D_CGALCGAL_TEST_FILES
#)
#list(APPEND EXPORT3D_CGAL_TEST_FILES
#)",[],CMake,0,907,910
26470,openscad/openscad,https://github.com/openscad/openscad/blob/57b42557de8f42112d003a978f95725a351866ad/tests/CMakeLists.txt#L918,# Examples,[],CMake,2,918,918
26470,openscad/openscad,https://github.com/openscad/openscad/blob/57b42557de8f42112d003a978f95725a351866ad/tests/CMakeLists.txt#L934,"# Set up custom commands to run before & after Ctest run.
# 1. Start/stop Virtual Framebuffer for linux/bsd. 2. Pretty Print
# Please see the CTestCustom.template file for more info.",[],CMake,0,934,936
26470,openscad/openscad,https://github.com/openscad/openscad/blob/57b42557de8f42112d003a978f95725a351866ad/tests/CMakeLists.txt#L956,"#
# Add tests
#
# Types of tests:
# o echotest: Just record console output
# o dumptest: Export .csg
# o cgalpngtest: Export to PNG using --render
# o opencsgtest: Export to PNG using OpenCSG
# o throwntogethertest: Export to PNG using the Throwntogether renderer
# o csgpngtest: 1) Export to .csg, 2) import .csg and export to PNG (--render)
# o monotonepngtest: Same as cgalpngtest but with the ""Monotone"" color scheme
# o stlpngtest: Export to STL, Re-import and render to PNG (--render)
# o stlcgalpngtest: Export to STL, Re-import and render to PNG (--render=cgal)
# o offpngtest: Export to OFF, Re-import and render to PNG (--render)
# o offcgalpngtest: Export to STL, Re-import and render to PNG (--render=cgal)
# o dxfpngtest: Export to DXF, Re-import and render to PNG (--render=cgal)
#",[],CMake,0,956,972
26470,openscad/openscad,https://github.com/openscad/openscad/blob/57b42557de8f42112d003a978f95725a351866ad/tests/CMakeLists.txt#L988,# This test is quiet to speed up the test and to have a stable and reproducable output,[],CMake,0,988,988
26470,openscad/openscad,https://github.com/openscad/openscad/blob/57b42557de8f42112d003a978f95725a351866ad/tests/CMakeLists.txt#L991,"# generate a very large scad file which we would rather not commit to the source tree
# this is for stress-testing the parser",[],CMake,0,991,992
26470,openscad/openscad,https://github.com/openscad/openscad/blob/57b42557de8f42112d003a978f95725a351866ad/tests/CMakeLists.txt#L1032,# lazy-union,[],CMake,0,1032,1032
26470,openscad/openscad,https://github.com/openscad/openscad/blob/57b42557de8f42112d003a978f95725a351866ad/tests/CMakeLists.txt#L1153,"#
# Trivial Export/Import files
# This sanity-checks bidirectional file format import/export
#",[],CMake,0,1153,1156
26470,openscad/openscad,https://github.com/openscad/openscad/blob/57b42557de8f42112d003a978f95725a351866ad/tests/CMakeLists.txt#L1170,"#
# Corner-case Export/Import tests
#",[],CMake,0,1170,1172
26470,openscad/openscad,https://github.com/openscad/openscad/blob/57b42557de8f42112d003a978f95725a351866ad/tests/CMakeLists.txt#L1180,"# stlpngtest: direct STL output, preview rendering",[],CMake,0,1180,1180
26470,openscad/openscad,https://github.com/openscad/openscad/blob/57b42557de8f42112d003a978f95725a351866ad/tests/CMakeLists.txt#L1182,"# cgalstlpngtest: CGAL STL output, normal rendering",[],CMake,0,1182,1182
26470,openscad/openscad,https://github.com/openscad/openscad/blob/57b42557de8f42112d003a978f95725a351866ad/tests/CMakeLists.txt#L1184,"# cgalstlcgalpngtest: CGAL STL output, CGAL rendering",[],CMake,0,1184,1184
26470,openscad/openscad,https://github.com/openscad/openscad/blob/57b42557de8f42112d003a978f95725a351866ad/tests/CMakeLists.txt#L1187,"# cgalbinstlcgalpngtest: CGAL binary STL output, CGAL rendering",[],CMake,0,1187,1187
26470,openscad/openscad,https://github.com/openscad/openscad/blob/57b42557de8f42112d003a978f95725a351866ad/tests/CMakeLists.txt#L1194,# Failing tests,[],CMake,0,1194,1194
26470,openscad/openscad,https://github.com/openscad/openscad/blob/57b42557de8f42112d003a978f95725a351866ad/tests/CMakeLists.txt#L1198,# Hardwarning Test,[],CMake,0,1198,1198
26470,openscad/openscad,https://github.com/openscad/openscad/blob/57b42557de8f42112d003a978f95725a351866ad/tests/CMakeLists.txt#L1201,"# Verify that test framework is paying attention to alpha channel, issue 1492
#add_cmdline_test(openscad-colorscheme-cornfield-alphafail  ARGS --colorscheme=Cornfield SUFFIX png FILES ${EXAMPLES_DIR}/Basics/logo.scad)",[],CMake,0,1201,1202
26470,openscad/openscad,https://github.com/openscad/openscad/blob/57b42557de8f42112d003a978f95725a351866ad/tests/CMakeLists.txt#L1204,"# The ""expected image"" supplied for this ""alphafail"" test has the alpha channel for all background pixels cleared (a==0), when they should be opaque (a==1) for this colorscheme.  so if test framework is functioning properly then the image comparison should fail
# Commented out because the master branch isn't capable of making the expected image yet. Also TEST_GENERATE=1 makes an expected image that makes the test fail.
#set_property(TEST openscad-colorscheme-cornfield-alphafail_logo PROPERTY WILL_FAIL TRUE)",[],CMake,0,1204,1206
26470,openscad/openscad,https://github.com/openscad/openscad/blob/57b42557de8f42112d003a978f95725a351866ad/tests/CMakeLists.txt#L1209,"#
# Customizer tests
#",[],CMake,0,1209,1211
26470,openscad/openscad,https://github.com/openscad/openscad/blob/57b42557de8f42112d003a978f95725a351866ad/tests/CMakeLists.txt#L1227,# non-ASCII filenames,[],CMake,0,1227,1227
26470,openscad/openscad,https://github.com/openscad/openscad/blob/57b42557de8f42112d003a978f95725a351866ad/tests/CMakeLists.txt#L1230,# Variable override (-D arg),[],CMake,0,1230,1230
26470,openscad/openscad,https://github.com/openscad/openscad/blob/57b42557de8f42112d003a978f95725a351866ad/tests/CMakeLists.txt#L1238,# Image output parameters,[],CMake,0,1238,1238
26470,openscad/openscad,https://github.com/openscad/openscad/blob/57b42557de8f42112d003a978f95725a351866ad/tests/CMakeLists.txt#L1242,# Perspective gimbal cam,[],CMake,0,1242,1242
26470,openscad/openscad,https://github.com/openscad/openscad/blob/57b42557de8f42112d003a978f95725a351866ad/tests/CMakeLists.txt#L1244,# Perspective gimbal cam,[],CMake,0,1244,1244
26470,openscad/openscad,https://github.com/openscad/openscad/blob/57b42557de8f42112d003a978f95725a351866ad/tests/CMakeLists.txt#L1246,# Perspective gimbal cam,[],CMake,0,1246,1246
26470,openscad/openscad,https://github.com/openscad/openscad/blob/57b42557de8f42112d003a978f95725a351866ad/tests/CMakeLists.txt#L1248,"# Perspective gimbal cam, viewall",[],CMake,0,1248,1248
26470,openscad/openscad,https://github.com/openscad/openscad/blob/57b42557de8f42112d003a978f95725a351866ad/tests/CMakeLists.txt#L1250,"# Perspective gimbal cam, viewall, autocenter, off-center",[],CMake,0,1250,1250
26470,openscad/openscad,https://github.com/openscad/openscad/blob/57b42557de8f42112d003a978f95725a351866ad/tests/CMakeLists.txt#L1252,# Orthographic gimbal cam,[],CMake,0,1252,1252
26470,openscad/openscad,https://github.com/openscad/openscad/blob/57b42557de8f42112d003a978f95725a351866ad/tests/CMakeLists.txt#L1254,# Orthographic gimbal cam viewall,[],CMake,0,1254,1254
26470,openscad/openscad,https://github.com/openscad/openscad/blob/57b42557de8f42112d003a978f95725a351866ad/tests/CMakeLists.txt#L1256,# Perspective vector cam,[],CMake,0,1256,1256
26470,openscad/openscad,https://github.com/openscad/openscad/blob/57b42557de8f42112d003a978f95725a351866ad/tests/CMakeLists.txt#L1265,# Perspective vector cam,[],CMake,0,1265,1265
26470,openscad/openscad,https://github.com/openscad/openscad/blob/57b42557de8f42112d003a978f95725a351866ad/tests/CMakeLists.txt#L1267,# Perspective vector cam,[],CMake,0,1267,1267
26470,openscad/openscad,https://github.com/openscad/openscad/blob/57b42557de8f42112d003a978f95725a351866ad/tests/CMakeLists.txt#L1269,# Perspective vector cam viewall,[],CMake,0,1269,1269
26470,openscad/openscad,https://github.com/openscad/openscad/blob/57b42557de8f42112d003a978f95725a351866ad/tests/CMakeLists.txt#L1271,# Orthographic vector cam,[],CMake,0,1271,1271
26470,openscad/openscad,https://github.com/openscad/openscad/blob/57b42557de8f42112d003a978f95725a351866ad/tests/CMakeLists.txt#L1273,# Orthographic vector cam viewall,[],CMake,0,1273,1273
26470,openscad/openscad,https://github.com/openscad/openscad/blob/57b42557de8f42112d003a978f95725a351866ad/tests/CMakeLists.txt#L1279,# View Options tests,[],CMake,0,1279,1279
26470,openscad/openscad,https://github.com/openscad/openscad/blob/57b42557de8f42112d003a978f95725a351866ad/tests/CMakeLists.txt#L1287,# Colorscheme tests,[],CMake,0,1287,1287
26470,openscad/openscad,https://github.com/openscad/openscad/blob/57b42557de8f42112d003a978f95725a351866ad/tests/CMakeLists.txt#L1296,"#message(""Available test configurations: ${TEST_CONFIGS}"")
#foreach(CONF ${TEST_CONFIGS})
#  message(""${CONF}: ${${CONF}_TEST_CONFIG}"")
#endforeach()",[],CMake,0,1296,1299
26470,openscad/openscad,https://github.com/openscad/openscad/blob/57b42557de8f42112d003a978f95725a351866ad/cmake/Modules/FindCairo.cmake#L1,"# - Try to find Cairo
# Once done, this will define
#
#  CAIRO_FOUND - system has Cairo
#  CAIRO_INCLUDE_DIRS - the Cairo include directories
#  CAIRO_LIBRARIES - link these to use Cairo
#
# Copyright (C) 2012 Raphael Kubo da Costa <rakuco@webkit.org>
#
# Redistribution and use in source and binary forms, with or without
# modification, are permitted provided that the following conditions
# are met:
# 1.  Redistributions of source code must retain the above copyright
#     notice, this list of conditions and the following disclaimer.
# 2.  Redistributions in binary form must reproduce the above copyright
#     notice, this list of conditions and the following disclaimer in the
#     documentation and/or other materials provided with the distribution.
#
# THIS SOFTWARE IS PROVIDED BY THE COPYRIGHT HOLDER AND ITS CONTRIBUTORS ``AS
# IS'' AND ANY EXPRESS OR IMPLIED WARRANTIES, INCLUDING, BUT NOT LIMITED TO,
# THE IMPLIED WARRANTIES OF MERCHANTABILITY AND FITNESS FOR A PARTICULAR
# PURPOSE ARE DISCLAIMED. IN NO EVENT SHALL THE COPYRIGHT HOLDER OR ITS
# CONTRIBUTORS BE LIABLE FOR ANY DIRECT, INDIRECT, INCIDENTAL, SPECIAL,
# EXEMPLARY, OR CONSEQUENTIAL DAMAGES (INCLUDING, BUT NOT LIMITED TO,
# PROCUREMENT OF SUBSTITUTE GOODS OR SERVICES; LOSS OF USE, DATA, OR PROFITS;
# OR BUSINESS INTERRUPTION) HOWEVER CAUSED AND ON ANY THEORY OF LIABILITY,
# WHETHER IN CONTRACT, STRICT LIABILITY, OR TORT (INCLUDING NEGLIGENCE OR
# OTHERWISE) ARISING IN ANY WAY OUT OF THE USE OF THIS SOFTWARE, EVEN IF
# ADVISED OF THE POSSIBILITY OF SUCH DAMAGE.",[],CMake,0,1,29
26470,openscad/openscad,https://github.com/openscad/openscad/blob/57b42557de8f42112d003a978f95725a351866ad/cmake/Modules/FindDoubleConversion.cmake#L1,"# - Try to find double-conversion
# Once done, this will define
#
# DoubleConversion_FOUND - system has double-conversion
# DoubleConversion_INCLUDE_DIRS - the double-conversion include directories
# DoubleConversion_LIBRARIES - link these to use double-conversion",[],CMake,0,1,6
26470,openscad/openscad,https://github.com/openscad/openscad/blob/57b42557de8f42112d003a978f95725a351866ad/cmake/Modules/FindFontConfig.cmake#L1,"# - Try to find the  Fontconfig
# Once done this will define
#
#  FONTCONFIG_FOUND - system has Fontconfig
#  FONTCONFIG_INCLUDE_DIR - The include directory to use for the fontconfig headers
#  FONTCONFIG_LIBRARIES - Link these to use FONTCONFIG
#  FONTCONFIG_DEFINITIONS - Compiler switches required for using FONTCONFIG",[],CMake,0,1,7
26470,openscad/openscad,https://github.com/openscad/openscad/blob/57b42557de8f42112d003a978f95725a351866ad/cmake/Modules/FindFontConfig.cmake#L9,"# Copyright (c) 2006,2007 Laurent Montel, <montel@kde.org>
#
# Redistribution and use in source and binary forms, with or without
# modification, are permitted provided that the following conditions
# are met:
#
# 1. Redistributions of source code must retain the copyright
#    notice, this list of conditions and the following disclaimer.
# 2. Redistributions in binary form must reproduce the copyright
#    notice, this list of conditions and the following disclaimer in the
#    documentation and/or other materials provided with the distribution.
# 3. The name of the author may not be used to endorse or promote products 
#    derived from this software without specific prior written permission.
#
# THIS SOFTWARE IS PROVIDED BY THE AUTHOR ``AS IS'' AND ANY EXPRESS OR
# IMPLIED WARRANTIES, INCLUDING, BUT NOT LIMITED TO, THE IMPLIED WARRANTIES
# OF MERCHANTABILITY AND FITNESS FOR A PARTICULAR PURPOSE ARE DISCLAIMED.
# IN NO EVENT SHALL THE AUTHOR BE LIABLE FOR ANY DIRECT, INDIRECT,
# INCIDENTAL, SPECIAL, EXEMPLARY, OR CONSEQUENTIAL DAMAGES (INCLUDING, BUT
# NOT LIMITED TO, PROCUREMENT OF SUBSTITUTE GOODS OR SERVICES; LOSS OF USE,
# DATA, OR PROFITS; OR BUSINESS INTERRUPTION) HOWEVER CAUSED AND ON ANY
# THEORY OF LIABILITY, WHETHER IN CONTRACT, STRICT LIABILITY, OR TORT
# (INCLUDING NEGLIGENCE OR OTHERWISE) ARISING IN ANY WAY OUT OF THE USE OF
# THIS SOFTWARE, EVEN IF ADVISED OF THE POSSIBILITY OF SUCH DAMAGE.
#",[],CMake,0,9,33
26470,openscad/openscad,https://github.com/openscad/openscad/blob/57b42557de8f42112d003a978f95725a351866ad/cmake/Modules/FindFontConfig.cmake#L37,# in cache already,[],CMake,2,37,37
26470,openscad/openscad,https://github.com/openscad/openscad/blob/57b42557de8f42112d003a978f95725a351866ad/cmake/Modules/FindFontConfig.cmake#L43,"# use pkg-config to get the directories and then use these values
# in the FIND_PATH() and FIND_LIBRARY() calls",[],CMake,4,43,44
26470,openscad/openscad,https://github.com/openscad/openscad/blob/57b42557de8f42112d003a978f95725a351866ad/cmake/Modules/FindGLEW.cmake#L1,"#
# Try to find GLEW library and include path.
# Once done this will define
#
# GLEW_FOUND
# GLEW_INCLUDE_DIR
# GLEW_LIBRARY
# ",[],CMake,0,1,8
26470,openscad/openscad,https://github.com/openscad/openscad/blob/57b42557de8f42112d003a978f95725a351866ad/cmake/Modules/FindGLEW.cmake#L10,"# a few lines of this file are based on the LGPL code found at 
# http://openlibraries.org/browser/trunk/FindGLEW.cmake?rev=1383 ",[],CMake,0,10,11
26470,openscad/openscad,https://github.com/openscad/openscad/blob/57b42557de8f42112d003a978f95725a351866ad/cmake/Modules/FindGLEW.cmake#L14,# passed from caller,[],CMake,26,14,14
26470,openscad/openscad,https://github.com/openscad/openscad/blob/57b42557de8f42112d003a978f95725a351866ad/cmake/Modules/FindGLEW.cmake#L15,"# static, non-debug (Release)",[],CMake,42,15,15
26470,openscad/openscad,https://github.com/openscad/openscad/blob/57b42557de8f42112d003a978f95725a351866ad/cmake/Modules/FindGLEW.cmake#L17,# other. untested with OpenSCAD,[],CMake,41,17,17
26470,openscad/openscad,https://github.com/openscad/openscad/blob/57b42557de8f42112d003a978f95725a351866ad/cmake/Modules/FindGLEW.cmake#L19,# GCC,[],CMake,8,19,19
26470,openscad/openscad,https://github.com/openscad/openscad/blob/57b42557de8f42112d003a978f95725a351866ad/cmake/Modules/FindGLIB2.cmake#L6,"# GLIB2 requires pkg-config to build. 
# If we are did an OPENSCAD_LIBRARIES dependency build of glib2, we need to 
# tell pkg-config to look under OPENSCAD_LIBRARIES dir.
# Otherwise, we need to use the system's pkg-config to find system's glib2",[],CMake,0,6,9
26470,openscad/openscad,https://github.com/openscad/openscad/blob/57b42557de8f42112d003a978f95725a351866ad/cmake/Modules/FindGLIB2.cmake#L25,"#message(STATUS ""GLIB2_LIBRARIES ${GLIB2_LIBRARIES}"")",[],CMake,0,25,25
26470,openscad/openscad,https://github.com/openscad/openscad/blob/57b42557de8f42112d003a978f95725a351866ad/cmake/Modules/FindGLIB2.cmake#L27,"#message(STATUS ""GLIB2_LDFLAGS ${GLIB2_LDFLAGS}"")
#message(STATUS ""GLIB2_LDFLAGS_OTHER ${GLIB2_LDFLAGS_OTHER}"")
#message(STATUS ""GLIB2_INCLUDE_DIRS ${GLIB2_INCLUDE_DIRS}"")",[],CMake,0,27,29
26470,openscad/openscad,https://github.com/openscad/openscad/blob/57b42557de8f42112d003a978f95725a351866ad/cmake/Modules/FindGLIB2.cmake#L34,"#message(STATUS ""GLIB2_CFLAGS ${GLIB2_CFLAGS}"")
#message(STATUS ""GLIB2_CFLAGS_OTHER ${GLIB2_CFLAGS_OTHER}"")",[],CMake,0,34,35
26470,openscad/openscad,https://github.com/openscad/openscad/blob/57b42557de8f42112d003a978f95725a351866ad/cmake/Modules/FindGLIB2.cmake#L40,"#message(STATUS ""GLIB2_DEFINITIONS ${GLIB2_DEFINITIONS}"")",[],CMake,0,40,40
26470,openscad/openscad,https://github.com/openscad/openscad/blob/57b42557de8f42112d003a978f95725a351866ad/cmake/Modules/FindGLIB2.cmake#L45,"#  message(STATUS ""lib: ${GLIB2_LIB}"")",[],CMake,0,45,45
26470,openscad/openscad,https://github.com/openscad/openscad/blob/57b42557de8f42112d003a978f95725a351866ad/cmake/Modules/FindHarfBuzz.cmake#L1,"# Copyright (c) 2012, Intel Corporation
#
# Redistribution and use in source and binary forms, with or without
# modification, are permitted provided that the following conditions are met:
#
# * Redistributions of source code must retain the above copyright notice, this
#   list of conditions and the following disclaimer.
# * Redistributions in binary form must reproduce the above copyright notice,
#   this list of conditions and the following disclaimer in the documentation
#   and/or other materials provided with the distribution.
# * Neither the name of Intel Corporation nor the names of its contributors may
#   be used to endorse or promote products derived from this software without
#   specific prior written permission.
#
# THIS SOFTWARE IS PROVIDED BY THE COPYRIGHT HOLDERS AND CONTRIBUTORS ""AS IS""
# AND ANY EXPRESS OR IMPLIED WARRANTIES, INCLUDING, BUT NOT LIMITED TO, THE
# IMPLIED WARRANTIES OF MERCHANTABILITY AND FITNESS FOR A PARTICULAR PURPOSE
# ARE DISCLAIMED. IN NO EVENT SHALL THE COPYRIGHT OWNER OR CONTRIBUTORS BE
# LIABLE FOR ANY DIRECT, INDIRECT, INCIDENTAL, SPECIAL, EXEMPLARY, OR
# CONSEQUENTIAL DAMAGES (INCLUDING, BUT NOT LIMITED TO, PROCUREMENT OF
# SUBSTITUTE GOODS OR SERVICES; LOSS OF USE, DATA, OR PROFITS; OR BUSINESS
# INTERRUPTION) HOWEVER CAUSED AND ON ANY THEORY OF LIABILITY, WHETHER IN
# CONTRACT, STRICT LIABILITY, OR TORT (INCLUDING NEGLIGENCE OR OTHERWISE)
# ARISING IN ANY WAY OUT OF THE USE OF THIS SOFTWARE, EVEN IF ADVISED OF THE
# POSSIBILITY OF SUCH DAMAGE.
#
# Try to find Harfbuzz include and library directories.
#
# After successful discovery, this will set for inclusion where needed:
# HARFBUZZ_INCLUDE_DIRS - containing the HarfBuzz headers
# HARFBUZZ_LIBRARIES - containing the HarfBuzz library",[],CMake,0,1,31
26470,openscad/openscad,https://github.com/openscad/openscad/blob/57b42557de8f42112d003a978f95725a351866ad/cmake/Modules/FindLib3MF.cmake#L1,"#
# Try to find 3MF library and include path.
# Once done this will define
#
# LIB3MF_FOUND
# LIB3MF_CFLAGS
# LIB3MF_LIBDIR
# LIB3MF_INCLUDE_DIRS
# LIB3MF_LIBRARIES
# ",[],CMake,0,1,10
26470,openscad/openscad,https://github.com/openscad/openscad/blob/57b42557de8f42112d003a978f95725a351866ad/cmake/Modules/FindLib3MF.cmake#L12,"# Don't specify REQUIRED here in case pkg-config fails.
# We still fall back to the rest of detection code here.
# Travis CI Ubuntu Trusty environment has some issue with pkg-config
# not finding the version.",[],CMake,0,12,15
26470,openscad/openscad,https://github.com/openscad/openscad/blob/57b42557de8f42112d003a978f95725a351866ad/cmake/Modules/FindLib3MF.cmake#L19,# Check for 2.0 version pc file if 1.0 was not found.,[],CMake,0,19,19
26470,openscad/openscad,https://github.com/openscad/openscad/blob/57b42557de8f42112d003a978f95725a351866ad/cmake/Modules/FindLib3MF.cmake#L46,# default to uppercase for 1.0 library name,[],CMake,0,46,46
26470,openscad/openscad,https://github.com/openscad/openscad/blob/57b42557de8f42112d003a978f95725a351866ad/cmake/Modules/FindLib3MF.cmake#L50,# some distribution packages are missing version information for 2.0,[],CMake,0,50,50
26470,openscad/openscad,https://github.com/openscad/openscad/blob/57b42557de8f42112d003a978f95725a351866ad/cmake/Modules/FindLibZip.cmake#L1,"# Finds libzip.
#
# This module defines:
# LIBZIP_INCLUDE_DIR_ZIP
# LIBZIP_INCLUDE_DIR_ZIPCONF
# LIBZIP_LIBRARY
# LIBZIP_VERSION
#",[],CMake,0,1,8
26470,openscad/openscad,https://github.com/openscad/openscad/blob/57b42557de8f42112d003a978f95725a351866ad/cmake/Modules/FindOpenCSG.cmake#L22,# version,[],CMake,4,22,22
26470,openscad/openscad,https://github.com/openscad/openscad/blob/57b42557de8f42112d003a978f95725a351866ad/cmake/Modules/FindQt5QScintilla.cmake#L1,"# QScintilla is a port to Qt of Neil Hodgson's Scintilla C++ editor control
# available at http://www.riverbankcomputing.com/software/qscintilla/
#
# The module defines the following variables:
#  QT5QSCINTILLA_FOUND - the system has QScintilla
#  QT5QSCINTILLA_INCLUDE_DIR - where to find qsciscintilla.h
#  QT5QSCINTILLA_INCLUDE_DIRS - qscintilla includes
#  QT5QSCINTILLA_LIBRARY - where to find the QScintilla library
#  QT5QSCINTILLA_LIBRARIES - additional libraries
#  QT5QSCINTILLA_MAJOR_VERSION - major version
#  QT5QSCINTILLA_MINOR_VERSION - minor version
#  QT5QSCINTILLA_PATCH_VERSION - patch version
#  QT5QSCINTILLA_VERSION_STRING - version (ex. 2.6.2)
#  QT5QSCINTILLA_ROOT_DIR - root dir (ex. /usr/local)",[],CMake,0,1,14
26470,openscad/openscad,https://github.com/openscad/openscad/blob/57b42557de8f42112d003a978f95725a351866ad/cmake/Modules/FindQt5QScintilla.cmake#L16,"#=============================================================================
# Copyright 2010-2013, Julien Schueller
# All rights reserved.
# 
# Redistribution and use in source and binary forms, with or without
# modification, are permitted provided that the following conditions are met: 
# 
# 1. Redistributions of source code must retain the above copyright notice, this
#    list of conditions and the following disclaimer. 
# 2. Redistributions in binary form must reproduce the above copyright notice,
#    this list of conditions and the following disclaimer in the documentation
#    and/or other materials provided with the distribution. 
#
# THIS SOFTWARE IS PROVIDED BY THE COPYRIGHT HOLDERS AND CONTRIBUTORS ""AS IS"" AND
# ANY EXPRESS OR IMPLIED WARRANTIES, INCLUDING, BUT NOT LIMITED TO, THE IMPLIED
# WARRANTIES OF MERCHANTABILITY AND FITNESS FOR A PARTICULAR PURPOSE ARE
# DISCLAIMED. IN NO EVENT SHALL THE COPYRIGHT OWNER OR CONTRIBUTORS BE LIABLE FOR
# ANY DIRECT, INDIRECT, INCIDENTAL, SPECIAL, EXEMPLARY, OR CONSEQUENTIAL DAMAGES
# (INCLUDING, BUT NOT LIMITED TO, PROCUREMENT OF SUBSTITUTE GOODS OR SERVICES;
# LOSS OF USE, DATA, OR PROFITS; OR BUSINESS INTERRUPTION) HOWEVER CAUSED AND
# ON ANY THEORY OF LIABILITY, WHETHER IN CONTRACT, STRICT LIABILITY, OR TORT
# (INCLUDING NEGLIGENCE OR OTHERWISE) ARISING IN ANY WAY OUT OF THE USE OF THIS
# SOFTWARE, EVEN IF ADVISED OF THE POSSIBILITY OF SUCH DAMAGE.",[],CMake,0,16,38
26470,openscad/openscad,https://github.com/openscad/openscad/blob/57b42557de8f42112d003a978f95725a351866ad/cmake/Modules/FindQt5QScintilla.cmake#L40,"# The views and conclusions contained in the software and documentation are those
# of the authors and should not be interpreted as representing official policies, 
# either expressed or implied, of the FreeBSD Project.
#=============================================================================",[],CMake,0,40,43
26470,openscad/openscad,https://github.com/openscad/openscad/blob/57b42557de8f42112d003a978f95725a351866ad/cmake/Modules/FindQt5QScintilla.cmake#L54,# version,[],CMake,0,54,54
26470,openscad/openscad,https://github.com/openscad/openscad/blob/57b42557de8f42112d003a978f95725a351866ad/cmake/Modules/FindQt5QScintilla.cmake#L67,# check version,[],CMake,0,67,67
26470,openscad/openscad,https://github.com/openscad/openscad/blob/57b42557de8f42112d003a978f95725a351866ad/cmake/Modules/FindQt5QScintilla.cmake#L93,"#IF( QT5QSCINTILLA_FOUND )
#                MESSAGE( STATUS ""Found QScintilla-Qt5 header files in ${QT5QSCINTILLA_INCLUDE_DIR}"")
#                MESSAGE( STATUS ""Found QScintilla-Qt5 libraries: ${QT5QSCINTILLA_LIBRARY}"")
#ENDIF(QT5QSCINTILLA_FOUND)",[],CMake,0,93,96
26470,openscad/openscad,https://github.com/openscad/openscad/blob/57b42557de8f42112d003a978f95725a351866ad/cmake/Modules/FindQt5QScintilla.cmake#L98,# try to guess root dir from include dir,[],CMake,0,98,98
26470,openscad/openscad,https://github.com/openscad/openscad/blob/57b42557de8f42112d003a978f95725a351866ad/cmake/Modules/FindQt5QScintilla.cmake#L101,# try to guess root dir from library dir,[],CMake,0,101,101
26470,openscad/openscad,https://github.com/openscad/openscad/blob/57b42557de8f42112d003a978f95725a351866ad/cmake/Modules/FindQt5QScintilla.cmake#L107,# handle the QUIETLY and REQUIRED arguments,[],CMake,0,107,107
26470,openscad/openscad,https://github.com/openscad/openscad/blob/57b42557de8f42112d003a978f95725a351866ad/cmake/Modules/PkgConfigTools.cmake#L1,# Use this to save the existing pkg-config settings,[],CMake,0,1,1
26470,openscad/openscad,https://github.com/openscad/openscad/blob/57b42557de8f42112d003a978f95725a351866ad/cmake/Modules/PkgConfigTools.cmake#L13,# Use this to restore to the original pkg-config settings,[],CMake,0,13,13
26470,openscad/openscad,https://github.com/openscad/openscad/blob/57b42557de8f42112d003a978f95725a351866ad/tests/CMingw-cross-env.cmake#L1,"#
# CMake Toolchain file for cross compiling OpenSCAD tests linux->mingw-win32
# --------------------------------------------------------------------------
#
# This CMake Toolchain file will cross-compile the regression test 
# programs for OpenSCAD, and generate a CTestTestfile.cmake
#
# The result will not be directly usable. Please see doc/testing.txt
# for complete instructions for running the regression tests under Windows(TM) 
# 
# Prerequisites:
# 
# Please see doc/testing.txt for pre-requisites.
#
# Usage:
#
# Please see doc/testing.txt for usage
#
# Please do not use this file directly unless you are experimenting. 
# This file is typically called from release-common.sh automatically, 
# not used directly by a human.
#
# Assuming you want to build 64bit:
# 
# cd openscad
# source scripts/setenv-mingw-xbuild.sh 64
# cd openscad/tests && mkdir build-mingw64 && cd build-mingw64
# export OPENSCADPATH=../../libraries # (to find MCAD for some tests)
# cmake .. -DCMAKE_TOOLCHAIN_FILE=../CMingw-cross-env.cmake \
#          -DMINGW_CROSS_ENV_DIR=$MXEDIR \
#          -DMACHINE=x86_64-w64-mingw32
#
# For 32 bit, change '64' to '32' in setenv/mkdir and use this machine:
#          -DMACHINE=i686-pc-mingw32
#
# make # (should proceed as normal.)
#
# See also:
# 
# http://lists.gnu.org/archive/html/mingw-cross-env-list/2010-11/threads.html#00078
#  (thread ""Qt with Cmake"")
# http://lists.gnu.org/archive/html/mingw-cross-env-list/2011-01/threads.html#00012
#  (thread ""Qt: pkg-config files?"")
# http://mingw-cross-env.nongnu.org/#requirements
# http://www.vtk.org/Wiki/CMake_Cross_Compiling
# https://bitbucket.org/muellni/mingw-cross-env-cmake/src/2067fcf2d52e/src/cmake-1-toolchain-file.patch
# http://code.google.com/p/qtlobby/source/browse/trunk/toolchain-mingw.cmake
# http://gcc.gnu.org/onlinedocs/gcc-3.4.6/gcc/Link-Options.html
# Makefile.Release generated by qmake 
# mingw-cross-env's qmake.conf and *.prl files
# mingw-cross-env's pkg-config files in usr/${MACHINE}/lib/pkgconfig
# (may have to add to env var PKG_CONFIG_PATH to find qt .pc files)
# http://www.vtk.org/Wiki/CMake:How_To_Find_Libraries
#",[],CMake,0,1,54
26470,openscad/openscad,https://github.com/openscad/openscad/blob/57b42557de8f42112d003a978f95725a351866ad/tests/CMingw-cross-env.cmake#L56,"#
# Notes: 
#
# To debug the build process run ""make VERBOSE=1"". 'strace -f' is also useful. 
#
# This file is actually called multiple times by cmake, so various 'if NOT set' 
# guards are used to keep programs from running twice.
#",[],CMake,0,56,63
26470,openscad/openscad,https://github.com/openscad/openscad/blob/57b42557de8f42112d003a978f95725a351866ad/tests/CMingw-cross-env.cmake#L65,"#
# Part 1: Skip imagemagick search.
#",[],CMake,0,65,67
26470,openscad/openscad,https://github.com/openscad/openscad/blob/57b42557de8f42112d003a978f95725a351866ad/tests/CMingw-cross-env.cmake#L71,"#
# Part 2. cross-compiler setup
#",[],CMake,0,71,73
26470,openscad/openscad,https://github.com/openscad/openscad/blob/57b42557de8f42112d003a978f95725a351866ad/tests/CMingw-cross-env.cmake#L95,"#
# Part 3. library settings for mingw-cross-env
#",[],CMake,0,95,97
26470,openscad/openscad,https://github.com/openscad/openscad/blob/57b42557de8f42112d003a978f95725a351866ad/tests/CMingw-cross-env.cmake#L102,"# set( Boost_DEBUG TRUE ) # for debugging cmake's FindBoost, not boost itself",[],CMake,0,102,102
26470,openscad/openscad,https://github.com/openscad/openscad/blob/57b42557de8f42112d003a978f95725a351866ad/tests/CMingw-cross-env.cmake#L123,# called from CMakeLists.txt,[],CMake,2,123,123
26470,openscad/openscad,https://github.com/openscad/openscad/blob/57b42557de8f42112d003a978f95725a351866ad/tests/CMingw-cross-env.cmake#L148,"#
# Part 4. -D definitions
#",[],CMake,0,148,150
26470,openscad/openscad,https://github.com/openscad/openscad/blob/57b42557de8f42112d003a978f95725a351866ad/tests/CMingw-cross-env.cmake#L153,# FindGLEW.cmake needs this,[],CMake,35,153,153
26470,openscad/openscad,https://github.com/openscad/openscad/blob/57b42557de8f42112d003a978f95725a351866ad/tests/CMingw-cross-env.cmake#L156,# because qmake does it,[],CMake,31,156,156
