repoIndex,repoName,linkLocation,comment,keywords,buildSysteminFile,charPosition,startLine,endLine
26505,eclipse/sumo,https://github.com/eclipse/sumo/blob/7e6a9f98938dab27dd9d7b9885f176b0cb7b7978/CMakeLists.txt#L1,# set VERSION to empty string,[],CMake,0,1,1
26505,eclipse/sumo,https://github.com/eclipse/sumo/blob/7e6a9f98938dab27dd9d7b9885f176b0cb7b7978/CMakeLists.txt#L3,# do not expand quoted variables in if statements,[],CMake,0,3,3
26505,eclipse/sumo,https://github.com/eclipse/sumo/blob/7e6a9f98938dab27dd9d7b9885f176b0cb7b7978/CMakeLists.txt#L5,# Options,[],CMake,0,5,5
26505,eclipse/sumo,https://github.com/eclipse/sumo/blob/7e6a9f98938dab27dd9d7b9885f176b0cb7b7978/CMakeLists.txt#L18,"# Set a default build type if none was specified
# you may use -DCMAKE_BUILD_TYPE:STRING=Debug from the command line",[],CMake,0,18,19
26505,eclipse/sumo,https://github.com/eclipse/sumo/blob/7e6a9f98938dab27dd9d7b9885f176b0cb7b7978/CMakeLists.txt#L27,# Set the possible values of build type for cmake-gui,[],CMake,2,27,27
26505,eclipse/sumo,https://github.com/eclipse/sumo/blob/7e6a9f98938dab27dd9d7b9885f176b0cb7b7978/CMakeLists.txt#L35,"# Check if libraries have to be found, depending on SUMO_LIBRARIES",[],CMake,0,35,35
26505,eclipse/sumo,https://github.com/eclipse/sumo/blob/7e6a9f98938dab27dd9d7b9885f176b0cb7b7978/CMakeLists.txt#L38,# some user place SUMOLibraries in the same SUMO folder,[],CMake,0,38,38
26505,eclipse/sumo,https://github.com/eclipse/sumo/blob/7e6a9f98938dab27dd9d7b9885f176b0cb7b7978/CMakeLists.txt#L78,# declare flags for compilers,[],CMake,0,78,78
26505,eclipse/sumo,https://github.com/eclipse/sumo/blob/7e6a9f98938dab27dd9d7b9885f176b0cb7b7978/CMakeLists.txt#L86,# compiler specific flags,[],CMake,0,86,86
26505,eclipse/sumo,https://github.com/eclipse/sumo/blob/7e6a9f98938dab27dd9d7b9885f176b0cb7b7978/CMakeLists.txt#L88,# set flags for clang in windows,[],CMake,4,88,88
26505,eclipse/sumo,https://github.com/eclipse/sumo/blob/7e6a9f98938dab27dd9d7b9885f176b0cb7b7978/CMakeLists.txt#L90,# flags for clang in windows,[],CMake,8,90,90
26505,eclipse/sumo,https://github.com/eclipse/sumo/blob/7e6a9f98938dab27dd9d7b9885f176b0cb7b7978/CMakeLists.txt#L92,# disable debug build (due a problem with Runtime Libraries),[],CMake,8,92,92
26505,eclipse/sumo,https://github.com/eclipse/sumo/blob/7e6a9f98938dab27dd9d7b9885f176b0cb7b7978/CMakeLists.txt#L96,#flags for clang and gcc in linux,[],CMake,8,96,96
26505,eclipse/sumo,https://github.com/eclipse/sumo/blob/7e6a9f98938dab27dd9d7b9885f176b0cb7b7978/CMakeLists.txt#L110,# enabling /WX is not possible due to warnings in external headers,[],CMake,4,110,110
26505,eclipse/sumo,https://github.com/eclipse/sumo/blob/7e6a9f98938dab27dd9d7b9885f176b0cb7b7978/CMakeLists.txt#L120,# /Wall brings MSVC 2013 to complete halt,[],CMake,8,120,120
26505,eclipse/sumo,https://github.com/eclipse/sumo/blob/7e6a9f98938dab27dd9d7b9885f176b0cb7b7978/CMakeLists.txt#L130,# SWIG generates large obj files,[],CMake,4,130,130
26505,eclipse/sumo,https://github.com/eclipse/sumo/blob/7e6a9f98938dab27dd9d7b9885f176b0cb7b7978/CMakeLists.txt#L132,# exporting symbols for shared libraries needs to enabled explicitly,[],CMake,4,132,132
26505,eclipse/sumo,https://github.com/eclipse/sumo/blob/7e6a9f98938dab27dd9d7b9885f176b0cb7b7978/CMakeLists.txt#L134,# add option for enabling console in release mode,[],CMake,4,134,134
26505,eclipse/sumo,https://github.com/eclipse/sumo/blob/7e6a9f98938dab27dd9d7b9885f176b0cb7b7978/CMakeLists.txt#L138,# special debug flags,[],CMake,0,138,138
26505,eclipse/sumo,https://github.com/eclipse/sumo/blob/7e6a9f98938dab27dd9d7b9885f176b0cb7b7978/CMakeLists.txt#L143,# set iterator de bug level in 0,[],CMake,8,143,143
26505,eclipse/sumo,https://github.com/eclipse/sumo/blob/7e6a9f98938dab27dd9d7b9885f176b0cb7b7978/CMakeLists.txt#L150,# we need to build position independent code when generating a shared library,[],CMake,0,150,150
26505,eclipse/sumo,https://github.com/eclipse/sumo/blob/7e6a9f98938dab27dd9d7b9885f176b0cb7b7978/CMakeLists.txt#L161,# force Visual Studio to leave out the Release / Debug dirs,[],CMake,0,161,161
26505,eclipse/sumo,https://github.com/eclipse/sumo/blob/7e6a9f98938dab27dd9d7b9885f176b0cb7b7978/CMakeLists.txt#L166,# Debug messages,[],CMake,0,166,166
26505,eclipse/sumo,https://github.com/eclipse/sumo/blob/7e6a9f98938dab27dd9d7b9885f176b0cb7b7978/CMakeLists.txt#L187,# we know that openGL is deprecated for newer MacOS,[],CMake,4,187,187
26505,eclipse/sumo,https://github.com/eclipse/sumo/blob/7e6a9f98938dab27dd9d7b9885f176b0cb7b7978/CMakeLists.txt#L190,"# Recommendation, also add a ""brew --prefix"" custom command to detect a homebrew build environment",[],CMake,4,190,190
26505,eclipse/sumo,https://github.com/eclipse/sumo/blob/7e6a9f98938dab27dd9d7b9885f176b0cb7b7978/CMakeLists.txt#L198,"# Detect if the ""port"" command is valid on this system; if so, return full path",[],CMake,4,198,198
26505,eclipse/sumo,https://github.com/eclipse/sumo/blob/7e6a9f98938dab27dd9d7b9885f176b0cb7b7978/CMakeLists.txt#L201,"# MACPORTS_PREFIX contains now something like ""/opt/local/bin/port"", so we get the parent directory",[],CMake,8,201,201
26505,eclipse/sumo,https://github.com/eclipse/sumo/blob/7e6a9f98938dab27dd9d7b9885f176b0cb7b7978/CMakeLists.txt#L203,"# ""/opt/local"" is where MacPorts lives, add `/lib` suffix and link
# http://stackoverflow.com/questions/1487752/how-do-i-instruct-cmake-to-look-for-libraries-installed-by-macports",[],CMake,8,203,204
26505,eclipse/sumo,https://github.com/eclipse/sumo/blob/7e6a9f98938dab27dd9d7b9885f176b0cb7b7978/CMakeLists.txt#L211,#  Specifically define variable WIN32 for compilations under windows (due an error in Shawn),[],CMake,0,211,211
26505,eclipse/sumo,https://github.com/eclipse/sumo/blob/7e6a9f98938dab27dd9d7b9885f176b0cb7b7978/CMakeLists.txt#L218,# check if SUMOLibraries was found (Only in Windows),[],CMake,0,218,218
26505,eclipse/sumo,https://github.com/eclipse/sumo/blob/7e6a9f98938dab27dd9d7b9885f176b0cb7b7978/CMakeLists.txt#L220,# set option for install debug and release runtime dlls,[],CMake,4,220,220
26505,eclipse/sumo,https://github.com/eclipse/sumo/blob/7e6a9f98938dab27dd9d7b9885f176b0cb7b7978/CMakeLists.txt#L222,# Special option for MinGW32,[],CMake,4,222,222
26505,eclipse/sumo,https://github.com/eclipse/sumo/blob/7e6a9f98938dab27dd9d7b9885f176b0cb7b7978/CMakeLists.txt#L236,# set all paths in prefix,[],CMake,4,236,236
26505,eclipse/sumo,https://github.com/eclipse/sumo/blob/7e6a9f98938dab27dd9d7b9885f176b0cb7b7978/CMakeLists.txt#L238,# save in variable SUMO_LIBRARIES_DLL all paths to dll files,[],CMake,4,238,238
26505,eclipse/sumo,https://github.com/eclipse/sumo/blob/7e6a9f98938dab27dd9d7b9885f176b0cb7b7978/CMakeLists.txt#L243,"#                                 ""${FREETYPE_PATH}/bin/*.dll""",[],CMake,0,243,243
26505,eclipse/sumo,https://github.com/eclipse/sumo/blob/7e6a9f98938dab27dd9d7b9885f176b0cb7b7978/CMakeLists.txt#L254,# check if MSVC dll runtimes have to be copied,[],CMake,4,254,254
26505,eclipse/sumo,https://github.com/eclipse/sumo/blob/7e6a9f98938dab27dd9d7b9885f176b0cb7b7978/CMakeLists.txt#L259,# declare flag for use google test,[],CMake,4,259,259
26505,eclipse/sumo,https://github.com/eclipse/sumo/blob/7e6a9f98938dab27dd9d7b9885f176b0cb7b7978/CMakeLists.txt#L261,# check if use google test,[],CMake,4,261,261
26505,eclipse/sumo,https://github.com/eclipse/sumo/blob/7e6a9f98938dab27dd9d7b9885f176b0cb7b7978/CMakeLists.txt#L275,# set both google test library,[],CMake,8,275,275
26505,eclipse/sumo,https://github.com/eclipse/sumo/blob/7e6a9f98938dab27dd9d7b9885f176b0cb7b7978/CMakeLists.txt#L277,# set google test DLLs,[],CMake,8,277,277
26505,eclipse/sumo,https://github.com/eclipse/sumo/blob/7e6a9f98938dab27dd9d7b9885f176b0cb7b7978/CMakeLists.txt#L285,# for Linux and Mac only,[],CMake,4,285,285
26505,eclipse/sumo,https://github.com/eclipse/sumo/blob/7e6a9f98938dab27dd9d7b9885f176b0cb7b7978/CMakeLists.txt#L351,# GDAL (for geopositioning),[],CMake,4,351,351
26505,eclipse/sumo,https://github.com/eclipse/sumo/blob/7e6a9f98938dab27dd9d7b9885f176b0cb7b7978/CMakeLists.txt#L362,# FFMPEG (for recording videos),[],CMake,8,362,362
26505,eclipse/sumo,https://github.com/eclipse/sumo/blob/7e6a9f98938dab27dd9d7b9885f176b0cb7b7978/CMakeLists.txt#L370,# OSG (For 3D view),[],CMake,8,370,370
26505,eclipse/sumo,https://github.com/eclipse/sumo/blob/7e6a9f98938dab27dd9d7b9885f176b0cb7b7978/CMakeLists.txt#L378,"# GL2PS (deprecated, will be changed by FreeType",[],CMake,8,378,378
26505,eclipse/sumo,https://github.com/eclipse/sumo/blob/7e6a9f98938dab27dd9d7b9885f176b0cb7b7978/CMakeLists.txt#L387,# Eigen (for overhead wire / electric circuit simulation),[],CMake,4,387,387
26505,eclipse/sumo,https://github.com/eclipse/sumo/blob/7e6a9f98938dab27dd9d7b9885f176b0cb7b7978/CMakeLists.txt#L391,# see config.h.cmake for #cmakedefine,[],CMake,27,391,391
26505,eclipse/sumo,https://github.com/eclipse/sumo/blob/7e6a9f98938dab27dd9d7b9885f176b0cb7b7978/CMakeLists.txt#L395,# set(JPS_FOUND 1),[],CMake,4,395,395
26505,eclipse/sumo,https://github.com/eclipse/sumo/blob/7e6a9f98938dab27dd9d7b9885f176b0cb7b7978/CMakeLists.txt#L397,# or STATIC instead of SHARED,[],CMake,41,397,397
26505,eclipse/sumo,https://github.com/eclipse/sumo/blob/7e6a9f98938dab27dd9d7b9885f176b0cb7b7978/CMakeLists.txt#L403,# add optional libraries,[],CMake,4,403,403
26505,eclipse/sumo,https://github.com/eclipse/sumo/blob/7e6a9f98938dab27dd9d7b9885f176b0cb7b7978/CMakeLists.txt#L423,# set custom name and folder for ALL_BUILD and ZERO_CHECK in visual studio solutions,[],CMake,0,423,423
26505,eclipse/sumo,https://github.com/eclipse/sumo/blob/7e6a9f98938dab27dd9d7b9885f176b0cb7b7978/CMakeLists.txt#L427,# installation,[],CMake,0,427,427
26505,eclipse/sumo,https://github.com/eclipse/sumo/blob/7e6a9f98938dab27dd9d7b9885f176b0cb7b7978/CMakeLists.txt#L454,# needed for the scikit build,[],CMake,38,454,454
26505,eclipse/sumo,https://github.com/eclipse/sumo/blob/7e6a9f98938dab27dd9d7b9885f176b0cb7b7978/CMakeLists.txt#L481,# filter release DLLs,[],CMake,4,481,481
26505,eclipse/sumo,https://github.com/eclipse/sumo/blob/7e6a9f98938dab27dd9d7b9885f176b0cb7b7978/CMakeLists.txt#L484,# copy debug dlls,[],CMake,4,484,484
26505,eclipse/sumo,https://github.com/eclipse/sumo/blob/7e6a9f98938dab27dd9d7b9885f176b0cb7b7978/CMakeLists.txt#L504,# copy OSG dlls,[],CMake,4,504,504
26505,eclipse/sumo,https://github.com/eclipse/sumo/blob/7e6a9f98938dab27dd9d7b9885f176b0cb7b7978/CMakeLists.txt#L515,"# proj 7 needs to copy ""share/proj"" folder in SUMO_HOME/share",[],CMake,4,515,515
26505,eclipse/sumo,https://github.com/eclipse/sumo/blob/7e6a9f98938dab27dd9d7b9885f176b0cb7b7978/CMakeLists.txt#L522,"# set install dll targets, for non-Windows they depend on nothing",[],CMake,0,522,522
26505,eclipse/sumo,https://github.com/eclipse/sumo/blob/7e6a9f98938dab27dd9d7b9885f176b0cb7b7978/CMakeLists.txt#L528,# java targets,[],CMake,0,528,528
26505,eclipse/sumo,https://github.com/eclipse/sumo/blob/7e6a9f98938dab27dd9d7b9885f176b0cb7b7978/CMakeLists.txt#L555,# doc targets,[],CMake,0,555,555
26505,eclipse/sumo,https://github.com/eclipse/sumo/blob/7e6a9f98938dab27dd9d7b9885f176b0cb7b7978/CMakeLists.txt#L614,# coverage targets,[],CMake,0,614,614
26505,eclipse/sumo,https://github.com/eclipse/sumo/blob/7e6a9f98938dab27dd9d7b9885f176b0cb7b7978/CMakeLists.txt#L633,# testing,[],CMake,0,633,633
26505,eclipse/sumo,https://github.com/eclipse/sumo/blob/7e6a9f98938dab27dd9d7b9885f176b0cb7b7978/CMakeLists.txt#L648,# example and dist targets,[],CMake,0,648,648
26505,eclipse/sumo,https://github.com/eclipse/sumo/blob/7e6a9f98938dab27dd9d7b9885f176b0cb7b7978/src/fmi/CMakeLists.txt#L2,"#########################################################
# Building of the libsumo-FMI2 library",[],CMake,0,2,3
26505,eclipse/sumo,https://github.com/eclipse/sumo/blob/7e6a9f98938dab27dd9d7b9885f176b0cb7b7978/src/fmi/CMakeLists.txt#L16,"#########################################################
# Building of the ZIP Archive with the model description
# and the static library for the FMU",[],CMake,0,16,18
26505,eclipse/sumo,https://github.com/eclipse/sumo/blob/7e6a9f98938dab27dd9d7b9885f176b0cb7b7978/src/fmi/CMakeLists.txt#L20,"# The Library needs to go to a specific folder
# (binaries/win32 or binaries/win64 or ...)
# We need to determine the name for this folder",[],CMake,0,20,22
26505,eclipse/sumo,https://github.com/eclipse/sumo/blob/7e6a9f98938dab27dd9d7b9885f176b0cb7b7978/src/fmi/CMakeLists.txt#L48,# Set the temporary folder name to collect the contents for the ZIP archive,[],CMake,0,48,48
26505,eclipse/sumo,https://github.com/eclipse/sumo/blob/7e6a9f98938dab27dd9d7b9885f176b0cb7b7978/src/fmi/CMakeLists.txt#L51,# The command and parameters for rm / remove_directory change in cmake,[],CMake,0,51,51
26505,eclipse/sumo,https://github.com/eclipse/sumo/blob/7e6a9f98938dab27dd9d7b9885f176b0cb7b7978/src/fmi/CMakeLists.txt#L60,"###########################################################
# Define the custom target FMI to have all of these files
# built (also as part of ALL - but of course this happens
# only when FMI is enabled)",[],CMake,0,60,63
26505,eclipse/sumo,https://github.com/eclipse/sumo/blob/7e6a9f98938dab27dd9d7b9885f176b0cb7b7978/src/fmi/CMakeLists.txt#L65,# Remove the old directory (if exists) and create a new directory,[],CMake,2,65,65
26505,eclipse/sumo,https://github.com/eclipse/sumo/blob/7e6a9f98938dab27dd9d7b9885f176b0cb7b7978/src/fmi/CMakeLists.txt#L68,# Copy the XML file with the model description,[],CMake,2,68,68
26505,eclipse/sumo,https://github.com/eclipse/sumo/blob/7e6a9f98938dab27dd9d7b9885f176b0cb7b7978/src/fmi/CMakeLists.txt#L70,# Create the folder for the binaries and copy the library,[],CMake,2,70,70
26505,eclipse/sumo,https://github.com/eclipse/sumo/blob/7e6a9f98938dab27dd9d7b9885f176b0cb7b7978/src/fmi/CMakeLists.txt#L73,# Build the ZIP archive,[],CMake,2,73,73
26505,eclipse/sumo,https://github.com/eclipse/sumo/blob/7e6a9f98938dab27dd9d7b9885f176b0cb7b7978/src/foreign/rtree/CMakeLists.txt#L2,########### install files ###############,[],CMake,0,2,2
26505,eclipse/sumo,https://github.com/eclipse/sumo/blob/7e6a9f98938dab27dd9d7b9885f176b0cb7b7978/src/foreign/rtree/CMakeLists.txt#L7,#original Makefile.am contents follow:,[],CMake,0,7,7
26505,eclipse/sumo,https://github.com/eclipse/sumo/blob/7e6a9f98938dab27dd9d7b9885f176b0cb7b7978/src/foreign/rtree/CMakeLists.txt#L9,#EXTRA_DIST = RTree.h SUMORTree.h LayeredRTree.h,[],CMake,0,9,9
26505,eclipse/sumo,https://github.com/eclipse/sumo/blob/7e6a9f98938dab27dd9d7b9885f176b0cb7b7978/src/guinetload/CMakeLists.txt#L2,########### next target ###############,[],CMake,0,2,2
26505,eclipse/sumo,https://github.com/eclipse/sumo/blob/7e6a9f98938dab27dd9d7b9885f176b0cb7b7978/src/guinetload/CMakeLists.txt#L17,########### install files ###############,[],CMake,0,17,17
26505,eclipse/sumo,https://github.com/eclipse/sumo/blob/7e6a9f98938dab27dd9d7b9885f176b0cb7b7978/src/guinetload/CMakeLists.txt#L22,#original Makefile.am contents follow:,[],CMake,0,22,22
26505,eclipse/sumo,https://github.com/eclipse/sumo/blob/7e6a9f98938dab27dd9d7b9885f176b0cb7b7978/src/guinetload/CMakeLists.txt#L24,"#noinst_LIBRARIES = libguinetload.a
#
#libguinetload_a_SOURCES = GUIDetectorBuilder.cpp GUIDetectorBuilder.h \
#GUIEdgeControlBuilder.cpp GUIEdgeControlBuilder.h \
#GUITriggerBuilder.cpp GUITriggerBuilder.h",[],CMake,0,24,28
26505,eclipse/sumo,https://github.com/eclipse/sumo/blob/7e6a9f98938dab27dd9d7b9885f176b0cb7b7978/src/libsumo/CMakeLists.txt#L2,# UseSWIG generates standard target names,[],CMake,4,2,2
26505,eclipse/sumo,https://github.com/eclipse/sumo/blob/7e6a9f98938dab27dd9d7b9885f176b0cb7b7978/src/libsumo/CMakeLists.txt#L6,# pass module name to swig compiler,[],CMake,4,6,6
26505,eclipse/sumo,https://github.com/eclipse/sumo/blob/7e6a9f98938dab27dd9d7b9885f176b0cb7b7978/src/libsumo/CMakeLists.txt#L157,# recheck that the platform of the generator and python matches,[],CMake,12,157,157
26505,eclipse/sumo,https://github.com/eclipse/sumo/blob/7e6a9f98938dab27dd9d7b9885f176b0cb7b7978/src/libsumo/CMakeLists.txt#L178,# is necessary for using keyword args,[],CMake,43,178,178
26505,eclipse/sumo,https://github.com/eclipse/sumo/blob/7e6a9f98938dab27dd9d7b9885f176b0cb7b7978/src/libsumo/CMakeLists.txt#L182,"# other options which should be evaluated: -builtin, -modern, -extranative",[],CMake,12,182,182
26505,eclipse/sumo,https://github.com/eclipse/sumo/blob/7e6a9f98938dab27dd9d7b9885f176b0cb7b7978/src/libsumo/CMakeLists.txt#L186,#            set(CMAKE_LIBRARY_OUTPUT_DIRECTORY_DEBUG ${CMAKE_SOURCE_DIR}/tools/libsumo),[],CMake,0,186,186
26505,eclipse/sumo,https://github.com/eclipse/sumo/blob/7e6a9f98938dab27dd9d7b9885f176b0cb7b7978/src/libtraci/CMakeLists.txt#L2,# UseSWIG generates standard target names,[],CMake,4,2,2
26505,eclipse/sumo,https://github.com/eclipse/sumo/blob/7e6a9f98938dab27dd9d7b9885f176b0cb7b7978/src/libtraci/CMakeLists.txt#L6,# pass module name to swig compiler,[],CMake,4,6,6
26505,eclipse/sumo,https://github.com/eclipse/sumo/blob/7e6a9f98938dab27dd9d7b9885f176b0cb7b7978/src/libtraci/CMakeLists.txt#L115,# recheck that the platform of the generator and python matches,[],CMake,12,115,115
26505,eclipse/sumo,https://github.com/eclipse/sumo/blob/7e6a9f98938dab27dd9d7b9885f176b0cb7b7978/src/libtraci/CMakeLists.txt#L136,"#                set(CMAKE_SWIG_FLAGS """")",[],CMake,0,136,136
26505,eclipse/sumo,https://github.com/eclipse/sumo/blob/7e6a9f98938dab27dd9d7b9885f176b0cb7b7978/src/libtraci/CMakeLists.txt#L137,# is necessary for using keyword args,[],CMake,45,137,137
26505,eclipse/sumo,https://github.com/eclipse/sumo/blob/7e6a9f98938dab27dd9d7b9885f176b0cb7b7978/src/libtraci/CMakeLists.txt#L138,"# other options which should be evaluated: -builtin, -modern, -extranative",[],CMake,0,138,138
26505,eclipse/sumo,https://github.com/eclipse/sumo/blob/7e6a9f98938dab27dd9d7b9885f176b0cb7b7978/src/libtraci/CMakeLists.txt#L142,#            set(CMAKE_LIBRARY_OUTPUT_DIRECTORY_DEBUG ${CMAKE_SOURCE_DIR}/tools/libtraci),[],CMake,0,142,142
26505,eclipse/sumo,https://github.com/eclipse/sumo/blob/7e6a9f98938dab27dd9d7b9885f176b0cb7b7978/src/mesogui/CMakeLists.txt#L2,########### next target ###############,[],CMake,0,2,2
26505,eclipse/sumo,https://github.com/eclipse/sumo/blob/7e6a9f98938dab27dd9d7b9885f176b0cb7b7978/src/mesogui/CMakeLists.txt#L17,########### install files ###############,[],CMake,0,17,17
26505,eclipse/sumo,https://github.com/eclipse/sumo/blob/7e6a9f98938dab27dd9d7b9885f176b0cb7b7978/src/mesogui/CMakeLists.txt#L22,#original Makefile.am contents follow:,[],CMake,0,22,22
26505,eclipse/sumo,https://github.com/eclipse/sumo/blob/7e6a9f98938dab27dd9d7b9885f176b0cb7b7978/src/mesogui/CMakeLists.txt#L24,"#noinst_LIBRARIES = libmesogui.a
#
#libmesogui_a_SOURCES = GUIMEInductLoop.cpp GUIMEInductLoop.h \
#GUIMEVehicle.cpp GUIMEVehicle.h \
#GUIMEVehicleControl.cpp GUIMEVehicleControl.h",[],CMake,0,24,28
26505,eclipse/sumo,https://github.com/eclipse/sumo/blob/7e6a9f98938dab27dd9d7b9885f176b0cb7b7978/src/mesosim/CMakeLists.txt#L2,########### next target ###############,[],CMake,0,2,2
26505,eclipse/sumo,https://github.com/eclipse/sumo/blob/7e6a9f98938dab27dd9d7b9885f176b0cb7b7978/src/mesosim/CMakeLists.txt#L23,########### install files ###############,[],CMake,0,23,23
26505,eclipse/sumo,https://github.com/eclipse/sumo/blob/7e6a9f98938dab27dd9d7b9885f176b0cb7b7978/src/mesosim/CMakeLists.txt#L28,#original Makefile.am contents follow:,[],CMake,0,28,28
26505,eclipse/sumo,https://github.com/eclipse/sumo/blob/7e6a9f98938dab27dd9d7b9885f176b0cb7b7978/src/mesosim/CMakeLists.txt#L30,"#noinst_LIBRARIES = libmesosim.a
#
#libmesosim_a_SOURCES = MEInductLoop.cpp MEInductLoop.h \
#MELoop.cpp MELoop.h \
#MESegment.cpp MESegment.h \
#METriggeredCalibrator.cpp METriggeredCalibrator.h \
#MEVehicle.cpp MEVehicle.h \
#MEVehicleControl.cpp MEVehicleControl.h ",[],CMake,0,30,37
26505,eclipse/sumo,https://github.com/eclipse/sumo/blob/7e6a9f98938dab27dd9d7b9885f176b0cb7b7978/src/netload/CMakeLists.txt#L2,########### next target ###############,[],CMake,0,2,2
26505,eclipse/sumo,https://github.com/eclipse/sumo/blob/7e6a9f98938dab27dd9d7b9885f176b0cb7b7978/src/netload/CMakeLists.txt#L25,########### install files ###############,[],CMake,0,25,25
26505,eclipse/sumo,https://github.com/eclipse/sumo/blob/7e6a9f98938dab27dd9d7b9885f176b0cb7b7978/src/netload/CMakeLists.txt#L30,#original Makefile.am contents follow:,[],CMake,0,30,30
26505,eclipse/sumo,https://github.com/eclipse/sumo/blob/7e6a9f98938dab27dd9d7b9885f176b0cb7b7978/src/netload/CMakeLists.txt#L32,"#noinst_LIBRARIES = libnetload.a
#
#libnetload_a_SOURCES = NLDetectorBuilder.h NLDetectorBuilder.cpp \
#NLDiscreteEventBuilder.h NLDiscreteEventBuilder.cpp \
#NLEdgeControlBuilder.h NLEdgeControlBuilder.cpp \
#NLJunctionControlBuilder.h NLJunctionControlBuilder.cpp \
#NLBuilder.h NLBuilder.cpp \
#NLHandler.h NLHandler.cpp \
#NLTriggerBuilder.h NLTriggerBuilder.cpp",[],CMake,0,32,40
26505,eclipse/sumo,https://github.com/eclipse/sumo/blob/7e6a9f98938dab27dd9d7b9885f176b0cb7b7978/src/utils/traction_wire/CMakeLists.txt#L7,"# The following files are only used in standalone mode:
#   IO.cpp
#   IO.h
#   main.cpp",[],CMake,0,7,10
26505,eclipse/sumo,https://github.com/eclipse/sumo/blob/7e6a9f98938dab27dd9d7b9885f176b0cb7b7978/build/cmake_modules/FindEigen3.cmake#L1,"# - Try to find Eigen3 lib
#
# This module supports requiring a minimum version, e.g. you can do
#   find_package(Eigen3 3.1.2)
# to require version 3.1.2 or newer of Eigen3.
#
# Once done this will define
#
#  EIGEN3_FOUND - system has eigen lib with correct version
#  EIGEN3_INCLUDE_DIR - the eigen include directory
#  EIGEN3_VERSION - eigen version
#
# This module reads hints about search locations from
# the following enviroment variables:
#
# EIGEN3_ROOT
# EIGEN3_ROOT_DIR",[],CMake,0,1,17
26505,eclipse/sumo,https://github.com/eclipse/sumo/blob/7e6a9f98938dab27dd9d7b9885f176b0cb7b7978/build/cmake_modules/FindEigen3.cmake#L19,"# Copyright (c) 2006, 2007 Montel Laurent, <montel@kde.org>
# Copyright (c) 2008, 2009 Gael Guennebaud, <g.gael@free.fr>
# Copyright (c) 2009 Benoit Jacob <jacob.benoit.1@gmail.com>
# Redistribution and use is allowed according to the terms of the 2-clause BSD license.",[],CMake,0,19,22
26505,eclipse/sumo,https://github.com/eclipse/sumo/blob/7e6a9f98938dab27dd9d7b9885f176b0cb7b7978/build/cmake_modules/FindEigen3.cmake#L64,# in cache already,[],CMake,2,64,64
26505,eclipse/sumo,https://github.com/eclipse/sumo/blob/7e6a9f98938dab27dd9d7b9885f176b0cb7b7978/build/cmake_modules/FindEigen3.cmake#L70,"# search first if an Eigen3Config.cmake is available in the system,
# if successful this would set EIGEN3_INCLUDE_DIR and the rest of
# the script will work as usual",[],CMake,2,70,72
26505,eclipse/sumo,https://github.com/eclipse/sumo/blob/7e6a9f98938dab27dd9d7b9885f176b0cb7b7978/build/cmake_modules/FindFFMPEG.cmake#L1,"# FindFFMPEG
# ----------
#
# Find the native FFMPEG includes and library
#
# This module defines::
#
#  FFMPEG_INCLUDE_DIR, where to find avcodec.h, avformat.h ...
#  FFMPEG_LIBRARIES, the libraries to link against to use FFMPEG.
#  FFMPEG_FOUND, If false, do not try to use FFMPEG.
#
# also defined, but not for general use are::
#
#   FFMPEG_avformat_LIBRARY, where to find the FFMPEG avformat library.
#   FFMPEG_avcodec_LIBRARY, where to find the FFMPEG avcodec library.
#
# This is useful to do it this way so that we can always add more libraries
# if needed to ``FFMPEG_LIBRARIES`` if ffmpeg ever changes...",[],CMake,0,1,18
26505,eclipse/sumo,https://github.com/eclipse/sumo/blob/7e6a9f98938dab27dd9d7b9885f176b0cb7b7978/build/cmake_modules/FindFFMPEG.cmake#L20,"#=============================================================================
#YCM - Extra CMake Modules for YARP and friends
#Copyright 2013-2014 iCub Facility, Istituto Italiano di Tecnologia
#All rights reserved.
#
#Redistribution and use in source and binary forms, with or without
#modification, are permitted provided that the following conditions
#are met:
#
#* Redistributions of source code must retain the above copyright
#  notice, this list of conditions and the following disclaimer.
#
#* Redistributions in binary form must reproduce the above copyright
#  notice, this list of conditions and the following disclaimer in the
#  documentation and/or other materials provided with the distribution.
#
#* Neither the names of iCub Facility, Istituto Italiano di Tecnologia,
#  nor the names of their contributors may be used to endorse or promote
#  products derived from this software without specific prior written
#  permission.
#
#THIS SOFTWARE IS PROVIDED BY THE COPYRIGHT HOLDERS AND CONTRIBUTORS
#""AS IS"" AND ANY EXPRESS OR IMPLIED WARRANTIES, INCLUDING, BUT NOT
#LIMITED TO, THE IMPLIED WARRANTIES OF MERCHANTABILITY AND FITNESS FOR
#A PARTICULAR PURPOSE ARE DISCLAIMED. IN NO EVENT SHALL THE COPYRIGHT
#HOLDER OR CONTRIBUTORS BE LIABLE FOR ANY DIRECT, INDIRECT, INCIDENTAL,
#SPECIAL, EXEMPLARY, OR CONSEQUENTIAL DAMAGES (INCLUDING, BUT NOT
#LIMITED TO, PROCUREMENT OF SUBSTITUTE GOODS OR SERVICES; LOSS OF USE,
#DATA, OR PROFITS; OR BUSINESS INTERRUPTION) HOWEVER CAUSED AND ON ANY
#THEORY OF LIABILITY, WHETHER IN CONTRACT, STRICT LIABILITY, OR TORT
#(INCLUDING NEGLIGENCE OR OTHERWISE) ARISING IN ANY WAY OUT OF THE USE
#OF THIS SOFTWARE, EVEN IF ADVISED OF THE POSSIBILITY OF SUCH DAMAGE.
#
#------------------------------------------------------------------------------
#
#The above copyright and license notice applies to distributions of
#YCM in source and binary form.  Some source files contain additional
#notices of original copyright by their contributors; see each source
#for details.  Third-party software packages supplied with YCM under
#compatible licenses provide their own copyright notices documented in
#corresponding subdirectories.
#
#------------------------------------------------------------------------------
#
#YCM is being developed by the iCub Facility, Istituto Italiano di
#Tecnologia.
#
#Additional support to YCM was received from the FP7 EU project
#WALK-MAN (http://walk-man.eu/)
#=============================================================================",[],CMake,0,20,69
26505,eclipse/sumo,https://github.com/eclipse/sumo/blob/7e6a9f98938dab27dd9d7b9885f176b0cb7b7978/build/cmake_modules/FindFFMPEG.cmake#L71,# Originally from VTK project,[],CMake,0,71,71
26505,eclipse/sumo,https://github.com/eclipse/sumo/blob/7e6a9f98938dab27dd9d7b9885f176b0cb7b7978/build/cmake_modules/FindFFMPEG.cmake#L73,# note: _FFMPEG_z_LIBRARY_ was disabled because is already included in SUMO,[],CMake,0,73,73
26505,eclipse/sumo,https://github.com/eclipse/sumo/blob/7e6a9f98938dab27dd9d7b9885f176b0cb7b7978/build/cmake_modules/FindFFMPEG.cmake#L209,"#find_library(_FFMPEG_z_LIBRARY_ z
#  $ENV{FFMPEG_DIR}
#  $ENV{FFMPEG_DIR}/lib
#  /usr/local/lib
#  /usr/lib
#)",[],CMake,0,209,214
26505,eclipse/sumo,https://github.com/eclipse/sumo/blob/7e6a9f98938dab27dd9d7b9885f176b0cb7b7978/build/cmake_modules/FindFFMPEG.cmake#L243,"#if(_FFMPEG_z_LIBRARY_)
#  set( FFMPEG_LIBRARIES ${FFMPEG_LIBRARIES}
#                        ${_FFMPEG_z_LIBRARY_}
#  )
#endif()",[],CMake,12,243,247
26505,eclipse/sumo,https://github.com/eclipse/sumo/blob/7e6a9f98938dab27dd9d7b9885f176b0cb7b7978/build/cmake_modules/FindFFMPEG.cmake#L270,#_FFMPEG_z_LIBRARY_,[],CMake,2,270,270
26505,eclipse/sumo,https://github.com/eclipse/sumo/blob/7e6a9f98938dab27dd9d7b9885f176b0cb7b7978/build/cmake_modules/FindFFMPEG.cmake#L273,# Set package properties if FeatureSummary was included,[],CMake,0,273,273
26505,eclipse/sumo,https://github.com/eclipse/sumo/blob/7e6a9f98938dab27dd9d7b9885f176b0cb7b7978/build/cmake_modules/FindFOX.cmake#L1,# find fox-config program,[],CMake,0,1,1
26505,eclipse/sumo,https://github.com/eclipse/sumo/blob/7e6a9f98938dab27dd9d7b9885f176b0cb7b7978/build/cmake_modules/FindFOX.cmake#L3,"# if was found, execute it and obtain the variables FOX_CXX_FLAGS and FOX_LIBRARY, needed for compilations",[],CMake,0,3,3
26505,eclipse/sumo,https://github.com/eclipse/sumo/blob/7e6a9f98938dab27dd9d7b9885f176b0cb7b7978/build/cmake_modules/FindFOX.cmake#L18,# Declare ab boolean flag to note if Fox library was found,[],CMake,0,18,18
26505,eclipse/sumo,https://github.com/eclipse/sumo/blob/7e6a9f98938dab27dd9d7b9885f176b0cb7b7978/build/cmake_modules/FindFOX.cmake#L21,"# if fox-config was executed successfully, fox was found",[],CMake,0,21,21
26505,eclipse/sumo,https://github.com/eclipse/sumo/blob/7e6a9f98938dab27dd9d7b9885f176b0cb7b7978/build/cmake_modules/FindFOX.cmake#L25,"# In Windows system, find the fox directory using as hint the environment variable ""FOX_INCLUDE_DIR""",[],CMake,4,25,25
26505,eclipse/sumo,https://github.com/eclipse/sumo/blob/7e6a9f98938dab27dd9d7b9885f176b0cb7b7978/build/cmake_modules/FindFOX.cmake#L27,"# In Windows system, find the fox dll using as hint the environment variable ""FOX_LIBRARY""",[],CMake,4,27,27
26505,eclipse/sumo,https://github.com/eclipse/sumo/blob/7e6a9f98938dab27dd9d7b9885f176b0cb7b7978/build/cmake_modules/FindFOX.cmake#L29,"# if both were found, set flag FOX_FOUND to true",[],CMake,4,29,29
26505,eclipse/sumo,https://github.com/eclipse/sumo/blob/7e6a9f98938dab27dd9d7b9885f176b0cb7b7978/build/cmake_modules/FindGL2PS.cmake#L1,"# - Find GL2PS library
# Find the native GL2PS includes and library
# This module defines
#  GL2PS_INCLUDE_DIR, where to find tiff.h, etc.
#  GL2PS_LIBRARIES, libraries to link against to use GL2PS.
#  GL2PS_FOUND, If false, do not try to use GL2PS.
# also defined, but not for general use are
#  GL2PS_LIBRARY, where to find the GL2PS library.",[],CMake,0,1,8
26505,eclipse/sumo,https://github.com/eclipse/sumo/blob/7e6a9f98938dab27dd9d7b9885f176b0cb7b7978/build/cmake_modules/FindGL2PS.cmake#L10,"#=============================================================================
# Copyright 2009 Kitware, Inc.
# Copyright 2009 Mathieu Malaterre <mathieu.malaterre@gmail.com>
#
# Distributed under the OSI-approved BSD License (the ""License"");
# see accompanying file Copyright.txt for details.
#
# This software is distributed WITHOUT ANY WARRANTY; without even the
# implied warranty of MERCHANTABILITY or FITNESS FOR A PARTICULAR PURPOSE.
# See the License for more information.
#=============================================================================
# (To distributed this file outside of CMake, substitute the full
#  License text for the above reference.)",[],CMake,0,10,22
26505,eclipse/sumo,https://github.com/eclipse/sumo/blob/7e6a9f98938dab27dd9d7b9885f176b0cb7b7978/build/cmake_modules/FindGL2PS.cmake#L28,"# handle the QUIETLY and REQUIRED arguments and set GL2PS_FOUND to TRUE if
# all listed variables are TRUE",[],CMake,0,28,29
26505,eclipse/sumo,https://github.com/eclipse/sumo/blob/7e6a9f98938dab27dd9d7b9885f176b0cb7b7978/build/cmake_modules/FindGRPC.cmake#L20,# Get full path to plugin,[],CMake,46,20,20
26505,eclipse/sumo,https://github.com/eclipse/sumo/blob/7e6a9f98938dab27dd9d7b9885f176b0cb7b7978/build/cmake_modules/FindGRPC.cmake#L28,# This variable is common for all types of output.,[],CMake,42,28,28
26505,eclipse/sumo,https://github.com/eclipse/sumo/blob/7e6a9f98938dab27dd9d7b9885f176b0cb7b7978/build/cmake_modules/FindGRPC.cmake#L29,# Create an include path for each file specified,[],CMake,8,29,29
26505,eclipse/sumo,https://github.com/eclipse/sumo/blob/7e6a9f98938dab27dd9d7b9885f176b0cb7b7978/build/cmake_modules/FindProj.cmake#L1,"# Source: https://github.com/qgis/QGIS/blob/3b3f6748f1e5e8f77fa87477add360ec0203fb26/cmake/FindProj.cmake
# Changes: included BSD license text",[],CMake,0,1,2
26505,eclipse/sumo,https://github.com/eclipse/sumo/blob/7e6a9f98938dab27dd9d7b9885f176b0cb7b7978/build/cmake_modules/FindProj.cmake#L4,"# Find Proj
# ~~~~~~~~~
# Copyright (c) 2007, Martin Dobias <wonder.sk at gmail.com>
# Redistribution and use is allowed according to the terms of the BSD license.
#
#Redistribution and use in source and binary forms, with or without
#modification, are permitted provided that the following conditions
#are met:
#
#1. Redistributions of source code must retain the copyright
#   notice, this list of conditions and the following disclaimer.
#2. Redistributions in binary form must reproduce the copyright
#   notice, this list of conditions and the following disclaimer in the
#   documentation and/or other materials provided with the distribution.
#3. The name of the author may not be used to endorse or promote products 
#   derived from this software without specific prior written permission.
#
#THIS SOFTWARE IS PROVIDED BY THE AUTHOR ``AS IS'' AND ANY EXPRESS OR
#IMPLIED WARRANTIES, INCLUDING, BUT NOT LIMITED TO, THE IMPLIED WARRANTIES
#OF MERCHANTABILITY AND FITNESS FOR A PARTICULAR PURPOSE ARE DISCLAIMED.
#IN NO EVENT SHALL THE AUTHOR BE LIABLE FOR ANY DIRECT, INDIRECT,
#INCIDENTAL, SPECIAL, EXEMPLARY, OR CONSEQUENTIAL DAMAGES (INCLUDING, BUT
#NOT LIMITED TO, PROCUREMENT OF SUBSTITUTE GOODS OR SERVICES; LOSS OF USE,
#DATA, OR PROFITS; OR BUSINESS INTERRUPTION) HOWEVER CAUSED AND ON ANY
#THEORY OF LIABILITY, WHETHER IN CONTRACT, STRICT LIABILITY, OR TORT
#(INCLUDING NEGLIGENCE OR OTHERWISE) ARISING IN ANY WAY OUT OF THE USE OF
#THIS SOFTWARE, EVEN IF ADVISED OF THE POSSIBILITY OF SUCH DAMAGE.",[],CMake,0,4,30
26505,eclipse/sumo,https://github.com/eclipse/sumo/blob/7e6a9f98938dab27dd9d7b9885f176b0cb7b7978/build/cmake_modules/FindProj.cmake#L32,"# CMake module to search for Proj library
#
# If it's found it sets PROJ_FOUND to TRUE
# and following variables are set:
#    PROJ_INCLUDE_DIR
#    PROJ_API_FILE
#    PROJ_LIBRARY",[],CMake,0,32,38
26505,eclipse/sumo,https://github.com/eclipse/sumo/blob/7e6a9f98938dab27dd9d7b9885f176b0cb7b7978/build/cmake_modules/FindProj.cmake#L40,"# FIND_PATH and FIND_LIBRARY normally search standard locations
# before the specified paths. To search non-standard paths first,
# FIND_* is invoked first with specified paths and NO_DEFAULT_PATH
# and then again with no specified paths to search the default
# locations. When an earlier FIND_* succeeds, subsequent FIND_*s
# searching for the same item do nothing. ",[],CMake,0,40,45
26505,eclipse/sumo,https://github.com/eclipse/sumo/blob/7e6a9f98938dab27dd9d7b9885f176b0cb7b7978/build/cmake_modules/FindProj.cmake#L47,"# try to use framework on mac
# want clean framework path, not unix compatibility path",[],CMake,0,47,48
26505,eclipse/sumo,https://github.com/eclipse/sumo/blob/7e6a9f98938dab27dd9d7b9885f176b0cb7b7978/build/cmake_modules/FindProj.cmake#L55,#FIND_PATH(PROJ_INCLUDE_DIR PROJ/proj_api.h),[],CMake,4,55,55
26505,eclipse/sumo,https://github.com/eclipse/sumo/blob/7e6a9f98938dab27dd9d7b9885f176b0cb7b7978/build/cmake_modules/FindProj.cmake#L58,"# FIND_PATH doesn't add ""Headers"" for a framework",[],CMake,6,58,58
26505,eclipse/sumo,https://github.com/eclipse/sumo/blob/7e6a9f98938dab27dd9d7b9885f176b0cb7b7978/src/config.h.cmake#L2,#ifdef __clang__,[],CMake,0,2,2
26505,eclipse/sumo,https://github.com/eclipse/sumo/blob/7e6a9f98938dab27dd9d7b9885f176b0cb7b7978/src/config.h.cmake#L4,#ifdef WIN32,[],CMake,4,4,4
26505,eclipse/sumo,https://github.com/eclipse/sumo/blob/7e6a9f98938dab27dd9d7b9885f176b0cb7b7978/src/config.h.cmake#L6,"#pragma clang diagnostic ignored ""-Wzero-as-null-pointer-constant""",[],CMake,4,6,6
26505,eclipse/sumo,https://github.com/eclipse/sumo/blob/7e6a9f98938dab27dd9d7b9885f176b0cb7b7978/src/config.h.cmake#L8,"#pragma clang diagnostic ignored ""-Wc++98-compat""",[],CMake,4,8,8
26505,eclipse/sumo,https://github.com/eclipse/sumo/blob/7e6a9f98938dab27dd9d7b9885f176b0cb7b7978/src/config.h.cmake#L10,"#pragma clang diagnostic ignored ""-Wold-style-cast""",[],CMake,4,10,10
26505,eclipse/sumo,https://github.com/eclipse/sumo/blob/7e6a9f98938dab27dd9d7b9885f176b0cb7b7978/src/config.h.cmake#L12,"#pragma clang diagnostic ignored ""-Wdocumentation""",[],CMake,4,12,12
26505,eclipse/sumo,https://github.com/eclipse/sumo/blob/7e6a9f98938dab27dd9d7b9885f176b0cb7b7978/src/config.h.cmake#L14,"#pragma clang diagnostic ignored ""-Wdocumentation-pedantic""",[],CMake,4,14,14
26505,eclipse/sumo,https://github.com/eclipse/sumo/blob/7e6a9f98938dab27dd9d7b9885f176b0cb7b7978/src/config.h.cmake#L16,"#pragma clang diagnostic ignored ""-Wreserved-id-macro""",[],CMake,4,16,16
26505,eclipse/sumo,https://github.com/eclipse/sumo/blob/7e6a9f98938dab27dd9d7b9885f176b0cb7b7978/src/config.h.cmake#L18,"#pragma clang diagnostic ignored ""-Wextra-semi""",[],CMake,4,18,18
26505,eclipse/sumo,https://github.com/eclipse/sumo/blob/7e6a9f98938dab27dd9d7b9885f176b0cb7b7978/src/config.h.cmake#L20,"#pragma clang diagnostic ignored ""-Wc++98-compat-pedantic""",[],CMake,4,20,20
26505,eclipse/sumo,https://github.com/eclipse/sumo/blob/7e6a9f98938dab27dd9d7b9885f176b0cb7b7978/src/config.h.cmake#L22,"#pragma clang diagnostic ignored ""-Wexit-time-destructors""",[],CMake,4,22,22
26505,eclipse/sumo,https://github.com/eclipse/sumo/blob/7e6a9f98938dab27dd9d7b9885f176b0cb7b7978/src/config.h.cmake#L24,"#pragma clang diagnostic ignored ""-Wfloat-equal""",[],CMake,4,24,24
26505,eclipse/sumo,https://github.com/eclipse/sumo/blob/7e6a9f98938dab27dd9d7b9885f176b0cb7b7978/src/config.h.cmake#L26,"#pragma clang diagnostic ignored ""-Wglobal-constructors""",[],CMake,4,26,26
26505,eclipse/sumo,https://github.com/eclipse/sumo/blob/7e6a9f98938dab27dd9d7b9885f176b0cb7b7978/src/config.h.cmake#L28,"#pragma clang diagnostic ignored ""-Wsign-conversion""",[],CMake,4,28,28
26505,eclipse/sumo,https://github.com/eclipse/sumo/blob/7e6a9f98938dab27dd9d7b9885f176b0cb7b7978/src/config.h.cmake#L30,"#pragma clang diagnostic ignored ""-Wundef""",[],CMake,4,30,30
26505,eclipse/sumo,https://github.com/eclipse/sumo/blob/7e6a9f98938dab27dd9d7b9885f176b0cb7b7978/src/config.h.cmake#L32,"#pragma clang diagnostic ignored ""-Wextra-semi-stmt""",[],CMake,4,32,32
26505,eclipse/sumo,https://github.com/eclipse/sumo/blob/7e6a9f98938dab27dd9d7b9885f176b0cb7b7978/src/config.h.cmake#L34,"#pragma clang diagnostic ignored ""-Wmicrosoft-enum-value""",[],CMake,4,34,34
26505,eclipse/sumo,https://github.com/eclipse/sumo/blob/7e6a9f98938dab27dd9d7b9885f176b0cb7b7978/src/config.h.cmake#L36,"#pragma clang diagnostic ignored ""-Wdeprecated-copy-dtor""",[],CMake,4,36,36
26505,eclipse/sumo,https://github.com/eclipse/sumo/blob/7e6a9f98938dab27dd9d7b9885f176b0cb7b7978/src/config.h.cmake#L38,"#pragma clang diagnostic ignored ""-Wcovered-switch-default""",[],CMake,4,38,38
26505,eclipse/sumo,https://github.com/eclipse/sumo/blob/7e6a9f98938dab27dd9d7b9885f176b0cb7b7978/src/config.h.cmake#L40,"#pragma clang diagnostic ignored ""-Wimplicit-int-float-conversion""",[],CMake,4,40,40
26505,eclipse/sumo,https://github.com/eclipse/sumo/blob/7e6a9f98938dab27dd9d7b9885f176b0cb7b7978/src/config.h.cmake#L42,"#pragma clang diagnostic ignored ""-Wunknown-argument""",[],CMake,4,42,42
26505,eclipse/sumo,https://github.com/eclipse/sumo/blob/7e6a9f98938dab27dd9d7b9885f176b0cb7b7978/src/config.h.cmake#L44,"#pragma clang diagnostic ignored ""-Wcast-qual""",[],CMake,4,44,44
26505,eclipse/sumo,https://github.com/eclipse/sumo/blob/7e6a9f98938dab27dd9d7b9885f176b0cb7b7978/src/config.h.cmake#L46,"#pragma clang diagnostic ignored ""-Wsign-compare""",[],CMake,4,46,46
26505,eclipse/sumo,https://github.com/eclipse/sumo/blob/7e6a9f98938dab27dd9d7b9885f176b0cb7b7978/src/config.h.cmake#L48,"#pragma clang diagnostic ignored ""-Wundefined-func-template""",[],CMake,4,48,48
26505,eclipse/sumo,https://github.com/eclipse/sumo/blob/7e6a9f98938dab27dd9d7b9885f176b0cb7b7978/src/config.h.cmake#L50,"#pragma clang diagnostic ignored ""-Wheader-hygiene""",[],CMake,4,50,50
26505,eclipse/sumo,https://github.com/eclipse/sumo/blob/7e6a9f98938dab27dd9d7b9885f176b0cb7b7978/src/config.h.cmake#L52,"#pragma clang diagnostic ignored ""-Wanon-enum-enum-conversion""",[],CMake,4,52,52
26505,eclipse/sumo,https://github.com/eclipse/sumo/blob/7e6a9f98938dab27dd9d7b9885f176b0cb7b7978/src/config.h.cmake#L54,"#pragma clang diagnostic ignored ""-Wlanguage-extension-token""",[],CMake,4,54,54
26505,eclipse/sumo,https://github.com/eclipse/sumo/blob/7e6a9f98938dab27dd9d7b9885f176b0cb7b7978/src/config.h.cmake#L56,"#pragma clang diagnostic ignored ""-Wlanguage-extension-token""",[],CMake,4,56,56
26505,eclipse/sumo,https://github.com/eclipse/sumo/blob/7e6a9f98938dab27dd9d7b9885f176b0cb7b7978/src/config.h.cmake#L58,"#pragma clang diagnostic ignored ""-Wshadow""",[],CMake,4,58,58
26505,eclipse/sumo,https://github.com/eclipse/sumo/blob/7e6a9f98938dab27dd9d7b9885f176b0cb7b7978/src/config.h.cmake#L60,"#pragma clang diagnostic ignored ""-Wundefined-reinterpret-cast""",[],CMake,4,60,60
26505,eclipse/sumo,https://github.com/eclipse/sumo/blob/7e6a9f98938dab27dd9d7b9885f176b0cb7b7978/src/config.h.cmake#L62,"#pragma clang diagnostic ignored ""-Wcast-align""",[],CMake,4,62,62
26505,eclipse/sumo,https://github.com/eclipse/sumo/blob/7e6a9f98938dab27dd9d7b9885f176b0cb7b7978/src/config.h.cmake#L64,"#pragma clang diagnostic ignored ""-Wshadow-field""",[],CMake,4,64,64
26505,eclipse/sumo,https://github.com/eclipse/sumo/blob/7e6a9f98938dab27dd9d7b9885f176b0cb7b7978/src/config.h.cmake#L66,"#pragma clang diagnostic ignored ""-Wnon-virtual-dtor""",[],CMake,4,66,66
26505,eclipse/sumo,https://github.com/eclipse/sumo/blob/7e6a9f98938dab27dd9d7b9885f176b0cb7b7978/src/config.h.cmake#L68,"#pragma clang diagnostic ignored ""-Wdouble-promotion""",[],CMake,4,68,68
26505,eclipse/sumo,https://github.com/eclipse/sumo/blob/7e6a9f98938dab27dd9d7b9885f176b0cb7b7978/src/config.h.cmake#L70,"#pragma clang diagnostic ignored ""-Wnonportable-system-include-path""",[],CMake,4,70,70
26505,eclipse/sumo,https://github.com/eclipse/sumo/blob/7e6a9f98938dab27dd9d7b9885f176b0cb7b7978/src/config.h.cmake#L72,"#pragma clang diagnostic ignored ""-Winconsistent-missing-destructor-override""",[],CMake,4,72,72
26505,eclipse/sumo,https://github.com/eclipse/sumo/blob/7e6a9f98938dab27dd9d7b9885f176b0cb7b7978/src/config.h.cmake#L74,"#pragma clang diagnostic ignored ""-Wsuggest-override""",[],CMake,4,74,74
26505,eclipse/sumo,https://github.com/eclipse/sumo/blob/7e6a9f98938dab27dd9d7b9885f176b0cb7b7978/src/config.h.cmake#L76,"#pragma clang diagnostic ignored ""-Wsuggest-destructor-override""",[],CMake,4,76,76
26505,eclipse/sumo,https://github.com/eclipse/sumo/blob/7e6a9f98938dab27dd9d7b9885f176b0cb7b7978/src/config.h.cmake#L78,"#pragma clang diagnostic ignored ""-Wswitch-enum""",[],CMake,4,78,78
26505,eclipse/sumo,https://github.com/eclipse/sumo/blob/7e6a9f98938dab27dd9d7b9885f176b0cb7b7978/src/config.h.cmake#L80,"#pragma clang diagnostic ignored ""-Wglobal-constructors""",[],CMake,4,80,80
26505,eclipse/sumo,https://github.com/eclipse/sumo/blob/7e6a9f98938dab27dd9d7b9885f176b0cb7b7978/src/config.h.cmake#L82,"#pragma clang diagnostic ignored ""-Wexit-time-destructors""",[],CMake,4,82,82
26505,eclipse/sumo,https://github.com/eclipse/sumo/blob/7e6a9f98938dab27dd9d7b9885f176b0cb7b7978/src/config.h.cmake#L85,#endif,[],CMake,4,85,85
26505,eclipse/sumo,https://github.com/eclipse/sumo/blob/7e6a9f98938dab27dd9d7b9885f176b0cb7b7978/src/config.h.cmake#L88,#endif,[],CMake,0,88,88
26505,eclipse/sumo,https://github.com/eclipse/sumo/blob/7e6a9f98938dab27dd9d7b9885f176b0cb7b7978/src/config.h.cmake#L92,#ifdef _MSC_VER,[],CMake,0,92,92
26505,eclipse/sumo,https://github.com/eclipse/sumo/blob/7e6a9f98938dab27dd9d7b9885f176b0cb7b7978/src/config.h.cmake#L95,#pragma warning(disable: 4503),[],CMake,4,95,95
26505,eclipse/sumo,https://github.com/eclipse/sumo/blob/7e6a9f98938dab27dd9d7b9885f176b0cb7b7978/src/config.h.cmake#L97,#pragma warning(disable: 4786),[],CMake,4,97,97
26505,eclipse/sumo,https://github.com/eclipse/sumo/blob/7e6a9f98938dab27dd9d7b9885f176b0cb7b7978/src/config.h.cmake#L99,#pragma warning(disable: 4290),[],CMake,4,99,99
26505,eclipse/sumo,https://github.com/eclipse/sumo/blob/7e6a9f98938dab27dd9d7b9885f176b0cb7b7978/src/config.h.cmake#L101,#pragma warning(disable: 4251),[],CMake,4,101,101
26505,eclipse/sumo,https://github.com/eclipse/sumo/blob/7e6a9f98938dab27dd9d7b9885f176b0cb7b7978/src/config.h.cmake#L103,#pragma warning(disable: 26451),[],CMake,4,103,103
26505,eclipse/sumo,https://github.com/eclipse/sumo/blob/7e6a9f98938dab27dd9d7b9885f176b0cb7b7978/src/config.h.cmake#L105,#pragma warning(disable: 4514 4710),[],CMake,4,105,105
26505,eclipse/sumo,https://github.com/eclipse/sumo/blob/7e6a9f98938dab27dd9d7b9885f176b0cb7b7978/src/config.h.cmake#L107,#pragma warning(disable: 4820),[],CMake,4,107,107
26505,eclipse/sumo,https://github.com/eclipse/sumo/blob/7e6a9f98938dab27dd9d7b9885f176b0cb7b7978/src/config.h.cmake#L109,#pragma warning(disable: 4061),[],CMake,4,109,109
26505,eclipse/sumo,https://github.com/eclipse/sumo/blob/7e6a9f98938dab27dd9d7b9885f176b0cb7b7978/src/config.h.cmake#L111,#pragma warning(disable: 4623 4625 4626 5026 5027),[],CMake,4,111,111
26505,eclipse/sumo,https://github.com/eclipse/sumo/blob/7e6a9f98938dab27dd9d7b9885f176b0cb7b7978/src/config.h.cmake#L113,#pragma warning(disable: 4365),[],CMake,4,113,113
26505,eclipse/sumo,https://github.com/eclipse/sumo/blob/7e6a9f98938dab27dd9d7b9885f176b0cb7b7978/src/config.h.cmake#L115,#pragma warning(disable: 5045),[],CMake,4,115,115
26505,eclipse/sumo,https://github.com/eclipse/sumo/blob/7e6a9f98938dab27dd9d7b9885f176b0cb7b7978/src/config.h.cmake#L116,#if warnings */,[],CMake,34,116,116
26505,eclipse/sumo,https://github.com/eclipse/sumo/blob/7e6a9f98938dab27dd9d7b9885f176b0cb7b7978/src/config.h.cmake#L117,#pragma warning(disable: 4668),[],CMake,4,117,117
26505,eclipse/sumo,https://github.com/eclipse/sumo/blob/7e6a9f98938dab27dd9d7b9885f176b0cb7b7978/src/config.h.cmake#L119,#pragma warning(disable: 4371),[],CMake,4,119,119
26505,eclipse/sumo,https://github.com/eclipse/sumo/blob/7e6a9f98938dab27dd9d7b9885f176b0cb7b7978/src/config.h.cmake#L121,#pragma warning(disable: 5039),[],CMake,4,121,121
26505,eclipse/sumo,https://github.com/eclipse/sumo/blob/7e6a9f98938dab27dd9d7b9885f176b0cb7b7978/src/config.h.cmake#L124,#if _MSC_VER >= 1400,[],CMake,4,124,124
26505,eclipse/sumo,https://github.com/eclipse/sumo/blob/7e6a9f98938dab27dd9d7b9885f176b0cb7b7978/src/config.h.cmake#L125,#define _CRT_SECURE_NO_WARNINGS,[],CMake,8,125,125
26505,eclipse/sumo,https://github.com/eclipse/sumo/blob/7e6a9f98938dab27dd9d7b9885f176b0cb7b7978/src/config.h.cmake#L126,#endif,[],CMake,4,126,126
26505,eclipse/sumo,https://github.com/eclipse/sumo/blob/7e6a9f98938dab27dd9d7b9885f176b0cb7b7978/src/config.h.cmake#L129,#ifndef WIN32,[],CMake,4,129,129
26505,eclipse/sumo,https://github.com/eclipse/sumo/blob/7e6a9f98938dab27dd9d7b9885f176b0cb7b7978/src/config.h.cmake#L130,#define WIN32,[],CMake,8,130,130
26505,eclipse/sumo,https://github.com/eclipse/sumo/blob/7e6a9f98938dab27dd9d7b9885f176b0cb7b7978/src/config.h.cmake#L131,#endif,[],CMake,4,131,131
26505,eclipse/sumo,https://github.com/eclipse/sumo/blob/7e6a9f98938dab27dd9d7b9885f176b0cb7b7978/src/config.h.cmake#L134,#define FOXDLL 1,[],CMake,4,134,134
26505,eclipse/sumo,https://github.com/eclipse/sumo/blob/7e6a9f98938dab27dd9d7b9885f176b0cb7b7978/src/config.h.cmake#L137,#define FOX_CONSTRUCTOR(classname) __pragma(warning(suppress: 26495)) \,[],CMake,4,137,137
26505,eclipse/sumo,https://github.com/eclipse/sumo/blob/7e6a9f98938dab27dd9d7b9885f176b0cb7b7978/src/config.h.cmake#L141,#else,[],CMake,0,141,141
26505,eclipse/sumo,https://github.com/eclipse/sumo/blob/7e6a9f98938dab27dd9d7b9885f176b0cb7b7978/src/config.h.cmake#L144,#cmakedefine MINGW32,[],CMake,4,144,144
26505,eclipse/sumo,https://github.com/eclipse/sumo/blob/7e6a9f98938dab27dd9d7b9885f176b0cb7b7978/src/config.h.cmake#L147,#ifdef MINGW32,[],CMake,4,147,147
26505,eclipse/sumo,https://github.com/eclipse/sumo/blob/7e6a9f98938dab27dd9d7b9885f176b0cb7b7978/src/config.h.cmake#L150,#ifndef WIN32,[],CMake,8,150,150
26505,eclipse/sumo,https://github.com/eclipse/sumo/blob/7e6a9f98938dab27dd9d7b9885f176b0cb7b7978/src/config.h.cmake#L151,#define WIN32,[],CMake,12,151,151
26505,eclipse/sumo,https://github.com/eclipse/sumo/blob/7e6a9f98938dab27dd9d7b9885f176b0cb7b7978/src/config.h.cmake#L152,#endif,[],CMake,8,152,152
26505,eclipse/sumo,https://github.com/eclipse/sumo/blob/7e6a9f98938dab27dd9d7b9885f176b0cb7b7978/src/config.h.cmake#L155,#define FOXDLL 1,[],CMake,8,155,155
26505,eclipse/sumo,https://github.com/eclipse/sumo/blob/7e6a9f98938dab27dd9d7b9885f176b0cb7b7978/src/config.h.cmake#L158,#endif,[],CMake,4,158,158
26505,eclipse/sumo,https://github.com/eclipse/sumo/blob/7e6a9f98938dab27dd9d7b9885f176b0cb7b7978/src/config.h.cmake#L161,#define FOX_CONSTRUCTOR(classname) classname() {},[],CMake,4,161,161
26505,eclipse/sumo,https://github.com/eclipse/sumo/blob/7e6a9f98938dab27dd9d7b9885f176b0cb7b7978/src/config.h.cmake#L164,#endif,[],CMake,0,164,164
26505,eclipse/sumo,https://github.com/eclipse/sumo/blob/7e6a9f98938dab27dd9d7b9885f176b0cb7b7978/src/config.h.cmake#L168,"#define HAVE_ENABLED ""@ENABLED_FEATURES@""",[],CMake,0,168,168
26505,eclipse/sumo,https://github.com/eclipse/sumo/blob/7e6a9f98938dab27dd9d7b9885f176b0cb7b7978/src/config.h.cmake#L171,#cmakedefine HAVE_EIGEN,[],CMake,0,171,171
26505,eclipse/sumo,https://github.com/eclipse/sumo/blob/7e6a9f98938dab27dd9d7b9885f176b0cb7b7978/src/config.h.cmake#L174,#cmakedefine HAVE_FFMPEG,[],CMake,0,174,174
26505,eclipse/sumo,https://github.com/eclipse/sumo/blob/7e6a9f98938dab27dd9d7b9885f176b0cb7b7978/src/config.h.cmake#L177,#cmakedefine HAVE_FOX,[],CMake,0,177,177
26505,eclipse/sumo,https://github.com/eclipse/sumo/blob/7e6a9f98938dab27dd9d7b9885f176b0cb7b7978/src/config.h.cmake#L180,#cmakedefine HAVE_GDAL,[],CMake,0,180,180
26505,eclipse/sumo,https://github.com/eclipse/sumo/blob/7e6a9f98938dab27dd9d7b9885f176b0cb7b7978/src/config.h.cmake#L183,#cmakedefine HAVE_GL2PS,[],CMake,0,183,183
26505,eclipse/sumo,https://github.com/eclipse/sumo/blob/7e6a9f98938dab27dd9d7b9885f176b0cb7b7978/src/config.h.cmake#L186,#cmakedefine HAVE_JPS,[],CMake,0,186,186
26505,eclipse/sumo,https://github.com/eclipse/sumo/blob/7e6a9f98938dab27dd9d7b9885f176b0cb7b7978/src/config.h.cmake#L189,#cmakedefine HAVE_OSG,[],CMake,0,189,189
26505,eclipse/sumo,https://github.com/eclipse/sumo/blob/7e6a9f98938dab27dd9d7b9885f176b0cb7b7978/src/config.h.cmake#L192,#cmakedefine HAVE_ZLIB,[],CMake,0,192,192
26505,eclipse/sumo,https://github.com/eclipse/sumo/blob/7e6a9f98938dab27dd9d7b9885f176b0cb7b7978/src/config.h.cmake#L195,"#cmakedefine PROJ_API_FILE ""@PROJ_API_FILE@""",[],CMake,0,195,195
26505,eclipse/sumo,https://github.com/eclipse/sumo/blob/7e6a9f98938dab27dd9d7b9885f176b0cb7b7978/src/config.h.cmake#L198,#cmakedefine HAVE_PYTHON,[],CMake,0,198,198
26505,eclipse/sumo,https://github.com/eclipse/sumo/blob/7e6a9f98938dab27dd9d7b9885f176b0cb7b7978/src/config.h.cmake#L201,"#define HAVE_VERSION_H
#ifndef HAVE_VERSION_H",[],CMake,0,201,202
26505,eclipse/sumo,https://github.com/eclipse/sumo/blob/7e6a9f98938dab27dd9d7b9885f176b0cb7b7978/src/config.h.cmake#L204,"#define VERSION_STRING ""1.14.1""",[],CMake,4,204,204
26505,eclipse/sumo,https://github.com/eclipse/sumo/blob/7e6a9f98938dab27dd9d7b9885f176b0cb7b7978/src/config.h.cmake#L205,#endif,[],CMake,0,205,205
26505,eclipse/sumo,https://github.com/eclipse/sumo/blob/7e6a9f98938dab27dd9d7b9885f176b0cb7b7978/src/config.h.cmake#L208,#define NUMERICAL_EPS 0.001,[],CMake,0,208,208
26505,eclipse/sumo,https://github.com/eclipse/sumo/blob/7e6a9f98938dab27dd9d7b9885f176b0cb7b7978/src/config.h.cmake#L211,#define POSITION_EPS 0.1,[],CMake,0,211,211
26505,eclipse/sumo,https://github.com/eclipse/sumo/blob/7e6a9f98938dab27dd9d7b9885f176b0cb7b7978/src/config.h.cmake#L215,#define SPEED_EPS 0.01,[],CMake,0,215,215
26505,eclipse/sumo,https://github.com/eclipse/sumo/blob/7e6a9f98938dab27dd9d7b9885f176b0cb7b7978/src/config.h.cmake#L218,#define XERCES3_SIZE_t XMLSize_t,[],CMake,0,218,218
