repoIndex,repoName,linkLocation,comment,keywords,buildSysteminFile,charPosition,startLine,endLine
2679,ndilieto/uacme,https://github.com/ndilieto/uacme/blob/1eae686fb556beb7df51e50619fd1aec99533867/Makefile.am#L1,"# Copyright (C) 2019-2022 Nicola Di Lieto <nicola.dilieto@gmail.com>
#
# This file is part of uacme.
#
# uacme is free software: you can redistribute it and/or modify it
# under the terms of the GNU General Public License as published by
# the Free Software Foundation, either version 3 of the License, or
# (at your option) any later version.
#
# uacme is distributed in the hope that it will be useful, but
# WITHOUT ANY WARRANTY; without even the implied warranty of
# MERCHANTABILITY or FITNESS FOR A PARTICULAR PURPOSE.  See the GNU
# General Public License for more details.
#
# You should have received a copy of the GNU General Public License
# along with this program.  If not, see <http://www.gnu.org/licenses/>.",[],Autotool,0,1,16
2679,ndilieto/uacme,https://github.com/ndilieto/uacme/blob/1eae686fb556beb7df51e50619fd1aec99533867/configure.ac#L1,"# Copyright (C) 2019-2022 Nicola Di Lieto <nicola.dilieto@gmail.com>
#
# This file is part of uacme.
#
# uacme is free software: you can redistribute it and/or modify it
# under the terms of the GNU General Public License as published by
# the Free Software Foundation, either version 3 of the License, or
# (at your option) any later version.
#
# uacme is distributed in the hope that it will be useful, but
# WITHOUT ANY WARRANTY; without even the implied warranty of
# MERCHANTABILITY or FITNESS FOR A PARTICULAR PURPOSE.  See the GNU
# General Public License for more details.
#
# You should have received a copy of the GNU General Public License
# along with this program.  If not, see <http://www.gnu.org/licenses/>.",[],Autotool,0,1,16
2679,ndilieto/uacme,https://github.com/ndilieto/uacme/blob/1eae686fb556beb7df51e50619fd1aec99533867/configure.ac#L282,#include <openssl/crypto.h>,[],Autotool,43,282,282
2679,ndilieto/uacme,https://github.com/ndilieto/uacme/blob/1eae686fb556beb7df51e50619fd1aec99533867/configure.ac#L340,#include <sys/mman.h>,[],Autotool,35,340,340
2679,ndilieto/uacme,https://github.com/ndilieto/uacme/blob/1eae686fb556beb7df51e50619fd1aec99533867/configure.ac#L347,#include <sys/mman.h>,[],Autotool,39,347,347
2679,ndilieto/uacme,https://github.com/ndilieto/uacme/blob/1eae686fb556beb7df51e50619fd1aec99533867/configure.ac#L348,"#include <sys/stat.h>
#include <fcntl.h>",[],Autotool,25,348,349
2679,ndilieto/uacme,https://github.com/ndilieto/uacme/blob/1eae686fb556beb7df51e50619fd1aec99533867/configure.ac#L357,#include <sys/mman.h>,[],Autotool,43,357,357
2679,ndilieto/uacme,https://github.com/ndilieto/uacme/blob/1eae686fb556beb7df51e50619fd1aec99533867/aclocal.m4#L1,# generated automatically by aclocal 1.16.1 -*- Autoconf -*-,[],Autotool,0,1,1
2679,ndilieto/uacme,https://github.com/ndilieto/uacme/blob/1eae686fb556beb7df51e50619fd1aec99533867/aclocal.m4#L3,"# Copyright (C) 1996-2018 Free Software Foundation, Inc.",[],Autotool,0,3,3
2679,ndilieto/uacme,https://github.com/ndilieto/uacme/blob/1eae686fb556beb7df51e50619fd1aec99533867/aclocal.m4#L5,"# This file is free software; the Free Software Foundation
# gives unlimited permission to copy and/or distribute it,
# with or without modifications, as long as this notice is preserved.",[],Autotool,0,5,7
2679,ndilieto/uacme,https://github.com/ndilieto/uacme/blob/1eae686fb556beb7df51e50619fd1aec99533867/aclocal.m4#L9,"# This program is distributed in the hope that it will be useful,
# but WITHOUT ANY WARRANTY, to the extent permitted by law; without
# even the implied warranty of MERCHANTABILITY or FITNESS FOR A
# PARTICULAR PURPOSE.",[],Autotool,0,9,12
2679,ndilieto/uacme,https://github.com/ndilieto/uacme/blob/1eae686fb556beb7df51e50619fd1aec99533867/aclocal.m4#L16,dnl,[],Autotool,57,16,16
2679,ndilieto/uacme,https://github.com/ndilieto/uacme/blob/1eae686fb556beb7df51e50619fd1aec99533867/aclocal.m4#L57,"dnl of pkg.m4 when generating configure.
dnl
dnl To ensure that this macro is defined, also add:
dnl m4_ifndef([PKG_PREREQ],
dnl     [m4_fatal([must install pkg-config 0.29 or later before running autoconf/autogen])])
dnl
dnl See the ""Since"" comment for each macro you use to see what version
dnl of the macros you require.",[],Autotool,0,57,64
2679,ndilieto/uacme,https://github.com/ndilieto/uacme/blob/1eae686fb556beb7df51e50619fd1aec99533867/aclocal.m4#L69,dnl PKG_PREREQ,[],Autotool,2,69,69
2679,ndilieto/uacme,https://github.com/ndilieto/uacme/blob/1eae686fb556beb7df51e50619fd1aec99533867/aclocal.m4#L71,"dnl PKG_PROG_PKG_CONFIG([MIN-VERSION])
dnl ----------------------------------
dnl Since: 0.16
dnl
dnl Search for the pkg-config tool and set the PKG_CONFIG variable to
dnl first found in the path. Checks that the version of pkg-config found
dnl is at least MIN-VERSION. If MIN-VERSION is not specified, 0.9.0 is
dnl used since that's the first version where most current features of
dnl pkg-config existed.",[],Autotool,0,71,79
2679,ndilieto/uacme,https://github.com/ndilieto/uacme/blob/1eae686fb556beb7df51e50619fd1aec99533867/aclocal.m4#L101,dnl PKG_PROG_PKG_CONFIG,[],Autotool,2,101,101
2679,ndilieto/uacme,https://github.com/ndilieto/uacme/blob/1eae686fb556beb7df51e50619fd1aec99533867/aclocal.m4#L103,"dnl PKG_CHECK_EXISTS(MODULES, [ACTION-IF-FOUND], [ACTION-IF-NOT-FOUND])
dnl -------------------------------------------------------------------
dnl Since: 0.18
dnl
dnl Check to see whether a particular set of modules exists. Similar to
dnl PKG_CHECK_MODULES(), but does not set variables or print errors.
dnl
dnl Please remember that m4 expands AC_REQUIRE([PKG_PROG_PKG_CONFIG])
dnl only at the first occurence in configure.ac, so if the first place
dnl it's called might be skipped (such as if it is within an ""if"", you
dnl have to call PKG_CHECK_EXISTS manually",[],Autotool,0,103,113
2679,ndilieto/uacme,https://github.com/ndilieto/uacme/blob/1eae686fb556beb7df51e50619fd1aec99533867/aclocal.m4#L115,dnl,[],Autotool,34,115,115
2679,ndilieto/uacme,https://github.com/ndilieto/uacme/blob/1eae686fb556beb7df51e50619fd1aec99533867/aclocal.m4#L120,dnl,[],Autotool,6,120,120
2679,ndilieto/uacme,https://github.com/ndilieto/uacme/blob/1eae686fb556beb7df51e50619fd1aec99533867/aclocal.m4#L123,"dnl _PKG_CONFIG([VARIABLE], [COMMAND], [MODULES])
dnl ---------------------------------------------
dnl Internal wrapper calling pkg-config via PKG_CONFIG and setting
dnl pkg_failed based on the result.",[],Autotool,0,123,126
2679,ndilieto/uacme,https://github.com/ndilieto/uacme/blob/1eae686fb556beb7df51e50619fd1aec99533867/aclocal.m4#L138,dnl _PKG_CONFIG,[],Autotool,2,138,138
2679,ndilieto/uacme,https://github.com/ndilieto/uacme/blob/1eae686fb556beb7df51e50619fd1aec99533867/aclocal.m4#L140,"dnl _PKG_SHORT_ERRORS_SUPPORTED
dnl ---------------------------
dnl Internal check to see if pkg-config supports short errors.",[],Autotool,0,140,142
2679,ndilieto/uacme,https://github.com/ndilieto/uacme/blob/1eae686fb556beb7df51e50619fd1aec99533867/aclocal.m4#L150,dnl _PKG_SHORT_ERRORS_SUPPORTED,[],Autotool,2,150,150
2679,ndilieto/uacme,https://github.com/ndilieto/uacme/blob/1eae686fb556beb7df51e50619fd1aec99533867/aclocal.m4#L153,"dnl PKG_CHECK_MODULES(VARIABLE-PREFIX, MODULES, [ACTION-IF-FOUND],
dnl   [ACTION-IF-NOT-FOUND])
dnl --------------------------------------------------------------
dnl Since: 0.4.0
dnl
dnl Note that if there is a possibility the first call to
dnl PKG_CHECK_MODULES might not happen, you should be sure to include an
dnl explicit call to PKG_PROG_PKG_CONFIG in your configure.ac",[],Autotool,0,153,160
2679,ndilieto/uacme,https://github.com/ndilieto/uacme/blob/1eae686fb556beb7df51e50619fd1aec99533867/aclocal.m4#L162,dnl,[],Autotool,34,162,162
2679,ndilieto/uacme,https://github.com/ndilieto/uacme/blob/1eae686fb556beb7df51e50619fd1aec99533867/aclocal.m4#L163,dnl,[],Autotool,75,163,163
2679,ndilieto/uacme,https://github.com/ndilieto/uacme/blob/1eae686fb556beb7df51e50619fd1aec99533867/aclocal.m4#L164,dnl,[],Autotool,69,164,164
2679,ndilieto/uacme,https://github.com/ndilieto/uacme/blob/1eae686fb556beb7df51e50619fd1aec99533867/aclocal.m4#L184,# Put the nasty error message in config.log where it belongs,[],Autotool,1,184,184
2679,ndilieto/uacme,https://github.com/ndilieto/uacme/blob/1eae686fb556beb7df51e50619fd1aec99533867/aclocal.m4#L214,dnl PKG_CHECK_MODULES,[],Autotool,2,214,214
2679,ndilieto/uacme,https://github.com/ndilieto/uacme/blob/1eae686fb556beb7df51e50619fd1aec99533867/aclocal.m4#L217,"dnl PKG_CHECK_MODULES_STATIC(VARIABLE-PREFIX, MODULES, [ACTION-IF-FOUND],
dnl   [ACTION-IF-NOT-FOUND])
dnl ---------------------------------------------------------------------
dnl Since: 0.29
dnl
dnl Checks for existence of MODULES and gathers its build flags with
dnl static libraries enabled. Sets VARIABLE-PREFIX_CFLAGS from --cflags
dnl and VARIABLE-PREFIX_LIBS from --libs.
dnl
dnl Note that if there is a possibility the first call to
dnl PKG_CHECK_MODULES_STATIC might not happen, you should be sure to
dnl include an explicit call to PKG_PROG_PKG_CONFIG in your
dnl configure.ac.",[],Autotool,0,217,229
2679,ndilieto/uacme,https://github.com/ndilieto/uacme/blob/1eae686fb556beb7df51e50619fd1aec99533867/aclocal.m4#L231,dnl,[],Autotool,34,231,231
2679,ndilieto/uacme,https://github.com/ndilieto/uacme/blob/1eae686fb556beb7df51e50619fd1aec99533867/aclocal.m4#L236,dnl PKG_CHECK_MODULES_STATIC,[],Autotool,2,236,236
2679,ndilieto/uacme,https://github.com/ndilieto/uacme/blob/1eae686fb556beb7df51e50619fd1aec99533867/aclocal.m4#L239,"dnl PKG_INSTALLDIR([DIRECTORY])
dnl -------------------------
dnl Since: 0.27
dnl
dnl Substitutes the variable pkgconfigdir as the location where a module
dnl should install pkg-config .pc files. By default the directory is
dnl $libdir/pkgconfig, but the default can be changed by passing
dnl DIRECTORY. The user can override through the --with-pkgconfigdir
dnl parameter.",[],Autotool,0,239,247
2679,ndilieto/uacme,https://github.com/ndilieto/uacme/blob/1eae686fb556beb7df51e50619fd1aec99533867/aclocal.m4#L258,dnl PKG_INSTALLDIR,[],Autotool,2,258,258
2679,ndilieto/uacme,https://github.com/ndilieto/uacme/blob/1eae686fb556beb7df51e50619fd1aec99533867/aclocal.m4#L261,"dnl PKG_NOARCH_INSTALLDIR([DIRECTORY])
dnl --------------------------------
dnl Since: 0.27
dnl
dnl Substitutes the variable noarch_pkgconfigdir as the location where a
dnl module should install arch-independent pkg-config .pc files. By
dnl default the directory is $datadir/pkgconfig, but the default can be
dnl changed by passing DIRECTORY. The user can override through the
dnl --with-noarch-pkgconfigdir parameter.",[],Autotool,0,261,269
2679,ndilieto/uacme,https://github.com/ndilieto/uacme/blob/1eae686fb556beb7df51e50619fd1aec99533867/aclocal.m4#L280,dnl PKG_NOARCH_INSTALLDIR,[],Autotool,2,280,280
2679,ndilieto/uacme,https://github.com/ndilieto/uacme/blob/1eae686fb556beb7df51e50619fd1aec99533867/aclocal.m4#L283,"dnl PKG_CHECK_VAR(VARIABLE, MODULE, CONFIG-VARIABLE,
dnl [ACTION-IF-FOUND], [ACTION-IF-NOT-FOUND])
dnl -------------------------------------------
dnl Since: 0.28
dnl
dnl Retrieves the value of the pkg-config variable for the given module.",[],Autotool,0,283,288
2679,ndilieto/uacme,https://github.com/ndilieto/uacme/blob/1eae686fb556beb7df51e50619fd1aec99533867/aclocal.m4#L290,dnl,[],Autotool,34,290,290
2679,ndilieto/uacme,https://github.com/ndilieto/uacme/blob/1eae686fb556beb7df51e50619fd1aec99533867/aclocal.m4#L291,dnl,[],Autotool,61,291,291
2679,ndilieto/uacme,https://github.com/ndilieto/uacme/blob/1eae686fb556beb7df51e50619fd1aec99533867/aclocal.m4#L296,dnl,[],Autotool,33,296,296
2679,ndilieto/uacme,https://github.com/ndilieto/uacme/blob/1eae686fb556beb7df51e50619fd1aec99533867/aclocal.m4#L297,dnl PKG_CHECK_VAR,[],Autotool,2,297,297
2679,ndilieto/uacme,https://github.com/ndilieto/uacme/blob/1eae686fb556beb7df51e50619fd1aec99533867/aclocal.m4#L299,"# Copyright (C) 2002-2018 Free Software Foundation, Inc.
#
# This file is free software; the Free Software Foundation
# gives unlimited permission to copy and/or distribute it,
# with or without modifications, as long as this notice is preserved.",[],Autotool,0,299,303
2679,ndilieto/uacme,https://github.com/ndilieto/uacme/blob/1eae686fb556beb7df51e50619fd1aec99533867/aclocal.m4#L305,"# AM_AUTOMAKE_VERSION(VERSION)
# ----------------------------
# Automake X.Y traces this macro to ensure aclocal.m4 has been
# generated from the m4 files accompanying Automake X.Y.
# (This private macro should not be called outside this file.)",[],Autotool,0,305,309
2679,ndilieto/uacme,https://github.com/ndilieto/uacme/blob/1eae686fb556beb7df51e50619fd1aec99533867/aclocal.m4#L312,"dnl Some users find AM_AUTOMAKE_VERSION and mistake it for a way to
dnl require some minimum version.  Point them to the right macro.",[],Autotool,0,312,313
2679,ndilieto/uacme,https://github.com/ndilieto/uacme/blob/1eae686fb556beb7df51e50619fd1aec99533867/aclocal.m4#L315,dnl,[],Autotool,64,315,315
2679,ndilieto/uacme,https://github.com/ndilieto/uacme/blob/1eae686fb556beb7df51e50619fd1aec99533867/aclocal.m4#L318,"# _AM_AUTOCONF_VERSION(VERSION)
# -----------------------------
# aclocal traces this macro to find the Autoconf version.
# This is a private macro too.  Using m4_define simplifies
# the logic in aclocal, which can simply ignore this definition.",[],Autotool,0,318,322
2679,ndilieto/uacme,https://github.com/ndilieto/uacme/blob/1eae686fb556beb7df51e50619fd1aec99533867/aclocal.m4#L325,"# AM_SET_CURRENT_AUTOMAKE_VERSION
# -------------------------------
# Call AM_AUTOMAKE_VERSION and AM_AUTOMAKE_VERSION so they can be traced.
# This function is AC_REQUIREd by AM_INIT_AUTOMAKE.",[],Autotool,0,325,328
2679,ndilieto/uacme,https://github.com/ndilieto/uacme/blob/1eae686fb556beb7df51e50619fd1aec99533867/aclocal.m4#L330,dnl,[],Autotool,30,330,330
2679,ndilieto/uacme,https://github.com/ndilieto/uacme/blob/1eae686fb556beb7df51e50619fd1aec99533867/aclocal.m4#L332,dnl,[],Autotool,57,332,332
2679,ndilieto/uacme,https://github.com/ndilieto/uacme/blob/1eae686fb556beb7df51e50619fd1aec99533867/aclocal.m4#L335,"# Copyright (C) 2011-2018 Free Software Foundation, Inc.
#
# This file is free software; the Free Software Foundation
# gives unlimited permission to copy and/or distribute it,
# with or without modifications, as long as this notice is preserved.",[],Autotool,0,335,339
2679,ndilieto/uacme,https://github.com/ndilieto/uacme/blob/1eae686fb556beb7df51e50619fd1aec99533867/aclocal.m4#L341,"# AM_PROG_AR([ACT-IF-FAIL])
# -------------------------
# Try to determine the archiver interface, and trigger the ar-lib wrapper
# if it is needed.  If the detection of archiver interface fails, run
# ACT-IF-FAIL (default is to abort configure with a proper error message).",[],Autotool,0,341,345
2679,ndilieto/uacme,https://github.com/ndilieto/uacme/blob/1eae686fb556beb7df51e50619fd1aec99533867/aclocal.m4#L347,dnl,[],Autotool,27,347,347
2679,ndilieto/uacme,https://github.com/ndilieto/uacme/blob/1eae686fb556beb7df51e50619fd1aec99533867/aclocal.m4#L348,dnl,[],Autotool,34,348,348
2679,ndilieto/uacme,https://github.com/ndilieto/uacme/blob/1eae686fb556beb7df51e50619fd1aec99533867/aclocal.m4#L349,dnl,[],Autotool,31,349,349
2679,ndilieto/uacme,https://github.com/ndilieto/uacme/blob/1eae686fb556beb7df51e50619fd1aec99533867/aclocal.m4#L350,dnl,[],Autotool,29,350,350
2679,ndilieto/uacme,https://github.com/ndilieto/uacme/blob/1eae686fb556beb7df51e50619fd1aec99533867/aclocal.m4#L392,dnl,[],Autotool,14,392,392
2679,ndilieto/uacme,https://github.com/ndilieto/uacme/blob/1eae686fb556beb7df51e50619fd1aec99533867/aclocal.m4#L395,# AM_AUX_DIR_EXPAND                                         -*- Autoconf -*-,[],Autotool,0,395,395
2679,ndilieto/uacme,https://github.com/ndilieto/uacme/blob/1eae686fb556beb7df51e50619fd1aec99533867/aclocal.m4#L397,"# Copyright (C) 2001-2018 Free Software Foundation, Inc.
#
# This file is free software; the Free Software Foundation
# gives unlimited permission to copy and/or distribute it,
# with or without modifications, as long as this notice is preserved.",[],Autotool,0,397,401
2679,ndilieto/uacme,https://github.com/ndilieto/uacme/blob/1eae686fb556beb7df51e50619fd1aec99533867/aclocal.m4#L403,"# For projects using AC_CONFIG_AUX_DIR([foo]), Autoconf sets
# $ac_aux_dir to '$srcdir/foo'.  In other projects, it is set to
# '$srcdir', '$srcdir/..', or '$srcdir/../..'.
#
# Of course, Automake must honor this variable whenever it calls a
# tool from the auxiliary directory.  The problem is that $srcdir (and
# therefore $ac_aux_dir as well) can be either absolute or relative,
# depending on how configure is run.  This is pretty annoying, since
# it makes $ac_aux_dir quite unusable in subdirectories: in the top
# source directory, any form will work fine, but in subdirectories a
# relative path needs to be adjusted first.
#
# $ac_aux_dir/missing
#    fails when called from a subdirectory if $ac_aux_dir is relative
# $top_srcdir/$ac_aux_dir/missing
#    fails if $ac_aux_dir is absolute,
#    fails when called from a subdirectory in a VPATH build with
#          a relative $ac_aux_dir
#
# The reason of the latter failure is that $top_srcdir and $ac_aux_dir
# are both prefixed by $srcdir.  In an in-source build this is usually
# harmless because $srcdir is '.', but things will broke when you
# start a VPATH build or use an absolute $srcdir.
#
# So we could use something similar to $top_srcdir/$ac_aux_dir/missing,
# iff we strip the leading $srcdir from $ac_aux_dir.  That would be:
#   am_aux_dir='\$(top_srcdir)/'`expr ""$ac_aux_dir"" : ""$srcdir//*\(.*\)""`
# and then we would define $MISSING as
#   MISSING=""\${SHELL} $am_aux_dir/missing""
# This will work as long as MISSING is not called from configure, because
# unfortunately $(top_srcdir) has no meaning in configure.
# However there are other variables, like CC, which are often used in
# configure, and could therefore not use this ""fixed"" $ac_aux_dir.
#
# Another solution, used here, is to always expand $ac_aux_dir to an
# absolute PATH.  The drawback is that using absolute paths prevent a
# configured tree to be moved without reconfiguration.",[],Autotool,0,403,439
2679,ndilieto/uacme,https://github.com/ndilieto/uacme/blob/1eae686fb556beb7df51e50619fd1aec99533867/aclocal.m4#L442,dnl,[],Autotool,40,442,442
2679,ndilieto/uacme,https://github.com/ndilieto/uacme/blob/1eae686fb556beb7df51e50619fd1aec99533867/aclocal.m4#L443,# Expand $ac_aux_dir to an absolute path.,[],Autotool,0,443,443
2679,ndilieto/uacme,https://github.com/ndilieto/uacme/blob/1eae686fb556beb7df51e50619fd1aec99533867/aclocal.m4#L447,# AM_CONDITIONAL                                            -*- Autoconf -*-,[],Autotool,0,447,447
2679,ndilieto/uacme,https://github.com/ndilieto/uacme/blob/1eae686fb556beb7df51e50619fd1aec99533867/aclocal.m4#L449,"# Copyright (C) 1997-2018 Free Software Foundation, Inc.
#
# This file is free software; the Free Software Foundation
# gives unlimited permission to copy and/or distribute it,
# with or without modifications, as long as this notice is preserved.",[],Autotool,0,449,453
2679,ndilieto/uacme,https://github.com/ndilieto/uacme/blob/1eae686fb556beb7df51e50619fd1aec99533867/aclocal.m4#L455,"# AM_CONDITIONAL(NAME, SHELL-CONDITION)
# -------------------------------------
# Define a conditional.",[],Autotool,0,455,457
2679,ndilieto/uacme,https://github.com/ndilieto/uacme/blob/1eae686fb556beb7df51e50619fd1aec99533867/aclocal.m4#L459,dnl,[],Autotool,18,459,459
2679,ndilieto/uacme,https://github.com/ndilieto/uacme/blob/1eae686fb556beb7df51e50619fd1aec99533867/aclocal.m4#L461,dnl,[],Autotool,62,461,461
2679,ndilieto/uacme,https://github.com/ndilieto/uacme/blob/1eae686fb556beb7df51e50619fd1aec99533867/aclocal.m4#L462,dnl,[],Autotool,19,462,462
2679,ndilieto/uacme,https://github.com/ndilieto/uacme/blob/1eae686fb556beb7df51e50619fd1aec99533867/aclocal.m4#L463,dnl,[],Autotool,20,463,463
2679,ndilieto/uacme,https://github.com/ndilieto/uacme/blob/1eae686fb556beb7df51e50619fd1aec99533867/aclocal.m4#L464,dnl,[],Autotool,28,464,464
2679,ndilieto/uacme,https://github.com/ndilieto/uacme/blob/1eae686fb556beb7df51e50619fd1aec99533867/aclocal.m4#L465,dnl,[],Autotool,29,465,465
2679,ndilieto/uacme,https://github.com/ndilieto/uacme/blob/1eae686fb556beb7df51e50619fd1aec99533867/aclocal.m4#L466,dnl,[],Autotool,36,466,466
2679,ndilieto/uacme,https://github.com/ndilieto/uacme/blob/1eae686fb556beb7df51e50619fd1aec99533867/aclocal.m4#L469,#',[],Autotool,12,469,469
2679,ndilieto/uacme,https://github.com/ndilieto/uacme/blob/1eae686fb556beb7df51e50619fd1aec99533867/aclocal.m4#L471,#',[],Autotool,11,471,471
2679,ndilieto/uacme,https://github.com/ndilieto/uacme/blob/1eae686fb556beb7df51e50619fd1aec99533867/aclocal.m4#L480,"# Copyright (C) 1999-2018 Free Software Foundation, Inc.
#
# This file is free software; the Free Software Foundation
# gives unlimited permission to copy and/or distribute it,
# with or without modifications, as long as this notice is preserved.",[],Autotool,0,480,484
2679,ndilieto/uacme,https://github.com/ndilieto/uacme/blob/1eae686fb556beb7df51e50619fd1aec99533867/aclocal.m4#L487,"# There are a few dirty hacks below to avoid letting 'AC_PROG_CC' be
# written in clear, in which case automake, when reading aclocal.m4,
# will think it sees a *use*, and therefore will trigger all it's
# C support machinery.  Also note that it means that autoscan, seeing
# CC etc. in the Makefile, will ask for an AC_PROG_CC use...",[],Autotool,0,487,491
2679,ndilieto/uacme,https://github.com/ndilieto/uacme/blob/1eae686fb556beb7df51e50619fd1aec99533867/aclocal.m4#L494,"# _AM_DEPENDENCIES(NAME)
# ----------------------
# See how the compiler implements dependency checking.
# NAME is ""CC"", ""CXX"", ""OBJC"", ""OBJCXX"", ""UPC"", or ""GJC"".
# We try a few techniques and use that to set a single cache variable.
#
# We don't AC_REQUIRE the corresponding AC_PROG_CC since the latter was
# modified to invoke _AM_DEPENDENCIES(CC); we would have a circular
# dependency, and given that the user is not expected to run this macro,
# just rely on AC_PROG_CC.",[],Autotool,0,494,503
2679,ndilieto/uacme,https://github.com/ndilieto/uacme/blob/1eae686fb556beb7df51e50619fd1aec99533867/aclocal.m4#L505,dnl,[],Autotool,28,505,505
2679,ndilieto/uacme,https://github.com/ndilieto/uacme/blob/1eae686fb556beb7df51e50619fd1aec99533867/aclocal.m4#L506,dnl,[],Autotool,43,506,506
2679,ndilieto/uacme,https://github.com/ndilieto/uacme/blob/1eae686fb556beb7df51e50619fd1aec99533867/aclocal.m4#L507,dnl,[],Autotool,29,507,507
2679,ndilieto/uacme,https://github.com/ndilieto/uacme/blob/1eae686fb556beb7df51e50619fd1aec99533867/aclocal.m4#L508,dnl,[],Autotool,26,508,508
2679,ndilieto/uacme,https://github.com/ndilieto/uacme/blob/1eae686fb556beb7df51e50619fd1aec99533867/aclocal.m4#L521,"# We make a subdir and do the tests there.  Otherwise we can end up
# making bogus files that we don't know about and never remove.  For
# instance it was reported that on HP-UX the gcc test will end up
# making a dummy file named 'D' -- because '-MD' means ""put the output
# in D"".",[],Autotool,2,521,525
2679,ndilieto/uacme,https://github.com/ndilieto/uacme/blob/1eae686fb556beb7df51e50619fd1aec99533867/aclocal.m4#L528,"# Copy depcomp to subdir because otherwise we won't find it if we're
# using a relative directory.",[],Autotool,2,528,529
2679,ndilieto/uacme,https://github.com/ndilieto/uacme/blob/1eae686fb556beb7df51e50619fd1aec99533867/aclocal.m4#L532,"# We will build objects and dependencies in a subdirectory because
# it helps to detect inapplicable dependency modes.  For instance
# both Tru64's cc and ICC support -MD to output dependencies as a
# side effect of compilation, but ICC will put the dependencies in
# the current directory while Tru64 will put them in the object
# directory.",[],Autotool,2,532,537
2679,ndilieto/uacme,https://github.com/ndilieto/uacme/blob/1eae686fb556beb7df51e50619fd1aec99533867/aclocal.m4#L542,#*\([a-zA-Z0-9]*\))$/\1/p'] < ./depcomp`,[],Autotool,35,542,542
2679,ndilieto/uacme,https://github.com/ndilieto/uacme/blob/1eae686fb556beb7df51e50619fd1aec99533867/aclocal.m4#L546,#(,[],Autotool,24,546,546
2679,ndilieto/uacme,https://github.com/ndilieto/uacme/blob/1eae686fb556beb7df51e50619fd1aec99533867/aclocal.m4#L550,#(,[],Autotool,24,550,550
2679,ndilieto/uacme,https://github.com/ndilieto/uacme/blob/1eae686fb556beb7df51e50619fd1aec99533867/aclocal.m4#L555,"# Setup a source with many dependencies, because some compilers
# like to wrap large dependency lists on column 80 (with \), and
# we should not choose a depcomp mode which is confused by this.
#
# We need to recreate these files for each test, as the compiler may
# overwrite some of them when testing with obscure command lines.
# This happens at least with the AIX C compiler.",[],Autotool,4,555,561
2679,ndilieto/uacme,https://github.com/ndilieto/uacme/blob/1eae686fb556beb7df51e50619fd1aec99533867/aclocal.m4#L564,"#include ""conftst'$i'.h""' >> sub/conftest.c",[],Autotool,12,564,564
2679,ndilieto/uacme,https://github.com/ndilieto/uacme/blob/1eae686fb556beb7df51e50619fd1aec99533867/aclocal.m4#L565,"# Using "": > sub/conftst$i.h"" creates only sub/conftst1.h with
# Solaris 10 /bin/sh.",[],Autotool,6,565,566
2679,ndilieto/uacme,https://github.com/ndilieto/uacme/blob/1eae686fb556beb7df51e50619fd1aec99533867/aclocal.m4#L571,"# We check with '-c' and '-o' for the sake of the ""dashmstdout""
# mode.  It turns out that the SunPro C++ compiler does not properly
# handle '-M -o', and we need to detect this.  Also, some Intel
# versions had trouble with output in subdirs.",[],Autotool,4,571,574
2679,ndilieto/uacme,https://github.com/ndilieto/uacme/blob/1eae686fb556beb7df51e50619fd1aec99533867/aclocal.m4#L579,# This depmode causes a compiler race in universal mode.,[],Autotool,6,579,579
2679,ndilieto/uacme,https://github.com/ndilieto/uacme/blob/1eae686fb556beb7df51e50619fd1aec99533867/aclocal.m4#L583,"# After this tag, mechanisms are not by side-effect, so they'll
# only be used when explicitly requested.",[],Autotool,6,583,584
2679,ndilieto/uacme,https://github.com/ndilieto/uacme/blob/1eae686fb556beb7df51e50619fd1aec99533867/aclocal.m4#L592,"# This compiler won't grok '-c -o', but also, the minuso test has
# not run yet.  These depmodes are late enough in the game, and
# so weak that their functioning should not be impacted.",[],Autotool,6,592,594
2679,ndilieto/uacme,https://github.com/ndilieto/uacme/blob/1eae686fb556beb7df51e50619fd1aec99533867/aclocal.m4#L609,"# icc doesn't choke on unknown options, it will just issue warnings
# or remarks (even with -Werror).  So we grep stderr for any message
# that says an option was ignored or not supported.
# When given -MP, icc 7.0 and 7.1 complain thusly:
#   icc: Command line warning: ignoring option '-M'; no argument required
# The diagnosis changed in icc 8.0:
#   icc: Command line remark: option '-MP' not supported",[],Autotool,6,609,615
2679,ndilieto/uacme,https://github.com/ndilieto/uacme/blob/1eae686fb556beb7df51e50619fd1aec99533867/aclocal.m4#L637,"# AM_SET_DEPDIR
# -------------
# Choose a directory name for dependency files.
# This macro is AC_REQUIREd in _AM_DEPENDENCIES.",[],Autotool,0,637,640
2679,ndilieto/uacme,https://github.com/ndilieto/uacme/blob/1eae686fb556beb7df51e50619fd1aec99533867/aclocal.m4#L642,dnl,[],Autotool,33,642,642
2679,ndilieto/uacme,https://github.com/ndilieto/uacme/blob/1eae686fb556beb7df51e50619fd1aec99533867/aclocal.m4#L643,dnl,[],Autotool,46,643,643
2679,ndilieto/uacme,https://github.com/ndilieto/uacme/blob/1eae686fb556beb7df51e50619fd1aec99533867/aclocal.m4#L647,"# AM_DEP_TRACK
# ------------",[],Autotool,0,647,648
2679,ndilieto/uacme,https://github.com/ndilieto/uacme/blob/1eae686fb556beb7df51e50619fd1aec99533867/aclocal.m4#L663,dnl,[],Autotool,26,663,663
2679,ndilieto/uacme,https://github.com/ndilieto/uacme/blob/1eae686fb556beb7df51e50619fd1aec99533867/aclocal.m4#L664,dnl,[],Autotool,35,664,664
2679,ndilieto/uacme,https://github.com/ndilieto/uacme/blob/1eae686fb556beb7df51e50619fd1aec99533867/aclocal.m4#L665,dnl,[],Autotool,21,665,665
2679,ndilieto/uacme,https://github.com/ndilieto/uacme/blob/1eae686fb556beb7df51e50619fd1aec99533867/aclocal.m4#L666,dnl,[],Autotool,30,666,666
2679,ndilieto/uacme,https://github.com/ndilieto/uacme/blob/1eae686fb556beb7df51e50619fd1aec99533867/aclocal.m4#L669,# Generate code to set up dependency tracking.              -*- Autoconf -*-,[],Autotool,0,669,669
2679,ndilieto/uacme,https://github.com/ndilieto/uacme/blob/1eae686fb556beb7df51e50619fd1aec99533867/aclocal.m4#L671,"# Copyright (C) 1999-2018 Free Software Foundation, Inc.
#
# This file is free software; the Free Software Foundation
# gives unlimited permission to copy and/or distribute it,
# with or without modifications, as long as this notice is preserved.",[],Autotool,0,671,675
2679,ndilieto/uacme,https://github.com/ndilieto/uacme/blob/1eae686fb556beb7df51e50619fd1aec99533867/aclocal.m4#L677,"# _AM_OUTPUT_DEPENDENCY_COMMANDS
# ------------------------------",[],Autotool,0,677,678
2679,ndilieto/uacme,https://github.com/ndilieto/uacme/blob/1eae686fb556beb7df51e50619fd1aec99533867/aclocal.m4#L690,# Used to flag and report bootstrapping failures.,[],Autotool,2,690,690
2679,ndilieto/uacme,https://github.com/ndilieto/uacme/blob/1eae686fb556beb7df51e50619fd1aec99533867/aclocal.m4#L694,# Strip MF so we end up with the name of the file.,[],Autotool,4,694,694
2679,ndilieto/uacme,https://github.com/ndilieto/uacme/blob/1eae686fb556beb7df51e50619fd1aec99533867/aclocal.m4#L729,# order to bootstrap the dependency handling code.,[],Autotool,0,729,729
2679,ndilieto/uacme,https://github.com/ndilieto/uacme/blob/1eae686fb556beb7df51e50619fd1aec99533867/aclocal.m4#L735,# Do all the work for Automake.                             -*- Autoconf -*-,[],Autotool,0,735,735
2679,ndilieto/uacme,https://github.com/ndilieto/uacme/blob/1eae686fb556beb7df51e50619fd1aec99533867/aclocal.m4#L737,"# Copyright (C) 1996-2018 Free Software Foundation, Inc.
#
# This file is free software; the Free Software Foundation
# gives unlimited permission to copy and/or distribute it,
# with or without modifications, as long as this notice is preserved.",[],Autotool,0,737,741
2679,ndilieto/uacme,https://github.com/ndilieto/uacme/blob/1eae686fb556beb7df51e50619fd1aec99533867/aclocal.m4#L743,"# This macro actually does too much.  Some checks are only needed if
# your package does certain things.  But this isn't really a big deal.",[],Autotool,0,743,744
2679,ndilieto/uacme,https://github.com/ndilieto/uacme/blob/1eae686fb556beb7df51e50619fd1aec99533867/aclocal.m4#L746,dnl Redefine AC_PROG_CC to automatically invoke _AM_PROG_CC_C_O.,[],Autotool,0,746,746
2679,ndilieto/uacme,https://github.com/ndilieto/uacme/blob/1eae686fb556beb7df51e50619fd1aec99533867/aclocal.m4#L752,"# AM_INIT_AUTOMAKE(PACKAGE, VERSION, [NO-DEFINE])
# AM_INIT_AUTOMAKE([OPTIONS])
# -----------------------------------------------
# The call with PACKAGE and VERSION arguments is the old style
# call (pre autoconf-2.50), which is being phased out.  PACKAGE
# and VERSION should now be passed to AC_INIT and removed from
# the call to AM_INIT_AUTOMAKE.
# We support both call styles for the transition.  After
# the next Automake release, Autoconf can make the AC_INIT
# arguments mandatory, and then we can depend on a new Autoconf
# release and drop the old call support.",[],Autotool,0,752,762
2679,ndilieto/uacme,https://github.com/ndilieto/uacme/blob/1eae686fb556beb7df51e50619fd1aec99533867/aclocal.m4#L764,dnl,[],Autotool,18,764,764
2679,ndilieto/uacme,https://github.com/ndilieto/uacme/blob/1eae686fb556beb7df51e50619fd1aec99533867/aclocal.m4#L765,"dnl Autoconf wants to disallow AM_ names.  We explicitly allow
dnl the ones we care about.",[],Autotool,0,765,766
2679,ndilieto/uacme,https://github.com/ndilieto/uacme/blob/1eae686fb556beb7df51e50619fd1aec99533867/aclocal.m4#L767,dnl,[],Autotool,36,767,767
2679,ndilieto/uacme,https://github.com/ndilieto/uacme/blob/1eae686fb556beb7df51e50619fd1aec99533867/aclocal.m4#L768,dnl,[],Autotool,45,768,768
2679,ndilieto/uacme,https://github.com/ndilieto/uacme/blob/1eae686fb556beb7df51e50619fd1aec99533867/aclocal.m4#L769,dnl,[],Autotool,29,769,769
2679,ndilieto/uacme,https://github.com/ndilieto/uacme/blob/1eae686fb556beb7df51e50619fd1aec99533867/aclocal.m4#L771,"# Use -I$(srcdir) only when $(srcdir) != ., so that make's output
# is not polluted with repeated ""-I.""",[],Autotool,2,771,772
2679,ndilieto/uacme,https://github.com/ndilieto/uacme/blob/1eae686fb556beb7df51e50619fd1aec99533867/aclocal.m4#L773,dnl,[],Autotool,69,773,773
2679,ndilieto/uacme,https://github.com/ndilieto/uacme/blob/1eae686fb556beb7df51e50619fd1aec99533867/aclocal.m4#L774,# test to see if srcdir already configured,[],Autotool,2,774,774
2679,ndilieto/uacme,https://github.com/ndilieto/uacme/blob/1eae686fb556beb7df51e50619fd1aec99533867/aclocal.m4#L780,# test whether we have cygpath,[],Autotool,0,780,780
2679,ndilieto/uacme,https://github.com/ndilieto/uacme/blob/1eae686fb556beb7df51e50619fd1aec99533867/aclocal.m4#L790,# Define the identity of the package.,[],Autotool,0,790,790
2679,ndilieto/uacme,https://github.com/ndilieto/uacme/blob/1eae686fb556beb7df51e50619fd1aec99533867/aclocal.m4#L791,dnl Distinguish between old-style and new-style calls.,[],Autotool,0,791,791
2679,ndilieto/uacme,https://github.com/ndilieto/uacme/blob/1eae686fb556beb7df51e50619fd1aec99533867/aclocal.m4#L795,dnl,[],Autotool,45,795,795
2679,ndilieto/uacme,https://github.com/ndilieto/uacme/blob/1eae686fb556beb7df51e50619fd1aec99533867/aclocal.m4#L796,dnl,[],Autotool,26,796,796
2679,ndilieto/uacme,https://github.com/ndilieto/uacme/blob/1eae686fb556beb7df51e50619fd1aec99533867/aclocal.m4#L798,dnl,[],Autotool,22,798,798
2679,ndilieto/uacme,https://github.com/ndilieto/uacme/blob/1eae686fb556beb7df51e50619fd1aec99533867/aclocal.m4#L799,dnl Diagnose old-style AC_INIT with new-style AM_AUTOMAKE_INIT.,[],Autotool,0,799,799
2679,ndilieto/uacme,https://github.com/ndilieto/uacme/blob/1eae686fb556beb7df51e50619fd1aec99533867/aclocal.m4#L803,dnl,[],Autotool,76,803,803
2679,ndilieto/uacme,https://github.com/ndilieto/uacme/blob/1eae686fb556beb7df51e50619fd1aec99533867/aclocal.m4#L804,dnl,[],Autotool,44,804,804
2679,ndilieto/uacme,https://github.com/ndilieto/uacme/blob/1eae686fb556beb7df51e50619fd1aec99533867/aclocal.m4#L805,dnl,[],Autotool,46,805,805
2679,ndilieto/uacme,https://github.com/ndilieto/uacme/blob/1eae686fb556beb7df51e50619fd1aec99533867/aclocal.m4#L809,dnl,[],Autotool,75,809,809
2679,ndilieto/uacme,https://github.com/ndilieto/uacme/blob/1eae686fb556beb7df51e50619fd1aec99533867/aclocal.m4#L811,# Some tools Automake needs.,[],Autotool,0,811,811
2679,ndilieto/uacme,https://github.com/ndilieto/uacme/blob/1eae686fb556beb7df51e50619fd1aec99533867/aclocal.m4#L812,dnl,[],Autotool,29,812,812
2679,ndilieto/uacme,https://github.com/ndilieto/uacme/blob/1eae686fb556beb7df51e50619fd1aec99533867/aclocal.m4#L813,dnl,[],Autotool,28,813,813
2679,ndilieto/uacme,https://github.com/ndilieto/uacme/blob/1eae686fb556beb7df51e50619fd1aec99533867/aclocal.m4#L819,dnl,[],Autotool,32,819,819
2679,ndilieto/uacme,https://github.com/ndilieto/uacme/blob/1eae686fb556beb7df51e50619fd1aec99533867/aclocal.m4#L820,dnl,[],Autotool,35,820,820
2679,ndilieto/uacme,https://github.com/ndilieto/uacme/blob/1eae686fb556beb7df51e50619fd1aec99533867/aclocal.m4#L821,dnl,[],Autotool,29,821,821
2679,ndilieto/uacme,https://github.com/ndilieto/uacme/blob/1eae686fb556beb7df51e50619fd1aec99533867/aclocal.m4#L822,"# For better backward compatibility.  To be removed once Automake 1.9.x
# dies out for good.  For more background, see:
# <https://lists.gnu.org/archive/html/automake/2012-07/msg00001.html>
# <https://lists.gnu.org/archive/html/automake/2012-07/msg00014.html>",[],Autotool,0,822,825
2679,ndilieto/uacme,https://github.com/ndilieto/uacme/blob/1eae686fb556beb7df51e50619fd1aec99533867/aclocal.m4#L827,"# We need awk for the ""check"" target (and possibly the TAP driver).  The
# system ""awk"" is bad on some platforms.",[],Autotool,0,827,828
2679,ndilieto/uacme,https://github.com/ndilieto/uacme/blob/1eae686fb556beb7df51e50619fd1aec99533867/aclocal.m4#L829,dnl,[],Autotool,25,829,829
2679,ndilieto/uacme,https://github.com/ndilieto/uacme/blob/1eae686fb556beb7df51e50619fd1aec99533867/aclocal.m4#L830,dnl,[],Autotool,30,830,830
2679,ndilieto/uacme,https://github.com/ndilieto/uacme/blob/1eae686fb556beb7df51e50619fd1aec99533867/aclocal.m4#L831,dnl,[],Autotool,32,831,831
2679,ndilieto/uacme,https://github.com/ndilieto/uacme/blob/1eae686fb556beb7df51e50619fd1aec99533867/aclocal.m4#L839,dnl,[],Autotool,56,839,839
2679,ndilieto/uacme,https://github.com/ndilieto/uacme/blob/1eae686fb556beb7df51e50619fd1aec99533867/aclocal.m4#L843,dnl,[],Autotool,58,843,843
2679,ndilieto/uacme,https://github.com/ndilieto/uacme/blob/1eae686fb556beb7df51e50619fd1aec99533867/aclocal.m4#L847,dnl,[],Autotool,60,847,847
2679,ndilieto/uacme,https://github.com/ndilieto/uacme/blob/1eae686fb556beb7df51e50619fd1aec99533867/aclocal.m4#L851,dnl,[],Autotool,64,851,851
2679,ndilieto/uacme,https://github.com/ndilieto/uacme/blob/1eae686fb556beb7df51e50619fd1aec99533867/aclocal.m4#L853,dnl,[],Autotool,29,853,853
2679,ndilieto/uacme,https://github.com/ndilieto/uacme/blob/1eae686fb556beb7df51e50619fd1aec99533867/aclocal.m4#L854,"dnl The testsuite driver may need to know about EXEEXT, so add the
dnl 'am__EXEEXT' conditional if _AM_COMPILER_EXEEXT was seen.  This
dnl macro is hooked onto _AC_COMPILER_EXEEXT early, see below.",[],Autotool,0,854,856
2679,ndilieto/uacme,https://github.com/ndilieto/uacme/blob/1eae686fb556beb7df51e50619fd1aec99533867/aclocal.m4#L857,dnl,[],Autotool,23,857,857
2679,ndilieto/uacme,https://github.com/ndilieto/uacme/blob/1eae686fb556beb7df51e50619fd1aec99533867/aclocal.m4#L859,dnl,[],Autotool,56,859,859
2679,ndilieto/uacme,https://github.com/ndilieto/uacme/blob/1eae686fb556beb7df51e50619fd1aec99533867/aclocal.m4#L861,"# POSIX will say in a future version that running ""rm -f"" with no argument
# is OK; and we want to be able to make that assumption in our Makefile
# recipes.  So use an aggressive probe to check that the usage we want is
# actually supported ""in the wild"" to an acceptable degree.
# See automake bug#10828.
# To make any issue more visible, cause the running configure to be aborted
# by default if the 'rm' program in use doesn't match our expectations; the
# user can still override this though.",[],Autotool,0,861,868
2679,ndilieto/uacme,https://github.com/ndilieto/uacme/blob/1eae686fb556beb7df51e50619fd1aec99533867/aclocal.m4#L934,"# Copyright (C) 2001-2018 Free Software Foundation, Inc.
#
# This file is free software; the Free Software Foundation
# gives unlimited permission to copy and/or distribute it,
# with or without modifications, as long as this notice is preserved.",[],Autotool,0,934,938
2679,ndilieto/uacme,https://github.com/ndilieto/uacme/blob/1eae686fb556beb7df51e50619fd1aec99533867/aclocal.m4#L940,"# AM_PROG_INSTALL_SH
# ------------------
# Define $install_sh.",[],Autotool,0,940,942
2679,ndilieto/uacme,https://github.com/ndilieto/uacme/blob/1eae686fb556beb7df51e50619fd1aec99533867/aclocal.m4#L944,dnl,[],Autotool,32,944,944
2679,ndilieto/uacme,https://github.com/ndilieto/uacme/blob/1eae686fb556beb7df51e50619fd1aec99533867/aclocal.m4#L955,"# Copyright (C) 2003-2018 Free Software Foundation, Inc.
#
# This file is free software; the Free Software Foundation
# gives unlimited permission to copy and/or distribute it,
# with or without modifications, as long as this notice is preserved.",[],Autotool,0,955,959
2679,ndilieto/uacme,https://github.com/ndilieto/uacme/blob/1eae686fb556beb7df51e50619fd1aec99533867/aclocal.m4#L961,"# Check whether the underlying file-system supports filenames
# with a leading dot.  For instance MS-DOS doesn't.",[],Autotool,0,961,962
2679,ndilieto/uacme,https://github.com/ndilieto/uacme/blob/1eae686fb556beb7df51e50619fd1aec99533867/aclocal.m4#L974,"# Add --enable-maintainer-mode option to configure.         -*- Autoconf -*-
# From Jim Meyering",[],Autotool,0,974,975
2679,ndilieto/uacme,https://github.com/ndilieto/uacme/blob/1eae686fb556beb7df51e50619fd1aec99533867/aclocal.m4#L977,"# Copyright (C) 1996-2018 Free Software Foundation, Inc.
#
# This file is free software; the Free Software Foundation
# gives unlimited permission to copy and/or distribute it,
# with or without modifications, as long as this notice is preserved.",[],Autotool,0,977,981
2679,ndilieto/uacme,https://github.com/ndilieto/uacme/blob/1eae686fb556beb7df51e50619fd1aec99533867/aclocal.m4#L983,"# AM_MAINTAINER_MODE([DEFAULT-MODE])
# ----------------------------------
# Control maintainer-specific portions of Makefiles.
# Default is to disable them, unless 'enable' is passed literally.
# For symmetry, 'disable' may be passed as well.  Anyway, the user
# can override the default with the --enable/--disable switch.",[],Autotool,0,983,988
2679,ndilieto/uacme,https://github.com/ndilieto/uacme/blob/1eae686fb556beb7df51e50619fd1aec99533867/aclocal.m4#L996,dnl maintainer-mode's default is 'disable' unless 'enable' is passed,[],Autotool,2,996,996
2679,ndilieto/uacme,https://github.com/ndilieto/uacme/blob/1eae686fb556beb7df51e50619fd1aec99533867/aclocal.m4#L1006,dnl,[],Autotool,19,1006,1006
2679,ndilieto/uacme,https://github.com/ndilieto/uacme/blob/1eae686fb556beb7df51e50619fd1aec99533867/aclocal.m4#L1010,# Check to see how 'make' treats includes.	            -*- Autoconf -*-,[],Autotool,0,1010,1010
2679,ndilieto/uacme,https://github.com/ndilieto/uacme/blob/1eae686fb556beb7df51e50619fd1aec99533867/aclocal.m4#L1012,"# Copyright (C) 2001-2018 Free Software Foundation, Inc.
#
# This file is free software; the Free Software Foundation
# gives unlimited permission to copy and/or distribute it,
# with or without modifications, as long as this notice is preserved.",[],Autotool,0,1012,1016
2679,ndilieto/uacme,https://github.com/ndilieto/uacme/blob/1eae686fb556beb7df51e50619fd1aec99533867/aclocal.m4#L1018,"# AM_MAKE_INCLUDE()
# -----------------
# Check whether make has an 'include' directive that can support all
# the idioms we need for our automatic dependency tracking code.",[],Autotool,0,1018,1021
2679,ndilieto/uacme,https://github.com/ndilieto/uacme/blob/1eae686fb556beb7df51e50619fd1aec99533867/aclocal.m4#L1031,# BSD make does it like this.,[],Autotool,0,1031,1031
2679,ndilieto/uacme,https://github.com/ndilieto/uacme/blob/1eae686fb556beb7df51e50619fd1aec99533867/aclocal.m4#L1032,# ignored' > confmf.BSD,[],Autotool,28,1032,1032
2679,ndilieto/uacme,https://github.com/ndilieto/uacme/blob/1eae686fb556beb7df51e50619fd1aec99533867/aclocal.m4#L1033,"# Other make implementations (GNU, Solaris 10, AIX) do it like this.",[],Autotool,0,1033,1033
2679,ndilieto/uacme,https://github.com/ndilieto/uacme/blob/1eae686fb556beb7df51e50619fd1aec99533867/aclocal.m4#L1043,"#""; then",[],Autotool,29,1043,1043
2679,ndilieto/uacme,https://github.com/ndilieto/uacme/blob/1eae686fb556beb7df51e50619fd1aec99533867/aclocal.m4#L1053,# Fake the existence of programs that GNU maintainers use.  -*- Autoconf -*-,[],Autotool,0,1053,1053
2679,ndilieto/uacme,https://github.com/ndilieto/uacme/blob/1eae686fb556beb7df51e50619fd1aec99533867/aclocal.m4#L1055,"# Copyright (C) 1997-2018 Free Software Foundation, Inc.
#
# This file is free software; the Free Software Foundation
# gives unlimited permission to copy and/or distribute it,
# with or without modifications, as long as this notice is preserved.",[],Autotool,0,1055,1059
2679,ndilieto/uacme,https://github.com/ndilieto/uacme/blob/1eae686fb556beb7df51e50619fd1aec99533867/aclocal.m4#L1061,"# AM_MISSING_PROG(NAME, PROGRAM)
# ------------------------------",[],Autotool,0,1061,1062
2679,ndilieto/uacme,https://github.com/ndilieto/uacme/blob/1eae686fb556beb7df51e50619fd1aec99533867/aclocal.m4#L1068,"# AM_MISSING_HAS_RUN
# ------------------
# Define MISSING if not defined so far and test if it is modern enough.
# If it is, set am_missing_run to use it, otherwise, to nothing.",[],Autotool,0,1068,1071
2679,ndilieto/uacme,https://github.com/ndilieto/uacme/blob/1eae686fb556beb7df51e50619fd1aec99533867/aclocal.m4#L1073,dnl,[],Autotool,32,1073,1073
2679,ndilieto/uacme,https://github.com/ndilieto/uacme/blob/1eae686fb556beb7df51e50619fd1aec99533867/aclocal.m4#L1074,dnl,[],Autotool,30,1074,1074
2679,ndilieto/uacme,https://github.com/ndilieto/uacme/blob/1eae686fb556beb7df51e50619fd1aec99533867/aclocal.m4#L1083,# Use eval to expand $SHELL,[],Autotool,0,1083,1083
2679,ndilieto/uacme,https://github.com/ndilieto/uacme/blob/1eae686fb556beb7df51e50619fd1aec99533867/aclocal.m4#L1092,# Helper functions for option handling.                     -*- Autoconf -*-,[],Autotool,0,1092,1092
2679,ndilieto/uacme,https://github.com/ndilieto/uacme/blob/1eae686fb556beb7df51e50619fd1aec99533867/aclocal.m4#L1094,"# Copyright (C) 2001-2018 Free Software Foundation, Inc.
#
# This file is free software; the Free Software Foundation
# gives unlimited permission to copy and/or distribute it,
# with or without modifications, as long as this notice is preserved.",[],Autotool,0,1094,1098
2679,ndilieto/uacme,https://github.com/ndilieto/uacme/blob/1eae686fb556beb7df51e50619fd1aec99533867/aclocal.m4#L1100,"# _AM_MANGLE_OPTION(NAME)
# -----------------------",[],Autotool,0,1100,1101
2679,ndilieto/uacme,https://github.com/ndilieto/uacme/blob/1eae686fb556beb7df51e50619fd1aec99533867/aclocal.m4#L1105,"# _AM_SET_OPTION(NAME)
# --------------------
# Set option NAME.  Presently that only means defining a flag for this option.",[],Autotool,0,1105,1107
2679,ndilieto/uacme,https://github.com/ndilieto/uacme/blob/1eae686fb556beb7df51e50619fd1aec99533867/aclocal.m4#L1111,"# _AM_SET_OPTIONS(OPTIONS)
# ------------------------
# OPTIONS is a space-separated list of Automake options.",[],Autotool,0,1111,1113
2679,ndilieto/uacme,https://github.com/ndilieto/uacme/blob/1eae686fb556beb7df51e50619fd1aec99533867/aclocal.m4#L1117,"# _AM_IF_OPTION(OPTION, IF-SET, [IF-NOT-SET])
# -------------------------------------------
# Execute IF-SET if OPTION is set, IF-NOT-SET otherwise.",[],Autotool,0,1117,1119
2679,ndilieto/uacme,https://github.com/ndilieto/uacme/blob/1eae686fb556beb7df51e50619fd1aec99533867/aclocal.m4#L1123,"# Copyright (C) 1999-2018 Free Software Foundation, Inc.
#
# This file is free software; the Free Software Foundation
# gives unlimited permission to copy and/or distribute it,
# with or without modifications, as long as this notice is preserved.",[],Autotool,0,1123,1127
2679,ndilieto/uacme,https://github.com/ndilieto/uacme/blob/1eae686fb556beb7df51e50619fd1aec99533867/aclocal.m4#L1129,"# _AM_PROG_CC_C_O
# ---------------
# Like AC_PROG_CC_C_O, but changed for automake.  We rewrite AC_PROG_CC
# to automatically call this.",[],Autotool,0,1129,1132
2679,ndilieto/uacme,https://github.com/ndilieto/uacme/blob/1eae686fb556beb7df51e50619fd1aec99533867/aclocal.m4#L1134,dnl,[],Autotool,32,1134,1134
2679,ndilieto/uacme,https://github.com/ndilieto/uacme/blob/1eae686fb556beb7df51e50619fd1aec99533867/aclocal.m4#L1135,dnl,[],Autotool,30,1135,1135
2679,ndilieto/uacme,https://github.com/ndilieto/uacme/blob/1eae686fb556beb7df51e50619fd1aec99533867/aclocal.m4#L1136,dnl,[],Autotool,17,1136,1136
2679,ndilieto/uacme,https://github.com/ndilieto/uacme/blob/1eae686fb556beb7df51e50619fd1aec99533867/aclocal.m4#L1141,"# Make sure it works both with $CC and with simple cc.
# Following AC_PROG_CC_C_O, we do the test twice because some
# compilers refuse to overwrite an existing .o file with -o,
# though they will create one.",[],Autotool,2,1141,1144
2679,ndilieto/uacme,https://github.com/ndilieto/uacme/blob/1eae686fb556beb7df51e50619fd1aec99533867/aclocal.m4#L1167,# For backward compatibility.,[],Autotool,0,1167,1167
2679,ndilieto/uacme,https://github.com/ndilieto/uacme/blob/1eae686fb556beb7df51e50619fd1aec99533867/aclocal.m4#L1170,"# Copyright (C) 2001-2018 Free Software Foundation, Inc.
#
# This file is free software; the Free Software Foundation
# gives unlimited permission to copy and/or distribute it,
# with or without modifications, as long as this notice is preserved.",[],Autotool,0,1170,1174
2679,ndilieto/uacme,https://github.com/ndilieto/uacme/blob/1eae686fb556beb7df51e50619fd1aec99533867/aclocal.m4#L1176,"# AM_RUN_LOG(COMMAND)
# -------------------
# Run COMMAND, save the exit status in ac_status, and log it.
# (This has been adapted from Autoconf's _AC_RUN_LOG macro.)",[],Autotool,0,1176,1179
2679,ndilieto/uacme,https://github.com/ndilieto/uacme/blob/1eae686fb556beb7df51e50619fd1aec99533867/aclocal.m4#L1187,# Check to make sure that the build environment is sane.    -*- Autoconf -*-,[],Autotool,0,1187,1187
2679,ndilieto/uacme,https://github.com/ndilieto/uacme/blob/1eae686fb556beb7df51e50619fd1aec99533867/aclocal.m4#L1189,"# Copyright (C) 1996-2018 Free Software Foundation, Inc.
#
# This file is free software; the Free Software Foundation
# gives unlimited permission to copy and/or distribute it,
# with or without modifications, as long as this notice is preserved.",[],Autotool,0,1189,1193
2679,ndilieto/uacme,https://github.com/ndilieto/uacme/blob/1eae686fb556beb7df51e50619fd1aec99533867/aclocal.m4#L1195,"# AM_SANITY_CHECK
# ---------------",[],Autotool,0,1195,1196
2679,ndilieto/uacme,https://github.com/ndilieto/uacme/blob/1eae686fb556beb7df51e50619fd1aec99533867/aclocal.m4#L1199,"# Reject unsafe characters in $srcdir or the absolute working directory
# name.  Accept space and tab only in the latter.",[],Autotool,0,1199,1200
2679,ndilieto/uacme,https://github.com/ndilieto/uacme/blob/1eae686fb556beb7df51e50619fd1aec99533867/aclocal.m4#L1216,# directory).,[],Autotool,0,1216,1216
2679,ndilieto/uacme,https://github.com/ndilieto/uacme/blob/1eae686fb556beb7df51e50619fd1aec99533867/aclocal.m4#L1223,# -L didn't work.,[],Autotool,1,1223,1223
2679,ndilieto/uacme,https://github.com/ndilieto/uacme/blob/1eae686fb556beb7df51e50619fd1aec99533867/aclocal.m4#L1239,# Just in case.,[],Autotool,5,1239,1239
2679,ndilieto/uacme,https://github.com/ndilieto/uacme/blob/1eae686fb556beb7df51e50619fd1aec99533867/aclocal.m4#L1246,# Ok.,[],Autotool,3,1246,1246
2679,ndilieto/uacme,https://github.com/ndilieto/uacme/blob/1eae686fb556beb7df51e50619fd1aec99533867/aclocal.m4#L1253,"# If we didn't sleep, we still need to ensure time stamps of config.status and
# generated files are strictly newer.",[],Autotool,0,1253,1254
2679,ndilieto/uacme,https://github.com/ndilieto/uacme/blob/1eae686fb556beb7df51e50619fd1aec99533867/aclocal.m4#L1263,# Hide warnings about reused PIDs.,[],Autotool,5,1263,1263
2679,ndilieto/uacme,https://github.com/ndilieto/uacme/blob/1eae686fb556beb7df51e50619fd1aec99533867/aclocal.m4#L1270,"# Copyright (C) 2009-2018 Free Software Foundation, Inc.
#
# This file is free software; the Free Software Foundation
# gives unlimited permission to copy and/or distribute it,
# with or without modifications, as long as this notice is preserved.",[],Autotool,0,1270,1274
2679,ndilieto/uacme,https://github.com/ndilieto/uacme/blob/1eae686fb556beb7df51e50619fd1aec99533867/aclocal.m4#L1276,"# AM_SILENT_RULES([DEFAULT])
# --------------------------
# Enable less verbose build rules; with the default set to DEFAULT
# (""yes"" being less verbose, ""no"" or empty being verbose).",[],Autotool,0,1276,1279
2679,ndilieto/uacme,https://github.com/ndilieto/uacme/blob/1eae686fb556beb7df51e50619fd1aec99533867/aclocal.m4#L1287,dnl,[],Autotool,44,1287,1287
2679,ndilieto/uacme,https://github.com/ndilieto/uacme/blob/1eae686fb556beb7df51e50619fd1aec99533867/aclocal.m4#L1294,"dnl
dnl A few 'make' implementations (e.g., NonStop OS and NextStep)
dnl do not support nested variable expansions.
dnl See automake bug#9928 and bug#10237.",[],Autotool,0,1294,1297
2679,ndilieto/uacme,https://github.com/ndilieto/uacme/blob/1eae686fb556beb7df51e50619fd1aec99533867/aclocal.m4#L1313,dnl Using '$V' instead of '$(V)' breaks IRIX make.,[],Autotool,2,1313,1313
2679,ndilieto/uacme,https://github.com/ndilieto/uacme/blob/1eae686fb556beb7df51e50619fd1aec99533867/aclocal.m4#L1342,"# Fortunately install-sh will honor a STRIPPROG variable, so we
# always use install-sh in ""make install-strip"", and initialize
# STRIPPROG with the value of the STRIP variable (set by the user).",[],Autotool,0,1342,1344
2679,ndilieto/uacme,https://github.com/ndilieto/uacme/blob/1eae686fb556beb7df51e50619fd1aec99533867/aclocal.m4#L1346,dnl,[],Autotool,33,1346,1346
2679,ndilieto/uacme,https://github.com/ndilieto/uacme/blob/1eae686fb556beb7df51e50619fd1aec99533867/aclocal.m4#L1347,"# Installed binaries are usually stripped using 'strip' when the user
# run ""make install-strip"".  However 'strip' might not be the right
# tool to use in cross-compilation environments, therefore Automake
# will honor the 'STRIP' environment variable to overrule this program.",[],Autotool,0,1347,1350
2679,ndilieto/uacme,https://github.com/ndilieto/uacme/blob/1eae686fb556beb7df51e50619fd1aec99533867/aclocal.m4#L1351,"dnl Don't test for $cross_compiling = yes, because it might be 'maybe'.",[],Autotool,0,1351,1351
2679,ndilieto/uacme,https://github.com/ndilieto/uacme/blob/1eae686fb556beb7df51e50619fd1aec99533867/aclocal.m4#L1358,"# Copyright (C) 2006-2018 Free Software Foundation, Inc.
#
# This file is free software; the Free Software Foundation
# gives unlimited permission to copy and/or distribute it,
# with or without modifications, as long as this notice is preserved.",[],Autotool,0,1358,1362
2679,ndilieto/uacme,https://github.com/ndilieto/uacme/blob/1eae686fb556beb7df51e50619fd1aec99533867/aclocal.m4#L1364,"# _AM_SUBST_NOTMAKE(VARIABLE)
# ---------------------------
# Prevent Automake from outputting VARIABLE = @VARIABLE@ in Makefile.in.
# This macro is traced by Automake.",[],Autotool,0,1364,1367
2679,ndilieto/uacme,https://github.com/ndilieto/uacme/blob/1eae686fb556beb7df51e50619fd1aec99533867/aclocal.m4#L1370,"# AM_SUBST_NOTMAKE(VARIABLE)
# --------------------------
# Public sister of _AM_SUBST_NOTMAKE.",[],Autotool,0,1370,1372
2679,ndilieto/uacme,https://github.com/ndilieto/uacme/blob/1eae686fb556beb7df51e50619fd1aec99533867/aclocal.m4#L1375,# Check how to create a tarball.                            -*- Autoconf -*-,[],Autotool,0,1375,1375
2679,ndilieto/uacme,https://github.com/ndilieto/uacme/blob/1eae686fb556beb7df51e50619fd1aec99533867/aclocal.m4#L1377,"# Copyright (C) 2004-2018 Free Software Foundation, Inc.
#
# This file is free software; the Free Software Foundation
# gives unlimited permission to copy and/or distribute it,
# with or without modifications, as long as this notice is preserved.",[],Autotool,0,1377,1381
2679,ndilieto/uacme,https://github.com/ndilieto/uacme/blob/1eae686fb556beb7df51e50619fd1aec99533867/aclocal.m4#L1383,"# _AM_PROG_TAR(FORMAT)
# --------------------
# Check how to create a tarball in format FORMAT.
# FORMAT should be one of 'v7', 'ustar', or 'pax'.
#
# Substitute a variable $(am__tar) that is a command
# writing to stdout a FORMAT-tarball containing the directory
# $tardir.
#     tardir=directory && $(am__tar) > result.tar
#
# Substitute a variable $(am__untar) that extract such
# a tarball read from stdin.
#     $(am__untar) < result.tar
#",[],Autotool,0,1383,1396
2679,ndilieto/uacme,https://github.com/ndilieto/uacme/blob/1eae686fb556beb7df51e50619fd1aec99533867/aclocal.m4#L1398,"# Always define AMTAR for backward compatibility.  Yes, it's still used",[],Autotool,1,1398,1398
2679,ndilieto/uacme,https://github.com/ndilieto/uacme/blob/1eae686fb556beb7df51e50619fd1aec99533867/aclocal.m4#L1399,# in the wild :-(  We should find a proper way to deprecate it ...,[],Autotool,0,1399,1399
2679,ndilieto/uacme,https://github.com/ndilieto/uacme/blob/1eae686fb556beb7df51e50619fd1aec99533867/aclocal.m4#L1402,# We'll loop over all known methods to create a tar archive until one works.,[],Autotool,0,1402,1402
2679,ndilieto/uacme,https://github.com/ndilieto/uacme/blob/1eae686fb556beb7df51e50619fd1aec99533867/aclocal.m4#L1459,"# Must skip GNU tar: if it does not support --format= it doesn't create
# ustar tarball either.",[],Autotool,6,1459,1460
2679,ndilieto/uacme,https://github.com/ndilieto/uacme/blob/1eae686fb556beb7df51e50619fd1aec99533867/aclocal.m4#L1483,"# If the value was cached, stop now.  We just wanted to have am__tar
# and am__untar set.",[],Autotool,4,1483,1484
2679,ndilieto/uacme,https://github.com/ndilieto/uacme/blob/1eae686fb556beb7df51e50619fd1aec99533867/aclocal.m4#L1487,"# tar/untar a dummy directory, and stop if the command works.",[],Autotool,4,1487,1487
2679,ndilieto/uacme,https://github.com/ndilieto/uacme/blob/1eae686fb556beb7df51e50619fd1aec99533867/aclocal.m4#L1506,# _AM_PROG_TAR,[],Autotool,3,1506,1506
