repoIndex,repoName,linkLocation,comment,keywords,buildSysteminFile,charPosition,startLine,endLine
26880,amnezia-vpn/desktop-client,https://github.com/amnezia-vpn/desktop-client/blob/7d09d41a7df57d149f07e5a6443e1158a8f90873/client/3rd/ShadowSocks/ShadowSocks/shadowsocks-libev/libcork/CMakeLists.txt#L1,"# -*- coding: utf-8 -*-
# ----------------------------------------------------------------------
# Copyright © 2011-2015, RedJack, LLC.
# All rights reserved.
#
# Please see the COPYING file in this distribution for license details.
# ----------------------------------------------------------------------",[],CMake,0,1,7
26880,amnezia-vpn/desktop-client,https://github.com/amnezia-vpn/desktop-client/blob/7d09d41a7df57d149f07e5a6443e1158a8f90873/client/3rd/ShadowSocks/ShadowSocks/shadowsocks-libev/libcork/CMakeLists.txt#L20,"#-----------------------------------------------------------------------
# Retrieve the current version number",[],CMake,0,20,21
26880,amnezia-vpn/desktop-client,https://github.com/amnezia-vpn/desktop-client/blob/7d09d41a7df57d149f07e5a6443e1158a8f90873/client/3rd/ShadowSocks/ShadowSocks/shadowsocks-libev/libcork/CMakeLists.txt#L32,"# This causes an annoying extra prompt in ccmake.
# message(""Current version: "" ${VERSION})",[],CMake,0,32,33
26880,amnezia-vpn/desktop-client,https://github.com/amnezia-vpn/desktop-client/blob/7d09d41a7df57d149f07e5a6443e1158a8f90873/client/3rd/ShadowSocks/ShadowSocks/shadowsocks-libev/libcork/CMakeLists.txt#L57,"#-----------------------------------------------------------------------
# Check for building on Tilera
# If the Tilera environment is installed, then $TILERA_ROOT is defined
# as the path to the active MDE.",[],CMake,0,57,60
26880,amnezia-vpn/desktop-client,https://github.com/amnezia-vpn/desktop-client/blob/7d09d41a7df57d149f07e5a6443e1158a8f90873/client/3rd/ShadowSocks/ShadowSocks/shadowsocks-libev/libcork/CMakeLists.txt#L74,#add_definitions(-std=gnu99),[],CMake,4,74,74
26880,amnezia-vpn/desktop-client,https://github.com/amnezia-vpn/desktop-client/blob/7d09d41a7df57d149f07e5a6443e1158a8f90873/client/3rd/ShadowSocks/ShadowSocks/shadowsocks-libev/libcork/CMakeLists.txt#L81,"#-----------------------------------------------------------------------
# Set some options",[],CMake,0,81,82
26880,amnezia-vpn/desktop-client,https://github.com/amnezia-vpn/desktop-client/blob/7d09d41a7df57d149f07e5a6443e1158a8f90873/client/3rd/ShadowSocks/ShadowSocks/shadowsocks-libev/libcork/CMakeLists.txt#L114,"#-----------------------------------------------------------------------
# Check for prerequisite libraries",[],CMake,0,114,115
26880,amnezia-vpn/desktop-client,https://github.com/amnezia-vpn/desktop-client/blob/7d09d41a7df57d149f07e5a6443e1158a8f90873/client/3rd/ShadowSocks/ShadowSocks/shadowsocks-libev/libcork/CMakeLists.txt#L121,"#-----------------------------------------------------------------------
# Include our subdirectories",[],CMake,0,121,122
26880,amnezia-vpn/desktop-client,https://github.com/amnezia-vpn/desktop-client/blob/7d09d41a7df57d149f07e5a6443e1158a8f90873/client/3rd/ShadowSocks/ShadowSocks/shadowsocks-libev/libcork/docs/CMakeLists.txt#L1,"# -*- coding: utf-8 -*-
# ----------------------------------------------------------------------
# Copyright © 2011-2014, RedJack, LLC.
# All rights reserved.
#
# Please see the COPYING file in this distribution for license details.
# ----------------------------------------------------------------------",[],CMake,0,1,7
26880,amnezia-vpn/desktop-client,https://github.com/amnezia-vpn/desktop-client/blob/7d09d41a7df57d149f07e5a6443e1158a8f90873/client/3rd/ShadowSocks/ShadowSocks/shadowsocks-libev/libcork/docs/CMakeLists.txt#L9,"# Fill in this with the text that you want to include in the header and footer
# of each man page.",[],CMake,0,9,10
26880,amnezia-vpn/desktop-client,https://github.com/amnezia-vpn/desktop-client/blob/7d09d41a7df57d149f07e5a6443e1158a8f90873/client/3rd/ShadowSocks/ShadowSocks/shadowsocks-libev/libcork/docs/CMakeLists.txt#L15,"# Fill this in with any man pages that should be built from a pandoc source
# file.  For a man page called foo.5, there should be a pandoc source file
# called foo.5.pandoc.",[],CMake,0,15,17
26880,amnezia-vpn/desktop-client,https://github.com/amnezia-vpn/desktop-client/blob/7d09d41a7df57d149f07e5a6443e1158a8f90873/client/3rd/ShadowSocks/ShadowSocks/shadowsocks-libev/libcork/docs/CMakeLists.txt#L22,"#-----------------------------------------------------------------------
# Everything below is boilerplate!",[],CMake,0,22,23
26880,amnezia-vpn/desktop-client,https://github.com/amnezia-vpn/desktop-client/blob/7d09d41a7df57d149f07e5a6443e1158a8f90873/client/3rd/ShadowSocks/ShadowSocks/shadowsocks-libev/libcork/docs/CMakeLists.txt#L42,# Link man pages go in docs/links,[],CMake,0,42,42
26880,amnezia-vpn/desktop-client,https://github.com/amnezia-vpn/desktop-client/blob/7d09d41a7df57d149f07e5a6443e1158a8f90873/client/3rd/ShadowSocks/ShadowSocks/shadowsocks-libev/libcork/docs/CMakeLists.txt#L54,# commands,[],CMake,19,54,54
26880,amnezia-vpn/desktop-client,https://github.com/amnezia-vpn/desktop-client/blob/7d09d41a7df57d149f07e5a6443e1158a8f90873/client/3rd/ShadowSocks/ShadowSocks/shadowsocks-libev/libcork/docs/CMakeLists.txt#L55,# library API,[],CMake,19,55,55
26880,amnezia-vpn/desktop-client,https://github.com/amnezia-vpn/desktop-client/blob/7d09d41a7df57d149f07e5a6443e1158a8f90873/client/3rd/ShadowSocks/ShadowSocks/shadowsocks-libev/libcork/docs/CMakeLists.txt#L56,# special files and drivers,[],CMake,19,56,56
26880,amnezia-vpn/desktop-client,https://github.com/amnezia-vpn/desktop-client/blob/7d09d41a7df57d149f07e5a6443e1158a8f90873/client/3rd/ShadowSocks/ShadowSocks/shadowsocks-libev/libcork/docs/CMakeLists.txt#L57,# file formats and conventions,[],CMake,19,57,57
26880,amnezia-vpn/desktop-client,https://github.com/amnezia-vpn/desktop-client/blob/7d09d41a7df57d149f07e5a6443e1158a8f90873/client/3rd/ShadowSocks/ShadowSocks/shadowsocks-libev/libcork/docs/CMakeLists.txt#L58,# miscellaneous,[],CMake,19,58,58
26880,amnezia-vpn/desktop-client,https://github.com/amnezia-vpn/desktop-client/blob/7d09d41a7df57d149f07e5a6443e1158a8f90873/client/3rd/ShadowSocks/ShadowSocks/shadowsocks-libev/libcork/docs/CMakeLists.txt#L59,# system commands,[],CMake,19,59,59
26880,amnezia-vpn/desktop-client,https://github.com/amnezia-vpn/desktop-client/blob/7d09d41a7df57d149f07e5a6443e1158a8f90873/client/3rd/ShadowSocks/ShadowSocks/shadowsocks-libev/libcork/docs/CMakeLists.txt#L62,# Man pages with actual content go in docs,[],CMake,0,62,62
26880,amnezia-vpn/desktop-client,https://github.com/amnezia-vpn/desktop-client/blob/7d09d41a7df57d149f07e5a6443e1158a8f90873/client/3rd/ShadowSocks/ShadowSocks/shadowsocks-libev/libcork/docs/CMakeLists.txt#L72,# Only compile the markdown source into groff man pages if requested.,[],CMake,4,72,72
26880,amnezia-vpn/desktop-client,https://github.com/amnezia-vpn/desktop-client/blob/7d09d41a7df57d149f07e5a6443e1158a8f90873/client/3rd/ShadowSocks/ShadowSocks/shadowsocks-libev/libcork/docs/CMakeLists.txt#L88,"# We should always have an already-compiled copy of each man page in the
# source tree, which we can install even if we didn't build fresh new
# copies.",[],CMake,4,88,90
26880,amnezia-vpn/desktop-client,https://github.com/amnezia-vpn/desktop-client/blob/7d09d41a7df57d149f07e5a6443e1158a8f90873/client/3rd/ShadowSocks/ShadowSocks/shadowsocks-libev/libcork/docs/old/CMakeLists.txt#L1,"# -*- coding: utf-8 -*-
# ----------------------------------------------------------------------
# Copyright © 2011-2014, RedJack, LLC.
# All rights reserved.
#
# Please see the COPYING file in this distribution for license details.
# ----------------------------------------------------------------------",[],CMake,0,1,7
26880,amnezia-vpn/desktop-client,https://github.com/amnezia-vpn/desktop-client/blob/7d09d41a7df57d149f07e5a6443e1158a8f90873/client/3rd/ShadowSocks/ShadowSocks/shadowsocks-libev/libcork/docs/old/CMakeLists.txt#L53,"# If your Sphinx documentation references the Sphinx documentation of
# any of your prerequisite libraries, add some calls to
# find_prereq_doc here:
#
# find_prereq_doc(libcork)",[],CMake,2,53,57
26880,amnezia-vpn/desktop-client,https://github.com/amnezia-vpn/desktop-client/blob/7d09d41a7df57d149f07e5a6443e1158a8f90873/client/3rd/ShadowSocks/ShadowSocks/shadowsocks-libev/libcork/include/CMakeLists.txt#L1,"# -*- coding: utf-8 -*-
# ----------------------------------------------------------------------
# Copyright © 2011-2015, RedJack, LLC.
# All rights reserved.
#
# Please see the COPYING file in this distribution for license details.
# ----------------------------------------------------------------------",[],CMake,0,1,7
26880,amnezia-vpn/desktop-client,https://github.com/amnezia-vpn/desktop-client/blob/7d09d41a7df57d149f07e5a6443e1158a8f90873/client/3rd/ShadowSocks/ShadowSocks/shadowsocks-libev/libcork/share/CMakeLists.txt#L1,"# -*- coding: utf-8 -*-
# ----------------------------------------------------------------------
# Copyright © 2012, RedJack, LLC.
# All rights reserved.
#
# Please see the COPYING file in this distribution for license
# details.
# ----------------------------------------------------------------------",[],CMake,0,1,8
26880,amnezia-vpn/desktop-client,https://github.com/amnezia-vpn/desktop-client/blob/7d09d41a7df57d149f07e5a6443e1158a8f90873/client/3rd/ShadowSocks/ShadowSocks/shadowsocks-libev/libcork/src/CMakeLists.txt#L1,"# -*- coding: utf-8 -*-
# ----------------------------------------------------------------------
# Copyright © 2011-2015, RedJack, LLC.
# All rights reserved.
#
# Please see the COPYING file in this distribution for license details.
# ----------------------------------------------------------------------",[],CMake,0,1,7
26880,amnezia-vpn/desktop-client,https://github.com/amnezia-vpn/desktop-client/blob/7d09d41a7df57d149f07e5a6443e1158a8f90873/client/3rd/ShadowSocks/ShadowSocks/shadowsocks-libev/libcork/src/CMakeLists.txt#L9,"#-----------------------------------------------------------------------
# libcork",[],CMake,0,9,10
26880,amnezia-vpn/desktop-client,https://github.com/amnezia-vpn/desktop-client/blob/7d09d41a7df57d149f07e5a6443e1158a8f90873/client/3rd/ShadowSocks/ShadowSocks/shadowsocks-libev/libcork/src/CMakeLists.txt#L12,"# Update the VERSION property below according to the following rules (taken from
# [1]):
#
# VERSION = current.revision.age
#
#   1. Start with a VERSION of `0.0.0` for each shared library.
#   2. Update VERSION only immediately before a public release of your software.
#      More frequent updates are unnecessary, and only guarantee that the
#      current interface number gets larger faster.
#   3. If the library source code has changed at all since the last update, then
#      increment `revision` (`c.r.a` becomes `c.r+1.a`).
#   4. If any interfaces have been added, removed, or changed since the last
#      update, increment `current`, and set `revision` to 0.
#   5. If any interfaces have been added since the last public release, then
#      increment `age`.
#   6. If any interfaces have been removed or changed since the last public
#      release, then set `age` to 0.
#
# Note that changing `current` means that you are releasing a new
# backwards-incompatible version of the library.  This has implications on
# packaging, so once an API has stabilized, this should be a rare occurrence.
#
# [1] http://www.gnu.org/software/libtool/manual/html_node/Updating-version-info.html#Updating-version-info",[],CMake,0,12,34
26880,amnezia-vpn/desktop-client,https://github.com/amnezia-vpn/desktop-client/blob/7d09d41a7df57d149f07e5a6443e1158a8f90873/client/3rd/ShadowSocks/ShadowSocks/shadowsocks-libev/libcork/src/CMakeLists.txt#L85,"#-----------------------------------------------------------------------
# Utility commands",[],CMake,0,85,86
26880,amnezia-vpn/desktop-client,https://github.com/amnezia-vpn/desktop-client/blob/7d09d41a7df57d149f07e5a6443e1158a8f90873/client/3rd/ShadowSocks/ShadowSocks/shadowsocks-libev/libcork/tests/CMakeLists.txt#L1,"# -*- coding: utf-8 -*-
# ----------------------------------------------------------------------
# Copyright © 2011-2015, RedJack, LLC.
# All rights reserved.
#
# Please see the COPYING file in this distribution for license details.
# ----------------------------------------------------------------------",[],CMake,0,1,7
26880,amnezia-vpn/desktop-client,https://github.com/amnezia-vpn/desktop-client/blob/7d09d41a7df57d149f07e5a6443e1158a8f90873/client/3rd/ShadowSocks/ShadowSocks/shadowsocks-libev/libcork/tests/CMakeLists.txt#L14,"#-----------------------------------------------------------------------
# Build the test cases",[],CMake,0,14,15
26880,amnezia-vpn/desktop-client,https://github.com/amnezia-vpn/desktop-client/blob/7d09d41a7df57d149f07e5a6443e1158a8f90873/client/3rd/ShadowSocks/ShadowSocks/shadowsocks-libev/libcork/tests/CMakeLists.txt#L17,"# For each test cases, we create two executables: one that links with a
# shared libcork, and the other that simulates embedding libcork into
# another project.  For the embedded version, we need to know which of
# the libcork submodules should be included when compiling the test
# case.  These are provided as additional parameters to the make_test
# macro.",[],CMake,0,17,22
26880,amnezia-vpn/desktop-client,https://github.com/amnezia-vpn/desktop-client/blob/7d09d41a7df57d149f07e5a6443e1158a8f90873/client/3rd/ShadowSocks/ShadowSocks/shadowsocks-libev/libcork/tests/CMakeLists.txt#L57,"#-----------------------------------------------------------------------
# Command-line tests",[],CMake,0,57,58
26880,amnezia-vpn/desktop-client,https://github.com/amnezia-vpn/desktop-client/blob/7d09d41a7df57d149f07e5a6443e1158a8f90873/client/3rd/ShadowSocks/ShadowSocks/shadowsocks-libev/libipset/CMakeLists.txt#L1,"# -*- coding: utf-8 -*-
# ----------------------------------------------------------------------
# Copyright © 2011-2013, RedJack, LLC.
# All rights reserved.
#
# Please see the LICENSE.txt file in this distribution for license
# details.
# ----------------------------------------------------------------------",[],CMake,0,1,8
26880,amnezia-vpn/desktop-client,https://github.com/amnezia-vpn/desktop-client/blob/7d09d41a7df57d149f07e5a6443e1158a8f90873/client/3rd/ShadowSocks/ShadowSocks/shadowsocks-libev/libipset/CMakeLists.txt#L16,"#-----------------------------------------------------------------------
# Retrieve the current version number",[],CMake,0,16,17
26880,amnezia-vpn/desktop-client,https://github.com/amnezia-vpn/desktop-client/blob/7d09d41a7df57d149f07e5a6443e1158a8f90873/client/3rd/ShadowSocks/ShadowSocks/shadowsocks-libev/libipset/CMakeLists.txt#L28,"# This causes an annoying extra prompt in ccmake.
# message(""Current version: "" ${VERSION})",[],CMake,0,28,29
26880,amnezia-vpn/desktop-client,https://github.com/amnezia-vpn/desktop-client/blob/7d09d41a7df57d149f07e5a6443e1158a8f90873/client/3rd/ShadowSocks/ShadowSocks/shadowsocks-libev/libipset/CMakeLists.txt#L35,"#-----------------------------------------------------------------------
# Check for building on Tilera
# If the Tilera environment is installed, then $TILERA_ROOT is defined
# as the path to the active MDE.",[],CMake,0,35,38
26880,amnezia-vpn/desktop-client,https://github.com/amnezia-vpn/desktop-client/blob/7d09d41a7df57d149f07e5a6443e1158a8f90873/client/3rd/ShadowSocks/ShadowSocks/shadowsocks-libev/libipset/CMakeLists.txt#L52,#add_definitions(-std=gnu99),[],CMake,4,52,52
26880,amnezia-vpn/desktop-client,https://github.com/amnezia-vpn/desktop-client/blob/7d09d41a7df57d149f07e5a6443e1158a8f90873/client/3rd/ShadowSocks/ShadowSocks/shadowsocks-libev/libipset/CMakeLists.txt#L59,"#-----------------------------------------------------------------------
# Check for prerequisite libraries",[],CMake,0,59,60
26880,amnezia-vpn/desktop-client,https://github.com/amnezia-vpn/desktop-client/blob/7d09d41a7df57d149f07e5a6443e1158a8f90873/client/3rd/ShadowSocks/ShadowSocks/shadowsocks-libev/libipset/CMakeLists.txt#L66,"#-----------------------------------------------------------------------
# Set some options",[],CMake,0,66,67
26880,amnezia-vpn/desktop-client,https://github.com/amnezia-vpn/desktop-client/blob/7d09d41a7df57d149f07e5a6443e1158a8f90873/client/3rd/ShadowSocks/ShadowSocks/shadowsocks-libev/libipset/CMakeLists.txt#L92,"#-----------------------------------------------------------------------
# Include our subdirectories",[],CMake,0,92,93
26880,amnezia-vpn/desktop-client,https://github.com/amnezia-vpn/desktop-client/blob/7d09d41a7df57d149f07e5a6443e1158a8f90873/client/3rd/ShadowSocks/ShadowSocks/shadowsocks-libev/libipset/docs/CMakeLists.txt#L1,"# -*- coding: utf-8 -*-
# ----------------------------------------------------------------------
# Copyright © 2011-2013, RedJack, LLC.
# All rights reserved.
#
# Please see the LICENSE.txt file in this distribution for license
# details.
# ----------------------------------------------------------------------",[],CMake,0,1,8
26880,amnezia-vpn/desktop-client,https://github.com/amnezia-vpn/desktop-client/blob/7d09d41a7df57d149f07e5a6443e1158a8f90873/client/3rd/ShadowSocks/ShadowSocks/shadowsocks-libev/libipset/docs/CMakeLists.txt#L10,"# Fill in this with the text that you want to include in the header and footer
# of each man page.",[],CMake,0,10,11
26880,amnezia-vpn/desktop-client,https://github.com/amnezia-vpn/desktop-client/blob/7d09d41a7df57d149f07e5a6443e1158a8f90873/client/3rd/ShadowSocks/ShadowSocks/shadowsocks-libev/libipset/docs/CMakeLists.txt#L16,"# Fill this in with any man pages that should be built from a pandoc source
# file.  For a man page called foo.5, there should be a pandoc source file
# called foo.5.pandoc.",[],CMake,0,16,18
26880,amnezia-vpn/desktop-client,https://github.com/amnezia-vpn/desktop-client/blob/7d09d41a7df57d149f07e5a6443e1158a8f90873/client/3rd/ShadowSocks/ShadowSocks/shadowsocks-libev/libipset/docs/CMakeLists.txt#L23,"#-----------------------------------------------------------------------
# Everything below is boilerplate!",[],CMake,0,23,24
26880,amnezia-vpn/desktop-client,https://github.com/amnezia-vpn/desktop-client/blob/7d09d41a7df57d149f07e5a6443e1158a8f90873/client/3rd/ShadowSocks/ShadowSocks/shadowsocks-libev/libipset/docs/CMakeLists.txt#L43,# Link man pages go in docs/links,[],CMake,0,43,43
26880,amnezia-vpn/desktop-client,https://github.com/amnezia-vpn/desktop-client/blob/7d09d41a7df57d149f07e5a6443e1158a8f90873/client/3rd/ShadowSocks/ShadowSocks/shadowsocks-libev/libipset/docs/CMakeLists.txt#L55,# commands,[],CMake,19,55,55
26880,amnezia-vpn/desktop-client,https://github.com/amnezia-vpn/desktop-client/blob/7d09d41a7df57d149f07e5a6443e1158a8f90873/client/3rd/ShadowSocks/ShadowSocks/shadowsocks-libev/libipset/docs/CMakeLists.txt#L56,# library API,[],CMake,19,56,56
26880,amnezia-vpn/desktop-client,https://github.com/amnezia-vpn/desktop-client/blob/7d09d41a7df57d149f07e5a6443e1158a8f90873/client/3rd/ShadowSocks/ShadowSocks/shadowsocks-libev/libipset/docs/CMakeLists.txt#L57,# special files and drivers,[],CMake,19,57,57
26880,amnezia-vpn/desktop-client,https://github.com/amnezia-vpn/desktop-client/blob/7d09d41a7df57d149f07e5a6443e1158a8f90873/client/3rd/ShadowSocks/ShadowSocks/shadowsocks-libev/libipset/docs/CMakeLists.txt#L58,# file formats and conventions,[],CMake,19,58,58
26880,amnezia-vpn/desktop-client,https://github.com/amnezia-vpn/desktop-client/blob/7d09d41a7df57d149f07e5a6443e1158a8f90873/client/3rd/ShadowSocks/ShadowSocks/shadowsocks-libev/libipset/docs/CMakeLists.txt#L59,# miscellaneous,[],CMake,19,59,59
26880,amnezia-vpn/desktop-client,https://github.com/amnezia-vpn/desktop-client/blob/7d09d41a7df57d149f07e5a6443e1158a8f90873/client/3rd/ShadowSocks/ShadowSocks/shadowsocks-libev/libipset/docs/CMakeLists.txt#L60,# system commands,[],CMake,19,60,60
26880,amnezia-vpn/desktop-client,https://github.com/amnezia-vpn/desktop-client/blob/7d09d41a7df57d149f07e5a6443e1158a8f90873/client/3rd/ShadowSocks/ShadowSocks/shadowsocks-libev/libipset/docs/CMakeLists.txt#L63,# Man pages with actual content go in docs,[],CMake,0,63,63
26880,amnezia-vpn/desktop-client,https://github.com/amnezia-vpn/desktop-client/blob/7d09d41a7df57d149f07e5a6443e1158a8f90873/client/3rd/ShadowSocks/ShadowSocks/shadowsocks-libev/libipset/docs/CMakeLists.txt#L73,# Only compile the markdown source into groff man pages if requested.,[],CMake,4,73,73
26880,amnezia-vpn/desktop-client,https://github.com/amnezia-vpn/desktop-client/blob/7d09d41a7df57d149f07e5a6443e1158a8f90873/client/3rd/ShadowSocks/ShadowSocks/shadowsocks-libev/libipset/docs/CMakeLists.txt#L89,"# We should always have an already-compiled copy of each man page in the
# source tree, which we can install even if we didn't build fresh new
# copies.",[],CMake,4,89,91
26880,amnezia-vpn/desktop-client,https://github.com/amnezia-vpn/desktop-client/blob/7d09d41a7df57d149f07e5a6443e1158a8f90873/client/3rd/ShadowSocks/ShadowSocks/shadowsocks-libev/libipset/examples/CMakeLists.txt#L1,"# -*- coding: utf-8 -*-
# ----------------------------------------------------------------------
# Copyright © 2012, RedJack, LLC.
# All rights reserved.
#
# Please see the LICENSE.txt file in this distribution for license
# details.
# ----------------------------------------------------------------------",[],CMake,0,1,8
26880,amnezia-vpn/desktop-client,https://github.com/amnezia-vpn/desktop-client/blob/7d09d41a7df57d149f07e5a6443e1158a8f90873/client/3rd/ShadowSocks/ShadowSocks/shadowsocks-libev/libipset/examples/CMakeLists.txt#L12,"#-----------------------------------------------------------------------
# Examples",[],CMake,0,12,13
26880,amnezia-vpn/desktop-client,https://github.com/amnezia-vpn/desktop-client/blob/7d09d41a7df57d149f07e5a6443e1158a8f90873/client/3rd/ShadowSocks/ShadowSocks/shadowsocks-libev/libipset/include/CMakeLists.txt#L1,"# -*- coding: utf-8 -*-
# ----------------------------------------------------------------------
# Copyright © 2011, RedJack, LLC.
# All rights reserved.
#
# Please see the LICENSE.txt file in this distribution for license
# details.
# ----------------------------------------------------------------------",[],CMake,0,1,8
26880,amnezia-vpn/desktop-client,https://github.com/amnezia-vpn/desktop-client/blob/7d09d41a7df57d149f07e5a6443e1158a8f90873/client/3rd/ShadowSocks/ShadowSocks/shadowsocks-libev/libipset/share/CMakeLists.txt#L1,"# -*- coding: utf-8 -*-
# ----------------------------------------------------------------------
# Copyright © 2012, RedJack, LLC.
# All rights reserved.
#
# Please see the LICENSE.txt file in this distribution for license
# details.
# ----------------------------------------------------------------------",[],CMake,0,1,8
26880,amnezia-vpn/desktop-client,https://github.com/amnezia-vpn/desktop-client/blob/7d09d41a7df57d149f07e5a6443e1158a8f90873/client/3rd/ShadowSocks/ShadowSocks/shadowsocks-libev/libipset/src/CMakeLists.txt#L1,"# -*- coding: utf-8 -*-
# ----------------------------------------------------------------------
# Copyright © 2011-2013, RedJack, LLC.
# All rights reserved.
#
# Please see the LICENSE.txt file in this distribution for license
# details.
# ----------------------------------------------------------------------",[],CMake,0,1,8
26880,amnezia-vpn/desktop-client,https://github.com/amnezia-vpn/desktop-client/blob/7d09d41a7df57d149f07e5a6443e1158a8f90873/client/3rd/ShadowSocks/ShadowSocks/shadowsocks-libev/libipset/src/CMakeLists.txt#L13,"#-----------------------------------------------------------------------
# Build the library",[],CMake,0,13,14
26880,amnezia-vpn/desktop-client,https://github.com/amnezia-vpn/desktop-client/blob/7d09d41a7df57d149f07e5a6443e1158a8f90873/client/3rd/ShadowSocks/ShadowSocks/shadowsocks-libev/libipset/src/CMakeLists.txt#L38,"# Update the VERSION and SOVERSION properties below according to the following
# rules (taken from [1]):
#
# VERSION = current.revision.age
#
#   1. Start with a VERSION of `0.0.0` for each shared library.
#   2. Update VERSION only immediately before a public release of your software.
#      More frequent updates are unnecessary, and only guarantee that the
#      current interface number gets larger faster.
#   3. If the library source code has changed at all since the last update, then
#      increment `revision` (`c.r.a` becomes `c.r+1.a`).
#   4. If any interfaces have been added, removed, or changed since the last
#      update, increment `current`, and set `revision` to 0.
#   5. If any interfaces have been added since the last public release, then
#      increment `age`.
#   6. If any interfaces have been removed or changed since the last public
#      release, then set `age` to 0.
#
# SOVERSION should always equal `current`.
#
# Note that changing `current` means that you are releasing a new
# backwards-incompatible version of the library.  This has implications on
# packaging, so once an API has stabilized, these should be a rare occurrence.
#
# [1] http://www.gnu.org/software/libtool/manual/html_node/Updating-version-info.html#Updating-version-info",[],CMake,0,38,62
26880,amnezia-vpn/desktop-client,https://github.com/amnezia-vpn/desktop-client/blob/7d09d41a7df57d149f07e5a6443e1158a8f90873/client/3rd/ShadowSocks/ShadowSocks/shadowsocks-libev/libipset/src/CMakeLists.txt#L75,"#-----------------------------------------------------------------------
# Utility commands",[],CMake,0,75,76
26880,amnezia-vpn/desktop-client,https://github.com/amnezia-vpn/desktop-client/blob/7d09d41a7df57d149f07e5a6443e1158a8f90873/client/3rd/ShadowSocks/ShadowSocks/shadowsocks-libev/libipset/src/CMakeLists.txt#L102,"#-----------------------------------------------------------------------
# Generate the pkg-config file",[],CMake,0,102,103
26880,amnezia-vpn/desktop-client,https://github.com/amnezia-vpn/desktop-client/blob/7d09d41a7df57d149f07e5a6443e1158a8f90873/client/3rd/ShadowSocks/ShadowSocks/shadowsocks-libev/libipset/tests/CMakeLists.txt#L1,"# -*- coding: utf-8 -*-
# ----------------------------------------------------------------------
# Copyright © 2011, RedJack, LLC.
# All rights reserved.
#
# Please see the LICENSE.txt file in this distribution for license
# details.
# ----------------------------------------------------------------------",[],CMake,0,1,8
26880,amnezia-vpn/desktop-client,https://github.com/amnezia-vpn/desktop-client/blob/7d09d41a7df57d149f07e5a6443e1158a8f90873/client/3rd/ShadowSocks/ShadowSocks/shadowsocks-libev/libipset/tests/CMakeLists.txt#L13,"#-----------------------------------------------------------------------
# Check for prerequisite libraries",[],CMake,0,13,14
26880,amnezia-vpn/desktop-client,https://github.com/amnezia-vpn/desktop-client/blob/7d09d41a7df57d149f07e5a6443e1158a8f90873/client/3rd/ShadowSocks/ShadowSocks/shadowsocks-libev/libipset/tests/CMakeLists.txt#L23,"#-----------------------------------------------------------------------
# Build the test cases",[],CMake,0,23,24
26880,amnezia-vpn/desktop-client,https://github.com/amnezia-vpn/desktop-client/blob/7d09d41a7df57d149f07e5a6443e1158a8f90873/client/3rd/ShadowSocks/ShadowSocks/shadowsocks-libev/libipset/tests/CMakeLists.txt#L32,# Add calls to make_test for each .c test case in the tests/ directory.,[],CMake,0,32,32
26880,amnezia-vpn/desktop-client,https://github.com/amnezia-vpn/desktop-client/blob/7d09d41a7df57d149f07e5a6443e1158a8f90873/client/3rd/ShadowSocks/ShadowSocks/shadowsocks-libev/libipset/tests/CMakeLists.txt#L39,"#-----------------------------------------------------------------------
# Command-line tests",[],CMake,0,39,40
26880,amnezia-vpn/desktop-client,https://github.com/amnezia-vpn/desktop-client/blob/7d09d41a7df57d149f07e5a6443e1158a8f90873/client/3rd/ShadowSocks/ShadowSocks/shadowsocks-libev/src/CMakeLists.txt#L1,# redir need linux/* stuff,[],CMake,0,1,1
26880,amnezia-vpn/desktop-client,https://github.com/amnezia-vpn/desktop-client/blob/7d09d41a7df57d149f07e5a6443e1158a8f90873/client/3rd/ShadowSocks/ShadowSocks/shadowsocks-libev/src/CMakeLists.txt#L107,# Dependencies we need for static and shared,[],CMake,0,107,107
26880,amnezia-vpn/desktop-client,https://github.com/amnezia-vpn/desktop-client/blob/7d09d41a7df57d149f07e5a6443e1158a8f90873/client/3rd/ShadowSocks/ShadowSocks/shadowsocks-libev/src/CMakeLists.txt#L166,"# ------------------------------------------------------------------
# Static
# By default we use normal name for static, all shared targets will add a `-shared' suffix",[],CMake,0,166,168
26880,amnezia-vpn/desktop-client,https://github.com/amnezia-vpn/desktop-client/blob/7d09d41a7df57d149f07e5a6443e1158a8f90873/client/3rd/ShadowSocks/ShadowSocks/shadowsocks-libev/src/CMakeLists.txt#L202,"# ------------------------------------------------------------------
# Shared
# Shared target will have a `-shared' suffix
# All shared dependency also have `-shared' suffix
# For shared binary, we still use the same name as static, without `-shared', but will output to shared directory",[],CMake,0,202,206
26880,amnezia-vpn/desktop-client,https://github.com/amnezia-vpn/desktop-client/blob/7d09d41a7df57d149f07e5a6443e1158a8f90873/client/3rd/ShadowSocks/ShadowSocks/shadowsocks-libev/src/CMakeLists.txt#L253,"# ------------------------------------------------------------------
# Misc
# Recommend to install shared by default",[],CMake,0,253,255
26880,amnezia-vpn/desktop-client,https://github.com/amnezia-vpn/desktop-client/blob/7d09d41a7df57d149f07e5a6443e1158a8f90873/client/3rd/SortFilterProxyModel/CMakeLists.txt#L11,# This is to find generated *.moc and *.h files in build dir,[],CMake,34,11,11
26880,amnezia-vpn/desktop-client,https://github.com/amnezia-vpn/desktop-client/blob/7d09d41a7df57d149f07e5a6443e1158a8f90873/client/android/wireguard/CMakeLists.txt#L1,"# SPDX-License-Identifier: Apache-2.0
#
# Copyright © 2018-2019 WireGuard LLC. All Rights Reserved.",[],CMake,0,1,3
26880,amnezia-vpn/desktop-client,https://github.com/amnezia-vpn/desktop-client/blob/7d09d41a7df57d149f07e5a6443e1158a8f90873/client/android/wireguard/CMakeLists.txt#L18,# Work around https://github.com/android-ndk/ndk/issues/602,[],CMake,0,18,18
26880,amnezia-vpn/desktop-client,https://github.com/amnezia-vpn/desktop-client/blob/7d09d41a7df57d149f07e5a6443e1158a8f90873/client/3rd/ShadowSocks/ShadowSocks/shadowsocks-libev/libcork/cmake/FindCTargets.cmake#L1,"# -*- coding: utf-8 -*-
# ----------------------------------------------------------------------
# Copyright © 2015, RedJack, LLC.
# All rights reserved.
#
# Please see the COPYING file in this distribution for license details.
# ----------------------------------------------------------------------",[],CMake,0,1,7
26880,amnezia-vpn/desktop-client,https://github.com/amnezia-vpn/desktop-client/blob/7d09d41a7df57d149f07e5a6443e1158a8f90873/client/3rd/ShadowSocks/ShadowSocks/shadowsocks-libev/libcork/cmake/FindCTargets.cmake#L10,"#-----------------------------------------------------------------------
# Configuration options that control all of the below",[],CMake,0,10,11
26880,amnezia-vpn/desktop-client,https://github.com/amnezia-vpn/desktop-client/blob/7d09d41a7df57d149f07e5a6443e1158a8f90873/client/3rd/ShadowSocks/ShadowSocks/shadowsocks-libev/libcork/cmake/FindCTargets.cmake#L19,"#-----------------------------------------------------------------------
# Library, with options to build both shared and static versions",[],CMake,0,19,20
26880,amnezia-vpn/desktop-client,https://github.com/amnezia-vpn/desktop-client/blob/7d09d41a7df57d149f07e5a6443e1158a8f90873/client/3rd/ShadowSocks/ShadowSocks/shadowsocks-libev/libcork/cmake/FindCTargets.cmake#L101,"# We have to install the shared library if the user asked us to, or if
# the user asked us to link our programs with the shared library.",[],CMake,8,101,102
26880,amnezia-vpn/desktop-client,https://github.com/amnezia-vpn/desktop-client/blob/7d09d41a7df57d149f07e5a6443e1158a8f90873/client/3rd/ShadowSocks/ShadowSocks/shadowsocks-libev/libcork/cmake/FindCTargets.cmake#L136,"# We DON'T have to install the static library if the user asked us to
# link our programs statically.",[],CMake,8,136,137
26880,amnezia-vpn/desktop-client,https://github.com/amnezia-vpn/desktop-client/blob/7d09d41a7df57d149f07e5a6443e1158a8f90873/client/3rd/ShadowSocks/ShadowSocks/shadowsocks-libev/libcork/cmake/FindCTargets.cmake#L155,"#-----------------------------------------------------------------------
# Executable",[],CMake,0,155,156
26880,amnezia-vpn/desktop-client,https://github.com/amnezia-vpn/desktop-client/blob/7d09d41a7df57d149f07e5a6443e1158a8f90873/client/3rd/ShadowSocks/ShadowSocks/shadowsocks-libev/libcork/cmake/FindCTargets.cmake#L199,"#-----------------------------------------------------------------------
# Test case",[],CMake,0,199,200
26880,amnezia-vpn/desktop-client,https://github.com/amnezia-vpn/desktop-client/blob/7d09d41a7df57d149f07e5a6443e1158a8f90873/client/3rd/ShadowSocks/ShadowSocks/shadowsocks-libev/libcork/cmake/FindParseArguments.cmake#L1,"# -*- coding: utf-8 -*-
# ----------------------------------------------------------------------
# Copyright © 2015, RedJack, LLC.
# All rights reserved.
#
# Please see the COPYING file in this distribution for license details.
# ----------------------------------------------------------------------",[],CMake,0,1,7
26880,amnezia-vpn/desktop-client,https://github.com/amnezia-vpn/desktop-client/blob/7d09d41a7df57d149f07e5a6443e1158a8f90873/client/3rd/ShadowSocks/ShadowSocks/shadowsocks-libev/libcork/cmake/FindParseArguments.cmake#L10,"# CMake 2.8.4 and higher gives us cmake_parse_arguments out of the box.  For
# earlier versions (RHEL5!) we have to define it ourselves.  (The definition
# comes from <http://www.cmake.org/Wiki/CMakeMacroParseArguments>.)",[],CMake,0,10,12
26880,amnezia-vpn/desktop-client,https://github.com/amnezia-vpn/desktop-client/blob/7d09d41a7df57d149f07e5a6443e1158a8f90873/client/3rd/ShadowSocks/ShadowSocks/shadowsocks-libev/libcork/cmake/FindPrereqs.cmake#L1,"# -*- coding: utf-8 -*-
# ----------------------------------------------------------------------
# Copyright © 2015, RedJack, LLC.
# All rights reserved.
#
# Please see the COPYING file in this distribution for license details.
# ----------------------------------------------------------------------",[],CMake,0,1,7
26880,amnezia-vpn/desktop-client,https://github.com/amnezia-vpn/desktop-client/blob/7d09d41a7df57d149f07e5a6443e1158a8f90873/client/3rd/ShadowSocks/ShadowSocks/shadowsocks-libev/libcork/cmake/FindPrereqs.cmake#L10,"#-----------------------------------------------------------------------
# Configuration options that control all of the below",[],CMake,0,10,11
26880,amnezia-vpn/desktop-client,https://github.com/amnezia-vpn/desktop-client/blob/7d09d41a7df57d149f07e5a6443e1158a8f90873/client/3rd/ShadowSocks/ShadowSocks/shadowsocks-libev/libcork/cmake/FindPrereqs.cmake#L19,"#-----------------------------------------------------------------------
# pkg-config prerequisites",[],CMake,0,19,20
26880,amnezia-vpn/desktop-client,https://github.com/amnezia-vpn/desktop-client/blob/7d09d41a7df57d149f07e5a6443e1158a8f90873/client/3rd/ShadowSocks/ShadowSocks/shadowsocks-libev/libcork/cmake/FindPrereqs.cmake#L53,"#-----------------------------------------------------------------------
# find_library prerequisites",[],CMake,0,53,54
