repoIndex,repoName,linkLocation,comment,keywords,buildSysteminFile,charPosition,startLine,endLine
26894,ashaduri/gsmartcontrol,https://github.com/ashaduri/gsmartcontrol/blob/6b02bf5df066a2aa8f0da8e70c30f2af2b9c8d53/CMakeLists.txt#L1,"###############################################################################
# License: BSD Zero Clause License file
# Copyright:
#   (C) 2021 Alexander Shaduri <ashaduri@gmail.com>
###############################################################################",[],CMake,0,1,5
26894,ashaduri/gsmartcontrol,https://github.com/ashaduri/gsmartcontrol/blob/6b02bf5df066a2aa8f0da8e70c30f2af2b9c8d53/CMakeLists.txt#L7,# 3.14 for proper object library support (wrt linking),[],CMake,0,7,7
26894,ashaduri/gsmartcontrol,https://github.com/ashaduri/gsmartcontrol/blob/6b02bf5df066a2aa8f0da8e70c30f2af2b9c8d53/CMakeLists.txt#L9,# Use new policy for option() to supress warnings.,[],CMake,0,9,9
26894,ashaduri/gsmartcontrol,https://github.com/ashaduri/gsmartcontrol/blob/6b02bf5df066a2aa8f0da8e70c30f2af2b9c8d53/CMakeLists.txt#L23,"# Provide DATADIR, etc...",[],CMake,0,23,23
26894,ashaduri/gsmartcontrol,https://github.com/ashaduri/gsmartcontrol/blob/6b02bf5df066a2aa8f0da8e70c30f2af2b9c8d53/CMakeLists.txt#L31,"# Disable RPATH manipulation, we don't have shared libraries",[],CMake,0,31,31
26894,ashaduri/gsmartcontrol,https://github.com/ashaduri/gsmartcontrol/blob/6b02bf5df066a2aa8f0da8e70c30f2af2b9c8d53/CMakeLists.txt#L35,"# Write the binaries to project root (avoids conflicts with manifests, also it's more convenient this way)",[],CMake,0,35,35
26894,ashaduri/gsmartcontrol,https://github.com/ashaduri/gsmartcontrol/blob/6b02bf5df066a2aa8f0da8e70c30f2af2b9c8d53/CMakeLists.txt#L39,# User-controlled build options,[],CMake,0,39,39
26894,ashaduri/gsmartcontrol,https://github.com/ashaduri/gsmartcontrol/blob/6b02bf5df066a2aa8f0da8e70c30f2af2b9c8d53/CMakeLists.txt#L44,# Install documentation,[],CMake,0,44,44
26894,ashaduri/gsmartcontrol,https://github.com/ashaduri/gsmartcontrol/blob/6b02bf5df066a2aa8f0da8e70c30f2af2b9c8d53/CMakeLists.txt#L66,# CTest support,[],CMake,0,66,66
26894,ashaduri/gsmartcontrol,https://github.com/ashaduri/gsmartcontrol/blob/6b02bf5df066a2aa8f0da8e70c30f2af2b9c8d53/CMakeLists.txt#L68,#include(${CMAKE_SOURCE_DIR}/dependencies/catch2/Catch2/extras/Catch.cmake),[],CMake,0,68,68
26894,ashaduri/gsmartcontrol,https://github.com/ashaduri/gsmartcontrol/blob/6b02bf5df066a2aa8f0da8e70c30f2af2b9c8d53/CMakeLists.txt#L79,# Packaging support,[],CMake,0,79,79
26894,ashaduri/gsmartcontrol,https://github.com/ashaduri/gsmartcontrol/blob/6b02bf5df066a2aa8f0da8e70c30f2af2b9c8d53/contrib/CMakeLists.txt#L1,"###############################################################################
# License: BSD Zero Clause License file
# Copyright:
#   (C) 2021 Alexander Shaduri <ashaduri@gmail.com>
###############################################################################",[],CMake,0,1,5
26894,ashaduri/gsmartcontrol,https://github.com/ashaduri/gsmartcontrol/blob/6b02bf5df066a2aa8f0da8e70c30f2af2b9c8d53/data/CMakeLists.txt#L1,"###############################################################################
# License: BSD Zero Clause License file
# Copyright:
#   (C) 2021 Alexander Shaduri <ashaduri@gmail.com>
###############################################################################",[],CMake,0,1,5
26894,ashaduri/gsmartcontrol,https://github.com/ashaduri/gsmartcontrol/blob/6b02bf5df066a2aa8f0da8e70c30f2af2b9c8d53/data/CMakeLists.txt#L8,# Generate files,[],CMake,0,8,8
26894,ashaduri/gsmartcontrol,https://github.com/ashaduri/gsmartcontrol/blob/6b02bf5df066a2aa8f0da8e70c30f2af2b9c8d53/data/CMakeLists.txt#L14,# Install app icons,[],CMake,0,14,14
26894,ashaduri/gsmartcontrol,https://github.com/ashaduri/gsmartcontrol/blob/6b02bf5df066a2aa8f0da8e70c30f2af2b9c8d53/data/CMakeLists.txt#L20,"# Don't run update-icon-cache, cpack is mostly for packaging.",[],CMake,1,20,20
26894,ashaduri/gsmartcontrol,https://github.com/ashaduri/gsmartcontrol/blob/6b02bf5df066a2aa8f0da8e70c30f2af2b9c8d53/data/CMakeLists.txt#L21,"#	install(CODE ""execute_process (COMMAND gtk-update-icon-cache-3.0 -t -f \""@CMAKE_INSTALL_DATADIR@/icons/hicolor\"")"")",[],CMake,0,21,21
26894,ashaduri/gsmartcontrol,https://github.com/ashaduri/gsmartcontrol/blob/6b02bf5df066a2aa8f0da8e70c30f2af2b9c8d53/data/CMakeLists.txt#L25,# .ico file,[],CMake,1,25,25
26894,ashaduri/gsmartcontrol,https://github.com/ashaduri/gsmartcontrol/blob/6b02bf5df066a2aa8f0da8e70c30f2af2b9c8d53/data/CMakeLists.txt#L29,# Install internal icons,[],CMake,0,29,29
26894,ashaduri/gsmartcontrol,https://github.com/ashaduri/gsmartcontrol/blob/6b02bf5df066a2aa8f0da8e70c30f2af2b9c8d53/data/CMakeLists.txt#L38,# Desktop file,[],CMake,0,38,38
26894,ashaduri/gsmartcontrol,https://github.com/ashaduri/gsmartcontrol/blob/6b02bf5df066a2aa8f0da8e70c30f2af2b9c8d53/data/CMakeLists.txt#L43,# Appdata file,[],CMake,1,43,43
26894,ashaduri/gsmartcontrol,https://github.com/ashaduri/gsmartcontrol/blob/6b02bf5df066a2aa8f0da8e70c30f2af2b9c8d53/data/CMakeLists.txt#L47,# PolKit file,[],CMake,1,47,47
26894,ashaduri/gsmartcontrol,https://github.com/ashaduri/gsmartcontrol/blob/6b02bf5df066a2aa8f0da8e70c30f2af2b9c8d53/data/CMakeLists.txt#L51,# Man pages,[],CMake,1,51,51
26894,ashaduri/gsmartcontrol,https://github.com/ashaduri/gsmartcontrol/blob/6b02bf5df066a2aa8f0da8e70c30f2af2b9c8d53/data/CMakeLists.txt#L55,"# Scripts (this goes to bin, not sbin, as it doesn't require root privileges before running)",[],CMake,1,55,55
26894,ashaduri/gsmartcontrol,https://github.com/ashaduri/gsmartcontrol/blob/6b02bf5df066a2aa8f0da8e70c30f2af2b9c8d53/dependencies/CMakeLists.txt#L1,"###############################################################################
# License: BSD Zero Clause License file
# Copyright:
#   (C) 2021 Alexander Shaduri <ashaduri@gmail.com>
###############################################################################",[],CMake,0,1,5
26894,ashaduri/gsmartcontrol,https://github.com/ashaduri/gsmartcontrol/blob/6b02bf5df066a2aa8f0da8e70c30f2af2b9c8d53/dependencies/CMakeLists.txt#L7,# Disable all warnings,[],CMake,0,7,7
26894,ashaduri/gsmartcontrol,https://github.com/ashaduri/gsmartcontrol/blob/6b02bf5df066a2aa8f0da8e70c30f2af2b9c8d53/dependencies/CMakeLists.txt#L17,# pkg_check_modules(),[],CMake,34,17,17
26894,ashaduri/gsmartcontrol,https://github.com/ashaduri/gsmartcontrol/blob/6b02bf5df066a2aa8f0da8e70c30f2af2b9c8d53/dependencies/CMakeLists.txt#L20,"# Gtkmm.
# Don't make it REQUIRED, we may want to build only the parsers",[],CMake,0,20,21
26894,ashaduri/gsmartcontrol,https://github.com/ashaduri/gsmartcontrol/blob/6b02bf5df066a2aa8f0da8e70c30f2af2b9c8d53/dependencies/CMakeLists.txt#L32,# For porting to GTK4,[],CMake,2,32,32
26894,ashaduri/gsmartcontrol,https://github.com/ashaduri/gsmartcontrol/blob/6b02bf5df066a2aa8f0da8e70c30f2af2b9c8d53/dependencies/CMakeLists.txt#L33,"#		GTK_DISABLE_DEPRECATED=1
#		GDK_DISABLE_DEPRECATED=1
#		GTKMM_DISABLE_DEPRECATED=1
#		GDKMM_DISABLE_DEPRECATED=1
#		GLIBMM_DISABLE_DEPRECATED=1
#		GIOMM_DISABLE_DEPRECATED=1",[],CMake,0,33,38
26894,ashaduri/gsmartcontrol,https://github.com/ashaduri/gsmartcontrol/blob/6b02bf5df066a2aa8f0da8e70c30f2af2b9c8d53/dependencies/CMakeLists.txt#L41,# Support pre-C++17 glibmm with throw(...) exception specifications,[],CMake,0,41,41
26894,ashaduri/gsmartcontrol,https://github.com/ashaduri/gsmartcontrol/blob/6b02bf5df066a2aa8f0da8e70c30f2af2b9c8d53/dependencies/CMakeLists.txt#L49,# pcrecpp from pcre1,[],CMake,0,49,49
26894,ashaduri/gsmartcontrol,https://github.com/ashaduri/gsmartcontrol/blob/6b02bf5df066a2aa8f0da8e70c30f2af2b9c8d53/dependencies/CMakeLists.txt#L58,# Gettext libintl,[],CMake,0,58,58
26894,ashaduri/gsmartcontrol,https://github.com/ashaduri/gsmartcontrol/blob/6b02bf5df066a2aa8f0da8e70c30f2af2b9c8d53/dependencies/CMakeLists.txt#L74,"# Gettext binaries and macros.
# See https://cmake.org/cmake/help/v3.15/module/FindGettext.html",[],CMake,0,74,75
26894,ashaduri/gsmartcontrol,https://github.com/ashaduri/gsmartcontrol/blob/6b02bf5df066a2aa8f0da8e70c30f2af2b9c8d53/dependencies/catch2/CMakeLists.txt#L1,"###############################################################################
# License: BSD Zero Clause License file
# Copyright:
#   (C) 2021 Alexander Shaduri <ashaduri@gmail.com>
###############################################################################",[],CMake,0,1,5
26894,ashaduri/gsmartcontrol,https://github.com/ashaduri/gsmartcontrol/blob/6b02bf5df066a2aa8f0da8e70c30f2af2b9c8d53/dependencies/catch2/CMakeLists.txt#L7,#add_subdirectory(Catch2),[],CMake,0,7,7
26894,ashaduri/gsmartcontrol,https://github.com/ashaduri/gsmartcontrol/blob/6b02bf5df066a2aa8f0da8e70c30f2af2b9c8d53/dependencies/catch2/CMakeLists.txt#L12,# Relative sources are allowed only since cmake 3.13.,[],CMake,0,12,12
26894,ashaduri/gsmartcontrol,https://github.com/ashaduri/gsmartcontrol/blob/6b02bf5df066a2aa8f0da8e70c30f2af2b9c8d53/dependencies/leaf/CMakeLists.txt#L1,"###############################################################################
# License: BSD Zero Clause License file
# Copyright:
#   (C) 2022 Alexander Shaduri <ashaduri@gmail.com>
###############################################################################",[],CMake,0,1,5
26894,ashaduri/gsmartcontrol,https://github.com/ashaduri/gsmartcontrol/blob/6b02bf5df066a2aa8f0da8e70c30f2af2b9c8d53/dependencies/leaf/CMakeLists.txt#L9,# Relative sources are allowed only since cmake 3.13.,[],CMake,0,9,9
26894,ashaduri/gsmartcontrol,https://github.com/ashaduri/gsmartcontrol/blob/6b02bf5df066a2aa8f0da8e70c30f2af2b9c8d53/dependencies/nlohmann_json/CMakeLists.txt#L1,"###############################################################################
# License: BSD Zero Clause License file
# Copyright:
#   (C) 2021 Alexander Shaduri <ashaduri@gmail.com>
###############################################################################",[],CMake,0,1,5
26894,ashaduri/gsmartcontrol,https://github.com/ashaduri/gsmartcontrol/blob/6b02bf5df066a2aa8f0da8e70c30f2af2b9c8d53/dependencies/nlohmann_json/CMakeLists.txt#L9,# Relative sources are allowed only since cmake 3.13.,[],CMake,0,9,9
26894,ashaduri/gsmartcontrol,https://github.com/ashaduri/gsmartcontrol/blob/6b02bf5df066a2aa8f0da8e70c30f2af2b9c8d53/dependencies/whereami/CMakeLists.txt#L1,"###############################################################################
# License: BSD Zero Clause License file
# Copyright:
#   (C) 2022 Alexander Shaduri <ashaduri@gmail.com>
###############################################################################",[],CMake,0,1,5
26894,ashaduri/gsmartcontrol,https://github.com/ashaduri/gsmartcontrol/blob/6b02bf5df066a2aa8f0da8e70c30f2af2b9c8d53/packaging/CMakeLists.txt#L2,# Variables for nsis .in files,[],CMake,0,2,2
26894,ashaduri/gsmartcontrol,https://github.com/ashaduri/gsmartcontrol/blob/6b02bf5df066a2aa8f0da8e70c30f2af2b9c8d53/packaging/CMakeLists.txt#L10,# NSIS helpers,[],CMake,0,10,10
26894,ashaduri/gsmartcontrol,https://github.com/ashaduri/gsmartcontrol/blob/6b02bf5df066a2aa8f0da8e70c30f2af2b9c8d53/packaging/CMakeLists.txt#L14,"# nsis file, only for cross-compilation",[],CMake,1,14,14
26894,ashaduri/gsmartcontrol,https://github.com/ashaduri/gsmartcontrol/blob/6b02bf5df066a2aa8f0da8e70c30f2af2b9c8d53/packaging/CMakeLists.txt#L21,"# OBS Debian
#configure_file(""obs_debian/changelog.in"" ""obs_debian/changelog"" ESCAPE_QUOTES @ONLY)",[],CMake,0,21,22
26894,ashaduri/gsmartcontrol,https://github.com/ashaduri/gsmartcontrol/blob/6b02bf5df066a2aa8f0da8e70c30f2af2b9c8d53/packaging/CMakeLists.txt#L24,"# OBS RPM
#configure_file(obs_rpm/gsmartcontrol.in.spec obs_rpm/gsmartcontrol.spec)",[],CMake,0,24,25
26894,ashaduri/gsmartcontrol,https://github.com/ashaduri/gsmartcontrol/blob/6b02bf5df066a2aa8f0da8e70c30f2af2b9c8d53/src/CMakeLists.txt#L1,"###############################################################################
# License: BSD Zero Clause License file
# Copyright:
#   (C) 2021 Alexander Shaduri <ashaduri@gmail.com>
###############################################################################",[],CMake,0,1,5
26894,ashaduri/gsmartcontrol,https://github.com/ashaduri/gsmartcontrol/blob/6b02bf5df066a2aa8f0da8e70c30f2af2b9c8d53/src/CMakeLists.txt#L7,# gsmartcontrol binary,[],CMake,0,7,7
26894,ashaduri/gsmartcontrol,https://github.com/ashaduri/gsmartcontrol/blob/6b02bf5df066a2aa8f0da8e70c30f2af2b9c8d53/src/CMakeLists.txt#L35,# Win32 resource file,[],CMake,0,35,35
26894,ashaduri/gsmartcontrol,https://github.com/ashaduri/gsmartcontrol/blob/6b02bf5df066a2aa8f0da8e70c30f2af2b9c8d53/src/CMakeLists.txt#L38,# required by winres,[],CMake,100,38,38
26894,ashaduri/gsmartcontrol,https://github.com/ashaduri/gsmartcontrol/blob/6b02bf5df066a2aa8f0da8e70c30f2af2b9c8d53/src/CMakeLists.txt#L42,# Win32 manifest,[],CMake,0,42,42
26894,ashaduri/gsmartcontrol,https://github.com/ashaduri/gsmartcontrol/blob/6b02bf5df066a2aa8f0da8e70c30f2af2b9c8d53/src/CMakeLists.txt#L44,# Needed for manifest .in file,[],CMake,26,44,44
26894,ashaduri/gsmartcontrol,https://github.com/ashaduri/gsmartcontrol/blob/6b02bf5df066a2aa8f0da8e70c30f2af2b9c8d53/src/CMakeLists.txt#L51,"# We link the manifest into the binary instead of installing it.
# install(FILES ""${CMAKE_CURRENT_BINARY_DIR}/gsmartcontrol.exe.manifest"" DESTINATION ""${CMAKE_INSTALL_SBINDIR}/"")",[],CMake,1,51,52
26894,ashaduri/gsmartcontrol,https://github.com/ashaduri/gsmartcontrol/blob/6b02bf5df066a2aa8f0da8e70c30f2af2b9c8d53/src/applib/CMakeLists.txt#L1,"###############################################################################
# License: BSD Zero Clause License file
# Copyright:
#   (C) 2021 Alexander Shaduri <ashaduri@gmail.com>
###############################################################################",[],CMake,0,1,5
26894,ashaduri/gsmartcontrol,https://github.com/ashaduri/gsmartcontrol/blob/6b02bf5df066a2aa8f0da8e70c30f2af2b9c8d53/src/applib/examples/CMakeLists.txt#L1,"###############################################################################
# License: BSD Zero Clause License file
# Copyright:
#   (C) 2021 Alexander Shaduri <ashaduri@gmail.com>
###############################################################################",[],CMake,0,1,5
26894,ashaduri/gsmartcontrol,https://github.com/ashaduri/gsmartcontrol/blob/6b02bf5df066a2aa8f0da8e70c30f2af2b9c8d53/src/applib/tests/CMakeLists.txt#L1,"###############################################################################
# License: BSD Zero Clause License file
# Copyright:
#   (C) 2021 Alexander Shaduri <ashaduri@gmail.com>
###############################################################################",[],CMake,0,1,5
26894,ashaduri/gsmartcontrol,https://github.com/ashaduri/gsmartcontrol/blob/6b02bf5df066a2aa8f0da8e70c30f2af2b9c8d53/src/applib/tests/CMakeLists.txt#L14,# Use Object libraries to allow runtime test discovery,[],CMake,0,14,14
26894,ashaduri/gsmartcontrol,https://github.com/ashaduri/gsmartcontrol/blob/6b02bf5df066a2aa8f0da8e70c30f2af2b9c8d53/src/build_config/CMakeLists.txt#L1,"###############################################################################
# License: BSD Zero Clause License file
# Copyright:
#   (C) 2021 Alexander Shaduri <ashaduri@gmail.com>
###############################################################################",[],CMake,0,1,5
26894,ashaduri/gsmartcontrol,https://github.com/ashaduri/gsmartcontrol/blob/6b02bf5df066a2aa8f0da8e70c30f2af2b9c8d53/src/build_config/CMakeLists.txt#L7,# We print these here (as opposed to compiler_options.cmake) because it's the final state of these variables.,[],CMake,0,7,7
26894,ashaduri/gsmartcontrol,https://github.com/ashaduri/gsmartcontrol/blob/6b02bf5df066a2aa8f0da8e70c30f2af2b9c8d53/src/build_config/CMakeLists.txt#L9,# Host system,[],CMake,0,9,9
26894,ashaduri/gsmartcontrol,https://github.com/ashaduri/gsmartcontrol/blob/6b02bf5df066a2aa8f0da8e70c30f2af2b9c8d53/src/build_config/CMakeLists.txt#L15,# Target system,[],CMake,0,15,15
26894,ashaduri/gsmartcontrol,https://github.com/ashaduri/gsmartcontrol/blob/6b02bf5df066a2aa8f0da8e70c30f2af2b9c8d53/src/build_config/CMakeLists.txt#L22,# Compiler,[],CMake,0,22,22
26894,ashaduri/gsmartcontrol,https://github.com/ashaduri/gsmartcontrol/blob/6b02bf5df066a2aa8f0da8e70c30f2af2b9c8d53/src/build_config/CMakeLists.txt#L54,# Suppress warning about manually specified variables not being used (this is a very common variable),[],CMake,0,54,54
26894,ashaduri/gsmartcontrol,https://github.com/ashaduri/gsmartcontrol/blob/6b02bf5df066a2aa8f0da8e70c30f2af2b9c8d53/src/build_config/CMakeLists.txt#L58,# These variables are used in build_config.in.h,[],CMake,0,58,58
26894,ashaduri/gsmartcontrol,https://github.com/ashaduri/gsmartcontrol/blob/6b02bf5df066a2aa8f0da8e70c30f2af2b9c8d53/src/build_config/CMakeLists.txt#L86,"# Additionally, these macros are defined by OS / compilers:",[],CMake,0,86,86
26894,ashaduri/gsmartcontrol,https://github.com/ashaduri/gsmartcontrol/blob/6b02bf5df066a2aa8f0da8e70c30f2af2b9c8d53/src/build_config/CMakeLists.txt#L88,"# Linux: gcc defines __linux__ on linux. Other defines include: __linux, __unix__, __gnu_linux__,
# linux, unix, __i386__, i386.",[],CMake,0,88,89
26894,ashaduri/gsmartcontrol,https://github.com/ashaduri/gsmartcontrol/blob/6b02bf5df066a2aa8f0da8e70c30f2af2b9c8d53/src/build_config/CMakeLists.txt#L91,"# Windows 32: mingw defines _WIN32. msvc defines _WIN32 (built-in), and WIN32 via windows.h.
# Other mingw defines include: __WINNT, __WINNT__, __WIN32__, __i386, _X86_,
# i386, __i386__, WIN32, __MINGW32__, WINNT (all equal to 1).",[],CMake,0,91,93
26894,ashaduri/gsmartcontrol,https://github.com/ashaduri/gsmartcontrol/blob/6b02bf5df066a2aa8f0da8e70c30f2af2b9c8d53/src/build_config/CMakeLists.txt#L95,"# Windows 64: mingw64 defines the same stuff as 32-bit one, plus _WIN64, __MINGW64__, etc... .
# Keep in mind that if you're generating a 32-bit application, the kernel will
# be windows32 even if you run it on 64-bit Windows.",[],CMake,0,95,97
26894,ashaduri/gsmartcontrol,https://github.com/ashaduri/gsmartcontrol/blob/6b02bf5df066a2aa8f0da8e70c30f2af2b9c8d53/src/build_config/CMakeLists.txt#L99,"# FreeBSD: gcc built-in defines (to check for freebsd kernel):
# defined(__FreeBSD__) || defined(__FreeBSD_kernel__).
# See http://glibc-bsd.alioth.debian.org/porting/PORTING .",[],CMake,0,99,101
26894,ashaduri/gsmartcontrol,https://github.com/ashaduri/gsmartcontrol/blob/6b02bf5df066a2aa8f0da8e70c30f2af2b9c8d53/src/build_config/CMakeLists.txt#L105,#include(CheckSymbolExists),[],CMake,0,105,105
26894,ashaduri/gsmartcontrol,https://github.com/ashaduri/gsmartcontrol/blob/6b02bf5df066a2aa8f0da8e70c30f2af2b9c8d53/src/build_config/CMakeLists.txt#L107,"# getrawpartition() for netbsd and openbsd in -lutil.
# This is just a check to see whether we have it. The code uses getrawpartition() without any checks on *BSD.
#check_symbol_exists(getrawpartition ""util.h"" HAVE_GETRAWPARTITION)
#message(STATUS ""getrawpartition() detected: ${HAVE_GETRAWPARTITION}"")",[],CMake,0,107,110
26894,ashaduri/gsmartcontrol,https://github.com/ashaduri/gsmartcontrol/blob/6b02bf5df066a2aa8f0da8e70c30f2af2b9c8d53/src/build_config/CMakeLists.txt#L113,# System-specific definitions,[],CMake,0,113,113
26894,ashaduri/gsmartcontrol,https://github.com/ashaduri/gsmartcontrol/blob/6b02bf5df066a2aa8f0da8e70c30f2af2b9c8d53/src/hz/CMakeLists.txt#L1,"###############################################################################
# License: BSD Zero Clause License file
# Copyright:
#   (C) 2021 Alexander Shaduri <ashaduri@gmail.com>
###############################################################################",[],CMake,0,1,5
26894,ashaduri/gsmartcontrol,https://github.com/ashaduri/gsmartcontrol/blob/6b02bf5df066a2aa8f0da8e70c30f2af2b9c8d53/src/hz/CMakeLists.txt#L9,# Relative sources are allowed only since cmake 3.13.,[],CMake,0,9,9
26894,ashaduri/gsmartcontrol,https://github.com/ashaduri/gsmartcontrol/blob/6b02bf5df066a2aa8f0da8e70c30f2af2b9c8d53/src/hz/CMakeLists.txt#L35,#		libdebug,[],CMake,0,35,35
26894,ashaduri/gsmartcontrol,https://github.com/ashaduri/gsmartcontrol/blob/6b02bf5df066a2aa8f0da8e70c30f2af2b9c8d53/src/hz/CMakeLists.txt#L36,# ENABLE_* macros,[],CMake,23,36,36
26894,ashaduri/gsmartcontrol,https://github.com/ashaduri/gsmartcontrol/blob/6b02bf5df066a2aa8f0da8e70c30f2af2b9c8d53/src/hz/CMakeLists.txt#L37,#		app_pcrecpp_interface,[],CMake,0,37,37
26894,ashaduri/gsmartcontrol,https://github.com/ashaduri/gsmartcontrol/blob/6b02bf5df066a2aa8f0da8e70c30f2af2b9c8d53/src/hz/CMakeLists.txt#L38,# format_unit.h uses this,[],CMake,25,38,38
26894,ashaduri/gsmartcontrol,https://github.com/ashaduri/gsmartcontrol/blob/6b02bf5df066a2aa8f0da8e70c30f2af2b9c8d53/src/hz/CMakeLists.txt#L39,# debug.h,[],CMake,12,39,39
26894,ashaduri/gsmartcontrol,https://github.com/ashaduri/gsmartcontrol/blob/6b02bf5df066a2aa8f0da8e70c30f2af2b9c8d53/src/hz/CMakeLists.txt#L40,# whereami.h,[],CMake,12,40,40
26894,ashaduri/gsmartcontrol,https://github.com/ashaduri/gsmartcontrol/blob/6b02bf5df066a2aa8f0da8e70c30f2af2b9c8d53/src/hz/CMakeLists.txt#L41,"# fs_ns.h, linking to stdc++fs / c++fs if needed",[],CMake,19,41,41
26894,ashaduri/gsmartcontrol,https://github.com/ashaduri/gsmartcontrol/blob/6b02bf5df066a2aa8f0da8e70c30f2af2b9c8d53/src/hz/CMakeLists.txt#L44,"# Support <experimental/filesystem> if needed
#if (""${CMAKE_CXX_COMPILER_ID}"" STREQUAL ""GNU"")
#	target_link_libraries(hz
#		INTERFACE
#			stdc++fs
#	)
#endif()",[],CMake,0,44,50
26894,ashaduri/gsmartcontrol,https://github.com/ashaduri/gsmartcontrol/blob/6b02bf5df066a2aa8f0da8e70c30f2af2b9c8d53/src/hz/tests/CMakeLists.txt#L1,"###############################################################################
# License: BSD Zero Clause License file
# Copyright:
#   (C) 2022 Alexander Shaduri <ashaduri@gmail.com>
###############################################################################",[],CMake,0,1,5
26894,ashaduri/gsmartcontrol,https://github.com/ashaduri/gsmartcontrol/blob/6b02bf5df066a2aa8f0da8e70c30f2af2b9c8d53/src/hz/tests/CMakeLists.txt#L14,# Use Object libraries to allow runtime test discovery,[],CMake,0,14,14
26894,ashaduri/gsmartcontrol,https://github.com/ashaduri/gsmartcontrol/blob/6b02bf5df066a2aa8f0da8e70c30f2af2b9c8d53/src/libdebug/CMakeLists.txt#L1,"###############################################################################
# License: BSD Zero Clause License file
# Copyright:
#   (C) 2021 Alexander Shaduri <ashaduri@gmail.com>
###############################################################################",[],CMake,0,1,5
26894,ashaduri/gsmartcontrol,https://github.com/ashaduri/gsmartcontrol/blob/6b02bf5df066a2aa8f0da8e70c30f2af2b9c8d53/src/libdebug/CMakeLists.txt#L33,# .cpp only,[],CMake,23,33,33
26894,ashaduri/gsmartcontrol,https://github.com/ashaduri/gsmartcontrol/blob/6b02bf5df066a2aa8f0da8e70c30f2af2b9c8d53/src/libdebug/examples/CMakeLists.txt#L1,"###############################################################################
# License: BSD Zero Clause License file
# Copyright:
#   (C) 2021 Alexander Shaduri <ashaduri@gmail.com>
###############################################################################",[],CMake,0,1,5
26894,ashaduri/gsmartcontrol,https://github.com/ashaduri/gsmartcontrol/blob/6b02bf5df066a2aa8f0da8e70c30f2af2b9c8d53/src/rconfig/CMakeLists.txt#L1,"###############################################################################
# License: BSD Zero Clause License file
# Copyright:
#   (C) 2021 Alexander Shaduri <ashaduri@gmail.com>
###############################################################################",[],CMake,0,1,5
26894,ashaduri/gsmartcontrol,https://github.com/ashaduri/gsmartcontrol/blob/6b02bf5df066a2aa8f0da8e70c30f2af2b9c8d53/src/rconfig/CMakeLists.txt#L9,# Relative sources are allowed only since cmake 3.13.,[],CMake,0,9,9
26894,ashaduri/gsmartcontrol,https://github.com/ashaduri/gsmartcontrol/blob/6b02bf5df066a2aa8f0da8e70c30f2af2b9c8d53/src/rconfig/examples/CMakeLists.txt#L1,"###############################################################################
# License: BSD Zero Clause License file
# Copyright:
#   (C) 2021 Alexander Shaduri <ashaduri@gmail.com>
###############################################################################",[],CMake,0,1,5
26894,ashaduri/gsmartcontrol,https://github.com/ashaduri/gsmartcontrol/blob/6b02bf5df066a2aa8f0da8e70c30f2af2b9c8d53/src/test_all/CMakeLists.txt#L1,"###############################################################################
# License: BSD Zero Clause License file
# Copyright:
#   (C) 2021 Alexander Shaduri <ashaduri@gmail.com>
###############################################################################",[],CMake,0,1,5
26894,ashaduri/gsmartcontrol,https://github.com/ashaduri/gsmartcontrol/blob/6b02bf5df066a2aa8f0da8e70c30f2af2b9c8d53/src/test_all/CMakeLists.txt#L13,# Make sure include() works with our modules.,[],CMake,0,13,13
26894,ashaduri/gsmartcontrol,https://github.com/ashaduri/gsmartcontrol/blob/6b02bf5df066a2aa8f0da8e70c30f2af2b9c8d53/src/test_helpers/CMakeLists.txt#L1,"###############################################################################
# License: BSD Zero Clause License file
# Copyright:
#   (C) 2022 Alexander Shaduri <ashaduri@gmail.com>
###############################################################################",[],CMake,0,1,5
26894,ashaduri/gsmartcontrol,https://github.com/ashaduri/gsmartcontrol/blob/6b02bf5df066a2aa8f0da8e70c30f2af2b9c8d53/src/test_helpers/CMakeLists.txt#L16,# Relative sources are allowed only since cmake 3.13.,[],CMake,0,16,16
26894,ashaduri/gsmartcontrol,https://github.com/ashaduri/gsmartcontrol/blob/6b02bf5df066a2aa8f0da8e70c30f2af2b9c8d53/src/ui/CMakeLists.txt#L1,"###############################################################################
# License: BSD Zero Clause License file
# Copyright:
#   (C) 2021 Alexander Shaduri <ashaduri@gmail.com>
###############################################################################",[],CMake,0,1,5
26894,ashaduri/gsmartcontrol,https://github.com/ashaduri/gsmartcontrol/blob/6b02bf5df066a2aa8f0da8e70c30f2af2b9c8d53/data/cmake/FindFilesystem.cmake#L1,# From https://github.com/vector-of-bool/CMakeCM/blob/master/modules/FindFilesystem.cmake,[],CMake,0,1,1
26894,ashaduri/gsmartcontrol,https://github.com/ashaduri/gsmartcontrol/blob/6b02bf5df066a2aa8f0da8e70c30f2af2b9c8d53/data/cmake/FindFilesystem.cmake#L4,"# Distributed under the OSI-approved BSD 3-Clause License.  See accompanying
# file Copyright.txt or https://cmake.org/licensing for details.",[],CMake,0,4,5
26894,ashaduri/gsmartcontrol,https://github.com/ashaduri/gsmartcontrol/blob/6b02bf5df066a2aa8f0da8e70c30f2af2b9c8d53/data/cmake/FindFilesystem.cmake#L7,"#[=======================================================================[.rst:

FindFilesystem
##############

This module supports the C++17 standard library's filesystem utilities. Use the
:imp-target:`std::filesystem` imported target to

Options
*******

The ``COMPONENTS`` argument to this module supports the following values:

.. find-component:: Experimental
    :name: fs.Experimental

    Allows the module to find the ""experimental"" Filesystem TS version of the
    Filesystem library. This is the library that should be used with the
    ``std::experimental::filesystem`` namespace.

.. find-component:: Final
    :name: fs.Final

    Finds the final C++17 standard version of the filesystem library.

If no components are provided, behaves as if the
:find-component:`fs.Final` component was specified.

If both :find-component:`fs.Experimental` and :find-component:`fs.Final` are
provided, first looks for ``Final``, and falls back to ``Experimental`` in case
of failure. If ``Final`` is found, :imp-target:`std::filesystem` and all
:ref:`variables <fs.variables>` will refer to the ``Final`` version.


Imported Targets
****************

.. imp-target:: std::filesystem

    The ``std::filesystem`` imported target is defined when any requested
    version of the C++ filesystem library has been found, whether it is
    *Experimental* or *Final*.

    If no version of the filesystem library is available, this target will not
    be defined.

    .. note::
        This target has ``cxx_std_17`` as an ``INTERFACE``
        :ref:`compile language standard feature <req-lang-standards>`. Linking
        to this target will automatically enable C++17 if no later standard
        version is already required on the linking target.


.. _fs.variables:

Variables
*********

.. variable:: CXX_FILESYSTEM_IS_EXPERIMENTAL

    Set to ``TRUE`` when the :find-component:`fs.Experimental` version of C++
    filesystem library was found, otherwise ``FALSE``.

.. variable:: CXX_FILESYSTEM_HAVE_FS

    Set to ``TRUE`` when a filesystem header was found.

.. variable:: CXX_FILESYSTEM_HEADER

    Set to either ``filesystem`` or ``experimental/filesystem`` depending on
    whether :find-component:`fs.Final` or :find-component:`fs.Experimental` was
    found.

.. variable:: CXX_FILESYSTEM_NAMESPACE

    Set to either ``std::filesystem`` or ``std::experimental::filesystem``
    depending on whether :find-component:`fs.Final` or
    :find-component:`fs.Experimental` was found.


Examples
********

Using `find_package(Filesystem)` with no component arguments:

.. code-block:: cmake

    find_package(Filesystem REQUIRED)

    add_executable(my-program main.cpp)
    target_link_libraries(my-program PRIVATE std::filesystem)


#]=======================================================================]",[],CMake,0,7,100
26894,ashaduri/gsmartcontrol,https://github.com/ashaduri/gsmartcontrol/blob/6b02bf5df066a2aa8f0da8e70c30f2af2b9c8d53/data/cmake/FindFilesystem.cmake#L104,# This module has already been processed. Don't do it again.,[],CMake,4,104,104
26894,ashaduri/gsmartcontrol,https://github.com/ashaduri/gsmartcontrol/blob/6b02bf5df066a2aa8f0da8e70c30f2af2b9c8d53/data/cmake/FindFilesystem.cmake#L113,"# If we're not cross-compiling, try to run test executables.
# Otherwise, assume that compile + link is a sufficient check.",[],CMake,0,113,114
26894,ashaduri/gsmartcontrol,https://github.com/ashaduri/gsmartcontrol/blob/6b02bf5df066a2aa8f0da8e70c30f2af2b9c8d53/data/cmake/FindFilesystem.cmake#L131,# All of our tests required C++17 or later,[],CMake,0,131,131
26894,ashaduri/gsmartcontrol,https://github.com/ashaduri/gsmartcontrol/blob/6b02bf5df066a2aa8f0da8e70c30f2af2b9c8d53/data/cmake/FindFilesystem.cmake#L134,# Normalize and check the component list we were given,[],CMake,0,134,134
26894,ashaduri/gsmartcontrol,https://github.com/ashaduri/gsmartcontrol/blob/6b02bf5df066a2aa8f0da8e70c30f2af2b9c8d53/data/cmake/FindFilesystem.cmake#L140,# Warn on any unrecognized components,[],CMake,0,140,140
26894,ashaduri/gsmartcontrol,https://github.com/ashaduri/gsmartcontrol/blob/6b02bf5df066a2aa8f0da8e70c30f2af2b9c8d53/data/cmake/FindFilesystem.cmake#L147,# Detect which of Experimental and Final we should look for,[],CMake,0,147,147
26894,ashaduri/gsmartcontrol,https://github.com/ashaduri/gsmartcontrol/blob/6b02bf5df066a2aa8f0da8e70c30f2af2b9c8d53/data/cmake/FindFilesystem.cmake#L161,"# We found the non-experimental header. Don't bother looking for the
# experimental one.",[],CMake,8,161,162
26894,ashaduri/gsmartcontrol,https://github.com/ashaduri/gsmartcontrol/blob/6b02bf5df066a2aa8f0da8e70c30f2af2b9c8d53/data/cmake/FindFilesystem.cmake#L198,# We have some filesystem library available. Do link checks,[],CMake,4,198,198
26894,ashaduri/gsmartcontrol,https://github.com/ashaduri/gsmartcontrol/blob/6b02bf5df066a2aa8f0da8e70c30f2af2b9c8d53/data/cmake/FindFilesystem.cmake#L210,# Check a simple filesystem program without any linker flags,[],CMake,4,210,210
26894,ashaduri/gsmartcontrol,https://github.com/ashaduri/gsmartcontrol/blob/6b02bf5df066a2aa8f0da8e70c30f2af2b9c8d53/data/cmake/FindFilesystem.cmake#L217,# Add the libstdc++ flag,[],CMake,8,217,217
26894,ashaduri/gsmartcontrol,https://github.com/ashaduri/gsmartcontrol/blob/6b02bf5df066a2aa8f0da8e70c30f2af2b9c8d53/data/cmake/FindFilesystem.cmake#L222,# Try the libc++ flag,[],CMake,12,222,222
26894,ashaduri/gsmartcontrol,https://github.com/ashaduri/gsmartcontrol/blob/6b02bf5df066a2aa8f0da8e70c30f2af2b9c8d53/data/cmake/FindFilesystem.cmake#L235,# Nothing to add...,[],CMake,12,235,235
26894,ashaduri/gsmartcontrol,https://github.com/ashaduri/gsmartcontrol/blob/6b02bf5df066a2aa8f0da8e70c30f2af2b9c8d53/dependencies/catch2/Catch2/contrib/Catch.cmake#L1,"# Distributed under the OSI-approved BSD 3-Clause License.  See accompanying
# file Copyright.txt or https://cmake.org/licensing for details.",[],CMake,0,1,2
26894,ashaduri/gsmartcontrol,https://github.com/ashaduri/gsmartcontrol/blob/6b02bf5df066a2aa8f0da8e70c30f2af2b9c8d53/dependencies/catch2/Catch2/contrib/Catch.cmake#L4,"#[=======================================================================[.rst:
Catch
-----

This module defines a function to help use the Catch test framework.

The :command:`catch_discover_tests` discovers tests by asking the compiled test
executable to enumerate its tests.  This does not require CMake to be re-run
when tests change.  However, it may not work in a cross-compiling environment,
and setting test properties is less convenient.

This command is intended to replace use of :command:`add_test` to register
tests, and will create a separate CTest test for each Catch test case.  Note
that this is in some cases less efficient, as common set-up and tear-down logic
cannot be shared by multiple test cases executing in the same instance.
However, it provides more fine-grained pass/fail information to CTest, which is
usually considered as more beneficial.  By default, the CTest test name is the
same as the Catch name; see also ``TEST_PREFIX`` and ``TEST_SUFFIX``.

.. command:: catch_discover_tests

  Automatically add tests with CTest by querying the compiled test executable
  for available tests::

    catch_discover_tests(target
                         [TEST_SPEC arg1...]
                         [EXTRA_ARGS arg1...]
                         [WORKING_DIRECTORY dir]
                         [TEST_PREFIX prefix]
                         [TEST_SUFFIX suffix]
                         [PROPERTIES name1 value1...]
                         [TEST_LIST var]
                         [REPORTER reporter]
                         [OUTPUT_DIR dir]
                         [OUTPUT_PREFIX prefix}
                         [OUTPUT_SUFFIX suffix]
    )

  ``catch_discover_tests`` sets up a post-build command on the test executable
  that generates the list of tests by parsing the output from running the test
  with the ``--list-test-names-only`` argument.  This ensures that the full
  list of tests is obtained.  Since test discovery occurs at build time, it is
  not necessary to re-run CMake when the list of tests changes.
  However, it requires that :prop_tgt:`CROSSCOMPILING_EMULATOR` is properly set
  in order to function in a cross-compiling environment.

  Additionally, setting properties on tests is somewhat less convenient, since
  the tests are not available at CMake time.  Additional test properties may be
  assigned to the set of tests as a whole using the ``PROPERTIES`` option.  If
  more fine-grained test control is needed, custom content may be provided
  through an external CTest script using the :prop_dir:`TEST_INCLUDE_FILES`
  directory property.  The set of discovered tests is made accessible to such a
  script via the ``<target>_TESTS`` variable.

  The options are:

  ``target``
    Specifies the Catch executable, which must be a known CMake executable
    target.  CMake will substitute the location of the built executable when
    running the test.

  ``TEST_SPEC arg1...``
    Specifies test cases, wildcarded test cases, tags and tag expressions to
    pass to the Catch executable with the ``--list-test-names-only`` argument.

  ``EXTRA_ARGS arg1...``
    Any extra arguments to pass on the command line to each test case.

  ``WORKING_DIRECTORY dir``
    Specifies the directory in which to run the discovered test cases.  If this
    option is not provided, the current binary directory is used.

  ``TEST_PREFIX prefix``
    Specifies a ``prefix`` to be prepended to the name of each discovered test
    case.  This can be useful when the same test executable is being used in
    multiple calls to ``catch_discover_tests()`` but with different
    ``TEST_SPEC`` or ``EXTRA_ARGS``.

  ``TEST_SUFFIX suffix``
    Similar to ``TEST_PREFIX`` except the ``suffix`` is appended to the name of
    every discovered test case.  Both ``TEST_PREFIX`` and ``TEST_SUFFIX`` may
    be specified.

  ``PROPERTIES name1 value1...``
    Specifies additional properties to be set on all tests discovered by this
    invocation of ``catch_discover_tests``.

  ``TEST_LIST var``
    Make the list of tests available in the variable ``var``, rather than the
    default ``<target>_TESTS``.  This can be useful when the same test
    executable is being used in multiple calls to ``catch_discover_tests()``.
    Note that this variable is only available in CTest.

  ``REPORTER reporter``
    Use the specified reporter when running the test case. The reporter will
    be passed to the Catch executable as ``--reporter reporter``.

  ``OUTPUT_DIR dir``
    If specified, the parameter is passed along as
    ``--out dir/<test_name>`` to Catch executable. The actual file name is the
    same as the test name. This should be used instead of
    ``EXTRA_ARGS --out foo`` to avoid race conditions writing the result output
    when using parallel test execution.

  ``OUTPUT_PREFIX prefix``
    May be used in conjunction with ``OUTPUT_DIR``.
    If specified, ``prefix`` is added to each output file name, like so
    ``--out dir/prefix<test_name>``.

  ``OUTPUT_SUFFIX suffix``
    May be used in conjunction with ``OUTPUT_DIR``.
    If specified, ``suffix`` is added to each output file name, like so
    ``--out dir/<test_name>suffix``. This can be used to add a file extension to
    the output e.g. "".xml"".

#]=======================================================================]",[],CMake,0,4,119
26894,ashaduri/gsmartcontrol,https://github.com/ashaduri/gsmartcontrol/blob/6b02bf5df066a2aa8f0da8e70c30f2af2b9c8d53/dependencies/catch2/Catch2/contrib/Catch.cmake#L121,#------------------------------------------------------------------------------,[],CMake,0,121,121
26894,ashaduri/gsmartcontrol,https://github.com/ashaduri/gsmartcontrol/blob/6b02bf5df066a2aa8f0da8e70c30f2af2b9c8d53/dependencies/catch2/Catch2/contrib/Catch.cmake#L138,## Generate a unique name based on the extra arguments,[],CMake,2,138,138
26894,ashaduri/gsmartcontrol,https://github.com/ashaduri/gsmartcontrol/blob/6b02bf5df066a2aa8f0da8e70c30f2af2b9c8d53/dependencies/catch2/Catch2/contrib/Catch.cmake#L142,# Define rule to generate test list for aforementioned test executable,[],CMake,2,142,142
26894,ashaduri/gsmartcontrol,https://github.com/ashaduri/gsmartcontrol/blob/6b02bf5df066a2aa8f0da8e70c30f2af2b9c8d53/dependencies/catch2/Catch2/contrib/Catch.cmake#L181,# Add discovered tests to directory TEST_INCLUDE_FILES,[],CMake,4,181,181
26894,ashaduri/gsmartcontrol,https://github.com/ashaduri/gsmartcontrol/blob/6b02bf5df066a2aa8f0da8e70c30f2af2b9c8d53/dependencies/catch2/Catch2/contrib/Catch.cmake#L186,# Add discovered tests as directory TEST_INCLUDE_FILE if possible,[],CMake,4,186,186
26894,ashaduri/gsmartcontrol,https://github.com/ashaduri/gsmartcontrol/blob/6b02bf5df066a2aa8f0da8e70c30f2af2b9c8d53/dependencies/catch2/Catch2/contrib/Catch.cmake#L201,###############################################################################,[],CMake,0,201,201
26894,ashaduri/gsmartcontrol,https://github.com/ashaduri/gsmartcontrol/blob/6b02bf5df066a2aa8f0da8e70c30f2af2b9c8d53/dependencies/catch2/Catch2/contrib/CatchAddTests.cmake#L1,"# Distributed under the OSI-approved BSD 3-Clause License.  See accompanying
# file Copyright.txt or https://cmake.org/licensing for details.",[],CMake,0,1,2
26894,ashaduri/gsmartcontrol,https://github.com/ashaduri/gsmartcontrol/blob/6b02bf5df066a2aa8f0da8e70c30f2af2b9c8d53/dependencies/catch2/Catch2/contrib/CatchAddTests.cmake#L19,"# use ARGV* instead of ARGN, because ARGN splits arrays into multiple arguments",[],CMake,2,19,19
26894,ashaduri/gsmartcontrol,https://github.com/ashaduri/gsmartcontrol/blob/6b02bf5df066a2aa8f0da8e70c30f2af2b9c8d53/dependencies/catch2/Catch2/contrib/CatchAddTests.cmake#L24,# form a bracket_argument,[],CMake,44,24,24
26894,ashaduri/gsmartcontrol,https://github.com/ashaduri/gsmartcontrol/blob/6b02bf5df066a2aa8f0da8e70c30f2af2b9c8d53/dependencies/catch2/Catch2/contrib/CatchAddTests.cmake#L32,# Run test executable to get list of available tests,[],CMake,0,32,32
26894,ashaduri/gsmartcontrol,https://github.com/ashaduri/gsmartcontrol/blob/6b02bf5df066a2aa8f0da8e70c30f2af2b9c8d53/dependencies/catch2/Catch2/contrib/CatchAddTests.cmake#L44,"# Catch --list-test-names-only reports the number of tests, so 0 is... surprising",[],CMake,0,44,44
26894,ashaduri/gsmartcontrol,https://github.com/ashaduri/gsmartcontrol/blob/6b02bf5df066a2aa8f0da8e70c30f2af2b9c8d53/dependencies/catch2/Catch2/contrib/CatchAddTests.cmake#L59,# Run test executable to get list of available reporters,[],CMake,0,59,59
26894,ashaduri/gsmartcontrol,https://github.com/ashaduri/gsmartcontrol/blob/6b02bf5df066a2aa8f0da8e70c30f2af2b9c8d53/dependencies/catch2/Catch2/contrib/CatchAddTests.cmake#L84,# Prepare reporter,[],CMake,0,84,84
26894,ashaduri/gsmartcontrol,https://github.com/ashaduri/gsmartcontrol/blob/6b02bf5df066a2aa8f0da8e70c30f2af2b9c8d53/dependencies/catch2/Catch2/contrib/CatchAddTests.cmake#L89,# Prepare output dir,[],CMake,0,89,89
26894,ashaduri/gsmartcontrol,https://github.com/ashaduri/gsmartcontrol/blob/6b02bf5df066a2aa8f0da8e70c30f2af2b9c8d53/dependencies/catch2/Catch2/contrib/CatchAddTests.cmake#L97,# Parse output,[],CMake,0,97,97
26894,ashaduri/gsmartcontrol,https://github.com/ashaduri/gsmartcontrol/blob/6b02bf5df066a2aa8f0da8e70c30f2af2b9c8d53/dependencies/catch2/Catch2/contrib/CatchAddTests.cmake#L100,# Escape characters in test case names that would be parsed by Catch2,[],CMake,2,100,100
26894,ashaduri/gsmartcontrol,https://github.com/ashaduri/gsmartcontrol/blob/6b02bf5df066a2aa8f0da8e70c30f2af2b9c8d53/dependencies/catch2/Catch2/contrib/CatchAddTests.cmake#L105,# ...add output dir,[],CMake,2,105,105
26894,ashaduri/gsmartcontrol,https://github.com/ashaduri/gsmartcontrol/blob/6b02bf5df066a2aa8f0da8e70c30f2af2b9c8d53/dependencies/catch2/Catch2/contrib/CatchAddTests.cmake#L111,# ...and add to script,[],CMake,2,111,111
26894,ashaduri/gsmartcontrol,https://github.com/ashaduri/gsmartcontrol/blob/6b02bf5df066a2aa8f0da8e70c30f2af2b9c8d53/dependencies/catch2/Catch2/contrib/CatchAddTests.cmake#L130,"# Create a list of all discovered tests, which users may use to e.g. set
# properties on the tests",[],CMake,0,130,131
26894,ashaduri/gsmartcontrol,https://github.com/ashaduri/gsmartcontrol/blob/6b02bf5df066a2aa8f0da8e70c30f2af2b9c8d53/dependencies/catch2/Catch2/contrib/CatchAddTests.cmake#L134,# Write CTest script,[],CMake,0,134,134
26894,ashaduri/gsmartcontrol,https://github.com/ashaduri/gsmartcontrol/blob/6b02bf5df066a2aa8f0da8e70c30f2af2b9c8d53/dependencies/catch2/Catch2/contrib/ParseAndAddCatchTests.cmake#L1,"#==================================================================================================#
#  supported macros                                                                                #
#    - TEST_CASE,                                                                                  #
#    - TEMPLATE_TEST_CASE                                                                          #
#    - SCENARIO,                                                                                   #
#    - TEST_CASE_METHOD,                                                                           #
#    - CATCH_TEST_CASE,                                                                            #
#    - CATCH_TEMPLATE_TEST_CASE                                                                    #
#    - CATCH_SCENARIO,                                                                             #
#    - CATCH_TEST_CASE_METHOD.                                                                     #
#                                                                                                  #
#  Usage                                                                                           #
# 1. make sure this module is in the path or add this otherwise:                                   #
#    set(CMAKE_MODULE_PATH ${CMAKE_MODULE_PATH} ""${CMAKE_SOURCE_DIR}/cmake.modules/"")              #
# 2. make sure that you've enabled testing option for the project by the call:                     #
#    enable_testing()                                                                              #
# 3. add the lines to the script for testing target (sample CMakeLists.txt):                       #
#        project(testing_target)                                                                   #
#        set(CMAKE_MODULE_PATH ${CMAKE_MODULE_PATH} ""${CMAKE_SOURCE_DIR}/cmake.modules/"")          #
#        enable_testing()                                                                          #
#                                                                                                  #
#        find_path(CATCH_INCLUDE_DIR ""catch.hpp"")                                                  #
#        include_directories(${INCLUDE_DIRECTORIES} ${CATCH_INCLUDE_DIR})                          #
#                                                                                                  #
#        file(GLOB SOURCE_FILES ""*.cpp"")                                                           #
#        add_executable(${PROJECT_NAME} ${SOURCE_FILES})                                           #
#                                                                                                  #
#        include(ParseAndAddCatchTests)                                                            #
#        ParseAndAddCatchTests(${PROJECT_NAME})                                                    #
#                                                                                                  #
# The following variables affect the behavior of the script:                                       #
#                                                                                                  #
#    PARSE_CATCH_TESTS_VERBOSE (Default OFF)                                                       #
#    -- enables debug messages                                                                     #
#    PARSE_CATCH_TESTS_NO_HIDDEN_TESTS (Default OFF)                                               #
#    -- excludes tests marked with [!hide], [.] or [.foo] tags                                     #
#    PARSE_CATCH_TESTS_ADD_FIXTURE_IN_TEST_NAME (Default ON)                                       #
#    -- adds fixture class name to the test name                                                   #
#    PARSE_CATCH_TESTS_ADD_TARGET_IN_TEST_NAME (Default ON)                                        #
#    -- adds cmake target name to the test name                                                    #
#    PARSE_CATCH_TESTS_ADD_TO_CONFIGURE_DEPENDS (Default OFF)                                      #
#    -- causes CMake to rerun when file with tests changes so that new tests will be discovered    #
#                                                                                                  #
# One can also set (locally) the optional variable OptionalCatchTestLauncher to precise the way    #
# a test should be run. For instance to use test MPI, one can write                                #
#     set(OptionalCatchTestLauncher ${MPIEXEC} ${MPIEXEC_NUMPROC_FLAG} ${NUMPROC})                 #
# just before calling this ParseAndAddCatchTests function                                          #
#                                                                                                  #
# The AdditionalCatchParameters optional variable can be used to pass extra argument to the test   #
# command. For example, to include successful tests in the output, one can write                   #
#     set(AdditionalCatchParameters --success)                                                     #
#                                                                                                  #
# After the script, the ParseAndAddCatchTests_TESTS property for the target, and for each source   #
# file in the target is set, and contains the list of the tests extracted from that target, or     #
# from that file. This is useful, for example to add further labels or properties to the tests.    #
#                                                                                                  #
#==================================================================================================#",[],CMake,0,1,57
26894,ashaduri/gsmartcontrol,https://github.com/ashaduri/gsmartcontrol/blob/6b02bf5df066a2aa8f0da8e70c30f2af2b9c8d53/dependencies/catch2/Catch2/contrib/ParseAndAddCatchTests.cmake#L75,"# This removes the contents between
#  - block comments (i.e. /* ... */)
#  - full line comments (i.e. // ... )
# contents have been read into '${CppCode}'.
# !keep partial line comments",[],CMake,0,75,79
26894,ashaduri/gsmartcontrol,https://github.com/ashaduri/gsmartcontrol/blob/6b02bf5df066a2aa8f0da8e70c30f2af2b9c8d53/dependencies/catch2/Catch2/contrib/ParseAndAddCatchTests.cmake#L91,# Worker function,[],CMake,0,91,91
26894,ashaduri/gsmartcontrol,https://github.com/ashaduri/gsmartcontrol/blob/6b02bf5df066a2aa8f0da8e70c30f2af2b9c8d53/dependencies/catch2/Catch2/contrib/ParseAndAddCatchTests.cmake#L93,"# If SourceFile is an object library, do not scan it (as it is not a file). Exit without giving a warning about a missing file.",[],CMake,4,93,93
26894,ashaduri/gsmartcontrol,https://github.com/ashaduri/gsmartcontrol/blob/6b02bf5df066a2aa8f0da8e70c30f2af2b9c8d53/dependencies/catch2/Catch2/contrib/ParseAndAddCatchTests.cmake#L98,# According to CMake docs EXISTS behavior is well-defined only for full paths.,[],CMake,4,98,98
26894,ashaduri/gsmartcontrol,https://github.com/ashaduri/gsmartcontrol/blob/6b02bf5df066a2aa8f0da8e70c30f2af2b9c8d53/dependencies/catch2/Catch2/contrib/ParseAndAddCatchTests.cmake#L107,# Remove block and fullline comments,[],CMake,4,107,107
26894,ashaduri/gsmartcontrol,https://github.com/ashaduri/gsmartcontrol/blob/6b02bf5df066a2aa8f0da8e70c30f2af2b9c8d53/dependencies/catch2/Catch2/contrib/ParseAndAddCatchTests.cmake#L110,"# Find definition of test names
# https://regex101.com/r/JygOND/1",[],CMake,4,110,111
26894,ashaduri/gsmartcontrol,https://github.com/ashaduri/gsmartcontrol/blob/6b02bf5df066a2aa8f0da8e70c30f2af2b9c8d53/dependencies/catch2/Catch2/contrib/ParseAndAddCatchTests.cmake#L123,# check CMP0110 policy for new add_test() behavior,[],CMake,4,123,123
26894,ashaduri/gsmartcontrol,https://github.com/ashaduri/gsmartcontrol/blob/6b02bf5df066a2aa8f0da8e70c30f2af2b9c8d53/dependencies/catch2/Catch2/contrib/ParseAndAddCatchTests.cmake#L125,# new add_test() behavior,[],CMake,49,125,125
26894,ashaduri/gsmartcontrol,https://github.com/ashaduri/gsmartcontrol/blob/6b02bf5df066a2aa8f0da8e70c30f2af2b9c8d53/dependencies/catch2/Catch2/contrib/ParseAndAddCatchTests.cmake#L127,# just to be thorough explicitly set the variable,[],CMake,8,127,127
26894,ashaduri/gsmartcontrol,https://github.com/ashaduri/gsmartcontrol/blob/6b02bf5df066a2aa8f0da8e70c30f2af2b9c8d53/dependencies/catch2/Catch2/contrib/ParseAndAddCatchTests.cmake#L132,# Strip newlines,[],CMake,8,132,132
26894,ashaduri/gsmartcontrol,https://github.com/ashaduri/gsmartcontrol/blob/6b02bf5df066a2aa8f0da8e70c30f2af2b9c8d53/dependencies/catch2/Catch2/contrib/ParseAndAddCatchTests.cmake#L135,# Get test type and fixture if applicable,[],CMake,8,135,135
26894,ashaduri/gsmartcontrol,https://github.com/ashaduri/gsmartcontrol/blob/6b02bf5df066a2aa8f0da8e70c30f2af2b9c8d53/dependencies/catch2/Catch2/contrib/ParseAndAddCatchTests.cmake#L140,# Get string parts of test definition,[],CMake,8,140,140
26894,ashaduri/gsmartcontrol,https://github.com/ashaduri/gsmartcontrol/blob/6b02bf5df066a2aa8f0da8e70c30f2af2b9c8d53/dependencies/catch2/Catch2/contrib/ParseAndAddCatchTests.cmake#L143,# Strip wrapping quotation marks,[],CMake,8,143,143
26894,ashaduri/gsmartcontrol,https://github.com/ashaduri/gsmartcontrol/blob/6b02bf5df066a2aa8f0da8e70c30f2af2b9c8d53/dependencies/catch2/Catch2/contrib/ParseAndAddCatchTests.cmake#L147,# Validate that a test name and tags have been provided,[],CMake,8,147,147
26894,ashaduri/gsmartcontrol,https://github.com/ashaduri/gsmartcontrol/blob/6b02bf5df066a2aa8f0da8e70c30f2af2b9c8d53/dependencies/catch2/Catch2/contrib/ParseAndAddCatchTests.cmake#L153,# Assign name and tags,[],CMake,8,153,153
26894,ashaduri/gsmartcontrol,https://github.com/ashaduri/gsmartcontrol/blob/6b02bf5df066a2aa8f0da8e70c30f2af2b9c8d53/dependencies/catch2/Catch2/contrib/ParseAndAddCatchTests.cmake#L166,# add target to labels to enable running all tests added from this target,[],CMake,8,166,166
26894,ashaduri/gsmartcontrol,https://github.com/ashaduri/gsmartcontrol/blob/6b02bf5df066a2aa8f0da8e70c30f2af2b9c8d53/dependencies/catch2/Catch2/contrib/ParseAndAddCatchTests.cmake#L171,# remove target from labels if the test is hidden,[],CMake,12,171,171
26894,ashaduri/gsmartcontrol,https://github.com/ashaduri/gsmartcontrol/blob/6b02bf5df066a2aa8f0da8e70c30f2af2b9c8d53/dependencies/catch2/Catch2/contrib/ParseAndAddCatchTests.cmake#L178,# unset tags variable from previous loop,[],CMake,10,178,178
26894,ashaduri/gsmartcontrol,https://github.com/ashaduri/gsmartcontrol/blob/6b02bf5df066a2aa8f0da8e70c30f2af2b9c8d53/dependencies/catch2/Catch2/contrib/ParseAndAddCatchTests.cmake#L200,# Escape commas in the test spec,[],CMake,12,200,200
26894,ashaduri/gsmartcontrol,https://github.com/ashaduri/gsmartcontrol/blob/6b02bf5df066a2aa8f0da8e70c30f2af2b9c8d53/dependencies/catch2/Catch2/contrib/ParseAndAddCatchTests.cmake#L203,"# Work around CMake 3.18.0 change in `add_test()`, before the escaped quotes were necessary,
# only with CMake 3.18.0 the escaped double quotes confuse the call. This change is reverted in 3.18.1
# And properly introduced in 3.19 with the CMP0110 policy",[],CMake,12,203,205
26894,ashaduri/gsmartcontrol,https://github.com/ashaduri/gsmartcontrol/blob/6b02bf5df066a2aa8f0da8e70c30f2af2b9c8d53/dependencies/catch2/Catch2/contrib/ParseAndAddCatchTests.cmake#L213,# Handle template test cases,[],CMake,12,213,213
26894,ashaduri/gsmartcontrol,https://github.com/ashaduri/gsmartcontrol/blob/6b02bf5df066a2aa8f0da8e70c30f2af2b9c8d53/dependencies/catch2/Catch2/contrib/ParseAndAddCatchTests.cmake#L218,# Add the test and set its properties,[],CMake,12,218,218
26894,ashaduri/gsmartcontrol,https://github.com/ashaduri/gsmartcontrol/blob/6b02bf5df066a2aa8f0da8e70c30f2af2b9c8d53/dependencies/catch2/Catch2/contrib/ParseAndAddCatchTests.cmake#L220,"# Old CMake versions do not document VERSION_GREATER_EQUAL, so we use VERSION_GREATER with 3.8 instead",[],CMake,12,220,220
26894,ashaduri/gsmartcontrol,https://github.com/ashaduri/gsmartcontrol/blob/6b02bf5df066a2aa8f0da8e70c30f2af2b9c8d53/dependencies/catch2/Catch2/contrib/ParseAndAddCatchTests.cmake#L242,# entry point,[],CMake,0,242,242
26894,ashaduri/gsmartcontrol,https://github.com/ashaduri/gsmartcontrol/blob/6b02bf5df066a2aa8f0da8e70c30f2af2b9c8d53/packaging/cpack_options.cmake#L1,"###############################################################################
# License: BSD Zero Clause License file
# Copyright:
#   (C) 2021 Alexander Shaduri <ashaduri@gmail.com>
###############################################################################",[],CMake,0,1,5
26894,ashaduri/gsmartcontrol,https://github.com/ashaduri/gsmartcontrol/blob/6b02bf5df066a2aa8f0da8e70c30f2af2b9c8d53/packaging/cpack_options.cmake#L7,# CPack options for this project,[],CMake,0,7,7
26894,ashaduri/gsmartcontrol,https://github.com/ashaduri/gsmartcontrol/blob/6b02bf5df066a2aa8f0da8e70c30f2af2b9c8d53/packaging/cpack_options.cmake#L9,"# Generators supported:
# Linux: TBZ2 (binary)
# Windows: NSIS ZIP.",[],CMake,0,9,11
26894,ashaduri/gsmartcontrol,https://github.com/ashaduri/gsmartcontrol/blob/6b02bf5df066a2aa8f0da8e70c30f2af2b9c8d53/packaging/cpack_options.cmake#L13,"# Per-generator settings
#set(CPACK_PROJECT_CONFIG_FILE ""${CMAKE_SOURCE_DIR}/data/cmake/cpack_project_config.cmake"")",[],CMake,0,13,14
26894,ashaduri/gsmartcontrol,https://github.com/ashaduri/gsmartcontrol/blob/6b02bf5df066a2aa8f0da8e70c30f2af2b9c8d53/packaging/cpack_options.cmake#L17,"# Make the ""package"" target build .tar.bz2",[],CMake,1,17,17
26894,ashaduri/gsmartcontrol,https://github.com/ashaduri/gsmartcontrol/blob/6b02bf5df066a2aa8f0da8e70c30f2af2b9c8d53/packaging/cpack_options.cmake#L22,"# Make the ""package"" target build all supported packages (nsis and zip)",[],CMake,1,22,22
26894,ashaduri/gsmartcontrol,https://github.com/ashaduri/gsmartcontrol/blob/6b02bf5df066a2aa8f0da8e70c30f2af2b9c8d53/packaging/cpack_options.cmake#L27,"#if (WIN32 AND CMAKE_SIZEOF_VOID_P EQUAL 8)
#	set(APP_PACKAGE_NAME_DISPLAY ""${APP_PACKAGE_NAME_DISPLAY} (64-Bit)"")
#endif()",[],CMake,0,27,29
26894,ashaduri/gsmartcontrol,https://github.com/ashaduri/gsmartcontrol/blob/6b02bf5df066a2aa8f0da8e70c30f2af2b9c8d53/packaging/cpack_options.cmake#L31,"#set(CPACK_PACKAGE_NAME ""${PROJECT_NAME}"")",[],CMake,0,31,31
26894,ashaduri/gsmartcontrol,https://github.com/ashaduri/gsmartcontrol/blob/6b02bf5df066a2aa8f0da8e70c30f2af2b9c8d53/packaging/cpack_options.cmake#L33,"# Default value is ""${CPACK_PACKAGE_NAME} ${CPACK_PACKAGE_VERSION}"".",[],CMake,1,33,33
26894,ashaduri/gsmartcontrol,https://github.com/ashaduri/gsmartcontrol/blob/6b02bf5df066a2aa8f0da8e70c30f2af2b9c8d53/packaging/cpack_options.cmake#L34,# appended to e.g. CPACK_NSIS_INSTALL_ROOT,[],CMake,63,34,34
26894,ashaduri/gsmartcontrol,https://github.com/ashaduri/gsmartcontrol/blob/6b02bf5df066a2aa8f0da8e70c30f2af2b9c8d53/packaging/cpack_options.cmake#L40,"#set(CPACK_PACKAGE_VERSION_MAJOR ${CMAKE_PROJECT_VERSION_MAJOR})
#set(CPACK_PACKAGE_VERSION_MINOR ${CMAKE_PROJECT_VERSION_MINOR})
#set(CPACK_PACKAGE_VERSION_PATCH ${CMAKE_PROJECT_VERSION_PATCH})",[],CMake,0,40,42
26894,ashaduri/gsmartcontrol,https://github.com/ashaduri/gsmartcontrol/blob/6b02bf5df066a2aa8f0da8e70c30f2af2b9c8d53/packaging/cpack_options.cmake#L44,"# Used by wix only?
#set(APP_PACKAGE_DESCRIPTION_FILE ""${CMAKE_SOURCE_DIR}/data/${APP_BRANDING_INTERNAL_APP_NAME}/package_description.txt"")
#if (EXISTS ""${APP_PACKAGE_DESCRIPTION_FILE}"")
#	set(CPACK_PACKAGE_DESCRIPTION_FILE ""${APP_PACKAGE_DESCRIPTION_FILE}"")
#endif()",[],CMake,0,44,48
26894,ashaduri/gsmartcontrol,https://github.com/ashaduri/gsmartcontrol/blob/6b02bf5df066a2aa8f0da8e70c30f2af2b9c8d53/packaging/cpack_options.cmake#L50,"#set(CPACK_PACKAGE_DESCRIPTION_SUMMARY ""${CMAKE_PROJECT_DESCRIPTION}"")",[],CMake,0,50,50
26894,ashaduri/gsmartcontrol,https://github.com/ashaduri/gsmartcontrol/blob/6b02bf5df066a2aa8f0da8e70c30f2af2b9c8d53/packaging/cpack_options.cmake#L52,"# Set to win32 or win64 by default, or CMAKE_SYSTEM_NAME for others.
#set(CPACK_SYSTEM_NAME ""${APP_TARGET_SYSTEM_NAME}"")",[],CMake,0,52,53
26894,ashaduri/gsmartcontrol,https://github.com/ashaduri/gsmartcontrol/blob/6b02bf5df066a2aa8f0da8e70c30f2af2b9c8d53/packaging/cpack_options.cmake#L55,"#if (WIN32)
#	set(CPACK_PACKAGE_FILE_NAME ""${CPACK_PACKAGE_NAME}-${CPACK_PACKAGE_VERSION}-${CPACK_SYSTEM_NAME}"")
#endif()",[],CMake,0,55,57
26894,ashaduri/gsmartcontrol,https://github.com/ashaduri/gsmartcontrol/blob/6b02bf5df066a2aa8f0da8e70c30f2af2b9c8d53/packaging/cpack_options.cmake#L60,# update-smart-drivedb doesn't like this,[],CMake,30,60,60
26894,ashaduri/gsmartcontrol,https://github.com/ashaduri/gsmartcontrol/blob/6b02bf5df066a2aa8f0da8e70c30f2af2b9c8d53/packaging/cpack_options.cmake#L63,# Icon in Add/Remove Programs,[],CMake,0,63,63
26894,ashaduri/gsmartcontrol,https://github.com/ashaduri/gsmartcontrol/blob/6b02bf5df066a2aa8f0da8e70c30f2af2b9c8d53/packaging/cpack_options.cmake#L66,# Start menu shortcut,[],CMake,0,66,66
26894,ashaduri/gsmartcontrol,https://github.com/ashaduri/gsmartcontrol/blob/6b02bf5df066a2aa8f0da8e70c30f2af2b9c8d53/packaging/cpack_options.cmake#L69,"# Force monolithic installers (ignore per-component stuff, exclude optional components).",[],CMake,0,69,69
26894,ashaduri/gsmartcontrol,https://github.com/ashaduri/gsmartcontrol/blob/6b02bf5df066a2aa8f0da8e70c30f2af2b9c8d53/packaging/cpack_options.cmake#L76,# build dirs,[],CMake,20,76,76
26894,ashaduri/gsmartcontrol,https://github.com/ashaduri/gsmartcontrol/blob/6b02bf5df066a2aa8f0da8e70c30f2af2b9c8d53/packaging/cpack_options.cmake#L77,# git,[],CMake,15,77,77
26894,ashaduri/gsmartcontrol,https://github.com/ashaduri/gsmartcontrol/blob/6b02bf5df066a2aa8f0da8e70c30f2af2b9c8d53/packaging/cpack_options.cmake#L78,# editor temporary files,[],CMake,9,78,78
26894,ashaduri/gsmartcontrol,https://github.com/ashaduri/gsmartcontrol/blob/6b02bf5df066a2aa8f0da8e70c30f2af2b9c8d53/packaging/cpack_options.cmake#L85,# --- NSIS options,[],CMake,0,85,85
26894,ashaduri/gsmartcontrol,https://github.com/ashaduri/gsmartcontrol/blob/6b02bf5df066a2aa8f0da8e70c30f2af2b9c8d53/packaging/cpack_options.cmake#L87,# used in add/remove programs as a display text,[],CMake,60,87,87
26894,ashaduri/gsmartcontrol,https://github.com/ashaduri/gsmartcontrol/blob/6b02bf5df066a2aa8f0da8e70c30f2af2b9c8d53/packaging/cpack_options.cmake#L88,"# used in installer window title, start menu folder",[],CMake,60,88,88
26894,ashaduri/gsmartcontrol,https://github.com/ashaduri/gsmartcontrol/blob/6b02bf5df066a2aa8f0da8e70c30f2af2b9c8d53/packaging/cpack_options.cmake#L103,"# Relative to installation directory, start menu uses this.",[],CMake,43,103,103
26894,ashaduri/gsmartcontrol,https://github.com/ashaduri/gsmartcontrol/blob/6b02bf5df066a2aa8f0da8e70c30f2af2b9c8d53/packaging/cpack_options.cmake#L105,# Ask to uninstall before installing.,[],CMake,54,105,105
26894,ashaduri/gsmartcontrol,https://github.com/ashaduri/gsmartcontrol/blob/6b02bf5df066a2aa8f0da8e70c30f2af2b9c8d53/packaging/cpack_options.cmake#L107,"# set(CPACK_NSIS_MUI_FINISHPAGE_RUN ""${APP_BRANDING_INTERNAL_APP_NAME}.exe"")  # may conflict with UAC, better not use it.",[],CMake,0,107,107
26894,ashaduri/gsmartcontrol,https://github.com/ashaduri/gsmartcontrol/blob/6b02bf5df066a2aa8f0da8e70c30f2af2b9c8d53/packaging/cpack_options.cmake#L109,# update-smart-drivedb may leave drivedb.h.*,[],CMake,0,109,109
26894,ashaduri/gsmartcontrol,https://github.com/ashaduri/gsmartcontrol/blob/6b02bf5df066a2aa8f0da8e70c30f2af2b9c8d53/packaging/cpack_options.cmake#L120,# ---------------------------------------------- Windows Dependencies,[],CMake,0,120,120
26894,ashaduri/gsmartcontrol,https://github.com/ashaduri/gsmartcontrol/blob/6b02bf5df066a2aa8f0da8e70c30f2af2b9c8d53/packaging/cpack_options.cmake#L122,"# Install GTK+ and other dependencies in Windows.
# Requires installed smartctl-nc.exe, smartctl.exe, update-smart-drivedb.exe in bin subdirectory of sysroot.
# The following packages when cross-compiling from opensuse:
# mingw64-cross-gcc-c++ mingw64-gtkmm3-devel mingw64-pcre-devel adwaita-icon-theme",[],CMake,0,122,125
26894,ashaduri/gsmartcontrol,https://github.com/ashaduri/gsmartcontrol/blob/6b02bf5df066a2aa8f0da8e70c30f2af2b9c8d53/packaging/cpack_options.cmake#L138,# Cross-compiling,[],CMake,10,138,138
26894,ashaduri/gsmartcontrol,https://github.com/ashaduri/gsmartcontrol/blob/6b02bf5df066a2aa8f0da8e70c30f2af2b9c8d53/packaging/cpack_options.cmake#L148,# Cross-compiling,[],CMake,10,148,148
26894,ashaduri/gsmartcontrol,https://github.com/ashaduri/gsmartcontrol/blob/6b02bf5df066a2aa8f0da8e70c30f2af2b9c8d53/packaging/cpack_options.cmake#L163,# Cross-compiling,[],CMake,10,163,163
26894,ashaduri/gsmartcontrol,https://github.com/ashaduri/gsmartcontrol/blob/6b02bf5df066a2aa8f0da8e70c30f2af2b9c8d53/packaging/cpack_options.cmake#L183,# Smartmontools,[],CMake,1,183,183
26894,ashaduri/gsmartcontrol,https://github.com/ashaduri/gsmartcontrol/blob/6b02bf5df066a2aa8f0da8e70c30f2af2b9c8d53/packaging/cpack_options.cmake#L185,# GitHub extract location. The files are extracted without relative paths in archive (7z e).,[],CMake,2,185,185
26894,ashaduri/gsmartcontrol,https://github.com/ashaduri/gsmartcontrol/blob/6b02bf5df066a2aa8f0da8e70c30f2af2b9c8d53/packaging/cpack_options.cmake#L194,# System-installed smartmontools,[],CMake,2,194,194
26894,ashaduri/gsmartcontrol,https://github.com/ashaduri/gsmartcontrol/blob/6b02bf5df066a2aa8f0da8e70c30f2af2b9c8d53/packaging/cpack_options.cmake#L204,# GCC Runtime,[],CMake,1,204,204
26894,ashaduri/gsmartcontrol,https://github.com/ashaduri/gsmartcontrol/blob/6b02bf5df066a2aa8f0da8e70c30f2af2b9c8d53/packaging/cpack_options.cmake#L211,#	All of GTK+ / PCRE,[],CMake,1,211,211
26894,ashaduri/gsmartcontrol,https://github.com/ashaduri/gsmartcontrol/blob/6b02bf5df066a2aa8f0da8e70c30f2af2b9c8d53/packaging/cpack_options.cmake#L213,#		gdk-pixbuf-query-loaders.exe,[],CMake,0,213,213
26894,ashaduri/gsmartcontrol,https://github.com/ashaduri/gsmartcontrol/blob/6b02bf5df066a2aa8f0da8e70c30f2af2b9c8d53/packaging/cpack_options.cmake#L218,"#		gtk-query-immodules-3.0.exe
#		gtk-update-icon-cache-3.0.exe",[],CMake,0,218,219
26894,ashaduri/gsmartcontrol,https://github.com/ashaduri/gsmartcontrol/blob/6b02bf5df066a2aa8f0da8e70c30f2af2b9c8d53/packaging/cpack_options.cmake#L302,#		libpython*.dll,[],CMake,0,302,302
26894,ashaduri/gsmartcontrol,https://github.com/ashaduri/gsmartcontrol/blob/6b02bf5df066a2aa8f0da8e70c30f2af2b9c8d53/packaging/cpack_options.cmake#L310,#		libssl-*.dll,[],CMake,0,310,310
26894,ashaduri/gsmartcontrol,https://github.com/ashaduri/gsmartcontrol/blob/6b02bf5df066a2aa8f0da8e70c30f2af2b9c8d53/packaging/cpack_options.cmake#L322,"#		libwebp-*.dll
#		libwebpdecoder-*.dll
#		libwebpdemux-*.dll
#		libwebpmux-*.dll",[],CMake,0,322,325
26894,ashaduri/gsmartcontrol,https://github.com/ashaduri/gsmartcontrol/blob/6b02bf5df066a2aa8f0da8e70c30f2af2b9c8d53/packaging/cpack_options.cmake#L329,"#		tcl86.dll
#		tk86.dll",[],CMake,0,329,330
26894,ashaduri/gsmartcontrol,https://github.com/ashaduri/gsmartcontrol/blob/6b02bf5df066a2aa8f0da8e70c30f2af2b9c8d53/packaging/cpack_options.cmake#L344,# Msys2 in github has problems with this (cannot install: file exists!),[],CMake,1,344,344
26894,ashaduri/gsmartcontrol,https://github.com/ashaduri/gsmartcontrol/blob/6b02bf5df066a2aa8f0da8e70c30f2af2b9c8d53/packaging/cpack_options.cmake#L345,"#	install(FILES ""${APP_WINDOWS_SYSROOT}/etc/fonts/fonts.conf"" DESTINATION ""etc/fonts/"")",[],CMake,0,345,345
26894,ashaduri/gsmartcontrol,https://github.com/ashaduri/gsmartcontrol/blob/6b02bf5df066a2aa8f0da8e70c30f2af2b9c8d53/packaging/cpack_options.cmake#L347,"# <prefix>/etc/gtk-3.0/ should contain settings.ini with a win32 theme.
# Use custom settings.ini to enable Windows theme",[],CMake,1,347,348
26894,ashaduri/gsmartcontrol,https://github.com/ashaduri/gsmartcontrol/blob/6b02bf5df066a2aa8f0da8e70c30f2af2b9c8d53/packaging/cpack_options.cmake#L349,"#	install(FILES ""${APP_WINDOWS_SYSROOT}/etc/gtk-3.0/settings.ini"" DESTINATION ""etc/gtk-3.0/"")",[],CMake,0,349,349
26894,ashaduri/gsmartcontrol,https://github.com/ashaduri/gsmartcontrol/blob/6b02bf5df066a2aa8f0da8e70c30f2af2b9c8d53/packaging/cpack_options.cmake#L351,"#	install(FILES ""${APP_WINDOWS_SYSROOT}/etc/gtk-3.0/im-multipress.conf"" DESTINATION ""etc/gtk-3.0/"")",[],CMake,1,351,351
26894,ashaduri/gsmartcontrol,https://github.com/ashaduri/gsmartcontrol/blob/6b02bf5df066a2aa8f0da8e70c30f2af2b9c8d53/packaging/cpack_options.cmake#L353,# Not present in msys2,[],CMake,1,353,353
26894,ashaduri/gsmartcontrol,https://github.com/ashaduri/gsmartcontrol/blob/6b02bf5df066a2aa8f0da8e70c30f2af2b9c8d53/packaging/cpack_options.cmake#L354,"#	install(DIRECTORY ""${APP_WINDOWS_SYSROOT}/share/themes"" DESTINATION ""share/"")",[],CMake,0,354,354
26894,ashaduri/gsmartcontrol,https://github.com/ashaduri/gsmartcontrol/blob/6b02bf5df066a2aa8f0da8e70c30f2af2b9c8d53/packaging/cpack_options.cmake#L356,"# needed for file chooser
# Not present in msys2 (maybe use plain glib, not mingw64 variant?)",[],CMake,1,356,357
26894,ashaduri/gsmartcontrol,https://github.com/ashaduri/gsmartcontrol/blob/6b02bf5df066a2aa8f0da8e70c30f2af2b9c8d53/packaging/cpack_options.cmake#L358,"#	install(DIRECTORY ""${APP_WINDOWS_SYSROOT}/share/glib-2.0/schemas"" DESTINATION ""share/glib-2.0/"")",[],CMake,0,358,358
26894,ashaduri/gsmartcontrol,https://github.com/ashaduri/gsmartcontrol/blob/6b02bf5df066a2aa8f0da8e70c30f2af2b9c8d53/packaging/cpack_options.cmake#L365,"#	install(DIRECTORY ""${APP_WINDOWS_GTK_ICONS_ROOT}/hicolor"" DESTINATION ""share/icons/"")",[],CMake,1,365,365
26894,ashaduri/gsmartcontrol,https://github.com/ashaduri/gsmartcontrol/blob/6b02bf5df066a2aa8f0da8e70c30f2af2b9c8d53/packaging/cpack_options.cmake#L367,"# needed for window titlebar (if using client-side decorations),
# tree sorting indicators, GUI icons.",[],CMake,2,367,368
26894,ashaduri/gsmartcontrol,https://github.com/ashaduri/gsmartcontrol/blob/6b02bf5df066a2aa8f0da8e70c30f2af2b9c8d53/packaging/cpack_options.cmake#L370,"#		""${APP_WINDOWS_GTK_ICONS_ROOT}/Adwaita/16x16/actions/window-close-symbolic.symbolic.png""
#		""${APP_WINDOWS_GTK_ICONS_ROOT}/Adwaita/16x16/actions/window-maximize-symbolic.symbolic.png""
#		""${APP_WINDOWS_GTK_ICONS_ROOT}/Adwaita/16x16/actions/window-minimize-symbolic.symbolic.png""
#		""${APP_WINDOWS_GTK_ICONS_ROOT}/Adwaita/16x16/actions/window-restore-symbolic.symbolic.png""",[],CMake,1,370,373
26894,ashaduri/gsmartcontrol,https://github.com/ashaduri/gsmartcontrol/blob/6b02bf5df066a2aa8f0da8e70c30f2af2b9c8d53/packaging/cpack_options.cmake#L387,"#		""${APP_WINDOWS_GTK_ICONS_ROOT}/Adwaita/24x24/actions/window-close-symbolic.symbolic.png""
#		""${APP_WINDOWS_GTK_ICONS_ROOT}/Adwaita/24x24/actions/window-maximize-symbolic.symbolic.png""
#		""${APP_WINDOWS_GTK_ICONS_ROOT}/Adwaita/24x24/actions/window-minimize-symbolic.symbolic.png""
#		""${APP_WINDOWS_GTK_ICONS_ROOT}/Adwaita/24x24/actions/window-restore-symbolic.symbolic.png""",[],CMake,1,387,390
26894,ashaduri/gsmartcontrol,https://github.com/ashaduri/gsmartcontrol/blob/6b02bf5df066a2aa8f0da8e70c30f2af2b9c8d53/packaging/cpack_options.cmake#L400,"#		""${APP_WINDOWS_GTK_ICONS_ROOT}/Adwaita/32x32/actions/window-close-symbolic.symbolic.png""
#		""${APP_WINDOWS_GTK_ICONS_ROOT}/Adwaita/32x32/actions/window-maximize-symbolic.symbolic.png""
#		""${APP_WINDOWS_GTK_ICONS_ROOT}/Adwaita/32x32/actions/window-minimize-symbolic.symbolic.png""
#		""${APP_WINDOWS_GTK_ICONS_ROOT}/Adwaita/32x32/actions/window-restore-symbolic.symbolic.png""",[],CMake,1,400,403
26894,ashaduri/gsmartcontrol,https://github.com/ashaduri/gsmartcontrol/blob/6b02bf5df066a2aa8f0da8e70c30f2af2b9c8d53/packaging/cpack_options.cmake#L413,"#		""${APP_WINDOWS_GTK_ICONS_ROOT}/Adwaita/48x48/actions/window-close-symbolic.symbolic.png""
#		""${APP_WINDOWS_GTK_ICONS_ROOT}/Adwaita/48x48/actions/window-maximize-symbolic.symbolic.png""
#		""${APP_WINDOWS_GTK_ICONS_ROOT}/Adwaita/48x48/actions/window-minimize-symbolic.symbolic.png""
#		""${APP_WINDOWS_GTK_ICONS_ROOT}/Adwaita/48x48/actions/window-restore-symbolic.symbolic.png""",[],CMake,1,413,416
26894,ashaduri/gsmartcontrol,https://github.com/ashaduri/gsmartcontrol/blob/6b02bf5df066a2aa8f0da8e70c30f2af2b9c8d53/packaging/cpack_options.cmake#L426,"#		""${APP_WINDOWS_GTK_ICONS_ROOT}/Adwaita/64x64/actions/window-close-symbolic.symbolic.png""
#		""${APP_WINDOWS_GTK_ICONS_ROOT}/Adwaita/64x64/actions/window-maximize-symbolic.symbolic.png""
#		""${APP_WINDOWS_GTK_ICONS_ROOT}/Adwaita/64x64/actions/window-minimize-symbolic.symbolic.png""
#		""${APP_WINDOWS_GTK_ICONS_ROOT}/Adwaita/64x64/actions/window-restore-symbolic.symbolic.png""",[],CMake,1,426,429
26894,ashaduri/gsmartcontrol,https://github.com/ashaduri/gsmartcontrol/blob/6b02bf5df066a2aa8f0da8e70c30f2af2b9c8d53/packaging/cpack_options.cmake#L439,"#		""${APP_WINDOWS_GTK_ICONS_ROOT}/Adwaita/96x96/actions/window-close-symbolic.symbolic.png""
#		""${APP_WINDOWS_GTK_ICONS_ROOT}/Adwaita/96x96/actions/window-maximize-symbolic.symbolic.png""
#		""${APP_WINDOWS_GTK_ICONS_ROOT}/Adwaita/96x96/actions/window-minimize-symbolic.symbolic.png""
#		""${APP_WINDOWS_GTK_ICONS_ROOT}/Adwaita/96x96/actions/window-restore-symbolic.symbolic.png""",[],CMake,1,439,442
26894,ashaduri/gsmartcontrol,https://github.com/ashaduri/gsmartcontrol/blob/6b02bf5df066a2aa8f0da8e70c30f2af2b9c8d53/packaging/cpack_options.cmake#L447,"#	install(FILES
#		""${APP_WINDOWS_GTK_ICONS_ROOT}/Adwaita/96x96/status/dialog-information.png""
#		DESTINATION ""share/icons/Adwaita/96x96/status/""
#	)",[],CMake,1,447,450
26894,ashaduri/gsmartcontrol,https://github.com/ashaduri/gsmartcontrol/blob/6b02bf5df066a2aa8f0da8e70c30f2af2b9c8d53/packaging/cpack_options.cmake#L455,# icons,[],CMake,10,455,455
26894,ashaduri/gsmartcontrol,https://github.com/ashaduri/gsmartcontrol/blob/6b02bf5df066a2aa8f0da8e70c30f2af2b9c8d53/packaging/cpack_options.cmake#L460,# All CPack variables must be set before this,[],CMake,0,460,460
26894,ashaduri/gsmartcontrol,https://github.com/ashaduri/gsmartcontrol/blob/6b02bf5df066a2aa8f0da8e70c30f2af2b9c8d53/packaging/cpack_options.cmake#L476,# VS likes uppercase names for better visibility of special targets,[],CMake,44,476,476
26894,ashaduri/gsmartcontrol,https://github.com/ashaduri/gsmartcontrol/blob/6b02bf5df066a2aa8f0da8e70c30f2af2b9c8d53/packaging/cpack_options.cmake#L485,# VS likes uppercase names for better visibility of special targets,[],CMake,33,485,485
26894,ashaduri/gsmartcontrol,https://github.com/ashaduri/gsmartcontrol/blob/6b02bf5df066a2aa8f0da8e70c30f2af2b9c8d53/packaging/cpack_options.cmake#L488,"#if (UNIX)
#	add_custom_target(package_tbz2
#			COMMAND ""${CMAKE_CPACK_COMMAND}"" -G TBZ2 -C Release
#			COMMENT ""Creating .tar.bz2 package...""
#			WORKING_DIRECTORY ""${CMAKE_BINARY_DIR}"")
#	set_target_properties(package_tbz2 PROPERTIES
#			EXCLUDE_FROM_ALL true
#			EXCLUDE_FROM_DEFAULT_BUILD true)
#
#	add_custom_target(package_rpm
#			COMMAND ""${CMAKE_CPACK_COMMAND}"" -G RPM -C Release
#			COMMENT ""Creating RPM package...""
#			WORKING_DIRECTORY ""${CMAKE_BINARY_DIR}"")
#	set_target_properties(package_rpm PROPERTIES
#			EXCLUDE_FROM_ALL true
#			EXCLUDE_FROM_DEFAULT_BUILD true)
#
#	add_custom_target(package_deb
#			COMMAND ""${CMAKE_CPACK_COMMAND}"" -G DEB -C Release
#			COMMENT ""Creating DEB package...""
#			WORKING_DIRECTORY ""${CMAKE_BINARY_DIR}"")
#	set_target_properties(package_deb PROPERTIES
#			EXCLUDE_FROM_ALL true
#			EXCLUDE_FROM_DEFAULT_BUILD true)
#
#	add_custom_target(package_all
#			DEPENDS package_tbz2 package_rpm
#			COMMENT ""Creating packages..."")
#	set_target_properties(package_all PROPERTIES
#			EXCLUDE_FROM_ALL true
#			EXCLUDE_FROM_DEFAULT_BUILD true)
#endif()",[],CMake,0,488,519
26894,ashaduri/gsmartcontrol,https://github.com/ashaduri/gsmartcontrol/blob/6b02bf5df066a2aa8f0da8e70c30f2af2b9c8d53/src/build_config/compiler_options.cmake#L1,"###############################################################################
# License: BSD Zero Clause License file
# Copyright:
#   (C) 2021 Alexander Shaduri <ashaduri@gmail.com>
###############################################################################",[],CMake,0,1,5
26894,ashaduri/gsmartcontrol,https://github.com/ashaduri/gsmartcontrol/blob/6b02bf5df066a2aa8f0da8e70c30f2af2b9c8d53/src/build_config/compiler_options.cmake#L7,# This file is included from root CMakeLists.txt,[],CMake,0,7,7
26894,ashaduri/gsmartcontrol,https://github.com/ashaduri/gsmartcontrol/blob/6b02bf5df066a2aa8f0da8e70c30f2af2b9c8d53/src/build_config/compiler_options.cmake#L12,# --- Set the default C++ standard,[],CMake,0,12,12
26894,ashaduri/gsmartcontrol,https://github.com/ashaduri/gsmartcontrol/blob/6b02bf5df066a2aa8f0da8e70c30f2af2b9c8d53/src/build_config/compiler_options.cmake#L16,# C++17 filesystem (including experimental),[],CMake,0,16,16
26894,ashaduri/gsmartcontrol,https://github.com/ashaduri/gsmartcontrol/blob/6b02bf5df066a2aa8f0da8e70c30f2af2b9c8d53/src/build_config/compiler_options.cmake#L20,"# Enable PIC, required on many systems",[],CMake,0,20,20
26894,ashaduri/gsmartcontrol,https://github.com/ashaduri/gsmartcontrol/blob/6b02bf5df066a2aa8f0da8e70c30f2af2b9c8d53/src/build_config/compiler_options.cmake#L23,# Hide symbols by default,[],CMake,0,23,23
26894,ashaduri/gsmartcontrol,https://github.com/ashaduri/gsmartcontrol/blob/6b02bf5df066a2aa8f0da8e70c30f2af2b9c8d53/src/build_config/compiler_options.cmake#L28,# --- OS / compiler extensions,[],CMake,0,28,28
26894,ashaduri/gsmartcontrol,https://github.com/ashaduri/gsmartcontrol/blob/6b02bf5df066a2aa8f0da8e70c30f2af2b9c8d53/src/build_config/compiler_options.cmake#L30,# These extensions are useful to enable OS-specific functionality like 64-bit file offsets.,[],CMake,0,30,30
26894,ashaduri/gsmartcontrol,https://github.com/ashaduri/gsmartcontrol/blob/6b02bf5df066a2aa8f0da8e70c30f2af2b9c8d53/src/build_config/compiler_options.cmake#L32,# Enable compiler extensions (like -std=gnu++17 instead of -std=c++17),[],CMake,0,32,32
26894,ashaduri/gsmartcontrol,https://github.com/ashaduri/gsmartcontrol/blob/6b02bf5df066a2aa8f0da8e70c30f2af2b9c8d53/src/build_config/compiler_options.cmake#L35,"# glibc: all-extensions macro: _GNU_SOURCE.
# Defined automatically when used with glibc, but not others.
# We define it for all gcc systems.",[],CMake,0,35,37
26894,ashaduri/gsmartcontrol,https://github.com/ashaduri/gsmartcontrol/blob/6b02bf5df066a2aa8f0da8e70c30f2af2b9c8d53/src/build_config/compiler_options.cmake#L42,"# Solaris: The problem with solaris is that it has too many incompatible
# feature test macros, and there is no enable-all macro. Autoconf
# assumes that __EXTENSIONS__ is the one, but it should be defined
# _in addition_ to feature test macros. Note that on its own, __EXTENSIONS__
# still enables some useful stuff like _LARGEFILE64_SOURCE.
# To support some posix macros, additional link objects are also required.
# Some *_SOURCE feature test macros may be incompatible with C++.
# http://docs.sun.com/app/docs/doc/816-5175/standards-5?a=view",[],CMake,0,42,49
26894,ashaduri/gsmartcontrol,https://github.com/ashaduri/gsmartcontrol/blob/6b02bf5df066a2aa8f0da8e70c30f2af2b9c8d53/src/build_config/compiler_options.cmake#L51,"# Mingw: This enables standards-compliant stdio behaviour (regarding printf and
# friends), as opposed to msvc-compatible one. This is usually enabled
# by default if one of the usual macros are encountered (_XOPEN_SOURCE,
# _GNU_SOURCE, etc...).
# See _mingw.h for details.",[],CMake,0,51,55
26894,ashaduri/gsmartcontrol,https://github.com/ashaduri/gsmartcontrol/blob/6b02bf5df066a2aa8f0da8e70c30f2af2b9c8d53/src/build_config/compiler_options.cmake#L57,"# No effect in MSVC, doesn't hurt.",[],CMake,1,57,57
26894,ashaduri/gsmartcontrol,https://github.com/ashaduri/gsmartcontrol/blob/6b02bf5df066a2aa8f0da8e70c30f2af2b9c8d53/src/build_config/compiler_options.cmake#L60,# Enable Vista winapi,[],CMake,1,60,60
26894,ashaduri/gsmartcontrol,https://github.com/ashaduri/gsmartcontrol/blob/6b02bf5df066a2aa8f0da8e70c30f2af2b9c8d53/src/build_config/compiler_options.cmake#L64,# Darwin: Enable large file support,[],CMake,0,64,64
26894,ashaduri/gsmartcontrol,https://github.com/ashaduri/gsmartcontrol/blob/6b02bf5df066a2aa8f0da8e70c30f2af2b9c8d53/src/build_config/compiler_options.cmake#L69,"# In many environments this enables large file support. For others, it's harmless.",[],CMake,0,69,69
26894,ashaduri/gsmartcontrol,https://github.com/ashaduri/gsmartcontrol/blob/6b02bf5df066a2aa8f0da8e70c30f2af2b9c8d53/src/build_config/compiler_options.cmake#L74,# --- Compiler flags,[],CMake,0,74,74
26894,ashaduri/gsmartcontrol,https://github.com/ashaduri/gsmartcontrol/blob/6b02bf5df066a2aa8f0da8e70c30f2af2b9c8d53/src/build_config/compiler_options.cmake#L76,"# Note: Some operating systems / compilers have built-in defines.
# For gcc, check with
# $ gcc -dM -E - < /dev/null",[],CMake,0,76,78
26894,ashaduri/gsmartcontrol,https://github.com/ashaduri/gsmartcontrol/blob/6b02bf5df066a2aa8f0da8e70c30f2af2b9c8d53/src/build_config/compiler_options.cmake#L81,"# MT flags
# -pthread -D_MT -D_THREAD_SAFE (linux/gcc, linux/clang, freebsd, dragonfly)
# -mthreads -D_THREAD_SAFE (win/gcc, win/clang)
# -pthread -D_REENTRANT (openbsd, netbsd)
# -pthreads -D_MT -D_THREAD_SAFE -D_REENTRANT (solaris)
# darwin, qnx - MT enabled by default.",[],CMake,0,81,86
26894,ashaduri/gsmartcontrol,https://github.com/ashaduri/gsmartcontrol/blob/6b02bf5df066a2aa8f0da8e70c30f2af2b9c8d53/src/build_config/compiler_options.cmake#L89,# Enable compiler warnings,[],CMake,0,89,89
26894,ashaduri/gsmartcontrol,https://github.com/ashaduri/gsmartcontrol/blob/6b02bf5df066a2aa8f0da8e70c30f2af2b9c8d53/src/build_config/compiler_options.cmake#L92,"# Warnings are for latest versions of compilers, for developers only.",[],CMake,0,92,92
26894,ashaduri/gsmartcontrol,https://github.com/ashaduri/gsmartcontrol/blob/6b02bf5df066a2aa8f0da8e70c30f2af2b9c8d53/src/build_config/compiler_options.cmake#L102,# libdebug needs custom format strings,[],CMake,3,102,102
26894,ashaduri/gsmartcontrol,https://github.com/ashaduri/gsmartcontrol/blob/6b02bf5df066a2aa8f0da8e70c30f2af2b9c8d53/src/build_config/compiler_options.cmake#L111,"# GTK uses MS bitfields, so we need this in mingw",[],CMake,0,111,111
26894,ashaduri/gsmartcontrol,https://github.com/ashaduri/gsmartcontrol/blob/6b02bf5df066a2aa8f0da8e70c30f2af2b9c8d53/src/build_config/compiler_options.cmake#L116,# Define macros to check the debug build,[],CMake,0,116,116
26894,ashaduri/gsmartcontrol,https://github.com/ashaduri/gsmartcontrol/blob/6b02bf5df066a2aa8f0da8e70c30f2af2b9c8d53/toolchains/linux-dev-with-tidy.cmake#L1,"###############################################################################
# License: BSD Zero Clause License file
# Copyright:
#   (C) 2021 Alexander Shaduri <ashaduri@gmail.com>
###############################################################################",[],CMake,0,1,5
26894,ashaduri/gsmartcontrol,https://github.com/ashaduri/gsmartcontrol/blob/6b02bf5df066a2aa8f0da8e70c30f2af2b9c8d53/toolchains/linux-dev-with-tidy.cmake#L8,# Developer options,[],CMake,0,8,8
26894,ashaduri/gsmartcontrol,https://github.com/ashaduri/gsmartcontrol/blob/6b02bf5df066a2aa8f0da8e70c30f2af2b9c8d53/toolchains/linux-dev-with-tidy.cmake#L14,"# Enable clang-tidy by default, reading from <project_root>/.clang-tidy file",[],CMake,0,14,14
26894,ashaduri/gsmartcontrol,https://github.com/ashaduri/gsmartcontrol/blob/6b02bf5df066a2aa8f0da8e70c30f2af2b9c8d53/toolchains/linux-dev.cmake#L1,"###############################################################################
# License: BSD Zero Clause License file
# Copyright:
#   (C) 2021 Alexander Shaduri <ashaduri@gmail.com>
###############################################################################",[],CMake,0,1,5
26894,ashaduri/gsmartcontrol,https://github.com/ashaduri/gsmartcontrol/blob/6b02bf5df066a2aa8f0da8e70c30f2af2b9c8d53/toolchains/linux-dev.cmake#L8,# Developer options,[],CMake,0,8,8
26894,ashaduri/gsmartcontrol,https://github.com/ashaduri/gsmartcontrol/blob/6b02bf5df066a2aa8f0da8e70c30f2af2b9c8d53/toolchains/win32-mingw-cross.cmake#L1,"###############################################################################
# License: BSD Zero Clause License file
# Copyright:
#   (C) 2021 Alexander Shaduri <ashaduri@gmail.com>
###############################################################################",[],CMake,0,1,5
26894,ashaduri/gsmartcontrol,https://github.com/ashaduri/gsmartcontrol/blob/6b02bf5df066a2aa8f0da8e70c30f2af2b9c8d53/toolchains/win32-mingw-cross.cmake#L7,"# Windows 32-bit production version with mingw/gcc.
# Use with:
# cmake -DCMAKE_TOOLCHAIN_FILE=...",[],CMake,0,7,9
26894,ashaduri/gsmartcontrol,https://github.com/ashaduri/gsmartcontrol/blob/6b02bf5df066a2aa8f0da8e70c30f2af2b9c8d53/toolchains/win32-mingw-cross.cmake#L11,# Target OS,[],CMake,0,11,11
26894,ashaduri/gsmartcontrol,https://github.com/ashaduri/gsmartcontrol/blob/6b02bf5df066a2aa8f0da8e70c30f2af2b9c8d53/toolchains/win32-mingw-cross.cmake#L14,# Specify the compiler,[],CMake,0,14,14
26894,ashaduri/gsmartcontrol,https://github.com/ashaduri/gsmartcontrol/blob/6b02bf5df066a2aa8f0da8e70c30f2af2b9c8d53/toolchains/win32-mingw-cross.cmake#L17,#set(CMAKE_RC_COMPILER i686-w64-mingw32-windres),[],CMake,0,17,17
26894,ashaduri/gsmartcontrol,https://github.com/ashaduri/gsmartcontrol/blob/6b02bf5df066a2aa8f0da8e70c30f2af2b9c8d53/toolchains/win32-mingw-cross.cmake#L19,# The target environment,[],CMake,0,19,19
26894,ashaduri/gsmartcontrol,https://github.com/ashaduri/gsmartcontrol/blob/6b02bf5df066a2aa8f0da8e70c30f2af2b9c8d53/toolchains/win32-mingw-cross.cmake#L22,"# Adjust the default behaviour of the FIND_XXX() commands:
# search headers and libraries in the target environment, search
# programs in the host environment",[],CMake,0,22,24
26894,ashaduri/gsmartcontrol,https://github.com/ashaduri/gsmartcontrol/blob/6b02bf5df066a2aa8f0da8e70c30f2af2b9c8d53/toolchains/win32-mingw-cross.cmake#L34,#set(APP_NSIS_PATH /usr/bin/makensis),[],CMake,0,34,34
26894,ashaduri/gsmartcontrol,https://github.com/ashaduri/gsmartcontrol/blob/6b02bf5df066a2aa8f0da8e70c30f2af2b9c8d53/toolchains/win32-mingw-cross.cmake#L37,# Enable LTO for Release build,[],CMake,0,37,37
26894,ashaduri/gsmartcontrol,https://github.com/ashaduri/gsmartcontrol/blob/6b02bf5df066a2aa8f0da8e70c30f2af2b9c8d53/toolchains/win32-mingw-cross.cmake#L40,# Increase optimizations of Release builds,[],CMake,0,40,40
26894,ashaduri/gsmartcontrol,https://github.com/ashaduri/gsmartcontrol/blob/6b02bf5df066a2aa8f0da8e70c30f2af2b9c8d53/toolchains/win32-mingw-cross.cmake#L43,# Enable common CPU optimizations,[],CMake,0,43,43
26894,ashaduri/gsmartcontrol,https://github.com/ashaduri/gsmartcontrol/blob/6b02bf5df066a2aa8f0da8e70c30f2af2b9c8d53/toolchains/win32-mingw-cross.cmake#L47,# Developer options,[],CMake,0,47,47
26894,ashaduri/gsmartcontrol,https://github.com/ashaduri/gsmartcontrol/blob/6b02bf5df066a2aa8f0da8e70c30f2af2b9c8d53/toolchains/win64-mingw-cross.cmake#L1,"###############################################################################
# License: BSD Zero Clause License file
# Copyright:
#   (C) 2021 Alexander Shaduri <ashaduri@gmail.com>
###############################################################################",[],CMake,0,1,5
26894,ashaduri/gsmartcontrol,https://github.com/ashaduri/gsmartcontrol/blob/6b02bf5df066a2aa8f0da8e70c30f2af2b9c8d53/toolchains/win64-mingw-cross.cmake#L7,"# Windows 32-bit production version with mingw/gcc.
# Use with:
# cmake -DCMAKE_TOOLCHAIN_FILE=...",[],CMake,0,7,9
26894,ashaduri/gsmartcontrol,https://github.com/ashaduri/gsmartcontrol/blob/6b02bf5df066a2aa8f0da8e70c30f2af2b9c8d53/toolchains/win64-mingw-cross.cmake#L11,# Target OS,[],CMake,0,11,11
26894,ashaduri/gsmartcontrol,https://github.com/ashaduri/gsmartcontrol/blob/6b02bf5df066a2aa8f0da8e70c30f2af2b9c8d53/toolchains/win64-mingw-cross.cmake#L14,# Specify the compiler,[],CMake,0,14,14
26894,ashaduri/gsmartcontrol,https://github.com/ashaduri/gsmartcontrol/blob/6b02bf5df066a2aa8f0da8e70c30f2af2b9c8d53/toolchains/win64-mingw-cross.cmake#L17,#set(CMAKE_RC_COMPILER x86_64-w64-mingw32-windres),[],CMake,0,17,17
26894,ashaduri/gsmartcontrol,https://github.com/ashaduri/gsmartcontrol/blob/6b02bf5df066a2aa8f0da8e70c30f2af2b9c8d53/toolchains/win64-mingw-cross.cmake#L19,# The target environment,[],CMake,0,19,19
26894,ashaduri/gsmartcontrol,https://github.com/ashaduri/gsmartcontrol/blob/6b02bf5df066a2aa8f0da8e70c30f2af2b9c8d53/toolchains/win64-mingw-cross.cmake#L22,"# Adjust the default behaviour of the FIND_XXX() commands:
# search headers and libraries in the target environment, search
# programs in the host environment",[],CMake,0,22,24
26894,ashaduri/gsmartcontrol,https://github.com/ashaduri/gsmartcontrol/blob/6b02bf5df066a2aa8f0da8e70c30f2af2b9c8d53/toolchains/win64-mingw-cross.cmake#L34,#set(APP_NSIS_PATH /usr/bin/makensis),[],CMake,0,34,34
26894,ashaduri/gsmartcontrol,https://github.com/ashaduri/gsmartcontrol/blob/6b02bf5df066a2aa8f0da8e70c30f2af2b9c8d53/toolchains/win64-mingw-cross.cmake#L37,# Enable LTO for Release build,[],CMake,0,37,37
26894,ashaduri/gsmartcontrol,https://github.com/ashaduri/gsmartcontrol/blob/6b02bf5df066a2aa8f0da8e70c30f2af2b9c8d53/toolchains/win64-mingw-cross.cmake#L40,# Increase optimizations of Release builds,[],CMake,0,40,40
26894,ashaduri/gsmartcontrol,https://github.com/ashaduri/gsmartcontrol/blob/6b02bf5df066a2aa8f0da8e70c30f2af2b9c8d53/toolchains/win64-mingw-cross.cmake#L43,# Enable common CPU optimizations,[],CMake,0,43,43
26894,ashaduri/gsmartcontrol,https://github.com/ashaduri/gsmartcontrol/blob/6b02bf5df066a2aa8f0da8e70c30f2af2b9c8d53/toolchains/win64-mingw-cross.cmake#L47,# Developer options,[],CMake,0,47,47
