repoIndex,repoName,linkLocation,comment,keywords,buildSysteminFile,charPosition,startLine,endLine
27034,sofa-framework/sofapython3,https://github.com/sofa-framework/sofapython3/blob/52a265bb996012142fdaca085c0c089878ae1084/Plugin/src/SofaPython3/config.h.in#L1,"/******************************************************************************
*                              SofaPython3 plugin                             *
*                  (c) 2021 CNRS, University of Lille, INRIA                  *
*                                                                             *
* This program is free software; you can redistribute it and/or modify it     *
* under the terms of the GNU Lesser General Public License as published by    *
* the Free Software Foundation; either version 2.1 of the License, or (at     *
* your option) any later version.                                             *
*                                                                             *
* This program is distributed in the hope that it will be useful, but WITHOUT *
* ANY WARRANTY; without even the implied warranty of MERCHANTABILITY or       *
* FITNESS FOR A PARTICULAR PURPOSE. See the GNU Lesser General Public License *
* for more details.                                                           *
*                                                                             *
* You should have received a copy of the GNU Lesser General Public License    *
* along with this program. If not, see <http://www.gnu.org/licenses/>.        *
*******************************************************************************
* Contact information: contact@sofa-framework.org                             *
******************************************************************************/",[],Autotool,0,1,19
27034,sofa-framework/sofapython3,https://github.com/sofa-framework/sofapython3/blob/52a265bb996012142fdaca085c0c089878ae1084/Plugin/src/SofaPython3/config.h.in#L27,"/**
 * This macro HAS to be placed in front of function prototypes containing
 * pybind11 symbols. By default pybind exports its attributes as hidden symbols
 * which causes linking against libs using them impossible (undefined refs).
 * It will also do the job of adding the dllexport / dllimport declaration on
 * Windows Systems.
 **/",[],Autotool,0,27,33
27034,sofa-framework/sofapython3,https://github.com/sofa-framework/sofapython3/blob/52a265bb996012142fdaca085c0c089878ae1084/Plugin/src/SofaPython3/config.h.in#L35,"// __attribute__(visibility(""default"")) && __declspec(dllexport)",[],Autotool,1,35,35
27034,sofa-framework/sofapython3,https://github.com/sofa-framework/sofapython3/blob/52a265bb996012142fdaca085c0c089878ae1084/Plugin/src/SofaPython3/config.h.in#L42,"// define own pybind version macro, much easier to test/read",[],Autotool,0,42,42
27034,sofa-framework/sofapython3,https://github.com/sofa-framework/sofapython3/blob/52a265bb996012142fdaca085c0c089878ae1084/Plugin/src/SofaPython3/config.h.in#L51,"// pybind11 already bind the attributeError starting from 2.8.1 version.
// so if the version is >= 2.8.1, macro does nothing, otherwise bind attribute_error",[],Autotool,0,51,52
27034,sofa-framework/sofapython3,https://github.com/sofa-framework/sofapython3/blob/52a265bb996012142fdaca085c0c089878ae1084/CMakeLists.txt#L7,# Detect if SofaPython3 is a subproject of another project (eg. when compiled within Sofa),[],CMake,0,7,7
27034,sofa-framework/sofapython3,https://github.com/sofa-framework/sofapython3/blob/52a265bb996012142fdaca085c0c089878ae1084/CMakeLists.txt#L18,"# If the plugin is compiled within SOFA, add an option to deactivate it, in which case the remaining
# of this file won't run and therefore will not generate any error if the requirements (python, pybind11)
# are not found.",[],CMake,0,18,20
27034,sofa-framework/sofapython3,https://github.com/sofa-framework/sofapython3/blob/52a265bb996012142fdaca085c0c089878ae1084/CMakeLists.txt#L30,# CMAKE TOOLS,[],CMake,0,30,30
27034,sofa-framework/sofapython3,https://github.com/sofa-framework/sofapython3/blob/52a265bb996012142fdaca085c0c089878ae1084/CMakeLists.txt#L34,# OPTIONS,[],CMake,0,34,34
27034,sofa-framework/sofapython3,https://github.com/sofa-framework/sofapython3/blob/52a265bb996012142fdaca085c0c089878ae1084/CMakeLists.txt#L37,"# If SOFA_BUILD_TESTS exists and is OFF, then this option will be auto-disabled",[],CMake,0,37,37
27034,sofa-framework/sofapython3,https://github.com/sofa-framework/sofapython3/blob/52a265bb996012142fdaca085c0c089878ae1084/CMakeLists.txt#L47,# BUILD OPTIONS,[],CMake,0,47,47
27034,sofa-framework/sofapython3,https://github.com/sofa-framework/sofapython3/blob/52a265bb996012142fdaca085c0c089878ae1084/CMakeLists.txt#L67,"# With C++17 (/std:c++17), to get MSVC to behave, you need /permissive-
# see https://github.com/pybind/pybind11/issues/1616",[],CMake,4,67,68
27034,sofa-framework/sofapython3,https://github.com/sofa-framework/sofapython3/blob/52a265bb996012142fdaca085c0c089878ae1084/CMakeLists.txt#L71,# use M_PI in cmath.h,[],CMake,4,71,71
27034,sofa-framework/sofapython3,https://github.com/sofa-framework/sofapython3/blob/52a265bb996012142fdaca085c0c089878ae1084/CMakeLists.txt#L79,# Enable use of folder for IDE like VS,[],CMake,0,79,79
27034,sofa-framework/sofapython3,https://github.com/sofa-framework/sofapython3/blob/52a265bb996012142fdaca085c0c089878ae1084/CMakeLists.txt#L82,# Set the minimum python version to 3.7,[],CMake,0,82,82
27034,sofa-framework/sofapython3,https://github.com/sofa-framework/sofapython3/blob/52a265bb996012142fdaca085c0c089878ae1084/CMakeLists.txt#L85,# Find Python3,[],CMake,0,85,85
27034,sofa-framework/sofapython3,https://github.com/sofa-framework/sofapython3/blob/52a265bb996012142fdaca085c0c089878ae1084/CMakeLists.txt#L88,# Save PYTHON_* vars,[],CMake,0,88,88
27034,sofa-framework/sofapython3,https://github.com/sofa-framework/sofapython3/blob/52a265bb996012142fdaca085c0c089878ae1084/CMakeLists.txt#L96,"# Change PYTHON_* vars before pybind11 find_package
# to be sure that pybind11 relies on the right Python version",[],CMake,0,96,97
27034,sofa-framework/sofapython3,https://github.com/sofa-framework/sofapython3/blob/52a265bb996012142fdaca085c0c089878ae1084/CMakeLists.txt#L113,# Set the minimum pybind11 version to 2.3 (before that the pybind11::embed target did not exist),[],CMake,0,113,113
27034,sofa-framework/sofapython3,https://github.com/sofa-framework/sofapython3/blob/52a265bb996012142fdaca085c0c089878ae1084/CMakeLists.txt#L123,"# Get the Python's user site packages directory, or FALSE if not found",[],CMake,0,123,123
27034,sofa-framework/sofapython3,https://github.com/sofa-framework/sofapython3/blob/52a265bb996012142fdaca085c0c089878ae1084/CMakeLists.txt#L126,"# Add an option to automatically create links towards the python packages of SP3
# into the python's user site packages directory.",[],CMake,0,126,127
27034,sofa-framework/sofapython3,https://github.com/sofa-framework/sofapython3/blob/52a265bb996012142fdaca085c0c089878ae1084/CMakeLists.txt#L153,"# When using python3 from XCode on MacOS, the RPath is wrongly set to XCode frameworks directory:
#   LC_LOAD_DYLIB   @rpath/Python3.framework/Versions/3.7/Python3
#   LC_RPATH        /Applications/Xcode.app/Contents/Developer/Library/Frameworks/Python3.framework/Versions/3.7/lib
# Hence LC_RPATH/LC_LOAD_DYLIB does not exists.
# Until this is fixed (not sure if it comes from pybind11, cmake or XCode), we can add another path to RPATH:
#   LC_LOAD_DYLIB   @rpath/Python3.framework/Versions/3.7/Python3
#   LC_RPATH        /Applications/Xcode.app/Contents/Developer/Library/Frameworks/Python3.framework/Versions/3.7/lib
#                   /Applications/Xcode.app/Contents/Developer/Library/Frameworks  <----- ADDED
# And now one combination of  LC_RPATH/LC_LOAD_DYLIB will be valid.
# This should't change anything for those that use other python libs than XCode (homebrew for example) since the
# LC_LOAD_DYLIB from XCode is quite unique.",[],CMake,0,153,163
27034,sofa-framework/sofapython3,https://github.com/sofa-framework/sofapython3/blob/52a265bb996012142fdaca085c0c089878ae1084/CMakeLists.txt#L186,"## This is only to warn users that splib is now relocated in its own repository
# it just contains a __init__.py rising an exception indicating to where to find the plugin.
# If splib is available, then splib/__init__.py will be overriden by the one from the real splib.",[],CMake,0,186,188
27034,sofa-framework/sofapython3,https://github.com/sofa-framework/sofapython3/blob/52a265bb996012142fdaca085c0c089878ae1084/CMakeLists.txt#L214,# Create the site-package link directory if it doesn't exists yet,[],CMake,4,214,214
27034,sofa-framework/sofapython3,https://github.com/sofa-framework/sofapython3/blob/52a265bb996012142fdaca085c0c089878ae1084/CMakeLists.txt#L244,# Reset PYTHON_* vars,[],CMake,0,244,244
27034,sofa-framework/sofapython3,https://github.com/sofa-framework/sofapython3/blob/52a265bb996012142fdaca085c0c089878ae1084/Plugin/CMakeLists.txt#L62,# Sized deallocaion is not enabled by default under clang after c++14,[],CMake,4,62,62
27034,sofa-framework/sofapython3,https://github.com/sofa-framework/sofapython3/blob/52a265bb996012142fdaca085c0c089878ae1084/Plugin/CMakeLists.txt#L72,# https://github.com/boostorg/system/issues/32,[],CMake,4,72,72
27034,sofa-framework/sofapython3,https://github.com/sofa-framework/sofapython3/blob/52a265bb996012142fdaca085c0c089878ae1084/bindings/CMakeLists.txt#L8,# This will set rpaths relative to SP3 plugin library,[],CMake,0,8,8
27034,sofa-framework/sofapython3,https://github.com/sofa-framework/sofapython3/blob/52a265bb996012142fdaca085c0c089878ae1084/bindings/CMakeLists.txt#L46,"#if (SP3_COMPILED_AS_SOFA_SUBPROJECT)
#    ## Python configuration file (build tree), the lib in the source dir (easier while developping .py files)
#    file(WRITE ""${CMAKE_BINARY_DIR}/etc/sofa/python.d/plugin.SofaPython3.bindings"" ""${CMAKE_BINARY_DIR}/${SP3_PYTHON_PACKAGES_DIRECTORY}\n"")",[],CMake,0,46,48
27034,sofa-framework/sofapython3,https://github.com/sofa-framework/sofapython3/blob/52a265bb996012142fdaca085c0c089878ae1084/bindings/CMakeLists.txt#L50,"#    ## Python configuration file (install tree)
#    file(WRITE ""${CMAKE_CURRENT_BINARY_DIR}/installed-bindings-config""
#            ""${CMAKE_INSTALL_PREFIX}/${SP3_PYTHON_PACKAGES_DIRECTORY}\n"")",[],CMake,0,50,52
27034,sofa-framework/sofapython3,https://github.com/sofa-framework/sofapython3/blob/52a265bb996012142fdaca085c0c089878ae1084/bindings/CMakeLists.txt#L55,"#    install(FILES ""${CMAKE_CURRENT_BINARY_DIR}/installed-bindings-config""
#            DESTINATION ""etc/sofa/python.d""
#            RENAME ""plugin.SofaPython3.bindings"")
#endif()",[],CMake,0,55,58
27034,sofa-framework/sofapython3,https://github.com/sofa-framework/sofapython3/blob/52a265bb996012142fdaca085c0c089878ae1084/bindings/Modules/tests/CMakeLists.txt#L24,# This will set rpaths relative to all SOFA core AND relocatable dependencies,[],CMake,0,24,24
27034,sofa-framework/sofapython3,https://github.com/sofa-framework/sofapython3/blob/52a265bb996012142fdaca085c0c089878ae1084/bindings/Modules/tests/CMakeLists.txt#L38,# MSVC,[],CMake,24,38,38
27034,sofa-framework/sofapython3,https://github.com/sofa-framework/sofapython3/blob/52a265bb996012142fdaca085c0c089878ae1084/bindings/Sofa/src/SofaPython3/Sofa/Core/CMakeLists.txt#L83,# for Binding_ContactListener,[],CMake,65,83,83
27034,sofa-framework/sofapython3,https://github.com/sofa-framework/sofapython3/blob/52a265bb996012142fdaca085c0c089878ae1084/bindings/Sofa/src/SofaPython3/Sofa/Core/CMakeLists.txt#L84,# for Binding_BaseCamera,[],CMake,45,84,84
27034,sofa-framework/sofapython3,https://github.com/sofa-framework/sofapython3/blob/52a265bb996012142fdaca085c0c089878ae1084/bindings/Sofa/tests/CMakeLists.txt#L43,# This will set rpaths relative to all SOFA core AND relocatable dependencies,[],CMake,0,43,43
27034,sofa-framework/sofapython3,https://github.com/sofa-framework/sofapython3/blob/52a265bb996012142fdaca085c0c089878ae1084/bindings/Sofa/tests/CMakeLists.txt#L60,# MSVC,[],CMake,24,60,60
27034,sofa-framework/sofapython3,https://github.com/sofa-framework/sofapython3/blob/52a265bb996012142fdaca085c0c089878ae1084/bindings/SofaRuntime/tests/CMakeLists.txt#L19,# This will set rpaths relative to all SOFA core AND relocatable dependencies,[],CMake,0,19,19
27034,sofa-framework/sofapython3,https://github.com/sofa-framework/sofapython3/blob/52a265bb996012142fdaca085c0c089878ae1084/bindings/SofaTypes/tests/CMakeLists.txt#L19,# This will set rpaths relative to all SOFA core AND relocatable dependencies,[],CMake,0,19,19
27034,sofa-framework/sofapython3,https://github.com/sofa-framework/sofapython3/blob/52a265bb996012142fdaca085c0c089878ae1084/CMake/SofaPython3Tools.cmake#L3,"# - Recursively configure files inside a directory. Takes the same argument as configure_file, but here the input
#   parameter is a path to a directory.",[],CMake,0,3,4
27034,sofa-framework/sofapython3,https://github.com/sofa-framework/sofapython3/blob/52a265bb996012142fdaca085c0c089878ae1084/CMake/SofaPython3Tools.cmake#L17,"# - Get the path to the Python's user site packages directory (for example, $HOME/.local/lib/pythonX.Y/site-packages
# PYTHON_USER_SITE - (output) The path to Python's site packages directory, or FALSE if not found",[],CMake,0,17,18
27034,sofa-framework/sofapython3,https://github.com/sofa-framework/sofapython3/blob/52a265bb996012142fdaca085c0c089878ae1084/CMake/SofaPython3Tools.cmake#L30,# Create the user-site if it does not yet exists,[],CMake,8,30,30
27034,sofa-framework/sofapython3,https://github.com/sofa-framework/sofapython3/blob/52a265bb996012142fdaca085c0c089878ae1084/CMake/SofaPython3Tools.cmake#L37,"# - Create a python package by copying the source directory to the destination directory. Every files within the
#   source directory will be configured with the current cmake variables available (see CMake configure_file documentation)
#
# SP3_add_python_package(PACKAGE_NAME SOURCE_DIRECTORY TARGET_DIRECTORY)
#  SOURCE_DIRECTORY   - (input) the source path of the directory to be configured and copied to the target directory.
#  TARGET_DIRECTORY   - (input) the target path of the directory that will contain the configured files.
#                               Files will be at LIBRARY_OUTPUT_DIRECTORY/SP3_PYTHON_PACKAGES_DIRECTORY/TARGET_DIRECTORY.",[],CMake,0,37,43
27034,sofa-framework/sofapython3,https://github.com/sofa-framework/sofapython3/blob/52a265bb996012142fdaca085c0c089878ae1084/CMake/SofaPython3Tools.cmake#L70,"# - Create a target for a python module binding code with pybind11 support.
#
# SP3_add_python_module(TARGET MODULE_NAME DESTINATION SOURCES PYTHON_VERSION DEPENDS QUIET)
#  TARGET             - (input) The name of the generated target. Only used when cpp files are included in the sources.
#  PACKAGE            - (input) The name of the cmake package that will contain this target. Note that the package must
#                               be created later on during the cmake configure stage using the macro sofa_create_package(),
#                               or be manually created using cmake's install command with ""Targets"" as suffix, e.g.:
#                               install(EXPORT ${PACKAGE}Targets).
#  MODULE             - (input) The name of the module. This is the name that will be used in python to do the actual
#                               import of the python module containing the bindings, i.e. ""from MODULE import *"".
#  DESTINATION        - (input) The output directory that will contain the compiled module.
#                               For the build tree, it will be ${CMAKE_LIBRARY_OUTPUT_DIRECTORY}/${SP3_PYTHON_PACKAGES_BUILD_DIRECTORY}/${DESTINATION}.
#                               For the install tree, it will be ${CMAKE_LIBRARY_OUTPUT_DIRECTORY}/${SP3_PYTHON_PACKAGES_INSTALL_DIRECTORY}/${DESTINATION}.
#  SOURCES            - (input) list of source files that will be compiled with pybind11 support.
#  HEADERS            - (input) list of header files that will be installed after the build.
#  DEPENDS            - (input) set of target the generated target will depends on.
#  QUIET              - (input) if set, not information messages will be printed out.",[],CMake,0,70,86
27034,sofa-framework/sofapython3,https://github.com/sofa-framework/sofapython3/blob/52a265bb996012142fdaca085c0c089878ae1084/CMake/SofaPython3Tools.cmake#L96,"# Fetch the current path relative to /bindings/*/src
# Must test if the result is nested into the CMAKE_CURRENT_SOURCE_DIR (case where src exists outside the plugin directory)",[],CMake,4,96,97
27034,sofa-framework/sofapython3,https://github.com/sofa-framework/sofapython3/blob/52a265bb996012142fdaca085c0c089878ae1084/CMake/SofaPython3Tools.cmake#L122,"# We are doing manually what's usually done with pybind11_add_module(${A_TARGET} SHARED ""${A_SOURCES}"")
# since we got some problems on MacOS using recent versions of pybind11 where the SHARED argument wasn't taken
# into account",[],CMake,4,122,124
27034,sofa-framework/sofapython3,https://github.com/sofa-framework/sofapython3/blob/52a265bb996012142fdaca085c0c089878ae1084/CMake/SofaPython3Tools.cmake#L141,# Equivalent to pybind11_extension(${A_TARGET}) which doesn't exists on pybind11 versions < 5,[],CMake,8,141,141
27034,sofa-framework/sofapython3,https://github.com/sofa-framework/sofapython3/blob/52a265bb996012142fdaca085c0c089878ae1084/CMake/SofaPython3Tools.cmake#L145,"# Equivalent to pybind11_strip(${A_TARGET}) which doesn't exists on pybind11 versions < 5
# Strip unnecessary sections of the binary on Linux/macOS",[],CMake,12,145,146
27034,sofa-framework/sofapython3,https://github.com/sofa-framework/sofapython3/blob/52a265bb996012142fdaca085c0c089878ae1084/CMake/SofaPython3Tools.cmake#L172,# Clang or AppleCLang,[],CMake,52,172,172
27034,sofa-framework/sofapython3,https://github.com/sofa-framework/sofapython3/blob/52a265bb996012142fdaca085c0c089878ae1084/CMake/SofaPython3Tools.cmake#L192,"# Compute the installation RPATHs from the target's SP3 dependencies since they are not installed in a same directory
# and are not automatically added from the cmake option INSTALL_RPATH_USE_LINK_PATH.
# 1. Get all dependencies that are
#    (a) a target in this project, and
#    (b) built in  CMAKE_LIBRARY_OUTPUT_DIRECTORY
# 2. Here we are sure that the dependency is a SP3 target and not an imported target from an external dependency.
#    We compute its path relative to this target output file
#    Ex: ${CMAKE_LIBRARY_OUTPUT_DIRECTORY}/site-packages/Sofa  --> $ORIGIN/../Sofa
# 3. Add the relative path computed in 2 to the list of RPATHS",[],CMake,4,192,200
27034,sofa-framework/sofapython3,https://github.com/sofa-framework/sofapython3/blob/52a265bb996012142fdaca085c0c089878ae1084/CMake/SofaPython3Tools.cmake#L203,"# Get the relative path from this binding module to the install lib directory
# For example, for lib/python3/site-packages/Sofa/Core.***.so, the relative path will be
# ""../../..""",[],CMake,4,203,205
27034,sofa-framework/sofapython3,https://github.com/sofa-framework/sofapython3/blob/52a265bb996012142fdaca085c0c089878ae1084/CMake/SofaPython3Tools.cmake#L207,# prettify this path,[],CMake,67,207,207
27034,sofa-framework/sofapython3,https://github.com/sofa-framework/sofapython3/blob/52a265bb996012142fdaca085c0c089878ae1084/CMake/SofaPython3Tools.cmake#L209,# RPATH needed to find dependencies in <SofaPython3_install_dir>/lib,[],CMake,4,209,209
27034,sofa-framework/sofapython3,https://github.com/sofa-framework/sofapython3/blob/52a265bb996012142fdaca085c0c089878ae1084/CMake/SofaPython3Tools.cmake#L217,# RPATH needed to find dependencies in <SOFA_install_dir>/lib,[],CMake,4,217,217
27034,sofa-framework/sofapython3,https://github.com/sofa-framework/sofapython3/blob/52a265bb996012142fdaca085c0c089878ae1084/CMake/SofaPython3Tools.cmake#L226,"# In MacOS, the target dependency name is RPATH/site-packages/PackageName, so we need to add
# an RPATH to the directory that contains ""site-packages""",[],CMake,8,226,227
27034,sofa-framework/sofapython3,https://github.com/sofa-framework/sofapython3/blob/52a265bb996012142fdaca085c0c089878ae1084/CMake/SofaPython3Tools.cmake#L236,# RPATH needed to find dependencies in <SofaPython3_install_dir>/lib/python3/site-packages,[],CMake,4,236,236
27034,sofa-framework/sofapython3,https://github.com/sofa-framework/sofapython3/blob/52a265bb996012142fdaca085c0c089878ae1084/CMake/SofaPython3Tools.cmake#L246,# if dependency is also a python module,[],CMake,8,246,246
27034,sofa-framework/sofapython3,https://github.com/sofa-framework/sofapython3/blob/52a265bb996012142fdaca085c0c089878ae1084/CMake/SofaPython3Tools.cmake#L249,# prettify this path,[],CMake,89,249,249
27034,sofa-framework/sofapython3,https://github.com/sofa-framework/sofapython3/blob/52a265bb996012142fdaca085c0c089878ae1084/CMake/SofaPython3Tools.cmake#L264,"# Compute the installation RPATHs from the target's SOFA relocatable dependencies
# 1. First, compute the relative path from the current target towards the ""plugins"" relocatable directory of SOFA
# 2. Append to the previous computed path the RELOCATABLE_INSTALL_DIR target property of the dependency since the
#    latter is formulated with respect to the ""plugins"" relocatable (e.g. ""plugins/SofaBoundaryConditions/lib"")",[],CMake,4,264,267
27034,sofa-framework/sofapython3,https://github.com/sofa-framework/sofapython3/blob/52a265bb996012142fdaca085c0c089878ae1084/CMake/SofaPython3Tools.cmake#L278,"# Here, we assume that the SP3 plugin will be installed in the SOFA plugins directory (i.e. $SOFA_ROOT/plugins)
# Hence, we need to compute the relative path from this plugins directory to the current binding
# modules, for example, plugins/SofaPython3/lib/python3/site-packages/Sofa/Core.***.so
# will become ""../../../../../.."" (three levels upper than the previous computed relative path)",[],CMake,12,278,281
27034,sofa-framework/sofapython3,https://github.com/sofa-framework/sofapython3/blob/52a265bb996012142fdaca085c0c089878ae1084/CMake/SofaPython3Tools.cmake#L283,"# Alright, now we have the path from the current target towards the ""plugins"" relocatable directory of SOFA
# We can compute the relative path from the current target towards the dependency relocatable path.",[],CMake,12,283,284
27034,sofa-framework/sofapython3,https://github.com/sofa-framework/sofapython3/blob/52a265bb996012142fdaca085c0c089878ae1084/CMake/SofaPython3Tools.cmake#L298,"# This option only works for target that are not defined by the SP3 project
# see https://stackoverflow.com/a/30400628 for details",[],CMake,12,298,299
27034,sofa-framework/sofapython3,https://github.com/sofa-framework/sofapython3/blob/52a265bb996012142fdaca085c0c089878ae1084/CMake/SofaPython3Tools.cmake#L302,# This will set the remaining RPATHs from our Bindings targets dependencies (install/lib/site-packages/*),[],CMake,12,302,302
27034,sofa-framework/sofapython3,https://github.com/sofa-framework/sofapython3/blob/52a265bb996012142fdaca085c0c089878ae1084/CMake/SofaPython3Tools.cmake#L305,# Don't use the installation RPATH for built files,[],CMake,12,305,305
27034,sofa-framework/sofapython3,https://github.com/sofa-framework/sofapython3/blob/52a265bb996012142fdaca085c0c089878ae1084/CMake/SofaPython3Tools.cmake#L321,# https://cmake.org/cmake/help/latest/prop_tgt/LIBRARY_OUTPUT_DIRECTORY_CONFIG.html#prop_tgt:LIBRARY_OUTPUT_DIRECTORY_<CONFIG>,[],CMake,16,321,321
