repoIndex,repoName,linkLocation,comment,keywords,buildSysteminFile,charPosition,startLine,endLine
27592,yaclib/yaclib,https://github.com/yaclib/yaclib/blob/86f6c5520849e284cfa54dfed263525fa0bcd233/CMakeLists.txt#L10,# Include guards,[],CMake,0,10,10
27592,yaclib/yaclib,https://github.com/yaclib/yaclib/blob/86f6c5520849e284cfa54dfed263525fa0bcd233/CMakeLists.txt#L29,# Create static library,[],CMake,22,29,29
27592,yaclib/yaclib,https://github.com/yaclib/yaclib/blob/86f6c5520849e284cfa54dfed263525fa0bcd233/src/CMakeLists.txt#L56,# for config.hpp,[],CMake,38,56,56
27592,yaclib/yaclib,https://github.com/yaclib/yaclib/blob/86f6c5520849e284cfa54dfed263525fa0bcd233/src/fault/CMakeLists.txt#L49,# chrono,[],CMake,4,49,49
27592,yaclib/yaclib,https://github.com/yaclib/yaclib/blob/86f6c5520849e284cfa54dfed263525fa0bcd233/src/fault/CMakeLists.txt#L52,# mutexes,[],CMake,4,52,52
27592,yaclib/yaclib,https://github.com/yaclib/yaclib/blob/86f6c5520849e284cfa54dfed263525fa0bcd233/src/fault/CMakeLists.txt#L59,# condition,[],CMake,4,59,59
27592,yaclib/yaclib,https://github.com/yaclib/yaclib/blob/86f6c5520849e284cfa54dfed263525fa0bcd233/src/fault/CMakeLists.txt#L62,# atomic,[],CMake,4,62,62
27592,yaclib/yaclib,https://github.com/yaclib/yaclib/blob/86f6c5520849e284cfa54dfed263525fa0bcd233/src/fault/CMakeLists.txt#L67,# fiber,[],CMake,4,67,67
27592,yaclib/yaclib,https://github.com/yaclib/yaclib/blob/86f6c5520849e284cfa54dfed263525fa0bcd233/src/fault/CMakeLists.txt#L81,# chrono,[],CMake,4,81,81
27592,yaclib/yaclib,https://github.com/yaclib/yaclib/blob/86f6c5520849e284cfa54dfed263525fa0bcd233/src/fault/CMakeLists.txt#L84,# thread,[],CMake,4,84,84
27592,yaclib/yaclib,https://github.com/yaclib/yaclib/blob/86f6c5520849e284cfa54dfed263525fa0bcd233/src/fault/CMakeLists.txt#L87,# mutex,[],CMake,4,87,87
27592,yaclib/yaclib,https://github.com/yaclib/yaclib/blob/86f6c5520849e284cfa54dfed263525fa0bcd233/src/fault/CMakeLists.txt#L92,# condition,[],CMake,4,92,92
27592,yaclib/yaclib,https://github.com/yaclib/yaclib/blob/86f6c5520849e284cfa54dfed263525fa0bcd233/src/fault/CMakeLists.txt#L95,# fibers,[],CMake,4,95,95
27592,yaclib/yaclib,https://github.com/yaclib/yaclib/blob/86f6c5520849e284cfa54dfed263525fa0bcd233/test/CMakeLists.txt#L17,# May be enabled later,[],CMake,45,17,17
27592,yaclib/yaclib,https://github.com/yaclib/yaclib/blob/86f6c5520849e284cfa54dfed263525fa0bcd233/test/CMakeLists.txt#L18,# For Windows: Prevent overriding the parent project's compiler/linker settings,[],CMake,2,18,18
27592,yaclib/yaclib,https://github.com/yaclib/yaclib/blob/86f6c5520849e284cfa54dfed263525fa0bcd233/cmake/yaclib_asan.cmake#L18,# -fsanitize=pointer-subtract,[],CMake,6,18,18
27592,yaclib/yaclib,https://github.com/yaclib/yaclib/blob/86f6c5520849e284cfa54dfed263525fa0bcd233/cmake/yaclib_asan.cmake#L23,"# -fsanitize=pointer-compare,pointer-subtract",[],CMake,6,23,23
27592,yaclib/yaclib,https://github.com/yaclib/yaclib/blob/86f6c5520849e284cfa54dfed263525fa0bcd233/cmake/yaclib_flags.cmake#L33,# Nicer stack trace and recover,[],CMake,2,33,33
27592,yaclib/yaclib,https://github.com/yaclib/yaclib/blob/86f6c5520849e284cfa54dfed263525fa0bcd233/cmake/yaclib_flags.cmake#L51,"#[[
if (DISABLE_FUTEX IN_LIST YACLIB_FLAGS)
  set(YACLIB_FUTEX 0)
elseif (DISABLE_UNSAFE_FUTEX IN_LIST YACLIB_FLAGS OR YACLIB_FAULT STREQUAL ""FIBER"")
  # Our fiber fault injection atomic rely on `*this` in `notify_one`
  set(YACLIB_FUTEX 1)
else ()
  # It's safe if we need only address for notify
  set(YACLIB_FUTEX 2)
endif ()
]]",[],CMake,0,51,61
27592,yaclib/yaclib,https://github.com/yaclib/yaclib/blob/86f6c5520849e284cfa54dfed263525fa0bcd233/cmake/yaclib_memsan.cmake#L1,# Memory Sanitizer doesn't work without compile stdlib with it,[],CMake,0,1,1
27592,yaclib/yaclib,https://github.com/yaclib/yaclib/blob/86f6c5520849e284cfa54dfed263525fa0bcd233/cmake/yaclib_warn_lib.cmake#L5,# copy constructor was implicitly defined as deleted,[],CMake,12,5,5
27592,yaclib/yaclib,https://github.com/yaclib/yaclib/blob/86f6c5520849e284cfa54dfed263525fa0bcd233/cmake/yaclib_warn_lib.cmake#L6,# assignment operator was implicitly defined as deleted,[],CMake,12,6,6
27592,yaclib/yaclib,https://github.com/yaclib/yaclib/blob/86f6c5520849e284cfa54dfed263525fa0bcd233/cmake/yaclib_warn_lib.cmake#L7,# move constructor was implicitly defined as deleted,[],CMake,12,7,7
27592,yaclib/yaclib,https://github.com/yaclib/yaclib/blob/86f6c5520849e284cfa54dfed263525fa0bcd233/cmake/yaclib_warn_lib.cmake#L8,# move assignment operator was implicitly defined as deleted,[],CMake,12,8,8
27592,yaclib/yaclib,https://github.com/yaclib/yaclib/blob/86f6c5520849e284cfa54dfed263525fa0bcd233/cmake/yaclib_warn_lib.cmake#L20,# Needed for some hacks that speed up compilation,[],CMake,33,20,20
27592,yaclib/yaclib,https://github.com/yaclib/yaclib/blob/86f6c5520849e284cfa54dfed263525fa0bcd233/cmake/yaclib_warn_test.cmake#L14,# Needed for some hacks that speed up compilation,[],CMake,33,14,14
27592,yaclib/yaclib,https://github.com/yaclib/yaclib/blob/86f6c5520849e284cfa54dfed263525fa0bcd233/cmake/yaclib_warn_test.cmake#L26,# For gtest,[],CMake,17,26,26
