repoIndex,repoName,linkLocation,comment,keywords,buildSysteminFile,charPosition,startLine,endLine
28111,ei-corebioinformatics/portcullis,https://github.com/ei-corebioinformatics/portcullis/blob/3adf757e3f90ef4a931025906fa82d7aabd53fba/Makefile.am#L2,# Tells aclocal to put 'aclocal.m4' into the 'm4' directory,[],Autotool,0,2,2
28111,ei-corebioinformatics/portcullis,https://github.com/ei-corebioinformatics/portcullis/blob/3adf757e3f90ef4a931025906fa82d7aabd53fba/Makefile.am#L5,# Blank man target (used in doc),[],Autotool,0,5,5
28111,ei-corebioinformatics/portcullis,https://github.com/ei-corebioinformatics/portcullis/blob/3adf757e3f90ef4a931025906fa82d7aabd53fba/Makefile.am#L10,# ADDITIONAL FILES TO INSTALL,[],Autotool,0,10,10
28111,ei-corebioinformatics/portcullis,https://github.com/ei-corebioinformatics/portcullis/blob/3adf757e3f90ef4a931025906fa82d7aabd53fba/Makefile.am#L17,# FILES NOT TO INSTALL,[],Autotool,0,17,17
28111,ei-corebioinformatics/portcullis,https://github.com/ei-corebioinformatics/portcullis/blob/3adf757e3f90ef4a931025906fa82d7aabd53fba/Makefile.am#L20,# Config files,[],Autotool,0,20,20
28111,ei-corebioinformatics/portcullis,https://github.com/ei-corebioinformatics/portcullis/blob/3adf757e3f90ef4a931025906fa82d7aabd53fba/Makefile.am#L51,# SRC DIRS,[],Autotool,0,51,51
28111,ei-corebioinformatics/portcullis,https://github.com/ei-corebioinformatics/portcullis/blob/3adf757e3f90ef4a931025906fa82d7aabd53fba/deps/htslib-1.3/Makefile.am#L9,# Create portcullis library,[],Autotool,0,9,9
28111,ei-corebioinformatics/portcullis,https://github.com/ei-corebioinformatics/portcullis/blob/3adf757e3f90ef4a931025906fa82d7aabd53fba/deps/ranger-0.3.8/Makefile.am#L2,# Tells aclocal to put 'aclocal.m4' into the 'm4' directory,[],Autotool,0,2,2
28111,ei-corebioinformatics/portcullis,https://github.com/ei-corebioinformatics/portcullis/blob/3adf757e3f90ef4a931025906fa82d7aabd53fba/deps/ranger-0.3.8/Makefile.am#L8,# Create portcullis library,[],Autotool,0,8,8
28111,ei-corebioinformatics/portcullis,https://github.com/ei-corebioinformatics/portcullis/blob/3adf757e3f90ef4a931025906fa82d7aabd53fba/deps/ranger-0.3.8/Makefile.am#L11,# Library inputs,[],Autotool,0,11,11
28111,ei-corebioinformatics/portcullis,https://github.com/ei-corebioinformatics/portcullis/blob/3adf757e3f90ef4a931025906fa82d7aabd53fba/lib/Makefile.am#L6,# Create portcullis library,[],Autotool,0,6,6
28111,ei-corebioinformatics/portcullis,https://github.com/ei-corebioinformatics/portcullis/blob/3adf757e3f90ef4a931025906fa82d7aabd53fba/lib/Makefile.am#L9,# Library inputs,[],Autotool,0,9,9
28111,ei-corebioinformatics/portcullis,https://github.com/ei-corebioinformatics/portcullis/blob/3adf757e3f90ef4a931025906fa82d7aabd53fba/src/Makefile.am#L3,# Create portculis binary,[],Autotool,0,3,3
28111,ei-corebioinformatics/portcullis,https://github.com/ei-corebioinformatics/portcullis/blob/3adf757e3f90ef4a931025906fa82d7aabd53fba/doc/Makefile.in#L1,"# Makefile for Sphinx documentation
#",[],Autotool,0,1,2
28111,ei-corebioinformatics/portcullis,https://github.com/ei-corebioinformatics/portcullis/blob/3adf757e3f90ef4a931025906fa82d7aabd53fba/doc/Makefile.in#L4,# You can set these variables from the command line.,[],Autotool,0,4,4
28111,ei-corebioinformatics/portcullis,https://github.com/ei-corebioinformatics/portcullis/blob/3adf757e3f90ef4a931025906fa82d7aabd53fba/doc/Makefile.in#L12,# Set autoconf variables,[],Autotool,0,12,12
28111,ei-corebioinformatics/portcullis,https://github.com/ei-corebioinformatics/portcullis/blob/3adf757e3f90ef4a931025906fa82d7aabd53fba/doc/Makefile.in#L26,"# User-friendly check for sphinx-build
#if test $(shell which $(SPHINXBUILD) >/dev/null 2>&1; echo $$?) = 1; then
#$(error The '$(SPHINXBUILD)' command was not found. Make sure you have Sphinx installed, then set the SPHINXBUILD environment variable to point to the full path of the '$(SPHINXBUILD)' executable. Alternatively you can add the directory with the executable to your PATH. If you don't have Sphinx installed, grab it from http://sphinx-doc.org/)
#fi",[],Autotool,0,26,29
28111,ei-corebioinformatics/portcullis,https://github.com/ei-corebioinformatics/portcullis/blob/3adf757e3f90ef4a931025906fa82d7aabd53fba/doc/Makefile.in#L31,# Internal variables.,[],Autotool,0,31,31
28111,ei-corebioinformatics/portcullis,https://github.com/ei-corebioinformatics/portcullis/blob/3adf757e3f90ef4a931025906fa82d7aabd53fba/doc/Makefile.in#L35,# the i18n builder cannot share the environment and doctrees with the others,[],Autotool,0,35,35
28111,ei-corebioinformatics/portcullis,https://github.com/ei-corebioinformatics/portcullis/blob/3adf757e3f90ef4a931025906fa82d7aabd53fba/doc/Makefile.in#L213,# Automake targets that we'll ignore,[],Autotool,0,213,213
28111,ei-corebioinformatics/portcullis,https://github.com/ei-corebioinformatics/portcullis/blob/3adf757e3f90ef4a931025906fa82d7aabd53fba/doc/Makefile.in#L218,# Automake targets that we'll use (that aren't already described),[],Autotool,0,218,218
28111,ei-corebioinformatics/portcullis,https://github.com/ei-corebioinformatics/portcullis/blob/3adf757e3f90ef4a931025906fa82d7aabd53fba/doc/Makefile.in#L221,# Hook in conventional make targets for building docs,[],Autotool,0,221,221
28111,ei-corebioinformatics/portcullis,https://github.com/ei-corebioinformatics/portcullis/blob/3adf757e3f90ef4a931025906fa82d7aabd53fba/doc/Makefile.in#L224,# Redirect pdf to latexpdf,[],Autotool,0,224,224
28111,ei-corebioinformatics/portcullis,https://github.com/ei-corebioinformatics/portcullis/blob/3adf757e3f90ef4a931025906fa82d7aabd53fba/doc/Makefile.in#L227,# Redirect all cleaning targets to clean,[],Autotool,0,227,227
28111,ei-corebioinformatics/portcullis,https://github.com/ei-corebioinformatics/portcullis/blob/3adf757e3f90ef4a931025906fa82d7aabd53fba/doc/Makefile.in#L232,# Install and uninstall overrides,[],Autotool,0,232,232
28111,ei-corebioinformatics/portcullis,https://github.com/ei-corebioinformatics/portcullis/blob/3adf757e3f90ef4a931025906fa82d7aabd53fba/doc/Makefile.in#L237,# Fail on error,[],Autotool,0,237,237
28111,ei-corebioinformatics/portcullis,https://github.com/ei-corebioinformatics/portcullis/blob/3adf757e3f90ef4a931025906fa82d7aabd53fba/doc/Makefile.in#L241,# Skip any errors here... we don't require the PDF to be generated,[],Autotool,0,241,241
28111,ei-corebioinformatics/portcullis,https://github.com/ei-corebioinformatics/portcullis/blob/3adf757e3f90ef4a931025906fa82d7aabd53fba/doc/Makefile.in#L248,"# Make sure all installation directories (e.g. $(bindir))
# actually exist by making them if necessary.",[],Autotool,0,248,249
28111,ei-corebioinformatics/portcullis,https://github.com/ei-corebioinformatics/portcullis/blob/3adf757e3f90ef4a931025906fa82d7aabd53fba/configure.ac#L1,"##########################################################################
# Setup
##########################################################################",[],Autotool,0,1,3
28111,ei-corebioinformatics/portcullis,https://github.com/ei-corebioinformatics/portcullis/blob/3adf757e3f90ef4a931025906fa82d7aabd53fba/configure.ac#L5,# Autoconf setup,[],Autotool,0,5,5
28111,ei-corebioinformatics/portcullis,https://github.com/ei-corebioinformatics/portcullis/blob/3adf757e3f90ef4a931025906fa82d7aabd53fba/configure.ac#L25,# Ensure there's C++11 support,[],Autotool,0,25,25
28111,ei-corebioinformatics/portcullis,https://github.com/ei-corebioinformatics/portcullis/blob/3adf757e3f90ef4a931025906fa82d7aabd53fba/configure.ac#L30,# Automake setup,[],Autotool,0,30,30
28111,ei-corebioinformatics/portcullis,https://github.com/ei-corebioinformatics/portcullis/blob/3adf757e3f90ef4a931025906fa82d7aabd53fba/configure.ac#L36,# Libtool setup,[],Autotool,0,36,36
28111,ei-corebioinformatics/portcullis,https://github.com/ei-corebioinformatics/portcullis/blob/3adf757e3f90ef4a931025906fa82d7aabd53fba/configure.ac#L39,# Detect OS,[],Autotool,0,39,39
28111,ei-corebioinformatics/portcullis,https://github.com/ei-corebioinformatics/portcullis/blob/3adf757e3f90ef4a931025906fa82d7aabd53fba/configure.ac#L48,"######################################################################
# Dependency checks
######################################################################",[],Autotool,0,48,50
28111,ei-corebioinformatics/portcullis,https://github.com/ei-corebioinformatics/portcullis/blob/3adf757e3f90ef4a931025906fa82d7aabd53fba/configure.ac#L52,"# Check some (almost) standard functionality is present that we require
#AC_CHECK_HEADER_STDBOOL",[],Autotool,0,52,53
28111,ei-corebioinformatics/portcullis,https://github.com/ei-corebioinformatics/portcullis/blob/3adf757e3f90ef4a931025906fa82d7aabd53fba/configure.ac#L75,# Save libs (restore as and when needed),[],Autotool,0,75,75
28111,ei-corebioinformatics/portcullis,https://github.com/ei-corebioinformatics/portcullis/blob/3adf757e3f90ef4a931025906fa82d7aabd53fba/configure.ac#L78,# Required for HTS lib,[],Autotool,0,78,78
28111,ei-corebioinformatics/portcullis,https://github.com/ei-corebioinformatics/portcullis/blob/3adf757e3f90ef4a931025906fa82d7aabd53fba/configure.ac#L87,# Required for Boost.  Doesn't exist on Mac,[],Autotool,0,87,87
28111,ei-corebioinformatics/portcullis,https://github.com/ei-corebioinformatics/portcullis/blob/3adf757e3f90ef4a931025906fa82d7aabd53fba/configure.ac#L96,"# Check pthreads, zlib exist and are available",[],Autotool,0,96,96
28111,ei-corebioinformatics/portcullis,https://github.com/ei-corebioinformatics/portcullis/blob/3adf757e3f90ef4a931025906fa82d7aabd53fba/configure.ac#L104,# Boost,[],Autotool,0,104,104
28111,ei-corebioinformatics/portcullis,https://github.com/ei-corebioinformatics/portcullis/blob/3adf757e3f90ef4a931025906fa82d7aabd53fba/configure.ac#L111,# Check for samtools (reqired),[],Autotool,0,111,111
28111,ei-corebioinformatics/portcullis,https://github.com/ei-corebioinformatics/portcullis/blob/3adf757e3f90ef4a931025906fa82d7aabd53fba/configure.ac#L129,# Check for required python libraries,[],Autotool,0,129,129
28111,ei-corebioinformatics/portcullis,https://github.com/ei-corebioinformatics/portcullis/blob/3adf757e3f90ef4a931025906fa82d7aabd53fba/configure.ac#L131,"#AX_PYTHON_MODULE(matplotlib, [AC_MSG_ERROR([matplotlib not found])], ${pybin})
#AX_PYTHON_MODULE(scipy, [AC_MSG_ERROR([scipy not found])], ${pybin})
#AX_PYTHON_MODULE(sphinx, [AC_MSG_ERROR([sphinx not found])], ${pybin})
#AX_PYTHON_MODULE(sklearn, [AC_MSG_ERROR([sklearn not found])], ${pybin})",[],Autotool,0,131,134
28111,ei-corebioinformatics/portcullis,https://github.com/ei-corebioinformatics/portcullis/blob/3adf757e3f90ef4a931025906fa82d7aabd53fba/configure.ac#L146,"# This logic is a bit messy and probably OTT but it seems to work.
# Basically if the user provides a prefix then we want to install the python libraries there,
# if not the install the the python site packages location determined by whatever python3 instance
# was found on the PATH.  So not necessarily at the default installation site: /usr/local/...",[],Autotool,0,146,149
28111,ei-corebioinformatics/portcullis,https://github.com/ei-corebioinformatics/portcullis/blob/3adf757e3f90ef4a931025906fa82d7aabd53fba/configure.ac#L165,# Check for sphinx executable to build documentation,[],Autotool,0,165,165
28111,ei-corebioinformatics/portcullis,https://github.com/ei-corebioinformatics/portcullis/blob/3adf757e3f90ef4a931025906fa82d7aabd53fba/configure.ac#L168,#Now check if the version is correct,[],Autotool,4,168,168
28111,ei-corebioinformatics/portcullis,https://github.com/ei-corebioinformatics/portcullis/blob/3adf757e3f90ef4a931025906fa82d7aabd53fba/configure.ac#L173,#sphinx_major_version},[],Autotool,17,173,173
28111,ei-corebioinformatics/portcullis,https://github.com/ei-corebioinformatics/portcullis/blob/3adf757e3f90ef4a931025906fa82d7aabd53fba/configure.ac#L174,#sphinx_minor_version},[],Autotool,17,174,174
28111,ei-corebioinformatics/portcullis,https://github.com/ei-corebioinformatics/portcullis/blob/3adf757e3f90ef4a931025906fa82d7aabd53fba/deps/htslib-1.3/configure.ac#L1,"# Configure script for htslib, a C library for high-throughput sequencing data.
#
#    Copyright (C) 2015 Genome Research Ltd.
#
#    Author: John Marshall <jm18@sanger.ac.uk>
#
# Permission is hereby granted, free of charge, to any person obtaining a copy
# of this software and associated documentation files (the ""Software""), to deal
# in the Software without restriction, including without limitation the rights
# to use, copy, modify, merge, publish, distribute, sublicense, and/or sell
# copies of the Software, and to permit persons to whom the Software is
# furnished to do so, subject to the following conditions:
#
# The above copyright notice and this permission notice shall be included in
# all copies or substantial portions of the Software.
#
# THE SOFTWARE IS PROVIDED ""AS IS"", WITHOUT WARRANTY OF ANY KIND, EXPRESS OR
# IMPLIED, INCLUDING BUT NOT LIMITED TO THE WARRANTIES OF MERCHANTABILITY,
# FITNESS FOR A PARTICULAR PURPOSE AND NONINFRINGEMENT. IN NO EVENT SHALL
# THE AUTHORS OR COPYRIGHT HOLDERS BE LIABLE FOR ANY CLAIM, DAMAGES OR OTHER
# LIABILITY, WHETHER IN AN ACTION OF CONTRACT, TORT OR OTHERWISE, ARISING
# FROM, OUT OF OR IN CONNECTION WITH THE SOFTWARE OR THE USE OR OTHER
# DEALINGS IN THE SOFTWARE.",[],Autotool,0,1,23
28111,ei-corebioinformatics/portcullis,https://github.com/ei-corebioinformatics/portcullis/blob/3adf757e3f90ef4a931025906fa82d7aabd53fba/deps/htslib-1.3/configure.ac#L25,# Autoconf initialisation,[],Autotool,0,25,25
28111,ei-corebioinformatics/portcullis,https://github.com/ei-corebioinformatics/portcullis/blob/3adf757e3f90ef4a931025906fa82d7aabd53fba/deps/htslib-1.3/configure.ac#L40,# Automake initialisation.,[],Autotool,0,40,40
28111,ei-corebioinformatics/portcullis,https://github.com/ei-corebioinformatics/portcullis/blob/3adf757e3f90ef4a931025906fa82d7aabd53fba/deps/ranger-0.3.8/configure.ac#L1,"##########################################################################
# Setup
##########################################################################",[],Autotool,0,1,3
28111,ei-corebioinformatics/portcullis,https://github.com/ei-corebioinformatics/portcullis/blob/3adf757e3f90ef4a931025906fa82d7aabd53fba/deps/ranger-0.3.8/configure.ac#L5,# Autoconf setup,[],Autotool,0,5,5
28111,ei-corebioinformatics/portcullis,https://github.com/ei-corebioinformatics/portcullis/blob/3adf757e3f90ef4a931025906fa82d7aabd53fba/deps/ranger-0.3.8/configure.ac#L18,# Ensure there's C++11 support,[],Autotool,0,18,18
28111,ei-corebioinformatics/portcullis,https://github.com/ei-corebioinformatics/portcullis/blob/3adf757e3f90ef4a931025906fa82d7aabd53fba/deps/ranger-0.3.8/configure.ac#L21,# Automake setup,[],Autotool,0,21,21
28111,ei-corebioinformatics/portcullis,https://github.com/ei-corebioinformatics/portcullis/blob/3adf757e3f90ef4a931025906fa82d7aabd53fba/deps/ranger-0.3.8/configure.ac#L27,# Libtool setup,[],Autotool,0,27,27
28111,ei-corebioinformatics/portcullis,https://github.com/ei-corebioinformatics/portcullis/blob/3adf757e3f90ef4a931025906fa82d7aabd53fba/deps/ranger-0.3.8/configure.ac#L30,"######################################################################
# Dependency checks
######################################################################",[],Autotool,0,30,32
28111,ei-corebioinformatics/portcullis,https://github.com/ei-corebioinformatics/portcullis/blob/3adf757e3f90ef4a931025906fa82d7aabd53fba/deps/ranger-0.3.8/configure.ac#L34,"# Check some (almost) standard functionality is present that we require
#AC_CHECK_HEADER_STDBOOL",[],Autotool,0,34,35
28111,ei-corebioinformatics/portcullis,https://github.com/ei-corebioinformatics/portcullis/blob/3adf757e3f90ef4a931025906fa82d7aabd53fba/deps/ranger-0.3.8/configure.ac#L56,#########,[],Autotool,0,56,56
