repoIndex,repoName,linkLocation,comment,keywords,buildSysteminFile,charPosition,startLine,endLine
28113,scanberg/viamd,https://github.com/scanberg/viamd/blob/63ba73795d31ad89ee0e280883c3efa03005a71e/CMakeLists.txt#L9,# GLOBAL OPTIONS,[],CMake,0,9,9
28113,scanberg/viamd,https://github.com/scanberg/viamd/blob/63ba73795d31ad89ee0e280883c3efa03005a71e/CMakeLists.txt#L13,# VIAMD OPTIONS,[],CMake,0,13,13
28113,scanberg/viamd,https://github.com/scanberg/viamd/blob/63ba73795d31ad89ee0e280883c3efa03005a71e/CMakeLists.txt#L18,# GLFW OPTIONS,[],CMake,0,18,18
28113,scanberg/viamd,https://github.com/scanberg/viamd/blob/63ba73795d31ad89ee0e280883c3efa03005a71e/CMakeLists.txt#L25,# ENKI OPTIONS,[],CMake,0,25,25
28113,scanberg/viamd,https://github.com/scanberg/viamd/blob/63ba73795d31ad89ee0e280883c3efa03005a71e/CMakeLists.txt#L86,# We just hijack the warning and compile flags from mdlib,[],CMake,0,86,86
28113,scanberg/viamd,https://github.com/scanberg/viamd/blob/63ba73795d31ad89ee0e280883c3efa03005a71e/ext/ImGuiColorTextEdit/CMakeLists.txt#L1,### IMGUI COLOR TEXT EDITOR ###,[],CMake,0,1,1
28113,scanberg/viamd,https://github.com/scanberg/viamd/blob/63ba73795d31ad89ee0e280883c3efa03005a71e/ext/atomic_queue/CMakeLists.txt#L1,"### Atomic Queue, Fixed ring buffer queue for multithreaded programming ###
#project(atomic_queue LANGUAGES CXX)",[],CMake,0,1,2
28113,scanberg/viamd,https://github.com/scanberg/viamd/blob/63ba73795d31ad89ee0e280883c3efa03005a71e/ext/gl3w/CMakeLists.txt#L1,### GL3W ###,[],CMake,0,1,1
28113,scanberg/viamd,https://github.com/scanberg/viamd/blob/63ba73795d31ad89ee0e280883c3efa03005a71e/ext/gl3w/CMakeLists.txt#L4,#include_directories(${CMAKE_CURRENT_SOURCE_DIR}),[],CMake,0,4,4
28113,scanberg/viamd,https://github.com/scanberg/viamd/blob/63ba73795d31ad89ee0e280883c3efa03005a71e/ext/imgui/CMakeLists.txt#L1,### IMGUI ###,[],CMake,0,1,1
28113,scanberg/viamd,https://github.com/scanberg/viamd/blob/63ba73795d31ad89ee0e280883c3efa03005a71e/ext/implot/CMakeLists.txt#L1,### IMGUI PLOTTING LIBRARY ###,[],CMake,0,1,1
28113,scanberg/viamd,https://github.com/scanberg/viamd/blob/63ba73795d31ad89ee0e280883c3efa03005a71e/ext/nativefiledialog/CMakeLists.txt#L1,### NATIVEFILEDIALOG ###,[],CMake,0,1,1
28113,scanberg/viamd,https://github.com/scanberg/viamd/blob/63ba73795d31ad89ee0e280883c3efa03005a71e/ext/nativefiledialog/CMakeLists.txt#L17,"#include(cmake/FindGTK3.cmake)
#find_package(GTK3 REQUIRED gtk)",[],CMake,8,17,18
28113,scanberg/viamd,https://github.com/scanberg/viamd/blob/63ba73795d31ad89ee0e280883c3efa03005a71e/ext/nativefiledialog/CMakeLists.txt#L21,"#PKG_CHECK_MODULES(GTK REQUIRED gtk+-3.0)
#pkg_check_modules(GTK REQUIRED gtk+-3.0)",[],CMake,8,21,22
28113,scanberg/viamd,https://github.com/scanberg/viamd/blob/63ba73795d31ad89ee0e280883c3efa03005a71e/ext/nativefiledialog/CMakeLists.txt#L42,#windows,[],CMake,7,42,42
28113,scanberg/viamd,https://github.com/scanberg/viamd/blob/63ba73795d31ad89ee0e280883c3efa03005a71e/ext/stb/CMakeLists.txt#L1,### stb ###,[],CMake,0,1,1
28113,scanberg/viamd,https://github.com/scanberg/viamd/blob/63ba73795d31ad89ee0e280883c3efa03005a71e/ext/nativefiledialog/cmake/FindGTK3.cmake#L1,"# - FindGTK3.cmake
# This module can find the GTK3 widget libraries and several of its other
# optional components like gtkmm, glade, and glademm.
#
# NOTE: If you intend to use version checking, CMake 2.6.2 or later is
#       required.
#
# Specify one or more of the following components
# as you call this find module. See example below.
#
#   gtk
#   gtkmm
#   glade
#   glademm
#
# The following variables will be defined for your use
#
#   GTK3_FOUND - Were all of your specified components found?
#   GTK3_INCLUDE_DIRS - All include directories
#   GTK3_LIBRARIES - All libraries
#
#   GTK3_VERSION - The version of GTK3 found (x.y.z)
#   GTK3_MAJOR_VERSION - The major version of GTK3
#   GTK3_MINOR_VERSION - The minor version of GTK3
#   GTK3_PATCH_VERSION - The patch version of GTK3
#
# Optional variables you can define prior to calling this module:
#
#   GTK3_DEBUG - Enables verbose debugging of the module
#   GTK3_SKIP_MARK_AS_ADVANCED - Disable marking cache variables as advanced
#   GTK3_ADDITIONAL_SUFFIXES - Allows defining additional directories to
#                              search for include files
#
#=================
# Example Usage:
#
#   Call find_package() once, here are some examples to pick from:
#
#   Require GTK 3.0 or later
#       find_package(GTK3 3.0 REQUIRED gtk)
#
#   if(GTK3_FOUND)
#      include_directories(${GTK3_INCLUDE_DIRS})
#      add_executable(mygui mygui.cc)
#      target_link_libraries(mygui ${GTK3_LIBRARIES})
#   endif()
#",[],CMake,0,1,47
28113,scanberg/viamd,https://github.com/scanberg/viamd/blob/63ba73795d31ad89ee0e280883c3efa03005a71e/ext/nativefiledialog/cmake/FindGTK3.cmake#L49,"#=============================================================================
# Copyright 2009 Kitware, Inc.
# Copyright 2008-2009 Philip Lowman <philip@yhbt.com>
#
# Distributed under the OSI-approved BSD License (the ""License"");
# see accompanying file Copyright.txt for details.
#
# This software is distributed WITHOUT ANY WARRANTY; without even the
# implied warranty of MERCHANTABILITY or FITNESS FOR A PARTICULAR PURPOSE.
# See the License for more information.
#=============================================================================
# (To distribute this file outside of CMake, substitute the full
#  License text for the above reference.)",[],CMake,0,49,61
28113,scanberg/viamd,https://github.com/scanberg/viamd/blob/63ba73795d31ad89ee0e280883c3efa03005a71e/ext/nativefiledialog/cmake/FindGTK3.cmake#L64,"# Version 0.1 (5/13/2011)
#   * First cut at a GTK3 version (Heavily derived from
#     FindGTK2.cmake)",[],CMake,0,64,66
28113,scanberg/viamd,https://github.com/scanberg/viamd/blob/63ba73795d31ad89ee0e280883c3efa03005a71e/ext/nativefiledialog/cmake/FindGTK3.cmake#L69,"#=============================================================
# _GTK3_GET_VERSION
# Internal function to parse the version number in gtkversion.h
#   _OUT_major = Major version number
#   _OUT_minor = Minor version number
#   _OUT_micro = Micro version number
#   _gtkversion_hdr = Header file to parse
#=============================================================",[],CMake,0,69,76
28113,scanberg/viamd,https://github.com/scanberg/viamd/blob/63ba73795d31ad89ee0e280883c3efa03005a71e/ext/nativefiledialog/cmake/FindGTK3.cmake#L102,"#=============================================================
# _GTK3_FIND_INCLUDE_DIR
# Internal function to find the GTK include directories
#   _var = variable to set
#   _hdr = header file to look for
#=============================================================",[],CMake,0,102,107
28113,scanberg/viamd,https://github.com/scanberg/viamd/blob/63ba73795d31ad89ee0e280883c3efa03005a71e/ext/nativefiledialog/cmake/FindGTK3.cmake#L116,"# If these ever change, things will break.",[],CMake,8,116,116
28113,scanberg/viamd,https://github.com/scanberg/viamd/blob/63ba73795d31ad89ee0e280883c3efa03005a71e/ext/nativefiledialog/cmake/FindGTK3.cmake#L141,# for /usr/lib/gtk-2.0/include,[],CMake,45,141,141
28113,scanberg/viamd,https://github.com/scanberg/viamd/blob/63ba73795d31ad89ee0e280883c3efa03005a71e/ext/nativefiledialog/cmake/FindGTK3.cmake#L159,# end,[],CMake,12,159,159
28113,scanberg/viamd,https://github.com/scanberg/viamd/blob/63ba73795d31ad89ee0e280883c3efa03005a71e/ext/nativefiledialog/cmake/FindGTK3.cmake#L189,"#=============================================================
# _GTK3_FIND_LIBRARY
# Internal function to find libraries packaged with GTK3
#   _var = library variable to create
#=============================================================",[],CMake,0,189,193
28113,scanberg/viamd,https://github.com/scanberg/viamd/blob/63ba73795d31ad89ee0e280883c3efa03005a71e/ext/nativefiledialog/cmake/FindGTK3.cmake#L201,"# Not GTK versions per se but the versions encoded into Windows
# import libraries (GtkMM 2.14.1 has a gtkmm-vc80-2_4.lib for example)
# Also the MSVC libraries use _ for . (this is handled below)
# ********* SOMEONE WITH WINDOWS NEEDS TO CHECK THIS BIT FOR V3 *********
# ********* the plain 3 is needed to get Debian Sid to find the libraries",[],CMake,4,201,205
28113,scanberg/viamd,https://github.com/scanberg/viamd/blob/63ba73795d31ad89ee0e280883c3efa03005a71e/ext/nativefiledialog/cmake/FindGTK3.cmake#L217,# Add vc80/vc90/vc100 midfixes,[],CMake,8,217,217
28113,scanberg/viamd,https://github.com/scanberg/viamd/blob/63ba73795d31ad89ee0e280883c3efa03005a71e/ext/nativefiledialog/cmake/FindGTK3.cmake#L259,# And for debug,[],CMake,8,259,259
28113,scanberg/viamd,https://github.com/scanberg/viamd/blob/63ba73795d31ad89ee0e280883c3efa03005a71e/ext/nativefiledialog/cmake/FindGTK3.cmake#L266,# Copy list back to original names,[],CMake,8,266,266
28113,scanberg/viamd,https://github.com/scanberg/viamd/blob/63ba73795d31ad89ee0e280883c3efa03005a71e/ext/nativefiledialog/cmake/FindGTK3.cmake#L316,# Set debug to release,[],CMake,8,316,316
28113,scanberg/viamd,https://github.com/scanberg/viamd/blob/63ba73795d31ad89ee0e280883c3efa03005a71e/ext/nativefiledialog/cmake/FindGTK3.cmake#L322,#=============================================================,[],CMake,0,322,322
28113,scanberg/viamd,https://github.com/scanberg/viamd/blob/63ba73795d31ad89ee0e280883c3efa03005a71e/ext/nativefiledialog/cmake/FindGTK3.cmake#L324,"#
# main()
#",[],CMake,0,324,326
28113,scanberg/viamd,https://github.com/scanberg/viamd/blob/63ba73795d31ad89ee0e280883c3efa03005a71e/ext/nativefiledialog/cmake/FindGTK3.cmake#L333,# Assume they only want GTK,[],CMake,4,333,333
28113,scanberg/viamd,https://github.com/scanberg/viamd/blob/63ba73795d31ad89ee0e280883c3efa03005a71e/ext/nativefiledialog/cmake/FindGTK3.cmake#L337,"#
# If specified, enforce version number
#",[],CMake,0,337,339
28113,scanberg/viamd,https://github.com/scanberg/viamd/blob/63ba73795d31ad89ee0e280883c3efa03005a71e/ext/nativefiledialog/cmake/FindGTK3.cmake#L366,"# If we can't find the GTK include dir, we can't do version checking",[],CMake,8,366,366
28113,scanberg/viamd,https://github.com/scanberg/viamd/blob/63ba73795d31ad89ee0e280883c3efa03005a71e/ext/nativefiledialog/cmake/FindGTK3.cmake#L382,"# If the version check fails, exit out of the module here",[],CMake,8,382,382
28113,scanberg/viamd,https://github.com/scanberg/viamd/blob/63ba73795d31ad89ee0e280883c3efa03005a71e/ext/nativefiledialog/cmake/FindGTK3.cmake#L387,"#
# Find all components
#",[],CMake,0,387,389
28113,scanberg/viamd,https://github.com/scanberg/viamd/blob/63ba73795d31ad89ee0e280883c3efa03005a71e/ext/nativefiledialog/cmake/FindGTK3.cmake#L411,"# ********* At least on Debian the gdk & gtk libraries
# ********* don't have the -x11 suffix.",[],CMake,1,411,412
28113,scanberg/viamd,https://github.com/scanberg/viamd/blob/63ba73795d31ad89ee0e280883c3efa03005a71e/ext/nativefiledialog/cmake/FindGTK3.cmake#L483,"#
# Solve for the GTK3 version if we haven't already
#",[],CMake,0,483,485
28113,scanberg/viamd,https://github.com/scanberg/viamd/blob/63ba73795d31ad89ee0e280883c3efa03005a71e/ext/nativefiledialog/cmake/FindGTK3.cmake#L494,"#
# Try to enforce components
#",[],CMake,0,494,496
28113,scanberg/viamd,https://github.com/scanberg/viamd/blob/63ba73795d31ad89ee0e280883c3efa03005a71e/ext/nativefiledialog/cmake/FindGTK3.cmake#L498,# This gets set to GTK3_FOUND,[],CMake,40,498,498
28113,scanberg/viamd,https://github.com/scanberg/viamd/blob/63ba73795d31ad89ee0e280883c3efa03005a71e/ext/nativefiledialog/cmake/FindGTK3.cmake#L501,#include(${CMAKE_CURRENT_LIST_DIR}/FindPackageHandleStandardArgs.cmake),[],CMake,0,501,501
28113,scanberg/viamd,https://github.com/scanberg/viamd/blob/63ba73795d31ad89ee0e280883c3efa03005a71e/ext/nativefiledialog/cmake/FindGTK3.cmake#L554,# Unset our variables.,[],CMake,4,554,554
28113,scanberg/viamd,https://github.com/scanberg/viamd/blob/63ba73795d31ad89ee0e280883c3efa03005a71e/ext/nativefiledialog/cmake/old_FindGTK3.cmake#L1,"# - Try to find GTK+ 3
# Once done, this will define
#
#  GTK3_FOUND - system has GTK+ 3.
#  GTK3_INCLUDE_DIRS - the GTK+ 3. include directories
#  GTK3_LIBRARIES - link these to use GTK+ 3.
#  GTK3_SUPPORTS_GESTURES - GTK+ supports gestures (GTK+ >= 3.14)
#  GTK3_SUPPORTS_QUARTZ - GTK+ supports Quartz backend
#  GTK3_SUPPORTS_X11 - GTK+ supports X11 backend
#  GTK3_SUPPORTS_WAYLAND - GTK+ supports Wayland backend
#
# Copyright (C) 2012 Raphael Kubo da Costa <rakuco@webkit.org>
# Copyright (C) 2013, 2015 Igalia S.L.
#
# Redistribution and use in source and binary forms, with or without
# modification, are permitted provided that the following conditions
# are met:
# 1.  Redistributions of source code must retain the above copyright
#     notice, this list of conditions and the following disclaimer.
# 2.  Redistributions in binary form must reproduce the above copyright
#     notice, this list of conditions and the following disclaimer in the
#     documentation and/or other materials provided with the distribution.
#
# THIS SOFTWARE IS PROVIDED BY THE COPYRIGHT HOLDER AND ITS CONTRIBUTORS ``AS
# IS'' AND ANY EXPRESS OR IMPLIED WARRANTIES, INCLUDING, BUT NOT LIMITED TO,
# THE IMPLIED WARRANTIES OF MERCHANTABILITY AND FITNESS FOR A PARTICULAR
# PURPOSE ARE DISCLAIMED. IN NO EVENT SHALL THE COPYRIGHT HOLDER OR ITS
# CONTRIBUTORS BE LIABLE FOR ANY DIRECT, INDIRECT, INCIDENTAL, SPECIAL,
# EXEMPLARY, OR CONSEQUENTIAL DAMAGES (INCLUDING, BUT NOT LIMITED TO,
# PROCUREMENT OF SUBSTITUTE GOODS OR SERVICES; LOSS OF USE, DATA, OR PROFITS;
# OR BUSINESS INTERRUPTION) HOWEVER CAUSED AND ON ANY THEORY OF LIABILITY,
# WHETHER IN CONTRACT, STRICT LIABILITY, OR TORT (INCLUDING NEGLIGENCE OR
# OTHERWISE) ARISING IN ANY WAY OUT OF THE USE OF THIS SOFTWARE, EVEN IF
# ADVISED OF THE POSSIBILITY OF SUCH DAMAGE.",[],CMake,0,1,34
