repoIndex,repoName,linkLocation,comment,keywords,buildSysteminFile,charPosition,startLine,endLine
28460,lcompilers/lpython,https://github.com/lcompilers/lpython/blob/31c98e4770ca2d2e61e6d50a4ec61b5d09b18b39/src/libasr/config.h.in#L4,/* Define if you want to enable ASSERT testing in LFortran */,[],Autotool,0,4,4
28460,lcompilers/lpython,https://github.com/lcompilers/lpython/blob/31c98e4770ca2d2e61e6d50a4ec61b5d09b18b39/src/libasr/config.h.in#L7,/* LFortran version */,[],Autotool,0,7,7
28460,lcompilers/lpython,https://github.com/lcompilers/lpython/blob/31c98e4770ca2d2e61e6d50a4ec61b5d09b18b39/src/libasr/config.h.in#L10,/* Define if LLVM is enabled */,[],Autotool,0,10,10
28460,lcompilers/lpython,https://github.com/lcompilers/lpython/blob/31c98e4770ca2d2e61e6d50a4ec61b5d09b18b39/src/libasr/config.h.in#L13,/* Define if RAPIDJSON is found */,[],Autotool,0,13,13
28460,lcompilers/lpython,https://github.com/lcompilers/lpython/blob/31c98e4770ca2d2e61e6d50a4ec61b5d09b18b39/src/libasr/config.h.in#L16,/* Define if stacktrace is enabled */,[],Autotool,0,16,16
28460,lcompilers/lpython,https://github.com/lcompilers/lpython/blob/31c98e4770ca2d2e61e6d50a4ec61b5d09b18b39/src/libasr/config.h.in#L24,/* Define if cxxabi.h is present */,[],Autotool,0,24,24
28460,lcompilers/lpython,https://github.com/lcompilers/lpython/blob/31c98e4770ca2d2e61e6d50a4ec61b5d09b18b39/src/libasr/config.h.in#L27,/* Define if XEUS is enabled */,[],Autotool,0,27,27
28460,lcompilers/lpython,https://github.com/lcompilers/lpython/blob/31c98e4770ca2d2e61e6d50a4ec61b5d09b18b39/src/libasr/config.h.in#L30,/* Define if we should use binary modfiles */,[],Autotool,0,30,30
28460,lcompilers/lpython,https://github.com/lcompilers/lpython/blob/31c98e4770ca2d2e61e6d50a4ec61b5d09b18b39/CMakeLists.txt#L5,# We don't execute this if we have a tarball,[],CMake,0,5,5
28460,lcompilers/lpython,https://github.com/lcompilers/lpython/blob/31c98e4770ca2d2e61e6d50a4ec61b5d09b18b39/CMakeLists.txt#L35,# For CMAKE_INSTALL_BINDIR:,[],CMake,0,35,35
28460,lcompilers/lpython,https://github.com/lcompilers/lpython/blob/31c98e4770ca2d2e61e6d50a4ec61b5d09b18b39/CMakeLists.txt#L39,"# Build a CPack driven installer package
#
# To build a binary package:
#
# cpack
#",[],CMake,0,39,44
28460,lcompilers/lpython,https://github.com/lcompilers/lpython/blob/31c98e4770ca2d2e61e6d50a4ec61b5d09b18b39/CMakeLists.txt#L50,# So that CPACK_PACKAGE_FILE_NAME prints the correct value below,[],CMake,0,50,50
28460,lcompilers/lpython,https://github.com/lcompilers/lpython/blob/31c98e4770ca2d2e61e6d50a4ec61b5d09b18b39/CMakeLists.txt#L62,# In Debug mode we enable assertions,[],CMake,4,62,62
28460,lcompilers/lpython,https://github.com/lcompilers/lpython/blob/31c98e4770ca2d2e61e6d50a4ec61b5d09b18b39/CMakeLists.txt#L69,# LFORTRAN_ASSERT,[],CMake,0,69,69
28460,lcompilers/lpython,https://github.com/lcompilers/lpython/blob/31c98e4770ca2d2e61e6d50a4ec61b5d09b18b39/CMakeLists.txt#L73,# LPYTHON_STATIC_BIN,[],CMake,0,73,73
28460,lcompilers/lpython,https://github.com/lcompilers/lpython/blob/31c98e4770ca2d2e61e6d50a4ec61b5d09b18b39/CMakeLists.txt#L76,# WITH_LFORTRAN_BINARY_MODFILES,[],CMake,0,76,76
28460,lcompilers/lpython,https://github.com/lcompilers/lpython/blob/31c98e4770ca2d2e61e6d50a4ec61b5d09b18b39/CMakeLists.txt#L92,# Build to wasm,[],CMake,0,92,92
28460,lcompilers/lpython,https://github.com/lcompilers/lpython/blob/31c98e4770ca2d2e61e6d50a4ec61b5d09b18b39/CMakeLists.txt#L110,"# Find ZLIB with our custom finder before including LLVM since the finder for LLVM
# might search for ZLIB again and find the shared libraries instead of the static ones",[],CMake,4,110,111
28460,lcompilers/lpython,https://github.com/lcompilers/lpython/blob/31c98e4770ca2d2e61e6d50a4ec61b5d09b18b39/CMakeLists.txt#L115,# LLVM,[],CMake,0,115,115
28460,lcompilers/lpython,https://github.com/lcompilers/lpython/blob/31c98e4770ca2d2e61e6d50a4ec61b5d09b18b39/CMakeLists.txt#L125,# Always enable the native target,[],CMake,4,125,125
28460,lcompilers/lpython,https://github.com/lcompilers/lpython/blob/31c98e4770ca2d2e61e6d50a4ec61b5d09b18b39/CMakeLists.txt#L158,"#set_property(TARGET p::llvm PROPERTY INTERFACE_COMPILE_DEFINITIONS
#    ${LLVM_DEFINITIONS})
#set_property(TARGET p::llvm PROPERTY INTERFACE_COMPILE_OPTIONS
#    ${LLVM_DEFINITIONS})",[],CMake,4,158,161
28460,lcompilers/lpython,https://github.com/lcompilers/lpython/blob/31c98e4770ca2d2e61e6d50a4ec61b5d09b18b39/CMakeLists.txt#L167,"# LLVM on Windows appends zlib shared library and we must provide
# a path to find it:",[],CMake,8,167,168
28460,lcompilers/lpython,https://github.com/lcompilers/lpython/blob/31c98e4770ca2d2e61e6d50a4ec61b5d09b18b39/CMakeLists.txt#L176,# XEUS (Fortran kernel),[],CMake,0,176,176
28460,lcompilers/lpython,https://github.com/lcompilers/lpython/blob/31c98e4770ca2d2e61e6d50a4ec61b5d09b18b39/CMakeLists.txt#L182,# Generate kernel.json with correct paths,[],CMake,4,182,182
28460,lcompilers/lpython,https://github.com/lcompilers/lpython/blob/31c98e4770ca2d2e61e6d50a4ec61b5d09b18b39/CMakeLists.txt#L188,# Configuration and data directories for Jupyter and LFortran,[],CMake,4,188,188
28460,lcompilers/lpython,https://github.com/lcompilers/lpython/blob/31c98e4770ca2d2e61e6d50a4ec61b5d09b18b39/CMakeLists.txt#L191,# Install Jupyter kernelspecs,[],CMake,4,191,191
28460,lcompilers/lpython,https://github.com/lcompilers/lpython/blob/31c98e4770ca2d2e61e6d50a4ec61b5d09b18b39/CMakeLists.txt#L198,# JSON OR LSP (`conda install rapidjson`),[],CMake,0,198,198
28460,lcompilers/lpython,https://github.com/lcompilers/lpython/blob/31c98e4770ca2d2e61e6d50a4ec61b5d09b18b39/CMakeLists.txt#L210,# MSVC doesn't have cxxabi.h,[],CMake,4,210,210
28460,lcompilers/lpython,https://github.com/lcompilers/lpython/blob/31c98e4770ca2d2e61e6d50a4ec61b5d09b18b39/CMakeLists.txt#L214,# fmt (`conda install fmt`),[],CMake,0,214,214
28460,lcompilers/lpython,https://github.com/lcompilers/lpython/blob/31c98e4770ca2d2e61e6d50a4ec61b5d09b18b39/CMakeLists.txt#L220,# Stacktrace,[],CMake,0,220,220
28460,lcompilers/lpython,https://github.com/lcompilers/lpython/blob/31c98e4770ca2d2e61e6d50a4ec61b5d09b18b39/integration_tests/CMakeLists.txt#L92,# CPython test,[],CMake,12,92,92
28460,lcompilers/lpython,https://github.com/lcompilers/lpython/blob/31c98e4770ca2d2e61e6d50a4ec61b5d09b18b39/integration_tests/CMakeLists.txt#L111,# wasm test,[],CMake,12,111,111
28460,lcompilers/lpython,https://github.com/lcompilers/lpython/blob/31c98e4770ca2d2e61e6d50a4ec61b5d09b18b39/integration_tests/CMakeLists.txt#L138,# Test zero and non-zero exit code and assert statements,[],CMake,0,138,138
28460,lcompilers/lpython,https://github.com/lcompilers/lpython/blob/31c98e4770ca2d2e61e6d50a4ec61b5d09b18b39/integration_tests/CMakeLists.txt#L152,# Test all four backends,[],CMake,0,152,152
28460,lcompilers/lpython,https://github.com/lcompilers/lpython/blob/31c98e4770ca2d2e61e6d50a4ec61b5d09b18b39/integration_tests/CMakeLists.txt#L153,# wasm not yet supports sep and end keywords,[],CMake,57,153,153
28460,lcompilers/lpython,https://github.com/lcompilers/lpython/blob/31c98e4770ca2d2e61e6d50a4ec61b5d09b18b39/integration_tests/CMakeLists.txt#L155,# CPython and LLVM,[],CMake,0,155,155
28460,lcompilers/lpython,https://github.com/lcompilers/lpython/blob/31c98e4770ca2d2e61e6d50a4ec61b5d09b18b39/src/bin/CMakeLists.txt#L6,# Link statically on Linux with gcc or clang,[],CMake,8,6,6
28460,lcompilers/lpython,https://github.com/lcompilers/lpython/blob/31c98e4770ca2d2e61e6d50a4ec61b5d09b18b39/src/bin/CMakeLists.txt#L19,"# On macOS we have to call dsymutil to create the dSYM bundle so that the
# stacktrace can find debugging information corresponding to the lpython
# binary",[],CMake,4,19,21
28460,lcompilers/lpython,https://github.com/lcompilers/lpython/blob/31c98e4770ca2d2e61e6d50a4ec61b5d09b18b39/src/bin/CMakeLists.txt#L42,"# Ensure ""Release"" is not appended to the path on Windows:
# https://stackoverflow.com/a/56201564/479532",[],CMake,0,42,43
28460,lcompilers/lpython,https://github.com/lcompilers/lpython/blob/31c98e4770ca2d2e61e6d50a4ec61b5d09b18b39/src/bin/CMakeLists.txt#L51,"# set(WASM_LINK_FLAGS
#     ""-g0"" # Store no debugging information in the generated wasm file. This helps reduce generated file size
#     ""-Oz"" # Optimize for size. With this code size ~ 2.4mb. Without this code size ~49mb
#     ""-fexceptions"" # Enable Cpp exception support
#     ""--no-entry"" # No start function to execute
#     ""-s ASSERTIONS"" # Compile with Assertions which (as per docs) are helpful to debug compilation process
#     ""-s ALLOW_MEMORY_GROWTH"" # Allow dynamic memory growth upto the maximum page size limit
#     ""-s WASM_BIGINT"" # Allow use of i64 integers. ASR is needing this option to be enabled.
#     ""-s EXPORTED_RUNTIME_METHODS=['cwrap']"" # Export cwarp. cwarp helps us to call our EMSCRIPTEN_KEEPALIVE functions
# )",[],CMake,4,51,60
28460,lcompilers/lpython,https://github.com/lcompilers/lpython/blob/31c98e4770ca2d2e61e6d50a4ec61b5d09b18b39/src/bin/CMakeLists.txt#L62,"# Some extra flags below that we may need in future. But these may/might increase the code size
# ""--preload-file ./asset_dir""
# ""-s SAFE_HEAP=1""
# ""-s \""EXPORTED_RUNTIME_METHODS=['ccall']\""""
# ""-s EXPORTED_FUNCTIONS=\""['_free', '_malloc']\""""",[],CMake,4,62,66
28460,lcompilers/lpython,https://github.com/lcompilers/lpython/blob/31c98e4770ca2d2e61e6d50a4ec61b5d09b18b39/src/bin/CMakeLists.txt#L68,"# Notes:
# STANDALONE_WASM is disabling support for exceptions, so it is currently omitted
# In build_to_wasm.sh, we need CMAKE_CXX_FLAGS_DEBUG=""-Wall -Wextra -fexceptions"" flags for exception support",[],CMake,4,68,70
28460,lcompilers/lpython,https://github.com/lcompilers/lpython/blob/31c98e4770ca2d2e61e6d50a4ec61b5d09b18b39/src/libasr/CMakeLists.txt#L71,"# We use deprecated API in LLVM, so we disable the warning until we upgrade",[],CMake,4,71,71
28460,lcompilers/lpython,https://github.com/lcompilers/lpython/blob/31c98e4770ca2d2e61e6d50a4ec61b5d09b18b39/src/lpython/CMakeLists.txt#L21,#        fortran_kernel.cpp,[],CMake,0,21,21
28460,lcompilers/lpython,https://github.com/lcompilers/lpython/blob/31c98e4770ca2d2e61e6d50a4ec61b5d09b18b39/src/lpython/CMakeLists.txt#L48,"#install(TARGETS lpython_lib
#    RUNTIME DESTINATION bin
#    ARCHIVE DESTINATION lib
#    LIBRARY DESTINATION lib
#)",[],CMake,0,48,52
28460,lcompilers/lpython,https://github.com/lcompilers/lpython/blob/31c98e4770ca2d2e61e6d50a4ec61b5d09b18b39/src/lpython/tests/CMakeLists.txt#L32,"# Add one main test suite for LPython, composed of many individual cpp files:",[],CMake,0,32,32
28460,lcompilers/lpython,https://github.com/lcompilers/lpython/blob/31c98e4770ca2d2e61e6d50a4ec61b5d09b18b39/src/runtime/CMakeLists.txt#L18,# Install,[],CMake,0,18,18
28460,lcompilers/lpython,https://github.com/lcompilers/lpython/blob/31c98e4770ca2d2e61e6d50a4ec61b5d09b18b39/cmake/FindBFD.cmake#L3,"#find_library(IBERTY_LIBRARY iberty)
#find_library(Z_LIBRARY z)
#find_library(DL_LIBRARY dl)",[],CMake,0,3,5
28460,lcompilers/lpython,https://github.com/lcompilers/lpython/blob/31c98e4770ca2d2e61e6d50a4ec61b5d09b18b39/cmake/FindStaticZLIB.cmake#L1,# Backup the original value of the requested library suffixes,[],CMake,0,1,1
28460,lcompilers/lpython,https://github.com/lcompilers/lpython/blob/31c98e4770ca2d2e61e6d50a4ec61b5d09b18b39/cmake/FindStaticZLIB.cmake#L3,# Static libraries end with .a on Unix and .lib on Windows,[],CMake,0,3,3
28460,lcompilers/lpython,https://github.com/lcompilers/lpython/blob/31c98e4770ca2d2e61e6d50a4ec61b5d09b18b39/cmake/FindStaticZLIB.cmake#L6,# Now use CMake's built-in ZLIB finder,[],CMake,0,6,6
28460,lcompilers/lpython,https://github.com/lcompilers/lpython/blob/31c98e4770ca2d2e61e6d50a4ec61b5d09b18b39/cmake/FindStaticZLIB.cmake#L9,# Reset the library suffixes to the original value,[],CMake,0,9,9
28460,lcompilers/lpython,https://github.com/lcompilers/lpython/blob/31c98e4770ca2d2e61e6d50a4ec61b5d09b18b39/cmake/FindStaticZLIB.cmake#L11,# Unset the temporary to not pollute the global namespace,[],CMake,0,11,11
28460,lcompilers/lpython,https://github.com/lcompilers/lpython/blob/31c98e4770ca2d2e61e6d50a4ec61b5d09b18b39/cmake/UserOverride.cmake#L1,"# This overrides the default CMake Debug and Release compiler options.
# The user can still specify different options by setting the
# CMAKE_CXX_FLAGS_[RELEASE,DEBUG] variables (on the command line or in the
# CMakeList.txt). This files serves as better CMake defaults and should only be
# modified if the default values are to be changed. Project specific compiler
# flags should be set in the CMakeList.txt by setting the CMAKE_CXX_FLAGS_*
# variables.",[],CMake,0,1,7
28460,lcompilers/lpython,https://github.com/lcompilers/lpython/blob/31c98e4770ca2d2e61e6d50a4ec61b5d09b18b39/cmake/UserOverride.cmake#L10,# g++,[],CMake,4,10,10
28460,lcompilers/lpython,https://github.com/lcompilers/lpython/blob/31c98e4770ca2d2e61e6d50a4ec61b5d09b18b39/cmake/UserOverride.cmake#L15,# icpc,[],CMake,4,15,15
28460,lcompilers/lpython,https://github.com/lcompilers/lpython/blob/31c98e4770ca2d2e61e6d50a4ec61b5d09b18b39/cmake/UserOverride.cmake#L20,# clang,[],CMake,4,20,20
28460,lcompilers/lpython,https://github.com/lcompilers/lpython/blob/31c98e4770ca2d2e61e6d50a4ec61b5d09b18b39/cmake/UserOverride.cmake#L25,# pgcpp,[],CMake,4,25,25
