repoIndex,repoName,linkLocation,comment,keywords,buildSysteminFile,charPosition,startLine,endLine
2862,litmuschaos/test-tools,https://github.com/litmuschaos/test-tools/blob/ed7a37af219a7be609f40aa4f1c314c1f2c36af4/app_clients/mongo-client/sysbench-mongo/sysbench/Makefile.am#L1,"# Copyright (C) 2004 MySQL AB
# Copyright (C) 2004-2009 Alexey Kopytov <akopytov@gmail.com>
#
# This program is free software; you can redistribute it and/or modify
# it under the terms of the GNU General Public License as published by
# the Free Software Foundation; either version 2 of the License, or
# (at your option) any later version.
# 
# This program is distributed in the hope that it will be useful,
# but WITHOUT ANY WARRANTY; without even the implied warranty of
# MERCHANTABILITY or FITNESS FOR A PARTICULAR PURPOSE.  See the
# GNU General Public License for more details.
# 
# You should have received a copy of the GNU General Public License
# along with this program; if not, write to the Free Software
# Foundation, Inc., 51 Franklin Street, Fifth Floor, Boston, MA 02110-1301 USA",[],Autotool,0,1,16
2862,litmuschaos/test-tools,https://github.com/litmuschaos/test-tools/blob/ed7a37af219a7be609f40aa4f1c314c1f2c36af4/app_clients/mongo-client/sysbench-mongo/sysbench/doc/xsl/Makefile.am#L1,"# Copyright (C) 2008 MySQL AB
# Copyright (C) 2008 Alexey Kopytov <akopytov@gmail.com>
#
# This program is free software; you can redistribute it and/or modify
# it under the terms of the GNU General Public License as published by
# the Free Software Foundation; either version 2 of the License, or
# (at your option) any later version.
# 
# This program is distributed in the hope that it will be useful,
# but WITHOUT ANY WARRANTY; without even the implied warranty of
# MERCHANTABILITY or FITNESS FOR A PARTICULAR PURPOSE.  See the
# GNU General Public License for more details.
# 
# You should have received a copy of the GNU General Public License
# along with this program; if not, write to the Free Software
# Foundation, Inc., 51 Franklin Street, Fifth Floor, Boston, MA 02110-1301 USA",[],Autotool,0,1,16
2862,litmuschaos/test-tools,https://github.com/litmuschaos/test-tools/blob/ed7a37af219a7be609f40aa4f1c314c1f2c36af4/app_clients/mongo-client/sysbench-mongo/sysbench/sysbench/Makefile.am#L1,"# Copyright (C) 2004 MySQL AB
# Copyright (C) 2004-2014 Alexey Kopytov <akopytov@gmail.com>
# Copyright (C) 2016 Percona
#
# This program is free software; you can redistribute it and/or modify
# it under the terms of the GNU General Public License as published by
# the Free Software Foundation; either version 2 of the License, or
# (at your option) any later version.
# 
# This program is distributed in the hope that it will be useful,
# but WITHOUT ANY WARRANTY; without even the implied warranty of
# MERCHANTABILITY or FITNESS FOR A PARTICULAR PURPOSE.  See the
# GNU General Public License for more details.
# 
# You should have received a copy of the GNU General Public License
# along with this program; if not, write to the Free Software
# Foundation, Inc., 51 Franklin Street, Fifth Floor, Boston, MA 02110-1301 USA",[],Autotool,0,1,17
2862,litmuschaos/test-tools,https://github.com/litmuschaos/test-tools/blob/ed7a37af219a7be609f40aa4f1c314c1f2c36af4/app_clients/mongo-client/sysbench-mongo/sysbench/sysbench/Makefile.am#L25,# The following check will be extended as new database drivers will be added,[],Autotool,0,25,25
2862,litmuschaos/test-tools,https://github.com/litmuschaos/test-tools/blob/ed7a37af219a7be609f40aa4f1c314c1f2c36af4/app_clients/mongo-client/sysbench-mongo/sysbench/sysbench/Makefile.am#L47,#lua_ldadd = scripting/lua/src/liblua.a -lm @LIBADD_DLOPEN@,[],Autotool,0,47,47
2862,litmuschaos/test-tools,https://github.com/litmuschaos/test-tools/blob/ed7a37af219a7be609f40aa4f1c314c1f2c36af4/app_clients/mongo-client/sysbench-mongo/sysbench/sysbench/drivers/Makefile.am#L1,"# Copyright (C) 2004 MySQL AB
# Copyright (C) 2004-2014 Alexey Kopytov <akopytov@gmail.com>
#
# This program is free software; you can redistribute it and/or modify
# it under the terms of the GNU General Public License as published by
# the Free Software Foundation; either version 2 of the License, or
# (at your option) any later version.
# 
# This program is distributed in the hope that it will be useful,
# but WITHOUT ANY WARRANTY; without even the implied warranty of
# MERCHANTABILITY or FITNESS FOR A PARTICULAR PURPOSE.  See the
# GNU General Public License for more details.
# 
# You should have received a copy of the GNU General Public License
# along with this program; if not, write to the Free Software
# Foundation, Inc., 51 Franklin Street, Fifth Floor, Boston, MA 02110-1301 USA",[],Autotool,0,1,16
2862,litmuschaos/test-tools,https://github.com/litmuschaos/test-tools/blob/ed7a37af219a7be609f40aa4f1c314c1f2c36af4/app_clients/mongo-client/sysbench-mongo/sysbench/sysbench/drivers/attachsql/Makefile.am#L1,"# Copyright 2014 Hewlett-Packard Development Company, L.P.
#    based on the Drizzle driver:
#    Copyright (C) 2009 Sun Microsystems, Inc.
# 
# This program is free software; you can redistribute it and/or modify
# it under the terms of the GNU General Public License as published by
# the Free Software Foundation; either version 2 of the License, or
# (at your option) any later version.
# 
# This program is distributed in the hope that it will be useful,
# but WITHOUT ANY WARRANTY; without even the implied warranty of
# MERCHANTABILITY or FITNESS FOR A PARTICULAR PURPOSE.  See the
# GNU General Public License for more details.
# 
# You should have received a copy of the GNU General Public License
# along with this program; if not, write to the Free Software
# Foundation, Inc., 51 Franklin Street, Fifth Floor, Boston, MA 02110-1301 USA",[],Autotool,0,1,17
2862,litmuschaos/test-tools,https://github.com/litmuschaos/test-tools/blob/ed7a37af219a7be609f40aa4f1c314c1f2c36af4/app_clients/mongo-client/sysbench-mongo/sysbench/sysbench/drivers/drizzle/Makefile.am#L1,"# Copyright (C) 2009 Sun Microsystems, Inc.
#
# This program is free software; you can redistribute it and/or modify
# it under the terms of the GNU General Public License as published by
# the Free Software Foundation; either version 2 of the License, or
# (at your option) any later version.
# 
# This program is distributed in the hope that it will be useful,
# but WITHOUT ANY WARRANTY; without even the implied warranty of
# MERCHANTABILITY or FITNESS FOR A PARTICULAR PURPOSE.  See the
# GNU General Public License for more details.
# 
# You should have received a copy of the GNU General Public License
# along with this program; if not, write to the Free Software
# Foundation, Inc., 51 Franklin Street, Fifth Floor, Boston, MA 02110-1301 USA",[],Autotool,0,1,15
2862,litmuschaos/test-tools,https://github.com/litmuschaos/test-tools/blob/ed7a37af219a7be609f40aa4f1c314c1f2c36af4/app_clients/mongo-client/sysbench-mongo/sysbench/sysbench/drivers/mysql/Makefile.am#L1,"# Copyright (C) 2004 MySQL AB
# Copyright (C) 2004-2008 Alexey Kopytov <akopytov@gmail.com>
#
# This program is free software; you can redistribute it and/or modify
# it under the terms of the GNU General Public License as published by
# the Free Software Foundation; either version 2 of the License, or
# (at your option) any later version.
# 
# This program is distributed in the hope that it will be useful,
# but WITHOUT ANY WARRANTY; without even the implied warranty of
# MERCHANTABILITY or FITNESS FOR A PARTICULAR PURPOSE.  See the
# GNU General Public License for more details.
# 
# You should have received a copy of the GNU General Public License
# along with this program; if not, write to the Free Software
# Foundation, Inc., 51 Franklin Street, Fifth Floor, Boston, MA 02110-1301 USA",[],Autotool,0,1,16
2862,litmuschaos/test-tools,https://github.com/litmuschaos/test-tools/blob/ed7a37af219a7be609f40aa4f1c314c1f2c36af4/app_clients/mongo-client/sysbench-mongo/sysbench/sysbench/drivers/oracle/Makefile.am#L1,"# Copyright (C) 2005 MySQL AB
# Copyright (C) 2005-2008 Alexey Kopytov <akopytov@gmail.com>
#
# This program is free software; you can redistribute it and/or modify
# it under the terms of the GNU General Public License as published by
# the Free Software Foundation; either version 2 of the License, or
# (at your option) any later version.
# 
# This program is distributed in the hope that it will be useful,
# but WITHOUT ANY WARRANTY; without even the implied warranty of
# MERCHANTABILITY or FITNESS FOR A PARTICULAR PURPOSE.  See the
# GNU General Public License for more details.
# 
# You should have received a copy of the GNU General Public License
# along with this program; if not, write to the Free Software
# Foundation, Inc., 51 Franklin Street, Fifth Floor, Boston, MA 02110-1301 USA",[],Autotool,0,1,16
2862,litmuschaos/test-tools,https://github.com/litmuschaos/test-tools/blob/ed7a37af219a7be609f40aa4f1c314c1f2c36af4/app_clients/mongo-client/sysbench-mongo/sysbench/sysbench/drivers/pgsql/Makefile.am#L1,"# Copyright (C) 2005 MySQL AB
# Copyright (C) 2005-2015 Alexey Kopytov <akopytov@gmail.com>
#
# This program is free software; you can redistribute it and/or modify
# it under the terms of the GNU General Public License as published by
# the Free Software Foundation; either version 2 of the License, or
# (at your option) any later version.
# 
# This program is distributed in the hope that it will be useful,
# but WITHOUT ANY WARRANTY; without even the implied warranty of
# MERCHANTABILITY or FITNESS FOR A PARTICULAR PURPOSE.  See the
# GNU General Public License for more details.
# 
# You should have received a copy of the GNU General Public License
# along with this program; if not, write to the Free Software
# Foundation, Inc., 51 Franklin Street, Fifth Floor, Boston, MA 02110-1301 USA",[],Autotool,0,1,16
2862,litmuschaos/test-tools,https://github.com/litmuschaos/test-tools/blob/ed7a37af219a7be609f40aa4f1c314c1f2c36af4/app_clients/mongo-client/sysbench-mongo/sysbench/sysbench/scripting/Makefile.am#L1,"# Copyright (C) 2006 MySQL AB
# Copyright (C) 2006-2008 Alexey Kopytov <akopytov@gmail.com>
#
# This program is free software; you can redistribute it and/or modify
# it under the terms of the GNU General Public License as published by
# the Free Software Foundation; either version 2 of the License, or
# (at your option) any later version.
# 
# This program is distributed in the hope that it will be useful,
# but WITHOUT ANY WARRANTY; without even the implied warranty of
# MERCHANTABILITY or FITNESS FOR A PARTICULAR PURPOSE.  See the
# GNU General Public License for more details.
# 
# You should have received a copy of the GNU General Public License
# along with this program; if not, write to the Free Software
# Foundation, Inc., 51 Franklin Street, Fifth Floor, Boston, MA 02110-1301 USA",[],Autotool,0,1,16
2862,litmuschaos/test-tools,https://github.com/litmuschaos/test-tools/blob/ed7a37af219a7be609f40aa4f1c314c1f2c36af4/app_clients/mongo-client/sysbench-mongo/sysbench/sysbench/scripting/lua/Makefile.am#L1,"# Copyright (C) 2006 MySQL AB
# Copyright (C) 2006 Alexey Kopytov <akopytov@gmail.com>
#
# This program is free software; you can redistribute it and/or modify
# it under the terms of the GNU General Public License as published by
# the Free Software Foundation; either version 2 of the License, or
# (at your option) any later version.
# 
# This program is distributed in the hope that it will be useful,
# but WITHOUT ANY WARRANTY; without even the implied warranty of
# MERCHANTABILITY or FITNESS FOR A PARTICULAR PURPOSE.  See the
# GNU General Public License for more details.
# 
# You should have received a copy of the GNU General Public License
# along with this program; if not, write to the Free Software
# Foundation, Inc., 51 Franklin Street, Fifth Floor, Boston, MA 02110-1301 USA",[],Autotool,0,1,16
2862,litmuschaos/test-tools,https://github.com/litmuschaos/test-tools/blob/ed7a37af219a7be609f40aa4f1c314c1f2c36af4/app_clients/mongo-client/sysbench-mongo/sysbench/sysbench/scripting/lua/src/Makefile.am#L1,"# Copyright (C) 2006 MySQL AB
# Copyright (C) 2006 Alexey Kopytov <akopytov@gmail.com>
#
# This program is free software; you can redistribute it and/or modify
# it under the terms of the GNU General Public License as published by
# the Free Software Foundation; either version 2 of the License, or
# (at your option) any later version.
# 
# This program is distributed in the hope that it will be useful,
# but WITHOUT ANY WARRANTY; without even the implied warranty of
# MERCHANTABILITY or FITNESS FOR A PARTICULAR PURPOSE.  See the
# GNU General Public License for more details.
# 
# You should have received a copy of the GNU General Public License
# along with this program; if not, write to the Free Software
# Foundation, Inc., 51 Franklin Street, Fifth Floor, Boston, MA 02110-1301 USA",[],Autotool,0,1,16
2862,litmuschaos/test-tools,https://github.com/litmuschaos/test-tools/blob/ed7a37af219a7be609f40aa4f1c314c1f2c36af4/app_clients/mongo-client/sysbench-mongo/sysbench/sysbench/tests/Makefile.am#L1,"# Copyright (C) 2004 MySQL AB
# Copyright (C) 2004-2008 Alexey Kopytov <akopytov@gmail.com>
#
# This program is free software; you can redistribute it and/or modify
# it under the terms of the GNU General Public License as published by
# the Free Software Foundation; either version 2 of the License, or
# (at your option) any later version.
# 
# This program is distributed in the hope that it will be useful,
# but WITHOUT ANY WARRANTY; without even the implied warranty of
# MERCHANTABILITY or FITNESS FOR A PARTICULAR PURPOSE.  See the
# GNU General Public License for more details.
# 
# You should have received a copy of the GNU General Public License
# along with this program; if not, write to the Free Software
# Foundation, Inc., 51 Franklin Street, Fifth Floor, Boston, MA 02110-1301 USA",[],Autotool,0,1,16
2862,litmuschaos/test-tools,https://github.com/litmuschaos/test-tools/blob/ed7a37af219a7be609f40aa4f1c314c1f2c36af4/app_clients/mongo-client/sysbench-mongo/sysbench/sysbench/tests/cpu/Makefile.am#L1,"# Copyright (C) 2004 MySQL AB
# Copyright (C) 2004-2008 Alexey Kopytov <akopytov@gmail.com>
#
# This program is free software; you can redistribute it and/or modify
# it under the terms of the GNU General Public License as published by
# the Free Software Foundation; either version 2 of the License, or
# (at your option) any later version.
# 
# This program is distributed in the hope that it will be useful,
# but WITHOUT ANY WARRANTY; without even the implied warranty of
# MERCHANTABILITY or FITNESS FOR A PARTICULAR PURPOSE.  See the
# GNU General Public License for more details.
# 
# You should have received a copy of the GNU General Public License
# along with this program; if not, write to the Free Software
# Foundation, Inc., 51 Franklin Street, Fifth Floor, Boston, MA 02110-1301 USA",[],Autotool,0,1,16
2862,litmuschaos/test-tools,https://github.com/litmuschaos/test-tools/blob/ed7a37af219a7be609f40aa4f1c314c1f2c36af4/app_clients/mongo-client/sysbench-mongo/sysbench/sysbench/tests/db/Makefile.am#L1,"# Copyright (C) 2008 MySQL AB
# Copyright (C) 2008-2014 Alexey Kopytov <akopytov@gmail.com>
#
# This program is free software; you can redistribute it and/or modify
# it under the terms of the GNU General Public License as published by
# the Free Software Foundation; either version 2 of the License, or
# (at your option) any later version.
# 
# This program is distributed in the hope that it will be useful,
# but WITHOUT ANY WARRANTY; without even the implied warranty of
# MERCHANTABILITY or FITNESS FOR A PARTICULAR PURPOSE.  See the
# GNU General Public License for more details.
# 
# You should have received a copy of the GNU General Public License
# along with this program; if not, write to the Free Software
# Foundation, Inc., 51 Franklin Street, Fifth Floor, Boston, MA 02110-1301 USA",[],Autotool,0,1,16
2862,litmuschaos/test-tools,https://github.com/litmuschaos/test-tools/blob/ed7a37af219a7be609f40aa4f1c314c1f2c36af4/app_clients/mongo-client/sysbench-mongo/sysbench/sysbench/tests/fileio/Makefile.am#L1,"# Copyright (C) 2004 MySQL AB
# Copyright (C) 2004-2008 Alexey Kopytov <akopytov@gmail.com>
#
# This program is free software; you can redistribute it and/or modify
# it under the terms of the GNU General Public License as published by
# the Free Software Foundation; either version 2 of the License, or
# (at your option) any later version.
# 
# This program is distributed in the hope that it will be useful,
# but WITHOUT ANY WARRANTY; without even the implied warranty of
# MERCHANTABILITY or FITNESS FOR A PARTICULAR PURPOSE.  See the
# GNU General Public License for more details.
# 
# You should have received a copy of the GNU General Public License
# along with this program; if not, write to the Free Software
# Foundation, Inc., 51 Franklin Street, Fifth Floor, Boston, MA 02110-1301 USA",[],Autotool,0,1,16
2862,litmuschaos/test-tools,https://github.com/litmuschaos/test-tools/blob/ed7a37af219a7be609f40aa4f1c314c1f2c36af4/app_clients/mongo-client/sysbench-mongo/sysbench/sysbench/tests/memory/Makefile.am#L1,"# Copyright (C) 2004 MySQL AB
# Copyright (C) 2004-2008 Alexey Kopytov <akopytov@gmail.com>
#
# This program is free software; you can redistribute it and/or modify
# it under the terms of the GNU General Public License as published by
# the Free Software Foundation; either version 2 of the License, or
# (at your option) any later version.
# 
# This program is distributed in the hope that it will be useful,
# but WITHOUT ANY WARRANTY; without even the implied warranty of
# MERCHANTABILITY or FITNESS FOR A PARTICULAR PURPOSE.  See the
# GNU General Public License for more details.
# 
# You should have received a copy of the GNU General Public License
# along with this program; if not, write to the Free Software
# Foundation, Inc., 51 Franklin Street, Fifth Floor, Boston, MA 02110-1301 USA",[],Autotool,0,1,16
2862,litmuschaos/test-tools,https://github.com/litmuschaos/test-tools/blob/ed7a37af219a7be609f40aa4f1c314c1f2c36af4/app_clients/mongo-client/sysbench-mongo/sysbench/sysbench/tests/mutex/Makefile.am#L1,"# Copyright (C) 2004 MySQL AB
# Copyright (C) 2004-2008 Alexey Kopytov <akopytov@gmail.com>
#
# This program is free software; you can redistribute it and/or modify
# it under the terms of the GNU General Public License as published by
# the Free Software Foundation; either version 2 of the License, or
# (at your option) any later version.
# 
# This program is distributed in the hope that it will be useful,
# but WITHOUT ANY WARRANTY; without even the implied warranty of
# MERCHANTABILITY or FITNESS FOR A PARTICULAR PURPOSE.  See the
# GNU General Public License for more details.
# 
# You should have received a copy of the GNU General Public License
# along with this program; if not, write to the Free Software
# Foundation, Inc., 51 Franklin Street, Fifth Floor, Boston, MA 02110-1301 USA",[],Autotool,0,1,16
2862,litmuschaos/test-tools,https://github.com/litmuschaos/test-tools/blob/ed7a37af219a7be609f40aa4f1c314c1f2c36af4/app_clients/mongo-client/sysbench-mongo/sysbench/sysbench/tests/threads/Makefile.am#L1,"# Copyright (C) 2004 MySQL AB
# Copyright (C) 2004-2008 Alexey Kopytov <akopytov@gmail.com>
#
# This program is free software; you can redistribute it and/or modify
# it under the terms of the GNU General Public License as published by
# the Free Software Foundation; either version 2 of the License, or
# (at your option) any later version.
# 
# This program is distributed in the hope that it will be useful,
# but WITHOUT ANY WARRANTY; without even the implied warranty of
# MERCHANTABILITY or FITNESS FOR A PARTICULAR PURPOSE.  See the
# GNU General Public License for more details.
# 
# You should have received a copy of the GNU General Public License
# along with this program; if not, write to the Free Software
# Foundation, Inc., 51 Franklin Street, Fifth Floor, Boston, MA 02110-1301 USA",[],Autotool,0,1,16
2862,litmuschaos/test-tools,https://github.com/litmuschaos/test-tools/blob/ed7a37af219a7be609f40aa4f1c314c1f2c36af4/app_clients/mongo-client/sysbench-mongo/sysbench/configure.ac#L1,# Process this file with autoconf to produce a configure script.,[],Autotool,0,1,1
2862,litmuschaos/test-tools,https://github.com/litmuschaos/test-tools/blob/ed7a37af219a7be609f40aa4f1c314c1f2c36af4/app_clients/mongo-client/sysbench-mongo/sysbench/configure.ac#L6,# Setting CFLAGS here prevents AC_CANONICAL_TARGET from injecting them,[],Autotool,0,6,6
2862,litmuschaos/test-tools,https://github.com/litmuschaos/test-tools/blob/ed7a37af219a7be609f40aa4f1c314c1f2c36af4/app_clients/mongo-client/sysbench-mongo/sysbench/configure.ac#L29,"#LT_INIT([dlopen])
#LT_LIB_DLLOAD",[],Autotool,0,29,30
2862,litmuschaos/test-tools,https://github.com/litmuschaos/test-tools/blob/ed7a37af219a7be609f40aa4f1c314c1f2c36af4/app_clients/mongo-client/sysbench-mongo/sysbench/configure.ac#L48,# Checks for user arguments,[],Autotool,0,48,48
2862,litmuschaos/test-tools,https://github.com/litmuschaos/test-tools/blob/ed7a37af219a7be609f40aa4f1c314c1f2c36af4/app_clients/mongo-client/sysbench-mongo/sysbench/configure.ac#L51,# Additional linker flags,[],Autotool,0,51,51
2862,litmuschaos/test-tools,https://github.com/litmuschaos/test-tools/blob/ed7a37af219a7be609f40aa4f1c314c1f2c36af4/app_clients/mongo-client/sysbench-mongo/sysbench/configure.ac#L60,# Mac OS X requires _DARWIN_C_SOURCE for valloc(3) to be visible,[],Autotool,0,60,60
2862,litmuschaos/test-tools,https://github.com/litmuschaos/test-tools/blob/ed7a37af219a7be609f40aa4f1c314c1f2c36af4/app_clients/mongo-client/sysbench-mongo/sysbench/configure.ac#L65,"# Build optimized or debug version ?
# First check for gcc and g++",[],Autotool,0,65,66
2862,litmuschaos/test-tools,https://github.com/litmuschaos/test-tools/blob/ed7a37af219a7be609f40aa4f1c314c1f2c36af4/app_clients/mongo-client/sysbench-mongo/sysbench/configure.ac#L96,# Check if we should compile with MySQL support,[],Autotool,0,96,96
2862,litmuschaos/test-tools,https://github.com/litmuschaos/test-tools/blob/ed7a37af219a7be609f40aa4f1c314c1f2c36af4/app_clients/mongo-client/sysbench-mongo/sysbench/configure.ac#L103,# Check if we should compile with MongoDB support,[],Autotool,0,103,103
2862,litmuschaos/test-tools,https://github.com/litmuschaos/test-tools/blob/ed7a37af219a7be609f40aa4f1c314c1f2c36af4/app_clients/mongo-client/sysbench-mongo/sysbench/configure.ac#L110,# Check if we should compile with Drizzle support,[],Autotool,0,110,110
2862,litmuschaos/test-tools,https://github.com/litmuschaos/test-tools/blob/ed7a37af219a7be609f40aa4f1c314c1f2c36af4/app_clients/mongo-client/sysbench-mongo/sysbench/configure.ac#L117,# Check if we should compile with libattachsql support,[],Autotool,0,117,117
2862,litmuschaos/test-tools,https://github.com/litmuschaos/test-tools/blob/ed7a37af219a7be609f40aa4f1c314c1f2c36af4/app_clients/mongo-client/sysbench-mongo/sysbench/configure.ac#L125,# Check if we should compile with Oracle support,[],Autotool,0,125,125
2862,litmuschaos/test-tools,https://github.com/litmuschaos/test-tools/blob/ed7a37af219a7be609f40aa4f1c314c1f2c36af4/app_clients/mongo-client/sysbench-mongo/sysbench/configure.ac#L132,# Check if we should compile with PostgreSQL support,[],Autotool,0,132,132
2862,litmuschaos/test-tools,https://github.com/litmuschaos/test-tools/blob/ed7a37af219a7be609f40aa4f1c314c1f2c36af4/app_clients/mongo-client/sysbench-mongo/sysbench/configure.ac#L139,# Check if we should compile with Lua interpreter support,[],Autotool,0,139,139
2862,litmuschaos/test-tools,https://github.com/litmuschaos/test-tools/blob/ed7a37af219a7be609f40aa4f1c314c1f2c36af4/app_clients/mongo-client/sysbench-mongo/sysbench/configure.ac#L142,# Check if we should enable large files support,[],Autotool,0,142,142
2862,litmuschaos/test-tools,https://github.com/litmuschaos/test-tools/blob/ed7a37af219a7be609f40aa4f1c314c1f2c36af4/app_clients/mongo-client/sysbench-mongo/sysbench/configure.ac#L148,# For SHM_HUGETLB on Linux,[],Autotool,0,148,148
2862,litmuschaos/test-tools,https://github.com/litmuschaos/test-tools/blob/ed7a37af219a7be609f40aa4f1c314c1f2c36af4/app_clients/mongo-client/sysbench-mongo/sysbench/configure.ac#L156,#include <sys/shm.h>,[],Autotool,0,156,156
2862,litmuschaos/test-tools,https://github.com/litmuschaos/test-tools/blob/ed7a37af219a7be609f40aa4f1c314c1f2c36af4/app_clients/mongo-client/sysbench-mongo/sysbench/configure.ac#L160,# Check if we should enable Linux AIO support,[],Autotool,0,160,160
2862,litmuschaos/test-tools,https://github.com/litmuschaos/test-tools/blob/ed7a37af219a7be609f40aa4f1c314c1f2c36af4/app_clients/mongo-client/sysbench-mongo/sysbench/configure.ac#L170,#include <fcntl.h>,[],Autotool,0,170,170
2862,litmuschaos/test-tools,https://github.com/litmuschaos/test-tools/blob/ed7a37af219a7be609f40aa4f1c314c1f2c36af4/app_clients/mongo-client/sysbench-mongo/sysbench/configure.ac#L175,# Checks for programs.,[],Autotool,0,175,175
2862,litmuschaos/test-tools,https://github.com/litmuschaos/test-tools/blob/ed7a37af219a7be609f40aa4f1c314c1f2c36af4/app_clients/mongo-client/sysbench-mongo/sysbench/configure.ac#L178,# Checks for libraries.,[],Autotool,0,178,178
2862,litmuschaos/test-tools,https://github.com/litmuschaos/test-tools/blob/ed7a37af219a7be609f40aa4f1c314c1f2c36af4/app_clients/mongo-client/sysbench-mongo/sysbench/configure.ac#L199,"#include <libdrizzle/drizzle.h>],",[],Autotool,5,199,199
2862,litmuschaos/test-tools,https://github.com/litmuschaos/test-tools/blob/ed7a37af219a7be609f40aa4f1c314c1f2c36af4/app_clients/mongo-client/sysbench-mongo/sysbench/configure.ac#L213,"#include <libattachsql-1.0/attachsql.h>],",[],Autotool,5,213,213
2862,litmuschaos/test-tools,https://github.com/litmuschaos/test-tools/blob/ed7a37af219a7be609f40aa4f1c314c1f2c36af4/app_clients/mongo-client/sysbench-mongo/sysbench/configure.ac#L242,# Check for libaio,[],Autotool,0,242,242
2862,litmuschaos/test-tools,https://github.com/litmuschaos/test-tools/blob/ed7a37af219a7be609f40aa4f1c314c1f2c36af4/app_clients/mongo-client/sysbench-mongo/sysbench/configure.ac#L246,# Check for advanced memory allocation libraries ,[],Autotool,0,246,246
2862,litmuschaos/test-tools,https://github.com/litmuschaos/test-tools/blob/ed7a37af219a7be609f40aa4f1c314c1f2c36af4/app_clients/mongo-client/sysbench-mongo/sysbench/configure.ac#L251,# Checks for header files.,[],Autotool,0,251,251
2862,litmuschaos/test-tools,https://github.com/litmuschaos/test-tools/blob/ed7a37af219a7be609f40aa4f1c314c1f2c36af4/app_clients/mongo-client/sysbench-mongo/sysbench/configure.ac#L274,"# Checks for typedefs, structures, and compiler characteristics.",[],Autotool,0,274,274
2862,litmuschaos/test-tools,https://github.com/litmuschaos/test-tools/blob/ed7a37af219a7be609f40aa4f1c314c1f2c36af4/app_clients/mongo-client/sysbench-mongo/sysbench/configure.ac#L283,"# Define HAVE_FUNC_ATTRIBUTE_FORMAT if compiler supports the
# __attribute__((format...)) function attribute",[],Autotool,0,283,284
2862,litmuschaos/test-tools,https://github.com/litmuschaos/test-tools/blob/ed7a37af219a7be609f40aa4f1c314c1f2c36af4/app_clients/mongo-client/sysbench-mongo/sysbench/configure.ac#L293,# Checks for library functions.,[],Autotool,0,293,293
2862,litmuschaos/test-tools,https://github.com/litmuschaos/test-tools/blob/ed7a37af219a7be609f40aa4f1c314c1f2c36af4/app_clients/mongo-client/sysbench-mongo/sysbench/configure.ac#L301,"#define _XOPEN_SOURCE 500
#include <time.h>",[],Autotool,0,301,302
2862,litmuschaos/test-tools,https://github.com/litmuschaos/test-tools/blob/ed7a37af219a7be609f40aa4f1c314c1f2c36af4/app_clients/mongo-client/sysbench-mongo/sysbench/configure.ac#L347,# Debugging. No optimization.,[],Autotool,2,347,347
2862,litmuschaos/test-tools,https://github.com/litmuschaos/test-tools/blob/ed7a37af219a7be609f40aa4f1c314c1f2c36af4/app_clients/mongo-client/sysbench-mongo/sysbench/configure.ac#L350,# Optimized version. No debug,[],Autotool,2,350,350
2862,litmuschaos/test-tools,https://github.com/litmuschaos/test-tools/blob/ed7a37af219a7be609f40aa4f1c314c1f2c36af4/app_clients/mongo-client/sysbench-mongo/sysbench/sysbench/CMakeLists.txt#L1,"# Copyright (C) 2008 MySQL AB
# Copyright (C) 2008-2011 Alexey Kopytov <akopytov@gmail.com>
#
# This program is free software; you can redistribute it and/or modify
# it under the terms of the GNU General Public License as published by
# the Free Software Foundation; either version 2 of the License, or
# (at your option) any later version.
# 
# This program is distributed in the hope that it will be useful,
# but WITHOUT ANY WARRANTY; without even the implied warranty of
# MERCHANTABILITY or FITNESS FOR A PARTICULAR PURPOSE.  See the
# GNU General Public License for more details.
# 
# You should have received a copy of the GNU General Public License
# along with this program; if not, write to the Free Software
# Foundation, Inc., 51 Franklin Street, Fifth Floor, Boston, MA 02110-1301 USA",[],CMake,0,1,16
2862,litmuschaos/test-tools,https://github.com/litmuschaos/test-tools/blob/ed7a37af219a7be609f40aa4f1c314c1f2c36af4/app_clients/mongo-client/sysbench-mongo/sysbench/sysbench/CMakeLists.txt#L48,#  Link C runtime statically to avoid hassle with CRT dll redistribution.,[],CMake,2,48,48
2862,litmuschaos/test-tools,https://github.com/litmuschaos/test-tools/blob/ed7a37af219a7be609f40aa4f1c314c1f2c36af4/app_clients/mongo-client/sysbench-mongo/sysbench/sysbench/CMakeLists.txt#L59,"#Silence ""deprecated API"" warnings.",[],CMake,2,59,59
2862,litmuschaos/test-tools,https://github.com/litmuschaos/test-tools/blob/ed7a37af219a7be609f40aa4f1c314c1f2c36af4/app_clients/mongo-client/sysbench-mongo/sysbench/sysbench/CMakeLists.txt#L62,#Look for mysql.h  in INCLUDE paths,[],CMake,2,62,62
2862,litmuschaos/test-tools,https://github.com/litmuschaos/test-tools/blob/ed7a37af219a7be609f40aa4f1c314c1f2c36af4/app_clients/mongo-client/sysbench-mongo/sysbench/sysbench/CMakeLists.txt#L66,#Looks for libmysql.lib in LIB paths,[],CMake,2,66,66
2862,litmuschaos/test-tools,https://github.com/litmuschaos/test-tools/blob/ed7a37af219a7be609f40aa4f1c314c1f2c36af4/app_clients/mongo-client/sysbench-mongo/sysbench/sysbench/CMakeLists.txt#L70,#Look for libmysql.dll,[],CMake,2,70,70
2862,litmuschaos/test-tools,https://github.com/litmuschaos/test-tools/blob/ed7a37af219a7be609f40aa4f1c314c1f2c36af4/app_clients/mongo-client/sysbench-mongo/sysbench/sysbench/CMakeLists.txt#L74,"#If mysql header file and client library are found, build with mysql",[],CMake,2,74,74
2862,litmuschaos/test-tools,https://github.com/litmuschaos/test-tools/blob/ed7a37af219a7be609f40aa4f1c314c1f2c36af4/app_clients/mongo-client/sysbench-mongo/sysbench/sysbench/CMakeLists.txt#L78,"#If libmysql.dll found, copy it next to sysbench.exe in the postbuild step",[],CMake,2,78,78
2862,litmuschaos/test-tools,https://github.com/litmuschaos/test-tools/blob/ed7a37af219a7be609f40aa4f1c314c1f2c36af4/app_clients/mongo-client/sysbench-mongo/sysbench/sysbench/scripting/CMakeLists.txt#L1,"# Copyright (C) 2008 MySQL AB
# Copyright (C) 2008 Alexey Kopytov <akopytov@gmail.com>
#
# This program is free software; you can redistribute it and/or modify
# it under the terms of the GNU General Public License as published by
# the Free Software Foundation; either version 2 of the License, or
# (at your option) any later version.
# 
# This program is distributed in the hope that it will be useful,
# but WITHOUT ANY WARRANTY; without even the implied warranty of
# MERCHANTABILITY or FITNESS FOR A PARTICULAR PURPOSE.  See the
# GNU General Public License for more details.
# 
# You should have received a copy of the GNU General Public License
# along with this program; if not, write to the Free Software
# Foundation, Inc., 51 Franklin Street, Fifth Floor, Boston, MA 02110-1301 USA",[],CMake,0,1,16
2862,litmuschaos/test-tools,https://github.com/litmuschaos/test-tools/blob/ed7a37af219a7be609f40aa4f1c314c1f2c36af4/app_clients/mongo-client/sysbench-mongo/sysbench/sysbench/scripting/lua/src/CMakeLists.txt#L1,"# Copyright (C) 2008 MySQL AB
# Copyright (C) 2008 Alexey Kopytov <akopytov@gmail.com>
#
# This program is free software; you can redistribute it and/or modify
# it under the terms of the GNU General Public License as published by
# the Free Software Foundation; either version 2 of the License, or
# (at your option) any later version.
# 
# This program is distributed in the hope that it will be useful,
# but WITHOUT ANY WARRANTY; without even the implied warranty of
# MERCHANTABILITY or FITNESS FOR A PARTICULAR PURPOSE.  See the
# GNU General Public License for more details.
# 
# You should have received a copy of the GNU General Public License
# along with this program; if not, write to the Free Software
# Foundation, Inc., 51 Franklin Street, Fifth Floor, Boston, MA 02110-1301 USA",[],CMake,0,1,16
2862,litmuschaos/test-tools,https://github.com/litmuschaos/test-tools/blob/ed7a37af219a7be609f40aa4f1c314c1f2c36af4/app_clients/mongo-client/sysbench-mongo/sysbench/sysbench/tests/cpu/CMakeLists.txt#L1,"# Copyright (C) 2008 MySQL AB
# Copyright (C) 2008 Alexey Kopytov <akopytov@gmail.com>
#
# This program is free software; you can redistribute it and/or modify
# it under the terms of the GNU General Public License as published by
# the Free Software Foundation; either version 2 of the License, or
# (at your option) any later version.
# 
# This program is distributed in the hope that it will be useful,
# but WITHOUT ANY WARRANTY; without even the implied warranty of
# MERCHANTABILITY or FITNESS FOR A PARTICULAR PURPOSE.  See the
# GNU General Public License for more details.
# 
# You should have received a copy of the GNU General Public License
# along with this program; if not, write to the Free Software
# Foundation, Inc., 51 Franklin Street, Fifth Floor, Boston, MA 02110-1301 USA",[],CMake,0,1,16
2862,litmuschaos/test-tools,https://github.com/litmuschaos/test-tools/blob/ed7a37af219a7be609f40aa4f1c314c1f2c36af4/app_clients/mongo-client/sysbench-mongo/sysbench/sysbench/tests/fileio/CMakeLists.txt#L1,"# Copyright (C) 2008 MySQL AB
# Copyright (C) 2008 Alexey Kopytov <akopytov@gmail.com>
#
# This program is free software; you can redistribute it and/or modify
# it under the terms of the GNU General Public License as published by
# the Free Software Foundation; either version 2 of the License, or
# (at your option) any later version.
# 
# This program is distributed in the hope that it will be useful,
# but WITHOUT ANY WARRANTY; without even the implied warranty of
# MERCHANTABILITY or FITNESS FOR A PARTICULAR PURPOSE.  See the
# GNU General Public License for more details.
# 
# You should have received a copy of the GNU General Public License
# along with this program; if not, write to the Free Software
# Foundation, Inc., 51 Franklin Street, Fifth Floor, Boston, MA 02110-1301 USA",[],CMake,0,1,16
2862,litmuschaos/test-tools,https://github.com/litmuschaos/test-tools/blob/ed7a37af219a7be609f40aa4f1c314c1f2c36af4/app_clients/mongo-client/sysbench-mongo/sysbench/sysbench/tests/memory/CMakeLists.txt#L1,"# Copyright (C) 2008 MySQL AB
# Copyright (C) 2008 Alexey Kopytov <akopytov@gmail.com>
#
# This program is free software; you can redistribute it and/or modify
# it under the terms of the GNU General Public License as published by
# the Free Software Foundation; either version 2 of the License, or
# (at your option) any later version.
# 
# This program is distributed in the hope that it will be useful,
# but WITHOUT ANY WARRANTY; without even the implied warranty of
# MERCHANTABILITY or FITNESS FOR A PARTICULAR PURPOSE.  See the
# GNU General Public License for more details.
# 
# You should have received a copy of the GNU General Public License
# along with this program; if not, write to the Free Software
# Foundation, Inc., 51 Franklin Street, Fifth Floor, Boston, MA 02110-1301 USA",[],CMake,0,1,16
2862,litmuschaos/test-tools,https://github.com/litmuschaos/test-tools/blob/ed7a37af219a7be609f40aa4f1c314c1f2c36af4/app_clients/mongo-client/sysbench-mongo/sysbench/sysbench/tests/mutex/CMakeLists.txt#L1,"# Copyright (C) 2008 MySQL AB
# Copyright (C) 2008 Alexey Kopytov <akopytov@gmail.com>
#
# This program is free software; you can redistribute it and/or modify
# it under the terms of the GNU General Public License as published by
# the Free Software Foundation; either version 2 of the License, or
# (at your option) any later version.
# 
# This program is distributed in the hope that it will be useful,
# but WITHOUT ANY WARRANTY; without even the implied warranty of
# MERCHANTABILITY or FITNESS FOR A PARTICULAR PURPOSE.  See the
# GNU General Public License for more details.
# 
# You should have received a copy of the GNU General Public License
# along with this program; if not, write to the Free Software
# Foundation, Inc., 51 Franklin Street, Fifth Floor, Boston, MA 02110-1301 USA",[],CMake,0,1,16
2862,litmuschaos/test-tools,https://github.com/litmuschaos/test-tools/blob/ed7a37af219a7be609f40aa4f1c314c1f2c36af4/app_clients/mongo-client/sysbench-mongo/sysbench/sysbench/tests/threads/CMakeLists.txt#L1,"# Copyright (C) 2008 MySQL AB
# Copyright (C) 2008 Alexey Kopytov <akopytov@gmail.com>
#
# This program is free software; you can redistribute it and/or modify
# it under the terms of the GNU General Public License as published by
# the Free Software Foundation; either version 2 of the License, or
# (at your option) any later version.
# 
# This program is distributed in the hope that it will be useful,
# but WITHOUT ANY WARRANTY; without even the implied warranty of
# MERCHANTABILITY or FITNESS FOR A PARTICULAR PURPOSE.  See the
# GNU General Public License for more details.
# 
# You should have received a copy of the GNU General Public License
# along with this program; if not, write to the Free Software
# Foundation, Inc., 51 Franklin Street, Fifth Floor, Boston, MA 02110-1301 USA",[],CMake,0,1,16
