repoIndex,repoName,linkLocation,comment,keywords,buildSysteminFile,charPosition,startLine,endLine
3177,swami/libinstpatch,https://github.com/swami/libinstpatch/blob/568dea966dc32c112e16fd6b4756d94e99c12d3f/CMakeLists.txt#L1,"# 
# libInstPatch
#
# Copyright (C) 1999-2014 Element Green <element@elementsofsound.org>
#
# See COPYING license file for distribution details
#",[],CMake,0,1,7
3177,swami/libinstpatch,https://github.com/swami/libinstpatch/blob/568dea966dc32c112e16fd6b4756d94e99c12d3f/CMakeLists.txt#L13,# libInstPatch package name,[],CMake,0,13,13
3177,swami/libinstpatch,https://github.com/swami/libinstpatch/blob/568dea966dc32c112e16fd6b4756d94e99c12d3f/CMakeLists.txt#L16,# libInstPatch package version,[],CMake,0,16,16
3177,swami/libinstpatch,https://github.com/swami/libinstpatch/blob/568dea966dc32c112e16fd6b4756d94e99c12d3f/CMakeLists.txt#L38,# Options disabled by default,[],CMake,0,38,38
3177,swami/libinstpatch,https://github.com/swami/libinstpatch/blob/568dea966dc32c112e16fd6b4756d94e99c12d3f/CMakeLists.txt#L43,# Options enabled by default,[],CMake,0,43,43
3177,swami/libinstpatch,https://github.com/swami/libinstpatch/blob/568dea966dc32c112e16fd6b4756d94e99c12d3f/CMakeLists.txt#L46,# Initialize the library directory name suffix.,[],CMake,0,46,46
3177,swami/libinstpatch,https://github.com/swami/libinstpatch/blob/568dea966dc32c112e16fd6b4756d94e99c12d3f/CMakeLists.txt#L56,# Default install directory names,[],CMake,0,56,56
3177,swami/libinstpatch,https://github.com/swami/libinstpatch/blob/568dea966dc32c112e16fd6b4756d94e99c12d3f/CMakeLists.txt#L59,# Basic C library checks,[],CMake,0,59,59
3177,swami/libinstpatch,https://github.com/swami/libinstpatch/blob/568dea966dc32c112e16fd6b4756d94e99c12d3f/CMakeLists.txt#L73,# Check presence of MS include files,[],CMake,2,73,73
3177,swami/libinstpatch,https://github.com/swami/libinstpatch/blob/568dea966dc32c112e16fd6b4756d94e99c12d3f/CMakeLists.txt#L81,# Options for the GNU C compiler only,[],CMake,0,81,81
3177,swami/libinstpatch,https://github.com/swami/libinstpatch/blob/568dea966dc32c112e16fd6b4756d94e99c12d3f/CMakeLists.txt#L97,"# statically link in the CRT library to avoid a bunch of runtime DLL dependencies and allow 
# the CI windows builds to be run under WinXP",[],CMake,4,97,98
3177,swami/libinstpatch,https://github.com/swami/libinstpatch/blob/568dea966dc32c112e16fd6b4756d94e99c12d3f/CMakeLists.txt#L125,# MinGW compiler (a Windows GCC port),[],CMake,2,125,125
3177,swami/libinstpatch,https://github.com/swami/libinstpatch/blob/568dea966dc32c112e16fd6b4756d94e99c12d3f/CMakeLists.txt#L141,# Mandatory tool: pkg-config,[],CMake,0,141,141
3177,swami/libinstpatch,https://github.com/swami/libinstpatch/blob/568dea966dc32c112e16fd6b4756d94e99c12d3f/CMakeLists.txt#L144,"# Mandatory libraries: gobject, glib and gthread",[],CMake,0,144,144
3177,swami/libinstpatch,https://github.com/swami/libinstpatch/blob/568dea966dc32c112e16fd6b4756d94e99c12d3f/CMakeLists.txt#L147,# Disable deprecation warnings for now (fixed in master),[],CMake,0,147,147
3177,swami/libinstpatch,https://github.com/swami/libinstpatch/blob/568dea966dc32c112e16fd6b4756d94e99c12d3f/CMakeLists.txt#L152,# Check for libsndfile,[],CMake,0,152,152
3177,swami/libinstpatch,https://github.com/swami/libinstpatch/blob/568dea966dc32c112e16fd6b4756d94e99c12d3f/CMakeLists.txt#L155,# Check for GObjectIntrospection binding,[],CMake,0,155,155
3177,swami/libinstpatch,https://github.com/swami/libinstpatch/blob/568dea966dc32c112e16fd6b4756d94e99c12d3f/CMakeLists.txt#L160,# Check for Gtk-Doc,[],CMake,0,160,160
3177,swami/libinstpatch,https://github.com/swami/libinstpatch/blob/568dea966dc32c112e16fd6b4756d94e99c12d3f/CMakeLists.txt#L165,# General configuration file,[],CMake,0,165,165
3177,swami/libinstpatch,https://github.com/swami/libinstpatch/blob/568dea966dc32c112e16fd6b4756d94e99c12d3f/CMakeLists.txt#L170,# Version and master libinstpatch.h file,[],CMake,0,170,170
3177,swami/libinstpatch,https://github.com/swami/libinstpatch/blob/568dea966dc32c112e16fd6b4756d94e99c12d3f/CMakeLists.txt#L178,# pkg-config support,[],CMake,0,178,178
3177,swami/libinstpatch,https://github.com/swami/libinstpatch/blob/568dea966dc32c112e16fd6b4756d94e99c12d3f/CMakeLists.txt#L192,# stamp library name with version current value (for Windows only),[],CMake,4,192,192
3177,swami/libinstpatch,https://github.com/swami/libinstpatch/blob/568dea966dc32c112e16fd6b4756d94e99c12d3f/CMakeLists.txt#L204,# Extra targets for Unix build environments,[],CMake,0,204,204
3177,swami/libinstpatch,https://github.com/swami/libinstpatch/blob/568dea966dc32c112e16fd6b4756d94e99c12d3f/CMakeLists.txt#L206,# uninstall custom target,[],CMake,4,206,206
3177,swami/libinstpatch,https://github.com/swami/libinstpatch/blob/568dea966dc32c112e16fd6b4756d94e99c12d3f/CMakeLists.txt#L213,# Process subdirectories ,[],CMake,0,213,213
3177,swami/libinstpatch,https://github.com/swami/libinstpatch/blob/568dea966dc32c112e16fd6b4756d94e99c12d3f/CMakeLists.txt#L218,# CPack support ,[],CMake,0,218,218
3177,swami/libinstpatch,https://github.com/swami/libinstpatch/blob/568dea966dc32c112e16fd6b4756d94e99c12d3f/CMakeLists.txt#L227,# source packages,[],CMake,0,227,227
3177,swami/libinstpatch,https://github.com/swami/libinstpatch/blob/568dea966dc32c112e16fd6b4756d94e99c12d3f/CMakeLists.txt#L233,# binary packages,[],CMake,0,233,233
3177,swami/libinstpatch,https://github.com/swami/libinstpatch/blob/568dea966dc32c112e16fd6b4756d94e99c12d3f/docs/CMakeLists.txt#L1,"# 
# libInstPatch
#
# Copyright (C) 1999-2014 Element Green <element@elementsofsound.org>
#
# See COPYING license file for distribution details
#",[],CMake,0,1,7
3177,swami/libinstpatch,https://github.com/swami/libinstpatch/blob/568dea966dc32c112e16fd6b4756d94e99c12d3f/docs/reference/CMakeLists.txt#L1,"# 
# libInstPatch
#
# Copyright (C) 1999-2014 Element Green <element@elementsofsound.org>
#
# See COPYING license file for distribution details
#",[],CMake,0,1,7
3177,swami/libinstpatch,https://github.com/swami/libinstpatch/blob/568dea966dc32c112e16fd6b4756d94e99c12d3f/libinstpatch/CMakeLists.txt#L1,"# 
# libInstPatch
#
# Copyright (C) 1999-2014 Element Green <element@elementsofsound.org>
#
# See COPYING license file for distribution details
#",[],CMake,0,1,7
3177,swami/libinstpatch,https://github.com/swami/libinstpatch/blob/568dea966dc32c112e16fd6b4756d94e99c12d3f/libinstpatch/CMakeLists.txt#L20,# ************ library ************,[],CMake,0,20,20
3177,swami/libinstpatch,https://github.com/swami/libinstpatch/blob/568dea966dc32c112e16fd6b4756d94e99c12d3f/libinstpatch/CMakeLists.txt#L243,# Options for WINDOWS only,[],CMake,0,243,243
3177,swami/libinstpatch,https://github.com/swami/libinstpatch/blob/568dea966dc32c112e16fd6b4756d94e99c12d3f/libinstpatch/CMakeLists.txt#L245,# disable deprecation warnings ,[],CMake,4,245,245
3177,swami/libinstpatch,https://github.com/swami/libinstpatch/blob/568dea966dc32c112e16fd6b4756d94e99c12d3f/libinstpatch/CMakeLists.txt#L248,# adding a module definition file for shared libs will export symbols and produce import library,[],CMake,8,248,248
3177,swami/libinstpatch,https://github.com/swami/libinstpatch/blob/568dea966dc32c112e16fd6b4756d94e99c12d3f/libinstpatch/CMakeLists.txt#L386,# GObject Introspection,[],CMake,0,386,386
3177,swami/libinstpatch,https://github.com/swami/libinstpatch/blob/568dea966dc32c112e16fd6b4756d94e99c12d3f/libinstpatch/CMakeLists.txt#L389,"# libInstPatch has to be initialized, so we build an introspection program which does this",[],CMake,2,389,389
3177,swami/libinstpatch,https://github.com/swami/libinstpatch/blob/568dea966dc32c112e16fd6b4756d94e99c12d3f/libinstpatch/CMakeLists.txt#L432,# Add introspection program as a dependency of gir-girs,[],CMake,40,432,432
3177,swami/libinstpatch,https://github.com/swami/libinstpatch/blob/568dea966dc32c112e16fd6b4756d94e99c12d3f/utils/CMakeLists.txt#L15,# disable deprecation warnings ,[],CMake,4,15,15
3177,swami/libinstpatch,https://github.com/swami/libinstpatch/blob/568dea966dc32c112e16fd6b4756d94e99c12d3f/config.h.cmake#L1,"#ifndef CONFIG_H
#define CONFIG_H",[],CMake,0,1,2
3177,swami/libinstpatch,https://github.com/swami/libinstpatch/blob/568dea966dc32c112e16fd6b4756d94e99c12d3f/config.h.cmake#L5,#cmakedefine HAVE_ERRNO_H @HAVE_ERRNO_H@,[],CMake,0,5,5
3177,swami/libinstpatch,https://github.com/swami/libinstpatch/blob/568dea966dc32c112e16fd6b4756d94e99c12d3f/config.h.cmake#L8,#cmakedefine HAVE_FCNTL_H @HAVE_FCNTL_H@,[],CMake,0,8,8
3177,swami/libinstpatch,https://github.com/swami/libinstpatch/blob/568dea966dc32c112e16fd6b4756d94e99c12d3f/config.h.cmake#L11,#cmakedefine HAVE_IO_H @HAVE_IO_H@,[],CMake,0,11,11
3177,swami/libinstpatch,https://github.com/swami/libinstpatch/blob/568dea966dc32c112e16fd6b4756d94e99c12d3f/config.h.cmake#L14,#cmakedefine HAVE_MATH_H @HAVE_MATH_H@,[],CMake,0,14,14
3177,swami/libinstpatch,https://github.com/swami/libinstpatch/blob/568dea966dc32c112e16fd6b4756d94e99c12d3f/config.h.cmake#L17,#cmakedefine HAVE_LOCALE_H @HAVE_LOCALE_H@,[],CMake,0,17,17
3177,swami/libinstpatch,https://github.com/swami/libinstpatch/blob/568dea966dc32c112e16fd6b4756d94e99c12d3f/config.h.cmake#L20,#cmakedefine HAVE_STDARG_H @HAVE_STDARG_H@,[],CMake,0,20,20
3177,swami/libinstpatch,https://github.com/swami/libinstpatch/blob/568dea966dc32c112e16fd6b4756d94e99c12d3f/config.h.cmake#L23,#cmakedefine HAVE_STDIO_H @HAVE_STDIO_H@,[],CMake,0,23,23
3177,swami/libinstpatch,https://github.com/swami/libinstpatch/blob/568dea966dc32c112e16fd6b4756d94e99c12d3f/config.h.cmake#L26,#cmakedefine HAVE_STDLIB_H @HAVE_STDLIB_H@,[],CMake,0,26,26
3177,swami/libinstpatch,https://github.com/swami/libinstpatch/blob/568dea966dc32c112e16fd6b4756d94e99c12d3f/config.h.cmake#L29,#cmakedefine HAVE_STRING_H @HAVE_STRING_H@,[],CMake,0,29,29
3177,swami/libinstpatch,https://github.com/swami/libinstpatch/blob/568dea966dc32c112e16fd6b4756d94e99c12d3f/config.h.cmake#L32,#cmakedefine HAVE_SYS_STAT_H @HAVE_SYS_STAT_H@,[],CMake,0,32,32
3177,swami/libinstpatch,https://github.com/swami/libinstpatch/blob/568dea966dc32c112e16fd6b4756d94e99c12d3f/config.h.cmake#L35,#cmakedefine HAVE_UNISTD_H @HAVE_UNISTD_H@,[],CMake,0,35,35
3177,swami/libinstpatch,https://github.com/swami/libinstpatch/blob/568dea966dc32c112e16fd6b4756d94e99c12d3f/config.h.cmake#L38,#cmakedefine HAVE_WINDOWS_H @HAVE_WINDOWS_H@,[],CMake,0,38,38
3177,swami/libinstpatch,https://github.com/swami/libinstpatch/blob/568dea966dc32c112e16fd6b4756d94e99c12d3f/config.h.cmake#L41,#cmakedefine HAVE_XLOCALE_H @HAVE_XLOCALE_H@,[],CMake,0,41,41
3177,swami/libinstpatch,https://github.com/swami/libinstpatch/blob/568dea966dc32c112e16fd6b4756d94e99c12d3f/config.h.cmake#L44,#cmakedefine MINGW32 @MINGW32@,[],CMake,0,44,44
3177,swami/libinstpatch,https://github.com/swami/libinstpatch/blob/568dea966dc32c112e16fd6b4756d94e99c12d3f/config.h.cmake#L47,#cmakedefine NO_MINUS_C_MINUS_O @NO_MINUS_C_MINUS_O@,[],CMake,0,47,47
3177,swami/libinstpatch,https://github.com/swami/libinstpatch/blob/568dea966dc32c112e16fd6b4756d94e99c12d3f/config.h.cmake#L50,"#cmakedefine PACKAGE ""@PACKAGE@""",[],CMake,0,50,50
3177,swami/libinstpatch,https://github.com/swami/libinstpatch/blob/568dea966dc32c112e16fd6b4756d94e99c12d3f/config.h.cmake#L53,#cmakedefine PACKAGE_BUGREPORT @PACKAGE_BUGREPORT@,[],CMake,0,53,53
3177,swami/libinstpatch,https://github.com/swami/libinstpatch/blob/568dea966dc32c112e16fd6b4756d94e99c12d3f/config.h.cmake#L56,#cmakedefine PACKAGE_NAME @PACKAGE_NAME@,[],CMake,0,56,56
3177,swami/libinstpatch,https://github.com/swami/libinstpatch/blob/568dea966dc32c112e16fd6b4756d94e99c12d3f/config.h.cmake#L59,#cmakedefine PACKAGE_STRING @PACKAGE_STRING@,[],CMake,0,59,59
3177,swami/libinstpatch,https://github.com/swami/libinstpatch/blob/568dea966dc32c112e16fd6b4756d94e99c12d3f/config.h.cmake#L62,#cmakedefine PACKAGE_TARNAME @PACKAGE_TARNAME@,[],CMake,0,62,62
3177,swami/libinstpatch,https://github.com/swami/libinstpatch/blob/568dea966dc32c112e16fd6b4756d94e99c12d3f/config.h.cmake#L65,#cmakedefine PACKAGE_VERSION @PACKAGE_VERSION@,[],CMake,0,65,65
3177,swami/libinstpatch,https://github.com/swami/libinstpatch/blob/568dea966dc32c112e16fd6b4756d94e99c12d3f/config.h.cmake#L68,#cmakedefine STDC_HEADERS @STDC_HEADERS@,[],CMake,0,68,68
3177,swami/libinstpatch,https://github.com/swami/libinstpatch/blob/568dea966dc32c112e16fd6b4756d94e99c12d3f/config.h.cmake#L71,#cmakedefine VERSION @IPATCH_VERSION@,[],CMake,0,71,71
3177,swami/libinstpatch,https://github.com/swami/libinstpatch/blob/568dea966dc32c112e16fd6b4756d94e99c12d3f/config.h.cmake#L74,#cmakedefine IPATCH_DEBUG @IPATCH_DEBUG@,[],CMake,0,74,74
3177,swami/libinstpatch,https://github.com/swami/libinstpatch/blob/568dea966dc32c112e16fd6b4756d94e99c12d3f/config.h.cmake#L76,#endif /* CONFIG_H */,[],CMake,0,76,76
3177,swami/libinstpatch,https://github.com/swami/libinstpatch/blob/568dea966dc32c112e16fd6b4756d94e99c12d3f/cmake/CheckDIRSymbolExists.cmake#L1,"# - Check if the DIR symbol exists like in AC_HEADER_DIRENT.
# CHECK_DIRSYMBOL_EXISTS(FILES VARIABLE)
#
#  FILES    - include files to check
#  VARIABLE - variable to return result
#
# This module is a small but important variation on CheckSymbolExists.cmake.
# The symbol always searched for is DIR, and the test programme follows
# the AC_HEADER_DIRENT test programme rather than the CheckSymbolExists.cmake
# test programme which always fails since DIR tends to be typedef'd
# rather than #define'd.
# 
# The following variables may be set before calling this macro to
# modify the way the check is run:
#
#  CMAKE_REQUIRED_FLAGS = string of compile command line flags
#  CMAKE_REQUIRED_DEFINITIONS = list of macros to define (-DFOO=bar)
#  CMAKE_REQUIRED_INCLUDES = list of include directories
#  CMAKE_REQUIRED_LIBRARIES = list of libraries to link",[],CMake,0,1,19
3177,swami/libinstpatch,https://github.com/swami/libinstpatch/blob/568dea966dc32c112e16fd6b4756d94e99c12d3f/cmake/CheckPrototypeExists.cmake#L1,"# - Check if the prototype for a function exists.
# CHECK_PROTOTYPE_EXISTS (FUNCTION HEADER VARIABLE)
#
#  FUNCTION - the name of the function you are looking for
#  HEADER - the header(s) where the prototype should be declared
#  VARIABLE - variable to store the result
#
# The following variables may be set before calling this macro to
# modify the way the check is run:
#
#  CMAKE_REQUIRED_FLAGS = string of compile command line flags
#  CMAKE_REQUIRED_DEFINITIONS = list of macros to define (-DFOO=bar)
#  CMAKE_REQUIRED_INCLUDES = list of include directories",[],CMake,0,1,13
3177,swami/libinstpatch,https://github.com/swami/libinstpatch/blob/568dea966dc32c112e16fd6b4756d94e99c12d3f/cmake/CheckPrototypeExists.cmake#L15,"# Copyright (c) 2006, Alexander Neundorf, <neundorf@kde.org>
#
# Redistribution and use is allowed according to the terms of the BSD license.
# For details see the accompanying COPYING-CMAKE-SCRIPTS file.",[],CMake,0,15,18
3177,swami/libinstpatch,https://github.com/swami/libinstpatch/blob/568dea966dc32c112e16fd6b4756d94e99c12d3f/cmake/DefaultDirs.cmake#L1,"# Several directory names used by libInstPatch to install files
# the variable names are similar to the KDE4 build system",[],CMake,0,1,2
3177,swami/libinstpatch,https://github.com/swami/libinstpatch/blob/568dea966dc32c112e16fd6b4756d94e99c12d3f/cmake/DefaultDirs.cmake#L4,# BUNDLE_INSTALL_DIR - Mac only: the directory for application bundles ,[],CMake,0,4,4
3177,swami/libinstpatch,https://github.com/swami/libinstpatch/blob/568dea966dc32c112e16fd6b4756d94e99c12d3f/cmake/DefaultDirs.cmake#L9,# FRAMEWORK_INSTALL_DIR - Mac only: the directory for framework bundles,[],CMake,0,9,9
3177,swami/libinstpatch,https://github.com/swami/libinstpatch/blob/568dea966dc32c112e16fd6b4756d94e99c12d3f/cmake/DefaultDirs.cmake#L14,# BIN_INSTALL_DIR - the directory where executables will be installed,[],CMake,0,14,14
3177,swami/libinstpatch,https://github.com/swami/libinstpatch/blob/568dea966dc32c112e16fd6b4756d94e99c12d3f/cmake/DefaultDirs.cmake#L18,# SBIN_INSTALL_DIR - the directory where system executables will be installed,[],CMake,0,18,18
3177,swami/libinstpatch,https://github.com/swami/libinstpatch/blob/568dea966dc32c112e16fd6b4756d94e99c12d3f/cmake/DefaultDirs.cmake#L23,# LIB_INSTALL_DIR - the directory where libraries will be installed,[],CMake,0,23,23
3177,swami/libinstpatch,https://github.com/swami/libinstpatch/blob/568dea966dc32c112e16fd6b4756d94e99c12d3f/cmake/DefaultDirs.cmake#L27,# INCLUDE_INSTALL_DIR - the install dir for header files,[],CMake,0,27,27
3177,swami/libinstpatch,https://github.com/swami/libinstpatch/blob/568dea966dc32c112e16fd6b4756d94e99c12d3f/cmake/DefaultDirs.cmake#L31,# DATA_INSTALL_DIR - the base install directory for data files,[],CMake,0,31,31
3177,swami/libinstpatch,https://github.com/swami/libinstpatch/blob/568dea966dc32c112e16fd6b4756d94e99c12d3f/cmake/DefaultDirs.cmake#L36,# DOC_INSTALL_DIR - the install dir for documentation,[],CMake,0,36,36
3177,swami/libinstpatch,https://github.com/swami/libinstpatch/blob/568dea966dc32c112e16fd6b4756d94e99c12d3f/cmake/FindGObjectIntrospection.cmake#L1,"# - try to find gobject-introspection
#
# Once done this will define
#
#  INTROSPECTION_FOUND - system has gobject-introspection
#  INTROSPECTION_SCANNER - the gobject-introspection scanner, g-ir-scanner
#  INTROSPECTION_COMPILER - the gobject-introspection compiler, g-ir-compiler
#  INTROSPECTION_GENERATE - the gobject-introspection generate, g-ir-generate
#  INTROSPECTION_GIRDIR
#  INTROSPECTION_TYPELIBDIR
#  INTROSPECTION_CFLAGS
#  INTROSPECTION_LIBS
#
# Copyright (C) 2010, Pino Toscano, <pino@kde.org>
#
# Redistribution and use is allowed according to the terms of the BSD license.
# For details see the accompanying COPYING-CMAKE-SCRIPTS file.",[],CMake,0,1,17
3177,swami/libinstpatch,https://github.com/swami/libinstpatch/blob/568dea966dc32c112e16fd6b4756d94e99c12d3f/cmake/GObjectIntrospectionMacros.cmake#L1,"# Copyright (C) 2010, Pino Toscano, <pino@kde.org>
#
# Redistribution and use is allowed according to the terms of the BSD license.
# For details see the accompanying COPYING-CMAKE-SCRIPTS file.",[],CMake,0,1,4
3177,swami/libinstpatch,https://github.com/swami/libinstpatch/blob/568dea966dc32c112e16fd6b4756d94e99c12d3f/cmake/GObjectIntrospectionMacros.cmake#L22,"## Transform the gir filename to something which can reference through a variable
## without automake/make complaining, eg Gtk-2.0.gir -> Gtk_2_0_gir",[],CMake,4,22,23
3177,swami/libinstpatch,https://github.com/swami/libinstpatch/blob/568dea966dc32c112e16fd6b4756d94e99c12d3f/cmake/GObjectIntrospectionMacros.cmake#L27,"# Namespace and Version is either fetched from the gir filename
# or the _NAMESPACE/_VERSION variable combo",[],CMake,4,27,28
3177,swami/libinstpatch,https://github.com/swami/libinstpatch/blob/568dea966dc32c112e16fd6b4756d94e99c12d3f/cmake/GObjectIntrospectionMacros.cmake#L38,# _PROGRAM is an optional variable which needs it's own --program argument,[],CMake,4,38,38
3177,swami/libinstpatch,https://github.com/swami/libinstpatch/blob/568dea966dc32c112e16fd6b4756d94e99c12d3f/cmake/GObjectIntrospectionMacros.cmake#L44,# Variables which provides a list of things,[],CMake,4,44,44
3177,swami/libinstpatch,https://github.com/swami/libinstpatch/blob/568dea966dc32c112e16fd6b4756d94e99c12d3f/cmake/GObjectIntrospectionMacros.cmake#L50,# Reuse the LIBTOOL variable from by automake if it's set,[],CMake,4,50,50
3177,swami/libinstpatch,https://github.com/swami/libinstpatch/blob/568dea966dc32c112e16fd6b4756d94e99c12d3f/cmake/MacroOptionalFindPackage.cmake#L1,"# - MACRO_OPTIONAL_FIND_PACKAGE() combines FIND_PACKAGE() with an OPTION()
# MACRO_OPTIONAL_FIND_PACKAGE( <name> [QUIT] )
# This macro is a combination of OPTION() and FIND_PACKAGE(), it
# works like FIND_PACKAGE(), but additionally it automatically creates
# an option name WITH_<name>, which can be disabled via the cmake GUI.
# or via -DWITH_<name>=OFF
# The standard <name>_FOUND variables can be used in the same way
# as when using the normal FIND_PACKAGE()",[],CMake,0,1,8
3177,swami/libinstpatch,https://github.com/swami/libinstpatch/blob/568dea966dc32c112e16fd6b4756d94e99c12d3f/cmake/MacroOptionalFindPackage.cmake#L10,"# Copyright (c) 2006-2010 Alexander Neundorf, <neundorf@kde.org>
#
# Redistribution and use is allowed according to the terms of the BSD license.
# For details see the accompanying COPYING-CMAKE-SCRIPTS file.",[],CMake,0,10,13
3177,swami/libinstpatch,https://github.com/swami/libinstpatch/blob/568dea966dc32c112e16fd6b4756d94e99c12d3f/cmake/MacroOptionalFindPackage.cmake#L15,"# This is just a helper macro to set a bunch of variables empty.
# We don't know whether the package uses UPPERCASENAME or CamelCaseName, so we try both:",[],CMake,0,15,16
