repoIndex,repoName,linkLocation,comment,keywords,buildSysteminFile,charPosition,startLine,endLine
3188,gemc/source,https://github.com/gemc/source/blob/79496d922725cf78c52dffca2853800caed3d0e7/CMakeLists.txt#L1,"##########################################################
# CMake configuration for Gemc                           #
#                                                        #
# @author Maurik Holtrop, University of New Hampshire    #
#                                                        #
##########################################################",[],CMake,0,1,6
3188,gemc/source,https://github.com/gemc/source/blob/79496d922725cf78c52dffca2853800caed3d0e7/CMakeLists.txt#L8,"# minimum version of CMake, which is determined by Geant4's requirements",[],CMake,0,8,8
3188,gemc/source,https://github.com/gemc/source/blob/79496d922725cf78c52dffca2853800caed3d0e7/CMakeLists.txt#L12,"# Do not process *.hh files with moc, uic",[],CMake,31,12,12
3188,gemc/source,https://github.com/gemc/source/blob/79496d922725cf78c52dffca2853800caed3d0e7/CMakeLists.txt#L47,"# use, i.e. don't skip the full RPATH for the build tree",[],CMake,4,47,47
3188,gemc/source,https://github.com/gemc/source/blob/79496d922725cf78c52dffca2853800caed3d0e7/CMakeLists.txt#L50,"# when building, don't use the install RPATH already
# (but later on when installing)",[],CMake,4,50,51
3188,gemc/source,https://github.com/gemc/source/blob/79496d922725cf78c52dffca2853800caed3d0e7/CMakeLists.txt#L56,"# add the automatically determined parts of the RPATH
# which point to directories outside the build tree to the install RPATH",[],CMake,4,56,57
3188,gemc/source,https://github.com/gemc/source/blob/79496d922725cf78c52dffca2853800caed3d0e7/CMakeLists.txt#L60,"# the RPATH to be used when installing, but only if it's not a system directory",[],CMake,4,60,60
3188,gemc/source,https://github.com/gemc/source/blob/79496d922725cf78c52dffca2853800caed3d0e7/CMakeLists.txt#L67,# include CMake macros,[],CMake,0,67,67
3188,gemc/source,https://github.com/gemc/source/blob/79496d922725cf78c52dffca2853800caed3d0e7/CMakeLists.txt#L71,# add path containing CMake macros for this project,[],CMake,0,71,71
3188,gemc/source,https://github.com/gemc/source/blob/79496d922725cf78c52dffca2853800caed3d0e7/CMakeLists.txt#L74,# external dependencies are added as dependencies of this target,[],CMake,0,74,74
3188,gemc/source,https://github.com/gemc/source/blob/79496d922725cf78c52dffca2853800caed3d0e7/CMakeLists.txt#L79,# include(XercesC),[],CMake,0,79,79
3188,gemc/source,https://github.com/gemc/source/blob/79496d922725cf78c52dffca2853800caed3d0e7/CMakeLists.txt#L152,"# Do not process these files with moc, setting this avoids the policy warning.",[],CMake,1,152,152
3188,gemc/source,https://github.com/gemc/source/blob/79496d922725cf78c52dffca2853800caed3d0e7/cmake/FindMySQL.cmake#L1,"# Copyright (C) 1995-2019, Rene Brun and Fons Rademakers.
# All rights reserved.
#
# For the licensing terms see $ROOTSYS/LICENSE.
# For the list of contributors see $ROOTSYS/README/CREDITS.",[],CMake,0,1,5
3188,gemc/source,https://github.com/gemc/source/blob/79496d922725cf78c52dffca2853800caed3d0e7/cmake/FindMySQL.cmake#L7,"# Find the native MySQL includes and library
#
#  MYSQL_INCLUDE_DIR - where to find mysql.h, etc.
#  MYSQL_LIBRARIES   - List of libraries when using MySQL.
#  MYSQL_FOUND       - True if MySQL found.",[],CMake,0,7,11
3188,gemc/source,https://github.com/gemc/source/blob/79496d922725cf78c52dffca2853800caed3d0e7/cmake/FindMySQL.cmake#L14,"# Already in cache, be silent",[],CMake,2,14,14
3188,gemc/source,https://github.com/gemc/source/blob/79496d922725cf78c52dffca2853800caed3d0e7/cmake/FindMySQL.cmake#L19,"# Split into two find_program invocations to avoid user-specified
# mariadb_config being overridden by system mysql_config.",[],CMake,2,19,20
3188,gemc/source,https://github.com/gemc/source/blob/79496d922725cf78c52dffca2853800caed3d0e7/cmake/FindMySQL.cmake#L26,# Will not overwrite if MYSQL_CONFIG_EXECUTABLE is already set.,[],CMake,2,26,26
3188,gemc/source,https://github.com/gemc/source/blob/79496d922725cf78c52dffca2853800caed3d0e7/cmake/FindMySQL.cmake#L62,"# handle the QUIETLY and REQUIRED arguments and set DCAP_FOUND to TRUE if
# all listed variables are TRUE",[],CMake,0,62,63
3188,gemc/source,https://github.com/gemc/source/blob/79496d922725cf78c52dffca2853800caed3d0e7/cmake/Geant4.cmake#L1,"#
# Check for GEANT4
#
# If GEANT4 is not found, add it to the list of packages that will be retreived and
# build using the ExternalProject mechanism.
#",[],CMake,0,1,6
3188,gemc/source,https://github.com/gemc/source/blob/79496d922725cf78c52dffca2853800caed3d0e7/cmake/Geant4.cmake#L8,"# Check for the external CLHEP.
# The Build-in CLHEP with GEANT4 seems to not be sufficient for GEMC. (Missing RandomGaussT.h)",[],CMake,0,8,9
3188,gemc/source,https://github.com/gemc/source/blob/79496d922725cf78c52dffca2853800caed3d0e7/cmake/Geant4.cmake#L35,# dummy target,[],CMake,29,35,35
3188,gemc/source,https://github.com/gemc/source/blob/79496d922725cf78c52dffca2853800caed3d0e7/cmake/Geant4.cmake#L42,# An issue with some XercesC installs that do not set the _RELEAST and _DEBUG,[],CMake,63,42,42
3188,gemc/source,https://github.com/gemc/source/blob/79496d922725cf78c52dffca2853800caed3d0e7/cmake/Geant4.cmake#L52,"#
# The GDML component of GEANT4 depends on XercesC. Look for it, and if not found, build it.
#",[],CMake,4,52,54
3188,gemc/source,https://github.com/gemc/source/blob/79496d922725cf78c52dffca2853800caed3d0e7/cmake/Geant4.cmake#L71,"# Somewhat troublesome, XercesC insists on installing in lib64 on Linux.",[],CMake,8,71,71
3188,gemc/source,https://github.com/gemc/source/blob/79496d922725cf78c52dffca2853800caed3d0e7/cmake/Geant4.cmake#L80,# dummy target,[],CMake,35,80,80
3188,gemc/source,https://github.com/gemc/source/blob/79496d922725cf78c52dffca2853800caed3d0e7/cmake/Geant4.cmake#L116,# dummy target,[],CMake,30,116,116
3188,gemc/source,https://github.com/gemc/source/blob/79496d922725cf78c52dffca2853800caed3d0e7/cmake/MYSQL.cmake#L2,# find_package(Geant4 QUIET COMPONENTS vis_all ui_all),[],CMake,0,2,2
3188,gemc/source,https://github.com/gemc/source/blob/79496d922725cf78c52dffca2853800caed3d0e7/cmake/Qt5.cmake#L1,"# Check for Qt5
# This must be called AFTER Geant4, because Geant4's version must be the *same* as included here.
#",[],CMake,0,1,3
3188,gemc/source,https://github.com/gemc/source/blob/79496d922725cf78c52dffca2853800caed3d0e7/cmake/Qt5.cmake#L4,# Check if found already.,[],CMake,19,4,4
3188,gemc/source,https://github.com/gemc/source/blob/79496d922725cf78c52dffca2853800caed3d0e7/cmake/ccdb.cmake#L1,"#
#  CCDB does not have a decent CMakeLists.txt -- this ought to be fixed.
#  None of the versions that are on GIT actually build correctly either if you use scons and Python 3
#  This means it needs a custom build script here
#
#",[],CMake,0,1,6
3188,gemc/source,https://github.com/gemc/source/blob/79496d922725cf78c52dffca2853800caed3d0e7/cmake/ccdb.cmake#L17,# We need to make sure MySQL is found.,[],CMake,19,17,17
3188,gemc/source,https://github.com/gemc/source/blob/79496d922725cf78c52dffca2853800caed3d0e7/cmake/ccdb.cmake#L33,"# Make (empty) include directories fir ccdb. These will be filled during ""make""",[],CMake,4,33,33
3188,gemc/source,https://github.com/gemc/source/blob/79496d922725cf78c52dffca2853800caed3d0e7/cmake/ccdb.cmake#L38,# Setup dependencies.,[],CMake,4,38,38
3188,gemc/source,https://github.com/gemc/source/blob/79496d922725cf78c52dffca2853800caed3d0e7/cmake/eviocxx.cmake#L1,"#
# Use the https://github.com/mholtrop/evio-5.1.git version of EVIO so that evioConfig.cmake and eviocxxConfig.cmake
# are found correctly.  The evio target is a dependency of eviocxx, so we only need to find eviocxx
#",[],CMake,0,1,4
3188,gemc/source,https://github.com/gemc/source/blob/79496d922725cf78c52dffca2853800caed3d0e7/cmake/eviocxx.cmake#L6,"# NO REQUIRED. If it is not found, we will install it.",[],CMake,29,6,6
3188,gemc/source,https://github.com/gemc/source/blob/79496d922725cf78c52dffca2853800caed3d0e7/cmake/eviocxx.cmake#L8,"# We did not find it, so we will build it ourselves.",[],CMake,24,8,8
3188,gemc/source,https://github.com/gemc/source/blob/79496d922725cf78c52dffca2853800caed3d0e7/cmake/eviocxx.cmake#L14,"#
# Get: wget https://www.jlab.org/12gev_phys/packages/sources/evio/evio-5.1.tar.gz
# unpack
# Add in a CMakeLists.txt :-)
# Run cmake, make, make install
#",[],CMake,4,14,19
3188,gemc/source,https://github.com/gemc/source/blob/79496d922725cf78c52dffca2853800caed3d0e7/cmake/hipo4.cmake#L1,"#
#  Hipo does not have a decent CMakeLists.txt that confirms to packages, or even builds the code properly.
#  This means it needs a custom build script here
#
#",[],CMake,0,1,5
3188,gemc/source,https://github.com/gemc/source/blob/79496d922725cf78c52dffca2853800caed3d0e7/cmake/hipo4.cmake#L13,"#
# 	https://github.com/gavalian/hipo4.git
#",[],CMake,4,13,15
3188,gemc/source,https://github.com/gemc/source/blob/79496d922725cf78c52dffca2853800caed3d0e7/cmake/hipo4.cmake#L29,# We need so see where the LZ4 library will come from.,[],CMake,4,29,29
3188,gemc/source,https://github.com/gemc/source/blob/79496d922725cf78c52dffca2853800caed3d0e7/cmake/hipo4.cmake#L57,# Everything again for _static,[],CMake,4,57,57
3188,gemc/source,https://github.com/gemc/source/blob/79496d922725cf78c52dffca2853800caed3d0e7/cmake/hipo4.cmake#L59,"#   add_dependencies(dependencies hipo4_static)    ## Putting these here again causes a LZ4 to be build twice?
#   add_dependencies(hipo4_static hipo4_external)",[],CMake,4,59,60
3188,gemc/source,https://github.com/gemc/source/blob/79496d922725cf78c52dffca2853800caed3d0e7/cmake/mlibrary.cmake#L1,#,[],CMake,0,1,1
