repoIndex,repoName,linkLocation,comment,keywords,buildSysteminFile,charPosition,startLine,endLine
3413,mcarcady/lnp-forge,https://github.com/mcarcady/lnp-forge/blob/be2cdcea2469a5c4f121cf80d5fec14ca9d5f8c6/Makefile.in#L1,"#################################################################
# lnp-forge and this file are based on the crosstool-NG software.
# (copyright 2007 Yann E. MORIN - licensed under the GPL v2)
# Adapted by McArcady (https://github.com/McArcady/lnp-forge).
#################################################################",[],Autotool,0,1,5
3413,mcarcady/lnp-forge,https://github.com/mcarcady/lnp-forge/blob/be2cdcea2469a5c4f121cf80d5fec14ca9d5f8c6/Makefile.in#L7,"# Makefile.in for building lnp-forge
# This file serves as source for the ./configure operation",[],Autotool,0,7,8
3413,mcarcady/lnp-forge,https://github.com/mcarcady/lnp-forge/blob/be2cdcea2469a5c4f121cf80d5fec14ca9d5f8c6/Makefile.in#L10,"# This series of test is here because GNU make 3.81 will *not* use MAKEFLAGS
# to set additional flags in the current Makfile ( see:
# http://savannah.gnu.org/bugs/?20501 ), although the make manual says it
# should ( see: http://www.gnu.org/software/make/manual/make.html#Options_002fRecursion )
# so we have to work it around by calling ourselves back if needed",[],Autotool,0,10,14
3413,mcarcady/lnp-forge,https://github.com/mcarcady/lnp-forge/blob/be2cdcea2469a5c4f121cf80d5fec14ca9d5f8c6/Makefile.in#L16,"# So why do we need not to use the built rules and variables? Because we
# need to generate scripts/lnp-forge.sh from scripts/lnp-forge.sh.in
# and there is a built-in implicit rule '%.sh:' that has neither a pre-requisite
# nor a command associated, and that built-in implicit rule takes precedence
# over our non-built-in implicit rule '%: %.in', below.",[],Autotool,0,16,20
3413,mcarcady/lnp-forge,https://github.com/mcarcady/lnp-forge/blob/be2cdcea2469a5c4f121cf80d5fec14ca9d5f8c6/Makefile.in#L22,"# CT_MAKEFLAGS will be used later, below...",[],Autotool,0,22,22
3413,mcarcady/lnp-forge,https://github.com/mcarcady/lnp-forge/blob/be2cdcea2469a5c4f121cf80d5fec14ca9d5f8c6/Makefile.in#L24,# Do not print directories as we descend into them,[],Autotool,0,24,24
3413,mcarcady/lnp-forge,https://github.com/mcarcady/lnp-forge/blob/be2cdcea2469a5c4f121cf80d5fec14ca9d5f8c6/Makefile.in#L29,"# Use neither builtin rules, nor builtin variables
# Note: dual test, because if -R and -r are given on the command line
# (who knows?), MAKEFLAGS contains 'Rr' instead of '-Rr', while adding
# '-Rr' to MAKEFLAGS adds it literaly ( and does not add 'Rr' )
# Further: quad test because the flags 'rR' and '-rR' can be reordered.",[],Autotool,0,29,33
3413,mcarcady/lnp-forge,https://github.com/mcarcady/lnp-forge/blob/be2cdcea2469a5c4f121cf80d5fec14ca9d5f8c6/Makefile.in#L39,# No -rR,[],Autotool,6,39,39
3413,mcarcady/lnp-forge,https://github.com/mcarcady/lnp-forge/blob/be2cdcea2469a5c4f121cf80d5fec14ca9d5f8c6/Makefile.in#L40,# No rR,[],Autotool,6,40,40
3413,mcarcady/lnp-forge,https://github.com/mcarcady/lnp-forge/blob/be2cdcea2469a5c4f121cf80d5fec14ca9d5f8c6/Makefile.in#L41,# No -Rr,[],Autotool,6,41,41
3413,mcarcady/lnp-forge,https://github.com/mcarcady/lnp-forge/blob/be2cdcea2469a5c4f121cf80d5fec14ca9d5f8c6/Makefile.in#L42,# No Rr,[],Autotool,6,42,42
3413,mcarcady/lnp-forge,https://github.com/mcarcady/lnp-forge/blob/be2cdcea2469a5c4f121cf80d5fec14ca9d5f8c6/Makefile.in#L44,# Remove any suffix rules,[],Autotool,0,44,44
3413,mcarcady/lnp-forge,https://github.com/mcarcady/lnp-forge/blob/be2cdcea2469a5c4f121cf80d5fec14ca9d5f8c6/Makefile.in#L49,"###############################################################################
# Configuration variables",[],Autotool,0,49,50
3413,mcarcady/lnp-forge,https://github.com/mcarcady/lnp-forge/blob/be2cdcea2469a5c4f121cf80d5fec14ca9d5f8c6/Makefile.in#L52,# Stuff found by ./configure,[],Autotool,0,52,52
3413,mcarcady/lnp-forge,https://github.com/mcarcady/lnp-forge/blob/be2cdcea2469a5c4f121cf80d5fec14ca9d5f8c6/Makefile.in#L89,# config options to push down to kconfig,[],Autotool,0,89,89
3413,mcarcady/lnp-forge,https://github.com/mcarcady/lnp-forge/blob/be2cdcea2469a5c4f121cf80d5fec14ca9d5f8c6/Makefile.in#L92,"###############################################################################
# Non-configure variables",[],Autotool,0,92,93
3413,mcarcady/lnp-forge,https://github.com/mcarcady/lnp-forge/blob/be2cdcea2469a5c4f121cf80d5fec14ca9d5f8c6/Makefile.in#L99,"###############################################################################
# Sanity checks",[],Autotool,0,99,100
3413,mcarcady/lnp-forge,https://github.com/mcarcady/lnp-forge/blob/be2cdcea2469a5c4f121cf80d5fec14ca9d5f8c6/Makefile.in#L102,# Check if Makefile is up to date:,[],Autotool,0,102,102
3413,mcarcady/lnp-forge,https://github.com/mcarcady/lnp-forge/blob/be2cdcea2469a5c4f121cf80d5fec14ca9d5f8c6/Makefile.in#L107,"# If installing with DESTDIR, check it's an absolute path",[],Autotool,0,107,107
3413,mcarcady/lnp-forge,https://github.com/mcarcady/lnp-forge/blob/be2cdcea2469a5c4f121cf80d5fec14ca9d5f8c6/Makefile.in#L114,"###############################################################################
# Global make rules",[],Autotool,0,114,115
3413,mcarcady/lnp-forge,https://github.com/mcarcady/lnp-forge/blob/be2cdcea2469a5c4f121cf80d5fec14ca9d5f8c6/Makefile.in#L117,"# If any extra MAKEFLAGS were added, re-run ourselves
# See top of file for an explanation of why this is needed...",[],Autotool,0,117,118
3413,mcarcady/lnp-forge,https://github.com/mcarcady/lnp-forge/blob/be2cdcea2469a5c4f121cf80d5fec14ca9d5f8c6/Makefile.in#L121,"# Somehow, the new auto-completion for make in the recent distributions
# trigger a behavior where our Makefile calls itself recursively, in a
# never-ending loop (except on lack of ressources, swap, PIDs...)
# Avoid this situation by cutting the recursion short at the first
# level.
# This has the side effect of only showing the real targets, and hiding our
# internal ones. :-)",[],Autotool,0,121,127
3413,mcarcady/lnp-forge,https://github.com/mcarcady/lnp-forge/blob/be2cdcea2469a5c4f121cf80d5fec14ca9d5f8c6/Makefile.in#L137,"# There were no additional MAKEFLAGS to add, do the job",[],Autotool,0,137,137
3413,mcarcady/lnp-forge,https://github.com/mcarcady/lnp-forge/blob/be2cdcea2469a5c4f121cf80d5fec14ca9d5f8c6/Makefile.in#L157,"###############################################################################
# Specific make rules",[],Autotool,0,157,158
3413,mcarcady/lnp-forge,https://github.com/mcarcady/lnp-forge/blob/be2cdcea2469a5c4f121cf80d5fec14ca9d5f8c6/Makefile.in#L160,"#--------------------------------------
# Build rules",[],Autotool,0,160,161
3413,mcarcady/lnp-forge,https://github.com/mcarcady/lnp-forge/blob/be2cdcea2469a5c4f121cf80d5fec14ca9d5f8c6/Makefile.in#L194,"# We create a script fragment that is parseable from inside a Makefile,
# and one from inside a shell script",[],Autotool,0,194,195
3413,mcarcady/lnp-forge,https://github.com/mcarcady/lnp-forge/blob/be2cdcea2469a5c4f121cf80d5fec14ca9d5f8c6/Makefile.in#L251,"#--------------------------------------
# Clean rules",[],Autotool,0,251,252
3413,mcarcady/lnp-forge,https://github.com/mcarcady/lnp-forge/blob/be2cdcea2469a5c4f121cf80d5fec14ca9d5f8c6/Makefile.in#L271,"#--------------------------------------
# Check for --local setup",[],Autotool,0,271,272
3413,mcarcady/lnp-forge,https://github.com/mcarcady/lnp-forge/blob/be2cdcea2469a5c4f121cf80d5fec14ca9d5f8c6/Makefile.in#L284,"#--------------------------------------
# Install rules",[],Autotool,0,284,285
3413,mcarcady/lnp-forge,https://github.com/mcarcady/lnp-forge/blob/be2cdcea2469a5c4f121cf80d5fec14ca9d5f8c6/Makefile.in#L293,"# If one is hacking crosstool-NG, the patch set might change between any two
# installations of the same VERSION, thus the patches must be removed prior
# to being installed. It is the responsibility of the user to call uninstall
# first, if (s)he deems it necessary",[],Autotool,0,293,296
3413,mcarcady/lnp-forge,https://github.com/mcarcady/lnp-forge/blob/be2cdcea2469a5c4f121cf80d5fec14ca9d5f8c6/Makefile.in#L306,# Huh? It seems we need at least one command to make this rule kick-in.,[],Autotool,0,306,306
3413,mcarcady/lnp-forge,https://github.com/mcarcady/lnp-forge/blob/be2cdcea2469a5c4f121cf80d5fec14ca9d5f8c6/Makefile.in#L309,"# Huh? that one does not inherit the -opy dependency, above...",[],Autotool,0,309,309
3413,mcarcady/lnp-forge,https://github.com/mcarcady/lnp-forge/blob/be2cdcea2469a5c4f121cf80d5fec14ca9d5f8c6/Makefile.in#L332,"#--------------------------------------
# Uninstall rules",[],Autotool,0,332,333
3413,mcarcady/lnp-forge,https://github.com/mcarcady/lnp-forge/blob/be2cdcea2469a5c4f121cf80d5fec14ca9d5f8c6/Makefile.in#L345,# Not --local,[],Autotool,6,345,345
3413,mcarcady/lnp-forge,https://github.com/mcarcady/lnp-forge/blob/be2cdcea2469a5c4f121cf80d5fec14ca9d5f8c6/Makefile.in#L347,# No extra MAKEFLAGS were added,[],Autotool,6,347,347
3413,mcarcady/lnp-forge,https://github.com/mcarcady/lnp-forge/blob/be2cdcea2469a5c4f121cf80d5fec14ca9d5f8c6/configure.ac#L1,"#################################################################
# lnp-forge and this file are based on the crosstool-NG software.
# (copyright 2007 Yann E. MORIN - licensed under the GPL v2)
# Adapted by McArcady (https://github.com/McArcady/lnp-forge).
#################################################################",[],Autotool,0,1,5
3413,mcarcady/lnp-forge,https://github.com/mcarcady/lnp-forge/blob/be2cdcea2469a5c4f121cf80d5fec14ca9d5f8c6/configure.ac#L7,"#                                               -*- Autoconf -*-
# Process this file with autoconf to produce a configure script.",[],Autotool,0,7,8
3413,mcarcady/lnp-forge,https://github.com/mcarcady/lnp-forge/blob/be2cdcea2469a5c4f121cf80d5fec14ca9d5f8c6/configure.ac#L21,"#--------------------------------------------------------------------
# A few helper macros",[],Autotool,0,21,22
3413,mcarcady/lnp-forge,https://github.com/mcarcady/lnp-forge/blob/be2cdcea2469a5c4f121cf80d5fec14ca9d5f8c6/configure.ac#L24,# Check for required tool,[],Autotool,0,24,24
3413,mcarcady/lnp-forge,https://github.com/mcarcady/lnp-forge/blob/be2cdcea2469a5c4f121cf80d5fec14ca9d5f8c6/configure.ac#L33,"# Check for required tool, set variable to full pathname",[],Autotool,0,33,33
3413,mcarcady/lnp-forge,https://github.com/mcarcady/lnp-forge/blob/be2cdcea2469a5c4f121cf80d5fec14ca9d5f8c6/configure.ac#L44,# Check for required program,[],Autotool,0,44,44
3413,mcarcady/lnp-forge,https://github.com/mcarcady/lnp-forge/blob/be2cdcea2469a5c4f121cf80d5fec14ca9d5f8c6/configure.ac#L53,# Check for path to required program,[],Autotool,0,53,53
3413,mcarcady/lnp-forge,https://github.com/mcarcady/lnp-forge/blob/be2cdcea2469a5c4f121cf80d5fec14ca9d5f8c6/configure.ac#L62,# Set the kconfig option,[],Autotool,0,62,62
3413,mcarcady/lnp-forge,https://github.com/mcarcady/lnp-forge/blob/be2cdcea2469a5c4f121cf80d5fec14ca9d5f8c6/configure.ac#L71,"#--------------------------------------------------------------------
# Allow dummy --{en,dis}able-{static,shared}",[],Autotool,0,71,72
3413,mcarcady/lnp-forge,https://github.com/mcarcady/lnp-forge/blob/be2cdcea2469a5c4f121cf80d5fec14ca9d5f8c6/configure.ac#L90,"#---------------------------------------------------------------------
# Check for --build and --host...",[],Autotool,0,90,91
3413,mcarcady/lnp-forge,https://github.com/mcarcady/lnp-forge/blob/be2cdcea2469a5c4f121cf80d5fec14ca9d5f8c6/configure.ac#L94,# ... but refuse --target,[],Autotool,0,94,94
3413,mcarcady/lnp-forge,https://github.com/mcarcady/lnp-forge/blob/be2cdcea2469a5c4f121cf80d5fec14ca9d5f8c6/configure.ac#L98,"# Allow program name tranformation (--program-{prefix,suffix,transform-name})",[],Autotool,0,98,98
3413,mcarcady/lnp-forge,https://github.com/mcarcady/lnp-forge/blob/be2cdcea2469a5c4f121cf80d5fec14ca9d5f8c6/configure.ac#L101,"#---------------------------------------------------------------------
# Initial checks that are usually done first (I don't know why, that's
# just what I seem to experience...)
#---------------------------------------------------------------------",[],Autotool,0,101,104
3413,mcarcady/lnp-forge,https://github.com/mcarcady/lnp-forge/blob/be2cdcea2469a5c4f121cf80d5fec14ca9d5f8c6/configure.ac#L138,"#--------------------------------------------------------------------
# A bunch of boring tests...
#--------------------------------------------------------------------",[],Autotool,0,138,140
3413,mcarcady/lnp-forge,https://github.com/mcarcady/lnp-forge/blob/be2cdcea2469a5c4f121cf80d5fec14ca9d5f8c6/configure.ac#L165,"#--------------------------------------------------------------------
# Still boring, but remember the path, now...
#--------------------------------------------------------------------",[],Autotool,0,165,167
3413,mcarcady/lnp-forge,https://github.com/mcarcady/lnp-forge/blob/be2cdcea2469a5c4f121cf80d5fec14ca9d5f8c6/configure.ac#L170,"#--------------------------------------------------------------------
# And a bunch of less boring tests...
#--------------------------------------------------------------------
# We need a bash that is >= 3.1",[],Autotool,0,170,173
3413,mcarcady/lnp-forge,https://github.com/mcarcady/lnp-forge/blob/be2cdcea2469a5c4f121cf80d5fec14ca9d5f8c6/configure.ac#L188,# We need a awk that *is* GNU awk,[],Autotool,0,188,188
3413,mcarcady/lnp-forge,https://github.com/mcarcady/lnp-forge/blob/be2cdcea2469a5c4f121cf80d5fec14ca9d5f8c6/configure.ac#L203,"#----------------------------------------
# Check for GNU make 3.80 or above",[],Autotool,0,203,204
3413,mcarcady/lnp-forge,https://github.com/mcarcady/lnp-forge/blob/be2cdcea2469a5c4f121cf80d5fec14ca9d5f8c6/configure.ac#L220,"# Check for GNU make 3.81 exactly, otherwise
# it will be built as a companion tool.",[],Autotool,0,220,221
3413,mcarcady/lnp-forge,https://github.com/mcarcady/lnp-forge/blob/be2cdcea2469a5c4f121cf80d5fec14ca9d5f8c6/configure.ac#L234,"#----------------------------------------
# Check for cmake",[],Autotool,0,234,235
3413,mcarcady/lnp-forge,https://github.com/mcarcady/lnp-forge/blob/be2cdcea2469a5c4f121cf80d5fec14ca9d5f8c6/configure.ac#L241,"#----------------------------------------
# Check for qmake >= 4",[],Autotool,0,241,242
3413,mcarcady/lnp-forge,https://github.com/mcarcady/lnp-forge/blob/be2cdcea2469a5c4f121cf80d5fec14ca9d5f8c6/configure.ac#L248,"#----------------------------------------
# Check for libtoolize >= 1.5.26",[],Autotool,0,248,249
3413,mcarcady/lnp-forge,https://github.com/mcarcady/lnp-forge/blob/be2cdcea2469a5c4f121cf80d5fec14ca9d5f8c6/configure.ac#L264,"#----------------------------------------
# Check for automake >= 1.10",[],Autotool,0,264,265
3413,mcarcady/lnp-forge,https://github.com/mcarcady/lnp-forge/blob/be2cdcea2469a5c4f121cf80d5fec14ca9d5f8c6/configure.ac#L280,"#----------------------------------------
# Gperf 3.1 started generating functions with size_t rather than unsigned int",[],Autotool,0,280,281
3413,mcarcady/lnp-forge,https://github.com/mcarcady/lnp-forge/blob/be2cdcea2469a5c4f121cf80d5fec14ca9d5f8c6/configure.ac#L296,"#----------------------------------------
# Check for Tcl >= 8.0",[],Autotool,0,296,297
3413,mcarcady/lnp-forge,https://github.com/mcarcady/lnp-forge/blob/be2cdcea2469a5c4f121cf80d5fec14ca9d5f8c6/configure.ac#L300,"#----------------------------------------
# Check for Python and module python-tk",[],Autotool,0,300,301
3413,mcarcady/lnp-forge,https://github.com/mcarcady/lnp-forge/blob/be2cdcea2469a5c4f121cf80d5fec14ca9d5f8c6/configure.ac#L308,"#----------------------------------------
# Check for Java >= 8",[],Autotool,0,308,309
