repoIndex,repoName,linkLocation,comment,keywords,buildSysteminFile,charPosition,startLine,endLine
3606,hasse69/rar2fs,https://github.com/hasse69/rar2fs/blob/f2e789373665ea91d5306e40c659fd255b325152/configure.ac#L1,"#                                               -*- Autoconf -*-
# Process this file with autoconf to produce a configure script.",[],Autotool,0,1,2
3606,hasse69/rar2fs,https://github.com/hasse69/rar2fs/blob/f2e789373665ea91d5306e40c659fd255b325152/configure.ac#L16,# Save CFLAGS (if defined by user; othwerwise NONE),[],Autotool,0,16,16
3606,hasse69/rar2fs,https://github.com/hasse69/rar2fs/blob/f2e789373665ea91d5306e40c659fd255b325152/configure.ac#L21,# Checks for programs.,[],Autotool,0,21,21
3606,hasse69/rar2fs,https://github.com/hasse69/rar2fs/blob/f2e789373665ea91d5306e40c659fd255b325152/configure.ac#L35,# Checks for libraries.,[],Autotool,0,35,35
3606,hasse69/rar2fs,https://github.com/hasse69/rar2fs/blob/f2e789373665ea91d5306e40c659fd255b325152/configure.ac#L37,# Checks for header files.,[],Autotool,0,37,37
3606,hasse69/rar2fs,https://github.com/hasse69/rar2fs/blob/f2e789373665ea91d5306e40c659fd255b325152/configure.ac#L44,"# Checks for typedefs, structures, and compiler characteristics.",[],Autotool,0,44,44
3606,hasse69/rar2fs,https://github.com/hasse69/rar2fs/blob/f2e789373665ea91d5306e40c659fd255b325152/configure.ac#L46,"# Use C++ context when checking for <stdbool.h>.
# Some platforms seems to fail in detecting stdbool.h properly
# due to the IBM ""xlc bug"" when gcc is used!?",[],Autotool,0,46,48
3606,hasse69/rar2fs,https://github.com/hasse69/rar2fs/blob/f2e789373665ea91d5306e40c659fd255b325152/configure.ac#L94,# program worked correctly,[],Autotool,2,94,94
3606,hasse69/rar2fs,https://github.com/hasse69/rar2fs/blob/f2e789373665ea91d5306e40c659fd255b325152/configure.ac#L98,# program failed,[],Autotool,2,98,98
3606,hasse69/rar2fs,https://github.com/hasse69/rar2fs/blob/f2e789373665ea91d5306e40c659fd255b325152/configure.ac#L104,# we are cross compiling,[],Autotool,2,104,104
3606,hasse69/rar2fs,https://github.com/hasse69/rar2fs/blob/f2e789373665ea91d5306e40c659fd255b325152/configure.ac#L111,#include <signal.h>]]),[],Autotool,53,111,111
3606,hasse69/rar2fs,https://github.com/hasse69/rar2fs/blob/f2e789373665ea91d5306e40c659fd255b325152/configure.ac#L113,# Checks for library functions.,[],Autotool,0,113,113
3606,hasse69/rar2fs,https://github.com/hasse69/rar2fs/blob/f2e789373665ea91d5306e40c659fd255b325152/configure.ac#L121,"########################################################
# Check for extended attribute support",[],Autotool,0,121,122
3606,hasse69/rar2fs,https://github.com/hasse69/rar2fs/blob/f2e789373665ea91d5306e40c659fd255b325152/configure.ac#L127,"########################################################
# Do xattr functions take additional options like on Darwin?",[],Autotool,0,127,128
3606,hasse69/rar2fs,https://github.com/hasse69/rar2fs/blob/f2e789373665ea91d5306e40c659fd255b325152/configure.ac#L134,"#include <sys/types.h>
#if HAVE_ATTR_XATTR_H
#include <attr/xattr.h>
#elif HAVE_SYS_XATTR_H
#include <sys/xattr.h>
#endif",[],Autotool,24,134,139
3606,hasse69/rar2fs,https://github.com/hasse69/rar2fs/blob/f2e789373665ea91d5306e40c659fd255b325152/configure.ac#L151,"# Check for GNU library extension fmemopen()
#",[],Autotool,0,151,152
3606,hasse69/rar2fs,https://github.com/hasse69/rar2fs/blob/f2e789373665ea91d5306e40c659fd255b325152/configure.ac#L155,"# Check for lockf() and/or flock()
# On eg. OpenSolaris there is only a POSIX lockf() function.
# ",[],Autotool,0,155,157
3606,hasse69/rar2fs,https://github.com/hasse69/rar2fs/blob/f2e789373665ea91d5306e40c659fd255b325152/configure.ac#L160,"# Check for mmap() system call
#",[],Autotool,0,160,161
3606,hasse69/rar2fs,https://github.com/hasse69/rar2fs/blob/f2e789373665ea91d5306e40c659fd255b325152/configure.ac#L173,"########################################################
# Check if backtrace functions needs a lib",[],Autotool,0,173,174
3606,hasse69/rar2fs,https://github.com/hasse69/rar2fs/blob/f2e789373665ea91d5306e40c659fd255b325152/configure.ac#L290,"# FUSE might need these later if eg. -static is set in LDFLAGS. Use a generic 
# function like main() here since all we need is to verify if the library
# exists or not and then append it to LIBS.",[],Autotool,0,290,292
3606,hasse69/rar2fs,https://github.com/hasse69/rar2fs/blob/f2e789373665ea91d5306e40c659fd255b325152/configure.ac#L323,# fuse_version() became available for the first time in fuse 2.7,[],Autotool,0,323,323
3606,hasse69/rar2fs,https://github.com/hasse69/rar2fs/blob/f2e789373665ea91d5306e40c659fd255b325152/configure.ac#L329,"########################################################
# Check for a supported FUSE_MAJOR_VERSION.",[],Autotool,0,329,330
3606,hasse69/rar2fs,https://github.com/hasse69/rar2fs/blob/f2e789373665ea91d5306e40c659fd255b325152/configure.ac#L352,########################################################,[],Autotool,0,352,352
3606,hasse69/rar2fs,https://github.com/hasse69/rar2fs/blob/f2e789373665ea91d5306e40c659fd255b325152/configure.ac#L354,"########################################################
# Check for cygfuse",[],Autotool,0,354,355
3606,hasse69/rar2fs,https://github.com/hasse69/rar2fs/blob/f2e789373665ea91d5306e40c659fd255b325152/configure.ac#L358,#include <fuse.h>,[],Autotool,5,358,358
3606,hasse69/rar2fs,https://github.com/hasse69/rar2fs/blob/f2e789373665ea91d5306e40c659fd255b325152/configure.ac#L360,#ifndef FSP_FUSE_API,[],Autotool,5,360,360
3606,hasse69/rar2fs,https://github.com/hasse69/rar2fs/blob/f2e789373665ea91d5306e40c659fd255b325152/configure.ac#L361,#error need -DCYGFUSE,[],Autotool,9,361,361
3606,hasse69/rar2fs,https://github.com/hasse69/rar2fs/blob/f2e789373665ea91d5306e40c659fd255b325152/configure.ac#L362,#endif,[],Autotool,5,362,362
3606,hasse69/rar2fs,https://github.com/hasse69/rar2fs/blob/f2e789373665ea91d5306e40c659fd255b325152/configure.ac#L370,########################################################,[],Autotool,0,370,370
3606,hasse69/rar2fs,https://github.com/hasse69/rar2fs/blob/f2e789373665ea91d5306e40c659fd255b325152/configure.ac#L423,"########################################################
# Check for matching unrar library- vs. source version",[],Autotool,4,423,424
3606,hasse69/rar2fs,https://github.com/hasse69/rar2fs/blob/f2e789373665ea91d5306e40c659fd255b325152/configure.ac#L462,########################################################,[],Autotool,4,462,462
3606,hasse69/rar2fs,https://github.com/hasse69/rar2fs/blob/f2e789373665ea91d5306e40c659fd255b325152/configure.ac#L470,"########################################################
# Check if we need to set -DRAR_SMP",[],Autotool,0,470,471
3606,hasse69/rar2fs,https://github.com/hasse69/rar2fs/blob/f2e789373665ea91d5306e40c659fd255b325152/configure.ac#L486,"#define RAR_SMP
#include ""rar.hpp""",[],Autotool,16,486,487
3606,hasse69/rar2fs,https://github.com/hasse69/rar2fs/blob/f2e789373665ea91d5306e40c659fd255b325152/configure.ac#L504,########################################################,[],Autotool,0,504,504
3606,hasse69/rar2fs,https://github.com/hasse69/rar2fs/blob/f2e789373665ea91d5306e40c659fd255b325152/configure.ac#L519,"# Check for the Linux functions for controlling processor affinity.
# LINUX: sched_setaffinity",[],Autotool,0,519,520
3606,hasse69/rar2fs,https://github.com/hasse69/rar2fs/blob/f2e789373665ea91d5306e40c659fd255b325152/configure.ac#L523,# Test for the cpu process set type,[],Autotool,4,523,523
3606,hasse69/rar2fs,https://github.com/hasse69/rar2fs/blob/f2e789373665ea91d5306e40c659fd255b325152/configure.ac#L526,"#include <sched.h>],[ cpu_set_t t; ],pac_cv_have_cpu_set_t=yes,pac_cv_have_cpu_set_t=no)])",[],Autotool,0,526,526
3606,hasse69/rar2fs,https://github.com/hasse69/rar2fs/blob/f2e789373665ea91d5306e40c659fd255b325152/configure.ac#L533,"#include <sched.h>],[ cpu_set_t t; CPU_ZERO(&t); CPU_SET(1,&t); ],",[],Autotool,0,533,533
3606,hasse69/rar2fs,https://github.com/hasse69/rar2fs/blob/f2e789373665ea91d5306e40c659fd255b325152/configure.ac#L543,#3 to scandir()]),[],Autotool,51,543,543
3606,hasse69/rar2fs,https://github.com/hasse69/rar2fs/blob/f2e789373665ea91d5306e40c659fd255b325152/configure.ac#L546,"# Check how linker handles -fno-omit-frame-pointer
# Note that AC_LANG_WERROR is not used here since it is more or less useless
# until its effect can be undone. Instead $ac_c_werror_flag is manipulated
# directly. Dirty but effective!
#",[],Autotool,0,546,550
3606,hasse69/rar2fs,https://github.com/hasse69/rar2fs/blob/f2e789373665ea91d5306e40c659fd255b325152/configure.ac#L566,"# Check how compiler handles -Wextra
# Note that AC_LANG_WERROR is not used here since it is more or less useless
# until its effect can be undone. Instead $ac_c_werror_flag is manipulated
# directly. Dirty but effective!",[],Autotool,0,566,569
3606,hasse69/rar2fs,https://github.com/hasse69/rar2fs/blob/f2e789373665ea91d5306e40c659fd255b325152/configure.ac#L575,"#include<stdio.h>],[",[],Autotool,16,575,575
3606,hasse69/rar2fs,https://github.com/hasse69/rar2fs/blob/f2e789373665ea91d5306e40c659fd255b325152/configure.ac#L593,"# Note that AC_LANG_WERROR is not used here since it is more or less useless
# until its effect can be undone. Instead $ac_c_werror_flag is manipulated
# directly. Dirty but effective!
# Also, we check using -Wunused-result since GCC has a special treatment of
# the '-Wno-' form. If there is a -Wunused-result it is here assumed that
# there is also a -Wno-unused-result and vice versa.
#",[],Autotool,0,593,599
3606,hasse69/rar2fs,https://github.com/hasse69/rar2fs/blob/f2e789373665ea91d5306e40c659fd255b325152/configure.ac#L606,#ifndef HAVE_NO_UNUSED_RESULT,[],Autotool,0,606,606
3606,hasse69/rar2fs,https://github.com/hasse69/rar2fs/blob/f2e789373665ea91d5306e40c659fd255b325152/configure.ac#L608,"#if defined ( __GNUC__ ) && defined ( __APPLE__ )
#define NO_UNUSED_RESULT
#else
#define NO_UNUSED_RESULT \",[],Autotool,0,608,611
3606,hasse69/rar2fs,https://github.com/hasse69/rar2fs/blob/f2e789373665ea91d5306e40c659fd255b325152/configure.ac#L612,## __LINE__ ## _;\,[],Autotool,29,612,612
3606,hasse69/rar2fs,https://github.com/hasse69/rar2fs/blob/f2e789373665ea91d5306e40c659fd255b325152/configure.ac#L613,## __LINE__ ## _; /* avoid GCC unused-but-set-variable warning */ \,[],Autotool,30,613,613
3606,hasse69/rar2fs,https://github.com/hasse69/rar2fs/blob/f2e789373665ea91d5306e40c659fd255b325152/configure.ac#L614,## __LINE__ ## _=(void*)(uintptr_t),[],Autotool,24,614,614
3606,hasse69/rar2fs,https://github.com/hasse69/rar2fs/blob/f2e789373665ea91d5306e40c659fd255b325152/configure.ac#L615,"#endif
#else
#define NO_UNUSED_RESULT
#endif",[],Autotool,0,615,618
3606,hasse69/rar2fs,https://github.com/hasse69/rar2fs/blob/f2e789373665ea91d5306e40c659fd255b325152/configure.ac#L625,"#include<stdio.h>],[",[],Autotool,16,625,625
3606,hasse69/rar2fs,https://github.com/hasse69/rar2fs/blob/f2e789373665ea91d5306e40c659fd255b325152/configure.ac#L659,"# Check how linker handles -rdynamic
# Note that AC_LANG_WERROR is not used here since it is more or less useless
# until its effect can be undone. Instead $ac_c_werror_flag is manipulated
# directly. Dirty but effective!
#",[],Autotool,0,659,663
3606,hasse69/rar2fs,https://github.com/hasse69/rar2fs/blob/f2e789373665ea91d5306e40c659fd255b325152/configure.ac#L696,"# Check for GNU style dirname (modifies input argument, thread safe).
# If we are cross-compiling we cannot determine this so use the fallback.
# The latter should not perform much worse than the actual GNU C Library
# version of dirname(3). The fallback will be used on platforms such as
# Mac OS X, which lacks a thread safe GNU style dirname(3) implementation.",[],Autotool,0,696,700
3606,hasse69/rar2fs,https://github.com/hasse69/rar2fs/blob/f2e789373665ea91d5306e40c659fd255b325152/configure.ac#L726,"# Check if we have errno ENOATTR, typically not on Linux",[],Autotool,0,726,726
3606,hasse69/rar2fs,https://github.com/hasse69/rar2fs/blob/f2e789373665ea91d5306e40c659fd255b325152/configure.ac#L730,"#include <errno.h>], [return ENOATTR;],",[],Autotool,16,730,730
3606,hasse69/rar2fs,https://github.com/hasse69/rar2fs/blob/f2e789373665ea91d5306e40c659fd255b325152/configure.ac#L743,"# Do some final preparations before we finish
#",[],Autotool,0,743,744
