repoIndex,repoName,linkLocation,comment,keywords,buildSysteminFile,charPosition,startLine,endLine
4182,zenkovich/o2,https://github.com/zenkovich/o2/blob/161c2143068b55bed1f5c01797ed10becec7591a/Framework/3rdPartyLibs/Box2D/CMakeLists.txt#L175,# These are used to create visual studio folders.,[],CMake,0,175,175
4182,zenkovich/o2,https://github.com/zenkovich/o2/blob/161c2143068b55bed1f5c01797ed10becec7591a/Framework/3rdPartyLibs/Box2D/CMakeLists.txt#L186,# install headers,[],CMake,1,186,186
4182,zenkovich/o2,https://github.com/zenkovich/o2/blob/161c2143068b55bed1f5c01797ed10becec7591a/Framework/3rdPartyLibs/Box2D/CMakeLists.txt#L196,# install libraries,[],CMake,1,196,196
4182,zenkovich/o2,https://github.com/zenkovich/o2/blob/161c2143068b55bed1f5c01797ed10becec7591a/Framework/3rdPartyLibs/Box2D/CMakeLists.txt#L204,# install build system hooks for third-party apps,[],CMake,1,204,204
4182,zenkovich/o2,https://github.com/zenkovich/o2/blob/161c2143068b55bed1f5c01797ed10becec7591a/Framework/3rdPartyLibs/jerryscript/CMakeLists.txt#L1,"# Copyright JS Foundation and other contributors, http://js.foundation
#
# Licensed under the Apache License, Version 2.0 (the ""License"");
# you may not use this file except in compliance with the License.
# You may obtain a copy of the License at
#
#     http://www.apache.org/licenses/LICENSE-2.0
#
# Unless required by applicable law or agreed to in writing, software
# distributed under the License is distributed on an ""AS IS"" BASIS
# WITHOUT WARRANTIES OR CONDITIONS OF ANY KIND, either express or implied.
# See the License for the specific language governing permissions and
# limitations under the License.",[],CMake,0,1,13
4182,zenkovich/o2,https://github.com/zenkovich/o2/blob/161c2143068b55bed1f5c01797ed10becec7591a/Framework/3rdPartyLibs/jerryscript/CMakeLists.txt#L18,# Determining version,[],CMake,0,18,18
4182,zenkovich/o2,https://github.com/zenkovich/o2/blob/161c2143068b55bed1f5c01797ed10becec7591a/Framework/3rdPartyLibs/jerryscript/CMakeLists.txt#L23,# Determining platform,[],CMake,0,23,23
4182,zenkovich/o2,https://github.com/zenkovich/o2/blob/161c2143068b55bed1f5c01797ed10becec7591a/Framework/3rdPartyLibs/jerryscript/CMakeLists.txt#L27,# Determining compiler,[],CMake,0,27,27
4182,zenkovich/o2,https://github.com/zenkovich/o2/blob/161c2143068b55bed1f5c01797ed10becec7591a/Framework/3rdPartyLibs/jerryscript/CMakeLists.txt#L44,# Determining build type,[],CMake,0,44,44
4182,zenkovich/o2,https://github.com/zenkovich/o2/blob/161c2143068b55bed1f5c01797ed10becec7591a/Framework/3rdPartyLibs/jerryscript/CMakeLists.txt#L49,# Optional components,[],CMake,0,49,49
4182,zenkovich/o2,https://github.com/zenkovich/o2/blob/161c2143068b55bed1f5c01797ed10becec7591a/Framework/3rdPartyLibs/jerryscript/CMakeLists.txt#L60,# Optional build settings,[],CMake,0,60,60
4182,zenkovich/o2,https://github.com/zenkovich/o2/blob/161c2143068b55bed1f5c01797ed10becec7591a/Framework/3rdPartyLibs/jerryscript/CMakeLists.txt#L67,# Option overrides,[],CMake,0,67,67
4182,zenkovich/o2,https://github.com/zenkovich/o2/blob/161c2143068b55bed1f5c01797ed10becec7591a/Framework/3rdPartyLibs/jerryscript/CMakeLists.txt#L120,# Generate compile_commands.json,[],CMake,0,120,120
4182,zenkovich/o2,https://github.com/zenkovich/o2/blob/161c2143068b55bed1f5c01797ed10becec7591a/Framework/3rdPartyLibs/jerryscript/CMakeLists.txt#L123,# Status messages,[],CMake,0,123,123
4182,zenkovich/o2,https://github.com/zenkovich/o2/blob/161c2143068b55bed1f5c01797ed10becec7591a/Framework/3rdPartyLibs/jerryscript/CMakeLists.txt#L144,"# Setup directories
# Note: This mimics a conventional file system layout in the build directory for
# the sake of convenient location of build artefacts. Proper installation to
# traditional locations is also supported, e.g., to /usr/local.",[],CMake,0,144,147
4182,zenkovich/o2,https://github.com/zenkovich/o2/blob/161c2143068b55bed1f5c01797ed10becec7591a/Framework/3rdPartyLibs/jerryscript/CMakeLists.txt#L152,# Remove rdynamic option,[],CMake,0,152,152
4182,zenkovich/o2,https://github.com/zenkovich/o2/blob/161c2143068b55bed1f5c01797ed10becec7591a/Framework/3rdPartyLibs/jerryscript/CMakeLists.txt#L155,"# Compile/link flags
# Helper macros",[],CMake,0,155,156
4182,zenkovich/o2,https://github.com/zenkovich/o2/blob/161c2143068b55bed1f5c01797ed10becec7591a/Framework/3rdPartyLibs/jerryscript/CMakeLists.txt#L178,# Architecture-specific compile/link flags,[],CMake,0,178,178
4182,zenkovich/o2,https://github.com/zenkovich/o2/blob/161c2143068b55bed1f5c01797ed10becec7591a/Framework/3rdPartyLibs/jerryscript/CMakeLists.txt#L182,# LTO,[],CMake,0,182,182
4182,zenkovich/o2,https://github.com/zenkovich/o2/blob/161c2143068b55bed1f5c01797ed10becec7591a/Framework/3rdPartyLibs/jerryscript/CMakeLists.txt#L190,# Use gcc-ar and gcc-ranlib to support LTO,[],CMake,4,190,190
4182,zenkovich/o2,https://github.com/zenkovich/o2/blob/161c2143068b55bed1f5c01797ed10becec7591a/Framework/3rdPartyLibs/jerryscript/CMakeLists.txt#L199,# Compiler / Linker flags,[],CMake,0,199,199
4182,zenkovich/o2,https://github.com/zenkovich/o2/blob/161c2143068b55bed1f5c01797ed10becec7591a/Framework/3rdPartyLibs/jerryscript/CMakeLists.txt#L236,# Disable MSVC warning 4996 globally because it stops us from using standard C functions.,[],CMake,2,236,236
4182,zenkovich/o2,https://github.com/zenkovich/o2/blob/161c2143068b55bed1f5c01797ed10becec7591a/Framework/3rdPartyLibs/jerryscript/CMakeLists.txt#L244,# Strip binary,[],CMake,0,244,244
4182,zenkovich/o2,https://github.com/zenkovich/o2/blob/161c2143068b55bed1f5c01797ed10becec7591a/Framework/3rdPartyLibs/jerryscript/CMakeLists.txt#L249,# External compiler & linker flags,[],CMake,0,249,249
4182,zenkovich/o2,https://github.com/zenkovich/o2/blob/161c2143068b55bed1f5c01797ed10becec7591a/Framework/3rdPartyLibs/jerryscript/CMakeLists.txt#L258,# Used as placeholder to attach amalgamated build targets to,[],CMake,0,258,258
4182,zenkovich/o2,https://github.com/zenkovich/o2/blob/161c2143068b55bed1f5c01797ed10becec7591a/Framework/3rdPartyLibs/jerryscript/CMakeLists.txt#L261,# Jerry's libm,[],CMake,0,261,261
4182,zenkovich/o2,https://github.com/zenkovich/o2/blob/161c2143068b55bed1f5c01797ed10becec7591a/Framework/3rdPartyLibs/jerryscript/CMakeLists.txt#L266,# Jerry's core,[],CMake,0,266,266
4182,zenkovich/o2,https://github.com/zenkovich/o2/blob/161c2143068b55bed1f5c01797ed10becec7591a/Framework/3rdPartyLibs/jerryscript/CMakeLists.txt#L269,# Jerry's extension tools,[],CMake,0,269,269
4182,zenkovich/o2,https://github.com/zenkovich/o2/blob/161c2143068b55bed1f5c01797ed10becec7591a/Framework/3rdPartyLibs/jerryscript/CMakeLists.txt#L274,# Jerry's default port implementation,[],CMake,0,274,274
4182,zenkovich/o2,https://github.com/zenkovich/o2/blob/161c2143068b55bed1f5c01797ed10becec7591a/Framework/3rdPartyLibs/jerryscript/CMakeLists.txt#L279,# Jerry command line tool,[],CMake,0,279,279
4182,zenkovich/o2,https://github.com/zenkovich/o2/blob/161c2143068b55bed1f5c01797ed10becec7591a/Framework/3rdPartyLibs/jerryscript/CMakeLists.txt#L284,# Unittests,[],CMake,0,284,284
4182,zenkovich/o2,https://github.com/zenkovich/o2/blob/161c2143068b55bed1f5c01797ed10becec7591a/Framework/3rdPartyLibs/jerryscript/CMakeLists.txt#L295,# Doctests,[],CMake,0,295,295
4182,zenkovich/o2,https://github.com/zenkovich/o2/blob/161c2143068b55bed1f5c01797ed10becec7591a/Framework/3rdPartyLibs/jerryscript/jerry-core/CMakeLists.txt#L1,"# Copyright JS Foundation and other contributors, http://js.foundation
#
# Licensed under the Apache License, Version 2.0 (the ""License"");
# you may not use this file except in compliance with the License.
# You may obtain a copy of the License at
#
#     http://www.apache.org/licenses/LICENSE-2.0
#
# Unless required by applicable law or agreed to in writing, software
# distributed under the License is distributed on an ""AS IS"" BASIS
# WITHOUT WARRANTIES OR CONDITIONS OF ANY KIND, either express or implied.
# See the License for the specific language governing permissions and
# limitations under the License.",[],CMake,0,1,13
4182,zenkovich/o2,https://github.com/zenkovich/o2/blob/161c2143068b55bed1f5c01797ed10becec7591a/Framework/3rdPartyLibs/jerryscript/jerry-core/CMakeLists.txt#L21,# Optional features,[],CMake,0,21,21
4182,zenkovich/o2,https://github.com/zenkovich/o2/blob/161c2143068b55bed1f5c01797ed10becec7591a/Framework/3rdPartyLibs/jerryscript/jerry-core/CMakeLists.txt#L45,# Option overrides,[],CMake,0,45,45
4182,zenkovich/o2,https://github.com/zenkovich/o2/blob/161c2143068b55bed1f5c01797ed10becec7591a/Framework/3rdPartyLibs/jerryscript/jerry-core/CMakeLists.txt#L78,# Status messages,[],CMake,0,78,78
4182,zenkovich/o2,https://github.com/zenkovich/o2/blob/161c2143068b55bed1f5c01797ed10becec7591a/Framework/3rdPartyLibs/jerryscript/jerry-core/CMakeLists.txt#L102,# Include directories,[],CMake,0,102,102
4182,zenkovich/o2,https://github.com/zenkovich/o2/blob/161c2143068b55bed1f5c01797ed10becec7591a/Framework/3rdPartyLibs/jerryscript/jerry-core/CMakeLists.txt#L120,# for jerry-port,[],CMake,61,120,120
4182,zenkovich/o2,https://github.com/zenkovich/o2/blob/161c2143068b55bed1f5c01797ed10becec7591a/Framework/3rdPartyLibs/jerryscript/jerry-core/CMakeLists.txt#L121,# for tests/unit-core,[],CMake,63,121,121
4182,zenkovich/o2,https://github.com/zenkovich/o2/blob/161c2143068b55bed1f5c01797ed10becec7591a/Framework/3rdPartyLibs/jerryscript/jerry-core/CMakeLists.txt#L123,"# Sources
# Jerry core",[],CMake,0,123,124
4182,zenkovich/o2,https://github.com/zenkovich/o2/blob/161c2143068b55bed1f5c01797ed10becec7591a/Framework/3rdPartyLibs/jerryscript/jerry-core/CMakeLists.txt#L312,"# Amalgamated JerryScript source/header build.
#  The process will create the following files:
#   * jerryscript.c
#   * jerryscript.h
#   * jerryscript-config.h",[],CMake,0,312,316
4182,zenkovich/o2,https://github.com/zenkovich/o2/blob/161c2143068b55bed1f5c01797ed10becec7591a/Framework/3rdPartyLibs/jerryscript/jerry-core/CMakeLists.txt#L319,# Create single C/H file,[],CMake,2,319,319
4182,zenkovich/o2,https://github.com/zenkovich/o2/blob/161c2143068b55bed1f5c01797ed10becec7591a/Framework/3rdPartyLibs/jerryscript/jerry-core/CMakeLists.txt#L473,# Generated files,[],CMake,2,473,473
4182,zenkovich/o2,https://github.com/zenkovich/o2/blob/161c2143068b55bed1f5c01797ed10becec7591a/Framework/3rdPartyLibs/jerryscript/jerry-core/CMakeLists.txt#L487,"# The ""true"" jerryscript-config.h will be generated by the configure_file below,
# which contains the default options and the ones passed for the CMake.
# The input for this is the jerryscript-config.h generated by the command above.",[],CMake,2,487,489
4182,zenkovich/o2,https://github.com/zenkovich/o2/blob/161c2143068b55bed1f5c01797ed10becec7591a/Framework/3rdPartyLibs/jerryscript/jerry-core/CMakeLists.txt#L500,"# Third-party
# Valgrind",[],CMake,0,500,501
4182,zenkovich/o2,https://github.com/zenkovich/o2/blob/161c2143068b55bed1f5c01797ed10becec7591a/Framework/3rdPartyLibs/jerryscript/jerry-core/CMakeLists.txt#L504,# build mode specific compile/link flags,[],CMake,0,504,504
4182,zenkovich/o2,https://github.com/zenkovich/o2/blob/161c2143068b55bed1f5c01797ed10becec7591a/Framework/3rdPartyLibs/jerryscript/jerry-core/CMakeLists.txt#L507,# Jerry heap-section,[],CMake,0,507,507
4182,zenkovich/o2,https://github.com/zenkovich/o2/blob/161c2143068b55bed1f5c01797ed10becec7591a/Framework/3rdPartyLibs/jerryscript/jerry-core/CMakeLists.txt#L512,# Memory usage limit for triggering garbage collection,[],CMake,0,512,512
4182,zenkovich/o2,https://github.com/zenkovich/o2/blob/161c2143068b55bed1f5c01797ed10becec7591a/Framework/3rdPartyLibs/jerryscript/jerry-core/CMakeLists.txt#L517,# Helper macro to set 0/1 switch as Jerry Defines,[],CMake,0,517,517
4182,zenkovich/o2,https://github.com/zenkovich/o2/blob/161c2143068b55bed1f5c01797ed10becec7591a/Framework/3rdPartyLibs/jerryscript/jerry-core/CMakeLists.txt#L526,"# Checks the optional features
# Enable 32 bit cpointers",[],CMake,0,526,527
4182,zenkovich/o2,https://github.com/zenkovich/o2/blob/161c2143068b55bed1f5c01797ed10becec7591a/Framework/3rdPartyLibs/jerryscript/jerry-core/CMakeLists.txt#L530,# Fill error messages for builtin error objects,[],CMake,0,530,530
4182,zenkovich/o2,https://github.com/zenkovich/o2/blob/161c2143068b55bed1f5c01797ed10becec7591a/Framework/3rdPartyLibs/jerryscript/jerry-core/CMakeLists.txt#L533,# Use external context instead of static one,[],CMake,0,533,533
4182,zenkovich/o2,https://github.com/zenkovich/o2/blob/161c2143068b55bed1f5c01797ed10becec7591a/Framework/3rdPartyLibs/jerryscript/jerry-core/CMakeLists.txt#L536,# JS-Parser,[],CMake,0,536,536
4182,zenkovich/o2,https://github.com/zenkovich/o2/blob/161c2143068b55bed1f5c01797ed10becec7591a/Framework/3rdPartyLibs/jerryscript/jerry-core/CMakeLists.txt#L539,# JS line info,[],CMake,0,539,539
4182,zenkovich/o2,https://github.com/zenkovich/o2/blob/161c2143068b55bed1f5c01797ed10becec7591a/Framework/3rdPartyLibs/jerryscript/jerry-core/CMakeLists.txt#L542,# Logging,[],CMake,0,542,542
4182,zenkovich/o2,https://github.com/zenkovich/o2/blob/161c2143068b55bed1f5c01797ed10becec7591a/Framework/3rdPartyLibs/jerryscript/jerry-core/CMakeLists.txt#L545,# Memory statistics,[],CMake,0,545,545
4182,zenkovich/o2,https://github.com/zenkovich/o2/blob/161c2143068b55bed1f5c01797ed10becec7591a/Framework/3rdPartyLibs/jerryscript/jerry-core/CMakeLists.txt#L548,# Enable debugger,[],CMake,0,548,548
4182,zenkovich/o2,https://github.com/zenkovich/o2/blob/161c2143068b55bed1f5c01797ed10becec7591a/Framework/3rdPartyLibs/jerryscript/jerry-core/CMakeLists.txt#L551,# Memory management stress-test mode,[],CMake,0,551,551
4182,zenkovich/o2,https://github.com/zenkovich/o2/blob/161c2143068b55bed1f5c01797ed10becec7591a/Framework/3rdPartyLibs/jerryscript/jerry-core/CMakeLists.txt#L554,# Parser byte-code dumps,[],CMake,0,554,554
4182,zenkovich/o2,https://github.com/zenkovich/o2/blob/161c2143068b55bed1f5c01797ed10becec7591a/Framework/3rdPartyLibs/jerryscript/jerry-core/CMakeLists.txt#L557,# Profile,[],CMake,0,557,557
4182,zenkovich/o2,https://github.com/zenkovich/o2/blob/161c2143068b55bed1f5c01797ed10becec7591a/Framework/3rdPartyLibs/jerryscript/jerry-core/CMakeLists.txt#L571,"# Process entries and save them as CMake variables.
# This is required to correctly generate the jerryscript-config.h file.",[],CMake,2,571,572
4182,zenkovich/o2,https://github.com/zenkovich/o2/blob/161c2143068b55bed1f5c01797ed10becec7591a/Framework/3rdPartyLibs/jerryscript/jerry-core/CMakeLists.txt#L585,# RegExp strict mode,[],CMake,0,585,585
4182,zenkovich/o2,https://github.com/zenkovich/o2/blob/161c2143068b55bed1f5c01797ed10becec7591a/Framework/3rdPartyLibs/jerryscript/jerry-core/CMakeLists.txt#L588,# RegExp byte-code dumps,[],CMake,0,588,588
4182,zenkovich/o2,https://github.com/zenkovich/o2/blob/161c2143068b55bed1f5c01797ed10becec7591a/Framework/3rdPartyLibs/jerryscript/jerry-core/CMakeLists.txt#L591,# Snapshot exec,[],CMake,0,591,591
4182,zenkovich/o2,https://github.com/zenkovich/o2/blob/161c2143068b55bed1f5c01797ed10becec7591a/Framework/3rdPartyLibs/jerryscript/jerry-core/CMakeLists.txt#L594,# Snapshot save,[],CMake,0,594,594
4182,zenkovich/o2,https://github.com/zenkovich/o2/blob/161c2143068b55bed1f5c01797ed10becec7591a/Framework/3rdPartyLibs/jerryscript/jerry-core/CMakeLists.txt#L597,# Enable system allocator,[],CMake,0,597,597
4182,zenkovich/o2,https://github.com/zenkovich/o2/blob/161c2143068b55bed1f5c01797ed10becec7591a/Framework/3rdPartyLibs/jerryscript/jerry-core/CMakeLists.txt#L600,# Valgrind,[],CMake,0,600,600
4182,zenkovich/o2,https://github.com/zenkovich/o2/blob/161c2143068b55bed1f5c01797ed10becec7591a/Framework/3rdPartyLibs/jerryscript/jerry-core/CMakeLists.txt#L606,# Enable VM execution stopping,[],CMake,0,606,606
4182,zenkovich/o2,https://github.com/zenkovich/o2/blob/161c2143068b55bed1f5c01797ed10becec7591a/Framework/3rdPartyLibs/jerryscript/jerry-core/CMakeLists.txt#L609,# Size of heap,[],CMake,0,609,609
4182,zenkovich/o2,https://github.com/zenkovich/o2/blob/161c2143068b55bed1f5c01797ed10becec7591a/Framework/3rdPartyLibs/jerryscript/jerry-core/CMakeLists.txt#L612,# Maximum size of stack memory usage,[],CMake,0,612,612
4182,zenkovich/o2,https://github.com/zenkovich/o2/blob/161c2143068b55bed1f5c01797ed10becec7591a/Framework/3rdPartyLibs/jerryscript/jerry-core/CMakeLists.txt#L615,# Maximum depth of recursion during GC mark phase,[],CMake,0,615,615
4182,zenkovich/o2,https://github.com/zenkovich/o2/blob/161c2143068b55bed1f5c01797ed10becec7591a/Framework/3rdPartyLibs/jerryscript/jerry-core/CMakeLists.txt#L618,"## This function is to read ""config.h"" for default values",[],CMake,0,618,618
4182,zenkovich/o2,https://github.com/zenkovich/o2/blob/161c2143068b55bed1f5c01797ed10becec7591a/Framework/3rdPartyLibs/jerryscript/jerry-core/CMakeLists.txt#L622,"# match all ""#define <PREFIX>\n"" lines
# notes:
#  * before the ""#"" there must be a newline and any number of spaces.
#  * after the ""#"" there can be any number of spaces.",[],CMake,2,622,625
4182,zenkovich/o2,https://github.com/zenkovich/o2/blob/161c2143068b55bed1f5c01797ed10becec7591a/Framework/3rdPartyLibs/jerryscript/jerry-core/CMakeLists.txt#L631,# Transform the defines to a list of (<name>; <value>; <name 2>; <value 2>; ...) list,[],CMake,2,631,631
4182,zenkovich/o2,https://github.com/zenkovich/o2/blob/161c2143068b55bed1f5c01797ed10becec7591a/Framework/3rdPartyLibs/jerryscript/jerry-core/CMakeLists.txt#L633,# by default every define value is empty,[],CMake,4,633,633
4182,zenkovich/o2,https://github.com/zenkovich/o2/blob/161c2143068b55bed1f5c01797ed10becec7591a/Framework/3rdPartyLibs/jerryscript/jerry-core/CMakeLists.txt#L636,# split up the define at the space between the define name and value (if there is any),[],CMake,4,636,636
4182,zenkovich/o2,https://github.com/zenkovich/o2/blob/161c2143068b55bed1f5c01797ed10becec7591a/Framework/3rdPartyLibs/jerryscript/jerry-core/CMakeLists.txt#L638,"# first remove ""#define"" part of the string",[],CMake,4,638,638
4182,zenkovich/o2,https://github.com/zenkovich/o2/blob/161c2143068b55bed1f5c01797ed10becec7591a/Framework/3rdPartyLibs/jerryscript/jerry-core/CMakeLists.txt#L657,"# CONFIG_DEFAULTS contains define name and values which have the JERRY_ prefix
# as a list of (<name>; <value>; <name 2>; <value 2>; ...)",[],CMake,0,657,658
4182,zenkovich/o2,https://github.com/zenkovich/o2/blob/161c2143068b55bed1f5c01797ed10becec7591a/Framework/3rdPartyLibs/jerryscript/jerry-core/CMakeLists.txt#L662,## Process the default values and build options to generate build config defines,[],CMake,0,662,662
4182,zenkovich/o2,https://github.com/zenkovich/o2/blob/161c2143068b55bed1f5c01797ed10becec7591a/Framework/3rdPartyLibs/jerryscript/jerry-core/CMakeLists.txt#L672,"# ${KEY} is the value for the given variable (aka define)
# normalize ON/OFF cmake values to 1/0 for easier processing.",[],CMake,2,672,673
4182,zenkovich/o2,https://github.com/zenkovich/o2/blob/161c2143068b55bed1f5c01797ed10becec7591a/Framework/3rdPartyLibs/jerryscript/jerry-core/CMakeLists.txt#L680,"# Generate ""#define JERRY_<CONFIG> <CONFIG_VALUE>"" entries if it is different from
# the config default.",[],CMake,2,680,681
4182,zenkovich/o2,https://github.com/zenkovich/o2/blob/161c2143068b55bed1f5c01797ed10becec7591a/Framework/3rdPartyLibs/jerryscript/jerry-core/CMakeLists.txt#L683,"# If the define loaded from the config file have a different value than the
# relevant option passed for the CMake means that it does not have a default value.",[],CMake,2,683,684
4182,zenkovich/o2,https://github.com/zenkovich/o2/blob/161c2143068b55bed1f5c01797ed10becec7591a/Framework/3rdPartyLibs/jerryscript/jerry-core/CMakeLists.txt#L690,"# Generate the jerryscript-config.h file into the build directory
# This file will contain the options different from the default (aka it's the build config).",[],CMake,0,690,691
4182,zenkovich/o2,https://github.com/zenkovich/o2/blob/161c2143068b55bed1f5c01797ed10becec7591a/Framework/3rdPartyLibs/jerryscript/jerry-ext/CMakeLists.txt#L1,"# Copyright JS Foundation and other contributors, http://js.foundation
#
# Licensed under the Apache License, Version 2.0 (the ""License"");
# you may not use this file except in compliance with the License.
# You may obtain a copy of the License at
#
#     http://www.apache.org/licenses/LICENSE-2.0
#
# Unless required by applicable law or agreed to in writing, software
# distributed under the License is distributed on an ""AS IS"" BASIS
# WITHOUT WARRANTIES OR CONDITIONS OF ANY KIND, either express or implied.
# See the License for the specific language governing permissions and
# limitations under the License.",[],CMake,0,1,13
4182,zenkovich/o2,https://github.com/zenkovich/o2/blob/161c2143068b55bed1f5c01797ed10becec7591a/Framework/3rdPartyLibs/jerryscript/jerry-ext/CMakeLists.txt#L19,# Optional features,[],CMake,0,19,19
4182,zenkovich/o2,https://github.com/zenkovich/o2/blob/161c2143068b55bed1f5c01797ed10becec7591a/Framework/3rdPartyLibs/jerryscript/jerry-ext/CMakeLists.txt#L22,# Status messages,[],CMake,0,22,22
4182,zenkovich/o2,https://github.com/zenkovich/o2/blob/161c2143068b55bed1f5c01797ed10becec7591a/Framework/3rdPartyLibs/jerryscript/jerry-ext/CMakeLists.txt#L25,# Include directories,[],CMake,0,25,25
4182,zenkovich/o2,https://github.com/zenkovich/o2/blob/161c2143068b55bed1f5c01797ed10becec7591a/Framework/3rdPartyLibs/jerryscript/jerry-ext/CMakeLists.txt#L29,# for jerry-port,[],CMake,59,29,29
4182,zenkovich/o2,https://github.com/zenkovich/o2/blob/161c2143068b55bed1f5c01797ed10becec7591a/Framework/3rdPartyLibs/jerryscript/jerry-ext/CMakeLists.txt#L35,# Source directories,[],CMake,0,35,35
4182,zenkovich/o2,https://github.com/zenkovich/o2/blob/161c2143068b55bed1f5c01797ed10becec7591a/Framework/3rdPartyLibs/jerryscript/jerry-main/CMakeLists.txt#L1,"# Copyright JS Foundation and other contributors, http://js.foundation
#
# Licensed under the Apache License, Version 2.0 (the ""License"");
# you may not use this file except in compliance with the License.
# You may obtain a copy of the License at
#
#     http://www.apache.org/licenses/LICENSE-2.0
#
# Unless required by applicable law or agreed to in writing, software
# distributed under the License is distributed on an ""AS IS"" BASIS
# WITHOUT WARRANTIES OR CONDITIONS OF ANY KIND, either express or implied.
# See the License for the specific language governing permissions and
# limitations under the License.",[],CMake,0,1,13
4182,zenkovich/o2,https://github.com/zenkovich/o2/blob/161c2143068b55bed1f5c01797ed10becec7591a/Framework/3rdPartyLibs/jerryscript/jerry-main/CMakeLists.txt#L18,# Optional build settings,[],CMake,0,18,18
4182,zenkovich/o2,https://github.com/zenkovich/o2/blob/161c2143068b55bed1f5c01797ed10becec7591a/Framework/3rdPartyLibs/jerryscript/jerry-main/CMakeLists.txt#L22,# Status messages,[],CMake,0,22,22
4182,zenkovich/o2,https://github.com/zenkovich/o2/blob/161c2143068b55bed1f5c01797ed10becec7591a/Framework/3rdPartyLibs/jerryscript/jerry-main/CMakeLists.txt#L26,# Generate map file,[],CMake,0,26,26
4182,zenkovich/o2,https://github.com/zenkovich/o2/blob/161c2143068b55bed1f5c01797ed10becec7591a/Framework/3rdPartyLibs/jerryscript/jerry-main/CMakeLists.txt#L35,# Get version information from git,[],CMake,0,35,35
4182,zenkovich/o2,https://github.com/zenkovich/o2/blob/161c2143068b55bed1f5c01797ed10becec7591a/Framework/3rdPartyLibs/jerryscript/jerry-main/CMakeLists.txt#L59,# Jerry with libfuzzer support,[],CMake,0,59,59
4182,zenkovich/o2,https://github.com/zenkovich/o2/blob/161c2143068b55bed1f5c01797ed10becec7591a/Framework/3rdPartyLibs/jerryscript/jerry-main/CMakeLists.txt#L65,# Jerry standalones,[],CMake,0,65,65
4182,zenkovich/o2,https://github.com/zenkovich/o2/blob/161c2143068b55bed1f5c01797ed10becec7591a/Framework/3rdPartyLibs/jerryscript/jerry-math/CMakeLists.txt#L1,"# Copyright JS Foundation and other contributors, http://js.foundation
#
# Licensed under the Apache License, Version 2.0 (the ""License"");
# you may not use this file except in compliance with the License.
# You may obtain a copy of the License at
#
#     http://www.apache.org/licenses/LICENSE-2.0
#
# Unless required by applicable law or agreed to in writing, software
# distributed under the License is distributed on an ""AS IS"" BASIS
# WITHOUT WARRANTIES OR CONDITIONS OF ANY KIND, either express or implied.
# See the License for the specific language governing permissions and
# limitations under the License.",[],CMake,0,1,13
4182,zenkovich/o2,https://github.com/zenkovich/o2/blob/161c2143068b55bed1f5c01797ed10becec7591a/Framework/3rdPartyLibs/jerryscript/jerry-math/CMakeLists.txt#L27,# Include directories,[],CMake,0,27,27
4182,zenkovich/o2,https://github.com/zenkovich/o2/blob/161c2143068b55bed1f5c01797ed10becec7591a/Framework/3rdPartyLibs/jerryscript/jerry-math/CMakeLists.txt#L30,# Source directories,[],CMake,0,30,30
4182,zenkovich/o2,https://github.com/zenkovich/o2/blob/161c2143068b55bed1f5c01797ed10becec7591a/Framework/3rdPartyLibs/jerryscript/jerry-math/CMakeLists.txt#L61,"# Amalgamated JerryScript source/header build.
#  The process will create the following files:
#   * jerryscript-math.c
#   * math.h",[],CMake,0,61,64
4182,zenkovich/o2,https://github.com/zenkovich/o2/blob/161c2143068b55bed1f5c01797ed10becec7591a/Framework/3rdPartyLibs/jerryscript/jerry-port/default/CMakeLists.txt#L1,"# Copyright JS Foundation and other contributors, http://js.foundation
#
# Licensed under the Apache License, Version 2.0 (the ""License"");
# you may not use this file except in compliance with the License.
# You may obtain a copy of the License at
#
#     http://www.apache.org/licenses/LICENSE-2.0
#
# Unless required by applicable law or agreed to in writing, software
# distributed under the License is distributed on an ""AS IS"" BASIS
# WITHOUT WARRANTIES OR CONDITIONS OF ANY KIND, either express or implied.
# See the License for the specific language governing permissions and
# limitations under the License.",[],CMake,0,1,13
4182,zenkovich/o2,https://github.com/zenkovich/o2/blob/161c2143068b55bed1f5c01797ed10becec7591a/Framework/3rdPartyLibs/jerryscript/jerry-port/default/CMakeLists.txt#L19,# Include directories,[],CMake,0,19,19
4182,zenkovich/o2,https://github.com/zenkovich/o2/blob/161c2143068b55bed1f5c01797ed10becec7591a/Framework/3rdPartyLibs/jerryscript/jerry-port/default/CMakeLists.txt#L22,# Source directories,[],CMake,0,22,22
4182,zenkovich/o2,https://github.com/zenkovich/o2/blob/161c2143068b55bed1f5c01797ed10becec7591a/Framework/3rdPartyLibs/jerryscript/jerry-port/default/CMakeLists.txt#L33,"# Amalgamated JerryScript source/header build.
#  The process will create the following files:
#   * jerryscript-port-default.c
#   * jerryscript-port-default.h",[],CMake,0,33,36
4182,zenkovich/o2,https://github.com/zenkovich/o2/blob/161c2143068b55bed1f5c01797ed10becec7591a/Framework/3rdPartyLibs/jerryscript/jerry-port/default/CMakeLists.txt#L58,"# Define _BSD_SOURCE and _DEFAULT_SOURCE
# (should only be necessary if we used compiler default libc but not checking that)",[],CMake,0,58,59
4182,zenkovich/o2,https://github.com/zenkovich/o2/blob/161c2143068b55bed1f5c01797ed10becec7591a/Framework/3rdPartyLibs/jerryscript/jerry-port/default/CMakeLists.txt#L63,"# CHECK_STRUCT_HAS_MEMBER works by trying to compile some C code that accesses the
# given field of the given struct. However, our default compiler options break this
# C code, so turn a couple of them off for this.",[],CMake,0,63,65
4182,zenkovich/o2,https://github.com/zenkovich/o2/blob/161c2143068b55bed1f5c01797ed10becec7591a/Framework/3rdPartyLibs/jerryscript/jerry-port/default/CMakeLists.txt#L69,"# tm.tm_gmtoff is non-standard, so glibc doesn't expose it in c99 mode
# (our default). Define some macros to expose it anyway.",[],CMake,0,69,70
4182,zenkovich/o2,https://github.com/zenkovich/o2/blob/161c2143068b55bed1f5c01797ed10becec7591a/Framework/3rdPartyLibs/jerryscript/jerry-port/default/CMakeLists.txt#L77,# Sleep function availability check,[],CMake,0,77,77
4182,zenkovich/o2,https://github.com/zenkovich/o2/blob/161c2143068b55bed1f5c01797ed10becec7591a/Framework/3rdPartyLibs/jerryscript/jerry-port/default/CMakeLists.txt#L87,# Default Jerry port implementation library,[],CMake,0,87,87
4182,zenkovich/o2,https://github.com/zenkovich/o2/blob/161c2143068b55bed1f5c01797ed10becec7591a/Framework/3rdPartyLibs/jerryscript/jerry-port/default/CMakeLists.txt#L95,# Installation,[],CMake,0,95,95
4182,zenkovich/o2,https://github.com/zenkovich/o2/blob/161c2143068b55bed1f5c01797ed10becec7591a/Framework/3rdPartyLibs/jerryscript/targets/zephyr/CMakeLists.txt#L1,"# Copyright JS Foundation and other contributors, http://js.foundation
#
# Licensed under the Apache License, Version 2.0 (the ""License"");
# you may not use this file except in compliance with the License.
# You may obtain a copy of the License at
#
#     http://www.apache.org/licenses/LICENSE-2.0
#
# Unless required by applicable law or agreed to in writing, software
# distributed under the License is distributed on an ""AS IS"" BASIS
# WITHOUT WARRANTIES OR CONDITIONS OF ANY KIND, either express or implied.
# See the License for the specific language governing permissions and
# limitations under the License.",[],CMake,0,1,13
4182,zenkovich/o2,https://github.com/zenkovich/o2/blob/161c2143068b55bed1f5c01797ed10becec7591a/Framework/3rdPartyLibs/jerryscript/tests/unit-core/CMakeLists.txt#L1,"# Copyright JS Foundation and other contributors, http://js.foundation
#
# Licensed under the Apache License, Version 2.0 (the ""License"");
# you may not use this file except in compliance with the License.
# You may obtain a copy of the License at
#
#     http://www.apache.org/licenses/LICENSE-2.0
#
# Unless required by applicable law or agreed to in writing, software
# distributed under the License is distributed on an ""AS IS"" BASIS
# WITHOUT WARRANTIES OR CONDITIONS OF ANY KIND, either express or implied.
# See the License for the specific language governing permissions and
# limitations under the License.",[],CMake,0,1,13
4182,zenkovich/o2,https://github.com/zenkovich/o2/blob/161c2143068b55bed1f5c01797ed10becec7591a/Framework/3rdPartyLibs/jerryscript/tests/unit-core/CMakeLists.txt#L26,# Unit tests main modules,[],CMake,0,26,26
4182,zenkovich/o2,https://github.com/zenkovich/o2/blob/161c2143068b55bed1f5c01797ed10becec7591a/Framework/3rdPartyLibs/jerryscript/tests/unit-core/CMakeLists.txt#L88,# jerry_heap_stats_t.size == 0 if system allocator is used.,[],CMake,0,88,88
4182,zenkovich/o2,https://github.com/zenkovich/o2/blob/161c2143068b55bed1f5c01797ed10becec7591a/Framework/3rdPartyLibs/jerryscript/tests/unit-core/CMakeLists.txt#L93,# Unit tests declaration,[],CMake,0,93,93
4182,zenkovich/o2,https://github.com/zenkovich/o2/blob/161c2143068b55bed1f5c01797ed10becec7591a/Framework/3rdPartyLibs/jerryscript/tests/unit-doc/CMakeLists.txt#L1,"# Copyright JS Foundation and other contributors, http://js.foundation
#
# Licensed under the Apache License, Version 2.0 (the ""License"");
# you may not use this file except in compliance with the License.
# You may obtain a copy of the License at
#
#     http://www.apache.org/licenses/LICENSE-2.0
#
# Unless required by applicable law or agreed to in writing, software
# distributed under the License is distributed on an ""AS IS"" BASIS
# WITHOUT WARRANTIES OR CONDITIONS OF ANY KIND, either express or implied.
# See the License for the specific language governing permissions and
# limitations under the License.",[],CMake,0,1,13
4182,zenkovich/o2,https://github.com/zenkovich/o2/blob/161c2143068b55bed1f5c01797ed10becec7591a/Framework/3rdPartyLibs/jerryscript/tests/unit-doc/CMakeLists.txt#L45,"# Dry run of the doctest generator: analyze MarkDown files and get the list of
# file names that will be generated. This allows the definition of proper
# dependencies between the MarkDown files and the generated sources.",[],CMake,0,45,47
4182,zenkovich/o2,https://github.com/zenkovich/o2/blob/161c2143068b55bed1f5c01797ed10becec7591a/Framework/3rdPartyLibs/jerryscript/tests/unit-doc/CMakeLists.txt#L57,"# Process the output of the doctest generator: collect sources that must be
# compiled, compiled+linked, or compiled+linked+executed into separate lists.",[],CMake,0,57,58
4182,zenkovich/o2,https://github.com/zenkovich/o2/blob/161c2143068b55bed1f5c01797ed10becec7591a/Framework/3rdPartyLibs/jerryscript/tests/unit-doc/CMakeLists.txt#L75,"# Disable 02.API-REFERENCE-create-context.c on Windows, because there is no pthread on it.",[],CMake,0,75,75
4182,zenkovich/o2,https://github.com/zenkovich/o2/blob/161c2143068b55bed1f5c01797ed10becec7591a/Framework/3rdPartyLibs/jerryscript/tests/unit-doc/CMakeLists.txt#L80,"# Disable 11.EXT-REFERENCE-AUTORELEASE.c if compiler is MSVC, because MSVC doesn't support cleanup attribute.",[],CMake,0,80,80
4182,zenkovich/o2,https://github.com/zenkovich/o2/blob/161c2143068b55bed1f5c01797ed10becec7591a/Framework/3rdPartyLibs/jerryscript/tests/unit-doc/CMakeLists.txt#L85,"# Add custom command to run doctest generator if any of the MarkDown sources
# changes.",[],CMake,0,85,86
4182,zenkovich/o2,https://github.com/zenkovich/o2/blob/161c2143068b55bed1f5c01797ed10becec7591a/Framework/3rdPartyLibs/jerryscript/tests/unit-doc/CMakeLists.txt#L94,"# Add custom target to trigger the custom command above. Targets below can/must
# depend on this one so that the custom command gets executed only once.",[],CMake,0,94,95
4182,zenkovich/o2,https://github.com/zenkovich/o2/blob/161c2143068b55bed1f5c01797ed10becec7591a/Framework/3rdPartyLibs/jerryscript/tests/unit-doc/CMakeLists.txt#L98,"# Process compile-only doctests: add them to a dummy library
# (named libcompile-doc-tests.a) to trigger compilation.",[],CMake,0,98,99
4182,zenkovich/o2,https://github.com/zenkovich/o2/blob/161c2143068b55bed1f5c01797ed10becec7591a/Framework/3rdPartyLibs/jerryscript/tests/unit-doc/CMakeLists.txt#L122,# Process link-only doctests: create an executable from each (named link-doc-*),[],CMake,0,122,122
4182,zenkovich/o2,https://github.com/zenkovich/o2/blob/161c2143068b55bed1f5c01797ed10becec7591a/Framework/3rdPartyLibs/jerryscript/tests/unit-doc/CMakeLists.txt#L125,"# Process ""full-fledged"" doctests: create an executable from each (named
# unit-doc-*). Their name prefix (unit-) ensures that the unit test runner
# script will treat them like any other unit test, i.e., executed them.",[],CMake,0,125,127
4182,zenkovich/o2,https://github.com/zenkovich/o2/blob/161c2143068b55bed1f5c01797ed10becec7591a/Framework/3rdPartyLibs/jerryscript/tests/unit-ext/CMakeLists.txt#L1,"# Copyright JS Foundation and other contributors, http://js.foundation
#
# Licensed under the Apache License, Version 2.0 (the ""License"");
# you may not use this file except in compliance with the License.
# You may obtain a copy of the License at
#
#     http://www.apache.org/licenses/LICENSE-2.0
#
# Unless required by applicable law or agreed to in writing, software
# distributed under the License is distributed on an ""AS IS"" BASIS
# WITHOUT WARRANTIES OR CONDITIONS OF ANY KIND, either express or implied.
# See the License for the specific language governing permissions and
# limitations under the License.",[],CMake,0,1,13
4182,zenkovich/o2,https://github.com/zenkovich/o2/blob/161c2143068b55bed1f5c01797ed10becec7591a/Framework/3rdPartyLibs/jerryscript/tests/unit-ext/CMakeLists.txt#L20,# Unit tests main modules,[],CMake,0,20,20
4182,zenkovich/o2,https://github.com/zenkovich/o2/blob/161c2143068b55bed1f5c01797ed10becec7591a/Framework/3rdPartyLibs/jerryscript/tests/unit-ext/CMakeLists.txt#L36,"# Disable test-ext-autorelease.c if compiler is MSVC, because MSVC doesn't support cleanup attribute.",[],CMake,0,36,36
4182,zenkovich/o2,https://github.com/zenkovich/o2/blob/161c2143068b55bed1f5c01797ed10becec7591a/Framework/3rdPartyLibs/jerryscript/tests/unit-ext/CMakeLists.txt#L41,# Unit tests declaration,[],CMake,0,41,41
4182,zenkovich/o2,https://github.com/zenkovich/o2/blob/161c2143068b55bed1f5c01797ed10becec7591a/Framework/3rdPartyLibs/jerryscript/tests/unit-ext/module/CMakeLists.txt#L1,"# Copyright JS Foundation and other contributors, http://js.foundation
#
# Licensed under the Apache License, Version 2.0 (the ""License"");
# you may not use this file except in compliance with the License.
# You may obtain a copy of the License at
#
#     http://www.apache.org/licenses/LICENSE-2.0
#
# Unless required by applicable law or agreed to in writing, software
# distributed under the License is distributed on an ""AS IS"" BASIS
# WITHOUT WARRANTIES OR CONDITIONS OF ANY KIND, either express or implied.
# See the License for the specific language governing permissions and
# limitations under the License.",[],CMake,0,1,13
4182,zenkovich/o2,https://github.com/zenkovich/o2/blob/161c2143068b55bed1f5c01797ed10becec7591a/Framework/3rdPartyLibs/jerryscript/tests/unit-math/CMakeLists.txt#L1,"# Copyright JS Foundation and other contributors, http://js.foundation
#
# Licensed under the Apache License, Version 2.0 (the ""License"");
# you may not use this file except in compliance with the License.
# You may obtain a copy of the License at
#
#     http://www.apache.org/licenses/LICENSE-2.0
#
# Unless required by applicable law or agreed to in writing, software
# distributed under the License is distributed on an ""AS IS"" BASIS
# WITHOUT WARRANTIES OR CONDITIONS OF ANY KIND, either express or implied.
# See the License for the specific language governing permissions and
# limitations under the License.",[],CMake,0,1,13
4182,zenkovich/o2,https://github.com/zenkovich/o2/blob/161c2143068b55bed1f5c01797ed10becec7591a/Framework/3rdPartyLibs/jerryscript/tests/unit-math/CMakeLists.txt#L18,# Unit tests main modules,[],CMake,0,18,18
4182,zenkovich/o2,https://github.com/zenkovich/o2/blob/161c2143068b55bed1f5c01797ed10becec7591a/Framework/3rdPartyLibs/jerryscript/tests/unit-math/CMakeLists.txt#L23,# Unit tests declaration,[],CMake,0,23,23
4182,zenkovich/o2,https://github.com/zenkovich/o2/blob/161c2143068b55bed1f5c01797ed10becec7591a/Framework/3rdPartyLibs/jerryscript/cmake/toolchain-esp32.cmake#L1,"# Copyright JS Foundation and other contributors, http://js.foundation
#
# Licensed under the Apache License, Version 2.0 (the ""License"");
# you may not use this file except in compliance with the License.
# You may obtain a copy of the License at
#
#     http://www.apache.org/licenses/LICENSE-2.0
#
# Unless required by applicable law or agreed to in writing, software
# distributed under the License is distributed on an ""AS IS"" BASIS
# WITHOUT WARRANTIES OR CONDITIONS OF ANY KIND, either express or implied.
# See the License for the specific language governing permissions and
# limitations under the License.",[],CMake,0,1,13
4182,zenkovich/o2,https://github.com/zenkovich/o2/blob/161c2143068b55bed1f5c01797ed10becec7591a/Framework/3rdPartyLibs/jerryscript/cmake/toolchain-esp32.cmake#L22,"# uncomment that if you want 4-bytes float (much faster on esp32)
#add_definitions(-DJERRY_NUMBER_TYPE_FLOAT64=0)",[],CMake,0,22,23
4182,zenkovich/o2,https://github.com/zenkovich/o2/blob/161c2143068b55bed1f5c01797ed10becec7591a/Framework/3rdPartyLibs/jerryscript/cmake/toolchain-esp32.cmake#L28,# Can be removed after gcc 5.2.0 support is removed (ref GCC_NOT_5_2_0),[],CMake,0,28,28
4182,zenkovich/o2,https://github.com/zenkovich/o2/blob/161c2143068b55bed1f5c01797ed10becec7591a/Framework/3rdPartyLibs/jerryscript/cmake/toolchain_linux_aarch64.cmake#L1,"# Copyright JS Foundation and other contributors, http://js.foundation
#
# Licensed under the Apache License, Version 2.0 (the ""License"");
# you may not use this file except in compliance with the License.
# You may obtain a copy of the License at
#
#     http://www.apache.org/licenses/LICENSE-2.0
#
# Unless required by applicable law or agreed to in writing, software
# distributed under the License is distributed on an ""AS IS"" BASIS
# WITHOUT WARRANTIES OR CONDITIONS OF ANY KIND, either express or implied.
# See the License for the specific language governing permissions and
# limitations under the License.",[],CMake,0,1,13
4182,zenkovich/o2,https://github.com/zenkovich/o2/blob/161c2143068b55bed1f5c01797ed10becec7591a/Framework/3rdPartyLibs/jerryscript/cmake/toolchain_linux_armv7l-el.cmake#L1,"# Copyright JS Foundation and other contributors, http://js.foundation
#
# Licensed under the Apache License, Version 2.0 (the ""License"");
# you may not use this file except in compliance with the License.
# You may obtain a copy of the License at
#
#     http://www.apache.org/licenses/LICENSE-2.0
#
# Unless required by applicable law or agreed to in writing, software
# distributed under the License is distributed on an ""AS IS"" BASIS
# WITHOUT WARRANTIES OR CONDITIONS OF ANY KIND, either express or implied.
# See the License for the specific language governing permissions and
# limitations under the License.",[],CMake,0,1,13
4182,zenkovich/o2,https://github.com/zenkovich/o2/blob/161c2143068b55bed1f5c01797ed10becec7591a/Framework/3rdPartyLibs/jerryscript/cmake/toolchain_linux_armv7l.cmake#L1,"# Copyright JS Foundation and other contributors, http://js.foundation
#
# Licensed under the Apache License, Version 2.0 (the ""License"");
# you may not use this file except in compliance with the License.
# You may obtain a copy of the License at
#
#     http://www.apache.org/licenses/LICENSE-2.0
#
# Unless required by applicable law or agreed to in writing, software
# distributed under the License is distributed on an ""AS IS"" BASIS
# WITHOUT WARRANTIES OR CONDITIONS OF ANY KIND, either express or implied.
# See the License for the specific language governing permissions and
# limitations under the License.",[],CMake,0,1,13
4182,zenkovich/o2,https://github.com/zenkovich/o2/blob/161c2143068b55bed1f5c01797ed10becec7591a/Framework/3rdPartyLibs/jerryscript/cmake/toolchain_linux_armv7l.cmake#L19,"#
# Limit fpu to VFPv3 with d0-d15 registers
#
# If this is changed, setjmp / longjmp for ARMv7 should be updated accordingly
#",[],CMake,0,19,23
4182,zenkovich/o2,https://github.com/zenkovich/o2/blob/161c2143068b55bed1f5c01797ed10becec7591a/Framework/3rdPartyLibs/jerryscript/cmake/toolchain_linux_i686.cmake#L1,"# Copyright JS Foundation and other contributors, http://js.foundation
#
# Licensed under the Apache License, Version 2.0 (the ""License"");
# you may not use this file except in compliance with the License.
# You may obtain a copy of the License at
#
#     http://www.apache.org/licenses/LICENSE-2.0
#
# Unless required by applicable law or agreed to in writing, software
# distributed under the License is distributed on an ""AS IS"" BASIS
# WITHOUT WARRANTIES OR CONDITIONS OF ANY KIND, either express or implied.
# See the License for the specific language governing permissions and
# limitations under the License.",[],CMake,0,1,13
4182,zenkovich/o2,https://github.com/zenkovich/o2/blob/161c2143068b55bed1f5c01797ed10becec7591a/Framework/3rdPartyLibs/jerryscript/cmake/toolchain_mcu_stm32f3.cmake#L1,"# Copyright JS Foundation and other contributors, http://js.foundation
#
# Licensed under the Apache License, Version 2.0 (the ""License"");
# you may not use this file except in compliance with the License.
# You may obtain a copy of the License at
#
#     http://www.apache.org/licenses/LICENSE-2.0
#
# Unless required by applicable law or agreed to in writing, software
# distributed under the License is distributed on an ""AS IS"" BASIS
# WITHOUT WARRANTIES OR CONDITIONS OF ANY KIND, either express or implied.
# See the License for the specific language governing permissions and
# limitations under the License.",[],CMake,0,1,13
4182,zenkovich/o2,https://github.com/zenkovich/o2/blob/161c2143068b55bed1f5c01797ed10becec7591a/Framework/3rdPartyLibs/jerryscript/cmake/toolchain_mcu_stm32f4.cmake#L1,"# Copyright JS Foundation and other contributors, http://js.foundation
#
# Licensed under the Apache License, Version 2.0 (the ""License"");
# you may not use this file except in compliance with the License.
# You may obtain a copy of the License at
#
#     http://www.apache.org/licenses/LICENSE-2.0
#
# Unless required by applicable law or agreed to in writing, software
# distributed under the License is distributed on an ""AS IS"" BASIS
# WITHOUT WARRANTIES OR CONDITIONS OF ANY KIND, either express or implied.
# See the License for the specific language governing permissions and
# limitations under the License.",[],CMake,0,1,13
4182,zenkovich/o2,https://github.com/zenkovich/o2/blob/161c2143068b55bed1f5c01797ed10becec7591a/Framework/3rdPartyLibs/jerryscript/cmake/toolchain_mcu_stm32f7.cmake#L1,"# Copyright JS Foundation and other contributors, http://js.foundation
#
# Licensed under the Apache License, Version 2.0 (the ""License"");
# you may not use this file except in compliance with the License.
# You may obtain a copy of the License at
#
#     http://www.apache.org/licenses/LICENSE-2.0
#
# Unless required by applicable law or agreed to in writing, software
# distributed under the License is distributed on an ""AS IS"" BASIS
# WITHOUT WARRANTIES OR CONDITIONS OF ANY KIND, either express or implied.
# See the License for the specific language governing permissions and
# limitations under the License.",[],CMake,0,1,13
4182,zenkovich/o2,https://github.com/zenkovich/o2/blob/161c2143068b55bed1f5c01797ed10becec7591a/Framework/3rdPartyLibs/jerryscript/cmake/toolchain_mcu_tim4f.cmake#L1,"# Copyright JS Foundation and other contributors, http://js.foundation 
#
# Licensed under the Apache License, Version 2.0 (the ""License"");
# you may not use this file except in compliance with the License.
# You may obtain a copy of the License at
#
#     http://www.apache.org/licenses/LICENSE-2.0
#
# Unless required by applicable law or agreed to in writing, software
# distributed under the License is distributed on an ""AS IS"" BASIS
# WITHOUT WARRANTIES OR CONDITIONS OF ANY KIND, either express or implied.
# See the License for the specific language governing permissions and
# limitations under the License.",[],CMake,0,1,13
4182,zenkovich/o2,https://github.com/zenkovich/o2/blob/161c2143068b55bed1f5c01797ed10becec7591a/Framework/3rdPartyLibs/jerryscript/cmake/toolchain_openwrt_mips.cmake#L1,"# Copyright JS Foundation and other contributors, http://js.foundation
#
# Licensed under the Apache License, Version 2.0 (the ""License"");
# you may not use this file except in compliance with the License.
# You may obtain a copy of the License at
#
#     http://www.apache.org/licenses/LICENSE-2.0
#
# Unless required by applicable law or agreed to in writing, software
# distributed under the License is distributed on an ""AS IS"" BASIS
# WITHOUT WARRANTIES OR CONDITIONS OF ANY KIND, either express or implied.
# See the License for the specific language governing permissions and
# limitations under the License.",[],CMake,0,1,13
4182,zenkovich/o2,https://github.com/zenkovich/o2/blob/161c2143068b55bed1f5c01797ed10becec7591a/Framework/3rdPartyLibs/jerryscript/cmake/toolchain_openwrt_mipsel.cmake#L1,"# Copyright JS Foundation and other contributors, http://js.foundation
#
# Licensed under the Apache License, Version 2.0 (the ""License"");
# you may not use this file except in compliance with the License.
# You may obtain a copy of the License at
#
#     http://www.apache.org/licenses/LICENSE-2.0
#
# Unless required by applicable law or agreed to in writing, software
# distributed under the License is distributed on an ""AS IS"" BASIS
# WITHOUT WARRANTIES OR CONDITIONS OF ANY KIND, either express or implied.
# See the License for the specific language governing permissions and
# limitations under the License.",[],CMake,0,1,13
