repoIndex,repoName,linkLocation,comment,keywords,buildSysteminFile,charPosition,startLine,endLine
4196,graphblas/lagraph,https://github.com/graphblas/lagraph/blob/25234c27c1c122a35ba8d4870d2b3a0683149b20/CMakeLists.txt#L1,"#-------------------------------------------------------------------------------
# LAGraph/CMakeLists.txt:  cmake script for LAGraph
#-------------------------------------------------------------------------------",[],CMake,0,1,3
4196,graphblas/lagraph,https://github.com/graphblas/lagraph/blob/25234c27c1c122a35ba8d4870d2b3a0683149b20/CMakeLists.txt#L5,"# LAGraph, (c) 2021 by The LAGraph Contributors, All Rights Reserved.
# SPDX-License-Identifier: BSD-2-Clause
# See additional acknowledgments in the LICENSE file,
# or contact permission@sei.cmu.edu for the full terms.",[],CMake,0,5,8
4196,graphblas/lagraph,https://github.com/graphblas/lagraph/blob/25234c27c1c122a35ba8d4870d2b3a0683149b20/CMakeLists.txt#L10,#-------------------------------------------------------------------------------,[],CMake,0,10,10
4196,graphblas/lagraph,https://github.com/graphblas/lagraph/blob/25234c27c1c122a35ba8d4870d2b3a0683149b20/CMakeLists.txt#L12,"# CMakeLists.txt: instructions for cmake to build LAGraph.  An ANSI C11
# compiler is required.  First, install any GraphBLAS library.  Alternatively,
# use ../GraphBLAS (see comments below).
#
# To compile the LAGraph library and its tests and benchmarks, and run the
# tests:
#
#   cd build
#   cmake ..
#   make
#   make test
#
# If that fails for any reason, make sure your compiler supports ANSI C11.  You
# could try changing your compiler for the cmake command, for example:
#
#   CC=icc cmake ..
#   CC=xlc cmake ..
#   CC=gcc cmake ..",[],CMake,0,12,29
4196,graphblas/lagraph,https://github.com/graphblas/lagraph/blob/25234c27c1c122a35ba8d4870d2b3a0683149b20/CMakeLists.txt#L31,"#-------------------------------------------------------------------------------
# get the version
#-------------------------------------------------------------------------------",[],CMake,0,31,33
4196,graphblas/lagraph,https://github.com/graphblas/lagraph/blob/25234c27c1c122a35ba8d4870d2b3a0683149b20/CMakeLists.txt#L47,# version of LAGraph,[],CMake,0,47,47
4196,graphblas/lagraph,https://github.com/graphblas/lagraph/blob/25234c27c1c122a35ba8d4870d2b3a0683149b20/CMakeLists.txt#L56,# configure LAGraph.h with the LAGraph date and version,[],CMake,0,56,56
4196,graphblas/lagraph,https://github.com/graphblas/lagraph/blob/25234c27c1c122a35ba8d4870d2b3a0683149b20/CMakeLists.txt#L61,"#-------------------------------------------------------------------------------
# code coverage and build type
#-------------------------------------------------------------------------------",[],CMake,0,61,63
4196,graphblas/lagraph,https://github.com/graphblas/lagraph/blob/25234c27c1c122a35ba8d4870d2b3a0683149b20/CMakeLists.txt#L65,"# To compile with test coverage:
#   cd build
#   cmake -DCOVERAGE=1 ..
#   make -j8
#   make test_coverage",[],CMake,0,65,69
4196,graphblas/lagraph,https://github.com/graphblas/lagraph/blob/25234c27c1c122a35ba8d4870d2b3a0683149b20/CMakeLists.txt#L75,"# On the Mac, you need gcov-11 from homebrew (part of gcc-11):
# and uncomment this line:
# set ( GCOV_PATH /usr/local/bin/gcov-11)",[],CMake,16,75,77
4196,graphblas/lagraph,https://github.com/graphblas/lagraph/blob/25234c27c1c122a35ba8d4870d2b3a0683149b20/CMakeLists.txt#L82,# turn off optimization for non-skewed coverage reports,[],CMake,2,82,82
4196,graphblas/lagraph,https://github.com/graphblas/lagraph/blob/25234c27c1c122a35ba8d4870d2b3a0683149b20/CMakeLists.txt#L98,"# For development only, not for end-users:
# set ( CMAKE_BUILD_TYPE Debug )",[],CMake,0,98,99
4196,graphblas/lagraph,https://github.com/graphblas/lagraph/blob/25234c27c1c122a35ba8d4870d2b3a0683149b20/CMakeLists.txt#L105,"#-------------------------------------------------------------------------------
# Find the GraphBLAS installation
#-------------------------------------------------------------------------------",[],CMake,0,105,107
4196,graphblas/lagraph,https://github.com/graphblas/lagraph/blob/25234c27c1c122a35ba8d4870d2b3a0683149b20/CMakeLists.txt#L109,"# If GraphBLAS is not in a standard installation location, either
#     export GRAPHBLAS_ROOT <path>
# or
#     GRAPHBLAS_ROOT=<path> cmake ..
# or uncomment the next line:
# set ( ENV{GRAPHBLAS_ROOT} ${CMAKE_SOURCE_DIR}/../GraphBLAS )",[],CMake,0,109,114
4196,graphblas/lagraph,https://github.com/graphblas/lagraph/blob/25234c27c1c122a35ba8d4870d2b3a0683149b20/CMakeLists.txt#L118,"#-------------------------------------------------------------------------------
# determine what user threading model to use
#-------------------------------------------------------------------------------",[],CMake,0,118,120
4196,graphblas/lagraph,https://github.com/graphblas/lagraph/blob/25234c27c1c122a35ba8d4870d2b3a0683149b20/CMakeLists.txt#L132,"#-------------------------------------------------------------------------------
# report status
#-------------------------------------------------------------------------------",[],CMake,0,132,134
4196,graphblas/lagraph,https://github.com/graphblas/lagraph/blob/25234c27c1c122a35ba8d4870d2b3a0683149b20/CMakeLists.txt#L152,"#-------------------------------------------------------------------------------
# include directories for LAGraph library
#-------------------------------------------------------------------------------",[],CMake,0,152,154
4196,graphblas/lagraph,https://github.com/graphblas/lagraph/blob/25234c27c1c122a35ba8d4870d2b3a0683149b20/CMakeLists.txt#L162,# tell LAGraph where to find its own source (for LAGraph/data files),[],CMake,0,162,162
4196,graphblas/lagraph,https://github.com/graphblas/lagraph/blob/25234c27c1c122a35ba8d4870d2b3a0683149b20/CMakeLists.txt#L165,"#-------------------------------------------------------------------------------
# compiler options
#-------------------------------------------------------------------------------",[],CMake,0,165,167
4196,graphblas/lagraph,https://github.com/graphblas/lagraph/blob/25234c27c1c122a35ba8d4870d2b3a0683149b20/CMakeLists.txt#L172,"# check which compiler is being used.  If you need to make
# compiler-specific modifications, here is the place to do it.",[],CMake,0,172,173
4196,graphblas/lagraph,https://github.com/graphblas/lagraph/blob/25234c27c1c122a35ba8d4870d2b3a0683149b20/CMakeLists.txt#L178,# check all warnings:,[],CMake,4,178,178
4196,graphblas/lagraph,https://github.com/graphblas/lagraph/blob/25234c27c1c122a35ba8d4870d2b3a0683149b20/CMakeLists.txt#L179,"#   set ( CMAKE_C_FLAGS  ""${CMAKE_C_FLAGS} -Wall -Wextra -Wpedantic -Werror "" )",[],CMake,0,179,179
4196,graphblas/lagraph,https://github.com/graphblas/lagraph/blob/25234c27c1c122a35ba8d4870d2b3a0683149b20/CMakeLists.txt#L180,"# set ( CMAKE_C_FLAGS  ""${CMAKE_C_FLAGS} -g "" )
#if ( CMAKE_C_COMPILER_VERSION VERSION_LESS 4.9 )
#    message ( FATAL_ERROR ""gcc version must be at least 4.9"" )
#endif ( )",[],CMake,4,180,183
4196,graphblas/lagraph,https://github.com/graphblas/lagraph/blob/25234c27c1c122a35ba8d4870d2b3a0683149b20/CMakeLists.txt#L185,"# options for icc: also needs -std=c11
# note that -g can be used, for VTune.  Comment out the following line
# to compile without -g.
# set ( CMAKE_C_FLAGS  ""${CMAKE_C_FLAGS} -g "" )",[],CMake,4,185,188
4196,graphblas/lagraph,https://github.com/graphblas/lagraph/blob/25234c27c1c122a35ba8d4870d2b3a0683149b20/CMakeLists.txt#L190,# check all warnings:,[],CMake,4,190,190
4196,graphblas/lagraph,https://github.com/graphblas/lagraph/blob/25234c27c1c122a35ba8d4870d2b3a0683149b20/CMakeLists.txt#L191,"#   set ( CMAKE_C_FLAGS  ""${CMAKE_C_FLAGS} -w3 "" )",[],CMake,0,191,191
4196,graphblas/lagraph,https://github.com/graphblas/lagraph/blob/25234c27c1c122a35ba8d4870d2b3a0683149b20/CMakeLists.txt#L192,"#if ( CMAKE_C_COMPILER_VERSION VERSION_LESS 18.0 )
#    message ( FATAL_ERROR ""icc version must be at least 18.0"" )
#endif ( )",[],CMake,4,192,194
4196,graphblas/lagraph,https://github.com/graphblas/lagraph/blob/25234c27c1c122a35ba8d4870d2b3a0683149b20/CMakeLists.txt#L196,# options for clang,[],CMake,4,196,196
4196,graphblas/lagraph,https://github.com/graphblas/lagraph/blob/25234c27c1c122a35ba8d4870d2b3a0683149b20/CMakeLists.txt#L198,"#if ( CMAKE_C_COMPILER_VERSION VERSION_LESS 3.3 )
#    message ( FATAL_ERROR ""clang version must be at least 3.3"" )
#endif ( )",[],CMake,4,198,200
4196,graphblas/lagraph,https://github.com/graphblas/lagraph/blob/25234c27c1c122a35ba8d4870d2b3a0683149b20/CMakeLists.txt#L202,# options for MicroSoft Visual Studio,[],CMake,4,202,202
4196,graphblas/lagraph,https://github.com/graphblas/lagraph/blob/25234c27c1c122a35ba8d4870d2b3a0683149b20/CMakeLists.txt#L204,# options for PGI pgcc compiler,[],CMake,4,204,204
4196,graphblas/lagraph,https://github.com/graphblas/lagraph/blob/25234c27c1c122a35ba8d4870d2b3a0683149b20/CMakeLists.txt#L215,"#-------------------------------------------------------------------------------
# force use of vanilla code
#-------------------------------------------------------------------------------",[],CMake,0,215,217
4196,graphblas/lagraph,https://github.com/graphblas/lagraph/blob/25234c27c1c122a35ba8d4870d2b3a0683149b20/CMakeLists.txt#L226,"#-------------------------------------------------------------------------------
# print final C flags
#-------------------------------------------------------------------------------",[],CMake,0,226,228
4196,graphblas/lagraph,https://github.com/graphblas/lagraph/blob/25234c27c1c122a35ba8d4870d2b3a0683149b20/CMakeLists.txt#L232,"#-------------------------------------------------------------------------------
# enable testing and add subdirectories
#-------------------------------------------------------------------------------",[],CMake,0,232,234
4196,graphblas/lagraph,https://github.com/graphblas/lagraph/blob/25234c27c1c122a35ba8d4870d2b3a0683149b20/CMakeLists.txt#L236,# allow ctest to find the binaries:,[],CMake,0,236,236
4196,graphblas/lagraph,https://github.com/graphblas/lagraph/blob/25234c27c1c122a35ba8d4870d2b3a0683149b20/CMakeLists.txt#L248,"#-------------------------------------------------------------------------------
# LAGraph installation location
#-------------------------------------------------------------------------------",[],CMake,0,248,250
4196,graphblas/lagraph,https://github.com/graphblas/lagraph/blob/25234c27c1c122a35ba8d4870d2b3a0683149b20/CMakeLists.txt#L252,"# install in ${CMAKE_INSTALL_PREFIX}/lib and ${CMAKE_INSTALL_PREFIX}/include.
# Requires ""sudo make install"" if this is /usr/local (default).",[],CMake,0,252,253
4196,graphblas/lagraph,https://github.com/graphblas/lagraph/blob/25234c27c1c122a35ba8d4870d2b3a0683149b20/deps/json_h/test/CMakeLists.txt#L1,"# This is free and unencumbered software released into the public domain.
#
# Anyone is free to copy, modify, publish, use, compile, sell, or
# distribute this software, either in source code form or as a compiled
# binary, for any purpose, commercial or non-commercial, and by any
# means.
#
# In jurisdictions that recognize copyright laws, the author or authors
# of this software dedicate any and all copyright interest in the
# software to the public domain. We make this dedication for the benefit
# of the public at large and to the detriment of our heirs and
# successors. We intend this dedication to be an overt act of
# relinquishment in perpetuity of all present and future rights to this
# software under copyright law.
#
# THE SOFTWARE IS PROVIDED ""AS IS"", WITHOUT WARRANTY OF ANY KIND,
# EXPRESS OR IMPLIED, INCLUDING BUT NOT LIMITED TO THE WARRANTIES OF
# MERCHANTABILITY, FITNESS FOR A PARTICULAR PURPOSE AND NONINFRINGEMENT.
# IN NO EVENT SHALL THE AUTHORS BE LIABLE FOR ANY CLAIM, DAMAGES OR
# OTHER LIABILITY, WHETHER IN AN ACTION OF CONTRACT, TORT OR OTHERWISE,
# ARISING FROM, OUT OF OR IN CONNECTION WITH THE SOFTWARE OR THE USE OR
# OTHER DEALINGS IN THE SOFTWARE.
#
# For more information, please refer to <http://unlicense.org/>",[],CMake,0,1,24
4196,graphblas/lagraph,https://github.com/graphblas/lagraph/blob/25234c27c1c122a35ba8d4870d2b3a0683149b20/experimental/CMakeLists.txt#L1,"#-------------------------------------------------------------------------------
# LAGraph/experimental/CMakeLists.txt:  cmake script for LAGraph/experimental
#-------------------------------------------------------------------------------",[],CMake,0,1,3
4196,graphblas/lagraph,https://github.com/graphblas/lagraph/blob/25234c27c1c122a35ba8d4870d2b3a0683149b20/experimental/CMakeLists.txt#L5,"# LAGraph, (c) 2021 by The LAGraph Contributors, All Rights Reserved.
# SPDX-License-Identifier: BSD-2-Clause
# See additional acknowledgments in the LICENSE file,
# or contact permission@sei.cmu.edu for the full terms.",[],CMake,0,5,8
4196,graphblas/lagraph,https://github.com/graphblas/lagraph/blob/25234c27c1c122a35ba8d4870d2b3a0683149b20/experimental/CMakeLists.txt#L10,#-------------------------------------------------------------------------------,[],CMake,0,10,10
4196,graphblas/lagraph,https://github.com/graphblas/lagraph/blob/25234c27c1c122a35ba8d4870d2b3a0683149b20/experimental/CMakeLists.txt#L18,"#-------------------------------------------------------------------------------
# dynamic lagraphx library properties
#-------------------------------------------------------------------------------",[],CMake,0,18,20
4196,graphblas/lagraph,https://github.com/graphblas/lagraph/blob/25234c27c1c122a35ba8d4870d2b3a0683149b20/experimental/CMakeLists.txt#L32,"#-------------------------------------------------------------------------------
# static lagraphx library properties
#-------------------------------------------------------------------------------",[],CMake,0,32,34
4196,graphblas/lagraph,https://github.com/graphblas/lagraph/blob/25234c27c1c122a35ba8d4870d2b3a0683149b20/experimental/CMakeLists.txt#L47,"#-------------------------------------------------------------------------------
# add OpenMP
#-------------------------------------------------------------------------------",[],CMake,0,47,49
4196,graphblas/lagraph,https://github.com/graphblas/lagraph/blob/25234c27c1c122a35ba8d4870d2b3a0683149b20/experimental/CMakeLists.txt#L56,"#-------------------------------------------------------------------------------
# applications
#-------------------------------------------------------------------------------",[],CMake,0,56,58
4196,graphblas/lagraph,https://github.com/graphblas/lagraph/blob/25234c27c1c122a35ba8d4870d2b3a0683149b20/experimental/benchmark/CMakeLists.txt#L1,"#-------------------------------------------------------------------------------
# LAGraph/experimental/benchmark/CMakeLists.txt:  cmake script for LAGraph/experiment/benchmark
#-------------------------------------------------------------------------------",[],CMake,0,1,3
4196,graphblas/lagraph,https://github.com/graphblas/lagraph/blob/25234c27c1c122a35ba8d4870d2b3a0683149b20/experimental/benchmark/CMakeLists.txt#L5,"# LAGraph, (c) 2021 by The LAGraph Contributors, All Rights Reserved.
# SPDX-License-Identifier: BSD-2-Clause
# See additional acknowledgments in the LICENSE file,
# or contact permission@sei.cmu.edu for the full terms.",[],CMake,0,5,8
4196,graphblas/lagraph,https://github.com/graphblas/lagraph/blob/25234c27c1c122a35ba8d4870d2b3a0683149b20/experimental/benchmark/CMakeLists.txt#L10,#-------------------------------------------------------------------------------,[],CMake,0,10,10
4196,graphblas/lagraph,https://github.com/graphblas/lagraph/blob/25234c27c1c122a35ba8d4870d2b3a0683149b20/experimental/benchmark/CMakeLists.txt#L20,"#   message(""Adding: ${demoname}"")",[],CMake,0,20,20
4196,graphblas/lagraph,https://github.com/graphblas/lagraph/blob/25234c27c1c122a35ba8d4870d2b3a0683149b20/experimental/test/CMakeLists.txt#L1,"#-------------------------------------------------------------------------------
# LAGraph/experimental/test/CMakeLists.txt
#-------------------------------------------------------------------------------",[],CMake,0,1,3
4196,graphblas/lagraph,https://github.com/graphblas/lagraph/blob/25234c27c1c122a35ba8d4870d2b3a0683149b20/experimental/test/CMakeLists.txt#L5,"# LAGraph, (c) 2021 by The LAGraph Contributors, All Rights Reserved.
# SPDX-License-Identifier: BSD-2-Clause
# See additional acknowledgments in the LICENSE file,
# or contact permission@sei.cmu.edu for the full terms.",[],CMake,0,5,8
4196,graphblas/lagraph,https://github.com/graphblas/lagraph/blob/25234c27c1c122a35ba8d4870d2b3a0683149b20/experimental/test/CMakeLists.txt#L10,#-------------------------------------------------------------------------------,[],CMake,0,10,10
4196,graphblas/lagraph,https://github.com/graphblas/lagraph/blob/25234c27c1c122a35ba8d4870d2b3a0683149b20/experimental/test/CMakeLists.txt#L12,"#-------------------------------------------------------------------------------
# build the lagraphxtest library
#-------------------------------------------------------------------------------",[],CMake,0,12,14
4196,graphblas/lagraph,https://github.com/graphblas/lagraph/blob/25234c27c1c122a35ba8d4870d2b3a0683149b20/experimental/test/CMakeLists.txt#L22,"# Uncomment this line for for development only, not for end-users:
# set ( CMAKE_BUILD_TYPE Debug )",[],CMake,0,22,23
4196,graphblas/lagraph,https://github.com/graphblas/lagraph/blob/25234c27c1c122a35ba8d4870d2b3a0683149b20/experimental/test/CMakeLists.txt#L30,"#-------------------------------------------------------------------------------
# dynamic lagraphxtest library properties
#-------------------------------------------------------------------------------",[],CMake,0,30,32
4196,graphblas/lagraph,https://github.com/graphblas/lagraph/blob/25234c27c1c122a35ba8d4870d2b3a0683149b20/experimental/test/CMakeLists.txt#L43,"#-------------------------------------------------------------------------------
# static lagraphxtest library properties
#-------------------------------------------------------------------------------",[],CMake,0,43,45
4196,graphblas/lagraph,https://github.com/graphblas/lagraph/blob/25234c27c1c122a35ba8d4870d2b3a0683149b20/experimental/test/CMakeLists.txt#L58,"#-------------------------------------------------------------------------------
# add OpenMP
#-------------------------------------------------------------------------------",[],CMake,0,58,60
4196,graphblas/lagraph,https://github.com/graphblas/lagraph/blob/25234c27c1c122a35ba8d4870d2b3a0683149b20/experimental/test/CMakeLists.txt#L68,"#-------------------------------------------------------------------------------
# This will only build tests from files with the name ""test_*.c""
#-------------------------------------------------------------------------------",[],CMake,0,68,70
4196,graphblas/lagraph,https://github.com/graphblas/lagraph/blob/25234c27c1c122a35ba8d4870d2b3a0683149b20/experimental/test/CMakeLists.txt#L76,"#   message(""Adding: ${testname}"")",[],CMake,0,76,76
4196,graphblas/lagraph,https://github.com/graphblas/lagraph/blob/25234c27c1c122a35ba8d4870d2b3a0683149b20/rtdocs/CMakeLists.txt#L4,# Find all the public headers,[],CMake,0,4,4
4196,graphblas/lagraph,https://github.com/graphblas/lagraph/blob/25234c27c1c122a35ba8d4870d2b3a0683149b20/rtdocs/CMakeLists.txt#L15,# Set the Doxygen input and output directories in the Doxyfile,[],CMake,0,15,15
4196,graphblas/lagraph,https://github.com/graphblas/lagraph/blob/25234c27c1c122a35ba8d4870d2b3a0683149b20/rtdocs/CMakeLists.txt#L18,# Doxygen won't create this for us,[],CMake,0,18,18
4196,graphblas/lagraph,https://github.com/graphblas/lagraph/blob/25234c27c1c122a35ba8d4870d2b3a0683149b20/rtdocs/CMakeLists.txt#L21,# Only regenerate Doxygen when the Doxyfile or public headers change,[],CMake,0,21,21
4196,graphblas/lagraph,https://github.com/graphblas/lagraph/blob/25234c27c1c122a35ba8d4870d2b3a0683149b20/rtdocs/CMakeLists.txt#L29,# Nice named target so we can run the job easily,[],CMake,0,29,29
4196,graphblas/lagraph,https://github.com/graphblas/lagraph/blob/25234c27c1c122a35ba8d4870d2b3a0683149b20/rtdocs/CMakeLists.txt#L36,"# Only regenerate Sphinx when:
#  - Doxygen has rerun
#  - Our doc files have been updated
#  - The Sphinx config has been updated",[],CMake,0,36,39
4196,graphblas/lagraph,https://github.com/graphblas/lagraph/blob/25234c27c1c122a35ba8d4870d2b3a0683149b20/rtdocs/CMakeLists.txt#L43,# Tell Breathe where to find the Doxygen output,[],CMake,8,43,43
4196,graphblas/lagraph,https://github.com/graphblas/lagraph/blob/25234c27c1c122a35ba8d4870d2b3a0683149b20/rtdocs/CMakeLists.txt#L48,# Other docs files you want to track should go here (or in some variable),[],CMake,8,48,48
4196,graphblas/lagraph,https://github.com/graphblas/lagraph/blob/25234c27c1c122a35ba8d4870d2b3a0683149b20/rtdocs/CMakeLists.txt#L54,# Nice named target so we can run the job easily,[],CMake,0,54,54
4196,graphblas/lagraph,https://github.com/graphblas/lagraph/blob/25234c27c1c122a35ba8d4870d2b3a0683149b20/src/CMakeLists.txt#L1,"#-------------------------------------------------------------------------------
# LAGraph/src/CMakeLists.txt:  cmake script for LAGraph/src
#-------------------------------------------------------------------------------",[],CMake,0,1,3
4196,graphblas/lagraph,https://github.com/graphblas/lagraph/blob/25234c27c1c122a35ba8d4870d2b3a0683149b20/src/CMakeLists.txt#L5,"# LAGraph, (c) 2021 by The LAGraph Contributors, All Rights Reserved.
# SPDX-License-Identifier: BSD-2-Clause
# See additional acknowledgments in the LICENSE file,
# or contact permission@sei.cmu.edu for the full terms.",[],CMake,0,5,8
4196,graphblas/lagraph,https://github.com/graphblas/lagraph/blob/25234c27c1c122a35ba8d4870d2b3a0683149b20/src/CMakeLists.txt#L10,#-------------------------------------------------------------------------------,[],CMake,0,10,10
4196,graphblas/lagraph,https://github.com/graphblas/lagraph/blob/25234c27c1c122a35ba8d4870d2b3a0683149b20/src/CMakeLists.txt#L22,"#-------------------------------------------------------------------------------
# dynamic lagraph library properties
#-------------------------------------------------------------------------------",[],CMake,0,22,24
4196,graphblas/lagraph,https://github.com/graphblas/lagraph/blob/25234c27c1c122a35ba8d4870d2b3a0683149b20/src/CMakeLists.txt#L36,# install ( FILES ${LAGRAPH_INCLUDE} DESTINATION include),[],CMake,0,36,36
4196,graphblas/lagraph,https://github.com/graphblas/lagraph/blob/25234c27c1c122a35ba8d4870d2b3a0683149b20/src/CMakeLists.txt#L38,"#-------------------------------------------------------------------------------
# static lagraph library properties
#-------------------------------------------------------------------------------",[],CMake,0,38,40
4196,graphblas/lagraph,https://github.com/graphblas/lagraph/blob/25234c27c1c122a35ba8d4870d2b3a0683149b20/src/CMakeLists.txt#L53,"#-------------------------------------------------------------------------------
# add OpenMP
#-------------------------------------------------------------------------------",[],CMake,0,53,55
4196,graphblas/lagraph,https://github.com/graphblas/lagraph/blob/25234c27c1c122a35ba8d4870d2b3a0683149b20/src/CMakeLists.txt#L62,"#-------------------------------------------------------------------------------
# applications
#-------------------------------------------------------------------------------",[],CMake,0,62,64
4196,graphblas/lagraph,https://github.com/graphblas/lagraph/blob/25234c27c1c122a35ba8d4870d2b3a0683149b20/src/benchmark/CMakeLists.txt#L1,"#-------------------------------------------------------------------------------
# LAGraph/src/demo/CMakeLists.txt:  cmake script for LAGraph/src/demo
#-------------------------------------------------------------------------------",[],CMake,0,1,3
4196,graphblas/lagraph,https://github.com/graphblas/lagraph/blob/25234c27c1c122a35ba8d4870d2b3a0683149b20/src/benchmark/CMakeLists.txt#L5,"# LAGraph, (c) 2021 by The LAGraph Contributors, All Rights Reserved.
# SPDX-License-Identifier: BSD-2-Clause
# See additional acknowledgments in the LICENSE file,
# or contact permission@sei.cmu.edu for the full terms.",[],CMake,0,5,8
4196,graphblas/lagraph,https://github.com/graphblas/lagraph/blob/25234c27c1c122a35ba8d4870d2b3a0683149b20/src/benchmark/CMakeLists.txt#L10,#-------------------------------------------------------------------------------,[],CMake,0,10,10
4196,graphblas/lagraph,https://github.com/graphblas/lagraph/blob/25234c27c1c122a35ba8d4870d2b3a0683149b20/src/benchmark/CMakeLists.txt#L19,"#   message(""Adding: ${demoname}"")",[],CMake,0,19,19
4196,graphblas/lagraph,https://github.com/graphblas/lagraph/blob/25234c27c1c122a35ba8d4870d2b3a0683149b20/src/test/CMakeLists.txt#L1,"#-------------------------------------------------------------------------------
# LAGraph/src/test/CMakeLists.txt:  cmake script for LAGraph/src/test
#-------------------------------------------------------------------------------",[],CMake,0,1,3
4196,graphblas/lagraph,https://github.com/graphblas/lagraph/blob/25234c27c1c122a35ba8d4870d2b3a0683149b20/src/test/CMakeLists.txt#L5,"# LAGraph, (c) 2021 by The LAGraph Contributors, All Rights Reserved.
# SPDX-License-Identifier: BSD-2-Clause
# See additional acknowledgments in the LICENSE file,
# or contact permission@sei.cmu.edu for the full terms.",[],CMake,0,5,8
4196,graphblas/lagraph,https://github.com/graphblas/lagraph/blob/25234c27c1c122a35ba8d4870d2b3a0683149b20/src/test/CMakeLists.txt#L10,#-------------------------------------------------------------------------------,[],CMake,0,10,10
4196,graphblas/lagraph,https://github.com/graphblas/lagraph/blob/25234c27c1c122a35ba8d4870d2b3a0683149b20/src/test/CMakeLists.txt#L12,"# Most tests can be done with any GraphBLAS library, but extensive (""brutal"")
# memory test can only be done with SuiteSparse:GraphBLAS.",[],CMake,0,12,13
4196,graphblas/lagraph,https://github.com/graphblas/lagraph/blob/25234c27c1c122a35ba8d4870d2b3a0683149b20/src/test/CMakeLists.txt#L15,"#-------------------------------------------------------------------------------
# build the lagraphtest library
#-------------------------------------------------------------------------------",[],CMake,0,15,17
4196,graphblas/lagraph,https://github.com/graphblas/lagraph/blob/25234c27c1c122a35ba8d4870d2b3a0683149b20/src/test/CMakeLists.txt#L24,"# Uncomment this line for for development only, not for end-users:
# set ( CMAKE_BUILD_TYPE Debug )",[],CMake,0,24,25
4196,graphblas/lagraph,https://github.com/graphblas/lagraph/blob/25234c27c1c122a35ba8d4870d2b3a0683149b20/src/test/CMakeLists.txt#L32,"#-------------------------------------------------------------------------------
# dynamic lagraphtest library properties
#-------------------------------------------------------------------------------",[],CMake,0,32,34
4196,graphblas/lagraph,https://github.com/graphblas/lagraph/blob/25234c27c1c122a35ba8d4870d2b3a0683149b20/src/test/CMakeLists.txt#L45,"#-------------------------------------------------------------------------------
# static lagraphtest library properties
#-------------------------------------------------------------------------------",[],CMake,0,45,47
4196,graphblas/lagraph,https://github.com/graphblas/lagraph/blob/25234c27c1c122a35ba8d4870d2b3a0683149b20/src/test/CMakeLists.txt#L60,"#-------------------------------------------------------------------------------
# add OpenMP
#-------------------------------------------------------------------------------",[],CMake,0,60,62
4196,graphblas/lagraph,https://github.com/graphblas/lagraph/blob/25234c27c1c122a35ba8d4870d2b3a0683149b20/src/test/CMakeLists.txt#L69,"#-------------------------------------------------------------------------------
# This will only build tests from files with the name ""test_*.c""
#-------------------------------------------------------------------------------",[],CMake,0,69,71
4196,graphblas/lagraph,https://github.com/graphblas/lagraph/blob/25234c27c1c122a35ba8d4870d2b3a0683149b20/src/test/CMakeLists.txt#L77,"#   message(""Adding: ${testname}"")",[],CMake,0,77,77
4196,graphblas/lagraph,https://github.com/graphblas/lagraph/blob/25234c27c1c122a35ba8d4870d2b3a0683149b20/cmake_modules/CodeCoverage.cmake#L132,# Check prereqs,[],CMake,0,132,132
4196,graphblas/lagraph,https://github.com/graphblas/lagraph/blob/25234c27c1c122a35ba8d4870d2b3a0683149b20/cmake_modules/CodeCoverage.cmake#L154,# NOT GCOV_PATH,[],CMake,8,154,154
4196,graphblas/lagraph,https://github.com/graphblas/lagraph/blob/25234c27c1c122a35ba8d4870d2b3a0683149b20/cmake_modules/CodeCoverage.cmake#L165,# Do nothing; exit conditional without error if true,[],CMake,8,165,165
4196,graphblas/lagraph,https://github.com/graphblas/lagraph/blob/25234c27c1c122a35ba8d4870d2b3a0683149b20/cmake_modules/CodeCoverage.cmake#L167,# Do nothing; exit conditional without error if true,[],CMake,8,167,167
4196,graphblas/lagraph,https://github.com/graphblas/lagraph/blob/25234c27c1c122a35ba8d4870d2b3a0683149b20/cmake_modules/CodeCoverage.cmake#L213,"# NOT (CMAKE_BUILD_TYPE STREQUAL ""Debug"" OR GENERATOR_IS_MULTI_CONFIG)",[],CMake,8,213,213
4196,graphblas/lagraph,https://github.com/graphblas/lagraph/blob/25234c27c1c122a35ba8d4870d2b3a0683149b20/cmake_modules/CodeCoverage.cmake#L219,"# Defines a target for running and collection code coverage information
# Builds dependencies, runs the given executable and outputs reports.
# NOTE! The executable should always have a ZERO as exit code otherwise
# the coverage generation will not complete.
#
# setup_target_for_coverage_lcov(
#     NAME testrunner_coverage                    # New target name
#     EXECUTABLE testrunner -j ${PROCESSOR_COUNT} # Executable in PROJECT_BINARY_DIR
#     DEPENDENCIES testrunner                     # Dependencies to build first
#     BASE_DIRECTORY ""../""                        # Base directory for report
#                                                 #  (defaults to PROJECT_SOURCE_DIR)
#     EXCLUDE ""src/dir1/*"" ""src/dir2/*""           # Patterns to exclude (can be relative
#                                                 #  to BASE_DIRECTORY, with CMake 3.4+)
#     NO_DEMANGLE                                 # Don't demangle C++ symbols
#                                                 #  even if c++filt is found
# )",[],CMake,0,219,234
4196,graphblas/lagraph,https://github.com/graphblas/lagraph/blob/25234c27c1c122a35ba8d4870d2b3a0683149b20/cmake_modules/CodeCoverage.cmake#L244,# NOT LCOV_PATH,[],CMake,12,244,244
4196,graphblas/lagraph,https://github.com/graphblas/lagraph/blob/25234c27c1c122a35ba8d4870d2b3a0683149b20/cmake_modules/CodeCoverage.cmake#L248,# NOT GENHTML_PATH,[],CMake,12,248,248
4196,graphblas/lagraph,https://github.com/graphblas/lagraph/blob/25234c27c1c122a35ba8d4870d2b3a0683149b20/cmake_modules/CodeCoverage.cmake#L254,"# Set base directory (as absolute path), or default to PROJECT_SOURCE_DIR",[],CMake,4,254,254
4196,graphblas/lagraph,https://github.com/graphblas/lagraph/blob/25234c27c1c122a35ba8d4870d2b3a0683149b20/cmake_modules/CodeCoverage.cmake#L261,# Collect excludes (CMake 3.4+: Also compute absolute paths),[],CMake,4,261,261
4196,graphblas/lagraph,https://github.com/graphblas/lagraph/blob/25234c27c1c122a35ba8d4870d2b3a0683149b20/cmake_modules/CodeCoverage.cmake#L271,# Conditional arguments,[],CMake,4,271,271
4196,graphblas/lagraph,https://github.com/graphblas/lagraph/blob/25234c27c1c122a35ba8d4870d2b3a0683149b20/cmake_modules/CodeCoverage.cmake#L276,"# Setting up commands which will be run to generate coverage data.
# Cleanup lcov",[],CMake,4,276,277
4196,graphblas/lagraph,https://github.com/graphblas/lagraph/blob/25234c27c1c122a35ba8d4870d2b3a0683149b20/cmake_modules/CodeCoverage.cmake#L282,# Create baseline to make sure untouched files show up in the report,[],CMake,4,282,282
4196,graphblas/lagraph,https://github.com/graphblas/lagraph/blob/25234c27c1c122a35ba8d4870d2b3a0683149b20/cmake_modules/CodeCoverage.cmake#L287,# Run tests,[],CMake,4,287,287
4196,graphblas/lagraph,https://github.com/graphblas/lagraph/blob/25234c27c1c122a35ba8d4870d2b3a0683149b20/cmake_modules/CodeCoverage.cmake#L291,# Capturing lcov counters and generating report,[],CMake,4,291,291
4196,graphblas/lagraph,https://github.com/graphblas/lagraph/blob/25234c27c1c122a35ba8d4870d2b3a0683149b20/cmake_modules/CodeCoverage.cmake#L296,# add baseline counters,[],CMake,4,296,296
4196,graphblas/lagraph,https://github.com/graphblas/lagraph/blob/25234c27c1c122a35ba8d4870d2b3a0683149b20/cmake_modules/CodeCoverage.cmake#L301,# filter collected data to final coverage report,[],CMake,4,301,301
4196,graphblas/lagraph,https://github.com/graphblas/lagraph/blob/25234c27c1c122a35ba8d4870d2b3a0683149b20/cmake_modules/CodeCoverage.cmake#L306,# Generate HTML output,[],CMake,4,306,306
4196,graphblas/lagraph,https://github.com/graphblas/lagraph/blob/25234c27c1c122a35ba8d4870d2b3a0683149b20/cmake_modules/CodeCoverage.cmake#L345,# Setup target,[],CMake,4,345,345
4196,graphblas/lagraph,https://github.com/graphblas/lagraph/blob/25234c27c1c122a35ba8d4870d2b3a0683149b20/cmake_modules/CodeCoverage.cmake#L355,# Set output files as GENERATED (will be removed on 'make clean'),[],CMake,8,355,355
4196,graphblas/lagraph,https://github.com/graphblas/lagraph/blob/25234c27c1c122a35ba8d4870d2b3a0683149b20/cmake_modules/CodeCoverage.cmake#L364,# Protect arguments to commands,[],CMake,17,364,364
4196,graphblas/lagraph,https://github.com/graphblas/lagraph/blob/25234c27c1c122a35ba8d4870d2b3a0683149b20/cmake_modules/CodeCoverage.cmake#L368,# Show where to find the lcov info report,[],CMake,4,368,368
4196,graphblas/lagraph,https://github.com/graphblas/lagraph/blob/25234c27c1c122a35ba8d4870d2b3a0683149b20/cmake_modules/CodeCoverage.cmake#L374,# Show info where to find the report,[],CMake,4,374,374
4196,graphblas/lagraph,https://github.com/graphblas/lagraph/blob/25234c27c1c122a35ba8d4870d2b3a0683149b20/cmake_modules/CodeCoverage.cmake#L380,# setup_target_for_coverage_lcov,[],CMake,14,380,380
4196,graphblas/lagraph,https://github.com/graphblas/lagraph/blob/25234c27c1c122a35ba8d4870d2b3a0683149b20/cmake_modules/CodeCoverage.cmake#L382,"# Defines a target for running and collection code coverage information
# Builds dependencies, runs the given executable and outputs reports.
# NOTE! The executable should always have a ZERO as exit code otherwise
# the coverage generation will not complete.
#
# setup_target_for_coverage_gcovr_xml(
#     NAME ctest_coverage                    # New target name
#     EXECUTABLE ctest -j ${PROCESSOR_COUNT} # Executable in PROJECT_BINARY_DIR
#     DEPENDENCIES executable_target         # Dependencies to build first
#     BASE_DIRECTORY ""../""                   # Base directory for report
#                                            #  (defaults to PROJECT_SOURCE_DIR)
#     EXCLUDE ""src/dir1/*"" ""src/dir2/*""      # Patterns to exclude (can be relative
#                                            #  to BASE_DIRECTORY, with CMake 3.4+)
# )
# The user can set the variable GCOVR_ADDITIONAL_ARGS to supply additional flags to the
# GCVOR command.",[],CMake,0,382,397
4196,graphblas/lagraph,https://github.com/graphblas/lagraph/blob/25234c27c1c122a35ba8d4870d2b3a0683149b20/cmake_modules/CodeCoverage.cmake#L407,# NOT GCOVR_PATH,[],CMake,12,407,407
4196,graphblas/lagraph,https://github.com/graphblas/lagraph/blob/25234c27c1c122a35ba8d4870d2b3a0683149b20/cmake_modules/CodeCoverage.cmake#L409,"# Set base directory (as absolute path), or default to PROJECT_SOURCE_DIR",[],CMake,4,409,409
4196,graphblas/lagraph,https://github.com/graphblas/lagraph/blob/25234c27c1c122a35ba8d4870d2b3a0683149b20/cmake_modules/CodeCoverage.cmake#L416,# Collect excludes (CMake 3.4+: Also compute absolute paths),[],CMake,4,416,416
4196,graphblas/lagraph,https://github.com/graphblas/lagraph/blob/25234c27c1c122a35ba8d4870d2b3a0683149b20/cmake_modules/CodeCoverage.cmake#L426,# Combine excludes to several -e arguments,[],CMake,4,426,426
4196,graphblas/lagraph,https://github.com/graphblas/lagraph/blob/25234c27c1c122a35ba8d4870d2b3a0683149b20/cmake_modules/CodeCoverage.cmake#L433,"# Set up commands which will be run to generate coverage data
# Run tests",[],CMake,4,433,434
4196,graphblas/lagraph,https://github.com/graphblas/lagraph/blob/25234c27c1c122a35ba8d4870d2b3a0683149b20/cmake_modules/CodeCoverage.cmake#L438,# Running gcovr,[],CMake,4,438,438
4196,graphblas/lagraph,https://github.com/graphblas/lagraph/blob/25234c27c1c122a35ba8d4870d2b3a0683149b20/cmake_modules/CodeCoverage.cmake#L463,# Protect arguments to commands,[],CMake,17,463,463
4196,graphblas/lagraph,https://github.com/graphblas/lagraph/blob/25234c27c1c122a35ba8d4870d2b3a0683149b20/cmake_modules/CodeCoverage.cmake#L467,# Show info where to find the report,[],CMake,4,467,467
4196,graphblas/lagraph,https://github.com/graphblas/lagraph/blob/25234c27c1c122a35ba8d4870d2b3a0683149b20/cmake_modules/CodeCoverage.cmake#L472,# setup_target_for_coverage_gcovr_xml,[],CMake,14,472,472
4196,graphblas/lagraph,https://github.com/graphblas/lagraph/blob/25234c27c1c122a35ba8d4870d2b3a0683149b20/cmake_modules/CodeCoverage.cmake#L474,"# Defines a target for running and collection code coverage information
# Builds dependencies, runs the given executable and outputs reports.
# NOTE! The executable should always have a ZERO as exit code otherwise
# the coverage generation will not complete.
#
# setup_target_for_coverage_gcovr_html(
#     NAME ctest_coverage                    # New target name
#     EXECUTABLE ctest -j ${PROCESSOR_COUNT} # Executable in PROJECT_BINARY_DIR
#     DEPENDENCIES executable_target         # Dependencies to build first
#     BASE_DIRECTORY ""../""                   # Base directory for report
#                                            #  (defaults to PROJECT_SOURCE_DIR)
#     EXCLUDE ""src/dir1/*"" ""src/dir2/*""      # Patterns to exclude (can be relative
#                                            #  to BASE_DIRECTORY, with CMake 3.4+)
# )
# The user can set the variable GCOVR_ADDITIONAL_ARGS to supply additional flags to the
# GCVOR command.",[],CMake,0,474,489
4196,graphblas/lagraph,https://github.com/graphblas/lagraph/blob/25234c27c1c122a35ba8d4870d2b3a0683149b20/cmake_modules/CodeCoverage.cmake#L499,# NOT GCOVR_PATH,[],CMake,12,499,499
4196,graphblas/lagraph,https://github.com/graphblas/lagraph/blob/25234c27c1c122a35ba8d4870d2b3a0683149b20/cmake_modules/CodeCoverage.cmake#L501,"# Set base directory (as absolute path), or default to PROJECT_SOURCE_DIR",[],CMake,4,501,501
4196,graphblas/lagraph,https://github.com/graphblas/lagraph/blob/25234c27c1c122a35ba8d4870d2b3a0683149b20/cmake_modules/CodeCoverage.cmake#L508,# Collect excludes (CMake 3.4+: Also compute absolute paths),[],CMake,4,508,508
4196,graphblas/lagraph,https://github.com/graphblas/lagraph/blob/25234c27c1c122a35ba8d4870d2b3a0683149b20/cmake_modules/CodeCoverage.cmake#L518,# Combine excludes to several -e arguments,[],CMake,4,518,518
4196,graphblas/lagraph,https://github.com/graphblas/lagraph/blob/25234c27c1c122a35ba8d4870d2b3a0683149b20/cmake_modules/CodeCoverage.cmake#L525,"# Set up commands which will be run to generate coverage data
# Run tests",[],CMake,4,525,526
4196,graphblas/lagraph,https://github.com/graphblas/lagraph/blob/25234c27c1c122a35ba8d4870d2b3a0683149b20/cmake_modules/CodeCoverage.cmake#L530,# Create folder,[],CMake,4,530,530
4196,graphblas/lagraph,https://github.com/graphblas/lagraph/blob/25234c27c1c122a35ba8d4870d2b3a0683149b20/cmake_modules/CodeCoverage.cmake#L534,# Running gcovr,[],CMake,4,534,534
4196,graphblas/lagraph,https://github.com/graphblas/lagraph/blob/25234c27c1c122a35ba8d4870d2b3a0683149b20/cmake_modules/CodeCoverage.cmake#L562,# report directory,[],CMake,70,562,562
4196,graphblas/lagraph,https://github.com/graphblas/lagraph/blob/25234c27c1c122a35ba8d4870d2b3a0683149b20/cmake_modules/CodeCoverage.cmake#L565,# Protect arguments to commands,[],CMake,17,565,565
4196,graphblas/lagraph,https://github.com/graphblas/lagraph/blob/25234c27c1c122a35ba8d4870d2b3a0683149b20/cmake_modules/CodeCoverage.cmake#L569,# Show info where to find the report,[],CMake,4,569,569
4196,graphblas/lagraph,https://github.com/graphblas/lagraph/blob/25234c27c1c122a35ba8d4870d2b3a0683149b20/cmake_modules/CodeCoverage.cmake#L575,# setup_target_for_coverage_gcovr_html,[],CMake,14,575,575
4196,graphblas/lagraph,https://github.com/graphblas/lagraph/blob/25234c27c1c122a35ba8d4870d2b3a0683149b20/cmake_modules/CodeCoverage.cmake#L577,"# Defines a target for running and collection code coverage information
# Builds dependencies, runs the given executable and outputs reports.
# NOTE! The executable should always have a ZERO as exit code otherwise
# the coverage generation will not complete.
#
# setup_target_for_coverage_fastcov(
#     NAME testrunner_coverage                    # New target name
#     EXECUTABLE testrunner -j ${PROCESSOR_COUNT} # Executable in PROJECT_BINARY_DIR
#     DEPENDENCIES testrunner                     # Dependencies to build first
#     BASE_DIRECTORY ""../""                        # Base directory for report
#                                                 #  (defaults to PROJECT_SOURCE_DIR)
#     EXCLUDE ""src/dir1/"" ""src/dir2/""             # Patterns to exclude.
#     NO_DEMANGLE                                 # Don't demangle C++ symbols
#                                                 #  even if c++filt is found
#     SKIP_HTML                                   # Don't create html report
#     POST_CMD perl -i -pe s!${PROJECT_SOURCE_DIR}/!!g ctest_coverage.json  # E.g. for stripping source dir from file paths
# )",[],CMake,0,577,593
4196,graphblas/lagraph,https://github.com/graphblas/lagraph/blob/25234c27c1c122a35ba8d4870d2b3a0683149b20/cmake_modules/CodeCoverage.cmake#L609,"# Set base directory (as absolute path), or default to PROJECT_SOURCE_DIR",[],CMake,4,609,609
4196,graphblas/lagraph,https://github.com/graphblas/lagraph/blob/25234c27c1c122a35ba8d4870d2b3a0683149b20/cmake_modules/CodeCoverage.cmake#L616,"# Collect excludes (Patterns, not paths, for fastcov)",[],CMake,4,616,616
4196,graphblas/lagraph,https://github.com/graphblas/lagraph/blob/25234c27c1c122a35ba8d4870d2b3a0683149b20/cmake_modules/CodeCoverage.cmake#L623,# Conditional arguments,[],CMake,4,623,623
4196,graphblas/lagraph,https://github.com/graphblas/lagraph/blob/25234c27c1c122a35ba8d4870d2b3a0683149b20/cmake_modules/CodeCoverage.cmake#L628,# Set up commands which will be run to generate coverage data,[],CMake,4,628,628
4196,graphblas/lagraph,https://github.com/graphblas/lagraph/blob/25234c27c1c122a35ba8d4870d2b3a0683149b20/cmake_modules/CodeCoverage.cmake#L683,# Setup target,[],CMake,4,683,683
4196,graphblas/lagraph,https://github.com/graphblas/lagraph/blob/25234c27c1c122a35ba8d4870d2b3a0683149b20/cmake_modules/CodeCoverage.cmake#L686,# Cleanup fastcov,[],CMake,8,686,686
4196,graphblas/lagraph,https://github.com/graphblas/lagraph/blob/25234c27c1c122a35ba8d4870d2b3a0683149b20/cmake_modules/CodeCoverage.cmake#L697,# Set output files as GENERATED (will be removed on 'make clean'),[],CMake,8,697,697
4196,graphblas/lagraph,https://github.com/graphblas/lagraph/blob/25234c27c1c122a35ba8d4870d2b3a0683149b20/cmake_modules/CodeCoverage.cmake#L701,# report directory,[],CMake,42,701,701
4196,graphblas/lagraph,https://github.com/graphblas/lagraph/blob/25234c27c1c122a35ba8d4870d2b3a0683149b20/cmake_modules/CodeCoverage.cmake#L705,# Protect arguments to commands,[],CMake,17,705,705
4196,graphblas/lagraph,https://github.com/graphblas/lagraph/blob/25234c27c1c122a35ba8d4870d2b3a0683149b20/cmake_modules/CodeCoverage.cmake#L713,# Show where to find the fastcov info report,[],CMake,4,713,713
4196,graphblas/lagraph,https://github.com/graphblas/lagraph/blob/25234c27c1c122a35ba8d4870d2b3a0683149b20/cmake_modules/CodeCoverage.cmake#L718,# setup_target_for_coverage_fastcov,[],CMake,14,718,718
4196,graphblas/lagraph,https://github.com/graphblas/lagraph/blob/25234c27c1c122a35ba8d4870d2b3a0683149b20/cmake_modules/CodeCoverage.cmake#L725,# append_coverage_compiler_flags,[],CMake,14,725,725
4196,graphblas/lagraph,https://github.com/graphblas/lagraph/blob/25234c27c1c122a35ba8d4870d2b3a0683149b20/cmake_modules/FindGraphBLAS.cmake#L1,"#[=======================================================================[.rst:
FindGraphBLAS
--------

LAGraph, (c) 2019-2022 by The LAGraph Contributors, All Rights Reserved.
SPDX-License-Identifier: BSD-2-Clause
See additional acknowledgments in the LICENSE file,
or contact permission@sei.cmu.edu for the full terms.

Find the native GRAPHBLAS includes and library.

IMPORTED Targets
^^^^^^^^^^^^^^^^

This module defines :prop_tgt:`IMPORTED` target ``GRAPHBLAS::GRAPHBLAS``, if
GRAPHBLAS has been found.

Result Variables
^^^^^^^^^^^^^^^^

This module defines the following variables:

::

  GRAPHBLAS_INCLUDE_DIR    - where to find GraphBLAS.h, etc.
  GRAPHBLAS_LIBRARY        - GraphBLAS library
  GRAPHBLAS_LIBRARIES      - List of libraries when using GraphBLAS.
  GRAPHBLAS_FOUND          - True if GraphBLAS found.

::

Hints
^^^^^

A user may set ``GRAPHBLAS_ROOT`` to a GraphBLAS installation root to tell this
module where to look.

Otherwise, the first place searched is in ../GraphBLAS, relative to the LAGraph
source directory.  That is, if GraphBLAS and LAGraph reside in the same parent
folder, side-by-side, and if it contains GraphBLAS/Include/GraphBLAS.h file and
GraphBLAS/build/libgraphblas.so (or dylib, etc), then that version is used.
This takes precedence over the system-wide installation of GraphBLAS, which
might be an older version.  This method gives the user the ability to compile
LAGraph with their own copy of GraphBLAS, ignoring the system-wide version.

#]=======================================================================]",[],CMake,0,1,46
4196,graphblas/lagraph,https://github.com/graphblas/lagraph/blob/25234c27c1c122a35ba8d4870d2b3a0683149b20/cmake_modules/FindGraphBLAS.cmake#L48,"# NB: this is built around assumptions about one particular GraphBLAS
# installation (SuiteSparse:GraphBLAS). As other installations become available
# changes to this will likely be required.",[],CMake,0,48,50
4196,graphblas/lagraph,https://github.com/graphblas/lagraph/blob/25234c27c1c122a35ba8d4870d2b3a0683149b20/cmake_modules/FindGraphBLAS.cmake#L52,"# ""Include"" for SuiteSparse:GraphBLAS",[],CMake,0,52,52
4196,graphblas/lagraph,https://github.com/graphblas/lagraph/blob/25234c27c1c122a35ba8d4870d2b3a0683149b20/cmake_modules/FindGraphBLAS.cmake#L63,"# ""build"" for SuiteSparse:GraphBLAS",[],CMake,0,63,63
4196,graphblas/lagraph,https://github.com/graphblas/lagraph/blob/25234c27c1c122a35ba8d4870d2b3a0683149b20/cmake_modules/FindGraphBLAS.cmake#L74,# get version of .so using REALPATH,[],CMake,0,74,74
4196,graphblas/lagraph,https://github.com/graphblas/lagraph/blob/25234c27c1c122a35ba8d4870d2b3a0683149b20/cmake_modules/FindLAGraph.cmake#L1,"#[=======================================================================[.rst:
FindLAGraph
--------

LAGraph, (c) 2019-2022 by The LAGraph Contributors, All Rights Reserved.
SPDX-License-Identifier: BSD-2-Clause
See additional acknowledgments in the LICENSE file,
or contact permission@sei.cmu.edu for the full terms.

Find the native LAGRAPH includes and library.

IMPORTED Targets
^^^^^^^^^^^^^^^^

This module defines :prop_tgt:`IMPORTED` target ``LAGRAPH::LAGRAPH``, if
LAGRAPH has been found.

Result Variables
^^^^^^^^^^^^^^^^

This module defines the following variables:

::

  LAGRAPH_INCLUDE_DIR    - where to find LAGraph.h, etc.
  LAGRAPH_LIBRARY        - LAGraph library
  LAGRAPH_LIBRARIES      - List of libraries when using LAGraph.
  LAGRAPH_FOUND          - True if LAGraph found.

::

Hints
^^^^^

A user may set ``LAGRAPH_ROOT`` to a LAGraph installation root to tell this
module where to look.

Otherwise, the first place searched is in ../LAGraph, relative to the current
source directory.  That is, if the user application and LAGraph reside in the
same parent folder, side-by-side, and if it contains LAGraph/include/LAGraph.h
file and LAGraph/build/lib/liblagraph.so (or dylib, etc), then that version is
used.  This takes precedence over the system-wide installation of LAGraph,
which might be an older version.  This method gives the user the ability to
compile LAGraph with their own copy of LAGraph, ignoring the system-wide
version.

#]=======================================================================]",[],CMake,0,1,47
4196,graphblas/lagraph,https://github.com/graphblas/lagraph/blob/25234c27c1c122a35ba8d4870d2b3a0683149b20/cmake_modules/FindLAGraph.cmake#L49,"# ""include"" for LAGraph",[],CMake,0,49,49
4196,graphblas/lagraph,https://github.com/graphblas/lagraph/blob/25234c27c1c122a35ba8d4870d2b3a0683149b20/cmake_modules/FindLAGraph.cmake#L58,"# ""build/lib"" for LAGraph",[],CMake,0,58,58
4196,graphblas/lagraph,https://github.com/graphblas/lagraph/blob/25234c27c1c122a35ba8d4870d2b3a0683149b20/cmake_modules/FindLAGraph.cmake#L68,# get version of .so using REALPATH,[],CMake,0,68,68
4196,graphblas/lagraph,https://github.com/graphblas/lagraph/blob/25234c27c1c122a35ba8d4870d2b3a0683149b20/cmake_modules/FindSphinx.cmake#L1,#Look for an executable called sphinx-build,[],CMake,0,1,1
4196,graphblas/lagraph,https://github.com/graphblas/lagraph/blob/25234c27c1c122a35ba8d4870d2b3a0683149b20/cmake_modules/FindSphinx.cmake#L8,#Handle standard arguments to find_package like REQUIRED and QUIET,[],CMake,0,8,8
