repoIndex,repoName,linkLocation,comment,keywords,buildSysteminFile,charPosition,startLine,endLine
5511,fabrizio-caruso/cross-lib,https://github.com/fabrizio-caruso/cross-lib/blob/79b4ed211795d5f585f6685946ec71808d730ae6/tools/cc65/osic1p/srecord-1.64/Makefile.in#L18,"#
# @configure_input@
#
# The configure script generates 2 files:
# 1. This Makefile
# 2. srecord/config.h
# If you change this Makefile, you may also need to change these files. To see
# what is configured by the configure script, search for @ in the Makefile.in
# file.
#
# If you wish to reconfigure the installations directories it is RECOMMENDED
# that you re-run the configure script.
#
# Use ""./configure --help"" for a list of options.
#",[],Autotool,0,18,32
5511,fabrizio-caruso/cross-lib,https://github.com/fabrizio-caruso/cross-lib/blob/79b4ed211795d5f585f6685946ec71808d730ae6/tools/cc65/osic1p/srecord-1.64/Makefile.in#L34,"#
# directory containing the source
#",[],Autotool,0,34,36
5511,fabrizio-caruso/cross-lib,https://github.com/fabrizio-caruso/cross-lib/blob/79b4ed211795d5f585f6685946ec71808d730ae6/tools/cc65/osic1p/srecord-1.64/Makefile.in#L40,"#
# the name of the install program to use
#",[],Autotool,0,40,42
5511,fabrizio-caruso/cross-lib,https://github.com/fabrizio-caruso/cross-lib/blob/79b4ed211795d5f585f6685946ec71808d730ae6/tools/cc65/osic1p/srecord-1.64/Makefile.in#L48,"#
# The name of the C++ compiler to use.
#",[],Autotool,0,48,50
5511,fabrizio-caruso/cross-lib,https://github.com/fabrizio-caruso/cross-lib/blob/79b4ed211795d5f585f6685946ec71808d730ae6/tools/cc65/osic1p/srecord-1.64/Makefile.in#L53,"#
# The C++ compiler flags to use.
#",[],Autotool,0,53,55
5511,fabrizio-caruso/cross-lib,https://github.com/fabrizio-caruso/cross-lib/blob/79b4ed211795d5f585f6685946ec71808d730ae6/tools/cc65/osic1p/srecord-1.64/Makefile.in#L58,"#
# The C++ preprocessor flags to use.
#",[],Autotool,0,58,60
5511,fabrizio-caruso/cross-lib,https://github.com/fabrizio-caruso/cross-lib/blob/79b4ed211795d5f585f6685946ec71808d730ae6/tools/cc65/osic1p/srecord-1.64/Makefile.in#L63,"#
# The linker flags to use
#",[],Autotool,0,63,65
5511,fabrizio-caruso/cross-lib,https://github.com/fabrizio-caruso/cross-lib/blob/79b4ed211795d5f585f6685946ec71808d730ae6/tools/cc65/osic1p/srecord-1.64/Makefile.in#L68,"#
# prefix for installation path
#",[],Autotool,0,68,70
5511,fabrizio-caruso/cross-lib,https://github.com/fabrizio-caruso/cross-lib/blob/79b4ed211795d5f585f6685946ec71808d730ae6/tools/cc65/osic1p/srecord-1.64/Makefile.in#L74,"#
# Where to put the executables.
#
# On a network, this would only be shared between machines of identical
# cpu-hw-os flavour. It can be read-only.
#
# The $(DESTDIR) is for packaging.
#",[],Autotool,0,74,81
5511,fabrizio-caruso/cross-lib,https://github.com/fabrizio-caruso/cross-lib/blob/79b4ed211795d5f585f6685946ec71808d730ae6/tools/cc65/osic1p/srecord-1.64/Makefile.in#L84,"#
# Where to put the manuals.
#
# On a network, this would be shared between all machines on the network. It can
# be read-only.
#
# The $(DESTDIR) is for packaging.
#",[],Autotool,0,84,91
5511,fabrizio-caruso/cross-lib,https://github.com/fabrizio-caruso/cross-lib/blob/79b4ed211795d5f585f6685946ec71808d730ae6/tools/cc65/osic1p/srecord-1.64/Makefile.in#L94,# define this to silence ./configure warning,[],Autotool,0,94,94
5511,fabrizio-caruso/cross-lib,https://github.com/fabrizio-caruso/cross-lib/blob/79b4ed211795d5f585f6685946ec71808d730ae6/tools/cc65/osic1p/srecord-1.64/Makefile.in#L97,"#
# Where to put the supplementary package executables.
#
# On a network, this would be shared between all machines of identical
# architecture. It can be read-only.
#
# The $(DESTDIR) is for packaging.
#",[],Autotool,0,97,104
5511,fabrizio-caruso/cross-lib,https://github.com/fabrizio-caruso/cross-lib/blob/79b4ed211795d5f585f6685946ec71808d730ae6/tools/cc65/osic1p/srecord-1.64/Makefile.in#L107,"#
# Where to put the include files for the library.
#
# On a network, this would be shared between all machines of identical
# architecture. It can be read-only.
#
# The $(DESTDIR) is for packaging.
#",[],Autotool,0,107,114
5511,fabrizio-caruso/cross-lib,https://github.com/fabrizio-caruso/cross-lib/blob/79b4ed211795d5f585f6685946ec71808d730ae6/tools/cc65/osic1p/srecord-1.64/Makefile.in#L117,"#
# The name of the GNU Libtool command.
#",[],Autotool,0,117,119
5511,fabrizio-caruso/cross-lib,https://github.com/fabrizio-caruso/cross-lib/blob/79b4ed211795d5f585f6685946ec71808d730ae6/tools/cc65/osic1p/srecord-1.64/Makefile.in#L122,"#
# extra libraries required for your system
#",[],Autotool,0,122,124
5511,fabrizio-caruso/cross-lib,https://github.com/fabrizio-caruso/cross-lib/blob/79b4ed211795d5f585f6685946ec71808d730ae6/tools/cc65/osic1p/srecord-1.64/Makefile.in#L127,"#
# shell to use to run tests and commands
#",[],Autotool,0,127,129
5511,fabrizio-caruso/cross-lib,https://github.com/fabrizio-caruso/cross-lib/blob/79b4ed211795d5f585f6685946ec71808d730ae6/tools/cc65/osic1p/srecord-1.64/Makefile.in#L132,"#
# Set GROFF to the name of the roff command on your system, usually ""groff"" or
# ""troff"" or ""nroff"".
#",[],Autotool,0,132,135
5511,fabrizio-caruso/cross-lib,https://github.com/fabrizio-caruso/cross-lib/blob/79b4ed211795d5f585f6685946ec71808d730ae6/tools/cc65/osic1p/srecord-1.64/Makefile.in#L138,"#
# Set SOELIM to the name of the roff proprocessor command on your system,
# usually ""soelim"" or ""gsoelim"".
#",[],Autotool,0,138,141
5511,fabrizio-caruso/cross-lib,https://github.com/fabrizio-caruso/cross-lib/blob/79b4ed211795d5f585f6685946ec71808d730ae6/tools/cc65/osic1p/srecord-1.64/Makefile.in#L144,"# ---------------------------------------------------------
# You should not need to change anything below this line.",[],Autotool,0,144,145
5511,fabrizio-caruso/cross-lib,https://github.com/fabrizio-caruso/cross-lib/blob/79b4ed211795d5f585f6685946ec71808d730ae6/tools/cc65/osic1p/srecord-1.64/Makefile.in#L147,"#
# The default target
#",[],Autotool,0,147,149
5511,fabrizio-caruso/cross-lib,https://github.com/fabrizio-caruso/cross-lib/blob/79b4ed211795d5f585f6685946ec71808d730ae6/tools/cc65/osic1p/srecord-1.64/Makefile.in#L3748,"#
# The srecord/libsrecord.la library.
#",[],Autotool,0,3748,3750
5511,fabrizio-caruso/cross-lib,https://github.com/fabrizio-caruso/cross-lib/blob/79b4ed211795d5f585f6685946ec71808d730ae6/tools/cc65/osic1p/srecord-1.64/Makefile.in#L3870,"#
# The install of the *.la file automatically causes ""$(LIBTOOL) --mode=install""
# to install the *.a and *.so* files as well, which is why you don't see them
# explicitly mentioned here.
#",[],Autotool,0,3870,3874
5511,fabrizio-caruso/cross-lib,https://github.com/fabrizio-caruso/cross-lib/blob/79b4ed211795d5f585f6685946ec71808d730ae6/tools/cc65/osic1p/srecord-1.64/Makefile.in#L4001,"#
# The srec_cat program.
#",[],Autotool,0,4001,4003
5511,fabrizio-caruso/cross-lib,https://github.com/fabrizio-caruso/cross-lib/blob/79b4ed211795d5f585f6685946ec71808d730ae6/tools/cc65/osic1p/srecord-1.64/Makefile.in#L4013,"#
# The srec_cmp program.
#",[],Autotool,0,4013,4015
5511,fabrizio-caruso/cross-lib,https://github.com/fabrizio-caruso/cross-lib/blob/79b4ed211795d5f585f6685946ec71808d730ae6/tools/cc65/osic1p/srecord-1.64/Makefile.in#L4025,"#
# The srec_info program.
#",[],Autotool,0,4025,4027
5511,fabrizio-caruso/cross-lib,https://github.com/fabrizio-caruso/cross-lib/blob/79b4ed211795d5f585f6685946ec71808d730ae6/tools/cc65/osic1p/srecord-1.64/Makefile.in#L4037,"#
# The test_arglex_ambiguous program.
#",[],Autotool,0,4037,4039
5511,fabrizio-caruso/cross-lib,https://github.com/fabrizio-caruso/cross-lib/blob/79b4ed211795d5f585f6685946ec71808d730ae6/tools/cc65/osic1p/srecord-1.64/Makefile.in#L4048,"#
# The test_crc16 program.
#",[],Autotool,0,4048,4050
5511,fabrizio-caruso/cross-lib,https://github.com/fabrizio-caruso/cross-lib/blob/79b4ed211795d5f585f6685946ec71808d730ae6/tools/cc65/osic1p/srecord-1.64/Makefile.in#L4057,"#
# The test_fletcher16 program.
#",[],Autotool,0,4057,4059
5511,fabrizio-caruso/cross-lib,https://github.com/fabrizio-caruso/cross-lib/blob/79b4ed211795d5f585f6685946ec71808d730ae6/tools/cc65/osic1p/srecord-1.64/Makefile.in#L4066,"#
# The test_gecos program.
#",[],Autotool,0,4066,4068
5511,fabrizio-caruso/cross-lib,https://github.com/fabrizio-caruso/cross-lib/blob/79b4ed211795d5f585f6685946ec71808d730ae6/tools/cc65/osic1p/srecord-1.64/Makefile.in#L4075,"#
# The test_hyphen program.
#",[],Autotool,0,4075,4077
5511,fabrizio-caruso/cross-lib,https://github.com/fabrizio-caruso/cross-lib/blob/79b4ed211795d5f585f6685946ec71808d730ae6/tools/cc65/osic1p/srecord-1.64/Makefile.in#L4084,"#
# The test_url_decode program.
#",[],Autotool,0,4084,4086
5511,fabrizio-caruso/cross-lib,https://github.com/fabrizio-caruso/cross-lib/blob/79b4ed211795d5f585f6685946ec71808d730ae6/tools/cc65/osic1p/srecord-1.64/Makefile.in#L4592,"#
# The install of the *.la file automatically causes ""$(LIBTOOL) --mode=install""
# to install the *.a and *.so* files as well, which is why you don't see them
# explicitly mentioned here.
#",[],Autotool,0,4592,4596
5511,fabrizio-caruso/cross-lib,https://github.com/fabrizio-caruso/cross-lib/blob/79b4ed211795d5f585f6685946ec71808d730ae6/tools/cc65/osic1p/srecord-1.64/Makefile.in#L4820,# vim: set ts=8 sw=8 noet :,[],Autotool,0,4820,4820
5511,fabrizio-caruso/cross-lib,https://github.com/fabrizio-caruso/cross-lib/blob/79b4ed211795d5f585f6685946ec71808d730ae6/tools/z88dk/abc80/abcdisk-2.6.3/Makefile.in#L27,# Programs that may require libraries not on this system,[],Autotool,0,27,27
5511,fabrizio-caruso/cross-lib,https://github.com/fabrizio-caruso/cross-lib/blob/79b4ed211795d5f585f6685946ec71808d730ae6/tools/cc65/osic1p/srecord-1.64/srecord/config.h.in#L1,/* srecord/config.h.in.  Generated from etc/configure.ac by autoheader.  */,[],Autotool,0,1,1
5511,fabrizio-caruso/cross-lib,https://github.com/fabrizio-caruso/cross-lib/blob/79b4ed211795d5f585f6685946ec71808d730ae6/tools/cc65/osic1p/srecord-1.64/srecord/config.h.in#L3,"/*
 * srecord - manipulate eprom load files
 * Copyright (C) 1998-2002, 2006-2014 Peter Miller
 * Copyright (C) 2014 Scott Finneran
 *
 * This program is free software; you can redistribute it and/or modify
 * it under the terms of the GNU General Public License as published by
 * the Free Software Foundation; either version 3 of the License, or (at
 * your option) any later version.
 *
 * This program is distributed in the hope that it will be useful,
 * but WITHOUT ANY WARRANTY; without even the implied warranty of
 * MERCHANTABILITY or FITNESS FOR A PARTICULAR PURPOSE.  See the GNU
 * General Public License for more details.
 *
 * You should have received a copy of the GNU General Public License
 * along with this program. If not, see <http://www.gnu.org/licenses/>.
 */",[],Autotool,0,3,20
5511,fabrizio-caruso/cross-lib,https://github.com/fabrizio-caruso/cross-lib/blob/79b4ed211795d5f585f6685946ec71808d730ae6/tools/cc65/osic1p/srecord-1.64/srecord/config.h.in#L26,"/* Set this to be the absolute path of a Bourne shell which understands
   functions. */",[],Autotool,0,26,27
5511,fabrizio-caruso/cross-lib,https://github.com/fabrizio-caruso/cross-lib/blob/79b4ed211795d5f585f6685946ec71808d730ae6/tools/cc65/osic1p/srecord-1.64/srecord/config.h.in#L30,/* Define to 1 if you have the <boost/shared_ptr.hpp> header file. */,[],Autotool,0,30,30
5511,fabrizio-caruso/cross-lib,https://github.com/fabrizio-caruso/cross-lib/blob/79b4ed211795d5f585f6685946ec71808d730ae6/tools/cc65/osic1p/srecord-1.64/srecord/config.h.in#L33,"/* Define this symbol if your operating system has a libgcrypt that defines
   the gcry_md_hd_t symbol. */",[],Autotool,0,33,34
5511,fabrizio-caruso/cross-lib,https://github.com/fabrizio-caruso/cross-lib/blob/79b4ed211795d5f585f6685946ec71808d730ae6/tools/cc65/osic1p/srecord-1.64/srecord/config.h.in#L37,/* Define to 1 if you have the <inttypes.h> header file. */,[],Autotool,0,37,37
5511,fabrizio-caruso/cross-lib,https://github.com/fabrizio-caruso/cross-lib/blob/79b4ed211795d5f585f6685946ec71808d730ae6/tools/cc65/osic1p/srecord-1.64/srecord/config.h.in#L40,/* Define to 1 if you have the `gcrypt' library (-lgcrypt). */,[],Autotool,0,40,40
5511,fabrizio-caruso/cross-lib,https://github.com/fabrizio-caruso/cross-lib/blob/79b4ed211795d5f585f6685946ec71808d730ae6/tools/cc65/osic1p/srecord-1.64/srecord/config.h.in#L43,"/* Define this symbol if your operating system has a libgcrypt that supports
   SHA224. */",[],Autotool,0,43,44
5511,fabrizio-caruso/cross-lib,https://github.com/fabrizio-caruso/cross-lib/blob/79b4ed211795d5f585f6685946ec71808d730ae6/tools/cc65/osic1p/srecord-1.64/srecord/config.h.in#L47,"/* Define this symbol if your operating system has a libgcrypt that supports
   WHIRLPOOL. */",[],Autotool,0,47,48
5511,fabrizio-caruso/cross-lib,https://github.com/fabrizio-caruso/cross-lib/blob/79b4ed211795d5f585f6685946ec71808d730ae6/tools/cc65/osic1p/srecord-1.64/srecord/config.h.in#L51,/* Define to 1 if you have the `gpg-error' library (-lgpg-error). */,[],Autotool,0,51,51
5511,fabrizio-caruso/cross-lib,https://github.com/fabrizio-caruso/cross-lib/blob/79b4ed211795d5f585f6685946ec71808d730ae6/tools/cc65/osic1p/srecord-1.64/srecord/config.h.in#L54,/* Define to 1 if you have the <memory.h> header file. */,[],Autotool,0,54,54
5511,fabrizio-caruso/cross-lib,https://github.com/fabrizio-caruso/cross-lib/blob/79b4ed211795d5f585f6685946ec71808d730ae6/tools/cc65/osic1p/srecord-1.64/srecord/config.h.in#L57,/* Define to 1 if you have the `snprintf' function. */,[],Autotool,0,57,57
5511,fabrizio-caruso/cross-lib,https://github.com/fabrizio-caruso/cross-lib/blob/79b4ed211795d5f585f6685946ec71808d730ae6/tools/cc65/osic1p/srecord-1.64/srecord/config.h.in#L60,"/* Define this symbol if your operating system has support for sparse file
   seeking. */",[],Autotool,0,60,61
5511,fabrizio-caruso/cross-lib,https://github.com/fabrizio-caruso/cross-lib/blob/79b4ed211795d5f585f6685946ec71808d730ae6/tools/cc65/osic1p/srecord-1.64/srecord/config.h.in#L64,/* Define to 1 if you have the <stdint.h> header file. */,[],Autotool,0,64,64
5511,fabrizio-caruso/cross-lib,https://github.com/fabrizio-caruso/cross-lib/blob/79b4ed211795d5f585f6685946ec71808d730ae6/tools/cc65/osic1p/srecord-1.64/srecord/config.h.in#L67,/* Define to 1 if you have the <stdlib.h> header file. */,[],Autotool,0,67,67
5511,fabrizio-caruso/cross-lib,https://github.com/fabrizio-caruso/cross-lib/blob/79b4ed211795d5f585f6685946ec71808d730ae6/tools/cc65/osic1p/srecord-1.64/srecord/config.h.in#L70,/* Define to 1 if you have the <strings.h> header file. */,[],Autotool,0,70,70
5511,fabrizio-caruso/cross-lib,https://github.com/fabrizio-caruso/cross-lib/blob/79b4ed211795d5f585f6685946ec71808d730ae6/tools/cc65/osic1p/srecord-1.64/srecord/config.h.in#L73,/* Define to 1 if you have the <string.h> header file. */,[],Autotool,0,73,73
5511,fabrizio-caruso/cross-lib,https://github.com/fabrizio-caruso/cross-lib/blob/79b4ed211795d5f585f6685946ec71808d730ae6/tools/cc65/osic1p/srecord-1.64/srecord/config.h.in#L76,/* Define to 1 if you have the <sys/stat.h> header file. */,[],Autotool,0,76,76
5511,fabrizio-caruso/cross-lib,https://github.com/fabrizio-caruso/cross-lib/blob/79b4ed211795d5f585f6685946ec71808d730ae6/tools/cc65/osic1p/srecord-1.64/srecord/config.h.in#L79,/* Define to 1 if you have the <sys/types.h> header file. */,[],Autotool,0,79,79
5511,fabrizio-caruso/cross-lib,https://github.com/fabrizio-caruso/cross-lib/blob/79b4ed211795d5f585f6685946ec71808d730ae6/tools/cc65/osic1p/srecord-1.64/srecord/config.h.in#L82,/* Define to 1 if you have the <unistd.h> header file. */,[],Autotool,0,82,82
5511,fabrizio-caruso/cross-lib,https://github.com/fabrizio-caruso/cross-lib/blob/79b4ed211795d5f585f6685946ec71808d730ae6/tools/cc65/osic1p/srecord-1.64/srecord/config.h.in#L85,/* Define to 1 if you have the `vsnprintf' function. */,[],Autotool,0,85,85
5511,fabrizio-caruso/cross-lib,https://github.com/fabrizio-caruso/cross-lib/blob/79b4ed211795d5f585f6685946ec71808d730ae6/tools/cc65/osic1p/srecord-1.64/srecord/config.h.in#L88,/* Define to the address where bug reports for this package should be sent. */,[],Autotool,0,88,88
5511,fabrizio-caruso/cross-lib,https://github.com/fabrizio-caruso/cross-lib/blob/79b4ed211795d5f585f6685946ec71808d730ae6/tools/cc65/osic1p/srecord-1.64/srecord/config.h.in#L91,/* Define to the full name of this package. */,[],Autotool,0,91,91
5511,fabrizio-caruso/cross-lib,https://github.com/fabrizio-caruso/cross-lib/blob/79b4ed211795d5f585f6685946ec71808d730ae6/tools/cc65/osic1p/srecord-1.64/srecord/config.h.in#L94,/* Define to the full name and version of this package. */,[],Autotool,0,94,94
5511,fabrizio-caruso/cross-lib,https://github.com/fabrizio-caruso/cross-lib/blob/79b4ed211795d5f585f6685946ec71808d730ae6/tools/cc65/osic1p/srecord-1.64/srecord/config.h.in#L97,/* Define to the one symbol short name of this package. */,[],Autotool,0,97,97
5511,fabrizio-caruso/cross-lib,https://github.com/fabrizio-caruso/cross-lib/blob/79b4ed211795d5f585f6685946ec71808d730ae6/tools/cc65/osic1p/srecord-1.64/srecord/config.h.in#L100,/* Define to the home page for this package. */,[],Autotool,0,100,100
5511,fabrizio-caruso/cross-lib,https://github.com/fabrizio-caruso/cross-lib/blob/79b4ed211795d5f585f6685946ec71808d730ae6/tools/cc65/osic1p/srecord-1.64/srecord/config.h.in#L103,/* Define to the version of this package. */,[],Autotool,0,103,103
5511,fabrizio-caruso/cross-lib,https://github.com/fabrizio-caruso/cross-lib/blob/79b4ed211795d5f585f6685946ec71808d730ae6/tools/cc65/osic1p/srecord-1.64/srecord/config.h.in#L106,/* Define to 1 if you have the ANSI C header files. */,[],Autotool,0,106,106
5511,fabrizio-caruso/cross-lib,https://github.com/fabrizio-caruso/cross-lib/blob/79b4ed211795d5f585f6685946ec71808d730ae6/tools/cc65/osic1p/srecord-1.64/srecord/config.h.in#L109,"/* Enable extensions on AIX 3, Interix.  */",[],Autotool,0,109,109
5511,fabrizio-caruso/cross-lib,https://github.com/fabrizio-caruso/cross-lib/blob/79b4ed211795d5f585f6685946ec71808d730ae6/tools/cc65/osic1p/srecord-1.64/srecord/config.h.in#L113,/* Enable GNU extensions on systems that have them.  */,[],Autotool,0,113,113
5511,fabrizio-caruso/cross-lib,https://github.com/fabrizio-caruso/cross-lib/blob/79b4ed211795d5f585f6685946ec71808d730ae6/tools/cc65/osic1p/srecord-1.64/srecord/config.h.in#L117,/* Enable threading extensions on Solaris.  */,[],Autotool,0,117,117
5511,fabrizio-caruso/cross-lib,https://github.com/fabrizio-caruso/cross-lib/blob/79b4ed211795d5f585f6685946ec71808d730ae6/tools/cc65/osic1p/srecord-1.64/srecord/config.h.in#L121,/* Enable extensions on HP NonStop.  */,[],Autotool,0,121,121
5511,fabrizio-caruso/cross-lib,https://github.com/fabrizio-caruso/cross-lib/blob/79b4ed211795d5f585f6685946ec71808d730ae6/tools/cc65/osic1p/srecord-1.64/srecord/config.h.in#L125,/* Enable general extensions on Solaris.  */,[],Autotool,0,125,125
5511,fabrizio-caruso/cross-lib,https://github.com/fabrizio-caruso/cross-lib/blob/79b4ed211795d5f585f6685946ec71808d730ae6/tools/cc65/osic1p/srecord-1.64/srecord/config.h.in#L131,/* Define to 1 if on MINIX. */,[],Autotool,0,131,131
5511,fabrizio-caruso/cross-lib,https://github.com/fabrizio-caruso/cross-lib/blob/79b4ed211795d5f585f6685946ec71808d730ae6/tools/cc65/osic1p/srecord-1.64/srecord/config.h.in#L134,"/* Define to 2 if the system does not provide POSIX.1 features except with
   this defined. */",[],Autotool,0,134,135
5511,fabrizio-caruso/cross-lib,https://github.com/fabrizio-caruso/cross-lib/blob/79b4ed211795d5f585f6685946ec71808d730ae6/tools/cc65/osic1p/srecord-1.64/srecord/config.h.in#L138,/* Define to 1 if you need to in order for `stat' and other things to work. */,[],Autotool,0,138,138
5511,fabrizio-caruso/cross-lib,https://github.com/fabrizio-caruso/cross-lib/blob/79b4ed211795d5f585f6685946ec71808d730ae6/tools/cc65/osic1p/srecord-1.64/srecord/config.h.in#L142,"/*
 * There is more to do, but we need to insulate it from config.status,
 * because it screws up the #undef lines.  They are all implications of
 * the above information, so there is no need for you to edit the file,
 * if you are configuring Aegis manually.
 */",[],Autotool,0,142,147
5511,fabrizio-caruso/cross-lib,https://github.com/fabrizio-caruso/cross-lib/blob/79b4ed211795d5f585f6685946ec71808d730ae6/tools/cc65/osic1p/srecord-1.64/etc/configure.ac#L1,"dnl
dnl  srecord - manipulate eprom load files
dnl  Copyright (C) 1998, 1999, 2002, 2006-2012 Peter Miller
dnl  Copyright (C) 2014 Scott Finneran
dnl
dnl  This program is free software; you can redistribute it and/or modify
dnl  it under the terms of the GNU General Public License as published by
dnl  the Free Software Foundation; either version 3 of the License, or
dnl  (at your option) any later version.
dnl
dnl  This program is distributed in the hope that it will be useful,
dnl  but WITHOUT ANY WARRANTY; without even the implied warranty of
dnl  MERCHANTABILITY or FITNESS FOR A PARTICULAR PURPOSE.  See the GNU
dnl  General Public License for more details.
dnl
dnl  You should have received a copy of the GNU General Public License
dnl  along with this program. If not, see <http://www.gnu.org/licenses/>.
dnl",[],Autotool,0,1,18
5511,fabrizio-caruso/cross-lib,https://github.com/fabrizio-caruso/cross-lib/blob/79b4ed211795d5f585f6685946ec71808d730ae6/tools/cc65/osic1p/srecord-1.64/etc/configure.ac#L32,"dnl! This is needed for MingGW build, but not for Unix or Linux, etc.",[],Autotool,0,32,32
5511,fabrizio-caruso/cross-lib,https://github.com/fabrizio-caruso/cross-lib/blob/79b4ed211795d5f585f6685946ec71808d730ae6/tools/cc65/osic1p/srecord-1.64/etc/configure.ac#L35,"dnl! @synopsis AC_ADD_CFLAGS
dnl!
dnl! Add the given option to CFLAGS, if it doesn't break the compiler",[],Autotool,0,35,37
5511,fabrizio-caruso/cross-lib,https://github.com/fabrizio-caruso/cross-lib/blob/79b4ed211795d5f585f6685946ec71808d730ae6/tools/cc65/osic1p/srecord-1.64/etc/configure.ac#L42,"#include <stdio.h>],",[],Autotool,15,42,42
5511,fabrizio-caruso/cross-lib,https://github.com/fabrizio-caruso/cross-lib/blob/79b4ed211795d5f585f6685946ec71808d730ae6/tools/cc65/osic1p/srecord-1.64/etc/configure.ac#L53,"dnl
dnl Make sure Boost is installed.
dnl",[],Autotool,0,53,55
5511,fabrizio-caruso/cross-lib,https://github.com/fabrizio-caruso/cross-lib/blob/79b4ed211795d5f585f6685946ec71808d730ae6/tools/cc65/osic1p/srecord-1.64/etc/configure.ac#L86,"dnl
dnl     Test to find a Bourne shell which understands functions
dnl",[],Autotool,0,86,88
5511,fabrizio-caruso/cross-lib,https://github.com/fabrizio-caruso/cross-lib/blob/79b4ed211795d5f585f6685946ec71808d730ae6/tools/cc65/osic1p/srecord-1.64/etc/configure.ac#L103,"dnl
dnl     Test to see if this operating system has the ZFS sparse file support.
dnl",[],Autotool,0,103,105
5511,fabrizio-caruso/cross-lib,https://github.com/fabrizio-caruso/cross-lib/blob/79b4ed211795d5f585f6685946ec71808d730ae6/tools/cc65/osic1p/srecord-1.64/etc/configure.ac#L107,"#include <unistd.h>], [fpathconf(0, _PC_MIN_HOLE_SIZE);",[],Autotool,16,107,107
5511,fabrizio-caruso/cross-lib,https://github.com/fabrizio-caruso/cross-lib/blob/79b4ed211795d5f585f6685946ec71808d730ae6/tools/cc65/osic1p/srecord-1.64/etc/configure.ac#L111,dnl,[],Autotool,37,111,111
5511,fabrizio-caruso/cross-lib,https://github.com/fabrizio-caruso/cross-lib/blob/79b4ed211795d5f585f6685946ec71808d730ae6/tools/cc65/osic1p/srecord-1.64/etc/configure.ac#L113,"dnl!
dnl! Test to see if libgcrypt is sufficiently modern.
dnl!",[],Autotool,0,113,115
5511,fabrizio-caruso/cross-lib,https://github.com/fabrizio-caruso/cross-lib/blob/79b4ed211795d5f585f6685946ec71808d730ae6/tools/cc65/osic1p/srecord-1.64/etc/configure.ac#L117,"#include <gcrypt.h>],",[],Autotool,16,117,117
5511,fabrizio-caruso/cross-lib,https://github.com/fabrizio-caruso/cross-lib/blob/79b4ed211795d5f585f6685946ec71808d730ae6/tools/cc65/osic1p/srecord-1.64/etc/configure.ac#L121,dnl,[],Autotool,37,121,121
5511,fabrizio-caruso/cross-lib,https://github.com/fabrizio-caruso/cross-lib/blob/79b4ed211795d5f585f6685946ec71808d730ae6/tools/cc65/osic1p/srecord-1.64/etc/configure.ac#L125,"dnl!
dnl! Test to see if libgcrypt is sufficiently modern.
dnl!",[],Autotool,4,125,127
5511,fabrizio-caruso/cross-lib,https://github.com/fabrizio-caruso/cross-lib/blob/79b4ed211795d5f585f6685946ec71808d730ae6/tools/cc65/osic1p/srecord-1.64/etc/configure.ac#L129,"#include <gcrypt.h>],",[],Autotool,20,129,129
5511,fabrizio-caruso/cross-lib,https://github.com/fabrizio-caruso/cross-lib/blob/79b4ed211795d5f585f6685946ec71808d730ae6/tools/cc65/osic1p/srecord-1.64/etc/configure.ac#L133,dnl,[],Autotool,41,133,133
5511,fabrizio-caruso/cross-lib,https://github.com/fabrizio-caruso/cross-lib/blob/79b4ed211795d5f585f6685946ec71808d730ae6/tools/cc65/osic1p/srecord-1.64/etc/configure.ac#L135,"dnl!
dnl! Test to see if libgcrypt is sufficiently modern.
dnl!",[],Autotool,4,135,137
5511,fabrizio-caruso/cross-lib,https://github.com/fabrizio-caruso/cross-lib/blob/79b4ed211795d5f585f6685946ec71808d730ae6/tools/cc65/osic1p/srecord-1.64/etc/configure.ac#L139,"#include <gcrypt.h>],",[],Autotool,20,139,139
5511,fabrizio-caruso/cross-lib,https://github.com/fabrizio-caruso/cross-lib/blob/79b4ed211795d5f585f6685946ec71808d730ae6/tools/cc65/osic1p/srecord-1.64/etc/configure.ac#L143,dnl,[],Autotool,41,143,143
5511,fabrizio-caruso/cross-lib,https://github.com/fabrizio-caruso/cross-lib/blob/79b4ed211795d5f585f6685946ec71808d730ae6/tools/cc65/osic1p/srecord-1.64/etc/configure.ac#L149,"dnl!
dnl! Test to see if libgcrypt is enabled(default) or disabled.
dnl!",[],Autotool,0,149,151
5511,fabrizio-caruso/cross-lib,https://github.com/fabrizio-caruso/cross-lib/blob/79b4ed211795d5f585f6685946ec71808d730ae6/tools/cc65/osic1p/srecord-1.64/etc/configure.ac#L161,"dnl!
dnl!  Now look for libtool.
dnl!",[],Autotool,0,161,163
5511,fabrizio-caruso/cross-lib,https://github.com/fabrizio-caruso/cross-lib/blob/79b4ed211795d5f585f6685946ec71808d730ae6/tools/cc65/osic1p/srecord-1.64/etc/configure.ac#L201,"dnl
dnl     If the soelim program exists, and understands the -I option,
dnl     arrange for the Makefile to install the .ps files from the
dnl     documentation source files.
dnl",[],Autotool,0,201,205
5511,fabrizio-caruso/cross-lib,https://github.com/fabrizio-caruso/cross-lib/blob/79b4ed211795d5f585f6685946ec71808d730ae6/tools/cc65/osic1p/srecord-1.64/etc/configure.ac#L234,"#
# Evaluate some of the variables, to remove ${prefix} references.
# This way, they can be used in C programs and Roff input.
# Make sure that srecord is mentioned in the datadir path;
# add it if it is not already there.
#",[],Autotool,0,234,239
5511,fabrizio-caruso/cross-lib,https://github.com/fabrizio-caruso/cross-lib/blob/79b4ed211795d5f585f6685946ec71808d730ae6/tools/cc65/osic1p/srecord-1.64/etc/configure.ac#L269,"#ifndef LIB_CONFIG_H
#define LIB_CONFIG_H",[],Autotool,0,269,270
5511,fabrizio-caruso/cross-lib,https://github.com/fabrizio-caruso/cross-lib/blob/79b4ed211795d5f585f6685946ec71808d730ae6/tools/cc65/osic1p/srecord-1.64/etc/configure.ac#L276,#undef lines.  They are all implications of,[],Autotool,28,276,276
5511,fabrizio-caruso/cross-lib,https://github.com/fabrizio-caruso/cross-lib/blob/79b4ed211795d5f585f6685946ec71808d730ae6/tools/cc65/osic1p/srecord-1.64/etc/configure.ac#L280,#include <srecord/config.messy.h>,[],Autotool,0,280,280
5511,fabrizio-caruso/cross-lib,https://github.com/fabrizio-caruso/cross-lib/blob/79b4ed211795d5f585f6685946ec71808d730ae6/tools/cc65/osic1p/srecord-1.64/etc/configure.ac#L282,#endif /* LIB_CONFIG_H */]),[],Autotool,0,282,282
5511,fabrizio-caruso/cross-lib,https://github.com/fabrizio-caruso/cross-lib/blob/79b4ed211795d5f585f6685946ec71808d730ae6/tools/cc65/osic1p/srecord-1.64/etc/configure.ac#L285,dnl! vim: set ts=8 sw=4 et :,[],Autotool,0,285,285
5511,fabrizio-caruso/cross-lib,https://github.com/fabrizio-caruso/cross-lib/blob/79b4ed211795d5f585f6685946ec71808d730ae6/tools/z88dk/abc80/abcdisk-2.6.3/configure.ac#L1,"dnl Process this file with autoconf 2.69 or later to produce
dnl a configure script.",[],Autotool,0,1,2
5511,fabrizio-caruso/cross-lib,https://github.com/fabrizio-caruso/cross-lib/blob/79b4ed211795d5f585f6685946ec71808d730ae6/tools/z88dk/abc80/abcdisk-2.6.3/configure.ac#L13,"dnl If we have wine installed, don't run it when checking for cross-compile",[],Autotool,0,13,13
5511,fabrizio-caruso/cross-lib,https://github.com/fabrizio-caruso/cross-lib/blob/79b4ed211795d5f585f6685946ec71808d730ae6/tools/z88dk/abc80/abcdisk-2.6.3/configure.ac#L19,"dnl Get canonical target (""host"") name",[],Autotool,0,19,19
5511,fabrizio-caruso/cross-lib,https://github.com/fabrizio-caruso/cross-lib/blob/79b4ed211795d5f585f6685946ec71808d730ae6/tools/z88dk/abc80/abcdisk-2.6.3/configure.ac#L22,dnl Checks for programs.,[],Autotool,0,22,22
5511,fabrizio-caruso/cross-lib,https://github.com/fabrizio-caruso/cross-lib/blob/79b4ed211795d5f585f6685946ec71808d730ae6/tools/z88dk/abc80/abcdisk-2.6.3/configure.ac#L30,"dnl Checks for typedefs, structures, and compiler characteristics.",[],Autotool,0,30,30
5511,fabrizio-caruso/cross-lib,https://github.com/fabrizio-caruso/cross-lib/blob/79b4ed211795d5f585f6685946ec71808d730ae6/tools/z88dk/abc80/abcdisk-2.6.3/configure.ac#L36,dnl Check for endianness,[],Autotool,0,36,36
5511,fabrizio-caruso/cross-lib,https://github.com/fabrizio-caruso/cross-lib/blob/79b4ed211795d5f585f6685946ec71808d730ae6/tools/z88dk/abc80/abcdisk-2.6.3/configure.ac#L45,dnl Checks for standard header files.,[],Autotool,0,45,45
5511,fabrizio-caruso/cross-lib,https://github.com/fabrizio-caruso/cross-lib/blob/79b4ed211795d5f585f6685946ec71808d730ae6/tools/z88dk/abc80/abcdisk-2.6.3/configure.ac#L51,"dnl Force gcc and gcc-compatible compilers treat signed integers
dnl as 2's complement",[],Autotool,0,51,52
5511,fabrizio-caruso/cross-lib,https://github.com/fabrizio-caruso/cross-lib/blob/79b4ed211795d5f585f6685946ec71808d730ae6/tools/z88dk/abc80/abcdisk-2.6.3/configure.ac#L55,"dnl Some environments abuse __STRICT_ANSI__ to disable some
dnl function declarations",[],Autotool,0,55,56
5511,fabrizio-caruso/cross-lib,https://github.com/fabrizio-caruso/cross-lib/blob/79b4ed211795d5f585f6685946ec71808d730ae6/tools/z88dk/abc80/abcdisk-2.6.3/configure.ac#L59,"dnl Don't put things in common if we can avoid it.  We don't want to
dnl assume all compilers support common, and this will help find those
dnl problems.  This also works around an OSX linker problem.",[],Autotool,0,59,61
5511,fabrizio-caruso/cross-lib,https://github.com/fabrizio-caruso/cross-lib/blob/79b4ed211795d5f585f6685946ec71808d730ae6/tools/z88dk/abc80/abcdisk-2.6.3/configure.ac#L64,dnl No need for super strict IEEE compatibility,[],Autotool,0,64,64
5511,fabrizio-caruso/cross-lib,https://github.com/fabrizio-caruso/cross-lib/blob/79b4ed211795d5f585f6685946ec71808d730ae6/tools/z88dk/abc80/abcdisk-2.6.3/configure.ac#L67,dnl Can we drop unneeded libraries?,[],Autotool,0,67,67
5511,fabrizio-caruso/cross-lib,https://github.com/fabrizio-caruso/cross-lib/blob/79b4ed211795d5f585f6685946ec71808d730ae6/tools/z88dk/abc80/abcdisk-2.6.3/configure.ac#L70,dnl gcc stack protector; also needed for MinGW to build dirent.h correctly...,[],Autotool,0,70,70
5511,fabrizio-caruso/cross-lib,https://github.com/fabrizio-caruso/cross-lib/blob/79b4ed211795d5f585f6685946ec71808d730ae6/tools/z88dk/abc80/abcdisk-2.6.3/configure.ac#L73,dnl Compiler intrinsics,[],Autotool,0,73,73
5511,fabrizio-caruso/cross-lib,https://github.com/fabrizio-caruso/cross-lib/blob/79b4ed211795d5f585f6685946ec71808d730ae6/tools/z88dk/abc80/abcdisk-2.6.3/configure.ac#L88,dnl Useful functions...,[],Autotool,0,88,88
5511,fabrizio-caruso/cross-lib,https://github.com/fabrizio-caruso/cross-lib/blob/79b4ed211795d5f585f6685946ec71808d730ae6/tools/z88dk/abc80/abcdisk-2.6.3/configure.ac#L91,"dnl These types are POSIX-specific, and Windows does it differently...",[],Autotool,0,91,91
5511,fabrizio-caruso/cross-lib,https://github.com/fabrizio-caruso/cross-lib/blob/79b4ed211795d5f585f6685946ec71808d730ae6/tools/z88dk/abc80/abcdisk-2.6.3/configure.ac#L97,dnl Newer versions of POSIX have this,[],Autotool,0,97,97
5511,fabrizio-caruso/cross-lib,https://github.com/fabrizio-caruso/cross-lib/blob/79b4ed211795d5f585f6685946ec71808d730ae6/tools/z88dk/abc80/abcdisk-2.6.3/configure.ac#L100,dnl Windows directory handling,[],Autotool,0,100,100
5511,fabrizio-caruso/cross-lib,https://github.com/fabrizio-caruso/cross-lib/blob/79b4ed211795d5f585f6685946ec71808d730ae6/tools/z88dk/abc80/abcdisk-2.6.3/configure.ac#L104,dnl Math,[],Autotool,0,104,104
5511,fabrizio-caruso/cross-lib,https://github.com/fabrizio-caruso/cross-lib/blob/79b4ed211795d5f585f6685946ec71808d730ae6/tools/z88dk/abc80/abcdisk-2.6.3/configure.ac#L107,dnl libsndfile,[],Autotool,0,107,107
5511,fabrizio-caruso/cross-lib,https://github.com/fabrizio-caruso/cross-lib/blob/79b4ed211795d5f585f6685946ec71808d730ae6/tools/z88dk/abc80/abcdisk-2.6.3/configure.ac#L125,dnl Programs,[],Autotool,0,125,125
5511,fabrizio-caruso/cross-lib,https://github.com/fabrizio-caruso/cross-lib/blob/79b4ed211795d5f585f6685946ec71808d730ae6/tools/z88dk/abc80/abcdisk-2.6.3/configure.ac#L129,"dnl To build the assembly sources, we need z80asm from z88dk",[],Autotool,0,129,129
5511,fabrizio-caruso/cross-lib,https://github.com/fabrizio-caruso/cross-lib/blob/79b4ed211795d5f585f6685946ec71808d730ae6/tools/z88dk/abc80/abcdisk-2.6.3/configure.ac#L164,"dnl
dnl Check for supported gcc attributes; some compilers (e.g. Sun CC)
dnl support these, but don't define __GNUC__ as they don't support
dnl some other features of gcc.
dnl",[],Autotool,0,164,168
5511,fabrizio-caruso/cross-lib,https://github.com/fabrizio-caruso/cross-lib/blob/79b4ed211795d5f585f6685946ec71808d730ae6/tools/z88dk/abc80/abcdisk-2.6.3/configure.ac#L181,"dnl
dnl support function sections (if available)
dnl",[],Autotool,0,181,183
5511,fabrizio-caruso/cross-lib,https://github.com/fabrizio-caruso/cross-lib/blob/79b4ed211795d5f585f6685946ec71808d730ae6/tools/z88dk/abc80/abcdisk-2.6.3/configure.ac#L191,"dnl
dnl support LTO
dnl",[],Autotool,0,191,193
5511,fabrizio-caruso/cross-lib,https://github.com/fabrizio-caruso/cross-lib/blob/79b4ed211795d5f585f6685946ec71808d730ae6/tools/z88dk/abc80/abcdisk-2.6.3/configure.ac#L197,"dnl Note: we use _PROG rather than _TOOL since we are prepending the full
dnl CC name which ought to already contain the host triplet if needed",[],Autotool,2,197,198
5511,fabrizio-caruso/cross-lib,https://github.com/fabrizio-caruso/cross-lib/blob/79b4ed211795d5f585f6685946ec71808d730ae6/tools/z88dk/abc80/abcdisk-2.6.3/configure.ac#L205,"dnl
dnl support sanitizers (if available)
dnl",[],Autotool,0,205,207
5511,fabrizio-caruso/cross-lib,https://github.com/fabrizio-caruso/cross-lib/blob/79b4ed211795d5f585f6685946ec71808d730ae6/tools/z88dk/abc80/abcdisk-2.6.3/configure.ac#L214,"dnl
dnl Don't make symbols visible, there is no point and it just
dnl makes the code slower.
dnl",[],Autotool,0,214,217
5511,fabrizio-caruso/cross-lib,https://github.com/fabrizio-caruso/cross-lib/blob/79b4ed211795d5f585f6685946ec71808d730ae6/tools/z88dk/abc80/abcdisk-2.6.3/configure.ac#L220,"dnl If we have gcc, add appropriate code cleanliness options",[],Autotool,0,220,220
5511,fabrizio-caruso/cross-lib,https://github.com/fabrizio-caruso/cross-lib/blob/79b4ed211795d5f585f6685946ec71808d730ae6/tools/z88dk/abc80/abcdisk-2.6.3/configure.ac#L224,"dnl LLVM doesn't error out on invalid -W options unless this option is
dnl specified first.  Enable this so this script can actually discover
dnl which -W options are possible for this compiler.",[],Autotool,0,224,226
5511,fabrizio-caruso/cross-lib,https://github.com/fabrizio-caruso/cross-lib/blob/79b4ed211795d5f585f6685946ec71808d730ae6/tools/z88dk/abc80/abcdisk-2.6.3/configure.ac#L228,dnl Suppress format warning on Windows targets due to their <inttypes.h>,[],Autotool,0,228,228
5511,fabrizio-caruso/cross-lib,https://github.com/fabrizio-caruso/cross-lib/blob/79b4ed211795d5f585f6685946ec71808d730ae6/tools/z88dk/abc80/abcdisk-2.6.3/configure.ac#L230,"dnl This is needed because we intentionally expect strncpy() to fill
dnl in a zero-padded (not zero-terminated) buffer in several backends",[],Autotool,0,230,231
5511,fabrizio-caruso/cross-lib,https://github.com/fabrizio-caruso/cross-lib/blob/79b4ed211795d5f585f6685946ec71808d730ae6/tools/z88dk/abc80/abcdisk-2.6.3/configure.ac#L233,dnl PA_ADD_CPPFLAGS([-Wwrite-strings]),[],Autotool,0,233,233
5511,fabrizio-caruso/cross-lib,https://github.com/fabrizio-caruso/cross-lib/blob/79b4ed211795d5f585f6685946ec71808d730ae6/tools/z88dk/abc80/abcdisk-2.6.3/configure.ac#L249,"dnl
dnl On some versions of gcc, -Werror=missing-prototypes causes problems
dnl with C99-style external inlines.  Test this *after* adding the -Werror
dnl options.
dnl",[],Autotool,0,249,253
5511,fabrizio-caruso/cross-lib,https://github.com/fabrizio-caruso/cross-lib/blob/79b4ed211795d5f585f6685946ec71808d730ae6/tools/z88dk/abc80/abcdisk-2.6.3/configure.ac#L256,"dnl
dnl support ccache
dnl",[],Autotool,0,256,258
