repoIndex,repoName,linkLocation,comment,keywords,buildSysteminFile,charPosition,startLine,endLine
6594,kai-46/colmapforvissat,https://github.com/kai-46/colmapforvissat/blob/79a6d150714d0eb350a1b10e17bedf91877568a1/lib/FLANN/config.h.in#L1,"/***********************************************************************
 * Software License Agreement (BSD License)
 *
 * Copyright 2008-2011  Marius Muja (mariusm@cs.ubc.ca). All rights reserved.
 * Copyright 2008-2011  David G. Lowe (lowe@cs.ubc.ca). All rights reserved.
 *
 * Redistribution and use in source and binary forms, with or without
 * modification, are permitted provided that the following conditions
 * are met:
 *
 * 1. Redistributions of source code must retain the above copyright
 *    notice, this list of conditions and the following disclaimer.
 * 2. Redistributions in binary form must reproduce the above copyright
 *    notice, this list of conditions and the following disclaimer in the
 *    documentation and/or other materials provided with the distribution.
 *
 * THIS SOFTWARE IS PROVIDED BY THE AUTHOR ``AS IS'' AND ANY EXPRESS OR
 * IMPLIED WARRANTIES, INCLUDING, BUT NOT LIMITED TO, THE IMPLIED WARRANTIES
 * OF MERCHANTABILITY AND FITNESS FOR A PARTICULAR PURPOSE ARE DISCLAIMED.
 * IN NO EVENT SHALL THE AUTHOR BE LIABLE FOR ANY DIRECT, INDIRECT,
 * INCIDENTAL, SPECIAL, EXEMPLARY, OR CONSEQUENTIAL DAMAGES (INCLUDING, BUT
 * NOT LIMITED TO, PROCUREMENT OF SUBSTITUTE GOODS OR SERVICES; LOSS OF USE,
 * DATA, OR PROFITS; OR BUSINESS INTERRUPTION) HOWEVER CAUSED AND ON ANY
 * THEORY OF LIABILITY, WHETHER IN CONTRACT, STRICT LIABILITY, OR TORT
 * (INCLUDING NEGLIGENCE OR OTHERWISE) ARISING IN ANY WAY OUT OF THE USE OF
 * THIS SOFTWARE, EVEN IF ADVISED OF THE POSSIBILITY OF SUCH DAMAGE.
 *************************************************************************/",[],Autotool,0,1,27
6594,kai-46/colmapforvissat,https://github.com/kai-46/colmapforvissat/blob/79a6d150714d0eb350a1b10e17bedf91877568a1/CMakeLists.txt#L1,"# Copyright (c) 2018, ETH Zurich and UNC Chapel Hill.
# All rights reserved.
#
# Redistribution and use in source and binary forms, with or without
# modification, are permitted provided that the following conditions are met:
#
#     * Redistributions of source code must retain the above copyright
#       notice, this list of conditions and the following disclaimer.
#
#     * Redistributions in binary form must reproduce the above copyright
#       notice, this list of conditions and the following disclaimer in the
#       documentation and/or other materials provided with the distribution.
#
#     * Neither the name of ETH Zurich and UNC Chapel Hill nor the names of
#       its contributors may be used to endorse or promote products derived
#       from this software without specific prior written permission.
#
# THIS SOFTWARE IS PROVIDED BY THE COPYRIGHT HOLDERS AND CONTRIBUTORS ""AS IS""
# AND ANY EXPRESS OR IMPLIED WARRANTIES, INCLUDING, BUT NOT LIMITED TO, THE
# IMPLIED WARRANTIES OF MERCHANTABILITY AND FITNESS FOR A PARTICULAR PURPOSE
# ARE DISCLAIMED. IN NO EVENT SHALL THE COPYRIGHT HOLDERS OR CONTRIBUTORS BE
# LIABLE FOR ANY DIRECT, INDIRECT, INCIDENTAL, SPECIAL, EXEMPLARY, OR
# CONSEQUENTIAL DAMAGES (INCLUDING, BUT NOT LIMITED TO, PROCUREMENT OF
# SUBSTITUTE GOODS OR SERVICES; LOSS OF USE, DATA, OR PROFITS; OR BUSINESS
# INTERRUPTION) HOWEVER CAUSED AND ON ANY THEORY OF LIABILITY, WHETHER IN
# CONTRACT, STRICT LIABILITY, OR TORT (INCLUDING NEGLIGENCE OR OTHERWISE)
# ARISING IN ANY WAY OUT OF THE USE OF THIS SOFTWARE, EVEN IF ADVISED OF THE
# POSSIBILITY OF SUCH DAMAGE.
#
# Author: Johannes L. Schoenberger (jsch-at-demuc-dot-de)",[],CMake,0,1,30
6594,kai-46/colmapforvissat,https://github.com/kai-46/colmapforvissat/blob/79a6d150714d0eb350a1b10e17bedf91877568a1/CMakeLists.txt#L36,### added by Kai,[],CMake,0,36,36
6594,kai-46/colmapforvissat,https://github.com/kai-46/colmapforvissat/blob/79a6d150714d0eb350a1b10e17bedf91877568a1/CMakeLists.txt#L45,"################################################################################
# Include CMake dependencies
################################################################################",[],CMake,0,45,47
6594,kai-46/colmapforvissat,https://github.com/kai-46/colmapforvissat/blob/79a6d150714d0eb350a1b10e17bedf91877568a1/CMakeLists.txt#L53,"# Include helper macros and commands, and allow the included file to override
# the CMake policies in this file",[],CMake,0,53,54
6594,kai-46/colmapforvissat,https://github.com/kai-46/colmapforvissat/blob/79a6d150714d0eb350a1b10e17bedf91877568a1/CMakeLists.txt#L58,"################################################################################
# Options
################################################################################",[],CMake,0,58,60
6594,kai-46/colmapforvissat,https://github.com/kai-46/colmapforvissat/blob/79a6d150714d0eb350a1b10e17bedf91877568a1/CMakeLists.txt#L84,"################################################################################
# Find packages
################################################################################",[],CMake,0,84,86
6594,kai-46/colmapforvissat,https://github.com/kai-46/colmapforvissat/blob/79a6d150714d0eb350a1b10e17bedf91877568a1/CMakeLists.txt#L135,"################################################################################
# Compiler specific configuration
################################################################################",[],CMake,0,135,137
6594,kai-46/colmapforvissat,https://github.com/kai-46/colmapforvissat/blob/79a6d150714d0eb350a1b10e17bedf91877568a1/CMakeLists.txt#L148,# Some fixes for the Glog library.,[],CMake,4,148,148
6594,kai-46/colmapforvissat,https://github.com/kai-46/colmapforvissat/blob/79a6d150714d0eb350a1b10e17bedf91877568a1/CMakeLists.txt#L152,# Enable object level parallel builds in Visual Studio.,[],CMake,4,152,152
6594,kai-46/colmapforvissat,https://github.com/kai-46/colmapforvissat/blob/79a6d150714d0eb350a1b10e17bedf91877568a1/CMakeLists.txt#L158,# Hide incorrect warnings for uninitialized Eigen variables under GCC.,[],CMake,4,158,158
6594,kai-46/colmapforvissat,https://github.com/kai-46/colmapforvissat/blob/79a6d150714d0eb350a1b10e17bedf91877568a1/CMakeLists.txt#L201,# Do not show warnings if the architectures are deprecated.,[],CMake,8,201,201
6594,kai-46/colmapforvissat,https://github.com/kai-46/colmapforvissat/blob/79a6d150714d0eb350a1b10e17bedf91877568a1/CMakeLists.txt#L243,# Qt5 was built with -reduce-relocations.,[],CMake,0,243,243
6594,kai-46/colmapforvissat,https://github.com/kai-46/colmapforvissat/blob/79a6d150714d0eb350a1b10e17bedf91877568a1/CMakeLists.txt#L251,# Enable automatic compilation of Qt resource files.,[],CMake,0,251,251
6594,kai-46/colmapforvissat,https://github.com/kai-46/colmapforvissat/blob/79a6d150714d0eb350a1b10e17bedf91877568a1/CMakeLists.txt#L255,"################################################################################
# Add sources
################################################################################",[],CMake,0,255,257
6594,kai-46/colmapforvissat,https://github.com/kai-46/colmapforvissat/blob/79a6d150714d0eb350a1b10e17bedf91877568a1/CMakeLists.txt#L259,# Generate source file with version definitions.,[],CMake,0,259,259
6594,kai-46/colmapforvissat,https://github.com/kai-46/colmapforvissat/blob/79a6d150714d0eb350a1b10e17bedf91877568a1/CMakeLists.txt#L337,"################################################################################
# Generate source groups for Visual Studio, XCode, etc.
################################################################################",[],CMake,0,337,339
6594,kai-46/colmapforvissat,https://github.com/kai-46/colmapforvissat/blob/79a6d150714d0eb350a1b10e17bedf91877568a1/CMakeLists.txt#L363,"# Add all of the source files to a regular library target, as using a custom
# target does not allow us to set its C++ include directories (and thus
# intellisense can't find any of the included files).",[],CMake,0,363,365
6594,kai-46/colmapforvissat,https://github.com/kai-46/colmapforvissat/blob/79a6d150714d0eb350a1b10e17bedf91877568a1/CMakeLists.txt#L390,# Prevent the library from being compiled automatically.,[],CMake,0,390,390
6594,kai-46/colmapforvissat,https://github.com/kai-46/colmapforvissat/blob/79a6d150714d0eb350a1b10e17bedf91877568a1/CMakeLists.txt#L397,"################################################################################
# Install and uninstall scripts
################################################################################",[],CMake,0,397,399
6594,kai-46/colmapforvissat,https://github.com/kai-46/colmapforvissat/blob/79a6d150714d0eb350a1b10e17bedf91877568a1/CMakeLists.txt#L401,# Install header files.,[],CMake,0,401,401
6594,kai-46/colmapforvissat,https://github.com/kai-46/colmapforvissat/blob/79a6d150714d0eb350a1b10e17bedf91877568a1/CMakeLists.txt#L409,# Generate and install CMake configuration.,[],CMake,0,409,409
6594,kai-46/colmapforvissat,https://github.com/kai-46/colmapforvissat/blob/79a6d150714d0eb350a1b10e17bedf91877568a1/CMakeLists.txt#L419,# Install find_package scripts for dependencies.,[],CMake,0,419,419
6594,kai-46/colmapforvissat,https://github.com/kai-46/colmapforvissat/blob/79a6d150714d0eb350a1b10e17bedf91877568a1/CMakeLists.txt#L424,# Install batch scripts under Windows.,[],CMake,0,424,424
6594,kai-46/colmapforvissat,https://github.com/kai-46/colmapforvissat/blob/79a6d150714d0eb350a1b10e17bedf91877568a1/CMakeLists.txt#L432,# Install application meny entry under Linux/Unix.,[],CMake,0,432,432
6594,kai-46/colmapforvissat,https://github.com/kai-46/colmapforvissat/blob/79a6d150714d0eb350a1b10e17bedf91877568a1/CMakeLists.txt#L437,# Configure the uninstallation script.,[],CMake,0,437,437
6594,kai-46/colmapforvissat,https://github.com/kai-46/colmapforvissat/blob/79a6d150714d0eb350a1b10e17bedf91877568a1/lib/CMakeLists.txt#L3,# Only show moderate warnings for external library code.,[],CMake,0,3,3
6594,kai-46/colmapforvissat,https://github.com/kai-46/colmapforvissat/blob/79a6d150714d0eb350a1b10e17bedf91877568a1/lib/VLFeat/CMakeLists.txt#L74,# https://github.com/vlfeat/vlfeat/commit/4f0098fd47e9,[],CMake,8,74,74
6594,kai-46/colmapforvissat,https://github.com/kai-46/colmapforvissat/blob/79a6d150714d0eb350a1b10e17bedf91877568a1/src/CMakeLists.txt#L1,"# Copyright (c) 2018, ETH Zurich and UNC Chapel Hill.
# All rights reserved.
#
# Redistribution and use in source and binary forms, with or without
# modification, are permitted provided that the following conditions are met:
#
#     * Redistributions of source code must retain the above copyright
#       notice, this list of conditions and the following disclaimer.
#
#     * Redistributions in binary form must reproduce the above copyright
#       notice, this list of conditions and the following disclaimer in the
#       documentation and/or other materials provided with the distribution.
#
#     * Neither the name of ETH Zurich and UNC Chapel Hill nor the names of
#       its contributors may be used to endorse or promote products derived
#       from this software without specific prior written permission.
#
# THIS SOFTWARE IS PROVIDED BY THE COPYRIGHT HOLDERS AND CONTRIBUTORS ""AS IS""
# AND ANY EXPRESS OR IMPLIED WARRANTIES, INCLUDING, BUT NOT LIMITED TO, THE
# IMPLIED WARRANTIES OF MERCHANTABILITY AND FITNESS FOR A PARTICULAR PURPOSE
# ARE DISCLAIMED. IN NO EVENT SHALL THE COPYRIGHT HOLDERS OR CONTRIBUTORS BE
# LIABLE FOR ANY DIRECT, INDIRECT, INCIDENTAL, SPECIAL, EXEMPLARY, OR
# CONSEQUENTIAL DAMAGES (INCLUDING, BUT NOT LIMITED TO, PROCUREMENT OF
# SUBSTITUTE GOODS OR SERVICES; LOSS OF USE, DATA, OR PROFITS; OR BUSINESS
# INTERRUPTION) HOWEVER CAUSED AND ON ANY THEORY OF LIABILITY, WHETHER IN
# CONTRACT, STRICT LIABILITY, OR TORT (INCLUDING NEGLIGENCE OR OTHERWISE)
# ARISING IN ANY WAY OUT OF THE USE OF THIS SOFTWARE, EVEN IF ADVISED OF THE
# POSSIBILITY OF SUCH DAMAGE.
#
# Author: Johannes L. Schoenberger (jsch-at-demuc-dot-de)",[],CMake,0,1,30
6594,kai-46/colmapforvissat,https://github.com/kai-46/colmapforvissat/blob/79a6d150714d0eb350a1b10e17bedf91877568a1/src/CMakeLists.txt#L58,"# Use a separate stream per thread to allow for concurrent kernel execution
# between multiple threads on the same device.",[],CMake,4,58,59
6594,kai-46/colmapforvissat,https://github.com/kai-46/colmapforvissat/blob/79a6d150714d0eb350a1b10e17bedf91877568a1/src/CMakeLists.txt#L66,# Avoid pulling in too many header files through <windows.h>,[],CMake,8,66,66
6594,kai-46/colmapforvissat,https://github.com/kai-46/colmapforvissat/blob/79a6d150714d0eb350a1b10e17bedf91877568a1/src/base/CMakeLists.txt#L1,"# Copyright (c) 2018, ETH Zurich and UNC Chapel Hill.
# All rights reserved.
#
# Redistribution and use in source and binary forms, with or without
# modification, are permitted provided that the following conditions are met:
#
#     * Redistributions of source code must retain the above copyright
#       notice, this list of conditions and the following disclaimer.
#
#     * Redistributions in binary form must reproduce the above copyright
#       notice, this list of conditions and the following disclaimer in the
#       documentation and/or other materials provided with the distribution.
#
#     * Neither the name of ETH Zurich and UNC Chapel Hill nor the names of
#       its contributors may be used to endorse or promote products derived
#       from this software without specific prior written permission.
#
# THIS SOFTWARE IS PROVIDED BY THE COPYRIGHT HOLDERS AND CONTRIBUTORS ""AS IS""
# AND ANY EXPRESS OR IMPLIED WARRANTIES, INCLUDING, BUT NOT LIMITED TO, THE
# IMPLIED WARRANTIES OF MERCHANTABILITY AND FITNESS FOR A PARTICULAR PURPOSE
# ARE DISCLAIMED. IN NO EVENT SHALL THE COPYRIGHT HOLDERS OR CONTRIBUTORS BE
# LIABLE FOR ANY DIRECT, INDIRECT, INCIDENTAL, SPECIAL, EXEMPLARY, OR
# CONSEQUENTIAL DAMAGES (INCLUDING, BUT NOT LIMITED TO, PROCUREMENT OF
# SUBSTITUTE GOODS OR SERVICES; LOSS OF USE, DATA, OR PROFITS; OR BUSINESS
# INTERRUPTION) HOWEVER CAUSED AND ON ANY THEORY OF LIABILITY, WHETHER IN
# CONTRACT, STRICT LIABILITY, OR TORT (INCLUDING NEGLIGENCE OR OTHERWISE)
# ARISING IN ANY WAY OUT OF THE USE OF THIS SOFTWARE, EVEN IF ADVISED OF THE
# POSSIBILITY OF SUCH DAMAGE.
#
# Author: Johannes L. Schoenberger (jsch-at-demuc-dot-de)",[],CMake,0,1,30
6594,kai-46/colmapforvissat,https://github.com/kai-46/colmapforvissat/blob/79a6d150714d0eb350a1b10e17bedf91877568a1/src/controllers/CMakeLists.txt#L1,"# Copyright (c) 2018, ETH Zurich and UNC Chapel Hill.
# All rights reserved.
#
# Redistribution and use in source and binary forms, with or without
# modification, are permitted provided that the following conditions are met:
#
#     * Redistributions of source code must retain the above copyright
#       notice, this list of conditions and the following disclaimer.
#
#     * Redistributions in binary form must reproduce the above copyright
#       notice, this list of conditions and the following disclaimer in the
#       documentation and/or other materials provided with the distribution.
#
#     * Neither the name of ETH Zurich and UNC Chapel Hill nor the names of
#       its contributors may be used to endorse or promote products derived
#       from this software without specific prior written permission.
#
# THIS SOFTWARE IS PROVIDED BY THE COPYRIGHT HOLDERS AND CONTRIBUTORS ""AS IS""
# AND ANY EXPRESS OR IMPLIED WARRANTIES, INCLUDING, BUT NOT LIMITED TO, THE
# IMPLIED WARRANTIES OF MERCHANTABILITY AND FITNESS FOR A PARTICULAR PURPOSE
# ARE DISCLAIMED. IN NO EVENT SHALL THE COPYRIGHT HOLDERS OR CONTRIBUTORS BE
# LIABLE FOR ANY DIRECT, INDIRECT, INCIDENTAL, SPECIAL, EXEMPLARY, OR
# CONSEQUENTIAL DAMAGES (INCLUDING, BUT NOT LIMITED TO, PROCUREMENT OF
# SUBSTITUTE GOODS OR SERVICES; LOSS OF USE, DATA, OR PROFITS; OR BUSINESS
# INTERRUPTION) HOWEVER CAUSED AND ON ANY THEORY OF LIABILITY, WHETHER IN
# CONTRACT, STRICT LIABILITY, OR TORT (INCLUDING NEGLIGENCE OR OTHERWISE)
# ARISING IN ANY WAY OUT OF THE USE OF THIS SOFTWARE, EVEN IF ADVISED OF THE
# POSSIBILITY OF SUCH DAMAGE.
#
# Author: Johannes L. Schoenberger (jsch-at-demuc-dot-de)",[],CMake,0,1,30
6594,kai-46/colmapforvissat,https://github.com/kai-46/colmapforvissat/blob/79a6d150714d0eb350a1b10e17bedf91877568a1/src/estimators/CMakeLists.txt#L1,"# Copyright (c) 2018, ETH Zurich and UNC Chapel Hill.
# All rights reserved.
#
# Redistribution and use in source and binary forms, with or without
# modification, are permitted provided that the following conditions are met:
#
#     * Redistributions of source code must retain the above copyright
#       notice, this list of conditions and the following disclaimer.
#
#     * Redistributions in binary form must reproduce the above copyright
#       notice, this list of conditions and the following disclaimer in the
#       documentation and/or other materials provided with the distribution.
#
#     * Neither the name of ETH Zurich and UNC Chapel Hill nor the names of
#       its contributors may be used to endorse or promote products derived
#       from this software without specific prior written permission.
#
# THIS SOFTWARE IS PROVIDED BY THE COPYRIGHT HOLDERS AND CONTRIBUTORS ""AS IS""
# AND ANY EXPRESS OR IMPLIED WARRANTIES, INCLUDING, BUT NOT LIMITED TO, THE
# IMPLIED WARRANTIES OF MERCHANTABILITY AND FITNESS FOR A PARTICULAR PURPOSE
# ARE DISCLAIMED. IN NO EVENT SHALL THE COPYRIGHT HOLDERS OR CONTRIBUTORS BE
# LIABLE FOR ANY DIRECT, INDIRECT, INCIDENTAL, SPECIAL, EXEMPLARY, OR
# CONSEQUENTIAL DAMAGES (INCLUDING, BUT NOT LIMITED TO, PROCUREMENT OF
# SUBSTITUTE GOODS OR SERVICES; LOSS OF USE, DATA, OR PROFITS; OR BUSINESS
# INTERRUPTION) HOWEVER CAUSED AND ON ANY THEORY OF LIABILITY, WHETHER IN
# CONTRACT, STRICT LIABILITY, OR TORT (INCLUDING NEGLIGENCE OR OTHERWISE)
# ARISING IN ANY WAY OUT OF THE USE OF THIS SOFTWARE, EVEN IF ADVISED OF THE
# POSSIBILITY OF SUCH DAMAGE.
#
# Author: Johannes L. Schoenberger (jsch-at-demuc-dot-de)",[],CMake,0,1,30
6594,kai-46/colmapforvissat,https://github.com/kai-46/colmapforvissat/blob/79a6d150714d0eb350a1b10e17bedf91877568a1/src/exe/CMakeLists.txt#L1,"# Copyright (c) 2018, ETH Zurich and UNC Chapel Hill.
# All rights reserved.
#
# Redistribution and use in source and binary forms, with or without
# modification, are permitted provided that the following conditions are met:
#
#     * Redistributions of source code must retain the above copyright
#       notice, this list of conditions and the following disclaimer.
#
#     * Redistributions in binary form must reproduce the above copyright
#       notice, this list of conditions and the following disclaimer in the
#       documentation and/or other materials provided with the distribution.
#
#     * Neither the name of ETH Zurich and UNC Chapel Hill nor the names of
#       its contributors may be used to endorse or promote products derived
#       from this software without specific prior written permission.
#
# THIS SOFTWARE IS PROVIDED BY THE COPYRIGHT HOLDERS AND CONTRIBUTORS ""AS IS""
# AND ANY EXPRESS OR IMPLIED WARRANTIES, INCLUDING, BUT NOT LIMITED TO, THE
# IMPLIED WARRANTIES OF MERCHANTABILITY AND FITNESS FOR A PARTICULAR PURPOSE
# ARE DISCLAIMED. IN NO EVENT SHALL THE COPYRIGHT HOLDERS OR CONTRIBUTORS BE
# LIABLE FOR ANY DIRECT, INDIRECT, INCIDENTAL, SPECIAL, EXEMPLARY, OR
# CONSEQUENTIAL DAMAGES (INCLUDING, BUT NOT LIMITED TO, PROCUREMENT OF
# SUBSTITUTE GOODS OR SERVICES; LOSS OF USE, DATA, OR PROFITS; OR BUSINESS
# INTERRUPTION) HOWEVER CAUSED AND ON ANY THEORY OF LIABILITY, WHETHER IN
# CONTRACT, STRICT LIABILITY, OR TORT (INCLUDING NEGLIGENCE OR OTHERWISE)
# ARISING IN ANY WAY OUT OF THE USE OF THIS SOFTWARE, EVEN IF ADVISED OF THE
# POSSIBILITY OF SUCH DAMAGE.
#
# Author: Johannes L. Schoenberger (jsch-at-demuc-dot-de)",[],CMake,0,1,30
6594,kai-46/colmapforvissat,https://github.com/kai-46/colmapforvissat/blob/79a6d150714d0eb350a1b10e17bedf91877568a1/src/feature/CMakeLists.txt#L1,"# Copyright (c) 2018, ETH Zurich and UNC Chapel Hill.
# All rights reserved.
#
# Redistribution and use in source and binary forms, with or without
# modification, are permitted provided that the following conditions are met:
#
#     * Redistributions of source code must retain the above copyright
#       notice, this list of conditions and the following disclaimer.
#
#     * Redistributions in binary form must reproduce the above copyright
#       notice, this list of conditions and the following disclaimer in the
#       documentation and/or other materials provided with the distribution.
#
#     * Neither the name of ETH Zurich and UNC Chapel Hill nor the names of
#       its contributors may be used to endorse or promote products derived
#       from this software without specific prior written permission.
#
# THIS SOFTWARE IS PROVIDED BY THE COPYRIGHT HOLDERS AND CONTRIBUTORS ""AS IS""
# AND ANY EXPRESS OR IMPLIED WARRANTIES, INCLUDING, BUT NOT LIMITED TO, THE
# IMPLIED WARRANTIES OF MERCHANTABILITY AND FITNESS FOR A PARTICULAR PURPOSE
# ARE DISCLAIMED. IN NO EVENT SHALL THE COPYRIGHT HOLDERS OR CONTRIBUTORS BE
# LIABLE FOR ANY DIRECT, INDIRECT, INCIDENTAL, SPECIAL, EXEMPLARY, OR
# CONSEQUENTIAL DAMAGES (INCLUDING, BUT NOT LIMITED TO, PROCUREMENT OF
# SUBSTITUTE GOODS OR SERVICES; LOSS OF USE, DATA, OR PROFITS; OR BUSINESS
# INTERRUPTION) HOWEVER CAUSED AND ON ANY THEORY OF LIABILITY, WHETHER IN
# CONTRACT, STRICT LIABILITY, OR TORT (INCLUDING NEGLIGENCE OR OTHERWISE)
# ARISING IN ANY WAY OUT OF THE USE OF THIS SOFTWARE, EVEN IF ADVISED OF THE
# POSSIBILITY OF SUCH DAMAGE.
#
# Author: Johannes L. Schoenberger (jsch-at-demuc-dot-de)",[],CMake,0,1,30
6594,kai-46/colmapforvissat,https://github.com/kai-46/colmapforvissat/blob/79a6d150714d0eb350a1b10e17bedf91877568a1/src/mvs/CMakeLists.txt#L1,"# Copyright (c) 2018, ETH Zurich and UNC Chapel Hill.
# All rights reserved.
#
# Redistribution and use in source and binary forms, with or without
# modification, are permitted provided that the following conditions are met:
#
#     * Redistributions of source code must retain the above copyright
#       notice, this list of conditions and the following disclaimer.
#
#     * Redistributions in binary form must reproduce the above copyright
#       notice, this list of conditions and the following disclaimer in the
#       documentation and/or other materials provided with the distribution.
#
#     * Neither the name of ETH Zurich and UNC Chapel Hill nor the names of
#       its contributors may be used to endorse or promote products derived
#       from this software without specific prior written permission.
#
# THIS SOFTWARE IS PROVIDED BY THE COPYRIGHT HOLDERS AND CONTRIBUTORS ""AS IS""
# AND ANY EXPRESS OR IMPLIED WARRANTIES, INCLUDING, BUT NOT LIMITED TO, THE
# IMPLIED WARRANTIES OF MERCHANTABILITY AND FITNESS FOR A PARTICULAR PURPOSE
# ARE DISCLAIMED. IN NO EVENT SHALL THE COPYRIGHT HOLDERS OR CONTRIBUTORS BE
# LIABLE FOR ANY DIRECT, INDIRECT, INCIDENTAL, SPECIAL, EXEMPLARY, OR
# CONSEQUENTIAL DAMAGES (INCLUDING, BUT NOT LIMITED TO, PROCUREMENT OF
# SUBSTITUTE GOODS OR SERVICES; LOSS OF USE, DATA, OR PROFITS; OR BUSINESS
# INTERRUPTION) HOWEVER CAUSED AND ON ANY THEORY OF LIABILITY, WHETHER IN
# CONTRACT, STRICT LIABILITY, OR TORT (INCLUDING NEGLIGENCE OR OTHERWISE)
# ARISING IN ANY WAY OUT OF THE USE OF THIS SOFTWARE, EVEN IF ADVISED OF THE
# POSSIBILITY OF SUCH DAMAGE.
#
# Author: Johannes L. Schoenberger (jsch-at-demuc-dot-de)",[],CMake,0,1,30
6594,kai-46/colmapforvissat,https://github.com/kai-46/colmapforvissat/blob/79a6d150714d0eb350a1b10e17bedf91877568a1/src/mvs/CMakeLists.txt#L58,# MSVC/NVCC cannot compile the Boost unit test suite.,[],CMake,4,58,58
6594,kai-46/colmapforvissat,https://github.com/kai-46/colmapforvissat/blob/79a6d150714d0eb350a1b10e17bedf91877568a1/src/optim/CMakeLists.txt#L1,"# Copyright (c) 2018, ETH Zurich and UNC Chapel Hill.
# All rights reserved.
#
# Redistribution and use in source and binary forms, with or without
# modification, are permitted provided that the following conditions are met:
#
#     * Redistributions of source code must retain the above copyright
#       notice, this list of conditions and the following disclaimer.
#
#     * Redistributions in binary form must reproduce the above copyright
#       notice, this list of conditions and the following disclaimer in the
#       documentation and/or other materials provided with the distribution.
#
#     * Neither the name of ETH Zurich and UNC Chapel Hill nor the names of
#       its contributors may be used to endorse or promote products derived
#       from this software without specific prior written permission.
#
# THIS SOFTWARE IS PROVIDED BY THE COPYRIGHT HOLDERS AND CONTRIBUTORS ""AS IS""
# AND ANY EXPRESS OR IMPLIED WARRANTIES, INCLUDING, BUT NOT LIMITED TO, THE
# IMPLIED WARRANTIES OF MERCHANTABILITY AND FITNESS FOR A PARTICULAR PURPOSE
# ARE DISCLAIMED. IN NO EVENT SHALL THE COPYRIGHT HOLDERS OR CONTRIBUTORS BE
# LIABLE FOR ANY DIRECT, INDIRECT, INCIDENTAL, SPECIAL, EXEMPLARY, OR
# CONSEQUENTIAL DAMAGES (INCLUDING, BUT NOT LIMITED TO, PROCUREMENT OF
# SUBSTITUTE GOODS OR SERVICES; LOSS OF USE, DATA, OR PROFITS; OR BUSINESS
# INTERRUPTION) HOWEVER CAUSED AND ON ANY THEORY OF LIABILITY, WHETHER IN
# CONTRACT, STRICT LIABILITY, OR TORT (INCLUDING NEGLIGENCE OR OTHERWISE)
# ARISING IN ANY WAY OUT OF THE USE OF THIS SOFTWARE, EVEN IF ADVISED OF THE
# POSSIBILITY OF SUCH DAMAGE.
#
# Author: Johannes L. Schoenberger (jsch-at-demuc-dot-de)",[],CMake,0,1,30
6594,kai-46/colmapforvissat,https://github.com/kai-46/colmapforvissat/blob/79a6d150714d0eb350a1b10e17bedf91877568a1/src/retrieval/CMakeLists.txt#L1,"# Copyright (c) 2018, ETH Zurich and UNC Chapel Hill.
# All rights reserved.
#
# Redistribution and use in source and binary forms, with or without
# modification, are permitted provided that the following conditions are met:
#
#     * Redistributions of source code must retain the above copyright
#       notice, this list of conditions and the following disclaimer.
#
#     * Redistributions in binary form must reproduce the above copyright
#       notice, this list of conditions and the following disclaimer in the
#       documentation and/or other materials provided with the distribution.
#
#     * Neither the name of ETH Zurich and UNC Chapel Hill nor the names of
#       its contributors may be used to endorse or promote products derived
#       from this software without specific prior written permission.
#
# THIS SOFTWARE IS PROVIDED BY THE COPYRIGHT HOLDERS AND CONTRIBUTORS ""AS IS""
# AND ANY EXPRESS OR IMPLIED WARRANTIES, INCLUDING, BUT NOT LIMITED TO, THE
# IMPLIED WARRANTIES OF MERCHANTABILITY AND FITNESS FOR A PARTICULAR PURPOSE
# ARE DISCLAIMED. IN NO EVENT SHALL THE COPYRIGHT HOLDERS OR CONTRIBUTORS BE
# LIABLE FOR ANY DIRECT, INDIRECT, INCIDENTAL, SPECIAL, EXEMPLARY, OR
# CONSEQUENTIAL DAMAGES (INCLUDING, BUT NOT LIMITED TO, PROCUREMENT OF
# SUBSTITUTE GOODS OR SERVICES; LOSS OF USE, DATA, OR PROFITS; OR BUSINESS
# INTERRUPTION) HOWEVER CAUSED AND ON ANY THEORY OF LIABILITY, WHETHER IN
# CONTRACT, STRICT LIABILITY, OR TORT (INCLUDING NEGLIGENCE OR OTHERWISE)
# ARISING IN ANY WAY OUT OF THE USE OF THIS SOFTWARE, EVEN IF ADVISED OF THE
# POSSIBILITY OF SUCH DAMAGE.
#
# Author: Johannes L. Schoenberger (jsch-at-demuc-dot-de)",[],CMake,0,1,30
6594,kai-46/colmapforvissat,https://github.com/kai-46/colmapforvissat/blob/79a6d150714d0eb350a1b10e17bedf91877568a1/src/sfm/CMakeLists.txt#L1,"# Copyright (c) 2018, ETH Zurich and UNC Chapel Hill.
# All rights reserved.
#
# Redistribution and use in source and binary forms, with or without
# modification, are permitted provided that the following conditions are met:
#
#     * Redistributions of source code must retain the above copyright
#       notice, this list of conditions and the following disclaimer.
#
#     * Redistributions in binary form must reproduce the above copyright
#       notice, this list of conditions and the following disclaimer in the
#       documentation and/or other materials provided with the distribution.
#
#     * Neither the name of ETH Zurich and UNC Chapel Hill nor the names of
#       its contributors may be used to endorse or promote products derived
#       from this software without specific prior written permission.
#
# THIS SOFTWARE IS PROVIDED BY THE COPYRIGHT HOLDERS AND CONTRIBUTORS ""AS IS""
# AND ANY EXPRESS OR IMPLIED WARRANTIES, INCLUDING, BUT NOT LIMITED TO, THE
# IMPLIED WARRANTIES OF MERCHANTABILITY AND FITNESS FOR A PARTICULAR PURPOSE
# ARE DISCLAIMED. IN NO EVENT SHALL THE COPYRIGHT HOLDERS OR CONTRIBUTORS BE
# LIABLE FOR ANY DIRECT, INDIRECT, INCIDENTAL, SPECIAL, EXEMPLARY, OR
# CONSEQUENTIAL DAMAGES (INCLUDING, BUT NOT LIMITED TO, PROCUREMENT OF
# SUBSTITUTE GOODS OR SERVICES; LOSS OF USE, DATA, OR PROFITS; OR BUSINESS
# INTERRUPTION) HOWEVER CAUSED AND ON ANY THEORY OF LIABILITY, WHETHER IN
# CONTRACT, STRICT LIABILITY, OR TORT (INCLUDING NEGLIGENCE OR OTHERWISE)
# ARISING IN ANY WAY OUT OF THE USE OF THIS SOFTWARE, EVEN IF ADVISED OF THE
# POSSIBILITY OF SUCH DAMAGE.
#
# Author: Johannes L. Schoenberger (jsch-at-demuc-dot-de)",[],CMake,0,1,30
6594,kai-46/colmapforvissat,https://github.com/kai-46/colmapforvissat/blob/79a6d150714d0eb350a1b10e17bedf91877568a1/src/tools/CMakeLists.txt#L1,"# Copyright (c) 2018, ETH Zurich and UNC Chapel Hill.
# All rights reserved.
#
# Redistribution and use in source and binary forms, with or without
# modification, are permitted provided that the following conditions are met:
#
#     * Redistributions of source code must retain the above copyright
#       notice, this list of conditions and the following disclaimer.
#
#     * Redistributions in binary form must reproduce the above copyright
#       notice, this list of conditions and the following disclaimer in the
#       documentation and/or other materials provided with the distribution.
#
#     * Neither the name of ETH Zurich and UNC Chapel Hill nor the names of
#       its contributors may be used to endorse or promote products derived
#       from this software without specific prior written permission.
#
# THIS SOFTWARE IS PROVIDED BY THE COPYRIGHT HOLDERS AND CONTRIBUTORS ""AS IS""
# AND ANY EXPRESS OR IMPLIED WARRANTIES, INCLUDING, BUT NOT LIMITED TO, THE
# IMPLIED WARRANTIES OF MERCHANTABILITY AND FITNESS FOR A PARTICULAR PURPOSE
# ARE DISCLAIMED. IN NO EVENT SHALL THE COPYRIGHT HOLDERS OR CONTRIBUTORS BE
# LIABLE FOR ANY DIRECT, INDIRECT, INCIDENTAL, SPECIAL, EXEMPLARY, OR
# CONSEQUENTIAL DAMAGES (INCLUDING, BUT NOT LIMITED TO, PROCUREMENT OF
# SUBSTITUTE GOODS OR SERVICES; LOSS OF USE, DATA, OR PROFITS; OR BUSINESS
# INTERRUPTION) HOWEVER CAUSED AND ON ANY THEORY OF LIABILITY, WHETHER IN
# CONTRACT, STRICT LIABILITY, OR TORT (INCLUDING NEGLIGENCE OR OTHERWISE)
# ARISING IN ANY WAY OUT OF THE USE OF THIS SOFTWARE, EVEN IF ADVISED OF THE
# POSSIBILITY OF SUCH DAMAGE.
#
# Author: Johannes L. Schoenberger (jsch-at-demuc-dot-de)",[],CMake,0,1,30
6594,kai-46/colmapforvissat,https://github.com/kai-46/colmapforvissat/blob/79a6d150714d0eb350a1b10e17bedf91877568a1/src/tools/CMakeLists.txt#L34,# COLMAP_ADD_EXECUTABLE(example example.cc),[],CMake,0,34,34
6594,kai-46/colmapforvissat,https://github.com/kai-46/colmapforvissat/blob/79a6d150714d0eb350a1b10e17bedf91877568a1/src/ui/CMakeLists.txt#L1,"# Copyright (c) 2018, ETH Zurich and UNC Chapel Hill.
# All rights reserved.
#
# Redistribution and use in source and binary forms, with or without
# modification, are permitted provided that the following conditions are met:
#
#     * Redistributions of source code must retain the above copyright
#       notice, this list of conditions and the following disclaimer.
#
#     * Redistributions in binary form must reproduce the above copyright
#       notice, this list of conditions and the following disclaimer in the
#       documentation and/or other materials provided with the distribution.
#
#     * Neither the name of ETH Zurich and UNC Chapel Hill nor the names of
#       its contributors may be used to endorse or promote products derived
#       from this software without specific prior written permission.
#
# THIS SOFTWARE IS PROVIDED BY THE COPYRIGHT HOLDERS AND CONTRIBUTORS ""AS IS""
# AND ANY EXPRESS OR IMPLIED WARRANTIES, INCLUDING, BUT NOT LIMITED TO, THE
# IMPLIED WARRANTIES OF MERCHANTABILITY AND FITNESS FOR A PARTICULAR PURPOSE
# ARE DISCLAIMED. IN NO EVENT SHALL THE COPYRIGHT HOLDERS OR CONTRIBUTORS BE
# LIABLE FOR ANY DIRECT, INDIRECT, INCIDENTAL, SPECIAL, EXEMPLARY, OR
# CONSEQUENTIAL DAMAGES (INCLUDING, BUT NOT LIMITED TO, PROCUREMENT OF
# SUBSTITUTE GOODS OR SERVICES; LOSS OF USE, DATA, OR PROFITS; OR BUSINESS
# INTERRUPTION) HOWEVER CAUSED AND ON ANY THEORY OF LIABILITY, WHETHER IN
# CONTRACT, STRICT LIABILITY, OR TORT (INCLUDING NEGLIGENCE OR OTHERWISE)
# ARISING IN ANY WAY OUT OF THE USE OF THIS SOFTWARE, EVEN IF ADVISED OF THE
# POSSIBILITY OF SUCH DAMAGE.
#
# Author: Johannes L. Schoenberger (jsch-at-demuc-dot-de)",[],CMake,0,1,30
6594,kai-46/colmapforvissat,https://github.com/kai-46/colmapforvissat/blob/79a6d150714d0eb350a1b10e17bedf91877568a1/src/util/CMakeLists.txt#L1,"# Copyright (c) 2018, ETH Zurich and UNC Chapel Hill.
# All rights reserved.
#
# Redistribution and use in source and binary forms, with or without
# modification, are permitted provided that the following conditions are met:
#
#     * Redistributions of source code must retain the above copyright
#       notice, this list of conditions and the following disclaimer.
#
#     * Redistributions in binary form must reproduce the above copyright
#       notice, this list of conditions and the following disclaimer in the
#       documentation and/or other materials provided with the distribution.
#
#     * Neither the name of ETH Zurich and UNC Chapel Hill nor the names of
#       its contributors may be used to endorse or promote products derived
#       from this software without specific prior written permission.
#
# THIS SOFTWARE IS PROVIDED BY THE COPYRIGHT HOLDERS AND CONTRIBUTORS ""AS IS""
# AND ANY EXPRESS OR IMPLIED WARRANTIES, INCLUDING, BUT NOT LIMITED TO, THE
# IMPLIED WARRANTIES OF MERCHANTABILITY AND FITNESS FOR A PARTICULAR PURPOSE
# ARE DISCLAIMED. IN NO EVENT SHALL THE COPYRIGHT HOLDERS OR CONTRIBUTORS BE
# LIABLE FOR ANY DIRECT, INDIRECT, INCIDENTAL, SPECIAL, EXEMPLARY, OR
# CONSEQUENTIAL DAMAGES (INCLUDING, BUT NOT LIMITED TO, PROCUREMENT OF
# SUBSTITUTE GOODS OR SERVICES; LOSS OF USE, DATA, OR PROFITS; OR BUSINESS
# INTERRUPTION) HOWEVER CAUSED AND ON ANY THEORY OF LIABILITY, WHETHER IN
# CONTRACT, STRICT LIABILITY, OR TORT (INCLUDING NEGLIGENCE OR OTHERWISE)
# ARISING IN ANY WAY OUT OF THE USE OF THIS SOFTWARE, EVEN IF ADVISED OF THE
# POSSIBILITY OF SUCH DAMAGE.
#
# Author: Johannes L. Schoenberger (jsch-at-demuc-dot-de)",[],CMake,0,1,30
6594,kai-46/colmapforvissat,https://github.com/kai-46/colmapforvissat/blob/79a6d150714d0eb350a1b10e17bedf91877568a1/cmake/CMakeHelper.cmake#L9,# Determine project compiler.,[],CMake,0,9,9
6594,kai-46/colmapforvissat,https://github.com/kai-46/colmapforvissat/blob/79a6d150714d0eb350a1b10e17bedf91877568a1/cmake/CMakeHelper.cmake#L20,# Determine project architecture.,[],CMake,0,20,20
6594,kai-46/colmapforvissat,https://github.com/kai-46/colmapforvissat/blob/79a6d150714d0eb350a1b10e17bedf91877568a1/cmake/CMakeHelper.cmake#L25,# Determine project operating system.,[],CMake,0,25,25
6594,kai-46/colmapforvissat,https://github.com/kai-46/colmapforvissat/blob/79a6d150714d0eb350a1b10e17bedf91877568a1/cmake/CMakeHelper.cmake#L42,# Enable solution folders.,[],CMake,0,42,42
6594,kai-46/colmapforvissat,https://github.com/kai-46/colmapforvissat/blob/79a6d150714d0eb350a1b10e17bedf91877568a1/cmake/CMakeHelper.cmake#L50,"# This macro will search for source files in a given directory, will add them
# to a source group (folder within a project), and will then return paths to
# each of the found files. The usage of the macro is as follows:
# COLMAP_ADD_SOURCE_DIR(
#     <source directory to search>
#     <output variable with found source files>
#     <search expressions such as *.h *.cc>)",[],CMake,0,50,56
6594,kai-46/colmapforvissat,https://github.com/kai-46/colmapforvissat/blob/79a6d150714d0eb350a1b10e17bedf91877568a1/cmake/CMakeHelper.cmake#L58,# Create the list of expressions to be used in the search.,[],CMake,4,58,58
6594,kai-46/colmapforvissat,https://github.com/kai-46/colmapforvissat/blob/79a6d150714d0eb350a1b10e17bedf91877568a1/cmake/CMakeHelper.cmake#L63,# Perform the search for the source files.,[],CMake,4,63,63
6594,kai-46/colmapforvissat,https://github.com/kai-46/colmapforvissat/blob/79a6d150714d0eb350a1b10e17bedf91877568a1/cmake/CMakeHelper.cmake#L66,# Create the source group.,[],CMake,4,66,66
6594,kai-46/colmapforvissat,https://github.com/kai-46/colmapforvissat/blob/79a6d150714d0eb350a1b10e17bedf91877568a1/cmake/CMakeHelper.cmake#L69,# Clean-up.,[],CMake,4,69,69
6594,kai-46/colmapforvissat,https://github.com/kai-46/colmapforvissat/blob/79a6d150714d0eb350a1b10e17bedf91877568a1/cmake/CMakeHelper.cmake#L75,# Macro to add source files to COLMAP library.,[],CMake,0,75,75
6594,kai-46/colmapforvissat,https://github.com/kai-46/colmapforvissat/blob/79a6d150714d0eb350a1b10e17bedf91877568a1/cmake/CMakeHelper.cmake#L89,# Macro to add CUDA source files to COLMAP library.,[],CMake,0,89,89
6594,kai-46/colmapforvissat,https://github.com/kai-46/colmapforvissat/blob/79a6d150714d0eb350a1b10e17bedf91877568a1/cmake/CMakeHelper.cmake#L94,# Absolute path.,[],CMake,12,94,94
6594,kai-46/colmapforvissat,https://github.com/kai-46/colmapforvissat/blob/79a6d150714d0eb350a1b10e17bedf91877568a1/cmake/CMakeHelper.cmake#L97,# Relative path.,[],CMake,12,97,97
6594,kai-46/colmapforvissat,https://github.com/kai-46/colmapforvissat/blob/79a6d150714d0eb350a1b10e17bedf91877568a1/cmake/CMakeHelper.cmake#L109,"# Replacement for the normal add_library() command. The syntax remains the same
# in that the first argument is the target name, and the following arguments
# are the source files to use when building the target.",[],CMake,0,109,111
6594,kai-46/colmapforvissat,https://github.com/kai-46/colmapforvissat/blob/79a6d150714d0eb350a1b10e17bedf91877568a1/cmake/CMakeHelper.cmake#L113,# ${ARGN} will store the list of source files passed to this function.,[],CMake,4,113,113
6594,kai-46/colmapforvissat,https://github.com/kai-46/colmapforvissat/blob/79a6d150714d0eb350a1b10e17bedf91877568a1/cmake/CMakeHelper.cmake#L120,"# Replacement for the normal cuda_add_library() command. The syntax remains the
# same in that the first argument is the target name, and the following
# arguments are the source files to use when building the target.",[],CMake,0,120,122
6594,kai-46/colmapforvissat,https://github.com/kai-46/colmapforvissat/blob/79a6d150714d0eb350a1b10e17bedf91877568a1/cmake/CMakeHelper.cmake#L124,# ${ARGN} will store the list of source files passed to this function.,[],CMake,4,124,124
6594,kai-46/colmapforvissat,https://github.com/kai-46/colmapforvissat/blob/79a6d150714d0eb350a1b10e17bedf91877568a1/cmake/CMakeHelper.cmake#L131,"# Replacement for the normal add_executable() command. The syntax remains the
# same in that the first argument is the target name, and the following
# arguments are the source files to use when building the target.",[],CMake,0,131,133
6594,kai-46/colmapforvissat,https://github.com/kai-46/colmapforvissat/blob/79a6d150714d0eb350a1b10e17bedf91877568a1/cmake/CMakeHelper.cmake#L135,# ${ARGN} will store the list of source files passed to this function.,[],CMake,4,135,135
6594,kai-46/colmapforvissat,https://github.com/kai-46/colmapforvissat/blob/79a6d150714d0eb350a1b10e17bedf91877568a1/cmake/CMakeHelper.cmake#L143,# Wrapper for test executables.,[],CMake,0,143,143
6594,kai-46/colmapforvissat,https://github.com/kai-46/colmapforvissat/blob/79a6d150714d0eb350a1b10e17bedf91877568a1/cmake/CMakeHelper.cmake#L146,# ${ARGN} will store the list of source files passed to this function.,[],CMake,8,146,146
6594,kai-46/colmapforvissat,https://github.com/kai-46/colmapforvissat/blob/79a6d150714d0eb350a1b10e17bedf91877568a1/cmake/CMakeHelper.cmake#L160,# Wrapper for CUDA test executables.,[],CMake,0,160,160
6594,kai-46/colmapforvissat,https://github.com/kai-46/colmapforvissat/blob/79a6d150714d0eb350a1b10e17bedf91877568a1/cmake/CMakeHelper.cmake#L163,# ${ARGN} will store the list of source files passed to this function.,[],CMake,8,163,163
6594,kai-46/colmapforvissat,https://github.com/kai-46/colmapforvissat/blob/79a6d150714d0eb350a1b10e17bedf91877568a1/cmake/FindEigen3.cmake#L1,"# Copyright (c) 2018, ETH Zurich and UNC Chapel Hill.
# All rights reserved.
#
# Redistribution and use in source and binary forms, with or without
# modification, are permitted provided that the following conditions are met:
#
#     * Redistributions of source code must retain the above copyright
#       notice, this list of conditions and the following disclaimer.
#
#     * Redistributions in binary form must reproduce the above copyright
#       notice, this list of conditions and the following disclaimer in the
#       documentation and/or other materials provided with the distribution.
#
#     * Neither the name of ETH Zurich and UNC Chapel Hill nor the names of
#       its contributors may be used to endorse or promote products derived
#       from this software without specific prior written permission.
#
# THIS SOFTWARE IS PROVIDED BY THE COPYRIGHT HOLDERS AND CONTRIBUTORS ""AS IS""
# AND ANY EXPRESS OR IMPLIED WARRANTIES, INCLUDING, BUT NOT LIMITED TO, THE
# IMPLIED WARRANTIES OF MERCHANTABILITY AND FITNESS FOR A PARTICULAR PURPOSE
# ARE DISCLAIMED. IN NO EVENT SHALL THE COPYRIGHT HOLDERS OR CONTRIBUTORS BE
# LIABLE FOR ANY DIRECT, INDIRECT, INCIDENTAL, SPECIAL, EXEMPLARY, OR
# CONSEQUENTIAL DAMAGES (INCLUDING, BUT NOT LIMITED TO, PROCUREMENT OF
# SUBSTITUTE GOODS OR SERVICES; LOSS OF USE, DATA, OR PROFITS; OR BUSINESS
# INTERRUPTION) HOWEVER CAUSED AND ON ANY THEORY OF LIABILITY, WHETHER IN
# CONTRACT, STRICT LIABILITY, OR TORT (INCLUDING NEGLIGENCE OR OTHERWISE)
# ARISING IN ANY WAY OUT OF THE USE OF THIS SOFTWARE, EVEN IF ADVISED OF THE
# POSSIBILITY OF SUCH DAMAGE.
#
# Author: Johannes L. Schoenberger (jsch-at-demuc-dot-de)",[],CMake,0,1,30
6594,kai-46/colmapforvissat,https://github.com/kai-46/colmapforvissat/blob/79a6d150714d0eb350a1b10e17bedf91877568a1/cmake/FindEigen3.cmake#L32,"# Find package module for Eigen 3 library.
#
# The following variables are set by this module:
#
#   EIGEN3_FOUND: TRUE if Eigen is found.
#   EIGEN3_VERSION: Eigen library version.
#   EIGEN3_INCLUDE_DIRS: Include directories for Eigen.
#
# The following variables control the behavior of this module:
#
# EIGEN3_INCLUDE_DIR_HINTS: List of additional directories in which to
#                           search for Eigen includes.",[],CMake,0,32,43
6594,kai-46/colmapforvissat,https://github.com/kai-46/colmapforvissat/blob/79a6d150714d0eb350a1b10e17bedf91877568a1/cmake/FindFreeImage.cmake#L1,"# Copyright (c) 2018, ETH Zurich and UNC Chapel Hill.
# All rights reserved.
#
# Redistribution and use in source and binary forms, with or without
# modification, are permitted provided that the following conditions are met:
#
#     * Redistributions of source code must retain the above copyright
#       notice, this list of conditions and the following disclaimer.
#
#     * Redistributions in binary form must reproduce the above copyright
#       notice, this list of conditions and the following disclaimer in the
#       documentation and/or other materials provided with the distribution.
#
#     * Neither the name of ETH Zurich and UNC Chapel Hill nor the names of
#       its contributors may be used to endorse or promote products derived
#       from this software without specific prior written permission.
#
# THIS SOFTWARE IS PROVIDED BY THE COPYRIGHT HOLDERS AND CONTRIBUTORS ""AS IS""
# AND ANY EXPRESS OR IMPLIED WARRANTIES, INCLUDING, BUT NOT LIMITED TO, THE
# IMPLIED WARRANTIES OF MERCHANTABILITY AND FITNESS FOR A PARTICULAR PURPOSE
# ARE DISCLAIMED. IN NO EVENT SHALL THE COPYRIGHT HOLDERS OR CONTRIBUTORS BE
# LIABLE FOR ANY DIRECT, INDIRECT, INCIDENTAL, SPECIAL, EXEMPLARY, OR
# CONSEQUENTIAL DAMAGES (INCLUDING, BUT NOT LIMITED TO, PROCUREMENT OF
# SUBSTITUTE GOODS OR SERVICES; LOSS OF USE, DATA, OR PROFITS; OR BUSINESS
# INTERRUPTION) HOWEVER CAUSED AND ON ANY THEORY OF LIABILITY, WHETHER IN
# CONTRACT, STRICT LIABILITY, OR TORT (INCLUDING NEGLIGENCE OR OTHERWISE)
# ARISING IN ANY WAY OUT OF THE USE OF THIS SOFTWARE, EVEN IF ADVISED OF THE
# POSSIBILITY OF SUCH DAMAGE.
#
# Author: Johannes L. Schoenberger (jsch-at-demuc-dot-de)",[],CMake,0,1,30
6594,kai-46/colmapforvissat,https://github.com/kai-46/colmapforvissat/blob/79a6d150714d0eb350a1b10e17bedf91877568a1/cmake/FindFreeImage.cmake#L32,"# Find package module for FreeImage library.
#
# The following variables are set by this module:
#
#   FREEIMAGE_FOUND: TRUE if FreeImage is found.
#   FREEIMAGE_INCLUDE_DIRS: Include directories for FreeImage.
#   FREEIMAGE_LIBRARIES: Libraries required to link FreeImage.
#
# The following variables control the behavior of this module:
#
# FREEIMAGE_INCLUDE_DIR_HINTS: List of additional directories in which to
#                              search for FreeImage includes.
# FREEIMAGE_LIBRARY_DIR_HINTS: List of additional directories in which to
#                              search for FreeImage libraries.",[],CMake,0,32,45
6594,kai-46/colmapforvissat,https://github.com/kai-46/colmapforvissat/blob/79a6d150714d0eb350a1b10e17bedf91877568a1/cmake/FindGlew.cmake#L1,"# Copyright (c) 2018, ETH Zurich and UNC Chapel Hill.
# All rights reserved.
#
# Redistribution and use in source and binary forms, with or without
# modification, are permitted provided that the following conditions are met:
#
#     * Redistributions of source code must retain the above copyright
#       notice, this list of conditions and the following disclaimer.
#
#     * Redistributions in binary form must reproduce the above copyright
#       notice, this list of conditions and the following disclaimer in the
#       documentation and/or other materials provided with the distribution.
#
#     * Neither the name of ETH Zurich and UNC Chapel Hill nor the names of
#       its contributors may be used to endorse or promote products derived
#       from this software without specific prior written permission.
#
# THIS SOFTWARE IS PROVIDED BY THE COPYRIGHT HOLDERS AND CONTRIBUTORS ""AS IS""
# AND ANY EXPRESS OR IMPLIED WARRANTIES, INCLUDING, BUT NOT LIMITED TO, THE
# IMPLIED WARRANTIES OF MERCHANTABILITY AND FITNESS FOR A PARTICULAR PURPOSE
# ARE DISCLAIMED. IN NO EVENT SHALL THE COPYRIGHT HOLDERS OR CONTRIBUTORS BE
# LIABLE FOR ANY DIRECT, INDIRECT, INCIDENTAL, SPECIAL, EXEMPLARY, OR
# CONSEQUENTIAL DAMAGES (INCLUDING, BUT NOT LIMITED TO, PROCUREMENT OF
# SUBSTITUTE GOODS OR SERVICES; LOSS OF USE, DATA, OR PROFITS; OR BUSINESS
# INTERRUPTION) HOWEVER CAUSED AND ON ANY THEORY OF LIABILITY, WHETHER IN
# CONTRACT, STRICT LIABILITY, OR TORT (INCLUDING NEGLIGENCE OR OTHERWISE)
# ARISING IN ANY WAY OUT OF THE USE OF THIS SOFTWARE, EVEN IF ADVISED OF THE
# POSSIBILITY OF SUCH DAMAGE.
#
# Author: Johannes L. Schoenberger (jsch-at-demuc-dot-de)",[],CMake,0,1,30
6594,kai-46/colmapforvissat,https://github.com/kai-46/colmapforvissat/blob/79a6d150714d0eb350a1b10e17bedf91877568a1/cmake/FindGlew.cmake#L32,"# Find package module for Glew library.
#
# The following variables are set by this module:
#
#   GLEW_FOUND: TRUE if Glew is found.
#   GLEW_INCLUDE_DIRS: Include directories for Glew.
#   GLEW_LIBRARIES: Libraries required to link Glew.
#
# The following variables control the behavior of this module:
#
# GLEW_INCLUDE_DIR_HINTS: List of additional directories in which to
#                         search for Glew includes.
# GLEW_LIBRARY_DIR_HINTS: List of additional directories in which to
#                         search for Glew libraries.",[],CMake,0,32,45
6594,kai-46/colmapforvissat,https://github.com/kai-46/colmapforvissat/blob/79a6d150714d0eb350a1b10e17bedf91877568a1/cmake/FindGlog.cmake#L1,"# Copyright (c) 2018, ETH Zurich and UNC Chapel Hill.
# All rights reserved.
#
# Redistribution and use in source and binary forms, with or without
# modification, are permitted provided that the following conditions are met:
#
#     * Redistributions of source code must retain the above copyright
#       notice, this list of conditions and the following disclaimer.
#
#     * Redistributions in binary form must reproduce the above copyright
#       notice, this list of conditions and the following disclaimer in the
#       documentation and/or other materials provided with the distribution.
#
#     * Neither the name of ETH Zurich and UNC Chapel Hill nor the names of
#       its contributors may be used to endorse or promote products derived
#       from this software without specific prior written permission.
#
# THIS SOFTWARE IS PROVIDED BY THE COPYRIGHT HOLDERS AND CONTRIBUTORS ""AS IS""
# AND ANY EXPRESS OR IMPLIED WARRANTIES, INCLUDING, BUT NOT LIMITED TO, THE
# IMPLIED WARRANTIES OF MERCHANTABILITY AND FITNESS FOR A PARTICULAR PURPOSE
# ARE DISCLAIMED. IN NO EVENT SHALL THE COPYRIGHT HOLDERS OR CONTRIBUTORS BE
# LIABLE FOR ANY DIRECT, INDIRECT, INCIDENTAL, SPECIAL, EXEMPLARY, OR
# CONSEQUENTIAL DAMAGES (INCLUDING, BUT NOT LIMITED TO, PROCUREMENT OF
# SUBSTITUTE GOODS OR SERVICES; LOSS OF USE, DATA, OR PROFITS; OR BUSINESS
# INTERRUPTION) HOWEVER CAUSED AND ON ANY THEORY OF LIABILITY, WHETHER IN
# CONTRACT, STRICT LIABILITY, OR TORT (INCLUDING NEGLIGENCE OR OTHERWISE)
# ARISING IN ANY WAY OUT OF THE USE OF THIS SOFTWARE, EVEN IF ADVISED OF THE
# POSSIBILITY OF SUCH DAMAGE.
#
# Author: Johannes L. Schoenberger (jsch-at-demuc-dot-de)",[],CMake,0,1,30
6594,kai-46/colmapforvissat,https://github.com/kai-46/colmapforvissat/blob/79a6d150714d0eb350a1b10e17bedf91877568a1/cmake/FindGlog.cmake#L32,"# Find package module for Glog library.
#
# The following variables are set by this module:
#
#   GLOG_FOUND: TRUE if Glog is found.
#   GLOG_INCLUDE_DIRS: Include directories for Glog.
#   GLOG_LIBRARIES: Libraries required to link Glog.
#
# The following variables control the behavior of this module:
#
# GLOG_INCLUDE_DIR_HINTS: List of additional directories in which to
#                         search for Glog includes.
# GLOG_LIBRARY_DIR_HINTS: List of additional directories in which to
#                         search for Glog libraries.",[],CMake,0,32,45
6594,kai-46/colmapforvissat,https://github.com/kai-46/colmapforvissat/blob/79a6d150714d0eb350a1b10e17bedf91877568a1/cmake/GenerateVersionDefinitions.cmake#L1,"# Copyright (c) 2018, ETH Zurich and UNC Chapel Hill.
# All rights reserved.
#
# Redistribution and use in source and binary forms, with or without
# modification, are permitted provided that the following conditions are met:
#
#     * Redistributions of source code must retain the above copyright
#       notice, this list of conditions and the following disclaimer.
#
#     * Redistributions in binary form must reproduce the above copyright
#       notice, this list of conditions and the following disclaimer in the
#       documentation and/or other materials provided with the distribution.
#
#     * Neither the name of ETH Zurich and UNC Chapel Hill nor the names of
#       its contributors may be used to endorse or promote products derived
#       from this software without specific prior written permission.
#
# THIS SOFTWARE IS PROVIDED BY THE COPYRIGHT HOLDERS AND CONTRIBUTORS ""AS IS""
# AND ANY EXPRESS OR IMPLIED WARRANTIES, INCLUDING, BUT NOT LIMITED TO, THE
# IMPLIED WARRANTIES OF MERCHANTABILITY AND FITNESS FOR A PARTICULAR PURPOSE
# ARE DISCLAIMED. IN NO EVENT SHALL THE COPYRIGHT HOLDERS OR CONTRIBUTORS BE
# LIABLE FOR ANY DIRECT, INDIRECT, INCIDENTAL, SPECIAL, EXEMPLARY, OR
# CONSEQUENTIAL DAMAGES (INCLUDING, BUT NOT LIMITED TO, PROCUREMENT OF
# SUBSTITUTE GOODS OR SERVICES; LOSS OF USE, DATA, OR PROFITS; OR BUSINESS
# INTERRUPTION) HOWEVER CAUSED AND ON ANY THEORY OF LIABILITY, WHETHER IN
# CONTRACT, STRICT LIABILITY, OR TORT (INCLUDING NEGLIGENCE OR OTHERWISE)
# ARISING IN ANY WAY OUT OF THE USE OF THIS SOFTWARE, EVEN IF ADVISED OF THE
# POSSIBILITY OF SUCH DAMAGE.
#
# Author: Johannes L. Schoenberger (jsch-at-demuc-dot-de)",[],CMake,0,1,30
6594,kai-46/colmapforvissat,https://github.com/kai-46/colmapforvissat/blob/79a6d150714d0eb350a1b10e17bedf91877568a1/cmake/SelectCudaComputeArch.cmake#L1,"# CMake - Cross Platform Makefile Generator
# Copyright 2000-2017 Kitware, Inc. and Contributors
# All rights reserved.
#
# Redistribution and use in source and binary forms, with or without
# modification, are permitted provided that the following conditions
# are met:
#
# * Redistributions of source code must retain the above copyright
#   notice, this list of conditions and the following disclaimer.
#
# * Redistributions in binary form must reproduce the above copyright
#   notice, this list of conditions and the following disclaimer in the
#   documentation and/or other materials provided with the distribution.
#
# * Neither the name of Kitware, Inc. nor the names of Contributors
#   may be used to endorse or promote products derived from this
#   software without specific prior written permission.
#
# THIS SOFTWARE IS PROVIDED BY THE COPYRIGHT HOLDERS AND CONTRIBUTORS
# ""AS IS"" AND ANY EXPRESS OR IMPLIED WARRANTIES, INCLUDING, BUT NOT
# LIMITED TO, THE IMPLIED WARRANTIES OF MERCHANTABILITY AND FITNESS FOR
# A PARTICULAR PURPOSE ARE DISCLAIMED. IN NO EVENT SHALL THE COPYRIGHT
# HOLDER OR CONTRIBUTORS BE LIABLE FOR ANY DIRECT, INDIRECT, INCIDENTAL,
# SPECIAL, EXEMPLARY, OR CONSEQUENTIAL DAMAGES (INCLUDING, BUT NOT
# LIMITED TO, PROCUREMENT OF SUBSTITUTE GOODS OR SERVICES; LOSS OF USE,
# DATA, OR PROFITS; OR BUSINESS INTERRUPTION) HOWEVER CAUSED AND ON ANY
# THEORY OF LIABILITY, WHETHER IN CONTRACT, STRICT LIABILITY, OR TORT
# (INCLUDING NEGLIGENCE OR OTHERWISE) ARISING IN ANY WAY OUT OF THE USE
# OF THIS SOFTWARE, EVEN IF ADVISED OF THE POSSIBILITY OF SUCH DAMAGE.",[],CMake,0,1,30
6594,kai-46/colmapforvissat,https://github.com/kai-46/colmapforvissat/blob/79a6d150714d0eb350a1b10e17bedf91877568a1/cmake/SelectCudaComputeArch.cmake#L32,"# Synopsis:
#   CUDA_SELECT_NVCC_ARCH_FLAGS(out_variable [target_CUDA_architectures])
#   -- Selects GPU arch flags for nvcc based on target_CUDA_architectures
#      target_CUDA_architectures : Auto | Common | All | LIST(ARCH_AND_PTX ...)
#       - ""Auto"" detects local machine GPU compute arch at runtime.
#       - ""Common"" and ""All"" cover common and entire subsets of architectures
#      ARCH_AND_PTX : NAME | NUM.NUM | NUM.NUM(NUM.NUM) | NUM.NUM+PTX
#      NAME: Fermi Kepler Maxwell Kepler+Tegra Kepler+Tesla Maxwell+Tegra Pascal
#      NUM: Any number. Only those pairs are currently accepted by NVCC though:
#            2.0 2.1 3.0 3.2 3.5 3.7 5.0 5.2 5.3 6.0 6.2
#      Returns LIST of flags to be added to CUDA_NVCC_FLAGS in ${out_variable}
#      Additionally, sets ${out_variable}_readable to the resulting numeric list
#      Example:
#       CUDA_SELECT_NVCC_ARCH_FLAGS(ARCH_FLAGS 3.0 3.5+PTX 5.2(5.0) Maxwell)
#        LIST(APPEND CUDA_NVCC_FLAGS ${ARCH_FLAGS})
#
#      More info on CUDA architectures: https://en.wikipedia.org/wiki/CUDA
#",[],CMake,0,32,49
6594,kai-46/colmapforvissat,https://github.com/kai-46/colmapforvissat/blob/79a6d150714d0eb350a1b10e17bedf91877568a1/cmake/SelectCudaComputeArch.cmake#L51,# CUDA as a language,[],CMake,31,51,51
6594,kai-46/colmapforvissat,https://github.com/kai-46/colmapforvissat/blob/79a6d150714d0eb350a1b10e17bedf91877568a1/cmake/SelectCudaComputeArch.cmake#L57,# See: https://docs.nvidia.com/cuda/cuda-compiler-driver-nvcc/index.html#gpu-feature-list,[],CMake,0,57,57
6594,kai-46/colmapforvissat,https://github.com/kai-46/colmapforvissat/blob/79a6d150714d0eb350a1b10e17bedf91877568a1/cmake/SelectCudaComputeArch.cmake#L59,# This list will be used for CUDA_ARCH_NAME = All option,[],CMake,0,59,59
6594,kai-46/colmapforvissat,https://github.com/kai-46/colmapforvissat/blob/79a6d150714d0eb350a1b10e17bedf91877568a1/cmake/SelectCudaComputeArch.cmake#L62,# CUDA 9.X and later do not support the Fermi architecture anymore.,[],CMake,0,62,62
6594,kai-46/colmapforvissat,https://github.com/kai-46/colmapforvissat/blob/79a6d150714d0eb350a1b10e17bedf91877568a1/cmake/SelectCudaComputeArch.cmake#L68,# This list will be used for CUDA_ARCH_NAME = Common option (enabled by default),[],CMake,0,68,68
6594,kai-46/colmapforvissat,https://github.com/kai-46/colmapforvissat/blob/79a6d150714d0eb350a1b10e17bedf91877568a1/cmake/SelectCudaComputeArch.cmake#L75,# This list is used to filter CUDA archs when autodetecting,[],CMake,0,75,75
6594,kai-46/colmapforvissat,https://github.com/kai-46/colmapforvissat/blob/79a6d150714d0eb350a1b10e17bedf91877568a1/cmake/SelectCudaComputeArch.cmake#L108,"################################################################################################
# A function for automatic detection of GPUs installed  (if autodetection is enabled)
# Usage:
#   CUDA_DETECT_INSTALLED_GPUS(OUT_VARIABLE)
#",[],CMake,0,108,112
6594,kai-46/colmapforvissat,https://github.com/kai-46/colmapforvissat/blob/79a6d150714d0eb350a1b10e17bedf91877568a1/cmake/SelectCudaComputeArch.cmake#L115,# CUDA as a language,[],CMake,35,115,115
6594,kai-46/colmapforvissat,https://github.com/kai-46/colmapforvissat/blob/79a6d150714d0eb350a1b10e17bedf91877568a1/cmake/SelectCudaComputeArch.cmake#L138,# CUDA as a language,[],CMake,35,138,138
6594,kai-46/colmapforvissat,https://github.com/kai-46/colmapforvissat/blob/79a6d150714d0eb350a1b10e17bedf91877568a1/cmake/SelectCudaComputeArch.cmake#L159,# Filter based on CUDA version supported archs,[],CMake,4,159,159
6594,kai-46/colmapforvissat,https://github.com/kai-46/colmapforvissat/blob/79a6d150714d0eb350a1b10e17bedf91877568a1/cmake/SelectCudaComputeArch.cmake#L180,"################################################################################################
# Function for selecting GPU arch flags for nvcc based on CUDA architectures from parameter list
# Usage:
#   SELECT_NVCC_ARCH_FLAGS(out_variable [list of CUDA compute archs])",[],CMake,0,180,183
6594,kai-46/colmapforvissat,https://github.com/kai-46/colmapforvissat/blob/79a6d150714d0eb350a1b10e17bedf91877568a1/cmake/SelectCudaComputeArch.cmake#L203,# Now process the list and look for names,[],CMake,2,203,203
6594,kai-46/colmapforvissat,https://github.com/kai-46/colmapforvissat/blob/79a6d150714d0eb350a1b10e17bedf91877568a1/cmake/SelectCudaComputeArch.cmake#L210,# Check to see if we are compiling PTX,[],CMake,4,210,210
6594,kai-46/colmapforvissat,https://github.com/kai-46/colmapforvissat/blob/79a6d150714d0eb350a1b10e17bedf91877568a1/cmake/SelectCudaComputeArch.cmake#L219,# Look for it in our list of known architectures,[],CMake,6,219,219
6594,kai-46/colmapforvissat,https://github.com/kai-46/colmapforvissat/blob/79a6d150714d0eb350a1b10e17bedf91877568a1/cmake/SelectCudaComputeArch.cmake#L256,# remove dots and convert to lists,[],CMake,2,256,256
6594,kai-46/colmapforvissat,https://github.com/kai-46/colmapforvissat/blob/79a6d150714d0eb350a1b10e17bedf91877568a1/cmake/SelectCudaComputeArch.cmake#L272,# Tell NVCC to add binaries for the specified GPUs,[],CMake,2,272,272
6594,kai-46/colmapforvissat,https://github.com/kai-46/colmapforvissat/blob/79a6d150714d0eb350a1b10e17bedf91877568a1/cmake/SelectCudaComputeArch.cmake#L275,# User explicitly specified ARCH for the concrete CODE,[],CMake,6,275,275
6594,kai-46/colmapforvissat,https://github.com/kai-46/colmapforvissat/blob/79a6d150714d0eb350a1b10e17bedf91877568a1/cmake/SelectCudaComputeArch.cmake#L279,"# User didn't explicitly specify ARCH for the concrete CODE, we assume ARCH=CODE",[],CMake,6,279,279
6594,kai-46/colmapforvissat,https://github.com/kai-46/colmapforvissat/blob/79a6d150714d0eb350a1b10e17bedf91877568a1/cmake/SelectCudaComputeArch.cmake#L285,# Tell NVCC to add PTX intermediate code for the specified architectures,[],CMake,2,285,285
