repoIndex,repoName,linkLocation,comment,keywords,buildSysteminFile,charPosition,startLine,endLine
744,servalproject/serval-dna,https://github.com/servalproject/serval-dna/blob/029adc177f7d86572bd34495003ae529ec67c41c/Makefile.in#L1,"# Makefile.in for Serval DNA daemon and libraries
# nnnn
# vim: noet ts=8 sts=0 sw=8",[],Autotool,0,1,3
744,servalproject/serval-dna,https://github.com/servalproject/serval-dna/blob/029adc177f7d86572bd34495003ae529ec67c41c/Makefile.in#L34,# sets SQLITE3_AMALGAMATION,[],Autotool,33,34,34
744,servalproject/serval-dna,https://github.com/servalproject/serval-dna/blob/029adc177f7d86572bd34495003ae529ec67c41c/Makefile.in#L35,# depends on SQLITE3_AMALGAMATION,[],Autotool,33,35,35
744,servalproject/serval-dna,https://github.com/servalproject/serval-dna/blob/029adc177f7d86572bd34495003ae529ec67c41c/Makefile.in#L99,# Solaris magic,[],Autotool,0,99,99
744,servalproject/serval-dna,https://github.com/servalproject/serval-dna/blob/029adc177f7d86572bd34495003ae529ec67c41c/Makefile.in#L101,# OSX magic to compensate for the Solaris magic,[],Autotool,0,101,101
744,servalproject/serval-dna,https://github.com/servalproject/serval-dna/blob/029adc177f7d86572bd34495003ae529ec67c41c/Makefile.in#L107,"# More warnings, discover problems that only happen on some archs",[],Autotool,0,107,107
744,servalproject/serval-dna,https://github.com/servalproject/serval-dna/blob/029adc177f7d86572bd34495003ae529ec67c41c/Makefile.in#L109,# Security enhancements from Debian,[],Autotool,0,109,109
744,servalproject/serval-dna,https://github.com/servalproject/serval-dna/blob/029adc177f7d86572bd34495003ae529ec67c41c/Makefile.in#L117,"# Usage: $(call MERGE_STATIC_LIBS, libdest.a, libsrcfoo.a libsrcbar.a)",[],Autotool,0,117,117
744,servalproject/serval-dna,https://github.com/servalproject/serval-dna/blob/029adc177f7d86572bd34495003ae529ec67c41c/Makefile.in#L159,# Only provide Java targets if the Java compiler is available.,[],Autotool,0,159,159
744,servalproject/serval-dna,https://github.com/servalproject/serval-dna/blob/029adc177f7d86572bd34495003ae529ec67c41c/Makefile.in#L175,# $(JAVAC),[],Autotool,6,175,175
744,servalproject/serval-dna,https://github.com/servalproject/serval-dna/blob/029adc177f7d86572bd34495003ae529ec67c41c/Makefile.in#L177,# Only provide Swift targets if the Swift compiler is available.,[],Autotool,19,177,177
744,servalproject/serval-dna,https://github.com/servalproject/serval-dna/blob/029adc177f7d86572bd34495003ae529ec67c41c/Makefile.in#L207,# $(SWIFTC),[],Autotool,6,207,207
744,servalproject/serval-dna,https://github.com/servalproject/serval-dna/blob/029adc177f7d86572bd34495003ae529ec67c41c/Makefile.in#L209,"# Build the Sodium elliptic curve encryption library within its 'libsodium'
# subtree, and install its development files (headers and libraries) into our
# $(LIBSODIUM_DEV) subdirectory.  Then use the contents of this subdirectory to
# provide system headers, eg <sodium.h>, and libraries, eg, libsodium.a, to
# compile and link Serval DNA.  This completely avoids any dependency on the
# system's installed libsodium run-time and development packages.",[],Autotool,0,209,214
744,servalproject/serval-dna,https://github.com/servalproject/serval-dna/blob/029adc177f7d86572bd34495003ae529ec67c41c/Makefile.in#L222,"# The libsodium package uses libtool, so by default its static libraries get
# compiled without the -fPIC option.  This prevents the libsodium static
# library from being linked into a shared library.  However, this Makefile
# needs to do exactly that, to make libservaldaemon.so, so passes the
# -prefer-pic libtool option, which causes libtool to use -fPIC even when
# compiling for static libraries.",[],Autotool,0,222,227
744,servalproject/serval-dna,https://github.com/servalproject/serval-dna/blob/029adc177f7d86572bd34495003ae529ec67c41c/Makefile.in#L241,# Source code test coverage support -- see doc/Testing.md,[],Autotool,0,241,241
744,servalproject/serval-dna,https://github.com/servalproject/serval-dna/blob/029adc177f7d86572bd34495003ae529ec67c41c/java-api/Makefile.in#L1,"# Makefile.in for Serval DNA Java API
# vim: noet ts=8 sts=0 sw=8",[],Autotool,0,1,2
744,servalproject/serval-dna,https://github.com/servalproject/serval-dna/blob/029adc177f7d86572bd34495003ae529ec67c41c/swift-client-api/Makefile.in#L1,"# Makefile.in for Serval DNA Swift API
# vim: noet ts=8 sts=0 sw=8",[],Autotool,0,1,2
744,servalproject/serval-dna,https://github.com/servalproject/serval-dna/blob/029adc177f7d86572bd34495003ae529ec67c41c/swift-client-api/Makefile.in#L42,"# The Swift 3 package manager --chdir option was replaced with --package-path
# in Swift 4, so to support both, avoid the options altogether and use ""cd
# package-dir && swift build"" instead.",[],Autotool,0,42,44
744,servalproject/serval-dna,https://github.com/servalproject/serval-dna/blob/029adc177f7d86572bd34495003ae529ec67c41c/config.h.in#L1,/* config.h.in.  Generated from configure.ac by autoheader.  */,[],Autotool,0,1,1
744,servalproject/serval-dna,https://github.com/servalproject/serval-dna/blob/029adc177f7d86572bd34495003ae529ec67c41c/config.h.in#L3,/* Define to 1 if the acosf() function is available. */,[],Autotool,0,3,3
744,servalproject/serval-dna,https://github.com/servalproject/serval-dna/blob/029adc177f7d86572bd34495003ae529ec67c41c/config.h.in#L6,/* Define to 1 if you have the <arpa/inet.h> header file. */,[],Autotool,0,6,6
744,servalproject/serval-dna,https://github.com/servalproject/serval-dna/blob/029adc177f7d86572bd34495003ae529ec67c41c/config.h.in#L9,/* Define to 1 if the asinf() function is available. */,[],Autotool,0,9,9
744,servalproject/serval-dna,https://github.com/servalproject/serval-dna/blob/029adc177f7d86572bd34495003ae529ec67c41c/config.h.in#L12,/* Define to 1 if the atan2f() function is available. */,[],Autotool,0,12,12
744,servalproject/serval-dna,https://github.com/servalproject/serval-dna/blob/029adc177f7d86572bd34495003ae529ec67c41c/config.h.in#L15,/* Define to 1 if the atanf() function is available. */,[],Autotool,0,15,15
744,servalproject/serval-dna,https://github.com/servalproject/serval-dna/blob/029adc177f7d86572bd34495003ae529ec67c41c/config.h.in#L18,/* Define to 1 if you have the `bcmp' function. */,[],Autotool,0,18,18
744,servalproject/serval-dna,https://github.com/servalproject/serval-dna/blob/029adc177f7d86572bd34495003ae529ec67c41c/config.h.in#L21,/* Define to 1 if you have the `bcopy' function. */,[],Autotool,0,21,21
744,servalproject/serval-dna,https://github.com/servalproject/serval-dna/blob/029adc177f7d86572bd34495003ae529ec67c41c/config.h.in#L24,/* Define to 1 if you have the `bzero' function. */,[],Autotool,0,24,24
744,servalproject/serval-dna,https://github.com/servalproject/serval-dna/blob/029adc177f7d86572bd34495003ae529ec67c41c/config.h.in#L27,/* Define to 1 if the ceilf() function is available. */,[],Autotool,0,27,27
744,servalproject/serval-dna,https://github.com/servalproject/serval-dna/blob/029adc177f7d86572bd34495003ae529ec67c41c/config.h.in#L30,/* Define to 1 if the cosf() function is available. */,[],Autotool,0,30,30
744,servalproject/serval-dna,https://github.com/servalproject/serval-dna/blob/029adc177f7d86572bd34495003ae529ec67c41c/config.h.in#L33,/* Define to 1 if you have the <errno.h> header file. */,[],Autotool,0,33,33
744,servalproject/serval-dna,https://github.com/servalproject/serval-dna/blob/029adc177f7d86572bd34495003ae529ec67c41c/config.h.in#L36,/* Define to 1 if the expf() function is available. */,[],Autotool,0,36,36
744,servalproject/serval-dna,https://github.com/servalproject/serval-dna/blob/029adc177f7d86572bd34495003ae529ec67c41c/config.h.in#L39,/* Define to 1 if you have the <float.h> header file. */,[],Autotool,0,39,39
744,servalproject/serval-dna,https://github.com/servalproject/serval-dna/blob/029adc177f7d86572bd34495003ae529ec67c41c/config.h.in#L42,/* Define to 1 if the floorf() function is available. */,[],Autotool,0,42,42
744,servalproject/serval-dna,https://github.com/servalproject/serval-dna/blob/029adc177f7d86572bd34495003ae529ec67c41c/config.h.in#L45,/* Define to 1 if the system has the `aligned' function attribute */,[],Autotool,0,45,45
744,servalproject/serval-dna,https://github.com/servalproject/serval-dna/blob/029adc177f7d86572bd34495003ae529ec67c41c/config.h.in#L48,/* Define to 1 if the system has the `alloc_size' function attribute */,[],Autotool,0,48,48
744,servalproject/serval-dna,https://github.com/servalproject/serval-dna/blob/029adc177f7d86572bd34495003ae529ec67c41c/config.h.in#L51,/* Define to 1 if the system has the `error' function attribute */,[],Autotool,0,51,51
744,servalproject/serval-dna,https://github.com/servalproject/serval-dna/blob/029adc177f7d86572bd34495003ae529ec67c41c/config.h.in#L54,/* Define to 1 if the system has the `format' function attribute */,[],Autotool,0,54,54
744,servalproject/serval-dna,https://github.com/servalproject/serval-dna/blob/029adc177f7d86572bd34495003ae529ec67c41c/config.h.in#L57,/* Define to 1 if the system has the `malloc' function attribute */,[],Autotool,0,57,57
744,servalproject/serval-dna,https://github.com/servalproject/serval-dna/blob/029adc177f7d86572bd34495003ae529ec67c41c/config.h.in#L60,/* Define to 1 if the system has the `unused' function attribute */,[],Autotool,0,60,60
744,servalproject/serval-dna,https://github.com/servalproject/serval-dna/blob/029adc177f7d86572bd34495003ae529ec67c41c/config.h.in#L63,/* Define to 1 if the system has the `used' function attribute */,[],Autotool,0,63,63
744,servalproject/serval-dna,https://github.com/servalproject/serval-dna/blob/029adc177f7d86572bd34495003ae529ec67c41c/config.h.in#L66,/* Define to 1 if you have the `getpeereid' function. */,[],Autotool,0,66,66
744,servalproject/serval-dna,https://github.com/servalproject/serval-dna/blob/029adc177f7d86572bd34495003ae529ec67c41c/config.h.in#L69,/* Define to 1 if you have the `gettid' function. */,[],Autotool,0,69,69
744,servalproject/serval-dna,https://github.com/servalproject/serval-dna/blob/029adc177f7d86572bd34495003ae529ec67c41c/config.h.in#L72,/* Define to 1 if you have the <ifaddrs.h> header file. */,[],Autotool,0,72,72
744,servalproject/serval-dna,https://github.com/servalproject/serval-dna/blob/029adc177f7d86572bd34495003ae529ec67c41c/config.h.in#L75,/* Define to 1 if you have the <inttypes.h> header file. */,[],Autotool,0,75,75
744,servalproject/serval-dna,https://github.com/servalproject/serval-dna/blob/029adc177f7d86572bd34495003ae529ec67c41c/config.h.in#L78,/* Define to 1 if you have the <jni.h> header file. */,[],Autotool,0,78,78
744,servalproject/serval-dna,https://github.com/servalproject/serval-dna/blob/029adc177f7d86572bd34495003ae529ec67c41c/config.h.in#L81,/* Define to 1 if you have the `c' library (-lc). */,[],Autotool,0,81,81
744,servalproject/serval-dna,https://github.com/servalproject/serval-dna/blob/029adc177f7d86572bd34495003ae529ec67c41c/config.h.in#L84,/* Define to 1 if you have the `rt' library (-lrt). */,[],Autotool,0,84,84
744,servalproject/serval-dna,https://github.com/servalproject/serval-dna/blob/029adc177f7d86572bd34495003ae529ec67c41c/config.h.in#L87,/* Define to 1 if you have the <linux/if.h> header file. */,[],Autotool,0,87,87
744,servalproject/serval-dna,https://github.com/servalproject/serval-dna/blob/029adc177f7d86572bd34495003ae529ec67c41c/config.h.in#L90,/* Define to 1 if you have the <linux/ioctl.h> header file. */,[],Autotool,0,90,90
744,servalproject/serval-dna,https://github.com/servalproject/serval-dna/blob/029adc177f7d86572bd34495003ae529ec67c41c/config.h.in#L93,/* Define to 1 if you have the <linux/netlink.h> header file. */,[],Autotool,0,93,93
744,servalproject/serval-dna,https://github.com/servalproject/serval-dna/blob/029adc177f7d86572bd34495003ae529ec67c41c/config.h.in#L96,/* Define to 1 if you have the <linux/rtnetlink.h> header file. */,[],Autotool,0,96,96
744,servalproject/serval-dna,https://github.com/servalproject/serval-dna/blob/029adc177f7d86572bd34495003ae529ec67c41c/config.h.in#L99,/* Linux threads are supported - gettid(2) and tgkill(2). */,[],Autotool,0,99,99
744,servalproject/serval-dna,https://github.com/servalproject/serval-dna/blob/029adc177f7d86572bd34495003ae529ec67c41c/config.h.in#L102,/* Define to 1 if the log10f() function is available. */,[],Autotool,0,102,102
744,servalproject/serval-dna,https://github.com/servalproject/serval-dna/blob/029adc177f7d86572bd34495003ae529ec67c41c/config.h.in#L105,/* Define to 1 if the logf() function is available. */,[],Autotool,0,105,105
744,servalproject/serval-dna,https://github.com/servalproject/serval-dna/blob/029adc177f7d86572bd34495003ae529ec67c41c/config.h.in#L108,/* Define to 1 if you have the `lseek64' function. */,[],Autotool,0,108,108
744,servalproject/serval-dna,https://github.com/servalproject/serval-dna/blob/029adc177f7d86572bd34495003ae529ec67c41c/config.h.in#L111,/* Define to 1 if you have the <math.h> header file. */,[],Autotool,0,111,111
744,servalproject/serval-dna,https://github.com/servalproject/serval-dna/blob/029adc177f7d86572bd34495003ae529ec67c41c/config.h.in#L114,/* Define to 1 if you have the <memory.h> header file. */,[],Autotool,0,114,114
744,servalproject/serval-dna,https://github.com/servalproject/serval-dna/blob/029adc177f7d86572bd34495003ae529ec67c41c/config.h.in#L117,/* Define to 1 if you have the <netdb.h> header file. */,[],Autotool,0,117,117
744,servalproject/serval-dna,https://github.com/servalproject/serval-dna/blob/029adc177f7d86572bd34495003ae529ec67c41c/config.h.in#L120,/* Define to 1 if you have the <netinet/in.h> header file. */,[],Autotool,0,120,120
744,servalproject/serval-dna,https://github.com/servalproject/serval-dna/blob/029adc177f7d86572bd34495003ae529ec67c41c/config.h.in#L123,/* Define to 1 if you have the <net/if.h> header file. */,[],Autotool,0,123,123
744,servalproject/serval-dna,https://github.com/servalproject/serval-dna/blob/029adc177f7d86572bd34495003ae529ec67c41c/config.h.in#L126,/* Define to 1 if you have the <net/route.h> header file. */,[],Autotool,0,126,126
744,servalproject/serval-dna,https://github.com/servalproject/serval-dna/blob/029adc177f7d86572bd34495003ae529ec67c41c/config.h.in#L129,/* Define to 1 if the system has the type `off64_t'. */,[],Autotool,0,129,129
744,servalproject/serval-dna,https://github.com/servalproject/serval-dna/blob/029adc177f7d86572bd34495003ae529ec67c41c/config.h.in#L132,/* Define to 1 if you have the <poll.h> header file. */,[],Autotool,0,132,132
744,servalproject/serval-dna,https://github.com/servalproject/serval-dna/blob/029adc177f7d86572bd34495003ae529ec67c41c/config.h.in#L135,/* Define to 1 if the powf() function is available. */,[],Autotool,0,135,135
744,servalproject/serval-dna,https://github.com/servalproject/serval-dna/blob/029adc177f7d86572bd34495003ae529ec67c41c/config.h.in#L138,/* Define to 1 if you have the <signal.h> header file. */,[],Autotool,0,138,138
744,servalproject/serval-dna,https://github.com/servalproject/serval-dna/blob/029adc177f7d86572bd34495003ae529ec67c41c/config.h.in#L141,/* Define to 1 if the sinf() function is available. */,[],Autotool,0,141,141
744,servalproject/serval-dna,https://github.com/servalproject/serval-dna/blob/029adc177f7d86572bd34495003ae529ec67c41c/config.h.in#L144,/* Define to 1 if you have the <stdint.h> header file. */,[],Autotool,0,144,144
744,servalproject/serval-dna,https://github.com/servalproject/serval-dna/blob/029adc177f7d86572bd34495003ae529ec67c41c/config.h.in#L147,/* Define to 1 if you have the <stdio.h> header file. */,[],Autotool,0,147,147
744,servalproject/serval-dna,https://github.com/servalproject/serval-dna/blob/029adc177f7d86572bd34495003ae529ec67c41c/config.h.in#L150,/* Define to 1 if you have the <stdlib.h> header file. */,[],Autotool,0,150,150
744,servalproject/serval-dna,https://github.com/servalproject/serval-dna/blob/029adc177f7d86572bd34495003ae529ec67c41c/config.h.in#L153,/* Define to 1 if the system has the `fallthrough' statement attribute */,[],Autotool,0,153,153
744,servalproject/serval-dna,https://github.com/servalproject/serval-dna/blob/029adc177f7d86572bd34495003ae529ec67c41c/config.h.in#L156,/* Define to 1 if you have the <strings.h> header file. */,[],Autotool,0,156,156
744,servalproject/serval-dna,https://github.com/servalproject/serval-dna/blob/029adc177f7d86572bd34495003ae529ec67c41c/config.h.in#L159,/* Define to 1 if you have the <string.h> header file. */,[],Autotool,0,159,159
744,servalproject/serval-dna,https://github.com/servalproject/serval-dna/blob/029adc177f7d86572bd34495003ae529ec67c41c/config.h.in#L162,/* Define to 1 if the strlcpy() function is available. */,[],Autotool,0,162,162
744,servalproject/serval-dna,https://github.com/servalproject/serval-dna/blob/029adc177f7d86572bd34495003ae529ec67c41c/config.h.in#L165,/* Define to 1 if you have the <sys/byteorder.h> header file. */,[],Autotool,0,165,165
744,servalproject/serval-dna,https://github.com/servalproject/serval-dna/blob/029adc177f7d86572bd34495003ae529ec67c41c/config.h.in#L168,/* Define to 1 if you have the <sys/endian.h> header file. */,[],Autotool,0,168,168
744,servalproject/serval-dna,https://github.com/servalproject/serval-dna/blob/029adc177f7d86572bd34495003ae529ec67c41c/config.h.in#L171,/* Define to 1 if you have the <sys/filio.h> header file. */,[],Autotool,0,171,171
744,servalproject/serval-dna,https://github.com/servalproject/serval-dna/blob/029adc177f7d86572bd34495003ae529ec67c41c/config.h.in#L174,/* Define to 1 if you have the <sys/mman.h> header file. */,[],Autotool,0,174,174
744,servalproject/serval-dna,https://github.com/servalproject/serval-dna/blob/029adc177f7d86572bd34495003ae529ec67c41c/config.h.in#L177,/* Define to 1 if you have the <sys/socket.h> header file. */,[],Autotool,0,177,177
744,servalproject/serval-dna,https://github.com/servalproject/serval-dna/blob/029adc177f7d86572bd34495003ae529ec67c41c/config.h.in#L180,/* Define to 1 if you have the <sys/sockio.h> header file. */,[],Autotool,0,180,180
744,servalproject/serval-dna,https://github.com/servalproject/serval-dna/blob/029adc177f7d86572bd34495003ae529ec67c41c/config.h.in#L183,/* Define to 1 if you have the <sys/statvfs.h> header file. */,[],Autotool,0,183,183
744,servalproject/serval-dna,https://github.com/servalproject/serval-dna/blob/029adc177f7d86572bd34495003ae529ec67c41c/config.h.in#L186,/* Define to 1 if you have the <sys/stat.h> header file. */,[],Autotool,0,186,186
744,servalproject/serval-dna,https://github.com/servalproject/serval-dna/blob/029adc177f7d86572bd34495003ae529ec67c41c/config.h.in#L189,/* Define to 1 if you have the <sys/time.h> header file. */,[],Autotool,0,189,189
744,servalproject/serval-dna,https://github.com/servalproject/serval-dna/blob/029adc177f7d86572bd34495003ae529ec67c41c/config.h.in#L192,/* Define to 1 if you have the <sys/types.h> header file. */,[],Autotool,0,192,192
744,servalproject/serval-dna,https://github.com/servalproject/serval-dna/blob/029adc177f7d86572bd34495003ae529ec67c41c/config.h.in#L195,/* Define to 1 if you have the <sys/ucred.h> header file. */,[],Autotool,0,195,195
744,servalproject/serval-dna,https://github.com/servalproject/serval-dna/blob/029adc177f7d86572bd34495003ae529ec67c41c/config.h.in#L198,/* Define to 1 if you have the <sys/vfs.h> header file. */,[],Autotool,0,198,198
744,servalproject/serval-dna,https://github.com/servalproject/serval-dna/blob/029adc177f7d86572bd34495003ae529ec67c41c/config.h.in#L201,/* Define to 1 if the tanf() function is available. */,[],Autotool,0,201,201
744,servalproject/serval-dna,https://github.com/servalproject/serval-dna/blob/029adc177f7d86572bd34495003ae529ec67c41c/config.h.in#L204,/* Define to 1 if you have the `tgkill' function. */,[],Autotool,0,204,204
744,servalproject/serval-dna,https://github.com/servalproject/serval-dna/blob/029adc177f7d86572bd34495003ae529ec67c41c/config.h.in#L207,/* Define to 1 if you have the <ucred.h> header file. */,[],Autotool,0,207,207
744,servalproject/serval-dna,https://github.com/servalproject/serval-dna/blob/029adc177f7d86572bd34495003ae529ec67c41c/config.h.in#L210,/* Define to 1 if you have the <unistd.h> header file. */,[],Autotool,0,210,210
744,servalproject/serval-dna,https://github.com/servalproject/serval-dna/blob/029adc177f7d86572bd34495003ae529ec67c41c/config.h.in#L213,/* Define to 1 if the system has the `section' variable attribute */,[],Autotool,0,213,213
744,servalproject/serval-dna,https://github.com/servalproject/serval-dna/blob/029adc177f7d86572bd34495003ae529ec67c41c/config.h.in#L216,/* Define to 1 if the system has the `section_seg' variable attribute */,[],Autotool,0,216,216
744,servalproject/serval-dna,https://github.com/servalproject/serval-dna/blob/029adc177f7d86572bd34495003ae529ec67c41c/config.h.in#L219,/* default instance path */,[],Autotool,0,219,219
744,servalproject/serval-dna,https://github.com/servalproject/serval-dna/blob/029adc177f7d86572bd34495003ae529ec67c41c/config.h.in#L222,/* Define to the address where bug reports for this package should be sent. */,[],Autotool,0,222,222
744,servalproject/serval-dna,https://github.com/servalproject/serval-dna/blob/029adc177f7d86572bd34495003ae529ec67c41c/config.h.in#L225,/* Define to the full name of this package. */,[],Autotool,0,225,225
744,servalproject/serval-dna,https://github.com/servalproject/serval-dna/blob/029adc177f7d86572bd34495003ae529ec67c41c/config.h.in#L228,/* Define to the full name and version of this package. */,[],Autotool,0,228,228
744,servalproject/serval-dna,https://github.com/servalproject/serval-dna/blob/029adc177f7d86572bd34495003ae529ec67c41c/config.h.in#L231,/* Define to the one symbol short name of this package. */,[],Autotool,0,231,231
744,servalproject/serval-dna,https://github.com/servalproject/serval-dna/blob/029adc177f7d86572bd34495003ae529ec67c41c/config.h.in#L234,/* Define to the home page for this package. */,[],Autotool,0,234,234
744,servalproject/serval-dna,https://github.com/servalproject/serval-dna/blob/029adc177f7d86572bd34495003ae529ec67c41c/config.h.in#L237,/* Define to the version of this package. */,[],Autotool,0,237,237
744,servalproject/serval-dna,https://github.com/servalproject/serval-dna/blob/029adc177f7d86572bd34495003ae529ec67c41c/config.h.in#L240,/* default Rhizome store directory */,[],Autotool,0,240,240
744,servalproject/serval-dna,https://github.com/servalproject/serval-dna/blob/029adc177f7d86572bd34495003ae529ec67c41c/config.h.in#L243,/* default config directory */,[],Autotool,0,243,243
744,servalproject/serval-dna,https://github.com/servalproject/serval-dna/blob/029adc177f7d86572bd34495003ae529ec67c41c/config.h.in#L246,/* default log directory */,[],Autotool,0,246,246
744,servalproject/serval-dna,https://github.com/servalproject/serval-dna/blob/029adc177f7d86572bd34495003ae529ec67c41c/config.h.in#L249,/* default run directory */,[],Autotool,0,249,249
744,servalproject/serval-dna,https://github.com/servalproject/serval-dna/blob/029adc177f7d86572bd34495003ae529ec67c41c/config.h.in#L252,/* default Serval tmp directory */,[],Autotool,0,252,252
744,servalproject/serval-dna,https://github.com/servalproject/serval-dna/blob/029adc177f7d86572bd34495003ae529ec67c41c/config.h.in#L255,"/* The size of `off_t', as computed by sizeof. */",[],Autotool,0,255,255
744,servalproject/serval-dna,https://github.com/servalproject/serval-dna/blob/029adc177f7d86572bd34495003ae529ec67c41c/config.h.in#L258,/* Define to 1 if you have the ANSI C header files. */,[],Autotool,0,258,258
744,servalproject/serval-dna,https://github.com/servalproject/serval-dna/blob/029adc177f7d86572bd34495003ae529ec67c41c/config.h.in#L261,/* default system log directory */,[],Autotool,0,261,261
744,servalproject/serval-dna,https://github.com/servalproject/serval-dna/blob/029adc177f7d86572bd34495003ae529ec67c41c/config.h.in#L264,/* Use abstract namespace sockets for local communication. */,[],Autotool,0,264,264
744,servalproject/serval-dna,https://github.com/servalproject/serval-dna/blob/029adc177f7d86572bd34495003ae529ec67c41c/configure.ac#L1,"dnl Process this file with autoconf to produce a configure script.
dnl vim:filetype=m4",[],Autotool,0,1,2
744,servalproject/serval-dna,https://github.com/servalproject/serval-dna/blob/029adc177f7d86572bd34495003ae529ec67c41c/configure.ac#L7,"dnl Specify cross compilation using Xcode.
dnl Sets $enable_xcode_sdk to ARG if the --enable-xcode-sdk=ARG option is given.
dnl The --host flag must specify a compilation target that 'apple' as the vendor.
dnl See below for more details.",[],Autotool,0,7,10
744,servalproject/serval-dna,https://github.com/servalproject/serval-dna/blob/029adc177f7d86572bd34495003ae529ec67c41c/configure.ac#L13,dnl Specify toolchain programs.,[],Autotool,0,13,13
744,servalproject/serval-dna,https://github.com/servalproject/serval-dna/blob/029adc177f7d86572bd34495003ae529ec67c41c/configure.ac#L17,dnl Specify the Swift compiler,[],Autotool,0,17,17
744,servalproject/serval-dna,https://github.com/servalproject/serval-dna/blob/029adc177f7d86572bd34495003ae529ec67c41c/configure.ac#L21,dnl Specify default instance path,[],Autotool,0,21,21
744,servalproject/serval-dna,https://github.com/servalproject/serval-dna/blob/029adc177f7d86572bd34495003ae529ec67c41c/configure.ac#L25,dnl Specify default Serval config directory,[],Autotool,0,25,25
744,servalproject/serval-dna,https://github.com/servalproject/serval-dna/blob/029adc177f7d86572bd34495003ae529ec67c41c/configure.ac#L29,dnl Specify default Serval run directory,[],Autotool,0,29,29
744,servalproject/serval-dna,https://github.com/servalproject/serval-dna/blob/029adc177f7d86572bd34495003ae529ec67c41c/configure.ac#L33,dnl Specify default Serval log directory,[],Autotool,0,33,33
744,servalproject/serval-dna,https://github.com/servalproject/serval-dna/blob/029adc177f7d86572bd34495003ae529ec67c41c/configure.ac#L37,dnl Specify default system log directory,[],Autotool,0,37,37
744,servalproject/serval-dna,https://github.com/servalproject/serval-dna/blob/029adc177f7d86572bd34495003ae529ec67c41c/configure.ac#L41,dnl Specify default Serval tmp directory,[],Autotool,0,41,41
744,servalproject/serval-dna,https://github.com/servalproject/serval-dna/blob/029adc177f7d86572bd34495003ae529ec67c41c/configure.ac#L45,dnl Specify default Rhizome store directory,[],Autotool,0,45,45
744,servalproject/serval-dna,https://github.com/servalproject/serval-dna/blob/029adc177f7d86572bd34495003ae529ec67c41c/configure.ac#L49,"dnl Set $build, $build_cpu, $build_vendor, $build_os to reflect the native
dnl platform (the one on which the build is being performed), either from the
dnl --build option, or by running config.guess.",[],Autotool,0,49,51
744,servalproject/serval-dna,https://github.com/servalproject/serval-dna/blob/029adc177f7d86572bd34495003ae529ec67c41c/configure.ac#L54,"dnl Set $host, $host_cpu, $host_vendor, $host_os, either from --host option
dnl (cross compilation), or falling back to $build (native compilation).",[],Autotool,0,54,55
744,servalproject/serval-dna,https://github.com/servalproject/serval-dna/blob/029adc177f7d86572bd34495003ae529ec67c41c/configure.ac#L58,"dnl On Apple platforms, the development toolchain is provided by Xcode, which has a
dnl set of ""cross compilation"" SDKs for the different Apple operating systems such as
dnl Mac OSX, iPhoneOS (aka iOS), WatchOS, etc.  In addition, each Mac OSX development
dnl system provides its own ""native"" SDK (libraries + headers) which is not one of
dnl Xcode's listed SDKs and may be completely different from Xcode's MacOSX SDK.
dnl
dnl To enable cross-compilation on Apple systems, pass the following options to the
dnl configure script:
dnl
dnl     ./configure --host=<cpu>-apple-darwin --enable-xcode-sdk=<sdk>
dnl
dnl where <sdk> is case insensitive and may or may not contain a version number
dnl suffix, eg:
dnl     ./configure --host=armv7-xcode-darwin --enable-xcode-sdk=iPhoneOS
dnl     ./configure --host=x86_64-xcode-darwin --enable-xcode-sdk=macosx10.12
dnl
dnl Note that if no --host option is given, AC_CANONICAL_HOST will set the 'cpu' part
dnl of $host to the native build CPU.
dnl
dnl Note that passing --enable-xcode-sdk=macosx without a --host option will result
dnl in a build for Mac OSX that will only execute natively if the MacOSX SDK in Xcode
dnl exactly matches the version of OSX that is running natively.  Otherwise, the
dnl executables will probably fail to dynamically link with the native libraries at
dnl run time, with errors like:
dnl     dyld: Symbol not found: _OBJC_CLASS_$_OS_dispatch_semaphore
dnl
dnl The configure script invokes the xcodebuild utility to resolve the 'os' part
dnl to the full name of the SDK supported by Xcode, with version suffix, and sets
dnl $host to <cpu>-apple-<sdk><sdkversion>.  If the SDK named in --host is not
dnl available in Xcode, then the configure script fails with an error.
dnl",[],Autotool,0,58,88
744,servalproject/serval-dna,https://github.com/servalproject/serval-dna/blob/029adc177f7d86572bd34495003ae529ec67c41c/configure.ac#L93,dnl,[],Autotool,42,93,93
744,servalproject/serval-dna,https://github.com/servalproject/serval-dna/blob/029adc177f7d86572bd34495003ae529ec67c41c/configure.ac#L94,dnl,[],Autotool,46,94,94
744,servalproject/serval-dna,https://github.com/servalproject/serval-dna/blob/029adc177f7d86572bd34495003ae529ec67c41c/configure.ac#L98,dnl Query Xcode for an SDK that matches the one specified by the --enable-xcode-sdk flag.,[],Autotool,4,98,98
744,servalproject/serval-dna,https://github.com/servalproject/serval-dna/blob/029adc177f7d86572bd34495003ae529ec67c41c/configure.ac#L103,dnl,[],Autotool,63,103,103
744,servalproject/serval-dna,https://github.com/servalproject/serval-dna/blob/029adc177f7d86572bd34495003ae529ec67c41c/configure.ac#L120,dnl Map the CPU name from the one used by config.sub to the one used by Xcode.,[],Autotool,4,120,120
744,servalproject/serval-dna,https://github.com/servalproject/serval-dna/blob/029adc177f7d86572bd34495003ae529ec67c41c/configure.ac#L125,"dnl If building for Mac OS-X or iPhoneOS, then make sure all C source files are
dnl compiled with a consistent target, to avoid warnings about inconsistent
dnl versions at link time, such as:
dnl
dnl     ld: warning: object file (libservaldaemon.a(libsodium_la-crypto_sign.o)) was
dnl     built for newer OSX version (10.12) than being linked (10.10)
dnl",[],Autotool,4,125,131
744,servalproject/serval-dna,https://github.com/servalproject/serval-dna/blob/029adc177f7d86572bd34495003ae529ec67c41c/configure.ac#L139,dnl,[],Autotool,5,139,139
744,servalproject/serval-dna,https://github.com/servalproject/serval-dna/blob/029adc177f7d86572bd34495003ae529ec67c41c/configure.ac#L140,dnl Check for C99 compiler and preprocessor.,[],Autotool,4,140,140
744,servalproject/serval-dna,https://github.com/servalproject/serval-dna/blob/029adc177f7d86572bd34495003ae529ec67c41c/configure.ac#L144,dnl Check for library creation tools.,[],Autotool,4,144,144
744,servalproject/serval-dna,https://github.com/servalproject/serval-dna/blob/029adc177f7d86572bd34495003ae529ec67c41c/configure.ac#L150,dnl C preprocessor option to support cross-compiling.,[],Autotool,4,150,150
744,servalproject/serval-dna,https://github.com/servalproject/serval-dna/blob/029adc177f7d86572bd34495003ae529ec67c41c/configure.ac#L154,dnl Check for C assembler.,[],Autotool,0,154,154
744,servalproject/serval-dna,https://github.com/servalproject/serval-dna/blob/029adc177f7d86572bd34495003ae529ec67c41c/configure.ac#L157,dnl Check for a Swift 3 or 4 compiler; set SWIFTC if found.,[],Autotool,0,157,157
744,servalproject/serval-dna,https://github.com/servalproject/serval-dna/blob/029adc177f7d86572bd34495003ae529ec67c41c/configure.ac#L160,dnl,[],Autotool,32,160,160
744,servalproject/serval-dna,https://github.com/servalproject/serval-dna/blob/029adc177f7d86572bd34495003ae529ec67c41c/configure.ac#L161,"dnl Discover the Swift compiler's target, which is determined by the --host option
dnl in an Xcode cross build, and is its default target for a native build (which
dnl may be affected by $SWIFTCFLAGS).",[],Autotool,4,161,163
744,servalproject/serval-dna,https://github.com/servalproject/serval-dna/blob/029adc177f7d86572bd34495003ae529ec67c41c/configure.ac#L166,"dnl Swift SDK names differ a little from Xcode names: iPhoneOS and iPhoneSimulator
dnl are both represented as ios.",[],Autotool,4,166,167
744,servalproject/serval-dna,https://github.com/servalproject/serval-dna/blob/029adc177f7d86572bd34495003ae529ec67c41c/configure.ac#L177,"dnl In a build for Mac OSX (native or cross), ensure that the Swift target is high
dnl enough to create a Swift package, which were not supported before Mac OSX 10.10.",[],Autotool,4,177,178
744,servalproject/serval-dna,https://github.com/servalproject/serval-dna/blob/029adc177f7d86572bd34495003ae529ec67c41c/configure.ac#L181,dnl,[],Autotool,31,181,181
744,servalproject/serval-dna,https://github.com/servalproject/serval-dna/blob/029adc177f7d86572bd34495003ae529ec67c41c/configure.ac#L183,dnl,[],Autotool,82,183,183
744,servalproject/serval-dna,https://github.com/servalproject/serval-dna/blob/029adc177f7d86572bd34495003ae529ec67c41c/configure.ac#L191,"dnl Check whether the Swift compiler will compile a simple Swift 4 program with the supplied flags.
dnl If not, report failure but keep going.",[],Autotool,4,191,192
744,servalproject/serval-dna,https://github.com/servalproject/serval-dna/blob/029adc177f7d86572bd34495003ae529ec67c41c/configure.ac#L194,dnl,[],Autotool,78,194,194
744,servalproject/serval-dna,https://github.com/servalproject/serval-dna/blob/029adc177f7d86572bd34495003ae529ec67c41c/configure.ac#L196,dnl,[],Autotool,82,196,196
744,servalproject/serval-dna,https://github.com/servalproject/serval-dna/blob/029adc177f7d86572bd34495003ae529ec67c41c/configure.ac#L203,"dnl Set up the Swift compiler for cross compilation; invoke it using the Xcode xcrun wrapper
dnl utility and add the -target option to SWIFTCFLAGS (if the user has already supplied a
dnl -target option in SWIFTCFLAGS, then this prepended one will take precedence).",[],Autotool,4,203,205
744,servalproject/serval-dna,https://github.com/servalproject/serval-dna/blob/029adc177f7d86572bd34495003ae529ec67c41c/configure.ac#L210,"dnl Check for a working Swift package manager, keep going if unsuccessful.",[],Autotool,0,210,210
744,servalproject/serval-dna,https://github.com/servalproject/serval-dna/blob/029adc177f7d86572bd34495003ae529ec67c41c/configure.ac#L215,dnl Swift definitions that get expanded in Makefiles.,[],Autotool,0,215,215
744,servalproject/serval-dna,https://github.com/servalproject/serval-dna/blob/029adc177f7d86572bd34495003ae529ec67c41c/configure.ac#L221,"dnl The C compilation and linking flags used in all Makefiles and all the following
dnl configuration tests.",[],Autotool,0,221,222
744,servalproject/serval-dna,https://github.com/servalproject/serval-dna/blob/029adc177f7d86572bd34495003ae529ec67c41c/configure.ac#L227,"dnl Extra toolchain definitions that get expanded in Makefiles (CC, CCAS, etc. are already
dnl expanded by default).",[],Autotool,0,227,228
744,servalproject/serval-dna,https://github.com/servalproject/serval-dna/blob/029adc177f7d86572bd34495003ae529ec67c41c/configure.ac#L231,dnl Various GCC function and variable attributes,[],Autotool,0,231,231
744,servalproject/serval-dna,https://github.com/servalproject/serval-dna/blob/029adc177f7d86572bd34495003ae529ec67c41c/configure.ac#L243,"dnl The default GNU linker (BFD) cannot relocate some symbols produced by the
dnl Swift compiler, so the gold linker is used to create dynamic libraries.
dnl See doc/Development.md for details.",[],Autotool,0,243,245
744,servalproject/serval-dna,https://github.com/servalproject/serval-dna/blob/029adc177f7d86572bd34495003ae529ec67c41c/configure.ac#L248,"dnl Early versions of GCC on Mac OS-X would fail without this flag, which soon
dnl became deprecated and eventually removed some time around 2015.",[],Autotool,0,248,249
744,servalproject/serval-dna,https://github.com/servalproject/serval-dna/blob/029adc177f7d86572bd34495003ae529ec67c41c/configure.ac#L252,"dnl Cause GCC to use pipes to connect the compilation stages using pipes instead
dnl of temporary files.",[],Autotool,0,252,253
744,servalproject/serval-dna,https://github.com/servalproject/serval-dna/blob/029adc177f7d86572bd34495003ae529ec67c41c/configure.ac#L256,dnl Suppress certain compiler warnings when compiling SQLite.,[],Autotool,0,256,256
744,servalproject/serval-dna,https://github.com/servalproject/serval-dna/blob/029adc177f7d86572bd34495003ae529ec67c41c/configure.ac#L274,dnl Math library functions for spandsp,[],Autotool,0,274,274
744,servalproject/serval-dna,https://github.com/servalproject/serval-dna/blob/029adc177f7d86572bd34495003ae529ec67c41c/configure.ac#L286,"dnl Check Java version, ditch Java if not adequate",[],Autotool,0,286,286
744,servalproject/serval-dna,https://github.com/servalproject/serval-dna/blob/029adc177f7d86572bd34495003ae529ec67c41c/configure.ac#L287,dnl,[],Autotool,28,287,287
744,servalproject/serval-dna,https://github.com/servalproject/serval-dna/blob/029adc177f7d86572bd34495003ae529ec67c41c/configure.ac#L288,dnl Discover the version of the Java compiler,[],Autotool,4,288,288
744,servalproject/serval-dna,https://github.com/servalproject/serval-dna/blob/029adc177f7d86572bd34495003ae529ec67c41c/configure.ac#L290,dnl Check that the Java compiler is modern enough,[],Autotool,4,290,290
744,servalproject/serval-dna,https://github.com/servalproject/serval-dna/blob/029adc177f7d86572bd34495003ae529ec67c41c/configure.ac#L293,dnl,[],Autotool,20,293,293
744,servalproject/serval-dna,https://github.com/servalproject/serval-dna/blob/029adc177f7d86572bd34495003ae529ec67c41c/configure.ac#L296,dnl,[],Autotool,17,296,296
744,servalproject/serval-dna,https://github.com/servalproject/serval-dna/blob/029adc177f7d86572bd34495003ae529ec67c41c/configure.ac#L302,dnl,[],Autotool,28,302,302
744,servalproject/serval-dna,https://github.com/servalproject/serval-dna/blob/029adc177f7d86572bd34495003ae529ec67c41c/configure.ac#L321,dnl Solaris hides nanosleep here,[],Autotool,0,321,321
744,servalproject/serval-dna,https://github.com/servalproject/serval-dna/blob/029adc177f7d86572bd34495003ae529ec67c41c/configure.ac#L328,dnl There must be a 64-bit seek(2) system call of some kind,[],Autotool,0,328,328
744,servalproject/serval-dna,https://github.com/servalproject/serval-dna/blob/029adc177f7d86572bd34495003ae529ec67c41c/configure.ac#L369,"#ifdef HAVE_SYS_SOCKET_H
#include <sys/socket.h>
#endif",[],Autotool,0,369,371
744,servalproject/serval-dna,https://github.com/servalproject/serval-dna/blob/029adc177f7d86572bd34495003ae529ec67c41c/configure.ac#L376,dnl Check if the Linux gettid() and tgkill() system calls are supported.,[],Autotool,0,376,376
744,servalproject/serval-dna,https://github.com/servalproject/serval-dna/blob/029adc177f7d86572bd34495003ae529ec67c41c/configure.ac#L382,"#include <unistd.h>
#include <sys/syscall.h>
#include <signal.h>",[],Autotool,16,382,384
744,servalproject/serval-dna,https://github.com/servalproject/serval-dna/blob/029adc177f7d86572bd34495003ae529ec67c41c/configure.ac#L394,dnl Lazy way of checking for Linux,[],Autotool,0,394,394
744,servalproject/serval-dna,https://github.com/servalproject/serval-dna/blob/029adc177f7d86572bd34495003ae529ec67c41c/configure.ac#L408,dnl Stack smashing protection is not available on all platforms,[],Autotool,0,408,408
744,servalproject/serval-dna,https://github.com/servalproject/serval-dna/blob/029adc177f7d86572bd34495003ae529ec67c41c/configure.ac#L427,dnl Some platforms still seem to lack the basic single precision trig and power related function.,[],Autotool,0,427,427
744,servalproject/serval-dna,https://github.com/servalproject/serval-dna/blob/029adc177f7d86572bd34495003ae529ec67c41c/configure.ac#L442,dnl Check for strlcpy (eg Ubuntu),[],Autotool,0,442,442
744,servalproject/serval-dna,https://github.com/servalproject/serval-dna/blob/029adc177f7d86572bd34495003ae529ec67c41c/configure.ac#L445,"dnl Put all the -DHAVE_BLAH=1 definitions into config.h instead of expanding
dnl them in @DEFS@ on the command-line of every compilation invoked by make.",[],Autotool,0,445,446
744,servalproject/serval-dna,https://github.com/servalproject/serval-dna/blob/029adc177f7d86572bd34495003ae529ec67c41c/configure.ac#L450,"dnl The entire libsodium source is in a subdirectory, and has its own configure
dnl script.  Invoke the configure script with the compilers and their flags.",[],Autotool,0,450,451
744,servalproject/serval-dna,https://github.com/servalproject/serval-dna/blob/029adc177f7d86572bd34495003ae529ec67c41c/configure.ac#L463,dnl Generate files.,[],Autotool,0,463,463
744,servalproject/serval-dna,https://github.com/servalproject/serval-dna/blob/029adc177f7d86572bd34495003ae529ec67c41c/libsodium/configure.ac#L23,"#                       | | |
#                +------+ | +---+
#                |        |     |
#             current:revision:age
#                |        |     |
#                |        |     +- increment if interfaces have been added
#                |        |        set to zero if interfaces have been removed
#                |        |        or changed
#                |        +- increment if source code has changed
#                |           set to zero if current is incremented
#                +- increment if interfaces have been added, removed or changed",[],Autotool,0,23,33
744,servalproject/serval-dna,https://github.com/servalproject/serval-dna/blob/029adc177f7d86572bd34495003ae529ec67c41c/libsodium/configure.ac#L42,dnl Path check,[],Autotool,0,42,42
744,servalproject/serval-dna,https://github.com/servalproject/serval-dna/blob/029adc177f7d86572bd34495003ae529ec67c41c/libsodium/configure.ac#L48,dnl Switches,[],Autotool,0,48,48
744,servalproject/serval-dna,https://github.com/servalproject/serval-dna/blob/029adc177f7d86572bd34495003ae529ec67c41c/libsodium/configure.ac#L177,dnl Checks,[],Autotool,0,177,177
744,servalproject/serval-dna,https://github.com/servalproject/serval-dna/blob/029adc177f7d86572bd34495003ae529ec67c41c/libsodium/configure.ac#L216,"#if !defined(__clang__) && defined(__GNUC__) && ((__GNUC__ << 8) | __GNUC_MINOR__) < 0x403
# error old gcc
#endif",[],Autotool,0,216,218
744,servalproject/serval-dna,https://github.com/servalproject/serval-dna/blob/029adc177f7d86572bd34495003ae529ec67c41c/libsodium/configure.ac#L334,dnl Checks for headers,[],Autotool,0,334,334
744,servalproject/serval-dna,https://github.com/servalproject/serval-dna/blob/029adc177f7d86572bd34495003ae529ec67c41c/libsodium/configure.ac#L519,"dnl Checks for typedefs, structures, and compiler characteristics.",[],Autotool,0,519,519
744,servalproject/serval-dna,https://github.com/servalproject/serval-dna/blob/029adc177f7d86572bd34495003ae529ec67c41c/libsodium/configure.ac#L733,dnl Checks for functions and headers,[],Autotool,0,733,733
744,servalproject/serval-dna,https://github.com/servalproject/serval-dna/blob/029adc177f7d86572bd34495003ae529ec67c41c/libsodium/configure.ac#L755,dnl Libtool.,[],Autotool,0,755,755
744,servalproject/serval-dna,https://github.com/servalproject/serval-dna/blob/029adc177f7d86572bd34495003ae529ec67c41c/libsodium/configure.ac#L761,dnl Output.,[],Autotool,0,761,761
744,servalproject/serval-dna,https://github.com/servalproject/serval-dna/blob/029adc177f7d86572bd34495003ae529ec67c41c/libsodium/configure.ac#L764,"#ifdef NDEBUG
#/**/undef/**/ NDEBUG
#endif])",[],Autotool,0,764,766
744,servalproject/serval-dna,https://github.com/servalproject/serval-dna/blob/029adc177f7d86572bd34495003ae529ec67c41c/libsodium/contrib/Findsodium.cmake#L1,"# Written in 2016 by Henrik Steffen Gaßmann <henrik@gassmann.onl>
#
# To the extent possible under law, the author(s) have dedicated all
# copyright and related and neighboring rights to this software to the
# public domain worldwide. This software is distributed without any warranty.
#
# You should have received a copy of the CC0 Public Domain Dedication
# along with this software. If not, see
#
#     http://creativecommons.org/publicdomain/zero/1.0/
#
########################################################################
# Tries to find the local libsodium installation.
#
# On Windows the sodium_DIR environment variable is used as a default
# hint which can be overridden by setting the corresponding cmake variable.
#
# Once done the following variables will be defined:
#
#   sodium_FOUND
#   sodium_INCLUDE_DIR
#   sodium_LIBRARY_DEBUG
#   sodium_LIBRARY_RELEASE
#
#
# Furthermore an imported ""sodium"" target is created.
#",[],CMake,0,1,27
744,servalproject/serval-dna,https://github.com/servalproject/serval-dna/blob/029adc177f7d86572bd34495003ae529ec67c41c/libsodium/contrib/Findsodium.cmake#L34,# static library option,[],CMake,0,34,34
744,servalproject/serval-dna,https://github.com/servalproject/serval-dna/blob/029adc177f7d86572bd34495003ae529ec67c41c/libsodium/contrib/Findsodium.cmake#L46,"########################################################################
# UNIX",[],CMake,0,46,47
744,servalproject/serval-dna,https://github.com/servalproject/serval-dna/blob/029adc177f7d86572bd34495003ae529ec67c41c/libsodium/contrib/Findsodium.cmake#L49,# import pkg-config,[],CMake,4,49,49
744,servalproject/serval-dna,https://github.com/servalproject/serval-dna/blob/029adc177f7d86572bd34495003ae529ec67c41c/libsodium/contrib/Findsodium.cmake#L72,"########################################################################
# Windows",[],CMake,0,72,73
744,servalproject/serval-dna,https://github.com/servalproject/serval-dna/blob/029adc177f7d86572bd34495003ae529ec67c41c/libsodium/contrib/Findsodium.cmake#L84,# detect target architecture,[],CMake,8,84,84
744,servalproject/serval-dna,https://github.com/servalproject/serval-dna/blob/029adc177f7d86572bd34495003ae529ec67c41c/libsodium/contrib/Findsodium.cmake#L98,# construct library path,[],CMake,8,98,98
744,servalproject/serval-dna,https://github.com/servalproject/serval-dna/blob/029adc177f7d86572bd34495003ae529ec67c41c/libsodium/contrib/Findsodium.cmake#L185,"########################################################################
# unsupported",[],CMake,0,185,186
744,servalproject/serval-dna,https://github.com/servalproject/serval-dna/blob/029adc177f7d86572bd34495003ae529ec67c41c/libsodium/contrib/Findsodium.cmake#L192,"########################################################################
# common stuff",[],CMake,0,192,193
744,servalproject/serval-dna,https://github.com/servalproject/serval-dna/blob/029adc177f7d86572bd34495003ae529ec67c41c/libsodium/contrib/Findsodium.cmake#L195,# extract sodium version,[],CMake,0,195,195
744,servalproject/serval-dna,https://github.com/servalproject/serval-dna/blob/029adc177f7d86572bd34495003ae529ec67c41c/libsodium/contrib/Findsodium.cmake#L206,# communicate results,[],CMake,0,206,206
744,servalproject/serval-dna,https://github.com/servalproject/serval-dna/blob/029adc177f7d86572bd34495003ae529ec67c41c/libsodium/contrib/Findsodium.cmake#L217,# mark file paths as advanced,[],CMake,0,217,217
744,servalproject/serval-dna,https://github.com/servalproject/serval-dna/blob/029adc177f7d86572bd34495003ae529ec67c41c/libsodium/contrib/Findsodium.cmake#L226,# create imported target,[],CMake,0,226,226
