repoIndex,repoName,linkLocation,comment,keywords,buildSysteminFile,charPosition,startLine,endLine
8340,googlecloudplatform/appengine-tck,https://github.com/googlecloudplatform/appengine-tck/blob/6ea21bec33ccea2649df187fac06799a63e02725/pom.xml#L1,"<!--
  ~ Copyright 2013 Google Inc. All Rights Reserved.
  ~ Licensed under the Apache License, Version 2.0 (the ""License"");
  ~ you may not use this file except in compliance with the License.
  ~ You may obtain a copy of the License at
  ~
  ~   http://www.apache.org/licenses/LICENSE-2.0
  ~
  ~ Unless required by applicable law or agreed to in writing, software
  ~ distributed under the License is distributed on an ""AS IS"" BASIS,
  ~ WITHOUT WARRANTIES OR CONDITIONS OF ANY KIND, either express or implied.
  ~ See the License for the specific language governing permissions and
  ~ limitations under the License.
  -->",[],Maven,0,1,14
8340,googlecloudplatform/appengine-tck,https://github.com/googlecloudplatform/appengine-tck/blob/6ea21bec33ccea2649df187fac06799a63e02725/pom.xml#L36,<!-- GAE -->,[],Maven,8,36,36
8340,googlecloudplatform/appengine-tck,https://github.com/googlecloudplatform/appengine-tck/blob/6ea21bec33ccea2649df187fac06799a63e02725/pom.xml#L40,<!-- Ext -->,[],Maven,8,40,40
8340,googlecloudplatform/appengine-tck,https://github.com/googlecloudplatform/appengine-tck/blob/6ea21bec33ccea2649df187fac06799a63e02725/pom.xml#L43,<!-- CapeDwarf -->,[],Maven,8,43,43
8340,googlecloudplatform/appengine-tck,https://github.com/googlecloudplatform/appengine-tck/blob/6ea21bec33ccea2649df187fac06799a63e02725/pom.xml#L47,<!-- Testing -->,[],Maven,8,47,47
8340,googlecloudplatform/appengine-tck,https://github.com/googlecloudplatform/appengine-tck/blob/6ea21bec33ccea2649df187fac06799a63e02725/pom.xml#L54,<!-- Byteman -->,[],Maven,8,54,54
8340,googlecloudplatform/appengine-tck,https://github.com/googlecloudplatform/appengine-tck/blob/6ea21bec33ccea2649df187fac06799a63e02725/pom.xml#L58,<!-- Utils -->,[],Maven,8,58,58
8340,googlecloudplatform/appengine-tck,https://github.com/googlecloudplatform/appengine-tck/blob/6ea21bec33ccea2649df187fac06799a63e02725/pom.xml#L64,<!--UnderTow / JSP -->,[],Maven,8,64,64
8340,googlecloudplatform/appengine-tck,https://github.com/googlecloudplatform/appengine-tck/blob/6ea21bec33ccea2649df187fac06799a63e02725/pom.xml#L72,<!-- TestUtils -->,[],Maven,8,72,72
8340,googlecloudplatform/appengine-tck,https://github.com/googlecloudplatform/appengine-tck/blob/6ea21bec33ccea2649df187fac06799a63e02725/pom.xml#L76,<!-- Maven -->,[],Maven,8,76,76
8340,googlecloudplatform/appengine-tck,https://github.com/googlecloudplatform/appengine-tck/blob/6ea21bec33ccea2649df187fac06799a63e02725/pom.xml#L80,<!-- Site -->,[],Maven,8,80,80
8340,googlecloudplatform/appengine-tck,https://github.com/googlecloudplatform/appengine-tck/blob/6ea21bec33ccea2649df187fac06799a63e02725/pom.xml#L88,<!-- Ext -->,[],Maven,8,88,88
8340,googlecloudplatform/appengine-tck,https://github.com/googlecloudplatform/appengine-tck/blob/6ea21bec33ccea2649df187fac06799a63e02725/pom.xml#L90,<!-- DataNucleus -->,[],Maven,8,90,90
8340,googlecloudplatform/appengine-tck,https://github.com/googlecloudplatform/appengine-tck/blob/6ea21bec33ccea2649df187fac06799a63e02725/pom.xml#L97,<!-- MapReduce -->,[],Maven,8,97,97
8340,googlecloudplatform/appengine-tck,https://github.com/googlecloudplatform/appengine-tck/blob/6ea21bec33ccea2649df187fac06799a63e02725/pom.xml#L105,<!-- Google Cloud Storage Client -->,[],Maven,8,105,105
8340,googlecloudplatform/appengine-tck,https://github.com/googlecloudplatform/appengine-tck/blob/6ea21bec33ccea2649df187fac06799a63e02725/pom.xml#L110,<!-- Benchmark -->,[],Maven,8,110,110
8340,googlecloudplatform/appengine-tck,https://github.com/googlecloudplatform/appengine-tck/blob/6ea21bec33ccea2649df187fac06799a63e02725/pom.xml#L112,<!--- Sonar -->,[],Maven,8,112,112
8340,googlecloudplatform/appengine-tck,https://github.com/googlecloudplatform/appengine-tck/blob/6ea21bec33ccea2649df187fac06799a63e02725/pom.xml#L115,<!-- Plugins -->,[],Maven,8,115,115
8340,googlecloudplatform/appengine-tck,https://github.com/googlecloudplatform/appengine-tck/blob/6ea21bec33ccea2649df187fac06799a63e02725/pom.xml#L125,<!-- Compiler configuration -->,[],Maven,8,125,125
8340,googlecloudplatform/appengine-tck,https://github.com/googlecloudplatform/appengine-tck/blob/6ea21bec33ccea2649df187fac06799a63e02725/pom.xml#L126,<!-- Cross plugins settings -->,[],Maven,8,126,126
8340,googlecloudplatform/appengine-tck,https://github.com/googlecloudplatform/appengine-tck/blob/6ea21bec33ccea2649df187fac06799a63e02725/pom.xml#L129,<!-- maven-compiler-plugin -->,[],Maven,8,129,129
8340,googlecloudplatform/appengine-tck,https://github.com/googlecloudplatform/appengine-tck/blob/6ea21bec33ccea2649df187fac06799a63e02725/pom.xml#L133,"<!--
            Options to override the compiler arguments directly on the compiler arument line to separate between what
            the IDE understands as the source level and what the Maven compiler actually use.
        -->",[],Maven,8,133,136
8340,googlecloudplatform/appengine-tck,https://github.com/googlecloudplatform/appengine-tck/blob/6ea21bec33ccea2649df187fac06799a63e02725/pom.xml#L296,"<!-- repository>
            <id>jboss-staging-repository-group</id>
            <name>JBoss Staging Repository Group</name>
            <url>https://repository.jboss.org/nexus/content/groups/staging</url>
            <layout>default</layout>
            <releases>
                <enabled>true</enabled>
                <updatePolicy>never</updatePolicy>
            </releases>
            <snapshots>
                <enabled>true</enabled>
                <updatePolicy>never</updatePolicy>
            </snapshots>
        </repository -->",[],Maven,8,296,309
8340,googlecloudplatform/appengine-tck,https://github.com/googlecloudplatform/appengine-tck/blob/6ea21bec33ccea2649df187fac06799a63e02725/pom.xml#L327,"<!-- pluginRepository>
            <id>jboss-staging-repository-group</id>
            <name>JBoss Staging Repository Group</name>
            <url>https://repository.jboss.org/nexus/content/groups/staging</url>
            <releases>
                <enabled>true</enabled>
            </releases>
            <snapshots>
                <enabled>true</enabled>
            </snapshots>
        </pluginRepository -->",[],Maven,8,327,337
8340,googlecloudplatform/appengine-tck,https://github.com/googlecloudplatform/appengine-tck/blob/6ea21bec33ccea2649df187fac06799a63e02725/pom.xml#L341,<!-- The parent pom manages the inter-dependencies of the modules. -->,[],Maven,8,341,341
8340,googlecloudplatform/appengine-tck,https://github.com/googlecloudplatform/appengine-tck/blob/6ea21bec33ccea2649df187fac06799a63e02725/pom.xml#L344,<!-- The TCK common -->,[],Maven,12,344,344
8340,googlecloudplatform/appengine-tck,https://github.com/googlecloudplatform/appengine-tck/blob/6ea21bec33ccea2649df187fac06799a63e02725/pom.xml#L364,<!-- The TCK env -->,[],Maven,12,364,364
8340,googlecloudplatform/appengine-tck,https://github.com/googlecloudplatform/appengine-tck/blob/6ea21bec33ccea2649df187fac06799a63e02725/pom.xml#L390,<!-- The TCK tests -->,[],Maven,12,390,390
8340,googlecloudplatform/appengine-tck,https://github.com/googlecloudplatform/appengine-tck/blob/6ea21bec33ccea2649df187fac06799a63e02725/pom.xml#L496,<!-- The TCK Core -->,[],Maven,12,496,496
8340,googlecloudplatform/appengine-tck,https://github.com/googlecloudplatform/appengine-tck/blob/6ea21bec33ccea2649df187fac06799a63e02725/pom.xml#L512,<!-- The TCK Ext -->,[],Maven,12,512,512
8340,googlecloudplatform/appengine-tck,https://github.com/googlecloudplatform/appengine-tck/blob/6ea21bec33ccea2649df187fac06799a63e02725/pom.xml#L532,<!-- The TCK Utils -->,[],Maven,12,532,532
8340,googlecloudplatform/appengine-tck,https://github.com/googlecloudplatform/appengine-tck/blob/6ea21bec33ccea2649df187fac06799a63e02725/pom.xml#L540,<!-- GAE API -->,[],Maven,12,540,540
8340,googlecloudplatform/appengine-tck,https://github.com/googlecloudplatform/appengine-tck/blob/6ea21bec33ccea2649df187fac06799a63e02725/pom.xml#L548,<!-- GAE Tools -->,[],Maven,12,548,548
8340,googlecloudplatform/appengine-tck,https://github.com/googlecloudplatform/appengine-tck/blob/6ea21bec33ccea2649df187fac06799a63e02725/pom.xml#L569,<!-- Site -->,[],Maven,12,569,569
8340,googlecloudplatform/appengine-tck,https://github.com/googlecloudplatform/appengine-tck/blob/6ea21bec33ccea2649df187fac06799a63e02725/pom.xml#L633,<!-- Ext -->,[],Maven,12,633,633
8340,googlecloudplatform/appengine-tck,https://github.com/googlecloudplatform/appengine-tck/blob/6ea21bec33ccea2649df187fac06799a63e02725/pom.xml#L641,<!-- CapeDwarf -->,[],Maven,12,641,641
8340,googlecloudplatform/appengine-tck,https://github.com/googlecloudplatform/appengine-tck/blob/6ea21bec33ccea2649df187fac06799a63e02725/pom.xml#L663,<!-- Testing -->,[],Maven,12,663,663
8340,googlecloudplatform/appengine-tck,https://github.com/googlecloudplatform/appengine-tck/blob/6ea21bec33ccea2649df187fac06799a63e02725/pom.xml#L732,<!-- Byteman -->,[],Maven,12,732,732
8340,googlecloudplatform/appengine-tck,https://github.com/googlecloudplatform/appengine-tck/blob/6ea21bec33ccea2649df187fac06799a63e02725/pom.xml#L752,<!-- Utils -->,[],Maven,12,752,752
8340,googlecloudplatform/appengine-tck,https://github.com/googlecloudplatform/appengine-tck/blob/6ea21bec33ccea2649df187fac06799a63e02725/pom.xml#L778,<!-- TestUtils -->,[],Maven,12,778,778
8340,googlecloudplatform/appengine-tck,https://github.com/googlecloudplatform/appengine-tck/blob/6ea21bec33ccea2649df187fac06799a63e02725/pom.xml#L798,<!-- Ext -->,[],Maven,12,798,798
8340,googlecloudplatform/appengine-tck,https://github.com/googlecloudplatform/appengine-tck/blob/6ea21bec33ccea2649df187fac06799a63e02725/common/pom.xml#L18,<!-- Utils -->,[],Maven,8,18,18
8340,googlecloudplatform/appengine-tck,https://github.com/googlecloudplatform/appengine-tck/blob/6ea21bec33ccea2649df187fac06799a63e02725/common/appengine-tck-base/pom.xml#L3,<!-- Parent -->,[],Maven,4,3,3
8340,googlecloudplatform/appengine-tck,https://github.com/googlecloudplatform/appengine-tck/blob/6ea21bec33ccea2649df187fac06799a63e02725/common/appengine-tck-login/pom.xml#L3,<!-- Parent -->,[],Maven,4,3,3
8340,googlecloudplatform/appengine-tck,https://github.com/googlecloudplatform/appengine-tck/blob/6ea21bec33ccea2649df187fac06799a63e02725/common/appengine-tck-multisuite/pom.xml#L3,<!-- Parent -->,[],Maven,4,3,3
8340,googlecloudplatform/appengine-tck,https://github.com/googlecloudplatform/appengine-tck/blob/6ea21bec33ccea2649df187fac06799a63e02725/core/pom.xml#L18,<!-- External -->,[],Maven,8,18,18
8340,googlecloudplatform/appengine-tck,https://github.com/googlecloudplatform/appengine-tck/blob/6ea21bec33ccea2649df187fac06799a63e02725/core/pom.xml#L48,"<!-- Default, compile tests, but not run -->",[],Maven,8,48,48
8340,googlecloudplatform/appengine-tck,https://github.com/googlecloudplatform/appengine-tck/blob/6ea21bec33ccea2649df187fac06799a63e02725/core/pom.xml#L92,<!-- GAE -->,[],Maven,8,92,92
8340,googlecloudplatform/appengine-tck,https://github.com/googlecloudplatform/appengine-tck/blob/6ea21bec33ccea2649df187fac06799a63e02725/core/pom.xml#L134,<!-- GAE remote - AppSpot -->,[],Maven,8,134,134
8340,googlecloudplatform/appengine-tck,https://github.com/googlecloudplatform/appengine-tck/blob/6ea21bec33ccea2649df187fac06799a63e02725/core/pom.xml#L173,<!-- GAE gcloud -->,[],Maven,8,173,173
8340,googlecloudplatform/appengine-tck,https://github.com/googlecloudplatform/appengine-tck/blob/6ea21bec33ccea2649df187fac06799a63e02725/core/pom.xml#L211,<!-- CapeDwarf -->,[],Maven,8,211,211
8340,googlecloudplatform/appengine-tck,https://github.com/googlecloudplatform/appengine-tck/blob/6ea21bec33ccea2649df187fac06799a63e02725/core/pom.xml#L306,<!-- AppScale -->,[],Maven,8,306,306
8340,googlecloudplatform/appengine-tck,https://github.com/googlecloudplatform/appengine-tck/blob/6ea21bec33ccea2649df187fac06799a63e02725/core/pom.xml#L337,<!-- Multisuite -->,[],Maven,8,337,337
8340,googlecloudplatform/appengine-tck,https://github.com/googlecloudplatform/appengine-tck/blob/6ea21bec33ccea2649df187fac06799a63e02725/core/benchmark/pom.xml#L1,"<!--
  ~ Copyright 2013 Google Inc. All Rights Reserved.
  ~ Licensed under the Apache License, Version 2.0 (the ""License"");
  ~ you may not use this file except in compliance with the License.
  ~ You may obtain a copy of the License at
  ~
  ~   http://www.apache.org/licenses/LICENSE-2.0
  ~
  ~ Unless required by applicable law or agreed to in writing, software
  ~ distributed under the License is distributed on an ""AS IS"" BASIS,
  ~ WITHOUT WARRANTIES OR CONDITIONS OF ANY KIND, either express or implied.
  ~ See the License for the specific language governing permissions and
  ~ limitations under the License.
  -->",[],Maven,0,1,14
8340,googlecloudplatform/appengine-tck,https://github.com/googlecloudplatform/appengine-tck/blob/6ea21bec33ccea2649df187fac06799a63e02725/core/benchmark/pom.xml#L18,<!-- Parent -->,[],Maven,4,18,18
8340,googlecloudplatform/appengine-tck,https://github.com/googlecloudplatform/appengine-tck/blob/6ea21bec33ccea2649df187fac06799a63e02725/core/byteman/pom.xml#L1,"<!--
  ~ Copyright 2013 Google Inc. All Rights Reserved.
  ~ Licensed under the Apache License, Version 2.0 (the ""License"");
  ~ you may not use this file except in compliance with the License.
  ~ You may obtain a copy of the License at
  ~
  ~   http://www.apache.org/licenses/LICENSE-2.0
  ~
  ~ Unless required by applicable law or agreed to in writing, software
  ~ distributed under the License is distributed on an ""AS IS"" BASIS,
  ~ WITHOUT WARRANTIES OR CONDITIONS OF ANY KIND, either express or implied.
  ~ See the License for the specific language governing permissions and
  ~ limitations under the License.
  -->",[],Maven,0,1,14
8340,googlecloudplatform/appengine-tck,https://github.com/googlecloudplatform/appengine-tck/blob/6ea21bec33ccea2649df187fac06799a63e02725/core/byteman/pom.xml#L18,<!-- Parent -->,[],Maven,4,18,18
8340,googlecloudplatform/appengine-tck,https://github.com/googlecloudplatform/appengine-tck/blob/6ea21bec33ccea2649df187fac06799a63e02725/core/endpoints/pom.xml#L3,<!-- Parent -->,[],Maven,4,3,3
8340,googlecloudplatform/appengine-tck,https://github.com/googlecloudplatform/appengine-tck/blob/6ea21bec33ccea2649df187fac06799a63e02725/core/misc/pom.xml#L3,<!-- Parent -->,[],Maven,4,3,3
8340,googlecloudplatform/appengine-tck,https://github.com/googlecloudplatform/appengine-tck/blob/6ea21bec33ccea2649df187fac06799a63e02725/core/sockets/pom.xml#L3,<!-- Parent -->,[],Maven,4,3,3
8340,googlecloudplatform/appengine-tck,https://github.com/googlecloudplatform/appengine-tck/blob/6ea21bec33ccea2649df187fac06799a63e02725/core/sql/pom.xml#L3,<!-- Parent -->,[],Maven,4,3,3
8340,googlecloudplatform/appengine-tck,https://github.com/googlecloudplatform/appengine-tck/blob/6ea21bec33ccea2649df187fac06799a63e02725/dist/pom.xml#L17,"<!-- NOTE: These dependency declarations are only required to sort this project to the
         end of the line in the multimodule build.

         Since we only include the child1 module in our assembly, we only need to ensure this
         distribution project builds AFTER that one...
    -->",[],Maven,4,17,22
8340,googlecloudplatform/appengine-tck,https://github.com/googlecloudplatform/appengine-tck/blob/6ea21bec33ccea2649df187fac06799a63e02725/dist/pom.xml#L24,<!-- The TCK common -->,[],Maven,8,24,24
8340,googlecloudplatform/appengine-tck,https://github.com/googlecloudplatform/appengine-tck/blob/6ea21bec33ccea2649df187fac06799a63e02725/dist/pom.xml#L36,<!-- The TCK env -->,[],Maven,8,36,36
8340,googlecloudplatform/appengine-tck,https://github.com/googlecloudplatform/appengine-tck/blob/6ea21bec33ccea2649df187fac06799a63e02725/dist/pom.xml#L43,<!-- The TCK tests -->,[],Maven,8,43,43
8340,googlecloudplatform/appengine-tck,https://github.com/googlecloudplatform/appengine-tck/blob/6ea21bec33ccea2649df187fac06799a63e02725/dist/pom.xml#L87,<!-- The TCK Ext -->,[],Maven,8,87,87
8340,googlecloudplatform/appengine-tck,https://github.com/googlecloudplatform/appengine-tck/blob/6ea21bec33ccea2649df187fac06799a63e02725/dist/pom.xml#L107,<!-- The TCK Utils -->,[],Maven,8,107,107
8340,googlecloudplatform/appengine-tck,https://github.com/googlecloudplatform/appengine-tck/blob/6ea21bec33ccea2649df187fac06799a63e02725/env/pom.xml#L18,<!-- Diff environments -->,[],Maven,8,18,18
8340,googlecloudplatform/appengine-tck,https://github.com/googlecloudplatform/appengine-tck/blob/6ea21bec33ccea2649df187fac06799a63e02725/env/appspot/pom.xml#L3,<!-- Parent -->,[],Maven,4,3,3
8340,googlecloudplatform/appengine-tck,https://github.com/googlecloudplatform/appengine-tck/blob/6ea21bec33ccea2649df187fac06799a63e02725/env/capedwarf/pom.xml#L3,<!-- Parent -->,[],Maven,4,3,3
8340,googlecloudplatform/appengine-tck,https://github.com/googlecloudplatform/appengine-tck/blob/6ea21bec33ccea2649df187fac06799a63e02725/env/gcloud/pom.xml#L1,"<!--
  ~ Copyright 2014 Google Inc. All Rights Reserved.
  ~ Licensed under the Apache License, Version 2.0 (the ""License"");
  ~ you may not use this file except in compliance with the License.
  ~ You may obtain a copy of the License at
  ~
  ~   http://www.apache.org/licenses/LICENSE-2.0
  ~
  ~ Unless required by applicable law or agreed to in writing, software
  ~ distributed under the License is distributed on an ""AS IS"" BASIS,
  ~ WITHOUT WARRANTIES OR CONDITIONS OF ANY KIND, either express or implied.
  ~ See the License for the specific language governing permissions and
  ~ limitations under the License.
  -->",[],Maven,0,1,14
8340,googlecloudplatform/appengine-tck,https://github.com/googlecloudplatform/appengine-tck/blob/6ea21bec33ccea2649df187fac06799a63e02725/env/gcloud/pom.xml#L18,<!-- Parent -->,[],Maven,4,18,18
8340,googlecloudplatform/appengine-tck,https://github.com/googlecloudplatform/appengine-tck/blob/6ea21bec33ccea2649df187fac06799a63e02725/env/sdk/pom.xml#L3,<!-- Parent -->,[],Maven,4,3,3
8340,googlecloudplatform/appengine-tck,https://github.com/googlecloudplatform/appengine-tck/blob/6ea21bec33ccea2649df187fac06799a63e02725/ext/pom.xml#L18,<!-- External -->,[],Maven,8,18,18
8340,googlecloudplatform/appengine-tck,https://github.com/googlecloudplatform/appengine-tck/blob/6ea21bec33ccea2649df187fac06799a63e02725/ext/pom.xml#L46,"<!-- Default, compile tests, but not run -->",[],Maven,8,46,46
8340,googlecloudplatform/appengine-tck,https://github.com/googlecloudplatform/appengine-tck/blob/6ea21bec33ccea2649df187fac06799a63e02725/ext/pom.xml#L90,<!-- GAE -->,[],Maven,8,90,90
8340,googlecloudplatform/appengine-tck,https://github.com/googlecloudplatform/appengine-tck/blob/6ea21bec33ccea2649df187fac06799a63e02725/ext/pom.xml#L131,<!-- GAE remote - AppSpot -->,[],Maven,8,131,131
8340,googlecloudplatform/appengine-tck,https://github.com/googlecloudplatform/appengine-tck/blob/6ea21bec33ccea2649df187fac06799a63e02725/ext/pom.xml#L170,<!-- GAE gcloud -->,[],Maven,8,170,170
8340,googlecloudplatform/appengine-tck,https://github.com/googlecloudplatform/appengine-tck/blob/6ea21bec33ccea2649df187fac06799a63e02725/ext/pom.xml#L208,<!-- CapeDwarf -->,[],Maven,8,208,208
8340,googlecloudplatform/appengine-tck,https://github.com/googlecloudplatform/appengine-tck/blob/6ea21bec33ccea2649df187fac06799a63e02725/ext/pom.xml#L303,<!-- AppScale -->,[],Maven,8,303,303
8340,googlecloudplatform/appengine-tck,https://github.com/googlecloudplatform/appengine-tck/blob/6ea21bec33ccea2649df187fac06799a63e02725/ext/pom.xml#L334,<!-- Multisuite -->,[],Maven,8,334,334
8340,googlecloudplatform/appengine-tck,https://github.com/googlecloudplatform/appengine-tck/blob/6ea21bec33ccea2649df187fac06799a63e02725/ext/datanucleus/pom.xml#L3,<!-- Parent -->,[],Maven,4,3,3
8340,googlecloudplatform/appengine-tck,https://github.com/googlecloudplatform/appengine-tck/blob/6ea21bec33ccea2649df187fac06799a63e02725/ext/datanucleus/pom.xml#L100,<!-- forkMode>always</forkMode -->,[],Maven,28,100,100
8340,googlecloudplatform/appengine-tck,https://github.com/googlecloudplatform/appengine-tck/blob/6ea21bec33ccea2649df187fac06799a63e02725/ext/example/pom.xml#L3,<!-- Parent -->,[],Maven,4,3,3
8340,googlecloudplatform/appengine-tck,https://github.com/googlecloudplatform/appengine-tck/blob/6ea21bec33ccea2649df187fac06799a63e02725/ext/example/pom.xml#L88,<!-- forkMode>always</forkMode -->,[],Maven,28,88,88
8340,googlecloudplatform/appengine-tck,https://github.com/googlecloudplatform/appengine-tck/blob/6ea21bec33ccea2649df187fac06799a63e02725/ext/gcs-client/pom.xml#L3,<!-- Parent -->,[],Maven,4,3,3
8340,googlecloudplatform/appengine-tck,https://github.com/googlecloudplatform/appengine-tck/blob/6ea21bec33ccea2649df187fac06799a63e02725/ext/mapreduce/pom.xml#L3,<!-- Parent -->,[],Maven,4,3,3
8340,googlecloudplatform/appengine-tck,https://github.com/googlecloudplatform/appengine-tck/blob/6ea21bec33ccea2649df187fac06799a63e02725/site/pom.xml#L2,"<!--
  ~ Copyright 2013 Google Inc. All Rights Reserved.
  ~ Licensed under the Apache License, Version 2.0 (the ""License"");
  ~ you may not use this file except in compliance with the License.
  ~ You may obtain a copy of the License at
  ~
  ~   http://www.apache.org/licenses/LICENSE-2.0
  ~
  ~ Unless required by applicable law or agreed to in writing, software
  ~ distributed under the License is distributed on an ""AS IS"" BASIS,
  ~ WITHOUT WARRANTIES OR CONDITIONS OF ANY KIND, either express or implied.
  ~ See the License for the specific language governing permissions and
  ~ limitations under the License.
  -->",[],Maven,0,2,15
8340,googlecloudplatform/appengine-tck,https://github.com/googlecloudplatform/appengine-tck/blob/6ea21bec33ccea2649df187fac06799a63e02725/site/teamcity/pom.xml#L2,"<!--
  ~ Copyright 2013 Google Inc. All Rights Reserved.
  ~ Licensed under the Apache License, Version 2.0 (the ""License"");
  ~ you may not use this file except in compliance with the License.
  ~ You may obtain a copy of the License at
  ~
  ~   http://www.apache.org/licenses/LICENSE-2.0
  ~
  ~ Unless required by applicable law or agreed to in writing, software
  ~ distributed under the License is distributed on an ""AS IS"" BASIS,
  ~ WITHOUT WARRANTIES OR CONDITIONS OF ANY KIND, either express or implied.
  ~ See the License for the specific language governing permissions and
  ~ limitations under the License.
  -->",[],Maven,0,2,15
8340,googlecloudplatform/appengine-tck,https://github.com/googlecloudplatform/appengine-tck/blob/6ea21bec33ccea2649df187fac06799a63e02725/site/teamcity/build/pom.xml#L2,"<!--
  ~ Copyright 2013 Google Inc. All Rights Reserved.
  ~ Licensed under the Apache License, Version 2.0 (the ""License"");
  ~ you may not use this file except in compliance with the License.
  ~ You may obtain a copy of the License at
  ~
  ~   http://www.apache.org/licenses/LICENSE-2.0
  ~
  ~ Unless required by applicable law or agreed to in writing, software
  ~ distributed under the License is distributed on an ""AS IS"" BASIS,
  ~ WITHOUT WARRANTIES OR CONDITIONS OF ANY KIND, either express or implied.
  ~ See the License for the specific language governing permissions and
  ~ limitations under the License.
  -->",[],Maven,0,2,15
8340,googlecloudplatform/appengine-tck,https://github.com/googlecloudplatform/appengine-tck/blob/6ea21bec33ccea2649df187fac06799a63e02725/site/teamcity/teamcity-server/pom.xml#L2,"<!--
  ~ Copyright 2013 Google Inc. All Rights Reserved.
  ~ Licensed under the Apache License, Version 2.0 (the ""License"");
  ~ you may not use this file except in compliance with the License.
  ~ You may obtain a copy of the License at
  ~
  ~   http://www.apache.org/licenses/LICENSE-2.0
  ~
  ~ Unless required by applicable law or agreed to in writing, software
  ~ distributed under the License is distributed on an ""AS IS"" BASIS,
  ~ WITHOUT WARRANTIES OR CONDITIONS OF ANY KIND, either express or implied.
  ~ See the License for the specific language governing permissions and
  ~ limitations under the License.
  -->",[],Maven,0,2,15
8340,googlecloudplatform/appengine-tck,https://github.com/googlecloudplatform/appengine-tck/blob/6ea21bec33ccea2649df187fac06799a63e02725/site/teamcity/teamcity-server/pom.xml#L58,<!-- Reports endpoint client lib -->,[],Maven,8,58,58
8340,googlecloudplatform/appengine-tck,https://github.com/googlecloudplatform/appengine-tck/blob/6ea21bec33ccea2649df187fac06799a63e02725/site/web/pom.xml#L2,"<!--
  ~ Copyright 2013 Google Inc. All Rights Reserved.
  ~ Licensed under the Apache License, Version 2.0 (the ""License"");
  ~ you may not use this file except in compliance with the License.
  ~ You may obtain a copy of the License at
  ~
  ~   http://www.apache.org/licenses/LICENSE-2.0
  ~
  ~ Unless required by applicable law or agreed to in writing, software
  ~ distributed under the License is distributed on an ""AS IS"" BASIS,
  ~ WITHOUT WARRANTIES OR CONDITIONS OF ANY KIND, either express or implied.
  ~ See the License for the specific language governing permissions and
  ~ limitations under the License.
  -->",[],Maven,0,2,15
8340,googlecloudplatform/appengine-tck,https://github.com/googlecloudplatform/appengine-tck/blob/6ea21bec33ccea2649df187fac06799a63e02725/site/web/pom.xml#L54,<!-- Modules -->,[],Maven,24,54,54
8340,googlecloudplatform/appengine-tck,https://github.com/googlecloudplatform/appengine-tck/blob/6ea21bec33ccea2649df187fac06799a63e02725/site/web/pom.xml#L61,<!-- Tests -->,[],Maven,24,61,61
8340,googlecloudplatform/appengine-tck,https://github.com/googlecloudplatform/appengine-tck/blob/6ea21bec33ccea2649df187fac06799a63e02725/site/web/pom.xml#L181,<!-- Core -->,[],Maven,24,181,181
8340,googlecloudplatform/appengine-tck,https://github.com/googlecloudplatform/appengine-tck/blob/6ea21bec33ccea2649df187fac06799a63e02725/site/web/pom.xml#L196,<!-- Ext -->,[],Maven,24,196,196
8340,googlecloudplatform/appengine-tck,https://github.com/googlecloudplatform/appengine-tck/blob/6ea21bec33ccea2649df187fac06799a63e02725/tests/pom.xml#L1,"<!--
  ~ Copyright 2013 Google Inc. All Rights Reserved.
  ~ Licensed under the Apache License, Version 2.0 (the ""License"");
  ~ you may not use this file except in compliance with the License.
  ~ You may obtain a copy of the License at
  ~
  ~   http://www.apache.org/licenses/LICENSE-2.0
  ~
  ~ Unless required by applicable law or agreed to in writing, software
  ~ distributed under the License is distributed on an ""AS IS"" BASIS,
  ~ WITHOUT WARRANTIES OR CONDITIONS OF ANY KIND, either express or implied.
  ~ See the License for the specific language governing permissions and
  ~ limitations under the License.
  -->",[],Maven,0,1,14
8340,googlecloudplatform/appengine-tck,https://github.com/googlecloudplatform/appengine-tck/blob/6ea21bec33ccea2649df187fac06799a63e02725/tests/pom.xml#L33,<!-- APIs -->,[],Maven,8,33,33
8340,googlecloudplatform/appengine-tck,https://github.com/googlecloudplatform/appengine-tck/blob/6ea21bec33ccea2649df187fac06799a63e02725/tests/pom.xml#L83,"<!-- Default, compile tests, but not run -->",[],Maven,8,83,83
8340,googlecloudplatform/appengine-tck,https://github.com/googlecloudplatform/appengine-tck/blob/6ea21bec33ccea2649df187fac06799a63e02725/tests/pom.xml#L127,<!-- GAE -->,[],Maven,8,127,127
8340,googlecloudplatform/appengine-tck,https://github.com/googlecloudplatform/appengine-tck/blob/6ea21bec33ccea2649df187fac06799a63e02725/tests/pom.xml#L169,<!-- GAE remote - AppSpot -->,[],Maven,8,169,169
8340,googlecloudplatform/appengine-tck,https://github.com/googlecloudplatform/appengine-tck/blob/6ea21bec33ccea2649df187fac06799a63e02725/tests/pom.xml#L208,<!-- GAE gcloud -->,[],Maven,8,208,208
8340,googlecloudplatform/appengine-tck,https://github.com/googlecloudplatform/appengine-tck/blob/6ea21bec33ccea2649df187fac06799a63e02725/tests/pom.xml#L246,<!-- CapeDwarf -->,[],Maven,8,246,246
8340,googlecloudplatform/appengine-tck,https://github.com/googlecloudplatform/appengine-tck/blob/6ea21bec33ccea2649df187fac06799a63e02725/tests/pom.xml#L347,<!-- AppScale -->,[],Maven,8,347,347
8340,googlecloudplatform/appengine-tck,https://github.com/googlecloudplatform/appengine-tck/blob/6ea21bec33ccea2649df187fac06799a63e02725/tests/pom.xml#L378,<!-- Multisuite -->,[],Maven,8,378,378
8340,googlecloudplatform/appengine-tck,https://github.com/googlecloudplatform/appengine-tck/blob/6ea21bec33ccea2649df187fac06799a63e02725/tests/appengine-tck-appidentity/pom.xml#L3,<!-- Parent -->,[],Maven,4,3,3
8340,googlecloudplatform/appengine-tck,https://github.com/googlecloudplatform/appengine-tck/blob/6ea21bec33ccea2649df187fac06799a63e02725/tests/appengine-tck-blobstore/pom.xml#L3,<!-- Parent -->,[],Maven,4,3,3
8340,googlecloudplatform/appengine-tck,https://github.com/googlecloudplatform/appengine-tck/blob/6ea21bec33ccea2649df187fac06799a63e02725/tests/appengine-tck-capability/pom.xml#L3,<!-- Parent -->,[],Maven,4,3,3
8340,googlecloudplatform/appengine-tck,https://github.com/googlecloudplatform/appengine-tck/blob/6ea21bec33ccea2649df187fac06799a63e02725/tests/appengine-tck-channel/pom.xml#L3,<!-- Parent -->,[],Maven,4,3,3
8340,googlecloudplatform/appengine-tck,https://github.com/googlecloudplatform/appengine-tck/blob/6ea21bec33ccea2649df187fac06799a63e02725/tests/appengine-tck-datastore/pom.xml#L3,<!-- Parent -->,[],Maven,4,3,3
8340,googlecloudplatform/appengine-tck,https://github.com/googlecloudplatform/appengine-tck/blob/6ea21bec33ccea2649df187fac06799a63e02725/tests/appengine-tck-example/pom.xml#L3,<!-- Parent -->,[],Maven,4,3,3
8340,googlecloudplatform/appengine-tck,https://github.com/googlecloudplatform/appengine-tck/blob/6ea21bec33ccea2649df187fac06799a63e02725/tests/appengine-tck-example/pom.xml#L18,<!-- These dependencies are required for all TCK tests. -->,[],Maven,4,18,18
8340,googlecloudplatform/appengine-tck,https://github.com/googlecloudplatform/appengine-tck/blob/6ea21bec33ccea2649df187fac06799a63e02725/tests/appengine-tck-example/pom.xml#L21,<!-- Add any test specific dependencies here. -->,[],Maven,8,21,21
8340,googlecloudplatform/appengine-tck,https://github.com/googlecloudplatform/appengine-tck/blob/6ea21bec33ccea2649df187fac06799a63e02725/tests/appengine-tck-example/pom.xml#L24,"<!--
                 This one is only needed if you use the servlet api directly.
                 It also needs to be added to the top level ../../pom.xml as
                 a dependency with a version specified.
            -->",[],Maven,12,24,28
8340,googlecloudplatform/appengine-tck,https://github.com/googlecloudplatform/appengine-tck/blob/6ea21bec33ccea2649df187fac06799a63e02725/tests/appengine-tck-images/pom.xml#L3,<!-- Parent -->,[],Maven,4,3,3
8340,googlecloudplatform/appengine-tck,https://github.com/googlecloudplatform/appengine-tck/blob/6ea21bec33ccea2649df187fac06799a63e02725/tests/appengine-tck-logservice/pom.xml#L3,<!-- Parent -->,[],Maven,4,3,3
8340,googlecloudplatform/appengine-tck,https://github.com/googlecloudplatform/appengine-tck/blob/6ea21bec33ccea2649df187fac06799a63e02725/tests/appengine-tck-mail/pom.xml#L3,<!-- Parent -->,[],Maven,4,3,3
8340,googlecloudplatform/appengine-tck,https://github.com/googlecloudplatform/appengine-tck/blob/6ea21bec33ccea2649df187fac06799a63e02725/tests/appengine-tck-mail/pom.xml#L20,<!-- Add any test specific dependencies here. -->,[],Maven,8,20,20
8340,googlecloudplatform/appengine-tck,https://github.com/googlecloudplatform/appengine-tck/blob/6ea21bec33ccea2649df187fac06799a63e02725/tests/appengine-tck-memcache/pom.xml#L3,<!-- Parent -->,[],Maven,4,3,3
8340,googlecloudplatform/appengine-tck,https://github.com/googlecloudplatform/appengine-tck/blob/6ea21bec33ccea2649df187fac06799a63e02725/tests/appengine-tck-modules/pom.xml#L3,<!-- Parent -->,[],Maven,4,3,3
8340,googlecloudplatform/appengine-tck,https://github.com/googlecloudplatform/appengine-tck/blob/6ea21bec33ccea2649df187fac06799a63e02725/tests/appengine-tck-oauth/pom.xml#L3,<!-- Parent -->,[],Maven,4,3,3
8340,googlecloudplatform/appengine-tck,https://github.com/googlecloudplatform/appengine-tck/blob/6ea21bec33ccea2649df187fac06799a63e02725/tests/appengine-tck-prospectivesearch/pom.xml#L3,<!-- Parent -->,[],Maven,4,3,3
8340,googlecloudplatform/appengine-tck,https://github.com/googlecloudplatform/appengine-tck/blob/6ea21bec33ccea2649df187fac06799a63e02725/tests/appengine-tck-search/pom.xml#L3,<!-- Parent -->,[],Maven,4,3,3
8340,googlecloudplatform/appengine-tck,https://github.com/googlecloudplatform/appengine-tck/blob/6ea21bec33ccea2649df187fac06799a63e02725/tests/appengine-tck-taskqueue/pom.xml#L3,<!-- Parent -->,[],Maven,4,3,3
8340,googlecloudplatform/appengine-tck,https://github.com/googlecloudplatform/appengine-tck/blob/6ea21bec33ccea2649df187fac06799a63e02725/tests/appengine-tck-urlfetch/pom.xml#L3,<!-- Parent -->,[],Maven,4,3,3
8340,googlecloudplatform/appengine-tck,https://github.com/googlecloudplatform/appengine-tck/blob/6ea21bec33ccea2649df187fac06799a63e02725/tests/appengine-tck-users/pom.xml#L3,<!-- Parent -->,[],Maven,4,3,3
8340,googlecloudplatform/appengine-tck,https://github.com/googlecloudplatform/appengine-tck/blob/6ea21bec33ccea2649df187fac06799a63e02725/tests/appengine-tck-xmpp/pom.xml#L3,<!-- Parent -->,[],Maven,4,3,3
8340,googlecloudplatform/appengine-tck,https://github.com/googlecloudplatform/appengine-tck/blob/6ea21bec33ccea2649df187fac06799a63e02725/tests/appengine-tck-xmpp/pom.xml#L18,<!-- These dependencies are required for all TCK tests. -->,[],Maven,4,18,18
8340,googlecloudplatform/appengine-tck,https://github.com/googlecloudplatform/appengine-tck/blob/6ea21bec33ccea2649df187fac06799a63e02725/tests/appengine-tck-xmpp/pom.xml#L21,<!-- Add any test specific dependencies here. -->,[],Maven,8,21,21
8340,googlecloudplatform/appengine-tck,https://github.com/googlecloudplatform/appengine-tck/blob/6ea21bec33ccea2649df187fac06799a63e02725/tests/appengine-tck-xmpp/pom.xml#L24,"<!--
                 This one is only needed if you use the servlet api directly.
                 It also needs to be added to the top level ../../pom.xml as
                 a dependency with a version specified.
            -->",[],Maven,12,24,28
8340,googlecloudplatform/appengine-tck,https://github.com/googlecloudplatform/appengine-tck/blob/6ea21bec33ccea2649df187fac06799a63e02725/utils/pom.xml#L18,<!-- Utils -->,[],Maven,8,18,18
8340,googlecloudplatform/appengine-tck,https://github.com/googlecloudplatform/appengine-tck/blob/6ea21bec33ccea2649df187fac06799a63e02725/utils/appengine-tck-transformers/pom.xml#L3,<!-- Parent -->,[],Maven,4,3,3
