repoIndex,repoName,linkLocation,comment,keywords,buildSysteminFile,charPosition,startLine,endLine
9471,dita4publishers/dita4publishers,https://github.com/dita4publishers/dita4publishers/blob/2dfbcd583d33136a2e27a22490750a72309c4b82/build.xml#L5,"<!-- NOTE: This script requires that the DITA Open Toolkit
	           libraries be included in the Java classpath
	           used to run Ant itself. See the project
	           documentation for setup instructions. For 
	           Eclipse, you need to add the jars in the
	           Toolkit lib/ and lib/saxon/ directories
	           to the Ant jars configured in the Eclipse
	           Ant/runtime preferences.
	  -->",[],Ant,1,5,13
9471,dita4publishers/dita4publishers,https://github.com/dita4publishers/dita4publishers/blob/2dfbcd583d33136a2e27a22490750a72309c4b82/build.xml#L15,"<!-- NOTE: Update version.properties as needed to reflect new 
	           versions of project components.
	  -->",[],Ant,1,15,17
9471,dita4publishers/dita4publishers,https://github.com/dita4publishers/dita4publishers/blob/2dfbcd583d33136a2e27a22490750a72309c4b82/build.xml#L38,<!-- NOTE: The kindle building executable must be in the PATH -->,[],Ant,2,38,38
9471,dita4publishers/dita4publishers,https://github.com/dita4publishers/dita4publishers/blob/2dfbcd583d33136a2e27a22490750a72309c4b82/build.xml#L286,"<!-- 
      %character; to %mll3_character;
      -->",[],Ant,6,286,288
9471,dita4publishers/dita4publishers,https://github.com/dita4publishers/dita4publishers/blob/2dfbcd583d33136a2e27a22490750a72309c4b82/build.xml#L293,<!-- Standalone Math plugin -->,[],Ant,3,293,293
9471,dita4publishers/dita4publishers,https://github.com/dita4publishers/dita4publishers/blob/2dfbcd583d33136a2e27a22490750a72309c4b82/build.xml#L296,"<!-- 
			<!ENTITY % character ""CDATA""> to <!ENTITY % mll3_character ""CDATA"" >
			-->",[],Ant,3,296,298
9471,dita4publishers/dita4publishers,https://github.com/dita4publishers/dita4publishers/blob/2dfbcd583d33136a2e27a22490750a72309c4b82/build.xml#L327,"<!-- These are required because the HTML2 transform 
			       adds the MathJax stuff by default.
			    -->",[],Ant,5,327,329
9471,dita4publishers/dita4publishers,https://github.com/dita4publishers/dita4publishers/blob/2dfbcd583d33136a2e27a22490750a72309c4b82/build.xml#L389,"<!--    <antcall target=""add-version-info-to-files""/>-->",[],Ant,0,389,389
9471,dita4publishers/dita4publishers,https://github.com/dita4publishers/dita4publishers/blob/2dfbcd583d33136a2e27a22490750a72309c4b82/build.xml#L396,<!-- NOTE: These used to be called org.dita2indesign.* -->,[],Ant,4,396,396
9471,dita4publishers/dita4publishers,https://github.com/dita4publishers/dita4publishers/blob/2dfbcd583d33136a2e27a22490750a72309c4b82/build.xml#L444,<!-- Integrate the deployed plugins: -->,[],Ant,4,444,444
9471,dita4publishers/dita4publishers,https://github.com/dita4publishers/dita4publishers/blob/2dfbcd583d33136a2e27a22490750a72309c4b82/build.xml#L464,"<!--
				<exclude name=""org.dita4publishers.pubmap.fo/**""/>
				-->",[],Ant,4,464,466
9471,dita4publishers/dita4publishers,https://github.com/dita4publishers/dita4publishers/blob/2dfbcd583d33136a2e27a22490750a72309c4b82/build.xml#L469,<!-- Integrate the deployed plugins: -->,[],Ant,4,469,469
9471,dita4publishers/dita4publishers,https://github.com/dita4publishers/dita4publishers/blob/2dfbcd583d33136a2e27a22490750a72309c4b82/build.xml#L477,<!-- Deploys whatever have been put in the dist directory -->,[],Ant,3,477,477
9471,dita4publishers/dita4publishers,https://github.com/dita4publishers/dita4publishers/blob/2dfbcd583d33136a2e27a22490750a72309c4b82/build.xml#L494,<!-- Integrate the deployed plugins: -->,[],Ant,4,494,494
9471,dita4publishers/dita4publishers,https://github.com/dita4publishers/dita4publishers/blob/2dfbcd583d33136a2e27a22490750a72309c4b82/build.xml#L581,"<!-- net.sourceforge.* provides legacy mapping catalogs for
             the old net.sourceforge versions of the vocab.
          -->",[],Ant,8,581,583
9471,dita4publishers/dita4publishers,https://github.com/dita4publishers/dita4publishers/blob/2dfbcd583d33136a2e27a22490750a72309c4b82/build.xml#L643,<!-- Defining a better name for older make-plugin-packages target -->,[],Ant,4,643,643
9471,dita4publishers/dita4publishers,https://github.com/dita4publishers/dita4publishers/blob/2dfbcd583d33136a2e27a22490750a72309c4b82/build.xml#L653,"<!-- Each target clears and uses the dist directory, so have to call
         them rather than using depends. 
      -->",[],Ant,4,653,655
9471,dita4publishers/dita4publishers,https://github.com/dita4publishers/dita4publishers/blob/2dfbcd583d33136a2e27a22490750a72309c4b82/build.xml#L664,<!-- RC28: Removed package-api-and-tools as those are not longer maintained -->,[],Ant,2,664,664
9471,dita4publishers/dita4publishers,https://github.com/dita4publishers/dita4publishers/blob/2dfbcd583d33136a2e27a22490750a72309c4b82/build.xml#L683,"<!--
    <copy todir=""${package.dist}/epubs"">
      <fileset dir=""${epubBuild}"">
        <include name=""**/*.epub""/>
      </fileset>
    </copy>
    -->",[],Ant,2,683,689
9471,dita4publishers/dita4publishers,https://github.com/dita4publishers/dita4publishers/blob/2dfbcd583d33136a2e27a22490750a72309c4b82/build.xml#L850,<!-- Delete the directory the Toolkit creates with images -->,[],Ant,2,850,850
9471,dita4publishers/dita4publishers,https://github.com/dita4publishers/dita4publishers/blob/2dfbcd583d33136a2e27a22490750a72309c4b82/build.xml#L932,"<!-- <antcall target=""indesign-d4p-user-guide""/> -->",[],Ant,2,932,932
9471,dita4publishers/dita4publishers,https://github.com/dita4publishers/dita4publishers/blob/2dfbcd583d33136a2e27a22490750a72309c4b82/build.xml#L933,<!-- NOTE: current PDF2 transform does not produce good FO from the D4P User Guide so just removing this for now -->,[],Ant,3,933,933
9471,dita4publishers/dita4publishers,https://github.com/dita4publishers/dita4publishers/blob/2dfbcd583d33136a2e27a22490750a72309c4b82/build.xml#L934,"<!--    <antcall target=""pdf-d4p-user-guide""/>-->",[],Ant,0,934,934
9471,dita4publishers/dita4publishers,https://github.com/dita4publishers/dita4publishers/blob/2dfbcd583d33136a2e27a22490750a72309c4b82/build.xml#L995,<!-- this builds wizard of oz with only three chapters to save processing time -->,[],Ant,2,995,995
9471,dita4publishers/dita4publishers,https://github.com/dita4publishers/dita4publishers/blob/2dfbcd583d33136a2e27a22490750a72309c4b82/build.xml#L1003,<!-- this builds kindle version of epub-test -->,[],Ant,2,1003,1003
9471,dita4publishers/dita4publishers,https://github.com/dita4publishers/dita4publishers/blob/2dfbcd583d33136a2e27a22490750a72309c4b82/build.xml#L1022,<!-- Unset to preserve the temp directory -->,[],Ant,48,1022,1022
9471,dita4publishers/dita4publishers,https://github.com/dita4publishers/dita4publishers/blob/2dfbcd583d33136a2e27a22490750a72309c4b82/build.xml#L1030,"<!-- The epub process doesn't clean out the output directory, so
		     we have to do it.
		  -->",[],Ant,2,1030,1032
9471,dita4publishers/dita4publishers,https://github.com/dita4publishers/dita4publishers/blob/2dfbcd583d33136a2e27a22490750a72309c4b82/build.xml#L1058,"<!-- The kindle process doesn't clean out the output directory, so
		     we have to do it.
		  -->",[],Ant,2,1058,1060
9471,dita4publishers/dita4publishers,https://github.com/dita4publishers/dita4publishers/blob/2dfbcd583d33136a2e27a22490750a72309c4b82/build.xml#L1248,"<!-- NOTE: The RSuite plugin only packages Web-accessible resources.
               It contains no Java code.
      -->",[],Ant,4,1248,1250
9471,dita4publishers/dita4publishers,https://github.com/dita4publishers/dita4publishers/blob/2dfbcd583d33136a2e27a22490750a72309c4b82/build.xml#L1257,"<!-- This location for the word2dita stuff is retained for older
    	     code that reflects the old location.
    	  -->",[],Ant,5,1257,1259
9471,dita4publishers/dita4publishers,https://github.com/dita4publishers/dita4publishers/blob/2dfbcd583d33136a2e27a22490750a72309c4b82/build.xml#L1297,"<!-- NOTE: The D4P Java code is obsolete and out of date and not currently supported. The INX 
	           libraries are not really useful any more.
	           
	           Not including this in the main package.
	  -->",[],Ant,1,1297,1301
9471,dita4publishers/dita4publishers,https://github.com/dita4publishers/dita4publishers/blob/2dfbcd583d33136a2e27a22490750a72309c4b82/ivy.xml#L18,<!-- Apache's XML Parser -->,[],Ivy,4,18,18
