repoIndex,repoName,linkLocation,comment,keywords,buildSysteminFile,charPosition,startLine,endLine
9664,vert-x3/vertx-examples,https://github.com/vert-x3/vertx-examples/blob/13877de3319130058d6e2dbca496c290e6831f6d/pom.xml#L63,"<!-- Use -DskipDocker as the docker module requires docker to be installed, there are built an their own profile -->",[],Maven,6,63,63
9664,vert-x3/vertx-examples,https://github.com/vert-x3/vertx-examples/blob/13877de3319130058d6e2dbca496c290e6831f6d/amqp-proton-examples/pom.xml#L12,<!-- primary deps -->,[],Maven,4,12,12
9664,vert-x3/vertx-examples,https://github.com/vert-x3/vertx-examples/blob/13877de3319130058d6e2dbca496c290e6831f6d/amqp-proton-examples/pom.xml#L23,<!-- We specify the Maven compiler plugin as we need to set it to Java 1.8 -->,[],Maven,8,23,23
9664,vert-x3/vertx-examples,https://github.com/vert-x3/vertx-examples/blob/13877de3319130058d6e2dbca496c290e6831f6d/camel-bridge-examples/pom.xml#L24,<!-- Camel components we use -->,[],Maven,4,24,24
9664,vert-x3/vertx-examples,https://github.com/vert-x3/vertx-examples/blob/13877de3319130058d6e2dbca496c290e6831f6d/camel-bridge-examples/pom.xml#L135,<!-- Run shade goal on package phase -->,[],Maven,10,135,135
9664,vert-x3/vertx-examples,https://github.com/vert-x3/vertx-examples/blob/13877de3319130058d6e2dbca496c290e6831f6d/core-examples/pom.xml#L42,<!-- We specify the Maven compiler plugin as we need to set it to Java 1.8 -->,[],Maven,8,42,42
9664,vert-x3/vertx-examples,https://github.com/vert-x3/vertx-examples/blob/13877de3319130058d6e2dbca496c290e6831f6d/docker-examples/vertx-docker-example/pom.xml#L29,"<!--
            This plugin builds the Docker image. It merges src/main/docker/Dockerfile with the resources set in the
            configuration. The resources should embed the current project and its dependencies. Here there is no
            dependencies.
          -->",[],Maven,10,29,33
9664,vert-x3/vertx-examples,https://github.com/vert-x3/vertx-examples/blob/13877de3319130058d6e2dbca496c290e6831f6d/fatjar-examples/http2-fatjar/pom.xml#L2,"<!--
  ~ Copyright (c) 2011-2014 The original author or authors
  ~
  ~  All rights reserved. This program and the accompanying materials
  ~  are made available under the terms of the Eclipse Public License v1.0
  ~  and Apache License v2.0 which accompanies this distribution.
  ~
  ~      The Eclipse Public License is available at
  ~      http://www.eclipse.org/legal/epl-v10.html
  ~
  ~      The Apache License v2.0 is available at
  ~      http://www.opensource.org/licenses/apache2.0.php
  ~
  ~  You may elect to redistribute this code under either of these licenses.
  -->",[],Maven,0,2,16
9664,vert-x3/vertx-examples,https://github.com/vert-x3/vertx-examples/blob/13877de3319130058d6e2dbca496c290e6831f6d/fatjar-examples/http2-fatjar/pom.xml#L49,<!-- We specify the Maven compiler plugin as we need to set it to Java 1.8 -->,[],Maven,8,49,49
9664,vert-x3/vertx-examples,https://github.com/vert-x3/vertx-examples/blob/13877de3319130058d6e2dbca496c290e6831f6d/fatjar-examples/http2-fatjar/pom.xml#L68,<!-- Run shade goal on package phase -->,[],Maven,10,68,68
9664,vert-x3/vertx-examples,https://github.com/vert-x3/vertx-examples/blob/13877de3319130058d6e2dbca496c290e6831f6d/grpc-examples/pom.xml#L41,<!-- 19.0 ??? 20.0 is required -->,[],Maven,10,41,41
9664,vert-x3/vertx-examples,https://github.com/vert-x3/vertx-examples/blob/13877de3319130058d6e2dbca496c290e6831f6d/grpc-examples/pom.xml#L54,<!-- Temporary for generated stubs -->,[],Maven,4,54,54
9664,vert-x3/vertx-examples,https://github.com/vert-x3/vertx-examples/blob/13877de3319130058d6e2dbca496c290e6831f6d/grpc-examples/pom.xml#L73,<!-- We specify the Maven compiler plugin as we need to set it to Java 1.8 -->,[],Maven,8,73,73
9664,vert-x3/vertx-examples,https://github.com/vert-x3/vertx-examples/blob/13877de3319130058d6e2dbca496c290e6831f6d/grpc-examples/pom.xml#L90,"<!--
            The version of protoc must match protobuf-java. If you don't depend on
            protobuf-java directly, you will be transitively depending on the
            protobuf-java version that grpc depends on.
          -->",[],Maven,10,90,94
9664,vert-x3/vertx-examples,https://github.com/vert-x3/vertx-examples/blob/13877de3319130058d6e2dbca496c290e6831f6d/jpms-examples/pom.xml#L42,<!-- We specify the Maven compiler plugin as we need to set it to Java 9 -->,[],Maven,8,42,42
9664,vert-x3/vertx-examples,https://github.com/vert-x3/vertx-examples/blob/13877de3319130058d6e2dbca496c290e6831f6d/junit5-examples/pom.xml#L2,"<!--
  ~ Copyright (c) 2018 Red Hat, Inc.
  ~
  ~ Licensed under the Apache License, Version 2.0 (the ""License"");
  ~ you may not use this file except in compliance with the License.
  ~ You may obtain a copy of the License at
  ~
  ~     http://www.apache.org/licenses/LICENSE-2.0
  ~
  ~ Unless required by applicable law or agreed to in writing, software
  ~ distributed under the License is distributed on an ""AS IS"" BASIS,
  ~ WITHOUT WARRANTIES OR CONDITIONS OF ANY KIND, either express or implied.
  ~ See the License for the specific language governing permissions and
  ~ limitations under the License.
  -->",[],Maven,0,2,16
9664,vert-x3/vertx-examples,https://github.com/vert-x3/vertx-examples/blob/13877de3319130058d6e2dbca496c290e6831f6d/junit5-examples/pom.xml#L48,<!-- Vert.x + web client -->,[],Maven,4,48,48
9664,vert-x3/vertx-examples,https://github.com/vert-x3/vertx-examples/blob/13877de3319130058d6e2dbca496c290e6831f6d/junit5-examples/pom.xml#L63,<!-- Test dependencies -->,[],Maven,4,63,63
9664,vert-x3/vertx-examples,https://github.com/vert-x3/vertx-examples/blob/13877de3319130058d6e2dbca496c290e6831f6d/kafka-examples/pom.xml#L34,<!-- For running Kafka easily -->,[],Maven,4,34,34
9664,vert-x3/vertx-examples,https://github.com/vert-x3/vertx-examples/blob/13877de3319130058d6e2dbca496c290e6831f6d/kafka-examples/pom.xml#L57,<!-- We specify the Maven compiler plugin as we need to set it to Java 1.8 -->,[],Maven,8,57,57
9664,vert-x3/vertx-examples,https://github.com/vert-x3/vertx-examples/blob/13877de3319130058d6e2dbca496c290e6831f6d/kotlin-examples/coroutines/pom.xml#L79,<!-- Run shade goal on package phase -->,[],Maven,10,79,79
9664,vert-x3/vertx-examples,https://github.com/vert-x3/vertx-examples/blob/13877de3319130058d6e2dbca496c290e6831f6d/mail-examples/pom.xml#L30,<!-- We specify the Maven compiler plugin as we need to set it to Java 1.8 -->,[],Maven,8,30,30
9664,vert-x3/vertx-examples,https://github.com/vert-x3/vertx-examples/blob/13877de3319130058d6e2dbca496c290e6831f6d/maven-simplest/pom.xml#L13,<!-- the main class -->,[],Maven,4,13,13
9664,vert-x3/vertx-examples,https://github.com/vert-x3/vertx-examples/blob/13877de3319130058d6e2dbca496c290e6831f6d/maven-simplest/pom.xml#L29,<!-- We specify the Maven compiler plugin as we need to set it to Java 1.8 -->,[],Maven,8,29,29
9664,vert-x3/vertx-examples,https://github.com/vert-x3/vertx-examples/blob/13877de3319130058d6e2dbca496c290e6831f6d/maven-simplest/pom.xml#L41,"<!--
    You only need the part below if you want to build your application into a fat executable jar.
    This is a jar that contains all the dependencies required to run it, so you can just run it with
    java -jar
    -->",[],Maven,4,41,45
9664,vert-x3/vertx-examples,https://github.com/vert-x3/vertx-examples/blob/13877de3319130058d6e2dbca496c290e6831f6d/maven-simplest/pom.xml#L80,<!-- run the application using the fat jar -->,[],Maven,12,80,80
9664,vert-x3/vertx-examples,https://github.com/vert-x3/vertx-examples/blob/13877de3319130058d6e2dbca496c290e6831f6d/maven-verticles/maven-verticle-groovy-compiled/pom.xml#L13,"<!-- the Groovy class, must be prefixed by `groovy:` to use the Groovy Vert.x support -->",[],Maven,4,13,13
9664,vert-x3/vertx-examples,https://github.com/vert-x3/vertx-examples/blob/13877de3319130058d6e2dbca496c290e6831f6d/maven-verticles/maven-verticle-groovy-compiled/pom.xml#L31,<!-- Add hazelcast deps if you want it clusterable -->,[],Maven,4,31,31
9664,vert-x3/vertx-examples,https://github.com/vert-x3/vertx-examples/blob/13877de3319130058d6e2dbca496c290e6831f6d/maven-verticles/maven-verticle-groovy/pom.xml#L13,<!-- the Groovy file -->,[],Maven,4,13,13
9664,vert-x3/vertx-examples,https://github.com/vert-x3/vertx-examples/blob/13877de3319130058d6e2dbca496c290e6831f6d/maven-verticles/maven-verticle-groovy/pom.xml#L30,<!-- Add hazelcast deps if you want it clusterable -->,[],Maven,4,30,30
9664,vert-x3/vertx-examples,https://github.com/vert-x3/vertx-examples/blob/13877de3319130058d6e2dbca496c290e6831f6d/maven-verticles/maven-verticle/pom.xml#L13,<!-- the main verticle class name -->,[],Maven,4,13,13
9664,vert-x3/vertx-examples,https://github.com/vert-x3/vertx-examples/blob/13877de3319130058d6e2dbca496c290e6831f6d/maven-verticles/maven-verticle/pom.xml#L25,<!-- Add hazelcast deps if you want it clusterable -->,[],Maven,4,25,25
9664,vert-x3/vertx-examples,https://github.com/vert-x3/vertx-examples/blob/13877de3319130058d6e2dbca496c290e6831f6d/maven-verticles/maven-verticle/pom.xml#L37,<!-- We specify the Maven compiler plugin as we need to set it to Java 1.8 -->,[],Maven,8,37,37
9664,vert-x3/vertx-examples,https://github.com/vert-x3/vertx-examples/blob/13877de3319130058d6e2dbca496c290e6831f6d/maven-verticles/maven-verticle/pom.xml#L49,"<!--
    You only need the part below if you want to build your application into a fat executable jar.
    This is a jar that contains all the dependencies required to run it, so you can just run it with
    java -jar
    -->",[],Maven,4,49,53
9664,vert-x3/vertx-examples,https://github.com/vert-x3/vertx-examples/blob/13877de3319130058d6e2dbca496c290e6831f6d/metrics-examples/pom.xml#L56,<!-- We specify the Maven compiler plugin as we need to set it to Java 1.8 -->,[],Maven,8,56,56
9664,vert-x3/vertx-examples,https://github.com/vert-x3/vertx-examples/blob/13877de3319130058d6e2dbca496c290e6831f6d/micrometer-metrics-examples/pom.xml#L54,<!-- We specify the Maven compiler plugin as we need to set it to Java 1.8 -->,[],Maven,8,54,54
9664,vert-x3/vertx-examples,https://github.com/vert-x3/vertx-examples/blob/13877de3319130058d6e2dbca496c290e6831f6d/mqtt-examples/pom.xml#L12,<!-- primary deps -->,[],Maven,4,12,12
9664,vert-x3/vertx-examples,https://github.com/vert-x3/vertx-examples/blob/13877de3319130058d6e2dbca496c290e6831f6d/mqtt-examples/pom.xml#L23,<!-- We specify the Maven compiler plugin as we need to set it to Java 1.8 -->,[],Maven,8,23,23
9664,vert-x3/vertx-examples,https://github.com/vert-x3/vertx-examples/blob/13877de3319130058d6e2dbca496c290e6831f6d/opentracing-examples/pom.xml#L56,<!-- We specify the Maven compiler plugin as we need to set it to Java 1.8 -->,[],Maven,8,56,56
9664,vert-x3/vertx-examples,https://github.com/vert-x3/vertx-examples/blob/13877de3319130058d6e2dbca496c290e6831f6d/redis-examples/pom.xml#L29,<!-- We specify the Maven compiler plugin as we need to set it to Java 1.8 -->,[],Maven,8,29,29
9664,vert-x3/vertx-examples,https://github.com/vert-x3/vertx-examples/blob/13877de3319130058d6e2dbca496c290e6831f6d/resteasy-examples/pom.xml#L13,<!-- the main verticle class name -->,[],Maven,4,13,13
9664,vert-x3/vertx-examples,https://github.com/vert-x3/vertx-examples/blob/13877de3319130058d6e2dbca496c290e6831f6d/resteasy-examples/pom.xml#L36,<!-- We specify the Maven compiler plugin as we need to set it to Java 1.8 -->,[],Maven,8,36,36
9664,vert-x3/vertx-examples,https://github.com/vert-x3/vertx-examples/blob/13877de3319130058d6e2dbca496c290e6831f6d/rxjava-2-examples/pom.xml#L96,<!-- We specify the Maven compiler plugin as we need to set it to Java 1.8 -->,[],Maven,8,96,96
9664,vert-x3/vertx-examples,https://github.com/vert-x3/vertx-examples/blob/13877de3319130058d6e2dbca496c290e6831f6d/rxjava-3-examples/pom.xml#L96,<!-- We specify the Maven compiler plugin as we need to set it to Java 1.8 -->,[],Maven,8,96,96
9664,vert-x3/vertx-examples,https://github.com/vert-x3/vertx-examples/blob/13877de3319130058d6e2dbca496c290e6831f6d/service-proxy-examples/sockjs-proxies/pom.xml#L42,<!-- We specify the Maven compiler plugin as we need to set it to Java 1.8 -->,[],Maven,8,42,42
9664,vert-x3/vertx-examples,https://github.com/vert-x3/vertx-examples/blob/13877de3319130058d6e2dbca496c290e6831f6d/shell-examples/pom.xml#L19,<!-- Dropwizard provides the metrics-ls and metrics-info commands -->,[],Maven,4,19,19
9664,vert-x3/vertx-examples,https://github.com/vert-x3/vertx-examples/blob/13877de3319130058d6e2dbca496c290e6831f6d/shell-examples/pom.xml#L26,<!-- Used for deploying service:io.vertx.ext.shell -->,[],Maven,4,26,26
9664,vert-x3/vertx-examples,https://github.com/vert-x3/vertx-examples/blob/13877de3319130058d6e2dbca496c290e6831f6d/shell-examples/pom.xml#L40,<!-- declare this dependency to force shiro to use this one. It is the version used by vert.x -->,[],Maven,6,40,40
9664,vert-x3/vertx-examples,https://github.com/vert-x3/vertx-examples/blob/13877de3319130058d6e2dbca496c290e6831f6d/shell-examples/pom.xml#L51,<!-- We specify the Maven compiler plugin as we need to set it to Java 1.8 -->,[],Maven,8,51,51
9664,vert-x3/vertx-examples,https://github.com/vert-x3/vertx-examples/blob/13877de3319130058d6e2dbca496c290e6831f6d/spring-examples/spring-verticle-factory/pom.xml#L2,"<!--
  ~ Copyright 2017 Red Hat, Inc.
  ~
  ~ Red Hat licenses this file to you under the Apache License, version 2.0
  ~ (the ""License""); you may not use this file except in compliance with the
  ~ License.  You may obtain a copy of the License at:
  ~
  ~ http://www.apache.org/licenses/LICENSE-2.0
  ~
  ~ Unless required by applicable law or agreed to in writing, software
  ~ distributed under the License is distributed on an ""AS IS"" BASIS, WITHOUT
  ~ WARRANTIES OR CONDITIONS OF ANY KIND, either express or implied.  See the
  ~ License for the specific language governing permissions and limitations
  ~ under the License.
  -->",[],Maven,0,2,16
9664,vert-x3/vertx-examples,https://github.com/vert-x3/vertx-examples/blob/13877de3319130058d6e2dbca496c290e6831f6d/sql-client-examples/pom.xml#L53,<!-- Required by org.testcontainers:mysql -->,[],Maven,4,53,53
9664,vert-x3/vertx-examples,https://github.com/vert-x3/vertx-examples/blob/13877de3319130058d6e2dbca496c290e6831f6d/sql-client-examples/pom.xml#L65,<!-- We specify the Maven compiler plugin as we need to set it to Java 1.8 -->,[],Maven,8,65,65
9664,vert-x3/vertx-examples,https://github.com/vert-x3/vertx-examples/blob/13877de3319130058d6e2dbca496c290e6831f6d/unit-examples/pom.xml#L45,<!-- We specify the Maven compiler plugin as we need to set it to Java 1.8 -->,[],Maven,8,45,45
9664,vert-x3/vertx-examples,https://github.com/vert-x3/vertx-examples/blob/13877de3319130058d6e2dbca496c290e6831f6d/web-client-examples/pom.xml#L36,<!-- We specify the Maven compiler plugin as we need to set it to Java 1.8 -->,[],Maven,8,36,36
9664,vert-x3/vertx-examples,https://github.com/vert-x3/vertx-examples/blob/13877de3319130058d6e2dbca496c290e6831f6d/web-examples/pom.xml#L186,<!-- We specify the Maven compiler plugin as we need to set it to Java 1.8 -->,[],Maven,8,186,186
9664,vert-x3/vertx-examples,https://github.com/vert-x3/vertx-examples/blob/13877de3319130058d6e2dbca496c290e6831f6d/web-examples/pom.xml#L199,<!-- Rocker templates require the compile-time generator to work -->,[],Maven,6,199,199
9664,vert-x3/vertx-examples,https://github.com/vert-x3/vertx-examples/blob/13877de3319130058d6e2dbca496c290e6831f6d/web-examples/pom.xml#L222,"<!--
            The version of protoc must match protobuf-java. If you don't depend on
            protobuf-java directly, you will be transitively depending on the
            protobuf-java version that grpc depends on.
          -->",[],Maven,10,222,226
9664,vert-x3/vertx-examples,https://github.com/vert-x3/vertx-examples/blob/13877de3319130058d6e2dbca496c290e6831f6d/zipkin-examples/pom.xml#L56,<!-- We specify the Maven compiler plugin as we need to set it to Java 1.8 -->,[],Maven,8,56,56
