repoIndex,repoName,linkLocation,comment,keywords,buildSysteminFile,charPosition,startLine,endLine
9667,openhft/chronicle-bytes,https://github.com/openhft/chronicle-bytes/blob/a91a5f775677ead00ced6839c7aedeee2aff057b/pom.xml#L2,"<!--

    Copyright (c) 2016-2022 chronicle.software

        https://chronicle.software

    Licensed under the Apache License, Version 2.0 (the ""License"");
    you may not use this file except in compliance with the License.
    You may obtain a copy of the License at

        http://www.apache.org/licenses/LICENSE-2.0

    Unless required by applicable law or agreed to in writing, software
    distributed under the License is distributed on an ""AS IS"" BASIS,
    WITHOUT WARRANTIES OR CONDITIONS OF ANY KIND, either express or implied.
    See the License for the specific language governing permissions and
    limitations under the License.

-->",[],Maven,0,2,20
9667,openhft/chronicle-bytes,https://github.com/openhft/chronicle-bytes/blob/a91a5f775677ead00ced6839c7aedeee2aff057b/pom.xml#L91,<!-- test dependencies -->,[],Maven,8,91,91
9667,openhft/chronicle-bytes,https://github.com/openhft/chronicle-bytes/blob/a91a5f775677ead00ced6839c7aedeee2aff057b/pom.xml#L231,<!-- used to allow getClass().getPackage().getImplementationVersion() -->,[],Maven,12,231,231
9667,openhft/chronicle-bytes,https://github.com/openhft/chronicle-bytes/blob/a91a5f775677ead00ced6839c7aedeee2aff057b/pom.xml#L241,<!--                    <verbose>true</verbose>-->,[],Maven,20,241,241
9667,openhft/chronicle-bytes,https://github.com/openhft/chronicle-bytes/blob/a91a5f775677ead00ced6839c7aedeee2aff057b/pom.xml#L244,"<!--
                generate maven dependencies versions file that can be used later
                to install the right bundle in test phase.

                The file is:

                    target/classes/META-INF/maven/dependencies.properties
            -->",[],Maven,12,244,251
9667,openhft/chronicle-bytes,https://github.com/openhft/chronicle-bytes/blob/a91a5f775677ead00ced6839c7aedeee2aff057b/pom.xml#L287,"<!--
                      This execution makes sure that the manifest is available
                      when the tests are executed
                    -->",[],Maven,20,287,290
9667,openhft/chronicle-bytes,https://github.com/openhft/chronicle-bytes/blob/a91a5f775677ead00ced6839c7aedeee2aff057b/pom.xml#L379,<!--<exclude>META-INF/**</exclude>-->,[],Maven,32,379,379
9667,openhft/chronicle-bytes,https://github.com/openhft/chronicle-bytes/blob/a91a5f775677ead00ced6839c7aedeee2aff057b/pom.xml#L381,"<!--                                <exclude>net/openhft/chronicle/bytes/AbstractBytes.class</exclude>
                                                                <exclude>net/openhft/chronicle/bytes/AppendableUtil.class</exclude>
                                                                <exclude>net/openhft/chronicle/bytes/BinaryBytesMethodWriterInvocationHandler.class</exclude>
                                                                <exclude>net/openhft/chronicle/bytes/BinaryWireCode.class</exclude>
                                                                <exclude>net/openhft/chronicle/bytes/*.class</exclude>-->",[],Maven,32,381,385
9667,openhft/chronicle-bytes,https://github.com/openhft/chronicle-bytes/blob/a91a5f775677ead00ced6839c7aedeee2aff057b/microbenchmarks/pom.xml#L1,"<!--

    Copyright (c) 2016-2022 chronicle.software

        https://chronicle.software

    Licensed under the Apache License, Version 2.0 (the ""License"");
    you may not use this file except in compliance with the License.
    You may obtain a copy of the License at

        http://www.apache.org/licenses/LICENSE-2.0

    Unless required by applicable law or agreed to in writing, software
    distributed under the License is distributed on an ""AS IS"" BASIS,
    WITHOUT WARRANTIES OR CONDITIONS OF ANY KIND, either express or implied.
    See the License for the specific language governing permissions and
    limitations under the License.

-->",[],Maven,0,1,19
9667,openhft/chronicle-bytes,https://github.com/openhft/chronicle-bytes/blob/a91a5f775677ead00ced6839c7aedeee2aff057b/microbenchmarks/pom.xml#L125,"<!--
                                        Shading signed JARs will fail without this.
                                        http://stackoverflow.com/questions/999489/invalid-signature-file-when-attempting-to-run-a-jar
                                    -->",[],Maven,36,125,128
