repoIndex,repoName,linkLocation,comment,keywords,buildSysteminFile,charPosition,startLine,endLine
9868,pircbotx/pircbotx,https://github.com/pircbotx/pircbotx/blob/1107b339381785ba73c68023f463b725b17f5e86/pom.xml#L1,"<!--

    Copyright (C) 2010-2022 The PircBotX Project Authors

    This file is part of PircBotX.

    PircBotX is free software: you can redistribute it and/or modify it under the
    terms of the GNU General Public License as published by the Free Software
    Foundation, either version 3 of the License, or (at your option) any later
    version.

    PircBotX is distributed in the hope that it will be useful, but WITHOUT ANY
    WARRANTY; without even the implied warranty of MERCHANTABILITY or FITNESS FOR
    A PARTICULAR PURPOSE. See the GNU General Public License for more details.

    You should have received a copy of the GNU General Public License along with
    PircBotX. If not, see <http://www.gnu.org/licenses/>.

-->",[],Maven,0,1,19
9868,pircbotx/pircbotx,https://github.com/pircbotx/pircbotx/blob/1107b339381785ba73c68023f463b725b17f5e86/pom.xml#L22,"<!--
		Maven Information
	-->",[],Maven,1,22,24
9868,pircbotx/pircbotx,https://github.com/pircbotx/pircbotx/blob/1107b339381785ba73c68023f463b725b17f5e86/pom.xml#L31,"<!--
		Project information
	-->",[],Maven,1,31,33
9868,pircbotx/pircbotx,https://github.com/pircbotx/pircbotx/blob/1107b339381785ba73c68023f463b725b17f5e86/pom.xml#L82,<!-- Reproducible builds -->,[],Maven,2,82,82
9868,pircbotx/pircbotx,https://github.com/pircbotx/pircbotx/blob/1107b339381785ba73c68023f463b725b17f5e86/pom.xml#L86,"<!--
		Dependancies and Plugins
	-->",[],Maven,1,86,88
9868,pircbotx/pircbotx,https://github.com/pircbotx/pircbotx/blob/1107b339381785ba73c68023f463b725b17f5e86/pom.xml#L90,<!-- Project Lombok for annotation processing -->,[],Maven,2,90,90
9868,pircbotx/pircbotx,https://github.com/pircbotx/pircbotx/blob/1107b339381785ba73c68023f463b725b17f5e86/pom.xml#L103,<!-- Commons Lang for useful utilities -->,[],Maven,2,103,103
9868,pircbotx/pircbotx,https://github.com/pircbotx/pircbotx/blob/1107b339381785ba73c68023f463b725b17f5e86/pom.xml#L114,<!-- Slf4j for logging -->,[],Maven,2,114,114
9868,pircbotx/pircbotx,https://github.com/pircbotx/pircbotx/blob/1107b339381785ba73c68023f463b725b17f5e86/pom.xml#L119,<!-- Commons codec for base64 -->,[],Maven,2,119,119
9868,pircbotx/pircbotx,https://github.com/pircbotx/pircbotx/blob/1107b339381785ba73c68023f463b725b17f5e86/pom.xml#L125,<!-- Guava for collections -->,[],Maven,2,125,125
9868,pircbotx/pircbotx,https://github.com/pircbotx/pircbotx/blob/1107b339381785ba73c68023f463b725b17f5e86/pom.xml#L131,<!-- Use TestNG as testing framework -->,[],Maven,2,131,131
9868,pircbotx/pircbotx,https://github.com/pircbotx/pircbotx/blob/1107b339381785ba73c68023f463b725b17f5e86/pom.xml#L138,<!-- Mockito for mocking test objects-->,[],Maven,2,138,138
9868,pircbotx/pircbotx,https://github.com/pircbotx/pircbotx/blob/1107b339381785ba73c68023f463b725b17f5e86/pom.xml#L145,<!-- Logback for logging to console when testing -->,[],Maven,2,145,145
9868,pircbotx/pircbotx,https://github.com/pircbotx/pircbotx/blob/1107b339381785ba73c68023f463b725b17f5e86/pom.xml#L178,<!--Makes sure License Headers are consistant across all files-->,[],Maven,3,178,178
9868,pircbotx/pircbotx,https://github.com/pircbotx/pircbotx/blob/1107b339381785ba73c68023f463b725b17f5e86/pom.xml#L205,<!--Specifically target Java 8-->,[],Maven,3,205,205
9868,pircbotx/pircbotx,https://github.com/pircbotx/pircbotx/blob/1107b339381785ba73c68023f463b725b17f5e86/pom.xml#L218,<!--Do NOT show depreciation in test compile-->,[],Maven,4,218,218
9868,pircbotx/pircbotx,https://github.com/pircbotx/pircbotx/blob/1107b339381785ba73c68023f463b725b17f5e86/pom.xml#L235,<!-- Update version in PircBotX.java -->,[],Maven,3,235,235
9868,pircbotx/pircbotx,https://github.com/pircbotx/pircbotx/blob/1107b339381785ba73c68023f463b725b17f5e86/pom.xml#L258,<!--Use very verbose logging while testing-->,[],Maven,3,258,258
9868,pircbotx/pircbotx,https://github.com/pircbotx/pircbotx/blob/1107b339381785ba73c68023f463b725b17f5e86/pom.xml#L272,<!-- Fail build on dependency conflicts -->,[],Maven,3,272,272
9868,pircbotx/pircbotx,https://github.com/pircbotx/pircbotx/blob/1107b339381785ba73c68023f463b725b17f5e86/pom.xml#L295,<!-- Generate OSGi manifest metadata -->,[],Maven,3,295,295
9868,pircbotx/pircbotx,https://github.com/pircbotx/pircbotx/blob/1107b339381785ba73c68023f463b725b17f5e86/pom.xml#L308,<!-- Use OSGi manifest instead of generating an empty one -->,[],Maven,3,308,308
9868,pircbotx/pircbotx,https://github.com/pircbotx/pircbotx/blob/1107b339381785ba73c68023f463b725b17f5e86/pom.xml#L314,<!-- Improve dependency:go-offline -->,[],Maven,3,314,314
9868,pircbotx/pircbotx,https://github.com/pircbotx/pircbotx/blob/1107b339381785ba73c68023f463b725b17f5e86/pom.xml#L320,<!-- improve pom update checks -->,[],Maven,3,320,320
9868,pircbotx/pircbotx,https://github.com/pircbotx/pircbotx/blob/1107b339381785ba73c68023f463b725b17f5e86/pom.xml#L339,"<!--
		Distribution
	-->",[],Maven,1,339,341
9868,pircbotx/pircbotx,https://github.com/pircbotx/pircbotx/blob/1107b339381785ba73c68023f463b725b17f5e86/pom.xml#L343,<!--Site deploy repository-->,[],Maven,2,343,343
9868,pircbotx/pircbotx,https://github.com/pircbotx/pircbotx/blob/1107b339381785ba73c68023f463b725b17f5e86/pom.xml#L359,<!-- Make a unified jar with all of the dependencies -->,[],Maven,5,359,359
9868,pircbotx/pircbotx,https://github.com/pircbotx/pircbotx/blob/1107b339381785ba73c68023f463b725b17f5e86/pom.xml#L394,<!-- Make sources jar -->,[],Maven,5,394,394
9868,pircbotx/pircbotx,https://github.com/pircbotx/pircbotx/blob/1107b339381785ba73c68023f463b725b17f5e86/pom.xml#L411,<!--Delombok sources for tools like javadoc-->,[],Maven,2,411,411
9868,pircbotx/pircbotx,https://github.com/pircbotx/pircbotx/blob/1107b339381785ba73c68023f463b725b17f5e86/pom.xml#L426,<!-- Reproducible builds -->,[],Maven,8,426,426
9868,pircbotx/pircbotx,https://github.com/pircbotx/pircbotx/blob/1107b339381785ba73c68023f463b725b17f5e86/pom.xml#L428,<!-- Temporarily disable Java 8 super strict doclint -->,[],Maven,8,428,428
9868,pircbotx/pircbotx,https://github.com/pircbotx/pircbotx/blob/1107b339381785ba73c68023f463b725b17f5e86/pom.xml#L441,<!-- Isolated delombok for javadoc tool -->,[],Maven,5,441,441
9868,pircbotx/pircbotx,https://github.com/pircbotx/pircbotx/blob/1107b339381785ba73c68023f463b725b17f5e86/pom.xml#L461,<!-- DUPLICATES <reporting> - Generate jar on  -->,[],Maven,5,461,461
9868,pircbotx/pircbotx,https://github.com/pircbotx/pircbotx/blob/1107b339381785ba73c68023f463b725b17f5e86/pom.xml#L476,<!--Site generator -->,[],Maven,5,476,476
9868,pircbotx/pircbotx,https://github.com/pircbotx/pircbotx/blob/1107b339381785ba73c68023f463b725b17f5e86/pom.xml#L487,<!--JavaDoc setup for Jars-->,[],Maven,5,487,487
9868,pircbotx/pircbotx,https://github.com/pircbotx/pircbotx/blob/1107b339381785ba73c68023f463b725b17f5e86/pom.xml#L521,"<!-- Must verify before release, Maven Central is immutable! -->",[],Maven,7,521,521
9868,pircbotx/pircbotx,https://github.com/pircbotx/pircbotx/blob/1107b339381785ba73c68023f463b725b17f5e86/pom.xml#L550,<!-- Checkstyle site -->,[],Maven,5,550,550
9868,pircbotx/pircbotx,https://github.com/pircbotx/pircbotx/blob/1107b339381785ba73c68023f463b725b17f5e86/pom.xml#L567,<!-- Spotbugs static analysis -->,[],Maven,5,567,567
9868,pircbotx/pircbotx,https://github.com/pircbotx/pircbotx/blob/1107b339381785ba73c68023f463b725b17f5e86/pom.xml#L586,<!-- PMD Static Analysis -->,[],Maven,5,586,586
9868,pircbotx/pircbotx,https://github.com/pircbotx/pircbotx/blob/1107b339381785ba73c68023f463b725b17f5e86/pom.xml#L605,<!-- Unit test coverage -->,[],Maven,5,605,605
