repoIndex,repoName,linkLocation,comment,keywords,buildSysteminFile,charPosition,startLine,endLine
10302,evosuite/evosuite,https://github.com/evosuite/evosuite/blob/da3b0feb0fd5a479e8dd6de7ec43315090d782e2/client/pom.xml#L155,"<!-- FIXME: this is just temporary to make Master tests compile. To remove once ""com.examples..."" is properly handled -->",['fixme'],Maven,12,155,155
10302,evosuite/evosuite,https://github.com/evosuite/evosuite/blob/da3b0feb0fd5a479e8dd6de7ec43315090d782e2/master/pom.xml#L97,<!--  FIXME this is temporary -->,['fixme'],Maven,21,97,97
10302,evosuite/evosuite,https://github.com/evosuite/evosuite/blob/da3b0feb0fd5a479e8dd6de7ec43315090d782e2/master/pom.xml#L109,<!--TODO: this is added in parent pom too -->,['todo'],Maven,21,109,109
10302,evosuite/evosuite,https://github.com/evosuite/evosuite/blob/da3b0feb0fd5a479e8dd6de7ec43315090d782e2/master/pom.xml#L219,"<!-- //FIXME: tmp disable to understand what the hack is happening on Jenkins

            <plugin>
                <groupId>org.apache.maven.plugins</groupId>
                <artifactId>maven-surefire-plugin</artifactId>
                <version>2.18</version>
                <configuration>
                    <skipTests>${skipTests}</skipTests>
                    <forkCount>1</forkCount>
                    <reuseForks>false</reuseForks>
                    <reportFormat>xml</reportFormat>
                    <excludes>
                        <exclude>**/Test*.java</exclude>
                        <exclude>**/*Test.java</exclude>
                        <exclude>**/*TestCase.java</exclude>
                    </excludes>
                </configuration>
            </plugin>
            <plugin>
                <groupId>org.apache.maven.plugins</groupId>
                <artifactId>maven-failsafe-plugin</artifactId>
                <version>2.18</version>
                <configuration>
                    <includes>
                        <include>**/*IT.java</include>
                        <include>**/Test*.java</include>
                        <include>**/*Test.java</include>
                        <include>**/*TestCase.java</include>
                    </includes>
                </configuration>
                <executions>
                    <execution>
                        <id>failsafe-integration-tests</id>
                        <phase>integration-test</phase>
                        <goals>
                            <goal>integration-test</goal>
                        </goals>
                    </execution>
                </executions>
            </plugin>
    -->","['hack', 'fixme']",Maven,12,219,259
10302,evosuite/evosuite,https://github.com/evosuite/evosuite/blob/da3b0feb0fd5a479e8dd6de7ec43315090d782e2/plugins/jenkins/pom.xml#L18,<!-- FIXME change to http://wiki.jenkins-ci.org/display/JENKINS/EvoSuite+Jenkins+Plugin -->,['fixme'],Maven,38,18,18
