repoIndex,repoName,linkLocation,comment,keywords,buildSysteminFile,charPosition,startLine,endLine
10510,hazelcast/hazelcast-jet,https://github.com/hazelcast/hazelcast-jet/blob/50377c567922050b7c91ddbdc26f365a11e9f653/pom.xml#L520,"<!--
                Workaround for the issue with license plugin adding '**/*,txt' to includes
                https://github.com/mojohaus/license-maven-plugin/blob/license-maven-plugin-1.19/src/main/java/org/codehaus/mojo/license/AddThirdPartyMojo.java#L211
                -->",['workaround'],Maven,16,520,523
