repoIndex,repoName,linkLocation,comment,keywords,buildSysteminFile,charPosition,startLine,endLine
10711,wso2/product-ei,https://github.com/wso2/product-ei/blob/525dad3dcebe90af89936da1ea06ef9825419930/pom.xml#L1785,<!-- TODO: remove after refactor with ndatasource <carbon.datasource.version>4.2.0</carbon.datasource.version>-->,['todo'],Maven,8,1785,1785
10711,wso2/product-ei,https://github.com/wso2/product-ei/blob/525dad3dcebe90af89936da1ea06ef9825419930/integration/pom.xml#L57,"<!-- TODO Disabling following tests temporarily due to log limit in travis CI
                 NOTE: maven quiet mode is not solution due to Travis Build Timeouts -->",['todo'],Maven,16,57,58
10711,wso2/product-ei,https://github.com/wso2/product-ei/blob/525dad3dcebe90af89936da1ea06ef9825419930/product-scenarios/pom.xml#L87,<!--TODO Scenario 10 is commented until VFS is supported-->,['todo'],Maven,8,87,87
