repoIndex,repoName,linkLocation,comment,keywords,buildSysteminFile,charPosition,startLine,endLine
11431,swisspush/gateleen,https://github.com/swisspush/gateleen/blob/9487e6e94ba036f020701ce48c66c2e810af3e2b/gateleen-test/pom.xml#L312,"<!-- TODO: Get rid of those ugly explicit-excludes. This kludge just did cost me
                                           several hours of travis-debugging. IMHO this should be done using
                                           junit categories -->","['todo', 'ugly', 'kludge']",Maven,32,312,314
11431,swisspush/gateleen,https://github.com/swisspush/gateleen/blob/9487e6e94ba036f020701ce48c66c2e810af3e2b/gateleen-test/pom.xml#L331,"<!-- TODO: Get rid of those ugly per-test rules. This kludge just did cost me
                                           several hours of travis-debugging. IMHO this should be done using
                                           junit categories -->","['todo', 'ugly', 'kludge']",Maven,32,331,333
