repoIndex,repoName,linkLocation,comment,keywords,buildSysteminFile,charPosition,startLine,endLine
11752,corretto/corretto-8,https://github.com/corretto/corretto-8/blob/5be1486c3c17daa4c09c29d07813374b2ac24b6a/langtools/make/build.properties#L51,"# FIXME -- these need to match the standard values
# If we include date in full.version (ie for developer build)
# we will need to make sure the build is idempotent (i.e.
# repeated builds don't rebuild the tools, because of new
# timestamps
# FIXME -- need to include openjdk as needed",['fixme'],Ant,0,51,56
11752,corretto/corretto-8,https://github.com/corretto/corretto-8/blob/5be1486c3c17daa4c09c29d07813374b2ac24b6a/jaxp/build.xml#L139,<!-- Test. (FIXME: Need to know how to run tests.) -->,['fixme'],Ant,4,139,139
11752,corretto/corretto-8,https://github.com/corretto/corretto-8/blob/5be1486c3c17daa4c09c29d07813374b2ac24b6a/jaxp/build.xml#L199,<!-- XXX just <fileset> (restricted further to **/*.java) and no <packageset> -->,['xxx'],Ant,12,199,199
11752,corretto/corretto-8,https://github.com/corretto/corretto-8/blob/5be1486c3c17daa4c09c29d07813374b2ac24b6a/jaxws/build.xml#L158,<!-- Test. (FIXME: Need to know how to run tests.) -->,['fixme'],Ant,4,158,158
11752,corretto/corretto-8,https://github.com/corretto/corretto-8/blob/5be1486c3c17daa4c09c29d07813374b2ac24b6a/jdk/src/macosx/native/jobjc/build.xml#L191,"<!-- Use this indirection hack to work around buildit lockup when
  running the generator. -->",['hack'],Ant,2,191,192
11752,corretto/corretto-8,https://github.com/corretto/corretto-8/blob/5be1486c3c17daa4c09c29d07813374b2ac24b6a/langtools/make/build.xml#L294,"<!-- target can be invoked from an ide, the output of which can be used
         to access and fix the errors directly.
     -->",['fix'],Ant,4,294,296
11752,corretto/corretto-8,https://github.com/corretto/corretto-8/blob/5be1486c3c17daa4c09c29d07813374b2ac24b6a/langtools/make/build.xml#L1038,<!-- FIXME -->,['fixme'],Ant,53,1038,1038
11752,corretto/corretto-8,https://github.com/corretto/corretto-8/blob/5be1486c3c17daa4c09c29d07813374b2ac24b6a/langtools/make/build.xml#L1063,<!-- XXX just <fileset> (restricted further to **/*.java) and no <packageset> -->,['xxx'],Ant,20,1063,1063
11752,corretto/corretto-8,https://github.com/corretto/corretto-8/blob/5be1486c3c17daa4c09c29d07813374b2ac24b6a/nashorn/make/build.xml#L434,<!--hack for Windows - to make URLs with normal path separators -->,['hack'],Ant,122,434,434
11752,corretto/corretto-8,https://github.com/corretto/corretto-8/blob/5be1486c3c17daa4c09c29d07813374b2ac24b6a/nashorn/make/build.xml#L435,<!--hack for Unix - to avoid leading // in URLs -->,['hack'],Ant,122,435,435
11752,corretto/corretto-8,https://github.com/corretto/corretto-8/blob/5be1486c3c17daa4c09c29d07813374b2ac24b6a/common/autoconf/configure.ac#L184,# FIXME: Currently we must test this after toolchain but before flags. Fix!,"['fix', 'fixme']",Autotool,0,184,184
