repoIndex,repoName,linkLocation,comment,keywords,buildSysteminFile,charPosition,startLine,endLine
1207,entdark/jamme,https://github.com/entdark/jamme/blob/4154e8ac3b60968dbf8553e17d3828877ce9e490/android/jni/SDL2/configure.in#L11,"#
# Making releases:
# Edit include/SDL_version.h and change the version, then:
#   SDL_MICRO_VERSION += 1;
#   SDL_INTERFACE_AGE += 1;
#   SDL_BINARY_AGE += 1;
# if any functions have been added, set SDL_INTERFACE_AGE to 0.
# if backwards compatibility has been broken,
# set SDL_BINARY_AGE and SDL_INTERFACE_AGE to 0.
#",['broken'],Autotool,0,11,20
1207,entdark/jamme,https://github.com/entdark/jamme/blob/4154e8ac3b60968dbf8553e17d3828877ce9e490/android/jni/SDL2/configure.in#L2117,"# FIXME: latest Cygwin finds dinput headers, but we die on other win32 headers.
# FIXME:  ...so force it off for now.",['fixme'],Autotool,8,2117,2118
1207,entdark/jamme,https://github.com/entdark/jamme/blob/4154e8ac3b60968dbf8553e17d3828877ce9e490/android/jni/SDL2/configure.in#L2652,"# This could be either full ""Mac OS X"", or plain ""Darwin"" which is
# just the OS X kernel sans upper layers like Carbon and Cocoa.
# Next line is broken, and a few files below require Mac OS X (full)",['broken'],Autotool,8,2652,2654
1207,entdark/jamme,https://github.com/entdark/jamme/blob/4154e8ac3b60968dbf8553e17d3828877ce9e490/android/jni/libmad/configure.ac#L304,# FIXME: need to test for 64-bit long long...,['fixme'],Autotool,1,304,304
1207,entdark/jamme,https://github.com/entdark/jamme/blob/4154e8ac3b60968dbf8553e17d3828877ce9e490/android/jni/libmad/aclocal.m4#L1054,"# FIXME - insert some real tests, host_os isn't really good enough",['fixme'],Autotool,0,1054,1054
1207,entdark/jamme,https://github.com/entdark/jamme/blob/4154e8ac3b60968dbf8553e17d3828877ce9e490/android/jni/libmad/aclocal.m4#L1245,# FIXME: first we should search . and the directory the executable is in,['fixme'],Autotool,2,1245,1245
1207,entdark/jamme,https://github.com/entdark/jamme/blob/4154e8ac3b60968dbf8553e17d3828877ce9e490/android/jni/libmad/aclocal.m4#L1442,"# We used to test for /lib/ld.so.1 and disable shared libraries on
# powerpc, because MkLinux only supported shared libraries with the
# GNU dynamic linker.  Since this was broken with cross compilers,
# most powerpc-linux boxes support dynamic linking these days and
# people can always --disable-shared, the test was removed, and we
# assume the GNU/Linux dynamic linker is in use.",['broken'],Autotool,2,1442,1447
1207,entdark/jamme,https://github.com/entdark/jamme/blob/4154e8ac3b60968dbf8553e17d3828877ce9e490/android/jni/libmad/aclocal.m4#L1735,"# AC_ENABLE_SHARED([DEFAULT])
# ---------------------------
# implement the --enable-shared flag
# DEFAULT is either `yes' or `no'.  If omitted, it defaults to `yes'.",['implement'],Autotool,0,1735,1738
1207,entdark/jamme,https://github.com/entdark/jamme/blob/4154e8ac3b60968dbf8553e17d3828877ce9e490/android/jni/libmad/aclocal.m4#L1774,"# AC_ENABLE_STATIC([DEFAULT])
# ---------------------------
# implement the --enable-static flag
# DEFAULT is either `yes' or `no'.  If omitted, it defaults to `yes'.",['implement'],Autotool,0,1774,1777
1207,entdark/jamme,https://github.com/entdark/jamme/blob/4154e8ac3b60968dbf8553e17d3828877ce9e490/android/jni/libmad/aclocal.m4#L1813,"# AC_ENABLE_FAST_INSTALL([DEFAULT])
# ---------------------------------
# implement the --enable-fast-install flag
# DEFAULT is either `yes' or `no'.  If omitted, it defaults to `yes'.",['implement'],Autotool,0,1813,1816
1207,entdark/jamme,https://github.com/entdark/jamme/blob/4154e8ac3b60968dbf8553e17d3828877ce9e490/android/jni/libmad/aclocal.m4#L1852,"# AC_LIBTOOL_PICMODE([MODE])
# --------------------------
# implement the --with-pic flag
# MODE is either `yes' or `no'.  If omitted, it defaults to `both'.",['implement'],Autotool,0,1852,1855
1207,entdark/jamme,https://github.com/entdark/jamme/blob/4154e8ac3b60968dbf8553e17d3828877ce9e490/android/jni/libmad/aclocal.m4#L2560,"# Don't fix this by using the ld -exported_symbols_list flag, it doesn't exist in older darwin ld's",['fix'],Autotool,4,2560,2560
1207,entdark/jamme,https://github.com/entdark/jamme/blob/4154e8ac3b60968dbf8553e17d3828877ce9e490/android/jni/libmad/aclocal.m4#L2685,"# If archive_cmds runs LD, not CC, wlarc should be empty
# XXX I think wlarc can be eliminated in ltcf-cxx, but I need to
#     investigate it a little bit more. (MM)",['xxx'],Autotool,4,2685,2687
1207,entdark/jamme,https://github.com/entdark/jamme/blob/4154e8ac3b60968dbf8553e17d3828877ce9e490/android/jni/libmad/aclocal.m4#L2725,# FIXME: insert proper C++ library support,['fixme'],Autotool,4,2725,2725
1207,entdark/jamme,https://github.com/entdark/jamme/blob/4154e8ac3b60968dbf8553e17d3828877ce9e490/android/jni/libmad/aclocal.m4#L2756,"# When large executables or shared objects are built, AIX ld can
# have problems creating the table of contents.  If linking a library
# or program results in ""error TOC overflow"" add -mminimal-toc to
# CXXFLAGS/CFLAGS for g++/gcc.  In the cases where that is not
# enough to fix the problem, add -Wl,-bbigtoc to LDFLAGS.",['fix'],Autotool,4,2756,2760
1207,entdark/jamme,https://github.com/entdark/jamme/blob/4154e8ac3b60968dbf8553e17d3828877ce9e490/android/jni/libmad/aclocal.m4#L2769,"# We only want to do this on AIX 4.2 and lower, the check
# below for broken collect2 doesn't work under 4.3+",['broken'],Autotool,6,2769,2770
1207,entdark/jamme,https://github.com/entdark/jamme/blob/4154e8ac3b60968dbf8553e17d3828877ce9e490/android/jni/libmad/aclocal.m4#L2808,"# Warning - without using the other runtime loading flags (-brtl),
# -berok will link without error, but may produce a broken library.",['broken'],Autotool,6,2808,2809
1207,entdark/jamme,https://github.com/entdark/jamme/blob/4154e8ac3b60968dbf8553e17d3828877ce9e490/android/jni/libmad/aclocal.m4#L2825,"# Warning - without using the other run time loading flags,
# -berok will link without error, but may produce a broken library.",['broken'],Autotool,1,2825,2826
1207,entdark/jamme,https://github.com/entdark/jamme/blob/4154e8ac3b60968dbf8553e17d3828877ce9e490/android/jni/libmad/aclocal.m4#L2906,"# Don't fix this by using the ld -exported_symbols_list flag, it doesn't exist in older darwin ld's",['fix'],Autotool,4,2906,2906
1207,entdark/jamme,https://github.com/entdark/jamme/blob/4154e8ac3b60968dbf8553e17d3828877ce9e490/android/jni/libmad/aclocal.m4#L2926,# FIXME: insert proper C++ library support,['fixme'],Autotool,1,2926,2926
1207,entdark/jamme,https://github.com/entdark/jamme/blob/4154e8ac3b60968dbf8553e17d3828877ce9e490/android/jni/libmad/aclocal.m4#L2930,"# Green Hills C++ Compiler
# FIXME: insert proper C++ library support",['fixme'],Autotool,1,2930,2931
1207,entdark/jamme,https://github.com/entdark/jamme/blob/4154e8ac3b60968dbf8553e17d3828877ce9e490/android/jni/libmad/aclocal.m4#L2935,# FIXME: insert proper C++ library support,['fixme'],Autotool,1,2935,2935
1207,entdark/jamme,https://github.com/entdark/jamme/blob/4154e8ac3b60968dbf8553e17d3828877ce9e490/android/jni/libmad/aclocal.m4#L2941,# C++ shared libraries reported to be fairly broken before switch to ELF,['broken'],Autotool,4,2941,2941
1207,entdark/jamme,https://github.com/entdark/jamme/blob/4154e8ac3b60968dbf8553e17d3828877ce9e490/android/jni/libmad/aclocal.m4#L2965,# FIXME: insert proper C++ library support,['fixme'],Autotool,6,2965,2965
1207,entdark/jamme,https://github.com/entdark/jamme/blob/4154e8ac3b60968dbf8553e17d3828877ce9e490/android/jni/libmad/aclocal.m4#L2984,# FIXME: insert proper C++ library support,['fixme'],Autotool,8,2984,2984
1207,entdark/jamme,https://github.com/entdark/jamme/blob/4154e8ac3b60968dbf8553e17d3828877ce9e490/android/jni/libmad/aclocal.m4#L3030,# FIXME: insert proper C++ library support,['fixme'],Autotool,1,3030,3030
1207,entdark/jamme,https://github.com/entdark/jamme/blob/4154e8ac3b60968dbf8553e17d3828877ce9e490/android/jni/libmad/aclocal.m4#L3065,# FIXME: insert proper C++ library support,['fixme'],Autotool,3,3065,3065
1207,entdark/jamme,https://github.com/entdark/jamme/blob/4154e8ac3b60968dbf8553e17d3828877ce9e490/android/jni/libmad/aclocal.m4#L3156,# FIXME: insert proper C++ library support,['fixme'],Autotool,4,3156,3156
1207,entdark/jamme,https://github.com/entdark/jamme/blob/4154e8ac3b60968dbf8553e17d3828877ce9e490/android/jni/libmad/aclocal.m4#L3160,# FIXME: insert proper C++ library support,['fixme'],Autotool,4,3160,3160
1207,entdark/jamme,https://github.com/entdark/jamme/blob/4154e8ac3b60968dbf8553e17d3828877ce9e490/android/jni/libmad/aclocal.m4#L3166,# FIXME: insert proper C++ library support,['fixme'],Autotool,1,3166,3166
1207,entdark/jamme,https://github.com/entdark/jamme/blob/4154e8ac3b60968dbf8553e17d3828877ce9e490/android/jni/libmad/aclocal.m4#L3170,# FIXME: insert proper C++ library support,['fixme'],Autotool,1,3170,3170
1207,entdark/jamme,https://github.com/entdark/jamme/blob/4154e8ac3b60968dbf8553e17d3828877ce9e490/android/jni/libmad/aclocal.m4#L3183,# Workaround some broken pre-1.5 toolchains,"['broken', 'workaround']",Autotool,4,3183,3183
1207,entdark/jamme,https://github.com/entdark/jamme/blob/4154e8ac3b60968dbf8553e17d3828877ce9e490/android/jni/libmad/aclocal.m4#L3205,"# Rational C++ 2.4.1
# FIXME: insert proper C++ library support",['fixme'],Autotool,1,3205,3206
1207,entdark/jamme,https://github.com/entdark/jamme/blob/4154e8ac3b60968dbf8553e17d3828877ce9e490/android/jni/libmad/aclocal.m4#L3240,# FIXME: insert proper C++ library support,['fixme'],Autotool,3,3240,3240
1207,entdark/jamme,https://github.com/entdark/jamme/blob/4154e8ac3b60968dbf8553e17d3828877ce9e490/android/jni/libmad/aclocal.m4#L3264,"# Rational C++ 2.4.1
# FIXME: insert proper C++ library support",['fixme'],Autotool,1,3264,3265
1207,entdark/jamme,https://github.com/entdark/jamme/blob/4154e8ac3b60968dbf8553e17d3828877ce9e490/android/jni/libmad/aclocal.m4#L3427,"# NonStop-UX NCC 3.20
# FIXME: insert proper C++ library support",['fixme'],Autotool,1,3427,3428
1207,entdark/jamme,https://github.com/entdark/jamme/blob/4154e8ac3b60968dbf8553e17d3828877ce9e490/android/jni/libmad/aclocal.m4#L3432,# FIXME: insert proper C++ library support,['fixme'],Autotool,1,3432,3432
1207,entdark/jamme,https://github.com/entdark/jamme/blob/4154e8ac3b60968dbf8553e17d3828877ce9e490/android/jni/libmad/aclocal.m4#L3438,# FIXME: insert proper C++ library support,['fixme'],Autotool,4,3438,3438
1207,entdark/jamme,https://github.com/entdark/jamme/blob/4154e8ac3b60968dbf8553e17d3828877ce9e490/android/jni/libmad/aclocal.m4#L3442,# FIXME: insert proper C++ library support,['fixme'],Autotool,4,3442,3442
1207,entdark/jamme,https://github.com/entdark/jamme/blob/4154e8ac3b60968dbf8553e17d3828877ce9e490/android/jni/libmad/aclocal.m4#L5200,"# Neither direct hardcoding nor static linking is supported with a
# broken collect2.",['broken'],Autotool,1,5200,5201
1207,entdark/jamme,https://github.com/entdark/jamme/blob/4154e8ac3b60968dbf8553e17d3828877ce9e490/android/jni/libmad/aclocal.m4#L5239,"# When large executables or shared objects are built, AIX ld can
# have problems creating the table of contents.  If linking a library
# or program results in ""error TOC overflow"" add -mminimal-toc to
# CXXFLAGS/CFLAGS for g++/gcc.  In the cases where that is not
# enough to fix the problem, add -Wl,-bbigtoc to LDFLAGS.",['fix'],Autotool,6,5239,5243
1207,entdark/jamme,https://github.com/entdark/jamme/blob/4154e8ac3b60968dbf8553e17d3828877ce9e490/android/jni/libmad/aclocal.m4#L5252,"# We only want to do this on AIX 4.2 and lower, the check
# below for broken collect2 doesn't work under 4.3+",['broken'],Autotool,1,5252,5253
1207,entdark/jamme,https://github.com/entdark/jamme/blob/4154e8ac3b60968dbf8553e17d3828877ce9e490/android/jni/libmad/aclocal.m4#L5291,"# Warning - without using the other runtime loading flags (-brtl),
# -berok will link without error, but may produce a broken library.",['broken'],Autotool,1,5291,5292
1207,entdark/jamme,https://github.com/entdark/jamme/blob/4154e8ac3b60968dbf8553e17d3828877ce9e490/android/jni/libmad/aclocal.m4#L5307,"# Warning - without using the other run time loading flags,
# -berok will link without error, but may produce a broken library.",['broken'],Autotool,3,5307,5308
1207,entdark/jamme,https://github.com/entdark/jamme/blob/4154e8ac3b60968dbf8553e17d3828877ce9e490/android/jni/libmad/aclocal.m4#L5345,# FIXME: Setting linknames here is a bad hack.,"['hack', 'fixme']",Autotool,6,5345,5345
1207,entdark/jamme,https://github.com/entdark/jamme/blob/4154e8ac3b60968dbf8553e17d3828877ce9e490/android/jni/libmad/aclocal.m4#L5388,"# Don't fix this by using the ld -exported_symbols_list flag, it doesn't exist in older darwin ld's",['fix'],Autotool,6,5388,5388
1207,entdark/jamme,https://github.com/entdark/jamme/blob/4154e8ac3b60968dbf8553e17d3828877ce9e490/android/jni/libmad/aclocal.m4#L5743,# FIXME: we may have to deal with multi-command sequences.,['fixme'],Autotool,6,5743,5743
1207,entdark/jamme,https://github.com/entdark/jamme/blob/4154e8ac3b60968dbf8553e17d3828877ce9e490/android/jni/libmad/aclocal.m4#L6316,"# AM_OUTPUT_DEPENDENCY_COMMANDS
# -----------------------------
# This macro should only be invoked once -- use via AC_REQUIRE.
#
# This code is only required when automatic dependency tracking
# is enabled.  FIXME.  This creates each `.P' file that we will
# need in order to bootstrap the dependency handling code.",['fixme'],Autotool,0,6316,6322
1207,entdark/jamme,https://github.com/entdark/jamme/blob/4154e8ac3b60968dbf8553e17d3828877ce9e490/android/jni/libmad/aclocal.m4#L6792,"# If neither matched, then we have a broken ls.  This can happen
# if, for instance, CONFIG_SHELL is bash and it inherits a
# broken ls alias from the environment.  This has actually
# happened.  Such a system could not be considered ""sane"".",['broken'],Autotool,6,6792,6795
1207,entdark/jamme,https://github.com/entdark/jamme/blob/4154e8ac3b60968dbf8553e17d3828877ce9e490/android/jni/SDL2/CMakeLists.txt#L22,"# General settings
# Edit include/SDL_version.h and change the version, then:
#   SDL_MICRO_VERSION += 1;
#   SDL_INTERFACE_AGE += 1;
#   SDL_BINARY_AGE += 1;
# if any functions have been added, set SDL_INTERFACE_AGE to 0.
# if backwards compatibility has been broken,
# set SDL_BINARY_AGE and SDL_INTERFACE_AGE to 0.",['broken'],CMake,0,22,29
1207,entdark/jamme,https://github.com/entdark/jamme/blob/4154e8ac3b60968dbf8553e17d3828877ce9e490/android/jni/SDL2/CMakeLists.txt#L97,# TODO: iOS?,['todo'],CMake,2,97,97
1207,entdark/jamme,https://github.com/entdark/jamme/blob/4154e8ac3b60968dbf8553e17d3828877ce9e490/android/jni/SDL2/CMakeLists.txt#L229,"# TODO: We should (should we?) respect cmake's ${BUILD_SHARED_LIBS} flag here
# The options below are for compatibility to configure's default behaviour.",['todo'],CMake,0,229,230
1207,entdark/jamme,https://github.com/entdark/jamme/blob/4154e8ac3b60968dbf8553e17d3828877ce9e490/android/jni/SDL2/CMakeLists.txt#L320,"# TODO: Those all seem to be quite GCC specific - needs to be
# reworked for better compiler support",['todo'],CMake,4,320,321
1207,entdark/jamme,https://github.com/entdark/jamme/blob/4154e8ac3b60968dbf8553e17d3828877ce9e490/android/jni/SDL2/CMakeLists.txt#L442,"# TODO: SDL_cpuinfo.h needs to support the user's configuration wish
# for MSVC - right now it is always activated",['todo'],CMake,4,442,443
1207,entdark/jamme,https://github.com/entdark/jamme/blob/4154e8ac3b60968dbf8553e17d3828877ce9e490/android/jni/SDL2/CMakeLists.txt#L452,"# TODO:
#else(ASSEMBLY)
#  if(USE_GCC OR USE_CLANG)
#    list(APPEND EXTRA_CFLAGS ""-mno-sse"" ""-mno-sse2"" ""-mno-mmx"")
#  endif(USE_GCC OR USE_CLANG)",['todo'],CMake,0,452,456
1207,entdark/jamme,https://github.com/entdark/jamme/blob/4154e8ac3b60968dbf8553e17d3828877ce9e490/android/jni/SDL2/CMakeLists.txt#L459,"# TODO: Can't deactivate on FreeBSD? w/o LIBC, SDL_stdinc.h can't define
# anything.",['todo'],CMake,0,459,460
1207,entdark/jamme,https://github.com/entdark/jamme/blob/4154e8ac3b60968dbf8553e17d3828877ce9e490/android/jni/SDL2/CMakeLists.txt#L499,# TODO: refine the mprotect check,['todo'],CMake,4,499,499
1207,entdark/jamme,https://github.com/entdark/jamme/blob/4154e8ac3b60968dbf8553e17d3828877ce9e490/android/jni/SDL2/CMakeLists.txt#L569,"# TODO: in configure.in, the test for LOADSO and SDL_DLOPEN is a bit weird:
# if LOADSO is not wanted, SDL_LOADSO_DISABLED is set
# If however on Unix or APPLE dlopen() is detected via CheckDLOPEN(),
# SDL_LOADSO_DISABLED will not be set, regardless of the LOADSO settings",['todo'],CMake,0,569,572
1207,entdark/jamme,https://github.com/entdark/jamme/blob/4154e8ac3b60968dbf8553e17d3828877ce9e490/android/jni/SDL2/CMakeLists.txt#L664,"# !!! FIXME: this needs pkg-config to find the include path, I think.",['fixme'],CMake,4,664,664
1207,entdark/jamme,https://github.com/entdark/jamme/blob/4154e8ac3b60968dbf8553e17d3828877ce9e490/android/jni/SDL2/CMakeLists.txt#L758,# TODO: change $ENV{DXSDL_DIR} to get the path from the include checks,['todo'],CMake,6,758,758
1207,entdark/jamme,https://github.com/entdark/jamme/blob/4154e8ac3b60968dbf8553e17d3828877ce9e490/android/jni/SDL2/CMakeLists.txt#L820,"# TODO: in configure.in the check for timers is set on
# cygwin | mingw32* - does this include mingw32CE?",['todo'],CMake,2,820,821
1207,entdark/jamme,https://github.com/entdark/jamme/blob/4154e8ac3b60968dbf8553e17d3828877ce9e490/android/jni/SDL2/CMakeLists.txt#L875,"# TODO: rework this for proper MacOS X, iOS and Darwin support",['todo'],CMake,2,875,875
1207,entdark/jamme,https://github.com/entdark/jamme/blob/4154e8ac3b60968dbf8553e17d3828877ce9e490/android/jni/SDL2/CMakeLists.txt#L953,# iOS hack needed - http://code.google.com/p/ios-cmake/ ?,['hack'],CMake,2,953,953
1207,entdark/jamme,https://github.com/entdark/jamme/blob/4154e8ac3b60968dbf8553e17d3828877ce9e490/android/jni/SDL2/CMakeLists.txt#L977,# TODO: Use FIND_PACKAGE(OpenGL) instead,['todo'],CMake,6,977,977
1207,entdark/jamme,https://github.com/entdark/jamme/blob/4154e8ac3b60968dbf8553e17d3828877ce9e490/android/jni/SDL2/CMakeLists.txt#L1055,"# TODO: we need a Windows script, too",['todo'],CMake,2,1055,1055
1207,entdark/jamme,https://github.com/entdark/jamme/blob/4154e8ac3b60968dbf8553e17d3828877ce9e490/android/jni/SDL2/CMakeLists.txt#L1167,"# TODO: Win32 platforms keep the same suffix .lib for import and static
# libraries - do we need to consider this?",['todo'],CMake,2,1167,1168
1207,entdark/jamme,https://github.com/entdark/jamme/blob/4154e8ac3b60968dbf8553e17d3828877ce9e490/android/jni/SDL2/CMakeLists.txt#L1203,# TODO: what about the .spec file? Is it only needed for RPM creation?,['todo'],CMake,2,1203,1203
1207,entdark/jamme,https://github.com/entdark/jamme/blob/4154e8ac3b60968dbf8553e17d3828877ce9e490/codemp/CMakeLists.txt#L320,# TODO: replace the following with proper library? Update it?,['todo'],CMake,1,320,320
1207,entdark/jamme,https://github.com/entdark/jamme/blob/4154e8ac3b60968dbf8553e17d3828877ce9e490/codemp/CMakeLists.txt#L416,# TODO: Allow for use of external library,['todo'],CMake,1,416,416
1207,entdark/jamme,https://github.com/entdark/jamme/blob/4154e8ac3b60968dbf8553e17d3828877ce9e490/codemp/CMakeLists.txt#L531,# todo: windows resources,['todo'],CMake,1,531,531
1207,entdark/jamme,https://github.com/entdark/jamme/blob/4154e8ac3b60968dbf8553e17d3828877ce9e490/android/jni/SDL2/cmake/sdlchecks.cmake#L183,# TODO,['todo'],CMake,10,183,183
1207,entdark/jamme,https://github.com/entdark/jamme/blob/4154e8ac3b60968dbf8553e17d3828877ce9e490/android/jni/SDL2/cmake/sdlchecks.cmake#L204,"# TODO: set include paths properly, so the NAS headers are found",['todo'],CMake,4,204,204
1207,entdark/jamme,https://github.com/entdark/jamme/blob/4154e8ac3b60968dbf8553e17d3828877ce9e490/android/jni/SDL2/cmake/sdlchecks.cmake#L235,"# TODO: set include paths properly, so the sndio headers are found",['todo'],CMake,4,235,235
