repoIndex,repoName,linkLocation,comment,keywords,buildSysteminFile,charPosition,startLine,endLine
12267,wso2/micro-integrator,https://github.com/wso2/micro-integrator/blob/8d6f83be5bbbf74675752fce1f949dfa2b133cad/pom.xml#L472,<!--TODO Temporary dependencies. Must clean later-->,['todo'],Maven,12,472,472
12267,wso2/micro-integrator,https://github.com/wso2/micro-integrator/blob/8d6f83be5bbbf74675752fce1f949dfa2b133cad/pom.xml#L1620,"<!--todo change this to appropriate version range ([1.2.11,1.3.0)) after osgi bundle is corrected - rajith-->",['todo'],Maven,73,1620,1620
12267,wso2/micro-integrator,https://github.com/wso2/micro-integrator/blob/8d6f83be5bbbf74675752fce1f949dfa2b133cad/pom.xml#L1624,"<!-- todo  org.apache.commons.logging package version changed to this since there are no version in current export, after it was fixed change accordingly (should be able to use carbon.kernel.imp.pkg.version). - rajith-->",['todo'],Maven,95,1624,1624
12267,wso2/micro-integrator,https://github.com/wso2/micro-integrator/blob/8d6f83be5bbbf74675752fce1f949dfa2b133cad/pom.xml#L1628,<!-- todo change this once commons-io is corrected to use correct version exports - rajith -->,['todo'],Maven,83,1628,1628
12267,wso2/micro-integrator,https://github.com/wso2/micro-integrator/blob/8d6f83be5bbbf74675752fce1f949dfa2b133cad/pom.xml#L1631,"<!--todo change this to appropriate version range ([1.0.0.wso2v1,1.1.0)) after osgi bundle was corrected -->",['todo'],Maven,79,1631,1631
12267,wso2/micro-integrator,https://github.com/wso2/micro-integrator/blob/8d6f83be5bbbf74675752fce1f949dfa2b133cad/pom.xml#L1637,"<!--todo change this to appropriate version range ([1.8.wso2v1,1.9)) after osgi bundle was corrected -->",['todo'],Maven,77,1637,1637
12267,wso2/micro-integrator,https://github.com/wso2/micro-integrator/blob/8d6f83be5bbbf74675752fce1f949dfa2b133cad/pom.xml#L1640,"<!--todo change this to appropriate version range ([3.9.0.wso2v3,4.0.0)) after osgi bundle is corrected - rajith-->",['todo'],Maven,81,1640,1640
12267,wso2/micro-integrator,https://github.com/wso2/micro-integrator/blob/8d6f83be5bbbf74675752fce1f949dfa2b133cad/pom.xml#L1645,<!-- todo remove this and use {carbon.kernel.imp.pkg.version} after registry bundles are corrected to export correct versions-->,['todo'],Maven,81,1645,1645
12267,wso2/micro-integrator,https://github.com/wso2/micro-integrator/blob/8d6f83be5bbbf74675752fce1f949dfa2b133cad/pom.xml#L1648,"<!--todo change this to appropriate version range ([2.11.4.wso2v1,2.12.0)) after osgi bundle is corrected - rajith-->",['todo'],Maven,105,1648,1648
12267,wso2/micro-integrator,https://github.com/wso2/micro-integrator/blob/8d6f83be5bbbf74675752fce1f949dfa2b133cad/pom.xml#L1660,"<!--todo change this to appropriate version range ([2.0.0.wso2v2,2.1.0)) after osgi bundle is corrected - rajith-->",['todo'],Maven,101,1660,1660
12267,wso2/micro-integrator,https://github.com/wso2/micro-integrator/blob/8d6f83be5bbbf74675752fce1f949dfa2b133cad/pom.xml#L1663,"<!--todo change this to appropriate version range ([1.0.0-wso2v2,1.1.0)) after osgi bundle is corrected - rajith-->",['todo'],Maven,83,1663,1663
12267,wso2/micro-integrator,https://github.com/wso2/micro-integrator/blob/8d6f83be5bbbf74675752fce1f949dfa2b133cad/pom.xml#L1666,"<!--todo change this to appropriate version range ([1.4.0.wso2v1,1.5.0)) after osgi bundle is corrected - rajith-->",['todo'],Maven,89,1666,1666
12267,wso2/micro-integrator,https://github.com/wso2/micro-integrator/blob/8d6f83be5bbbf74675752fce1f949dfa2b133cad/pom.xml#L1668,"<!--        <osgi.imp.pkg.version>[1.9.0,2.0.0)</osgi.imp.pkg.version> &lt;!&ndash; todo change this version to proper version range after osgi bundles are corrected (because export versions are different from bundle version) -rajith &ndash;&gt;-->",['todo'],Maven,0,1668,1668
12267,wso2/micro-integrator,https://github.com/wso2/micro-integrator/blob/8d6f83be5bbbf74675752fce1f949dfa2b133cad/pom.xml#L1669,<!-- todo change this version to proper version range after osgi bundles are corrected -rajith -->,['todo'],Maven,83,1669,1669
12267,wso2/micro-integrator,https://github.com/wso2/micro-integrator/blob/8d6f83be5bbbf74675752fce1f949dfa2b133cad/pom.xml#L1671,<!-- todo remove this and use {carbon-commons.imp.pkg.version} after org.wso2.carbon.transaction.manager (bundle - org.wso2.carbon.transaction.manager) is corrected to export correct versions-->,['todo'],Maven,109,1671,1671
12267,wso2/micro-integrator,https://github.com/wso2/micro-integrator/blob/8d6f83be5bbbf74675752fce1f949dfa2b133cad/pom.xml#L1673,<!-- todo remove this and use {carbon.kernel.imp.pkg.version} after carbon base bundles are corrected to export correct versions-->,['todo'],Maven,89,1673,1673
12267,wso2/micro-integrator,https://github.com/wso2/micro-integrator/blob/8d6f83be5bbbf74675752fce1f949dfa2b133cad/pom.xml#L1681,<!-- todo remove this and use {carbon.kernel.imp.pkg.version} after carbon base bundles are corrected to export correct versions-->,['todo'],Maven,73,1681,1681
12267,wso2/micro-integrator,https://github.com/wso2/micro-integrator/blob/8d6f83be5bbbf74675752fce1f949dfa2b133cad/pom.xml#L1683,"<!--todo change this to appropriate version range ([3.9.0,4.0.0)) after osgi bundle is corrected - rajith-->",['todo'],Maven,69,1683,1683
12267,wso2/micro-integrator,https://github.com/wso2/micro-integrator/blob/8d6f83be5bbbf74675752fce1f949dfa2b133cad/pom.xml#L1684,"<!--todo change this to appropriate version range ([3.9.0.wso2v3,4.0.0)) after osgi bundle is corrected - rajith-->",['todo'],Maven,81,1684,1684
12267,wso2/micro-integrator,https://github.com/wso2/micro-integrator/blob/8d6f83be5bbbf74675752fce1f949dfa2b133cad/pom.xml#L1688,<!-- todo remove this and use {carbon-commons.imp.pkg.version} after org.wso2.carbon.transaction.manager (bundle - org.wso2.carbon.transaction.manager) is corrected to export correct versions-->,['todo'],Maven,109,1688,1688
12267,wso2/micro-integrator,https://github.com/wso2/micro-integrator/blob/8d6f83be5bbbf74675752fce1f949dfa2b133cad/pom.xml#L1699,"<!--todo change this to appropriate version range ([3.9.0,4.0.0)) after osgi bundle is corrected - rajith-->",['todo'],Maven,69,1699,1699
12267,wso2/micro-integrator,https://github.com/wso2/micro-integrator/blob/8d6f83be5bbbf74675752fce1f949dfa2b133cad/pom.xml#L1712,<!--todo need to check for latest - rajith-->,['todo'],Maven,41,1712,1712
12267,wso2/micro-integrator,https://github.com/wso2/micro-integrator/blob/8d6f83be5bbbf74675752fce1f949dfa2b133cad/pom.xml#L1726,<!-- todo remove this and use identity.imp.pkg.version - rajith (temparory done)-->,['todo'],Maven,97,1726,1726
12267,wso2/micro-integrator,https://github.com/wso2/micro-integrator/blob/8d6f83be5bbbf74675752fce1f949dfa2b133cad/pom.xml#L1732,"<!--todo change this to appropriate version range ([1.2.11,1.3.0)) after osgi bundle is corrected - rajith-->",['todo'],Maven,73,1732,1732
12267,wso2/micro-integrator,https://github.com/wso2/micro-integrator/blob/8d6f83be5bbbf74675752fce1f949dfa2b133cad/components/data/data-services/org.wso2.micro.integrator.dataservices.core/pom.xml#L351,<!-- todo use this once osgi bundles were used to export correct versions -rajith -->,['todo'],Maven,54,351,351
12267,wso2/micro-integrator,https://github.com/wso2/micro-integrator/blob/8d6f83be5bbbf74675752fce1f949dfa2b133cad/components/data/data-services/org.wso2.micro.integrator.dataservices.core/pom.xml#L374,"<!--javax.transaction todo need to check this and add if needed. this needs jboss transactions, but for now it's not included in the server-->",['todo'],Maven,28,374,374
12267,wso2/micro-integrator,https://github.com/wso2/micro-integrator/blob/8d6f83be5bbbf74675752fce1f949dfa2b133cad/components/mediation/mediators/cache-mediator/org.wso2.carbon.mediator.cache/pom.xml#L45,"<!--
                    TODO These exclusions added to remove transitive dependencies to kernel. We can clean this up once
                    we clean the org.wso2.micro.integrator.core
                -->",['todo'],Maven,16,45,48
12267,wso2/micro-integrator,https://github.com/wso2/micro-integrator/blob/8d6f83be5bbbf74675752fce1f949dfa2b133cad/components/org.wso2.micro.integrator.security/pom.xml#L74,"<!--TODO : following exclusions can be removed after cleaning up dependencies of
                rg.wso2.micro.integrator.core
                 -->",['todo'],Maven,16,74,76
12267,wso2/micro-integrator,https://github.com/wso2/micro-integrator/blob/8d6f83be5bbbf74675752fce1f949dfa2b133cad/distribution/pom.xml#L268,<!-- TODO Enable after configuring Jenkins to push docker -->,['todo'],Maven,20,268,268
12267,wso2/micro-integrator,https://github.com/wso2/micro-integrator/blob/8d6f83be5bbbf74675752fce1f949dfa2b133cad/integration/pom.xml#L724,"<!--            TODO Remove after fixing the test cases, kept for compilation purposes.-->",['todo'],Maven,12,724,724
12267,wso2/micro-integrator,https://github.com/wso2/micro-integrator/blob/8d6f83be5bbbf74675752fce1f949dfa2b133cad/integration/pom.xml#L849,"<!-- TODO Remove after fixing the test cases, kept for compilation purposes.-->",['todo'],Maven,8,849,849
12267,wso2/micro-integrator,https://github.com/wso2/micro-integrator/blob/8d6f83be5bbbf74675752fce1f949dfa2b133cad/p2-profile/pom.xml#L119,<!--                                &lt;!&ndash;TODO&ndash;&gt;-->,['todo'],Maven,0,119,119
12267,wso2/micro-integrator,https://github.com/wso2/micro-integrator/blob/8d6f83be5bbbf74675752fce1f949dfa2b133cad/p2-profile/pom.xml#L320,"<!--TODO This feature corresponds to Admin Services, hence we might not need this
                                <feature>
                                    <id>org.wso2.carbon.mediation.configadmin.server.feature.group</id>
                                    <version>${carbon.mediation.version}</version>
                                </feature>-->",['todo'],Maven,31,320,324
12267,wso2/micro-integrator,https://github.com/wso2/micro-integrator/blob/8d6f83be5bbbf74675752fce1f949dfa2b133cad/product-scenarios/pom.xml#L89,<!--TODO Scenario 10 is commented until VFS is supported-->,['todo'],Maven,16,89,89
