repoIndex,repoName,linkLocation,comment,keywords,buildSysteminFile,charPosition,startLine,endLine
12307,mdsplus/mdsplus,https://github.com/mdsplus/mdsplus/blob/b589b2cb29d93e0ba081670c912be18801b71c20/setevent/Makefile.am#L3,#FIXME: Use rpath-link until build system is flattened,['fixme'],Autotool,0,3,3
12307,mdsplus/mdsplus,https://github.com/mdsplus/mdsplus/blob/b589b2cb29d93e0ba081670c912be18801b71c20/setevent/Makefile.am#L17,"#FIXME: Clean up LIBS in top level configure
#LIBS=",['fixme'],Autotool,0,17,18
12307,mdsplus/mdsplus,https://github.com/mdsplus/mdsplus/blob/b589b2cb29d93e0ba081670c912be18801b71c20/wfevent/Makefile.am#L3,#FIXME: Use rpath-link until build system is flattened,['fixme'],Autotool,0,3,3
12307,mdsplus/mdsplus,https://github.com/mdsplus/mdsplus/blob/b589b2cb29d93e0ba081670c912be18801b71c20/wfevent/Makefile.am#L17,"#FIXME: Clean up LIBS in top level configure
#LIBS=",['fixme'],Autotool,0,17,18
12307,mdsplus/mdsplus,https://github.com/mdsplus/mdsplus/blob/b589b2cb29d93e0ba081670c912be18801b71c20/Makefile.in#L201,## TODO: remove this and config.h from headers ...,['todo'],Autotool,120,201,201
12307,mdsplus/mdsplus,https://github.com/mdsplus/mdsplus/blob/b589b2cb29d93e0ba081670c912be18801b71c20/mdstcpip/Makefile.in#L35,# fix this,['fix'],Autotool,0,35,35
12307,mdsplus/mdsplus,https://github.com/mdsplus/mdsplus/blob/b589b2cb29d93e0ba081670c912be18801b71c20/configure.ac#L163,dnl This is a workaround to maintain both JAVA_HOME and JDK_DIR env,['workaround'],Autotool,1,163,163
12307,mdsplus/mdsplus,https://github.com/mdsplus/mdsplus/blob/b589b2cb29d93e0ba081670c912be18801b71c20/configure.ac#L935,#FIXME: Change the above to AS_VAR_APPEND with a new autoconf version (2.64+?),['fixme'],Autotool,0,935,935
