repoIndex,repoName,linkLocation,comment,keywords,buildSysteminFile,charPosition,startLine,endLine
12310,ibmruntimes/openj9-openjdk-jdk8,https://github.com/ibmruntimes/openj9-openjdk-jdk8/blob/8e8d4d3ae262f8d653e6068f886fdae18b17e97e/langtools/make/build.properties#L51,"# FIXME -- these need to match the standard values
# If we include date in full.version (ie for developer build)
# we will need to make sure the build is idempotent (i.e.
# repeated builds don't rebuild the tools, because of new
# timestamps
# FIXME -- need to include openjdk as needed",['fixme'],Ant,0,51,56
12310,ibmruntimes/openj9-openjdk-jdk8,https://github.com/ibmruntimes/openj9-openjdk-jdk8/blob/8e8d4d3ae262f8d653e6068f886fdae18b17e97e/jaxp/build.xml#L139,<!-- Test. (FIXME: Need to know how to run tests.) -->,['fixme'],Ant,4,139,139
12310,ibmruntimes/openj9-openjdk-jdk8,https://github.com/ibmruntimes/openj9-openjdk-jdk8/blob/8e8d4d3ae262f8d653e6068f886fdae18b17e97e/jaxp/build.xml#L199,<!-- XXX just <fileset> (restricted further to **/*.java) and no <packageset> -->,['xxx'],Ant,12,199,199
12310,ibmruntimes/openj9-openjdk-jdk8,https://github.com/ibmruntimes/openj9-openjdk-jdk8/blob/8e8d4d3ae262f8d653e6068f886fdae18b17e97e/jaxws/build.xml#L158,<!-- Test. (FIXME: Need to know how to run tests.) -->,['fixme'],Ant,4,158,158
12310,ibmruntimes/openj9-openjdk-jdk8,https://github.com/ibmruntimes/openj9-openjdk-jdk8/blob/8e8d4d3ae262f8d653e6068f886fdae18b17e97e/jdk/src/macosx/native/jobjc/build.xml#L191,"<!-- Use this indirection hack to work around buildit lockup when
  running the generator. -->",['hack'],Ant,2,191,192
12310,ibmruntimes/openj9-openjdk-jdk8,https://github.com/ibmruntimes/openj9-openjdk-jdk8/blob/8e8d4d3ae262f8d653e6068f886fdae18b17e97e/langtools/make/build.xml#L294,"<!-- target can be invoked from an ide, the output of which can be used
         to access and fix the errors directly.
     -->",['fix'],Ant,4,294,296
12310,ibmruntimes/openj9-openjdk-jdk8,https://github.com/ibmruntimes/openj9-openjdk-jdk8/blob/8e8d4d3ae262f8d653e6068f886fdae18b17e97e/langtools/make/build.xml#L1038,<!-- FIXME -->,['fixme'],Ant,53,1038,1038
12310,ibmruntimes/openj9-openjdk-jdk8,https://github.com/ibmruntimes/openj9-openjdk-jdk8/blob/8e8d4d3ae262f8d653e6068f886fdae18b17e97e/langtools/make/build.xml#L1063,<!-- XXX just <fileset> (restricted further to **/*.java) and no <packageset> -->,['xxx'],Ant,20,1063,1063
12310,ibmruntimes/openj9-openjdk-jdk8,https://github.com/ibmruntimes/openj9-openjdk-jdk8/blob/8e8d4d3ae262f8d653e6068f886fdae18b17e97e/nashorn/make/build.xml#L434,<!--hack for Windows - to make URLs with normal path separators -->,['hack'],Ant,122,434,434
12310,ibmruntimes/openj9-openjdk-jdk8,https://github.com/ibmruntimes/openj9-openjdk-jdk8/blob/8e8d4d3ae262f8d653e6068f886fdae18b17e97e/nashorn/make/build.xml#L435,<!--hack for Unix - to avoid leading // in URLs -->,['hack'],Ant,122,435,435
12310,ibmruntimes/openj9-openjdk-jdk8,https://github.com/ibmruntimes/openj9-openjdk-jdk8/blob/8e8d4d3ae262f8d653e6068f886fdae18b17e97e/common/autoconf/configure.ac#L184,# FIXME: Currently we must test this after toolchain but before flags. Fix!,"['fix', 'fixme']",Autotool,0,184,184
