repoIndex,repoName,linkLocation,comment,keywords,buildSysteminFile,charPosition,startLine,endLine
12879,o2-czech-republic/proxima-platform,https://github.com/o2-czech-republic/proxima-platform/blob/61f1ee3b702806eb9e06a1eb3ede0909bc8fff94/pom.xml#L133,<!-- workaround of duplicate key: META-INF/services error -->,['workaround'],Maven,8,133,133
12879,o2-czech-republic/proxima-platform,https://github.com/o2-czech-republic/proxima-platform/blob/61f1ee3b702806eb9e06a1eb3ede0909bc8fff94/pom.xml#L365,<!-- workaround of https://github.com/google/error-prone/issues/1321 -->,['workaround'],Maven,16,365,365
12879,o2-czech-republic/proxima-platform,https://github.com/o2-czech-republic/proxima-platform/blob/61f1ee3b702806eb9e06a1eb3ede0909bc8fff94/pom.xml#L407,<!-- workaround of duplicate key: META-INF/services error -->,['workaround'],Maven,8,407,407
12879,o2-czech-republic/proxima-platform,https://github.com/o2-czech-republic/proxima-platform/blob/61f1ee3b702806eb9e06a1eb3ede0909bc8fff94/example/server/pom.xml#L144,<!-- @TODO: try to find a way how to reuse image from ingest-server -->,['todo'],Maven,12,144,144
