repoIndex,repoName,linkLocation,comment,keywords,buildSysteminFile,charPosition,startLine,endLine
13233,googleapis/java-bigtable,https://github.com/googleapis/java-bigtable/blob/1cece54f533b6ebfed6a3ade80e95378a47af1b4/pom.xml#L255,<!-- TODO(igorbernstein): use a custom doclet to exclude @InternalApi classes from javadoc -->,['todo'],Maven,24,255,255
13233,googleapis/java-bigtable,https://github.com/googleapis/java-bigtable/blob/1cece54f533b6ebfed6a3ade80e95378a47af1b4/pom.xml#L345,"<!-- Shading workaround for IDEs: This project relocates some of its internal dependencies. Since IDEs can't
             resolve the relocated symbols on their own, a workaround is added: first mvn install the shaded module,
             then disable the with-shaded profile to force IDEs to resolve the relocated dependencies from the local
             repository -->",['workaround'],Maven,12,345,348
13233,googleapis/java-bigtable,https://github.com/googleapis/java-bigtable/blob/1cece54f533b6ebfed6a3ade80e95378a47af1b4/google-cloud-bigtable-emulator/pom.xml#L168,<!-- TODO: consider a different approach -->,['todo'],Maven,8,168,168
13233,googleapis/java-bigtable,https://github.com/googleapis/java-bigtable/blob/1cece54f533b6ebfed6a3ade80e95378a47af1b4/google-cloud-bigtable-stats/pom.xml#L12,"<!-- This module is a workaround to support and publish built-in metrics to cloud monitoring
        through Stackdriver. Built-in metrics will be implemented with shaded OpenCensus so it won't interfere with
        customer's application metrics. -->",['workaround'],Maven,4,12,14
13233,googleapis/java-bigtable,https://github.com/googleapis/java-bigtable/blob/1cece54f533b6ebfed6a3ade80e95378a47af1b4/google-cloud-bigtable/pom.xml#L66,"<!-- Exclude all dependencies that have been shaded. This is to workaround maven's immutable project structure:
           after shading, the maven-shade-plugin tries to remove shaded dependencies, but it can't since the project
           structure is immutable. So we have to manually exclude the shaded transitive dependencies manually. -->",['workaround'],Maven,6,66,68
13233,googleapis/java-bigtable,https://github.com/googleapis/java-bigtable/blob/1cece54f533b6ebfed6a3ade80e95378a47af1b4/google-cloud-bigtable/pom.xml#L273,<!-- TODO: consider a different approach -->,['todo'],Maven,8,273,273
13233,googleapis/java-bigtable,https://github.com/googleapis/java-bigtable/blob/1cece54f533b6ebfed6a3ade80e95378a47af1b4/google-cloud-bigtable/pom.xml#L286,<!-- TODO: consider a different approach -->,['todo'],Maven,8,286,286
13233,googleapis/java-bigtable,https://github.com/googleapis/java-bigtable/blob/1cece54f533b6ebfed6a3ade80e95378a47af1b4/google-cloud-bigtable/pom.xml#L488,"<!-- TODO(igorbernstein): Once the control plane is accessible via directpath, add admin tests -->",['todo'],Maven,20,488,488
13233,googleapis/java-bigtable,https://github.com/googleapis/java-bigtable/blob/1cece54f533b6ebfed6a3ade80e95378a47af1b4/google-cloud-bigtable/pom.xml#L564,"<!-- TODO(igorbernstein): Once the control plane is accessible via directpath, add admin tests -->",['todo'],Maven,20,564,564
13233,googleapis/java-bigtable,https://github.com/googleapis/java-bigtable/blob/1cece54f533b6ebfed6a3ade80e95378a47af1b4/google-cloud-bigtable/pom.xml#L629,"<!--
          workaround for https://github.com/mojohaus/extra-enforcer-rules/issues/132
          Remove when it's fixed upstream.
        -->",['workaround'],Maven,8,629,632
