repoIndex,repoName,linkLocation,comment,keywords,buildSysteminFile,charPosition,startLine,endLine
13230,wasdev/standards.jsr352.jbatch,https://github.com/wasdev/standards.jsr352.jbatch/blob/57973f34d9b167ccdfb1bcd2a65fbccc5838c2d5/com.ibm.jbatch.container/adjustJAXB/build.xml#L44,"<!-- 
         The goal here is to have a set of JAXBs implement a common interface (the one that the property from the 
         containing Job specifies:  com.ibm.jbatch.container.jsl.ExecutionElement.
         Though it seems like there is a way to do this   
           http://confluence.highsource.org/display/J2B/Inheritance+plugin
         I'm not sure if the IBM JDK version of the JAXB RI is extensible in this way, and don't want to create a 
         headache if/when this code is pulled into a build.
         
         (Even so, there's no requirement to gen during build time, but still...)
         
         So we'll fix up by hand.-->","['fix', 'implement']",Ant,4,44,54
13230,wasdev/standards.jsr352.jbatch,https://github.com/wasdev/standards.jsr352.jbatch/blob/57973f34d9b167ccdfb1bcd2a65fbccc5838c2d5/com.ibm.jbatch.container/adjustJAXB/build.xml#L74,"<!-- 
         The goal here is to have a set of JAXBs implement a common interface (the one that the property from the 
         containing Job specifies:  com.ibm.jbatch.container.jsl.TransitionElement.
         Though it seems like there is a way to do this   
           http://confluence.highsource.org/display/J2B/Inheritance+plugin
         I'm not sure if the IBM JDK version of the JAXB RI is extensible in this way, and don't want to create a 
         headache if/when this code is pulled into a build.
         
         (Even so, there's no requirement to gen during build time, but still...)
         
         So we'll fix up by hand.-->","['fix', 'implement']",Ant,4,74,84
