repoIndex,repoName,linkLocation,comment,keywords,buildSysteminFile,charPosition,startLine,endLine
13623,apache/netbeans,https://github.com/apache/netbeans/blob/cb4112b5ce7c7bbebbf31acfd0220d54accf4d9c/java/performance/threaddemo/build.properties#L42,"# Must define:
#Spin.jar=???/spin-1.1/Spin.jar
# XXX could also try to retrieve http://internap.dl.sourceforge.net/sourceforge/spin/spin-1.4.zip",['xxx'],Ant,0,42,44
13623,apache/netbeans,https://github.com/apache/netbeans/blob/cb4112b5ce7c7bbebbf31acfd0220d54accf4d9c/nbbuild/build.properties#L33,"# Useful for ""always successful"" build, when you don't care of some
# particular (and currently broken) modules",['broken'],Ant,0,33,34
13623,apache/netbeans,https://github.com/apache/netbeans/blob/cb4112b5ce7c7bbebbf31acfd0220d54accf4d9c/nbbuild/build.properties#L42,"# usefull for NBM build. <nbmerge> can set it to the list
# of successfuly built modules => can create NBM for them
# the most powerful combination is to set value to ""modules""
# and set stop.when.broken.modules to false",['broken'],Ant,0,42,45
13623,apache/netbeans,https://github.com/apache/netbeans/blob/cb4112b5ce7c7bbebbf31acfd0220d54accf4d9c/nbbuild/build.properties#L162,"#FIXME: changes for retouche merge:
#   editor/codetemplates,\",['fixme'],Ant,0,162,163
13623,apache/netbeans,https://github.com/apache/netbeans/blob/cb4112b5ce7c7bbebbf31acfd0220d54accf4d9c/contrib/groovy.grailsproject/test/unit/data/projects/completion/build.xml#L129,<!-- TODO -->,['todo'],Ant,8,129,129
13623,apache/netbeans,https://github.com/apache/netbeans/blob/cb4112b5ce7c7bbebbf31acfd0220d54accf4d9c/enterprise/j2ee.dd/build.xml#L59,<!-- XXX do not know how to replace with @Schema2Beans; see issue #178426 for discussion -->,['xxx'],Ant,8,59,59
13623,apache/netbeans,https://github.com/apache/netbeans/blob/cb4112b5ce7c7bbebbf31acfd0220d54accf4d9c/extide/o.apache.tools.ant.module/build.xml#L86,<!-- XXX ought to only do this in case jnlp.sign.jars=true -->,['xxx'],Ant,8,86,86
13623,apache/netbeans,https://github.com/apache/netbeans/blob/cb4112b5ce7c7bbebbf31acfd0220d54accf4d9c/groovy/groovy.kit/test/qa-functional/data/projects/GrailsActions/build.xml#L39,<!-- TODO -->,['todo'],Ant,8,39,39
13623,apache/netbeans,https://github.com/apache/netbeans/blob/cb4112b5ce7c7bbebbf31acfd0220d54accf4d9c/harness/apisupport.harness/build.xml#L31,<!-- XXX would be more maintainable to use depfind.sf.net / genjar.sf.net / sadun-util.sf.net/pack.html -->,['xxx'],Ant,12,31,31
13623,apache/netbeans,https://github.com/apache/netbeans/blob/cb4112b5ce7c7bbebbf31acfd0220d54accf4d9c/harness/apisupport.harness/release/build.xml#L67,<!-- XXX inc/exc clusters -->,['xxx'],Ant,16,67,67
13623,apache/netbeans,https://github.com/apache/netbeans/blob/cb4112b5ce7c7bbebbf31acfd0220d54accf4d9c/harness/apisupport.harness/release/build.xml#L258,<!-- Fix for Issue #160276 -->,['fix'],Ant,40,258,258
13623,apache/netbeans,https://github.com/apache/netbeans/blob/cb4112b5ce7c7bbebbf31acfd0220d54accf4d9c/ide/extbrowser/build.xml#L35,<!-- XXX ought to only do this in case jnlp.sign.jars=true -->,['xxx'],Ant,8,35,35
13623,apache/netbeans,https://github.com/apache/netbeans/blob/cb4112b5ce7c7bbebbf31acfd0220d54accf4d9c/ide/libs.c.kohlschutter.junixsocket/build.xml#L26,"<!--
        Workaround for sigtest generation failures. Problems:

        - RuntimeInvisibleTypeAnnotations are not parsed properly
          (the org.eclipse.jdt.annotation.NonNull annotation on the return
          and parameter types causes this code to be executed)
        - AFUNIXServerSocket::newImpl and
          AFDatagramSocket::getAncillaryDataSupport return non-public types from
          protected methods
        - Protected constructor org.newsclub.net.unix.AFSocketAddress.init
          (java.lang.Class<org.newsclub.net.unix.SentinelSocketAddress>,int)
          uses a non-public type as parameter
        -->",['workaround'],Ant,8,26,38
13623,apache/netbeans,https://github.com/apache/netbeans/blob/cb4112b5ce7c7bbebbf31acfd0220d54accf4d9c/java/ant.freeform/test/unit/data/example-projects/simple/build.xml#L98,<!-- XXX -->,['xxx'],Ant,8,98,98
13623,apache/netbeans,https://github.com/apache/netbeans/blob/cb4112b5ce7c7bbebbf31acfd0220d54accf4d9c/java/ant.freeform/test/unit/data/example-projects/simple/build.xml#L101,<!-- XXX -->,['xxx'],Ant,8,101,101
13623,apache/netbeans,https://github.com/apache/netbeans/blob/cb4112b5ce7c7bbebbf31acfd0220d54accf4d9c/java/performance/sparrow/build.xml#L105,<!--XXX find a way to preserve the userdir-->,['xxx'],Ant,8,105,105
13623,apache/netbeans,https://github.com/apache/netbeans/blob/cb4112b5ce7c7bbebbf31acfd0220d54accf4d9c/java/performance/sparrow/build.xml#L139,<!--XXX put warmup task back-->,['xxx'],Ant,1,139,139
13623,apache/netbeans,https://github.com/apache/netbeans/blob/cb4112b5ce7c7bbebbf31acfd0220d54accf4d9c/java/performance/sparrow/build.xml#L160,<!--XXX find a way to make this conditional on keep.userdir-->,['xxx'],Ant,4,160,160
13623,apache/netbeans,https://github.com/apache/netbeans/blob/cb4112b5ce7c7bbebbf31acfd0220d54accf4d9c/java/performance/sparrow/build.xml#L168,"<!--XXX FIXME:  hard coded - should instead gather
   this info with a shell script which could later be wrapped.  -->","['xxx', 'fixme']",Ant,3,168,169
13623,apache/netbeans,https://github.com/apache/netbeans/blob/cb4112b5ce7c7bbebbf31acfd0220d54accf4d9c/java/performance/sparrow/build.xml#L173,"<!--XXX FIXME:  hard coded - should instead gather
   this info with a shell script which could later be wrapped.  -->","['xxx', 'fixme']",Ant,3,173,174
13623,apache/netbeans,https://github.com/apache/netbeans/blob/cb4112b5ce7c7bbebbf31acfd0220d54accf4d9c/java/performance/sparrow/build.xml#L247,<!--XXX - should not need to redefine cfgdir here-->,['xxx'],Ant,3,247,247
13623,apache/netbeans,https://github.com/apache/netbeans/blob/cb4112b5ce7c7bbebbf31acfd0220d54accf4d9c/nbbuild/build.xml#L556,<!-- XXX why? -->,['xxx'],Ant,58,556,556
13623,apache/netbeans,https://github.com/apache/netbeans/blob/cb4112b5ce7c7bbebbf31acfd0220d54accf4d9c/nbbuild/build.xml#L557,<!-- XXX why? -->,['xxx'],Ant,54,557,557
13623,apache/netbeans,https://github.com/apache/netbeans/blob/cb4112b5ce7c7bbebbf31acfd0220d54accf4d9c/nbbuild/build.xml#L660,"<!-- we are in a subproject, so need to reinsert the targets... XXX <antcall> and thus <repeat> apparently reparses the Ant script from disk! -->",['xxx'],Ant,33,660,660
13623,apache/netbeans,https://github.com/apache/netbeans/blob/cb4112b5ce7c7bbebbf31acfd0220d54accf4d9c/nbbuild/build.xml#L1687,<!--XXX-->,['xxx'],Ant,103,1687,1687
13623,apache/netbeans,https://github.com/apache/netbeans/blob/cb4112b5ce7c7bbebbf31acfd0220d54accf4d9c/nbbuild/build.xml#L1785,<!-- XXX #110820 -->,['xxx'],Ant,63,1785,1785
13623,apache/netbeans,https://github.com/apache/netbeans/blob/cb4112b5ce7c7bbebbf31acfd0220d54accf4d9c/nbbuild/build.xml#L1823,<!-- XXX use filtersets or something to fix -->,"['fix', 'xxx']",Ant,69,1823,1823
13623,apache/netbeans,https://github.com/apache/netbeans/blob/cb4112b5ce7c7bbebbf31acfd0220d54accf4d9c/nbbuild/build.xml#L2094,<!-- XXX there are other patterns in mobility.midpexamples -->,['xxx'],Ant,12,2094,2094
13623,apache/netbeans,https://github.com/apache/netbeans/blob/cb4112b5ce7c7bbebbf31acfd0220d54accf4d9c/nbbuild/installer/jnlp/build.xml#L178,<!-- workaround for issue 20745 -->,['workaround'],Ant,1,178,178
