repoIndex,repoName,linkLocation,comment,keywords,buildSysteminFile,charPosition,startLine,endLine
13740,smallrye/smallrye-metrics,https://github.com/smallrye/smallrye-metrics/blob/e40d844d6056597459fedacd7f917fc704e89ce3/testsuite/optional-tck/pom.xml#L117,"<!-- TODO: consider using a distribution provisioned by Galleon instead of regular wildfly-full distribution
          because we need to exclude Metrics and Config from it. Currently we use jboss-deployment-structure.xml
          descriptor for that, it would be cleaner to run against a customized distribution that doesn't have them
          at all. See for inspiration:
          https://github.com/wildfly/wildfly/blob/19.0.0.Beta1/testsuite/integration/microprofile-tck/metrics/pom.xml#L128
-->",['todo'],Maven,6,117,122
