repoIndex,repoName,linkLocation,comment,keywords,buildSysteminFile,charPosition,startLine,endLine
13780,apache/pulsar,https://github.com/apache/pulsar/blob/72dd01b8a0339541a8c3e75070bf6b8c2e6d0906/pom.xml#L1405,<!-- workaround https://issues.apache.org/jira/browse/MCOMPILER-205 -->,['workaround'],Maven,10,1405,1405
13780,apache/pulsar,https://github.com/apache/pulsar/blob/72dd01b8a0339541a8c3e75070bf6b8c2e6d0906/pulsar-broker/pom.xml#L549,<!-- workaround issue #13750 which gets triggered if org.apache.bookkeeper.meta.MetadataDrivers class gets loaded before org.apache.pulsar.metadata.bookkeeper.BKCluster constructor is called -->,['workaround'],Maven,12,549,549
13780,apache/pulsar,https://github.com/apache/pulsar/blob/72dd01b8a0339541a8c3e75070bf6b8c2e6d0906/pulsar-io/dynamodb/pom.xml#L69,<!-- add cbor for kinesis-client to fix dep conflict -->,['fix'],Maven,4,69,69
13780,apache/pulsar,https://github.com/apache/pulsar/blob/72dd01b8a0339541a8c3e75070bf6b8c2e6d0906/pulsar-io/kinesis/pom.xml#L82,<!-- add cbor for kinesis-client to fix dep conflict -->,['fix'],Maven,4,82,82
13780,apache/pulsar,https://github.com/apache/pulsar/blob/72dd01b8a0339541a8c3e75070bf6b8c2e6d0906/tiered-storage/file-system/pom.xml#L55,<!-- fix hadoop-commons vulnerable dependencies -->,['fix'],Maven,8,55,55
13780,apache/pulsar,https://github.com/apache/pulsar/blob/72dd01b8a0339541a8c3e75070bf6b8c2e6d0906/tiered-storage/file-system/pom.xml#L80,<!-- fix hadoop-commons vulnerable dependencies -->,['fix'],Maven,8,80,80
13780,apache/pulsar,https://github.com/apache/pulsar/blob/72dd01b8a0339541a8c3e75070bf6b8c2e6d0906/tiered-storage/file-system/pom.xml#L86,<!-- fix hadoop-commons vulnerable dependencies -->,['fix'],Maven,8,86,86
