repoIndex,repoName,linkLocation,comment,keywords,buildSysteminFile,charPosition,startLine,endLine
13973,azure/autorest.java,https://github.com/azure/autorest.java/blob/62af9c09bc8d80f333d46e20c20e2aa0f72d7cb3/protocol-sdk-integration-tests/sdk/parents/azure-client-sdk-parent/pom.xml#L698,<!-- TODO (alzimmer): We need to version this. Right now it is always going to point to latest which may be wrong -->,['todo'],Maven,76,698,698
13973,azure/autorest.java,https://github.com/azure/autorest.java/blob/62af9c09bc8d80f333d46e20c20e2aa0f72d7cb3/protocol-sdk-integration-tests/sdk/parents/azure-client-sdk-parent/pom.xml#L1042,<!-- FIXME: this is required for now as it introduces a build failure -->,['fixme'],Maven,42,1042,1042
13973,azure/autorest.java,https://github.com/azure/autorest.java/blob/62af9c09bc8d80f333d46e20c20e2aa0f72d7cb3/protocol-sdk-integration-tests/sdk/parents/azure-client-sdk-parent/pom.xml#L1044,<!-- FIXME: this is required for now as it introduces a build failure -->,['fixme'],Maven,65,1044,1044
13973,azure/autorest.java,https://github.com/azure/autorest.java/blob/62af9c09bc8d80f333d46e20c20e2aa0f72d7cb3/protocol-sdk-integration-tests/sdk/parents/azure-client-sdk-parent/pom.xml#L1137,"<!-- Surefire plugin is broken, https://issues.apache.org/jira/browse/SUREFIRE-1501 -->",['broken'],Maven,10,1137,1137
