repoIndex,repoName,linkLocation,comment,keywords,buildSysteminFile,charPosition,startLine,endLine
142,openrisc/newlib,https://github.com/openrisc/newlib/blob/ce034e0b339686ed78fc64250e003112d8c4be39/newlib/Makefile.am#L429,"# Workaround bad automake/texinfo interactions.
# https://bugs.gnu.org/23599",['workaround'],Autotool,0,429,430
142,openrisc/newlib,https://github.com/openrisc/newlib/blob/ce034e0b339686ed78fc64250e003112d8c4be39/newlib/libc/machine/i386/Makefile.am#L19,"## These flag settings are basically redundant, but necessary to workaround the
## automake limitation ""Objects 'created with both libtool and without'"".",['workaround'],Autotool,0,19,20
142,openrisc/newlib,https://github.com/openrisc/newlib/blob/ce034e0b339686ed78fc64250e003112d8c4be39/newlib/libc/sys/tic80/Makefile.am#L12,"# This is a hack to force automake to include a definition for
# COMPILE.",['hack'],Autotool,0,12,13
142,openrisc/newlib,https://github.com/openrisc/newlib/blob/ce034e0b339686ed78fc64250e003112d8c4be39/Makefile.in#L52658,"# Bubble a bug fix through all the stages up to stage 1.  They are
# remade, but not reconfigured.  The next stage (if any) will not be
# reconfigured either.",['fix'],Autotool,0,52658,52660
142,openrisc/newlib,https://github.com/openrisc/newlib/blob/ce034e0b339686ed78fc64250e003112d8c4be39/Makefile.in#L52675,"# FIXME: Will not need to be conditional when toplevel bootstrap is the
# only possibility, but now it conflicts with no-bootstrap rules",['fixme'],Autotool,0,52675,52676
142,openrisc/newlib,https://github.com/openrisc/newlib/blob/ce034e0b339686ed78fc64250e003112d8c4be39/Makefile.in#L52977,"# Bubble a bug fix through all the stages up to stage 2.  They are
# remade, but not reconfigured.  The next stage (if any) will not be
# reconfigured either.",['fix'],Autotool,0,52977,52979
142,openrisc/newlib,https://github.com/openrisc/newlib/blob/ce034e0b339686ed78fc64250e003112d8c4be39/Makefile.in#L52994,"# FIXME: Will not need to be conditional when toplevel bootstrap is the
# only possibility, but now it conflicts with no-bootstrap rules",['fixme'],Autotool,0,52994,52995
142,openrisc/newlib,https://github.com/openrisc/newlib/blob/ce034e0b339686ed78fc64250e003112d8c4be39/Makefile.in#L53319,"# Bubble a bug fix through all the stages up to stage 3.  They are
# remade, but not reconfigured.  The next stage (if any) will not be
# reconfigured either.",['fix'],Autotool,0,53319,53321
142,openrisc/newlib,https://github.com/openrisc/newlib/blob/ce034e0b339686ed78fc64250e003112d8c4be39/Makefile.in#L53341,"# FIXME: Will not need to be conditional when toplevel bootstrap is the
# only possibility, but now it conflicts with no-bootstrap rules",['fixme'],Autotool,0,53341,53342
142,openrisc/newlib,https://github.com/openrisc/newlib/blob/ce034e0b339686ed78fc64250e003112d8c4be39/Makefile.in#L53717,"# Bubble a bug fix through all the stages up to stage 4.  They are
# remade, but not reconfigured.  The next stage (if any) will not be
# reconfigured either.",['fix'],Autotool,0,53717,53719
142,openrisc/newlib,https://github.com/openrisc/newlib/blob/ce034e0b339686ed78fc64250e003112d8c4be39/Makefile.in#L53739,"# FIXME: Will not need to be conditional when toplevel bootstrap is the
# only possibility, but now it conflicts with no-bootstrap rules",['fixme'],Autotool,0,53739,53740
142,openrisc/newlib,https://github.com/openrisc/newlib/blob/ce034e0b339686ed78fc64250e003112d8c4be39/Makefile.in#L54103,"# Bubble a bug fix through all the stages up to stage profile.  They are
# remade, but not reconfigured.  The next stage (if any) will not be
# reconfigured either.",['fix'],Autotool,0,54103,54105
142,openrisc/newlib,https://github.com/openrisc/newlib/blob/ce034e0b339686ed78fc64250e003112d8c4be39/Makefile.in#L54120,"# FIXME: Will not need to be conditional when toplevel bootstrap is the
# only possibility, but now it conflicts with no-bootstrap rules",['fixme'],Autotool,0,54120,54121
142,openrisc/newlib,https://github.com/openrisc/newlib/blob/ce034e0b339686ed78fc64250e003112d8c4be39/Makefile.in#L54422,"# Bubble a bug fix through all the stages up to stage feedback.  They are
# remade, but not reconfigured.  The next stage (if any) will not be
# reconfigured either.",['fix'],Autotool,0,54422,54424
142,openrisc/newlib,https://github.com/openrisc/newlib/blob/ce034e0b339686ed78fc64250e003112d8c4be39/Makefile.in#L54439,"# FIXME: Will not need to be conditional when toplevel bootstrap is the
# only possibility, but now it conflicts with no-bootstrap rules",['fixme'],Autotool,0,54439,54440
142,openrisc/newlib,https://github.com/openrisc/newlib/blob/ce034e0b339686ed78fc64250e003112d8c4be39/Makefile.in#L54764,"# Bubble a bug fix through all the stages up to stage autoprofile.  They are
# remade, but not reconfigured.  The next stage (if any) will not be
# reconfigured either.",['fix'],Autotool,0,54764,54766
142,openrisc/newlib,https://github.com/openrisc/newlib/blob/ce034e0b339686ed78fc64250e003112d8c4be39/Makefile.in#L54781,"# FIXME: Will not need to be conditional when toplevel bootstrap is the
# only possibility, but now it conflicts with no-bootstrap rules",['fixme'],Autotool,0,54781,54782
142,openrisc/newlib,https://github.com/openrisc/newlib/blob/ce034e0b339686ed78fc64250e003112d8c4be39/Makefile.in#L55083,"# Bubble a bug fix through all the stages up to stage autofeedback.  They are
# remade, but not reconfigured.  The next stage (if any) will not be
# reconfigured either.",['fix'],Autotool,0,55083,55085
142,openrisc/newlib,https://github.com/openrisc/newlib/blob/ce034e0b339686ed78fc64250e003112d8c4be39/Makefile.in#L55100,"# FIXME: Will not need to be conditional when toplevel bootstrap is the
# only possibility, but now it conflicts with no-bootstrap rules",['fixme'],Autotool,0,55100,55101
142,openrisc/newlib,https://github.com/openrisc/newlib/blob/ce034e0b339686ed78fc64250e003112d8c4be39/libgloss/hp74x/Makefile.in#L154,"#	 FIXME: This fills up the hard disk unless ""-R"" is used",['fixme'],Autotool,0,154,154
142,openrisc/newlib,https://github.com/openrisc/newlib/blob/ce034e0b339686ed78fc64250e003112d8c4be39/libgloss/sparc/libsys/Makefile.in#L133,# To support SunOS broken VPATH (sigh).,['broken'],Autotool,0,133,133
142,openrisc/newlib,https://github.com/openrisc/newlib/blob/ce034e0b339686ed78fc64250e003112d8c4be39/libgloss/testsuite/configure.in#L12,"# This is basically a hack so that we don't have to replicate the same
# defines in all the Makefiles.  We put a standard set of definitions
# in host/any, and use them everywhere.",['hack'],Autotool,0,12,14
142,openrisc/newlib,https://github.com/openrisc/newlib/blob/ce034e0b339686ed78fc64250e003112d8c4be39/libgloss/testsuite/libgloss.all/configure.in#L12,"# This is basically a hack so that we don't have to replicate the same
# defines in all the Makefiles.  We put a standard set of definitions
# in host/any, and use them everywhere except DOS, which is braindead.",['hack'],Autotool,0,12,14
142,openrisc/newlib,https://github.com/openrisc/newlib/blob/ce034e0b339686ed78fc64250e003112d8c4be39/newlib/Makefile.in#L1443,"# Workaround bad automake/texinfo interactions.
# https://bugs.gnu.org/23599",['workaround'],Autotool,0,1443,1444
142,openrisc/newlib,https://github.com/openrisc/newlib/blob/ce034e0b339686ed78fc64250e003112d8c4be39/newlib/libc/sys/tic80/Makefile.in#L314,"# This is a hack to force automake to include a definition for
# COMPILE.",['hack'],Autotool,0,314,315
142,openrisc/newlib,https://github.com/openrisc/newlib/blob/ce034e0b339686ed78fc64250e003112d8c4be39/configure.ac#L2418,"# Handle --with-headers=XXX.  If the value is not ""yes"", the contents of
# the named directory are copied to $(tooldir)/sys-include.",['xxx'],Autotool,0,2418,2419
142,openrisc/newlib,https://github.com/openrisc/newlib/blob/ce034e0b339686ed78fc64250e003112d8c4be39/configure.ac#L2431,"# Handle --with-libs=XXX.  If the value is not ""yes"", the contents of
# the name directories are copied to $(tooldir)/lib.  Multiple directories
# are permitted.",['xxx'],Autotool,0,2431,2433
142,openrisc/newlib,https://github.com/openrisc/newlib/blob/ce034e0b339686ed78fc64250e003112d8c4be39/configure.ac#L2510,"# Copy the directory, assuming we have tar.
# FIXME: Should we use B in the second tar?  Not all systems support it.",['fixme'],Autotool,4,2510,2511
142,openrisc/newlib,https://github.com/openrisc/newlib/blob/ce034e0b339686ed78fc64250e003112d8c4be39/configure.ac#L2765,"# Only add the dependency on gdbtk when GDBtk is part of the gdb
# distro.  Eventually someone will fix this and move Insight, nee
# gdbtk to a separate directory.",['fix'],Autotool,4,2765,2767
142,openrisc/newlib,https://github.com/openrisc/newlib/blob/ce034e0b339686ed78fc64250e003112d8c4be39/configure.ac#L3100,"# Passing a --with-cross-host argument lets the target libraries know
# whether they are being built with a cross-compiler or being built
# native.  However, it would be better to use other mechanisms to make the
# sorts of decisions they want to make on this basis.  Please consider
# this option to be deprecated.  FIXME.",['fixme'],Autotool,0,3100,3104
142,openrisc/newlib,https://github.com/openrisc/newlib/blob/ce034e0b339686ed78fc64250e003112d8c4be39/configure.ac#L3362,# FIXME: expect and dejagnu may become build tools?,['fixme'],Autotool,0,3362,3362
142,openrisc/newlib,https://github.com/openrisc/newlib/blob/ce034e0b339686ed78fc64250e003112d8c4be39/etc/aclocal.m4#L512,"# If neither matched, then we have a broken ls.  This can happen
# if, for instance, CONFIG_SHELL is bash and it inherits a
# broken ls alias from the environment.  This has actually
# happened.  Such a system could not be considered ""sane"".",['broken'],Autotool,1,512,515
142,openrisc/newlib,https://github.com/openrisc/newlib/blob/ce034e0b339686ed78fc64250e003112d8c4be39/libgloss/aclocal.m4#L103,"# Microsoft lib, so override with the ar-lib wrapper script.
# FIXME: It is wrong to rewrite AR.
# But if we don't then we get into trouble of one sort or another.
# A longer-term fix would be to have automake use am__AR in this case,
# and then we could set am__AR=""$am_aux_dir/ar-lib \$(AR)"" or something
# similar.","['fix', 'fixme']",Autotool,2,103,108
142,openrisc/newlib,https://github.com/openrisc/newlib/blob/ce034e0b339686ed78fc64250e003112d8c4be39/libgloss/aclocal.m4#L476,"# AM_OUTPUT_DEPENDENCY_COMMANDS
# -----------------------------
# This macro should only be invoked once -- use via AC_REQUIRE.
#
# This code is only required when automatic dependency tracking
# is enabled.  FIXME.  This creates each '.P' file that we will
# need in order to bootstrap the dependency handling code.",['fixme'],Autotool,0,476,482
142,openrisc/newlib,https://github.com/openrisc/newlib/blob/ce034e0b339686ed78fc64250e003112d8c4be39/libgloss/aclocal.m4#L900,"# Losing compiler, so override with the script.
# FIXME: It is wrong to rewrite CC.
# But if we don't then we get into trouble of one sort or another.
# A longer-term fix would be to have automake use am__CC in this case,
# and then we could set am__CC=""\$(top_srcdir)/compile \$(CC)""","['fix', 'fixme']",Autotool,3,900,904
142,openrisc/newlib,https://github.com/openrisc/newlib/blob/ce034e0b339686ed78fc64250e003112d8c4be39/libgloss/aclocal.m4#L971,"# If neither matched, then we have a broken ls.  This can happen
# if, for instance, CONFIG_SHELL is bash and it inherits a
# broken ls alias from the environment.  This has actually
# happened.  Such a system could not be considered ""sane"".",['broken'],Autotool,1,971,974
142,openrisc/newlib,https://github.com/openrisc/newlib/blob/ce034e0b339686ed78fc64250e003112d8c4be39/libgloss/aarch64/aclocal.m4#L59,"# Microsoft lib, so override with the ar-lib wrapper script.
# FIXME: It is wrong to rewrite AR.
# But if we don't then we get into trouble of one sort or another.
# A longer-term fix would be to have automake use am__AR in this case,
# and then we could set am__AR=""$am_aux_dir/ar-lib \$(AR)"" or something
# similar.","['fix', 'fixme']",Autotool,2,59,64
142,openrisc/newlib,https://github.com/openrisc/newlib/blob/ce034e0b339686ed78fc64250e003112d8c4be39/libgloss/aarch64/aclocal.m4#L432,"# AM_OUTPUT_DEPENDENCY_COMMANDS
# -----------------------------
# This macro should only be invoked once -- use via AC_REQUIRE.
#
# This code is only required when automatic dependency tracking
# is enabled.  FIXME.  This creates each '.P' file that we will
# need in order to bootstrap the dependency handling code.",['fixme'],Autotool,0,432,438
142,openrisc/newlib,https://github.com/openrisc/newlib/blob/ce034e0b339686ed78fc64250e003112d8c4be39/libgloss/arm/aclocal.m4#L59,"# Microsoft lib, so override with the ar-lib wrapper script.
# FIXME: It is wrong to rewrite AR.
# But if we don't then we get into trouble of one sort or another.
# A longer-term fix would be to have automake use am__AR in this case,
# and then we could set am__AR=""$am_aux_dir/ar-lib \$(AR)"" or something
# similar.","['fix', 'fixme']",Autotool,2,59,64
142,openrisc/newlib,https://github.com/openrisc/newlib/blob/ce034e0b339686ed78fc64250e003112d8c4be39/libgloss/arm/aclocal.m4#L432,"# AM_OUTPUT_DEPENDENCY_COMMANDS
# -----------------------------
# This macro should only be invoked once -- use via AC_REQUIRE.
#
# This code is only required when automatic dependency tracking
# is enabled.  FIXME.  This creates each '.P' file that we will
# need in order to bootstrap the dependency handling code.",['fixme'],Autotool,0,432,438
142,openrisc/newlib,https://github.com/openrisc/newlib/blob/ce034e0b339686ed78fc64250e003112d8c4be39/newlib/aclocal.m4#L103,"# Microsoft lib, so override with the ar-lib wrapper script.
# FIXME: It is wrong to rewrite AR.
# But if we don't then we get into trouble of one sort or another.
# A longer-term fix would be to have automake use am__AR in this case,
# and then we could set am__AR=""$am_aux_dir/ar-lib \$(AR)"" or something
# similar.","['fix', 'fixme']",Autotool,2,103,108
142,openrisc/newlib,https://github.com/openrisc/newlib/blob/ce034e0b339686ed78fc64250e003112d8c4be39/newlib/aclocal.m4#L585,"# Losing compiler, so override with the script.
# FIXME: It is wrong to rewrite CC.
# But if we don't then we get into trouble of one sort or another.
# A longer-term fix would be to have automake use am__CC in this case,
# and then we could set am__CC=""\$(top_srcdir)/compile \$(CC)""","['fix', 'fixme']",Autotool,3,585,589
142,openrisc/newlib,https://github.com/openrisc/newlib/blob/ce034e0b339686ed78fc64250e003112d8c4be39/newlib/aclocal.m4#L656,"# If neither matched, then we have a broken ls.  This can happen
# if, for instance, CONFIG_SHELL is bash and it inherits a
# broken ls alias from the environment.  This has actually
# happened.  Such a system could not be considered ""sane"".",['broken'],Autotool,1,656,659
