repoIndex,repoName,linkLocation,comment,keywords,buildSysteminFile,charPosition,startLine,endLine
15911,eclipse-openj9/openj9,https://github.com/eclipse-openj9/openj9/blob/b9b733900ef25ba25435e8dd557a10f4e39a4fd6/runtime/CMakeLists.txt#L63,"# Set up an interface library to keep track of the various compiler defines
# used by the jit components.
# TODO should probably rename to j9vm_jit_defines for less ambiguity",['todo'],CMake,0,63,65
15911,eclipse-openj9/openj9,https://github.com/eclipse-openj9/openj9/blob/b9b733900ef25ba25435e8dd557a10f4e39a4fd6/runtime/CMakeLists.txt#L70,"# Build everything with -fPIC (or equivalent).
# We do this to ensure that our static libraries get built with -fPIC
# (cmake automatically builds shared libraries with -fPIC)
# TODO this has the side effect that we also build executables with -fPIE which we don't want.
# Need to investigate if it's possible to get one without the other. If it's not we need
# to explicitly tag individual targets which seems tedious.",['todo'],CMake,0,70,75
15911,eclipse-openj9/openj9,https://github.com/eclipse-openj9/openj9/blob/b9b733900ef25ba25435e8dd557a10f4e39a4fd6/runtime/CMakeLists.txt#L342,"# hack to add our binary dir to omr include path
# needed to grab the headers created by trace/hookgen",['hack'],CMake,0,342,343
15911,eclipse-openj9/openj9,https://github.com/eclipse-openj9/openj9/blob/b9b733900ef25ba25435e8dd557a10f4e39a4fd6/runtime/CMakeLists.txt#L412,"###
### Begin the definitions of our modules
###
# TODO: a few subdirectories still need to be implemented (currently commented out)
# TODO: most libraries still need to be gated with if() statements",['todo'],CMake,0,412,416
15911,eclipse-openj9/openj9,https://github.com/eclipse-openj9/openj9/blob/b9b733900ef25ba25435e8dd557a10f4e39a4fd6/runtime/CMakeLists.txt#L444,"# TODO: need to add windows support
# add_subdirectory(dfix)",['todo'],CMake,1,444,445
15911,eclipse-openj9/openj9,https://github.com/eclipse-openj9/openj9/blob/b9b733900ef25ba25435e8dd557a10f4e39a4fd6/runtime/CMakeLists.txt#L594,# TODO: need to add windows support,['todo'],CMake,0,594,594
15911,eclipse-openj9/openj9,https://github.com/eclipse-openj9/openj9/blob/b9b733900ef25ba25435e8dd557a10f4e39a4fd6/runtime/bcverify/CMakeLists.txt#L23,#TODO specify -O3 for zos,['todo'],CMake,0,23,23
15911,eclipse-openj9/openj9,https://github.com/eclipse-openj9/openj9/blob/b9b733900ef25ba25435e8dd557a10f4e39a4fd6/runtime/compiler/CMakeLists.txt#L84,# this is a workaround because the JIT code includes the tracegen header as <env/ut_j9jit.h>,['workaround'],CMake,0,84,84
15911,eclipse-openj9/openj9,https://github.com/eclipse-openj9/openj9/blob/b9b733900ef25ba25435e8dd557a10f4e39a4fd6/runtime/compiler/CMakeLists.txt#L109,"# TODO We should get rid of this, but it's still required by the compiler_support module in OMR.","['todo', 'get rid of this']",CMake,0,109,109
15911,eclipse-openj9/openj9,https://github.com/eclipse-openj9/openj9/blob/b9b733900ef25ba25435e8dd557a10f4e39a4fd6/runtime/compiler/CMakeLists.txt#L341,"# Workaround a compile problem on z/OS by appending ""-O"" (to override ""-O3"").",['workaround'],CMake,1,341,341
15911,eclipse-openj9/openj9,https://github.com/eclipse-openj9/openj9/blob/b9b733900ef25ba25435e8dd557a10f4e39a4fd6/runtime/compiler/CMakeLists.txt#L367,"# This is a bit hokey, but cmake can't track the fact that files are generated across directories.
# Note: while these are only needed on Z, setting the properties unconditionally has no ill-effect.",['ill'],CMake,0,367,368
15911,eclipse-openj9/openj9,https://github.com/eclipse-openj9/openj9/blob/b9b733900ef25ba25435e8dd557a10f4e39a4fd6/runtime/gc/CMakeLists.txt#L47,#LINKING HACK,['hack'],CMake,8,47,47
15911,eclipse-openj9/openj9,https://github.com/eclipse-openj9/openj9/blob/b9b733900ef25ba25435e8dd557a10f4e39a4fd6/runtime/gc/CMakeLists.txt#L61,"#TODO: this is hack to make linking work.
# Need to figure out why we need this in CMake but not UMA","['todo', 'hack']",CMake,2,61,62
15911,eclipse-openj9/openj9,https://github.com/eclipse-openj9/openj9/blob/b9b733900ef25ba25435e8dd557a10f4e39a4fd6/runtime/gc/CMakeLists.txt#L122,#LINKING HACK,['hack'],CMake,14,122,122
15911,eclipse-openj9/openj9,https://github.com/eclipse-openj9/openj9/blob/b9b733900ef25ba25435e8dd557a10f4e39a4fd6/runtime/gc/CMakeLists.txt#L134,#LINKING HACK,['hack'],CMake,14,134,134
15911,eclipse-openj9/openj9,https://github.com/eclipse-openj9/openj9/blob/b9b733900ef25ba25435e8dd557a10f4e39a4fd6/runtime/gc/CMakeLists.txt#L136,"#TODO: this is hack to make linking work.
# Need to figure out why we need this in CMake but not UMA","['todo', 'hack']",CMake,3,136,137
15911,eclipse-openj9/openj9,https://github.com/eclipse-openj9/openj9/blob/b9b733900ef25ba25435e8dd557a10f4e39a4fd6/runtime/gcchk/CMakeLists.txt#L44,#TODO do we just want to link against j9gc?,['todo'],CMake,2,44,44
15911,eclipse-openj9/openj9,https://github.com/eclipse-openj9/openj9/blob/b9b733900ef25ba25435e8dd557a10f4e39a4fd6/runtime/gcchk/CMakeLists.txt#L78,#TODO do we just want to link against j9gc?,['todo'],CMake,3,78,78
15911,eclipse-openj9/openj9,https://github.com/eclipse-openj9/openj9/blob/b9b733900ef25ba25435e8dd557a10f4e39a4fd6/runtime/hookable/CMakeLists.txt#L25,"# We just pull in the hookable objects built as part of OMR
# TODO: Do we want to just make omr build a shared lib and use that?",['todo'],CMake,1,25,26
15911,eclipse-openj9/openj9,https://github.com/eclipse-openj9/openj9/blob/b9b733900ef25ba25435e8dd557a10f4e39a4fd6/runtime/j9vm/CMakeLists.txt#L61,# TODO we have to repeat ../include because of duplication of vmi.h,['todo'],CMake,2,61,61
15911,eclipse-openj9/openj9,https://github.com/eclipse-openj9/openj9/blob/b9b733900ef25ba25435e8dd557a10f4e39a4fd6/runtime/libffi/CMakeLists.txt#L42,"# We need this because ffi_common.h is in 'include' in the top directory.
# once we fix that this can go away",['fix'],CMake,0,42,43
15911,eclipse-openj9/openj9,https://github.com/eclipse-openj9/openj9/blob/b9b733900ef25ba25435e8dd557a10f4e39a4fd6/runtime/rasdump/CMakeLists.txt#L35,"#TODO:Only on zos
#jobname.s",['todo'],CMake,1,35,36
15911,eclipse-openj9/openj9,https://github.com/eclipse-openj9/openj9/blob/b9b733900ef25ba25435e8dd557a10f4e39a4fd6/runtime/rastrace/CMakeLists.txt#L66,#TODO: why isn't this in the module.xml?,['todo'],CMake,2,66,66
15911,eclipse-openj9/openj9,https://github.com/eclipse-openj9/openj9/blob/b9b733900ef25ba25435e8dd557a10f4e39a4fd6/runtime/tests/bcverify/CMakeLists.txt#L28,"# TODO do we really need to recompile these sources,
# or can we just reuse the object files?",['todo'],CMake,1,28,29
15911,eclipse-openj9/openj9,https://github.com/eclipse-openj9/openj9/blob/b9b733900ef25ba25435e8dd557a10f4e39a4fd6/runtime/tests/redirector/jep178/CMakeLists.txt#L31,"#TODO: this is how its done in the module.xml, but its probably a toolchain thing",['todo'],CMake,0,31,31
15911,eclipse-openj9/openj9,https://github.com/eclipse-openj9/openj9/blob/b9b733900ef25ba25435e8dd557a10f4e39a4fd6/runtime/tests/vm/CMakeLists.txt#L32,#TODO this should maybe be refactored?,['todo'],CMake,1,32,32
15911,eclipse-openj9/openj9,https://github.com/eclipse-openj9/openj9/blob/b9b733900ef25ba25435e8dd557a10f4e39a4fd6/runtime/thread/CMakeLists.txt#L23,"# Note: We just take the objects provided by omr.
# TODO: Do we just want to make omr build a shared lib?",['todo'],CMake,0,23,24
15911,eclipse-openj9/openj9,https://github.com/eclipse-openj9/openj9/blob/b9b733900ef25ba25435e8dd557a10f4e39a4fd6/runtime/vm/CMakeLists.txt#L46,"#[[
		if(OMR_OS_LINUX)
			# TODO -qpic=large -> -qpic
			# however at the moment all plinux builds with xlc use -qpic anyway
			list(APPEND interp_new_flags ""-qmaxmem=-1"")
		endif()
		]]",['todo'],CMake,2,46,52
15911,eclipse-openj9/openj9,https://github.com/eclipse-openj9/openj9/blob/b9b733900ef25ba25435e8dd557a10f4e39a4fd6/runtime/vm/CMakeLists.txt#L55,# TODO need to handle optimized debug info,['todo'],CMake,1,55,55
15911,eclipse-openj9/openj9,https://github.com/eclipse-openj9/openj9/blob/b9b733900ef25ba25435e8dd557a10f4e39a4fd6/runtime/vm/CMakeLists.txt#L416,"# link hacks
# TODO: figure out why CMake needs these, but UMA does not",['todo'],CMake,2,416,417
15911,eclipse-openj9/openj9,https://github.com/eclipse-openj9/openj9/blob/b9b733900ef25ba25435e8dd557a10f4e39a4fd6/sourcetools/CMakeLists.txt#L39,# TODO this needs to be named and handled better,['todo'],CMake,0,39,39
15911,eclipse-openj9/openj9,https://github.com/eclipse-openj9/openj9/blob/b9b733900ef25ba25435e8dd557a10f4e39a4fd6/runtime/cmake/options.cmake#L47,"# This replicates the options from j9.flags that I felt were important. Blank lines
# mark where I skipped options which seemed unimportant.
# TODO: some options still need to be ported over
# TODO: at some point we should go through and clean out options which no longer work / make sense",['todo'],CMake,0,47,50
15911,eclipse-openj9/openj9,https://github.com/eclipse-openj9/openj9/blob/b9b733900ef25ba25435e8dd557a10f4e39a4fd6/runtime/cmake/caches/aix_ppc-64.cmake#L23,#TODO: Env vars should be auto detected by platform,['todo'],CMake,0,23,23
15911,eclipse-openj9/openj9,https://github.com/eclipse-openj9/openj9/blob/b9b733900ef25ba25435e8dd557a10f4e39a4fd6/runtime/cmake/caches/common.cmake#L23,#TODO Platform hacks,['todo'],CMake,0,23,23
15911,eclipse-openj9/openj9,https://github.com/eclipse-openj9/openj9/blob/b9b733900ef25ba25435e8dd557a10f4e39a4fd6/runtime/cmake/caches/common.cmake#L37,#TODO these options to be properly configured like the rest,['todo'],CMake,0,37,37
15911,eclipse-openj9/openj9,https://github.com/eclipse-openj9/openj9/blob/b9b733900ef25ba25435e8dd557a10f4e39a4fd6/runtime/cmake/caches/linux_390-64.cmake#L23,#TODO Platform hacks,['todo'],CMake,0,23,23
15911,eclipse-openj9/openj9,https://github.com/eclipse-openj9/openj9/blob/b9b733900ef25ba25435e8dd557a10f4e39a4fd6/runtime/cmake/caches/linux_ppc-64_le.cmake#L23,# TODO Platform hacks,['todo'],CMake,0,23,23
15911,eclipse-openj9/openj9,https://github.com/eclipse-openj9/openj9/blob/b9b733900ef25ba25435e8dd557a10f4e39a4fd6/runtime/cmake/caches/linux_x86-64.cmake#L23,#TODO Platform hacks,['todo'],CMake,0,23,23
