repoIndex,repoName,linkLocation,comment,keywords,buildSysteminFile,charPosition,startLine,endLine
16412,jannyboy11/scalapluginloader,https://github.com/jannyboy11/scalapluginloader/blob/69636aae35256ff104aa599dc4601eea25e81f50/JavaExample/pom.xml#L73,"<!-- I don't even get why this workaround is required.
                    Why is the javadoc plugin reading bytecode anyway?
                    link to the bugtracker: https://issues.apache.org/jira/projects/MJAVADOC/issues/MJAVADOC-542 -->",['workaround'],Maven,16,73,75
16412,jannyboy11/scalapluginloader,https://github.com/jannyboy11/scalapluginloader/blob/69636aae35256ff104aa599dc4601eea25e81f50/ScalaExample/pom.xml#L37,"<!--
            javac won't compile a module.info because the ""package xyz.janboerman.scalaloader.example.scala does not exist or is empty""!
            This is a bug because obviously it exists (albeit with only Scala sources).
            Best we can do for now is to wait for this bug getting patched, or Scala getting support for Java modules.

            This would be the module-info.java file:
            module xyz.janboerman.scalaloader.scalaexample {

                requires java.logging;
                requires org.bukkit;
                requires transitive scala.library;
                requires xyz.janboerman.scalaloader;

                exports xyz.janboerman.scalaloader.example.scala;
                opens xyz.janboerman.scalaloader.example.scala to org.bukkit;

            }

            So for now, as a workaround, keep using an automatic module.
            -->",['workaround'],Maven,12,37,56
16412,jannyboy11/scalapluginloader,https://github.com/jannyboy11/scalapluginloader/blob/69636aae35256ff104aa599dc4601eea25e81f50/ScalaLoader/pom.xml#L55,<!-- TODO try some better options for creating Multi-Release jar files -->,['todo'],Maven,3,55,55
16412,jannyboy11/scalapluginloader,https://github.com/jannyboy11/scalapluginloader/blob/69636aae35256ff104aa599dc4601eea25e81f50/ScalaLoader/pom.xml#L56,<!-- TODO e.g.: https://www.baeldung.com/maven-multi-release-jars -->,['todo'],Maven,12,56,56
16412,jannyboy11/scalapluginloader,https://github.com/jannyboy11/scalapluginloader/blob/69636aae35256ff104aa599dc4601eea25e81f50/ScalaLoader/pom.xml#L57,<!-- TODO or: http://www.russgold.net/sw/2018/04/easier-than-it-looks/ https://github.com/meterware/multirelease-parent (but requires a toolchains.xml) -->,['todo'],Maven,12,57,57
16412,jannyboy11/scalapluginloader,https://github.com/jannyboy11/scalapluginloader/blob/69636aae35256ff104aa599dc4601eea25e81f50/ScalaLoader/pom.xml#L238,"<!-- I don't even get why this workaround is required.
                    Why is the javadoc plugin reading bytecode anyway?
                    link to the bugtracker: https://issues.apache.org/jira/projects/MJAVADOC/issues/MJAVADOC-542 -->",['workaround'],Maven,16,238,240
16412,jannyboy11/scalapluginloader,https://github.com/jannyboy11/scalapluginloader/blob/69636aae35256ff104aa599dc4601eea25e81f50/ScalaLoader/pom.xml#L241,<!-- TODO is this still needed? -->,['todo'],Maven,16,241,241
