repoIndex,repoName,linkLocation,comment,keywords,buildSysteminFile,charPosition,startLine,endLine
1761,libretro/fuse-libretro,https://github.com/libretro/fuse-libretro/blob/3f9344ddf88dfd251d95cffdea615692479e8cc6/fuse/aclocal.m4#L345,"# Older Autoconf quotes --file arguments for eval, but not when files
# are listed without --file.  Let's play safe and only enable the eval
# if we detect the quoting.
# TODO: see whether this extra hack can be removed once we start
# requiring Autoconf 2.70 or later.","['todo', 'hack']",Autotool,2,345,349
1761,libretro/fuse-libretro,https://github.com/libretro/fuse-libretro/blob/3f9344ddf88dfd251d95cffdea615692479e8cc6/fuse/aclocal.m4#L801,"# Losing compiler, so override with the script.
# FIXME: It is wrong to rewrite CC.
# But if we don't then we get into trouble of one sort or another.
# A longer-term fix would be to have automake use am__CC in this case,
# and then we could set am__CC=""\$(top_srcdir)/compile \$(CC)""","['fix', 'fixme']",Autotool,3,801,805
1761,libretro/fuse-libretro,https://github.com/libretro/fuse-libretro/blob/3f9344ddf88dfd251d95cffdea615692479e8cc6/fuse/aclocal.m4#L872,"# If neither matched, then we have a broken ls.  This can happen
# if, for instance, CONFIG_SHELL is bash and it inherits a
# broken ls alias from the environment.  This has actually
# happened.  Such a system could not be considered ""sane"".",['broken'],Autotool,1,872,875
1761,libretro/fuse-libretro,https://github.com/libretro/fuse-libretro/blob/3f9344ddf88dfd251d95cffdea615692479e8cc6/libspectrum/aclocal.m4#L345,"# Older Autoconf quotes --file arguments for eval, but not when files
# are listed without --file.  Let's play safe and only enable the eval
# if we detect the quoting.
# TODO: see whether this extra hack can be removed once we start
# requiring Autoconf 2.70 or later.","['todo', 'hack']",Autotool,2,345,349
1761,libretro/fuse-libretro,https://github.com/libretro/fuse-libretro/blob/3f9344ddf88dfd251d95cffdea615692479e8cc6/libspectrum/aclocal.m4#L783,"# Losing compiler, so override with the script.
# FIXME: It is wrong to rewrite CC.
# But if we don't then we get into trouble of one sort or another.
# A longer-term fix would be to have automake use am__CC in this case,
# and then we could set am__CC=""\$(top_srcdir)/compile \$(CC)""","['fix', 'fixme']",Autotool,3,783,787
1761,libretro/fuse-libretro,https://github.com/libretro/fuse-libretro/blob/3f9344ddf88dfd251d95cffdea615692479e8cc6/libspectrum/aclocal.m4#L854,"# If neither matched, then we have a broken ls.  This can happen
# if, for instance, CONFIG_SHELL is bash and it inherits a
# broken ls alias from the environment.  This has actually
# happened.  Such a system could not be considered ""sane"".",['broken'],Autotool,1,854,857
