repoIndex,repoName,linkLocation,comment,keywords,buildSysteminFile,charPosition,startLine,endLine
18198,spring-attic/grails-ide,https://github.com/spring-attic/grails-ide/blob/500b95d77ea26949d399d514dd3048f02d223d9b/pom.xml#L561,"<!-- workaround  https://bugs.eclipse.org/bugs/show_bug.cgi?id=379425 
            <dependency-resolution>
            <extraRequirements>
              <requirement>
                <type>p2-installable-unit</type>
                <id>org.eclipse.platform.feature.group</id>
                <versionRange>0.0.0</versionRange>
              </requirement>
            </extraRequirements>
          </dependency-resolution> -->",['workaround'],Maven,10,561,570
