repoIndex,repoName,linkLocation,comment,keywords,buildSysteminFile,charPosition,startLine,endLine
18561,heutelbeck/sapl-demos,https://github.com/heutelbeck/sapl-demos/blob/b3ab38bfbba44ad4d3119f80a43276762afbb47f/sapl-demo-ethereum/pom.xml#L182,"<!-- Take care of synchronizing java dependencies and imports in package.json 
				and main.js files. It also creates webpack.config.js if not exists yet. -->",['take care'],Maven,3,182,183
18561,heutelbeck/sapl-demos,https://github.com/heutelbeck/sapl-demos/blob/b3ab38bfbba44ad4d3119f80a43276762afbb47f/sapl-demo-extension/pom.xml#L90,<!-- Add further dependencies required to implement your PIP or functions -->,['implement'],Maven,2,90,90
18561,heutelbeck/sapl-demos,https://github.com/heutelbeck/sapl-demos/blob/b3ab38bfbba44ad4d3119f80a43276762afbb47f/sapl-demo-playground/pom.xml#L213,"<!--
                Take care of synchronizing java dependencies and imports in
                package.json and main.js files.
                It also creates webpack.config.js if not exists yet.
            -->",['take care'],Maven,12,213,217
18561,heutelbeck/sapl-demos,https://github.com/heutelbeck/sapl-demos/blob/b3ab38bfbba44ad4d3119f80a43276762afbb47f/sapl-demo-vaadin/pom.xml#L236,"<!-- Take care of synchronizing java dependencies and imports in package.json 
				and main.js files. It also creates webpack.config.js if not exists yet. -->",['take care'],Maven,3,236,237
18561,heutelbeck/sapl-demos,https://github.com/heutelbeck/sapl-demos/blob/b3ab38bfbba44ad4d3119f80a43276762afbb47f/sapl-demo-web-editor/pom.xml#L134,"<!-- Take care of synchronizing java dependencies and imports in package.json 
				and main.js files. It also creates webpack.config.js if not exists yet. -->",['take care'],Maven,3,134,135
