repoIndex,repoName,linkLocation,comment,keywords,buildSysteminFile,charPosition,startLine,endLine
18992,junoemr/junoemr,https://github.com/junoemr/junoemr/blob/27f985436f2f210c293587e4666e759ace6bd539/pom.xml#L840,<!-- *sigh* we really need to get rid of this -->,['get rid of this'],Maven,2,840,840
18992,junoemr/junoemr,https://github.com/junoemr/junoemr/blob/27f985436f2f210c293587e4666e759ace6bd539/pom.xml#L1568,<!-- TODO: exclude everything but dist JS and CSS and the JSPs -->,['todo'],Maven,5,1568,1568
18992,junoemr/junoemr,https://github.com/junoemr/junoemr/blob/27f985436f2f210c293587e4666e759ace6bd539/pom.xml#L1721,<!-- TODO: This plugin should be replaced with swagger-maven-plugin once that plugin -->,['todo'],Maven,3,1721,1721
18992,junoemr/junoemr,https://github.com/junoemr/junoemr/blob/27f985436f2f210c293587e4666e759ace6bd539/pom.xml#L1722,<!-- TODO: supports openapi V3 -->,['todo'],Maven,3,1722,1722
18992,junoemr/junoemr,https://github.com/junoemr/junoemr/blob/27f985436f2f210c293587e4666e759ace6bd539/pom.xml#L1790,<!-- This is a terrible hack to counteract a bug in the openapi-generator library.  -->,['hack'],Maven,3,1790,1790
18992,junoemr/junoemr,https://github.com/junoemr/junoemr/blob/27f985436f2f210c293587e4666e759ace6bd539/pom.xml#L1799,<!-- TODO: scrap this once openapi-generator is fixed -->,['todo'],Maven,3,1799,1799
18992,junoemr/junoemr,https://github.com/junoemr/junoemr/blob/27f985436f2f210c293587e4666e759ace6bd539/pom.xml#L1861,"<!-- We're doing jspc this way because the codehaus jspc seems to be abandonded, it doesn't go beyond jdk 1.5 and the documentation is sparse, and the source code links to a broken page and I can't find the goals it supports. -->",['broken'],Maven,6,1861,1861
18992,junoemr/junoemr,https://github.com/junoemr/junoemr/blob/27f985436f2f210c293587e4666e759ace6bd539/pom.xml#L1918,<!-- TODO switch to JUNO directory -->,['todo'],Maven,5,1918,1918
