repoIndex,repoName,linkLocation,comment,keywords,buildSysteminFile,charPosition,startLine,endLine
19045,kwaiappteam/koom,https://github.com/kwaiappteam/koom/blob/67e51b285bbae060d5086f8de914c1d5570507d0/koom-common/kwai-android-base/src/main/cpp/fmtlib/CMakeLists.txt#L227,"# Fix rpmlint warning:
# unused-direct-shlib-dependency /usr/lib/libformat.so.1.1.0 /lib/libm.so.6.",['fix'],CMake,4,227,228
19045,kwaiappteam/koom,https://github.com/kwaiappteam/koom/blob/67e51b285bbae060d5086f8de914c1d5570507d0/koom-common/kwai-android-base/src/main/cpp/fmtlib/test/CMakeLists.txt#L23,# Workaround a bug in implementation of variadic templates in MSVC11.,['workaround'],CMake,2,23,23
19045,kwaiappteam/koom,https://github.com/kwaiappteam/koom/blob/67e51b285bbae060d5086f8de914c1d5570507d0/koom-common/kwai-android-base/src/main/cpp/fmtlib/test/CMakeLists.txt#L53,# Workaround GTest bug https://github.com/google/googletest/issues/705.,['workaround'],CMake,0,53,53
19045,kwaiappteam/koom,https://github.com/kwaiappteam/koom/blob/67e51b285bbae060d5086f8de914c1d5570507d0/koom-common/kwai-android-base/src/main/cpp/fmtlib/test/CMakeLists.txt#L150,"# Test that the library can be compiled with exceptions disabled.
# -fno-exception is broken in icc: https://github.com/fmtlib/fmt/issues/822.",['broken'],CMake,2,150,151
19045,kwaiappteam/koom,https://github.com/kwaiappteam/koom/blob/67e51b285bbae060d5086f8de914c1d5570507d0/koom-common/kwai-android-base/src/main/cpp/fmtlib/test/cuda-test/CMakeLists.txt#L35,"# This part is for (non-CUDA) C++ code. MSVC can define incorrect
# `__cplusplus` macro. Fix for the issue is to use additional compiler flag. 
#
# See Also:
# https://devblogs.microsoft.com/cppblog/msvc-now-correctly-reports-__cplusplus/
# https://github.com/Microsoft/vscode-cpptools/issues/2595",['fix'],CMake,4,35,40
