repoIndex,repoName,linkLocation,comment,keywords,buildSysteminFile,charPosition,startLine,endLine
19053,pigeoncoin/pigeoncoin,https://github.com/pigeoncoin/pigeoncoin/blob/22babfc59c939b420b5ce7df8307f0827a42394f/src/Makefile.am#L723,## FIXME: How to get the appropriate modulename_CPPFLAGS in here?,['fixme'],Autotool,1,723,723
19053,pigeoncoin/pigeoncoin,https://github.com/pigeoncoin/pigeoncoin/blob/22babfc59c939b420b5ce7df8307f0827a42394f/configure.ac#L965,"dnl Boost >= 1.50 uses sleep_for rather than the now-deprecated sleep, however
dnl it was broken from 1.50 to 1.52 when backed by nanosleep. Use sleep_for if
dnl a working version is available, else fall back to sleep. sleep was removed
dnl after 1.56.
dnl If neither is available, abort.",['broken'],Autotool,0,965,969
