repoIndex,repoName,linkLocation,comment,keywords,buildSysteminFile,charPosition,startLine,endLine
19093,wxformbuilder/wxformbuilder,https://github.com/wxformbuilder/wxformbuilder/blob/a4a966b51495da2212095d17c39b80d0ca91022a/CMakeLists.txt#L30,"# TODO: This is not the ideal solution to apply these warning flags.
#       Toolchain files are not really intended for this purpose.
#       Presets would be a viable solution, but currently, at least on VSCode, this
#       has the side effect that pretty much everything from generator to build type
#       to binary directory needs to be specified. The usual control ability of especially
#       the build type gets lost in preset mode.",['todo'],CMake,2,30,35
19093,wxformbuilder/wxformbuilder,https://github.com/wxformbuilder/wxformbuilder/blob/a4a966b51495da2212095d17c39b80d0ca91022a/CMakeLists.txt#L77,# TODO: Maybe check if the required variables are all unset and enable by default in that case,['todo'],CMake,2,77,77
19093,wxformbuilder/wxformbuilder,https://github.com/wxformbuilder/wxformbuilder/blob/a4a966b51495da2212095d17c39b80d0ca91022a/CMakeLists.txt#L84,# TODO: Currently generator languages cannot be configured,['todo'],CMake,0,84,84
19093,wxformbuilder/wxformbuilder,https://github.com/wxformbuilder/wxformbuilder/blob/a4a966b51495da2212095d17c39b80d0ca91022a/CMakeLists.txt#L134,"# TODO: OPTIONAL_COMPONENTS seems to be broken currently (at least on Linux), so make media a required component","['todo', 'broken']",CMake,2,134,134
19093,wxformbuilder/wxformbuilder,https://github.com/wxformbuilder/wxformbuilder/blob/a4a966b51495da2212095d17c39b80d0ca91022a/CMakeLists.txt#L141,"# TODO: To easily share the used wxWidgets library beyond CMake scopes, instead of using the variables created by the find module,
#       create a target. This has also the advantage that not all targets in the current scope get polluted with wxWidgets settings.
#       Use the same approach like the file ${wxWidgets_USE_FILE}. Because of the results returned by the find module,
#       an import library can not be created (easily?), create an interface library instead.
#       This has the drawback that this library is always in global scope, this might make it difficult to use wxWidgets
#       with different components elsewhere.",['todo'],CMake,0,141,146
19093,wxformbuilder/wxformbuilder,https://github.com/wxformbuilder/wxformbuilder/blob/a4a966b51495da2212095d17c39b80d0ca91022a/CMakeLists.txt#L189,# TODO: Some Boost packages do not include the CMake config files so config mode with the headers component can't be used,['todo'],CMake,0,189,189
19093,wxformbuilder/wxformbuilder,https://github.com/wxformbuilder/wxformbuilder/blob/a4a966b51495da2212095d17c39b80d0ca91022a/plugins/CMakeLists.txt#L1,# TODO: Since media is currently a required component always enable the control,['todo'],CMake,0,1,1
19093,wxformbuilder/wxformbuilder,https://github.com/wxformbuilder/wxformbuilder/blob/a4a966b51495da2212095d17c39b80d0ca91022a/src/CMakeLists.txt#L301,"# The compiler runtime libraries are installed in system default paths, because it is expected
# that the runtime distributables are getting installed along the application, these need to get
# filtered. The wxWidgets library uses the win32 search style and therefor the library path is defined
# (TODO: Unless the CMake build gets imported, what to do then?)",['todo'],CMake,4,301,304
19093,wxformbuilder/wxformbuilder,https://github.com/wxformbuilder/wxformbuilder/blob/a4a966b51495da2212095d17c39b80d0ca91022a/third_party/stack_trace/CMakeLists.txt#L37,# TODO: Only required for systems older than Windows 7,['todo'],CMake,14,37,37
19093,wxformbuilder/wxformbuilder,https://github.com/wxformbuilder/wxformbuilder/blob/a4a966b51495da2212095d17c39b80d0ca91022a/cmake/functions.cmake#L57,# TODO: Is this required or does MODULE always set this property?,['todo'],CMake,2,57,57
19093,wxformbuilder/wxformbuilder,https://github.com/wxformbuilder/wxformbuilder/blob/a4a966b51495da2212095d17c39b80d0ca91022a/cmake/functions.cmake#L75,"# The current plugin loader code requires this extension
# TODO: Setting CMAKE_SHARED_MODULE_SUFFIX inside this function has no effect, setting it
#       in the toplevel CMake file has. Setting the property directly does also work.",['todo'],CMake,4,75,77
19093,wxformbuilder/wxformbuilder,https://github.com/wxformbuilder/wxformbuilder/blob/a4a966b51495da2212095d17c39b80d0ca91022a/cmake/macros.cmake#L27,"# TODO: Is there any possibility to determine the output filenames of the plugins to create a list that can be inserted literal?
# TODO: The fixup_bundle command erases all present RPATH information. Since it fixes the loader paths of all libraries and none
#       of them loads libraries dynamically, it is sufficient to add an RPATH only to the PlugIns directory which contains the
#       libraries that get loaded dynamically.",['todo'],CMake,4,27,30
