repoIndex,repoName,linkLocation,comment,keywords,buildSysteminFile,charPosition,startLine,endLine
19118,devcoin/core,https://github.com/devcoin/core/blob/a5a65936e31a63041434f3fce31270c518d44ebc/src/Makefile.am#L820,## FIXME: How to get the appropriate modulename_CPPFLAGS in here?,['fixme'],Autotool,1,820,820
19118,devcoin/core,https://github.com/devcoin/core/blob/a5a65936e31a63041434f3fce31270c518d44ebc/configure.ac#L423,"dnl -Wsuggest-override is broken with GCC before 9.2
dnl https://gcc.gnu.org/bugzilla/show_bug.cgi?id=78010",['broken'],Autotool,2,423,424
19118,devcoin/core,https://github.com/devcoin/core/blob/a5a65936e31a63041434f3fce31270c518d44ebc/src/crc32c/CMakeLists.txt#L142,# TODO(pwnall): Insert correct flag when VS gets ARM CRC32C support.,['todo'],CMake,2,142,142
19118,devcoin/core,https://github.com/devcoin/core/blob/a5a65936e31a63041434f3fce31270c518d44ebc/src/crc32c/CMakeLists.txt#L231,# TODO(pwnall): Insert correct flag when VS gets ARM64 CRC32C support.,['todo'],CMake,4,231,231
19118,devcoin/core,https://github.com/devcoin/core/blob/a5a65936e31a63041434f3fce31270c518d44ebc/src/crc32c/CMakeLists.txt#L269,"# TODO(pwnall): Move the TARGET_OBJECTS generator expressions to the PRIVATE
# section of target_sources when cmake_minimum_required becomes 3.9 or above.",['todo'],CMake,2,269,270
19118,devcoin/core,https://github.com/devcoin/core/blob/a5a65936e31a63041434f3fce31270c518d44ebc/src/leveldb/CMakeLists.txt#L21,# TODO(cmumford): Make UNICODE configurable for Windows.,['todo'],CMake,2,21,21
19118,devcoin/core,https://github.com/devcoin/core/blob/a5a65936e31a63041434f3fce31270c518d44ebc/src/leveldb/CMakeLists.txt#L351,"# TODO(costan): This test also uses
#               ""util/env_{posix|windows}_test_helper.h""",['todo'],CMake,4,351,352
