repoIndex,repoName,linkLocation,comment,keywords,buildSysteminFile,charPosition,startLine,endLine
19131,llnl/samrai,https://github.com/llnl/samrai/blob/bf23868c2f2823e92b9b47edbd70bfbad365ef06/source/test/FAC_adaptive/CMakeLists.txt#L18,# TODO CMake should resolve this dependency for us...,['todo'],CMake,0,18,18
19131,llnl/samrai,https://github.com/llnl/samrai/blob/bf23868c2f2823e92b9b47edbd70bfbad365ef06/source/test/FAC_staticrefinement/CMakeLists.txt#L9,# TODO CMake should resolve this dependency for us...,['todo'],CMake,0,9,9
19131,llnl/samrai,https://github.com/llnl/samrai/blob/bf23868c2f2823e92b9b47edbd70bfbad365ef06/source/test/LoadBalanceCorrectness/CMakeLists.txt#L7,# TODO CMake should resolve this dependency for us...,['todo'],CMake,0,7,7
19131,llnl/samrai,https://github.com/llnl/samrai/blob/bf23868c2f2823e92b9b47edbd70bfbad365ef06/source/test/MblkEuler/CMakeLists.txt#L10,# TODO CMake should resolve this dependency for us...,['todo'],CMake,0,10,10
19131,llnl/samrai,https://github.com/llnl/samrai/blob/bf23868c2f2823e92b9b47edbd70bfbad365ef06/source/test/MblkLinAdv/CMakeLists.txt#L11,# TODO CMake should resolve this dependency for us...,['todo'],CMake,0,11,11
19131,llnl/samrai,https://github.com/llnl/samrai/blob/bf23868c2f2823e92b9b47edbd70bfbad365ef06/source/test/applications/ConvDiff/CMakeLists.txt#L26,# TODO CMake should resolve this dependency for us...,['todo'],CMake,0,26,26
19131,llnl/samrai,https://github.com/llnl/samrai/blob/bf23868c2f2823e92b9b47edbd70bfbad365ef06/source/test/applications/Euler/CMakeLists.txt#L45,# TODO CMake should resolve this dependency for us...,['todo'],CMake,0,45,45
19131,llnl/samrai,https://github.com/llnl/samrai/blob/bf23868c2f2823e92b9b47edbd70bfbad365ef06/source/test/applications/LinAdv/CMakeLists.txt#L35,# TODO CMake should resolve this dependency for us...,['todo'],CMake,0,35,35
19131,llnl/samrai,https://github.com/llnl/samrai/blob/bf23868c2f2823e92b9b47edbd70bfbad365ef06/source/test/applications/Stencil/CMakeLists.txt#L7,# TODO CMake should resolve this dependency for us...,['todo'],CMake,0,7,7
19131,llnl/samrai,https://github.com/llnl/samrai/blob/bf23868c2f2823e92b9b47edbd70bfbad365ef06/source/test/boundary/CMakeLists.txt#L7,# TODO CMake should resolve this dependency for us...,['todo'],CMake,0,7,7
19131,llnl/samrai,https://github.com/llnl/samrai/blob/bf23868c2f2823e92b9b47edbd70bfbad365ef06/source/test/clustering/async_br/CMakeLists.txt#L8,# TODO CMake should resolve this dependency for us...,['todo'],CMake,0,8,8
19131,llnl/samrai,https://github.com/llnl/samrai/blob/bf23868c2f2823e92b9b47edbd70bfbad365ef06/source/test/communication/CMakeLists.txt#L16,# TODO CMake should resolve this dependency for us...,['todo'],CMake,0,16,16
19131,llnl/samrai,https://github.com/llnl/samrai/blob/bf23868c2f2823e92b9b47edbd70bfbad365ef06/source/test/dataaccess/CMakeLists.txt#L6,# TODO CMake should resolve this dependency for us...,['todo'],CMake,0,6,6
19131,llnl/samrai,https://github.com/llnl/samrai/blob/bf23868c2f2823e92b9b47edbd70bfbad365ef06/source/test/dataops/CMakeLists.txt#L7,# TODO CMake should resolve this dependency for us...,['todo'],CMake,0,7,7
19131,llnl/samrai,https://github.com/llnl/samrai/blob/bf23868c2f2823e92b9b47edbd70bfbad365ef06/source/test/dlbg/CMakeLists.txt#L8,# TODO CMake should resolve this dependency for us...,['todo'],CMake,0,8,8
19131,llnl/samrai,https://github.com/llnl/samrai/blob/bf23868c2f2823e92b9b47edbd70bfbad365ef06/source/test/fill_pattern/CMakeLists.txt#L6,# TODO CMake should resolve this dependency for us...,['todo'],CMake,0,6,6
19131,llnl/samrai,https://github.com/llnl/samrai/blob/bf23868c2f2823e92b9b47edbd70bfbad365ef06/source/test/hierarchy/CMakeLists.txt#L7,# TODO CMake should resolve this dependency for us...,['todo'],CMake,0,7,7
19131,llnl/samrai,https://github.com/llnl/samrai/blob/bf23868c2f2823e92b9b47edbd70bfbad365ef06/source/test/hypre/CMakeLists.txt#L12,# TODO CMake should resolve this dependency for us...,['todo'],CMake,0,12,12
19131,llnl/samrai,https://github.com/llnl/samrai/blob/bf23868c2f2823e92b9b47edbd70bfbad365ef06/source/test/indexdata/CMakeLists.txt#L6,# TODO CMake should resolve this dependency for us...,['todo'],CMake,0,6,6
19131,llnl/samrai,https://github.com/llnl/samrai/blob/bf23868c2f2823e92b9b47edbd70bfbad365ef06/source/test/mblkcomm/CMakeLists.txt#L18,# TODO CMake should resolve this dependency for us...,['todo'],CMake,0,18,18
19131,llnl/samrai,https://github.com/llnl/samrai/blob/bf23868c2f2823e92b9b47edbd70bfbad365ef06/source/test/nonlinear/CMakeLists.txt#L89,# TODO CMake should resolve this dependency for us...,['todo'],CMake,0,89,89
19131,llnl/samrai,https://github.com/llnl/samrai/blob/bf23868c2f2823e92b9b47edbd70bfbad365ef06/source/test/patchbdrysum/CMakeLists.txt#L12,# TODO CMake should resolve this dependency for us...,['todo'],CMake,0,12,12
19131,llnl/samrai,https://github.com/llnl/samrai/blob/bf23868c2f2823e92b9b47edbd70bfbad365ef06/source/test/performance/MeshGeneration/CMakeLists.txt#L7,# TODO CMake should resolve this dependency for us...,['todo'],CMake,0,7,7
19131,llnl/samrai,https://github.com/llnl/samrai/blob/bf23868c2f2823e92b9b47edbd70bfbad365ef06/source/test/performance/multiblock/CMakeLists.txt#L37,# TODO CMake should resolve this dependency for us...,['todo'],CMake,0,37,37
19131,llnl/samrai,https://github.com/llnl/samrai/blob/bf23868c2f2823e92b9b47edbd70bfbad365ef06/source/test/rank_group/CMakeLists.txt#L6,# TODO CMake should resolve this dependency for us...,['todo'],CMake,0,6,6
19131,llnl/samrai,https://github.com/llnl/samrai/blob/bf23868c2f2823e92b9b47edbd70bfbad365ef06/source/test/sundials/CMakeLists.txt#L12,# TODO CMake should resolve this dependency for us...,['todo'],CMake,0,12,12
19131,llnl/samrai,https://github.com/llnl/samrai/blob/bf23868c2f2823e92b9b47edbd70bfbad365ef06/source/test/testlib/CMakeLists.txt#L42,# TODO CMake should resolve this dependency for us...,['todo'],CMake,0,42,42
19131,llnl/samrai,https://github.com/llnl/samrai/blob/bf23868c2f2823e92b9b47edbd70bfbad365ef06/source/test/time_interp/CMakeLists.txt#L7,# TODO CMake should resolve this dependency for us...,['todo'],CMake,0,7,7
19131,llnl/samrai,https://github.com/llnl/samrai/blob/bf23868c2f2823e92b9b47edbd70bfbad365ef06/source/test/variables/CMakeLists.txt#L4,# TODO CMake should resolve this dependency for us...,['todo'],CMake,0,4,4
19131,llnl/samrai,https://github.com/llnl/samrai/blob/bf23868c2f2823e92b9b47edbd70bfbad365ef06/tools/restart/CMakeLists.txt#L1,# TODO This should be taken care of by CMake...,['todo'],CMake,0,1,1
19131,llnl/samrai,https://github.com/llnl/samrai/blob/bf23868c2f2823e92b9b47edbd70bfbad365ef06/cmake/SetupCompilers.cmake#L9,# TODO Ensure openmp flags are not enabled twice!,['todo'],CMake,0,9,9
19131,llnl/samrai,https://github.com/llnl/samrai/blob/bf23868c2f2823e92b9b47edbd70bfbad365ef06/cmake/thirdparty/SetupSAMRAIThirdParty.cmake#L92,# TODO: Ensure this is set in SAMRAI_config.h...,['todo'],CMake,2,92,92
