repoIndex,repoName,linkLocation,comment,keywords,buildSysteminFile,charPosition,startLine,endLine
19291,yihui-he/caffe-pro,https://github.com/yihui-he/caffe-pro/blob/4465d1edd35cfdb4816e241bc1bd3f2212380cb8/CMakeLists.txt#L31,# TODO: rename to USE_CUDA,['todo'],CMake,63,31,31
19291,yihui-he/caffe-pro,https://github.com/yihui-he/caffe-pro/blob/4465d1edd35cfdb4816e241bc1bd3f2212380cb8/examples/CMakeLists.txt#L26,"# Funny command to make tutorials work
# TODO: remove in future as soon as naming is standardized everywhere",['todo'],CMake,4,26,27
19291,yihui-he/caffe-pro,https://github.com/yihui-he/caffe-pro/blob/4465d1edd35cfdb4816e241bc1bd3f2212380cb8/src/caffe/test/CMakeLists.txt#L8,"# For 'make runtest' target we don't need to embed test data paths to
# source files, because test target is executed in source directory
# That's why the lines below are commented. TODO: remove them",['todo'],CMake,0,8,10
19291,yihui-he/caffe-pro,https://github.com/yihui-he/caffe-pro/blob/4465d1edd35cfdb4816e241bc1bd3f2212380cb8/cmake/ConfigGen.cmake#L61,"# TODO: Lines below are commented because Caffe doesn't declare its version in headers.
# When the declarations are added, modify `caffe_extract_caffe_version()` macro and uncomment",['todo'],CMake,2,61,62
19291,yihui-he/caffe-pro,https://github.com/yihui-he/caffe-pro/blob/4465d1edd35cfdb4816e241bc1bd3f2212380cb8/cmake/Cuda.cmake#L268,"# Boost 1.55 workaround, see https://svn.boost.org/trac/boost/ticket/9392 or
# https://github.com/ComputationalRadiationPhysics/picongpu/blob/master/src/picongpu/CMakeLists.txt",['workaround'],CMake,0,268,269
19291,yihui-he/caffe-pro,https://github.com/yihui-he/caffe-pro/blob/4465d1edd35cfdb4816e241bc1bd3f2212380cb8/cmake/Dependencies.cmake#L18,"# Ideally, this should be provided by the BLAS library IMPORTED target. However,
# nobody does this, so we need to link to OpenMP explicitly and have the maintainer
# to flick the switch manually as needed.
#
# Moreover, OpenMP package does not provide an IMPORTED target as well, and the
# suggested way of linking to OpenMP is to append to CMAKE_{C,CXX}_FLAGS.
# However, this naïve method will force any user of Caffe to add the same kludge
# into their buildsystem again, so we put these options into per-target PUBLIC
# compile options and link flags, so that they will be exported properly.",['kludge'],CMake,2,18,26
19291,yihui-he/caffe-pro,https://github.com/yihui-he/caffe-pro/blob/4465d1edd35cfdb4816e241bc1bd3f2212380cb8/cmake/Modules/FindNumPy.cmake#L1,"# - Find the NumPy libraries
# This module finds if NumPy is installed, and sets the following variables
# indicating where it is.
#
# TODO: Update to provide the libraries and paths for linking npymath lib.
#
#  NUMPY_FOUND               - was NumPy found
#  NUMPY_VERSION             - the version of NumPy found as a string
#  NUMPY_VERSION_MAJOR       - the major version number of NumPy
#  NUMPY_VERSION_MINOR       - the minor version number of NumPy
#  NUMPY_VERSION_PATCH       - the patch version number of NumPy
#  NUMPY_VERSION_DECIMAL     - e.g. version 1.6.1 is 10601
#  NUMPY_INCLUDE_DIR         - path to the NumPy include files",['todo'],CMake,0,1,13
