repoIndex,repoName,linkLocation,comment,keywords,buildSysteminFile,charPosition,startLine,endLine
19440,mining-visualizer/mvis-tokenminer,https://github.com/mining-visualizer/mvis-tokenminer/blob/ae09b3f5314f202230dd812b5cd354a54bb140c6/CMakeLists.txt#L6,# fix MACOSX_RPATH,['fix'],CMake,32,6,6
19440,mining-visualizer/mvis-tokenminer,https://github.com/mining-visualizer/mvis-tokenminer/blob/ae09b3f5314f202230dd812b5cd354a54bb140c6/cmake/EthDependencies.cmake#L23,"# Qt5 requires opengl
# TODO use proper version of windows SDK (32 vs 64)
# TODO make it possible to use older versions of windows SDK (7.0+ should also work)
# TODO it windows SDK is NOT FOUND, throw ERROR
# from https://github.com/rpavlik/cmake-modules/blob/master/FindWindowsSDK.cmake",['todo'],CMake,0,23,27
19440,mining-visualizer/mvis-tokenminer,https://github.com/mining-visualizer/mvis-tokenminer/blob/ae09b3f5314f202230dd812b5cd354a54bb140c6/cmake/EthDependencies.cmake#L53,# TODO the Jsoncpp package does not yet check for correct version number,['todo'],CMake,0,53,53
19440,mining-visualizer/mvis-tokenminer,https://github.com/mining-visualizer/mvis-tokenminer/blob/ae09b3f5314f202230dd812b5cd354a54bb140c6/cmake/EthDependencies.cmake#L58,"# TODO get rid of -DETH_JSONRPC
# TODO add EXACT once we commit ourselves to cmake 3.x",['todo'],CMake,0,58,59
19440,mining-visualizer/mvis-tokenminer,https://github.com/mining-visualizer/mvis-tokenminer/blob/ae09b3f5314f202230dd812b5cd354a54bb140c6/cmake/EthDependencies.cmake#L72,"# TODO readline package does not yet check for correct version number
# TODO make readline package dependent on cmake options
# TODO get rid of -DETH_READLINE",['todo'],CMake,0,72,74
19440,mining-visualizer/mvis-tokenminer,https://github.com/mining-visualizer/mvis-tokenminer/blob/ae09b3f5314f202230dd812b5cd354a54bb140c6/cmake/EthDependencies.cmake#L82,"# TODO miniupnpc package does not yet check for correct version number
# TODO make miniupnpc package dependent on cmake options
# TODO get rid of -DMINIUPNPC",['todo'],CMake,0,82,84
19440,mining-visualizer/mvis-tokenminer,https://github.com/mining-visualizer/mvis-tokenminer/blob/ae09b3f5314f202230dd812b5cd354a54bb140c6/cmake/EthDependencies.cmake#L92,"# TODO gmp package does not yet check for correct version number
# TODO it is also not required in msvc build",['todo'],CMake,0,92,93
19440,mining-visualizer/mvis-tokenminer,https://github.com/mining-visualizer/mvis-tokenminer/blob/ae09b3f5314f202230dd812b5cd354a54bb140c6/cmake/EthDependencies.cmake#L100,"# curl is only requried for tests
# TODO specify min curl version, on windows we are currently using 7.29",['todo'],CMake,0,100,101
19440,mining-visualizer/mvis-tokenminer,https://github.com/mining-visualizer/mvis-tokenminer/blob/ae09b3f5314f202230dd812b5cd354a54bb140c6/cmake/EthDependencies.cmake#L137,"# find all of the Qt packages
# remember to use 'Qt' instead of 'QT', cause unix is case sensitive
# TODO make headless client optional",['todo'],CMake,0,137,139
19440,mining-visualizer/mvis-tokenminer,https://github.com/mining-visualizer/mvis-tokenminer/blob/ae09b3f5314f202230dd812b5cd354a54bb140c6/cmake/EthDependencies.cmake#L175,# TODO hanlde other msvc versions or it will fail find them,['todo'],CMake,0,175,175
19440,mining-visualizer/mvis-tokenminer,https://github.com/mining-visualizer/mvis-tokenminer/blob/ae09b3f5314f202230dd812b5cd354a54bb140c6/cmake/EthExecutableHelper.cmake#L103,# TODO: This should only happen for GUI application,['todo'],CMake,3,103,103
19440,mining-visualizer/mvis-tokenminer,https://github.com/mining-visualizer/mvis-tokenminer/blob/ae09b3f5314f202230dd812b5cd354a54bb140c6/cmake/EthExecutableHelper.cmake#L124,#workaround for https://bugreports.qt.io/browse/QTBUG-42083,['workaround'],CMake,3,124,124
19440,mining-visualizer/mvis-tokenminer,https://github.com/mining-visualizer/mvis-tokenminer/blob/ae09b3f5314f202230dd812b5cd354a54bb140c6/cmake/FindCURL.cmake#L29,"# debug library on windows
# same naming convention as in qt (appending debug library with d)
# boost is using the same ""hack"" as us with ""optimized"" and ""debug""",['hack'],CMake,0,29,31
19440,mining-visualizer/mvis-tokenminer,https://github.com/mining-visualizer/mvis-tokenminer/blob/ae09b3f5314f202230dd812b5cd354a54bb140c6/cmake/FindEth.cmake#L1,"# Find ethereum
#
# Find the ethereum includes and library
# 
# This module defines
#  ETH_CORE_LIBRARIES, the libraries needed to use ethereum.
#  ETH_FOUND, If false, do not try to use ethereum.
#  TODO: ETH_INCLUDE_DIRS",['todo'],CMake,0,1,8
19440,mining-visualizer/mvis-tokenminer,https://github.com/mining-visualizer/mvis-tokenminer/blob/ae09b3f5314f202230dd812b5cd354a54bb140c6/cmake/FindJsoncpp.cmake#L29,"# debug library on windows
# same naming convention as in qt (appending debug library with d)
# boost is using the same ""hack"" as us with ""optimized"" and ""debug""",['hack'],CMake,0,29,31
19440,mining-visualizer/mvis-tokenminer,https://github.com/mining-visualizer/mvis-tokenminer/blob/ae09b3f5314f202230dd812b5cd354a54bb140c6/cmake/FindLevelDB.cmake#L28,"# debug library on windows
# same naming convention as in qt (appending debug library with d)
# boost is using the same ""hack"" as us with ""optimized"" and ""debug""",['hack'],CMake,0,28,30
19440,mining-visualizer/mvis-tokenminer,https://github.com/mining-visualizer/mvis-tokenminer/blob/ae09b3f5314f202230dd812b5cd354a54bb140c6/cmake/FindMHD.cmake#L27,"# debug library on windows
# same naming convention as in QT (appending debug library with d)
# boost is using the same ""hack"" as us with ""optimized"" and ""debug""
# official MHD project actually uses _d suffix",['hack'],CMake,0,27,30
19440,mining-visualizer/mvis-tokenminer,https://github.com/mining-visualizer/mvis-tokenminer/blob/ae09b3f5314f202230dd812b5cd354a54bb140c6/cmake/FindMiniupnpc.cmake#L28,"# debug library on windows
# same naming convention as in QT (appending debug library with d)
# boost is using the same ""hack"" as us with ""optimized"" and ""debug""",['hack'],CMake,0,28,30
19440,mining-visualizer/mvis-tokenminer,https://github.com/mining-visualizer/mvis-tokenminer/blob/ae09b3f5314f202230dd812b5cd354a54bb140c6/cmake/FindPackageMessage.cmake#L1,"#.rst:
# FindPackageMessage
# ------------------
#
#
#
# FIND_PACKAGE_MESSAGE(<name> ""message for user"" ""find result details"")
#
# This macro is intended to be used in FindXXX.cmake modules files.  It
# will print a message once for each unique find result.  This is useful
# for telling the user where a package was found.  The first argument
# specifies the name (XXX) of the package.  The second argument
# specifies the message to display.  The third argument lists details
# about the find result so that if they change the message will be
# displayed again.  The macro also obeys the QUIET argument to the
# find_package command.
#
# Example:
#
# ::
#
#   if(X11_FOUND)
#     FIND_PACKAGE_MESSAGE(X11 ""Found X11: ${X11_X11_LIB}""
#       ""[${X11_X11_LIB}][${X11_INCLUDE_DIR}]"")
#   else()
#    ...
#   endif()",['xxx'],CMake,0,1,27
19440,mining-visualizer/mvis-tokenminer,https://github.com/mining-visualizer/mvis-tokenminer/blob/ae09b3f5314f202230dd812b5cd354a54bb140c6/cmake/FindWindowsSDK.cmake#L131,"# Newer:
# Windows Server 2008 & .NET 3.5 SDK
# may have broken VS9SP1? they recommend v7.0 instead, or a KB...
# http://www.microsoft.com/en-us/download/details.aspx?id=24826",['broken'],CMake,2,131,134
19440,mining-visualizer/mvis-tokenminer,https://github.com/mining-visualizer/mvis-tokenminer/blob/ae09b3f5314f202230dd812b5cd354a54bb140c6/cmake/Findjson_rpc_cpp.cmake#L51,"# debug library on windows
# same naming convention as in qt (appending debug library with d)
# boost is using the same ""hack"" as us with ""optimized"" and ""debug""",['hack'],CMake,0,51,53
19440,mining-visualizer/mvis-tokenminer,https://github.com/mining-visualizer/mvis-tokenminer/blob/ae09b3f5314f202230dd812b5cd354a54bb140c6/cmake/Findv8.cmake#L28,"# debug library on windows
# same naming convention as in qt (appending debug library with d)
# boost is using the same ""hack"" as us with ""optimized"" and ""debug""",['hack'],CMake,0,28,30
19440,mining-visualizer/mvis-tokenminer,https://github.com/mining-visualizer/mvis-tokenminer/blob/ae09b3f5314f202230dd812b5cd354a54bb140c6/libethash-cl/bin2h.cmake#L68,# fix for legacy cmake,['fix'],CMake,37,68,68
