repoIndex,repoName,linkLocation,comment,keywords,buildSysteminFile,charPosition,startLine,endLine
19455,cginternals/cppassist,https://github.com/cginternals/cppassist/blob/f0c7c7966287365ff6a06c8d142f69d4d3147a1c/docs/api-docs/CMakeLists.txt#L53,"# ToDO, configure doxygen to use source as is",['todo'],CMake,89,53,53
19455,cginternals/cppassist,https://github.com/cginternals/cppassist/blob/f0c7c7966287365ff6a06c8d142f69d4d3147a1c/cmake/CheckTemplate.cmake#L33,# [TODO]: Get from git commit list (see cmake_init/source/scripts/check_template.sh),['todo'],CMake,4,33,33
19455,cginternals/cppassist,https://github.com/cginternals/cppassist/blob/f0c7c7966287365ff6a06c8d142f69d4d3147a1c/cmake/GetGitRevisionDescription.cmake#L97,"# TODO sanitize
#if((${ARGN}"" MATCHES ""&&"") OR
#	(ARGN MATCHES ""||"") OR
#	(ARGN MATCHES ""\\;""))
#	message(""Please report the following error to the project!"")
#	message(FATAL_ERROR ""Looks like someone's doing something nefarious with git_describe! Passed arguments ${ARGN}"")
#endif()",['todo'],CMake,1,97,103
19455,cginternals/cppassist,https://github.com/cginternals/cppassist/blob/f0c7c7966287365ff6a06c8d142f69d4d3147a1c/deploy/packages/pack-cppassist.cmake#L143,# Fix icon path,['fix'],CMake,0,143,143
19455,cginternals/cppassist,https://github.com/cginternals/cppassist/blob/f0c7c7966287365ff6a06c8d142f69d4d3147a1c/deploy/packages/pack-cppassist.cmake#L158,# Fix installation path for x64 builds,['fix'],CMake,0,158,158
19455,cginternals/cppassist,https://github.com/cginternals/cppassist/blob/f0c7c7966287365ff6a06c8d142f69d4d3147a1c/source/tests/googletest/googletest/cmake/internal_utils.cmake#L73,"# Newlines inside flags variables break CMake's NMake generator.
# TODO(vladl@google.com): Add -RTCs and -RTCu to debug builds.",['todo'],CMake,4,73,74
