repoIndex,repoName,linkLocation,comment,keywords,buildSysteminFile,charPosition,startLine,endLine
196,ironcorelabs/ironssh,https://github.com/ironcorelabs/ironssh/blob/b74f9e03509d0d77313778f5a8ca1451cde861f6/configure.ac#L1003,"# /usr/ucblib/libucb.a no longer needed on ReliantUNIX
# Attention: always take care to bind libsocket and libnsl before libc,
# otherwise you will find lots of ""SIOCGPGRP errno 22"" on syslog",['take care'],Autotool,1,1003,1005
196,ironcorelabs/ironssh,https://github.com/ironcorelabs/ironssh/blob/b74f9e03509d0d77313778f5a8ca1451cde861f6/configure.ac#L2025,# Check for broken snprintf,['broken'],Autotool,0,2025,2025
196,ironcorelabs/ironssh,https://github.com/ironcorelabs/ironssh/blob/b74f9e03509d0d77313778f5a8ca1451cde861f6/configure.ac#L2085,"# On systems where [v]snprintf is broken, but is declared in stdio,
# check that the fmt argument is const char * or just char *.
# This is only useful for when BROKEN_SNPRINTF",['broken'],Autotool,0,2085,2087
196,ironcorelabs/ironssh,https://github.com/ironcorelabs/ironssh/blob/b74f9e03509d0d77313778f5a8ca1451cde861f6/configure.ac#L3114,"# Some platforms (seems to be the ones that have a kernel poll(2)-type
# function with which they implement select(2)) use an extra file descriptor
# when calling select(2), which means we can't use the rlimit sandbox.",['implement'],Autotool,0,3114,3116
196,ironcorelabs/ironssh,https://github.com/ironcorelabs/ironssh/blob/b74f9e03509d0d77313778f5a8ca1451cde861f6/configure.ac#L3271,# Cheap hack to ensure NEWS-OS libraries are arranged right.,['hack'],Autotool,0,3271,3271
196,ironcorelabs/ironssh,https://github.com/ironcorelabs/ironssh/blob/b74f9e03509d0d77313778f5a8ca1451cde861f6/configure.ac#L3750,dnl test snprintf (broken on SCO w/gcc),['broken'],Autotool,0,3750,3750
196,ironcorelabs/ironssh,https://github.com/ironcorelabs/ironssh/blob/b74f9e03509d0d77313778f5a8ca1451cde861f6/aclocal.m4#L110,"dnl OSSH_CHECK_HEADER_FOR_FIELD(field, header, symbol)
dnl Does AC_EGREP_HEADER on 'header' for the string 'field'
dnl If found, set 'symbol' to be defined. Cache the result.
dnl TODO: This is not foolproof, better to compile and read from there",['todo'],Autotool,0,110,113
