repoIndex,repoName,linkLocation,comment,keywords,buildSysteminFile,charPosition,startLine,endLine
19656,femttu/femus,https://github.com/femttu/femus/blob/dea5e0d3bc88526f7bd8575acb22423ac12b5c6d/cmake-modules/FindPETSc.cmake#L320,"# Note that we have forced values for all these choices.  If you
# change these, you are telling the system to trust you that they
# work.  It is likely that you will end up with a broken build.",['broken'],CMake,2,320,322
19656,femttu/femus,https://github.com/femttu/femus/blob/dea5e0d3bc88526f7bd8575acb22423ac12b5c6d/cmake-modules/FindPackageMultipass.cmake#L82,"# This is a ridiculous hack.  CHECK_${language}_SOURCE_* thinks that if the
# *name* of the return variable doesn't change, then the test does
# not need to be re-run.  We keep an internal count which we
# increment to guarantee that every test name is unique.  If we've
# gotten here, then the configuration has changed enough that the
# test *needs* to be rerun.",['hack'],CMake,2,82,87
19656,femttu/femus,https://github.com/femttu/femus/blob/dea5e0d3bc88526f7bd8575acb22423ac12b5c6d/cmake-modules/femusMacroBuildApplication.cmake#L45,"# TODO this file copy does not generate a dependency rule in the makefiles, maybe we should think of how to obtain that,
# to avoid re-running cmake when new input files are added in the applications",['todo'],CMake,0,45,46
