repoIndex,repoName,linkLocation,comment,keywords,buildSysteminFile,charPosition,startLine,endLine
19681,ucl-rits/research-computing-with-cpp,https://github.com/ucl-rits/research-computing-with-cpp/blob/7d06e6e8e7b2930c3fc924e40d7d6e8c4f02f980/88cpplibraries/cpp/Eigen/eigen-3.3.7/CMakeLists.txt#L471,"# TODO: consider also replacing EIGEN_BUILD_BTL by a custom target ""make btl""?",['todo'],CMake,0,471,471
19681,ucl-rits/research-computing-with-cpp,https://github.com/ucl-rits/research-computing-with-cpp/blob/7d06e6e8e7b2930c3fc924e40d7d6e8c4f02f980/88cpplibraries/cpp/Eigen/eigen-3.3.7/unsupported/test/CMakeLists.txt#L121,"# TODO: The following test names are prefixed with the cxx11 string, since historically
# the tests depended on c++11. This isn't the case anymore so we ought to rename them.
# FIXME: Old versions of MSVC fail to compile this code, so we just disable these tests
# when using visual studio. We should make the check more strict to enable the tests for
# newer versions of MSVC.","['todo', 'fixme']",CMake,0,121,125
19681,ucl-rits/research-computing-with-cpp,https://github.com/ucl-rits/research-computing-with-cpp/blob/7d06e6e8e7b2930c3fc924e40d7d6e8c4f02f980/88cpplibraries/cpp/Eigen/eigen-3.3.7/cmake/EigenDetermineVSServicePack.cmake#L19,"# temporary fix, until CMake catches up",['fix'],CMake,16,19,19
19681,ucl-rits/research-computing-with-cpp,https://github.com/ucl-rits/research-computing-with-cpp/blob/7d06e6e8e7b2930c3fc924e40d7d6e8c4f02f980/88cpplibraries/cpp/Eigen/eigen-3.3.7/cmake/FindMetis.cmake#L262,"#
# TODO: Add possibility to check for specific functions in the library
#",['todo'],CMake,0,262,264
19681,ucl-rits/research-computing-with-cpp,https://github.com/ucl-rits/research-computing-with-cpp/blob/7d06e6e8e7b2930c3fc924e40d7d6e8c4f02f980/88cpplibraries/cpp/Eigen/eigen-3.3.7/cmake/FindPTSCOTCH.cmake#L421,"#
# TODO: Add possibility to check for specific functions in the library
#",['todo'],CMake,0,421,423
19681,ucl-rits/research-computing-with-cpp,https://github.com/ucl-rits/research-computing-with-cpp/blob/7d06e6e8e7b2930c3fc924e40d7d6e8c4f02f980/88cpplibraries/cpp/Eigen/eigen-3.3.7/cmake/FindScotch.cmake#L367,"#
# TODO: Add possibility to check for specific functions in the library
#",['todo'],CMake,0,367,369
19681,ucl-rits/research-computing-with-cpp,https://github.com/ucl-rits/research-computing-with-cpp/blob/7d06e6e8e7b2930c3fc924e40d7d6e8c4f02f980/88cpplibraries/cpp/Eigen/eigen-3.3.7/cmake/language_support.cmake#L6,"# This additional function definition is needed to provide a workaround for
# CMake bug 9220.",['workaround'],CMake,0,6,7
19681,ucl-rits/research-computing-with-cpp,https://github.com/ucl-rits/research-computing-with-cpp/blob/7d06e6e8e7b2930c3fc924e40d7d6e8c4f02f980/88cpplibraries/cpp/Eigen/eigen-3.3.7/cmake/language_support.cmake#L9,"# On debian testing (cmake 2.6.2), I get return code zero when calling 
# cmake the first time, but cmake crashes when running a second time
# as follows:
#
#  -- The Fortran compiler identification is unknown
#  CMake Error at /usr/share/cmake-2.6/Modules/CMakeFortranInformation.cmake:7 (GET_FILENAME_COMPONENT):
#    get_filename_component called with incorrect number of arguments
#  Call Stack (most recent call first):
#    CMakeLists.txt:3 (enable_language)
#
# My workaround is to invoke cmake twice.  If both return codes are zero, 
# it is safe to invoke ENABLE_LANGUAGE(Fortran OPTIONAL)",['workaround'],CMake,0,9,20
