repoIndex,repoName,linkLocation,comment,keywords,buildSysteminFile,charPosition,startLine,endLine
19723,rwengine/openrw,https://github.com/rwengine/openrw/blob/0f83c16f6518c427a4f156497c3edc843610c402/external/imgui/CMakeLists.txt#L53,# FIXME: extract gl loader to target + add property to get header,['fixme'],CMake,0,53,53
19723,rwengine/openrw,https://github.com/rwengine/openrw/blob/0f83c16f6518c427a4f156497c3edc843610c402/CMakeCPack.cmake#L5,# FIXME: better description of the project,['fixme'],CMake,0,5,5
19723,rwengine/openrw,https://github.com/rwengine/openrw/blob/0f83c16f6518c427a4f156497c3edc843610c402/cmake/modules/CodeCoverage.cmake#L3,# TODO: macos xcode coverage: works? What dependencies?,['todo'],CMake,0,3,3
19723,rwengine/openrw,https://github.com/rwengine/openrw/blob/0f83c16f6518c427a4f156497c3edc843610c402/cmake/modules/FindClangTidy.cmake#L1,"# - Try to find clang-tidy executable and create clang_tidy_check_target function to check targets
# Once done this will define
#
# CLANG_TIDY_FOUND - system has clang-tidy
# CLANG_TIDY_BIN - path of clang-tidy
# CLANG_TIDY_VERSION - version of clang-tidy
#
# clang_tidy_check_target function:
# usage:
# clang_tidy_check_target(
#     TARGET <target>                   # Target to attach clang-tidy to
#     [FORMAT_STYLE <format_style>]     # Format of clang-tidy output
#     [FIX <fix_bool>]                  # Apply the clang-tidy fixes to the sources
#     [CHECK_ALL]                       # run all clang-tidy checks
#     )
# Copyright (c) 2018 OpenRW project
#
# Redistribution and use is allowed according to the terms of the New BSD license.
#",['fix'],CMake,0,1,19
19723,rwengine/openrw,https://github.com/rwengine/openrw/blob/0f83c16f6518c427a4f156497c3edc843610c402/cmake/modules/GetGitRevisionDescription.cmake#L97,"# TODO sanitize
#if((${ARGN}"" MATCHES ""&&"") OR
#	(ARGN MATCHES ""||"") OR
#	(ARGN MATCHES ""\\;""))
#	message(""Please report the following error to the project!"")
#	message(FATAL_ERROR ""Looks like someone's doing something nefarious with git_describe! Passed arguments ${ARGN}"")
#endif()",['todo'],CMake,1,97,103
