repoIndex,repoName,linkLocation,comment,keywords,buildSysteminFile,charPosition,startLine,endLine
19912,netheril96/securefs,https://github.com/netheril96/securefs/blob/b02a7c3034ac6c75ed9ffb1fbfaa49997b995892/external/cmake-cryptopp/CMakeLists.txt#L232,# TODO: improve this...,['todo'],CMake,4,232,232
19912,netheril96/securefs,https://github.com/netheril96/securefs/blob/b02a7c3034ac6c75ed9ffb1fbfaa49997b995892/external/cmake-cryptopp/CMakeLists.txt#L286,# TODO: improve this...,['todo'],CMake,4,286,286
19912,netheril96/securefs,https://github.com/netheril96/securefs/blob/b02a7c3034ac6c75ed9ffb1fbfaa49997b995892/external/cmake-cryptopp/CMakeLists.txt#L393,"# Fixup for xlC compiler. -dumpmachine fails so we miss PowerPC
# TODO: something better than proxying the platform via compiler
# Must use CMAKE_CXX_COMPILER here due to XLC 13.1 and LLVM front-end.",['todo'],CMake,0,393,395
19912,netheril96/securefs,https://github.com/netheril96/securefs/blob/b02a7c3034ac6c75ed9ffb1fbfaa49997b995892/external/cmake-cryptopp/CMakeLists.txt#L439,# TODO: what about ICC and LLVM on Windows?,['todo'],CMake,0,439,439
19912,netheril96/securefs,https://github.com/netheril96/securefs/blob/b02a7c3034ac6c75ed9ffb1fbfaa49997b995892/external/cmake-cryptopp/CMakeLists.txt#L491,"# SunCC needs -xregs=no%appl on Sparc (not x86) for libraries (not test program)
# TODO: wire this up properly",['todo'],CMake,2,491,492
19912,netheril96/securefs,https://github.com/netheril96/securefs/blob/b02a7c3034ac6c75ed9ffb1fbfaa49997b995892/external/cmake-cryptopp/CMakeLists.txt#L598,"# TODO: Android, AIX, IBM xlC, iOS and a few other profiles are missing.",['todo'],CMake,0,598,598
19912,netheril96/securefs,https://github.com/netheril96/securefs/blob/b02a7c3034ac6c75ed9ffb1fbfaa49997b995892/external/cmake-cryptopp/CMakeLists.txt#L837,# Hack for XLC. Find the lowest PWR architecture.,['hack'],CMake,4,837,837
19912,netheril96/securefs,https://github.com/netheril96/securefs/blob/b02a7c3034ac6c75ed9ffb1fbfaa49997b995892/external/cmake-cryptopp/CMakeLists.txt#L865,# Hack for XLC and GCC. Find the right combination for PWR7 and the VSX unit.,['hack'],CMake,4,865,865
19912,netheril96/securefs,https://github.com/netheril96/securefs/blob/b02a7c3034ac6c75ed9ffb1fbfaa49997b995892/external/cmake-cryptopp/CMakeLists.txt#L959,# Each -xarch=XXX options must be added to LDFLAGS if the option is used during a compile.,['xxx'],CMake,4,959,959
19912,netheril96/securefs,https://github.com/netheril96/securefs/blob/b02a7c3034ac6c75ed9ffb1fbfaa49997b995892/external/cmake-cryptopp/CMakeLists.txt#L1189,# Workaround because older cmake on apple doesn't support FindOpenMP,['workaround'],CMake,2,1189,1189
19912,netheril96/securefs,https://github.com/netheril96/securefs/blob/b02a7c3034ac6c75ed9ffb1fbfaa49997b995892/external/cmake-cryptopp/CMakeLists.txt#L1213,# Workaround for Ubuntu 18.04 that otherwise doesn't set -fopenmp for linking,['workaround'],CMake,63,1213,1213
19912,netheril96/securefs,https://github.com/netheril96/securefs/blob/b02a7c3034ac6c75ed9ffb1fbfaa49997b995892/external/cmake-cryptopp/CMakeLists.txt#L1217,# Workaround for Ubuntu 18.04 that otherwise doesn't set -fopenmp for linking,['workaround'],CMake,63,1217,1217
19912,netheril96/securefs,https://github.com/netheril96/securefs/blob/b02a7c3034ac6c75ed9ffb1fbfaa49997b995892/cmake-modules/GetGitRevisionDescription.cmake#L103,"# TODO sanitize
#if((${ARGN}"" MATCHES ""&&"") OR
#	(ARGN MATCHES ""||"") OR
#	(ARGN MATCHES ""\\;""))
#	message(""Please report the following error to the project!"")
#	message(FATAL_ERROR ""Looks like someone's doing something nefarious with git_describe! Passed arguments ${ARGN}"")
#endif()",['todo'],CMake,1,103,109
