repoIndex,repoName,linkLocation,comment,keywords,buildSysteminFile,charPosition,startLine,endLine
20149,sympiler/sympiler,https://github.com/sympiler/sympiler/blob/4f0a9b133734fcded6066ffd0e4284db7e64bb69/CMakeLists.txt#L94,#TODO: set path for brew install libomp,['todo'],CMake,14,94,94
20149,sympiler/sympiler,https://github.com/sympiler/sympiler/blob/4f0a9b133734fcded6066ffd0e4284db7e64bb69/code_gen/symTest/cholesky/CMakeLists.txt#L3,#TODO use env instead,['todo'],CMake,0,3,3
20149,sympiler/sympiler,https://github.com/sympiler/sympiler/blob/4f0a9b133734fcded6066ffd0e4284db7e64bb69/cmake/FindMETIS.cmake#L240,"#
# TODO: Add possibility to check for specific functions in the library
#",['todo'],CMake,0,240,242
20149,sympiler/sympiler,https://github.com/sympiler/sympiler/blob/4f0a9b133734fcded6066ffd0e4284db7e64bb69/cmake/FindMKL.cmake#L124,# TODO: diagnostic if dir does not exist,['todo'],CMake,2,124,124
20149,sympiler/sympiler,https://github.com/sympiler/sympiler/blob/4f0a9b133734fcded6066ffd0e4284db7e64bb69/cmake/FindMKL.cmake#L140,# TODO: diagnostic if dir does not exist,['todo'],CMake,2,140,140
20149,sympiler/sympiler,https://github.com/sympiler/sympiler/blob/4f0a9b133734fcded6066ffd0e4284db7e64bb69/cmake/FindMKL.cmake#L160,# TODO: diagnostic if dir does not exist,['todo'],CMake,2,160,160
20149,sympiler/sympiler,https://github.com/sympiler/sympiler/blob/4f0a9b133734fcded6066ffd0e4284db7e64bb69/cmake/FindSuiteSparse.cmake#L493,"# Determine if we are running on Ubuntu with the package install of SuiteSparse
# which is broken and does not support linking a shared library.",['broken'],CMake,0,493,494
20149,sympiler/sympiler,https://github.com/sympiler/sympiler/blob/4f0a9b133734fcded6066ffd0e4284db7e64bb69/cmake/FindSuiteSparse.cmake#L509,"# We are on Ubuntu, and the SuiteSparse version matches the broken
# system install version and is a system install.",['broken'],CMake,6,509,510
20149,sympiler/sympiler,https://github.com/sympiler/sympiler/blob/4f0a9b133734fcded6066ffd0e4284db7e64bb69/cmake/third_party/openblas.cmake#L13,#TODO: this is a hack to include openblas headers,"['todo', 'hack']",CMake,4,13,13
20149,sympiler/sympiler,https://github.com/sympiler/sympiler/blob/4f0a9b133734fcded6066ffd0e4284db7e64bb69/cmake/third_party/openblas.cmake#L67,"# This hack deserves an explanation.  When compiling OpenBLAS
# without LAPACK, the `add_library(openblas ...)` call will
# list only target object files and no sources, which causes
# Xcode not to generate `ibopenblas.a`.  To fix, we create
# an empty source file to include in the `add_library(openblas ...)`
# call, which is enough to satisfy Xcode.  To actually *get* this
# source file name to the `add_library` call, we use another hack
# and set it (otherwise empty) `LAPACKE_SOURCES` variable in
# OpenBLAS, which happens to be included where we need it.","['fix', 'hack']",CMake,16,67,75
20149,sympiler/sympiler,https://github.com/sympiler/sympiler/blob/4f0a9b133734fcded6066ffd0e4284db7e64bb69/cmake/third_party/openblas.cmake#L96,# hack needed to make Xcode happy,['hack'],CMake,61,96,96
