repoIndex,repoName,linkLocation,comment,keywords,buildSysteminFile,charPosition,startLine,endLine
20174,fifengine/fifengine,https://github.com/fifengine/fifengine/blob/be64c707dea6b3250bd4355bf5c825d25920087d/CMakeLists.txt#L718,"# TODO some files for this source_group are not found
#add_custom_target(fife.swig SOURCES ${FIFE_CORE_SWIG} ${FIFE_CEGUI_SWIG} ${FIFE_FCHAN_SWIG_LIB} ${FIFE_FCHAN_SWIG} ${FIFE_LROCKET_SWIG})",['todo'],CMake,0,718,719
20174,fifengine/fifengine,https://github.com/fifengine/fifengine/blob/be64c707dea6b3250bd4355bf5c825d25920087d/CMakeLists.txt#L858,"# protect user from working with Swig v3.0.8, which is broken",['broken'],CMake,2,858,858
20174,fifengine/fifengine,https://github.com/fifengine/fifengine/blob/be64c707dea6b3250bd4355bf5c825d25920087d/CMakeLists.txt#L965,"# Slash-Fix: Cmake would create a warning, when using the variable in FILES or DIRECTORY without changing it.",['fix'],CMake,4,965,965
20174,fifengine/fifengine,https://github.com/fifengine/fifengine/blob/be64c707dea6b3250bd4355bf5c825d25920087d/dependencies/CMakeLists.txt#L78,# TODO boost,['todo'],CMake,0,78,78
20174,fifengine/fifengine,https://github.com/fifengine/fifengine/blob/be64c707dea6b3250bd4355bf5c825d25920087d/dependencies/CMakeLists.txt#L99,# TODO: boost,['todo'],CMake,0,99,99
20174,fifengine/fifengine,https://github.com/fifengine/fifengine/blob/be64c707dea6b3250bd4355bf5c825d25920087d/cmake/FindCEGUI.cmake#L171,"# test against internal check variable
# HACK: Apparently, adding a variable to the cache cleans up the list
# a bit. We need to also remove any empty strings from the list, but
# at the same time ensure that we are actually dealing with a list.",['hack'],CMake,4,171,174
20174,fifengine/fifengine,https://github.com/fifengine/fifengine/blob/be64c707dea6b3250bd4355bf5c825d25920087d/cmake/get-glew.cmake#L30,# TODO,['todo'],CMake,2,30,30
20174,fifengine/fifengine,https://github.com/fifengine/fifengine/blob/be64c707dea6b3250bd4355bf5c825d25920087d/cmake/get-swig.cmake#L30,# TODO,['todo'],CMake,4,30,30
20174,fifengine/fifengine,https://github.com/fifengine/fifengine/blob/be64c707dea6b3250bd4355bf5c825d25920087d/cmake/get-tinyxml.cmake#L30,# TODO,['todo'],CMake,1,30,30
