repoIndex,repoName,linkLocation,comment,keywords,buildSysteminFile,charPosition,startLine,endLine
20216,pelya/openttd-android,https://github.com/pelya/openttd-android/blob/9b2e51b7559d02fa431f2575703dfe6a766ae7f7/cmake/CompileFlags.cmake#L75,"# Compilers complains about that we break strict-aliasing.
#  On most places we don't see how to fix it, and it doesn't
#  break anything. So disable strict-aliasing to make the
#  compiler all happy.",['fix'],CMake,12,75,78
20216,pelya/openttd-android,https://github.com/pelya/openttd-android/blob/9b2e51b7559d02fa431f2575703dfe6a766ae7f7/cmake/FindLZO.cmake#L46,"# With vcpkg, the library path should contain both 'debug' and 'optimized'
# entries (see target_link_libraries() documentation for more information)
#
# NOTE: we only patch up when using vcpkg; the same issue might happen
# when not using vcpkg, but this is non-trivial to fix, as we have no idea
# what the paths are. With vcpkg we do. And we only official support vcpkg
# with Windows.
#
# NOTE: this is based on the assumption that the debug file has the same
# name as the optimized file. This is not always the case, but so far
# experiences has shown that in those case vcpkg CMake files do the right
# thing.",['fix'],CMake,0,46,57
20216,pelya/openttd-android,https://github.com/pelya/openttd-android/blob/9b2e51b7559d02fa431f2575703dfe6a766ae7f7/cmake/InstallAndPackage.cmake#L150,"# With FHS, we can create deb/rpm/... Without it, they would be horribly broken
# and not work. The other way around is also true; with FHS they are not
# usable, and only flat formats work.",['broken'],CMake,4,150,152
