repoIndex,repoName,linkLocation,comment,keywords,buildSysteminFile,charPosition,startLine,endLine
20564,gridtools/serialbox,https://github.com/gridtools/serialbox/blob/b83826d3f1e970d76f84fc16fe5c0c5b889667ef/CMakeLists.txt#L362,# Runs clang-tidy and attempts to fix any warning automatically,['fix'],CMake,2,362,362
20564,gridtools/serialbox,https://github.com/gridtools/serialbox/blob/b83826d3f1e970d76f84fc16fe5c0c5b889667ef/examples/fortran/CMakeLists.txt#L12,# Workaround for -rdynamic ,['workaround'],CMake,0,12,12
20564,gridtools/serialbox,https://github.com/gridtools/serialbox/blob/b83826d3f1e970d76f84fc16fe5c0c5b889667ef/src/serialbox/core/CMakeLists.txt#L102,#TODO try to make private once we protect our headers,['todo'],CMake,4,102,102
20564,gridtools/serialbox,https://github.com/gridtools/serialbox/blob/b83826d3f1e970d76f84fc16fe5c0c5b889667ef/test/serialbox-fortran/CMakeLists.txt#L30,"#SerialboxFortran mod files
#TODO: is there a better way to do this",['todo'],CMake,0,30,31
20564,gridtools/serialbox,https://github.com/gridtools/serialbox/blob/b83826d3f1e970d76f84fc16fe5c0c5b889667ef/cmake/modules/FetchGoogletest.cmake#L2,# include Threads manually before googletest such that we can properly apply the workaround,['workaround'],CMake,4,2,2
