repoIndex,repoName,linkLocation,comment,keywords,buildSysteminFile,charPosition,startLine,endLine
20612,sphair/clanlib,https://github.com/sphair/clanlib/blob/b5042f9f99590f8f7703e7b117b529344dc95f81/configure.ac#L54,"dnl If any interfaces have been added since the last public release,
dnl then increment AGE. If any interfaces have been removed since the
dnl last public release, then set AGE to 0. So when backward compability
dnl is broken, set this to 0, else stay in sinc with LT_CURRENT
dnl (development releases should stay 0, stable be in sync with
dnl LT_CURRENT)",['broken'],Autotool,0,54,59
20612,sphair/clanlib,https://github.com/sphair/clanlib/blob/b5042f9f99590f8f7703e7b117b529344dc95f81/configure.ac#L564,dnl -- TODO: Is perl actually required?,['todo'],Autotool,0,564,564
