repoIndex,repoName,linkLocation,comment,keywords,buildSysteminFile,charPosition,startLine,endLine
20767,kohler/click,https://github.com/kohler/click/blob/9197a594b1c314264935106297aff08d97cbe7ee/configure.in#L44,dnl This is wrong!!,['this is wrong'],Autotool,0,44,44
20767,kohler/click,https://github.com/kohler/click/blob/9197a594b1c314264935106297aff08d97cbe7ee/configure.in#L761,dnl This is wrong!! Should at least check that HOST_CC and HOST_CXX work.,['this is wrong'],Autotool,2,761,761
20767,kohler/click,https://github.com/kohler/click/blob/9197a594b1c314264935106297aff08d97cbe7ee/configure.in#L914,dnl ' fix syntax highlighting,['fix'],Autotool,8,914,914
20767,kohler/click,https://github.com/kohler/click/blob/9197a594b1c314264935106297aff08d97cbe7ee/configure.in#L1311,dnl ' fix syntax highlighting,['fix'],Autotool,8,1311,1311
20767,kohler/click,https://github.com/kohler/click/blob/9197a594b1c314264935106297aff08d97cbe7ee/configure.in#L1464,dnl ' fix syntax highlighting,['fix'],Autotool,12,1464,1464
