repoIndex,repoName,linkLocation,comment,keywords,buildSysteminFile,charPosition,startLine,endLine
20799,gwsystems/composite,https://github.com/gwsystems/composite/blob/0da657c7a26ecea45b2cb1155d2fe0da6da69f8a/src/components/lib/libcxx/libstdc++-v3-4.8/include/Makefile.am#L916,"# Ignore errors from 'mkdir -p' to avoid parallel make failure on
# systems with broken mkdir.  Call mkdir unconditionally because
# it is just as cheap to avoid going through the shell.
# Ignore errors from $(LN_S) because the links may already exist.",['broken'],Autotool,0,916,919
20799,gwsystems/composite,https://github.com/gwsystems/composite/blob/0da657c7a26ecea45b2cb1155d2fe0da6da69f8a/src/components/lib/libcxx/libstdc++-v3-4.8/include/Makefile.am#L961,"# Have to deal with nested include directories, gah! Strip off source
# directory before making the link.
# XXX check  ${pb_headers}",['xxx'],Autotool,0,961,963
20799,gwsystems/composite,https://github.com/gwsystems/composite/blob/0da657c7a26ecea45b2cb1155d2fe0da6da69f8a/src/components/lib/libcxx/libstdc++-v3-4.8/include/Makefile.am#L1052,"# Host includes static.
# XXX Missing dependency info for {host_headers_extra}",['xxx'],Autotool,0,1052,1053
20799,gwsystems/composite,https://github.com/gwsystems/composite/blob/0da657c7a26ecea45b2cb1155d2fe0da6da69f8a/src/components/lib/libcxx/libstdc++-v3-4.8/src/Makefile.am#L172,"# 3) We'd have a problem when building the shared libstdc++ object if
# the rules automake generates would be used.  We cannot allow g++ to
# be used since this would add -lstdc++ to the link line which of
# course is problematic at this point.  So, we get the top-level
# directory to configure libstdc++-v3 to use gcc as the C++
# compilation driver.",['is problematic'],Autotool,0,172,177
20799,gwsystems/composite,https://github.com/gwsystems/composite/blob/0da657c7a26ecea45b2cb1155d2fe0da6da69f8a/src/components/lib/libcxx/libstdc++-v3-4.8/src/c++11/Makefile.am#L118,"# 3) We'd have a problem when building the shared libstdc++ object if
# the rules automake generates would be used.  We cannot allow g++ to
# be used since this would add -lstdc++ to the link line which of
# course is problematic at this point.  So, we get the top-level
# directory to configure libstdc++-v3 to use gcc as the C++
# compilation driver.",['is problematic'],Autotool,0,118,123
20799,gwsystems/composite,https://github.com/gwsystems/composite/blob/0da657c7a26ecea45b2cb1155d2fe0da6da69f8a/src/components/lib/libcxx/libstdc++-v3-4.8/src/c++98/Makefile.am#L215,"# 3) We'd have a problem when building the shared libstdc++ object if
# the rules automake generates would be used.  We cannot allow g++ to
# be used since this would add -lstdc++ to the link line which of
# course is problematic at this point.  So, we get the top-level
# directory to configure libstdc++-v3 to use gcc as the C++
# compilation driver.",['is problematic'],Autotool,0,215,220
20799,gwsystems/composite,https://github.com/gwsystems/composite/blob/0da657c7a26ecea45b2cb1155d2fe0da6da69f8a/src/components/lib/libcxx/libstdc++-v3-4.8/include/Makefile.in#L1329,"# Ignore errors from 'mkdir -p' to avoid parallel make failure on
# systems with broken mkdir.  Call mkdir unconditionally because
# it is just as cheap to avoid going through the shell.
# Ignore errors from $(LN_S) because the links may already exist.",['broken'],Autotool,0,1329,1332
20799,gwsystems/composite,https://github.com/gwsystems/composite/blob/0da657c7a26ecea45b2cb1155d2fe0da6da69f8a/src/components/lib/libcxx/libstdc++-v3-4.8/include/Makefile.in#L1374,"# Have to deal with nested include directories, gah! Strip off source
# directory before making the link.
# XXX check  ${pb_headers}",['xxx'],Autotool,0,1374,1376
20799,gwsystems/composite,https://github.com/gwsystems/composite/blob/0da657c7a26ecea45b2cb1155d2fe0da6da69f8a/src/components/lib/libcxx/libstdc++-v3-4.8/include/Makefile.in#L1465,"# Host includes static.
# XXX Missing dependency info for {host_headers_extra}",['xxx'],Autotool,0,1465,1466
20799,gwsystems/composite,https://github.com/gwsystems/composite/blob/0da657c7a26ecea45b2cb1155d2fe0da6da69f8a/src/components/lib/libcxx/libstdc++-v3-4.8/src/Makefile.in#L442,"# 3) We'd have a problem when building the shared libstdc++ object if
# the rules automake generates would be used.  We cannot allow g++ to
# be used since this would add -lstdc++ to the link line which of
# course is problematic at this point.  So, we get the top-level
# directory to configure libstdc++-v3 to use gcc as the C++
# compilation driver.",['is problematic'],Autotool,0,442,447
20799,gwsystems/composite,https://github.com/gwsystems/composite/blob/0da657c7a26ecea45b2cb1155d2fe0da6da69f8a/src/components/lib/libcxx/libstdc++-v3-4.8/src/Makefile.in#L476,"# Build a debug variant.
# Take care to fix all possibly-relative paths.","['fix', 'take care']",Autotool,0,476,477
20799,gwsystems/composite,https://github.com/gwsystems/composite/blob/0da657c7a26ecea45b2cb1155d2fe0da6da69f8a/src/components/lib/libcxx/libstdc++-v3-4.8/src/c++11/Makefile.in#L384,"# 3) We'd have a problem when building the shared libstdc++ object if
# the rules automake generates would be used.  We cannot allow g++ to
# be used since this would add -lstdc++ to the link line which of
# course is problematic at this point.  So, we get the top-level
# directory to configure libstdc++-v3 to use gcc as the C++
# compilation driver.",['is problematic'],Autotool,0,384,389
20799,gwsystems/composite,https://github.com/gwsystems/composite/blob/0da657c7a26ecea45b2cb1155d2fe0da6da69f8a/src/components/lib/libcxx/libstdc++-v3-4.8/src/c++98/Makefile.in#L456,"# 3) We'd have a problem when building the shared libstdc++ object if
# the rules automake generates would be used.  We cannot allow g++ to
# be used since this would add -lstdc++ to the link line which of
# course is problematic at this point.  So, we get the top-level
# directory to configure libstdc++-v3 to use gcc as the C++
# compilation driver.",['is problematic'],Autotool,0,456,461
20799,gwsystems/composite,https://github.com/gwsystems/composite/blob/0da657c7a26ecea45b2cb1155d2fe0da6da69f8a/src/components/lib/libcxx/libstdc++-v3-4.8/configure.ac#L246,"# This lets us hard-code the functionality we know we'll have in the cross
# target environment.  ""Let"" is a sugar-coated word placed on an especially
# dull and tedious hack, actually.
#
# Here's why GLIBCXX_CHECK_MATH_SUPPORT, and other autoconf macros
# that involve linking, can't be used:
#    ""cannot open sim-crt0.o""
#    ""cannot open crt0.o""
# etc.  All this is because there currently exists no unified, consistent
# way for top level CC information to be passed down to target directories:
# newlib includes, newlib linking info, libgloss versus newlib crt0.o, etc.
# When all of that is done, all of this hokey, excessive AC_DEFINE junk for
# crosses can be removed.",['hack'],Autotool,2,246,258
20799,gwsystems/composite,https://github.com/gwsystems/composite/blob/0da657c7a26ecea45b2cb1155d2fe0da6da69f8a/src/components/lib/libcxx/libstdc++-v3-4.8/configure.ac#L479,"# Multilibs need MULTISUBDIR defined correctly in certain makefiles so
# that multilib installs will end up installed in the correct place.
# The testsuite needs it for multilib-aware ABI baseline files.
# To work around this not being passed down from config-ml.in ->
# srcdir/Makefile.am -> srcdir/{src,libsupc++,...}/Makefile.am, manually
# append it here.  Only modify Makefiles that have just been created.
#
# Also, get rid of this simulated-VPATH thing that automake does.",['get rid of this'],Autotool,0,479,486
20799,gwsystems/composite,https://github.com/gwsystems/composite/blob/0da657c7a26ecea45b2cb1155d2fe0da6da69f8a/src/components/lib/libcxx/libstdc++-v3-4.8/aclocal.m4#L495,"# If neither matched, then we have a broken ls.  This can happen
# if, for instance, CONFIG_SHELL is bash and it inherits a
# broken ls alias from the environment.  This has actually
# happened.  Such a system could not be considered ""sane"".",['broken'],Autotool,6,495,498
