repoIndex,repoName,linkLocation,comment,keywords,buildSysteminFile,charPosition,startLine,endLine
20835,kimkulling/openddl-parser,https://github.com/kimkulling/openddl-parser/blob/22cf3f4f89f27b08984293e9e9238b314831978c/contrib/gtest-1.7.0/configure.ac#L32,"# TODO(chandlerc@google.com): Currently we aren't running the Python tests
# against the interpreter detected by AM_PATH_PYTHON, and so we condition
# HAVE_PYTHON by requiring ""python"" to be in the PATH, and that interpreter's
# version to be >= 2.3. This will allow the scripts to use a ""/usr/bin/env""
# hashbang.",['todo'],Autotool,0,32,36
20835,kimkulling/openddl-parser,https://github.com/kimkulling/openddl-parser/blob/22cf3f4f89f27b08984293e9e9238b314831978c/contrib/gtest-1.7.0/configure.ac#L62,# TODO(chandlerc@google.com) Check for the necessary system headers.,['todo'],Autotool,0,62,62
20835,kimkulling/openddl-parser,https://github.com/kimkulling/openddl-parser/blob/22cf3f4f89f27b08984293e9e9238b314831978c/contrib/gtest-1.7.0/configure.ac#L64,"# TODO(chandlerc@google.com) Check the types, structures, and other compiler
# and architecture characteristics.",['todo'],Autotool,0,64,65
20835,kimkulling/openddl-parser,https://github.com/kimkulling/openddl-parser/blob/22cf3f4f89f27b08984293e9e9238b314831978c/contrib/gtest-1.7.0/aclocal.m4#L406,"# AM_OUTPUT_DEPENDENCY_COMMANDS
# -----------------------------
# This macro should only be invoked once -- use via AC_REQUIRE.
#
# This code is only required when automatic dependency tracking
# is enabled.  FIXME.  This creates each `.P' file that we will
# need in order to bootstrap the dependency handling code.",['fixme'],Autotool,0,406,412
20835,kimkulling/openddl-parser,https://github.com/kimkulling/openddl-parser/blob/22cf3f4f89f27b08984293e9e9238b314831978c/contrib/gtest-1.7.0/aclocal.m4#L1029,"# If neither matched, then we have a broken ls.  This can happen
# if, for instance, CONFIG_SHELL is bash and it inherits a
# broken ls alias from the environment.  This has actually
# happened.  Such a system could not be considered ""sane"".",['broken'],Autotool,6,1029,1032
20835,kimkulling/openddl-parser,https://github.com/kimkulling/openddl-parser/blob/22cf3f4f89f27b08984293e9e9238b314831978c/cmake/Coveralls.cmake#L75,"# TODO: This is passed like: ""a b c"", not ""a;b;c""",['todo'],CMake,39,75,75
20835,kimkulling/openddl-parser,https://github.com/kimkulling/openddl-parser/blob/22cf3f4f89f27b08984293e9e9238b314831978c/cmake/CoverallsGenerateGcov.cmake#L108,# TODO: Fill in git remote data,['todo'],CMake,0,108,108
20835,kimkulling/openddl-parser,https://github.com/kimkulling/openddl-parser/blob/22cf3f4f89f27b08984293e9e9238b314831978c/cmake/CoverallsGenerateGcov.cmake#L210,# TODO: Make these be absolute path,['todo'],CMake,0,210,210
20835,kimkulling/openddl-parser,https://github.com/kimkulling/openddl-parser/blob/22cf3f4f89f27b08984293e9e9238b314831978c/cmake/CoverallsGenerateGcov.cmake#L256,"# Is this in the list of source files?
# TODO: We want to match against relative path filenames from the source file root...",['todo'],CMake,1,256,257
20835,kimkulling/openddl-parser,https://github.com/kimkulling/openddl-parser/blob/22cf3f4f89f27b08984293e9e9238b314831978c/cmake/CoverallsGenerateGcov.cmake#L273,# TODO: Enable setting these,['todo'],CMake,0,273,273
20835,kimkulling/openddl-parser,https://github.com/kimkulling/openddl-parser/blob/22cf3f4f89f27b08984293e9e9238b314831978c/contrib/gtest-1.7.0/cmake/internal_utils.cmake#L56,"# Newlines inside flags variables break CMake's NMake generator.
# TODO(vladl@google.com): Add -RTCs and -RTCu to debug builds.",['todo'],CMake,4,56,57
