repoIndex,repoName,linkLocation,comment,keywords,buildSysteminFile,charPosition,startLine,endLine
20969,embree/embree,https://github.com/embree/embree/blob/489b746c0d5010e0da10345e9dc96768bec9a037/CMakeLists.txt#L142,# FIXME: enable by default?,['fixme'],CMake,63,142,142
20969,embree/embree,https://github.com/embree/embree/blob/489b746c0d5010e0da10345e9dc96768bec9a037/tutorials/next_hit/CMakeLists.txt#L12,# FIXME: these cause out of memory under Win32,['fixme'],CMake,35,12,12
20969,embree/embree,https://github.com/embree/embree/blob/489b746c0d5010e0da10345e9dc96768bec9a037/common/cmake/FindTBB.cmake#L233,# workaround for parentheses in variable name / CMP0053,['workaround'],CMake,6,233,233
20969,embree/embree,https://github.com/embree/embree/blob/489b746c0d5010e0da10345e9dc96768bec9a037/common/cmake/dpcpp.cmake#L65,# workaround for file encoding problems of kernels/embree.rc found here https://gitlab.kitware.com/cmake/cmake/-/issues/18311,['workaround'],CMake,2,65,65
20969,embree/embree,https://github.com/embree/embree/blob/489b746c0d5010e0da10345e9dc96768bec9a037/common/cmake/gnu.cmake#L34,# disables clearing an object of type ‘XXX’ with no trivial copy-assignment; use assignment or value-initialization instead,['xxx'],CMake,70,34,34
20969,embree/embree,https://github.com/embree/embree/blob/489b746c0d5010e0da10345e9dc96768bec9a037/common/cmake/intel.cmake#L71,# locally defined symbol XXX imported in function YYY (happens as the ISPC API layer uses exported library functions),['xxx'],CMake,78,71,71
20969,embree/embree,https://github.com/embree/embree/blob/489b746c0d5010e0da10345e9dc96768bec9a037/common/cmake/msvc.cmake#L53,# locally defined symbol XXX imported in function YYY (happens as the ISPC API layer uses exported library functions),['xxx'],CMake,76,53,53
20969,embree/embree,https://github.com/embree/embree/blob/489b746c0d5010e0da10345e9dc96768bec9a037/scripts/test.cmake#L16,# fix slashes under windows,['fix'],CMake,0,16,16
