repoIndex,repoName,linkLocation,comment,keywords,buildSysteminFile,charPosition,startLine,endLine
20996,google/llvm-propeller,https://github.com/google/llvm-propeller/blob/12c6e82d147114db217c75ed17b14e2c892aba48/clang-tools-extra/clangd/CMakeLists.txt#L141,"# FIXME: Make fuzzer not use linux-specific APIs, build it everywhere.",['fixme'],CMake,2,141,141
20996,google/llvm-propeller,https://github.com/google/llvm-propeller/blob/12c6e82d147114db217c75ed17b14e2c892aba48/clang-tools-extra/clangd/CMakeLists.txt#L159,# FIXME(kirillbobyrev): Document this in the LLVM docs once remote index is stable.,['fixme'],CMake,0,159,159
20996,google/llvm-propeller,https://github.com/google/llvm-propeller/blob/12c6e82d147114db217c75ed17b14e2c892aba48/clang-tools-extra/clangd/index/remote/CMakeLists.txt#L6,"# FIXME(kirillbobyrev): target_compile_definitions is not working with
# add_clang_library for some reason. Is there any way to make this
# target-local?",['fixme'],CMake,2,6,8
20996,google/llvm-propeller,https://github.com/google/llvm-propeller/blob/12c6e82d147114db217c75ed17b14e2c892aba48/clang-tools-extra/clangd/test/CMakeLists.txt#L1,"# Set CLANG_TOOLS_DIR to buildtree/bin, or buildtree/%(build_mode)s/bin if the
# location is dynamic. The latter must be interpolated by lit configs.
# FIXME: this is duplicated in many places.",['fixme'],CMake,0,1,3
20996,google/llvm-propeller,https://github.com/google/llvm-propeller/blob/12c6e82d147114db217c75ed17b14e2c892aba48/clang/CMakeLists.txt#L82,"# The LLVM_CMAKE_PATH variable is set when doing non-standalone builds and
# used in this project, so we need to make sure we set this value.
# FIXME: LLVM_CMAKE_DIR comes from LLVMConfig.cmake.  We should rename
# LLVM_CMAKE_PATH to LLVM_CMAKE_DIR throughout the project.",['fixme'],CMake,4,82,85
20996,google/llvm-propeller,https://github.com/google/llvm-propeller/blob/12c6e82d147114db217c75ed17b14e2c892aba48/clang/CMakeLists.txt#L252,# TODO: verify the values against LangStandards.def?,['todo'],CMake,0,252,252
20996,google/llvm-propeller,https://github.com/google/llvm-propeller/blob/12c6e82d147114db217c75ed17b14e2c892aba48/clang/bindings/python/tests/CMakeLists.txt#L29,"# Tests fail on Windows, and need someone knowledgeable to fix.
# It's not clear whether it's a test or a valid binding problem.",['fix'],CMake,0,29,30
20996,google/llvm-propeller,https://github.com/google/llvm-propeller/blob/12c6e82d147114db217c75ed17b14e2c892aba48/clang/bindings/python/tests/CMakeLists.txt#L35,# The Python FFI interface is broken on AIX: https://bugs.python.org/issue38628.,['broken'],CMake,0,35,35
20996,google/llvm-propeller,https://github.com/google/llvm-propeller/blob/12c6e82d147114db217c75ed17b14e2c892aba48/clang/bindings/python/tests/CMakeLists.txt#L40,"# AArch64, Hexagon, and Sparc have known test failures that need to be
# addressed.
# SystemZ has broken Python/FFI interface:
# https://reviews.llvm.org/D52840#1265716",['broken'],CMake,0,40,43
20996,google/llvm-propeller,https://github.com/google/llvm-propeller/blob/12c6e82d147114db217c75ed17b14e2c892aba48/clang/lib/AST/CMakeLists.txt#L8,"# FIXME: the entry points to the interpreter should be moved out of clangAST
# into the parser or Sema in order to allow the interpreter to be moved to
# another library which depends on clangAST.",['fixme'],CMake,0,8,10
20996,google/llvm-propeller,https://github.com/google/llvm-propeller/blob/12c6e82d147114db217c75ed17b14e2c892aba48/clang/lib/Lex/CMakeLists.txt#L1,# TODO: Add -maltivec when ARCH is PowerPC.,['todo'],CMake,0,1,1
20996,google/llvm-propeller,https://github.com/google/llvm-propeller/blob/12c6e82d147114db217c75ed17b14e2c892aba48/clang/runtime/CMakeLists.txt#L1,# TODO: Set the install directory.,['todo'],CMake,0,1,1
20996,google/llvm-propeller,https://github.com/google/llvm-propeller/blob/12c6e82d147114db217c75ed17b14e2c892aba48/clang/test/CMakeLists.txt#L169,"# FIXME: This logic can be removed once all buildbots have moved
# debuginfo-test from clang/test to llvm/projects or monorepo.",['fixme'],CMake,0,169,170
20996,google/llvm-propeller,https://github.com/google/llvm-propeller/blob/12c6e82d147114db217c75ed17b14e2c892aba48/clang/tools/clang-shlib/CMakeLists.txt#L23,"# clang libraries are redundant since we are linking all the individual
# object files into libclang-cpp.so, so filter them out from _DEPS.
# This avoids problems with LLVM global data when building with
# BUILD_SHARED_LIBS=ON
# FIXME: We could use list(FILTER) with cmake >= 3.6
# FIXME: With cmake >= 3.15 we could use the generator expression
# $<FILTER:list,INCLUDE|EXCLUDE,regex>",['fixme'],CMake,2,23,29
20996,google/llvm-propeller,https://github.com/google/llvm-propeller/blob/12c6e82d147114db217c75ed17b14e2c892aba48/clang/tools/libclang/CMakeLists.txt#L157,# FIXME: _CINDEX_LIB_ affects dllexport/dllimport on Win32.,['fixme'],CMake,4,157,157
20996,google/llvm-propeller,https://github.com/google/llvm-propeller/blob/12c6e82d147114db217c75ed17b14e2c892aba48/clang/unittests/CMakeLists.txt#L37,"# FIXME: libclang unit tests are disabled on Windows due
# to failures, mostly in libclang.VirtualFileOverlay_*.",['fixme'],CMake,0,37,38
20996,google/llvm-propeller,https://github.com/google/llvm-propeller/blob/12c6e82d147114db217c75ed17b14e2c892aba48/compiler-rt/CMakeLists.txt#L303,"# The following is a workaround for powerpc64le. This is the only architecture
# that requires -fno-function-sections to work properly. If lacking, the ASan
# Linux test function-sections-are-bad.cpp fails with the following error:
# 'undefined symbol: __sanitizer_unaligned_load32'.",['workaround'],CMake,0,303,306
20996,google/llvm-propeller,https://github.com/google/llvm-propeller/blob/12c6e82d147114db217c75ed17b14e2c892aba48/compiler-rt/CMakeLists.txt#L315,"# The following is a workaround for s390x.  This avoids creation of ""partial
# inline"" function fragments when building the asan libraries with certain
# GCC versions.  The presence of those fragments, in particular for the
# interceptors, changes backtraces seen in asan error cases, which causes
# testsuite failures.",['workaround'],CMake,0,315,319
20996,google/llvm-propeller,https://github.com/google/llvm-propeller/blob/12c6e82d147114db217c75ed17b14e2c892aba48/compiler-rt/CMakeLists.txt#L325,"# Replace the /M[DT][d] flags with /MT, and strip any definitions of _DEBUG,
# which cause definition mismatches at link time.
# FIXME: In fact, sanitizers should support both /MT and /MD, see PR20214.",['fixme'],CMake,2,325,327
20996,google/llvm-propeller,https://github.com/google/llvm-propeller/blob/12c6e82d147114db217c75ed17b14e2c892aba48/compiler-rt/CMakeLists.txt#L362,"# Determine if we should restrict stack frame sizes.
# Stack frames on PowerPC, Mips, SystemZ and in debug build can be much larger than
# anticipated.
# FIXME: Fix all sanitizers and add -Wframe-larger-than to
# SANITIZER_COMMON_FLAGS","['fix', 'fixme']",CMake,0,362,366
20996,google/llvm-propeller,https://github.com/google/llvm-propeller/blob/12c6e82d147114db217c75ed17b14e2c892aba48/compiler-rt/lib/CMakeLists.txt#L7,"# Hoist the building of sanitizer_common on whether we're building either the
# sanitizers or xray (or both).
#
#TODO: Refactor sanitizer_common into smaller pieces (e.g. flag parsing, utils).",['todo'],CMake,0,7,10
20996,google/llvm-propeller,https://github.com/google/llvm-propeller/blob/12c6e82d147114db217c75ed17b14e2c892aba48/compiler-rt/lib/asan/tests/CMakeLists.txt#L1,"# Testing rules for AddressSanitizer.
#
# These are broken into two buckets. One set of tests directly interacts with
# the runtime library and checks its functionality. These are the
# no-instrumentation tests.
#
# Another group of tests relies upon the ability to compile the test with
# address sanitizer instrumentation pass. These tests form ""integration"" tests
# and have some elements of version skew -- they test the *host* compiler's
# instrumentation against the just-built runtime library.",['broken'],CMake,0,1,10
20996,google/llvm-propeller,https://github.com/google/llvm-propeller/blob/12c6e82d147114db217c75ed17b14e2c892aba48/compiler-rt/lib/asan/tests/CMakeLists.txt#L117,# TODO(eugenis): move all -l flags above to _LIBS?,['todo'],CMake,0,117,117
20996,google/llvm-propeller,https://github.com/google/llvm-propeller/blob/12c6e82d147114db217c75ed17b14e2c892aba48/compiler-rt/lib/asan/tests/CMakeLists.txt#L284,# FIXME: .arch?,['fixme'],CMake,34,284,284
20996,google/llvm-propeller,https://github.com/google/llvm-propeller/blob/12c6e82d147114db217c75ed17b14e2c892aba48/compiler-rt/lib/builtins/CMakeLists.txt#L41,"# TODO: Need to add a mechanism for logging errors when builtin source files are
# added to a sub-directory and not this CMakeLists file.",['todo'],CMake,0,41,42
20996,google/llvm-propeller,https://github.com/google/llvm-propeller/blob/12c6e82d147114db217c75ed17b14e2c892aba48/compiler-rt/lib/builtins/CMakeLists.txt#L164,"# TODO: Several ""tf"" files (and divtc3.c, but not multc3.c) are in
# GENERIC_SOURCES instead of here.",['todo'],CMake,0,164,165
20996,google/llvm-propeller,https://github.com/google/llvm-propeller/blob/12c6e82d147114db217c75ed17b14e2c892aba48/compiler-rt/lib/builtins/CMakeLists.txt#L251,"# Implement extended-precision builtins, assuming long double is 80 bits.
# long double is not 80 bits on Android or MSVC.",['implement'],CMake,0,251,252
20996,google/llvm-propeller,https://github.com/google/llvm-propeller/blob/12c6e82d147114db217c75ed17b14e2c892aba48/compiler-rt/lib/builtins/CMakeLists.txt#L476,# TODO the EABI sources should only be added to EABI targets,['todo'],CMake,2,476,476
20996,google/llvm-propeller,https://github.com/google/llvm-propeller/blob/12c6e82d147114db217c75ed17b14e2c892aba48/compiler-rt/lib/gwp_asan/CMakeLists.txt#L40,"# Options parsing support is optional. GwpAsan is totally independent of
# sanitizer_common, the options parser is not. This is an optional library
# that can be used by an allocator to automatically parse GwpAsan options from
# the environment variable GWP_ASAN_FLAGS, but the allocator can choose to
# implement its own options parsing and populate the Options struct itself.",['implement'],CMake,0,40,44
20996,google/llvm-propeller,https://github.com/google/llvm-propeller/blob/12c6e82d147114db217c75ed17b14e2c892aba48/compiler-rt/lib/gwp_asan/CMakeLists.txt#L88,"# Note: If you choose to add this as an object library, ensure you also
# include the sanitizer_common flag parsing object lib (generally
# 'RTSanitizerCommonNoTermination'). Also, you'll need to either implement
# your own backtrace support (see optional/backtrace.h), or choose between one
# of the pre-implemented backtrace support options (see below).",['implement'],CMake,2,88,92
20996,google/llvm-propeller,https://github.com/google/llvm-propeller/blob/12c6e82d147114db217c75ed17b14e2c892aba48/compiler-rt/lib/sanitizer_common/tests/CMakeLists.txt#L5,# FIXME: use SANITIZER_COMMON_SUPPORTED_ARCH here,['fixme'],CMake,0,5,5
20996,google/llvm-propeller,https://github.com/google/llvm-propeller/blob/12c6e82d147114db217c75ed17b14e2c892aba48/compiler-rt/lib/scudo/standalone/CMakeLists.txt#L22,# FIXME: find cleaner way to agree with GWPAsan flags,['fixme'],CMake,0,22,22
20996,google/llvm-propeller,https://github.com/google/llvm-propeller/blob/12c6e82d147114db217c75ed17b14e2c892aba48/compiler-rt/lib/scudo/standalone/tests/CMakeLists.txt#L16,"# Extra flags for the C++ tests
# TODO(kostyak): find a way to make -fsized-deallocation work",['todo'],CMake,2,16,17
20996,google/llvm-propeller,https://github.com/google/llvm-propeller/blob/12c6e82d147114db217c75ed17b14e2c892aba48/compiler-rt/lib/tsan/CMakeLists.txt#L241,"# Make sure that non-platform-specific files don't include any system headers.
# FreeBSD/NetBSD do not install a number of Clang-provided headers for the
# compiler in the base system due to incompatibilities between FreeBSD/NetBSD's
# and Clang's versions. As a workaround do not use --sysroot=. on FreeBSD/NetBSD
# until this is addressed.",['workaround'],CMake,0,241,245
20996,google/llvm-propeller,https://github.com/google/llvm-propeller/blob/12c6e82d147114db217c75ed17b14e2c892aba48/compiler-rt/test/asan/CMakeLists.txt#L134,# FIXME: support unit test in the android test runner,['fixme'],CMake,2,134,134
20996,google/llvm-propeller,https://github.com/google/llvm-propeller/blob/12c6e82d147114db217c75ed17b14e2c892aba48/compiler-rt/test/builtins/CMakeLists.txt#L49,# TODO: Support other Apple platforms.,['todo'],CMake,4,49,49
20996,google/llvm-propeller,https://github.com/google/llvm-propeller/blob/12c6e82d147114db217c75ed17b14e2c892aba48/compiler-rt/test/builtins/CMakeLists.txt#L83,# TODO: Add support for running tests on iOS and iOS simulator.,['todo'],CMake,0,83,83
20996,google/llvm-propeller,https://github.com/google/llvm-propeller/blob/12c6e82d147114db217c75ed17b14e2c892aba48/compiler-rt/test/cfi/CMakeLists.txt#L46,# FIXME: enable ThinLTO tests after fixing http://llvm.org/pr32741,['fixme'],CMake,4,46,46
20996,google/llvm-propeller,https://github.com/google/llvm-propeller/blob/12c6e82d147114db217c75ed17b14e2c892aba48/compiler-rt/test/hwasan/CMakeLists.txt#L14,# FIXME: Set this.,['fixme'],CMake,2,14,14
20996,google/llvm-propeller,https://github.com/google/llvm-propeller/blob/12c6e82d147114db217c75ed17b14e2c892aba48/compiler-rt/test/sanitizer_common/CMakeLists.txt#L11,"# FIXME(dliew): We should switch to COMPILER_RT_SANITIZERS_TO_BUILD instead of
# the hard coded `SUPPORTED_TOOLS_INIT` list once we know that the other
# sanitizers work.",['fixme'],CMake,0,11,13
20996,google/llvm-propeller,https://github.com/google/llvm-propeller/blob/12c6e82d147114db217c75ed17b14e2c892aba48/compiler-rt/test/sanitizer_common/CMakeLists.txt#L23,"# FIXME(dliew): Remove this.
# Temporary helper for https://reviews.llvm.org/D55740",['fixme'],CMake,0,23,24
20996,google/llvm-propeller,https://github.com/google/llvm-propeller/blob/12c6e82d147114db217c75ed17b14e2c892aba48/compiler-rt/test/sanitizer_common/CMakeLists.txt#L30,"# FIXME(dliew): These tests should be made to work on all platforms.
# Use the legacy list for now.",['fixme'],CMake,0,30,31
20996,google/llvm-propeller,https://github.com/google/llvm-propeller/blob/12c6e82d147114db217c75ed17b14e2c892aba48/compiler-rt/test/sanitizer_common/CMakeLists.txt#L48,"# FIXME(dliew): Remove this.
# Temporary helper for https://reviews.llvm.org/D55740",['fixme'],CMake,0,48,49
20996,google/llvm-propeller,https://github.com/google/llvm-propeller/blob/12c6e82d147114db217c75ed17b14e2c892aba48/compiler-rt/test/sanitizer_common/CMakeLists.txt#L69,"# TODO(dliew): We should iterate over the different
# Apple platforms, not just macOS.",['todo'],CMake,2,69,70
20996,google/llvm-propeller,https://github.com/google/llvm-propeller/blob/12c6e82d147114db217c75ed17b14e2c892aba48/compiler-rt/test/sanitizer_common/CMakeLists.txt#L79,"# FIXME(dliew): LSan i386 on Darwin is completly broken right now.
# so don't run the tests by default.","['fixme', 'broken']",CMake,4,79,80
20996,google/llvm-propeller,https://github.com/google/llvm-propeller/blob/12c6e82d147114db217c75ed17b14e2c892aba48/compiler-rt/test/sanitizer_common/CMakeLists.txt#L95,# FIXME: support unit test in the android test runner,['fixme'],CMake,2,95,95
20996,google/llvm-propeller,https://github.com/google/llvm-propeller/blob/12c6e82d147114db217c75ed17b14e2c892aba48/compiler-rt/test/ubsan/CMakeLists.txt#L54,"# TODO(wwchrome): Re-enable ubsan for asan win 64-bit when ready.
# Disable ubsan with AddressSanitizer tests for Windows 64-bit,
# 64-bit Solaris/x86, and SPARC.",['todo'],CMake,4,54,56
20996,google/llvm-propeller,https://github.com/google/llvm-propeller/blob/12c6e82d147114db217c75ed17b14e2c892aba48/flang/CMakeLists.txt#L66,# TODO: Remove when libclangDriver is lifted out of Clang,['todo'],CMake,4,66,66
20996,google/llvm-propeller,https://github.com/google/llvm-propeller/blob/12c6e82d147114db217c75ed17b14e2c892aba48/flang/CMakeLists.txt#L211,# TODO: Remove when libclangDriver is lifted out of Clang,['todo'],CMake,4,211,211
20996,google/llvm-propeller,https://github.com/google/llvm-propeller/blob/12c6e82d147114db217c75ed17b14e2c892aba48/flang/lib/Frontend/CMakeLists.txt#L9,"# TODO: Added to re-use clang's TextDiagnosticBuffer & TextDiagnosticPrinter.
# Add a custom implementation for Flang and remove this dependency.",['todo'],CMake,2,9,10
20996,google/llvm-propeller,https://github.com/google/llvm-propeller/blob/12c6e82d147114db217c75ed17b14e2c892aba48/libc/benchmarks/CMakeLists.txt#L78,# TODO: Make this portable and inline with rtti mode from llvm/,['todo'],CMake,4,78,78
20996,google/llvm-propeller,https://github.com/google/llvm-propeller/blob/12c6e82d147114db217c75ed17b14e2c892aba48/libc/benchmarks/CMakeLists.txt#L96,# FIXME: Move to `target_link_options`,['fixme'],CMake,37,96,96
20996,google/llvm-propeller,https://github.com/google/llvm-propeller/blob/12c6e82d147114db217c75ed17b14e2c892aba48/libc/benchmarks/CMakeLists.txt#L97,# FIXME: Move to `target_link_options`,['fixme'],CMake,37,97,97
20996,google/llvm-propeller,https://github.com/google/llvm-propeller/blob/12c6e82d147114db217c75ed17b14e2c892aba48/libc/include/CMakeLists.txt#L109,"# TODO: Not all platforms will have a include/sys directory. Add the sys
# directory and the targets for sys/*.h files conditional to the OS requiring
# them.",['todo'],CMake,0,109,111
20996,google/llvm-propeller,https://github.com/google/llvm-propeller/blob/12c6e82d147114db217c75ed17b14e2c892aba48/libc/src/CMakeLists.txt#L9,# TODO: Add this target conditional to the target OS.,['todo'],CMake,0,9,9
20996,google/llvm-propeller,https://github.com/google/llvm-propeller/blob/12c6e82d147114db217c75ed17b14e2c892aba48/libc/test/loader/linux/CMakeLists.txt#L39,"# TODO: Disableing this test temporarily to investigate why gold fails to link
# and produce an executable for this test. Test works all fine with ld.bfd.
#add_loader_test(
#  loader_tls_test
#  SRC
#    tls_test.cpp
#  DEPENDS
#    libc.config.linux.app_h
#    libc.include.errno
#    libc.include.sys_mman
#    libc.loader.linux.crt1
#    libc.src.assert.__assert_fail
#    libc.src.errno.__errno_location
#    libc.src.sys.mman.mmap
#)",['todo'],CMake,0,39,53
20996,google/llvm-propeller,https://github.com/google/llvm-propeller/blob/12c6e82d147114db217c75ed17b14e2c892aba48/libc/test/src/CMakeLists.txt#L21,# TODO: Remove these when they are added to the TableGen.,['todo'],CMake,0,21,21
20996,google/llvm-propeller,https://github.com/google/llvm-propeller/blob/12c6e82d147114db217c75ed17b14e2c892aba48/libclc/CMakeLists.txt#L257,# FIXME: This should really go away,['fixme'],CMake,4,257,257
20996,google/llvm-propeller,https://github.com/google/llvm-propeller/blob/12c6e82d147114db217c75ed17b14e2c892aba48/libcxx/CMakeLists.txt#L170,# FIXME: Figure out how to configure the ABI library on Windows.,['fixme'],CMake,4,170,170
20996,google/llvm-propeller,https://github.com/google/llvm-propeller/blob/12c6e82d147114db217c75ed17b14e2c892aba48/libcxx/CMakeLists.txt#L249,"# Misc options ----------------------------------------------------------------
# FIXME: Turn -pedantic back ON. It is currently off because it warns
# about #include_next which is used everywhere.",['fixme'],CMake,0,249,251
20996,google/llvm-propeller,https://github.com/google/llvm-propeller/blob/12c6e82d147114db217c75ed17b14e2c892aba48/libcxx/CMakeLists.txt#L495,"# FIXME: Remove all debug flags and flags that change which Windows
# default libraries are linked. Currently we only support linking the
# non-debug DLLs",['fixme'],CMake,0,495,497
20996,google/llvm-propeller,https://github.com/google/llvm-propeller/blob/12c6e82d147114db217c75ed17b14e2c892aba48/libcxx/CMakeLists.txt#L500,"# FIXME(EricWF): See the FIXME on LIBCXX_ENABLE_PEDANTIC.
# Remove the -pedantic flag and -Wno-pedantic and -pedantic-errors
# so they don't get transformed into -Wno and -errors respectively.",['fixme'],CMake,0,500,502
20996,google/llvm-propeller,https://github.com/google/llvm-propeller/blob/12c6e82d147114db217c75ed17b14e2c892aba48/libcxx/CMakeLists.txt#L573,# FIXME: Caused by _LIBCPP_NODEBUG_TYPE not being supported on older clangs,['fixme'],CMake,30,573,573
20996,google/llvm-propeller,https://github.com/google/llvm-propeller/blob/12c6e82d147114db217c75ed17b14e2c892aba48/libcxx/CMakeLists.txt#L584,# FIXME: Remove this and fix all occurrences.,"['fix', 'fixme']",CMake,43,584,584
20996,google/llvm-propeller,https://github.com/google/llvm-propeller/blob/12c6e82d147114db217c75ed17b14e2c892aba48/libcxx/CMakeLists.txt#L588,# FIXME: Remove this and fix all occurrences.,"['fix', 'fixme']",CMake,24,588,588
20996,google/llvm-propeller,https://github.com/google/llvm-propeller/blob/12c6e82d147114db217c75ed17b14e2c892aba48/libcxx/CMakeLists.txt#L589,# FIXME: Why do we need this with clang-cl but not clang?,['fixme'],CMake,33,589,589
20996,google/llvm-propeller,https://github.com/google/llvm-propeller/blob/12c6e82d147114db217c75ed17b14e2c892aba48/libcxx/CMakeLists.txt#L590,# FIXME: remove me,['fixme'],CMake,30,590,590
20996,google/llvm-propeller,https://github.com/google/llvm-propeller/blob/12c6e82d147114db217c75ed17b14e2c892aba48/libcxx/CMakeLists.txt#L604,"# TODO(EricWF) Remove this. We shouldn't be suppressing errors when -Werror is
# added elsewhere.",['todo'],CMake,4,604,605
20996,google/llvm-propeller,https://github.com/google/llvm-propeller/blob/12c6e82d147114db217c75ed17b14e2c892aba48/libcxx/CMakeLists.txt#L657,"# Modules flags ===============================================================
# FIXME The libc++ sources are fundamentally non-modular. They need special
# versions of the headers in order to provide C++03 and legacy ABI definitions.
# NOTE: The public headers can be used with modules in all other contexts.",['fixme'],CMake,0,657,660
20996,google/llvm-propeller,https://github.com/google/llvm-propeller/blob/12c6e82d147114db217c75ed17b14e2c892aba48/libcxx/include/CMakeLists.txt#L239,# TODO: Use target_include_directories once we figure out why that breaks the runtimes build,['todo'],CMake,2,239,239
20996,google/llvm-propeller,https://github.com/google/llvm-propeller/blob/12c6e82d147114db217c75ed17b14e2c892aba48/libcxx/utils/google-benchmark/CMakeLists.txt#L39,"# FIXME: The --coverage flag needs to be removed when building assembly
# tests for this to work.",['fixme'],CMake,6,39,40
20996,google/llvm-propeller,https://github.com/google/llvm-propeller/blob/12c6e82d147114db217c75ed17b14e2c892aba48/libcxx/utils/google-benchmark/CMakeLists.txt#L49,# FIXME: Make these work on 32 bit builds,['fixme'],CMake,4,49,49
20996,google/llvm-propeller,https://github.com/google/llvm-propeller/blob/12c6e82d147114db217c75ed17b14e2c892aba48/libcxx/utils/google-benchmark/CMakeLists.txt#L52,# FIXME: Make these work on 32 bit builds,['fixme'],CMake,5,52,52
20996,google/llvm-propeller,https://github.com/google/llvm-propeller/blob/12c6e82d147114db217c75ed17b14e2c892aba48/libcxxabi/CMakeLists.txt#L75,"# FIXME: This option should default to off. Unfortunatly GCC 4.9 fails to link
# programs to due undefined references to new/delete in libc++abi. Once this
# has been fixed or worked around the default value should be changed.
# See https://reviews.llvm.org/D68269 for more details.",['fixme'],CMake,0,75,78
20996,google/llvm-propeller,https://github.com/google/llvm-propeller/blob/12c6e82d147114db217c75ed17b14e2c892aba48/libcxxabi/src/CMakeLists.txt#L79,"# Prefer using the in-tree version of libunwind, either shared or static. If
# none are found fall back to using -lunwind.
# FIXME: Is it correct to prefer the static version of libunwind?",['fixme'],CMake,2,79,81
20996,google/llvm-propeller,https://github.com/google/llvm-propeller/blob/12c6e82d147114db217c75ed17b14e2c892aba48/libcxxabi/src/CMakeLists.txt#L155,"# FIXME: libc++abi.so will not link when modules are enabled because it depends
# on symbols defined in libc++.so which has not yet been built.",['fixme'],CMake,0,155,156
20996,google/llvm-propeller,https://github.com/google/llvm-propeller/blob/12c6e82d147114db217c75ed17b14e2c892aba48/libunwind/src/CMakeLists.txt#L28,# See add_asm_sources() in compiler-rt for explanation of this workaround.,['workaround'],CMake,0,28,28
20996,google/llvm-propeller,https://github.com/google/llvm-propeller/blob/12c6e82d147114db217c75ed17b14e2c892aba48/lldb/source/Core/CMakeLists.txt#L97,"# Needed to properly resolve references in a debug build.
# TODO: Remove once we have better layering",['todo'],CMake,0,97,98
20996,google/llvm-propeller,https://github.com/google/llvm-propeller/blob/12c6e82d147114db217c75ed17b14e2c892aba48/lldb/source/Plugins/CMakeLists.txt#L30,"# FIXME: ProcessWindowsCommon needs to be initialized after all other process
# plugins but before ProcessGDBRemote.",['fixme'],CMake,0,30,31
20996,google/llvm-propeller,https://github.com/google/llvm-propeller/blob/12c6e82d147114db217c75ed17b14e2c892aba48/lldb/test/CMakeLists.txt#L99,# FIXME: Standalone builds should import the cxx target as well.,['fixme'],CMake,4,99,99
20996,google/llvm-propeller,https://github.com/google/llvm-propeller/blob/12c6e82d147114db217c75ed17b14e2c892aba48/lldb/tools/debugserver/source/CMakeLists.txt#L234,"# Workaround for Xcode-specific code-signing behavior:
# The XCODE_ATTRIBUTE_CODE_SIGN_IDENTITY option causes debugserver to be copied
# into the framework first and code-signed afterwards. Sign the copy manually.",['workaround'],CMake,0,234,236
20996,google/llvm-propeller,https://github.com/google/llvm-propeller/blob/12c6e82d147114db217c75ed17b14e2c892aba48/lldb/unittests/CMakeLists.txt#L71,# FIXME: APITests.exe is not a valid googletest binary.,['fixme'],CMake,2,71,71
20996,google/llvm-propeller,https://github.com/google/llvm-propeller/blob/12c6e82d147114db217c75ed17b14e2c892aba48/llvm/CMakeLists.txt#L500,# TODO: support other platforms and toolchains.,['todo'],CMake,2,500,500
20996,google/llvm-propeller,https://github.com/google/llvm-propeller/blob/12c6e82d147114db217c75ed17b14e2c892aba48/llvm/CMakeLists.txt#L975,# special hack for Solaris to handle crazy system sys/regset.h,['hack'],CMake,3,975,975
20996,google/llvm-propeller,https://github.com/google/llvm-propeller/blob/12c6e82d147114db217c75ed17b14e2c892aba48/llvm/lib/Target/AArch64/MCTargetDesc/CMakeLists.txt#L17,# Hack: we need to include 'main' target directory to grab private headers,['hack'],CMake,0,17,17
20996,google/llvm-propeller,https://github.com/google/llvm-propeller/blob/12c6e82d147114db217c75ed17b14e2c892aba48/llvm/projects/CMakeLists.txt#L25,"# MSVC isn't quite working with libc++ yet, disable it until issues are
# fixed.
# FIXME: LLVM_FORCE_BUILD_RUNTIME is currently used by libc++ to force
# enable the in-tree build when targeting clang-cl.",['fixme'],CMake,2,25,28
20996,google/llvm-propeller,https://github.com/google/llvm-propeller/blob/12c6e82d147114db217c75ed17b14e2c892aba48/llvm/runtimes/CMakeLists.txt#L131,# TODO: Clean this up as part of an interface standardization,['todo'],CMake,4,131,131
20996,google/llvm-propeller,https://github.com/google/llvm-propeller/blob/12c6e82d147114db217c75ed17b14e2c892aba48/llvm/runtimes/CMakeLists.txt#L135,"# The subdirectories need to treat this as standalone builds. D57992 tried
# to get rid of this, but the runtimes treat *_STANDALONE_BUILD=OFF as if
# llvm & clang are configured in the same CMake, and setup dependencies
# against their targets.",['get rid of this'],CMake,4,135,138
20996,google/llvm-propeller,https://github.com/google/llvm-propeller/blob/12c6e82d147114db217c75ed17b14e2c892aba48/llvm/runtimes/CMakeLists.txt#L615,"# TODO: This is a hack needed because the libcxx headers are copied into the
# build directory during configuration. Without that step the clang in the
# build directory cannot find the C++ headers in certain configurations.
# I need to build a mechanism for runtime projects to provide CMake code
# that executes at LLVM configuration time to handle this case.","['todo', 'hack']",CMake,6,615,619
20996,google/llvm-propeller,https://github.com/google/llvm-propeller/blob/12c6e82d147114db217c75ed17b14e2c892aba48/llvm/tools/llvm-shlib/CMakeLists.txt#L42,"# FIXME: It should be ""GNU ld for elf""",['fixme'],CMake,51,42,42
20996,google/llvm-propeller,https://github.com/google/llvm-propeller/blob/12c6e82d147114db217c75ed17b14e2c892aba48/llvm/tools/llvm-symbolizer/CMakeLists.txt#L1,"# FIXME: As we plan to execute llvm-symbolizer binary from compiler-rt
# libraries, it has to be compiled for all supported targets (x86_64, i386 etc).
# This means that we need LLVM libraries to be compiled for these
# targets as well. Currently, there is no support for such a build strategy.",['fixme'],CMake,0,1,4
20996,google/llvm-propeller,https://github.com/google/llvm-propeller/blob/12c6e82d147114db217c75ed17b14e2c892aba48/llvm/unittests/Transforms/Scalar/CMakeLists.txt#L18,# Workaround for the gcc 6.1 bug https://gcc.gnu.org/bugzilla/show_bug.cgi?id=80916.,['workaround'],CMake,0,18,18
20996,google/llvm-propeller,https://github.com/google/llvm-propeller/blob/12c6e82d147114db217c75ed17b14e2c892aba48/llvm/utils/benchmark/CMakeLists.txt#L41,"# FIXME: The --coverage flag needs to be removed when building assembly
# tests for this to work.",['fixme'],CMake,6,41,42
20996,google/llvm-propeller,https://github.com/google/llvm-propeller/blob/12c6e82d147114db217c75ed17b14e2c892aba48/llvm/utils/benchmark/CMakeLists.txt#L51,# FIXME: Make these work on 32 bit builds,['fixme'],CMake,4,51,51
20996,google/llvm-propeller,https://github.com/google/llvm-propeller/blob/12c6e82d147114db217c75ed17b14e2c892aba48/llvm/utils/benchmark/CMakeLists.txt#L54,# FIXME: Make these work on 32 bit builds,['fixme'],CMake,5,54,54
20996,google/llvm-propeller,https://github.com/google/llvm-propeller/blob/12c6e82d147114db217c75ed17b14e2c892aba48/llvm/utils/benchmark/CMakeLists.txt#L146,"# FIXME(kbobyrev): Document this change.
# add_cxx_compiler_flag(-Werror RELEASE)
# add_cxx_compiler_flag(-Werror RELWITHDEBINFO)
# add_cxx_compiler_flag(-Werror MINSIZEREL)",['fixme'],CMake,2,146,149
20996,google/llvm-propeller,https://github.com/google/llvm-propeller/blob/12c6e82d147114db217c75ed17b14e2c892aba48/mlir/CMakeLists.txt#L31,# TODO: we should use a config.h file like LLVM does,['todo'],CMake,0,31,31
20996,google/llvm-propeller,https://github.com/google/llvm-propeller/blob/12c6e82d147114db217c75ed17b14e2c892aba48/mlir/lib/Bindings/Python/CMakeLists.txt#L17,"# The actual extension library produces a shared-object or DLL and has
# sources that must be compiled in accordance with pybind11 needs (RTTI and
# exceptions).
# TODO: Link the libraries separately once a helper function is available
# to more generically add a pybind11 compliant library.",['todo'],CMake,0,17,21
20996,google/llvm-propeller,https://github.com/google/llvm-propeller/blob/12c6e82d147114db217c75ed17b14e2c892aba48/mlir/lib/Bindings/Python/CMakeLists.txt#L56,"# pybind11 requires binding code to be compiled with -fvisibility=hidden
# For static linkage, better code can be generated if the entire project
# compiles that way, but that is not enforced here. Instead, include a linker
# script that explicitly hides anything but the PyInit_* symbols, allowing gc
# to take place.
# TODO: Add a Windows .def file and figure out the right thing to do on MacOS.",['todo'],CMake,0,56,61
20996,google/llvm-propeller,https://github.com/google/llvm-propeller/blob/12c6e82d147114db217c75ed17b14e2c892aba48/openmp/cmake/DetectTestCompiler/CMakeLists.txt#L29,# TODO: Implement blockaddress in GlobalISel and remove this flag!,"['todo', 'implement']",CMake,0,29,29
20996,google/llvm-propeller,https://github.com/google/llvm-propeller/blob/12c6e82d147114db217c75ed17b14e2c892aba48/openmp/runtime/CMakeLists.txt#L113,"# Should the libomp library and generated headers be copied into the original source exports/ directory
# Turning this to FALSE aids parallel builds to not interfere with each other.
# Currently, the testsuite module expects the just built OpenMP library to be located inside the exports/
# directory.  TODO: have testsuite run under llvm-lit directly.  We can then get rid of copying to exports/",['todo'],CMake,0,113,116
20996,google/llvm-propeller,https://github.com/google/llvm-propeller/blob/12c6e82d147114db217c75ed17b14e2c892aba48/openmp/runtime/CMakeLists.txt#L225,"# Is there a quad precision data type available?
# TODO: Make this a real feature check",['todo'],CMake,0,225,226
20996,google/llvm-propeller,https://github.com/google/llvm-propeller/blob/12c6e82d147114db217c75ed17b14e2c892aba48/openmp/runtime/CMakeLists.txt#L252,"# Intel(R) Transactional Synchronization Extensions (Intel(R) TSX) based locks have
# __asm code which can be troublesome for some compilers.  This feature is also x86 specific.
# TODO: Make this a real feature check",['todo'],CMake,0,252,254
20996,google/llvm-propeller,https://github.com/google/llvm-propeller/blob/12c6e82d147114db217c75ed17b14e2c892aba48/openmp/runtime/src/CMakeLists.txt#L32,"# Set the -D definitions for all sources
# UNICODE and _UNICODE are set in LLVM's CMake system.  They affect the
# ittnotify code and should only be set when compiling ittnotify_static.cpp
# on Windows (done below).
# TODO: Fix the UNICODE usage in ittnotify code for Windows.","['fix', 'todo']",CMake,0,32,36
20996,google/llvm-propeller,https://github.com/google/llvm-propeller/blob/12c6e82d147114db217c75ed17b14e2c892aba48/openmp/runtime/src/CMakeLists.txt#L244,"# Workaround for gfortran to build modules with the
# omp_sched_monotonic integer parameter",['workaround'],CMake,2,244,245
20996,google/llvm-propeller,https://github.com/google/llvm-propeller/blob/12c6e82d147114db217c75ed17b14e2c892aba48/polly/CMakeLists.txt#L61,"# FIXME: Turn off exceptions, RTTI:
# -fno-exceptions -fno-rtti",['fixme'],CMake,2,61,62
20996,google/llvm-propeller,https://github.com/google/llvm-propeller/blob/12c6e82d147114db217c75ed17b14e2c892aba48/polly/CMakeLists.txt#L150,# TODO: docs.,['todo'],CMake,0,150,150
20996,google/llvm-propeller,https://github.com/google/llvm-propeller/blob/12c6e82d147114db217c75ed17b14e2c892aba48/polly/lib/External/CMakeLists.txt#L16,"# Unknown revision
# TODO: We could look for a .git and get the revision from HEAD",['todo'],CMake,4,16,17
20996,google/llvm-propeller,https://github.com/google/llvm-propeller/blob/12c6e82d147114db217c75ed17b14e2c892aba48/polly/lib/External/CMakeLists.txt#L313,"# Unknown revision
# TODO: We could look for a .git and get the revision from HEAD",['todo'],CMake,2,313,314
20996,google/llvm-propeller,https://github.com/google/llvm-propeller/blob/12c6e82d147114db217c75ed17b14e2c892aba48/pstl/test/CMakeLists.txt#L9,"# TODO(ldionne): This CMake testing infrastructure should be replaced with a
#                llvm-lit test suite.",['todo'],CMake,0,9,10
20996,google/llvm-propeller,https://github.com/google/llvm-propeller/blob/12c6e82d147114db217c75ed17b14e2c892aba48/compiler-rt/cmake/base-config-ix.cmake#L38,"# Compute the Clang version from the LLVM version.
# FIXME: We should be able to reuse CLANG_VERSION variable calculated
#        in Clang cmake files, instead of copying the rules here.",['fixme'],CMake,2,38,40
20996,google/llvm-propeller,https://github.com/google/llvm-propeller/blob/12c6e82d147114db217c75ed17b14e2c892aba48/compiler-rt/cmake/base-config-ix.cmake#L210,"# Gcc doesn't accept -m32/-m64 so we do the next best thing and use
# -mips32r2/-mips64r2. We don't use -mips1/-mips3 because we want to match
# clang's default CPU's. In the 64-bit case, we must also specify the ABI
# since the default ABI differs between gcc and clang.
# FIXME: Ideally, we would build the N32 library too.",['fixme'],CMake,6,210,214
20996,google/llvm-propeller,https://github.com/google/llvm-propeller/blob/12c6e82d147114db217c75ed17b14e2c892aba48/compiler-rt/cmake/config-ix.cmake#L251,"# TODO(dliew): Remove uses of this function. It exists to preserve needlessly complex
# directory naming conventions used by the Sanitizer lit test suites.",['todo'],CMake,2,251,252
20996,google/llvm-propeller,https://github.com/google/llvm-propeller/blob/12c6e82d147114db217c75ed17b14e2c892aba48/compiler-rt/cmake/config-ix.cmake#L668,# TODO: Add builtins support.,['todo'],CMake,0,668,668
20996,google/llvm-propeller,https://github.com/google/llvm-propeller/blob/12c6e82d147114db217c75ed17b14e2c892aba48/compiler-rt/cmake/config-ix.cmake#L745,#TODO(kostyak): add back Android & Fuchsia when the code settles a bit.,['todo'],CMake,0,745,745
20996,google/llvm-propeller,https://github.com/google/llvm-propeller/blob/12c6e82d147114db217c75ed17b14e2c892aba48/compiler-rt/cmake/config-ix.cmake#L781,"# Note: Fuchsia and Windows are not currently supported by GWP-ASan. Support
# is planned for these platforms. Darwin is also not supported due to TLS
# calling malloc on first use.
# TODO(hctim): Enable this on Android again. Looks like it's causing a SIGSEGV
# for Scudo and GWP-ASan, further testing needed.",['todo'],CMake,0,781,785
20996,google/llvm-propeller,https://github.com/google/llvm-propeller/blob/12c6e82d147114db217c75ed17b14e2c892aba48/compiler-rt/cmake/Modules/AddCompilerRT.cmake#L112,"# CMake doesn't pass the correct architecture for Apple prior to CMake 3.19. https://gitlab.kitware.com/cmake/cmake/-/issues/20771
# MinGW didn't work correctly with assembly prior to CMake 3.17. https://gitlab.kitware.com/cmake/cmake/-/merge_requests/4287 and https://reviews.llvm.org/rGb780df052dd2b246a760d00e00f7de9ebdab9d09
# Workaround these two issues by compiling as C.
# Same workaround used in libunwind. Also update there if changed here.",['workaround'],CMake,2,112,115
20996,google/llvm-propeller,https://github.com/google/llvm-propeller/blob/12c6e82d147114db217c75ed17b14e2c892aba48/compiler-rt/cmake/Modules/AddCompilerRT.cmake#L484,"# If we're not on MSVC, include the linker flags from CMAKE but override them
# with the provided link flags. This ensures that flags which are required to
# link programs at all are included, but the changes needed for the test
# trump. With MSVC we can't do that because CMake is set up to run link.exe
# when linking, not the compiler. Here, we hack it to use the compiler
# because we want to use -fsanitize flags.",['hack'],CMake,2,484,489
20996,google/llvm-propeller,https://github.com/google/llvm-propeller/blob/12c6e82d147114db217c75ed17b14e2c892aba48/compiler-rt/cmake/Modules/AddCompilerRT.cmake#L501,"# CMAKE_EXE_LINKER_FLAGS may contain -fuse=lld
# FIXME: -DLLVM_ENABLE_LLD=ON and -DLLVM_ENABLE_PROJECTS without lld case.",['fixme'],CMake,4,501,502
20996,google/llvm-propeller,https://github.com/google/llvm-propeller/blob/12c6e82d147114db217c75ed17b14e2c892aba48/compiler-rt/cmake/Modules/CompilerRTCompile.cmake#L112,"# On Darwin, there are no system-wide C++ headers and the just-built clang is
# therefore not able to compile C++ files unless they are copied/symlinked into
# ${LLVM_BINARY_DIR}/include/c++
# The just-built clang is used to build compiler-rt unit tests. Let's detect
# this before we try to build the tests and print out a suggestion how to fix
# it.
# On other platforms, this is currently not an issue.",['fix'],CMake,0,112,118
20996,google/llvm-propeller,https://github.com/google/llvm-propeller/blob/12c6e82d147114db217c75ed17b14e2c892aba48/compiler-rt/cmake/Modules/CompilerRTDarwinUtils.cmake#L475,"# this is a hacky opt-out. If you can't target both intel and arm
# architectures we bail here.",['hacky'],CMake,2,475,476
20996,google/llvm-propeller,https://github.com/google/llvm-propeller/blob/12c6e82d147114db217c75ed17b14e2c892aba48/compiler-rt/cmake/Modules/CompilerRTUtils.cmake#L149,# Bail out if we cannot target the architecture we plan to test.,['bail out'],CMake,4,149,149
20996,google/llvm-propeller,https://github.com/google/llvm-propeller/blob/12c6e82d147114db217c75ed17b14e2c892aba48/libc/cmake/modules/LLVMLibCLibraryRules.cmake#L129,# TODO: Ensure that each dep is actually a add_redirector_object target.,['todo'],CMake,4,129,129
20996,google/llvm-propeller,https://github.com/google/llvm-propeller/blob/12c6e82d147114db217c75ed17b14e2c892aba48/libc/cmake/modules/LLVMLibCLibraryRules.cmake#L133,"# TODO: Call the linker explicitly instead of calling the compiler driver to
# prevent DT_NEEDED on C++ runtime.",['todo'],CMake,2,133,134
20996,google/llvm-propeller,https://github.com/google/llvm-propeller/blob/12c6e82d147114db217c75ed17b14e2c892aba48/libc/cmake/modules/LLVMLibCLibraryRules.cmake#L179,"# TODO: Remove this foreach block when we can switch to the new
# version of the CMake policy CMP0076.",['todo'],CMake,2,179,180
20996,google/llvm-propeller,https://github.com/google/llvm-propeller/blob/12c6e82d147114db217c75ed17b14e2c892aba48/libcxx/cmake/config-ix.cmake#L8,"# NOTE(compnerd) this is technically a lie, there is msvcrt, but for now, lets
# let the default linking take care of that.",['take care'],CMake,2,8,9
20996,google/llvm-propeller,https://github.com/google/llvm-propeller/blob/12c6e82d147114db217c75ed17b14e2c892aba48/libcxx/cmake/config-ix.cmake#L27,"# libc++ is built with -nodefaultlibs, so we want all our checks to also
# use this option, otherwise we may end up with an inconsistency between
# the flags we think we require during configuration (if the checks are
# performed without -nodefaultlibs) and the flags that are actually
# required during compilation (which has the -nodefaultlibs). libc is
# required for the link to go through. We remove sanitizers from the
# configuration checks to avoid spurious link errors.",['inconsistency'],CMake,0,27,33
20996,google/llvm-propeller,https://github.com/google/llvm-propeller/blob/12c6e82d147114db217c75ed17b14e2c892aba48/libcxx/cmake/config-ix.cmake#L83,"# TODO(compnerd) do we want to support an emulation layer that allows for the
# use of pthread-win32 or similar libraries to emulate pthreads on Windows?",['todo'],CMake,2,83,84
20996,google/llvm-propeller,https://github.com/google/llvm-propeller/blob/12c6e82d147114db217c75ed17b14e2c892aba48/libcxx/utils/google-benchmark/cmake/HandleGTest.cmake#L24,"# FIXME: Since 10/Feb/2017 the googletest trunk has had a bug where
# -Werror=unused-function fires during the build on OS X. This is a temporary
# workaround to keep our travis bots from failing. It should be removed
# once gtest is fixed.","['fixme', 'workaround']",CMake,2,24,27
20996,google/llvm-propeller,https://github.com/google/llvm-propeller/blob/12c6e82d147114db217c75ed17b14e2c892aba48/libcxx/utils/google-benchmark/cmake/HandleGTest.cmake#L109,"# FIXME: We don't currently require the gmock library to build the tests,
# and it's likely we won't find it, so we don't try. As long as we've
# found the gmock/gmock.h header and gtest_main that should be good enough.",['fixme'],CMake,4,109,111
20996,google/llvm-propeller,https://github.com/google/llvm-propeller/blob/12c6e82d147114db217c75ed17b14e2c892aba48/libcxxabi/cmake/config-ix.cmake#L17,"# libc++abi is built with -nodefaultlibs, so we want all our checks to also
# use this option, otherwise we may end up with an inconsistency between
# the flags we think we require during configuration (if the checks are
# performed without -nodefaultlibs) and the flags that are actually
# required during compilation (which has the -nodefaultlibs). libc is
# required for the link to go through. We remove sanitizers from the
# configuration checks to avoid spurious link errors.",['inconsistency'],CMake,0,17,23
20996,google/llvm-propeller,https://github.com/google/llvm-propeller/blob/12c6e82d147114db217c75ed17b14e2c892aba48/libunwind/cmake/config-ix.cmake#L19,"# libunwind is built with -nodefaultlibs, so we want all our checks to also
# use this option, otherwise we may end up with an inconsistency between
# the flags we think we require during configuration (if the checks are
# performed without -nodefaultlibs) and the flags that are actually
# required during compilation (which has the -nodefaultlibs). libc is
# required for the link to go through. We remove sanitizers from the
# configuration checks to avoid spurious link errors.",['inconsistency'],CMake,0,19,25
20996,google/llvm-propeller,https://github.com/google/llvm-propeller/blob/12c6e82d147114db217c75ed17b14e2c892aba48/lldb/cmake/modules/AddLLDB.cmake#L70,"#PIC not needed on Win
# FIXME: Setting CMAKE_CXX_FLAGS here is a no-op, use target_compile_options
# or omit this logic instead.",['fixme'],CMake,2,70,72
20996,google/llvm-propeller,https://github.com/google/llvm-propeller/blob/12c6e82d147114db217c75ed17b14e2c892aba48/lldb/cmake/modules/AddLLDB.cmake#L127,"# Hack: only some LLDB libraries depend on the clang autogenerated headers,
# but it is simple enough to make all of LLDB depend on some of those
# headers without negatively impacting much of anything.",['hack'],CMake,2,127,129
20996,google/llvm-propeller,https://github.com/google/llvm-propeller/blob/12c6e82d147114db217c75ed17b14e2c892aba48/llvm/cmake/config-ix.cmake#L110,"# We want to find pthreads library and at the moment we do want to
# have it reported as '-l<lib>' instead of '-pthread'.
# TODO: switch to -pthread once the rest of the build system can deal with it.",['todo'],CMake,2,110,112
20996,google/llvm-propeller,https://github.com/google/llvm-propeller/blob/12c6e82d147114db217c75ed17b14e2c892aba48/llvm/cmake/config-ix.cmake#L514,"# FIXME: Signal handler return type, currently hardcoded to 'void'",['fixme'],CMake,0,514,514
20996,google/llvm-propeller,https://github.com/google/llvm-propeller/blob/12c6e82d147114db217c75ed17b14e2c892aba48/llvm/cmake/modules/AddLLVM.cmake#L99,"# FIXME: Don't write the ""local:"" line on OpenBSD.
# in the export file, also add a linker script to version LLVM symbols (form: LLVM_N.M)",['fixme'],CMake,4,99,100
20996,google/llvm-propeller,https://github.com/google/llvm-propeller/blob/12c6e82d147114db217c75ed17b14e2c892aba48/llvm/cmake/modules/AddLLVM.cmake#L146,"# Force re-linking when the exports file changes. Actually, it
# forces recompilation of the source file. The LINK_DEPENDS target
# property only works for makefile-based generators.
# FIXME: This is not safe because this will create the same target
# ${native_export_file} in several different file:
# - One where we emitted ${target_name}_exports
# - One where we emitted the build command for the following object.
# set_property(SOURCE ${first_source_file} APPEND PROPERTY
#   OBJECT_DEPENDS ${CMAKE_CURRENT_BINARY_DIR}/${native_export_file})",['fixme'],CMake,2,146,154
20996,google/llvm-propeller,https://github.com/google/llvm-propeller/blob/12c6e82d147114db217c75ed17b14e2c892aba48/llvm/cmake/modules/AddLLVM.cmake#L253,"# Object files are compiled with -ffunction-data-sections.
# Versions of bfd ld < 2.23.1 have a bug in --gc-sections that breaks
# tools that use plugins. Always pass --gc-sections once we require
# a newer linker.
# TODO Revisit this later on z/OS.",['todo'],CMake,8,253,257
20996,google/llvm-propeller,https://github.com/google/llvm-propeller/blob/12c6e82d147114db217c75ed17b14e2c892aba48/llvm/cmake/modules/AddLLVM.cmake#L318,"# If on Windows and building with MSVC, add the resource script containing the
# VERSIONINFO data to the project.  This embeds version resource information
# into the output .exe or .dll.
# TODO: Enable for MinGW Windows builds too.
#",['todo'],CMake,0,318,322
20996,google/llvm-propeller,https://github.com/google/llvm-propeller/blob/12c6e82d147114db217c75ed17b14e2c892aba48/llvm/cmake/modules/AddLLVM.cmake#L518,# FIXME: Add name_static to anywhere in TARGET ${name}'s PROPERTY.,['fixme'],CMake,4,518,518
20996,google/llvm-propeller,https://github.com/google/llvm-propeller/blob/12c6e82d147114db217c75ed17b14e2c892aba48/llvm/cmake/modules/AddLLVM.cmake#L665,"# clang and newer versions of ninja use high-resolutions timestamps,
# but older versions of libtool on Darwin don't, so the archive will
# often get an older timestamp than the last object that was added
# or updated.  To fix this, we add a custom command to touch archive
# after it's been built so that ninja won't rebuild it unnecessarily
# the next time it's run.",['fix'],CMake,2,665,670
20996,google/llvm-propeller,https://github.com/google/llvm-propeller/blob/12c6e82d147114db217c75ed17b14e2c892aba48/llvm/cmake/modules/AddLLVM.cmake#L1554,"# FIXME: ""ENABLE_SHARED"" doesn't make sense, since it is used just for
# plugins. We may rename it.",['fixme'],CMake,2,1554,1555
20996,google/llvm-propeller,https://github.com/google/llvm-propeller/blob/12c6e82d147114db217c75ed17b14e2c892aba48/llvm/cmake/modules/AddLLVM.cmake#L1693,"# A raw function to create a lit target. This is used to implement the testuite
# management functions.",['implement'],CMake,0,1693,1694
20996,google/llvm-propeller,https://github.com/google/llvm-propeller/blob/12c6e82d147114db217c75ed17b14e2c892aba48/llvm/cmake/modules/AddSphinxTarget.cmake#L75,# FIXME: We might not ship all the tools that these man pages describe,['fixme'],CMake,8,75,75
20996,google/llvm-propeller,https://github.com/google/llvm-propeller/blob/12c6e82d147114db217c75ed17b14e2c892aba48/llvm/cmake/modules/CheckAtomic.cmake#L84,"## TODO: This define is only used for the legacy atomic operations in
## llvm's Atomic.h, which should be replaced.  Other code simply
## assumes C++11 <atomic> works.",['todo'],CMake,0,84,86
20996,google/llvm-propeller,https://github.com/google/llvm-propeller/blob/12c6e82d147114db217c75ed17b14e2c892aba48/llvm/cmake/modules/FindGRPC.cmake#L1,"# FIXME(kirillbobyrev): Check if gRPC and Protobuf headers can be included at
# configure time.",['fixme'],CMake,0,1,2
20996,google/llvm-propeller,https://github.com/google/llvm-propeller/blob/12c6e82d147114db217c75ed17b14e2c892aba48/llvm/cmake/modules/FindGRPC.cmake#L84,"# Proto headers are generated in ${CMAKE_CURRENT_BINARY_DIR}.
# Libraries that use these headers should adjust the include path.
# FIXME(kirillbobyrev): Allow optional generation of gRPC code and give callers
# control over it via additional parameters.",['fixme'],CMake,0,84,87
20996,google/llvm-propeller,https://github.com/google/llvm-propeller/blob/12c6e82d147114db217c75ed17b14e2c892aba48/llvm/cmake/modules/FindZ3.cmake#L74,# TODO: print message warning that we couldn't find a compatible lib?,['todo'],CMake,2,74,74
20996,google/llvm-propeller,https://github.com/google/llvm-propeller/blob/12c6e82d147114db217c75ed17b14e2c892aba48/llvm/cmake/modules/FindZ3.cmake#L97,"# Give up: we are unable to obtain a version of the Z3 library. Be
# conservative and force the found version to 0.0.0 to make version
# checks always fail.",['give up'],CMake,2,97,99
20996,google/llvm-propeller,https://github.com/google/llvm-propeller/blob/12c6e82d147114db217c75ed17b14e2c892aba48/llvm/cmake/modules/HandleLLVMOptions.cmake#L221,"# Pass -Wl,-z,nodelete. This makes sure our shared libraries are not unloaded
# by dlclose(). We need that since the CLI API relies on cross-references
# between global objects which became horribly broken when one of the libraries
# is unloaded.",['broken'],CMake,0,221,224
20996,google/llvm-propeller,https://github.com/google/llvm-propeller/blob/12c6e82d147114db217c75ed17b14e2c892aba48/llvm/cmake/modules/HandleLLVMOptions.cmake#L327,# TODO: support other platforms and toolchains.,['todo'],CMake,2,327,327
20996,google/llvm-propeller,https://github.com/google/llvm-propeller/blob/12c6e82d147114db217c75ed17b14e2c892aba48/llvm/cmake/modules/HandleLLVMOptions.cmake#L336,# FIXME: CMAKE_SIZEOF_VOID_P is still 8,['fixme'],CMake,4,336,336
20996,google/llvm-propeller,https://github.com/google/llvm-propeller/blob/12c6e82d147114db217c75ed17b14e2c892aba48/llvm/cmake/modules/HandleLLVMOptions.cmake#L349,# FIXME: It isn't handled in LLVM_BUILD_32_BITS.,['fixme'],CMake,2,349,349
20996,google/llvm-propeller,https://github.com/google/llvm-propeller/blob/12c6e82d147114db217c75ed17b14e2c892aba48/llvm/cmake/modules/HandleLLVMOptions.cmake#L401,# FIXME: Also cygwin?,['fixme'],CMake,14,401,401
20996,google/llvm-propeller,https://github.com/google/llvm-propeller/blob/12c6e82d147114db217c75ed17b14e2c892aba48/llvm/cmake/modules/HandleLLVMOptions.cmake#L853,"# Add flags for add_dead_strip().
# FIXME: With MSVS, consider compiling with /Gy and linking with /OPT:REF?
# But MinSizeRel seems to add that automatically, so maybe disable these
# flags instead if LLVM_NO_DEAD_STRIP is set.",['fixme'],CMake,0,853,856
20996,google/llvm-propeller,https://github.com/google/llvm-propeller/blob/12c6e82d147114db217c75ed17b14e2c892aba48/llvm/cmake/modules/HandleLLVMOptions.cmake#L1012,"# If the linker supports it, enable the lto cache. This improves initial build
# time a little since we re-link a lot of the same objects, and significantly
# improves incremental build time.
# FIXME: We should move all this logic into the clang driver.",['fixme'],CMake,2,1012,1015
20996,google/llvm-propeller,https://github.com/google/llvm-propeller/blob/12c6e82d147114db217c75ed17b14e2c892aba48/llvm/cmake/modules/LLVMExternalProjectUtils.cmake#L60,# TODO: These tools don't fully support Mach-O format yet.,['todo'],CMake,6,60,60
20996,google/llvm-propeller,https://github.com/google/llvm-propeller/blob/12c6e82d147114db217c75ed17b14e2c892aba48/llvm/cmake/modules/TableGen.cmake#L138,"# FIXME: It leaks to user, callee of add_tablegen.",['fixme'],CMake,4,138,138
20996,google/llvm-propeller,https://github.com/google/llvm-propeller/blob/12c6e82d147114db217c75ed17b14e2c892aba48/llvm/cmake/modules/TableGen.cmake#L163,"# Create an artificial dependency between tablegen projects, because they
# compile the same dependencies, thus using the same build folders.
# FIXME: A proper fix requires sequentially chaining tablegens.","['fix', 'fixme']",CMake,6,163,165
20996,google/llvm-propeller,https://github.com/google/llvm-propeller/blob/12c6e82d147114db217c75ed17b14e2c892aba48/llvm/utils/benchmark/cmake/HandleGTest.cmake#L24,"# FIXME: Since 10/Feb/2017 the googletest trunk has had a bug where
# -Werror=unused-function fires during the build on OS X. This is a temporary
# workaround to keep our travis bots from failing. It should be removed
# once gtest is fixed.","['fixme', 'workaround']",CMake,2,24,27
20996,google/llvm-propeller,https://github.com/google/llvm-propeller/blob/12c6e82d147114db217c75ed17b14e2c892aba48/llvm/utils/benchmark/cmake/HandleGTest.cmake#L109,"# FIXME: We don't currently require the gmock library to build the tests,
# and it's likely we won't find it, so we don't try. As long as we've
# found the gmock/gmock.h header and gtest_main that should be good enough.",['fixme'],CMake,4,109,111
20996,google/llvm-propeller,https://github.com/google/llvm-propeller/blob/12c6e82d147114db217c75ed17b14e2c892aba48/mlir/cmake/modules/AddMLIR.cmake#L136,"# Adds an MLIR library target for installation.
# This is usually done as part of add_mlir_library but is broken out for cases
# where non-standard library builds can be installed.",['broken'],CMake,0,136,138
20996,google/llvm-propeller,https://github.com/google/llvm-propeller/blob/12c6e82d147114db217c75ed17b14e2c892aba48/openmp/cmake/HandleOpenMPOptions.cmake#L12,"# MSVC and clang-cl in compatibility mode map -Wall to -Weverything.
# TODO: LLVM adds /W4 instead, check if that works for the OpenMP runtimes.",['todo'],CMake,0,12,13
20996,google/llvm-propeller,https://github.com/google/llvm-propeller/blob/12c6e82d147114db217c75ed17b14e2c892aba48/openmp/cmake/OpenMPTesting.cmake#L144,# TODO: Implement blockaddress in GlobalISel and remove this flag!,"['todo', 'implement']",CMake,2,144,144
20996,google/llvm-propeller,https://github.com/google/llvm-propeller/blob/12c6e82d147114db217c75ed17b14e2c892aba48/openmp/libomptarget/cmake/Modules/LibomptargetNVPTXBitcodeLibrary.cmake#L41,"# The remaining arguments are the flags to be tested.
# FIXME: Don't hardcode GPU version. This is currently required because
#        Clang refuses to compile its default of sm_20 with CUDA 9.",['fixme'],CMake,2,41,43
20996,google/llvm-propeller,https://github.com/google/llvm-propeller/blob/12c6e82d147114db217c75ed17b14e2c892aba48/openmp/runtime/cmake/LibompCheckFortranFlag.cmake#L11,"# Checking a fortran compiler flag
# There is no real trivial way to do this in CMake, so we implement it here
# this will have ${boolean} = TRUE if the flag succeeds, otherwise false.",['implement'],CMake,0,11,13
20996,google/llvm-propeller,https://github.com/google/llvm-propeller/blob/12c6e82d147114db217c75ed17b14e2c892aba48/openmp/runtime/cmake/LibompCheckLinkerFlag.cmake#L11,"# Checking a linker flag to build a shared library
# There is no real trivial way to do this in CMake, so we implement it here
# this will have ${boolean} = TRUE if the flag succeeds, otherwise FALSE.",['implement'],CMake,0,11,13
20996,google/llvm-propeller,https://github.com/google/llvm-propeller/blob/12c6e82d147114db217c75ed17b14e2c892aba48/openmp/runtime/cmake/config-ix.cmake#L138,"# The perl scripts take the --os=/--arch= flags which expect a certain format for operating systems and arch's.
# Until the perl scripts are removed, the most portable way to handle this is to have all operating systems that
# are neither Windows nor Mac (Most Unix flavors) be considered lin to the perl scripts.  This is rooted
# in that all the Perl scripts check the operating system and will fail if it isn't ""valid"".  This
# temporary solution lets us avoid trying to enumerate all the possible OS values inside the Perl modules.",['temporary solution'],CMake,0,138,142
20996,google/llvm-propeller,https://github.com/google/llvm-propeller/blob/12c6e82d147114db217c75ed17b14e2c892aba48/polly/cmake/polly_macros.cmake#L93,"# FIXME: The helper can be eliminated if the CMake version is increased
# to 3.8 or higher. If this is done, the TREE version of source_group can
# be used",['fixme'],CMake,2,93,95
