repoIndex,repoName,linkLocation,comment,keywords,buildSysteminFile,charPosition,startLine,endLine
21041,linbox-team/fflas-ffpack,https://github.com/linbox-team/fflas-ffpack/blob/cba05db764af3382fc79300b5b5e5bf90d58cb72/Makefile.am#L32,"#  include_HEADERS=fflas-ffpack-config.h
#!@todo add examples dir XXX","['xxx', 'todo']",Autotool,0,32,33
21041,linbox-team/fflas-ffpack,https://github.com/linbox-team/fflas-ffpack/blob/cba05db764af3382fc79300b5b5e5bf90d58cb72/fflas-ffpack/utils/Makefile.am#L40,"### is this really extra dist ?
### this is wrong in a header only lib
# EXTRA_DIST=timer.h",['this is wrong'],Autotool,0,40,42
