repoIndex,repoName,linkLocation,comment,keywords,buildSysteminFile,charPosition,startLine,endLine
21069,cvut/qtmips,https://github.com/cvut/qtmips/blob/3d8ea4a7a2aa4c95e3e270111f6128686203913c/CMakeLists.txt#L127,# This is currently a wont-fix and it will be OK in cpp20.,['fix'],CMake,2,127,127
21069,cvut/qtmips,https://github.com/cvut/qtmips/blob/3d8ea4a7a2aa4c95e3e270111f6128686203913c/CMakeLists.txt#L266,"# Creates bunch of files in ${CMAKE_BINARY_DIR}/target/pkg that you can just pass to
# Open Build Service and it will build all packaging.
# TODO: Currently changelog is not handled automatically.",['todo'],CMake,1,266,268
21069,cvut/qtmips,https://github.com/cvut/qtmips/blob/3d8ea4a7a2aa4c95e3e270111f6128686203913c/external/libelf/CMakeLists.txt#L78,"# This is 3rd party code, I do not intend to fix it.",['fix'],CMake,0,78,78
21069,cvut/qtmips,https://github.com/cvut/qtmips/blob/3d8ea4a7a2aa4c95e3e270111f6128686203913c/cmake/PackageTools.cmake#L23,# Register xz command for usage with git. (TODO: better cross platform or configurable),['todo'],CMake,0,23,23
21069,cvut/qtmips,https://github.com/cvut/qtmips/blob/3d8ea4a7a2aa4c95e3e270111f6128686203913c/cmake/PackageTools.cmake#L27,"# Command to build source archive from git HEAD.
# TODO: should uncommited files be included (https://unix.stackexchange.com/questions/124495/git-archive-including-uncommitted-modified-files)",['todo'],CMake,0,27,28
