repoIndex,repoName,linkLocation,comment,keywords,buildSysteminFile,charPosition,startLine,endLine
21123,dmtcp/dmtcp,https://github.com/dmtcp/dmtcp/blob/9aea31b3dd974f5d2634b3161dfdd9844038bb63/plugin/Makefile.am#L106,"# TODO(kapil): Re-enable Ptrace plugin after reworking the logic for new plugin
# API.
#
# # Ptrace plugin
# #
# 
# # FIXME:  ptrace plugin not yet working for aarch64
# if !AARCH64_HOST
# libdmtcp_PROGRAMS += $(d_libdir)/libdmtcp_ptrace.so
# __d_libdir__libdmtcp_ptrace_so_SOURCES =                               \
# 	ptrace/ptrace.cpp                                              \
# 	ptrace/ptrace.h                                                \
# 	ptrace/ptraceinfo.cpp                                          \
# 	ptrace/ptraceinfo.h                                            \
# 	ptrace/ptracewrappers.cpp
# __d_libdir__libdmtcp_ptrace_so_LDFLAGS = $(dmtcp_ldflags)
# __d_libdir__libdmtcp_ptrace_so_LDADD = $(LDADD)
# endif","['todo', 'fixme']",Autotool,0,106,123
21123,dmtcp/dmtcp,https://github.com/dmtcp/dmtcp/blob/9aea31b3dd974f5d2634b3161dfdd9844038bb63/src/Makefile.am#L11,"# not a GNU package. You can remove this line, if
# have all needed files, that a GNU package needs
# TODO(kapil): Add 'subdir-objects after automake 1.16 has been released.",['todo'],Autotool,0,11,13
21123,dmtcp/dmtcp,https://github.com/dmtcp/dmtcp/blob/9aea31b3dd974f5d2634b3161dfdd9844038bb63/src/Makefile.am#L143,"# FIXME:  Rename libsyscallsreal.a to libhijack.a
# An executable should use either libsyscallsreal.a or libnohijack.a -- not both",['fixme'],Autotool,0,143,144
21123,dmtcp/dmtcp,https://github.com/dmtcp/dmtcp/blob/9aea31b3dd974f5d2634b3161dfdd9844038bb63/src/plugin/Makefile.am#L55,"#
# IPC plugin
# TODO(kapil): Split SSH plugin into its own.
#",['todo'],Autotool,0,55,58
21123,dmtcp/dmtcp,https://github.com/dmtcp/dmtcp/blob/9aea31b3dd974f5d2634b3161dfdd9844038bb63/src/Makefile.in#L571,"# not a GNU package. You can remove this line, if
# have all needed files, that a GNU package needs
# TODO(kapil): Add 'subdir-objects after automake 1.16 has been released.",['todo'],Autotool,0,571,573
21123,dmtcp/dmtcp,https://github.com/dmtcp/dmtcp/blob/9aea31b3dd974f5d2634b3161dfdd9844038bb63/src/Makefile.in#L653,"# FIXME:  Rename libsyscallsreal.a to libhijack.a
# An executable should use either libsyscallsreal.a or libnohijack.a -- not both",['fixme'],Autotool,0,653,654
21123,dmtcp/dmtcp,https://github.com/dmtcp/dmtcp/blob/9aea31b3dd974f5d2634b3161dfdd9844038bb63/src/mtcp/Makefile.in#L100,"# TODO(kapil): Check if -Ttext-segment value is appropriate for x86.
# The other sections (bss, rodata, etc.) will follow immediately after text.
# A 2MB hugepage is 0x200000.  Addresses must be a multiple of 0x200000.",['todo'],Autotool,0,100,102
21123,dmtcp/dmtcp,https://github.com/dmtcp/dmtcp/blob/9aea31b3dd974f5d2634b3161dfdd9844038bb63/src/mtcp/Makefile.in#L108,"# We need to compile mtcp_restart.c with ""-fno-stack-protector"" to avoid
# runtime stack smashing detection.
# We also need to build mtcp_restart without optimization (-O0), otherwise it
# may fail to restart. Since these three objects are fairly low level, we avoid
# any surprises by compiling them without any optimization.
# FIXME:  Wasn't this an issue only for DMTCP-2.1 or earlier?
#    The -fno-stack-protector concerned returning from the interrupt handler.
#    That now happens in a different function.
# IMPORTANT:  Compile with -O2 or higher.  On some 32-bit CPUs
#   (e.g. ARM/gcc-4.8), the inlining of -O2 avoids bugs when fnc's are copied.",['fixme'],Autotool,0,108,117
21123,dmtcp/dmtcp,https://github.com/dmtcp/dmtcp/blob/9aea31b3dd974f5d2634b3161dfdd9844038bb63/src/plugin/Makefile.in#L526,"#
# IPC plugin
# TODO(kapil): Split SSH plugin into its own.
#",['todo'],Autotool,0,526,529
21123,dmtcp/dmtcp,https://github.com/dmtcp/dmtcp/blob/9aea31b3dd974f5d2634b3161dfdd9844038bb63/test/Makefile.in#L189,# FIXME:  We should create a test in configure.ac to see if this compiles.,['fixme'],Autotool,0,189,189
21123,dmtcp/dmtcp,https://github.com/dmtcp/dmtcp/blob/9aea31b3dd974f5d2634b3161dfdd9844038bb63/test/Makefile.in#L201,"# FIXME:  On aarch64, gcc-4.9.2, libcg-2.19, pthread_atfork error:
#    /usr/bin/ld: pthread_atfork: hidden symbol `pthread_atfork' in ...
#                                 is referenced by DSO",['fixme'],Autotool,0,201,203
21123,dmtcp/dmtcp,https://github.com/dmtcp/dmtcp/blob/9aea31b3dd974f5d2634b3161dfdd9844038bb63/configure.ac#L407,"# We do this hack for cross-distro compatibility only if we already
#   requested the other hack, --enable-static-libstdcxx",['hack'],Autotool,2,407,408
21123,dmtcp/dmtcp,https://github.com/dmtcp/dmtcp/blob/9aea31b3dd974f5d2634b3161dfdd9844038bb63/configure.ac#L689,"#if /usr/include/linux/version.h is missing, give up on configuring.",['give up'],Autotool,0,689,689
21123,dmtcp/dmtcp,https://github.com/dmtcp/dmtcp/blob/9aea31b3dd974f5d2634b3161dfdd9844038bb63/configure.ac#L789,# FIXME: ARM (and others?) can use different interpreter.,['fixme'],Autotool,2,789,789
