repoIndex,repoName,linkLocation,comment,keywords,buildSysteminFile,charPosition,startLine,endLine
21135,personalrobotics/aikido,https://github.com/personalrobotics/aikido/blob/003ee72d295cc143b000b22a904c91fcf7134e5c/CMakeLists.txt#L178,"# Strip include_directories() being used by CMake from #include paths.
# TODO: Add per-target INCLUDE_DIRECTORIES properties to this list.",['todo'],CMake,2,178,179
21135,personalrobotics/aikido,https://github.com/personalrobotics/aikido/blob/003ee72d295cc143b000b22a904c91fcf7134e5c/CMakeLists.txt#L222,# Fix missing ^ in generated navtree.js for external DART link,['fix'],CMake,4,222,222
21135,personalrobotics/aikido,https://github.com/personalrobotics/aikido/blob/003ee72d295cc143b000b22a904c91fcf7134e5c/src/io/CMakeLists.txt#L1,"#==============================================================================
# Dependencies
#
# TODO: Move CatkinResourceRetriever into a separate, optional component.",['todo'],CMake,0,1,4
21135,personalrobotics/aikido,https://github.com/personalrobotics/aikido/blob/003ee72d295cc143b000b22a904c91fcf7134e5c/cmake/Components.cmake#L134,# TODO: Replace this manual generation with a configure_file.,['todo'],CMake,4,134,134
