repoIndex,repoName,linkLocation,comment,keywords,buildSysteminFile,charPosition,startLine,endLine
2122,nagios-plugins/nagios-plugins,https://github.com/nagios-plugins/nagios-plugins/blob/8af8b37c3154f9302974f28a355e7942a6d88902/configure.ac#L666,dnl Now using the pst3/kmem hack for solaris systems to avoid truncation,['hack'],Autotool,0,666,666
2122,nagios-plugins/nagios-plugins,https://github.com/nagios-plugins/nagios-plugins/blob/8af8b37c3154f9302974f28a355e7942a6d88902/configure.ac#L668,"#
# this is a very, very ugly hack, to hardcode the location for plugins
#","['hack', 'ugly']",Autotool,8,668,670
2122,nagios-plugins/nagios-plugins,https://github.com/nagios-plugins/nagios-plugins/blob/8af8b37c3154f9302974f28a355e7942a6d88902/configure.ac#L1026,"dnl MacOSX / Darwin
dnl TODO: MacOSX has commands with spaces which will cause problems to PS_FORMAT
dnl Some truncation will happen in UCOMM column
dnl STAT      VSZ    RSS   UID  PPID %CPU UCOMM            COMMAND
dnl Ss      52756  22496   501     1   6.9 Window Manager   /System/Library/CoreServices/WindowServer -daemon",['todo'],Autotool,0,1026,1030
2122,nagios-plugins/nagios-plugins,https://github.com/nagios-plugins/nagios-plugins/blob/8af8b37c3154f9302974f28a355e7942a6d88902/configure.ac#L1801,"dnl dunno why this does not work below - use hack (kbd)
dnl fine on linux, broken on solaris
dnl if /bin/test -e ""/proc/meminfo""","['hack', 'broken']",Autotool,0,1801,1803
2122,nagios-plugins/nagios-plugins,https://github.com/nagios-plugins/nagios-plugins/blob/8af8b37c3154f9302974f28a355e7942a6d88902/configure.ac#L1872,"dnl Check for Redhat spopen problem
dnl Weird problem where ECHILD is returned from a wait call in error
dnl Only appears to affect nslookup and dig calls. Only affects redhat around
dnl 2.6.9-11 (okay in 2.6.9-5). Redhat investigating root cause
dnl We patch plugins/popen.c
dnl Need to add smp because uname different on those
dnl Can force patch to be applied with --enable-redhat-pthread-workaround",['workaround'],Autotool,0,1872,1878
