repoIndex,repoName,linkLocation,comment,keywords,buildSysteminFile,charPosition,startLine,endLine
21256,gargaj/bonzomatic,https://github.com/gargaj/bonzomatic/blob/342cecc9d627a46d15b14281a10dd0dd15f63d18/external/glfw/CMakeLists.txt#L70,# Workaround for VS 2008 not shipping with the DirectX 9 SDK,['workaround'],CMake,8,70,70
21256,gargaj/bonzomatic,https://github.com/gargaj/bonzomatic/blob/342cecc9d627a46d15b14281a10dd0dd15f63d18/external/glfw/CMakeLists.txt#L76,# Workaround for VS 2008 not shipping with stdint.h,['workaround'],CMake,8,76,76
21256,gargaj/bonzomatic,https://github.com/gargaj/bonzomatic/blob/342cecc9d627a46d15b14281a10dd0dd15f63d18/external/glfw/CMakeLists.txt#L99,# Workaround for legacy MinGW not providing XInput and DirectInput,['workaround'],CMake,4,99,99
21256,gargaj/bonzomatic,https://github.com/gargaj/bonzomatic/blob/342cecc9d627a46d15b14281a10dd0dd15f63d18/external/glfw/src/CMakeLists.txt#L133,"# HACK: When building on MinGW, WINVER and UNICODE need to be defined before
# the inclusion of stddef.h (by glfw3.h), which is itself included before
# win32_platform.h.  We define them here until a saner solution can be found
# NOTE: MinGW-w64 and Visual C++ do /not/ need this hack.",['hack'],CMake,0,133,136
