repoIndex,repoName,linkLocation,comment,keywords,buildSysteminFile,charPosition,startLine,endLine
21294,soui3/soui,https://github.com/soui3/soui/blob/e6e13e2e219751c986876d84b77628dd23add37b/third-part/gtest/aclocal.m4#L406,"# AM_OUTPUT_DEPENDENCY_COMMANDS
# -----------------------------
# This macro should only be invoked once -- use via AC_REQUIRE.
#
# This code is only required when automatic dependency tracking
# is enabled.  FIXME.  This creates each `.P' file that we will
# need in order to bootstrap the dependency handling code.",['fixme'],Autotool,0,406,412
21294,soui3/soui,https://github.com/soui3/soui/blob/e6e13e2e219751c986876d84b77628dd23add37b/third-part/gtest/aclocal.m4#L1029,"# If neither matched, then we have a broken ls.  This can happen
# if, for instance, CONFIG_SHELL is bash and it inherits a
# broken ls alias from the environment.  This has actually
# happened.  Such a system could not be considered ""sane"".",['broken'],Autotool,6,1029,1032
21294,soui3/soui,https://github.com/soui3/soui/blob/e6e13e2e219751c986876d84b77628dd23add37b/third-part/skia/CMakeLists.txt#L31,"#
# TODO
# 由于源文件太多，且有很多没有使用到，使用其他过滤手段没有方法过滤
# 先从工程文件中导出源文件列表
#",['todo'],CMake,0,31,35
21294,soui3/soui,https://github.com/soui3/soui/blob/e6e13e2e219751c986876d84b77628dd23add37b/__cmake/cotire.cmake#L1196,"# fix header's inside status on stack, it is ignored by extension now",['fix'],CMake,8,1196,1196
