repoIndex,repoName,linkLocation,comment,keywords,buildSysteminFile,charPosition,startLine,endLine
21323,borisbrodski/sevenzipjbinding,https://github.com/borisbrodski/sevenzipjbinding/blob/4132df4612c2b35a2045e2febce7b8d6197d08c9/CMakeLists.txt#L53,# TODO Switch to JAVA_SYSTEM,['todo'],CMake,45,53,53
21323,borisbrodski/sevenzipjbinding,https://github.com/borisbrodski/sevenzipjbinding/blob/4132df4612c2b35a2045e2febce7b8d6197d08c9/CMakeLists.txt#L158,# TODO: Not allowed due to policy CMP0026,['todo'],CMake,0,158,158
21323,borisbrodski/sevenzipjbinding,https://github.com/borisbrodski/sevenzipjbinding/blob/4132df4612c2b35a2045e2febce7b8d6197d08c9/jbinding-cpp/CMakeLists.txt#L157,"#${SEVEN_ZIP_SRC}/CPP/Common/StdInStream.cpp TODO check on Linux, remove it not needed",['todo'],CMake,4,157,157
21323,borisbrodski/sevenzipjbinding,https://github.com/borisbrodski/sevenzipjbinding/blob/4132df4612c2b35a2045e2febce7b8d6197d08c9/jbinding-cpp/CMakeLists.txt#L521,"# TODO This is from RW branch. Remove later on.
#        SET_TARGET_PROPERTIES(7-Zip-JBinding PROPERTIES LINK_FLAGS ""-Wl,--add-stdcall-alias -mthreads -Wl,--enable-auto-import"") # -lpthread -lstdc++ -lws2_32"") #-Wl,--add-stdcall-alias
#    ELSE(MINGW)
#	TARGET_LINK_LIBRARIES(7-Zip-JBinding ${CMAKE_THREAD_LIBS_INIT})
#        SET_TARGET_PROPERTIES(7-Zip-JBinding PROPERTIES LINK_FLAGS ""-Wl,--add-stdcall-alias -mthreads"") # -lpthread -lstdc++ -lws2_32"") #-Wl,--add-stdcall-alias",['todo'],CMake,4,521,525
21323,borisbrodski/sevenzipjbinding,https://github.com/borisbrodski/sevenzipjbinding/blob/4132df4612c2b35a2045e2febce7b8d6197d08c9/scripts/integration-test/doITTests.cmake#L1,# TODO Check file existence before download,['todo'],CMake,0,1,1
21323,borisbrodski/sevenzipjbinding,https://github.com/borisbrodski/sevenzipjbinding/blob/4132df4612c2b35a2045e2febce7b8d6197d08c9/scripts/integration-test/doITTests.cmake#L3,"# TODO get this to work
#SET(JAVA          CACHE STRING ""Java executable"")",['todo'],CMake,0,3,4
