repoIndex,repoName,linkLocation,comment,keywords,buildSysteminFile,charPosition,startLine,endLine
21445,dhewm/dhewm3,https://github.com/dhewm/dhewm3/blob/cc0f49f9a83c29f224077f856774d58be8919e7d/neo/CMakeLists.txt#L4,# TODO,['todo'],CMake,0,4,4
21445,dhewm/dhewm3,https://github.com/dhewm/dhewm3/blob/cc0f49f9a83c29f224077f856774d58be8919e7d/neo/CMakeLists.txt#L72,"# Originally, ${CMAKE_SYSTEM_PROCESSOR} was supposed to contain the *target* CPU, according to CMake's documentation.
# As far as I can tell this has always been broken (always returns host CPU) at least on Windows
# (see e.g. https://cmake.org/pipermail/cmake-developers/2014-September/011405.html) and wasn't reliable on
# other systems either, for example on Linux with 32bit userland but 64bit kernel it returned the kernel CPU type
# (e.g. x86_64 instead of i686). Instead of fixing this, CMake eventually updated their documentation in 3.20,
# now it's officially the same as CMAKE_HOST_SYSTEM_PROCESSOR except when cross-compiling (where it's explicitly set)
# So we gotta figure out the actual target CPU type ourselves.. (why am I sticking to this garbage buildsystem?)",['broken'],CMake,0,72,78
21445,dhewm/dhewm3,https://github.com/dhewm/dhewm3/blob/cc0f49f9a83c29f224077f856774d58be8919e7d/neo/CMakeLists.txt#L167,"# these are too stupid, give them a hint",['stupid'],CMake,1,167,167
21445,dhewm/dhewm3,https://github.com/dhewm/dhewm3/blob/cc0f49f9a83c29f224077f856774d58be8919e7d/neo/CMakeLists.txt#L238,# libbacktrace support - TODO: might work with MinGW? we don't have a crash handler for win32 though..,['todo'],CMake,1,238,238
21445,dhewm/dhewm3,https://github.com/dhewm/dhewm3/blob/cc0f49f9a83c29f224077f856774d58be8919e7d/neo/CMakeLists.txt#L290,# TODO fix these warnings,"['fix', 'todo']",CMake,1,290,290
21445,dhewm/dhewm3,https://github.com/dhewm/dhewm3/blob/cc0f49f9a83c29f224077f856774d58be8919e7d/neo/CMakeLists.txt#L352,"# TODO: was /W4, caused trouble with VS2019 (and/or its integrated CMake? or only HarrieVG's setup?)",['todo'],CMake,26,352,352
21445,dhewm/dhewm3,https://github.com/dhewm/dhewm3/blob/cc0f49f9a83c29f224077f856774d58be8919e7d/neo/CMakeLists.txt#L869,"# TODO: add_globbed_headers(src_tools ""tools/guied"")",['todo'],CMake,0,869,869
21445,dhewm/dhewm3,https://github.com/dhewm/dhewm3/blob/cc0f49f9a83c29f224077f856774d58be8919e7d/neo/CMakeLists.txt#L882,# FIXME: some of those were added before,['fixme'],CMake,63,882,882
