repoIndex,repoName,linkLocation,comment,keywords,buildSysteminFile,charPosition,startLine,endLine
21450,plexinc/plex-media-player,https://github.com/plexinc/plex-media-player/blob/d9685b274934855a707a37613cae09108ee9db6c/external/SPMediaKeyTap/CMakeLists.txt#L2,"# SPMediaKeyTap uses some deprecated methods, no need to fix that right now, so let's supress the warnings.",['fix'],CMake,0,2,2
21450,plexinc/plex-media-player,https://github.com/plexinc/plex-media-player/blob/d9685b274934855a707a37613cae09108ee9db6c/src/CMakeLists.txt#L164,"# FindZLIB doesn't find this. (It might be possible to fix the minizip build
# to not require this.)",['fix'],CMake,2,164,165
21450,plexinc/plex-media-player,https://github.com/plexinc/plex-media-player/blob/d9685b274934855a707a37613cae09108ee9db6c/CMakeModules/GetGitRevisionDescription.cmake#L90,"# TODO sanitize
#if((${ARGN}"" MATCHES ""&&"") OR
#	(ARGN MATCHES ""||"") OR
#	(ARGN MATCHES ""\\;""))
#	message(""Please report the following error to the project!"")
#	message(FATAL_ERROR ""Looks like someone's doing something nefarious with git_describe! Passed arguments ${ARGN}"")
#endif()",['todo'],CMake,1,90,96
