repoIndex,repoName,linkLocation,comment,keywords,buildSysteminFile,charPosition,startLine,endLine
21492,intelligentsoftwaresystems/galois,https://github.com/intelligentsoftwaresystems/galois/blob/59d5aa54b4a7b6594660bb1b18b83ae6875b954c/CMakeLists.txt#L235,#TODO: double check the list of directories here,['todo'],CMake,2,235,235
21492,intelligentsoftwaresystems/galois,https://github.com/intelligentsoftwaresystems/galois/blob/59d5aa54b4a7b6594660bb1b18b83ae6875b954c/cmake/Modules/FindOpenCL.cmake#L35,"# The AMD SDK currently installs both x86 and x86_64 libraries
# This is only a hack to find out architecture",['hack'],CMake,5,35,36
21492,intelligentsoftwaresystems/galois,https://github.com/intelligentsoftwaresystems/galois/blob/59d5aa54b4a7b6594660bb1b18b83ae6875b954c/cmake/Modules/FindPAPI.cmake#L11,"# XXX(ddn): our system papi is broken so ignore for now
# find_path(PAPI_INCLUDE_DIRS papi.h HINTS ${PAPI_ROOT} PATH_SUFFIXES include NO_DEFAULT_PATH )","['xxx', 'broken']",CMake,0,11,12
21492,intelligentsoftwaresystems/galois,https://github.com/intelligentsoftwaresystems/galois/blob/59d5aa54b4a7b6594660bb1b18b83ae6875b954c/cmake/Modules/FindTBB.cmake#L77,# Todo: add other Windows compilers such as ICL.,['todo'],CMake,4,77,77
