repoIndex,repoName,linkLocation,comment,keywords,buildSysteminFile,charPosition,startLine,endLine
21651,willbryant/kitchen_sync,https://github.com/willbryant/kitchen_sync/blob/e1c67cb96b8b43668ca71622348b146f06af9f0c/CMakeLists.txt#L44,"# we will need to be linked against pthreads on most platforms, but note that we don't use REQUIRED
# here because Threads was broken (http://www.cmake.org/Bug/view.php?id=15058).",['broken'],CMake,0,44,45
21651,willbryant/kitchen_sync,https://github.com/willbryant/kitchen_sync/blob/e1c67cb96b8b43668ca71622348b146f06af9f0c/src/yaml-cpp/test/gtest-1.10.0/googletest/cmake/internal_utils.cmake#L73,"# Newlines inside flags variables break CMake's NMake generator.
# TODO(vladl@google.com): Add -RTCs and -RTCu to debug builds.",['todo'],CMake,4,73,74
