repoIndex,repoName,linkLocation,comment,keywords,buildSysteminFile,charPosition,startLine,endLine
21685,firebase/quickstart-cpp,https://github.com/firebase/quickstart-cpp/blob/84c6f1e7d0140de999823739e2c7bd701125e7ca/firestore/testapp/CMakeLists.txt#L49,"# Export ANativeActivity_onCreate(),
# Refer to: https://github.com/android-ndk/ndk/issues/381.
# This also does a workaround that prevents numerous errors that occur when
# building using Android Studio. The errors look like:
# libfirebase_auth.a(auth.o): relocation R_386_GOTOFF against preemptible
# symbol <long_mangled_name> cannot be used when making a shared object.
# Taken from:
# https://github.com/opencv/opencv/issues/10229#issuecomment-359202825",['workaround'],CMake,2,49,56
