repoIndex,repoName,linkLocation,comment,keywords,buildSysteminFile,charPosition,startLine,endLine
21727,openmeeg/openmeeg,https://github.com/openmeeg/openmeeg/blob/5bfdc402e7e9da9378dee290f84927056fa408ae/CMakeLists.txt#L6,# XXX I don't know why this should be here,['xxx'],CMake,40,6,6
21727,openmeeg/openmeeg,https://github.com/openmeeg/openmeeg/blob/5bfdc402e7e9da9378dee290f84927056fa408ae/OpenMEEG/CMakeLists.txt#L52,# XXX: this is to include the generated file OpenMEEGConfigure.h,['xxx'],CMake,57,52,52
21727,openmeeg/openmeeg,https://github.com/openmeeg/openmeeg/blob/5bfdc402e7e9da9378dee290f84927056fa408ae/OpenMEEG/CMakeLists.txt#L60,# XXX : this should become PRIVATE ! and transitive,['xxx'],CMake,13,60,60
21727,openmeeg/openmeeg,https://github.com/openmeeg/openmeeg/blob/5bfdc402e7e9da9378dee290f84927056fa408ae/OpenMEEGMaths/CMakeLists.txt#L28,"# XXX : this should not be here, transitive properties should work",['xxx'],CMake,29,28,28
21727,openmeeg/openmeeg,https://github.com/openmeeg/openmeeg/blob/5bfdc402e7e9da9378dee290f84927056fa408ae/OpenMEEGMaths/CMakeLists.txt#L29,# XXX: this is to include the generated file OpenMEEGConfigure.h,['xxx'],CMake,57,29,29
21727,openmeeg/openmeeg,https://github.com/openmeeg/openmeeg/blob/5bfdc402e7e9da9378dee290f84927056fa408ae/OpenMEEGMaths/CMakeLists.txt#L32,# XXX : this should become transitive prop.,['xxx'],CMake,32,32,32
21727,openmeeg/openmeeg,https://github.com/openmeeg/openmeeg/blob/5bfdc402e7e9da9378dee290f84927056fa408ae/OpenMEEGMaths/CMakeLists.txt#L36,# XXX : this should become PRIVATE ! and hdf5 should come from matio,['xxx'],CMake,13,36,36
21727,openmeeg/openmeeg,https://github.com/openmeeg/openmeeg/blob/5bfdc402e7e9da9378dee290f84927056fa408ae/documentation/CMakeLists.txt#L1,"# # Require dot, treat the other components as optional
# find_package(Doxygen
#              REQUIRED dot) # XXX if dot module if not present, cmake should stop generatio
#              # OPTIONAL_COMPONENTS mscgen dia)",['xxx'],CMake,0,1,4
21727,openmeeg/openmeeg,https://github.com/openmeeg/openmeeg/blob/5bfdc402e7e9da9378dee290f84927056fa408ae/documentation/CMakeLists.txt#L7,"# XXX: the right condition should be (BUILD_REFERENCE_DOC and DOXYGEN_FOUND) therefore, Doxygen should be found in documentation rather than its subdirectories",['xxx'],CMake,24,7,7
21727,openmeeg/openmeeg,https://github.com/openmeeg/openmeeg/blob/5bfdc402e7e9da9378dee290f84927056fa408ae/cmake/FindBLASImplementation.cmake#L55,"# MKL stuff: This is needed because FindBLAS does not define includes variable.
# It also allows to avoid the need to define global shell variables (with a small hack).
# So this simplifies the use of MKL.",['hack'],CMake,4,55,57
21727,openmeeg/openmeeg,https://github.com/openmeeg/openmeeg/blob/5bfdc402e7e9da9378dee290f84927056fa408ae/cmake/FindBLASImplementation.cmake#L61,"# This is a hack to help FindBLAS finding MKL without needing source the mkl script
# setting global variables.",['hack'],CMake,4,61,62
21727,openmeeg/openmeeg,https://github.com/openmeeg/openmeeg/blob/5bfdc402e7e9da9378dee290f84927056fa408ae/cmake/FindBLASImplementation.cmake#L72,"# For some reason ilp version of MKL does not work. TODO.
# So for the time being, we force lp mode.",['todo'],CMake,4,72,73
21727,openmeeg/openmeeg,https://github.com/openmeeg/openmeeg/blob/5bfdc402e7e9da9378dee290f84927056fa408ae/cmake/install.cmake#L9,"# to fix the installed rpath so it looks in ../lib
# https://www.semipol.de/2012/02/16/relative-rpath-settings-with-cmake.html",['fix'],CMake,4,9,10
21727,openmeeg/openmeeg,https://github.com/openmeeg/openmeeg/blob/5bfdc402e7e9da9378dee290f84927056fa408ae/cmake/thirdParties.cmake#L4,# XXX This should be an option,['xxx'],CMake,41,4,4
21727,openmeeg/openmeeg,https://github.com/openmeeg/openmeeg/blob/5bfdc402e7e9da9378dee290f84927056fa408ae/cmake/utils/dump_target.cmake#L20,# Fix https://stackoverflow.com/questions/32197663/how-can-i-remove-the-the-location-property-may-not-be-read-from-target-error-i,['fix'],CMake,4,20,20
21727,openmeeg/openmeeg,https://github.com/openmeeg/openmeeg/blob/5bfdc402e7e9da9378dee290f84927056fa408ae/tests/ComparisonTest_caller.cmake#L32,"# defining variables for those who do not use VTK
# TODO handle comparison test for NNX1 geom when not USE_VTK...",['todo'],CMake,0,32,33
