repoIndex,repoName,linkLocation,comment,keywords,buildSysteminFile,charPosition,startLine,endLine
21848,nasa-sw-vnv/ikos,https://github.com/nasa-sw-vnv/ikos/blob/37d46df9323a5d94bd9a64e6f37571325df5f290/cmake/FindBoost.cmake#L238,# FIXME: This probably should be set for both cases,['fixme'],CMake,6,238,238
21848,nasa-sw-vnv/ikos,https://github.com/nasa-sw-vnv/ikos/blob/37d46df9323a5d94bd9a64e6f37571325df5f290/cmake/FindBoost.cmake#L458,# TODO at least Boost_DEBUG here?,['todo'],CMake,4,458,458
21848,nasa-sw-vnv/ikos,https://github.com/nasa-sw-vnv/ikos/blob/37d46df9323a5d94bd9a64e6f37571325df5f290/cmake/FindTBB.cmake#L151,# TODO: Check to see which C++ library is being used by the compiler.,['todo'],CMake,4,151,151
21848,nasa-sw-vnv/ikos,https://github.com/nasa-sw-vnv/ikos/blob/37d46df9323a5d94bd9a64e6f37571325df5f290/cmake/FindTBB.cmake#L162,"# TODO: Check compiler version to see the suffix should be <arch>/gcc4.1 or
#       <arch>/gcc4.1. For now, assume that the compiler is more recent than
#       gcc 4.4.x or later.",['todo'],CMake,4,162,164
