repoIndex,repoName,linkLocation,comment,keywords,buildSysteminFile,charPosition,startLine,endLine
21889,virtualgl/virtualgl,https://github.com/virtualgl/virtualgl/blob/b9fb2d1d4eb1101c3def392d611de8d98d95d548/server/CMakeLists.txt#L148,"# GCC 4.6 and later on Linux apparently passes --as-needed to the linker,
# and since libvglfaker.so loads OpenGL/GLX functions indirectly (with
# dlopen()/dlsym()), --as-needed prevents the linker from adding a
# DT_NEEDED tag for libGL to libvglfaker.so.  Without the following fix,
# when attempting to vglrun applications that themselves indirectly load
# OpenGL functions, libGL would not be loaded into the process, and VGL's
# calls to dlsym(RTLD_NEXT, ...) would fail.",['fix'],CMake,2,148,154
