repoIndex,repoName,linkLocation,comment,keywords,buildSysteminFile,charPosition,startLine,endLine
22004,meganz/megachat,https://github.com/meganz/megachat/blob/ee65f541bdd241c12e23bbfcb23404a7e36929ab/contrib/cmake/CMakeLists.txt#L45,#todo: figure out if we can have debug/release at the same path,['todo'],CMake,66,45,45
22004,meganz/megachat,https://github.com/meganz/megachat/blob/ee65f541bdd241c12e23bbfcb23404a7e36929ab/src/CMakeLists.txt#L130,"# all Karere symbols can be used by the application
# FIXME: This causes linker warnings about different visibility settings",['fixme'],CMake,4,130,131
22004,meganz/megachat,https://github.com/meganz/megachat/blob/ee65f541bdd241c12e23bbfcb23404a7e36929ab/src/FindMega.cmake#L87,"#if (ANDROID) #android does not have glob.h in /usr/include
#    list(APPEND MEGASDK_INCLUDES ../third_party/glob) #temporary hack until code in the sdk depending on glob.h is removed from android build
#endif()",['hack'],CMake,0,87,89
