repoIndex,repoName,linkLocation,comment,keywords,buildSysteminFile,charPosition,startLine,endLine
22005,aldebaran/libqi,https://github.com/aldebaran/libqi/blob/8899fb2fb18b84ae96ce04973eef0f8330b0ea65/tests/messaging/CMakeLists.txt#L40,"#    ""test_autoservice.cpp"" # TODO: repair",['todo'],CMake,0,40,40
22005,aldebaran/libqi,https://github.com/aldebaran/libqi/blob/8899fb2fb18b84ae96ce04973eef0f8330b0ea65/tests/messaging/CMakeLists.txt#L50,"#    ""test_with_gateway.cpp"" # TODO: repair",['todo'],CMake,0,50,50
22005,aldebaran/libqi,https://github.com/aldebaran/libqi/blob/8899fb2fb18b84ae96ce04973eef0f8330b0ea65/tests/messaging/CMakeLists.txt#L108,"# Broken!
#qi_create_gtest(test_application SRC ""test_messaging_application_exit.cpp"" DEPENDS QI)",['broken'],CMake,2,108,109
22005,aldebaran/libqi,https://github.com/aldebaran/libqi/blob/8899fb2fb18b84ae96ce04973eef0f8330b0ea65/tests/qi/CMakeLists.txt#L61,"# TODO: Merge helptext tests in one program once Application can be constructed
#       and destroyed multiple times in the same process.",['todo'],CMake,0,61,62
22005,aldebaran/libqi,https://github.com/aldebaran/libqi/blob/8899fb2fb18b84ae96ce04973eef0f8330b0ea65/qimodule-config.cmake#L37,#TODO: check for SUBFOLDER spec already provided... FAIL in that case..,['todo'],CMake,2,37,37
