repoIndex,repoName,linkLocation,comment,keywords,buildSysteminFile,charPosition,startLine,endLine
223,vijaymathew/slogan,https://github.com/vijaymathew/slogan/blob/078bc2af6f05d4b25c9aa8860c075a6e28b4b1fc/platform/libffi-3.2.1/aclocal.m4#L412,"# In order that ltdl.c can compile, find out the first AC_CONFIG_HEADERS
# the user used.  This is so that ltdl.h can pick up the parent projects
# config.h file, The first file in AC_CONFIG_HEADERS must contain the
# definitions required by ltdl.c.
# FIXME: Remove use of undocumented AC_LIST_HEADERS (2.59 compatibility).",['fixme'],Autotool,0,412,416
223,vijaymathew/slogan,https://github.com/vijaymathew/slogan/blob/078bc2af6f05d4b25c9aa8860c075a6e28b4b1fc/platform/libffi-3.2.1/aclocal.m4#L1235,"# AM_OUTPUT_DEPENDENCY_COMMANDS
# -----------------------------
# This macro should only be invoked once -- use via AC_REQUIRE.
#
# This code is only required when automatic dependency tracking
# is enabled.  FIXME.  This creates each '.P' file that we will
# need in order to bootstrap the dependency handling code.",['fixme'],Autotool,0,1235,1241
223,vijaymathew/slogan,https://github.com/vijaymathew/slogan/blob/078bc2af6f05d4b25c9aa8860c075a6e28b4b1fc/platform/libffi-3.2.1/aclocal.m4#L1536,"# FIXME: we rely on the cache variable name because
# there is no other way.",['fixme'],Autotool,0,1536,1537
223,vijaymathew/slogan,https://github.com/vijaymathew/slogan/blob/078bc2af6f05d4b25c9aa8860c075a6e28b4b1fc/platform/libffi-3.2.1/aclocal.m4#L1542,"# Losing compiler, so override with the script.
# FIXME: It is wrong to rewrite CC.
# But if we don't then we get into trouble of one sort or another.
# A longer-term fix would be to have automake use am__CC in this case,
# and then we could set am__CC=""\$(top_srcdir)/compile \$(CC)""","['fix', 'fixme']",Autotool,3,1542,1546
223,vijaymathew/slogan,https://github.com/vijaymathew/slogan/blob/078bc2af6f05d4b25c9aa8860c075a6e28b4b1fc/platform/libffi-3.2.1/aclocal.m4#L1667,"# If neither matched, then we have a broken ls.  This can happen
# if, for instance, CONFIG_SHELL is bash and it inherits a
# broken ls alias from the environment.  This has actually
# happened.  Such a system could not be considered ""sane"".",['broken'],Autotool,1,1667,1670
