repoIndex,repoName,linkLocation,comment,keywords,buildSysteminFile,charPosition,startLine,endLine
22428,nvidia/tensorflow,https://github.com/nvidia/tensorflow/blob/55be3962f8f6d445fa32c4b0d8d6b2fb521f6b8f/tensorflow/contrib/makefile/sub_makefiles/hexagon_graph_execution/Makefile.in#L1,"#!/usr/bin/env bash
# Copyright 2016 The TensorFlow Authors. All Rights Reserved.
#
# Licensed under the Apache License, Version 2.0 (the ""License"");
# you may not use this file except in compliance with the License.
# You may obtain a copy of the License at
#
#     http://www.apache.org/licenses/LICENSE-2.0
#
# Unless required by applicable law or agreed to in writing, software
# distributed under the License is distributed on an ""AS IS"" BASIS,
# WITHOUT WARRANTIES OR CONDITIONS OF ANY KIND, either express or implied.
# See the License for the specific language governing permissions and
# limitations under the License.
# ==============================================================================
# This sub Makefile compiles libraries under this directory. This is designed to
# be used as a sub Makefile with tensorflow/contrib/makefile/Makefile.
# You can build targets in this file by including this sub makefile like:
# $ make -f tensorflow/contrib/makefile/Makefile TARGET=<target> \
# SUB_MAKEFILES=\
# $(pwd)/tensorflow/contrib/makefile/sub_makefiles/hexagon_graph_execution/Makefile.in \
# (optional: NDK_ROOT=<ndk_root>) hexagon_graph_execution
# TODO(satok): Support more targets",['todo'],Autotool,0,1,23
22428,nvidia/tensorflow,https://github.com/nvidia/tensorflow/blob/55be3962f8f6d445fa32c4b0d8d6b2fb521f6b8f/tensorflow/contrib/makefile/sub_makefiles/quantization/Makefile.in#L1,"#!/usr/bin/env bash
# Copyright 2016 The TensorFlow Authors. All Rights Reserved.
#
# Licensed under the Apache License, Version 2.0 (the ""License"");
# you may not use this file except in compliance with the License.
# You may obtain a copy of the License at
#
#     http://www.apache.org/licenses/LICENSE-2.0
#
# Unless required by applicable law or agreed to in writing, software
# distributed under the License is distributed on an ""AS IS"" BASIS,
# WITHOUT WARRANTIES OR CONDITIONS OF ANY KIND, either express or implied.
# See the License for the specific language governing permissions and
# limitations under the License.
# ==============================================================================
# This sub Makefile compiles libraries under this directory. This is designed to
# be used as a sub Makefile with tensorflow/contrib/makefile/Makefile.
# You can build targets in this file by including this sub makefile like:
# $ make -f tensorflow/contrib/makefile/Makefile TARGET=<target> \
# SUB_MAKEFILES=\
# $(pwd)/tensorflow/contrib/makefile/sub_makefiles/quantization/Makefile.in \
# (optional: NDK_ROOT=<ndk_root>) contrib_quantization_tests
# TODO(satok): Support more targets",['todo'],Autotool,0,1,23
22428,nvidia/tensorflow,https://github.com/nvidia/tensorflow/blob/55be3962f8f6d445fa32c4b0d8d6b2fb521f6b8f/tensorflow/contrib/makefile/sub_makefiles/quantization/Makefile.in#L37,"# CAVEAT: We should disable TENSORFLOW_DISABLE_META while running
# quantized_matmul on Android because it crashes in
# MultiThreadGemm in tensorflow/core/kernels/meta_support.cc
# TODO(satok): Remove once it's fixed",['todo'],Autotool,0,37,40
22428,nvidia/tensorflow,https://github.com/nvidia/tensorflow/blob/55be3962f8f6d445fa32c4b0d8d6b2fb521f6b8f/tensorflow/contrib/android/cmake/CMakeLists.txt#L36,"# Change to compile flags should be replicated into bazel build file
# TODO: Consider options other than -O2 for binary size.
#       e.g. -Os for gcc, and -Oz for clang.",['todo'],CMake,0,36,38
22428,nvidia/tensorflow,https://github.com/nvidia/tensorflow/blob/55be3962f8f6d445fa32c4b0d8d6b2fb521f6b8f/tensorflow/contrib/cmake/CMakeLists.txt#L151,# TODO(jart): We should make this only apply to snapfn.cc,['todo'],CMake,0,151,151
22428,nvidia/tensorflow,https://github.com/nvidia/tensorflow/blob/55be3962f8f6d445fa32c4b0d8d6b2fb521f6b8f/tensorflow/contrib/cmake/CMakeLists.txt#L164,"# 32 bits
# temporary fix for #18241",['fix'],CMake,6,164,165
22428,nvidia/tensorflow,https://github.com/nvidia/tensorflow/blob/55be3962f8f6d445fa32c4b0d8d6b2fb521f6b8f/tensorflow/contrib/cmake/tf_core_framework.cmake#L323,"# TODO(jart): Why doesn't this work?
# set_source_files_properties(
#     ${tensorflow_source_dir}/tensorflow/core/lib/db/snapfn.cc
#     PROPERTIES COMPILE_FLAGS -DSQLITE_OMIT_LOAD_EXTENSION)",['todo'],CMake,0,323,326
22428,nvidia/tensorflow,https://github.com/nvidia/tensorflow/blob/55be3962f8f6d445fa32c4b0d8d6b2fb521f6b8f/tensorflow/contrib/cmake/tf_python.cmake#L28,"# 1. Resolve the installed version of Python (for Python.h and python).
# TODO(mrry): Parameterize the build script to enable Python 3 building.",['todo'],CMake,0,28,29
22428,nvidia/tensorflow,https://github.com/nvidia/tensorflow/blob/55be3962f8f6d445fa32c4b0d8d6b2fb521f6b8f/tensorflow/contrib/cmake/tf_python.cmake#L61,# TODO(mrry): Configure this to build in a directory other than tf_python/,['todo'],CMake,0,61,61
22428,nvidia/tensorflow,https://github.com/nvidia/tensorflow/blob/55be3962f8f6d445fa32c4b0d8d6b2fb521f6b8f/tensorflow/contrib/cmake/tf_python.cmake#L734,"### TODO
# In order to download and compile MKL/MKL-DNN automatically in cmake script, mkl-built libraries should be added to system path
# to be loaded by python executor. However `add_custom_command` has an issue with `COMMAND ${CMAKE_COMMAND} -E env PATH=`, where
# arguments of multiple paths (such as D:/;D:/mkl) will be parsed in to seperate string without semicolon and that command fail to
# recongnize paths. As CUDA isn't built with MKL, the MKL built directory is the only path to this command to work around that issue.
# To not override the CUDA and system path in other circumstances, `if-else` branch used here to handle this problem,
# and should be removed if the path issue can be resolved.
# UPDATE: Below block appears to handle multiple items in PATH correctly, but risks command line limits if PATH is large.
# If you have issues, try `set(PY_RUNTIME_ENV ""PATH=${mkl_BIN_DIRS}"")` instead.
###",['todo'],CMake,0,734,743
22428,nvidia/tensorflow,https://github.com/nvidia/tensorflow/blob/55be3962f8f6d445fa32c4b0d8d6b2fb521f6b8f/tensorflow/contrib/cmake/tf_python.cmake#L780,"# TODO(mikecase): This can be removed once tf.estimator is moved
# out of TensorFlow.
########################################################
# Generate API __init__.py files for tf.estimator.
########################################################",['todo'],CMake,0,780,784
22428,nvidia/tensorflow,https://github.com/nvidia/tensorflow/blob/55be3962f8f6d445fa32c4b0d8d6b2fb521f6b8f/tensorflow/contrib/cmake/tf_python.cmake#L837,# Fix-up Python files that were not included by the add_python_module() macros.,['fix'],CMake,0,837,837
22428,nvidia/tensorflow,https://github.com/nvidia/tensorflow/blob/55be3962f8f6d445fa32c4b0d8d6b2fb521f6b8f/tensorflow/contrib/cmake/tf_tests.cmake#L137,"#
# python tests. This assumes that the tensorflow wheel is
# installed on the test system.
# TODO: we currently don't handle tests that need to have
# some environment setup: see AddTest how to add this
#",['todo'],CMake,2,137,142
22428,nvidia/tensorflow,https://github.com/nvidia/tensorflow/blob/55be3962f8f6d445fa32c4b0d8d6b2fb521f6b8f/tensorflow/contrib/cmake/tf_tests.cmake#L216,# dask need fix,['fix'],CMake,4,216,216
22428,nvidia/tensorflow,https://github.com/nvidia/tensorflow/blob/55be3962f8f6d445fa32c4b0d8d6b2fb521f6b8f/tensorflow/contrib/cmake/tf_tests.cmake#L233,"# TODO: failing tests.
# Nothing critical in here but should get this list down to []
# The failing list is grouped by failure source
# Python source line inspection tests are flaky on Windows (b/36375074).",['todo'],CMake,6,233,236
22428,nvidia/tensorflow,https://github.com/nvidia/tensorflow/blob/55be3962f8f6d445fa32c4b0d8d6b2fb521f6b8f/tensorflow/contrib/cmake/tf_tests.cmake#L287,# Needs tf.contrib fix.,['fix'],CMake,93,287,287
22428,nvidia/tensorflow,https://github.com/nvidia/tensorflow/blob/55be3962f8f6d445fa32c4b0d8d6b2fb521f6b8f/tensorflow/contrib/cmake/tf_tests.cmake#L321,#TODO: Fix path,"['fix', 'todo']",CMake,96,321,321
22428,nvidia/tensorflow,https://github.com/nvidia/tensorflow/blob/55be3962f8f6d445fa32c4b0d8d6b2fb521f6b8f/tensorflow/contrib/cmake/tf_tests.cmake#L334,# Broken io_utils_test,['broken'],CMake,6,334,334
22428,nvidia/tensorflow,https://github.com/nvidia/tensorflow/blob/55be3962f8f6d445fa32c4b0d8d6b2fb521f6b8f/tensorflow/contrib/cmake/tf_tests.cmake#L426,# TODO: test failing,['todo'],CMake,6,426,426
22428,nvidia/tensorflow,https://github.com/nvidia/tensorflow/blob/55be3962f8f6d445fa32c4b0d8d6b2fb521f6b8f/tensorflow/contrib/cmake/tf_tests.cmake#L442,# TODO: not compiling,['todo'],CMake,6,442,442
22428,nvidia/tensorflow,https://github.com/nvidia/tensorflow/blob/55be3962f8f6d445fa32c4b0d8d6b2fb521f6b8f/tensorflow/contrib/cmake/external/mkl.cmake#L46,#TODO need more information,['todo'],CMake,2,46,46
