repoIndex,repoName,linkLocation,comment,keywords,buildSysteminFile,charPosition,startLine,endLine
22549,aidasoft/podio,https://github.com/aidasoft/podio/blob/e1096884df7c42e44ed3c51640f2d1cab110bab5/CMakeLists.txt#L98,"# ROOT only sets usage requirements from 6.14, so for
# earlier versions need to hack in INTERFACE_INCLUDE_DIRECTORIES",['hack'],CMake,0,98,99
22549,aidasoft/podio,https://github.com/aidasoft/podio/blob/e1096884df7c42e44ed3c51640f2d1cab110bab5/tests/CMakeLists.txt#L112,"# Hack around the fact, that the include directories are not declared as
# SYSTEM for the targets defined this way. Otherwise warnings can still occur
# in Catch2 code when templates are evaluated (which happens quite a bit)",['hack'],CMake,2,112,114
22549,aidasoft/podio,https://github.com/aidasoft/podio/blob/e1096884df7c42e44ed3c51640f2d1cab110bab5/cmake/podioCPack.cmake#L101,"# Workaround for older systems
# 1. Might be lucky and have lsb_release",['workaround'],CMake,6,101,102
22549,aidasoft/podio,https://github.com/aidasoft/podio/blob/e1096884df7c42e44ed3c51640f2d1cab110bab5/cmake/podioMacros.cmake#L103,"# We are not going to be able to fix these in any case, so disable clang-tidy
# for the generated dictionaries",['fix'],CMake,2,103,104
22549,aidasoft/podio,https://github.com/aidasoft/podio/blob/e1096884df7c42e44ed3c51640f2d1cab110bab5/cmake/podioMacros.cmake#L244,"# Do not run clang-tidy on generated sources
# TODO: Update generation to generate compliant code already",['todo'],CMake,22,244,245
