repoIndex,repoName,linkLocation,comment,keywords,buildSysteminFile,charPosition,startLine,endLine
2255,etclabs/rdmnet,https://github.com/etclabs/rdmnet/blob/64448386fe48e2fc9195b62044423dc3d1c6f12c/external/fff/CMakeLists.txt#L4,"# TODO switch to better, commented syntax when we are able to move beyond
# CMake 3.10.
# target_include_directories(meekrosoft::fff INTERFACE ${CMAKE_CURRENT_LIST_DIR})",['todo'],CMake,2,4,6
2255,etclabs/rdmnet,https://github.com/etclabs/rdmnet/blob/64448386fe48e2fc9195b62044423dc3d1c6f12c/src/CMakeLists.txt#L145,"# Below section mostly working but still TODO, need to clean up use of interface libraries
# somehow",['todo'],CMake,0,145,146
2255,etclabs/rdmnet,https://github.com/etclabs/rdmnet/blob/64448386fe48e2fc9195b62044423dc3d1c6f12c/tests/unit/api/c/CMakeLists.txt#L19,# TODO change if LLRP manager is modified to support static memory,['todo'],CMake,0,19,19
