repoIndex,repoName,linkLocation,comment,keywords,buildSysteminFile,charPosition,startLine,endLine
22603,quantcast/qfs,https://github.com/quantcast/qfs/blob/7f3c0da9df3f7b1ef7716ee2ea61fda8be7286e8/ext/gf-complete/configure.ac#L3,# FIXME - add project url as the last argument,['fixme'],Autotool,0,3,3
22603,quantcast/qfs,https://github.com/quantcast/qfs/blob/7f3c0da9df3f7b1ef7716ee2ea61fda8be7286e8/ext/gf-complete/aclocal.m4#L524,"# Losing compiler, so override with the script.
# FIXME: It is wrong to rewrite CC.
# But if we don't then we get into trouble of one sort or another.
# A longer-term fix would be to have automake use am__CC in this case,
# and then we could set am__CC=""\$(top_srcdir)/compile \$(CC)""","['fix', 'fixme']",Autotool,3,524,528
22603,quantcast/qfs,https://github.com/quantcast/qfs/blob/7f3c0da9df3f7b1ef7716ee2ea61fda8be7286e8/ext/gf-complete/aclocal.m4#L595,"# If neither matched, then we have a broken ls.  This can happen
# if, for instance, CONFIG_SHELL is bash and it inherits a
# broken ls alias from the environment.  This has actually
# happened.  Such a system could not be considered ""sane"".",['broken'],Autotool,1,595,598
22603,quantcast/qfs,https://github.com/quantcast/qfs/blob/7f3c0da9df3f7b1ef7716ee2ea61fda8be7286e8/ext/jerasure/aclocal.m4#L345,"# Older Autoconf quotes --file arguments for eval, but not when files
# are listed without --file.  Let's play safe and only enable the eval
# if we detect the quoting.
# TODO: see whether this extra hack can be removed once we start
# requiring Autoconf 2.70 or later.","['todo', 'hack']",Autotool,2,345,349
22603,quantcast/qfs,https://github.com/quantcast/qfs/blob/7f3c0da9df3f7b1ef7716ee2ea61fda8be7286e8/ext/jerasure/aclocal.m4#L822,"# Losing compiler, so override with the script.
# FIXME: It is wrong to rewrite CC.
# But if we don't then we get into trouble of one sort or another.
# A longer-term fix would be to have automake use am__CC in this case,
# and then we could set am__CC=""\$(top_srcdir)/compile \$(CC)""","['fix', 'fixme']",Autotool,3,822,826
22603,quantcast/qfs,https://github.com/quantcast/qfs/blob/7f3c0da9df3f7b1ef7716ee2ea61fda8be7286e8/ext/jerasure/aclocal.m4#L893,"# If neither matched, then we have a broken ls.  This can happen
# if, for instance, CONFIG_SHELL is bash and it inherits a
# broken ls alias from the environment.  This has actually
# happened.  Such a system could not be considered ""sane"".",['broken'],Autotool,1,893,896
22603,quantcast/qfs,https://github.com/quantcast/qfs/blob/7f3c0da9df3f7b1ef7716ee2ea61fda8be7286e8/src/cc/access/CMakeLists.txt#L32,"# On Solaris, cmake uses gcc to link rather than g++.  This
#  prevents linking with libstdc++ which prevents Java from loading
#  qfs_access.  To fix, set the compiler to be C++",['fix'],CMake,3,32,34
22603,quantcast/qfs,https://github.com/quantcast/qfs/blob/7f3c0da9df3f7b1ef7716ee2ea61fda8be7286e8/src/cc/chunk/CMakeLists.txt#L80,"# Workaround for ""too many sections"" asm failure by turning on optimization
# for compiler to inline for all build types.",['workaround'],CMake,4,80,81
22603,quantcast/qfs,https://github.com/quantcast/qfs/blob/7f3c0da9df3f7b1ef7716ee2ea61fda8be7286e8/src/cc/meta/CMakeLists.txt#L118,"# Workaround for ""too many sections"" asm failure by turning on optimization
# for compiler to inline for all build types.",['workaround'],CMake,4,118,119
