repoIndex,repoName,linkLocation,comment,keywords,buildSysteminFile,charPosition,startLine,endLine
22602,antsx/ants,https://github.com/antsx/ants/blob/77b8f2ad1fa0c4172edba451e8e52d3a1bff33ac/Examples/TestSuite/CMakeLists.txt#L797,#{fix image},['fix'],CMake,23,797,797
22602,antsx/ants,https://github.com/antsx/ants/blob/77b8f2ad1fa0c4172edba451e8e52d3a1bff33ac/Examples/TestSuite/CMakeLists.txt#L821,#{fix image},['fix'],CMake,23,821,821
22602,antsx/ants,https://github.com/antsx/ants/blob/77b8f2ad1fa0c4172edba451e8e52d3a1bff33ac/Examples/TestSuite/CMakeLists.txt#L836,#{fix image},['fix'],CMake,23,836,836
22602,antsx/ants,https://github.com/antsx/ants/blob/77b8f2ad1fa0c4172edba451e8e52d3a1bff33ac/Examples/TestSuite/CMakeLists.txt#L905,#HACK -- REMOVING THESE TWO FAILING TEST,['hack'],CMake,6,905,905
22602,antsx/ants,https://github.com/antsx/ants/blob/77b8f2ad1fa0c4172edba451e8e52d3a1bff33ac/CTestCustom.cmake#L146,"# qt suppressions from vtk...
# Some Slicer dashboards include building bits of Qt which produce lots of
# the following warnings when built with the MS compilers. Qt guys should
# fix their code. Until they do, keep the Qt chatter off the Slicer dashboard
# results:",['fix'],CMake,2,146,150
22602,antsx/ants,https://github.com/antsx/ants/blob/77b8f2ad1fa0c4172edba451e8e52d3a1bff33ac/CTestCustom.cmake#L292,"## HACK: THIS SHOULD NOT BE SUPPRESSED, NEED TO FIX OPENCV!!","['fix', 'hack']",CMake,2,292,292
22602,antsx/ants,https://github.com/antsx/ants/blob/77b8f2ad1fa0c4172edba451e8e52d3a1bff33ac/CTestCustom.cmake#L297,"## HACK: THIS SHOULD NOT BE SUPPRESSED, NEED TO FIX IN ANTS","['fix', 'hack']",CMake,2,297,297
22602,antsx/ants,https://github.com/antsx/ants/blob/77b8f2ad1fa0c4172edba451e8e52d3a1bff33ac/SuperBuild.cmake#L137,"# This variable will contain the list of CMake variable specific to each external project
# that should passed to ${CMAKE_PROJECT_NAME}.
# The item of this list should have the following form: <EP_VAR>:<TYPE>
# where '<EP_VAR>' is an external project variable and TYPE is either BOOL, STRING, PATH or FILEPATH.
# TODO Variable appended to this list will be automatically exported in ${LOCAL_PROJECT_NAME}Config.cmake,
# prefix '${LOCAL_PROJECT_NAME}_' will be prepended if it applies.",['todo'],CMake,0,137,142
22602,antsx/ants,https://github.com/antsx/ants/blob/77b8f2ad1fa0c4172edba451e8e52d3a1bff33ac/SuperBuild.cmake#L296,# HACK Only expected variables should be passed down.,['hack'],CMake,25,296,296
22602,antsx/ants,https://github.com/antsx/ants/blob/77b8f2ad1fa0c4172edba451e8e52d3a1bff33ac/CMake/ANTSExternalData.cmake#L43,"# Tell ExternalData commands to transform raw files to content links.
# TODO: Condition this feature on presence of our pre-commit hook.",['todo'],CMake,0,43,44
22602,antsx/ants,https://github.com/antsx/ants/blob/77b8f2ad1fa0c4172edba451e8e52d3a1bff33ac/CMake/GetGitRevisionDescription.cmake#L135,"# TODO sanitize
#if((${ARGN}"" MATCHES ""&&"") OR
#	(ARGN MATCHES ""||"") OR
#	(ARGN MATCHES ""\\;""))
#	message(""Please report the following error to the project!"")
#	message(FATAL_ERROR ""Looks like someone's doing something nefarious with git_describe! Passed arguments ${ARGN}"")
#endif()",['todo'],CMake,1,135,141
22602,antsx/ants,https://github.com/antsx/ants/blob/77b8f2ad1fa0c4172edba451e8e52d3a1bff33ac/SuperBuild/External_ITKv5.cmake#L107,"# HACK This code fixes a loony problem with HDF5 -- it doesn't
#      link properly if -fopenmp is used.",['hack'],CMake,2,107,108
22602,antsx/ants,https://github.com/antsx/ants/blob/77b8f2ad1fa0c4172edba451e8e52d3a1bff33ac/SuperBuild/External_ITKv5.cmake#L129,#${BUILD_SHARED_LIBS} ## HACK:  QUICK CHANGE,['hack'],CMake,30,129,129
