repoIndex,repoName,linkLocation,comment,keywords,buildSysteminFile,charPosition,startLine,endLine
22748,opencilk/opencilk-project,https://github.com/opencilk/opencilk-project/blob/663595447257caa2441f8f142b59d4f0e92c9271/clang-tools-extra/clangd/CMakeLists.txt#L179,"# FIXME: Make fuzzer not use linux-specific APIs, build it everywhere.",['fixme'],CMake,2,179,179
22748,opencilk/opencilk-project,https://github.com/opencilk/opencilk-project/blob/663595447257caa2441f8f142b59d4f0e92c9271/clang-tools-extra/clangd/CMakeLists.txt#L201,# FIXME(kirillbobyrev): Document this in the LLVM docs once remote index is stable.,['fixme'],CMake,0,201,201
22748,opencilk/opencilk-project,https://github.com/opencilk/opencilk-project/blob/663595447257caa2441f8f142b59d4f0e92c9271/clang-tools-extra/clangd/index/remote/CMakeLists.txt#L8,"# FIXME: Move this into generate_protos. Currently we only mention proto
# filename as a dependency, but linking requires target name.",['fixme'],CMake,2,8,9
22748,opencilk/opencilk-project,https://github.com/opencilk/opencilk-project/blob/663595447257caa2441f8f142b59d4f0e92c9271/clang-tools-extra/clangd/index/remote/CMakeLists.txt#L17,"# FIXME(kirillbobyrev): target_compile_definitions is not working with
# add_clang_library for some reason. Is there any way to make this
# target-local?",['fixme'],CMake,2,17,19
22748,opencilk/opencilk-project,https://github.com/opencilk/opencilk-project/blob/663595447257caa2441f8f142b59d4f0e92c9271/clang-tools-extra/clangd/test/CMakeLists.txt#L1,"# Set CLANG_TOOLS_DIR to buildtree/bin, or buildtree/%(build_mode)s/bin if the
# location is dynamic. The latter must be interpolated by lit configs.
# FIXME: this is duplicated in many places.",['fixme'],CMake,0,1,3
22748,opencilk/opencilk-project,https://github.com/opencilk/opencilk-project/blob/663595447257caa2441f8f142b59d4f0e92c9271/clang/CMakeLists.txt#L250,# TODO: verify the values against LangStandards.def?,['todo'],CMake,0,250,250
22748,opencilk/opencilk-project,https://github.com/opencilk/opencilk-project/blob/663595447257caa2441f8f142b59d4f0e92c9271/clang/bindings/python/tests/CMakeLists.txt#L28,"# Tests fail on Windows, and need someone knowledgeable to fix.
# It's not clear whether it's a test or a valid binding problem.",['fix'],CMake,0,28,29
22748,opencilk/opencilk-project,https://github.com/opencilk/opencilk-project/blob/663595447257caa2441f8f142b59d4f0e92c9271/clang/bindings/python/tests/CMakeLists.txt#L34,# The Python FFI interface is broken on AIX: https://bugs.python.org/issue38628.,['broken'],CMake,0,34,34
22748,opencilk/opencilk-project,https://github.com/opencilk/opencilk-project/blob/663595447257caa2441f8f142b59d4f0e92c9271/clang/bindings/python/tests/CMakeLists.txt#L39,"# AArch64, Hexagon, and Sparc have known test failures that need to be
# addressed.
# SystemZ has broken Python/FFI interface:
# https://reviews.llvm.org/D52840#1265716",['broken'],CMake,0,39,42
22748,opencilk/opencilk-project,https://github.com/opencilk/opencilk-project/blob/663595447257caa2441f8f142b59d4f0e92c9271/clang/lib/AST/CMakeLists.txt#L8,"# FIXME: the entry points to the interpreter should be moved out of clangAST
# into the parser or Sema in order to allow the interpreter to be moved to
# another library which depends on clangAST.",['fixme'],CMake,0,8,10
22748,opencilk/opencilk-project,https://github.com/opencilk/opencilk-project/blob/663595447257caa2441f8f142b59d4f0e92c9271/clang/lib/Lex/CMakeLists.txt#L1,# TODO: Add -maltivec when ARCH is PowerPC.,['todo'],CMake,0,1,1
22748,opencilk/opencilk-project,https://github.com/opencilk/opencilk-project/blob/663595447257caa2441f8f142b59d4f0e92c9271/clang/runtime/CMakeLists.txt#L1,# TODO: Set the install directory.,['todo'],CMake,0,1,1
22748,opencilk/opencilk-project,https://github.com/opencilk/opencilk-project/blob/663595447257caa2441f8f142b59d4f0e92c9271/clang/test/CMakeLists.txt#L184,"# FIXME: This logic can be removed once all buildbots have moved
# debuginfo-test from clang/test to llvm/projects or monorepo.",['fixme'],CMake,0,184,185
22748,opencilk/opencilk-project,https://github.com/opencilk/opencilk-project/blob/663595447257caa2441f8f142b59d4f0e92c9271/clang/tools/clang-shlib/CMakeLists.txt#L23,"# clang libraries are redundant since we are linking all the individual
# object files into libclang-cpp.so, so filter them out from _DEPS.
# This avoids problems with LLVM global data when building with
# BUILD_SHARED_LIBS=ON
# FIXME: We could use list(FILTER) with cmake >= 3.6
# FIXME: With cmake >= 3.15 we could use the generator expression
# $<FILTER:list,INCLUDE|EXCLUDE,regex>",['fixme'],CMake,2,23,29
22748,opencilk/opencilk-project,https://github.com/opencilk/opencilk-project/blob/663595447257caa2441f8f142b59d4f0e92c9271/clang/tools/libclang/CMakeLists.txt#L162,# FIXME: _CINDEX_LIB_ affects dllexport/dllimport on Win32.,['fixme'],CMake,4,162,162
22748,opencilk/opencilk-project,https://github.com/opencilk/opencilk-project/blob/663595447257caa2441f8f142b59d4f0e92c9271/clang/unittests/CMakeLists.txt#L39,"# FIXME: libclang unit tests are disabled on Windows due
# to failures, mostly in libclang.VirtualFileOverlay_*.",['fixme'],CMake,0,39,40
22748,opencilk/opencilk-project,https://github.com/opencilk/opencilk-project/blob/663595447257caa2441f8f142b59d4f0e92c9271/compiler-rt/CMakeLists.txt#L326,"# The following is a workaround for powerpc64le. This is the only architecture
# that requires -fno-function-sections to work properly. If lacking, the ASan
# Linux test function-sections-are-bad.cpp fails with the following error:
# 'undefined symbol: __sanitizer_unaligned_load32'.",['workaround'],CMake,0,326,329
22748,opencilk/opencilk-project,https://github.com/opencilk/opencilk-project/blob/663595447257caa2441f8f142b59d4f0e92c9271/compiler-rt/CMakeLists.txt#L338,"# The following is a workaround for s390x.  This avoids creation of ""partial
# inline"" function fragments when building the asan libraries with certain
# GCC versions.  The presence of those fragments, in particular for the
# interceptors, changes backtraces seen in asan error cases, which causes
# testsuite failures.",['workaround'],CMake,0,338,342
22748,opencilk/opencilk-project,https://github.com/opencilk/opencilk-project/blob/663595447257caa2441f8f142b59d4f0e92c9271/compiler-rt/CMakeLists.txt#L348,"# Replace the /M[DT][d] flags with /MT, and strip any definitions of _DEBUG,
# which cause definition mismatches at link time.
# FIXME: In fact, sanitizers should support both /MT and /MD, see PR20214.",['fixme'],CMake,2,348,350
22748,opencilk/opencilk-project,https://github.com/opencilk/opencilk-project/blob/663595447257caa2441f8f142b59d4f0e92c9271/compiler-rt/CMakeLists.txt#L396,"# Determine if we should restrict stack frame sizes.
# Stack frames on PowerPC, Mips, SystemZ and in debug build can be much larger than
# anticipated.
# FIXME: Fix all sanitizers and add -Wframe-larger-than to
# SANITIZER_COMMON_FLAGS","['fix', 'fixme']",CMake,0,396,400
22748,opencilk/opencilk-project,https://github.com/opencilk/opencilk-project/blob/663595447257caa2441f8f142b59d4f0e92c9271/compiler-rt/CMakeLists.txt#L488,"# TODO: COMPILER_RT_COMMON_CFLAGS and COMPILER_RT_COMMON_LINK_FLAGS are
# intended for use in non-sanitizer runtimes such as libFuzzer, profile or XRay,
# move these higher to include common flags, then derive SANITIZER_COMMON_CFLAGS
# and SANITIZER_COMMON_LINK_FLAGS from those and append sanitizer-specific flags.",['todo'],CMake,0,488,491
22748,opencilk/opencilk-project,https://github.com/opencilk/opencilk-project/blob/663595447257caa2441f8f142b59d4f0e92c9271/compiler-rt/CMakeLists.txt#L548,"# TODO: There's a lot of duplication across lib/*/tests/CMakeLists.txt files,
# move some of the common flags to COMPILER_RT_UNITTEST_CFLAGS.",['todo'],CMake,0,548,549
22748,opencilk/opencilk-project,https://github.com/opencilk/opencilk-project/blob/663595447257caa2441f8f142b59d4f0e92c9271/compiler-rt/lib/CMakeLists.txt#L7,"# Hoist the building of sanitizer_common on whether we're building either the
# sanitizers or xray (or both).
#
#TODO: Refactor sanitizer_common into smaller pieces (e.g. flag parsing, utils).",['todo'],CMake,0,7,10
22748,opencilk/opencilk-project,https://github.com/opencilk/opencilk-project/blob/663595447257caa2441f8f142b59d4f0e92c9271/compiler-rt/lib/asan/tests/CMakeLists.txt#L1,"# Testing rules for AddressSanitizer.
#
# These are broken into two buckets. One set of tests directly interacts with
# the runtime library and checks its functionality. These are the
# no-instrumentation tests.
#
# Another group of tests relies upon the ability to compile the test with
# address sanitizer instrumentation pass. These tests form ""integration"" tests
# and have some elements of version skew -- they test the *host* compiler's
# instrumentation against the just-built runtime library.",['broken'],CMake,0,1,10
22748,opencilk/opencilk-project,https://github.com/opencilk/opencilk-project/blob/663595447257caa2441f8f142b59d4f0e92c9271/compiler-rt/lib/asan/tests/CMakeLists.txt#L113,# TODO(eugenis): move all -l flags above to _LIBS?,['todo'],CMake,0,113,113
22748,opencilk/opencilk-project,https://github.com/opencilk/opencilk-project/blob/663595447257caa2441f8f142b59d4f0e92c9271/compiler-rt/lib/asan/tests/CMakeLists.txt#L288,# FIXME: .arch?,['fixme'],CMake,34,288,288
22748,opencilk/opencilk-project,https://github.com/opencilk/opencilk-project/blob/663595447257caa2441f8f142b59d4f0e92c9271/compiler-rt/lib/builtins/CMakeLists.txt#L60,"# TODO: Need to add a mechanism for logging errors when builtin source files are
# added to a sub-directory and not this CMakeLists file.",['todo'],CMake,0,60,61
22748,opencilk/opencilk-project,https://github.com/opencilk/opencilk-project/blob/663595447257caa2441f8f142b59d4f0e92c9271/compiler-rt/lib/builtins/CMakeLists.txt#L184,"# TODO: Several ""tf"" files (and divtc3.c, but not multc3.c) are in
# GENERIC_SOURCES instead of here.",['todo'],CMake,0,184,185
22748,opencilk/opencilk-project,https://github.com/opencilk/opencilk-project/blob/663595447257caa2441f8f142b59d4f0e92c9271/compiler-rt/lib/builtins/CMakeLists.txt#L273,"# Implement extended-precision builtins, assuming long double is 80 bits.
# long double is not 80 bits on Android or MSVC.",['implement'],CMake,0,273,274
22748,opencilk/opencilk-project,https://github.com/opencilk/opencilk-project/blob/663595447257caa2441f8f142b59d4f0e92c9271/compiler-rt/lib/builtins/CMakeLists.txt#L500,# TODO the EABI sources should only be added to EABI targets,['todo'],CMake,2,500,500
22748,opencilk/opencilk-project,https://github.com/opencilk/opencilk-project/blob/663595447257caa2441f8f142b59d4f0e92c9271/compiler-rt/lib/builtins/CMakeLists.txt#L806,"# FIXME: On AIX, we have to archive built shared libraries into a static
# archive, i.e., libatomic.a. Once cmake adds support of such usage for AIX,
# this ad-hoc part can be removed.",['fixme'],CMake,2,806,808
22748,opencilk/opencilk-project,https://github.com/opencilk/opencilk-project/blob/663595447257caa2441f8f142b59d4f0e92c9271/compiler-rt/lib/gwp_asan/CMakeLists.txt#L44,"# Options parsing support is optional. This is an optional library that can be
# used by an allocator to automatically parse GwpAsan options from the
# environment variable GWP_ASAN_FLAGS, but the allocator can choose to implement
# its own options parsing and populate the Options struct itself.",['implement'],CMake,0,44,47
22748,opencilk/opencilk-project,https://github.com/opencilk/opencilk-project/blob/663595447257caa2441f8f142b59d4f0e92c9271/compiler-rt/lib/sanitizer_common/tests/CMakeLists.txt#L5,# FIXME: use SANITIZER_COMMON_SUPPORTED_ARCH here,['fixme'],CMake,0,5,5
22748,opencilk/opencilk-project,https://github.com/opencilk/opencilk-project/blob/663595447257caa2441f8f142b59d4f0e92c9271/compiler-rt/lib/scudo/standalone/CMakeLists.txt#L22,# FIXME: find cleaner way to agree with GWPAsan flags,['fixme'],CMake,0,22,22
22748,opencilk/opencilk-project,https://github.com/opencilk/opencilk-project/blob/663595447257caa2441f8f142b59d4f0e92c9271/compiler-rt/lib/scudo/standalone/tests/CMakeLists.txt#L16,"# Extra flags for the C++ tests
# TODO(kostyak): find a way to make -fsized-deallocation work",['todo'],CMake,2,16,17
22748,opencilk/opencilk-project,https://github.com/opencilk/opencilk-project/blob/663595447257caa2441f8f142b59d4f0e92c9271/compiler-rt/test/asan/CMakeLists.txt#L145,# FIXME: support unit test in the android test runner,['fixme'],CMake,4,145,145
22748,opencilk/opencilk-project,https://github.com/opencilk/opencilk-project/blob/663595447257caa2441f8f142b59d4f0e92c9271/compiler-rt/test/builtins/CMakeLists.txt#L64,# TODO: Support other Apple platforms.,['todo'],CMake,4,64,64
22748,opencilk/opencilk-project,https://github.com/opencilk/opencilk-project/blob/663595447257caa2441f8f142b59d4f0e92c9271/compiler-rt/test/builtins/CMakeLists.txt#L98,# TODO: Add support for running tests on iOS and iOS simulator.,['todo'],CMake,0,98,98
22748,opencilk/opencilk-project,https://github.com/opencilk/opencilk-project/blob/663595447257caa2441f8f142b59d4f0e92c9271/compiler-rt/test/cfi/CMakeLists.txt#L46,# FIXME: enable ThinLTO tests after fixing http://llvm.org/pr32741,['fixme'],CMake,4,46,46
22748,opencilk/opencilk-project,https://github.com/opencilk/opencilk-project/blob/663595447257caa2441f8f142b59d4f0e92c9271/compiler-rt/test/hwasan/CMakeLists.txt#L14,# FIXME: Set this.,['fixme'],CMake,2,14,14
22748,opencilk/opencilk-project,https://github.com/opencilk/opencilk-project/blob/663595447257caa2441f8f142b59d4f0e92c9271/compiler-rt/test/sanitizer_common/CMakeLists.txt#L7,"# FIXME(dliew): We should switch to COMPILER_RT_SANITIZERS_TO_BUILD instead of
# the hard coded `SUPPORTED_TOOLS_INIT` list once we know that the other
# sanitizers work.",['fixme'],CMake,0,7,9
22748,opencilk/opencilk-project,https://github.com/opencilk/opencilk-project/blob/663595447257caa2441f8f142b59d4f0e92c9271/compiler-rt/test/sanitizer_common/CMakeLists.txt#L19,"# FIXME(dliew): Remove this.
# Temporary helper for https://reviews.llvm.org/D55740",['fixme'],CMake,0,19,20
22748,opencilk/opencilk-project,https://github.com/opencilk/opencilk-project/blob/663595447257caa2441f8f142b59d4f0e92c9271/compiler-rt/test/sanitizer_common/CMakeLists.txt#L26,"# FIXME(dliew): These tests should be made to work on all platforms.
# Use the legacy list for now.",['fixme'],CMake,0,26,27
22748,opencilk/opencilk-project,https://github.com/opencilk/opencilk-project/blob/663595447257caa2441f8f142b59d4f0e92c9271/compiler-rt/test/sanitizer_common/CMakeLists.txt#L44,"# FIXME(dliew): Remove this.
# Temporary helper for https://reviews.llvm.org/D55740",['fixme'],CMake,0,44,45
22748,opencilk/opencilk-project,https://github.com/opencilk/opencilk-project/blob/663595447257caa2441f8f142b59d4f0e92c9271/compiler-rt/test/sanitizer_common/CMakeLists.txt#L68,"# TODO(dliew): We should iterate over the different
# Apple platforms, not just macOS.",['todo'],CMake,2,68,69
22748,opencilk/opencilk-project,https://github.com/opencilk/opencilk-project/blob/663595447257caa2441f8f142b59d4f0e92c9271/compiler-rt/test/sanitizer_common/CMakeLists.txt#L90,"# FIXME(dliew): LSan i386 on Darwin is completely broken right now.
# so don't run the tests by default.","['fixme', 'broken']",CMake,4,90,91
22748,opencilk/opencilk-project,https://github.com/opencilk/opencilk-project/blob/663595447257caa2441f8f142b59d4f0e92c9271/compiler-rt/test/sanitizer_common/CMakeLists.txt#L106,# FIXME: support unit test in the android test runner,['fixme'],CMake,2,106,106
22748,opencilk/opencilk-project,https://github.com/opencilk/opencilk-project/blob/663595447257caa2441f8f142b59d4f0e92c9271/compiler-rt/test/ubsan/CMakeLists.txt#L54,"# TODO(wwchrome): Re-enable ubsan for asan win 64-bit when ready.
# Disable ubsan with AddressSanitizer tests for Windows 64-bit,
# 64-bit Solaris/x86, and SPARC.",['todo'],CMake,4,54,56
22748,opencilk/opencilk-project,https://github.com/opencilk/opencilk-project/blob/663595447257caa2441f8f142b59d4f0e92c9271/flang/CMakeLists.txt#L63,# TODO: Remove when libclangDriver is lifted out of Clang,['todo'],CMake,2,63,63
22748,opencilk/opencilk-project,https://github.com/opencilk/opencilk-project/blob/663595447257caa2441f8f142b59d4f0e92c9271/flang/CMakeLists.txt#L209,# TODO: Remove when libclangDriver is lifted out of Clang,['todo'],CMake,0,209,209
22748,opencilk/opencilk-project,https://github.com/opencilk/opencilk-project/blob/663595447257caa2441f8f142b59d4f0e92c9271/flang/examples/PrintFlangFunctionNames/CMakeLists.txt#L1,"# TODO: Note that this is currently only available on Linux.
# On Windows, we would also have to specify e.g. `PLUGIN_TOOL`.",['todo'],CMake,0,1,2
22748,opencilk/opencilk-project,https://github.com/opencilk/opencilk-project/blob/663595447257caa2441f8f142b59d4f0e92c9271/flang/test/CMakeLists.txt#L12,"# FIXME In out-of-tree builds, ""SHLIBDIR"" is undefined and passing it to
# `configure_lit_site_cfg` leads to a configuration error. This is currently
# only required by plugins/examples, which are not supported in out-of-tree
# builds.",['fixme'],CMake,0,12,15
22748,opencilk/opencilk-project,https://github.com/opencilk/opencilk-project/blob/663595447257caa2441f8f142b59d4f0e92c9271/flang/tools/fir-opt/CMakeLists.txt#L12,"# TODO: these should be transitive dependencies from a target providing
# ""registerFIRPasses()""",['todo'],CMake,2,12,13
22748,opencilk/opencilk-project,https://github.com/opencilk/opencilk-project/blob/663595447257caa2441f8f142b59d4f0e92c9271/libc/benchmarks/CMakeLists.txt#L79,# TODO: Make this portable and inline with rtti mode from llvm/,['todo'],CMake,4,79,79
22748,opencilk/opencilk-project,https://github.com/opencilk/opencilk-project/blob/663595447257caa2441f8f142b59d4f0e92c9271/libc/benchmarks/CMakeLists.txt#L97,# FIXME: Move to `target_link_options`,['fixme'],CMake,37,97,97
22748,opencilk/opencilk-project,https://github.com/opencilk/opencilk-project/blob/663595447257caa2441f8f142b59d4f0e92c9271/libc/benchmarks/CMakeLists.txt#L98,# FIXME: Move to `target_link_options`,['fixme'],CMake,37,98,98
22748,opencilk/opencilk-project,https://github.com/opencilk/opencilk-project/blob/663595447257caa2441f8f142b59d4f0e92c9271/libc/include/CMakeLists.txt#L155,"# TODO: Not all platforms will have a include/sys directory. Add the sys
# directory and the targets for sys/*.h files conditional to the OS requiring
# them.",['todo'],CMake,0,155,157
22748,opencilk/opencilk-project,https://github.com/opencilk/opencilk-project/blob/663595447257caa2441f8f142b59d4f0e92c9271/libc/test/integration/scudo/CMakeLists.txt#L13,"# TODO: Uncomment ""-nolibc"" once llvm-libc is complete enough.
# ""-nolibc""",['todo'],CMake,2,13,14
22748,opencilk/opencilk-project,https://github.com/opencilk/opencilk-project/blob/663595447257caa2441f8f142b59d4f0e92c9271/libc/test/integration/scudo/CMakeLists.txt#L31,"# TODO: Uncomment ""-nolibc"" once llvm-libc is complete enough.
# ""-nolibc""",['todo'],CMake,2,31,32
22748,opencilk/opencilk-project,https://github.com/opencilk/opencilk-project/blob/663595447257caa2441f8f142b59d4f0e92c9271/libc/test/loader/linux/CMakeLists.txt#L46,"# TODO: Disableing this test temporarily to investigate why gold fails to link
# and produce an executable for this test. Test works all fine with ld.bfd.
#add_loader_test(
#  loader_tls_test
#  SRC
#    tls_test.cpp
#  DEPENDS
#    libc.config.linux.app_h
#    libc.include.errno
#    libc.include.sys_mman
#    libc.loader.linux.crt1
#    libc.src.assert.__assert_fail
#    libc.src.errno.__errno_location
#    libc.src.sys.mman.mmap
#)",['todo'],CMake,0,46,60
22748,opencilk/opencilk-project,https://github.com/opencilk/opencilk-project/blob/663595447257caa2441f8f142b59d4f0e92c9271/libc/test/src/CMakeLists.txt#L63,# TODO: Remove these when they are added to the TableGen.,['todo'],CMake,0,63,63
22748,opencilk/opencilk-project,https://github.com/opencilk/opencilk-project/blob/663595447257caa2441f8f142b59d4f0e92c9271/libc/test/src/fenv/CMakeLists.txt#L89,"# Sanitizers don't like SIGFPE. So, we will run the 
# tests which raise SIGFPE only in non-sanitizer builds.
# The tests are also disabled for Windows as they fail currently.
# TODO: Investigate and fix the windows failures and enable them for Windows.","['fix', 'todo']",CMake,2,89,92
22748,opencilk/opencilk-project,https://github.com/opencilk/opencilk-project/blob/663595447257caa2441f8f142b59d4f0e92c9271/libclc/CMakeLists.txt#L273,# FIXME: This should really go away,['fixme'],CMake,4,273,273
22748,opencilk/opencilk-project,https://github.com/opencilk/opencilk-project/blob/663595447257caa2441f8f142b59d4f0e92c9271/libcxx/CMakeLists.txt#L218,# FIXME: Figure out how to configure the ABI library on Windows.,['fixme'],CMake,4,218,218
22748,opencilk/opencilk-project,https://github.com/opencilk/opencilk-project/blob/663595447257caa2441f8f142b59d4f0e92c9271/libcxx/CMakeLists.txt#L312,"# Misc options ----------------------------------------------------------------
# FIXME: Turn -pedantic back ON. It is currently off because it warns
# about #include_next which is used everywhere.",['fixme'],CMake,0,312,314
22748,opencilk/opencilk-project,https://github.com/opencilk/opencilk-project/blob/663595447257caa2441f8f142b59d4f0e92c9271/libcxx/CMakeLists.txt#L427,"# TODO: Projects that depend on libc++ should use LIBCXX_GENERATED_INCLUDE_DIR
# instead of hard-coding include/c++/v1.",['todo'],CMake,0,427,428
22748,opencilk/opencilk-project,https://github.com/opencilk/opencilk-project/blob/663595447257caa2441f8f142b59d4f0e92c9271/libcxx/CMakeLists.txt#L527,"# FIXME: Remove all debug flags and flags that change which Windows
# default libraries are linked. Currently we only support linking the
# non-debug DLLs",['fixme'],CMake,0,527,529
22748,opencilk/opencilk-project,https://github.com/opencilk/opencilk-project/blob/663595447257caa2441f8f142b59d4f0e92c9271/libcxx/CMakeLists.txt#L532,"# FIXME(EricWF): See the FIXME on LIBCXX_ENABLE_PEDANTIC.
# Remove the -pedantic flag and -Wno-pedantic and -pedantic-errors
# so they don't get transformed into -Wno and -errors respectively.",['fixme'],CMake,0,532,534
22748,opencilk/opencilk-project,https://github.com/opencilk/opencilk-project/blob/663595447257caa2441f8f142b59d4f0e92c9271/libcxx/CMakeLists.txt#L627,# FIXME: Remove this and fix all occurrences.,"['fix', 'fixme']",CMake,43,627,627
22748,opencilk/opencilk-project,https://github.com/opencilk/opencilk-project/blob/663595447257caa2441f8f142b59d4f0e92c9271/libcxx/CMakeLists.txt#L631,# FIXME: Remove this and fix all occurrences.,"['fix', 'fixme']",CMake,24,631,631
22748,opencilk/opencilk-project,https://github.com/opencilk/opencilk-project/blob/663595447257caa2441f8f142b59d4f0e92c9271/libcxx/CMakeLists.txt#L632,# FIXME: Why do we need this with clang-cl but not clang?,['fixme'],CMake,33,632,632
22748,opencilk/opencilk-project,https://github.com/opencilk/opencilk-project/blob/663595447257caa2441f8f142b59d4f0e92c9271/libcxx/CMakeLists.txt#L633,# FIXME: remove me,['fixme'],CMake,30,633,633
22748,opencilk/opencilk-project,https://github.com/opencilk/opencilk-project/blob/663595447257caa2441f8f142b59d4f0e92c9271/libcxx/CMakeLists.txt#L647,"# TODO(EricWF) Remove this. We shouldn't be suppressing errors when -Werror is
# added elsewhere.",['todo'],CMake,4,647,648
22748,opencilk/opencilk-project,https://github.com/opencilk/opencilk-project/blob/663595447257caa2441f8f142b59d4f0e92c9271/libcxx/CMakeLists.txt#L700,"# Modules flags ===============================================================
# FIXME The libc++ sources are fundamentally non-modular. They need special
# versions of the headers in order to provide C++03 and legacy ABI definitions.
# NOTE: The public headers can be used with modules in all other contexts.",['fixme'],CMake,0,700,703
22748,opencilk/opencilk-project,https://github.com/opencilk/opencilk-project/blob/663595447257caa2441f8f142b59d4f0e92c9271/libcxx/include/CMakeLists.txt#L560,# TODO: Use target_include_directories once we figure out why that breaks the runtimes build,['todo'],CMake,0,560,560
22748,opencilk/opencilk-project,https://github.com/opencilk/opencilk-project/blob/663595447257caa2441f8f142b59d4f0e92c9271/libcxx/test/CMakeLists.txt#L29,# TODO: Clients using those options should switch to from-scratch Lit configuration files.,['todo'],CMake,0,29,29
22748,opencilk/opencilk-project,https://github.com/opencilk/opencilk-project/blob/663595447257caa2441f8f142b59d4f0e92c9271/libcxxabi/CMakeLists.txt#L185,"# TODO: This is a workaround for the fact that Standalone builds can't use
# targets from the other runtimes (so the cxx-headers target doesn't exist).","['todo', 'workaround']",CMake,0,185,186
22748,opencilk/opencilk-project,https://github.com/opencilk/opencilk-project/blob/663595447257caa2441f8f142b59d4f0e92c9271/libcxxabi/src/CMakeLists.txt#L86,"# Prefer using the in-tree version of libunwind, either shared or static. If
# none are found fall back to using -lunwind.
# FIXME: Is it correct to prefer the static version of libunwind?",['fixme'],CMake,2,86,88
22748,opencilk/opencilk-project,https://github.com/opencilk/opencilk-project/blob/663595447257caa2441f8f142b59d4f0e92c9271/libcxxabi/src/CMakeLists.txt#L167,"# FIXME: libc++abi.so will not link when modules are enabled because it depends
# on symbols defined in libc++.so which has not yet been built.",['fixme'],CMake,0,167,168
22748,opencilk/opencilk-project,https://github.com/opencilk/opencilk-project/blob/663595447257caa2441f8f142b59d4f0e92c9271/libunwind/src/CMakeLists.txt#L28,# See add_asm_sources() in compiler-rt for explanation of this workaround.,['workaround'],CMake,0,28,28
22748,opencilk/opencilk-project,https://github.com/opencilk/opencilk-project/blob/663595447257caa2441f8f142b59d4f0e92c9271/lldb/docs/CMakeLists.txt#L32,"# FIXME: Don't treat Sphinx warnings as errors. The files generated by
# automodapi are full of warnings (partly caused by SWIG, our documentation
# and probably also automodapi itself), so those warnings need to be fixed
# first before we can turn this on.",['fixme'],CMake,4,32,35
22748,opencilk/opencilk-project,https://github.com/opencilk/opencilk-project/blob/663595447257caa2441f8f142b59d4f0e92c9271/lldb/source/Core/CMakeLists.txt#L101,"# Needed to properly resolve references in a debug build.
# TODO: Remove once we have better layering",['todo'],CMake,0,101,102
22748,opencilk/opencilk-project,https://github.com/opencilk/opencilk-project/blob/663595447257caa2441f8f142b59d4f0e92c9271/lldb/source/Plugins/CMakeLists.txt#L33,"# FIXME: ProcessWindowsCommon needs to be initialized after all other process
# plugins but before ProcessGDBRemote.",['fixme'],CMake,0,33,34
22748,opencilk/opencilk-project,https://github.com/opencilk/opencilk-project/blob/663595447257caa2441f8f142b59d4f0e92c9271/lldb/test/CMakeLists.txt#L107,# FIXME: Standalone builds should import the cxx target as well.,['fixme'],CMake,4,107,107
22748,opencilk/opencilk-project,https://github.com/opencilk/opencilk-project/blob/663595447257caa2441f8f142b59d4f0e92c9271/lldb/tools/debugserver/source/CMakeLists.txt#L271,"# Workaround for Xcode-specific code-signing behavior:
# The XCODE_ATTRIBUTE_CODE_SIGN_IDENTITY option causes debugserver to be copied
# into the framework first and code-signed afterwards. Sign the copy manually.",['workaround'],CMake,0,271,273
22748,opencilk/opencilk-project,https://github.com/opencilk/opencilk-project/blob/663595447257caa2441f8f142b59d4f0e92c9271/lldb/unittests/CMakeLists.txt#L72,# FIXME: APITests.exe is not a valid googletest binary.,['fixme'],CMake,2,72,72
22748,opencilk/opencilk-project,https://github.com/opencilk/opencilk-project/blob/663595447257caa2441f8f142b59d4f0e92c9271/llvm/CMakeLists.txt#L590,# TODO: support other platforms and toolchains.,['todo'],CMake,2,590,590
22748,opencilk/opencilk-project,https://github.com/opencilk/opencilk-project/blob/663595447257caa2441f8f142b59d4f0e92c9271/llvm/CMakeLists.txt#L1064,# special hack for Solaris to handle crazy system sys/regset.h,['hack'],CMake,3,1064,1064
22748,opencilk/opencilk-project,https://github.com/opencilk/opencilk-project/blob/663595447257caa2441f8f142b59d4f0e92c9271/llvm/cmake/modules/CMakeLists.txt#L62,# FIXME: Should there be other entries here?,['fixme'],CMake,2,62,62
22748,opencilk/opencilk-project,https://github.com/opencilk/opencilk-project/blob/663595447257caa2441f8f142b59d4f0e92c9271/llvm/cmake/modules/CMakeLists.txt#L128,# FIXME: Should there be other entries here?,['fixme'],CMake,2,128,128
22748,opencilk/opencilk-project,https://github.com/opencilk/opencilk-project/blob/663595447257caa2441f8f142b59d4f0e92c9271/llvm/lib/Target/AArch64/MCTargetDesc/CMakeLists.txt#L27,# Hack: we need to include 'main' target directory to grab private headers,['hack'],CMake,0,27,27
22748,opencilk/opencilk-project,https://github.com/opencilk/opencilk-project/blob/663595447257caa2441f8f142b59d4f0e92c9271/llvm/projects/CMakeLists.txt#L26,"# MSVC isn't quite working with libc++ yet, disable it until issues are
# fixed.
# FIXME: LLVM_FORCE_BUILD_RUNTIME is currently used by libc++ to force
# enable the in-tree build when targeting clang-cl.",['fixme'],CMake,2,26,29
22748,opencilk/opencilk-project,https://github.com/opencilk/opencilk-project/blob/663595447257caa2441f8f142b59d4f0e92c9271/llvm/runtimes/CMakeLists.txt#L1,"# TODO: This file assumes the Clang toolchain so it'd be better if it lived in
# Clang, except there already is clang/runtime directory which contains
# similar although simpler functionality. We should figure out how to merge
# the two files.",['todo'],CMake,0,1,4
22748,opencilk/opencilk-project,https://github.com/opencilk/opencilk-project/blob/663595447257caa2441f8f142b59d4f0e92c9271/llvm/runtimes/CMakeLists.txt#L6,"# TODO: Selecting runtimes should be always performed inside the runtimes
# build, see runtimes/CMakeLists.txt, except that we currently check whether
# compiler-rt is being built to determine whether to first build builtins
# or not so we need that information in this file as well.",['todo'],CMake,0,6,9
22748,opencilk/opencilk-project,https://github.com/opencilk/opencilk-project/blob/663595447257caa2441f8f142b59d4f0e92c9271/llvm/runtimes/CMakeLists.txt#L245,# TODO: Check if this argument is still needed.,['todo'],CMake,10,245,245
22748,opencilk/opencilk-project,https://github.com/opencilk/opencilk-project/blob/663595447257caa2441f8f142b59d4f0e92c9271/llvm/runtimes/CMakeLists.txt#L460,"# TODO: This is a hack needed because the libcxx headers are copied into the
# build directory during configuration. Without that step the clang in the
# build directory cannot find the C++ headers in certain configurations.
# I need to build a mechanism for runtime projects to provide CMake code
# that executes at LLVM configuration time to handle this case.","['todo', 'hack']",CMake,4,460,464
22748,opencilk/opencilk-project,https://github.com/opencilk/opencilk-project/blob/663595447257caa2441f8f142b59d4f0e92c9271/llvm/tools/llvm-shlib/CMakeLists.txt#L42,"# FIXME: It should be ""GNU ld for elf""",['fixme'],CMake,51,42,42
22748,opencilk/opencilk-project,https://github.com/opencilk/opencilk-project/blob/663595447257caa2441f8f142b59d4f0e92c9271/llvm/tools/llvm-symbolizer/CMakeLists.txt#L1,"# FIXME: As we plan to execute llvm-symbolizer binary from compiler-rt
# libraries, it has to be compiled for all supported targets (x86_64, i386 etc).
# This means that we need LLVM libraries to be compiled for these
# targets as well. Currently, there is no support for such a build strategy.",['fixme'],CMake,0,1,4
22748,opencilk/opencilk-project,https://github.com/opencilk/opencilk-project/blob/663595447257caa2441f8f142b59d4f0e92c9271/llvm/unittests/Transforms/Scalar/CMakeLists.txt#L18,# Workaround for the gcc 6.1 bug https://gcc.gnu.org/bugzilla/show_bug.cgi?id=80916.,['workaround'],CMake,0,18,18
22748,opencilk/opencilk-project,https://github.com/opencilk/opencilk-project/blob/663595447257caa2441f8f142b59d4f0e92c9271/mlir/CMakeLists.txt#L92,# TODO: we should use a config.h file like LLVM does,['todo'],CMake,0,92,92
22748,opencilk/opencilk-project,https://github.com/opencilk/opencilk-project/blob/663595447257caa2441f8f142b59d4f0e92c9271/mlir/examples/standalone/python/CMakeLists.txt#L3,"# Specifies that all MLIR packages are co-located under the `mlir_standalone`
# top level package (the API has been embedded in a relocatable way).
# TODO: Add an upstream cmake param for this vs having a global here.",['todo'],CMake,0,3,5
22748,opencilk/opencilk-project,https://github.com/opencilk/opencilk-project/blob/663595447257caa2441f8f142b59d4f0e92c9271/mlir/python/CMakeLists.txt#L224,# TODO: See about dis-aggregating,['todo'],CMake,26,224,224
22748,opencilk/opencilk-project,https://github.com/opencilk/opencilk-project/blob/663595447257caa2441f8f142b59d4f0e92c9271/mlir/python/CMakeLists.txt#L381,"# TODO: Figure out how to put this in the test tree.
# This should not be included in the main Python extension. However,
# putting it into MLIRPythonTestSources along with the dialect declaration
# above confuses Python module loader when running under lit.",['todo'],CMake,0,381,384
22748,opencilk/opencilk-project,https://github.com/opencilk/opencilk-project/blob/663595447257caa2441f8f142b59d4f0e92c9271/mlir/python/CMakeLists.txt#L392,"# TODO: this uses a tablegen file from the test directory and should be
# decoupled from here.",['todo'],CMake,2,392,393
22748,opencilk/opencilk-project,https://github.com/opencilk/opencilk-project/blob/663595447257caa2441f8f142b59d4f0e92c9271/mlir/python/CMakeLists.txt#L425,"################################################################################
# Common CAPI dependency DSO.
# All python extensions must link through one DSO which exports the CAPI, and
# this must have a globally unique name amongst all embeddors of the python
# library since it will effectively have global scope.
#
# The presence of this aggregate library is part of the long term plan, but its
# use needs to be made more flexible.
#
# TODO: Upgrade to the aggregate utility in https://reviews.llvm.org/D106419
# once ready.
################################################################################",['todo'],CMake,0,425,436
22748,opencilk/opencilk-project,https://github.com/opencilk/opencilk-project/blob/663595447257caa2441f8f142b59d4f0e92c9271/openmp/cmake/DetectTestCompiler/CMakeLists.txt#L29,# TODO: Implement blockaddress in GlobalISel and remove this flag!,"['todo', 'implement']",CMake,0,29,29
22748,opencilk/opencilk-project,https://github.com/opencilk/opencilk-project/blob/663595447257caa2441f8f142b59d4f0e92c9271/openmp/libomptarget/DeviceRTL/CMakeLists.txt#L49,"# TODO: This part needs to be refined when libomptarget is going to support
# Windows!
# TODO: This part can also be removed if we can change the clang driver to make
# it support device only compilation.",['todo'],CMake,0,49,52
22748,opencilk/opencilk-project,https://github.com/opencilk/opencilk-project/blob/663595447257caa2441f8f142b59d4f0e92c9271/openmp/libomptarget/deviceRTLs/nvptx/CMakeLists.txt#L42,"# Compile the device runtime with the compiler that OpenMP is built with.
# This is the case with LLVM_ENABLE_RUNTIMES=openmp.
# FIXME: This is unreliable; the compiler can be on older version of clang
# that does not support compiling CUDA, or only an older version of it. The
# risk is especially high on sytems where clang is the default compiler
# (MacOS, BSDs). LLVM_ENABLE_RUNTIMES=openmp should itself set
# LIBOMPTARGET_NVPTX_CUDA_COMPILER instead.",['fixme'],CMake,2,42,48
22748,opencilk/opencilk-project,https://github.com/opencilk/opencilk-project/blob/663595447257caa2441f8f142b59d4f0e92c9271/openmp/libomptarget/deviceRTLs/nvptx/CMakeLists.txt#L73,"# TODO: This part needs to be refined when libomptarget is going to support
# Windows!
# TODO: This part can also be removed if we can change the clang driver to make
# it support device only compilation.",['todo'],CMake,0,73,76
22748,opencilk/opencilk-project,https://github.com/opencilk/opencilk-project/blob/663595447257caa2441f8f142b59d4f0e92c9271/openmp/runtime/CMakeLists.txt#L128,"# Should the libomp library and generated headers be copied into the original source exports/ directory
# Turning this to FALSE aids parallel builds to not interfere with each other.
# Currently, the testsuite module expects the just built OpenMP library to be located inside the exports/
# directory.  TODO: have testsuite run under llvm-lit directly.  We can then get rid of copying to exports/",['todo'],CMake,0,128,131
22748,opencilk/opencilk-project,https://github.com/opencilk/opencilk-project/blob/663595447257caa2441f8f142b59d4f0e92c9271/openmp/runtime/CMakeLists.txt#L242,"# Is there a quad precision data type available?
# TODO: Make this a real feature check",['todo'],CMake,0,242,243
22748,opencilk/opencilk-project,https://github.com/opencilk/opencilk-project/blob/663595447257caa2441f8f142b59d4f0e92c9271/openmp/runtime/CMakeLists.txt#L269,"# Intel(R) Transactional Synchronization Extensions (Intel(R) TSX) based locks have
# __asm code which can be troublesome for some compilers.  This feature is also x86 specific.
# TODO: Make this a real feature check",['todo'],CMake,0,269,271
22748,opencilk/opencilk-project,https://github.com/opencilk/opencilk-project/blob/663595447257caa2441f8f142b59d4f0e92c9271/openmp/runtime/src/CMakeLists.txt#L32,"# Set the -D definitions for all sources
# UNICODE and _UNICODE are set in LLVM's CMake system.  They affect the
# ittnotify code and should only be set when compiling ittnotify_static.cpp
# on Windows (done below).
# TODO: Fix the UNICODE usage in ittnotify code for Windows.","['fix', 'todo']",CMake,0,32,36
22748,opencilk/opencilk-project,https://github.com/opencilk/opencilk-project/blob/663595447257caa2441f8f142b59d4f0e92c9271/openmp/runtime/src/CMakeLists.txt#L301,"# Workaround for gfortran to build modules with the
# omp_sched_monotonic integer parameter",['workaround'],CMake,2,301,302
22748,opencilk/opencilk-project,https://github.com/opencilk/opencilk-project/blob/663595447257caa2441f8f142b59d4f0e92c9271/polly/CMakeLists.txt#L72,"# FIXME: Turn off exceptions, RTTI:
# -fno-exceptions -fno-rtti",['fixme'],CMake,2,72,73
22748,opencilk/opencilk-project,https://github.com/opencilk/opencilk-project/blob/663595447257caa2441f8f142b59d4f0e92c9271/polly/CMakeLists.txt#L156,# TODO: docs.,['todo'],CMake,0,156,156
22748,opencilk/opencilk-project,https://github.com/opencilk/opencilk-project/blob/663595447257caa2441f8f142b59d4f0e92c9271/polly/lib/External/CMakeLists.txt#L31,"# Unknown revision
# TODO: We could look for a .git and get the revision from HEAD",['todo'],CMake,4,31,32
22748,opencilk/opencilk-project,https://github.com/opencilk/opencilk-project/blob/663595447257caa2441f8f142b59d4f0e92c9271/polly/lib/External/CMakeLists.txt#L333,"# Unknown revision
# TODO: We could look for a .git and get the revision from HEAD",['todo'],CMake,4,333,334
22748,opencilk/opencilk-project,https://github.com/opencilk/opencilk-project/blob/663595447257caa2441f8f142b59d4f0e92c9271/pstl/test/CMakeLists.txt#L9,"# TODO(ldionne): This CMake testing infrastructure should be replaced with a
#                llvm-lit test suite.",['todo'],CMake,0,9,10
22748,opencilk/opencilk-project,https://github.com/opencilk/opencilk-project/blob/663595447257caa2441f8f142b59d4f0e92c9271/runtimes/CMakeLists.txt#L120,"# The compiler driver may be implicitly trying to link against libunwind, which
# might not work if libunwind doesn't exist yet. Try to check if
# --unwindlib=none is supported, and use that if possible.
# Don't add this if not necessary to fix linking, as it can break using
# e.g. ASAN/TSAN.",['fix'],CMake,2,120,124
22748,opencilk/opencilk-project,https://github.com/opencilk/opencilk-project/blob/663595447257caa2441f8f142b59d4f0e92c9271/runtimes/CMakeLists.txt#L174,# TODO: Clean this up as part of an interface standardization,['todo'],CMake,2,174,174
22748,opencilk/opencilk-project,https://github.com/opencilk/opencilk-project/blob/663595447257caa2441f8f142b59d4f0e92c9271/runtimes/CMakeLists.txt#L178,"# TODO: compiler-rt has to use standalone build for now. We tried to remove
# this in D57992 but this broke the build because compiler-rt assumes that
# LLVM and Clang are configured in the same build to set up dependencies. We
# should clean up the compiler-rt build and remove this eventually.",['todo'],CMake,2,178,181
22748,opencilk/opencilk-project,https://github.com/opencilk/opencilk-project/blob/663595447257caa2441f8f142b59d4f0e92c9271/third-party/benchmark/CMakeLists.txt#L70,"# FIXME: The --coverage flag needs to be removed when building assembly
# tests for this to work.",['fixme'],CMake,6,70,71
22748,opencilk/opencilk-project,https://github.com/opencilk/opencilk-project/blob/663595447257caa2441f8f142b59d4f0e92c9271/third-party/benchmark/CMakeLists.txt#L80,# FIXME: Make these work on 32 bit builds,['fixme'],CMake,4,80,80
22748,opencilk/opencilk-project,https://github.com/opencilk/opencilk-project/blob/663595447257caa2441f8f142b59d4f0e92c9271/third-party/benchmark/CMakeLists.txt#L83,# FIXME: Make these work on 32 bit builds,['fixme'],CMake,5,83,83
22748,opencilk/opencilk-project,https://github.com/opencilk/opencilk-project/blob/663595447257caa2441f8f142b59d4f0e92c9271/clang/cmake/caches/CrossWinToARMLinux.cmake#L179,"#NOTE: temporary workaround to fix the remote execution for libunwind tests.
# https://reviews.llvm.org/D112082","['fix', 'workaround']",CMake,2,179,180
22748,opencilk/opencilk-project,https://github.com/opencilk/opencilk-project/blob/663595447257caa2441f8f142b59d4f0e92c9271/clang/cmake/caches/Fuchsia-stage2.cmake#L13,# TODO: Remove this once we switch to ld64.lld.,['todo'],CMake,2,13,13
22748,opencilk/opencilk-project,https://github.com/opencilk/opencilk-project/blob/663595447257caa2441f8f142b59d4f0e92c9271/clang/cmake/caches/Fuchsia-stage2.cmake#L35,# TODO: Remove this once we switch to ld64.lld.,['todo'],CMake,2,35,35
22748,opencilk/opencilk-project,https://github.com/opencilk/opencilk-project/blob/663595447257caa2441f8f142b59d4f0e92c9271/clang/cmake/caches/Fuchsia.cmake#L26,# TODO: Remove this once we switch to ld64.lld.,['todo'],CMake,2,26,26
22748,opencilk/opencilk-project,https://github.com/opencilk/opencilk-project/blob/663595447257caa2441f8f142b59d4f0e92c9271/clang/cmake/caches/Fuchsia.cmake#L116,# TODO: Remove this once we switch to ld64.lld.,['todo'],CMake,2,116,116
22748,opencilk/opencilk-project,https://github.com/opencilk/opencilk-project/blob/663595447257caa2441f8f142b59d4f0e92c9271/cmake/Modules/HandleCompilerRT.cmake#L23,"# TODO: Support ios, tvos and watchos as well.",['todo'],CMake,4,23,23
22748,opencilk/opencilk-project,https://github.com/opencilk/opencilk-project/blob/663595447257caa2441f8f142b59d4f0e92c9271/compiler-rt/cmake/base-config-ix.cmake#L39,"# Compute the Clang version from the LLVM version.
# FIXME: We should be able to reuse CLANG_VERSION variable calculated
#        in Clang cmake files, instead of copying the rules here.",['fixme'],CMake,2,39,41
22748,opencilk/opencilk-project,https://github.com/opencilk/opencilk-project/blob/663595447257caa2441f8f142b59d4f0e92c9271/compiler-rt/cmake/base-config-ix.cmake#L212,"# Gcc doesn't accept -m32/-m64 so we do the next best thing and use
# -mips32r2/-mips64r2. We don't use -mips1/-mips3 because we want to match
# clang's default CPU's. In the 64-bit case, we must also specify the ABI
# since the default ABI differs between gcc and clang.
# FIXME: Ideally, we would build the N32 library too.",['fixme'],CMake,6,212,216
22748,opencilk/opencilk-project,https://github.com/opencilk/opencilk-project/blob/663595447257caa2441f8f142b59d4f0e92c9271/compiler-rt/cmake/config-ix.cmake#L15,"# TODO(PR51389): We should check COMPILER_RT_BUILTINS_LIBRARY and report an
# error if the value is NOTFOUND rather than silenty continuing but we first
# need to fix find_compiler_rt_library on Darwin.","['fix', 'todo']",CMake,2,15,17
22748,opencilk/opencilk-project,https://github.com/opencilk/opencilk-project/blob/663595447257caa2441f8f142b59d4f0e92c9271/compiler-rt/cmake/config-ix.cmake#L33,# TODO: remote this check once we address PR51389.,['todo'],CMake,4,33,33
22748,opencilk/opencilk-project,https://github.com/opencilk/opencilk-project/blob/663595447257caa2441f8f142b59d4f0e92c9271/compiler-rt/cmake/config-ix.cmake#L261,"# arm64e is not currently ABI stable so we need to build for the
# OS version being tested. Rather than querying the device under test
# we use the SDK version which ""should"" be the same as the
# device under test (it is a configuration error for these not to match).
# FIXME(dliew): We can remove this if we build the runtimes with the appropriate
# deployment target for arm64e.",['fixme'],CMake,4,261,266
22748,opencilk/opencilk-project,https://github.com/opencilk/opencilk-project/blob/663595447257caa2441f8f142b59d4f0e92c9271/compiler-rt/cmake/config-ix.cmake#L271,"# TODO(dliew): Remove this check once get_xcrun_platform_from_apple_platform
# emits a fatal error for unrecognised platforms.",['todo'],CMake,8,271,272
22748,opencilk/opencilk-project,https://github.com/opencilk/opencilk-project/blob/663595447257caa2441f8f142b59d4f0e92c9271/compiler-rt/cmake/config-ix.cmake#L292,"# TODO(dliew): Remove uses of this function. It exists to preserve needlessly complex
# directory naming conventions used by the Sanitizer lit test suites.",['todo'],CMake,2,292,293
22748,opencilk/opencilk-project,https://github.com/opencilk/opencilk-project/blob/663595447257caa2441f8f142b59d4f0e92c9271/compiler-rt/cmake/config-ix.cmake#L333,# TODO(dliew): Make this an error.,['todo'],CMake,4,333,333
22748,opencilk/opencilk-project,https://github.com/opencilk/opencilk-project/blob/663595447257caa2441f8f142b59d4f0e92c9271/compiler-rt/cmake/config-ix.cmake#L697,# TODO: Add builtins support.,['todo'],CMake,0,697,697
22748,opencilk/opencilk-project,https://github.com/opencilk/opencilk-project/blob/663595447257caa2441f8f142b59d4f0e92c9271/compiler-rt/cmake/config-ix.cmake#L792,#TODO(kostyak): add back Android & Fuchsia when the code settles a bit.,['todo'],CMake,0,792,792
22748,opencilk/opencilk-project,https://github.com/opencilk/opencilk-project/blob/663595447257caa2441f8f142b59d4f0e92c9271/compiler-rt/cmake/config-ix.cmake#L834,"# Note: Fuchsia and Windows are not currently supported by GWP-ASan. Support
# is planned for these platforms. Darwin is also not supported due to TLS
# calling malloc on first use.
# TODO(hctim): Enable this on Android again. Looks like it's causing a SIGSEGV
# for Scudo and GWP-ASan, further testing needed.",['todo'],CMake,0,834,838
22748,opencilk/opencilk-project,https://github.com/opencilk/opencilk-project/blob/663595447257caa2441f8f142b59d4f0e92c9271/compiler-rt/cmake/Modules/AddCompilerRT.cmake#L112,"# CMake doesn't pass the correct architecture for Apple prior to CMake 3.19. https://gitlab.kitware.com/cmake/cmake/-/issues/20771
# MinGW didn't work correctly with assembly prior to CMake 3.17. https://gitlab.kitware.com/cmake/cmake/-/merge_requests/4287 and https://reviews.llvm.org/rGb780df052dd2b246a760d00e00f7de9ebdab9d09
# Workaround these two issues by compiling as C.
# Same workaround used in libunwind. Also update there if changed here.",['workaround'],CMake,2,112,115
22748,opencilk/opencilk-project,https://github.com/opencilk/opencilk-project/blob/663595447257caa2441f8f142b59d4f0e92c9271/compiler-rt/cmake/Modules/AddCompilerRT.cmake#L476,"# If we're not on MSVC, include the linker flags from CMAKE but override them
# with the provided link flags. This ensures that flags which are required to
# link programs at all are included, but the changes needed for the test
# trump. With MSVC we can't do that because CMake is set up to run link.exe
# when linking, not the compiler. Here, we hack it to use the compiler
# because we want to use -fsanitize flags.",['hack'],CMake,2,476,481
22748,opencilk/opencilk-project,https://github.com/opencilk/opencilk-project/blob/663595447257caa2441f8f142b59d4f0e92c9271/compiler-rt/cmake/Modules/AddCompilerRT.cmake#L493,"# CMAKE_EXE_LINKER_FLAGS may contain -fuse=lld
# FIXME: -DLLVM_ENABLE_LLD=ON and -DLLVM_ENABLE_PROJECTS without lld case.",['fixme'],CMake,4,493,494
22748,opencilk/opencilk-project,https://github.com/opencilk/opencilk-project/blob/663595447257caa2441f8f142b59d4f0e92c9271/compiler-rt/cmake/Modules/CompilerRTAIXUtils.cmake#L37,"# FIXME: Target name should be kept consistent with definition
# in AddCompilerRT.cmake added by
# add_compiler_rt_runtime(<name> SHARED ...)",['fixme'],CMake,6,37,39
22748,opencilk/opencilk-project,https://github.com/opencilk/opencilk-project/blob/663595447257caa2441f8f142b59d4f0e92c9271/compiler-rt/cmake/Modules/CompilerRTCompile.cmake#L112,"# On Darwin, there are no system-wide C++ headers and the just-built clang is
# therefore not able to compile C++ files unless they are copied/symlinked into
# ${LLVM_BINARY_DIR}/include/c++
# The just-built clang is used to build compiler-rt unit tests. Let's detect
# this before we try to build the tests and print out a suggestion how to fix
# it.
# On other platforms, this is currently not an issue.",['fix'],CMake,0,112,118
22748,opencilk/opencilk-project,https://github.com/opencilk/opencilk-project/blob/663595447257caa2441f8f142b59d4f0e92c9271/compiler-rt/cmake/Modules/CompilerRTDarwinUtils.cmake#L495,"# this is a hacky opt-out. If you can't target both intel and arm
# architectures we bail here.",['hacky'],CMake,2,495,496
22748,opencilk/opencilk-project,https://github.com/opencilk/opencilk-project/blob/663595447257caa2441f8f142b59d4f0e92c9271/compiler-rt/cmake/Modules/CompilerRTUtils.cmake#L149,# Bail out if we cannot target the architecture we plan to test.,['bail out'],CMake,4,149,149
22748,opencilk/opencilk-project,https://github.com/opencilk/opencilk-project/blob/663595447257caa2441f8f142b59d4f0e92c9271/compiler-rt/cmake/Modules/CompilerRTUtils.cmake#L219,"# Compute the path to the root of the Compiler-RT source tree
# regardless of how the project was configured.
#
# This function is useful because using `${CMAKE_SOURCE_DIR}`
# is error prone due to the numerous ways Compiler-RT can be
# configured.
#
# `ROOT_DIR_VAR` - the name of the variable to write the result to.
#
# TODO(dliew): When CMake min version is 3.17 or newer use
# `CMAKE_CURRENT_FUNCTION_LIST_DIR` instead.",['todo'],CMake,2,219,229
22748,opencilk/opencilk-project,https://github.com/opencilk/opencilk-project/blob/663595447257caa2441f8f142b59d4f0e92c9271/compiler-rt/cmake/Modules/CompilerRTUtils.cmake#L286,# TODO(dliew): Remove this legacy fallback path.,['todo'],CMake,4,286,286
22748,opencilk/opencilk-project,https://github.com/opencilk/opencilk-project/blob/663595447257caa2441f8f142b59d4f0e92c9271/compiler-rt/cmake/Modules/CompilerRTUtils.cmake#L314,# TODO(dliew): Remove this legacy fallback path.,['todo'],CMake,6,314,314
22748,opencilk/opencilk-project,https://github.com/opencilk/opencilk-project/blob/663595447257caa2441f8f142b59d4f0e92c9271/compiler-rt/cmake/Modules/CompilerRTUtils.cmake#L403,# TODO(dliew): Make this a hard error,['todo'],CMake,4,403,403
22748,opencilk/opencilk-project,https://github.com/opencilk/opencilk-project/blob/663595447257caa2441f8f142b59d4f0e92c9271/libc/cmake/modules/LLVMLibCLibraryRules.cmake#L108,# TODO: Ensure that each dep is actually a add_redirector_object target.,['todo'],CMake,4,108,108
22748,opencilk/opencilk-project,https://github.com/opencilk/opencilk-project/blob/663595447257caa2441f8f142b59d4f0e92c9271/libc/cmake/modules/LLVMLibCLibraryRules.cmake#L112,"# TODO: Call the linker explicitly instead of calling the compiler driver to
# prevent DT_NEEDED on C++ runtime.",['todo'],CMake,2,112,113
22748,opencilk/opencilk-project,https://github.com/opencilk/opencilk-project/blob/663595447257caa2441f8f142b59d4f0e92c9271/libc/cmake/modules/LLVMLibCLibraryRules.cmake#L150,"# TODO: Remove this foreach block when we can switch to the new
# version of the CMake policy CMP0076.",['todo'],CMake,2,150,151
22748,opencilk/opencilk-project,https://github.com/opencilk/opencilk-project/blob/663595447257caa2441f8f142b59d4f0e92c9271/libc/cmake/modules/LLVMLibCObjectRules.cmake#L163,"# TODO: We don't need an object library for internal consumption.
# A future change should switch this to a normal static library.",['todo'],CMake,4,163,164
22748,opencilk/opencilk-project,https://github.com/opencilk/opencilk-project/blob/663595447257caa2441f8f142b59d4f0e92c9271/libc/cmake/modules/LLVMLibCObjectRules.cmake#L193,"# TODO: We don't need to list internal object files if the internal
# target is a normal static library.",['todo'],CMake,6,193,194
22748,opencilk/opencilk-project,https://github.com/opencilk/opencilk-project/blob/663595447257caa2441f8f142b59d4f0e92c9271/libcxx/cmake/config-ix.cmake#L21,"# NOTE(compnerd) this is technically a lie, there is msvcrt, but for now, lets
# let the default linking take care of that.",['take care'],CMake,2,21,22
22748,opencilk/opencilk-project,https://github.com/opencilk/opencilk-project/blob/663595447257caa2441f8f142b59d4f0e92c9271/libcxx/cmake/config-ix.cmake#L40,"# libc++ is using -nostdlib++ at the link step when available,
# otherwise -nodefaultlibs is used. We want all our checks to also
# use one of these options, otherwise we may end up with an inconsistency between
# the flags we think we require during configuration (if the checks are
# performed without one of those options) and the flags that are actually
# required during compilation (which has the -nostdlib++ or -nodefaultlibs). libc is
# required for the link to go through. We remove sanitizers from the
# configuration checks to avoid spurious link errors.",['inconsistency'],CMake,0,40,47
22748,opencilk/opencilk-project,https://github.com/opencilk/opencilk-project/blob/663595447257caa2441f8f142b59d4f0e92c9271/libcxx/cmake/config-ix.cmake#L107,"# TODO(compnerd) do we want to support an emulation layer that allows for the
# use of pthread-win32 or similar libraries to emulate pthreads on Windows?",['todo'],CMake,2,107,108
22748,opencilk/opencilk-project,https://github.com/opencilk/opencilk-project/blob/663595447257caa2441f8f142b59d4f0e92c9271/libcxx/cmake/Modules/HandleLibCXXABI.cmake#L56,"# TODO: libc++ shouldn't be responsible for copying the libc++abi
# headers into the right location.",['todo'],CMake,8,56,57
22748,opencilk/opencilk-project,https://github.com/opencilk/opencilk-project/blob/663595447257caa2441f8f142b59d4f0e92c9271/libcxx/cmake/caches/Generic-asan.cmake#L2,# This is a temporary (hopefully) workaround for an ASan issue (see https://llvm.org/D119410).,['workaround'],CMake,0,2,2
22748,opencilk/opencilk-project,https://github.com/opencilk/opencilk-project/blob/663595447257caa2441f8f142b59d4f0e92c9271/libcxxabi/cmake/config-ix.cmake#L17,"# libc++abi is using -nostdlib++ at the link step when available,
# otherwise -nodefaultlibs is used. We want all our checks to also
# use one of these options, otherwise we may end up with an inconsistency between
# the flags we think we require during configuration (if the checks are
# performed without -nodefaultlibs) and the flags that are actually
# required during compilation (which has the -nodefaultlibs). libc is
# required for the link to go through. We remove sanitizers from the
# configuration checks to avoid spurious link errors.",['inconsistency'],CMake,0,17,24
22748,opencilk/opencilk-project,https://github.com/opencilk/opencilk-project/blob/663595447257caa2441f8f142b59d4f0e92c9271/libunwind/cmake/config-ix.cmake#L28,"# libunwind is using -nostdlib++ at the link step when available,
# otherwise -nodefaultlibs is used. We want all our checks to also
# use one of these options, otherwise we may end up with an inconsistency between
# the flags we think we require during configuration (if the checks are
# performed without one of those options) and the flags that are actually
# required during compilation (which has the -nostdlib++ or -nodefaultlibs). libc is
# required for the link to go through. We remove sanitizers from the
# configuration checks to avoid spurious link errors.",['inconsistency'],CMake,0,28,35
22748,opencilk/opencilk-project,https://github.com/opencilk/opencilk-project/blob/663595447257caa2441f8f142b59d4f0e92c9271/lldb/cmake/modules/AddLLDB.cmake#L72,"#PIC not needed on Win
# FIXME: Setting CMAKE_CXX_FLAGS here is a no-op, use target_compile_options
# or omit this logic instead.",['fixme'],CMake,2,72,74
22748,opencilk/opencilk-project,https://github.com/opencilk/opencilk-project/blob/663595447257caa2441f8f142b59d4f0e92c9271/lldb/cmake/modules/AddLLDB.cmake#L129,"# Hack: only some LLDB libraries depend on the clang autogenerated headers,
# but it is simple enough to make all of LLDB depend on some of those
# headers without negatively impacting much of anything.",['hack'],CMake,2,129,131
22748,opencilk/opencilk-project,https://github.com/opencilk/opencilk-project/blob/663595447257caa2441f8f142b59d4f0e92c9271/llvm/cmake/config-ix.cmake#L110,"# We want to find pthreads library and at the moment we do want to
# have it reported as '-l<lib>' instead of '-pthread'.
# TODO: switch to -pthread once the rest of the build system can deal with it.",['todo'],CMake,2,110,112
22748,opencilk/opencilk-project,https://github.com/opencilk/opencilk-project/blob/663595447257caa2441f8f142b59d4f0e92c9271/llvm/cmake/config-ix.cmake#L544,"# FIXME: Signal handler return type, currently hardcoded to 'void'",['fixme'],CMake,0,544,544
22748,opencilk/opencilk-project,https://github.com/opencilk/opencilk-project/blob/663595447257caa2441f8f142b59d4f0e92c9271/llvm/cmake/modules/AddLLVM.cmake#L95,"# FIXME: `-Wl,-bE:` bypasses whatever handling there is in the build
# compiler driver to defer to the specified export list.",['fixme'],CMake,4,95,96
22748,opencilk/opencilk-project,https://github.com/opencilk/opencilk-project/blob/663595447257caa2441f8f142b59d4f0e92c9271/llvm/cmake/modules/AddLLVM.cmake#L103,"# FIXME: Don't write the ""local:"" line on OpenBSD.
# in the export file, also add a linker script to version LLVM symbols (form: LLVM_N.M)",['fixme'],CMake,4,103,104
22748,opencilk/opencilk-project,https://github.com/opencilk/opencilk-project/blob/663595447257caa2441f8f142b59d4f0e92c9271/llvm/cmake/modules/AddLLVM.cmake#L150,"# Force re-linking when the exports file changes. Actually, it
# forces recompilation of the source file. The LINK_DEPENDS target
# property only works for makefile-based generators.
# FIXME: This is not safe because this will create the same target
# ${native_export_file} in several different file:
# - One where we emitted ${target_name}_exports
# - One where we emitted the build command for the following object.
# set_property(SOURCE ${first_source_file} APPEND PROPERTY
#   OBJECT_DEPENDS ${CMAKE_CURRENT_BINARY_DIR}/${native_export_file})",['fixme'],CMake,2,150,158
22748,opencilk/opencilk-project,https://github.com/opencilk/opencilk-project/blob/663595447257caa2441f8f142b59d4f0e92c9271/llvm/cmake/modules/AddLLVM.cmake#L273,# TODO Revisit this later on z/OS.,['todo'],CMake,8,273,273
22748,opencilk/opencilk-project,https://github.com/opencilk/opencilk-project/blob/663595447257caa2441f8f142b59d4f0e92c9271/llvm/cmake/modules/AddLLVM.cmake#L334,"# If on Windows and building with MSVC, add the resource script containing the
# VERSIONINFO data to the project.  This embeds version resource information
# into the output .exe or .dll.
# TODO: Enable for MinGW Windows builds too.
#",['todo'],CMake,0,334,338
22748,opencilk/opencilk-project,https://github.com/opencilk/opencilk-project/blob/663595447257caa2441f8f142b59d4f0e92c9271/llvm/cmake/modules/AddLLVM.cmake#L542,# FIXME: Add name_static to anywhere in TARGET ${name}'s PROPERTY.,['fixme'],CMake,4,542,542
22748,opencilk/opencilk-project,https://github.com/opencilk/opencilk-project/blob/663595447257caa2441f8f142b59d4f0e92c9271/llvm/cmake/modules/AddLLVM.cmake#L695,"# clang and newer versions of ninja use high-resolutions timestamps,
# but older versions of libtool on Darwin don't, so the archive will
# often get an older timestamp than the last object that was added
# or updated.  To fix this, we add a custom command to touch archive
# after it's been built so that ninja won't rebuild it unnecessarily
# the next time it's run.",['fix'],CMake,2,695,700
22748,opencilk/opencilk-project,https://github.com/opencilk/opencilk-project/blob/663595447257caa2441f8f142b59d4f0e92c9271/llvm/cmake/modules/AddLLVM.cmake#L1645,"# FIXME: ""ENABLE_SHARED"" doesn't make sense, since it is used just for
# plugins. We may rename it.",['fixme'],CMake,2,1645,1646
22748,opencilk/opencilk-project,https://github.com/opencilk/opencilk-project/blob/663595447257caa2441f8f142b59d4f0e92c9271/llvm/cmake/modules/AddLLVM.cmake#L1785,"# A raw function to create a lit target. This is used to implement the testuite
# management functions.",['implement'],CMake,0,1785,1786
22748,opencilk/opencilk-project,https://github.com/opencilk/opencilk-project/blob/663595447257caa2441f8f142b59d4f0e92c9271/llvm/cmake/modules/AddLLVM.cmake#L2149,"# $ORIGIN is not interpreted at link time by aix ld.
# Since BUILD_SHARED_LIBS is only recommended for use by developers,
# hardcode the rpath to build/install lib dir first in this mode.
# FIXME: update this when there is better solution.",['fixme'],CMake,4,2149,2152
22748,opencilk/opencilk-project,https://github.com/opencilk/opencilk-project/blob/663595447257caa2441f8f142b59d4f0e92c9271/llvm/cmake/modules/AddSphinxTarget.cmake#L84,# FIXME: We might not ship all the tools that these man pages describe,['fixme'],CMake,8,84,84
22748,opencilk/opencilk-project,https://github.com/opencilk/opencilk-project/blob/663595447257caa2441f8f142b59d4f0e92c9271/llvm/cmake/modules/CheckAtomic.cmake#L85,"## TODO: This define is only used for the legacy atomic operations in
## llvm's Atomic.h, which should be replaced.  Other code simply
## assumes C++11 <atomic> works.",['todo'],CMake,0,85,87
22748,opencilk/opencilk-project,https://github.com/opencilk/opencilk-project/blob/663595447257caa2441f8f142b59d4f0e92c9271/llvm/cmake/modules/FindGRPC.cmake#L3,"# FIXME(kirillbobyrev): Check if gRPC and Protobuf headers can be included at
# configure time.",['fixme'],CMake,0,3,4
22748,opencilk/opencilk-project,https://github.com/opencilk/opencilk-project/blob/663595447257caa2441f8f142b59d4f0e92c9271/llvm/cmake/modules/FindGRPC.cmake#L140,"# FIXME: CMake docs suggest OBJECT_DEPENDS isn't needed, but I can't get
#        the recommended add_dependencies() approach to work.",['fixme'],CMake,6,140,141
22748,opencilk/opencilk-project,https://github.com/opencilk/opencilk-project/blob/663595447257caa2441f8f142b59d4f0e92c9271/llvm/cmake/modules/FindZ3.cmake#L88,# TODO: print message warning that we couldn't find a compatible lib?,['todo'],CMake,2,88,88
22748,opencilk/opencilk-project,https://github.com/opencilk/opencilk-project/blob/663595447257caa2441f8f142b59d4f0e92c9271/llvm/cmake/modules/FindZ3.cmake#L111,"# Give up: we are unable to obtain a version of the Z3 library. Be
# conservative and force the found version to 0.0.0 to make version
# checks always fail.",['give up'],CMake,2,111,113
22748,opencilk/opencilk-project,https://github.com/opencilk/opencilk-project/blob/663595447257caa2441f8f142b59d4f0e92c9271/llvm/cmake/modules/HandleLLVMOptions.cmake#L222,"# See rpath handling in AddLLVM.cmake
# FIXME: Remove this warning if this rpath is no longer hardcoded.",['fixme'],CMake,4,222,223
22748,opencilk/opencilk-project,https://github.com/opencilk/opencilk-project/blob/663595447257caa2441f8f142b59d4f0e92c9271/llvm/cmake/modules/HandleLLVMOptions.cmake#L236,"# Pass -Wl,-z,nodelete. This makes sure our shared libraries are not unloaded
# by dlclose(). We need that since the CLI API relies on cross-references
# between global objects which became horribly broken when one of the libraries
# is unloaded.",['broken'],CMake,0,236,239
22748,opencilk/opencilk-project,https://github.com/opencilk/opencilk-project/blob/663595447257caa2441f8f142b59d4f0e92c9271/llvm/cmake/modules/HandleLLVMOptions.cmake#L365,# TODO: support other platforms and toolchains.,['todo'],CMake,2,365,365
22748,opencilk/opencilk-project,https://github.com/opencilk/opencilk-project/blob/663595447257caa2441f8f142b59d4f0e92c9271/llvm/cmake/modules/HandleLLVMOptions.cmake#L374,# FIXME: CMAKE_SIZEOF_VOID_P is still 8,['fixme'],CMake,4,374,374
22748,opencilk/opencilk-project,https://github.com/opencilk/opencilk-project/blob/663595447257caa2441f8f142b59d4f0e92c9271/llvm/cmake/modules/HandleLLVMOptions.cmake#L387,# FIXME: It isn't handled in LLVM_BUILD_32_BITS.,['fixme'],CMake,2,387,387
22748,opencilk/opencilk-project,https://github.com/opencilk/opencilk-project/blob/663595447257caa2441f8f142b59d4f0e92c9271/llvm/cmake/modules/HandleLLVMOptions.cmake#L439,# FIXME: Also cygwin?,['fixme'],CMake,14,439,439
22748,opencilk/opencilk-project,https://github.com/opencilk/opencilk-project/blob/663595447257caa2441f8f142b59d4f0e92c9271/llvm/cmake/modules/HandleLLVMOptions.cmake#L938,"# Add flags for add_dead_strip().
# FIXME: With MSVS, consider compiling with /Gy and linking with /OPT:REF?
# But MinSizeRel seems to add that automatically, so maybe disable these
# flags instead if LLVM_NO_DEAD_STRIP is set.",['fixme'],CMake,0,938,941
22748,opencilk/opencilk-project,https://github.com/opencilk/opencilk-project/blob/663595447257caa2441f8f142b59d4f0e92c9271/llvm/cmake/modules/HandleLLVMOptions.cmake#L1093,"# If the linker supports it, enable the lto cache. This improves initial build
# time a little since we re-link a lot of the same objects, and significantly
# improves incremental build time.
# FIXME: We should move all this logic into the clang driver.",['fixme'],CMake,2,1093,1096
22748,opencilk/opencilk-project,https://github.com/opencilk/opencilk-project/blob/663595447257caa2441f8f142b59d4f0e92c9271/llvm/cmake/modules/HandleLLVMOptions.cmake#L1240,# FIXME: it is unknown if this is the actual minimum bound,['fixme'],CMake,2,1240,1240
22748,opencilk/opencilk-project,https://github.com/opencilk/opencilk-project/blob/663595447257caa2441f8f142b59d4f0e92c9271/llvm/cmake/modules/LLVMDistributionSupport.cmake#L217,"# CMake seemingly doesn't distinguish between an empty list and a list
# containing one element which is the empty string, so just use a special
# marker to denote the default (unnamed) distribution and fix it in the
# loop.",['fix'],CMake,4,217,220
22748,opencilk/opencilk-project,https://github.com/opencilk/opencilk-project/blob/663595447257caa2441f8f142b59d4f0e92c9271/llvm/cmake/modules/LLVMExternalProjectUtils.cmake#L98,# TODO: These tools don't fully support Mach-O format yet.,['todo'],CMake,8,98,98
22748,opencilk/opencilk-project,https://github.com/opencilk/opencilk-project/blob/663595447257caa2441f8f142b59d4f0e92c9271/llvm/cmake/modules/TableGen.cmake#L144,"# FIXME: It leaks to user, callee of add_tablegen.",['fixme'],CMake,4,144,144
22748,opencilk/opencilk-project,https://github.com/opencilk/opencilk-project/blob/663595447257caa2441f8f142b59d4f0e92c9271/llvm/cmake/modules/TableGen.cmake#L169,"# Create an artificial dependency between tablegen projects, because they
# compile the same dependencies, thus using the same build folders.
# FIXME: A proper fix requires sequentially chaining tablegens.","['fix', 'fixme']",CMake,6,169,171
22748,opencilk/opencilk-project,https://github.com/opencilk/opencilk-project/blob/663595447257caa2441f8f142b59d4f0e92c9271/mlir/cmake/modules/AddMLIR.cmake#L49,"# Declare an mlir library which can be compiled in libMLIR.so
# In addition to everything that llvm_add_librar accepts, this
# also has the following option:
# EXCLUDE_FROM_LIBMLIR
#   Don't include this library in libMLIR.so.  This option should be used
#   for test libraries, executable-specific libraries, or rarely used libraries
#   with large dependencies.
# ENABLE_AGGREGATION
#   Forces generation of an OBJECT library, exports additional metadata,
#   and installs additional object files needed to include this as part of an
#   aggregate shared library.
#   TODO: Make this the default for all MLIR libraries once all libraries
#   are compatible with building an object library.",['todo'],CMake,0,49,61
22748,opencilk/opencilk-project,https://github.com/opencilk/opencilk-project/blob/663595447257caa2441f8f142b59d4f0e92c9271/mlir/cmake/modules/AddMLIR.cmake#L341,# TODO: Should be transitive.,['todo'],CMake,2,341,341
22748,opencilk/opencilk-project,https://github.com/opencilk/opencilk-project/blob/663595447257caa2441f8f142b59d4f0e92c9271/mlir/cmake/modules/AddMLIR.cmake#L364,"# Adds an MLIR library target for installation.
# This is usually done as part of add_mlir_library but is broken out for cases
# where non-standard library builds can be installed.",['broken'],CMake,0,364,366
22748,opencilk/opencilk-project,https://github.com/opencilk/opencilk-project/blob/663595447257caa2441f8f142b59d4f0e92c9271/openmp/cmake/HandleOpenMPOptions.cmake#L12,"# MSVC and clang-cl in compatibility mode map -Wall to -Weverything.
# TODO: LLVM adds /W4 instead, check if that works for the OpenMP runtimes.",['todo'],CMake,0,12,13
22748,opencilk/opencilk-project,https://github.com/opencilk/opencilk-project/blob/663595447257caa2441f8f142b59d4f0e92c9271/openmp/cmake/OpenMPTesting.cmake#L150,# TODO: Implement blockaddress in GlobalISel and remove this flag!,"['todo', 'implement']",CMake,2,150,150
22748,opencilk/opencilk-project,https://github.com/opencilk/opencilk-project/blob/663595447257caa2441f8f142b59d4f0e92c9271/openmp/runtime/cmake/LibompCheckFortranFlag.cmake#L11,"# Checking a fortran compiler flag
# There is no real trivial way to do this in CMake, so we implement it here
# this will have ${boolean} = TRUE if the flag succeeds, otherwise false.",['implement'],CMake,0,11,13
22748,opencilk/opencilk-project,https://github.com/opencilk/opencilk-project/blob/663595447257caa2441f8f142b59d4f0e92c9271/openmp/runtime/cmake/LibompCheckLinkerFlag.cmake#L13,"# Checking a linker flag to build a shared library
# There is no real trivial way to do this in CMake, so we implement it here
# this will have ${boolean} = TRUE if the flag succeeds, otherwise FALSE.",['implement'],CMake,0,13,15
22748,opencilk/opencilk-project,https://github.com/opencilk/opencilk-project/blob/663595447257caa2441f8f142b59d4f0e92c9271/openmp/runtime/cmake/config-ix.cmake#L221,"# The perl scripts take the --os=/--arch= flags which expect a certain format for operating systems and arch's.
# Until the perl scripts are removed, the most portable way to handle this is to have all operating systems that
# are neither Windows nor Mac (Most Unix flavors) be considered lin to the perl scripts.  This is rooted
# in that all the Perl scripts check the operating system and will fail if it isn't ""valid"".  This
# temporary solution lets us avoid trying to enumerate all the possible OS values inside the Perl modules.",['temporary solution'],CMake,0,221,225
22748,opencilk/opencilk-project,https://github.com/opencilk/opencilk-project/blob/663595447257caa2441f8f142b59d4f0e92c9271/openmp/tools/Modules/FindOpenMPTarget.cmake#L75,"# TODO: Support Fortran
# TODO: Support multiple offloading targets by setting the ""OpenMPTarget"" target
#       to include flags for all components loaded
# TODO: Configure target architecture without a variable (component NVPTX_SM_70)
# TODO: Test more compilers",['todo'],CMake,0,75,79
22748,opencilk/opencilk-project,https://github.com/opencilk/opencilk-project/blob/663595447257caa2441f8f142b59d4f0e92c9271/polly/cmake/polly_macros.cmake#L93,"# FIXME: The helper can be eliminated if the CMake version is increased
# to 3.8 or higher. If this is done, the TREE version of source_group can
# be used",['fixme'],CMake,2,93,95
