repoIndex,repoName,linkLocation,comment,keywords,buildSysteminFile,charPosition,startLine,endLine
22830,plumed/plumed2,https://github.com/plumed/plumed2/blob/b190b0d5dabc5d5bfcdc12b2c93ef37ec4f5d3f1/patches/gromacs-2020.7.diff/src/gromacs/CMakeLists.txt#L65,"# TODO Reconsider this, as the CUDA driver API is probably a simpler
# approach, at least for the build system. See Redmine #2530",['todo'],CMake,0,65,66
22830,plumed/plumed2,https://github.com/plumed/plumed2/blob/b190b0d5dabc5d5bfcdc12b2c93ef37ec4f5d3f1/patches/gromacs-2020.7.diff/src/gromacs/CMakeLists.txt#L153,"# This code is here instead of utility/CMakeLists.txt, because CMake
# custom commands and source file properties can only be set in the directory
# that contains the target that uses them.
# TODO: Generate a header instead that can be included from baseversion.cpp.
# That probably simplifies things somewhat.",['todo'],CMake,0,153,157
22830,plumed/plumed2,https://github.com/plumed/plumed2/blob/b190b0d5dabc5d5bfcdc12b2c93ef37ec4f5d3f1/patches/gromacs-2020.7.diff/src/gromacs/CMakeLists.txt#L267,"# Permit GROMACS code to include externally developed headers, such as
# the functionality from the nonstd project that we use for
# gmx::compat::optional. These are included as system headers so that
# no warnings are issued from them.
#
# TODO Perhaps generalize this for all headers from src/external",['todo'],CMake,0,267,272
22830,plumed/plumed2,https://github.com/plumed/plumed2/blob/b190b0d5dabc5d5bfcdc12b2c93ef37ec4f5d3f1/patches/gromacs-2020.7.diff/src/gromacs/CMakeLists.txt#L309,"# Fix everything found by the latest version of clang that we use in
# Jenkins testing. This should be updated when we update the latest
# tested version of clang.",['fix'],CMake,0,309,311
22830,plumed/plumed2,https://github.com/plumed/plumed2/blob/b190b0d5dabc5d5bfcdc12b2c93ef37ec4f5d3f1/patches/gromacs-2020.7.diff/src/gromacs/CMakeLists.txt#L330,#Ill-defined for-loop,['ill'],CMake,14,330,330
22830,plumed/plumed2,https://github.com/plumed/plumed2/blob/b190b0d5dabc5d5bfcdc12b2c93ef37ec4f5d3f1/patches/gromacs-2020.7.diff/src/gromacs/CMakeLists.txt#L336,#TODO,['todo'],CMake,5,336,336
22830,plumed/plumed2,https://github.com/plumed/plumed2/blob/b190b0d5dabc5d5bfcdc12b2c93ef37ec4f5d3f1/patches/gromacs-2021.6.diff/src/gromacs/CMakeLists.txt#L158,"# This code is here instead of utility/CMakeLists.txt, because CMake
# custom commands and source file properties can only be set in the directory
# that contains the target that uses them.
# TODO: Generate a header instead that can be included from baseversion.cpp.
# That probably simplifies things somewhat.",['todo'],CMake,0,158,162
22830,plumed/plumed2,https://github.com/plumed/plumed2/blob/b190b0d5dabc5d5bfcdc12b2c93ef37ec4f5d3f1/patches/gromacs-2021.6.diff/src/gromacs/CMakeLists.txt#L261,"# Permit GROMACS code to include externally developed headers, such as
# the functionality from the nonstd project that we use for
# gmx::compat::optional. These are included as system headers so that
# no warnings are issued from them.
#
# TODO Perhaps generalize this for all headers from src/external",['todo'],CMake,0,261,266
22830,plumed/plumed2,https://github.com/plumed/plumed2/blob/b190b0d5dabc5d5bfcdc12b2c93ef37ec4f5d3f1/patches/gromacs-2021.6.diff/src/gromacs/CMakeLists.txt#L279,"# CUDA header cuda_runtime_api.h in at least CUDA 10.1 uses 0
# where nullptr would be preferable. GROMACS can't fix these, so
# must suppress them.",['fix'],CMake,4,279,281
22830,plumed/plumed2,https://github.com/plumed/plumed2/blob/b190b0d5dabc5d5bfcdc12b2c93ef37ec4f5d3f1/patches/gromacs-2021.6.diff/src/gromacs/CMakeLists.txt#L339,"# Make sure we fix ""everything"" found by more recent versions of clang.",['fix'],CMake,0,339,339
22830,plumed/plumed2,https://github.com/plumed/plumed2/blob/b190b0d5dabc5d5bfcdc12b2c93ef37ec4f5d3f1/patches/gromacs-2021.6.diff/src/gromacs/CMakeLists.txt#L358,#Ill-defined for-loop,['ill'],CMake,14,358,358
22830,plumed/plumed2,https://github.com/plumed/plumed2/blob/b190b0d5dabc5d5bfcdc12b2c93ef37ec4f5d3f1/patches/gromacs-2021.6.diff/src/gromacs/CMakeLists.txt#L364,#TODO,['todo'],CMake,5,364,364
22830,plumed/plumed2,https://github.com/plumed/plumed2/blob/b190b0d5dabc5d5bfcdc12b2c93ef37ec4f5d3f1/patches/gromacs-2022.3.diff/src/gromacs/CMakeLists.txt#L153,"# This code is here instead of utility/CMakeLists.txt, because CMake
# custom commands and source file properties can only be set in the directory
# that contains the target that uses them.
# TODO: Generate a header instead that can be included from baseversion.cpp.
# That probably simplifies things somewhat.",['todo'],CMake,0,153,157
22830,plumed/plumed2,https://github.com/plumed/plumed2/blob/b190b0d5dabc5d5bfcdc12b2c93ef37ec4f5d3f1/patches/gromacs-2022.3.diff/src/gromacs/CMakeLists.txt#L273,"# Permit GROMACS code to include externally developed headers, such as
# the functionality from the nonstd project that we use for
# gmx::compat::optional. These are included as system headers so that
# no warnings are issued from them.
#
# TODO Perhaps generalize this for all headers from src/external",['todo'],CMake,0,273,278
22830,plumed/plumed2,https://github.com/plumed/plumed2/blob/b190b0d5dabc5d5bfcdc12b2c93ef37ec4f5d3f1/patches/gromacs-2022.3.diff/src/gromacs/CMakeLists.txt#L402,"# Make sure we fix ""everything"" found by compilers that support that",['fix'],CMake,0,402,402
22830,plumed/plumed2,https://github.com/plumed/plumed2/blob/b190b0d5dabc5d5bfcdc12b2c93ef37ec4f5d3f1/patches/gromacs-2022.3.diff/src/gromacs/CMakeLists.txt#L419,#Ill-defined for-loop,['ill'],CMake,14,419,419
22830,plumed/plumed2,https://github.com/plumed/plumed2/blob/b190b0d5dabc5d5bfcdc12b2c93ef37ec4f5d3f1/patches/gromacs-2022.3.diff/src/gromacs/CMakeLists.txt#L425,#TODO,['todo'],CMake,5,425,425
22830,plumed/plumed2,https://github.com/plumed/plumed2/blob/b190b0d5dabc5d5bfcdc12b2c93ef37ec4f5d3f1/patches/gromacs-2022.3.diff/src/gromacs/CMakeLists.txt#L445,# TODO: Stop installing libgromacs. Possibly allow installation during deprecation period with GMX_INSTALL_LEGACY_API.,['todo'],CMake,0,445,445
