repoIndex,repoName,linkLocation,comment,keywords,buildSysteminFile,charPosition,startLine,endLine
22947,hri-eu/rcs,https://github.com/hri-eu/rcs/blob/e243e18dde6d907951997b6229a5978b0327d7d6/cmake/Export.cmake#L31,# TODO Maybe write to separate target files and use as components?,['todo'],CMake,0,31,31
22947,hri-eu/rcs,https://github.com/hri-eu/rcs/blob/e243e18dde6d907951997b6229a5978b0327d7d6/cmake/Export.cmake#L38,"# Hack to ensure the package root is set to the current directory. 
# Using a custom INSTALL_PREFIX would be better, but that option doesn't
# exist in CMake 2.8",['hack'],CMake,2,38,40
