repoIndex,repoName,linkLocation,comment,keywords,buildSysteminFile,charPosition,startLine,endLine
22979,stiffstream/restinio,https://github.com/stiffstream/restinio/blob/a5b668560138da42158511880470b19988566568/dev/restinio/CMakeLists.txt#L56,"# eao197: the initial version of code at
# f234b785d7c4e055afb902a44ce464cf1690ebd2 (Mar 13, 2020) used INTERFACE
# for fmt::fmt. But I changed it to PUBLIC a month later at
# 0c46710980ab6141910ac7deb0a0462894dccd4d (Apr 13, 2020) because
# encounter a case when INTERFACE lead to inability to link to fmtlib.
# Unfortunately, I didn't fixed information about the case in that
# INTERFACE didn't work for me. And I can't reproduce that case working
# on fix for #159.
#
# It seems that INTERFACE should be used because CMake produces an
# error ""INTERFACE library can only be used with the INTERFACE keyword of
# target_link_libraries"".
#
# But if you found yourself in a case when INTERFACE lead to linker errors
# then open an issue with the description of your case.",['fix'],CMake,2,56,70
