repoIndex,repoName,linkLocation,comment,keywords,buildSysteminFile,charPosition,startLine,endLine
23078,frovedis/frovedis,https://github.com/frovedis/frovedis/blob/5855dca57252dea03cc8bf41d6db3543924a9858/third_party/arpack/arpack-ng/CMakeLists.txt#L426,"# TODO: Fill these in with something appropriate.
#set(PACKAGE_VERSION)
#set(PACKAGE_URL)
#set(LAPACK_LIBS)
#set(BLAS_LIBS)",['todo'],CMake,0,426,430
23078,frovedis/frovedis,https://github.com/frovedis/frovedis/blob/5855dca57252dea03cc8bf41d6db3543924a9858/third_party/lapack-3.7.1/CMakeLists.txt#L73,"#This is a workaround that is needed to avoid forward-slashes in the
#filenames listed in response files from incorrectly being interpreted as
#introducing compiler command options",['workaround'],CMake,8,73,75
