repoIndex,repoName,linkLocation,comment,keywords,buildSysteminFile,charPosition,startLine,endLine
23318,multicraft/multicraft,https://github.com/multicraft/multicraft/blob/bfd46c88c8e8ffbab3991c194c80912be06d283d/src/CMakeLists.txt#L502,"# Avoid source_group on broken CMake version.
# see issue #7074 #7075",['broken'],CMake,0,502,503
23318,multicraft/multicraft,https://github.com/multicraft/multicraft/blob/bfd46c88c8e8ffbab3991c194c80912be06d283d/src/CMakeLists.txt#L778,# Clang 9 has broken -ffast-math on glibc,['broken'],CMake,3,778,778
23318,multicraft/multicraft,https://github.com/multicraft/multicraft/blob/bfd46c88c8e8ffbab3991c194c80912be06d283d/cmake/Modules/FindGettextLib.cmake#L30,"# Modern Linux, as well as OSX, does not require special linking because
# GetText is part of glibc.
# TODO: check the requirements on other BSDs and older Linux",['todo'],CMake,0,30,32
