repoIndex,repoName,linkLocation,comment,keywords,buildSysteminFile,charPosition,startLine,endLine
23324,robotology/idyntree,https://github.com/robotology/idyntree/blob/b6781279e8df5cccf326aed66b3c42edb2326473/bindings/CMakeLists.txt#L91,"# list all dependencies of the process of generating
# SWIG bindings (for now just .i files included in the main
# iDynTree.i file)
# This will not be necessary once http://public.kitware.com/Bug/view.php?id=4147
# is resolved
# (not working at the moment, todo \TODO fix)","['fix', 'todo']",CMake,4,91,96
23324,robotology/idyntree,https://github.com/robotology/idyntree/blob/b6781279e8df5cccf326aed66b3c42edb2326473/bindings/python/CMakeLists.txt#L30,"# Fix for PyPy
# See https://gitlab.kitware.com/cmake/cmake/-/issues/23651
# See https://github.com/conda-forge/idyntree-feedstock/pull/44",['fix'],CMake,0,30,32
23324,robotology/idyntree,https://github.com/robotology/idyntree/blob/b6781279e8df5cccf326aed66b3c42edb2326473/src/core/CMakeLists.txt#L104,"# On Windows we need to correctly export global constants that are not inlined with the use of GenerateExportHeader
# vtk 6.3 installs a GenerateExportHeader CMake module that shadows the official CMake module if find_package(VTK)
# is invoked, the issue has been solved in vtk >= 7.1, see https://gitlab.kitware.com/vtk/vtk/-/merge_requests/1593 .
# To ensure that the build works even if find_package(VTK) is invoked and VTK 6 is found, we manually include exactly the
# GenerateExportHeader that is shipped with CMake, extracting the CMake install prefix from the CMAKE_COMMAND variable
# This workaround can be removed once we will not support anymore platforms that ship with vtk 6.3 as main vtk version (Ubuntu 18.04).",['workaround'],CMake,0,104,109
23324,robotology/idyntree,https://github.com/robotology/idyntree/blob/b6781279e8df5cccf326aed66b3c42edb2326473/src/high-level/tests/CMakeLists.txt#L15,# todo,['todo'],CMake,0,15,15
23324,robotology/idyntree,https://github.com/robotology/idyntree/blob/b6781279e8df5cccf326aed66b3c42edb2326473/src/model/CMakeLists.txt#L72,"# On Windows we need to correctly export global constants that are not inlined with the use of GenerateExportHeader
# vtk 6.3 installs a GenerateExportHeader CMake module that shadows the official CMake module if find_package(VTK)
# is invoked, the issue has been solved in vtk >= 7.1, see https://gitlab.kitware.com/vtk/vtk/-/merge_requests/1593 .
# To ensure that the build works even if find_package(VTK) is invoked and VTK 6 is found, we manually include exactly the
# GenerateExportHeader that is shipped with CMake, extracting the CMake install prefix from the CMAKE_COMMAND variable
# This workaround can be removed once we will not support anymore platforms that ship with vtk 6.3 as main vtk version (Ubuntu 18.04).",['workaround'],CMake,0,72,77
23324,robotology/idyntree,https://github.com/robotology/idyntree/blob/b6781279e8df5cccf326aed66b3c42edb2326473/src/solid-shapes/CMakeLists.txt#L20,"# Depending on the assimp version, the way of consuming assimp changes
# In assimp 5.0, only the imported assimp::assimp target is defined, in earlier
# versions (that do no export the version to CMake) the ASSIMP_* variables are defined
# We assume that on WIN32 we always have a valid imported target as a workaround for 
# https://github.com/microsoft/vcpkg/issues/14255",['workaround'],CMake,2,20,24
23324,robotology/idyntree,https://github.com/robotology/idyntree/blob/b6781279e8df5cccf326aed66b3c42edb2326473/src/tests/integration/CMakeLists.txt#L17,"# Setting explicitly the WORKING_DIRECTORY is necessary to make sure that meshes are correctly loaded,
# as a workaround for https://github.com/robotology/idyntree/issues/291",['workaround'],CMake,4,17,18
23324,robotology/idyntree,https://github.com/robotology/idyntree/blob/b6781279e8df5cccf326aed66b3c42edb2326473/src/tests/integration/CMakeLists.txt#L52,"# Until we fix it, add DynamicsLinearization test but don't execute it",['fix'],CMake,0,52,52
23324,robotology/idyntree,https://github.com/robotology/idyntree/blob/b6781279e8df5cccf326aed66b3c42edb2326473/cmake/FindIPOPT.cmake#L63,# Workaround for https://github.com/robotology/icub-main/issues/418,['workaround'],CMake,8,63,63
23324,robotology/idyntree,https://github.com/robotology/idyntree/blob/b6781279e8df5cccf326aed66b3c42edb2326473/cmake/FindMatlab.cmake#L1,"# Vendored from https://gitlab.kitware.com/cmake/cmake/-/raw/v3.20.0-rc3/Modules/FindMatlab.cmake
# With local modification to implement https://gitlab.kitware.com/cmake/cmake/-/issues/21912
# Distributed under the OSI-approved BSD 3-Clause License.  See
# https://cmake.org/licensing for details.",['implement'],CMake,0,1,4
23324,robotology/idyntree,https://github.com/robotology/idyntree/blob/b6781279e8df5cccf326aed66b3c42edb2326473/cmake/FindMatlab.cmake#L605,"# todo setup the extension properly. Currently I do not know if this is
# sufficient for all win32 distributions.
# there is also CMAKE_EXECUTABLE_SUFFIX that could be tweaked",['todo'],CMake,2,605,607
23324,robotology/idyntree,https://github.com/robotology/idyntree/blob/b6781279e8df5cccf326aed66b3c42edb2326473/cmake/FindMatlab.cmake#L1048,"# If neither C or CXX is enabled, warn because we cannot add the source.
# TODO: add support for fortran mex files",['todo'],CMake,6,1048,1049
23324,robotology/idyntree,https://github.com/robotology/idyntree/blob/b6781279e8df5cccf326aed66b3c42edb2326473/cmake/FindMatlab.cmake#L1155,"# This one is weird, it might be a bug in <mex.h> for R2018b. When compiling with
# -fvisibility=hidden, the symbol `mexFunction` cannot be exported. Reading the
# source code for <mex.h>, it seems that the preprocessor macro `MW_NEEDS_VERSION_H`
# needs to be defined for `__attribute__((visibility(""default"")))` to be added
# in front of the declaration of `mexFunction`. In previous versions of MATLAB this
# was not the case, there `DLL_EXPORT_SYM` needed to be defined.
# Adding `-fvisibility=hidden` to the `mex` command causes the build to fail.
# TODO: Check that this is still necessary in R2019a when it comes out.",['todo'],CMake,6,1155,1162
23324,robotology/idyntree,https://github.com/robotology/idyntree/blob/b6781279e8df5cccf326aed66b3c42edb2326473/cmake/FindMatlab.cmake#L1610,"# Fix the version, in case this one is NOTFOUND",['fix'],CMake,0,1610,1610
23324,robotology/idyntree,https://github.com/robotology/idyntree/blob/b6781279e8df5cccf326aed66b3c42edb2326473/cmake/StandardFindModule.cmake#L89,"# Disable package cache when not done automatically by CMake
# This is a workaround for CMake bug #14849",['workaround'],CMake,8,89,90
23324,robotology/idyntree,https://github.com/robotology/idyntree/blob/b6781279e8df5cccf326aed66b3c42edb2326473/cmake/iDynTreeDependencies.cmake#L95,"# Workaround for https://github.com/robotology/idyntree/issues/599
# NO_MODULE passed to avoid that the Findassimp of YCM is used instead, https://github.com/robotology/idyntree/pull/832",['workaround'],CMake,0,95,96
23324,robotology/idyntree,https://github.com/robotology/idyntree/blob/b6781279e8df5cccf326aed66b3c42edb2326473/cmake/iDynTreeDependencies.cmake#L98,# Workaround for https://github.com/robotology/idyntree/issues/693,['workaround'],CMake,0,98,98
