repoIndex,repoName,linkLocation,comment,keywords,buildSysteminFile,charPosition,startLine,endLine
2335,tarsnap/tarsnap,https://github.com/tarsnap/tarsnap/blob/cd81b8e3a3f8f8daad8243239a151fb213e8c8bd/configure.ac#L74,"# Get the POSIX sh early, in case the configure script causes
# `command -p getconf` to fail in a broken environment.",['broken'],Autotool,0,74,75
2335,tarsnap/tarsnap,https://github.com/tarsnap/tarsnap/blob/cd81b8e3a3f8f8daad8243239a151fb213e8c8bd/configure.ac#L161,# Check if we're on an operating system with a broken TCP_NOPUSH,['broken'],Autotool,0,161,161
2335,tarsnap/tarsnap,https://github.com/tarsnap/tarsnap/blob/cd81b8e3a3f8f8daad8243239a151fb213e8c8bd/configure.ac#L289,"# If you have uintmax_t, we assume printf supports %ju
# If you have unsigned long long, we assume printf supports %llu
# TODO: Check for %ju and %llu support directly.",['todo'],Autotool,0,289,291
2335,tarsnap/tarsnap,https://github.com/tarsnap/tarsnap/blob/cd81b8e3a3f8f8daad8243239a151fb213e8c8bd/configure.ac#L300,"# TODO: If any of these are missing, define them right here.",['todo'],Autotool,0,300,300
