repoIndex,repoName,linkLocation,comment,keywords,buildSysteminFile,charPosition,startLine,endLine
23456,cjcliffe/cubicsdr,https://github.com/cjcliffe/cubicsdr/blob/ba7a35c336f8a8e0af8154b3075e5a3ac2b87c70/CMakeLists.txt#L195,"# TODO:
# set(USE_AUDIO_ASIO OFF CACHE BOOL ""Include support for ASIO Audio"")",['todo'],CMake,4,195,196
23456,cjcliffe/cubicsdr,https://github.com/cjcliffe/cubicsdr/blob/ba7a35c336f8a8e0af8154b3075e5a3ac2b87c70/cmake/Modules/Findhamlib.cmake#L1,"# - Try to find Hamlib
# Author: George L. Emigh - AB4BD
# 
# Change Log: Charles J. Cliffe <cj@cubicproductions.com>
#  Updates: 
#       Jan 2015 - Add /opt/ paths for OSX MacPorts
#                - Fix HAMLIB_INCLUDE_DIR absolute search
#                - Add static lib support
#  TODO: 
#       Windows support
#
# HAMLIB_FOUND - system has Hamlib
# HAMLIB_LIBRARY - location of the library for hamlib
# HAMLIB_INCLUDE_DIR - location of the include files for hamlib","['fix', 'todo']",CMake,0,1,14
