repoIndex,repoName,linkLocation,comment,keywords,buildSysteminFile,charPosition,startLine,endLine
23483,yosyshq/nextpnr,https://github.com/yosyshq/nextpnr/blob/f4e6bbd383f6c434c3285fafeb6f73d77fa4f613/3rdparty/googletest/googlemock/Makefile.am#L135,"# Pump scripts for generating Google Mock headers.
# TODO(chandlerc@google.com): automate the generation of *.h from *.h.pump.",['todo'],Autotool,0,135,136
23483,yosyshq/nextpnr,https://github.com/yosyshq/nextpnr/blob/f4e6bbd383f6c434c3285fafeb6f73d77fa4f613/3rdparty/googletest/googlemock/Makefile.am#L193,# TODO(vladl@google.com): Find a way to add Google Tests's sources here.,['todo'],Autotool,0,193,193
23483,yosyshq/nextpnr,https://github.com/yosyshq/nextpnr/blob/f4e6bbd383f6c434c3285fafeb6f73d77fa4f613/3rdparty/googletest/googlemock/configure.ac#L27,"# TODO(chandlerc@google.com): Currently we aren't running the Python tests
# against the interpreter detected by AM_PATH_PYTHON, and so we condition
# HAVE_PYTHON by requiring ""python"" to be in the PATH, and that interpreter's
# version to be >= 2.3. This will allow the scripts to use a ""/usr/bin/env""
# hashbang.",['todo'],Autotool,0,27,31
23483,yosyshq/nextpnr,https://github.com/yosyshq/nextpnr/blob/f4e6bbd383f6c434c3285fafeb6f73d77fa4f613/3rdparty/googletest/googlemock/configure.ac#L38,# TODO(chandlerc@google.com) Check for the necessary system headers.,['todo'],Autotool,0,38,38
23483,yosyshq/nextpnr,https://github.com/yosyshq/nextpnr/blob/f4e6bbd383f6c434c3285fafeb6f73d77fa4f613/3rdparty/googletest/googlemock/configure.ac#L86,"# Setup various GTEST variables. TODO(chandlerc@google.com): When these are
# used below, they should be used such that any pre-existing values always
# trump values we set them to, so that they can be used to selectively override
# details of the detection process.",['todo'],Autotool,0,86,89
23483,yosyshq/nextpnr,https://github.com/yosyshq/nextpnr/blob/f4e6bbd383f6c434c3285fafeb6f73d77fa4f613/3rdparty/googletest/googlemock/configure.ac#L142,"# TODO(chandlerc@google.com) Check the types, structures, and other compiler
# and architecture characteristics.",['todo'],Autotool,0,142,143
23483,yosyshq/nextpnr,https://github.com/yosyshq/nextpnr/blob/f4e6bbd383f6c434c3285fafeb6f73d77fa4f613/3rdparty/googletest/googletest/configure.ac#L32,"# TODO(chandlerc@google.com): Currently we aren't running the Python tests
# against the interpreter detected by AM_PATH_PYTHON, and so we condition
# HAVE_PYTHON by requiring ""python"" to be in the PATH, and that interpreter's
# version to be >= 2.3. This will allow the scripts to use a ""/usr/bin/env""
# hashbang.",['todo'],Autotool,0,32,36
23483,yosyshq/nextpnr,https://github.com/yosyshq/nextpnr/blob/f4e6bbd383f6c434c3285fafeb6f73d77fa4f613/3rdparty/googletest/googletest/configure.ac#L62,# TODO(chandlerc@google.com) Check for the necessary system headers.,['todo'],Autotool,0,62,62
23483,yosyshq/nextpnr,https://github.com/yosyshq/nextpnr/blob/f4e6bbd383f6c434c3285fafeb6f73d77fa4f613/3rdparty/googletest/googletest/configure.ac#L64,"# TODO(chandlerc@google.com) Check the types, structures, and other compiler
# and architecture characteristics.",['todo'],Autotool,0,64,65
23483,yosyshq/nextpnr,https://github.com/yosyshq/nextpnr/blob/f4e6bbd383f6c434c3285fafeb6f73d77fa4f613/CMakeLists.txt#L178,# TODO: sensible minimum Python version,['todo'],CMake,4,178,178
23483,yosyshq/nextpnr,https://github.com/yosyshq/nextpnr/blob/f4e6bbd383f6c434c3285fafeb6f73d77fa4f613/3rdparty/pybind11/CMakeLists.txt#L10,"# The `cmake_minimum_required(VERSION 3.4...3.22)` syntax does not work with
# some versions of VS that have a patched CMake 3.11. This forces us to emulate
# the behavior using the following workaround:",['workaround'],CMake,0,10,12
23483,yosyshq/nextpnr,https://github.com/yosyshq/nextpnr/blob/f4e6bbd383f6c434c3285fafeb6f73d77fa4f613/3rdparty/pybind11/CMakeLists.txt#L201,"# https://github.com/jtojnar/cmake-snips/#concatenating-paths-when-building-pkg-config-files
# TODO: cmake 3.20 adds the cmake_path() function, which obsoletes this snippet",['todo'],CMake,0,201,202
23483,yosyshq/nextpnr,https://github.com/yosyshq/nextpnr/blob/f4e6bbd383f6c434c3285fafeb6f73d77fa4f613/3rdparty/pybind11/tests/CMakeLists.txt#L10,"# The `cmake_minimum_required(VERSION 3.4...3.18)` syntax does not work with
# some versions of VS that have a patched CMake 3.11. This forces us to emulate
# the behavior using the following workaround:",['workaround'],CMake,0,10,12
23483,yosyshq/nextpnr,https://github.com/yosyshq/nextpnr/blob/f4e6bbd383f6c434c3285fafeb6f73d77fa4f613/3rdparty/pybind11/tests/test_cmake_build/installed_embed/CMakeLists.txt#L3,"# The `cmake_minimum_required(VERSION 3.4...3.18)` syntax does not work with
# some versions of VS that have a patched CMake 3.11. This forces us to emulate
# the behavior using the following workaround:",['workaround'],CMake,0,3,5
23483,yosyshq/nextpnr,https://github.com/yosyshq/nextpnr/blob/f4e6bbd383f6c434c3285fafeb6f73d77fa4f613/3rdparty/pybind11/tests/test_cmake_build/installed_function/CMakeLists.txt#L4,"# The `cmake_minimum_required(VERSION 3.4...3.18)` syntax does not work with
# some versions of VS that have a patched CMake 3.11. This forces us to emulate
# the behavior using the following workaround:",['workaround'],CMake,0,4,6
23483,yosyshq/nextpnr,https://github.com/yosyshq/nextpnr/blob/f4e6bbd383f6c434c3285fafeb6f73d77fa4f613/3rdparty/pybind11/tests/test_cmake_build/installed_target/CMakeLists.txt#L3,"# The `cmake_minimum_required(VERSION 3.4...3.18)` syntax does not work with
# some versions of VS that have a patched CMake 3.11. This forces us to emulate
# the behavior using the following workaround:",['workaround'],CMake,0,3,5
23483,yosyshq/nextpnr,https://github.com/yosyshq/nextpnr/blob/f4e6bbd383f6c434c3285fafeb6f73d77fa4f613/3rdparty/pybind11/tests/test_cmake_build/subdirectory_embed/CMakeLists.txt#L3,"# The `cmake_minimum_required(VERSION 3.4...3.18)` syntax does not work with
# some versions of VS that have a patched CMake 3.11. This forces us to emulate
# the behavior using the following workaround:",['workaround'],CMake,0,3,5
23483,yosyshq/nextpnr,https://github.com/yosyshq/nextpnr/blob/f4e6bbd383f6c434c3285fafeb6f73d77fa4f613/3rdparty/pybind11/tests/test_cmake_build/subdirectory_function/CMakeLists.txt#L3,"# The `cmake_minimum_required(VERSION 3.4...3.18)` syntax does not work with
# some versions of VS that have a patched CMake 3.11. This forces us to emulate
# the behavior using the following workaround:",['workaround'],CMake,0,3,5
23483,yosyshq/nextpnr,https://github.com/yosyshq/nextpnr/blob/f4e6bbd383f6c434c3285fafeb6f73d77fa4f613/3rdparty/pybind11/tests/test_cmake_build/subdirectory_target/CMakeLists.txt#L3,"# The `cmake_minimum_required(VERSION 3.4...3.18)` syntax does not work with
# some versions of VS that have a patched CMake 3.11. This forces us to emulate
# the behavior using the following workaround:",['workaround'],CMake,0,3,5
23483,yosyshq/nextpnr,https://github.com/yosyshq/nextpnr/blob/f4e6bbd383f6c434c3285fafeb6f73d77fa4f613/3rdparty/googletest/googletest/cmake/internal_utils.cmake#L56,"# Newlines inside flags variables break CMake's NMake generator.
# TODO(vladl@google.com): Add -RTCs and -RTCu to debug builds.",['todo'],CMake,4,56,57
23483,yosyshq/nextpnr,https://github.com/yosyshq/nextpnr/blob/f4e6bbd383f6c434c3285fafeb6f73d77fa4f613/fpga_interchange/family.cmake#L13,# FIXME: Make patch data available in the python package and remove this cached var,['fixme'],CMake,0,13,13
