repoIndex,repoName,linkLocation,comment,keywords,buildSysteminFile,charPosition,startLine,endLine
23496,multichain/multichain,https://github.com/multichain/multichain/blob/ac6f9c7736ba6eaa24cd07cbd0f2d3898f569f6c/configure.ac#L184,"## TODO: Remove these hard-coded paths and flags. They are here for the sake of
##       compatibility with the legacy buildsystem.
##",['todo'],Autotool,0,184,186
23496,multichain/multichain,https://github.com/multichain/multichain/blob/ac6f9c7736ba6eaa24cd07cbd0f2d3898f569f6c/configure.ac#L647,"dnl Boost >= 1.50 uses sleep_for rather than the now-deprecated sleep, however
dnl it was broken from 1.50 to 1.52 when backed by nanosleep. Use sleep_for if
dnl a working version is available, else fall back to sleep. sleep was removed
dnl after 1.56.
dnl If neither is available, abort.
dnl If sleep_for is used, boost_chrono becomes a requirement.",['broken'],Autotool,0,647,652
