repoIndex,repoName,linkLocation,comment,keywords,buildSysteminFile,charPosition,startLine,endLine
23654,ssbmtonberry/tileson,https://github.com/ssbmtonberry/tileson/blob/cfc16d3540d01ca630bdb15ccd4a22e0553219e6/external_libs/source/sfml/CMakeLists.txt#L133,"# this is a workaround to compile sfml-activity without the stl library as a dependency
# we save the original compilation command line to restore it later in Macro.cmake",['workaround'],CMake,4,133,134
23654,ssbmtonberry/tileson,https://github.com/ssbmtonberry/tileson/blob/cfc16d3540d01ca630bdb15ccd4a22e0553219e6/external_libs/source/sfml/CMakeLists.txt#L237,"# SFML_BUILD_FRAMEWORKS needs two things:
# first, it's available only for release
#    (because cmake currently doesn't allow specifying a custom framework name so XXX-d is not possible)
# secondly, it works only with BUILD_SHARED_LIBS enabled",['xxx'],CMake,4,237,240
23654,ssbmtonberry/tileson,https://github.com/ssbmtonberry/tileson/blob/cfc16d3540d01ca630bdb15ccd4a22e0553219e6/external_libs/source/sfml/CMakeLists.txt#L481,# fix CMake install rules broken for iOS (see http://public.kitware.com/Bug/view.php?id=12506),"['fix', 'broken']",CMake,4,481,481
23654,ssbmtonberry/tileson,https://github.com/ssbmtonberry/tileson/blob/cfc16d3540d01ca630bdb15ccd4a22e0553219e6/external_libs/source/sfml/cmake/toolchains/android.toolchain.cmake#L721,"# really dirty hack
# it is not possible to change CMAKE_SYSTEM_PROCESSOR after the first run...",['hack'],CMake,1,721,722
23654,ssbmtonberry/tileson,https://github.com/ssbmtonberry/tileson/blob/cfc16d3540d01ca630bdb15ccd4a22e0553219e6/external_libs/source/sfml/cmake/toolchains/android.toolchain.cmake#L1014,"# gnustl binary for 4.7 compiler is buggy :(
# TODO: look for right fix","['fix', 'todo']",CMake,4,1014,1015
23654,ssbmtonberry/tileson,https://github.com/ssbmtonberry/tileson/blob/cfc16d3540d01ca630bdb15ccd4a22e0553219e6/external_libs/source/sfml/cmake/toolchains/android.toolchain.cmake#L1082,# TODO: check if .so file exists before the renaming,['todo'],CMake,1,1082,1082
23654,ssbmtonberry/tileson,https://github.com/ssbmtonberry/tileson/blob/cfc16d3540d01ca630bdb15ccd4a22e0553219e6/external_libs/source/sfml/cmake/toolchains/android.toolchain.cmake#L1590,"# it is a bad hack after all
# CMake generates Ninja makefiles with UNIX paths only if it thinks that we are going to build with MinGW",['hack'],CMake,1,1590,1591
23654,ssbmtonberry/tileson,https://github.com/ssbmtonberry/tileson/blob/cfc16d3540d01ca630bdb15ccd4a22e0553219e6/external_libs/source/sfml/cmake/toolchains/android.toolchain.cmake#L1601,"# Variables controlling behavior or set by cmake toolchain:
#   ANDROID_ABI : ""armeabi-v7a"" (default), ""armeabi"", ""armeabi-v7a with NEON"", ""armeabi-v7a with VFPV3"", ""armeabi-v6 with VFP"", ""x86"", ""mips"", ""arm64-v8a"", ""x86_64"", ""mips64""
#   ANDROID_NATIVE_API_LEVEL : 3,4,5,8,9,14,15,16,17,18,19,21 (depends on NDK version)
#   ANDROID_STL : gnustl_static/gnustl_shared/stlport_static/stlport_shared/gabi++_static/gabi++_shared/system_re/system/none
#   ANDROID_FORBID_SYGWIN : ON/OFF
#   ANDROID_NO_UNDEFINED : ON/OFF
#   ANDROID_SO_UNDEFINED : OFF/ON  (default depends on NDK version)
#   ANDROID_FUNCTION_LEVEL_LINKING : ON/OFF
#   ANDROID_GOLD_LINKER : ON/OFF
#   ANDROID_NOEXECSTACK : ON/OFF
#   ANDROID_RELRO : ON/OFF
#   ANDROID_FORCE_ARM_BUILD : ON/OFF
#   ANDROID_STL_FORCE_FEATURES : ON/OFF
#   ANDROID_LIBM_PATH : path to libm.so (set to something like $(TOP)/out/target/product/<product_name>/obj/lib/libm.so) to workaround unresolved `sincos`
# Can be set only at the first run:
#   ANDROID_NDK : path to your NDK install
#   NDK_CCACHE : path to your ccache executable
#   ANDROID_TOOLCHAIN_NAME : the NDK name of compiler toolchain
#   ANDROID_NDK_HOST_X64 : try to use x86_64 toolchain (default for x64 host systems)
#   ANDROID_NDK_LAYOUT : the inner NDK structure (RELEASE, LINARO, ANDROID)
#   LIBRARY_OUTPUT_PATH_ROOT : <any valid path>
#   ANDROID_STANDALONE_TOOLCHAIN
#
# Primary read-only variables:
#   ANDROID : always TRUE
#   ARMEABI : TRUE for arm v6 and older devices
#   ARMEABI_V6 : TRUE for arm v6
#   ARMEABI_V7A : TRUE for arm v7a
#   ARM64_V8A : TRUE for arm64-v8a
#   NEON : TRUE if NEON unit is enabled
#   VFPV3 : TRUE if VFP version 3 is enabled
#   X86 : TRUE if configured for x86
#   X86_64 : TRUE if configured for x86_64
#   MIPS : TRUE if configured for mips
#   MIPS64 : TRUE if configured for mips64
#   BUILD_WITH_ANDROID_NDK : TRUE if NDK is used
#   BUILD_WITH_STANDALONE_TOOLCHAIN : TRUE if standalone toolchain is used
#   ANDROID_NDK_HOST_SYSTEM_NAME : ""windows"", ""linux-x86"" or ""darwin-x86"" depending on host platform
#   ANDROID_NDK_ABI_NAME : ""armeabi"", ""armeabi-v7a"", ""x86"", ""mips"", ""arm64-v8a"", ""x86_64"", ""mips64"" depending on ANDROID_ABI
#   ANDROID_NDK_RELEASE : from r5 to r10d; set only for NDK
#   ANDROID_NDK_RELEASE_NUM : numeric ANDROID_NDK_RELEASE version (1000*major+minor)
#   ANDROID_ARCH_NAME : ""arm"", ""x86"", ""mips"", ""arm64"", ""x86_64"", ""mips64"" depending on ANDROID_ABI
#   ANDROID_SYSROOT : path to the compiler sysroot
#   TOOL_OS_SUFFIX : """" or "".exe"" depending on host platform
#   ANDROID_COMPILER_IS_CLANG : TRUE if clang compiler is used
#
# Secondary (less stable) read-only variables:
#   ANDROID_COMPILER_VERSION : GCC version used (not Clang version)
#   ANDROID_CLANG_VERSION : version of clang compiler if clang is used
#   ANDROID_CXX_FLAGS : C/C++ compiler flags required by Android platform
#   ANDROID_SUPPORTED_ABIS : list of currently allowed values for ANDROID_ABI
#   ANDROID_TOOLCHAIN_MACHINE_NAME : ""arm-linux-androideabi"", ""arm-eabi"" or ""i686-android-linux""
#   ANDROID_TOOLCHAIN_ROOT : path to the top level of toolchain (standalone or placed inside NDK)
#   ANDROID_CLANG_TOOLCHAIN_ROOT : path to clang tools
#   ANDROID_SUPPORTED_NATIVE_API_LEVELS : list of native API levels found inside NDK
#   ANDROID_STL_INCLUDE_DIRS : stl include paths
#   ANDROID_RTTI : if rtti is enabled by the runtime
#   ANDROID_EXCEPTIONS : if exceptions are enabled by the runtime
#   ANDROID_GCC_TOOLCHAIN_NAME : read-only, differs from ANDROID_TOOLCHAIN_NAME only if clang is used
#
# Defaults:
#   ANDROID_DEFAULT_NDK_API_LEVEL
#   ANDROID_DEFAULT_NDK_API_LEVEL_${ARCH}
#   ANDROID_NDK_SEARCH_PATHS
#   ANDROID_SUPPORTED_ABIS_${ARCH}
#   ANDROID_SUPPORTED_NDK_VERSIONS",['workaround'],CMake,0,1601,1666
23654,ssbmtonberry/tileson,https://github.com/ssbmtonberry/tileson/blob/cfc16d3540d01ca630bdb15ccd4a22e0553219e6/external_libs/source/sfml/cmake/toolchains/iOS.toolchain.cmake#L96,"# hack: if a new cmake (which uses CMAKE_INSTALL_NAME_TOOL) runs on an old build tree
# (where install_name_tool was hardcoded) and where CMAKE_INSTALL_NAME_TOOL isn't in the cache
# and still cmake didn't fail in CMakeFindBinUtils.cmake (because it isn't rerun)
# hardcode CMAKE_INSTALL_NAME_TOOL here to install_name_tool, so it behaves as it did before, Alex",['hack'],CMake,0,96,99
