repoIndex,repoName,linkLocation,comment,keywords,buildSysteminFile,charPosition,startLine,endLine
23694,mediaeyeengineers/eyerplayer,https://github.com/mediaeyeengineers/eyerplayer/blob/ae1289cc2be57afdab2d0a97990027bbe52a2d08/tools/ios-cmake/example/example-lib/CMakeLists.txt#L32,"# Use the standard find_package, broken between 3.14.0 and 3.14.4 at least for XCtest...",['broken'],CMake,2,32,32
23694,mediaeyeengineers/eyerplayer,https://github.com/mediaeyeengineers/eyerplayer/blob/ae1289cc2be57afdab2d0a97990027bbe52a2d08/tools/ios-cmake/ios.toolchain.cmake#L165,"# Get the Xcode version being used.
# Problem: CMake runs toolchain files multiple times, but can't read cache variables on some runs.
# Workaround: On first run (in which cache variables are always accessible), set an intermediary environment variable.
#
# NOTE: This pattern is used i many places in this toolchain to speed up checks of all sorts",['workaround'],CMake,0,165,169
23694,mediaeyeengineers/eyerplayer,https://github.com/mediaeyeengineers/eyerplayer/blob/ae1289cc2be57afdab2d0a97990027bbe52a2d08/tools/ios-cmake/ios.toolchain.cmake#L192,# Temporarily fix the arm64 issues in CMake install-combined by excluding arm64 for simulator builds (needed for Apple Silicon...),['fix'],CMake,2,192,192
23694,mediaeyeengineers/eyerplayer,https://github.com/mediaeyeengineers/eyerplayer/blob/ae1289cc2be57afdab2d0a97990027bbe52a2d08/tools/ios-cmake/ios.toolchain.cmake#L224,# Fix for PThread library not in path,['fix'],CMake,0,224,224
