repoIndex,repoName,linkLocation,comment,keywords,buildSysteminFile,charPosition,startLine,endLine
23859,cambricon/cnstream,https://github.com/cambricon/cnstream/blob/7c5e8e0c09b8bf37d17d1216cd23b650c46fe20a/3rdparty/pybind11/CMakeLists.txt#L10,"# The `cmake_minimum_required(VERSION 3.4...3.18)` syntax does not work with
# some versions of VS that have a patched CMake 3.11. This forces us to emulate
# the behavior using the following workaround:",['workaround'],CMake,0,10,12
23859,cambricon/cnstream,https://github.com/cambricon/cnstream/blob/7c5e8e0c09b8bf37d17d1216cd23b650c46fe20a/3rdparty/googletest/googletest/cmake/internal_utils.cmake#L73,"# Newlines inside flags variables break CMake's NMake generator.
# TODO(vladl@google.com): Add -RTCs and -RTCu to debug builds.",['todo'],CMake,4,73,74
23859,cambricon/cnstream,https://github.com/cambricon/cnstream/blob/7c5e8e0c09b8bf37d17d1216cd23b650c46fe20a/3rdparty/pybind11/tools/pybind11Common.cmake#L70,"# Workaround for Python 2.7 and C++17 (C++14 as a warning) incompatibility
# This adds the flags -Wno-register and -Wno-deprecated-register if the compiler
# is Clang 3.9+ or AppleClang and the compile language is CXX, or /wd5033 for MSVC (all languages,
# since MSVC didn't recognize COMPILE_LANGUAGE until CMake 3.11+).",['workaround'],CMake,0,70,73
