repoIndex,repoName,linkLocation,comment,keywords,buildSysteminFile,charPosition,startLine,endLine
23864,robotology/gym-ignition,https://github.com/robotology/gym-ignition/blob/fa14f7f8f667cf84bf226756cea158ec0f5c3d23/scenario/src/controllers/CMakeLists.txt#L26,"# https://stackoverflow.com/a/29214327
# As a workaround target_sources can be used, however it requires more
# boilerplate code and it has probles when exporting the INTERFACE target:
# https://crascit.com/2016/01/31/enhanced-source-file-handling-with-target_sources/",['workaround'],CMake,0,26,29
23864,robotology/gym-ignition,https://github.com/robotology/gym-ignition/blob/fa14f7f8f667cf84bf226756cea158ec0f5c3d23/scenario/src/core/CMakeLists.txt#L25,"# https://stackoverflow.com/a/29214327
# As a workaround target_sources can be used, however it requires more
# boilerplate code and it has probles when exporting the INTERFACE target:
# https://crascit.com/2016/01/31/enhanced-source-file-handling-with-target_sources/",['workaround'],CMake,0,25,28
23864,robotology/gym-ignition,https://github.com/robotology/gym-ignition/blob/fa14f7f8f667cf84bf226756cea158ec0f5c3d23/scenario/src/gazebo/CMakeLists.txt#L59,"# https://stackoverflow.com/a/29214327
# As a workaround target_sources can be used, however it requires more
# boilerplate code and it has probles when exporting the INTERFACE target:
# https://crascit.com/2016/01/31/enhanced-source-file-handling-with-target_sources/",['workaround'],CMake,0,59,62
23864,robotology/gym-ignition,https://github.com/robotology/gym-ignition/blob/fa14f7f8f667cf84bf226756cea158ec0f5c3d23/scenario/cmake/AliasImportedTarget.cmake#L79,# TODO Use ZIP_LISTS with CMake > 3.17,['todo'],CMake,8,79,79
23864,robotology/gym-ignition,https://github.com/robotology/gym-ignition/blob/fa14f7f8f667cf84bf226756cea158ec0f5c3d23/scenario/cmake/FindPackageMessage.cmake#L4,"#[=======================================================================[.rst:
FindPackageMessage
------------------

.. code-block:: cmake

  find_package_message(<name> ""message for user"" ""find result details"")

This function is intended to be used in FindXXX.cmake modules files.
It will print a message once for each unique find result.  This is
useful for telling the user where a package was found.  The first
argument specifies the name (XXX) of the package.  The second argument
specifies the message to display.  The third argument lists details
about the find result so that if they change the message will be
displayed again.  The macro also obeys the QUIET argument to the
find_package command.

Example:

.. code-block:: cmake

  if(X11_FOUND)
    find_package_message(X11 ""Found X11: ${X11_X11_LIB}""
      ""[${X11_X11_LIB}][${X11_INCLUDE_DIR}]"")
  else()
   ...
  endif()
#]=======================================================================]",['xxx'],CMake,0,4,31
