repoIndex,repoName,linkLocation,comment,keywords,buildSysteminFile,charPosition,startLine,endLine
23911,masd-project/dogen,https://github.com/masd-project/dogen/blob/d1381c65c6f55f574a74b696f3101437ac2b2fff/projects/CMakeLists.txt#L187,"#
# user includes.
# FIXME: temporary hack until we add local include support to generated
# FIXME: CMakeFiles. This is required to get the Nightly build to work.
#","['hack', 'fixme']",CMake,0,187,191
23911,masd-project/dogen,https://github.com/masd-project/dogen/blob/d1381c65c6f55f574a74b696f3101437ac2b2fff/test_data/CMakeLists.txt#L33,"# Its not exactly clear what the below line is doing but it
# copies a number of the test data files into the test data
# directories. We are probably doing extra work by copying it
# here, then deleting it in test models and copying again.
# FIXME: investigate this",['fixme'],CMake,8,33,37
