repoIndex,repoName,linkLocation,comment,keywords,buildSysteminFile,charPosition,startLine,endLine
24058,xlgames-inc/xle,https://github.com/xlgames-inc/xle/blob/69cc4f2aa4faf12ed15bb4291c6992c83597899c/Foreign/Antlr-3.4/libantlr3c-3.4/aclocal.m4#L396,"# AM_OUTPUT_DEPENDENCY_COMMANDS
# -----------------------------
# This macro should only be invoked once -- use via AC_REQUIRE.
#
# This code is only required when automatic dependency tracking
# is enabled.  FIXME.  This creates each `.P' file that we will
# need in order to bootstrap the dependency handling code.",['fixme'],Autotool,0,396,402
24058,xlgames-inc/xle,https://github.com/xlgames-inc/xle/blob/69cc4f2aa4faf12ed15bb4291c6992c83597899c/Foreign/Antlr-3.4/libantlr3c-3.4/aclocal.m4#L830,"# If neither matched, then we have a broken ls.  This can happen
# if, for instance, CONFIG_SHELL is bash and it inherits a
# broken ls alias from the environment.  This has actually
# happened.  Such a system could not be considered ""sane"".",['broken'],Autotool,6,830,833
24058,xlgames-inc/xle,https://github.com/xlgames-inc/xle/blob/69cc4f2aa4faf12ed15bb4291c6992c83597899c/Foreign/eigen/CMakeLists.txt#L351,"# fixme, not sure this line is still needed:",['fixme'],CMake,0,351,351
24058,xlgames-inc/xle,https://github.com/xlgames-inc/xle/blob/69cc4f2aa4faf12ed15bb4291c6992c83597899c/Foreign/eigen/CMakeLists.txt#L376,"# TODO: consider also replacing EIGEN_BUILD_BTL by a custom target ""make btl""?",['todo'],CMake,0,376,376
24058,xlgames-inc/xle,https://github.com/xlgames-inc/xle/blob/69cc4f2aa4faf12ed15bb4291c6992c83597899c/Foreign/FreeType/builds/cmake/iOS.cmake#L136,"# hack: If a new cmake (which uses CMAKE_INSTALL_NAME_TOOL) runs on an old
#       build tree (where `install_name_tool' was hardcoded), and where
#       CMAKE_INSTALL_NAME_TOOL isn't in the cache and still cmake didn't
#       fail in `CMakeFindBinUtils.cmake' (because it isn't rerun), hardcode
#       CMAKE_INSTALL_NAME_TOOL here to `install_name_tool' so it behaves as
#       it did before.",['hack'],CMake,0,136,141
24058,xlgames-inc/xle,https://github.com/xlgames-inc/xle/blob/69cc4f2aa4faf12ed15bb4291c6992c83597899c/Foreign/cml-1_0_2/CMLConfig.cmake#L36,"# XXX Importing build settings for a header-only library leads to annoying
# ""Setting CML_BUILD_TYPE to T"" warnings:
# File containing the original CML build configuration:
# SET(CML_BUILD_SETTINGS_FILE ""${CML_DIR}/CMLBuildSettings.cmake"")",['xxx'],CMake,0,36,39
