repoIndex,repoName,linkLocation,comment,keywords,buildSysteminFile,charPosition,startLine,endLine
24107,keyvidev/keyvi,https://github.com/keyvidev/keyvi/blob/44189c1d563c89d82eff9bb548567ab9969769e2/keyvi/3rdparty/rapidjson/CMakeLists.txt#L74,"#FIXME: x86 is -march=native, but doesn't mean every arch is this option. To keep original project's compatibility, I leave this except POWER.",['fixme'],CMake,10,74,74
24107,keyvidev/keyvi,https://github.com/keyvidev/keyvi/blob/44189c1d563c89d82eff9bb548567ab9969769e2/keyvi/3rdparty/rapidjson/CMakeLists.txt#L108,"#FIXME: x86 is -march=native, but doesn't mean every arch is this option. To keep original project's compatibility, I leave this except POWER.",['fixme'],CMake,8,108,108
24107,keyvidev/keyvi,https://github.com/keyvidev/keyvi/blob/44189c1d563c89d82eff9bb548567ab9969769e2/cmake_modules/FindSphinx.cmake#L16,"# sphinx-(build|quickstart)-3 x.x.x
# FIXME: This works on Fedora (and probably most other UNIX like targets).
#        Windows targets and PIP installs might need some work.",['fixme'],CMake,2,16,18
