repoIndex,repoName,linkLocation,comment,keywords,buildSysteminFile,charPosition,startLine,endLine
24266,bdonnot/lightsim2grid,https://github.com/bdonnot/lightsim2grid/blob/911390a71b9a33062f0802deae39f43adce64673/build_cmake/CMakeLists.txt#L54,# Fix GKlib path:,['fix'],CMake,0,54,54
24266,bdonnot/lightsim2grid,https://github.com/bdonnot/lightsim2grid/blob/911390a71b9a33062f0802deae39f43adce64673/build_cmake/CMakeLists.txt#L96,"## prepare the installation :
## using metis target here is not possible because this target is added in another branch of the CMake structure
## TRICK: need to dynamically modify the metis CMakeLists.txt file before it going to parsed...
## (very ugly/poor for a metis project get from SCM (git/svn/cvs) but it's works ;) and it doesn't matter if metis was get from .zip)",['ugly'],CMake,1,96,99
24266,bdonnot/lightsim2grid,https://github.com/bdonnot/lightsim2grid/blob/911390a71b9a33062f0802deae39f43adce64673/build_cmake/cmake/HunterGate.cmake#L456,"# Beautify path, fix probable problems with windows path slashes",['fix'],CMake,4,456,456
