repoIndex,repoName,linkLocation,comment,keywords,buildSysteminFile,charPosition,startLine,endLine
24298,stepmania/stepmania,https://github.com/stepmania/stepmania/blob/d10f433de0a82d6df89d6f6cc860680de28bb4a9/Makefile.am#L34,# todo: properly remove data,['todo'],Autotool,0,34,34
24298,stepmania/stepmania,https://github.com/stepmania/stepmania/blob/d10f433de0a82d6df89d6f6cc860680de28bb4a9/src/Makefile.am#L264,# XXX We need a GTK DialogDriver for Linux,['xxx'],Autotool,1,264,264
24298,stepmania/stepmania,https://github.com/stepmania/stepmania/blob/d10f433de0a82d6df89d6f6cc860680de28bb4a9/src/Makefile.am#L386,"# XXX We may want to ditch DirectShow in favor of using ffmpeg on all platforms.
# FIXME BROKEN
# MovieTexture += arch/MovieTexture/MovieTexture_DShow.cpp arch/MovieTexture/MovieTexture_DShow.h \
#	arch/MovieTexture/MovieTexture_DShowHelper.cpp arch/MovieTexture/MovieTexture_DShowHelper.h","['xxx', 'fixme', 'broken']",Autotool,1,386,389
24298,stepmania/stepmania,https://github.com/stepmania/stepmania/blob/d10f433de0a82d6df89d6f6cc860680de28bb4a9/src/Makefile.am#L391,# XXX: Do we want to detect DirectX SDK and selectively enable DirectX drivers?,['xxx'],Autotool,1,391,391
24298,stepmania/stepmania,https://github.com/stepmania/stepmania/blob/d10f433de0a82d6df89d6f6cc860680de28bb4a9/src/Makefile.am#L405,"# FIXME: BROKEN
# 	arch/Sound/RageSoundDriver_WDMKS.cpp arch/Sound/RageSoundDriver_WDMKS.h","['fixme', 'broken']",Autotool,0,405,406
24298,stepmania/stepmania,https://github.com/stepmania/stepmania/blob/d10f433de0a82d6df89d6f6cc860680de28bb4a9/configure.ac#L30,# HACK: The prebuilts are 32bit only. Force the issue.,['hack'],Autotool,1,30,30
24298,stepmania/stepmania,https://github.com/stepmania/stepmania/blob/d10f433de0a82d6df89d6f6cc860680de28bb4a9/configure.ac#L98,"# Some (broken?) versions of gcc treat char as unsigned, check for that.",['broken'],Autotool,0,98,98
24298,stepmania/stepmania,https://github.com/stepmania/stepmania/blob/d10f433de0a82d6df89d6f6cc860680de28bb4a9/configure.ac#L280,# HACK: The iconv check can pass erroneously on mingw64 under some conditions I'm not really sure of.,['hack'],Autotool,0,280,280
24298,stepmania/stepmania,https://github.com/stepmania/stepmania/blob/d10f433de0a82d6df89d6f6cc860680de28bb4a9/configure.ac#L335,# TODO: This should have a --with option to force it on,['todo'],Autotool,0,335,335
24298,stepmania/stepmania,https://github.com/stepmania/stepmania/blob/d10f433de0a82d6df89d6f6cc860680de28bb4a9/configure.ac#L342,# XXX: This isn't always being included when it is needed. Just force it in.,['xxx'],Autotool,0,342,342
24298,stepmania/stepmania,https://github.com/stepmania/stepmania/blob/d10f433de0a82d6df89d6f6cc860680de28bb4a9/extern/mad-0.15.1b/configure.ac#L304,# FIXME: need to test for 64-bit long long...,['fixme'],Autotool,1,304,304
24298,stepmania/stepmania,https://github.com/stepmania/stepmania/blob/d10f433de0a82d6df89d6f6cc860680de28bb4a9/extern/libpng/aclocal.m4#L365,"# Older Autoconf quotes --file arguments for eval, but not when files
# are listed without --file.  Let's play safe and only enable the eval
# if we detect the quoting.
# TODO: see whether this extra hack can be removed once we start
# requiring Autoconf 2.70 or later.","['todo', 'hack']",Autotool,2,365,369
24298,stepmania/stepmania,https://github.com/stepmania/stepmania/blob/d10f433de0a82d6df89d6f6cc860680de28bb4a9/extern/libpng/aclocal.m4#L842,"# Losing compiler, so override with the script.
# FIXME: It is wrong to rewrite CC.
# But if we don't then we get into trouble of one sort or another.
# A longer-term fix would be to have automake use am__CC in this case,
# and then we could set am__CC=""\$(top_srcdir)/compile \$(CC)""","['fix', 'fixme']",Autotool,3,842,846
24298,stepmania/stepmania,https://github.com/stepmania/stepmania/blob/d10f433de0a82d6df89d6f6cc860680de28bb4a9/extern/libpng/aclocal.m4#L913,"# If neither matched, then we have a broken ls.  This can happen
# if, for instance, CONFIG_SHELL is bash and it inherits a
# broken ls alias from the environment.  This has actually
# happened.  Such a system could not be considered ""sane"".",['broken'],Autotool,1,913,916
24298,stepmania/stepmania,https://github.com/stepmania/stepmania/blob/d10f433de0a82d6df89d6f6cc860680de28bb4a9/src/CMakeLists.txt#L74,# TODO: Make this actually be data and not an executable.,['todo'],CMake,0,74,74
24298,stepmania/stepmania,https://github.com/stepmania/stepmania/blob/d10f433de0a82d6df89d6f6cc860680de28bb4a9/src/CMakeLists.txt#L164,# TODO: Find a way to do this cleanly for non MSVC users.,['todo'],CMake,2,164,164
24298,stepmania/stepmania,https://github.com/stepmania/stepmania/blob/d10f433de0a82d6df89d6f6cc860680de28bb4a9/src/CMakeLists.txt#L188,"# TODO: Remove this
# potential duplicate.",['todo'],CMake,55,188,189
24298,stepmania/stepmania,https://github.com/stepmania/stepmania/blob/d10f433de0a82d6df89d6f6cc860680de28bb4a9/src/CMakeLists.txt#L564,# Unix / Linux TODO: Remember to find and locate the zip archive files.,['todo'],CMake,7,564,564
24298,stepmania/stepmania,https://github.com/stepmania/stepmania/blob/d10f433de0a82d6df89d6f6cc860680de28bb4a9/src/CMakeLists.txt#L617,"# PACKAGE_NAME and PACKAGE_VERSION are only used in this scenario. Why is
# not clear. TODO: Remove this silliness.",['todo'],CMake,4,617,618
24298,stepmania/stepmania,https://github.com/stepmania/stepmania/blob/d10f433de0a82d6df89d6f6cc860680de28bb4a9/src/CMakeLists.txt#L716,"# FIXME: This makes no sense...
#list(APPEND SM_INCLUDE_DIRS ${DIRECTX_INCLUDE_DIR})",['fixme'],CMake,2,716,717
24298,stepmania/stepmania,https://github.com/stepmania/stepmania/blob/d10f433de0a82d6df89d6f6cc860680de28bb4a9/StepmaniaCore.cmake#L19,# TODO: Reconsile the OS dependent naming scheme.,['todo'],CMake,0,19,19
24298,stepmania/stepmania,https://github.com/stepmania/stepmania/blob/d10f433de0a82d6df89d6f6cc860680de28bb4a9/StepmaniaCore.cmake#L220,# TODO: Identify which headers to check for ensuring this will always work.,['todo'],CMake,2,220,220
24298,stepmania/stepmania,https://github.com/stepmania/stepmania/blob/d10f433de0a82d6df89d6f6cc860680de28bb4a9/CMake/CMakeMacros.cmake#L19,"# Borrowed from http://stackoverflow.com/a/7172941/445373 TODO: Upgrade to cmake
# 3.x so that this function is not needed.",['todo'],CMake,0,19,20
24298,stepmania/stepmania,https://github.com/stepmania/stepmania/blob/d10f433de0a82d6df89d6f6cc860680de28bb4a9/extern/CMakeProject-mad.cmake#L61,"# TODO: Remove the need for this check since it's tied to 32-bit builds from
# first glance.",['todo'],CMake,4,61,62
24298,stepmania/stepmania,https://github.com/stepmania/stepmania/blob/d10f433de0a82d6df89d6f6cc860680de28bb4a9/extern/CMakeProject-mad.cmake#L74,# TODO: Provide a proper define for inline.,['todo'],CMake,4,74,74
24298,stepmania/stepmania,https://github.com/stepmania/stepmania/blob/d10f433de0a82d6df89d6f6cc860680de28bb4a9/src/CMakeData-arch.cmake#L231,# Unix/Linux TODO: Linux HAVE_PARALLEL_PORT,['todo'],CMake,9,231,231
24298,stepmania/stepmania,https://github.com/stepmania/stepmania/blob/d10f433de0a82d6df89d6f6cc860680de28bb4a9/src/CMakeData-globals.cmake#L5,# TODO: Refactor into separate main project.,['todo'],CMake,28,5,5
24298,stepmania/stepmania,https://github.com/stepmania/stepmania/blob/d10f433de0a82d6df89d6f6cc860680de28bb4a9/src/CMakeData-globals.cmake#L12,# TODO: Have this be auto-generated.,['todo'],CMake,28,12,12
24298,stepmania/stepmania,https://github.com/stepmania/stepmania/blob/d10f433de0a82d6df89d6f6cc860680de28bb4a9/src/CMakeData-globals.cmake#L14,"# TODO: Remove the need for this file, transition to
# std::string.",['todo'],CMake,26,14,15
24298,stepmania/stepmania,https://github.com/stepmania/stepmania/blob/d10f433de0a82d6df89d6f6cc860680de28bb4a9/src/CMakeData-globals.cmake#L16,# TODO: Refactor into separate main project.,['todo'],CMake,26,16,16
24298,stepmania/stepmania,https://github.com/stepmania/stepmania/blob/d10f433de0a82d6df89d6f6cc860680de28bb4a9/src/CMakeData-os.cmake#L85,"# TODO: X11 check, crash handler check",['todo'],CMake,30,85,85
24298,stepmania/stepmania,https://github.com/stepmania/stepmania/blob/d10f433de0a82d6df89d6f6cc860680de28bb4a9/src/CMakeData-rage.cmake#L1,# TODO: Turn Rage into a libary.,['todo'],CMake,0,1,1
24298,stepmania/stepmania,https://github.com/stepmania/stepmania/blob/d10f433de0a82d6df89d6f6cc860680de28bb4a9/src/CMakeData-rage.cmake#L13,"# TODO: Remove the need for this and replace
# with c++11 smart pointers",['todo'],CMake,33,13,14
