repoIndex,repoName,linkLocation,comment,keywords,buildSysteminFile,charPosition,startLine,endLine
24474,lanl/parthenon,https://github.com/lanl/parthenon/blob/10c6d8e991e5ba9f3a58421b863f178b8c241c06/src/CMakeLists.txt#L15,# TODO: Figure out what to put here,['todo'],CMake,43,15,15
24474,lanl/parthenon,https://github.com/lanl/parthenon/blob/10c6d8e991e5ba9f3a58421b863f178b8c241c06/src/CMakeLists.txt#L88,# TODO: Add option to disable exceptions,['todo'],CMake,49,88,88
24474,lanl/parthenon,https://github.com/lanl/parthenon/blob/10c6d8e991e5ba9f3a58421b863f178b8c241c06/src/CMakeLists.txt#L90,# TODO: Put something more descriptive here,['todo'],CMake,42,90,90
24474,lanl/parthenon,https://github.com/lanl/parthenon/blob/10c6d8e991e5ba9f3a58421b863f178b8c241c06/src/CMakeLists.txt#L91,# TODO: Put something more descriptive here,['todo'],CMake,40,91,91
24474,lanl/parthenon,https://github.com/lanl/parthenon/blob/10c6d8e991e5ba9f3a58421b863f178b8c241c06/src/CMakeLists.txt#L93,# TODO: Make this an option when more are available,['todo'],CMake,38,93,93
