repoIndex,repoName,linkLocation,comment,keywords,buildSysteminFile,charPosition,startLine,endLine
24488,sciinstitute/cleaver2,https://github.com/sciinstitute/cleaver2/blob/115e7a2004be80ed634931705456bfe28310b81f/src/CMakeLists.txt#L66,# TODO(jonbronson): Change to not use ITK by default once teem is added.,['todo'],CMake,0,66,66
24488,sciinstitute/cleaver2,https://github.com/sciinstitute/cleaver2/blob/115e7a2004be80ed634931705456bfe28310b81f/src/lib/cleaver/CMakeLists.txt#L86,#TODO: Needs to be added to installation step for using as a lib,['todo'],CMake,22,86,86
24488,sciinstitute/cleaver2,https://github.com/sciinstitute/cleaver2/blob/115e7a2004be80ed634931705456bfe28310b81f/src/test/cli/CMakeLists.txt#L34,"# TODO: Appears to have external dependency. Investigate/Fix.
# newtest(cli_segmentation cli_common.cpp)","['fix', 'todo']",CMake,0,34,35
24488,sciinstitute/cleaver2,https://github.com/sciinstitute/cleaver2/blob/115e7a2004be80ed634931705456bfe28310b81f/src/lib/teem/CMake/TestNO_ICC_IDYNAMIC_NEEDED.cmake#L46,"#Test did not compile, either badly broken compiler, or intel -i_dynamic needed",['broken'],CMake,12,46,46
