repoIndex,repoName,linkLocation,comment,keywords,buildSysteminFile,charPosition,startLine,endLine
24663,citra-emu/citra-android,https://github.com/citra-emu/citra-android/blob/6f6f9a091085305154375028f3342aad16697f3c/CMakeLists.txt#L161,# TODO(yuriks): Make FindSDL2.cmake export an IMPORTED library instead,['todo'],CMake,8,161,161
24663,citra-emu/citra-android,https://github.com/citra-emu/citra-android/blob/6f6f9a091085305154375028f3342aad16697f3c/externals/cryptopp/CMakeLists.txt#L1,"# The CMakeLists.txt shipped with cryptopp pollutes our option list and installation list,
# so we made our own one. This is basically a trimmed down version of the shipped CMakeLists.txt
# The differences are:
#  - removed support for legacy CMake versions
#  - removed support for 32-bit
#  - removed -march=native flag
#  - removed rdrand module.asm as a workaround for an issue (see below)
#  - added prefix ""CRYPTOPP_"" to all option names
#  - disabled testing
#  - disabled installation
#  - disabled documentation
#  - configured to build a static library only
#  - adds include directories to the library target",['workaround'],CMake,0,1,13
24663,citra-emu/citra-android,https://github.com/citra-emu/citra-android/blob/6f6f9a091085305154375028f3342aad16697f3c/externals/cryptopp/CMakeLists.txt#L180,"# Note that we removed rdrand.asm. This is a workaround for the issue that rdrand.asm cannnot compiled properly
# on MSVC. Because there is also a rdrand.S file in the submodule, CMake will specify the target path for
# rdrand.asm as ""/crytopp.dir/{Debug|Release}/cryptopp/rdrand.asm.obj"". The additional target folder ""cryptopp""
# is specified because the file rdrand.asm is in the source folder ""cryptopp"". But MSVC assembler can't build
# target file to an non-existing folder(""cryptopp"").",['workaround'],CMake,8,180,184
24663,citra-emu/citra-android,https://github.com/citra-emu/citra-android/blob/6f6f9a091085305154375028f3342aad16697f3c/CMakeModules/MinGWCross.cmake#L4,"# Actually a hack, w/o this will cause some strange errors",['hack'],CMake,0,4,4
24663,citra-emu/citra-android,https://github.com/citra-emu/citra-android/blob/6f6f9a091085305154375028f3342aad16697f3c/externals/cmake-modules/GetGitRevisionDescription.cmake#L125,"# TODO sanitize
#if((${ARGN}"" MATCHES ""&&"") OR
#	(ARGN MATCHES ""||"") OR
#	(ARGN MATCHES ""\\;""))
#	message(""Please report the following error to the project!"")
#	message(FATAL_ERROR ""Looks like someone's doing something nefarious with git_describe! Passed arguments ${ARGN}"")
#endif()",['todo'],CMake,1,125,131
