repoIndex,repoName,linkLocation,comment,keywords,buildSysteminFile,charPosition,startLine,endLine
24675,openphdguiding/phd2,https://github.com/openphdguiding/phd2/blob/bdcc64afc2d74fc0c6de7a81cc10430ee3f46f37/CMakeLists.txt#L609,# this is a workaround to what looks like a bug on cmake for Makefile generators,['workaround'],CMake,2,609,609
24675,openphdguiding/phd2,https://github.com/openphdguiding/phd2/blob/bdcc64afc2d74fc0c6de7a81cc10430ee3f46f37/CMakeLists.txt#L886,"# because of wXWidget (wxStandardPaths::IgnoreAppBuildSubDirs)
# the paths ""Debug"", ""Release"" are discarded, and the parent path
# is considered instead as the application directory
# This is only for running the app from a Development environment
# (TODO: use only for multiconfig cmake projects)",['todo'],CMake,6,886,890
24675,openphdguiding/phd2,https://github.com/openphdguiding/phd2/blob/bdcc64afc2d74fc0c6de7a81cc10430ee3f46f37/cmake_modules/PHD2GenerateDocScript.cmake#L68,"# TODO check if the zip is available (cmake version 3.2)
# if this is not the case, we might require 7zip and plug it as explained in here:
# http://stackoverflow.com/questions/7050997/zip-files-using-cmake",['todo'],CMake,0,68,70
24675,openphdguiding/phd2,https://github.com/openphdguiding/phd2/blob/bdcc64afc2d74fc0c6de7a81cc10430ee3f46f37/thirdparty/thirdparty.cmake#L728,"# todo: OSX build fails when Nova is found. I think it needs the include dir
# punting for now to get the build un-broken","['todo', 'broken']",CMake,6,728,729
24675,openphdguiding/phd2,https://github.com/openphdguiding/phd2/blob/bdcc64afc2d74fc0c6de7a81cc10430ee3f46f37/thirdparty/thirdparty.cmake#L1452,# temporarily disable qhy camera pending fix for link error on Ubuntu Trusty,['fix'],CMake,6,1452,1452
