repoIndex,repoName,linkLocation,comment,keywords,buildSysteminFile,charPosition,startLine,endLine
24703,u0u0/cocos2d-lua-community,https://github.com/u0u0/cocos2d-lua-community/blob/b82b6c743aef98b9eadb2c800f0ab77a348283a6/cocos/CMakeLists.txt#L167,"#if(XCODE)
#    # Later versions of Xcode clang want to compile C++17 with aligned allocation turned on and this is only supported on iOS 11.0+
#    # TODO: Only turn this off if ${CMAKE_XCODE_ATTRIBUTE_IPHONEOS_DEPLOYMENT_TARGET} < 11.0
#    target_compile_options(cocos2d PUBLIC $<$<COMPILE_LANGUAGE:CXX>:-fno-aligned-allocation>)
#endif()",['todo'],CMake,0,167,171
24703,u0u0/cocos2d-lua-community,https://github.com/u0u0/cocos2d-lua-community/blob/b82b6c743aef98b9eadb2c800f0ab77a348283a6/templates/CMakeLists.txt#L135,# fix archive no file,['fix'],CMake,67,135,135
24703,u0u0/cocos2d-lua-community,https://github.com/u0u0/cocos2d-lua-community/blob/b82b6c743aef98b9eadb2c800f0ab77a348283a6/tools/runner/CMakeLists.txt#L71,# fix archive no file,['fix'],CMake,67,71,71
