repoIndex,repoName,linkLocation,comment,keywords,buildSysteminFile,charPosition,startLine,endLine
24844,phusion/passenger,https://github.com/phusion/passenger/blob/6cb4c7e58e1a61728c2b866900ef0db485e51a6d/src/cxx_supportlib/vendor-copy/libuv/configure.ac#L40,# TODO(bnoordhuis) Check for -pthread vs. -pthreads,['todo'],Autotool,0,40,40
24844,phusion/passenger,https://github.com/phusion/passenger/blob/6cb4c7e58e1a61728c2b866900ef0db485e51a6d/src/cxx_supportlib/vendor-copy/libuv/aclocal.m4#L103,"# Microsoft lib, so override with the ar-lib wrapper script.
# FIXME: It is wrong to rewrite AR.
# But if we don't then we get into trouble of one sort or another.
# A longer-term fix would be to have automake use am__AR in this case,
# and then we could set am__AR=""$am_aux_dir/ar-lib \$(AR)"" or something
# similar.","['fix', 'fixme']",Autotool,2,103,108
24844,phusion/passenger,https://github.com/phusion/passenger/blob/6cb4c7e58e1a61728c2b866900ef0db485e51a6d/src/cxx_supportlib/vendor-copy/libuv/aclocal.m4#L456,"# AM_OUTPUT_DEPENDENCY_COMMANDS
# -----------------------------
# This macro should only be invoked once -- use via AC_REQUIRE.
#
# This code is only required when automatic dependency tracking
# is enabled.  FIXME.  This creates each '.P' file that we will
# need in order to bootstrap the dependency handling code.",['fixme'],Autotool,0,456,462
24844,phusion/passenger,https://github.com/phusion/passenger/blob/6cb4c7e58e1a61728c2b866900ef0db485e51a6d/src/cxx_supportlib/vendor-copy/libuv/aclocal.m4#L863,"# Losing compiler, so override with the script.
# FIXME: It is wrong to rewrite CC.
# But if we don't then we get into trouble of one sort or another.
# A longer-term fix would be to have automake use am__CC in this case,
# and then we could set am__CC=""\$(top_srcdir)/compile \$(CC)""","['fix', 'fixme']",Autotool,3,863,867
24844,phusion/passenger,https://github.com/phusion/passenger/blob/6cb4c7e58e1a61728c2b866900ef0db485e51a6d/src/cxx_supportlib/vendor-copy/libuv/aclocal.m4#L934,"# If neither matched, then we have a broken ls.  This can happen
# if, for instance, CONFIG_SHELL is bash and it inherits a
# broken ls alias from the environment.  This has actually
# happened.  Such a system could not be considered ""sane"".",['broken'],Autotool,1,934,937
24844,phusion/passenger,https://github.com/phusion/passenger/blob/6cb4c7e58e1a61728c2b866900ef0db485e51a6d/src/cxx_supportlib/vendor-modified/libev/aclocal.m4#L2158,"# FIXME - insert some real tests, host_os isn't really good enough",['fixme'],Autotool,0,2158,2158
24844,phusion/passenger,https://github.com/phusion/passenger/blob/6cb4c7e58e1a61728c2b866900ef0db485e51a6d/src/cxx_supportlib/vendor-modified/libev/aclocal.m4#L2447,"# FIXME: find the short name or the path components, as spaces are
# common. (e.g. ""Program Files"" -> ""PROGRA~1"")",['fixme'],Autotool,6,2447,2448
24844,phusion/passenger,https://github.com/phusion/passenger/blob/6cb4c7e58e1a61728c2b866900ef0db485e51a6d/src/cxx_supportlib/vendor-modified/libev/aclocal.m4#L2471,# FIXME: first we should search . and the directory the executable is in,['fixme'],Autotool,2,2471,2471
24844,phusion/passenger,https://github.com/phusion/passenger/blob/6cb4c7e58e1a61728c2b866900ef0db485e51a6d/src/cxx_supportlib/vendor-modified/libev/aclocal.m4#L2500,"# DragonFly does not have aout.  When/if they implement a new
# versioning mechanism, adjust this.",['implement'],Autotool,2,2500,2501
24844,phusion/passenger,https://github.com/phusion/passenger/blob/6cb4c7e58e1a61728c2b866900ef0db485e51a6d/src/cxx_supportlib/vendor-modified/libev/aclocal.m4#L2695,"# We used to test for /lib/ld.so.1 and disable shared libraries on
# powerpc, because MkLinux only supported shared libraries with the
# GNU dynamic linker.  Since this was broken with cross compilers,
# most powerpc-linux boxes support dynamic linking these days and
# people can always --disable-shared, the test was removed, and we
# assume the GNU/Linux dynamic linker is in use.",['broken'],Autotool,2,2695,2700
24844,phusion/passenger,https://github.com/phusion/passenger/blob/6cb4c7e58e1a61728c2b866900ef0db485e51a6d/src/cxx_supportlib/vendor-modified/libev/aclocal.m4#L3921,"# FIXME: we need at least 68020 code to build shared libraries, but
# adding the `-m68020' flag to GCC prevents building anything better,
# like `-m68040'.",['fixme'],Autotool,12,3921,3923
24844,phusion/passenger,https://github.com/phusion/passenger/blob/6cb4c7e58e1a61728c2b866900ef0db485e51a6d/src/cxx_supportlib/vendor-modified/libev/aclocal.m4#L3933,"# This hack is so that the source file can tell whether it is being
# built for inclusion in a dll (and should export symbols for example).
# Although the cygwin gcc ignores -fPIC, still need this for old-style
# (--disable-auto-import) libraries",['hack'],Autotool,6,3933,3936
24844,phusion/passenger,https://github.com/phusion/passenger/blob/6cb4c7e58e1a61728c2b866900ef0db485e51a6d/src/cxx_supportlib/vendor-modified/libev/aclocal.m4#L3950,"# PIC is the default for Haiku.
# The ""-static"" flag exists, but is broken.",['broken'],Autotool,6,3950,3951
24844,phusion/passenger,https://github.com/phusion/passenger/blob/6cb4c7e58e1a61728c2b866900ef0db485e51a6d/src/cxx_supportlib/vendor-modified/libev/aclocal.m4#L3955,"# Interix 3.x gcc -fpic/-fPIC options generate broken code.
# Instead, we relocate shared libraries at runtime.",['broken'],Autotool,6,3955,3956
24844,phusion/passenger,https://github.com/phusion/passenger/blob/6cb4c7e58e1a61728c2b866900ef0db485e51a6d/src/cxx_supportlib/vendor-modified/libev/aclocal.m4#L4004,"# This hack is so that the source file can tell whether it is being
# built for inclusion in a dll (and should export symbols for example).",['hack'],Autotool,1,4004,4005
24844,phusion/passenger,https://github.com/phusion/passenger/blob/6cb4c7e58e1a61728c2b866900ef0db485e51a6d/src/cxx_supportlib/vendor-modified/libev/aclocal.m4#L4238,"# FIXME: we need at least 68020 code to build shared libraries, but
# adding the `-m68020' flag to GCC prevents building anything better,
# like `-m68040'.",['fixme'],Autotool,12,4238,4240
24844,phusion/passenger,https://github.com/phusion/passenger/blob/6cb4c7e58e1a61728c2b866900ef0db485e51a6d/src/cxx_supportlib/vendor-modified/libev/aclocal.m4#L4251,"# This hack is so that the source file can tell whether it is being
# built for inclusion in a dll (and should export symbols for example).
# Although the cygwin gcc ignores -fPIC, still need this for old-style
# (--disable-auto-import) libraries",['hack'],Autotool,6,4251,4254
24844,phusion/passenger,https://github.com/phusion/passenger/blob/6cb4c7e58e1a61728c2b866900ef0db485e51a6d/src/cxx_supportlib/vendor-modified/libev/aclocal.m4#L4266,"# PIC is the default for Haiku.
# The ""-static"" flag exists, but is broken.",['broken'],Autotool,6,4266,4267
24844,phusion/passenger,https://github.com/phusion/passenger/blob/6cb4c7e58e1a61728c2b866900ef0db485e51a6d/src/cxx_supportlib/vendor-modified/libev/aclocal.m4#L4286,"# Interix 3.x gcc -fpic/-fPIC options generate broken code.
# Instead, we relocate shared libraries at runtime.",['broken'],Autotool,6,4286,4287
24844,phusion/passenger,https://github.com/phusion/passenger/blob/6cb4c7e58e1a61728c2b866900ef0db485e51a6d/src/cxx_supportlib/vendor-modified/libev/aclocal.m4#L4336,"# This hack is so that the source file can tell whether it is being
# built for inclusion in a dll (and should export symbols for example).",['hack'],Autotool,6,4336,4337
24844,phusion/passenger,https://github.com/phusion/passenger/blob/6cb4c7e58e1a61728c2b866900ef0db485e51a6d/src/cxx_supportlib/vendor-modified/libev/aclocal.m4#L4732,"# On AIX/PPC, the GNU linker is very broken",['broken'],Autotool,6,4732,4732
24844,phusion/passenger,https://github.com/phusion/passenger/blob/6cb4c7e58e1a61728c2b866900ef0db485e51a6d/src/cxx_supportlib/vendor-modified/libev/aclocal.m4#L4811,"# Hack: On Interix 3.x, we cannot compile PIC because of a broken gcc.
# Instead, shared libraries are loaded at an image base (0x10000000 by
# default) and relocated if they conflict, which is a slow very memory
# consuming and fragmenting process.  To avoid this, we pick a random,
# 256 KiB-aligned image base between 0x50000000 and 0x6FFC0000 at link
# time.  Moving up from 0x10000000 also allows more sbrk(2) space.","['hack', 'broken']",Autotool,6,4811,4816
24844,phusion/passenger,https://github.com/phusion/passenger/blob/6cb4c7e58e1a61728c2b866900ef0db485e51a6d/src/cxx_supportlib/vendor-modified/libev/aclocal.m4#L4991,"# Neither direct hardcoding nor static linking is supported with a
# broken collect2.",['broken'],Autotool,1,4991,4992
24844,phusion/passenger,https://github.com/phusion/passenger/blob/6cb4c7e58e1a61728c2b866900ef0db485e51a6d/src/cxx_supportlib/vendor-modified/libev/aclocal.m4#L5033,"# When large executables or shared objects are built, AIX ld can
# have problems creating the table of contents.  If linking a library
# or program results in ""error TOC overflow"" add -mminimal-toc to
# CXXFLAGS/CFLAGS for g++/gcc.  In the cases where that is not
# enough to fix the problem, add -Wl,-bbigtoc to LDFLAGS.",['fix'],Autotool,6,5033,5037
24844,phusion/passenger,https://github.com/phusion/passenger/blob/6cb4c7e58e1a61728c2b866900ef0db485e51a6d/src/cxx_supportlib/vendor-modified/libev/aclocal.m4#L5048,"# We only want to do this on AIX 4.2 and lower, the check
# below for broken collect2 doesn't work under 4.3+",['broken'],Autotool,1,5048,5049
24844,phusion/passenger,https://github.com/phusion/passenger/blob/6cb4c7e58e1a61728c2b866900ef0db485e51a6d/src/cxx_supportlib/vendor-modified/libev/aclocal.m4#L5093,"# Warning - without using the other runtime loading flags (-brtl),
# -berok will link without error, but may produce a broken library.",['broken'],Autotool,1,5093,5094
24844,phusion/passenger,https://github.com/phusion/passenger/blob/6cb4c7e58e1a61728c2b866900ef0db485e51a6d/src/cxx_supportlib/vendor-modified/libev/aclocal.m4#L5111,"# Warning - without using the other run time loading flags,
# -berok will link without error, but may produce a broken library.",['broken'],Autotool,3,5111,5112
24844,phusion/passenger,https://github.com/phusion/passenger/blob/6cb4c7e58e1a61728c2b866900ef0db485e51a6d/src/cxx_supportlib/vendor-modified/libev/aclocal.m4#L5164,# FIXME: Setting linknames here is a bad hack.,"['hack', 'fixme']",Autotool,1,5164,5164
24844,phusion/passenger,https://github.com/phusion/passenger/blob/6cb4c7e58e1a61728c2b866900ef0db485e51a6d/src/cxx_supportlib/vendor-modified/libev/aclocal.m4#L5202,# FIXME: Setting linknames here is a bad hack.,"['hack', 'fixme']",Autotool,1,5202,5202
24844,phusion/passenger,https://github.com/phusion/passenger/blob/6cb4c7e58e1a61728c2b866900ef0db485e51a6d/src/cxx_supportlib/vendor-modified/libev/aclocal.m4#L5641,# FIXME: we may have to deal with multi-command sequences.,['fixme'],Autotool,6,5641,5641
24844,phusion/passenger,https://github.com/phusion/passenger/blob/6cb4c7e58e1a61728c2b866900ef0db485e51a6d/src/cxx_supportlib/vendor-modified/libev/aclocal.m4#L5754,"dnl FIXME: Not yet implemented
dnl _LT_TAGDECL([], [thread_safe_flag_spec], [1],
dnl    [Compiler flag to generate thread safe objects])",['fixme'],Autotool,0,5754,5756
24844,phusion/passenger,https://github.com/phusion/passenger/blob/6cb4c7e58e1a61728c2b866900ef0db485e51a6d/src/cxx_supportlib/vendor-modified/libev/aclocal.m4#L5956,"# If archive_cmds runs LD, not CC, wlarc should be empty
# XXX I think wlarc can be eliminated in ltcf-cxx, but I need to
#     investigate it a little bit more. (MM)",['xxx'],Autotool,8,5956,5958
24844,phusion/passenger,https://github.com/phusion/passenger/blob/6cb4c7e58e1a61728c2b866900ef0db485e51a6d/src/cxx_supportlib/vendor-modified/libev/aclocal.m4#L5996,# FIXME: insert proper C++ library support,['fixme'],Autotool,8,5996,5996
24844,phusion/passenger,https://github.com/phusion/passenger/blob/6cb4c7e58e1a61728c2b866900ef0db485e51a6d/src/cxx_supportlib/vendor-modified/libev/aclocal.m4#L6028,"# When large executables or shared objects are built, AIX ld can
# have problems creating the table of contents.  If linking a library
# or program results in ""error TOC overflow"" add -mminimal-toc to
# CXXFLAGS/CFLAGS for g++/gcc.  In the cases where that is not
# enough to fix the problem, add -Wl,-bbigtoc to LDFLAGS.",['fix'],Autotool,8,6028,6032
24844,phusion/passenger,https://github.com/phusion/passenger/blob/6cb4c7e58e1a61728c2b866900ef0db485e51a6d/src/cxx_supportlib/vendor-modified/libev/aclocal.m4#L6043,"# We only want to do this on AIX 4.2 and lower, the check
# below for broken collect2 doesn't work under 4.3+",['broken'],Autotool,10,6043,6044
24844,phusion/passenger,https://github.com/phusion/passenger/blob/6cb4c7e58e1a61728c2b866900ef0db485e51a6d/src/cxx_supportlib/vendor-modified/libev/aclocal.m4#L6087,"# Warning - without using the other runtime loading flags (-brtl),
# -berok will link without error, but may produce a broken library.",['broken'],Autotool,10,6087,6088
24844,phusion/passenger,https://github.com/phusion/passenger/blob/6cb4c7e58e1a61728c2b866900ef0db485e51a6d/src/cxx_supportlib/vendor-modified/libev/aclocal.m4#L6106,"# Warning - without using the other run time loading flags,
# -berok will link without error, but may produce a broken library.",['broken'],Autotool,5,6106,6107
24844,phusion/passenger,https://github.com/phusion/passenger/blob/6cb4c7e58e1a61728c2b866900ef0db485e51a6d/src/cxx_supportlib/vendor-modified/libev/aclocal.m4#L6159,# FIXME: Setting linknames here is a bad hack.,"['hack', 'fixme']",Autotool,3,6159,6159
24844,phusion/passenger,https://github.com/phusion/passenger/blob/6cb4c7e58e1a61728c2b866900ef0db485e51a6d/src/cxx_supportlib/vendor-modified/libev/aclocal.m4#L6222,# FIXME: insert proper C++ library support,['fixme'],Autotool,5,6222,6222
24844,phusion/passenger,https://github.com/phusion/passenger/blob/6cb4c7e58e1a61728c2b866900ef0db485e51a6d/src/cxx_supportlib/vendor-modified/libev/aclocal.m4#L6226,"# Green Hills C++ Compiler
# FIXME: insert proper C++ library support",['fixme'],Autotool,5,6226,6227
24844,phusion/passenger,https://github.com/phusion/passenger/blob/6cb4c7e58e1a61728c2b866900ef0db485e51a6d/src/cxx_supportlib/vendor-modified/libev/aclocal.m4#L6231,# FIXME: insert proper C++ library support,['fixme'],Autotool,5,6231,6231
24844,phusion/passenger,https://github.com/phusion/passenger/blob/6cb4c7e58e1a61728c2b866900ef0db485e51a6d/src/cxx_supportlib/vendor-modified/libev/aclocal.m4#L6238,# C++ shared libraries reported to be fairly broken before,['broken'],Autotool,8,6238,6238
24844,phusion/passenger,https://github.com/phusion/passenger/blob/6cb4c7e58e1a61728c2b866900ef0db485e51a6d/src/cxx_supportlib/vendor-modified/libev/aclocal.m4#L6269,# FIXME: insert proper C++ library support,['fixme'],Autotool,12,6269,6269
24844,phusion/passenger,https://github.com/phusion/passenger/blob/6cb4c7e58e1a61728c2b866900ef0db485e51a6d/src/cxx_supportlib/vendor-modified/libev/aclocal.m4#L6288,# FIXME: insert proper C++ library support,['fixme'],Autotool,14,6288,6288
24844,phusion/passenger,https://github.com/phusion/passenger/blob/6cb4c7e58e1a61728c2b866900ef0db485e51a6d/src/cxx_supportlib/vendor-modified/libev/aclocal.m4#L6324,# FIXME: insert proper C++ library support,['fixme'],Autotool,5,6324,6324
24844,phusion/passenger,https://github.com/phusion/passenger/blob/6cb4c7e58e1a61728c2b866900ef0db485e51a6d/src/cxx_supportlib/vendor-modified/libev/aclocal.m4#L6365,# FIXME: insert proper C++ library support,['fixme'],Autotool,7,6365,6365
24844,phusion/passenger,https://github.com/phusion/passenger/blob/6cb4c7e58e1a61728c2b866900ef0db485e51a6d/src/cxx_supportlib/vendor-modified/libev/aclocal.m4#L6377,"# Hack: On Interix 3.x, we cannot compile PIC because of a broken gcc.
# Instead, shared libraries are loaded at an image base (0x10000000 by
# default) and relocated if they conflict, which is a slow very memory
# consuming and fragmenting process.  To avoid this, we pick a random,
# 256 KiB-aligned image base between 0x50000000 and 0x6FFC0000 at link
# time.  Moving up from 0x10000000 also allows more sbrk(2) space.","['hack', 'broken']",Autotool,1,6377,6382
24844,phusion/passenger,https://github.com/phusion/passenger/blob/6cb4c7e58e1a61728c2b866900ef0db485e51a6d/src/cxx_supportlib/vendor-modified/libev/aclocal.m4#L6557,# FIXME: insert proper C++ library support,['fixme'],Autotool,8,6557,6557
24844,phusion/passenger,https://github.com/phusion/passenger/blob/6cb4c7e58e1a61728c2b866900ef0db485e51a6d/src/cxx_supportlib/vendor-modified/libev/aclocal.m4#L6562,# FIXME: insert proper C++ library support,['fixme'],Autotool,8,6562,6562
24844,phusion/passenger,https://github.com/phusion/passenger/blob/6cb4c7e58e1a61728c2b866900ef0db485e51a6d/src/cxx_supportlib/vendor-modified/libev/aclocal.m4#L6569,# FIXME: insert proper C++ library support,['fixme'],Autotool,5,6569,6569
24844,phusion/passenger,https://github.com/phusion/passenger/blob/6cb4c7e58e1a61728c2b866900ef0db485e51a6d/src/cxx_supportlib/vendor-modified/libev/aclocal.m4#L6573,# FIXME: insert proper C++ library support,['fixme'],Autotool,5,6573,6573
24844,phusion/passenger,https://github.com/phusion/passenger/blob/6cb4c7e58e1a61728c2b866900ef0db485e51a6d/src/cxx_supportlib/vendor-modified/libev/aclocal.m4#L6587,# Workaround some broken pre-1.5 toolchains,"['broken', 'workaround']",Autotool,1,6587,6587
24844,phusion/passenger,https://github.com/phusion/passenger/blob/6cb4c7e58e1a61728c2b866900ef0db485e51a6d/src/cxx_supportlib/vendor-modified/libev/aclocal.m4#L6639,"# Rational C++ 2.4.1
# FIXME: insert proper C++ library support",['fixme'],Autotool,5,6639,6640
24844,phusion/passenger,https://github.com/phusion/passenger/blob/6cb4c7e58e1a61728c2b866900ef0db485e51a6d/src/cxx_supportlib/vendor-modified/libev/aclocal.m4#L6855,"# NonStop-UX NCC 3.20
# FIXME: insert proper C++ library support",['fixme'],Autotool,5,6855,6856
24844,phusion/passenger,https://github.com/phusion/passenger/blob/6cb4c7e58e1a61728c2b866900ef0db485e51a6d/src/cxx_supportlib/vendor-modified/libev/aclocal.m4#L6860,# FIXME: insert proper C++ library support,['fixme'],Autotool,5,6860,6860
24844,phusion/passenger,https://github.com/phusion/passenger/blob/6cb4c7e58e1a61728c2b866900ef0db485e51a6d/src/cxx_supportlib/vendor-modified/libev/aclocal.m4#L6867,# FIXME: insert proper C++ library support,['fixme'],Autotool,8,6867,6867
24844,phusion/passenger,https://github.com/phusion/passenger/blob/6cb4c7e58e1a61728c2b866900ef0db485e51a6d/src/cxx_supportlib/vendor-modified/libev/aclocal.m4#L6872,# FIXME: insert proper C++ library support,['fixme'],Autotool,8,6872,6872
24844,phusion/passenger,https://github.com/phusion/passenger/blob/6cb4c7e58e1a61728c2b866900ef0db485e51a6d/src/cxx_supportlib/vendor-modified/libev/aclocal.m4#L7105,# PORTME: override above test on systems where it is broken,['broken'],Autotool,0,7105,7105
24844,phusion/passenger,https://github.com/phusion/passenger/blob/6cb4c7e58e1a61728c2b866900ef0db485e51a6d/src/cxx_supportlib/vendor-modified/libev/aclocal.m4#L7109,"# Interix 3.5 installs completely hosed .la files for C++, so rather than
# hack all around it, let's just trust ""g++"" to DTRT.",['hack'],Autotool,2,7109,7110
24844,phusion/passenger,https://github.com/phusion/passenger/blob/6cb4c7e58e1a61728c2b866900ef0db485e51a6d/src/cxx_supportlib/vendor-modified/libev/aclocal.m4#L8153,"# _LT_ENABLE_SHARED([DEFAULT])
# ----------------------------
# implement the --enable-shared flag, and supports the `shared' and
# `disable-shared' LT_INIT options.
# DEFAULT is either `yes' or `no'.  If omitted, it defaults to `yes'.",['implement'],Autotool,0,8153,8157
24844,phusion/passenger,https://github.com/phusion/passenger/blob/6cb4c7e58e1a61728c2b866900ef0db485e51a6d/src/cxx_supportlib/vendor-modified/libev/aclocal.m4#L8207,"# _LT_ENABLE_STATIC([DEFAULT])
# ----------------------------
# implement the --enable-static flag, and support the `static' and
# `disable-static' LT_INIT options.
# DEFAULT is either `yes' or `no'.  If omitted, it defaults to `yes'.",['implement'],Autotool,0,8207,8211
24844,phusion/passenger,https://github.com/phusion/passenger/blob/6cb4c7e58e1a61728c2b866900ef0db485e51a6d/src/cxx_supportlib/vendor-modified/libev/aclocal.m4#L8261,"# _LT_ENABLE_FAST_INSTALL([DEFAULT])
# ----------------------------------
# implement the --enable-fast-install flag, and support the `fast-install'
# and `disable-fast-install' LT_INIT options.
# DEFAULT is either `yes' or `no'.  If omitted, it defaults to `yes'.",['implement'],Autotool,0,8261,8265
24844,phusion/passenger,https://github.com/phusion/passenger/blob/6cb4c7e58e1a61728c2b866900ef0db485e51a6d/src/cxx_supportlib/vendor-modified/libev/aclocal.m4#L8317,"# _LT_WITH_PIC([MODE])
# --------------------
# implement the --with-pic flag, and support the `pic-only' and `no-pic'
# LT_INIT options.
# MODE is either `yes' or `no'.  If omitted, it defaults to `both'.",['implement'],Autotool,0,8317,8321
24844,phusion/passenger,https://github.com/phusion/passenger/blob/6cb4c7e58e1a61728c2b866900ef0db485e51a6d/src/cxx_supportlib/vendor-modified/libev/aclocal.m4#L8537,"# These exist entirely to fool aclocal when bootstrapping libtool.
#
# In the past libtool.m4 has provided macros via AC_DEFUN (or AU_DEFUN)
# which have later been changed to m4_define as they aren't part of the
# exported API, or moved to Autoconf or Automake where they belong.
#
# The trouble is, aclocal is a bit thick.  It'll see the old AC_DEFUN
# in /usr/share/aclocal/libtool.m4 and remember it, then when it sees us
# using a macro with the same name in our local m4/libtool.m4 it'll
# pull the old libtool.m4 in (it doesn't see our shiny new m4_define
# and doesn't know about Autoconf macros at all.)
#
# So we provide this file, which has a silly filename so it's always
# included after everything else.  This provides aclocal with the
# AC_DEFUNs it wants, but when m4 processes it, it doesn't do anything
# because those macros already exist, or will be overwritten later.
# We use AC_DEFUN over AU_DEFUN for compatibility with aclocal-1.6. 
#
# Anytime we withdraw an AC_DEFUN or AU_DEFUN, remember to add it here.
# Yes, that means every name once taken will need to remain here until
# we give up compatibility with versions before 1.7, at which point
# we need to keep only those names which we still refer to.","['silly', 'give up']",Autotool,0,8537,8558
24844,phusion/passenger,https://github.com/phusion/passenger/blob/6cb4c7e58e1a61728c2b866900ef0db485e51a6d/src/cxx_supportlib/vendor-modified/libev/aclocal.m4#L8998,"# AM_OUTPUT_DEPENDENCY_COMMANDS
# -----------------------------
# This macro should only be invoked once -- use via AC_REQUIRE.
#
# This code is only required when automatic dependency tracking
# is enabled.  FIXME.  This creates each '.P' file that we will
# need in order to bootstrap the dependency handling code.",['fixme'],Autotool,0,8998,9004
24844,phusion/passenger,https://github.com/phusion/passenger/blob/6cb4c7e58e1a61728c2b866900ef0db485e51a6d/src/cxx_supportlib/vendor-modified/libev/aclocal.m4#L9441,"# Losing compiler, so override with the script.
# FIXME: It is wrong to rewrite CC.
# But if we don't then we get into trouble of one sort or another.
# A longer-term fix would be to have automake use am__CC in this case,
# and then we could set am__CC=""\$(top_srcdir)/compile \$(CC)""","['fix', 'fixme']",Autotool,3,9441,9445
24844,phusion/passenger,https://github.com/phusion/passenger/blob/6cb4c7e58e1a61728c2b866900ef0db485e51a6d/src/cxx_supportlib/vendor-modified/libev/aclocal.m4#L9512,"# If neither matched, then we have a broken ls.  This can happen
# if, for instance, CONFIG_SHELL is bash and it inherits a
# broken ls alias from the environment.  This has actually
# happened.  Such a system could not be considered ""sane"".",['broken'],Autotool,1,9512,9515
