repoIndex,repoName,linkLocation,comment,keywords,buildSysteminFile,charPosition,startLine,endLine
24887,kcat/openal-soft,https://github.com/kcat/openal-soft/blob/c52df6d78ab7131a543326cd2257f267036754e1/CMakeLists.txt#L6,"# The workaround for try_compile failing with code signing
# since cmake-3.18.2, not required",['workaround'],CMake,4,6,7
24887,kcat/openal-soft,https://github.com/kcat/openal-soft/blob/c52df6d78ab7131a543326cd2257f267036754e1/CMakeLists.txt#L17,"# Fix compile failure with armv7 deployment target >= 11.0, xcode clang
# will report:
# error: invalid iOS deployment version '--target=armv7-apple-ios13.6',
# iOS 10 is the maximum deployment target for 32-bit targets
# If CMAKE_OSX_DEPLOYMENT_TARGET is not defined, cmake will choose latest
# deployment target",['fix'],CMake,4,17,22
24887,kcat/openal-soft,https://github.com/kcat/openal-soft/blob/c52df6d78ab7131a543326cd2257f267036754e1/CMakeLists.txt#L1379,"# Build: Fix rpath in iOS shared libraries
# If this flag is not set, the final dylib binary ld path will be
# /User/xxx/*/soft_oal.framework/soft_oal, which can't be loaded by iOS devices.
# See also: https://github.com/libjpeg-turbo/libjpeg-turbo/commit/c80ddef7a4ce21ace9e3ca0fd190d320cc8cdaeb","['fix', 'xxx']",CMake,8,1379,1382
24887,kcat/openal-soft,https://github.com/kcat/openal-soft/blob/c52df6d78ab7131a543326cd2257f267036754e1/cmake/bin2h.script.cmake#L5,"# For each pair of characters, indent them and prepend the 0x prefix, and
# append a comma separateor.
# TODO: Prettify this. Should group a number of bytes per line instead of one
# per line.",['todo'],CMake,0,5,8
