repoIndex,repoName,linkLocation,comment,keywords,buildSysteminFile,charPosition,startLine,endLine
24891,qtumproject/qtum,https://github.com/qtumproject/qtum/blob/f45f2e07e90a14ffd0088c86a33a29feeca3971f/src/Makefile.am#L1047,## FIXME: How to get the appropriate modulename_CPPFLAGS in here?,['fixme'],Autotool,1,1047,1047
24891,qtumproject/qtum,https://github.com/qtumproject/qtum/blob/f45f2e07e90a14ffd0088c86a33a29feeca3971f/configure.ac#L428,"dnl -Wsuggest-override is broken with GCC before 9.2
dnl https://gcc.gnu.org/bugzilla/show_bug.cgi?id=78010",['broken'],Autotool,2,428,429
24891,qtumproject/qtum,https://github.com/qtumproject/qtum/blob/f45f2e07e90a14ffd0088c86a33a29feeca3971f/src/crc32c/CMakeLists.txt#L142,# TODO(pwnall): Insert correct flag when VS gets ARM CRC32C support.,['todo'],CMake,2,142,142
24891,qtumproject/qtum,https://github.com/qtumproject/qtum/blob/f45f2e07e90a14ffd0088c86a33a29feeca3971f/src/crc32c/CMakeLists.txt#L231,# TODO(pwnall): Insert correct flag when VS gets ARM64 CRC32C support.,['todo'],CMake,4,231,231
24891,qtumproject/qtum,https://github.com/qtumproject/qtum/blob/f45f2e07e90a14ffd0088c86a33a29feeca3971f/src/crc32c/CMakeLists.txt#L269,"# TODO(pwnall): Move the TARGET_OBJECTS generator expressions to the PRIVATE
# section of target_sources when cmake_minimum_required becomes 3.9 or above.",['todo'],CMake,2,269,270
24891,qtumproject/qtum,https://github.com/qtumproject/qtum/blob/f45f2e07e90a14ffd0088c86a33a29feeca3971f/src/leveldb/CMakeLists.txt#L21,# TODO(cmumford): Make UNICODE configurable for Windows.,['todo'],CMake,2,21,21
24891,qtumproject/qtum,https://github.com/qtumproject/qtum/blob/f45f2e07e90a14ffd0088c86a33a29feeca3971f/src/leveldb/CMakeLists.txt#L351,"# TODO(costan): This test also uses
#               ""util/env_{posix|windows}_test_helper.h""",['todo'],CMake,4,351,352
24891,qtumproject/qtum,https://github.com/qtumproject/qtum/blob/f45f2e07e90a14ffd0088c86a33a29feeca3971f/src/eth_client/utils/ethash/cmake/cable/HunterGate.cmake#L464,"# Beautify path, fix probable problems with windows path slashes",['fix'],CMake,4,464,464
