repoIndex,repoName,linkLocation,comment,keywords,buildSysteminFile,charPosition,startLine,endLine
2490,eserte/perl-tk,https://github.com/eserte/perl-tk/blob/eda50cc72e5fd1eaddb27084b6fe3f886daa00fc/pTk/mTk/tclUnix/configure.in#L182,"#--------------------------------------------------------------------
#	On some systems strstr is broken: it returns a pointer even
#	even if the original string is empty.
#--------------------------------------------------------------------",['broken'],Autotool,0,182,185
2490,eserte/perl-tk,https://github.com/eserte/perl-tk/blob/eda50cc72e5fd1eaddb27084b6fe3f886daa00fc/pTk/mTk/tixUnix/configure.in#L28,# FIXME: consider only doing this if --with-x given.,['fixme'],Autotool,0,28,28
2490,eserte/perl-tk,https://github.com/eserte/perl-tk/blob/eda50cc72e5fd1eaddb27084b6fe3f886daa00fc/pTk/mTk/tixUnix/itcl3.0/configure.in#L146,# FIXME: consider only doing this if --with-x given.,['fixme'],Autotool,0,146,146
2490,eserte/perl-tk,https://github.com/eserte/perl-tk/blob/eda50cc72e5fd1eaddb27084b6fe3f886daa00fc/pTk/mTk/tixUnix/itcl3.1/configure.in#L149,# FIXME: consider only doing this if --with-x given.,['fixme'],Autotool,0,149,149
2490,eserte/perl-tk,https://github.com/eserte/perl-tk/blob/eda50cc72e5fd1eaddb27084b6fe3f886daa00fc/pTk/mTk/tixUnix/itcl3.2/configure.in#L149,# FIXME: consider only doing this if --with-x given.,['fixme'],Autotool,0,149,149
2490,eserte/perl-tk,https://github.com/eserte/perl-tk/blob/eda50cc72e5fd1eaddb27084b6fe3f886daa00fc/pTk/mTk/tixUnix/tk8.1/configure.in#L117,# FIXME: consider only doing this if --with-x given.,['fixme'],Autotool,0,117,117
2490,eserte/perl-tk,https://github.com/eserte/perl-tk/blob/eda50cc72e5fd1eaddb27084b6fe3f886daa00fc/pTk/mTk/tixUnix/tk8.2/configure.in#L117,# FIXME: consider only doing this if --with-x given.,['fixme'],Autotool,0,117,117
2490,eserte/perl-tk,https://github.com/eserte/perl-tk/blob/eda50cc72e5fd1eaddb27084b6fe3f886daa00fc/pTk/mTk/tixUnix/tk8.3/configure.in#L117,# FIXME: consider only doing this if --with-x given.,['fixme'],Autotool,0,117,117
2490,eserte/perl-tk,https://github.com/eserte/perl-tk/blob/eda50cc72e5fd1eaddb27084b6fe3f886daa00fc/pTk/mTk/unix/Makefile.in#L443,"# FIXME: This xttest rule seems to be broken in a number of ways.
# It should use CC_SEARCH_FLAGS, it does not include the shared
# lib location logic from tktest, and it is not clear where this
# test.o object file comes from.","['fixme', 'broken']",Autotool,0,443,446
2490,eserte/perl-tk,https://github.com/eserte/perl-tk/blob/eda50cc72e5fd1eaddb27084b6fe3f886daa00fc/pTk/mTk/win/configure.in#L154,"# FIXME: All of this var junk needs to be done in tcl.m4 !!!!
# I left out the other vars that also need to get defined here.
# we also need to double check about spaces in path names",['fixme'],Autotool,0,154,156
2490,eserte/perl-tk,https://github.com/eserte/perl-tk/blob/eda50cc72e5fd1eaddb27084b6fe3f886daa00fc/PNG/libpng/aclocal.m4#L1172,"# FIXME - insert some real tests, host_os isn't really good enough",['fixme'],Autotool,0,1172,1172
2490,eserte/perl-tk,https://github.com/eserte/perl-tk/blob/eda50cc72e5fd1eaddb27084b6fe3f886daa00fc/PNG/libpng/aclocal.m4#L1364,# FIXME: first we should search . and the directory the executable is in,['fixme'],Autotool,2,1364,1364
2490,eserte/perl-tk,https://github.com/eserte/perl-tk/blob/eda50cc72e5fd1eaddb27084b6fe3f886daa00fc/PNG/libpng/aclocal.m4#L1413,"# DragonFly does not have aout.  When/if they implement a new
# versioning mechanism, adjust this.",['implement'],Autotool,2,1413,1414
2490,eserte/perl-tk,https://github.com/eserte/perl-tk/blob/eda50cc72e5fd1eaddb27084b6fe3f886daa00fc/PNG/libpng/aclocal.m4#L1587,"# We used to test for /lib/ld.so.1 and disable shared libraries on
# powerpc, because MkLinux only supported shared libraries with the
# GNU dynamic linker.  Since this was broken with cross compilers,
# most powerpc-linux boxes support dynamic linking these days and
# people can always --disable-shared, the test was removed, and we
# assume the GNU/Linux dynamic linker is in use.",['broken'],Autotool,2,1587,1592
2490,eserte/perl-tk,https://github.com/eserte/perl-tk/blob/eda50cc72e5fd1eaddb27084b6fe3f886daa00fc/PNG/libpng/aclocal.m4#L1911,"# AC_ENABLE_SHARED([DEFAULT])
# ---------------------------
# implement the --enable-shared flag
# DEFAULT is either `yes' or `no'.  If omitted, it defaults to `yes'.",['implement'],Autotool,0,1911,1914
2490,eserte/perl-tk,https://github.com/eserte/perl-tk/blob/eda50cc72e5fd1eaddb27084b6fe3f886daa00fc/PNG/libpng/aclocal.m4#L1950,"# AC_ENABLE_STATIC([DEFAULT])
# ---------------------------
# implement the --enable-static flag
# DEFAULT is either `yes' or `no'.  If omitted, it defaults to `yes'.",['implement'],Autotool,0,1950,1953
2490,eserte/perl-tk,https://github.com/eserte/perl-tk/blob/eda50cc72e5fd1eaddb27084b6fe3f886daa00fc/PNG/libpng/aclocal.m4#L1989,"# AC_ENABLE_FAST_INSTALL([DEFAULT])
# ---------------------------------
# implement the --enable-fast-install flag
# DEFAULT is either `yes' or `no'.  If omitted, it defaults to `yes'.",['implement'],Autotool,0,1989,1992
2490,eserte/perl-tk,https://github.com/eserte/perl-tk/blob/eda50cc72e5fd1eaddb27084b6fe3f886daa00fc/PNG/libpng/aclocal.m4#L2028,"# AC_LIBTOOL_PICMODE([MODE])
# --------------------------
# implement the --with-pic flag
# MODE is either `yes' or `no'.  If omitted, it defaults to `both'.",['implement'],Autotool,0,2028,2031
2490,eserte/perl-tk,https://github.com/eserte/perl-tk/blob/eda50cc72e5fd1eaddb27084b6fe3f886daa00fc/PNG/libpng/aclocal.m4#L2831,"# If archive_cmds runs LD, not CC, wlarc should be empty
# XXX I think wlarc can be eliminated in ltcf-cxx, but I need to
#     investigate it a little bit more. (MM)",['xxx'],Autotool,4,2831,2833
2490,eserte/perl-tk,https://github.com/eserte/perl-tk/blob/eda50cc72e5fd1eaddb27084b6fe3f886daa00fc/PNG/libpng/aclocal.m4#L2871,# FIXME: insert proper C++ library support,['fixme'],Autotool,4,2871,2871
2490,eserte/perl-tk,https://github.com/eserte/perl-tk/blob/eda50cc72e5fd1eaddb27084b6fe3f886daa00fc/PNG/libpng/aclocal.m4#L2903,"# When large executables or shared objects are built, AIX ld can
# have problems creating the table of contents.  If linking a library
# or program results in ""error TOC overflow"" add -mminimal-toc to
# CXXFLAGS/CFLAGS for g++/gcc.  In the cases where that is not
# enough to fix the problem, add -Wl,-bbigtoc to LDFLAGS.",['fix'],Autotool,4,2903,2907
2490,eserte/perl-tk,https://github.com/eserte/perl-tk/blob/eda50cc72e5fd1eaddb27084b6fe3f886daa00fc/PNG/libpng/aclocal.m4#L2916,"# We only want to do this on AIX 4.2 and lower, the check
# below for broken collect2 doesn't work under 4.3+",['broken'],Autotool,6,2916,2917
2490,eserte/perl-tk,https://github.com/eserte/perl-tk/blob/eda50cc72e5fd1eaddb27084b6fe3f886daa00fc/PNG/libpng/aclocal.m4#L2959,"# Warning - without using the other runtime loading flags (-brtl),
# -berok will link without error, but may produce a broken library.",['broken'],Autotool,6,2959,2960
2490,eserte/perl-tk,https://github.com/eserte/perl-tk/blob/eda50cc72e5fd1eaddb27084b6fe3f886daa00fc/PNG/libpng/aclocal.m4#L2976,"# Warning - without using the other run time loading flags,
# -berok will link without error, but may produce a broken library.",['broken'],Autotool,1,2976,2977
2490,eserte/perl-tk,https://github.com/eserte/perl-tk/blob/eda50cc72e5fd1eaddb27084b6fe3f886daa00fc/PNG/libpng/aclocal.m4#L3071,"# Don't fix this by using the ld -exported_symbols_list flag, it doesn't exist in older darwin lds",['fix'],Autotool,8,3071,3071
2490,eserte/perl-tk,https://github.com/eserte/perl-tk/blob/eda50cc72e5fd1eaddb27084b6fe3f886daa00fc/PNG/libpng/aclocal.m4#L3084,"# Don't fix this by using the ld -exported_symbols_list flag, it doesn't exist in older darwin lds",['fix'],Autotool,10,3084,3084
2490,eserte/perl-tk,https://github.com/eserte/perl-tk/blob/eda50cc72e5fd1eaddb27084b6fe3f886daa00fc/PNG/libpng/aclocal.m4#L3098,# FIXME: insert proper C++ library support,['fixme'],Autotool,1,3098,3098
2490,eserte/perl-tk,https://github.com/eserte/perl-tk/blob/eda50cc72e5fd1eaddb27084b6fe3f886daa00fc/PNG/libpng/aclocal.m4#L3102,"# Green Hills C++ Compiler
# FIXME: insert proper C++ library support",['fixme'],Autotool,1,3102,3103
2490,eserte/perl-tk,https://github.com/eserte/perl-tk/blob/eda50cc72e5fd1eaddb27084b6fe3f886daa00fc/PNG/libpng/aclocal.m4#L3107,# FIXME: insert proper C++ library support,['fixme'],Autotool,1,3107,3107
2490,eserte/perl-tk,https://github.com/eserte/perl-tk/blob/eda50cc72e5fd1eaddb27084b6fe3f886daa00fc/PNG/libpng/aclocal.m4#L3113,# C++ shared libraries reported to be fairly broken before switch to ELF,['broken'],Autotool,4,3113,3113
2490,eserte/perl-tk,https://github.com/eserte/perl-tk/blob/eda50cc72e5fd1eaddb27084b6fe3f886daa00fc/PNG/libpng/aclocal.m4#L3137,# FIXME: insert proper C++ library support,['fixme'],Autotool,6,3137,3137
2490,eserte/perl-tk,https://github.com/eserte/perl-tk/blob/eda50cc72e5fd1eaddb27084b6fe3f886daa00fc/PNG/libpng/aclocal.m4#L3156,# FIXME: insert proper C++ library support,['fixme'],Autotool,8,3156,3156
2490,eserte/perl-tk,https://github.com/eserte/perl-tk/blob/eda50cc72e5fd1eaddb27084b6fe3f886daa00fc/PNG/libpng/aclocal.m4#L3191,# FIXME: insert proper C++ library support,['fixme'],Autotool,1,3191,3191
2490,eserte/perl-tk,https://github.com/eserte/perl-tk/blob/eda50cc72e5fd1eaddb27084b6fe3f886daa00fc/PNG/libpng/aclocal.m4#L3232,# FIXME: insert proper C++ library support,['fixme'],Autotool,3,3232,3232
2490,eserte/perl-tk,https://github.com/eserte/perl-tk/blob/eda50cc72e5fd1eaddb27084b6fe3f886daa00fc/PNG/libpng/aclocal.m4#L3243,"# Hack: On Interix 3.x, we cannot compile PIC because of a broken gcc.
# Instead, shared libraries are loaded at an image base (0x10000000 by
# default) and relocated if they conflict, which is a slow very memory
# consuming and fragmenting process.  To avoid this, we pick a random,
# 256 KiB-aligned image base between 0x50000000 and 0x6FFC0000 at link
# time.  Moving up from 0x10000000 also allows more sbrk(2) space.","['hack', 'broken']",Autotool,4,3243,3248
2490,eserte/perl-tk,https://github.com/eserte/perl-tk/blob/eda50cc72e5fd1eaddb27084b6fe3f886daa00fc/PNG/libpng/aclocal.m4#L3361,# FIXME: insert proper C++ library support,['fixme'],Autotool,4,3361,3361
2490,eserte/perl-tk,https://github.com/eserte/perl-tk/blob/eda50cc72e5fd1eaddb27084b6fe3f886daa00fc/PNG/libpng/aclocal.m4#L3365,# FIXME: insert proper C++ library support,['fixme'],Autotool,4,3365,3365
2490,eserte/perl-tk,https://github.com/eserte/perl-tk/blob/eda50cc72e5fd1eaddb27084b6fe3f886daa00fc/PNG/libpng/aclocal.m4#L3371,# FIXME: insert proper C++ library support,['fixme'],Autotool,1,3371,3371
2490,eserte/perl-tk,https://github.com/eserte/perl-tk/blob/eda50cc72e5fd1eaddb27084b6fe3f886daa00fc/PNG/libpng/aclocal.m4#L3375,# FIXME: insert proper C++ library support,['fixme'],Autotool,1,3375,3375
2490,eserte/perl-tk,https://github.com/eserte/perl-tk/blob/eda50cc72e5fd1eaddb27084b6fe3f886daa00fc/PNG/libpng/aclocal.m4#L3388,# Workaround some broken pre-1.5 toolchains,"['broken', 'workaround']",Autotool,4,3388,3388
2490,eserte/perl-tk,https://github.com/eserte/perl-tk/blob/eda50cc72e5fd1eaddb27084b6fe3f886daa00fc/PNG/libpng/aclocal.m4#L3426,"# Rational C++ 2.4.1
# FIXME: insert proper C++ library support",['fixme'],Autotool,1,3426,3427
2490,eserte/perl-tk,https://github.com/eserte/perl-tk/blob/eda50cc72e5fd1eaddb27084b6fe3f886daa00fc/PNG/libpng/aclocal.m4#L3461,# FIXME: insert proper C++ library support,['fixme'],Autotool,3,3461,3461
2490,eserte/perl-tk,https://github.com/eserte/perl-tk/blob/eda50cc72e5fd1eaddb27084b6fe3f886daa00fc/PNG/libpng/aclocal.m4#L3485,"# Rational C++ 2.4.1
# FIXME: insert proper C++ library support",['fixme'],Autotool,1,3485,3486
2490,eserte/perl-tk,https://github.com/eserte/perl-tk/blob/eda50cc72e5fd1eaddb27084b6fe3f886daa00fc/PNG/libpng/aclocal.m4#L3644,"# Note: We can NOT use -z defs as we might desire, because we do not
# link with -lc, and that would cause any symbols used from libc to
# always be unresolved, which means just about no library would
# ever link correctly.  If we're not using GNU ld we use -z text
# though, which does catch some bad symbols but isn't as heavy-handed
# as -z defs.
# For security reasons, it is highly recommended that you always
# use absolute paths for naming shared libraries, and exclude the
# DT_RUNPATH tag from executables and libraries.  But doing so
# requires that you compile everything twice, which is a pain.
# So that behaviour is only enabled if SCOABSPATH is set to a
# non-empty value in the environment.  Most likely only useful for
# creating official distributions of packages.
# This is a hack until libtool officially supports absolute path
# names for shared libraries.",['hack'],Autotool,4,3644,3658
2490,eserte/perl-tk,https://github.com/eserte/perl-tk/blob/eda50cc72e5fd1eaddb27084b6fe3f886daa00fc/PNG/libpng/aclocal.m4#L3683,"# NonStop-UX NCC 3.20
# FIXME: insert proper C++ library support",['fixme'],Autotool,1,3683,3684
2490,eserte/perl-tk,https://github.com/eserte/perl-tk/blob/eda50cc72e5fd1eaddb27084b6fe3f886daa00fc/PNG/libpng/aclocal.m4#L3688,# FIXME: insert proper C++ library support,['fixme'],Autotool,1,3688,3688
2490,eserte/perl-tk,https://github.com/eserte/perl-tk/blob/eda50cc72e5fd1eaddb27084b6fe3f886daa00fc/PNG/libpng/aclocal.m4#L3694,# FIXME: insert proper C++ library support,['fixme'],Autotool,4,3694,3694
2490,eserte/perl-tk,https://github.com/eserte/perl-tk/blob/eda50cc72e5fd1eaddb27084b6fe3f886daa00fc/PNG/libpng/aclocal.m4#L3698,# FIXME: insert proper C++ library support,['fixme'],Autotool,4,3698,3698
2490,eserte/perl-tk,https://github.com/eserte/perl-tk/blob/eda50cc72e5fd1eaddb27084b6fe3f886daa00fc/PNG/libpng/aclocal.m4#L3862,# PORTME: override above test on systems where it is broken,['broken'],Autotool,0,3862,3862
2490,eserte/perl-tk,https://github.com/eserte/perl-tk/blob/eda50cc72e5fd1eaddb27084b6fe3f886daa00fc/PNG/libpng/aclocal.m4#L3866,"# Interix 3.5 installs completely hosed .la files for C++, so rather than
# hack all around it, let's just trust ""g++"" to DTRT.",['hack'],Autotool,2,3866,3867
2490,eserte/perl-tk,https://github.com/eserte/perl-tk/blob/eda50cc72e5fd1eaddb27084b6fe3f886daa00fc/PNG/libpng/aclocal.m4#L5516,"# Hack: On Interix 3.x, we cannot compile PIC because of a broken gcc.
# Instead, shared libraries are loaded at an image base (0x10000000 by
# default) and relocated if they conflict, which is a slow very memory
# consuming and fragmenting process.  To avoid this, we pick a random,
# 256 KiB-aligned image base between 0x50000000 and 0x6FFC0000 at link
# time.  Moving up from 0x10000000 also allows more sbrk(2) space.","['hack', 'broken']",Autotool,6,5516,5521
2490,eserte/perl-tk,https://github.com/eserte/perl-tk/blob/eda50cc72e5fd1eaddb27084b6fe3f886daa00fc/PNG/libpng/aclocal.m4#L5649,"# Neither direct hardcoding nor static linking is supported with a
# broken collect2.",['broken'],Autotool,1,5649,5650
2490,eserte/perl-tk,https://github.com/eserte/perl-tk/blob/eda50cc72e5fd1eaddb27084b6fe3f886daa00fc/PNG/libpng/aclocal.m4#L5689,"# When large executables or shared objects are built, AIX ld can
# have problems creating the table of contents.  If linking a library
# or program results in ""error TOC overflow"" add -mminimal-toc to
# CXXFLAGS/CFLAGS for g++/gcc.  In the cases where that is not
# enough to fix the problem, add -Wl,-bbigtoc to LDFLAGS.",['fix'],Autotool,6,5689,5693
2490,eserte/perl-tk,https://github.com/eserte/perl-tk/blob/eda50cc72e5fd1eaddb27084b6fe3f886daa00fc/PNG/libpng/aclocal.m4#L5702,"# We only want to do this on AIX 4.2 and lower, the check
# below for broken collect2 doesn't work under 4.3+",['broken'],Autotool,1,5702,5703
2490,eserte/perl-tk,https://github.com/eserte/perl-tk/blob/eda50cc72e5fd1eaddb27084b6fe3f886daa00fc/PNG/libpng/aclocal.m4#L5745,"# Warning - without using the other runtime loading flags (-brtl),
# -berok will link without error, but may produce a broken library.",['broken'],Autotool,1,5745,5746
2490,eserte/perl-tk,https://github.com/eserte/perl-tk/blob/eda50cc72e5fd1eaddb27084b6fe3f886daa00fc/PNG/libpng/aclocal.m4#L5761,"# Warning - without using the other run time loading flags,
# -berok will link without error, but may produce a broken library.",['broken'],Autotool,3,5761,5762
2490,eserte/perl-tk,https://github.com/eserte/perl-tk/blob/eda50cc72e5fd1eaddb27084b6fe3f886daa00fc/PNG/libpng/aclocal.m4#L5797,# FIXME: Setting linknames here is a bad hack.,"['hack', 'fixme']",Autotool,6,5797,5797
2490,eserte/perl-tk,https://github.com/eserte/perl-tk/blob/eda50cc72e5fd1eaddb27084b6fe3f886daa00fc/PNG/libpng/aclocal.m4#L5837,"# Don't fix this by using the ld -exported_symbols_list flag, it doesn't exist in older darwin lds",['fix'],Autotool,6,5837,5837
2490,eserte/perl-tk,https://github.com/eserte/perl-tk/blob/eda50cc72e5fd1eaddb27084b6fe3f886daa00fc/PNG/libpng/aclocal.m4#L5846,"# Don't fix this by using the ld -exported_symbols_list flag, it doesn't exist in older darwin lds",['fix'],Autotool,10,5846,5846
2490,eserte/perl-tk,https://github.com/eserte/perl-tk/blob/eda50cc72e5fd1eaddb27084b6fe3f886daa00fc/PNG/libpng/aclocal.m4#L6219,# FIXME: we may have to deal with multi-command sequences.,['fixme'],Autotool,6,6219,6219
2490,eserte/perl-tk,https://github.com/eserte/perl-tk/blob/eda50cc72e5fd1eaddb27084b6fe3f886daa00fc/PNG/libpng/aclocal.m4#L6707,"# AM_OUTPUT_DEPENDENCY_COMMANDS
# -----------------------------
# This macro should only be invoked once -- use via AC_REQUIRE.
#
# This code is only required when automatic dependency tracking
# is enabled.  FIXME.  This creates each `.P' file that we will
# need in order to bootstrap the dependency handling code.",['fixme'],Autotool,0,6707,6713
2490,eserte/perl-tk,https://github.com/eserte/perl-tk/blob/eda50cc72e5fd1eaddb27084b6fe3f886daa00fc/PNG/libpng/aclocal.m4#L7027,"# We used to keeping the `.' as first argument, in order to
# allow $(mkdir_p) to be used without argument.  As in
#   $(mkdir_p) $(somedir)
# where $(somedir) is conditionally defined.  However this is wrong
# for two reasons:
#  1. if the package is installed by a user who cannot write `.'
#     make install will fail,
#  2. the above comment should most certainly read
#     $(mkdir_p) $(DESTDIR)$(somedir)
#     so it does not work when $(somedir) is undefined and
#     $(DESTDIR) is not.
#  To support the latter case, we have to write
#     test -z ""$(somedir)"" || $(mkdir_p) $(DESTDIR)$(somedir),
#  so the `.' trick is pointless.",['this is wrong'],Autotool,2,7027,7040
2490,eserte/perl-tk,https://github.com/eserte/perl-tk/blob/eda50cc72e5fd1eaddb27084b6fe3f886daa00fc/PNG/libpng/aclocal.m4#L7126,"# If neither matched, then we have a broken ls.  This can happen
# if, for instance, CONFIG_SHELL is bash and it inherits a
# broken ls alias from the environment.  This has actually
# happened.  Such a system could not be considered ""sane"".",['broken'],Autotool,6,7126,7129
