repoIndex,repoName,linkLocation,comment,keywords,buildSysteminFile,charPosition,startLine,endLine
2491,minimsecure/unum-sdk,https://github.com/minimsecure/unum-sdk/blob/1681a5373ad0276de9ba3ce4ab77b79dcc98aaae/src/c-ares/c-ares-1.15.0/Makefile.am#L5,"# Specify our include paths here, and do it relative to $(top_srcdir) and
# $(top_builddir), to ensure that these paths which belong to the library
# being currently built and tested are searched before the library which
# might possibly already be installed in the system.
#
# When using the low-level hard-hacking memory leak tracking code from
# libcurl the generated curl/curlbuild.h file must also be reachable.
# Using the libcurl lowlevel code from within c-ares library is ugly and
# only works when c-ares is built and linked with a similarly debug-build
# libcurl, but we do this anyway for convenience.
#
# $(top_builddir)/../include/curl for generated curlbuild.h included from curl.h
# $(top_builddir)/../include is for libcurl's generated curl/curlbuild.h file
# $(top_srcdir)/../include is for libcurl's external include files
# $(top_builddir)/../lib is for libcurl's generated lib/curl_config.h file
# $(top_srcdir)/../lib is for libcurl's lib/setup.h and other ""private"" files
# $(top_builddir) is for c-ares's generated ares_config.h file
# $(top_srcdir) is for c-ares's ares_setup.h and other ""c-ares-private"" files",['ugly'],Autotool,0,5,22
2491,minimsecure/unum-sdk,https://github.com/minimsecure/unum-sdk/blob/1681a5373ad0276de9ba3ce4ab77b79dcc98aaae/src/gdb/gdb-7.11/bfd/Makefile.am#L860,"# libtool will build .libs/libbfd.a.  We create libbfd.a in the build
# directory so that we don't have to convert all the programs that use
# libbfd.a simultaneously.  This is a hack which should be removed if
# everything else starts using libtool.  FIXME.","['hack', 'fixme']",Autotool,0,860,863
2491,minimsecure/unum-sdk,https://github.com/minimsecure/unum-sdk/blob/1681a5373ad0276de9ba3ce4ab77b79dcc98aaae/src/gdb/gdb-7.11/bfd/Makefile.am#L984,"# The following program can be used to generate a simple config file
# which can be folded into an h-XXX file for a new host, with some editing.",['xxx'],Autotool,0,984,985
2491,minimsecure/unum-sdk,https://github.com/minimsecure/unum-sdk/blob/1681a5373ad0276de9ba3ce4ab77b79dcc98aaae/src/gdb/gdb-8.3/bfd/Makefile.am#L751,"# libtool will build .libs/libbfd.a.  We create libbfd.a in the build
# directory so that we don't have to convert all the programs that use
# libbfd.a simultaneously.  This is a hack which should be removed if
# everything else starts using libtool.  FIXME.","['hack', 'fixme']",Autotool,0,751,754
2491,minimsecure/unum-sdk,https://github.com/minimsecure/unum-sdk/blob/1681a5373ad0276de9ba3ce4ab77b79dcc98aaae/src/gdb/gdb-8.3/bfd/Makefile.am#L887,"# The following program can be used to generate a simple config file
# which can be folded into an h-XXX file for a new host, with some editing.",['xxx'],Autotool,0,887,888
2491,minimsecure/unum-sdk,https://github.com/minimsecure/unum-sdk/blob/1681a5373ad0276de9ba3ce4ab77b79dcc98aaae/src/dropbear/dropbear-2022.82/Makefile.in#L304,"# Skip custom mutators for -fsanitize-memory since libfuzzer doesn't initialise memory
# Pending fix for it https://github.com/google/oss-fuzz/issues/4605",['fix'],Autotool,0,304,305
2491,minimsecure/unum-sdk,https://github.com/minimsecure/unum-sdk/blob/1681a5373ad0276de9ba3ce4ab77b79dcc98aaae/src/dropbear/dropbear-2022.82/libtommath/Makefile.in#L155,"############## BEWARE: the ""fixme"" marker was found !!! ##############' || true",['fixme'],Autotool,73,155,155
2491,minimsecure/unum-sdk,https://github.com/minimsecure/unum-sdk/blob/1681a5373ad0276de9ba3ce4ab77b79dcc98aaae/src/gdb/gdb-7.11/Makefile.in#L48084,"# Bubble a bug fix through all the stages up to stage 1.  They are
# remade, but not reconfigured.  The next stage (if any) will not be
# reconfigured either.",['fix'],Autotool,0,48084,48086
2491,minimsecure/unum-sdk,https://github.com/minimsecure/unum-sdk/blob/1681a5373ad0276de9ba3ce4ab77b79dcc98aaae/src/gdb/gdb-7.11/Makefile.in#L48101,"# FIXME: Will not need to be conditional when toplevel bootstrap is the
# only possibility, but now it conflicts with no-bootstrap rules",['fixme'],Autotool,0,48101,48102
2491,minimsecure/unum-sdk,https://github.com/minimsecure/unum-sdk/blob/1681a5373ad0276de9ba3ce4ab77b79dcc98aaae/src/gdb/gdb-7.11/Makefile.in#L48403,"# Bubble a bug fix through all the stages up to stage 2.  They are
# remade, but not reconfigured.  The next stage (if any) will not be
# reconfigured either.",['fix'],Autotool,0,48403,48405
2491,minimsecure/unum-sdk,https://github.com/minimsecure/unum-sdk/blob/1681a5373ad0276de9ba3ce4ab77b79dcc98aaae/src/gdb/gdb-7.11/Makefile.in#L48420,"# FIXME: Will not need to be conditional when toplevel bootstrap is the
# only possibility, but now it conflicts with no-bootstrap rules",['fixme'],Autotool,0,48420,48421
2491,minimsecure/unum-sdk,https://github.com/minimsecure/unum-sdk/blob/1681a5373ad0276de9ba3ce4ab77b79dcc98aaae/src/gdb/gdb-7.11/Makefile.in#L48745,"# Bubble a bug fix through all the stages up to stage 3.  They are
# remade, but not reconfigured.  The next stage (if any) will not be
# reconfigured either.",['fix'],Autotool,0,48745,48747
2491,minimsecure/unum-sdk,https://github.com/minimsecure/unum-sdk/blob/1681a5373ad0276de9ba3ce4ab77b79dcc98aaae/src/gdb/gdb-7.11/Makefile.in#L48767,"# FIXME: Will not need to be conditional when toplevel bootstrap is the
# only possibility, but now it conflicts with no-bootstrap rules",['fixme'],Autotool,0,48767,48768
2491,minimsecure/unum-sdk,https://github.com/minimsecure/unum-sdk/blob/1681a5373ad0276de9ba3ce4ab77b79dcc98aaae/src/gdb/gdb-7.11/Makefile.in#L49143,"# Bubble a bug fix through all the stages up to stage 4.  They are
# remade, but not reconfigured.  The next stage (if any) will not be
# reconfigured either.",['fix'],Autotool,0,49143,49145
2491,minimsecure/unum-sdk,https://github.com/minimsecure/unum-sdk/blob/1681a5373ad0276de9ba3ce4ab77b79dcc98aaae/src/gdb/gdb-7.11/Makefile.in#L49165,"# FIXME: Will not need to be conditional when toplevel bootstrap is the
# only possibility, but now it conflicts with no-bootstrap rules",['fixme'],Autotool,0,49165,49166
2491,minimsecure/unum-sdk,https://github.com/minimsecure/unum-sdk/blob/1681a5373ad0276de9ba3ce4ab77b79dcc98aaae/src/gdb/gdb-7.11/Makefile.in#L49529,"# Bubble a bug fix through all the stages up to stage profile.  They are
# remade, but not reconfigured.  The next stage (if any) will not be
# reconfigured either.",['fix'],Autotool,0,49529,49531
2491,minimsecure/unum-sdk,https://github.com/minimsecure/unum-sdk/blob/1681a5373ad0276de9ba3ce4ab77b79dcc98aaae/src/gdb/gdb-7.11/Makefile.in#L49546,"# FIXME: Will not need to be conditional when toplevel bootstrap is the
# only possibility, but now it conflicts with no-bootstrap rules",['fixme'],Autotool,0,49546,49547
2491,minimsecure/unum-sdk,https://github.com/minimsecure/unum-sdk/blob/1681a5373ad0276de9ba3ce4ab77b79dcc98aaae/src/gdb/gdb-7.11/Makefile.in#L49848,"# Bubble a bug fix through all the stages up to stage feedback.  They are
# remade, but not reconfigured.  The next stage (if any) will not be
# reconfigured either.",['fix'],Autotool,0,49848,49850
2491,minimsecure/unum-sdk,https://github.com/minimsecure/unum-sdk/blob/1681a5373ad0276de9ba3ce4ab77b79dcc98aaae/src/gdb/gdb-7.11/Makefile.in#L49865,"# FIXME: Will not need to be conditional when toplevel bootstrap is the
# only possibility, but now it conflicts with no-bootstrap rules",['fixme'],Autotool,0,49865,49866
2491,minimsecure/unum-sdk,https://github.com/minimsecure/unum-sdk/blob/1681a5373ad0276de9ba3ce4ab77b79dcc98aaae/src/gdb/gdb-7.11/bfd/Makefile.in#L2069,"# The following program can be used to generate a simple config file
# which can be folded into an h-XXX file for a new host, with some editing.",['xxx'],Autotool,0,2069,2070
2491,minimsecure/unum-sdk,https://github.com/minimsecure/unum-sdk/blob/1681a5373ad0276de9ba3ce4ab77b79dcc98aaae/src/gdb/gdb-7.11/gdb/Makefile.in#L87,"# If you are compiling with GCC, make sure that either 1) You have the
# fixed include files where GCC can reach them, or 2) You use the
# -traditional flag.  Otherwise the ioctl calls in inflow.c
# will be incorrectly compiled.  The ""fixincludes"" script in the gcc
# distribution will fix your include files up.",['fix'],Autotool,0,87,91
2491,minimsecure/unum-sdk,https://github.com/minimsecure/unum-sdk/blob/1681a5373ad0276de9ba3ce4ab77b79dcc98aaae/src/gdb/gdb-7.11/gdb/Makefile.in#L100,"# Note that these are overridden by GNU make-specific code below if
# GNU make is used.  The overrides implement dependency tracking.",['implement'],Autotool,0,100,101
2491,minimsecure/unum-sdk,https://github.com/minimsecure/unum-sdk/blob/1681a5373ad0276de9ba3ce4ab77b79dcc98aaae/src/gdb/gdb-7.11/gdb/Makefile.in#L1161,"# The idea is to parallelize testing of multilibs, for example:
#   make -j3 check//sh-hms-sim/{-m1,-m2,-m3,-m3e,-m4}/{,-nofpu}
# will run 3 concurrent sessions of check, eventually testing all 10
# combinations.  GNU make is required for the % pattern to work, as is
# a shell that expands alternations within braces.  If GNU make is not
# used, this rule will harmlessly fail to match.  Used FORCE_PARALLEL to
# prevent serialized checking due to the passed RUNTESTFLAGS.
# FIXME: use config.status --config not --version, when available.",['fixme'],Autotool,0,1161,1168
2491,minimsecure/unum-sdk,https://github.com/minimsecure/unum-sdk/blob/1681a5373ad0276de9ba3ce4ab77b79dcc98aaae/src/gdb/gdb-7.11/gdb/Makefile.in#L1308,"# FIXME: There is a problem with this approach - init.c may force
# unnecessary files to be linked in.","['fixme', 'there is a problem']",Autotool,0,1308,1309
2491,minimsecure/unum-sdk,https://github.com/minimsecure/unum-sdk/blob/1681a5373ad0276de9ba3ce4ab77b79dcc98aaae/src/gdb/gdb-7.11/gdb/Makefile.in#L1311,"# FIXME: cagney/2002-06-09: gdb/564: gdb/563: Force the order so that
# the first call is to _initialize_gdbtypes (implemented by explicitly
# putting that function's name first in the init.l-tmp file).  This is
# a hack to ensure that all the architecture dependant global
# builtin_type_* variables are initialized before anything else
# (per-architecture code is called in the same order that it is
# registered).  The ``correct fix'' is to have all the builtin types
# made part of the architecture and initialize them on-demand (using
# gdbarch_data) just like everything else.  The catch is that other
# modules still take the address of these builtin types forcing them
# to be variables, sigh!","['fix', 'hack', 'fixme']",Autotool,0,1311,1321
2491,minimsecure/unum-sdk,https://github.com/minimsecure/unum-sdk/blob/1681a5373ad0276de9ba3ce4ab77b79dcc98aaae/src/gdb/gdb-7.11/gdb/Makefile.in#L1420,"# Put the proper machine-specific files first, so M-. on a machine
# specific routine gets the one for the correct machine.  (FIXME: those
# files go in twice; we should be removing them from the main list).",['fixme'],Autotool,0,1420,1422
2491,minimsecure/unum-sdk,https://github.com/minimsecure/unum-sdk/blob/1681a5373ad0276de9ba3ce4ab77b79dcc98aaae/src/gdb/gdb-7.11/gdb/Makefile.in#L1450,"# This used to depend on c-exp.c m2-exp.c TAGS
# I believe this is wrong; the makefile standards for distclean just
# describe removing files; the only sort of ""re-create a distribution""
# functionality described is if the distributed files are unmodified.
# NB: While GDBSERVER might be configured on native systems, it isn't
# always included in SUBDIRS.  Remove the gdbserver files explicitly.",['this is wrong'],Autotool,0,1450,1455
2491,minimsecure/unum-sdk,https://github.com/minimsecure/unum-sdk/blob/1681a5373ad0276de9ba3ce4ab77b79dcc98aaae/src/gdb/gdb-7.11/gdb/Makefile.in#L1762,"# FIXME: cagney/2003-08-10: ""monitor.c"" gets -Wformat-nonliteral
# errors.  It turns out that that is the least of monitor.c's
# problems.  The function print_vsprintf appears to be using
# va_arg(long) to extract CORE_ADDR parameters - something that
# definitly will not work.  ""monitor.c"" needs to be rewritten so that
# it doesn't use format strings and instead uses callbacks.",['fixme'],Autotool,0,1762,1767
2491,minimsecure/unum-sdk,https://github.com/minimsecure/unum-sdk/blob/1681a5373ad0276de9ba3ce4ab77b79dcc98aaae/src/gdb/gdb-7.11/gdb/doc/Makefile.in#L459,"# Clean these up before each run.  Avoids a catch 22 with not being
# able to re-generate these files (to fix a corruption) because these
# files contain a corruption.",['fix'],Autotool,0,459,461
2491,minimsecure/unum-sdk,https://github.com/minimsecure/unum-sdk/blob/1681a5373ad0276de9ba3ce4ab77b79dcc98aaae/src/gdb/gdb-7.11/gdb/gdbserver/Makefile.in#L67,"# Note that these are overridden by GNU make-specific code below if
# GNU make is used.  The overrides implement dependency tracking.",['implement'],Autotool,0,67,68
2491,minimsecure/unum-sdk,https://github.com/minimsecure/unum-sdk/blob/1681a5373ad0276de9ba3ce4ab77b79dcc98aaae/src/gdb/gdb-7.11/gdb/gnulib/Makefile.in#L65,"# If you are compiling with GCC, make sure that either 1) You have the
# fixed include files where GCC can reach them, or 2) You use the
# -traditional flag.  Otherwise the ioctl calls in inflow.c
# will be incorrectly compiled.  The ""fixincludes"" script in the gcc
# distribution will fix your include files up.",['fix'],Autotool,0,65,69
2491,minimsecure/unum-sdk,https://github.com/minimsecure/unum-sdk/blob/1681a5373ad0276de9ba3ce4ab77b79dcc98aaae/src/gdb/gdb-7.11/gdb/testsuite/Makefile.in#L239,"# Utility rule to build tests that support it in parallel.
# The build is broken into 3 steps distinguished by GDB_PERFTEST_SUBMODE:
# gen-workers, build-pieces, final.
#
# GDB_PERFTEST_MODE appears *after* RUNTESTFLAGS here because we don't want
# anything in RUNTESTFLAGS to override it.
#
# We don't delete the outputs directory here as these programs can take
# awhile to build, and perftest.exp has support for deciding whether to
# recompile them.  If you want to remove these directories, make clean.
#
# The point of step 1 is to construct the set of worker tasks for step 2.
# All of the information needed by build-piece.exp is contained in the name
# of the generated .worker file.",['broken'],Autotool,0,239,252
2491,minimsecure/unum-sdk,https://github.com/minimsecure/unum-sdk/blob/1681a5373ad0276de9ba3ce4ab77b79dcc98aaae/src/gdb/gdb-7.11/libiberty/Makefile.in#L104,# FIXME: add @BUILD_INFO@ once we're sure it works for everyone.,['fixme'],Autotool,0,104,104
2491,minimsecure/unum-sdk,https://github.com/minimsecure/unum-sdk/blob/1681a5373ad0276de9ba3ce4ab77b79dcc98aaae/src/gdb/gdb-8.3/Makefile.in#L47302,"# Bubble a bug fix through all the stages up to stage 1.  They are
# remade, but not reconfigured.  The next stage (if any) will not be
# reconfigured either.",['fix'],Autotool,0,47302,47304
2491,minimsecure/unum-sdk,https://github.com/minimsecure/unum-sdk/blob/1681a5373ad0276de9ba3ce4ab77b79dcc98aaae/src/gdb/gdb-8.3/Makefile.in#L47319,"# FIXME: Will not need to be conditional when toplevel bootstrap is the
# only possibility, but now it conflicts with no-bootstrap rules",['fixme'],Autotool,0,47319,47320
2491,minimsecure/unum-sdk,https://github.com/minimsecure/unum-sdk/blob/1681a5373ad0276de9ba3ce4ab77b79dcc98aaae/src/gdb/gdb-8.3/Makefile.in#L47621,"# Bubble a bug fix through all the stages up to stage 2.  They are
# remade, but not reconfigured.  The next stage (if any) will not be
# reconfigured either.",['fix'],Autotool,0,47621,47623
2491,minimsecure/unum-sdk,https://github.com/minimsecure/unum-sdk/blob/1681a5373ad0276de9ba3ce4ab77b79dcc98aaae/src/gdb/gdb-8.3/Makefile.in#L47638,"# FIXME: Will not need to be conditional when toplevel bootstrap is the
# only possibility, but now it conflicts with no-bootstrap rules",['fixme'],Autotool,0,47638,47639
2491,minimsecure/unum-sdk,https://github.com/minimsecure/unum-sdk/blob/1681a5373ad0276de9ba3ce4ab77b79dcc98aaae/src/gdb/gdb-8.3/Makefile.in#L47963,"# Bubble a bug fix through all the stages up to stage 3.  They are
# remade, but not reconfigured.  The next stage (if any) will not be
# reconfigured either.",['fix'],Autotool,0,47963,47965
2491,minimsecure/unum-sdk,https://github.com/minimsecure/unum-sdk/blob/1681a5373ad0276de9ba3ce4ab77b79dcc98aaae/src/gdb/gdb-8.3/Makefile.in#L47985,"# FIXME: Will not need to be conditional when toplevel bootstrap is the
# only possibility, but now it conflicts with no-bootstrap rules",['fixme'],Autotool,0,47985,47986
2491,minimsecure/unum-sdk,https://github.com/minimsecure/unum-sdk/blob/1681a5373ad0276de9ba3ce4ab77b79dcc98aaae/src/gdb/gdb-8.3/Makefile.in#L48361,"# Bubble a bug fix through all the stages up to stage 4.  They are
# remade, but not reconfigured.  The next stage (if any) will not be
# reconfigured either.",['fix'],Autotool,0,48361,48363
2491,minimsecure/unum-sdk,https://github.com/minimsecure/unum-sdk/blob/1681a5373ad0276de9ba3ce4ab77b79dcc98aaae/src/gdb/gdb-8.3/Makefile.in#L48383,"# FIXME: Will not need to be conditional when toplevel bootstrap is the
# only possibility, but now it conflicts with no-bootstrap rules",['fixme'],Autotool,0,48383,48384
2491,minimsecure/unum-sdk,https://github.com/minimsecure/unum-sdk/blob/1681a5373ad0276de9ba3ce4ab77b79dcc98aaae/src/gdb/gdb-8.3/Makefile.in#L48747,"# Bubble a bug fix through all the stages up to stage profile.  They are
# remade, but not reconfigured.  The next stage (if any) will not be
# reconfigured either.",['fix'],Autotool,0,48747,48749
2491,minimsecure/unum-sdk,https://github.com/minimsecure/unum-sdk/blob/1681a5373ad0276de9ba3ce4ab77b79dcc98aaae/src/gdb/gdb-8.3/Makefile.in#L48764,"# FIXME: Will not need to be conditional when toplevel bootstrap is the
# only possibility, but now it conflicts with no-bootstrap rules",['fixme'],Autotool,0,48764,48765
2491,minimsecure/unum-sdk,https://github.com/minimsecure/unum-sdk/blob/1681a5373ad0276de9ba3ce4ab77b79dcc98aaae/src/gdb/gdb-8.3/Makefile.in#L49066,"# Bubble a bug fix through all the stages up to stage feedback.  They are
# remade, but not reconfigured.  The next stage (if any) will not be
# reconfigured either.",['fix'],Autotool,0,49066,49068
2491,minimsecure/unum-sdk,https://github.com/minimsecure/unum-sdk/blob/1681a5373ad0276de9ba3ce4ab77b79dcc98aaae/src/gdb/gdb-8.3/Makefile.in#L49083,"# FIXME: Will not need to be conditional when toplevel bootstrap is the
# only possibility, but now it conflicts with no-bootstrap rules",['fixme'],Autotool,0,49083,49084
2491,minimsecure/unum-sdk,https://github.com/minimsecure/unum-sdk/blob/1681a5373ad0276de9ba3ce4ab77b79dcc98aaae/src/gdb/gdb-8.3/bfd/Makefile.in#L2018,"# The following program can be used to generate a simple config file
# which can be folded into an h-XXX file for a new host, with some editing.",['xxx'],Autotool,0,2018,2019
2491,minimsecure/unum-sdk,https://github.com/minimsecure/unum-sdk/blob/1681a5373ad0276de9ba3ce4ab77b79dcc98aaae/src/gdb/gdb-8.3/gdb/Makefile.in#L117,"# Note that these are overridden by GNU make-specific code below if
# GNU make is used.  The overrides implement dependency tracking.",['implement'],Autotool,0,117,118
2491,minimsecure/unum-sdk,https://github.com/minimsecure/unum-sdk/blob/1681a5373ad0276de9ba3ce4ab77b79dcc98aaae/src/gdb/gdb-8.3/gdb/Makefile.in#L1688,"# The idea is to parallelize testing of multilibs, for example:
#   make -j3 check//sh-hms-sim/{-m1,-m2,-m3,-m3e,-m4}/{,-nofpu}
# will run 3 concurrent sessions of check, eventually testing all 10
# combinations.  GNU make is required for the % pattern to work, as is
# a shell that expands alternations within braces.  If GNU make is not
# used, this rule will harmlessly fail to match.  Used FORCE_PARALLEL to
# prevent serialized checking due to the passed RUNTESTFLAGS.
# FIXME: use config.status --config not --version, when available.",['fixme'],Autotool,0,1688,1695
2491,minimsecure/unum-sdk,https://github.com/minimsecure/unum-sdk/blob/1681a5373ad0276de9ba3ce4ab77b79dcc98aaae/src/gdb/gdb-8.3/gdb/Makefile.in#L1917,"# Put the proper machine-specific files first, so M-. on a machine
# specific routine gets the one for the correct machine.  (FIXME: those
# files go in twice; we should be removing them from the main list).",['fixme'],Autotool,0,1917,1919
2491,minimsecure/unum-sdk,https://github.com/minimsecure/unum-sdk/blob/1681a5373ad0276de9ba3ce4ab77b79dcc98aaae/src/gdb/gdb-8.3/gdb/Makefile.in#L1951,"# This used to depend on c-exp.c m2-exp.c TAGS
# I believe this is wrong; the makefile standards for distclean just
# describe removing files; the only sort of ""re-create a distribution""
# functionality described is if the distributed files are unmodified.
# NB: While GDBSERVER might be configured on native systems, it isn't
# always included in SUBDIRS.  Remove the gdbserver files explicitly.",['this is wrong'],Autotool,0,1951,1956
2491,minimsecure/unum-sdk,https://github.com/minimsecure/unum-sdk/blob/1681a5373ad0276de9ba3ce4ab77b79dcc98aaae/src/gdb/gdb-8.3/gdb/doc/Makefile.in#L456,"# Clean these up before each run.  Avoids a catch 22 with not being
# able to re-generate these files (to fix a corruption) because these
# files contain a corruption.",['fix'],Autotool,0,456,458
2491,minimsecure/unum-sdk,https://github.com/minimsecure/unum-sdk/blob/1681a5373ad0276de9ba3ce4ab77b79dcc98aaae/src/gdb/gdb-8.3/gdb/gdbserver/Makefile.in#L76,"# Note that these are overridden by GNU make-specific code below if
# GNU make is used.  The overrides implement dependency tracking.",['implement'],Autotool,0,76,77
2491,minimsecure/unum-sdk,https://github.com/minimsecure/unum-sdk/blob/1681a5373ad0276de9ba3ce4ab77b79dcc98aaae/src/gdb/gdb-8.3/gdb/testsuite/Makefile.in#L301,"# Utility rule to build tests that support it in parallel.
# The build is broken into 3 steps distinguished by GDB_PERFTEST_SUBMODE:
# gen-workers, build-pieces, final.
#
# GDB_PERFTEST_MODE appears *after* RUNTESTFLAGS here because we don't want
# anything in RUNTESTFLAGS to override it.
#
# We don't delete the outputs directory here as these programs can take
# awhile to build, and perftest.exp has support for deciding whether to
# recompile them.  If you want to remove these directories, make clean.
#
# The point of step 1 is to construct the set of worker tasks for step 2.
# All of the information needed by build-piece.exp is contained in the name
# of the generated .worker file.",['broken'],Autotool,0,301,314
2491,minimsecure/unum-sdk,https://github.com/minimsecure/unum-sdk/blob/1681a5373ad0276de9ba3ce4ab77b79dcc98aaae/src/gdb/gdb-8.3/libiberty/Makefile.in#L102,# FIXME: add @BUILD_INFO@ once we're sure it works for everyone.,['fixme'],Autotool,0,102,102
2491,minimsecure/unum-sdk,https://github.com/minimsecure/unum-sdk/blob/1681a5373ad0276de9ba3ce4ab77b79dcc98aaae/src/uclibc/uClibc-0.9.33.2/Makefile.in#L72,"# The above doesn't work for threads, though. Just using check-symlinks for now.
# XXX: FIXME: this is ugly","['xxx', 'ugly', 'fixme']",Autotool,0,72,73
2491,minimsecure/unum-sdk,https://github.com/minimsecure/unum-sdk/blob/1681a5373ad0276de9ba3ce4ab77b79dcc98aaae/src/uclibc/uClibc-0.9.33.2/Makefile.in#L79,"# For the moment, we have to keep re-running this target
# because the fix includes scripts rely on pre-processers
# in order to generate the headers correctly :(.  That
# means we can't use the $(HOSTCC) in order to get the
# correct output.",['fix'],Autotool,0,79,83
2491,minimsecure/unum-sdk,https://github.com/minimsecure/unum-sdk/blob/1681a5373ad0276de9ba3ce4ab77b79dcc98aaae/src/uclibc/uClibc-0.9.33.2/Makefile.in#L181,# Ugly linux specific hack..,"['hack', 'ugly']",Autotool,2,181,181
2491,minimsecure/unum-sdk,https://github.com/minimsecure/unum-sdk/blob/1681a5373ad0276de9ba3ce4ab77b79dcc98aaae/src/uclibc/uClibc-0.9.33.2/libpthread/nptl/Makefile.in#L21,# XXX: delete those or use them!,['xxx'],Autotool,86,21,21
2491,minimsecure/unum-sdk,https://github.com/minimsecure/unum-sdk/blob/1681a5373ad0276de9ba3ce4ab77b79dcc98aaae/src/uclibc/uClibc-0.9.33.2/test/silly/Makefile.in#L1,"# uClibc silly tests
# Licensed under the LGPL v2.1, see the file COPYING.LIB in this tarball.",['silly'],Autotool,0,1,2
2491,minimsecure/unum-sdk,https://github.com/minimsecure/unum-sdk/blob/1681a5373ad0276de9ba3ce4ab77b79dcc98aaae/src/uclibc/uClibc-0.9.33.2/utils/Makefile.in#L138,# This is a hack..,['hack'],Autotool,5,138,138
2491,minimsecure/unum-sdk,https://github.com/minimsecure/unum-sdk/blob/1681a5373ad0276de9ba3ce4ab77b79dcc98aaae/src/dropbear/dropbear-2022.82/config.h.in#L6,/* Broken getaddrinfo */,['broken'],Autotool,0,6,6
2491,minimsecure/unum-sdk,https://github.com/minimsecure/unum-sdk/blob/1681a5373ad0276de9ba3ce4ab77b79dcc98aaae/src/curl/curl-7.84.0/configure.ac#L1525,"dnl If name is ""no"" then don't define this library at all
dnl (it's only needed if libldap.so's dependencies are broken).",['broken'],Autotool,4,1525,1526
2491,minimsecure/unum-sdk,https://github.com/minimsecure/unum-sdk/blob/1681a5373ad0276de9ba3ce4ab77b79dcc98aaae/src/dropbear/dropbear-2022.82/configure.ac#L174,"# OpenSSH thinks it's broken. If it isn't, let me know.",['broken'],Autotool,1,174,174
2491,minimsecure/unum-sdk,https://github.com/minimsecure/unum-sdk/blob/1681a5373ad0276de9ba3ce4ab77b79dcc98aaae/src/dropbear/dropbear-2022.82/configure.ac#L180,# It's probably broken.,['broken'],Autotool,1,180,180
2491,minimsecure/unum-sdk,https://github.com/minimsecure/unum-sdk/blob/1681a5373ad0276de9ba3ce4ab77b79dcc98aaae/src/gdb/gdb-7.11/configure.ac#L2426,"# Handle --with-headers=XXX.  If the value is not ""yes"", the contents of
# the named directory are copied to $(tooldir)/sys-include.",['xxx'],Autotool,0,2426,2427
2491,minimsecure/unum-sdk,https://github.com/minimsecure/unum-sdk/blob/1681a5373ad0276de9ba3ce4ab77b79dcc98aaae/src/gdb/gdb-7.11/configure.ac#L2439,"# Handle --with-libs=XXX.  If the value is not ""yes"", the contents of
# the name directories are copied to $(tooldir)/lib.  Multiple directories
# are permitted.",['xxx'],Autotool,0,2439,2441
2491,minimsecure/unum-sdk,https://github.com/minimsecure/unum-sdk/blob/1681a5373ad0276de9ba3ce4ab77b79dcc98aaae/src/gdb/gdb-7.11/configure.ac#L2518,"# Copy the directory, assuming we have tar.
# FIXME: Should we use B in the second tar?  Not all systems support it.",['fixme'],Autotool,4,2518,2519
2491,minimsecure/unum-sdk,https://github.com/minimsecure/unum-sdk/blob/1681a5373ad0276de9ba3ce4ab77b79dcc98aaae/src/gdb/gdb-7.11/configure.ac#L2773,"# Only add the dependency on gdbtk when GDBtk is part of the gdb
# distro.  Eventually someone will fix this and move Insight, nee
# gdbtk to a separate directory.",['fix'],Autotool,4,2773,2775
2491,minimsecure/unum-sdk,https://github.com/minimsecure/unum-sdk/blob/1681a5373ad0276de9ba3ce4ab77b79dcc98aaae/src/gdb/gdb-7.11/configure.ac#L3098,"# Passing a --with-cross-host argument lets the target libraries know
# whether they are being built with a cross-compiler or being built
# native.  However, it would be better to use other mechanisms to make the
# sorts of decisions they want to make on this basis.  Please consider
# this option to be deprecated.  FIXME.",['fixme'],Autotool,0,3098,3102
2491,minimsecure/unum-sdk,https://github.com/minimsecure/unum-sdk/blob/1681a5373ad0276de9ba3ce4ab77b79dcc98aaae/src/gdb/gdb-7.11/configure.ac#L3360,# FIXME: expect and dejagnu may become build tools?,['fixme'],Autotool,0,3360,3360
2491,minimsecure/unum-sdk,https://github.com/minimsecure/unum-sdk/blob/1681a5373ad0276de9ba3ce4ab77b79dcc98aaae/src/gdb/gdb-7.11/bfd/configure.ac#L277,# Hack to build or1k-src on OSX,['hack'],Autotool,2,277,277
2491,minimsecure/unum-sdk,https://github.com/minimsecure/unum-sdk/blob/1681a5373ad0276de9ba3ce4ab77b79dcc98aaae/src/gdb/gdb-7.11/bfd/configure.ac#L1183,"dnl We need this duplication, even though we use AM_PO_SUBDIRS, because of
dnl our two separate POTFILES.  Yuck.",['yuck'],Autotool,0,1183,1184
2491,minimsecure/unum-sdk,https://github.com/minimsecure/unum-sdk/blob/1681a5373ad0276de9ba3ce4ab77b79dcc98aaae/src/gdb/gdb-7.11/gdb/configure.ac#L574,"# FIXME: kettenis/20040905: We prefer ncurses over the vendor-supplied
# curses library because the latter might not provide all the
# functionality we need.  However, this leads to problems on systems
# where the linker searches /usr/local/lib, but the compiler doesn't
# search /usr/local/include, if ncurses is installed in /usr/local.  A
# default installation of ncurses on alpha*-dec-osf* will lead to such
# a situation.",['fixme'],Autotool,2,574,580
2491,minimsecure/unum-sdk,https://github.com/minimsecure/unum-sdk/blob/1681a5373ad0276de9ba3ce4ab77b79dcc98aaae/src/gdb/gdb-7.11/gdb/configure.ac#L1556,dnl Check for broken prfpregset_t type,['broken'],Autotool,2,1556,1556
2491,minimsecure/unum-sdk,https://github.com/minimsecure/unum-sdk/blob/1681a5373ad0276de9ba3ce4ab77b79dcc98aaae/src/gdb/gdb-7.11/gdb/configure.ac#L1717,"# Workaround http://bugs.python.org/issue4434 where static
# libpythonX.Y.a would get its symbols required for
# pythonX.Y/lib-dynload/*.so modules hidden by -Wl,--dynamic-list.
# Problem does not happen for the recommended libpythonX.Y.so linkage.",['workaround'],Autotool,5,1717,1720
2491,minimsecure/unum-sdk,https://github.com/minimsecure/unum-sdk/blob/1681a5373ad0276de9ba3ce4ab77b79dcc98aaae/src/gdb/gdb-7.11/gdb/configure.ac#L2273,"# Append -Werror to CFLAGS so that configure can catch the warning
# ""assignment from incompatible pointer type"", which is related to
# the babeltrace change from 1.0.3 to 1.1.0.  Babeltrace 1.1.0 works
# in GDB, while babeltrace 1.0.3 is broken.
# AC_LIB_HAVE_LINKFLAGS may modify CPPFLAGS in it, so it should be
# safe to save and restore CFLAGS here.",['broken'],Autotool,2,2273,2278
2491,minimsecure/unum-sdk,https://github.com/minimsecure/unum-sdk/blob/1681a5373ad0276de9ba3ce4ab77b79dcc98aaae/src/gdb/gdb-7.11/libiberty/configure.ac#L623,"# Under some versions of uwin, vfork is notoriously buggy and the test 
# can hang configure; on other versions, vfork exists just as a stub.
# FIXME: This should be removed once vfork in uwin's runtime is fixed.",['fixme'],Autotool,4,623,625
2491,minimsecure/unum-sdk,https://github.com/minimsecure/unum-sdk/blob/1681a5373ad0276de9ba3ce4ab77b79dcc98aaae/src/gdb/gdb-7.11/libiberty/configure.ac#L652,# We only need _doprnt if we might use it to implement v*printf.,['implement'],Autotool,2,652,652
2491,minimsecure/unum-sdk,https://github.com/minimsecure/unum-sdk/blob/1681a5373ad0276de9ba3ce4ab77b79dcc98aaae/src/gdb/gdb-8.3/configure.ac#L2357,"# Handle --with-headers=XXX.  If the value is not ""yes"", the contents of
# the named directory are copied to $(tooldir)/sys-include.",['xxx'],Autotool,0,2357,2358
2491,minimsecure/unum-sdk,https://github.com/minimsecure/unum-sdk/blob/1681a5373ad0276de9ba3ce4ab77b79dcc98aaae/src/gdb/gdb-8.3/configure.ac#L2370,"# Handle --with-libs=XXX.  If the value is not ""yes"", the contents of
# the name directories are copied to $(tooldir)/lib.  Multiple directories
# are permitted.",['xxx'],Autotool,0,2370,2372
2491,minimsecure/unum-sdk,https://github.com/minimsecure/unum-sdk/blob/1681a5373ad0276de9ba3ce4ab77b79dcc98aaae/src/gdb/gdb-8.3/configure.ac#L2449,"# Copy the directory, assuming we have tar.
# FIXME: Should we use B in the second tar?  Not all systems support it.",['fixme'],Autotool,4,2449,2450
2491,minimsecure/unum-sdk,https://github.com/minimsecure/unum-sdk/blob/1681a5373ad0276de9ba3ce4ab77b79dcc98aaae/src/gdb/gdb-8.3/configure.ac#L2702,"# Only add the dependency on gdbtk when GDBtk is part of the gdb
# distro.  Eventually someone will fix this and move Insight, nee
# gdbtk to a separate directory.",['fix'],Autotool,4,2702,2704
2491,minimsecure/unum-sdk,https://github.com/minimsecure/unum-sdk/blob/1681a5373ad0276de9ba3ce4ab77b79dcc98aaae/src/gdb/gdb-8.3/configure.ac#L3037,"# Passing a --with-cross-host argument lets the target libraries know
# whether they are being built with a cross-compiler or being built
# native.  However, it would be better to use other mechanisms to make the
# sorts of decisions they want to make on this basis.  Please consider
# this option to be deprecated.  FIXME.",['fixme'],Autotool,0,3037,3041
2491,minimsecure/unum-sdk,https://github.com/minimsecure/unum-sdk/blob/1681a5373ad0276de9ba3ce4ab77b79dcc98aaae/src/gdb/gdb-8.3/configure.ac#L3298,# FIXME: expect and dejagnu may become build tools?,['fixme'],Autotool,0,3298,3298
2491,minimsecure/unum-sdk,https://github.com/minimsecure/unum-sdk/blob/1681a5373ad0276de9ba3ce4ab77b79dcc98aaae/src/gdb/gdb-8.3/bfd/configure.ac#L1098,"dnl We need this duplication, even though we use AM_PO_SUBDIRS, because of
dnl our two separate POTFILES.  Yuck.",['yuck'],Autotool,0,1098,1099
2491,minimsecure/unum-sdk,https://github.com/minimsecure/unum-sdk/blob/1681a5373ad0276de9ba3ce4ab77b79dcc98aaae/src/gdb/gdb-8.3/gdb/configure.ac#L40,"# We require a C++11 compiler.  Check if one is available, and if
# necessary, set CXX_DIALECT to some -std=xxx switch.",['xxx'],Autotool,0,40,41
2491,minimsecure/unum-sdk,https://github.com/minimsecure/unum-sdk/blob/1681a5373ad0276de9ba3ce4ab77b79dcc98aaae/src/gdb/gdb-8.3/gdb/configure.ac#L546,"# FIXME: kettenis/20040905: We prefer ncurses over the vendor-supplied
# curses library because the latter might not provide all the
# functionality we need.  However, this leads to problems on systems
# where the linker searches /usr/local/lib, but the compiler doesn't
# search /usr/local/include, if ncurses is installed in /usr/local.  A
# default installation of ncurses on alpha*-dec-osf* will lead to such
# a situation.",['fixme'],Autotool,2,546,552
2491,minimsecure/unum-sdk,https://github.com/minimsecure/unum-sdk/blob/1681a5373ad0276de9ba3ce4ab77b79dcc98aaae/src/gdb/gdb-8.3/gdb/configure.ac#L1709,"# Workaround http://bugs.python.org/issue4434 where static
# libpythonX.Y.a would get its symbols required for
# pythonX.Y/lib-dynload/*.so modules hidden by -Wl,--dynamic-list.
# Problem does not happen for the recommended libpythonX.Y.so linkage.",['workaround'],Autotool,5,1709,1712
2491,minimsecure/unum-sdk,https://github.com/minimsecure/unum-sdk/blob/1681a5373ad0276de9ba3ce4ab77b79dcc98aaae/src/gdb/gdb-8.3/gdb/configure.ac#L1714,"# Note the workaround for Python
# http://bugs.python.org/issue10112 earlier has removed
# -export-dynamic from PYTHON_LIBS.  That's exactly what we want
# here too, as otherwise it'd make this -Wl,--dynamic-list test
# always pass.",['workaround'],Autotool,5,1714,1718
2491,minimsecure/unum-sdk,https://github.com/minimsecure/unum-sdk/blob/1681a5373ad0276de9ba3ce4ab77b79dcc98aaae/src/gdb/gdb-8.3/gdb/configure.ac#L2222,"# Append -Werror to CFLAGS so that configure can catch the warning
# ""assignment from incompatible pointer type"", which is related to
# the babeltrace change from 1.0.3 to 1.1.0.  Babeltrace 1.1.0 works
# in GDB, while babeltrace 1.0.3 is broken.
# AC_LIB_HAVE_LINKFLAGS may modify CPPFLAGS in it, so it should be
# safe to save and restore CFLAGS here.",['broken'],Autotool,2,2222,2227
2491,minimsecure/unum-sdk,https://github.com/minimsecure/unum-sdk/blob/1681a5373ad0276de9ba3ce4ab77b79dcc98aaae/src/gdb/gdb-8.3/gdb/gdbserver/configure.ac#L39,"# We require a C++11 compiler.  Check if one is available, and if
# necessary, set CXX_DIALECT to some -std=xxx switch.",['xxx'],Autotool,0,39,40
2491,minimsecure/unum-sdk,https://github.com/minimsecure/unum-sdk/blob/1681a5373ad0276de9ba3ce4ab77b79dcc98aaae/src/gdb/gdb-8.3/libiberty/configure.ac#L623,"# Under some versions of uwin, vfork is notoriously buggy and the test 
# can hang configure; on other versions, vfork exists just as a stub.
# FIXME: This should be removed once vfork in uwin's runtime is fixed.",['fixme'],Autotool,4,623,625
2491,minimsecure/unum-sdk,https://github.com/minimsecure/unum-sdk/blob/1681a5373ad0276de9ba3ce4ab77b79dcc98aaae/src/gdb/gdb-8.3/libiberty/configure.ac#L652,# We only need _doprnt if we might use it to implement v*printf.,['implement'],Autotool,2,652,652
2491,minimsecure/unum-sdk,https://github.com/minimsecure/unum-sdk/blob/1681a5373ad0276de9ba3ce4ab77b79dcc98aaae/src/c-ares/c-ares-1.15.0/aclocal.m4#L345,"# Older Autoconf quotes --file arguments for eval, but not when files
# are listed without --file.  Let's play safe and only enable the eval
# if we detect the quoting.
# TODO: see whether this extra hack can be removed once we start
# requiring Autoconf 2.70 or later.","['todo', 'hack']",Autotool,2,345,349
2491,minimsecure/unum-sdk,https://github.com/minimsecure/unum-sdk/blob/1681a5373ad0276de9ba3ce4ab77b79dcc98aaae/src/c-ares/c-ares-1.15.0/aclocal.m4#L822,"# Losing compiler, so override with the script.
# FIXME: It is wrong to rewrite CC.
# But if we don't then we get into trouble of one sort or another.
# A longer-term fix would be to have automake use am__CC in this case,
# and then we could set am__CC=""\$(top_srcdir)/compile \$(CC)""","['fix', 'fixme']",Autotool,3,822,826
2491,minimsecure/unum-sdk,https://github.com/minimsecure/unum-sdk/blob/1681a5373ad0276de9ba3ce4ab77b79dcc98aaae/src/c-ares/c-ares-1.15.0/aclocal.m4#L893,"# If neither matched, then we have a broken ls.  This can happen
# if, for instance, CONFIG_SHELL is bash and it inherits a
# broken ls alias from the environment.  This has actually
# happened.  Such a system could not be considered ""sane"".",['broken'],Autotool,1,893,896
2491,minimsecure/unum-sdk,https://github.com/minimsecure/unum-sdk/blob/1681a5373ad0276de9ba3ce4ab77b79dcc98aaae/src/c-ares/c-ares-1.15.0/test/aclocal.m4#L345,"# Older Autoconf quotes --file arguments for eval, but not when files
# are listed without --file.  Let's play safe and only enable the eval
# if we detect the quoting.
# TODO: see whether this extra hack can be removed once we start
# requiring Autoconf 2.70 or later.","['todo', 'hack']",Autotool,2,345,349
2491,minimsecure/unum-sdk,https://github.com/minimsecure/unum-sdk/blob/1681a5373ad0276de9ba3ce4ab77b79dcc98aaae/src/c-ares/c-ares-1.15.0/test/aclocal.m4#L786,"# Losing compiler, so override with the script.
# FIXME: It is wrong to rewrite CC.
# But if we don't then we get into trouble of one sort or another.
# A longer-term fix would be to have automake use am__CC in this case,
# and then we could set am__CC=""\$(top_srcdir)/compile \$(CC)""","['fix', 'fixme']",Autotool,3,786,790
2491,minimsecure/unum-sdk,https://github.com/minimsecure/unum-sdk/blob/1681a5373ad0276de9ba3ce4ab77b79dcc98aaae/src/c-ares/c-ares-1.15.0/test/aclocal.m4#L857,"# If neither matched, then we have a broken ls.  This can happen
# if, for instance, CONFIG_SHELL is bash and it inherits a
# broken ls alias from the environment.  This has actually
# happened.  Such a system could not be considered ""sane"".",['broken'],Autotool,1,857,860
2491,minimsecure/unum-sdk,https://github.com/minimsecure/unum-sdk/blob/1681a5373ad0276de9ba3ce4ab77b79dcc98aaae/src/curl/curl-7.84.0/aclocal.m4#L345,"# Older Autoconf quotes --file arguments for eval, but not when files
# are listed without --file.  Let's play safe and only enable the eval
# if we detect the quoting.
# TODO: see whether this extra hack can be removed once we start
# requiring Autoconf 2.70 or later.","['todo', 'hack']",Autotool,2,345,349
2491,minimsecure/unum-sdk,https://github.com/minimsecure/unum-sdk/blob/1681a5373ad0276de9ba3ce4ab77b79dcc98aaae/src/curl/curl-7.84.0/aclocal.m4#L837,"# Losing compiler, so override with the script.
# FIXME: It is wrong to rewrite CC.
# But if we don't then we get into trouble of one sort or another.
# A longer-term fix would be to have automake use am__CC in this case,
# and then we could set am__CC=""\$(top_srcdir)/compile \$(CC)""","['fix', 'fixme']",Autotool,3,837,841
2491,minimsecure/unum-sdk,https://github.com/minimsecure/unum-sdk/blob/1681a5373ad0276de9ba3ce4ab77b79dcc98aaae/src/curl/curl-7.84.0/aclocal.m4#L908,"# If neither matched, then we have a broken ls.  This can happen
# if, for instance, CONFIG_SHELL is bash and it inherits a
# broken ls alias from the environment.  This has actually
# happened.  Such a system could not be considered ""sane"".",['broken'],Autotool,1,908,911
2491,minimsecure/unum-sdk,https://github.com/minimsecure/unum-sdk/blob/1681a5373ad0276de9ba3ce4ab77b79dcc98aaae/src/gdb/gdb-7.11/bfd/aclocal.m4#L396,"# AM_OUTPUT_DEPENDENCY_COMMANDS
# -----------------------------
# This macro should only be invoked once -- use via AC_REQUIRE.
#
# This code is only required when automatic dependency tracking
# is enabled.  FIXME.  This creates each `.P' file that we will
# need in order to bootstrap the dependency handling code.",['fixme'],Autotool,0,396,402
2491,minimsecure/unum-sdk,https://github.com/minimsecure/unum-sdk/blob/1681a5373ad0276de9ba3ce4ab77b79dcc98aaae/src/gdb/gdb-7.11/bfd/aclocal.m4#L809,"# If neither matched, then we have a broken ls.  This can happen
# if, for instance, CONFIG_SHELL is bash and it inherits a
# broken ls alias from the environment.  This has actually
# happened.  Such a system could not be considered ""sane"".",['broken'],Autotool,6,809,812
2491,minimsecure/unum-sdk,https://github.com/minimsecure/unum-sdk/blob/1681a5373ad0276de9ba3ce4ab77b79dcc98aaae/src/gdb/gdb-7.11/gdb/gnulib/aclocal.m4#L419,"# AM_OUTPUT_DEPENDENCY_COMMANDS
# -----------------------------
# This macro should only be invoked once -- use via AC_REQUIRE.
#
# This code is only required when automatic dependency tracking
# is enabled.  FIXME.  This creates each `.P' file that we will
# need in order to bootstrap the dependency handling code.",['fixme'],Autotool,0,419,425
2491,minimsecure/unum-sdk,https://github.com/minimsecure/unum-sdk/blob/1681a5373ad0276de9ba3ce4ab77b79dcc98aaae/src/gdb/gdb-7.11/gdb/gnulib/aclocal.m4#L853,"# If neither matched, then we have a broken ls.  This can happen
# if, for instance, CONFIG_SHELL is bash and it inherits a
# broken ls alias from the environment.  This has actually
# happened.  Such a system could not be considered ""sane"".",['broken'],Autotool,6,853,856
2491,minimsecure/unum-sdk,https://github.com/minimsecure/unum-sdk/blob/1681a5373ad0276de9ba3ce4ab77b79dcc98aaae/src/gdb/gdb-8.3/bfd/aclocal.m4#L396,"# AM_OUTPUT_DEPENDENCY_COMMANDS
# -----------------------------
# This macro should only be invoked once -- use via AC_REQUIRE.
#
# This code is only required when automatic dependency tracking
# is enabled.  FIXME.  This creates each '.P' file that we will
# need in order to bootstrap the dependency handling code.",['fixme'],Autotool,0,396,402
2491,minimsecure/unum-sdk,https://github.com/minimsecure/unum-sdk/blob/1681a5373ad0276de9ba3ce4ab77b79dcc98aaae/src/gdb/gdb-8.3/bfd/aclocal.m4#L820,"# Losing compiler, so override with the script.
# FIXME: It is wrong to rewrite CC.
# But if we don't then we get into trouble of one sort or another.
# A longer-term fix would be to have automake use am__CC in this case,
# and then we could set am__CC=""\$(top_srcdir)/compile \$(CC)""","['fix', 'fixme']",Autotool,3,820,824
2491,minimsecure/unum-sdk,https://github.com/minimsecure/unum-sdk/blob/1681a5373ad0276de9ba3ce4ab77b79dcc98aaae/src/gdb/gdb-8.3/bfd/aclocal.m4#L891,"# If neither matched, then we have a broken ls.  This can happen
# if, for instance, CONFIG_SHELL is bash and it inherits a
# broken ls alias from the environment.  This has actually
# happened.  Such a system could not be considered ""sane"".",['broken'],Autotool,1,891,894
2491,minimsecure/unum-sdk,https://github.com/minimsecure/unum-sdk/blob/1681a5373ad0276de9ba3ce4ab77b79dcc98aaae/src/gdb/gdb-8.3/gdb/gnulib/aclocal.m4#L103,"# Microsoft lib, so override with the ar-lib wrapper script.
# FIXME: It is wrong to rewrite AR.
# But if we don't then we get into trouble of one sort or another.
# A longer-term fix would be to have automake use am__AR in this case,
# and then we could set am__AR=""$am_aux_dir/ar-lib \$(AR)"" or something
# similar.","['fix', 'fixme']",Autotool,2,103,108
2491,minimsecure/unum-sdk,https://github.com/minimsecure/unum-sdk/blob/1681a5373ad0276de9ba3ce4ab77b79dcc98aaae/src/gdb/gdb-8.3/gdb/gnulib/aclocal.m4#L456,"# AM_OUTPUT_DEPENDENCY_COMMANDS
# -----------------------------
# This macro should only be invoked once -- use via AC_REQUIRE.
#
# This code is only required when automatic dependency tracking
# is enabled.  FIXME.  This creates each '.P' file that we will
# need in order to bootstrap the dependency handling code.",['fixme'],Autotool,0,456,462
2491,minimsecure/unum-sdk,https://github.com/minimsecure/unum-sdk/blob/1681a5373ad0276de9ba3ce4ab77b79dcc98aaae/src/gdb/gdb-8.3/gdb/gnulib/aclocal.m4#L928,"# Losing compiler, so override with the script.
# FIXME: It is wrong to rewrite CC.
# But if we don't then we get into trouble of one sort or another.
# A longer-term fix would be to have automake use am__CC in this case,
# and then we could set am__CC=""\$(top_srcdir)/compile \$(CC)""","['fix', 'fixme']",Autotool,3,928,932
2491,minimsecure/unum-sdk,https://github.com/minimsecure/unum-sdk/blob/1681a5373ad0276de9ba3ce4ab77b79dcc98aaae/src/gdb/gdb-8.3/gdb/gnulib/aclocal.m4#L999,"# If neither matched, then we have a broken ls.  This can happen
# if, for instance, CONFIG_SHELL is bash and it inherits a
# broken ls alias from the environment.  This has actually
# happened.  Such a system could not be considered ""sane"".",['broken'],Autotool,1,999,1002
2491,minimsecure/unum-sdk,https://github.com/minimsecure/unum-sdk/blob/1681a5373ad0276de9ba3ce4ab77b79dcc98aaae/src/jansson/jansson-2.7/aclocal.m4#L2158,"# FIXME - insert some real tests, host_os isn't really good enough",['fixme'],Autotool,0,2158,2158
2491,minimsecure/unum-sdk,https://github.com/minimsecure/unum-sdk/blob/1681a5373ad0276de9ba3ce4ab77b79dcc98aaae/src/jansson/jansson-2.7/aclocal.m4#L2447,"# FIXME: find the short name or the path components, as spaces are
# common. (e.g. ""Program Files"" -> ""PROGRA~1"")",['fixme'],Autotool,6,2447,2448
2491,minimsecure/unum-sdk,https://github.com/minimsecure/unum-sdk/blob/1681a5373ad0276de9ba3ce4ab77b79dcc98aaae/src/jansson/jansson-2.7/aclocal.m4#L2471,# FIXME: first we should search . and the directory the executable is in,['fixme'],Autotool,2,2471,2471
2491,minimsecure/unum-sdk,https://github.com/minimsecure/unum-sdk/blob/1681a5373ad0276de9ba3ce4ab77b79dcc98aaae/src/jansson/jansson-2.7/aclocal.m4#L2500,"# DragonFly does not have aout.  When/if they implement a new
# versioning mechanism, adjust this.",['implement'],Autotool,2,2500,2501
2491,minimsecure/unum-sdk,https://github.com/minimsecure/unum-sdk/blob/1681a5373ad0276de9ba3ce4ab77b79dcc98aaae/src/jansson/jansson-2.7/aclocal.m4#L2695,"# We used to test for /lib/ld.so.1 and disable shared libraries on
# powerpc, because MkLinux only supported shared libraries with the
# GNU dynamic linker.  Since this was broken with cross compilers,
# most powerpc-linux boxes support dynamic linking these days and
# people can always --disable-shared, the test was removed, and we
# assume the GNU/Linux dynamic linker is in use.",['broken'],Autotool,2,2695,2700
2491,minimsecure/unum-sdk,https://github.com/minimsecure/unum-sdk/blob/1681a5373ad0276de9ba3ce4ab77b79dcc98aaae/src/jansson/jansson-2.7/aclocal.m4#L3921,"# FIXME: we need at least 68020 code to build shared libraries, but
# adding the `-m68020' flag to GCC prevents building anything better,
# like `-m68040'.",['fixme'],Autotool,12,3921,3923
2491,minimsecure/unum-sdk,https://github.com/minimsecure/unum-sdk/blob/1681a5373ad0276de9ba3ce4ab77b79dcc98aaae/src/jansson/jansson-2.7/aclocal.m4#L3933,"# This hack is so that the source file can tell whether it is being
# built for inclusion in a dll (and should export symbols for example).
# Although the cygwin gcc ignores -fPIC, still need this for old-style
# (--disable-auto-import) libraries",['hack'],Autotool,6,3933,3936
2491,minimsecure/unum-sdk,https://github.com/minimsecure/unum-sdk/blob/1681a5373ad0276de9ba3ce4ab77b79dcc98aaae/src/jansson/jansson-2.7/aclocal.m4#L3950,"# PIC is the default for Haiku.
# The ""-static"" flag exists, but is broken.",['broken'],Autotool,6,3950,3951
2491,minimsecure/unum-sdk,https://github.com/minimsecure/unum-sdk/blob/1681a5373ad0276de9ba3ce4ab77b79dcc98aaae/src/jansson/jansson-2.7/aclocal.m4#L3955,"# Interix 3.x gcc -fpic/-fPIC options generate broken code.
# Instead, we relocate shared libraries at runtime.",['broken'],Autotool,6,3955,3956
2491,minimsecure/unum-sdk,https://github.com/minimsecure/unum-sdk/blob/1681a5373ad0276de9ba3ce4ab77b79dcc98aaae/src/jansson/jansson-2.7/aclocal.m4#L4004,"# This hack is so that the source file can tell whether it is being
# built for inclusion in a dll (and should export symbols for example).",['hack'],Autotool,1,4004,4005
2491,minimsecure/unum-sdk,https://github.com/minimsecure/unum-sdk/blob/1681a5373ad0276de9ba3ce4ab77b79dcc98aaae/src/jansson/jansson-2.7/aclocal.m4#L4238,"# FIXME: we need at least 68020 code to build shared libraries, but
# adding the `-m68020' flag to GCC prevents building anything better,
# like `-m68040'.",['fixme'],Autotool,12,4238,4240
2491,minimsecure/unum-sdk,https://github.com/minimsecure/unum-sdk/blob/1681a5373ad0276de9ba3ce4ab77b79dcc98aaae/src/jansson/jansson-2.7/aclocal.m4#L4251,"# This hack is so that the source file can tell whether it is being
# built for inclusion in a dll (and should export symbols for example).
# Although the cygwin gcc ignores -fPIC, still need this for old-style
# (--disable-auto-import) libraries",['hack'],Autotool,6,4251,4254
2491,minimsecure/unum-sdk,https://github.com/minimsecure/unum-sdk/blob/1681a5373ad0276de9ba3ce4ab77b79dcc98aaae/src/jansson/jansson-2.7/aclocal.m4#L4266,"# PIC is the default for Haiku.
# The ""-static"" flag exists, but is broken.",['broken'],Autotool,6,4266,4267
2491,minimsecure/unum-sdk,https://github.com/minimsecure/unum-sdk/blob/1681a5373ad0276de9ba3ce4ab77b79dcc98aaae/src/jansson/jansson-2.7/aclocal.m4#L4286,"# Interix 3.x gcc -fpic/-fPIC options generate broken code.
# Instead, we relocate shared libraries at runtime.",['broken'],Autotool,6,4286,4287
2491,minimsecure/unum-sdk,https://github.com/minimsecure/unum-sdk/blob/1681a5373ad0276de9ba3ce4ab77b79dcc98aaae/src/jansson/jansson-2.7/aclocal.m4#L4336,"# This hack is so that the source file can tell whether it is being
# built for inclusion in a dll (and should export symbols for example).",['hack'],Autotool,6,4336,4337
2491,minimsecure/unum-sdk,https://github.com/minimsecure/unum-sdk/blob/1681a5373ad0276de9ba3ce4ab77b79dcc98aaae/src/jansson/jansson-2.7/aclocal.m4#L4732,"# On AIX/PPC, the GNU linker is very broken",['broken'],Autotool,6,4732,4732
2491,minimsecure/unum-sdk,https://github.com/minimsecure/unum-sdk/blob/1681a5373ad0276de9ba3ce4ab77b79dcc98aaae/src/jansson/jansson-2.7/aclocal.m4#L4811,"# Hack: On Interix 3.x, we cannot compile PIC because of a broken gcc.
# Instead, shared libraries are loaded at an image base (0x10000000 by
# default) and relocated if they conflict, which is a slow very memory
# consuming and fragmenting process.  To avoid this, we pick a random,
# 256 KiB-aligned image base between 0x50000000 and 0x6FFC0000 at link
# time.  Moving up from 0x10000000 also allows more sbrk(2) space.","['hack', 'broken']",Autotool,6,4811,4816
2491,minimsecure/unum-sdk,https://github.com/minimsecure/unum-sdk/blob/1681a5373ad0276de9ba3ce4ab77b79dcc98aaae/src/jansson/jansson-2.7/aclocal.m4#L4991,"# Neither direct hardcoding nor static linking is supported with a
# broken collect2.",['broken'],Autotool,1,4991,4992
2491,minimsecure/unum-sdk,https://github.com/minimsecure/unum-sdk/blob/1681a5373ad0276de9ba3ce4ab77b79dcc98aaae/src/jansson/jansson-2.7/aclocal.m4#L5033,"# When large executables or shared objects are built, AIX ld can
# have problems creating the table of contents.  If linking a library
# or program results in ""error TOC overflow"" add -mminimal-toc to
# CXXFLAGS/CFLAGS for g++/gcc.  In the cases where that is not
# enough to fix the problem, add -Wl,-bbigtoc to LDFLAGS.",['fix'],Autotool,6,5033,5037
2491,minimsecure/unum-sdk,https://github.com/minimsecure/unum-sdk/blob/1681a5373ad0276de9ba3ce4ab77b79dcc98aaae/src/jansson/jansson-2.7/aclocal.m4#L5048,"# We only want to do this on AIX 4.2 and lower, the check
# below for broken collect2 doesn't work under 4.3+",['broken'],Autotool,1,5048,5049
2491,minimsecure/unum-sdk,https://github.com/minimsecure/unum-sdk/blob/1681a5373ad0276de9ba3ce4ab77b79dcc98aaae/src/jansson/jansson-2.7/aclocal.m4#L5093,"# Warning - without using the other runtime loading flags (-brtl),
# -berok will link without error, but may produce a broken library.",['broken'],Autotool,1,5093,5094
2491,minimsecure/unum-sdk,https://github.com/minimsecure/unum-sdk/blob/1681a5373ad0276de9ba3ce4ab77b79dcc98aaae/src/jansson/jansson-2.7/aclocal.m4#L5111,"# Warning - without using the other run time loading flags,
# -berok will link without error, but may produce a broken library.",['broken'],Autotool,3,5111,5112
2491,minimsecure/unum-sdk,https://github.com/minimsecure/unum-sdk/blob/1681a5373ad0276de9ba3ce4ab77b79dcc98aaae/src/jansson/jansson-2.7/aclocal.m4#L5164,# FIXME: Setting linknames here is a bad hack.,"['hack', 'fixme']",Autotool,1,5164,5164
2491,minimsecure/unum-sdk,https://github.com/minimsecure/unum-sdk/blob/1681a5373ad0276de9ba3ce4ab77b79dcc98aaae/src/jansson/jansson-2.7/aclocal.m4#L5202,# FIXME: Setting linknames here is a bad hack.,"['hack', 'fixme']",Autotool,1,5202,5202
2491,minimsecure/unum-sdk,https://github.com/minimsecure/unum-sdk/blob/1681a5373ad0276de9ba3ce4ab77b79dcc98aaae/src/jansson/jansson-2.7/aclocal.m4#L5641,# FIXME: we may have to deal with multi-command sequences.,['fixme'],Autotool,6,5641,5641
2491,minimsecure/unum-sdk,https://github.com/minimsecure/unum-sdk/blob/1681a5373ad0276de9ba3ce4ab77b79dcc98aaae/src/jansson/jansson-2.7/aclocal.m4#L5754,"dnl FIXME: Not yet implemented
dnl _LT_TAGDECL([], [thread_safe_flag_spec], [1],
dnl    [Compiler flag to generate thread safe objects])",['fixme'],Autotool,0,5754,5756
2491,minimsecure/unum-sdk,https://github.com/minimsecure/unum-sdk/blob/1681a5373ad0276de9ba3ce4ab77b79dcc98aaae/src/jansson/jansson-2.7/aclocal.m4#L5956,"# If archive_cmds runs LD, not CC, wlarc should be empty
# XXX I think wlarc can be eliminated in ltcf-cxx, but I need to
#     investigate it a little bit more. (MM)",['xxx'],Autotool,8,5956,5958
2491,minimsecure/unum-sdk,https://github.com/minimsecure/unum-sdk/blob/1681a5373ad0276de9ba3ce4ab77b79dcc98aaae/src/jansson/jansson-2.7/aclocal.m4#L5996,# FIXME: insert proper C++ library support,['fixme'],Autotool,8,5996,5996
2491,minimsecure/unum-sdk,https://github.com/minimsecure/unum-sdk/blob/1681a5373ad0276de9ba3ce4ab77b79dcc98aaae/src/jansson/jansson-2.7/aclocal.m4#L6028,"# When large executables or shared objects are built, AIX ld can
# have problems creating the table of contents.  If linking a library
# or program results in ""error TOC overflow"" add -mminimal-toc to
# CXXFLAGS/CFLAGS for g++/gcc.  In the cases where that is not
# enough to fix the problem, add -Wl,-bbigtoc to LDFLAGS.",['fix'],Autotool,8,6028,6032
2491,minimsecure/unum-sdk,https://github.com/minimsecure/unum-sdk/blob/1681a5373ad0276de9ba3ce4ab77b79dcc98aaae/src/jansson/jansson-2.7/aclocal.m4#L6043,"# We only want to do this on AIX 4.2 and lower, the check
# below for broken collect2 doesn't work under 4.3+",['broken'],Autotool,10,6043,6044
2491,minimsecure/unum-sdk,https://github.com/minimsecure/unum-sdk/blob/1681a5373ad0276de9ba3ce4ab77b79dcc98aaae/src/jansson/jansson-2.7/aclocal.m4#L6087,"# Warning - without using the other runtime loading flags (-brtl),
# -berok will link without error, but may produce a broken library.",['broken'],Autotool,10,6087,6088
2491,minimsecure/unum-sdk,https://github.com/minimsecure/unum-sdk/blob/1681a5373ad0276de9ba3ce4ab77b79dcc98aaae/src/jansson/jansson-2.7/aclocal.m4#L6106,"# Warning - without using the other run time loading flags,
# -berok will link without error, but may produce a broken library.",['broken'],Autotool,5,6106,6107
2491,minimsecure/unum-sdk,https://github.com/minimsecure/unum-sdk/blob/1681a5373ad0276de9ba3ce4ab77b79dcc98aaae/src/jansson/jansson-2.7/aclocal.m4#L6159,# FIXME: Setting linknames here is a bad hack.,"['hack', 'fixme']",Autotool,3,6159,6159
2491,minimsecure/unum-sdk,https://github.com/minimsecure/unum-sdk/blob/1681a5373ad0276de9ba3ce4ab77b79dcc98aaae/src/jansson/jansson-2.7/aclocal.m4#L6222,# FIXME: insert proper C++ library support,['fixme'],Autotool,5,6222,6222
2491,minimsecure/unum-sdk,https://github.com/minimsecure/unum-sdk/blob/1681a5373ad0276de9ba3ce4ab77b79dcc98aaae/src/jansson/jansson-2.7/aclocal.m4#L6226,"# Green Hills C++ Compiler
# FIXME: insert proper C++ library support",['fixme'],Autotool,5,6226,6227
2491,minimsecure/unum-sdk,https://github.com/minimsecure/unum-sdk/blob/1681a5373ad0276de9ba3ce4ab77b79dcc98aaae/src/jansson/jansson-2.7/aclocal.m4#L6231,# FIXME: insert proper C++ library support,['fixme'],Autotool,5,6231,6231
2491,minimsecure/unum-sdk,https://github.com/minimsecure/unum-sdk/blob/1681a5373ad0276de9ba3ce4ab77b79dcc98aaae/src/jansson/jansson-2.7/aclocal.m4#L6238,# C++ shared libraries reported to be fairly broken before,['broken'],Autotool,8,6238,6238
2491,minimsecure/unum-sdk,https://github.com/minimsecure/unum-sdk/blob/1681a5373ad0276de9ba3ce4ab77b79dcc98aaae/src/jansson/jansson-2.7/aclocal.m4#L6269,# FIXME: insert proper C++ library support,['fixme'],Autotool,12,6269,6269
2491,minimsecure/unum-sdk,https://github.com/minimsecure/unum-sdk/blob/1681a5373ad0276de9ba3ce4ab77b79dcc98aaae/src/jansson/jansson-2.7/aclocal.m4#L6288,# FIXME: insert proper C++ library support,['fixme'],Autotool,14,6288,6288
2491,minimsecure/unum-sdk,https://github.com/minimsecure/unum-sdk/blob/1681a5373ad0276de9ba3ce4ab77b79dcc98aaae/src/jansson/jansson-2.7/aclocal.m4#L6324,# FIXME: insert proper C++ library support,['fixme'],Autotool,5,6324,6324
2491,minimsecure/unum-sdk,https://github.com/minimsecure/unum-sdk/blob/1681a5373ad0276de9ba3ce4ab77b79dcc98aaae/src/jansson/jansson-2.7/aclocal.m4#L6365,# FIXME: insert proper C++ library support,['fixme'],Autotool,7,6365,6365
2491,minimsecure/unum-sdk,https://github.com/minimsecure/unum-sdk/blob/1681a5373ad0276de9ba3ce4ab77b79dcc98aaae/src/jansson/jansson-2.7/aclocal.m4#L6377,"# Hack: On Interix 3.x, we cannot compile PIC because of a broken gcc.
# Instead, shared libraries are loaded at an image base (0x10000000 by
# default) and relocated if they conflict, which is a slow very memory
# consuming and fragmenting process.  To avoid this, we pick a random,
# 256 KiB-aligned image base between 0x50000000 and 0x6FFC0000 at link
# time.  Moving up from 0x10000000 also allows more sbrk(2) space.","['hack', 'broken']",Autotool,1,6377,6382
2491,minimsecure/unum-sdk,https://github.com/minimsecure/unum-sdk/blob/1681a5373ad0276de9ba3ce4ab77b79dcc98aaae/src/jansson/jansson-2.7/aclocal.m4#L6557,# FIXME: insert proper C++ library support,['fixme'],Autotool,8,6557,6557
2491,minimsecure/unum-sdk,https://github.com/minimsecure/unum-sdk/blob/1681a5373ad0276de9ba3ce4ab77b79dcc98aaae/src/jansson/jansson-2.7/aclocal.m4#L6562,# FIXME: insert proper C++ library support,['fixme'],Autotool,8,6562,6562
2491,minimsecure/unum-sdk,https://github.com/minimsecure/unum-sdk/blob/1681a5373ad0276de9ba3ce4ab77b79dcc98aaae/src/jansson/jansson-2.7/aclocal.m4#L6569,# FIXME: insert proper C++ library support,['fixme'],Autotool,5,6569,6569
2491,minimsecure/unum-sdk,https://github.com/minimsecure/unum-sdk/blob/1681a5373ad0276de9ba3ce4ab77b79dcc98aaae/src/jansson/jansson-2.7/aclocal.m4#L6573,# FIXME: insert proper C++ library support,['fixme'],Autotool,5,6573,6573
2491,minimsecure/unum-sdk,https://github.com/minimsecure/unum-sdk/blob/1681a5373ad0276de9ba3ce4ab77b79dcc98aaae/src/jansson/jansson-2.7/aclocal.m4#L6587,# Workaround some broken pre-1.5 toolchains,"['broken', 'workaround']",Autotool,1,6587,6587
2491,minimsecure/unum-sdk,https://github.com/minimsecure/unum-sdk/blob/1681a5373ad0276de9ba3ce4ab77b79dcc98aaae/src/jansson/jansson-2.7/aclocal.m4#L6639,"# Rational C++ 2.4.1
# FIXME: insert proper C++ library support",['fixme'],Autotool,5,6639,6640
2491,minimsecure/unum-sdk,https://github.com/minimsecure/unum-sdk/blob/1681a5373ad0276de9ba3ce4ab77b79dcc98aaae/src/jansson/jansson-2.7/aclocal.m4#L6855,"# NonStop-UX NCC 3.20
# FIXME: insert proper C++ library support",['fixme'],Autotool,5,6855,6856
2491,minimsecure/unum-sdk,https://github.com/minimsecure/unum-sdk/blob/1681a5373ad0276de9ba3ce4ab77b79dcc98aaae/src/jansson/jansson-2.7/aclocal.m4#L6860,# FIXME: insert proper C++ library support,['fixme'],Autotool,5,6860,6860
2491,minimsecure/unum-sdk,https://github.com/minimsecure/unum-sdk/blob/1681a5373ad0276de9ba3ce4ab77b79dcc98aaae/src/jansson/jansson-2.7/aclocal.m4#L6867,# FIXME: insert proper C++ library support,['fixme'],Autotool,8,6867,6867
2491,minimsecure/unum-sdk,https://github.com/minimsecure/unum-sdk/blob/1681a5373ad0276de9ba3ce4ab77b79dcc98aaae/src/jansson/jansson-2.7/aclocal.m4#L6872,# FIXME: insert proper C++ library support,['fixme'],Autotool,8,6872,6872
2491,minimsecure/unum-sdk,https://github.com/minimsecure/unum-sdk/blob/1681a5373ad0276de9ba3ce4ab77b79dcc98aaae/src/jansson/jansson-2.7/aclocal.m4#L7105,# PORTME: override above test on systems where it is broken,['broken'],Autotool,0,7105,7105
2491,minimsecure/unum-sdk,https://github.com/minimsecure/unum-sdk/blob/1681a5373ad0276de9ba3ce4ab77b79dcc98aaae/src/jansson/jansson-2.7/aclocal.m4#L7109,"# Interix 3.5 installs completely hosed .la files for C++, so rather than
# hack all around it, let's just trust ""g++"" to DTRT.",['hack'],Autotool,2,7109,7110
2491,minimsecure/unum-sdk,https://github.com/minimsecure/unum-sdk/blob/1681a5373ad0276de9ba3ce4ab77b79dcc98aaae/src/jansson/jansson-2.7/aclocal.m4#L8153,"# _LT_ENABLE_SHARED([DEFAULT])
# ----------------------------
# implement the --enable-shared flag, and supports the `shared' and
# `disable-shared' LT_INIT options.
# DEFAULT is either `yes' or `no'.  If omitted, it defaults to `yes'.",['implement'],Autotool,0,8153,8157
2491,minimsecure/unum-sdk,https://github.com/minimsecure/unum-sdk/blob/1681a5373ad0276de9ba3ce4ab77b79dcc98aaae/src/jansson/jansson-2.7/aclocal.m4#L8207,"# _LT_ENABLE_STATIC([DEFAULT])
# ----------------------------
# implement the --enable-static flag, and support the `static' and
# `disable-static' LT_INIT options.
# DEFAULT is either `yes' or `no'.  If omitted, it defaults to `yes'.",['implement'],Autotool,0,8207,8211
2491,minimsecure/unum-sdk,https://github.com/minimsecure/unum-sdk/blob/1681a5373ad0276de9ba3ce4ab77b79dcc98aaae/src/jansson/jansson-2.7/aclocal.m4#L8261,"# _LT_ENABLE_FAST_INSTALL([DEFAULT])
# ----------------------------------
# implement the --enable-fast-install flag, and support the `fast-install'
# and `disable-fast-install' LT_INIT options.
# DEFAULT is either `yes' or `no'.  If omitted, it defaults to `yes'.",['implement'],Autotool,0,8261,8265
2491,minimsecure/unum-sdk,https://github.com/minimsecure/unum-sdk/blob/1681a5373ad0276de9ba3ce4ab77b79dcc98aaae/src/jansson/jansson-2.7/aclocal.m4#L8317,"# _LT_WITH_PIC([MODE])
# --------------------
# implement the --with-pic flag, and support the `pic-only' and `no-pic'
# LT_INIT options.
# MODE is either `yes' or `no'.  If omitted, it defaults to `both'.",['implement'],Autotool,0,8317,8321
2491,minimsecure/unum-sdk,https://github.com/minimsecure/unum-sdk/blob/1681a5373ad0276de9ba3ce4ab77b79dcc98aaae/src/jansson/jansson-2.7/aclocal.m4#L8537,"# These exist entirely to fool aclocal when bootstrapping libtool.
#
# In the past libtool.m4 has provided macros via AC_DEFUN (or AU_DEFUN)
# which have later been changed to m4_define as they aren't part of the
# exported API, or moved to Autoconf or Automake where they belong.
#
# The trouble is, aclocal is a bit thick.  It'll see the old AC_DEFUN
# in /usr/share/aclocal/libtool.m4 and remember it, then when it sees us
# using a macro with the same name in our local m4/libtool.m4 it'll
# pull the old libtool.m4 in (it doesn't see our shiny new m4_define
# and doesn't know about Autoconf macros at all.)
#
# So we provide this file, which has a silly filename so it's always
# included after everything else.  This provides aclocal with the
# AC_DEFUNs it wants, but when m4 processes it, it doesn't do anything
# because those macros already exist, or will be overwritten later.
# We use AC_DEFUN over AU_DEFUN for compatibility with aclocal-1.6. 
#
# Anytime we withdraw an AC_DEFUN or AU_DEFUN, remember to add it here.
# Yes, that means every name once taken will need to remain here until
# we give up compatibility with versions before 1.7, at which point
# we need to keep only those names which we still refer to.","['silly', 'give up']",Autotool,0,8537,8558
2491,minimsecure/unum-sdk,https://github.com/minimsecure/unum-sdk/blob/1681a5373ad0276de9ba3ce4ab77b79dcc98aaae/src/jansson/jansson-2.7/aclocal.m4#L8999,"# AM_OUTPUT_DEPENDENCY_COMMANDS
# -----------------------------
# This macro should only be invoked once -- use via AC_REQUIRE.
#
# This code is only required when automatic dependency tracking
# is enabled.  FIXME.  This creates each '.P' file that we will
# need in order to bootstrap the dependency handling code.",['fixme'],Autotool,0,8999,9005
2491,minimsecure/unum-sdk,https://github.com/minimsecure/unum-sdk/blob/1681a5373ad0276de9ba3ce4ab77b79dcc98aaae/src/jansson/jansson-2.7/aclocal.m4#L9402,"# Losing compiler, so override with the script.
# FIXME: It is wrong to rewrite CC.
# But if we don't then we get into trouble of one sort or another.
# A longer-term fix would be to have automake use am__CC in this case,
# and then we could set am__CC=""\$(top_srcdir)/compile \$(CC)""","['fix', 'fixme']",Autotool,3,9402,9406
2491,minimsecure/unum-sdk,https://github.com/minimsecure/unum-sdk/blob/1681a5373ad0276de9ba3ce4ab77b79dcc98aaae/src/jansson/jansson-2.7/aclocal.m4#L9473,"# If neither matched, then we have a broken ls.  This can happen
# if, for instance, CONFIG_SHELL is bash and it inherits a
# broken ls alias from the environment.  This has actually
# happened.  Such a system could not be considered ""sane"".",['broken'],Autotool,1,9473,9476
2491,minimsecure/unum-sdk,https://github.com/minimsecure/unum-sdk/blob/1681a5373ad0276de9ba3ce4ab77b79dcc98aaae/src/c-ares/c-ares-1.15.0/CMakeLists.txt#L483,# TODO : Should probably autodetect,['todo'],CMake,1,483,483
2491,minimsecure/unum-sdk,https://github.com/minimsecure/unum-sdk/blob/1681a5373ad0276de9ba3ce4ab77b79dcc98aaae/src/curl/curl-7.84.0/CMakeLists.txt#L27,"# TODO:
# The output .so file lacks the soname number which we currently have within the lib/Makefile.am file
# Add full (4 or 5 libs) SSL support
# Add INSTALL target (EXTRA_DIST variables in Makefile.am may be moved to Makefile.inc so that CMake/CPack is aware of what's to include).
# Check on all possible platforms
# Test with as many configurations possible (With or without any option)
# Create scripts that help keeping the CMake build system up to date (to reduce maintenance). According to Tetetest:
#  - lists of headers that 'configure' checks for;
#  - curl-specific tests (the ones that are in m4/curl-*.m4 files);
#  - (most obvious thing:) curl version numbers.
# Add documentation subproject
#
# To check:
# (From Daniel Stenberg) The cmake build selected to run gcc with -fPIC on my box while the plain configure script did not.
# (From Daniel Stenberg) The gcc command line use neither -g nor any -O options. As a developer, I also treasure our configure scripts's --enable-debug option that sets a long range of ""picky"" compiler options.",['todo'],CMake,0,27,41
2491,minimsecure/unum-sdk,https://github.com/minimsecure/unum-sdk/blob/1681a5373ad0276de9ba3ce4ab77b79dcc98aaae/src/curl/curl-7.84.0/CMakeLists.txt#L368,"# check SSL libraries
# TODO support GnuTLS",['todo'],CMake,0,368,369
2491,minimsecure/unum-sdk,https://github.com/minimsecure/unum-sdk/blob/1681a5373ad0276de9ba3ce4ab77b79dcc98aaae/src/curl/curl-7.84.0/CMakeLists.txt#L529,# TODO add GnuTLS support as vtls library.,['todo'],CMake,4,529,529
2491,minimsecure/unum-sdk,https://github.com/minimsecure/unum-sdk/blob/1681a5373ad0276de9ba3ce4ab77b79dcc98aaae/src/curl/curl-7.84.0/CMakeLists.txt#L1259,# Fix libz / zlib.h,['fix'],CMake,0,1259,1259
2491,minimsecure/unum-sdk,https://github.com/minimsecure/unum-sdk/blob/1681a5373ad0276de9ba3ce4ab77b79dcc98aaae/src/curl/curl-7.84.0/CMakeLists.txt#L1296,# TODO test which of these headers are required,['todo'],CMake,0,1296,1296
2491,minimsecure/unum-sdk,https://github.com/minimsecure/unum-sdk/blob/1681a5373ad0276de9ba3ce4ab77b79dcc98aaae/src/curl/curl-7.84.0/CMakeLists.txt#L1375,"# Ugly (but functional) way to include ""Makefile.inc"" by transforming it (= regenerate it).",['ugly'],CMake,0,1375,1375
2491,minimsecure/unum-sdk,https://github.com/minimsecure/unum-sdk/blob/1681a5373ad0276de9ba3ce4ab77b79dcc98aaae/src/curl/curl-7.84.0/CMakeLists.txt#L1425,"# NTLM support requires crypto function adaptions from various SSL libs
# TODO alternative SSL libs tests for SSP1, GNUTLS, NSS",['todo'],CMake,0,1425,1426
2491,minimsecure/unum-sdk,https://github.com/minimsecure/unum-sdk/blob/1681a5373ad0276de9ba3ce4ab77b79dcc98aaae/src/curl/curl-7.84.0/CMakeLists.txt#L1444,# TODO SSP1 (Schannel) check is missing,['todo'],CMake,0,1444,1444
2491,minimsecure/unum-sdk,https://github.com/minimsecure/unum-sdk/blob/1681a5373ad0276de9ba3ce4ab77b79dcc98aaae/src/curl/curl-7.84.0/CMakeLists.txt#L1449,# TODO SSP1 missing for SPNEGO,['todo'],CMake,0,1449,1449
2491,minimsecure/unum-sdk,https://github.com/minimsecure/unum-sdk/blob/1681a5373ad0276de9ba3ce4ab77b79dcc98aaae/src/curl/curl-7.84.0/CMakeLists.txt#L1454,"# NTLM support requires crypto function adaptions from various SSL libs
# TODO alternative SSL libs tests for SSP1, GNUTLS, NSS",['todo'],CMake,0,1454,1455
2491,minimsecure/unum-sdk,https://github.com/minimsecure/unum-sdk/blob/1681a5373ad0276de9ba3ce4ab77b79dcc98aaae/src/curl/curl-7.84.0/CMakeLists.txt#L1458,# TODO missing option (autoconf: --enable-ntlm-wb),['todo'],CMake,0,1458,1458
2491,minimsecure/unum-sdk,https://github.com/minimsecure/unum-sdk/blob/1681a5373ad0276de9ba3ce4ab77b79dcc98aaae/src/curl/curl-7.84.0/CMakeLists.txt#L1462,"# TODO missing option (--enable-tls-srp), depends on GNUTLS_SRP/OPENSSL_SRP",['todo'],CMake,0,1462,1462
2491,minimsecure/unum-sdk,https://github.com/minimsecure/unum-sdk/blob/1681a5373ad0276de9ba3ce4ab77b79dcc98aaae/src/curl/curl-7.84.0/CMakeLists.txt#L1464,# TODO option --with-nghttp2 tests for nghttp2 lib and nghttp2/nghttp2.h header,['todo'],CMake,0,1464,1464
2491,minimsecure/unum-sdk,https://github.com/minimsecure/unum-sdk/blob/1681a5373ad0276de9ba3ce4ab77b79dcc98aaae/src/curl/curl-7.84.0/CMakeLists.txt#L1482,"# CURL_DISABLE_LDAP implies CURL_DISABLE_LDAPS
# TODO check HAVE_LDAP_SSL (in autoconf this is enabled with --enable-ldaps)",['todo'],CMake,0,1482,1483
2491,minimsecure/unum-sdk,https://github.com/minimsecure/unum-sdk/blob/1681a5373ad0276de9ba3ce4ab77b79dcc98aaae/src/curl/curl-7.84.0/CMakeLists.txt#L1529,# TODO probably put a -D... options here?,['todo'],CMake,0,1529,1529
2491,minimsecure/unum-sdk,https://github.com/minimsecure/unum-sdk/blob/1681a5373ad0276de9ba3ce4ab77b79dcc98aaae/src/curl/curl-7.84.0/CMakeLists.txt#L1531,"# TODO when to set ""-DCURL_STATICLIB"" for CPPFLAG_CURL_STATICLIB?",['todo'],CMake,0,1531,1531
2491,minimsecure/unum-sdk,https://github.com/minimsecure/unum-sdk/blob/1681a5373ad0276de9ba3ce4ab77b79dcc98aaae/src/curl/curl-7.84.0/CMakeLists.txt#L1630,"# Workaround for MSVS10 to avoid the Dialog Hell
# FIXME: This could be removed with future version of CMake.","['fixme', 'workaround']",CMake,0,1630,1631
2491,minimsecure/unum-sdk,https://github.com/minimsecure/unum-sdk/blob/1681a5373ad0276de9ba3ce4ab77b79dcc98aaae/src/curl/curl-7.84.0/docs/libcurl/CMakeLists.txt#L46,# XXX any reason why groff -Tpdf (for gropdf) is not used?,['xxx'],CMake,4,46,46
2491,minimsecure/unum-sdk,https://github.com/minimsecure/unum-sdk/blob/1681a5373ad0276de9ba3ce4ab77b79dcc98aaae/src/curl/curl-7.84.0/tests/CMakeLists.txt#L31,"# Use a special '$TFLAGS' placeholder as last argument which will be
# replaced by the contents of the environment variable in runtests.pl.
# This is a workaround for CMake's limitation where commands executed by
# 'make' or 'ninja' cannot portably reference environment variables.",['workaround'],CMake,2,31,34
2491,minimsecure/unum-sdk,https://github.com/minimsecure/unum-sdk/blob/1681a5373ad0276de9ba3ce4ab77b79dcc98aaae/src/curl/curl-7.84.0/tests/libtest/CMakeLists.txt#L61,"# Allows for hostname override to make tests machine independent.
# TODO this cmake build assumes a shared build, detect static linking here!",['todo'],CMake,0,61,62
2491,minimsecure/unum-sdk,https://github.com/minimsecure/unum-sdk/blob/1681a5373ad0276de9ba3ce4ab77b79dcc98aaae/src/curl/curl-7.84.0/tests/unit/CMakeLists.txt#L25,# TODO build a special libcurlu library for unittests.,['todo'],CMake,0,25,25
2491,minimsecure/unum-sdk,https://github.com/minimsecure/unum-sdk/blob/1681a5373ad0276de9ba3ce4ab77b79dcc98aaae/src/curl/curl-7.84.0/tests/unit/CMakeLists.txt#L39,"# Broken link on Linux
#  unit1394.c",['broken'],CMake,0,39,40
2491,minimsecure/unum-sdk,https://github.com/minimsecure/unum-sdk/blob/1681a5373ad0276de9ba3ce4ab77b79dcc98aaae/src/curl/curl-7.84.0/tests/unit/CMakeLists.txt#L48,"# Broken link on Linux
#  unit1604.c",['broken'],CMake,0,48,49
2491,minimsecure/unum-sdk,https://github.com/minimsecure/unum-sdk/blob/1681a5373ad0276de9ba3ce4ab77b79dcc98aaae/src/jansson/jansson-2.7/CMakeLists.txt#L1,"# Notes:
#
# Author: Paul Harris, June 2012
# Additions: Joakim Soderberg, Febuary 2013
#
# Supports: building static/shared, release/debug/etc, can also build html docs
# and some of the tests.
# Note that its designed for out-of-tree builds, so it will not pollute your
# source tree.
#
# TODO 1: Finish implementing tests. api tests are working, but the valgrind
# variants are not flagging problems.
#
# TODO 2: There is a check_exports script that would try and incorporate.
#
# TODO 3: Consolidate version numbers, currently the version number is written
# into: * cmake (here) * autotools (the configure) * source code header files.
# Should not be written directly into header files, autotools/cmake can do
# that job.
#
# Brief intro on how to use cmake:
# > mkdir build (somewhere - we do out-of-tree builds)
# > use cmake, ccmake, or cmake-gui to configure the project. for linux, you
# can only choose one variant: release,debug,etc... and static or shared.
# >> example:
# >> cd build
# >> ccmake -i ../path_to_jansson_dir
# >>  inside, configure your options. press C until there are no lines
#     with * next to them.
# >>  note, I like to configure the 'install' path to ../install, so I get
#     self-contained clean installs I can point other projects to.
# >>  press G to 'generate' the project files.
# >> make (to build the project)
# >> make install
# >> make test (to run the tests, if you enabled them)
#
# Brief description on how it works:
# There is a small heirachy of CMakeLists.txt files which define how the
# project is built.
# Header file detection etc is done, and the results are written into config.h
# and jansson_config.h, which are generated from the corresponding
# config.h.cmake and jansson_config.h.cmake template files.
# The generated header files end up in the build directory - not in
# the source directory.
# The rest is down to the usual make process.",['todo'],CMake,0,1,45
2491,minimsecure/unum-sdk,https://github.com/minimsecure/unum-sdk/blob/1681a5373ad0276de9ba3ce4ab77b79dcc98aaae/src/jansson/jansson-2.7/CMakeLists.txt#L402,# TODO: Add support for all sphinx builders: http://sphinx-doc.org/builders.html,['todo'],CMake,6,402,402
2491,minimsecure/unum-sdk,https://github.com/minimsecure/unum-sdk/blob/1681a5373ad0276de9ba3ce4ab77b79dcc98aaae/src/jansson/jansson-2.7/CMakeLists.txt#L460,# TODO: Add FindValgrind.cmake instead of having a hardcoded path.,['todo'],CMake,6,460,460
2491,minimsecure/unum-sdk,https://github.com/minimsecure/unum-sdk/blob/1681a5373ad0276de9ba3ce4ab77b79dcc98aaae/src/jansson/jansson-2.7/CMakeLists.txt#L620,#TODO: fix this.,"['fix', 'todo']",CMake,0,620,620
2491,minimsecure/unum-sdk,https://github.com/minimsecure/unum-sdk/blob/1681a5373ad0276de9ba3ce4ab77b79dcc98aaae/src/curl/curl-7.84.0/CMake/CurlSymbolHiding.cmake#L67,#present since 3.4.3 but broken,['broken'],CMake,47,67,67
