repoIndex,repoName,linkLocation,comment,keywords,buildSysteminFile,charPosition,startLine,endLine
24925,xmoeproject/krkrextract,https://github.com/xmoeproject/krkrextract/blob/64e78b28e64885e4c0f7b7deb7a1e38e42a76526/KrkrExtract/krkrz/external/freetype/builds/unix/configure.ac#L217,"# get compiler flags right
#
#   We try to make the compiler work for C89-strict source.  Even if the
#   C compiler is gcc and C89 flags are available, some system headers
#   (e.g., Android Bionic libc) are broken in C89 mode.  We have to check
#   whether the compilation finishes successfully.
#
#   Due to bugs in mingwrt 4.0.3 we don't use `-ansi' for MinGW.
#
#   To avoid zillions of
#
#     ISO C90 does not support 'long long'
#
#   warnings, we disable `-pedantic' for gcc version < 4.6.
#",['broken'],Autotool,0,217,231
24925,xmoeproject/krkrextract,https://github.com/xmoeproject/krkrextract/blob/64e78b28e64885e4c0f7b7deb7a1e38e42a76526/KrkrExtract/krkrz/external/freetype/builds/unix/configure.ac#L297,"# All library tests below try `pkg-config' first.  If that fails, a function
# from the library is tested in the traditional autoconf way (zlib, bzip2),
# or a config script is called (libpng).
#
# The `xxx_reqpriv' variables are for the `Requires.private' field in
# `freetype2.pc'.  The `xxx_libspriv' variables are for the `Libs.private'
# field in `freetype2.pc' if pkg-config doesn't find a proper .pc file.
#
# The `xxx_libsstaticconf' variables are for the `freetype-config' script.
#
# Note that a call to PKG_CHECK_MODULES(XXX, ...) sets and creates the
# output variables `XXX_CFLAGS' and `XXX_LIBS'.  In case one or both are set
# for a library by the user, no entry for this library is added to
# `Requires.private'.  Instead, it gets added to `Libs.private'",['xxx'],Autotool,0,297,310
24925,xmoeproject/krkrextract,https://github.com/xmoeproject/krkrextract/blob/64e78b28e64885e4c0f7b7deb7a1e38e42a76526/KrkrExtract/krkrz/external/libjpeg-turbo/configure.ac#L274,# Check for non-broken inline under various spellings,['broken'],Autotool,0,274,274
24925,xmoeproject/krkrextract,https://github.com/xmoeproject/krkrextract/blob/64e78b28e64885e4c0f7b7deb7a1e38e42a76526/KrkrExtract/krkrz/external/freetype/builds/unix/aclocal.m4#L2221,"# FIXME - insert some real tests, host_os isn't really good enough",['fixme'],Autotool,0,2221,2221
24925,xmoeproject/krkrextract,https://github.com/xmoeproject/krkrextract/blob/64e78b28e64885e4c0f7b7deb7a1e38e42a76526/KrkrExtract/krkrz/external/freetype/builds/unix/aclocal.m4#L2612,"# FIXME: find the short name or the path components, as spaces are
# common. (e.g. ""Program Files"" -> ""PROGRA~1"")",['fixme'],Autotool,6,2612,2613
24925,xmoeproject/krkrextract,https://github.com/xmoeproject/krkrextract/blob/64e78b28e64885e4c0f7b7deb7a1e38e42a76526/KrkrExtract/krkrz/external/freetype/builds/unix/aclocal.m4#L2636,# FIXME: first we should search . and the directory the executable is in,['fixme'],Autotool,2,2636,2636
24925,xmoeproject/krkrextract,https://github.com/xmoeproject/krkrextract/blob/64e78b28e64885e4c0f7b7deb7a1e38e42a76526/KrkrExtract/krkrz/external/freetype/builds/unix/aclocal.m4#L2665,"# DragonFly does not have aout.  When/if they implement a new
# versioning mechanism, adjust this.",['implement'],Autotool,2,2665,2666
24925,xmoeproject/krkrextract,https://github.com/xmoeproject/krkrextract/blob/64e78b28e64885e4c0f7b7deb7a1e38e42a76526/KrkrExtract/krkrz/external/freetype/builds/unix/aclocal.m4#L2887,"# We used to test for /lib/ld.so.1 and disable shared libraries on
# powerpc, because MkLinux only supported shared libraries with the
# GNU dynamic linker.  Since this was broken with cross compilers,
# most powerpc-linux boxes support dynamic linking these days and
# people can always --disable-shared, the test was removed, and we
# assume the GNU/Linux dynamic linker is in use.",['broken'],Autotool,2,2887,2892
24925,xmoeproject/krkrextract,https://github.com/xmoeproject/krkrextract/blob/64e78b28e64885e4c0f7b7deb7a1e38e42a76526/KrkrExtract/krkrz/external/freetype/builds/unix/aclocal.m4#L4220,"# FIXME: we need at least 68020 code to build shared libraries, but
# adding the '-m68020' flag to GCC prevents building anything better,
# like '-m68040'.",['fixme'],Autotool,12,4220,4222
24925,xmoeproject/krkrextract,https://github.com/xmoeproject/krkrextract/blob/64e78b28e64885e4c0f7b7deb7a1e38e42a76526/KrkrExtract/krkrz/external/freetype/builds/unix/aclocal.m4#L4232,"# This hack is so that the source file can tell whether it is being
# built for inclusion in a dll (and should export symbols for example).
# Although the cygwin gcc ignores -fPIC, still need this for old-style
# (--disable-auto-import) libraries",['hack'],Autotool,6,4232,4235
24925,xmoeproject/krkrextract,https://github.com/xmoeproject/krkrextract/blob/64e78b28e64885e4c0f7b7deb7a1e38e42a76526/KrkrExtract/krkrz/external/freetype/builds/unix/aclocal.m4#L4254,"# PIC is the default for Haiku.
# The ""-static"" flag exists, but is broken.",['broken'],Autotool,6,4254,4255
24925,xmoeproject/krkrextract,https://github.com/xmoeproject/krkrextract/blob/64e78b28e64885e4c0f7b7deb7a1e38e42a76526/KrkrExtract/krkrz/external/freetype/builds/unix/aclocal.m4#L4259,"# Interix 3.x gcc -fpic/-fPIC options generate broken code.
# Instead, we relocate shared libraries at runtime.",['broken'],Autotool,6,4259,4260
24925,xmoeproject/krkrextract,https://github.com/xmoeproject/krkrextract/blob/64e78b28e64885e4c0f7b7deb7a1e38e42a76526/KrkrExtract/krkrz/external/freetype/builds/unix/aclocal.m4#L4308,"# This hack is so that the source file can tell whether it is being
# built for inclusion in a dll (and should export symbols for example).",['hack'],Autotool,1,4308,4309
24925,xmoeproject/krkrextract,https://github.com/xmoeproject/krkrextract/blob/64e78b28e64885e4c0f7b7deb7a1e38e42a76526/KrkrExtract/krkrz/external/freetype/builds/unix/aclocal.m4#L4543,"# FIXME: we need at least 68020 code to build shared libraries, but
# adding the '-m68020' flag to GCC prevents building anything better,
# like '-m68040'.",['fixme'],Autotool,12,4543,4545
24925,xmoeproject/krkrextract,https://github.com/xmoeproject/krkrextract/blob/64e78b28e64885e4c0f7b7deb7a1e38e42a76526/KrkrExtract/krkrz/external/freetype/builds/unix/aclocal.m4#L4556,"# This hack is so that the source file can tell whether it is being
# built for inclusion in a dll (and should export symbols for example).
# Although the cygwin gcc ignores -fPIC, still need this for old-style
# (--disable-auto-import) libraries",['hack'],Autotool,6,4556,4559
24925,xmoeproject/krkrextract,https://github.com/xmoeproject/krkrextract/blob/64e78b28e64885e4c0f7b7deb7a1e38e42a76526/KrkrExtract/krkrz/external/freetype/builds/unix/aclocal.m4#L4576,"# PIC is the default for Haiku.
# The ""-static"" flag exists, but is broken.",['broken'],Autotool,6,4576,4577
24925,xmoeproject/krkrextract,https://github.com/xmoeproject/krkrextract/blob/64e78b28e64885e4c0f7b7deb7a1e38e42a76526/KrkrExtract/krkrz/external/freetype/builds/unix/aclocal.m4#L4596,"# Interix 3.x gcc -fpic/-fPIC options generate broken code.
# Instead, we relocate shared libraries at runtime.",['broken'],Autotool,6,4596,4597
24925,xmoeproject/krkrextract,https://github.com/xmoeproject/krkrextract/blob/64e78b28e64885e4c0f7b7deb7a1e38e42a76526/KrkrExtract/krkrz/external/freetype/builds/unix/aclocal.m4#L4660,"# This hack is so that the source file can tell whether it is being
# built for inclusion in a dll (and should export symbols for example).",['hack'],Autotool,6,4660,4661
24925,xmoeproject/krkrextract,https://github.com/xmoeproject/krkrextract/blob/64e78b28e64885e4c0f7b7deb7a1e38e42a76526/KrkrExtract/krkrz/external/freetype/builds/unix/aclocal.m4#L5065,"# On AIX/PPC, the GNU linker is very broken",['broken'],Autotool,6,5065,5065
24925,xmoeproject/krkrextract,https://github.com/xmoeproject/krkrextract/blob/64e78b28e64885e4c0f7b7deb7a1e38e42a76526/KrkrExtract/krkrz/external/freetype/builds/unix/aclocal.m4#L5172,"# Hack: On Interix 3.x, we cannot compile PIC because of a broken gcc.
# Instead, shared libraries are loaded at an image base (0x10000000 by
# default) and relocated if they conflict, which is a slow very memory
# consuming and fragmenting process.  To avoid this, we pick a random,
# 256 KiB-aligned image base between 0x50000000 and 0x6FFC0000 at link
# time.  Moving up from 0x10000000 also allows more sbrk(2) space.","['hack', 'broken']",Autotool,6,5172,5177
24925,xmoeproject/krkrextract,https://github.com/xmoeproject/krkrextract/blob/64e78b28e64885e4c0f7b7deb7a1e38e42a76526/KrkrExtract/krkrz/external/freetype/builds/unix/aclocal.m4#L5357,"# Neither direct hardcoding nor static linking is supported with a
# broken collect2.",['broken'],Autotool,1,5357,5358
24925,xmoeproject/krkrextract,https://github.com/xmoeproject/krkrextract/blob/64e78b28e64885e4c0f7b7deb7a1e38e42a76526/KrkrExtract/krkrz/external/freetype/builds/unix/aclocal.m4#L5422,"# When large executables or shared objects are built, AIX ld can
# have problems creating the table of contents.  If linking a library
# or program results in ""error TOC overflow"" add -mminimal-toc to
# CXXFLAGS/CFLAGS for g++/gcc.  In the cases where that is not
# enough to fix the problem, add -Wl,-bbigtoc to LDFLAGS.",['fix'],Autotool,6,5422,5426
24925,xmoeproject/krkrextract,https://github.com/xmoeproject/krkrextract/blob/64e78b28e64885e4c0f7b7deb7a1e38e42a76526/KrkrExtract/krkrz/external/freetype/builds/unix/aclocal.m4#L5445,"# We only want to do this on AIX 4.2 and lower, the check
# below for broken collect2 doesn't work under 4.3+",['broken'],Autotool,1,5445,5446
24925,xmoeproject/krkrextract,https://github.com/xmoeproject/krkrextract/blob/64e78b28e64885e4c0f7b7deb7a1e38e42a76526/KrkrExtract/krkrz/external/freetype/builds/unix/aclocal.m4#L5496,"# Warning - without using the other runtime loading flags (-brtl),
# -berok will link without error, but may produce a broken library.",['broken'],Autotool,1,5496,5497
24925,xmoeproject/krkrextract,https://github.com/xmoeproject/krkrextract/blob/64e78b28e64885e4c0f7b7deb7a1e38e42a76526/KrkrExtract/krkrz/external/freetype/builds/unix/aclocal.m4#L5514,"# Warning - without using the other run time loading flags,
# -berok will link without error, but may produce a broken library.",['broken'],Autotool,3,5514,5515
24925,xmoeproject/krkrextract,https://github.com/xmoeproject/krkrextract/blob/64e78b28e64885e4c0f7b7deb7a1e38e42a76526/KrkrExtract/krkrz/external/freetype/builds/unix/aclocal.m4#L6079,# FIXME: we may have to deal with multi-command sequences.,['fixme'],Autotool,6,6079,6079
24925,xmoeproject/krkrextract,https://github.com/xmoeproject/krkrextract/blob/64e78b28e64885e4c0f7b7deb7a1e38e42a76526/KrkrExtract/krkrz/external/freetype/builds/unix/aclocal.m4#L6192,"dnl FIXME: Not yet implemented
dnl _LT_TAGDECL([], [thread_safe_flag_spec], [1],
dnl    [Compiler flag to generate thread safe objects])",['fixme'],Autotool,0,6192,6194
24925,xmoeproject/krkrextract,https://github.com/xmoeproject/krkrextract/blob/64e78b28e64885e4c0f7b7deb7a1e38e42a76526/KrkrExtract/krkrz/external/freetype/builds/unix/aclocal.m4#L6398,"# If archive_cmds runs LD, not CC, wlarc should be empty
# XXX I think wlarc can be eliminated in ltcf-cxx, but I need to
#     investigate it a little bit more. (MM)",['xxx'],Autotool,8,6398,6400
24925,xmoeproject/krkrextract,https://github.com/xmoeproject/krkrextract/blob/64e78b28e64885e4c0f7b7deb7a1e38e42a76526/KrkrExtract/krkrz/external/freetype/builds/unix/aclocal.m4#L6438,# FIXME: insert proper C++ library support,['fixme'],Autotool,8,6438,6438
24925,xmoeproject/krkrextract,https://github.com/xmoeproject/krkrextract/blob/64e78b28e64885e4c0f7b7deb7a1e38e42a76526/KrkrExtract/krkrz/external/freetype/builds/unix/aclocal.m4#L6489,"# When large executables or shared objects are built, AIX ld can
# have problems creating the table of contents.  If linking a library
# or program results in ""error TOC overflow"" add -mminimal-toc to
# CXXFLAGS/CFLAGS for g++/gcc.  In the cases where that is not
# enough to fix the problem, add -Wl,-bbigtoc to LDFLAGS.",['fix'],Autotool,8,6489,6493
24925,xmoeproject/krkrextract,https://github.com/xmoeproject/krkrextract/blob/64e78b28e64885e4c0f7b7deb7a1e38e42a76526/KrkrExtract/krkrz/external/freetype/builds/unix/aclocal.m4#L6512,"# We only want to do this on AIX 4.2 and lower, the check
# below for broken collect2 doesn't work under 4.3+",['broken'],Autotool,10,6512,6513
24925,xmoeproject/krkrextract,https://github.com/xmoeproject/krkrextract/blob/64e78b28e64885e4c0f7b7deb7a1e38e42a76526/KrkrExtract/krkrz/external/freetype/builds/unix/aclocal.m4#L6563,"# Warning - without using the other runtime loading flags (-brtl),
# -berok will link without error, but may produce a broken library.
# The ""-G"" linker flag allows undefined symbols.",['broken'],Autotool,10,6563,6565
24925,xmoeproject/krkrextract,https://github.com/xmoeproject/krkrextract/blob/64e78b28e64885e4c0f7b7deb7a1e38e42a76526/KrkrExtract/krkrz/external/freetype/builds/unix/aclocal.m4#L6583,"# Warning - without using the other run time loading flags,
# -berok will link without error, but may produce a broken library.",['broken'],Autotool,5,6583,6584
24925,xmoeproject/krkrextract,https://github.com/xmoeproject/krkrextract/blob/64e78b28e64885e4c0f7b7deb7a1e38e42a76526/KrkrExtract/krkrz/external/freetype/builds/unix/aclocal.m4#L6740,# FIXME: insert proper C++ library support,['fixme'],Autotool,5,6740,6740
24925,xmoeproject/krkrextract,https://github.com/xmoeproject/krkrextract/blob/64e78b28e64885e4c0f7b7deb7a1e38e42a76526/KrkrExtract/krkrz/external/freetype/builds/unix/aclocal.m4#L6744,"# Green Hills C++ Compiler
# FIXME: insert proper C++ library support",['fixme'],Autotool,5,6744,6745
24925,xmoeproject/krkrextract,https://github.com/xmoeproject/krkrextract/blob/64e78b28e64885e4c0f7b7deb7a1e38e42a76526/KrkrExtract/krkrz/external/freetype/builds/unix/aclocal.m4#L6749,# FIXME: insert proper C++ library support,['fixme'],Autotool,5,6749,6749
24925,xmoeproject/krkrextract,https://github.com/xmoeproject/krkrextract/blob/64e78b28e64885e4c0f7b7deb7a1e38e42a76526/KrkrExtract/krkrz/external/freetype/builds/unix/aclocal.m4#L6756,# C++ shared libraries reported to be fairly broken before,['broken'],Autotool,8,6756,6756
24925,xmoeproject/krkrextract,https://github.com/xmoeproject/krkrextract/blob/64e78b28e64885e4c0f7b7deb7a1e38e42a76526/KrkrExtract/krkrz/external/freetype/builds/unix/aclocal.m4#L6787,# FIXME: insert proper C++ library support,['fixme'],Autotool,12,6787,6787
24925,xmoeproject/krkrextract,https://github.com/xmoeproject/krkrextract/blob/64e78b28e64885e4c0f7b7deb7a1e38e42a76526/KrkrExtract/krkrz/external/freetype/builds/unix/aclocal.m4#L6806,# FIXME: insert proper C++ library support,['fixme'],Autotool,14,6806,6806
24925,xmoeproject/krkrextract,https://github.com/xmoeproject/krkrextract/blob/64e78b28e64885e4c0f7b7deb7a1e38e42a76526/KrkrExtract/krkrz/external/freetype/builds/unix/aclocal.m4#L6842,# FIXME: insert proper C++ library support,['fixme'],Autotool,5,6842,6842
24925,xmoeproject/krkrextract,https://github.com/xmoeproject/krkrextract/blob/64e78b28e64885e4c0f7b7deb7a1e38e42a76526/KrkrExtract/krkrz/external/freetype/builds/unix/aclocal.m4#L6883,# FIXME: insert proper C++ library support,['fixme'],Autotool,7,6883,6883
24925,xmoeproject/krkrextract,https://github.com/xmoeproject/krkrextract/blob/64e78b28e64885e4c0f7b7deb7a1e38e42a76526/KrkrExtract/krkrz/external/freetype/builds/unix/aclocal.m4#L6895,"# Hack: On Interix 3.x, we cannot compile PIC because of a broken gcc.
# Instead, shared libraries are loaded at an image base (0x10000000 by
# default) and relocated if they conflict, which is a slow very memory
# consuming and fragmenting process.  To avoid this, we pick a random,
# 256 KiB-aligned image base between 0x50000000 and 0x6FFC0000 at link
# time.  Moving up from 0x10000000 also allows more sbrk(2) space.","['hack', 'broken']",Autotool,1,6895,6900
24925,xmoeproject/krkrextract,https://github.com/xmoeproject/krkrextract/blob/64e78b28e64885e4c0f7b7deb7a1e38e42a76526/KrkrExtract/krkrz/external/freetype/builds/unix/aclocal.m4#L7075,# FIXME: insert proper C++ library support,['fixme'],Autotool,8,7075,7075
24925,xmoeproject/krkrextract,https://github.com/xmoeproject/krkrextract/blob/64e78b28e64885e4c0f7b7deb7a1e38e42a76526/KrkrExtract/krkrz/external/freetype/builds/unix/aclocal.m4#L7080,# FIXME: insert proper C++ library support,['fixme'],Autotool,8,7080,7080
24925,xmoeproject/krkrextract,https://github.com/xmoeproject/krkrextract/blob/64e78b28e64885e4c0f7b7deb7a1e38e42a76526/KrkrExtract/krkrz/external/freetype/builds/unix/aclocal.m4#L7087,# FIXME: insert proper C++ library support,['fixme'],Autotool,5,7087,7087
24925,xmoeproject/krkrextract,https://github.com/xmoeproject/krkrextract/blob/64e78b28e64885e4c0f7b7deb7a1e38e42a76526/KrkrExtract/krkrz/external/freetype/builds/unix/aclocal.m4#L7091,# FIXME: insert proper C++ library support,['fixme'],Autotool,5,7091,7091
24925,xmoeproject/krkrextract,https://github.com/xmoeproject/krkrextract/blob/64e78b28e64885e4c0f7b7deb7a1e38e42a76526/KrkrExtract/krkrz/external/freetype/builds/unix/aclocal.m4#L7105,# Workaround some broken pre-1.5 toolchains,"['broken', 'workaround']",Autotool,1,7105,7105
24925,xmoeproject/krkrextract,https://github.com/xmoeproject/krkrextract/blob/64e78b28e64885e4c0f7b7deb7a1e38e42a76526/KrkrExtract/krkrz/external/freetype/builds/unix/aclocal.m4#L7152,"# Rational C++ 2.4.1
# FIXME: insert proper C++ library support",['fixme'],Autotool,5,7152,7153
24925,xmoeproject/krkrextract,https://github.com/xmoeproject/krkrextract/blob/64e78b28e64885e4c0f7b7deb7a1e38e42a76526/KrkrExtract/krkrz/external/freetype/builds/unix/aclocal.m4#L7368,"# NonStop-UX NCC 3.20
# FIXME: insert proper C++ library support",['fixme'],Autotool,5,7368,7369
24925,xmoeproject/krkrextract,https://github.com/xmoeproject/krkrextract/blob/64e78b28e64885e4c0f7b7deb7a1e38e42a76526/KrkrExtract/krkrz/external/freetype/builds/unix/aclocal.m4#L7373,# FIXME: insert proper C++ library support,['fixme'],Autotool,5,7373,7373
24925,xmoeproject/krkrextract,https://github.com/xmoeproject/krkrextract/blob/64e78b28e64885e4c0f7b7deb7a1e38e42a76526/KrkrExtract/krkrz/external/freetype/builds/unix/aclocal.m4#L7380,# FIXME: insert proper C++ library support,['fixme'],Autotool,8,7380,7380
24925,xmoeproject/krkrextract,https://github.com/xmoeproject/krkrextract/blob/64e78b28e64885e4c0f7b7deb7a1e38e42a76526/KrkrExtract/krkrz/external/freetype/builds/unix/aclocal.m4#L7385,# FIXME: insert proper C++ library support,['fixme'],Autotool,8,7385,7385
24925,xmoeproject/krkrextract,https://github.com/xmoeproject/krkrextract/blob/64e78b28e64885e4c0f7b7deb7a1e38e42a76526/KrkrExtract/krkrz/external/freetype/builds/unix/aclocal.m4#L7619,# PORTME: override above test on systems where it is broken,['broken'],Autotool,0,7619,7619
24925,xmoeproject/krkrextract,https://github.com/xmoeproject/krkrextract/blob/64e78b28e64885e4c0f7b7deb7a1e38e42a76526/KrkrExtract/krkrz/external/freetype/builds/unix/aclocal.m4#L7623,"# Interix 3.5 installs completely hosed .la files for C++, so rather than
# hack all around it, let's just trust ""g++"" to DTRT.",['hack'],Autotool,2,7623,7624
24925,xmoeproject/krkrextract,https://github.com/xmoeproject/krkrextract/blob/64e78b28e64885e4c0f7b7deb7a1e38e42a76526/KrkrExtract/krkrz/external/freetype/builds/unix/aclocal.m4#L8573,"# _LT_ENABLE_STATIC([DEFAULT])
# ----------------------------
# implement the --enable-static flag, and support the 'static' and
# 'disable-static' LT_INIT options.
# DEFAULT is either 'yes' or 'no'.  If omitted, it defaults to 'yes'.",['implement'],Autotool,0,8573,8577
24925,xmoeproject/krkrextract,https://github.com/xmoeproject/krkrextract/blob/64e78b28e64885e4c0f7b7deb7a1e38e42a76526/KrkrExtract/krkrz/external/freetype/builds/unix/aclocal.m4#L8627,"# _LT_ENABLE_FAST_INSTALL([DEFAULT])
# ----------------------------------
# implement the --enable-fast-install flag, and support the 'fast-install'
# and 'disable-fast-install' LT_INIT options.
# DEFAULT is either 'yes' or 'no'.  If omitted, it defaults to 'yes'.",['implement'],Autotool,0,8627,8631
24925,xmoeproject/krkrextract,https://github.com/xmoeproject/krkrextract/blob/64e78b28e64885e4c0f7b7deb7a1e38e42a76526/KrkrExtract/krkrz/external/freetype/builds/unix/aclocal.m4#L8736,"# _LT_WITH_PIC([MODE])
# --------------------
# implement the --with-pic flag, and support the 'pic-only' and 'no-pic'
# LT_INIT options.
# MODE is either 'yes' or 'no'.  If omitted, it defaults to 'both'.",['implement'],Autotool,0,8736,8740
24925,xmoeproject/krkrextract,https://github.com/xmoeproject/krkrextract/blob/64e78b28e64885e4c0f7b7deb7a1e38e42a76526/ToolSource/tjs2Compiler/tjs2Compiler/onig/aclocal.m4#L396,"# AM_OUTPUT_DEPENDENCY_COMMANDS
# -----------------------------
# This macro should only be invoked once -- use via AC_REQUIRE.
#
# This code is only required when automatic dependency tracking
# is enabled.  FIXME.  This creates each `.P' file that we will
# need in order to bootstrap the dependency handling code.",['fixme'],Autotool,0,396,402
24925,xmoeproject/krkrextract,https://github.com/xmoeproject/krkrextract/blob/64e78b28e64885e4c0f7b7deb7a1e38e42a76526/ToolSource/tjs2Compiler/tjs2Compiler/onig/aclocal.m4#L790,"# If neither matched, then we have a broken ls.  This can happen
# if, for instance, CONFIG_SHELL is bash and it inherits a
# broken ls alias from the environment.  This has actually
# happened.  Such a system could not be considered ""sane"".",['broken'],Autotool,6,790,793
24925,xmoeproject/krkrextract,https://github.com/xmoeproject/krkrextract/blob/64e78b28e64885e4c0f7b7deb7a1e38e42a76526/ToolSource/tjs2Disassembler/tjs2Decompiler/onig/aclocal.m4#L396,"# AM_OUTPUT_DEPENDENCY_COMMANDS
# -----------------------------
# This macro should only be invoked once -- use via AC_REQUIRE.
#
# This code is only required when automatic dependency tracking
# is enabled.  FIXME.  This creates each `.P' file that we will
# need in order to bootstrap the dependency handling code.",['fixme'],Autotool,0,396,402
24925,xmoeproject/krkrextract,https://github.com/xmoeproject/krkrextract/blob/64e78b28e64885e4c0f7b7deb7a1e38e42a76526/ToolSource/tjs2Disassembler/tjs2Decompiler/onig/aclocal.m4#L790,"# If neither matched, then we have a broken ls.  This can happen
# if, for instance, CONFIG_SHELL is bash and it inherits a
# broken ls alias from the environment.  This has actually
# happened.  Such a system could not be considered ""sane"".",['broken'],Autotool,6,790,793
24925,xmoeproject/krkrextract,https://github.com/xmoeproject/krkrextract/blob/64e78b28e64885e4c0f7b7deb7a1e38e42a76526/KrkrExtract/krkrz/external/lpng/CMakeLists.txt#L65,"# Use the prebuilt pnglibconf.h file from the scripts folder
# TODO: fix this by building with awk; without this no cmake build can be
# configured directly (to do so indirectly use your local awk to build a
# pnglibconf.h in the build directory.)","['fix', 'todo']",CMake,0,65,68
24925,xmoeproject/krkrextract,https://github.com/xmoeproject/krkrextract/blob/64e78b28e64885e4c0f7b7deb7a1e38e42a76526/KrkrExtract/krkrz/external/lpng/CMakeLists.txt#L271,"# If CMake > 2.4.x, we set a variable used below to export
# targets to an export file.
# TODO: Use VERSION_GREATER after our cmake_minimum_required >= 2.6.2",['todo'],CMake,0,271,273
24925,xmoeproject/krkrextract,https://github.com/xmoeproject/krkrextract/blob/64e78b28e64885e4c0f7b7deb7a1e38e42a76526/KrkrExtract/krkrz/external/freetype/builds/cmake/iOS.cmake#L136,"# hack: If a new cmake (which uses CMAKE_INSTALL_NAME_TOOL) runs on an old
#       build tree (where `install_name_tool' was hardcoded), and where
#       CMAKE_INSTALL_NAME_TOOL isn't in the cache and still cmake didn't
#       fail in `CMakeFindBinUtils.cmake' (because it isn't rerun), hardcode
#       CMAKE_INSTALL_NAME_TOOL here to `install_name_tool' so it behaves as
#       it did before.",['hack'],CMake,0,136,141
