repoIndex,repoName,linkLocation,comment,keywords,buildSysteminFile,charPosition,startLine,endLine
24930,zynaddsubfx/zynaddsubfx,https://github.com/zynaddsubfx/zynaddsubfx/blob/20ed6166c0ebeb61323ffad0b0b2fc06cf2320f5/src/CMakeLists.txt#L216,# Used too often to fix,['fix'],CMake,32,216,216
24930,zynaddsubfx/zynaddsubfx,https://github.com/zynaddsubfx/zynaddsubfx/blob/20ed6166c0ebeb61323ffad0b0b2fc06cf2320f5/src/CMakeLists.txt#L220,# too often to fix,['fix'],CMake,39,220,220
24930,zynaddsubfx/zynaddsubfx,https://github.com/zynaddsubfx/zynaddsubfx/blob/20ed6166c0ebeb61323ffad0b0b2fc06cf2320f5/src/CMakeLists.txt#L291,"# To avoid a conflict if PortAudio v1 is installed, the linker directory
# of portaudio must be specified first, so that xxx/lib/portaudio2 is
# searched before xxx/lib where PortAudio v1 gets installed.",['xxx'],CMake,0,291,293
24930,zynaddsubfx/zynaddsubfx,https://github.com/zynaddsubfx/zynaddsubfx/blob/20ed6166c0ebeb61323ffad0b0b2fc06cf2320f5/src/CMakeLists.txt#L451,#UGLY WORKAROUND,"['ugly', 'workaround']",CMake,1,451,451
24930,zynaddsubfx/zynaddsubfx,https://github.com/zynaddsubfx/zynaddsubfx/blob/20ed6166c0ebeb61323ffad0b0b2fc06cf2320f5/src/CMakeLists.txt#L705,#TODO GUI MODULE,['todo'],CMake,0,705,705
24930,zynaddsubfx/zynaddsubfx,https://github.com/zynaddsubfx/zynaddsubfx/blob/20ed6166c0ebeb61323ffad0b0b2fc06cf2320f5/src/Plugin/ZynAddSubFX/CMakeLists.txt#L28,# TODO: Make this also check for Linux or MacOS,['todo'],CMake,0,28,28
24930,zynaddsubfx/zynaddsubfx,https://github.com/zynaddsubfx/zynaddsubfx/blob/20ed6166c0ebeb61323ffad0b0b2fc06cf2320f5/cmake/BashCompletion.cmake#L24,"# - Windows does not support bash completion
# - macOS support should eventually be added for Homebrew (TODO)",['todo'],CMake,0,24,25
