repoIndex,repoName,linkLocation,comment,keywords,buildSysteminFile,charPosition,startLine,endLine
25018,framstag/libosmscout,https://github.com/framstag/libosmscout/blob/b934071a77baa39866382bdd5cc1767a9a8c8015/CMakeLists.txt#L48,"# TODO: check gcc, clang, etc. version for C++17",['todo'],CMake,0,48,48
25018,framstag/libosmscout,https://github.com/framstag/libosmscout/blob/b934071a77baa39866382bdd5cc1767a9a8c8015/Documentation/Doxyfile.cmake#L607,"# The GENERATE_TODOLIST tag can be used to enable (YES) or disable (NO) the todo
# list. This list is created by putting \todo commands in the documentation.
# The default value is: YES.",['todo'],CMake,0,607,609
25018,framstag/libosmscout,https://github.com/framstag/libosmscout/blob/b934071a77baa39866382bdd5cc1767a9a8c8015/cmake/FindGLFW.cmake#L55,"#
# XXX: Do we still need to search for GL/glfw.h?
#",['xxx'],CMake,0,55,57
25018,framstag/libosmscout,https://github.com/framstag/libosmscout/blob/b934071a77baa39866382bdd5cc1767a9a8c8015/cmake/WinResource.cmake#L2,# TODO: MinGW (http://www.mingw.org/wiki/MS_resource_compiler),['todo'],CMake,10,2,2
25018,framstag/libosmscout,https://github.com/framstag/libosmscout/blob/b934071a77baa39866382bdd5cc1767a9a8c8015/cmake/features.cmake#L147,"# seems that FindLibXml2.cmake don't handle static libraries properly
# as a workaround we append PC_LIBXML_STATIC_LIBRARIES to LIBXML2_LIBRARIES",['workaround'],CMake,2,147,148
25018,framstag/libosmscout,https://github.com/framstag/libosmscout/blob/b934071a77baa39866382bdd5cc1767a9a8c8015/cmake/iOS.cmake#L259,"# Hack: if a new cmake (which uses CMAKE_INSTALL_NAME_TOOL) runs on an old
# build tree (where install_name_tool was hardcoded) and where
# CMAKE_INSTALL_NAME_TOOL isn't in the cache and still cmake didn't fail in
# CMakeFindBinUtils.cmake (because it isn't rerun) hardcode
# CMAKE_INSTALL_NAME_TOOL here to install_name_tool, so it behaves as it did
# before, Alex.",['hack'],CMake,0,259,264
