repoIndex,repoName,linkLocation,comment,keywords,buildSysteminFile,charPosition,startLine,endLine
25024,cvmfs/cvmfs,https://github.com/cvmfs/cvmfs/blob/9c3f650f427ea70b79f91c0b8104c077fe3caf50/cvmfs/CMakeLists.txt#L861,"#
# /usr/bin/cvmfs_publish[_debug]
# TODO(jblomer) Rename to cvmfs_server
#",['todo'],CMake,2,861,864
25024,cvmfs/cvmfs,https://github.com/cvmfs/cvmfs/blob/9c3f650f427ea70b79f91c0b8104c077fe3caf50/cmake/Modules/cvmfs_compiler.cmake#L1,"#
# Workaround for Debian packaging debhelper trying to pass -D_FORTIFY_SOURCE=2
# through CPPFLAGS that is not officially supported by CMake. Hence, debhelper
# appends CPPFLAGS to CFLAGS which breaks the build of the c-ares external.
# This filters out flags that scares c-ares's ./configure script.
#",['workaround'],CMake,0,1,6
