repoIndex,repoName,linkLocation,comment,keywords,buildSysteminFile,charPosition,startLine,endLine
25025,epam/indigo,https://github.com/epam/indigo/blob/2cceed3909c79787a04c401e8aa282f7c3488ab8/third_party/cairo/CMakeLists.txt#L38,# Fix lround missing problem,['fix'],CMake,51,38,38
25025,epam/indigo,https://github.com/epam/indigo/blob/2cceed3909c79787a04c401e8aa282f7c3488ab8/cmake/setup.cmake#L146,"# Fix problem with CMake not supporting copy with wildcards on windows
# Use like ${COPY_COMMAND} ${SEP}some${SEP}path${sep}file.txt ${NATIVE_DIST_DIRECTORY}${SEP}",['fix'],CMake,0,146,147
25025,epam/indigo,https://github.com/epam/indigo/blob/2cceed3909c79787a04c401e8aa282f7c3488ab8/third_party/googletest/cmake/internal_utils.cmake#L73,"# Newlines inside flags variables break CMake's NMake generator.
# TODO(vladl@google.com): Add -RTCs and -RTCu to debug builds.",['todo'],CMake,4,73,74
