repoIndex,repoName,linkLocation,comment,keywords,buildSysteminFile,charPosition,startLine,endLine
25031,team-eternity/eternity,https://github.com/team-eternity/eternity/blob/0bd4853cc3c8e1d1990ee276159039c16f084754/libpng/aclocal.m4#L365,"# Older Autoconf quotes --file arguments for eval, but not when files
# are listed without --file.  Let's play safe and only enable the eval
# if we detect the quoting.
# TODO: see whether this extra hack can be removed once we start
# requiring Autoconf 2.70 or later.","['todo', 'hack']",Autotool,2,365,369
25031,team-eternity/eternity,https://github.com/team-eternity/eternity/blob/0bd4853cc3c8e1d1990ee276159039c16f084754/libpng/aclocal.m4#L842,"# Losing compiler, so override with the script.
# FIXME: It is wrong to rewrite CC.
# But if we don't then we get into trouble of one sort or another.
# A longer-term fix would be to have automake use am__CC in this case,
# and then we could set am__CC=""\$(top_srcdir)/compile \$(CC)""","['fix', 'fixme']",Autotool,3,842,846
25031,team-eternity/eternity,https://github.com/team-eternity/eternity/blob/0bd4853cc3c8e1d1990ee276159039c16f084754/libpng/aclocal.m4#L913,"# If neither matched, then we have a broken ls.  This can happen
# if, for instance, CONFIG_SHELL is bash and it inherits a
# broken ls alias from the environment.  This has actually
# happened.  Such a system could not be considered ""sane"".",['broken'],Autotool,1,913,916
25031,team-eternity/eternity,https://github.com/team-eternity/eternity/blob/0bd4853cc3c8e1d1990ee276159039c16f084754/source/CMakeLists.txt#L762,# Fix the lookup to the SDL2 frameworks,['fix'],CMake,3,762,762
25031,team-eternity/eternity,https://github.com/team-eternity/eternity/blob/0bd4853cc3c8e1d1990ee276159039c16f084754/cmake/Compiler.cmake#L56,# Crappy hack for GCC because it's a bad compiler,['hack'],CMake,0,56,56
25031,team-eternity/eternity,https://github.com/team-eternity/eternity/blob/0bd4853cc3c8e1d1990ee276159039c16f084754/cmake/EternityCopyFiles.cmake#L78,"# TODO: Use rm instead of remove_directory in a few years when we can assume people will have CMake 3.17
#       across the board.",['todo'],CMake,2,78,79
25031,team-eternity/eternity,https://github.com/team-eternity/eternity/blob/0bd4853cc3c8e1d1990ee276159039c16f084754/cmake/ExternalLibraries.cmake#L100,# Gross hack to get mingw32 first in the linker order.,['hack'],CMake,9,100,100
