repoIndex,repoName,linkLocation,comment,keywords,buildSysteminFile,charPosition,startLine,endLine
25145,synerbi/sirf,https://github.com/synerbi/sirf/blob/9ef5044e8d939e27290f0876205f041cbdc60460/doxygen/CMakeLists.txt#L60,#${ALL_HEADERS} TODO,['todo'],CMake,28,60,60
25145,synerbi/sirf,https://github.com/synerbi/sirf/blob/9ef5044e8d939e27290f0876205f041cbdc60460/src/Registration/cReg/CMakeLists.txt#L64,# Temporary fix for linking CUDA libraries if necessary,['fix'],CMake,0,64,64
25145,synerbi/sirf,https://github.com/synerbi/sirf/blob/9ef5044e8d939e27290f0876205f041cbdc60460/src/Registration/mReg/CMakeLists.txt#L62,# fix output name and link flags,['fix'],CMake,2,62,62
25145,synerbi/sirf,https://github.com/synerbi/sirf/blob/9ef5044e8d939e27290f0876205f041cbdc60460/src/Registration/pReg/CMakeLists.txt#L33,"# find libraries and include files
# TODO would be better to use target_include_directories",['todo'],CMake,0,33,34
25145,synerbi/sirf,https://github.com/synerbi/sirf/blob/9ef5044e8d939e27290f0876205f041cbdc60460/src/iUtilities/CMakeLists.txt#L50,"# find libraries and include files
# TODO would be better to use target_include_directories",['todo'],CMake,2,50,51
25145,synerbi/sirf,https://github.com/synerbi/sirf/blob/9ef5044e8d939e27290f0876205f041cbdc60460/src/iUtilities/CMakeLists.txt#L83,# fix output name and link flags,['fix'],CMake,2,83,83
25145,synerbi/sirf,https://github.com/synerbi/sirf/blob/9ef5044e8d939e27290f0876205f041cbdc60460/src/xGadgetron/mGadgetron/CMakeLists.txt#L41,# fix output name and link flags,['fix'],CMake,2,41,41
25145,synerbi/sirf,https://github.com/synerbi/sirf/blob/9ef5044e8d939e27290f0876205f041cbdc60460/src/xGadgetron/pGadgetron/CMakeLists.txt#L31,"# find libraries and include files
# TODO would be better to use target_include_directories",['todo'],CMake,0,31,32
25145,synerbi/sirf,https://github.com/synerbi/sirf/blob/9ef5044e8d939e27290f0876205f041cbdc60460/src/xSTIR/cSTIR/CMakeLists.txt#L22,"# Check for existence of HKEM code
# TODO: replace if (EXISTS) with if (STIR version >= 3.2)",['todo'],CMake,0,22,23
25145,synerbi/sirf,https://github.com/synerbi/sirf/blob/9ef5044e8d939e27290f0876205f041cbdc60460/src/xSTIR/mSTIR/CMakeLists.txt#L39,# fix output name and link flags,['fix'],CMake,2,39,39
25145,synerbi/sirf,https://github.com/synerbi/sirf/blob/9ef5044e8d939e27290f0876205f041cbdc60460/src/xSTIR/pSTIR/CMakeLists.txt#L32,"# find libraries and include files
# TODO would be better to use target_include_directories",['todo'],CMake,0,32,33
