repoIndex,repoName,linkLocation,comment,keywords,buildSysteminFile,charPosition,startLine,endLine
25193,phoenixkonsole/transcendence,https://github.com/phoenixkonsole/transcendence/blob/dd79af7319e98f561db9e8b95c23a748985297c4/src/Makefile.am#L558,## FIXME: How to get the appropriate modulename_CPPFLAGS in here?,['fixme'],Autotool,1,558,558
25193,phoenixkonsole/transcendence,https://github.com/phoenixkonsole/transcendence/blob/dd79af7319e98f561db9e8b95c23a748985297c4/configure.ac#L972,"dnl Boost >= 1.50 uses sleep_for rather than the now-deprecated sleep, however
dnl it was broken from 1.50 to 1.52 when backed by nanosleep. Use sleep_for if
dnl a working version is available, else fall back to sleep. sleep was removed
dnl after 1.56.
dnl If neither is available, abort.",['broken'],Autotool,0,972,976
25193,phoenixkonsole/transcendence,https://github.com/phoenixkonsole/transcendence/blob/dd79af7319e98f561db9e8b95c23a748985297c4/aclocal.m4#L621,"# Older Autoconf quotes --file arguments for eval, but not when files
# are listed without --file.  Let's play safe and only enable the eval
# if we detect the quoting.
# TODO: see whether this extra hack can be removed once we start
# requiring Autoconf 2.70 or later.","['todo', 'hack']",Autotool,2,621,625
25193,phoenixkonsole/transcendence,https://github.com/phoenixkonsole/transcendence/blob/dd79af7319e98f561db9e8b95c23a748985297c4/aclocal.m4#L1098,"# Losing compiler, so override with the script.
# FIXME: It is wrong to rewrite CC.
# But if we don't then we get into trouble of one sort or another.
# A longer-term fix would be to have automake use am__CC in this case,
# and then we could set am__CC=""\$(top_srcdir)/compile \$(CC)""","['fix', 'fixme']",Autotool,3,1098,1102
25193,phoenixkonsole/transcendence,https://github.com/phoenixkonsole/transcendence/blob/dd79af7319e98f561db9e8b95c23a748985297c4/aclocal.m4#L1169,"# If neither matched, then we have a broken ls.  This can happen
# if, for instance, CONFIG_SHELL is bash and it inherits a
# broken ls alias from the environment.  This has actually
# happened.  Such a system could not be considered ""sane"".",['broken'],Autotool,1,1169,1172
25193,phoenixkonsole/transcendence,https://github.com/phoenixkonsole/transcendence/blob/dd79af7319e98f561db9e8b95c23a748985297c4/src/qt/CMakeLists.txt#L186,# Workaround until the old rpcconsole UI window is fully removed,['workaround'],CMake,0,186,186
