repoIndex,repoName,linkLocation,comment,keywords,buildSysteminFile,charPosition,startLine,endLine
25226,gisogrimm/tascar,https://github.com/gisogrimm/tascar/blob/4e8ad854dbec44166e86902111e3173dbe8dea98/cmake/modules/FindGTK3.cmake#L153,# fix for Ubuntu == 11.04 (Natty Narwhal),['fix'],CMake,12,153,153
25226,gisogrimm/tascar,https://github.com/gisogrimm/tascar/blob/4e8ad854dbec44166e86902111e3173dbe8dea98/cmake/modules/FindGTK3.cmake#L156,"# end
# fix for Ubuntu >= 11.10 (Oneiric Ocelot)",['fix'],CMake,12,156,157
25226,gisogrimm/tascar,https://github.com/gisogrimm/tascar/blob/4e8ad854dbec44166e86902111e3173dbe8dea98/cmake/modules/FindGTK3.cmake#L250,"# For some silly reason the MSVC libraries use _ instead of .
# in the version fields",['silly'],CMake,4,250,251
