repoIndex,repoName,linkLocation,comment,keywords,buildSysteminFile,charPosition,startLine,endLine
2533,mmgtools/parmmg,https://github.com/mmgtools/parmmg/blob/2abacd7d7babf3ebe99888e7d8803006d7ef1cc4/cmake/modules/FindMETIS.cmake#L302,"#
# TODO: Add possibility to check for specific functions in the library
#",['todo'],CMake,0,302,304
2533,mmgtools/parmmg,https://github.com/mmgtools/parmmg/blob/2abacd7d7babf3ebe99888e7d8803006d7ef1cc4/cmake/modules/FindParmetis.cmake#L329,"#
# TODO: Add possibility to check for specific functions in the library
#",['todo'],CMake,0,329,331
2533,mmgtools/parmmg,https://github.com/mmgtools/parmmg/blob/2abacd7d7babf3ebe99888e7d8803006d7ef1cc4/cmake/modules/FindSCOTCH.cmake#L367,"#
# TODO: Add possibility to check for specific functions in the library
#",['todo'],CMake,0,367,369
