repoIndex,repoName,linkLocation,comment,keywords,buildSysteminFile,charPosition,startLine,endLine
25347,kitware/telesculptor,https://github.com/kitware/telesculptor/blob/32378009fe1499811812f1f1be23d30d43369a0a/CMakeLists.txt#L201,#TODO: Define package dependencies,['todo'],CMake,0,201,201
25347,kitware/telesculptor,https://github.com/kitware/telesculptor/blob/32378009fe1499811812f1f1be23d30d43369a0a/gui/CMakeLists.txt#L260,# this is a hack for now.  Fletch should really export paths like this.,['hack'],CMake,6,260,260
25347,kitware/telesculptor,https://github.com/kitware/telesculptor/blob/32378009fe1499811812f1f1be23d30d43369a0a/tests/CMakeLists.txt#L5,"# There are currently no tests
# TODO write tests that run the command line tools",['todo'],CMake,0,5,6
25347,kitware/telesculptor,https://github.com/kitware/telesculptor/blob/32378009fe1499811812f1f1be23d30d43369a0a/CMake/utils/telesculptor-utils-bundle.cmake#L19,"# Provide an override for gp_resolved_file_type to correct
# fix-up bundle for Unix.",['fix'],CMake,0,19,20
25347,kitware/telesculptor,https://github.com/kitware/telesculptor/blob/32378009fe1499811812f1f1be23d30d43369a0a/CMake/utils/telesculptor-utils-bundle.cmake#L23,"# This is an ugly hack.  For some reason fixup_bundle wants
# libraries to be ""local"" (in the same directory as the executable)
# and fails if they are ""embedded"" (same prefix).  This override
# works around the problem by reporting ""embedded"" as ""local""","['hack', 'ugly']",CMake,2,23,26
