repoIndex,repoName,linkLocation,comment,keywords,buildSysteminFile,charPosition,startLine,endLine
25390,krishauser/klampt,https://github.com/krishauser/klampt/blob/d538be26ecc1af1977c7e235fd9f6589413506a8/Cpp/Main/CMakeLists.txt#L24,"#need to install Qt dlls
#QT_BINARY_DIR and QT_PLUGINS_DIR are not defined in Qt5... this is a bit of a hack",['hack'],CMake,2,24,25
25390,krishauser/klampt,https://github.com/krishauser/klampt/blob/d538be26ecc1af1977c7e235fd9f6589413506a8/tests/CMakeLists.txt#L36,#weird workaround to force cmake to build the test executable before running Klampt_Simulation_ODERigidObject,['workaround'],CMake,0,36,36
25390,krishauser/klampt,https://github.com/krishauser/klampt/blob/d538be26ecc1af1977c7e235fd9f6589413506a8/CMakeModules/InstallPkgConfigFile.cmake#L27,# TODO error check,['todo'],CMake,4,27,27
