repoIndex,repoName,linkLocation,comment,keywords,buildSysteminFile,charPosition,startLine,endLine
25409,vircadia/vircadia,https://github.com/vircadia/vircadia/blob/792a780860b848d357ba24e66fb2b478763b9953/CMakeLists.txt#L36,"# read USE_GLES enviroment variable and sets it as GLES option
# TODO still gets overwritten by ""use GLES on linux aarch64""",['todo'],CMake,0,36,37
25409,vircadia/vircadia,https://github.com/vircadia/vircadia/blob/792a780860b848d357ba24e66fb2b478763b9953/CMakeLists.txt#L250,"# if set, the application itself or some library it depends on MUST implement
# `DisplayPluginList getDisplayPlugins()` and `InputPluginList getInputPlugins()`",['implement'],CMake,4,250,251
25409,vircadia/vircadia,https://github.com/vircadia/vircadia/blob/792a780860b848d357ba24e66fb2b478763b9953/CMakeLists.txt#L394,# FIXME hack to work on the proper Android toolchain,"['hack', 'fixme']",CMake,0,394,394
25409,vircadia/vircadia,https://github.com/vircadia/vircadia/blob/792a780860b848d357ba24e66fb2b478763b9953/assignment-client/CMakeLists.txt#L5,# Fix up the rpath so macdeployqt works,['fix'],CMake,0,5,5
25409,vircadia/vircadia,https://github.com/vircadia/vircadia/blob/792a780860b848d357ba24e66fb2b478763b9953/cmake/externals/LibOVR/CMakeLists.txt#L55,# Work around the broken framework by using a different path for the headers.,['broken'],CMake,2,55,55
25409,vircadia/vircadia,https://github.com/vircadia/vircadia/blob/792a780860b848d357ba24e66fb2b478763b9953/cmake/externals/sixense/CMakeLists.txt#L64,# FIXME need to account for different architectures,['fixme'],CMake,4,64,64
25409,vircadia/vircadia,https://github.com/vircadia/vircadia/blob/792a780860b848d357ba24e66fb2b478763b9953/cmake/externals/steamworks/CMakeLists.txt#L59,# FIXME need to account for different architectures,['fixme'],CMake,4,59,59
25409,vircadia/vircadia,https://github.com/vircadia/vircadia/blob/792a780860b848d357ba24e66fb2b478763b9953/domain-server/CMakeLists.txt#L12,# Fix up the rpath so macdeployqt works,['fix'],CMake,0,12,12
25409,vircadia/vircadia,https://github.com/vircadia/vircadia/blob/792a780860b848d357ba24e66fb2b478763b9953/domain-server/CMakeLists.txt#L20,"# TODO: find a solution that will handle web file changes in resources on windows without a re-build.
# Currently the resources are only copied on post-build. If one is changed but the domain-server is not, they will
# not be re-copied. This is worked-around on OS X/UNIX by using a symlink.",['todo'],CMake,0,20,22
25409,vircadia/vircadia,https://github.com/vircadia/vircadia/blob/792a780860b848d357ba24e66fb2b478763b9953/interface/CMakeLists.txt#L153,"# make sure the output name for the .app bundle is correct
# Fix up the rpath so macdeployqt works",['fix'],CMake,2,153,154
25409,vircadia/vircadia,https://github.com/vircadia/vircadia/blob/792a780860b848d357ba24e66fb2b478763b9953/interface/CMakeLists.txt#L264,# perform the system include hack for OS X to ignore warnings,['hack'],CMake,4,264,264
25409,vircadia/vircadia,https://github.com/vircadia/vircadia/blob/792a780860b848d357ba24e66fb2b478763b9953/interface/CMakeLists.txt#L337,"# FIXME, the edit script code loads HTML from the scripts folder
# which in turn relies on CSS that refers to the fonts.  In theory
# we should be able to modify the CSS to reference the QRC path to
# the ttf files, but doing so generates a CORS policy violation,
# so we have to retain a copy of the fonts outside of the resources binary",['fixme'],CMake,4,337,341
25409,vircadia/vircadia,https://github.com/vircadia/vircadia/blob/792a780860b848d357ba24e66fb2b478763b9953/interface/CMakeLists.txt#L380,"# FIXME, the edit script code loads HTML from the scripts folder
# which in turn relies on CSS that refers to the fonts.  In theory
# we should be able to modify the CSS to reference the QRC path to
# the ttf files, but doing so generates a CORS policy violation,
# so we have to retain a copy of the fonts outside of the resources binary",['fixme'],CMake,4,380,384
25409,vircadia/vircadia,https://github.com/vircadia/vircadia/blob/792a780860b848d357ba24e66fb2b478763b9953/libraries/script-engine/CMakeLists.txt#L2,# FIXME Move undo scripting interface to application and remove Widgets,['fixme'],CMake,0,2,2
25409,vircadia/vircadia,https://github.com/vircadia/vircadia/blob/792a780860b848d357ba24e66fb2b478763b9953/libraries/shared/CMakeLists.txt#L5,# TODO: there isn't really a good reason to have Script linked here - let's get what is requiring it out (RegisteredMetaTypes.cpp),['todo'],CMake,0,5,5
25409,vircadia/vircadia,https://github.com/vircadia/vircadia/blob/792a780860b848d357ba24e66fb2b478763b9953/plugins/hifiSixense/CMakeLists.txt#L9,"# FIXME if we want to properly re-enable this, we need to fix the mechanism for installing the 
# dependency dlls `msvcr100` and `msvcp100` WITHOUT using CMAKE_INSTALL_SYSTEM_RUNTIME_LIBS
# currently this will build the hifiSixense plugin, but unless the user has previously installed
# the msvcr100 runtime support, the plugin will not load.","['fix', 'fixme']",CMake,0,9,12
25409,vircadia/vircadia,https://github.com/vircadia/vircadia/blob/792a780860b848d357ba24e66fb2b478763b9953/tests-manual/controllers/CMakeLists.txt#L1,# FIXME Disabling test on OSX because of unexpected link error ,['fixme'],CMake,0,1,1
25409,vircadia/vircadia,https://github.com/vircadia/vircadia/blob/792a780860b848d357ba24e66fb2b478763b9953/tests/CMakeLists.txt#L18,"# Create the all-tests build target.
# The dependency list (ALL_TEST_TARGETS) is generated from setup_hifi_testcase invocations in the CMakeLists.txt
# files in the test subdirs. Note: since variables normally do *not* persist into parent scope, we use a hack:
#
#   list(APPEND ALL_TEST_TARGETS ${targets_to_add...})  # appends to a local list var (copied from parent scope)
#   set (ALL_TEST_TARGETS ""${ALL_TEST_TARGETS}"" PARENT_SCOPE) # copies this back to parent scope
#",['hack'],CMake,0,18,24
25409,vircadia/vircadia,https://github.com/vircadia/vircadia/blob/792a780860b848d357ba24e66fb2b478763b9953/tests/recording/CMakeLists.txt#L14,"# FIXME convert to unit tests
# Declare dependencies
#macro (setup_testcase_dependencies)
#  # link in the shared libraries
#  link_hifi_libraries(shared recording)
#
#  package_libraries_for_deployment()
#endmacro ()
#setup_hifi_testcase()",['fixme'],CMake,0,14,22
25409,vircadia/vircadia,https://github.com/vircadia/vircadia/blob/792a780860b848d357ba24e66fb2b478763b9953/tools/nitpick/CMakeLists.txt#L62,"# make sure the output name for the .app bundle is correct
# Fix up the rpath so macdeployqt works",['fix'],CMake,4,62,63
25409,vircadia/vircadia,https://github.com/vircadia/vircadia/blob/792a780860b848d357ba24e66fb2b478763b9953/tools/nitpick/CMakeLists.txt#L110,# perform the system include hack for OS X to ignore warnings,['hack'],CMake,8,110,110
25409,vircadia/vircadia,https://github.com/vircadia/vircadia/blob/792a780860b848d357ba24e66fb2b478763b9953/tools/oven/CMakeLists.txt#L18,# Fix up the rpath so macdeployqt works,['fix'],CMake,2,18,18
25409,vircadia/vircadia,https://github.com/vircadia/vircadia/blob/792a780860b848d357ba24e66fb2b478763b9953/cmake/compiler.cmake#L38,"# /LARGEADDRESSAWARE enables 32-bit apps to use more than 2GB of memory.
# Caveats: http://stackoverflow.com/questions/2288728/drawbacks-of-using-largeaddressaware-for-32-bit-windows-executables
# TODO: Remove when building 64-bit.",['todo'],CMake,2,38,40
25409,vircadia/vircadia,https://github.com/vircadia/vircadia/blob/792a780860b848d357ba24e66fb2b478763b9953/cmake/macros/AutoScribeShader.cmake#L11,# FIXME use the built tools ,['fixme'],CMake,0,11,11
25409,vircadia/vircadia,https://github.com/vircadia/vircadia/blob/792a780860b848d357ba24e66fb2b478763b9953/cmake/macros/AutoScribeShader.cmake#L77,"#
# Set the include paths
#
# FIXME base the include paths off of output from the scribe tool,
# instead of treating every previously seen shader as a possible header",['fixme'],CMake,4,77,81
25409,vircadia/vircadia,https://github.com/vircadia/vircadia/blob/792a780860b848d357ba24e66fb2b478763b9953/cmake/macros/AutoScribeShader.cmake#L259,"# FIXME add support for geometry, compute and tesselation shaders
#file(GLOB_RECURSE SHADER_GEOMETRY_FILES ${SRC_FOLDER}/*.slg)
#file(GLOB_RECURSE SHADER_COMPUTE_FILES ${SRC_FOLDER}/*.slc)",['fixme'],CMake,4,259,261
25409,vircadia/vircadia,https://github.com/vircadia/vircadia/blob/792a780860b848d357ba24e66fb2b478763b9953/cmake/macros/TargetBullet.cmake#L21,# perform the system include hack for OS X to ignore warnings,['hack'],CMake,4,21,21
25409,vircadia/vircadia,https://github.com/vircadia/vircadia/blob/792a780860b848d357ba24e66fb2b478763b9953/cmake/macros/TargetPython.cmake#L5,"# this logic is deprecated in CMake after 3.12
# FIXME eventually we should make 3.12 the min cmake verion and just use the Python3 find_package path",['fixme'],CMake,12,5,6
25409,vircadia/vircadia,https://github.com/vircadia/vircadia/blob/792a780860b848d357ba24e66fb2b478763b9953/cmake/ports/polyvox/portfile.cmake#L85,"# if (APPLE)
#   set(INSTALL_NAME_LIBRARY_DIR ${INSTALL_DIR}/lib)
#   ExternalProject_Add_Step(
#     ${EXTERNAL_NAME}
#     change-install-name-debug
#     COMMENT ""Calling install_name_tool on libraries to fix install name for dylib linking""
#     COMMAND ${CMAKE_COMMAND} -DINSTALL_NAME_LIBRARY_DIR=${INSTALL_NAME_LIBRARY_DIR}/Debug -P ${EXTERNAL_PROJECT_DIR}/OSXInstallNameChange.cmake
#     DEPENDEES install
#     WORKING_DIRECTORY <SOURCE_DIR>
#     LOG 1
#   )
#   ExternalProject_Add_Step(
#     ${EXTERNAL_NAME}
#     change-install-name-release
#     COMMENT ""Calling install_name_tool on libraries to fix install name for dylib linking""
#     COMMAND ${CMAKE_COMMAND} -DINSTALL_NAME_LIBRARY_DIR=${INSTALL_NAME_LIBRARY_DIR}/Release -P ${EXTERNAL_PROJECT_DIR}/OSXInstallNameChange.cmake
#     DEPENDEES install
#     WORKING_DIRECTORY <SOURCE_DIR>
#     LOG 1
#   )
# endif ()",['fix'],CMake,0,85,105
25409,vircadia/vircadia,https://github.com/vircadia/vircadia/blob/792a780860b848d357ba24e66fb2b478763b9953/cmake/ports/vcpkg-cmake-config/vcpkg_cmake_config_fixup.cmake#L113,"#Fix ${_IMPORT_PREFIX} and absolute paths in cmake generated targets and configs;
#Since those can be renamed we have to check in every *.cmake, but only once.",['fix'],CMake,4,113,114
25409,vircadia/vircadia,https://github.com/vircadia/vircadia/blob/792a780860b848d357ba24e66fb2b478763b9953/cmake/ports/vcpkg-cmake-config/vcpkg_cmake_config_fixup.cmake#L151,"# This is a meson-related workaround, see https://github.com/mesonbuild/meson/issues/6955",['workaround'],CMake,40,151,151
25409,vircadia/vircadia,https://github.com/vircadia/vircadia/blob/792a780860b848d357ba24e66fb2b478763b9953/cmake/ports/vcpkg-cmake-config/vcpkg_cmake_config_fixup.cmake#L186,"#Fix absolute paths to installed dir with ones relative to ${CMAKE_CURRENT_LIST_DIR}
#This happens if vcpkg built libraries are directly linked to a target instead of using
#an imported target.",['fix'],CMake,8,186,188
