repoIndex,repoName,linkLocation,comment,keywords,buildSysteminFile,charPosition,startLine,endLine
25421,cea-list/n2d2,https://github.com/cea-list/n2d2/blob/951f396c20d9483c39529c3b3e9c8dd8ff6abfa1/CMakeLists.txt#L213,# TODO clean-up warnings,['todo'],CMake,4,213,213
25421,cea-list/n2d2,https://github.com/cea-list/n2d2/blob/951f396c20d9483c39529c3b3e9c8dd8ff6abfa1/CMakeLists.txt#L236,# Fix for missing atomic lib,['fix'],CMake,8,236,236
25421,cea-list/n2d2,https://github.com/cea-list/n2d2/blob/951f396c20d9483c39529c3b3e9c8dd8ff6abfa1/cmake/cotire.cmake#L1196,"# fix header's inside status on stack, it is ignored by extension now",['fix'],CMake,8,1196,1196
25421,cea-list/n2d2,https://github.com/cea-list/n2d2/blob/951f396c20d9483c39529c3b3e9c8dd8ff6abfa1/cmake/Modules/FindCUDA.cmake#L1245,"##############################################################################
# Helper to avoid clashes of files with the same basename but different paths.
# This doesn't attempt to do exactly what CMake internals do, which is to only
# add this path when there is a conflict, since by the time a second collision
# in names is detected it's already too late to fix the first one.  For
# consistency sake the relative path will be added to all files.",['fix'],CMake,0,1245,1250
25421,cea-list/n2d2,https://github.com/cea-list/n2d2/blob/951f396c20d9483c39529c3b3e9c8dd8ff6abfa1/cmake/Modules/FindCUDA/run_nvcc.cmake#L153,"# Now we need to build up our command string.  We are accounting for quotes
# and spaces, anything else is left up to the user to fix if they want to
# copy and paste a runnable command line.",['fix'],CMake,4,153,155
