repoIndex,repoName,linkLocation,comment,keywords,buildSysteminFile,charPosition,startLine,endLine
25541,monero-project/monero,https://github.com/monero-project/monero/blob/c9cfa251833856d76d5e206a4546e7fe3f71e43e/CMakeLists.txt#L454,"# TODO: check bsdi, NetBSD, to see if they need the same FreeBSD changes
#
# elseif(CMAKE_SYSTEM_NAME MATCHES ""kNetBSD.*|NetBSD.*"")
#   set(NETBSD TRUE)
# elseif(CMAKE_SYSTEM_NAME MATCHES "".*BSDI.*"")
#   set(BSDI TRUE)",['todo'],CMake,0,454,459
25541,monero-project/monero,https://github.com/monero-project/monero/blob/c9cfa251833856d76d5e206a4546e7fe3f71e43e/CMakeLists.txt#L917,"#NB NEON hardware does not fully implement the IEEE 754 standard for floating-point arithmetic
#Need custom assembly code to take full advantage of NEON SIMD",['implement'],CMake,4,917,918
25541,monero-project/monero,https://github.com/monero-project/monero/blob/c9cfa251833856d76d5e206a4546e7fe3f71e43e/external/CMakeLists.txt#L32,"# This is broken up into two parts: first we check for miniupnp, compile it if we can't
# find it, and thereafter we check for libunbound, and compile it if we can't find it.
# We always compile if we are building statically to reduce static dependency issues...
# ...except for FreeBSD, because FreeBSD is a special case that doesn't play well with
# others.",['broken'],CMake,0,32,36
25541,monero-project/monero,https://github.com/monero-project/monero/blob/c9cfa251833856d76d5e206a4546e7fe3f71e43e/cmake/CheckTrezor.cmake#L7,# Helper function to fix cmake < 3.6.0 FindProtobuf variables,['fix'],CMake,0,7,7
25541,monero-project/monero,https://github.com/monero-project/monero/blob/c9cfa251833856d76d5e206a4546e7fe3f71e43e/tests/gtest/cmake/internal_utils.cmake#L56,"# Newlines inside flags variables break CMake's NMake generator.
# TODO(vladl@google.com): Add -RTCs and -RTCu to debug builds.",['todo'],CMake,4,56,57
