repoIndex,repoName,linkLocation,comment,keywords,buildSysteminFile,charPosition,startLine,endLine
25540,facebook/redex,https://github.com/facebook/redex/blob/97227e17413ad2fcd974e1a6958ae073eeb80349/Makefile.am#L438,# Workaround for not using libopt.,['workaround'],Autotool,0,438,438
25540,facebook/redex,https://github.com/facebook/redex/blob/97227e17413ad2fcd974e1a6958ae073eeb80349/test/Makefile.am#L15,# Hack: auto-download googletest.,['hack'],Autotool,0,15,15
25540,facebook/redex,https://github.com/facebook/redex/blob/97227e17413ad2fcd974e1a6958ae073eeb80349/cmake_modules/Commons.cmake#L59,"# MSYS's JSONCPP only gets detected as shared, leaving the value
# above empty. Hardcode as a workaround.",['workaround'],CMake,12,59,60
25540,facebook/redex,https://github.com/facebook/redex/blob/97227e17413ad2fcd974e1a6958ae073eeb80349/cmake_modules/FindJsonCpp.cmake#L376,"# We already know that the target doesn't exist, let's make it.
# TODO don't know why we get errors like:
# error: 'JsonCpp::JsonCpp-NOTFOUND', needed by 'bin/osvr_json_to_c', missing and no known rule to make it
# when we do the imported target commented out below. So, instead, we make an interface
# target with an alias. Hmm.",['todo'],CMake,2,376,380
