repoIndex,repoName,linkLocation,comment,keywords,buildSysteminFile,charPosition,startLine,endLine
25555,diasurgical/devilutionx,https://github.com/diasurgical/devilutionx/blob/68d57bd2d742dd46799114dfb8a89a5888514837/CMake/functions/devilutionx_library.cmake#L74,"# Same as add_devilutionx_library(${NAME} OBJECT) with an additional
# workaround for https://gitlab.kitware.com/cmake/cmake/-/issues/18090,
# allowing this object library to be ""linked"" to other object libraries.",['workaround'],CMake,0,74,76
25555,diasurgical/devilutionx,https://github.com/diasurgical/devilutionx/blob/68d57bd2d742dd46799114dfb8a89a5888514837/CMake/platforms/gkd350h.cmake#L9,# GKD350h IPU scaler is broken at the moment,['broken'],CMake,0,9,9
25555,diasurgical/devilutionx,https://github.com/diasurgical/devilutionx/blob/68d57bd2d742dd46799114dfb8a89a5888514837/CMake/platforms/ios.toolchain.cmake#L166,"# Get the Xcode version being used.
# Problem: CMake runs toolchain files multiple times, but can't read cache variables on some runs.
# Workaround: On first run (in which cache variables are always accessible), set an intermediary environment variable.
#
# NOTE: This pattern is used i many places in this toolchain to speed up checks of all sorts",['workaround'],CMake,0,166,170
25555,diasurgical/devilutionx,https://github.com/diasurgical/devilutionx/blob/68d57bd2d742dd46799114dfb8a89a5888514837/CMake/platforms/ios.toolchain.cmake#L193,# Temporarily fix the arm64 issues in CMake install-combined by excluding arm64 for simulator builds (needed for Apple Silicon...),['fix'],CMake,2,193,193
25555,diasurgical/devilutionx,https://github.com/diasurgical/devilutionx/blob/68d57bd2d742dd46799114dfb8a89a5888514837/CMake/platforms/ios.toolchain.cmake#L229,# Fix for PThread library not in path,['fix'],CMake,0,229,229
25555,diasurgical/devilutionx,https://github.com/diasurgical/devilutionx/blob/68d57bd2d742dd46799114dfb8a89a5888514837/CMake/platforms/linux_i386.toolchain.cmake#L10,# Silly hack required to get the pkg-config path code to activate,"['hack', 'silly']",CMake,0,10,10
25555,diasurgical/devilutionx,https://github.com/diasurgical/devilutionx/blob/68d57bd2d742dd46799114dfb8a89a5888514837/CMake/platforms/mingwcc.toolchain.cmake#L7,# workaround,['workaround'],CMake,0,7,7
25555,diasurgical/devilutionx,https://github.com/diasurgical/devilutionx/blob/68d57bd2d742dd46799114dfb8a89a5888514837/CMake/platforms/mingwcc64.toolchain.cmake#L7,# workaround,['workaround'],CMake,0,7,7
25555,diasurgical/devilutionx,https://github.com/diasurgical/devilutionx/blob/68d57bd2d742dd46799114dfb8a89a5888514837/CMake/platforms/ctr/modules/FindCTRULIB.cmake#L10,"# DevkitPro paths are broken on windows, so we have to fix those","['fix', 'broken']",CMake,0,10,10
