repoIndex,repoName,linkLocation,comment,keywords,buildSysteminFile,charPosition,startLine,endLine
25554,mosra/magnum,https://github.com/mosra/magnum/blob/1925da0a7397581049b1b57e22f07162bd26b4a7/CMakeLists.txt#L257,"# TODO when CMake 3.22 can be relied on, clean this up to use a proper
# condition instead",['todo'],CMake,4,257,258
25554,mosra/magnum,https://github.com/mosra/magnum/blob/1925da0a7397581049b1b57e22f07162bd26b4a7/CMakeLists.txt#L281,"# TODO when CMake 3.22 can be relied on, clean this up to use a proper
# condition instead",['todo'],CMake,8,281,282
25554,mosra/magnum,https://github.com/mosra/magnum/blob/1925da0a7397581049b1b57e22f07162bd26b4a7/CMakeLists.txt#L294,"# TODO when CMake 3.22 can be relied on, clean this up to use a proper
# condition instead",['todo'],CMake,8,294,295
25554,mosra/magnum,https://github.com/mosra/magnum/blob/1925da0a7397581049b1b57e22f07162bd26b4a7/CMakeLists.txt#L307,"# TODO when CMake 3.22 can be relied on, clean this up to use a proper
# condition instead",['todo'],CMake,8,307,308
25554,mosra/magnum,https://github.com/mosra/magnum/blob/1925da0a7397581049b1b57e22f07162bd26b4a7/CMakeLists.txt#L360,"# The following variables need extra care -- mirroring what's done in
# cmake_dependent_option(), but only the cases that enable a dependency
# that is off by default, not cases that hide an option from the GUI when
# it's needed by something else or cases that disable and hide the option
# from the GUI on unsupported platforms. In other words, if the original
# user flag setup didn't make sense before but the option dependency fixed
# it, it'll be broken now, but if it made sense, it should keep working.
#
# Doing this before propagating the unprefixed options to avoid a
# false-positive warning when e.g. MAGNUM_BUILD_STATIC_PIC is implicitly ON
# but BUILD_STATIC_PIC not yet.",['broken'],CMake,4,360,370
25554,mosra/magnum,https://github.com/mosra/magnum/blob/1925da0a7397581049b1b57e22f07162bd26b4a7/CMakeLists.txt#L471,"# CMake has no comparison of boolean values (EQUAL returns false if
# comparing ON and 1 or OFF and FALSE, STREQUAL also), so we have
# to do it this way. Also warn only on the first encountered
# variable so people can fix it, reconfigure and go to the next one
# that warns.",['fix'],CMake,12,471,475
25554,mosra/magnum,https://github.com/mosra/magnum/blob/1925da0a7397581049b1b57e22f07162bd26b4a7/CMakeLists.txt#L481,"# If variables specified on the command line don't match any
# options, they're kept in cache but set as UNINITIALIZED, meaning
# they don't appear in cmake-gui or ccmake, so there's no way to
# fix the warning apart from hand-enditing the CMakeCache.txt or
# recreating the build dir. Update their cached type to be BOOL to
# make them appear.",['fix'],CMake,12,481,486
25554,mosra/magnum,https://github.com/mosra/magnum/blob/1925da0a7397581049b1b57e22f07162bd26b4a7/CMakeLists.txt#L492,"# CMake 3.5+ has deprecation warnings enabled by default (which makes
# sense), 3.4 not. Use a warning there instead.
# TODO: drop when 3.4 is not supported anymore",['todo'],CMake,8,492,494
25554,mosra/magnum,https://github.com/mosra/magnum/blob/1925da0a7397581049b1b57e22f07162bd26b4a7/CMakeLists.txt#L555,"# OpenGL library preference. Prefer to use GLVND, since that's the
# better approach nowadays, but allow the users to override it from
# outside in case it is broken for some reason (Nvidia drivers in
# Debian's testing (Buster) -- reported on 2019-04-09).",['broken'],CMake,8,555,558
25554,mosra/magnum,https://github.com/mosra/magnum/blob/1925da0a7397581049b1b57e22f07162bd26b4a7/doc/snippets/CMakeLists.txt#L41,"# TODO: give me INTERFACE_LINK_OPTIONS or something, please",['todo'],CMake,4,41,41
25554,mosra/magnum,https://github.com/mosra/magnum/blob/1925da0a7397581049b1b57e22f07162bd26b4a7/doc/snippets/CMakeLists.txt#L129,"# TODO: causes spurious linker errors on Travis iOS build, so I'm disabling it",['todo'],CMake,4,129,129
25554,mosra/magnum,https://github.com/mosra/magnum/blob/1925da0a7397581049b1b57e22f07162bd26b4a7/src/CMakeLists.txt#L40,"# Emscripten needs special flag to use WebGL 2. If we are on CMake 3.13 and up,
# `-s USE_WEBGL2=1` linker option is propagated from FindOpenGLES3.cmake
# already. If not (and the GL library is used), we need to modify the global
# CMAKE_EXE_LINKER_FLAGS.
# TODO since 1.39.19 it's possible to use `-sUSE_WEBGL2=1`, which can be then
#   passed via target_link_libraries() etc. without requiring CMake 3.13
#   https://github.com/emscripten-core/emscripten/blob/main/ChangeLog.md#13919-07072020
#   -- change to that once we drop support for older Emscripten versions",['todo'],CMake,0,40,47
25554,mosra/magnum,https://github.com/mosra/magnum/blob/1925da0a7397581049b1b57e22f07162bd26b4a7/src/Magnum/GL/CMakeLists.txt#L270,"# XCode workaround, see file comment for details",['workaround'],CMake,45,270,270
25554,mosra/magnum,https://github.com/mosra/magnum/blob/1925da0a7397581049b1b57e22f07162bd26b4a7/src/Magnum/GL/CMakeLists.txt#L321,"# XCode workaround, see file comment for details",['workaround'],CMake,49,321,321
25554,mosra/magnum,https://github.com/mosra/magnum/blob/1925da0a7397581049b1b57e22f07162bd26b4a7/src/Magnum/Platform/CMakeLists.txt#L46,"# List of libraries to link when using the MagnumPlatformObjects target
# TODO: use target_link_libraries() when we are on a CMake version that
# supports it (3.12?)",['todo'],CMake,4,46,48
25554,mosra/magnum,https://github.com/mosra/magnum/blob/1925da0a7397581049b1b57e22f07162bd26b4a7/src/Magnum/Platform/CMakeLists.txt#L101,"# On WebGL windowless apps don't use anything from EGL, only windowless
# do. On iOS it's EAGL, which isn't really EGL (and thus
# MAGNUM_TARGET_EGL isn't set), but we handle it inside EglContext as
# well. TODO make EaglContext for iOS to prepare for true EGL (such as
# with ANGLE or Zink)",['todo'],CMake,8,101,105
25554,mosra/magnum,https://github.com/mosra/magnum/blob/1925da0a7397581049b1b57e22f07162bd26b4a7/src/Magnum/Platform/CMakeLists.txt#L203,"# TODO: use MagnumPlatformObjects instead of ${MagnumPlatform_*} when
# CMake supports it",['todo'],CMake,4,203,204
25554,mosra/magnum,https://github.com/mosra/magnum/blob/1925da0a7397581049b1b57e22f07162bd26b4a7/src/Magnum/Platform/CMakeLists.txt#L246,"# Assuming that PIC is not needed because the Application lib is always
# linked to the executable and not to any intermediate shared lib
# TODO: use MagnumPlatformObjects instead of ${MagnumPlatform_*} when
# CMake supports it",['todo'],CMake,4,246,249
25554,mosra/magnum,https://github.com/mosra/magnum/blob/1925da0a7397581049b1b57e22f07162bd26b4a7/src/Magnum/Platform/CMakeLists.txt#L311,"# Assuming that PIC is not needed because the Application lib is always
# linked to the executable and not to any intermediate shared lib
# TODO: use MagnumPlatformObjects instead of ${MagnumPlatform_*} when
# CMake supports it",['todo'],CMake,4,311,314
25554,mosra/magnum,https://github.com/mosra/magnum/blob/1925da0a7397581049b1b57e22f07162bd26b4a7/src/Magnum/Platform/CMakeLists.txt#L770,"# XCode workaround, see file comment for details",['workaround'],CMake,49,770,770
25554,mosra/magnum,https://github.com/mosra/magnum/blob/1925da0a7397581049b1b57e22f07162bd26b4a7/src/Magnum/Platform/CMakeLists.txt#L812,"# XCode workaround, see file comment for details",['workaround'],CMake,49,812,812
25554,mosra/magnum,https://github.com/mosra/magnum/blob/1925da0a7397581049b1b57e22f07162bd26b4a7/src/Magnum/Platform/Test/CMakeLists.txt#L50,"# Test that the canvas and keylistener can be found with both the old
# and the new Emscripten target behaviors
# TODO: use target_link_options() once we can require CMake 3.13",['todo'],CMake,8,50,52
25554,mosra/magnum,https://github.com/mosra/magnum/blob/1925da0a7397581049b1b57e22f07162bd26b4a7/src/Magnum/Platform/Test/CMakeLists.txt#L68,# TODO: use target_link_options() once we can require CMake 3.13,['todo'],CMake,8,68,68
25554,mosra/magnum,https://github.com/mosra/magnum/blob/1925da0a7397581049b1b57e22f07162bd26b4a7/src/Magnum/Shaders/Test/CMakeLists.txt#L38,"# There's an underscore between GL and Test to disambiguate from GLTest, which
# is a common suffix used to mark tests that need a GL context. Ugly, I know.",['ugly'],CMake,0,38,39
25554,mosra/magnum,https://github.com/mosra/magnum/blob/1925da0a7397581049b1b57e22f07162bd26b4a7/src/Magnum/TextureTools/Test/CMakeLists.txt#L59,# TODO: do this in a generic way in corrade_add_test(),['todo'],CMake,8,59,59
25554,mosra/magnum,https://github.com/mosra/magnum/blob/1925da0a7397581049b1b57e22f07162bd26b4a7/src/Magnum/Vk/Test/CMakeLists.txt#L106,"# XCode workaround, see file comment for details",['workaround'],CMake,40,106,106
25554,mosra/magnum,https://github.com/mosra/magnum/blob/1925da0a7397581049b1b57e22f07162bd26b4a7/src/Magnum/Vk/Test/CMakeLists.txt#L115,"# XCode workaround, see file comment for details",['workaround'],CMake,44,115,115
25554,mosra/magnum,https://github.com/mosra/magnum/blob/1925da0a7397581049b1b57e22f07162bd26b4a7/src/Magnum/Vk/Test/CMakeLists.txt#L122,"# XCode workaround, see file comment for details",['workaround'],CMake,44,122,122
25554,mosra/magnum,https://github.com/mosra/magnum/blob/1925da0a7397581049b1b57e22f07162bd26b4a7/src/Magnum/Vk/Test/CMakeLists.txt#L129,"# XCode workaround, see file comment for details",['workaround'],CMake,44,129,129
25554,mosra/magnum,https://github.com/mosra/magnum/blob/1925da0a7397581049b1b57e22f07162bd26b4a7/src/Magnum/Vk/Test/CMakeLists.txt#L136,"# XCode workaround, see file comment for details",['workaround'],CMake,44,136,136
25554,mosra/magnum,https://github.com/mosra/magnum/blob/1925da0a7397581049b1b57e22f07162bd26b4a7/src/MagnumPlugins/MagnumFont/CMakeLists.txt#L27,"# TODO: remove (and update all other docs) when we have better
# createGlyphCache() APIs",['todo'],CMake,4,27,28
25554,mosra/magnum,https://github.com/mosra/magnum/blob/1925da0a7397581049b1b57e22f07162bd26b4a7/src/debuggers/CMakeLists.txt#L27,# TODO: same TODOs as in corrade/src/debuggers/CMakeLists.txt apply here,['todo'],CMake,0,27,27
25554,mosra/magnum,https://github.com/mosra/magnum/blob/1925da0a7397581049b1b57e22f07162bd26b4a7/modules/FindCorrade.cmake#L301,"# We need to open configure.h file from CORRADE_INCLUDE_DIR before we check for
# the components. Bail out with proper error message if it wasn't found. The
# complete check with all components is further below.",['bail out'],CMake,0,301,303
25554,mosra/magnum,https://github.com/mosra/magnum/blob/1925da0a7397581049b1b57e22f07162bd26b4a7/modules/FindCorrade.cmake#L588,"# Otherwise, if it's not among implicitly built components, hint that
# the user may need to enable it.
# TODO: currently, the _FOUND variable doesn't reflect if dependencies
#   were found. When it will, this needs to be updated to avoid
#   misleading messages.",['todo'],CMake,8,588,592
25554,mosra/magnum,https://github.com/mosra/magnum/blob/1925da0a7397581049b1b57e22f07162bd26b4a7/modules/FindGLFW.cmake#L109,# TODO: debug?,['todo'],CMake,4,109,109
25554,mosra/magnum,https://github.com/mosra/magnum/blob/1925da0a7397581049b1b57e22f07162bd26b4a7/modules/FindMagnum.cmake#L253,"# We need to open configure.h file from MAGNUM_INCLUDE_DIR before we check for
# the components. Bail out with proper error message if it wasn't found. The
# complete check with all components is further below.",['bail out'],CMake,0,253,255
25554,mosra/magnum,https://github.com/mosra/magnum/blob/1925da0a7397581049b1b57e22f07162bd26b4a7/modules/FindMagnum.cmake#L300,"# OpenGL library preference. Prefer to use GLVND, since that's the better
# approach nowadays, but allow the users to override it from outside in case
# it is broken for some reason (Nvidia drivers in Debian's testing (Buster) --
# reported on 2019-04-09).",['broken'],CMake,0,300,303
25554,mosra/magnum,https://github.com/mosra/magnum/blob/1925da0a7397581049b1b57e22f07162bd26b4a7/modules/FindMagnum.cmake#L654,"# Something unknown, skip. FPHSA will take care of handling this below.",['take care'],CMake,8,654,654
25554,mosra/magnum,https://github.com/mosra/magnum/blob/1925da0a7397581049b1b57e22f07162bd26b4a7/modules/FindMagnum.cmake#L1042,"# TODO since 1.39.19 it's possible to use `-sUSE_WEBGL2=1`, which can be
#   then passed via target_link_libraries() etc. without requiring CMake
#   3.13: https://github.com/emscripten-core/emscripten/blob/main/ChangeLog.md#13919-07072020
#   -- change to that once we drop support for older Emscripten versions",['todo'],CMake,4,1042,1045
25554,mosra/magnum,https://github.com/mosra/magnum/blob/1925da0a7397581049b1b57e22f07162bd26b4a7/modules/FindMagnum.cmake#L1066,"# Otherwise, if it's not among implicitly built components, hint that
# the user may need to enable it
# TODO: currently, the _FOUND variable doesn't reflect if dependencies
#   were found. When it will, this needs to be updated to avoid
#   misleading messages.",['todo'],CMake,8,1066,1070
25554,mosra/magnum,https://github.com/mosra/magnum/blob/1925da0a7397581049b1b57e22f07162bd26b4a7/modules/FindMagnum.cmake#L1102,"# Create Windowless*Application, *Application and *Context aliases
# TODO: ugh why can't I make an alias of IMPORTED target?",['todo'],CMake,0,1102,1103
25554,mosra/magnum,https://github.com/mosra/magnum/blob/1925da0a7397581049b1b57e22f07162bd26b4a7/modules/FindOpenAL.cmake#L88,"# Just to make FPHSA print some meaningful location, nothing else.
# Fortunately because of the INTERFACE_INCLUDE_DIRECTORIES workaround above
# we can have the same handling both in case of an imported target and a
# CMake subproject.",['workaround'],CMake,4,88,91
25554,mosra/magnum,https://github.com/mosra/magnum/blob/1925da0a7397581049b1b57e22f07162bd26b4a7/modules/FindOpenAL.cmake#L148,# TODO: debug?,['todo'],CMake,4,148,148
25554,mosra/magnum,https://github.com/mosra/magnum/blob/1925da0a7397581049b1b57e22f07162bd26b4a7/modules/FindOpenGLES3.cmake#L82,"# Emscripten needs a special flag to use WebGL 2. CMake 3.13 allows to set
# this via INTERFACE_LINK_OPTIONS, for older versions we modify the global
# CMAKE_EXE_LINKER_FLAGS inside FindMagnum.cmake.
# TODO since 1.39.19 it's possible to use `-sUSE_WEBGL2=1`, which can be
#   then passed via target_link_libraries() etc. without requiring CMake
#   3.13: https://github.com/emscripten-core/emscripten/blob/main/ChangeLog.md#13919-07072020
#   -- change to that once we drop support for older Emscripten versions",['todo'],CMake,4,82,88
25554,mosra/magnum,https://github.com/mosra/magnum/blob/1925da0a7397581049b1b57e22f07162bd26b4a7/modules/FindSDL2.cmake#L61,"# Just to make FPHSA print some meaningful location, nothing else. Not
# using the INTERFACE_INCLUDE_DIRECTORIES as that contains
# $<BUILD_INTERFACE and looks ugly in the output. Funnily enough, the
# BUILD_INTERFACE thing works here without having to override it with
# custom-found paths like I do in FindAssimp and elsewhere. Needs further
# investigation.",['ugly'],CMake,4,61,66
