repoIndex,repoName,linkLocation,comment,keywords,buildSysteminFile,charPosition,startLine,endLine
25580,blazingdb/blazingsql,https://github.com/blazingdb/blazingsql/blob/a35643d4c983334757eee96d5b9005b8b9fbd21b/algebra/blazingdb-calcite-core/pom.xml#L109,"<!-- CALCITE-538: workaround for https://github.com/freemarker/fmpp/issues/11 
				FMPP always overwrites destination file, however we do not want recompile 
				the whole module every time. -->",['workaround'],Maven,3,109,111
25580,blazingdb/blazingsql,https://github.com/blazingdb/blazingsql/blob/a35643d4c983334757eee96d5b9005b8b9fbd21b/engine/CMakeLists.txt#L75,"# set warnings as errors
# TODO: remove `no-maybe-unitialized` used to suppress warnings in rmm::exec_policy
# NOTE felipe percy these flags are too strict for blazingsql: -Werror,",['todo'],CMake,0,75,77
25580,blazingdb/blazingsql,https://github.com/blazingdb/blazingsql/blob/a35643d4c983334757eee96d5b9005b8b9fbd21b/engine/CMakeLists.txt#L98,# To apply RUNPATH to transitive dependencies (this is a temporary solution),['temporary solution'],CMake,0,98,98
25580,blazingdb/blazingsql,https://github.com/blazingdb/blazingsql/blob/a35643d4c983334757eee96d5b9005b8b9fbd21b/engine/CMakeLists.txt#L185,"# TODO jp mario c.gonzales we must use find here!
#find_package(spdlog REQUIRED)",['todo'],CMake,0,185,186
25580,blazingdb/blazingsql,https://github.com/blazingdb/blazingsql/blob/a35643d4c983334757eee96d5b9005b8b9fbd21b/engine/CMakeLists.txt#L214,# TODO percy move this to tool-chain and add support for cuda def and more than 1 defs,['todo'],CMake,0,214,214
25580,blazingdb/blazingsql,https://github.com/blazingdb/blazingsql/blob/a35643d4c983334757eee96d5b9005b8b9fbd21b/engine/CMakeLists.txt#L237,"# TODO percy in case we need custom mysql transformer
#${PROJECT_SOURCE_DIR}/src/io/data_provider/sql/compatibility/MySQLTransformer.cpp",['todo'],CMake,8,237,238
25580,blazingdb/blazingsql,https://github.com/blazingdb/blazingsql/blob/a35643d4c983334757eee96d5b9005b8b9fbd21b/engine/CMakeLists.txt#L250,"# TODO percy c.gonzales
#${PROJECT_SOURCE_DIR}/src/io/data_provider/sql/compatibility/SQLiteTransformer.cpp",['todo'],CMake,8,250,251
25580,blazingdb/blazingsql,https://github.com/blazingdb/blazingsql/blob/a35643d4c983334757eee96d5b9005b8b9fbd21b/engine/CMakeLists.txt#L261,# TODO postgresql percy c.gonzales,['todo'],CMake,4,261,261
25580,blazingdb/blazingsql,https://github.com/blazingdb/blazingsql/blob/a35643d4c983334757eee96d5b9005b8b9fbd21b/engine/CMakeLists.txt#L264,"# TODO percy c.gonzales
#${PROJECT_SOURCE_DIR}/src/io/data_provider/sql/compatibility/PostgreSQLTransformer.cpp",['todo'],CMake,8,264,265
25580,blazingdb/blazingsql,https://github.com/blazingdb/blazingsql/blob/a35643d4c983334757eee96d5b9005b8b9fbd21b/engine/CMakeLists.txt#L412,"# TODO jp c.gonzales make use of standard cmake find_package here (see above)
#spdlog::spdlog",['todo'],CMake,4,412,413
25580,blazingdb/blazingsql,https://github.com/blazingdb/blazingsql/blob/a35643d4c983334757eee96d5b9005b8b9fbd21b/engine/CMakeLists.txt#L419,# TODO percy use cmake::find,['todo'],CMake,4,419,419
25580,blazingdb/blazingsql,https://github.com/blazingdb/blazingsql/blob/a35643d4c983334757eee96d5b9005b8b9fbd21b/engine/tests/CMakeLists.txt#L57,"# TODO jp c.gonzales make use of standard cmake find_package here (see above)
#spdlog::spdlog",['todo'],CMake,8,57,58
25580,blazingdb/blazingsql,https://github.com/blazingdb/blazingsql/blob/a35643d4c983334757eee96d5b9005b8b9fbd21b/engine/tests/CMakeLists.txt#L63,# TODO percy use cmake::find,['todo'],CMake,8,63,63
25580,blazingdb/blazingsql,https://github.com/blazingdb/blazingsql/blob/a35643d4c983334757eee96d5b9005b8b9fbd21b/engine/tests/provider/CMakeLists.txt#L13,# TODO percy c.gonzales add separated tests and add parser tests too,['todo'],CMake,0,13,13
25580,blazingdb/blazingsql,https://github.com/blazingdb/blazingsql/blob/a35643d4c983334757eee96d5b9005b8b9fbd21b/io/CMakeLists.txt#L71,# TODO percy jp mario we don't need curl unless we use the storages,['todo'],CMake,0,71,71
25580,blazingdb/blazingsql,https://github.com/blazingdb/blazingsql/blob/a35643d4c983334757eee96d5b9005b8b9fbd21b/io/tests/CMakeLists.txt#L50,# TODO percy fix tests,"['fix', 'todo']",CMake,0,50,50
25580,blazingdb/blazingsql,https://github.com/blazingdb/blazingsql/blob/a35643d4c983334757eee96d5b9005b8b9fbd21b/io/tests/FileSystem/FileSystemManagerTest/CMakeLists.txt#L6,"#TODO
#WARNING this test depends on all simplicity libs, this is not good we need to find a way to don't use config module in fs module
#TODO rerty delay config can be a connection arg for local file systems",['todo'],CMake,0,6,8
25580,blazingdb/blazingsql,https://github.com/blazingdb/blazingsql/blob/a35643d4c983334757eee96d5b9005b8b9fbd21b/io/tests/FileSystem/LocalFileSystemTest/CMakeLists.txt#L6,"#TODO
#WARNING this test depends on all simplicity libs, this is not good we need to find a way to don't use config module in fs module
#TODO rerty delay config can be a connection arg for local file systems",['todo'],CMake,0,6,8
