repoIndex,repoName,linkLocation,comment,keywords,buildSysteminFile,charPosition,startLine,endLine
25594,zilliqa/zilliqa,https://github.com/zilliqa/zilliqa/blob/8ca0ee17d4372d07a61c3fffcaa712a5b425e364/CMakeLists.txt#L104,#TODO: upgrade to OpenSSL 1.1.1a,['todo'],CMake,8,104,104
25594,zilliqa/zilliqa,https://github.com/zilliqa/zilliqa/blob/8ca0ee17d4372d07a61c3fffcaa712a5b425e364/CMakeLists.txt#L110,"#TODO: upgrade to OpenSSL 1.1.1a
# include(InstallOpenSSL)
# set(OPENSSL_USE_STATIC_LIBS TRUE)
# set(OPENSSL_ROOT_DIR ${CMAKE_BINARY_DIR}/openssl)",['todo'],CMake,4,110,113
25594,zilliqa/zilliqa,https://github.com/zilliqa/zilliqa/blob/8ca0ee17d4372d07a61c3fffcaa712a5b425e364/CMakeLists.txt#L116,#TODO: upgrade to OpenSSL 1.1.1a,['todo'],CMake,0,116,116
25594,zilliqa/zilliqa,https://github.com/zilliqa/zilliqa/blob/8ca0ee17d4372d07a61c3fffcaa712a5b425e364/CMakeLists.txt#L328,# TODO: remove the hardcoded number in -j option,['todo'],CMake,4,328,328
25594,zilliqa/zilliqa,https://github.com/zilliqa/zilliqa/blob/8ca0ee17d4372d07a61c3fffcaa712a5b425e364/src/depends/libethash-cl/CMakeLists.txt#L5,#TODO: clean up the copy&pasting here,['todo'],CMake,0,5,5
25594,zilliqa/zilliqa,https://github.com/zilliqa/zilliqa/blob/8ca0ee17d4372d07a61c3fffcaa712a5b425e364/tests/CMakeLists.txt#L26,"#FIXME: constants.xml is not used for local_run, thus shouldn't be copied
# presently, it's a workaround to silence the error thrown by tests_zilliqa_local.py","['fixme', 'workaround']",CMake,0,26,27
25594,zilliqa/zilliqa,https://github.com/zilliqa/zilliqa/blob/8ca0ee17d4372d07a61c3fffcaa712a5b425e364/tests/Persistence/CMakeLists.txt#L35,#FIXME: built but not enabled,['fixme'],CMake,0,35,35
25594,zilliqa/zilliqa,https://github.com/zilliqa/zilliqa/blob/8ca0ee17d4372d07a61c3fffcaa712a5b425e364/tests/depends/Trie/CMakeLists.txt#L3,"# TODO: This UnitTest used to be disabled, try to enable those commented parts by fixing the compilation errors",['todo'],CMake,0,3,3
25594,zilliqa/zilliqa,https://github.com/zilliqa/zilliqa/blob/8ca0ee17d4372d07a61c3fffcaa712a5b425e364/CMakeGraphVizOptions.cmake#L1,#TODO move this file out of the project root,['todo'],CMake,0,1,1
25594,zilliqa/zilliqa,https://github.com/zilliqa/zilliqa/blob/8ca0ee17d4372d07a61c3fffcaa712a5b425e364/cmake/FindMHD.cmake#L23,"# debug library on windows
# same naming convention as in qt (appending debug library with d)
# boost is using the same ""hack"" as us with ""optimized"" and ""debug""
# official MHD project actually uses _d suffix",['hack'],CMake,0,23,26
25594,zilliqa/zilliqa,https://github.com/zilliqa/zilliqa/blob/8ca0ee17d4372d07a61c3fffcaa712a5b425e364/cmake/InstallOpenSSL.cmake#L29,#TODO: add no-shared to avoid build dynamic libraries,['todo'],CMake,4,29,29
25594,zilliqa/zilliqa,https://github.com/zilliqa/zilliqa/blob/8ca0ee17d4372d07a61c3fffcaa712a5b425e364/cmake/LLVMExtraTools.cmake#L97,"# a workaround to exclude the third-party headers in 'src/depends'
# This is a known issue https://reviews.llvm.org/D34654",['workaround'],CMake,0,97,98
