repoIndex,repoName,linkLocation,comment,keywords,buildSysteminFile,charPosition,startLine,endLine
25622,secure-software-engineering/phasar,https://github.com/secure-software-engineering/phasar/blob/374b76ed3b610830fed9dc0cdbc8d757b78443ab/CMakeLists.txt#L40,"# TODO: allow Phasar to be build as a llvm drop-in as well
# if (NOT DEFINED LLVM_MAIN_SRC_DIR)
#  message(FATAL_ERROR ""Phasar is not a llvm drop-in, abort!"")
# endif()",['todo'],CMake,0,40,43
25622,secure-software-engineering/phasar,https://github.com/secure-software-engineering/phasar/blob/374b76ed3b610830fed9dc0cdbc8d757b78443ab/CMakeLists.txt#L135,"# We need to work around the behavior of nlohmann_json_schema_validator and nlohmann_json here
# The validator needs the json part, but if you include it, the library of nlohmann_json_schema_validator
# is not installed, leading to linker error. But just including nlohmann_json is not sufficient, as
# in the installed state the nlohmann_json_schema_validator needs the nlohmann_json package which needs
# to be installed.
# The following workaround may collapse or become unnecessary once the issue is
# changed or fixed in nlohmann_json_schema_validator.",['workaround'],CMake,0,135,141
25622,secure-software-engineering/phasar,https://github.com/secure-software-engineering/phasar/blob/374b76ed3b610830fed9dc0cdbc8d757b78443ab/CMakeLists.txt#L325,# Install the gtest header files (TODO this installation dependency should be eliminated),['todo'],CMake,0,325,325
