repoIndex,repoName,linkLocation,comment,keywords,buildSysteminFile,charPosition,startLine,endLine
25743,xcfem/xc,https://github.com/xcfem/xc/blob/3bfe6463ca9971b339763a63d21b4052e8710a3c/CMake/FindMySQL.cmake#L36,"# 
# XXX NOTE: This is not yet for general use.  I'm pretty sure there
# are other libraries I have to link against at the same time.
#",['xxx'],CMake,0,36,39
25743,xcfem/xc,https://github.com/xcfem/xc/blob/3bfe6463ca9971b339763a63d21b4052e8710a3c/CMake/FindSuiteSparse.cmake#L511,"# Determine if we are running on Ubuntu with the package install of SuiteSparse
# which is broken and does not support linking a shared library.",['broken'],CMake,0,511,512
25743,xcfem/xc,https://github.com/xcfem/xc/blob/3bfe6463ca9971b339763a63d21b4052e8710a3c/CMake/FindSuiteSparse.cmake#L527,"# We are on Ubuntu, and the SuiteSparse version matches the broken
# system install version and is a system install.",['broken'],CMake,6,527,528
25743,xcfem/xc,https://github.com/xcfem/xc/blob/3bfe6463ca9971b339763a63d21b4052e8710a3c/CMake/GetGitRevisionDescription.cmake#L122,"# TODO sanitize
#if((${ARGN}"" MATCHES ""&&"") OR
#	(ARGN MATCHES ""||"") OR
#	(ARGN MATCHES ""\\;""))
#	message(""Please report the following error to the project!"")
#	message(FATAL_ERROR ""Looks like someone's doing something nefarious with git_describe! Passed arguments ${ARGN}"")
#endif()",['todo'],CMake,1,122,128
