repoIndex,repoName,linkLocation,comment,keywords,buildSysteminFile,charPosition,startLine,endLine
25755,openmd/openmd,https://github.com/openmd/openmd/blob/39d92a42515d0e4a72c29b075b6d673fc6a47511/cmake/modules/FindPythonPackage.cmake#L1,"# FIXME: Remove the code for CMake <3.12 once we have switched over completely.
# FindPython3 is a new module since CMake 3.12. It deprecates FindPythonInterp and FindPythonLibs.",['fixme'],CMake,0,1,2
25755,openmd/openmd,https://github.com/openmd/openmd/blob/39d92a42515d0e4a72c29b075b6d673fc6a47511/cmake/modules/GetGitRevisionDescription.cmake#L103,"# TODO sanitize
#if((${ARGN}"" MATCHES ""&&"") OR
#	(ARGN MATCHES ""||"") OR
#	(ARGN MATCHES ""\\;""))
#	message(""Please report the following error to the project!"")
#	message(FATAL_ERROR ""Looks like someone's doing something nefarious with git_describe! Passed arguments ${ARGN}"")
#endif()",['todo'],CMake,1,103,109
