repoIndex,repoName,linkLocation,comment,keywords,buildSysteminFile,charPosition,startLine,endLine
25781,diligentgraphics/diligenttools,https://github.com/diligentgraphics/diligenttools/blob/8075faf1bcb921f53cdfad35045b468b8aad8811/ThirdParty/libjpeg-9a/configure.ac#L16,# Hack: disable autoheader so that it doesn't overwrite our cfg template.,['hack'],Autotool,0,16,16
25781,diligentgraphics/diligenttools,https://github.com/diligentgraphics/diligenttools/blob/8075faf1bcb921f53cdfad35045b468b8aad8811/ThirdParty/libjpeg-9a/configure.ac#L188,# Check for non-broken inline under various spellings,['broken'],Autotool,0,188,188
25781,diligentgraphics/diligenttools,https://github.com/diligentgraphics/diligenttools/blob/8075faf1bcb921f53cdfad35045b468b8aad8811/ThirdParty/libjpeg-9a/aclocal.m4#L2144,"# FIXME - insert some real tests, host_os isn't really good enough",['fixme'],Autotool,0,2144,2144
25781,diligentgraphics/diligenttools,https://github.com/diligentgraphics/diligenttools/blob/8075faf1bcb921f53cdfad35045b468b8aad8811/ThirdParty/libjpeg-9a/aclocal.m4#L2433,"# FIXME: find the short name or the path components, as spaces are
# common. (e.g. ""Program Files"" -> ""PROGRA~1"")",['fixme'],Autotool,6,2433,2434
25781,diligentgraphics/diligenttools,https://github.com/diligentgraphics/diligenttools/blob/8075faf1bcb921f53cdfad35045b468b8aad8811/ThirdParty/libjpeg-9a/aclocal.m4#L2457,# FIXME: first we should search . and the directory the executable is in,['fixme'],Autotool,2,2457,2457
25781,diligentgraphics/diligenttools,https://github.com/diligentgraphics/diligenttools/blob/8075faf1bcb921f53cdfad35045b468b8aad8811/ThirdParty/libjpeg-9a/aclocal.m4#L2486,"# DragonFly does not have aout.  When/if they implement a new
# versioning mechanism, adjust this.",['implement'],Autotool,2,2486,2487
25781,diligentgraphics/diligenttools,https://github.com/diligentgraphics/diligenttools/blob/8075faf1bcb921f53cdfad35045b468b8aad8811/ThirdParty/libjpeg-9a/aclocal.m4#L2692,"# We used to test for /lib/ld.so.1 and disable shared libraries on
# powerpc, because MkLinux only supported shared libraries with the
# GNU dynamic linker.  Since this was broken with cross compilers,
# most powerpc-linux boxes support dynamic linking these days and
# people can always --disable-shared, the test was removed, and we
# assume the GNU/Linux dynamic linker is in use.",['broken'],Autotool,2,2692,2697
25781,diligentgraphics/diligenttools,https://github.com/diligentgraphics/diligenttools/blob/8075faf1bcb921f53cdfad35045b468b8aad8811/ThirdParty/libjpeg-9a/aclocal.m4#L3910,"# FIXME: we need at least 68020 code to build shared libraries, but
# adding the `-m68020' flag to GCC prevents building anything better,
# like `-m68040'.",['fixme'],Autotool,12,3910,3912
25781,diligentgraphics/diligenttools,https://github.com/diligentgraphics/diligenttools/blob/8075faf1bcb921f53cdfad35045b468b8aad8811/ThirdParty/libjpeg-9a/aclocal.m4#L3922,"# This hack is so that the source file can tell whether it is being
# built for inclusion in a dll (and should export symbols for example).
# Although the cygwin gcc ignores -fPIC, still need this for old-style
# (--disable-auto-import) libraries",['hack'],Autotool,6,3922,3925
25781,diligentgraphics/diligenttools,https://github.com/diligentgraphics/diligenttools/blob/8075faf1bcb921f53cdfad35045b468b8aad8811/ThirdParty/libjpeg-9a/aclocal.m4#L3939,"# PIC is the default for Haiku.
# The ""-static"" flag exists, but is broken.",['broken'],Autotool,6,3939,3940
25781,diligentgraphics/diligenttools,https://github.com/diligentgraphics/diligenttools/blob/8075faf1bcb921f53cdfad35045b468b8aad8811/ThirdParty/libjpeg-9a/aclocal.m4#L3944,"# Interix 3.x gcc -fpic/-fPIC options generate broken code.
# Instead, we relocate shared libraries at runtime.",['broken'],Autotool,6,3944,3945
25781,diligentgraphics/diligenttools,https://github.com/diligentgraphics/diligenttools/blob/8075faf1bcb921f53cdfad35045b468b8aad8811/ThirdParty/libjpeg-9a/aclocal.m4#L3993,"# This hack is so that the source file can tell whether it is being
# built for inclusion in a dll (and should export symbols for example).",['hack'],Autotool,1,3993,3994
25781,diligentgraphics/diligenttools,https://github.com/diligentgraphics/diligenttools/blob/8075faf1bcb921f53cdfad35045b468b8aad8811/ThirdParty/libjpeg-9a/aclocal.m4#L4227,"# FIXME: we need at least 68020 code to build shared libraries, but
# adding the `-m68020' flag to GCC prevents building anything better,
# like `-m68040'.",['fixme'],Autotool,12,4227,4229
25781,diligentgraphics/diligenttools,https://github.com/diligentgraphics/diligenttools/blob/8075faf1bcb921f53cdfad35045b468b8aad8811/ThirdParty/libjpeg-9a/aclocal.m4#L4240,"# This hack is so that the source file can tell whether it is being
# built for inclusion in a dll (and should export symbols for example).
# Although the cygwin gcc ignores -fPIC, still need this for old-style
# (--disable-auto-import) libraries",['hack'],Autotool,6,4240,4243
25781,diligentgraphics/diligenttools,https://github.com/diligentgraphics/diligenttools/blob/8075faf1bcb921f53cdfad35045b468b8aad8811/ThirdParty/libjpeg-9a/aclocal.m4#L4255,"# PIC is the default for Haiku.
# The ""-static"" flag exists, but is broken.",['broken'],Autotool,6,4255,4256
25781,diligentgraphics/diligenttools,https://github.com/diligentgraphics/diligenttools/blob/8075faf1bcb921f53cdfad35045b468b8aad8811/ThirdParty/libjpeg-9a/aclocal.m4#L4275,"# Interix 3.x gcc -fpic/-fPIC options generate broken code.
# Instead, we relocate shared libraries at runtime.",['broken'],Autotool,6,4275,4276
25781,diligentgraphics/diligenttools,https://github.com/diligentgraphics/diligenttools/blob/8075faf1bcb921f53cdfad35045b468b8aad8811/ThirdParty/libjpeg-9a/aclocal.m4#L4325,"# This hack is so that the source file can tell whether it is being
# built for inclusion in a dll (and should export symbols for example).",['hack'],Autotool,6,4325,4326
25781,diligentgraphics/diligenttools,https://github.com/diligentgraphics/diligenttools/blob/8075faf1bcb921f53cdfad35045b468b8aad8811/ThirdParty/libjpeg-9a/aclocal.m4#L4715,"# On AIX/PPC, the GNU linker is very broken",['broken'],Autotool,6,4715,4715
25781,diligentgraphics/diligenttools,https://github.com/diligentgraphics/diligenttools/blob/8075faf1bcb921f53cdfad35045b468b8aad8811/ThirdParty/libjpeg-9a/aclocal.m4#L4794,"# Hack: On Interix 3.x, we cannot compile PIC because of a broken gcc.
# Instead, shared libraries are loaded at an image base (0x10000000 by
# default) and relocated if they conflict, which is a slow very memory
# consuming and fragmenting process.  To avoid this, we pick a random,
# 256 KiB-aligned image base between 0x50000000 and 0x6FFC0000 at link
# time.  Moving up from 0x10000000 also allows more sbrk(2) space.","['hack', 'broken']",Autotool,6,4794,4799
25781,diligentgraphics/diligenttools,https://github.com/diligentgraphics/diligenttools/blob/8075faf1bcb921f53cdfad35045b468b8aad8811/ThirdParty/libjpeg-9a/aclocal.m4#L4974,"# Neither direct hardcoding nor static linking is supported with a
# broken collect2.",['broken'],Autotool,1,4974,4975
25781,diligentgraphics/diligenttools,https://github.com/diligentgraphics/diligenttools/blob/8075faf1bcb921f53cdfad35045b468b8aad8811/ThirdParty/libjpeg-9a/aclocal.m4#L5016,"# When large executables or shared objects are built, AIX ld can
# have problems creating the table of contents.  If linking a library
# or program results in ""error TOC overflow"" add -mminimal-toc to
# CXXFLAGS/CFLAGS for g++/gcc.  In the cases where that is not
# enough to fix the problem, add -Wl,-bbigtoc to LDFLAGS.",['fix'],Autotool,6,5016,5020
25781,diligentgraphics/diligenttools,https://github.com/diligentgraphics/diligenttools/blob/8075faf1bcb921f53cdfad35045b468b8aad8811/ThirdParty/libjpeg-9a/aclocal.m4#L5031,"# We only want to do this on AIX 4.2 and lower, the check
# below for broken collect2 doesn't work under 4.3+",['broken'],Autotool,1,5031,5032
25781,diligentgraphics/diligenttools,https://github.com/diligentgraphics/diligenttools/blob/8075faf1bcb921f53cdfad35045b468b8aad8811/ThirdParty/libjpeg-9a/aclocal.m4#L5075,"# Warning - without using the other runtime loading flags (-brtl),
# -berok will link without error, but may produce a broken library.",['broken'],Autotool,1,5075,5076
25781,diligentgraphics/diligenttools,https://github.com/diligentgraphics/diligenttools/blob/8075faf1bcb921f53cdfad35045b468b8aad8811/ThirdParty/libjpeg-9a/aclocal.m4#L5093,"# Warning - without using the other run time loading flags,
# -berok will link without error, but may produce a broken library.",['broken'],Autotool,3,5093,5094
25781,diligentgraphics/diligenttools,https://github.com/diligentgraphics/diligenttools/blob/8075faf1bcb921f53cdfad35045b468b8aad8811/ThirdParty/libjpeg-9a/aclocal.m4#L5146,# FIXME: Setting linknames here is a bad hack.,"['hack', 'fixme']",Autotool,1,5146,5146
25781,diligentgraphics/diligenttools,https://github.com/diligentgraphics/diligenttools/blob/8075faf1bcb921f53cdfad35045b468b8aad8811/ThirdParty/libjpeg-9a/aclocal.m4#L5184,# FIXME: Setting linknames here is a bad hack.,"['hack', 'fixme']",Autotool,1,5184,5184
25781,diligentgraphics/diligenttools,https://github.com/diligentgraphics/diligenttools/blob/8075faf1bcb921f53cdfad35045b468b8aad8811/ThirdParty/libjpeg-9a/aclocal.m4#L5623,# FIXME: we may have to deal with multi-command sequences.,['fixme'],Autotool,6,5623,5623
25781,diligentgraphics/diligenttools,https://github.com/diligentgraphics/diligenttools/blob/8075faf1bcb921f53cdfad35045b468b8aad8811/ThirdParty/libjpeg-9a/aclocal.m4#L5736,"dnl FIXME: Not yet implemented
dnl _LT_TAGDECL([], [thread_safe_flag_spec], [1],
dnl    [Compiler flag to generate thread safe objects])",['fixme'],Autotool,0,5736,5738
25781,diligentgraphics/diligenttools,https://github.com/diligentgraphics/diligenttools/blob/8075faf1bcb921f53cdfad35045b468b8aad8811/ThirdParty/libjpeg-9a/aclocal.m4#L5938,"# If archive_cmds runs LD, not CC, wlarc should be empty
# XXX I think wlarc can be eliminated in ltcf-cxx, but I need to
#     investigate it a little bit more. (MM)",['xxx'],Autotool,8,5938,5940
25781,diligentgraphics/diligenttools,https://github.com/diligentgraphics/diligenttools/blob/8075faf1bcb921f53cdfad35045b468b8aad8811/ThirdParty/libjpeg-9a/aclocal.m4#L5978,# FIXME: insert proper C++ library support,['fixme'],Autotool,8,5978,5978
25781,diligentgraphics/diligenttools,https://github.com/diligentgraphics/diligenttools/blob/8075faf1bcb921f53cdfad35045b468b8aad8811/ThirdParty/libjpeg-9a/aclocal.m4#L6010,"# When large executables or shared objects are built, AIX ld can
# have problems creating the table of contents.  If linking a library
# or program results in ""error TOC overflow"" add -mminimal-toc to
# CXXFLAGS/CFLAGS for g++/gcc.  In the cases where that is not
# enough to fix the problem, add -Wl,-bbigtoc to LDFLAGS.",['fix'],Autotool,8,6010,6014
25781,diligentgraphics/diligenttools,https://github.com/diligentgraphics/diligenttools/blob/8075faf1bcb921f53cdfad35045b468b8aad8811/ThirdParty/libjpeg-9a/aclocal.m4#L6025,"# We only want to do this on AIX 4.2 and lower, the check
# below for broken collect2 doesn't work under 4.3+",['broken'],Autotool,10,6025,6026
25781,diligentgraphics/diligenttools,https://github.com/diligentgraphics/diligenttools/blob/8075faf1bcb921f53cdfad35045b468b8aad8811/ThirdParty/libjpeg-9a/aclocal.m4#L6069,"# Warning - without using the other runtime loading flags (-brtl),
# -berok will link without error, but may produce a broken library.",['broken'],Autotool,10,6069,6070
25781,diligentgraphics/diligenttools,https://github.com/diligentgraphics/diligenttools/blob/8075faf1bcb921f53cdfad35045b468b8aad8811/ThirdParty/libjpeg-9a/aclocal.m4#L6088,"# Warning - without using the other run time loading flags,
# -berok will link without error, but may produce a broken library.",['broken'],Autotool,5,6088,6089
25781,diligentgraphics/diligenttools,https://github.com/diligentgraphics/diligenttools/blob/8075faf1bcb921f53cdfad35045b468b8aad8811/ThirdParty/libjpeg-9a/aclocal.m4#L6141,# FIXME: Setting linknames here is a bad hack.,"['hack', 'fixme']",Autotool,3,6141,6141
25781,diligentgraphics/diligenttools,https://github.com/diligentgraphics/diligenttools/blob/8075faf1bcb921f53cdfad35045b468b8aad8811/ThirdParty/libjpeg-9a/aclocal.m4#L6204,# FIXME: insert proper C++ library support,['fixme'],Autotool,5,6204,6204
25781,diligentgraphics/diligenttools,https://github.com/diligentgraphics/diligenttools/blob/8075faf1bcb921f53cdfad35045b468b8aad8811/ThirdParty/libjpeg-9a/aclocal.m4#L6208,"# Green Hills C++ Compiler
# FIXME: insert proper C++ library support",['fixme'],Autotool,5,6208,6209
25781,diligentgraphics/diligenttools,https://github.com/diligentgraphics/diligenttools/blob/8075faf1bcb921f53cdfad35045b468b8aad8811/ThirdParty/libjpeg-9a/aclocal.m4#L6213,# FIXME: insert proper C++ library support,['fixme'],Autotool,5,6213,6213
25781,diligentgraphics/diligenttools,https://github.com/diligentgraphics/diligenttools/blob/8075faf1bcb921f53cdfad35045b468b8aad8811/ThirdParty/libjpeg-9a/aclocal.m4#L6220,# C++ shared libraries reported to be fairly broken before,['broken'],Autotool,8,6220,6220
25781,diligentgraphics/diligenttools,https://github.com/diligentgraphics/diligenttools/blob/8075faf1bcb921f53cdfad35045b468b8aad8811/ThirdParty/libjpeg-9a/aclocal.m4#L6254,# FIXME: insert proper C++ library support,['fixme'],Autotool,12,6254,6254
25781,diligentgraphics/diligenttools,https://github.com/diligentgraphics/diligenttools/blob/8075faf1bcb921f53cdfad35045b468b8aad8811/ThirdParty/libjpeg-9a/aclocal.m4#L6273,# FIXME: insert proper C++ library support,['fixme'],Autotool,14,6273,6273
25781,diligentgraphics/diligenttools,https://github.com/diligentgraphics/diligenttools/blob/8075faf1bcb921f53cdfad35045b468b8aad8811/ThirdParty/libjpeg-9a/aclocal.m4#L6309,# FIXME: insert proper C++ library support,['fixme'],Autotool,5,6309,6309
25781,diligentgraphics/diligenttools,https://github.com/diligentgraphics/diligenttools/blob/8075faf1bcb921f53cdfad35045b468b8aad8811/ThirdParty/libjpeg-9a/aclocal.m4#L6350,# FIXME: insert proper C++ library support,['fixme'],Autotool,7,6350,6350
25781,diligentgraphics/diligenttools,https://github.com/diligentgraphics/diligenttools/blob/8075faf1bcb921f53cdfad35045b468b8aad8811/ThirdParty/libjpeg-9a/aclocal.m4#L6362,"# Hack: On Interix 3.x, we cannot compile PIC because of a broken gcc.
# Instead, shared libraries are loaded at an image base (0x10000000 by
# default) and relocated if they conflict, which is a slow very memory
# consuming and fragmenting process.  To avoid this, we pick a random,
# 256 KiB-aligned image base between 0x50000000 and 0x6FFC0000 at link
# time.  Moving up from 0x10000000 also allows more sbrk(2) space.","['hack', 'broken']",Autotool,1,6362,6367
25781,diligentgraphics/diligenttools,https://github.com/diligentgraphics/diligenttools/blob/8075faf1bcb921f53cdfad35045b468b8aad8811/ThirdParty/libjpeg-9a/aclocal.m4#L6542,# FIXME: insert proper C++ library support,['fixme'],Autotool,8,6542,6542
25781,diligentgraphics/diligenttools,https://github.com/diligentgraphics/diligenttools/blob/8075faf1bcb921f53cdfad35045b468b8aad8811/ThirdParty/libjpeg-9a/aclocal.m4#L6547,# FIXME: insert proper C++ library support,['fixme'],Autotool,8,6547,6547
25781,diligentgraphics/diligenttools,https://github.com/diligentgraphics/diligenttools/blob/8075faf1bcb921f53cdfad35045b468b8aad8811/ThirdParty/libjpeg-9a/aclocal.m4#L6554,# FIXME: insert proper C++ library support,['fixme'],Autotool,5,6554,6554
25781,diligentgraphics/diligenttools,https://github.com/diligentgraphics/diligenttools/blob/8075faf1bcb921f53cdfad35045b468b8aad8811/ThirdParty/libjpeg-9a/aclocal.m4#L6558,# FIXME: insert proper C++ library support,['fixme'],Autotool,5,6558,6558
25781,diligentgraphics/diligenttools,https://github.com/diligentgraphics/diligenttools/blob/8075faf1bcb921f53cdfad35045b468b8aad8811/ThirdParty/libjpeg-9a/aclocal.m4#L6572,# Workaround some broken pre-1.5 toolchains,"['broken', 'workaround']",Autotool,1,6572,6572
25781,diligentgraphics/diligenttools,https://github.com/diligentgraphics/diligenttools/blob/8075faf1bcb921f53cdfad35045b468b8aad8811/ThirdParty/libjpeg-9a/aclocal.m4#L6624,"# Rational C++ 2.4.1
# FIXME: insert proper C++ library support",['fixme'],Autotool,5,6624,6625
25781,diligentgraphics/diligenttools,https://github.com/diligentgraphics/diligenttools/blob/8075faf1bcb921f53cdfad35045b468b8aad8811/ThirdParty/libjpeg-9a/aclocal.m4#L6840,"# NonStop-UX NCC 3.20
# FIXME: insert proper C++ library support",['fixme'],Autotool,5,6840,6841
25781,diligentgraphics/diligenttools,https://github.com/diligentgraphics/diligenttools/blob/8075faf1bcb921f53cdfad35045b468b8aad8811/ThirdParty/libjpeg-9a/aclocal.m4#L6845,# FIXME: insert proper C++ library support,['fixme'],Autotool,5,6845,6845
25781,diligentgraphics/diligenttools,https://github.com/diligentgraphics/diligenttools/blob/8075faf1bcb921f53cdfad35045b468b8aad8811/ThirdParty/libjpeg-9a/aclocal.m4#L6852,# FIXME: insert proper C++ library support,['fixme'],Autotool,8,6852,6852
25781,diligentgraphics/diligenttools,https://github.com/diligentgraphics/diligenttools/blob/8075faf1bcb921f53cdfad35045b468b8aad8811/ThirdParty/libjpeg-9a/aclocal.m4#L6857,# FIXME: insert proper C++ library support,['fixme'],Autotool,8,6857,6857
25781,diligentgraphics/diligenttools,https://github.com/diligentgraphics/diligenttools/blob/8075faf1bcb921f53cdfad35045b468b8aad8811/ThirdParty/libjpeg-9a/aclocal.m4#L7090,# PORTME: override above test on systems where it is broken,['broken'],Autotool,0,7090,7090
25781,diligentgraphics/diligenttools,https://github.com/diligentgraphics/diligenttools/blob/8075faf1bcb921f53cdfad35045b468b8aad8811/ThirdParty/libjpeg-9a/aclocal.m4#L7094,"# Interix 3.5 installs completely hosed .la files for C++, so rather than
# hack all around it, let's just trust ""g++"" to DTRT.",['hack'],Autotool,2,7094,7095
25781,diligentgraphics/diligenttools,https://github.com/diligentgraphics/diligenttools/blob/8075faf1bcb921f53cdfad35045b468b8aad8811/ThirdParty/libjpeg-9a/aclocal.m4#L8138,"# _LT_ENABLE_SHARED([DEFAULT])
# ----------------------------
# implement the --enable-shared flag, and supports the `shared' and
# `disable-shared' LT_INIT options.
# DEFAULT is either `yes' or `no'.  If omitted, it defaults to `yes'.",['implement'],Autotool,0,8138,8142
25781,diligentgraphics/diligenttools,https://github.com/diligentgraphics/diligenttools/blob/8075faf1bcb921f53cdfad35045b468b8aad8811/ThirdParty/libjpeg-9a/aclocal.m4#L8192,"# _LT_ENABLE_STATIC([DEFAULT])
# ----------------------------
# implement the --enable-static flag, and support the `static' and
# `disable-static' LT_INIT options.
# DEFAULT is either `yes' or `no'.  If omitted, it defaults to `yes'.",['implement'],Autotool,0,8192,8196
25781,diligentgraphics/diligenttools,https://github.com/diligentgraphics/diligenttools/blob/8075faf1bcb921f53cdfad35045b468b8aad8811/ThirdParty/libjpeg-9a/aclocal.m4#L8246,"# _LT_ENABLE_FAST_INSTALL([DEFAULT])
# ----------------------------------
# implement the --enable-fast-install flag, and support the `fast-install'
# and `disable-fast-install' LT_INIT options.
# DEFAULT is either `yes' or `no'.  If omitted, it defaults to `yes'.",['implement'],Autotool,0,8246,8250
25781,diligentgraphics/diligenttools,https://github.com/diligentgraphics/diligenttools/blob/8075faf1bcb921f53cdfad35045b468b8aad8811/ThirdParty/libjpeg-9a/aclocal.m4#L8302,"# _LT_WITH_PIC([MODE])
# --------------------
# implement the --with-pic flag, and support the `pic-only' and `no-pic'
# LT_INIT options.
# MODE is either `yes' or `no'.  If omitted, it defaults to `both'.",['implement'],Autotool,0,8302,8306
25781,diligentgraphics/diligenttools,https://github.com/diligentgraphics/diligenttools/blob/8075faf1bcb921f53cdfad35045b468b8aad8811/ThirdParty/libjpeg-9a/aclocal.m4#L8522,"# These exist entirely to fool aclocal when bootstrapping libtool.
#
# In the past libtool.m4 has provided macros via AC_DEFUN (or AU_DEFUN)
# which have later been changed to m4_define as they aren't part of the
# exported API, or moved to Autoconf or Automake where they belong.
#
# The trouble is, aclocal is a bit thick.  It'll see the old AC_DEFUN
# in /usr/share/aclocal/libtool.m4 and remember it, then when it sees us
# using a macro with the same name in our local m4/libtool.m4 it'll
# pull the old libtool.m4 in (it doesn't see our shiny new m4_define
# and doesn't know about Autoconf macros at all.)
#
# So we provide this file, which has a silly filename so it's always
# included after everything else.  This provides aclocal with the
# AC_DEFUNs it wants, but when m4 processes it, it doesn't do anything
# because those macros already exist, or will be overwritten later.
# We use AC_DEFUN over AU_DEFUN for compatibility with aclocal-1.6. 
#
# Anytime we withdraw an AC_DEFUN or AU_DEFUN, remember to add it here.
# Yes, that means every name once taken will need to remain here until
# we give up compatibility with versions before 1.7, at which point
# we need to keep only those names which we still refer to.","['silly', 'give up']",Autotool,0,8522,8543
25781,diligentgraphics/diligenttools,https://github.com/diligentgraphics/diligenttools/blob/8075faf1bcb921f53cdfad35045b468b8aad8811/ThirdParty/libjpeg-9a/aclocal.m4#L8690,"# Microsoft lib, so override with the ar-lib wrapper script.
# FIXME: It is wrong to rewrite AR.
# But if we don't then we get into trouble of one sort or another.
# A longer-term fix would be to have automake use am__AR in this case,
# and then we could set am__AR=""$am_aux_dir/ar-lib \$(AR)"" or something
# similar.","['fix', 'fixme']",Autotool,2,8690,8695
25781,diligentgraphics/diligenttools,https://github.com/diligentgraphics/diligenttools/blob/8075faf1bcb921f53cdfad35045b468b8aad8811/ThirdParty/libjpeg-9a/aclocal.m4#L9044,"# AM_OUTPUT_DEPENDENCY_COMMANDS
# -----------------------------
# This macro should only be invoked once -- use via AC_REQUIRE.
#
# This code is only required when automatic dependency tracking
# is enabled.  FIXME.  This creates each '.P' file that we will
# need in order to bootstrap the dependency handling code.",['fixme'],Autotool,0,9044,9050
25781,diligentgraphics/diligenttools,https://github.com/diligentgraphics/diligenttools/blob/8075faf1bcb921f53cdfad35045b468b8aad8811/ThirdParty/libjpeg-9a/aclocal.m4#L9483,"# Losing compiler, so override with the script.
# FIXME: It is wrong to rewrite CC.
# But if we don't then we get into trouble of one sort or another.
# A longer-term fix would be to have automake use am__CC in this case,
# and then we could set am__CC=""\$(top_srcdir)/compile \$(CC)""","['fix', 'fixme']",Autotool,3,9483,9487
25781,diligentgraphics/diligenttools,https://github.com/diligentgraphics/diligenttools/blob/8075faf1bcb921f53cdfad35045b468b8aad8811/ThirdParty/libjpeg-9a/aclocal.m4#L9554,"# If neither matched, then we have a broken ls.  This can happen
# if, for instance, CONFIG_SHELL is bash and it inherits a
# broken ls alias from the environment.  This has actually
# happened.  Such a system could not be considered ""sane"".",['broken'],Autotool,1,9554,9557
25781,diligentgraphics/diligenttools,https://github.com/diligentgraphics/diligenttools/blob/8075faf1bcb921f53cdfad35045b468b8aad8811/NativeApp/CMakeLists.txt#L47,"# Windows Runtime types cannot be included into static libraries
# https://social.msdn.microsoft.com/Forums/en-US/269db513-64ef-4817-a025-43954f614eb3/lnk4264-why-are-static-libraries-not-recommended-when-authoring-windows-runtime-types?forum=winappswithnativecode
# So as a workaround, we will include all source files into the target app project",['workaround'],CMake,4,47,49
