repoIndex,repoName,linkLocation,comment,keywords,buildSysteminFile,charPosition,startLine,endLine
25780,rocmsoftwareplatform/amdmigraphx,https://github.com/rocmsoftwareplatform/amdmigraphx/blob/97a1ed2de7cd5103aed50b10c634adfe041e7681/src/targets/cpu/CMakeLists.txt#L81,# Add library path to rpath to workaround issues with our broken packages,"['broken', 'workaround']",CMake,0,81,81
25780,rocmsoftwareplatform/amdmigraphx,https://github.com/rocmsoftwareplatform/amdmigraphx/blob/97a1ed2de7cd5103aed50b10c634adfe041e7681/src/targets/gpu/CMakeLists.txt#L375,# Workaround broken rocblas headers,"['broken', 'workaround']",CMake,0,375,375
25780,rocmsoftwareplatform/amdmigraphx,https://github.com/rocmsoftwareplatform/amdmigraphx/blob/97a1ed2de7cd5103aed50b10c634adfe041e7681/test/api/CMakeLists.txt#L35,"# Workaround: C file dont work with clang-tidy right now, need a fix in rocm-cmake","['fix', 'workaround']",CMake,0,35,35
25780,rocmsoftwareplatform/amdmigraphx,https://github.com/rocmsoftwareplatform/amdmigraphx/blob/97a1ed2de7cd5103aed50b10c634adfe041e7681/cmake/Embed.cmake#L54,# TODO: Should use NAME_WLE,['todo'],CMake,8,54,54
25780,rocmsoftwareplatform/amdmigraphx,https://github.com/rocmsoftwareplatform/amdmigraphx/blob/97a1ed2de7cd5103aed50b10c634adfe041e7681/cmake/EnableCompilerWarnings.cmake#L58,"# Shadow is broken on gcc when using lambdas
# -Wshadow",['broken'],CMake,12,58,59
