repoIndex,repoName,linkLocation,comment,keywords,buildSysteminFile,charPosition,startLine,endLine
25958,adventuregamestudio/ags,https://github.com/adventuregamestudio/ags/blob/3a05fb6cc7c661455bd431d8adf7cf236edf8a65/Common/libsrc/freetype-2.1.3/builds/unix/aclocal.m4#L840,"## FIXME: this should be a separate macro
##",['fixme'],Autotool,0,840,841
25958,adventuregamestudio/ags,https://github.com/adventuregamestudio/ags/blob/3a05fb6cc7c661455bd431d8adf7cf236edf8a65/Common/libsrc/freetype-2.1.3/builds/unix/aclocal.m4#L853,"##
## END FIXME",['fixme'],Autotool,0,853,854
25958,adventuregamestudio/ags,https://github.com/adventuregamestudio/ags/blob/3a05fb6cc7c661455bd431d8adf7cf236edf8a65/Common/libsrc/freetype-2.1.3/builds/unix/aclocal.m4#L857,"## FIXME: this should be a separate macro
##",['fixme'],Autotool,0,857,858
25958,adventuregamestudio/ags,https://github.com/adventuregamestudio/ags/blob/3a05fb6cc7c661455bd431d8adf7cf236edf8a65/Common/libsrc/freetype-2.1.3/builds/unix/aclocal.m4#L882,"# Below there is a dirty hack to force normal static linking with -ldl
# The problem is because libdl dynamically linked with both libc and
# libC (AIX C++ library), which obviously doesn't included in libraries
# list by gcc. This cause undefined symbols with -static flags.
# This hack allows C programs to be linked with ""-static -ldl"", but
# not sure about C++ programs.",['hack'],Autotool,6,882,887
25958,adventuregamestudio/ags,https://github.com/adventuregamestudio/ags/blob/3a05fb6cc7c661455bd431d8adf7cf236edf8a65/Common/libsrc/freetype-2.1.3/builds/unix/aclocal.m4#L891,"# FIXME: we need at least 68020 code to build shared libraries, but
# adding the `-m68020' flag to GCC prevents building anything better,
# like `-m68040'.",['fixme'],Autotool,6,891,893
25958,adventuregamestudio/ags,https://github.com/adventuregamestudio/ags/blob/3a05fb6cc7c661455bd431d8adf7cf236edf8a65/Common/libsrc/freetype-2.1.3/builds/unix/aclocal.m4#L905,"# This hack is so that the source file can tell whether it is being
# built for inclusion in a dll (and should export symbols for example).",['hack'],Autotool,6,905,906
25958,adventuregamestudio/ags,https://github.com/adventuregamestudio/ags/blob/3a05fb6cc7c661455bd431d8adf7cf236edf8a65/Common/libsrc/freetype-2.1.3/builds/unix/aclocal.m4#L946,"# This hack is so that the source file can tell whether it is being
# built for inclusion in a dll (and should export symbols for example).",['hack'],Autotool,6,946,947
25958,adventuregamestudio/ags,https://github.com/adventuregamestudio/ags/blob/3a05fb6cc7c661455bd431d8adf7cf236edf8a65/Common/libsrc/freetype-2.1.3/builds/unix/aclocal.m4#L1049,"##
## END FIXME",['fixme'],Autotool,0,1049,1050
25958,adventuregamestudio/ags,https://github.com/adventuregamestudio/ags/blob/3a05fb6cc7c661455bd431d8adf7cf236edf8a65/Common/libsrc/freetype-2.1.3/builds/unix/aclocal.m4#L1062,"## FIXME: this should be a separate macro
##",['fixme'],Autotool,0,1062,1063
25958,adventuregamestudio/ags,https://github.com/adventuregamestudio/ags/blob/3a05fb6cc7c661455bd431d8adf7cf236edf8a65/Common/libsrc/freetype-2.1.3/builds/unix/aclocal.m4#L1083,"##
## END FIXME",['fixme'],Autotool,0,1083,1084
25958,adventuregamestudio/ags,https://github.com/adventuregamestudio/ags/blob/3a05fb6cc7c661455bd431d8adf7cf236edf8a65/Common/libsrc/freetype-2.1.3/builds/unix/aclocal.m4#L1087,"## FIXME: this should be a separate macro
##
# Check to see if options -o and -c are simultaneously supported by compiler",['fixme'],Autotool,0,1087,1089
25958,adventuregamestudio/ags,https://github.com/adventuregamestudio/ags/blob/3a05fb6cc7c661455bd431d8adf7cf236edf8a65/Common/libsrc/freetype-2.1.3/builds/unix/aclocal.m4#L1156,"##
## END FIXME",['fixme'],Autotool,0,1156,1157
25958,adventuregamestudio/ags,https://github.com/adventuregamestudio/ags/blob/3a05fb6cc7c661455bd431d8adf7cf236edf8a65/Common/libsrc/freetype-2.1.3/builds/unix/aclocal.m4#L1159,"## FIXME: this should be a separate macro
##
# Check to see if we can do hard links to lock some files if needed",['fixme'],Autotool,0,1159,1161
25958,adventuregamestudio/ags,https://github.com/adventuregamestudio/ags/blob/3a05fb6cc7c661455bd431d8adf7cf236edf8a65/Common/libsrc/freetype-2.1.3/builds/unix/aclocal.m4#L1180,"##
## END FIXME",['fixme'],Autotool,0,1180,1181
25958,adventuregamestudio/ags,https://github.com/adventuregamestudio/ags/blob/3a05fb6cc7c661455bd431d8adf7cf236edf8a65/Common/libsrc/freetype-2.1.3/builds/unix/aclocal.m4#L1183,"## FIXME: this should be a separate macro
##",['fixme'],Autotool,0,1183,1184
25958,adventuregamestudio/ags,https://github.com/adventuregamestudio/ags/blob/3a05fb6cc7c661455bd431d8adf7cf236edf8a65/Common/libsrc/freetype-2.1.3/builds/unix/aclocal.m4#L1210,"##
## END FIXME",['fixme'],Autotool,0,1210,1211
25958,adventuregamestudio/ags,https://github.com/adventuregamestudio/ags/blob/3a05fb6cc7c661455bd431d8adf7cf236edf8a65/Common/libsrc/freetype-2.1.3/builds/unix/aclocal.m4#L1213,"## FIXME: this should be a separate macro
##
# See if the linker supports building shared libraries.",['fixme'],Autotool,0,1213,1215
25958,adventuregamestudio/ags,https://github.com/adventuregamestudio/ags/blob/3a05fb6cc7c661455bd431d8adf7cf236edf8a65/Common/libsrc/freetype-2.1.3/builds/unix/aclocal.m4#L1258,"# FIXME: the MSVC++ port hasn't been tested in a loooong time
# When not using gcc, we currently assume that we are using
# Microsoft Visual C++.",['fixme'],Autotool,2,1258,1260
25958,adventuregamestudio/ags,https://github.com/adventuregamestudio/ags/blob/3a05fb6cc7c661455bd431d8adf7cf236edf8a65/Common/libsrc/freetype-2.1.3/builds/unix/aclocal.m4#L1278,"# On AIX, the GNU linker is very broken
# Note:Check GNU linker on AIX 5-IA64 when/if it becomes available.",['broken'],Autotool,4,1278,1279
25958,adventuregamestudio/ags,https://github.com/adventuregamestudio/ags/blob/3a05fb6cc7c661455bd431d8adf7cf236edf8a65/Common/libsrc/freetype-2.1.3/builds/unix/aclocal.m4#L1333,"# cygwin and mingw dlls have different entry points and sets of symbols
# to exclude.
# FIXME: what about values for MSVC?",['fixme'],Autotool,4,1333,1335
25958,adventuregamestudio/ags,https://github.com/adventuregamestudio/ags/blob/3a05fb6cc7c661455bd431d8adf7cf236edf8a65/Common/libsrc/freetype-2.1.3/builds/unix/aclocal.m4#L1472,"# Neither direct hardcoding nor static linking is supported with a
# broken collect2.",['broken'],Autotool,6,1472,1473
25958,adventuregamestudio/ags,https://github.com/adventuregamestudio/ags/blob/3a05fb6cc7c661455bd431d8adf7cf236edf8a65/Common/libsrc/freetype-2.1.3/builds/unix/aclocal.m4#L1504,"# When large executables or shared objects are built, AIX ld can
# have problems creating the table of contents.  If linking a library
# or program results in ""error TOC overflow"" add -mminimal-toc to
# CXXFLAGS/CFLAGS for g++/gcc.  In the cases where that is not
# enough to fix the problem, add -Wl,-bbigtoc to LDFLAGS.",['fix'],Autotool,4,1504,1508
25958,adventuregamestudio/ags,https://github.com/adventuregamestudio/ags/blob/3a05fb6cc7c661455bd431d8adf7cf236edf8a65/Common/libsrc/freetype-2.1.3/builds/unix/aclocal.m4#L1551,"# Warning - without using the other runtime loading flags (-brtl),
# -berok will link without error, but may produce a broken library.",['broken'],Autotool,6,1551,1552
25958,adventuregamestudio/ags,https://github.com/adventuregamestudio/ags/blob/3a05fb6cc7c661455bd431d8adf7cf236edf8a65/Common/libsrc/freetype-2.1.3/builds/unix/aclocal.m4#L1563,"# Warning - without using the other run time loading flags,
# -berok will link without error, but may produce a broken library.",['broken'],Autotool,1,1563,1564
25958,adventuregamestudio/ags,https://github.com/adventuregamestudio/ags/blob/3a05fb6cc7c661455bd431d8adf7cf236edf8a65/Common/libsrc/freetype-2.1.3/builds/unix/aclocal.m4#L1608,"# FIXME: Relying on posixy $() will cause problems for
#        cross-compilation, but unfortunately the echo tests do not
#        yet detect zsh echo's removal of \ escapes.",['fixme'],Autotool,4,1608,1610
25958,adventuregamestudio/ags,https://github.com/adventuregamestudio/ags/blob/3a05fb6cc7c661455bd431d8adf7cf236edf8a65/Common/libsrc/freetype-2.1.3/builds/unix/aclocal.m4#L1897,"##
## END FIXME",['fixme'],Autotool,0,1897,1898
25958,adventuregamestudio/ags,https://github.com/adventuregamestudio/ags/blob/3a05fb6cc7c661455bd431d8adf7cf236edf8a65/Common/libsrc/freetype-2.1.3/builds/unix/aclocal.m4#L1900,"## FIXME: this should be a separate macro
##
# Check hardcoding attributes.",['fixme'],Autotool,0,1900,1902
25958,adventuregamestudio/ags,https://github.com/adventuregamestudio/ags/blob/3a05fb6cc7c661455bd431d8adf7cf236edf8a65/Common/libsrc/freetype-2.1.3/builds/unix/aclocal.m4#L1927,"##
## END FIXME",['fixme'],Autotool,0,1927,1928
25958,adventuregamestudio/ags,https://github.com/adventuregamestudio/ags/blob/3a05fb6cc7c661455bd431d8adf7cf236edf8a65/Common/libsrc/freetype-2.1.3/builds/unix/aclocal.m4#L1930,"## FIXME: this should be a separate macro
##",['fixme'],Autotool,0,1930,1931
25958,adventuregamestudio/ags,https://github.com/adventuregamestudio/ags/blob/3a05fb6cc7c661455bd431d8adf7cf236edf8a65/Common/libsrc/freetype-2.1.3/builds/unix/aclocal.m4#L1942,"##
## END FIXME",['fixme'],Autotool,0,1942,1943
25958,adventuregamestudio/ags,https://github.com/adventuregamestudio/ags/blob/3a05fb6cc7c661455bd431d8adf7cf236edf8a65/Common/libsrc/freetype-2.1.3/builds/unix/aclocal.m4#L1948,"## FIXME: this should be a separate macro
##
# PORTME Fill in your ld.so characteristics",['fixme'],Autotool,0,1948,1950
25958,adventuregamestudio/ags,https://github.com/adventuregamestudio/ags/blob/3a05fb6cc7c661455bd431d8adf7cf236edf8a65/Common/libsrc/freetype-2.1.3/builds/unix/aclocal.m4#L2073,# FIXME: first we should search . and the directory the executable is in,['fixme'],Autotool,2,2073,2073
25958,adventuregamestudio/ags,https://github.com/adventuregamestudio/ags/blob/3a05fb6cc7c661455bd431d8adf7cf236edf8a65/Common/libsrc/freetype-2.1.3/builds/unix/aclocal.m4#L2082,"# FIXME: Relying on posixy $() will cause problems for
#        cross-compilation, but unfortunately the echo tests do not
#        yet detect zsh echo's removal of \ escapes.",['fixme'],Autotool,2,2082,2084
25958,adventuregamestudio/ags,https://github.com/adventuregamestudio/ags/blob/3a05fb6cc7c661455bd431d8adf7cf236edf8a65/Common/libsrc/freetype-2.1.3/builds/unix/aclocal.m4#L2191,"# We used to test for /lib/ld.so.1 and disable shared libraries on
# powerpc, because MkLinux only supported shared libraries with the
# GNU dynamic linker.  Since this was broken with cross compilers,
# most powerpc-linux boxes support dynamic linking these days and
# people can always --disable-shared, the test was removed, and we
# assume the GNU/Linux dynamic linker is in use.",['broken'],Autotool,2,2191,2196
25958,adventuregamestudio/ags,https://github.com/adventuregamestudio/ags/blob/3a05fb6cc7c661455bd431d8adf7cf236edf8a65/Common/libsrc/freetype-2.1.3/builds/unix/aclocal.m4#L2345,"##
## END FIXME",['fixme'],Autotool,0,2345,2346
25958,adventuregamestudio/ags,https://github.com/adventuregamestudio/ags/blob/3a05fb6cc7c661455bd431d8adf7cf236edf8a65/Common/libsrc/freetype-2.1.3/builds/unix/aclocal.m4#L2348,"## FIXME: this should be a separate macro
##
# Report the final consequences.",['fixme'],Autotool,0,2348,2350
25958,adventuregamestudio/ags,https://github.com/adventuregamestudio/ags/blob/3a05fb6cc7c661455bd431d8adf7cf236edf8a65/Common/libsrc/freetype-2.1.3/builds/unix/aclocal.m4#L2353,"##
## END FIXME",['fixme'],Autotool,0,2353,2354
25958,adventuregamestudio/ags,https://github.com/adventuregamestudio/ags/blob/3a05fb6cc7c661455bd431d8adf7cf236edf8a65/Common/libsrc/freetype-2.1.3/builds/unix/aclocal.m4#L2356,"## FIXME: this should be a separate macro
##",['fixme'],Autotool,0,2356,2357
25958,adventuregamestudio/ags,https://github.com/adventuregamestudio/ags/blob/3a05fb6cc7c661455bd431d8adf7cf236edf8a65/Common/libsrc/freetype-2.1.3/builds/unix/aclocal.m4#L2379,"##
## END FIXME",['fixme'],Autotool,0,2379,2380
25958,adventuregamestudio/ags,https://github.com/adventuregamestudio/ags/blob/3a05fb6cc7c661455bd431d8adf7cf236edf8a65/Common/libsrc/freetype-2.1.3/builds/unix/aclocal.m4#L2382,"## FIXME: this should be a separate macro
##",['fixme'],Autotool,0,2382,2383
25958,adventuregamestudio/ags,https://github.com/adventuregamestudio/ags/blob/3a05fb6cc7c661455bd431d8adf7cf236edf8a65/Common/libsrc/freetype-2.1.3/builds/unix/aclocal.m4#L2388,"##
## END FIXME",['fixme'],Autotool,0,2388,2389
25958,adventuregamestudio/ags,https://github.com/adventuregamestudio/ags/blob/3a05fb6cc7c661455bd431d8adf7cf236edf8a65/Common/libsrc/freetype-2.1.3/builds/unix/aclocal.m4#L2407,"## FIXME: this should be a separate macro
##",['fixme'],Autotool,0,2407,2408
25958,adventuregamestudio/ags,https://github.com/adventuregamestudio/ags/blob/3a05fb6cc7c661455bd431d8adf7cf236edf8a65/Common/libsrc/freetype-2.1.3/builds/unix/aclocal.m4#L2412,# FIXME: we may have to deal with multi-command sequences.,['fixme'],Autotool,4,2412,2412
25958,adventuregamestudio/ags,https://github.com/adventuregamestudio/ags/blob/3a05fb6cc7c661455bd431d8adf7cf236edf8a65/Common/libsrc/freetype-2.1.3/builds/unix/aclocal.m4#L2451,"##
## END FIXME",['fixme'],Autotool,0,2451,2452
25958,adventuregamestudio/ags,https://github.com/adventuregamestudio/ags/blob/3a05fb6cc7c661455bd431d8adf7cf236edf8a65/Common/libsrc/freetype-2.1.3/builds/unix/aclocal.m4#L2454,"## FIXME: this should be a separate macro
##
# The second clause should only fire when bootstrapping the
# libtool distribution, otherwise you forgot to ship ltmain.sh
# with your package, and you will get complaints that there are
# no rules to generate ltmain.sh.",['fixme'],Autotool,0,2454,2459
25958,adventuregamestudio/ags,https://github.com/adventuregamestudio/ags/blob/3a05fb6cc7c661455bd431d8adf7cf236edf8a65/Common/libsrc/freetype-2.1.3/builds/unix/aclocal.m4#L2778,# Fix the shell variable \$srcfile for the compiler.,['fix'],Autotool,0,2778,2778
25958,adventuregamestudio/ags,https://github.com/adventuregamestudio/ags/blob/3a05fb6cc7c661455bd431d8adf7cf236edf8a65/Common/libsrc/freetype-2.1.3/builds/unix/aclocal.m4#L3005,"##
## END FIXME",['fixme'],Autotool,0,3005,3006
25958,adventuregamestudio/ags,https://github.com/adventuregamestudio/ags/blob/3a05fb6cc7c661455bd431d8adf7cf236edf8a65/Common/libsrc/freetype-2.1.3/builds/unix/aclocal.m4#L3016,"# AC_ENABLE_SHARED - implement the --enable-shared flag
# Usage: AC_ENABLE_SHARED[(DEFAULT)]
#   Where DEFAULT is either `yes' or `no'.  If omitted, it defaults to
#   `yes'.",['implement'],Autotool,0,3016,3019
25958,adventuregamestudio/ags,https://github.com/adventuregamestudio/ags/blob/3a05fb6cc7c661455bd431d8adf7cf236edf8a65/Common/libsrc/freetype-2.1.3/builds/unix/aclocal.m4#L3050,"# AC_ENABLE_STATIC - implement the --enable-static flag
# Usage: AC_ENABLE_STATIC[(DEFAULT)]
#   Where DEFAULT is either `yes' or `no'.  If omitted, it defaults to
#   `yes'.",['implement'],Autotool,0,3050,3053
25958,adventuregamestudio/ags,https://github.com/adventuregamestudio/ags/blob/3a05fb6cc7c661455bd431d8adf7cf236edf8a65/Common/libsrc/freetype-2.1.3/builds/unix/aclocal.m4#L3085,"# AC_ENABLE_FAST_INSTALL - implement the --enable-fast-install flag
# Usage: AC_ENABLE_FAST_INSTALL[(DEFAULT)]
#   Where DEFAULT is either `yes' or `no'.  If omitted, it defaults to
#   `yes'.",['implement'],Autotool,0,3085,3088
25958,adventuregamestudio/ags,https://github.com/adventuregamestudio/ags/blob/3a05fb6cc7c661455bd431d8adf7cf236edf8a65/Common/libsrc/freetype-2.1.3/builds/unix/aclocal.m4#L3119,"# AC_LIBTOOL_PICMODE - implement the --with-pic flag
# Usage: AC_LIBTOOL_PICMODE[(MODE)]
#   Where MODE is either `yes' or `no'.  If omitted, it defaults to
#   `both'.",['implement'],Autotool,0,3119,3122
25958,adventuregamestudio/ags,https://github.com/adventuregamestudio/ags/blob/3a05fb6cc7c661455bd431d8adf7cf236edf8a65/Engine/CMakeLists.txt#L555,"# common has a circular dependency on engine
# TODO: currently required for gcc support, will look into this.",['todo'],CMake,0,555,556
25958,adventuregamestudio/ags,https://github.com/adventuregamestudio/ags/blob/3a05fb6cc7c661455bd431d8adf7cf236edf8a65/libsrc/allegro/CMakeLists.txt#L106,"# XXX const
# XXX inline
# XXX size_t",['xxx'],CMake,4,106,108
