repoIndex,repoName,linkLocation,comment,keywords,buildSysteminFile,charPosition,startLine,endLine
25965,paddlepaddle/serving,https://github.com/paddlepaddle/serving/blob/bdf4ada65e40c9d8146b9aac14a8cf406d9ba37e/python/CMakeLists.txt#L74,"# todo, generate suffix for cpu、gpu、arm",['todo'],CMake,2,74,74
25965,paddlepaddle/serving,https://github.com/paddlepaddle/serving/blob/bdf4ada65e40c9d8146b9aac14a8cf406d9ba37e/cmake/cuda.cmake#L173,# TODO(panyx0718): CUPTI only allows DSO?,['todo'],CMake,4,173,173
25965,paddlepaddle/serving,https://github.com/paddlepaddle/serving/blob/bdf4ada65e40c9d8146b9aac14a8cf406d9ba37e/cmake/generic.cmake#L316,"# The link operation under windows may exceeds the maximum characters limit, simply break the link command
# into multiple link opeartion can fix that, say
# original:
#     lib /out:target.lib a.lib b.lib c.lib d.lib
# after:
#    1. lib /out:dummy_lib_1.lib a.lib b.lib
#    2. lib /out:dummy_lib_2.lib c.lib d.lib
#    1. lib /out:target.lib dummy_lib_1.lib dummy_lib_2.lib",['fix'],CMake,0,316,323
25965,paddlepaddle/serving,https://github.com/paddlepaddle/serving/blob/bdf4ada65e40c9d8146b9aac14a8cf406d9ba37e/cmake/generic.cmake#L758,"#FIXME(putcn): the follwoing line is supposed to generate *.pb.h and cc, but
# somehow it didn't. line 602 to 604 is to patching this. Leaving this here
# for now to enable dist CI.",['fixme'],CMake,2,758,760
25965,paddlepaddle/serving,https://github.com/paddlepaddle/serving/blob/bdf4ada65e40c9d8146b9aac14a8cf406d9ba37e/cmake/generic.cmake#L776,"# FIXME(typhoonzero): grpc generated code do not generate virtual-dtor, mark it
# as compiler warnings instead of error. Should try remove the warnings also.",['fixme'],CMake,2,776,777
25965,paddlepaddle/serving,https://github.com/paddlepaddle/serving/blob/bdf4ada65e40c9d8146b9aac14a8cf406d9ba37e/cmake/external/brpc.cmake#L53,# TODO(gongwb): change to de newst repo when they changed.,['todo'],CMake,4,53,53
25965,paddlepaddle/serving,https://github.com/paddlepaddle/serving/blob/bdf4ada65e40c9d8146b9aac14a8cf406d9ba37e/cmake/external/python.cmake#L60,# Fixme: Maybe find a static library. Get SHARED/STATIC by FIND_PACKAGE.,['fixme'],CMake,0,60,60
25965,paddlepaddle/serving,https://github.com/paddlepaddle/serving/blob/bdf4ada65e40c9d8146b9aac14a8cf406d9ba37e/cmake/patch/opencv_ippicv_downloader.cmake#L77,"# Don't remove this code, because EXPECTED_MD5 parameter doesn't fail ""file(DOWNLOAD)"" step
# on wrong hash",['remove this code'],CMake,6,77,78
