repoIndex,repoName,linkLocation,comment,keywords,buildSysteminFile,charPosition,startLine,endLine
25966,troldal/openxlsx,https://github.com/troldal/openxlsx/blob/b80da42d1454f361c29117095ebe1989437db390/Benchmarks/gbench/CMakeLists.txt#L56,"# FIXME: The --coverage flag needs to be removed when building assembly
# tests for this to work.",['fixme'],CMake,6,56,57
25966,troldal/openxlsx,https://github.com/troldal/openxlsx/blob/b80da42d1454f361c29117095ebe1989437db390/Benchmarks/gbench/CMakeLists.txt#L66,# FIXME: Make these work on 32 bit builds,['fixme'],CMake,4,66,66
25966,troldal/openxlsx,https://github.com/troldal/openxlsx/blob/b80da42d1454f361c29117095ebe1989437db390/Benchmarks/gbench/CMakeLists.txt#L69,# FIXME: Make these work on 32 bit builds,['fixme'],CMake,5,69,69
