repoIndex,repoName,linkLocation,comment,keywords,buildSysteminFile,charPosition,startLine,endLine
25964,lunarg/vulkantools,https://github.com/lunarg/vulkantools/blob/8f3304c1e5869f9fd944b87870feba91434af1a5/layersvt/CMakeLists.txt#L27,"# TODO Add Wayland Support
# add_definitions(-DVK_USE_PLATFORM_WAYLAND_KHR)",['todo'],CMake,7,27,28
25964,lunarg/vulkantools,https://github.com/lunarg/vulkantools/blob/8f3304c1e5869f9fd944b87870feba91434af1a5/layersvt/CMakeLists.txt#L36,# TODO Add Metal Support,['todo'],CMake,7,36,36
25964,lunarg/vulkantools,https://github.com/lunarg/vulkantools/blob/8f3304c1e5869f9fd944b87870feba91434af1a5/external/googletest/googletest/cmake/internal_utils.cmake#L73,"# Newlines inside flags variables break CMake's NMake generator.
# TODO(vladl@google.com): Add -RTCs and -RTCu to debug builds.",['todo'],CMake,4,73,74
