repoIndex,repoName,linkLocation,comment,keywords,buildSysteminFile,charPosition,startLine,endLine
26048,pytorch/tensorpipe,https://github.com/pytorch/tensorpipe/blob/bb1473a4b38b18268e8693044afdb8635bc8351b/tensorpipe/benchmark/CMakeLists.txt#L7,# TODO: Make those separate CMake projects.,['todo'],CMake,0,7,7
26048,pytorch/tensorpipe,https://github.com/pytorch/tensorpipe/blob/bb1473a4b38b18268e8693044afdb8635bc8351b/cmake/FindPackageMessage.cmake#L7,"#.rst:
# FindPackageMessage
# ------------------
#
#
#
# FIND_PACKAGE_MESSAGE(<name> ""message for user"" ""find result details"")
#
# This macro is intended to be used in FindXXX.cmake modules files.  It
# will print a message once for each unique find result.  This is useful
# for telling the user where a package was found.  The first argument
# specifies the name (XXX) of the package.  The second argument
# specifies the message to display.  The third argument lists details
# about the find result so that if they change the message will be
# displayed again.  The macro also obeys the QUIET argument to the
# find_package command.
#
# Example:
#
# ::
#
#   if(X11_FOUND)
#     FIND_PACKAGE_MESSAGE(X11 ""Found X11: ${X11_X11_LIB}""
#       ""[${X11_X11_LIB}][${X11_INCLUDE_DIR}]"")
#   else()
#    ...
#   endif()",['xxx'],CMake,0,7,33
26048,pytorch/tensorpipe,https://github.com/pytorch/tensorpipe/blob/bb1473a4b38b18268e8693044afdb8635bc8351b/cmake/Finduv.cmake#L47,"# This hack duplicates the `uv_a` target, so that we can call
# install(TARGETS ... EXPORT) on it, which is not possible when the target is
# defined in a subdirectory in CMake 3.5.",['hack'],CMake,2,47,49
26048,pytorch/tensorpipe,https://github.com/pytorch/tensorpipe/blob/bb1473a4b38b18268e8693044afdb8635bc8351b/cmake/Options.cmake#L28,"# Try to auto-detect the presence of some libraries in order to enable/disable
# the transports/channels that make use of them.
# TODO Add CUDA to this list, in order to fix the TODO below","['fix', 'todo']",CMake,0,28,30
26048,pytorch/tensorpipe,https://github.com/pytorch/tensorpipe/blob/bb1473a4b38b18268e8693044afdb8635bc8351b/cmake/Options.cmake#L32,# TODO: Default to ON if CUDA available.,['todo'],CMake,0,32,32
