repoIndex,repoName,linkLocation,comment,keywords,buildSysteminFile,charPosition,startLine,endLine
26060,alpine-dav/ascent,https://github.com/alpine-dav/ascent/blob/6d7c7f976adfa0451c3dab07db338a581c63b6ac/src/ascent/CMakeLists.txt#L359,# TODO move to header ...,['todo'],CMake,4,359,359
26060,alpine-dav/ascent,https://github.com/alpine-dav/ascent/blob/6d7c7f976adfa0451c3dab07db338a581c63b6ac/src/ascent/CMakeLists.txt#L438,# TODO device link raja in rajaify branch,['todo'],CMake,8,438,438
26060,alpine-dav/ascent,https://github.com/alpine-dav/ascent/blob/6d7c7f976adfa0451c3dab07db338a581c63b6ac/src/ascent/CMakeLists.txt#L613,# TODO device link raja in rajaify branch,['todo'],CMake,8,613,613
26060,alpine-dav/ascent,https://github.com/alpine-dav/ascent/blob/6d7c7f976adfa0451c3dab07db338a581c63b6ac/src/flow/python/CMakeLists.txt#L24,"# TODO: ADD SUPPORT FOR SUPPORT PYTHON_MODULE_INSTALL_PREFIX
# install the capi header so other python modules can use it
# support alt install dir for python module via PYTHON_MODULE_INSTALL_PREFIX
# if(PYTHON_MODULE_INSTALL_PREFIX)
#     install(FILES ${flow_py_headers} DESTINATION ${PYTHON_MODULE_INSTALL_PREFIX}/flow/)
# else()
#     install(FILES ${flow_py_headers} DESTINATION python-modules/flow/)
# endif()",['todo'],CMake,0,24,31
26060,alpine-dav/ascent,https://github.com/alpine-dav/ascent/blob/6d7c7f976adfa0451c3dab07db338a581c63b6ac/src/libs/dray/CMakeLists.txt#L346,"# TODO SYMBOL VIS
# set_target_properties(dray PROPERTIES CXX_VISIBILITY_PRESET hidden)",['todo'],CMake,4,346,347
26060,alpine-dav/ascent,https://github.com/alpine-dav/ascent/blob/6d7c7f976adfa0451c3dab07db338a581c63b6ac/src/libs/dray/CMakeLists.txt#L383,"# TODO SYMBOL VIS
# set_target_properties(apcomp PROPERTIES CXX_VISIBILITY_PRESET hidden)",['todo'],CMake,4,383,384
26060,alpine-dav/ascent,https://github.com/alpine-dav/ascent/blob/6d7c7f976adfa0451c3dab07db338a581c63b6ac/src/libs/dray/utilities/furnace/CMakeLists.txt#L67,"# TODO:
# install(FILES point_config.yaml intersection_config.yaml
# DESTINATION utilities/furnace
# )",['todo'],CMake,4,67,70
26060,alpine-dav/ascent,https://github.com/alpine-dav/ascent/blob/6d7c7f976adfa0451c3dab07db338a581c63b6ac/src/tests/dray/CMakeLists.txt#L12,# TODO:,['todo'],CMake,0,12,12
26060,alpine-dav/ascent,https://github.com/alpine-dav/ascent/blob/6d7c7f976adfa0451c3dab07db338a581c63b6ac/src/cmake/SetupIncludes.cmake#L18,"#############
# TODO: Fix these with build vs install interface target includes
#############","['fix', 'todo']",CMake,0,18,20
