repoIndex,repoName,linkLocation,comment,keywords,buildSysteminFile,charPosition,startLine,endLine
26076,academysoftwarefoundation/imath,https://github.com/academysoftwarefoundation/imath/blob/3ad5d4da02795dbf37b44c5bbd2f919a7c01a19a/src/python/CMakeLists.txt#L133,"### NB: We are turning this on globally by default as the boost
###     generated cmake config files seem to be broken and they
###     cross-wire python 2 with 3 in the same variables",['broken'],CMake,0,133,135
26076,academysoftwarefoundation/imath,https://github.com/academysoftwarefoundation/imath/blob/3ad5d4da02795dbf37b44c5bbd2f919a7c01a19a/config/ImathSetup.cmake#L71,"# When building static, the additional string to add to the library name such
# that a static build of Imath is easily distinguishable.
# To use the static library, you would use
# -lImath_static (or target_link_libraries(xxx Imath::Imath_static))",['xxx'],CMake,0,71,74
26076,academysoftwarefoundation/imath,https://github.com/academysoftwarefoundation/imath/blob/3ad5d4da02795dbf37b44c5bbd2f919a7c01a19a/config/ImathSetup.cmake#L125,# TODO: Need to define the list of valid checks and add a file with said list,['todo'],CMake,2,125,125
26076,academysoftwarefoundation/imath,https://github.com/academysoftwarefoundation/imath/blob/3ad5d4da02795dbf37b44c5bbd2f919a7c01a19a/src/python/config/ModuleDefine.cmake#L11,"# Currently, the python bindings REQUIRE a shared library for
# the Iex stuff to be initialized correctly. As such, force that
# here
# TODO Change this back when these bindings are refactored",['todo'],CMake,2,11,14
