repoIndex,repoName,linkLocation,comment,keywords,buildSysteminFile,charPosition,startLine,endLine
26248,canaltp/navitia,https://github.com/canaltp/navitia/blob/28ff93279c0ff0c31ae6975747418bd3d437ef8d/source/ed/docker_tests/CMakeLists.txt#L5,"# TODO: if more data.nav have to be created, refactor this to be more generic",['todo'],CMake,0,5,5
26248,canaltp/navitia,https://github.com/canaltp/navitia/blob/28ff93279c0ff0c31ae6975747418bd3d437ef8d/source/cmake_modules/GetGitRevisionDescription.cmake#L97,"# TODO sanitize
#if((${ARGN}"" MATCHES ""&&"") OR
#	(ARGN MATCHES ""||"") OR
#	(ARGN MATCHES ""\\;""))
#	message(""Please report the following error to the project!"")
#	message(FATAL_ERROR ""Looks like someone's doing something nefarious with git_describe! Passed arguments ${ARGN}"")
#endif()",['todo'],CMake,1,97,103
