repoIndex,repoName,linkLocation,comment,keywords,buildSysteminFile,charPosition,startLine,endLine
26260,tenzir/vast,https://github.com/tenzir/vast/blob/eeea7911a3991001bb46e08c33edb4f44fccdbcd/CMakeLists.txt#L200,"# TODO: When updating to CAF 0.18, this should no longer be needed.",['todo'],CMake,0,200,200
26260,tenzir/vast,https://github.com/tenzir/vast/blob/eeea7911a3991001bb46e08c33edb4f44fccdbcd/CMakeLists.txt#L403,"# Note that we cannot use the target property INSTALL_RPATH on
# libvast_internal, because it is an interface library. We should probably fix
# this by making the config header part of libvast_internal so it is not just
# an interface library.",['fix'],CMake,2,403,406
26260,tenzir/vast,https://github.com/tenzir/vast/blob/eeea7911a3991001bb46e08c33edb4f44fccdbcd/CMakeLists.txt#L743,# TODO: Make other scripts installable as well.,['todo'],CMake,0,743,743
26260,tenzir/vast,https://github.com/tenzir/vast/blob/eeea7911a3991001bb46e08c33edb4f44fccdbcd/libvast/CMakeLists.txt#L3,"# TODO: VAST bundles robin-map in its aux directory, because we need at least
# 0.6.2, which is not widely available on package managers. We should
# investigate switching to a different map, e.g., from folly or abseil.",['todo'],CMake,0,3,5
26260,tenzir/vast,https://github.com/tenzir/vast/blob/eeea7911a3991001bb46e08c33edb4f44fccdbcd/libvast/CMakeLists.txt#L152,# TODO: Require CAF to be installed.,['todo'],CMake,0,152,152
26260,tenzir/vast,https://github.com/tenzir/vast/blob/eeea7911a3991001bb46e08c33edb4f44fccdbcd/libvast/CMakeLists.txt#L258,# Fix deprecation warnings for OpenSSL >= 3.0.,['fix'],CMake,6,258,258
26260,tenzir/vast,https://github.com/tenzir/vast/blob/eeea7911a3991001bb46e08c33edb4f44fccdbcd/libvast/CMakeLists.txt#L418,"# Allow null pointer input when hashing data of length greater 0.
# TODO: Remove this when requiring xxHash >= 0.8.1.",['todo'],CMake,9,418,419
26260,tenzir/vast,https://github.com/tenzir/vast/blob/eeea7911a3991001bb46e08c33edb4f44fccdbcd/libvast/CMakeLists.txt#L470,"# This is broken for the bundled robin-map, so we special-case it above.
# dependency_summary(""robin-map"" tsl::robin_map ""Dependencies"")",['broken'],CMake,0,470,471
26260,tenzir/vast,https://github.com/tenzir/vast/blob/eeea7911a3991001bb46e08c33edb4f44fccdbcd/libvast/CMakeLists.txt#L580,# TODO: Should we move the bundled schemas to libvast?,['todo'],CMake,0,580,580
26260,tenzir/vast,https://github.com/tenzir/vast/blob/eeea7911a3991001bb46e08c33edb4f44fccdbcd/plugins/web/CMakeLists.txt#L18,# TODO: Remove this warning once we have vendored restinio.,['todo'],CMake,0,18,18
26260,tenzir/vast,https://github.com/tenzir/vast/blob/eeea7911a3991001bb46e08c33edb4f44fccdbcd/plugins/web/CMakeLists.txt#L33,"# TODO: Vendor restinio and add a workaround to ensure that
# restinio is using our own fmt.","['todo', 'workaround']",CMake,0,33,34
26260,tenzir/vast,https://github.com/tenzir/vast/blob/eeea7911a3991001bb46e08c33edb4f44fccdbcd/vast/CMakeLists.txt#L35,"# TODO: This should be behind an option, and work for Linux as well.",['todo'],CMake,0,35,35
26260,tenzir/vast,https://github.com/tenzir/vast/blob/eeea7911a3991001bb46e08c33edb4f44fccdbcd/vast/CMakeLists.txt#L38,"# Install rc.d script on FreeBSD into PREFIX/etc/rc.d.
# TODO: Technically this can break for relocatable binaries when the install
# prefix at build-time is different than the install prefix at install-time.
# The macOS installation below handles this correctly, and the FreeBSD
# installation should be adapted to work similarly.",['todo'],CMake,2,38,42
26260,tenzir/vast,https://github.com/tenzir/vast/blob/eeea7911a3991001bb46e08c33edb4f44fccdbcd/vast/CMakeLists.txt#L66,"# Not all Linux distros use systemd, but those we care about at the moment do.
# TODO: We don't consider CPACK_PACKAGE_INSTALL_PREFIX here, this could
# potentially be solved with a more involved CPack setup. See also the
# comment at the beginning of cmake/Package.cmake.",['todo'],CMake,2,66,69
26260,tenzir/vast,https://github.com/tenzir/vast/blob/eeea7911a3991001bb46e08c33edb4f44fccdbcd/vast/CMakeLists.txt#L80,# TODO: Hide integration test suite behind an option that is enabled by default.,['todo'],CMake,0,80,80
26260,tenzir/vast,https://github.com/tenzir/vast/blob/eeea7911a3991001bb46e08c33edb4f44fccdbcd/vast/CMakeLists.txt#L188,"# TODO: Feed the last commit date in. Using the current date breaks
# deterministic builds.",['todo'],CMake,0,188,189
26260,tenzir/vast,https://github.com/tenzir/vast/blob/eeea7911a3991001bb46e08c33edb4f44fccdbcd/cmake/Findjemalloc.cmake#L71,"# We use this somewhat unusual target name to avoid a collision with
# the bundled jemalloc from Apache Arrow.
# TODO: Rename to jemalloc::jemalloc once
# https://issues.apache.org/jira/browse/ARROW-7605 is resolved.",['todo'],CMake,0,71,74
26260,tenzir/vast,https://github.com/tenzir/vast/blob/eeea7911a3991001bb46e08c33edb4f44fccdbcd/cmake/VASTPackage.cmake#L83,"# TODO: Remove all Unspecified install components. The vendored fast_float
# library always installs itself; once fastfloat/fast_float#142 is merged we can
# update the vendored library and reconsider this.",['todo'],CMake,0,83,85
26260,tenzir/vast,https://github.com/tenzir/vast/blob/eeea7911a3991001bb46e08c33edb4f44fccdbcd/cmake/VASTRegisterPlugin.cmake#L33,"# If the path is still absolute, e.g., because the full install dirs did
# were not subdirectories if the install prefix, give up and error. Nothing
# we can do here.",['give up'],CMake,4,33,35
26260,tenzir/vast,https://github.com/tenzir/vast/blob/eeea7911a3991001bb46e08c33edb4f44fccdbcd/cmake/VASTRegisterPlugin.cmake#L222,"# Generate type name functions.
# TODO: Replace with --cpp-static-reflection once available.",['todo'],CMake,8,222,223
26260,tenzir/vast,https://github.com/tenzir/vast/blob/eeea7911a3991001bb46e08c33edb4f44fccdbcd/cmake/VASTRegisterPlugin.cmake#L337,"# Globally enable compilation databases.
# TODO: Use the EXPORT_COMPILE_COMMANDS property when using CMake >= 3.20.",['todo'],CMake,2,337,338
26260,tenzir/vast,https://github.com/tenzir/vast/blob/eeea7911a3991001bb46e08c33edb4f44fccdbcd/plugins/pcap/cmake/FindPCAP.cmake#L46,"# TODO: Replace this with pkg_check_modules from the PkgConfig package, in case
# we add support for more vendor specific libpcap implementations.",['todo'],CMake,0,46,47
