repoIndex,repoName,linkLocation,comment,keywords,buildSysteminFile,charPosition,startLine,endLine
26262,qiskit/qiskit-aer,https://github.com/qiskit/qiskit-aer/blob/efc863a4d36237f85f90b4c4cd410372fa1f9409/CMakeLists.txt#L40,"# Warning: Because of a bug on CMake's FindBLAS or (it's not clear who's fault is)
# libopenblas.a for Ubuntu (maybe others) we need to copy the file:
# cmake/FindBLAS.cmake.fix-static-linking, to the directory were CMake Modules are
# installed in the system, but with the name: FindBLAS.cmake",['fix'],CMake,0,40,43
26262,qiskit/qiskit-aer,https://github.com/qiskit/qiskit-aer/blob/efc863a4d36237f85f90b4c4cd410372fa1f9409/CMakeLists.txt#L71,# TODO: We may want to change the prefix path for all the environments,['todo'],CMake,0,71,71
26262,qiskit/qiskit-aer,https://github.com/qiskit/qiskit-aer/blob/efc863a4d36237f85f90b4c4cd410372fa1f9409/cmake/Linter.cmake#L6,"# TODO: Once final checks are decided, add ""-warnings-as-errors=*"".",['todo'],CMake,8,6,6
26262,qiskit/qiskit-aer,https://github.com/qiskit/qiskit-aer/blob/efc863a4d36237f85f90b4c4cd410372fa1f9409/cmake/conan.cmake#L128,"# using GCC
# TODO: Handle other params",['todo'],CMake,8,128,129
26262,qiskit/qiskit-aer,https://github.com/qiskit/qiskit-aer/blob/efc863a4d36237f85f90b4c4cd410372fa1f9409/cmake/dependency_utils.cmake#L43,# Fix linking. See https://stackoverflow.com/questions/54068035,['fix'],CMake,2,43,43
