repoIndex,repoName,linkLocation,comment,keywords,buildSysteminFile,charPosition,startLine,endLine
26263,seqan/seqan3,https://github.com/seqan/seqan3/blob/eac077f2a34c861076056136b347e7894b687960/build_system/seqan3-package.cmake#L16,"# A description of the project, used in places such as the introduction screen of CPack-generated Windows installers.
# set (CPACK_PACKAGE_DESCRIPTION_FILE """") # TODO",['todo'],CMake,0,16,17
26263,seqan/seqan3,https://github.com/seqan/seqan3/blob/eac077f2a34c861076056136b347e7894b687960/test/cmake/seqan3_test_files.cmake#L27,# ./ is a hack to deal with empty test_base_path_relative,['hack'],CMake,4,27,27
26263,seqan/seqan3,https://github.com/seqan/seqan3/blob/eac077f2a34c861076056136b347e7894b687960/test/cmake/include_dependencies/generate_include_dependencies.cmake#L56,# ^^^ workaround / no workaround vvv,['workaround'],CMake,12,56,56
26263,seqan/seqan3,https://github.com/seqan/seqan3/blob/eac077f2a34c861076056136b347e7894b687960/test/documentation/seqan3-doxygen-package.cmake#L17,"# A description of the project, used in places such as the introduction screen of CPack-generated Windows installers.
# set (CPACK_PACKAGE_DESCRIPTION_FILE """") # TODO",['todo'],CMake,0,17,18
