repoIndex,repoName,linkLocation,comment,keywords,buildSysteminFile,charPosition,startLine,endLine
26277,ornladios/adios2,https://github.com/ornladios/adios2/blob/be626e0d4c5113a77b92f2623ef1aa34c2fd1d59/thirdparty/enet/enet/aclocal.m4#L397,"# AM_OUTPUT_DEPENDENCY_COMMANDS
# -----------------------------
# This macro should only be invoked once -- use via AC_REQUIRE.
#
# This code is only required when automatic dependency tracking
# is enabled.  FIXME.  This creates each '.P' file that we will
# need in order to bootstrap the dependency handling code.",['fixme'],Autotool,0,397,403
26277,ornladios/adios2,https://github.com/ornladios/adios2/blob/be626e0d4c5113a77b92f2623ef1aa34c2fd1d59/thirdparty/enet/enet/aclocal.m4#L797,"# If neither matched, then we have a broken ls.  This can happen
# if, for instance, CONFIG_SHELL is bash and it inherits a
# broken ls alias from the environment.  This has actually
# happened.  Such a system could not be considered ""sane"".",['broken'],Autotool,1,797,800
26277,ornladios/adios2,https://github.com/ornladios/adios2/blob/be626e0d4c5113a77b92f2623ef1aa34c2fd1d59/CMakeLists.txt#L183,# Workaround for MPI forcing the link of C++ bindings,['workaround'],CMake,2,183,183
26277,ornladios/adios2,https://github.com/ornladios/adios2/blob/be626e0d4c5113a77b92f2623ef1aa34c2fd1d59/bindings/Fortran/CMakeLists.txt#L14,"# Leaving this workaround in place but commented out just in case we need to
# re-enable it in the future
#
# Cray submodules have naming issues so just don't use them for now
#if(CMAKE_Fortran_COMPILER_ID MATCHES ""Cray"")
#  set(ADIOS2_HAVE_FORTRAN_SUBMODULES 0 CACHE INTERNAL """" FORCE)
#endif()",['workaround'],CMake,0,14,20
26277,ornladios/adios2,https://github.com/ornladios/adios2/blob/be626e0d4c5113a77b92f2623ef1aa34c2fd1d59/source/adios2/CMakeLists.txt#L334,"# CMake < 3.14 forgets to propagate private dependencies of object
# libraries.  Propagate them the same way CMake >= 3.14 do.
# FIXME: Drop this workaround when we require CMake 3.14.","['fixme', 'workaround']",CMake,6,334,336
26277,ornladios/adios2,https://github.com/ornladios/adios2/blob/be626e0d4c5113a77b92f2623ef1aa34c2fd1d59/source/adios2/toolkit/sst/CMakeLists.txt#L90,"# CMake < 3.14 forgets to propagate private dependencies of object libraries.
# Propagate them the same way CMake >= 3.14 do.
# FIXME: Drop this workaround when we require CMake 3.14.","['fixme', 'workaround']",CMake,2,90,92
26277,ornladios/adios2,https://github.com/ornladios/adios2/blob/be626e0d4c5113a77b92f2623ef1aa34c2fd1d59/testing/adios2/engine/staging-common/CMakeLists.txt#L40,# Workaround for multiple versions of FindSst,['workaround'],CMake,2,40,40
26277,ornladios/adios2,https://github.com/ornladios/adios2/blob/be626e0d4c5113a77b92f2623ef1aa34c2fd1d59/thirdparty/KWSys/adios2sys/CMakeLists.txt#L639,"#-----------------------------------------------------------------------------
# Build a list of classes and headers we need to implement the
# selected components.  Initialize with required components.",['implement'],CMake,0,639,641
26277,ornladios/adios2,https://github.com/ornladios/adios2/blob/be626e0d4c5113a77b92f2623ef1aa34c2fd1d59/cmake/CheckTypeRepresentation.cmake#L136,# TODO MacOS multi-arch support,['todo'],CMake,4,136,136
26277,ornladios/adios2,https://github.com/ornladios/adios2/blob/be626e0d4c5113a77b92f2623ef1aa34c2fd1d59/cmake/CheckTypeRepresentation.cmake#L155,"# Not all compilers support INFINITY and NAN as a const expression.
# Don't give up hope - try running it instead.",['give up'],CMake,4,155,156
26277,ornladios/adios2,https://github.com/ornladios/adios2/blob/be626e0d4c5113a77b92f2623ef1aa34c2fd1d59/cmake/upstream/FindHDF5.cmake#L532,"#can't find this component with or without the suffix
#so bail out, and let the following locate HDF5",['bail out'],CMake,16,532,533
26277,ornladios/adios2,https://github.com/ornladios/adios2/blob/be626e0d4c5113a77b92f2623ef1aa34c2fd1d59/cmake/upstream/FindPkgConfig.cmake#L606,"#[========================================[.rst:
.. command:: pkg_check_modules

  Checks for all the given modules, setting a variety of result variables in
  the calling scope.

  .. code-block:: cmake

    pkg_check_modules(<prefix>
                      [REQUIRED] [QUIET]
                      [NO_CMAKE_PATH]
                      [NO_CMAKE_ENVIRONMENT_PATH]
                      [IMPORTED_TARGET [GLOBAL]]
                      <moduleSpec> [<moduleSpec>...])

  When the ``REQUIRED`` argument is given, the command will fail with an error
  if module(s) could not be found.

  When the ``QUIET`` argument is given, no status messages will be printed.

  By default, if :variable:`CMAKE_MINIMUM_REQUIRED_VERSION` is 3.1 or
  later, or if :variable:`PKG_CONFIG_USE_CMAKE_PREFIX_PATH` is set to a
  boolean ``True`` value, then the :variable:`CMAKE_PREFIX_PATH`,
  :variable:`CMAKE_FRAMEWORK_PATH`, and :variable:`CMAKE_APPBUNDLE_PATH` cache
  and environment variables will be added to the ``pkg-config`` search path.
  The ``NO_CMAKE_PATH`` and ``NO_CMAKE_ENVIRONMENT_PATH`` arguments
  disable this behavior for the cache variables and environment variables
  respectively.

  The ``IMPORTED_TARGET`` argument will create an imported target named
  ``PkgConfig::<prefix>`` that can be passed directly as an argument to
  :command:`target_link_libraries`. The ``GLOBAL`` argument will make the
  imported target available in global scope.

  Each ``<moduleSpec>`` can be either a bare module name or it can be a
  module name with a version constraint (operators ``=``, ``<``, ``>``,
  ``<=`` and ``>=`` are supported).  The following are examples for a module
  named ``foo`` with various constraints:

  - ``foo`` matches any version.
  - ``foo<2`` only matches versions before 2.
  - ``foo>=3.1`` matches any version from 3.1 or later.
  - ``foo=1.2.3`` requires that foo must be exactly version 1.2.3.

  The following variables may be set upon return.  Two sets of values exist:
  One for the common case (``<XXX> = <prefix>``) and another for the
  information ``pkg-config`` provides when called with the ``--static``
  option (``<XXX> = <prefix>_STATIC``).

  ``<XXX>_FOUND``
    set to 1 if module(s) exist
  ``<XXX>_LIBRARIES``
    only the libraries (without the '-l')
  ``<XXX>_LINK_LIBRARIES``
    the libraries and their absolute paths
  ``<XXX>_LIBRARY_DIRS``
    the paths of the libraries (without the '-L')
  ``<XXX>_LDFLAGS``
    all required linker flags
  ``<XXX>_LDFLAGS_OTHER``
    all other linker flags
  ``<XXX>_INCLUDE_DIRS``
    the '-I' preprocessor flags (without the '-I')
  ``<XXX>_CFLAGS``
    all required cflags
  ``<XXX>_CFLAGS_OTHER``
    the other compiler flags

  All but ``<XXX>_FOUND`` may be a :ref:`;-list <CMake Language Lists>` if the
  associated variable returned from ``pkg-config`` has multiple values.

  There are some special variables whose prefix depends on the number of
  ``<moduleSpec>`` given.  When there is only one ``<moduleSpec>``,
  ``<YYY>`` will simply be ``<prefix>``, but if two or more ``<moduleSpec>``
  items are given, ``<YYY>`` will be ``<prefix>_<moduleName>``.

  ``<YYY>_VERSION``
    version of the module
  ``<YYY>_PREFIX``
    prefix directory of the module
  ``<YYY>_INCLUDEDIR``
    include directory of the module
  ``<YYY>_LIBDIR``
    lib directory of the module

  Examples:

  .. code-block:: cmake

    pkg_check_modules (GLIB2 glib-2.0)

  Looks for any version of glib2.  If found, the output variable
  ``GLIB2_VERSION`` will hold the actual version found.

  .. code-block:: cmake

    pkg_check_modules (GLIB2 glib-2.0>=2.10)

  Looks for at least version 2.10 of glib2.  If found, the output variable
  ``GLIB2_VERSION`` will hold the actual version found.

  .. code-block:: cmake

    pkg_check_modules (FOO glib-2.0>=2.10 gtk+-2.0)

  Looks for both glib2-2.0 (at least version 2.10) and any version of
  gtk2+-2.0.  Only if both are found will ``FOO`` be considered found.
  The ``FOO_glib-2.0_VERSION`` and ``FOO_gtk+-2.0_VERSION`` variables will be
  set to their respective found module versions.

  .. code-block:: cmake

    pkg_check_modules (XRENDER REQUIRED xrender)

  Requires any version of ``xrender``.  Example output variables set by a
  successful call::

    XRENDER_LIBRARIES=Xrender;X11
    XRENDER_STATIC_LIBRARIES=Xrender;X11;pthread;Xau;Xdmcp
#]========================================]",['xxx'],CMake,0,606,725
26277,ornladios/adios2,https://github.com/ornladios/adios2/blob/be626e0d4c5113a77b92f2623ef1aa34c2fd1d59/thirdparty/EVPath/EVPath/cmake/upstream/FindPkgConfig.cmake#L511,"#[========================================[.rst:
.. command:: pkg_check_modules

  Checks for all the given modules, setting a variety of result variables in
  the calling scope. ::

    pkg_check_modules(<prefix>
                      [REQUIRED] [QUIET]
                      [NO_CMAKE_PATH]
                      [NO_CMAKE_ENVIRONMENT_PATH]
                      [IMPORTED_TARGET [GLOBAL]]
                      <moduleSpec> [<moduleSpec>...])

  When the ``REQUIRED`` argument is given, the command will fail with an error
  if module(s) could not be found.

  When the ``QUIET`` argument is given, no status messages will be printed.

  By default, if :variable:`CMAKE_MINIMUM_REQUIRED_VERSION` is 3.1 or
  later, or if :variable:`PKG_CONFIG_USE_CMAKE_PREFIX_PATH` is set to a
  boolean ``True`` value, then the :variable:`CMAKE_PREFIX_PATH`,
  :variable:`CMAKE_FRAMEWORK_PATH`, and :variable:`CMAKE_APPBUNDLE_PATH` cache
  and environment variables will be added to the ``pkg-config`` search path.
  The ``NO_CMAKE_PATH`` and ``NO_CMAKE_ENVIRONMENT_PATH`` arguments
  disable this behavior for the cache variables and environment variables
  respectively.

  The ``IMPORTED_TARGET`` argument will create an imported target named
  ``PkgConfig::<prefix>`` that can be passed directly as an argument to
  :command:`target_link_libraries`. The ``GLOBAL`` argument will make the
  imported target available in global scope.

  Each ``<moduleSpec>`` can be either a bare module name or it can be a
  module name with a version constraint (operators ``=``, ``<``, ``>``,
  ``<=`` and ``>=`` are supported).  The following are examples for a module
  named ``foo`` with various constraints::

    foo           # Any version matches
    foo<2         # Only match versions before 2
    foo>=3.1      # Match any version from 3.1 or later
    foo=1.2.3     # Foo must be exactly version 1.2.3

  The following variables may be set upon return.  Two sets of values exist,
  one for the common case (``<XXX> = <prefix>``) and another for the
  information ``pkg-config`` provides when it is called with the ``--static``
  option (``<XXX> = <prefix>_STATIC``)::

    <XXX>_FOUND          ... set to 1 if module(s) exist
    <XXX>_LIBRARIES      ... only the libraries (without the '-l')
    <XXX>_LINK_LIBRARIES ... the libraries and their absolute paths
    <XXX>_LIBRARY_DIRS   ... the paths of the libraries (without the '-L')
    <XXX>_LDFLAGS        ... all required linker flags
    <XXX>_LDFLAGS_OTHER  ... all other linker flags
    <XXX>_INCLUDE_DIRS   ... the '-I' preprocessor flags (without the '-I')
    <XXX>_CFLAGS         ... all required cflags
    <XXX>_CFLAGS_OTHER   ... the other compiler flags

  All but ``<XXX>_FOUND`` may be a :ref:`;-list <CMake Language Lists>` if the
  associated variable returned from ``pkg-config`` has multiple values.

  There are some special variables whose prefix depends on the number of
  ``<moduleSpec>`` given.  When there is only one ``<moduleSpec>``,
  ``<YYY>`` will simply be ``<prefix>``, but if two or more ``<moduleSpec>``
  items are given, ``<YYY>`` will be ``<prefix>_<moduleName>``::

    <YYY>_VERSION    ... version of the module
    <YYY>_PREFIX     ... prefix directory of the module
    <YYY>_INCLUDEDIR ... include directory of the module
    <YYY>_LIBDIR     ... lib directory of the module

  Examples

  .. code-block:: cmake

    pkg_check_modules (GLIB2 glib-2.0)

  Looks for any version of glib2.  If found, the output variable
  ``GLIB2_VERSION`` will hold the actual version found.

  .. code-block:: cmake

    pkg_check_modules (GLIB2 glib-2.0>=2.10)

  Looks for at least version 2.10 of glib2.  If found, the output variable
  ``GLIB2_VERSION`` will hold the actual version found.

  .. code-block:: cmake

    pkg_check_modules (FOO glib-2.0>=2.10 gtk+-2.0)

  Looks for both glib2-2.0 (at least version 2.10) and any version of
  gtk2+-2.0.  Only if both are found will ``FOO`` be considered found.
  The ``FOO_glib-2.0_VERSION`` and ``FOO_gtk+-2.0_VERSION`` variables will be
  set to their respective found module versions.

  .. code-block:: cmake

    pkg_check_modules (XRENDER REQUIRED xrender)

  Requires any version of ``xrender``.  Example output variables set by a
  successful call::

    XRENDER_LIBRARIES=Xrender;X11
    XRENDER_STATIC_LIBRARIES=Xrender;X11;pthread;Xau;Xdmcp
#]========================================]",['xxx'],CMake,0,511,615
26277,ornladios/adios2,https://github.com/ornladios/adios2/blob/be626e0d4c5113a77b92f2623ef1aa34c2fd1d59/thirdparty/GTest/googletest/googletest/cmake/internal_utils.cmake#L73,"# Newlines inside flags variables break CMake's NMake generator.
# TODO(vladl@google.com): Add -RTCs and -RTCu to debug builds.",['todo'],CMake,4,73,74
26277,ornladios/adios2,https://github.com/ornladios/adios2/blob/be626e0d4c5113a77b92f2623ef1aa34c2fd1d59/thirdparty/KWSys/adios2sys/kwsysPlatformTests.cmake#L171,# We can implement this macro on CMake 2.6 and above.,['implement'],CMake,2,171,171
