repoIndex,repoName,linkLocation,comment,keywords,buildSysteminFile,charPosition,startLine,endLine
26288,open-telemetry/opentelemetry-cpp,https://github.com/open-telemetry/opentelemetry-cpp/blob/85b78784a5516667afe11a1b238fdbf4ac7915b0/tools/ports/opentelemetry/portfile.cmake#L19,"# TODO: if building dynamic, use portable ABI. if building static, use STDLIB",['todo'],CMake,0,19,19
26288,open-telemetry/opentelemetry-cpp,https://github.com/open-telemetry/opentelemetry-cpp/blob/85b78784a5516667afe11a1b238fdbf4ac7915b0/tools/ports/opentelemetry/portfile.cmake#L42,"# TODO: it will be slightly cleaner to perform pure CMake or Ninja build, by describing all possible variable options
# as separate triplets. Since we have a fairly non-trivial build logic in build.sh script - we use it as-is for now.
# build.sh itself should check if we are building under vcpkg and avoid installing deps that are coming from vcpkg.",['todo'],CMake,0,42,44
26288,open-telemetry/opentelemetry-cpp,https://github.com/open-telemetry/opentelemetry-cpp/blob/85b78784a5516667afe11a1b238fdbf4ac7915b0/tools/ports/opentelemetry/portfile.cmake#L67,# TODO: verify Windows build,['todo'],CMake,2,67,67
26288,open-telemetry/opentelemetry-cpp,https://github.com/open-telemetry/opentelemetry-cpp/blob/85b78784a5516667afe11a1b238fdbf4ac7915b0/tools/ports/opentelemetry/portfile.cmake#L72,# TODO: add Windows headers installation step,['todo'],CMake,2,72,72
