repoIndex,repoName,linkLocation,comment,keywords,buildSysteminFile,charPosition,startLine,endLine
26458,sfml/sfml,https://github.com/sfml/sfml/blob/3a3935d00569c5cf3dbd684ab10e54e8480df167/CMakeLists.txt#L133,"# this is a workaround to compile sfml-activity without the stl library as a dependency
# we save the original compilation command line to restore it later in Macro.cmake",['workaround'],CMake,4,133,134
26458,sfml/sfml,https://github.com/sfml/sfml/blob/3a3935d00569c5cf3dbd684ab10e54e8480df167/CMakeLists.txt#L225,"# SFML_BUILD_FRAMEWORKS needs two things:
# first, it's available only for release
#    (because cmake currently doesn't allow specifying a custom framework name so XXX-d is not possible)
# secondly, it works only with BUILD_SHARED_LIBS enabled",['xxx'],CMake,4,225,228
26458,sfml/sfml,https://github.com/sfml/sfml/blob/3a3935d00569c5cf3dbd684ab10e54e8480df167/CMakeLists.txt#L479,# fix CMake install rules broken for iOS (see http://public.kitware.com/Bug/view.php?id=12506),"['fix', 'broken']",CMake,4,479,479
26458,sfml/sfml,https://github.com/sfml/sfml/blob/3a3935d00569c5cf3dbd684ab10e54e8480df167/test/CMakeLists.txt#L77,# TODO: Remove when there are real tests,['todo'],CMake,20,77,77
26458,sfml/sfml,https://github.com/sfml/sfml/blob/3a3935d00569c5cf3dbd684ab10e54e8480df167/cmake/toolchains/iOS.toolchain.cmake#L96,"# hack: if a new cmake (which uses CMAKE_INSTALL_NAME_TOOL) runs on an old build tree
# (where install_name_tool was hardcoded) and where CMAKE_INSTALL_NAME_TOOL isn't in the cache
# and still cmake didn't fail in CMakeFindBinUtils.cmake (because it isn't rerun)
# hardcode CMAKE_INSTALL_NAME_TOOL here to install_name_tool, so it behaves as it did before, Alex",['hack'],CMake,0,96,99
