repoIndex,repoName,linkLocation,comment,keywords,buildSysteminFile,charPosition,startLine,endLine
26465,lmms/lmms,https://github.com/lmms/lmms/blob/e407e73e241c1e1eb1375387986578fa1c287168/CMakeLists.txt#L96,# Fix linking on 10.14+. See issue #4762 on github,['fix'],CMake,1,96,96
26465,lmms/lmms,https://github.com/lmms/lmms/blob/e407e73e241c1e1eb1375387986578fa1c287168/CMakeLists.txt#L129,# TODO: Fix linking issues with msys debug builds,"['fix', 'todo']",CMake,0,129,129
26465,lmms/lmms,https://github.com/lmms/lmms/blob/e407e73e241c1e1eb1375387986578fa1c287168/CMakeLists.txt#L330,# fix mingw since 53abd65,['fix'],CMake,2,330,330
26465,lmms/lmms,https://github.com/lmms/lmms/blob/e407e73e241c1e1eb1375387986578fa1c287168/cmake/apple/CMakeLists.txt#L14,"# FIXME: appdmg won't allow volume names > 27 char
# See also https://github.com/LinusU/node-appdmg/issues/48",['fixme'],CMake,0,14,15
26465,lmms/lmms,https://github.com/lmms/lmms/blob/e407e73e241c1e1eb1375387986578fa1c287168/cmake/nsis/CMakeLists.txt#L47,# Fix windows paths for msys,['fix'],CMake,0,47,47
26465,lmms/lmms,https://github.com/lmms/lmms/blob/e407e73e241c1e1eb1375387986578fa1c287168/cmake/nsis/CMakeLists.txt#L54,"# FIXME: there's no easy way to fix $INST_DIR, so we'll redefine it manually","['fix', 'fixme']",CMake,1,54,54
26465,lmms/lmms,https://github.com/lmms/lmms/blob/e407e73e241c1e1eb1375387986578fa1c287168/plugins/VstBase/RemoteVstPlugin/CMakeLists.txt#L59,# Workaround for missing WinMain,['workaround'],CMake,0,59,59
26465,lmms/lmms,https://github.com/lmms/lmms/blob/e407e73e241c1e1eb1375387986578fa1c287168/plugins/ZynAddSubFx/CMakeLists.txt#L32,# fix X11 headers errors caused by bug with mingw + c++11 (enable -std=gnu++0x),['fix'],CMake,1,32,32
26465,lmms/lmms,https://github.com/lmms/lmms/blob/e407e73e241c1e1eb1375387986578fa1c287168/tests/CMakeLists.txt#L11,# FIXME: remove this once we export include directories for LMMS,['fixme'],CMake,0,11,11
26465,lmms/lmms,https://github.com/lmms/lmms/blob/e407e73e241c1e1eb1375387986578fa1c287168/cmake/modules/BashCompletion.cmake#L24,"# - Windows does not support bash completion
# - macOS support should eventually be added for Homebrew (TODO)",['todo'],CMake,0,24,25
26465,lmms/lmms,https://github.com/lmms/lmms/blob/e407e73e241c1e1eb1375387986578fa1c287168/cmake/modules/DetectMachine.cmake#L29,# TODO: This seems a bit presumptous,['todo'],CMake,1,29,29
26465,lmms/lmms,https://github.com/lmms/lmms/blob/e407e73e241c1e1eb1375387986578fa1c287168/cmake/modules/DetectMachine.cmake#L81,"# Cross-compiled
# TODO: Handle Windows ARM64 targets",['todo'],CMake,2,81,82
26465,lmms/lmms,https://github.com/lmms/lmms/blob/e407e73e241c1e1eb1375387986578fa1c287168/cmake/modules/FindWine.cmake#L53,# Fix library search directory according to the target bitness,['fix'],CMake,2,53,53
26465,lmms/lmms,https://github.com/lmms/lmms/blob/e407e73e241c1e1eb1375387986578fa1c287168/plugins/VstBase/RemoteVstPlugin32.cmake#L31,"#TODO: qt5 installed using vcpkg: I don't know how to detect if the user built the x86 version of qt5 from here. At least not cleanly.
#So for the moment, we'll allow the built.",['todo'],CMake,1,31,32
