repoIndex,repoName,linkLocation,comment,keywords,buildSysteminFile,charPosition,startLine,endLine
26470,openscad/openscad,https://github.com/openscad/openscad/blob/57b42557de8f42112d003a978f95725a351866ad/CMakeLists.txt#L75,"# TODO use more specific commands ""target_compile_options"" etc. to avoid potentially affecting submodules?",['todo'],CMake,2,75,75
26470,openscad/openscad,https://github.com/openscad/openscad/blob/57b42557de8f42112d003a978f95725a351866ad/tests/CMakeLists.txt#L245,# These are less broken than before:,['broken'],CMake,2,245,245
26470,openscad/openscad,https://github.com/openscad/openscad/blob/57b42557de8f42112d003a978f95725a351866ad/tests/CMakeLists.txt#L285,# Less broken and no green faces,['broken'],CMake,2,285,285
26470,openscad/openscad,https://github.com/openscad/openscad/blob/57b42557de8f42112d003a978f95725a351866ad/tests/CMakeLists.txt#L767,"# FIXME: This test illustrates a weakness in child() combined with modifiers.
# Reenable it when this is improved",['fixme'],CMake,2,767,768
26470,openscad/openscad,https://github.com/openscad/openscad/blob/57b42557de8f42112d003a978f95725a351866ad/tests/CMakeLists.txt#L787,"# The inf/nan tests fail when exporting CSG and rendering that output again
# as currently inf/nan is written directly to the CSG file (e.g. r = inf)
# which is not valid or even misleading in case a variable inf exists.
# FIXME: define export behavior for inf/nan when exporting CSG files
# These tests return error code 1.
# FIXME: We should have a way of running these and verify the return code",['fixme'],CMake,2,787,792
26470,openscad/openscad,https://github.com/openscad/openscad/blob/57b42557de8f42112d003a978f95725a351866ad/tests/CMakeLists.txt#L922,# Workaround Gallium bugs,['workaround'],CMake,0,922,922
26470,openscad/openscad,https://github.com/openscad/openscad/blob/57b42557de8f42112d003a978f95725a351866ad/tests/CMakeLists.txt#L1011,"# FIXME: We don't actually need to compare the output of cgalstlsanitytest
# with anything. It's self-contained and returns != 0 on error",['fixme'],CMake,0,1011,1012
26470,openscad/openscad,https://github.com/openscad/openscad/blob/57b42557de8f42112d003a978f95725a351866ad/tests/CMakeLists.txt#L1232,"# FIXME - this breaks on older cmake that is very common 'in the wild' on linux
# Override simple variable",['fixme'],CMake,0,1232,1233
26470,openscad/openscad,https://github.com/openscad/openscad/blob/57b42557de8f42112d003a978f95725a351866ad/tests/CMingw-cross-env.cmake#L91,# Fix for finding PkgConfig: see https://github.com/mxe/mxe/issues/1023,['fix'],CMake,0,91,91
26470,openscad/openscad,https://github.com/openscad/openscad/blob/57b42557de8f42112d003a978f95725a351866ad/tests/CMingw-cross-env.cmake#L109,"#
# Qt4
# 
# To workaround problems with CMake's FindQt4.cmake when combined with 
# mingw-cross-env (circa early 2012), we here instead use pkg-config. To 
# workaround Cmake's insertion of -bdynamic, we stick 'static' on the 
# end of QT_LIBRARIES
#",['workaround'],CMake,0,109,116
