repoIndex,repoName,linkLocation,comment,keywords,buildSysteminFile,charPosition,startLine,endLine
26471,mumble-voip/mumble,https://github.com/mumble-voip/mumble/blob/40f2edb3023ec4584cbfa4be57e6726304566d67/src/mumble/CMakeLists.txt#L1152,"# Workaround for a cmake bug that causes the auto-generated UI files (AutoUIC) to not be added
# to the target's interface include directories. This can cause missing include errors in targets
# linking to mumble_client_object_lib.
# cmake bug report: https://gitlab.kitware.com/cmake/cmake/-/issues/17456",['workaround'],CMake,0,1152,1155
26471,mumble-voip/mumble,https://github.com/mumble-voip/mumble/blob/40f2edb3023ec4584cbfa4be57e6726304566d67/cmake/delayed_configure_files.cmake#L89,"# Create a command to generate an intermediary cmake script that will take care of configuring the respective
# files, once executed",['take care'],CMake,1,89,90
