repoIndex,repoName,linkLocation,comment,keywords,buildSysteminFile,charPosition,startLine,endLine
26504,facebook/bistro,https://github.com/facebook/bistro/blob/90b9c33c5514a76edeb05f3ffec188a4d60ff606/bistro/cmake/setup.cmake#L19,"# A hack to include a stub for some FB-specific includes under ""common/"".",['hack'],CMake,2,19,19
26504,facebook/bistro,https://github.com/facebook/bistro/blob/90b9c33c5514a76edeb05f3ffec188a4d60ff606/bistro/cmake/setup.cmake#L24,"# Future: update the Buck -> CMake script to resolve deps to the below
# instead of linking everything to everything?
#
# Keep the non-Boost dependencies alphabetical, and update `bistro_deps` below.
#
# IMPORTANT: It appears that as of 10/2020, finding Boost does not work well
# with `find_dependency`.  Namely, the next line runs first, and all the
# other components that are e.g. requested by `proxygen` are never found.
# So we have to maintain our component list as a superset of everything that
# our dependencies use.  Please annotate these with ""<project> superset hack"".",['hack'],CMake,0,24,33
26504,facebook/bistro,https://github.com/facebook/bistro/blob/90b9c33c5514a76edeb05f3ffec188a4d60ff606/bistro/cmake/setup.cmake#L39,"# `proxygen` superset hack, see above",['hack'],CMake,15,39,39
26504,facebook/bistro,https://github.com/facebook/bistro/blob/90b9c33c5514a76edeb05f3ffec188a4d60ff606/bistro/cmake/setup.cmake#L98,"# Future: kill this, just link `bistro_deps` directly.
#
# Use this instead of target_link_libraries() because pretty much everything
# depends on these libraries.  If CMake does not know about the
# dependencies, it is might use the wrong link order, and then you'll see
# mysterious errors like ""DSO missing from command line"".
#
# TODO: Some of the above dependencies, like SQLite and libthrift, are only
# used by a few modules.  Consider splitting them out?",['todo'],CMake,0,98,106
26504,facebook/bistro,https://github.com/facebook/bistro/blob/90b9c33c5514a76edeb05f3ffec188a4d60ff606/build/fbcode_builder/CMake/FBCMakeParseArgs.cmake#L1,"#
# Copyright (c) Facebook, Inc. and its affiliates.
#
# Helper function for parsing arguments to a CMake function.
#
# This function is very similar to CMake's built-in cmake_parse_arguments()
# function, with some improvements:
# - This function correctly handles empty arguments.  (cmake_parse_arguments()
#   ignores empty arguments.)
# - If a multi-value argument is specified more than once, the subsequent
#   arguments are appended to the original list rather than replacing it.  e.g.
#   if ""SOURCES"" is a multi-value argument, and the argument list contains
#   ""SOURCES a b c SOURCES x y z"" then the resulting value for SOURCES will be
#   ""a;b;c;x;y;z"" rather than ""x;y;z""
# - This function errors out by default on unrecognized arguments.  You can
#   pass in an extra ""ALLOW_UNPARSED_ARGS"" argument to make it behave like
#   cmake_parse_arguments(), and return the unparsed arguments in a
#   <prefix>_UNPARSED_ARGUMENTS variable instead.
#
# It does look like cmake_parse_arguments() handled empty arguments correctly
# from CMake 3.0 through 3.3, but it seems like this was probably broken when
# it was turned into a built-in function in CMake 3.4.  Here is discussion and
# patches that fixed this behavior prior to CMake 3.0:
# https://cmake.org/pipermail/cmake-developers/2013-November/020607.html
#
# The one downside to this function over the built-in cmake_parse_arguments()
# is that I don't think we can achieve the PARSE_ARGV behavior in a non-builtin
# function, so we can't properly handle arguments that contain "";"".  CMake will
# treat the "";"" characters as list element separators, and treat it as multiple
# separate arguments.
#",['broken'],CMake,0,1,31
26504,facebook/bistro,https://github.com/facebook/bistro/blob/90b9c33c5514a76edeb05f3ffec188a4d60ff606/build/fbcode_builder/CMake/FBCMakeParseArgs.cmake#L49,"# TODO: We aren't extremely strict about error checking for one-value
# arguments here.  e.g., we don't complain if a one-value argument is
# followed by another option/one-value/multi-value name rather than an
# argument.  We also don't complain if a one-value argument is the last
# argument and isn't followed by a value.",['todo'],CMake,2,49,53
26504,facebook/bistro,https://github.com/facebook/bistro/blob/90b9c33c5514a76edeb05f3ffec188a4d60ff606/build/fbcode_builder/CMake/FBCMakeParseArgs.cmake#L125,"# TODO: Our caller still won't be able to distinguish between an empty
# list and a list with a single empty element.  We can tell which is
# which, but CMake lists don't make it easy to show this to our caller.",['todo'],CMake,6,125,127
26504,facebook/bistro,https://github.com/facebook/bistro/blob/90b9c33c5514a76edeb05f3ffec188a4d60ff606/build/fbcode_builder/CMake/FBPythonBinary.cmake#L50,"# TODO: On Windows we require the Python libraries as well.
# We currently do not search for them on this code path.
# For now we require building with CMake 3.12+ on Windows, so that the
# FindPython3 code path above is available.",['todo'],CMake,6,50,53
26504,facebook/bistro,https://github.com/facebook/bistro/blob/90b9c33c5514a76edeb05f3ffec188a4d60ff606/build/fbcode_builder/CMake/FBPythonBinary.cmake#L187,"# TODO: generate a main executable that will invoke Python3
# with the correct main module inside the output directory",['todo'],CMake,6,187,188
26504,facebook/bistro,https://github.com/facebook/bistro/blob/90b9c33c5514a76edeb05f3ffec188a4d60ff606/build/fbcode_builder/CMake/FBPythonBinary.cmake#L334,"#
# Define a python library.
#
# If you want to install a python library generated from this rule note that
# you need to use install_fb_python_library() rather than CMake's built-in
# install() function.  This will make it available for other downstream
# projects to use in their add_fb_python_executable() and
# add_fb_python_library() calls.  (You do still need to use `install(EXPORT)`
# later to install the CMake exports.)
#
# Parameters:
# - BASE_DIR <dir>:
#   The base directory path to strip off from each source path.  All source
#   files must be inside this directory.  If not specified it defaults to
#   ${CMAKE_CURRENT_SOURCE_DIR}.
# - NAMESPACE <namespace>:
#   The destination namespace where these files should be installed in python
#   binaries.  If not specified, this defaults to the current relative path of
#   ${CMAKE_CURRENT_SOURCE_DIR} inside ${CMAKE_SOURCE_DIR}.  e.g., a python
#   library defined in the directory repo_root/foo/bar will use a default
#   namespace of ""foo.bar""
# - SOURCES <src1> <...>:
#   The python source files.
#   You may optionally specify as source using the form: PATH=ALIAS where
#   PATH is a relative path in the source tree and ALIAS is the relative
#   path into which PATH should be rewritten.  This is useful for mapping
#   an executable script to the main module in a python executable.
#   e.g.: `python/bin/watchman-wait=__main__.py`
# - DEPENDS <target1> <...>:
#   Other python libraries that this one depends on.
# - INSTALL_DIR <dir>:
#   The directory where this library should be installed.
#   install_fb_python_library() must still be called later to perform the
#   installation.  If a relative path is given it will be treated relative to
#   ${CMAKE_INSTALL_PREFIX}
#
# CMake is unfortunately pretty crappy at being able to define custom build
# rules & behaviors.  It doesn't support transitive property propagation
# between custom targets; only the built-in add_executable() and add_library()
# targets support transitive properties.
#
# We hack around this janky CMake behavior by (ab)using interface libraries to
# propagate some of the data we want between targets, without actually
# generating a C library.
#
# add_fb_python_library(SOMELIB) generates the following things:
# - An INTERFACE library rule named SOMELIB.py_lib which tracks some
#   information about transitive dependencies:
#   - the transitive set of source files in the INTERFACE_SOURCES property
#   - the transitive set of manifest files that this library depends on in
#     the INTERFACE_INCLUDE_DIRECTORIES property.
# - A custom command that generates a SOMELIB.manifest file.
#   This file contains the mapping of source files to desired destination
#   locations in executables that depend on this library.  This manifest file
#   will then be read at build-time in order to build executables.
#",['hack'],CMake,0,334,389
26504,facebook/bistro,https://github.com/facebook/bistro/blob/90b9c33c5514a76edeb05f3ffec188a4d60ff606/build/fbcode_builder/CMake/FBPythonBinary.cmake#L420,"# TODO: In the future it would be nice to support pre-compiling the source
# files.  We could emit a rule to compile each source file and emit a
# .pyc/.pyo file here, and then have the manifest reference the pyc/pyo
# files.",['todo'],CMake,2,420,423
26504,facebook/bistro,https://github.com/facebook/bistro/blob/90b9c33c5514a76edeb05f3ffec188a4d60ff606/build/fbcode_builder/CMake/FindGflags.cmake#L45,"# The gflags-devel RPM on recent RedHat-based systems is somewhat broken.
# RedHat symlinks /lib64 to /usr/lib64, and this breaks some of the
# relative path computation performed in gflags-config.cmake.  The package
# config file ends up being found via /lib64, but the relative path
# computation it does only works if it was found in /usr/lib64.
# If gflags_INCLUDE_DIR does not actually exist, simply default it to
# /usr/include on these systems.",['broken'],CMake,4,45,51
26504,facebook/bistro,https://github.com/facebook/bistro/blob/90b9c33c5514a76edeb05f3ffec188a4d60ff606/build/fbcode_builder/CMake/FindLibEvent.cmake#L31,"# Unfortunately, with a bare target name `event`, downstream consumers
# of the package that depends on `Libevent` located via CONFIG end
# up exporting just a bare `event` in their libraries.  This is problematic
# because this in interpreted as just `-levent` with no library path.
# When libevent is not installed in the default installation prefix
# this results in linker errors.
# To resolve this, we ask cmake to lookup the full path to the library
# and use that instead.",['is problematic'],CMake,2,31,38
