repoIndex,repoName,linkLocation,comment,keywords,buildSysteminFile,charPosition,startLine,endLine
26510,multitheftauto/mtasa-blue,https://github.com/multitheftauto/mtasa-blue/blob/2141bf1276bfeafc032e931fb51159efbd152960/Shared/publicsdk/Makefile.am#L11,"#TODO:
# the windows project uses the internal LUA, why?",['todo'],Autotool,0,11,12
26510,multitheftauto/mtasa-blue,https://github.com/multitheftauto/mtasa-blue/blob/2141bf1276bfeafc032e931fb51159efbd152960/vendor/google-breakpad/aclocal.m4#L103,"# Microsoft lib, so override with the ar-lib wrapper script.
# FIXME: It is wrong to rewrite AR.
# But if we don't then we get into trouble of one sort or another.
# A longer-term fix would be to have automake use am__AR in this case,
# and then we could set am__AR=""$am_aux_dir/ar-lib \$(AR)"" or something
# similar.","['fix', 'fixme']",Autotool,2,103,108
26510,multitheftauto/mtasa-blue,https://github.com/multitheftauto/mtasa-blue/blob/2141bf1276bfeafc032e931fb51159efbd152960/vendor/google-breakpad/aclocal.m4#L476,"# AM_OUTPUT_DEPENDENCY_COMMANDS
# -----------------------------
# This macro should only be invoked once -- use via AC_REQUIRE.
#
# This code is only required when automatic dependency tracking
# is enabled.  FIXME.  This creates each '.P' file that we will
# need in order to bootstrap the dependency handling code.",['fixme'],Autotool,0,476,482
26510,multitheftauto/mtasa-blue,https://github.com/multitheftauto/mtasa-blue/blob/2141bf1276bfeafc032e931fb51159efbd152960/vendor/google-breakpad/aclocal.m4#L948,"# Losing compiler, so override with the script.
# FIXME: It is wrong to rewrite CC.
# But if we don't then we get into trouble of one sort or another.
# A longer-term fix would be to have automake use am__CC in this case,
# and then we could set am__CC=""\$(top_srcdir)/compile \$(CC)""","['fix', 'fixme']",Autotool,3,948,952
26510,multitheftauto/mtasa-blue,https://github.com/multitheftauto/mtasa-blue/blob/2141bf1276bfeafc032e931fb51159efbd152960/vendor/google-breakpad/aclocal.m4#L1019,"# If neither matched, then we have a broken ls.  This can happen
# if, for instance, CONFIG_SHELL is bash and it inherits a
# broken ls alias from the environment.  This has actually
# happened.  Such a system could not be considered ""sane"".",['broken'],Autotool,1,1019,1022
26510,multitheftauto/mtasa-blue,https://github.com/multitheftauto/mtasa-blue/blob/2141bf1276bfeafc032e931fb51159efbd152960/vendor/sparsehash/aclocal.m4#L396,"# AM_OUTPUT_DEPENDENCY_COMMANDS
# -----------------------------
# This macro should only be invoked once -- use via AC_REQUIRE.
#
# This code is only required when automatic dependency tracking
# is enabled.  FIXME.  This creates each `.P' file that we will
# need in order to bootstrap the dependency handling code.",['fixme'],Autotool,0,396,402
26510,multitheftauto/mtasa-blue,https://github.com/multitheftauto/mtasa-blue/blob/2141bf1276bfeafc032e931fb51159efbd152960/vendor/sparsehash/aclocal.m4#L802,"# If neither matched, then we have a broken ls.  This can happen
# if, for instance, CONFIG_SHELL is bash and it inherits a
# broken ls alias from the environment.  This has actually
# happened.  Such a system could not be considered ""sane"".",['broken'],Autotool,6,802,805
