repoIndex,repoName,linkLocation,comment,keywords,buildSysteminFile,charPosition,startLine,endLine
26539,slicer/slicer,https://github.com/slicer/slicer/blob/f89ecbe4ca7f58a9eee0aacae0ad105f6b76e3cc/CMakeLists.txt#L814,# XXX,['xxx'],CMake,55,814,814
26539,slicer/slicer,https://github.com/slicer/slicer/blob/f89ecbe4ca7f58a9eee0aacae0ad105f6b76e3cc/CMakeLists.txt#L931,"#-----------------------------------------------------------------------------
# Teem
#-----------------------------------------------------------------------------
# XXX Waiting teem provide a correct TeemConfig.cmake exporting targets, this is needed
#     to ensure the link_directories for teem is defined and avoid error like:
#     warning: libteem.so.1, needed by ../../../../bin/libvtkTeem.so, may conflict with libteem.so.2",['xxx'],CMake,0,931,936
26539,slicer/slicer,https://github.com/slicer/slicer/blob/f89ecbe4ca7f58a9eee0aacae0ad105f6b76e3cc/Base/QTCLI/CMakeLists.txt#L98,"# HACK Explicitly list transitive VTK dependencies because _get_dependencies_recurse
# used in vtkAddon/CMake/vtkMacroKitPythonWrap.cmake only recurses over dependencies
# that are VTK python wrapped.",['hack'],CMake,2,98,100
26539,slicer/slicer,https://github.com/slicer/slicer/blob/f89ecbe4ca7f58a9eee0aacae0ad105f6b76e3cc/Base/QTCore/CMakeLists.txt#L249,"# TODO: this resolves link errors on windows, but shouldn't be
# needed - issue may lie with ctk external library macros?",['todo'],CMake,4,249,250
26539,slicer/slicer,https://github.com/slicer/slicer/blob/f89ecbe4ca7f58a9eee0aacae0ad105f6b76e3cc/Libs/vtkTeem/CMakeLists.txt#L37,"# XXX Since no TeemConfigVersion.cmake is configured, let's check the version explicitly",['xxx'],CMake,0,37,37
26539,slicer/slicer,https://github.com/slicer/slicer/blob/f89ecbe4ca7f58a9eee0aacae0ad105f6b76e3cc/Libs/vtkTeem/CMakeLists.txt#L44,"# XXX Teem 1.11.0 or Teem >= 4168 - This variable won't be needed anymore.
#     See https://sourceforge.net/p/teem/code/4168/",['xxx'],CMake,0,44,45
26539,slicer/slicer,https://github.com/slicer/slicer/blob/f89ecbe4ca7f58a9eee0aacae0ad105f6b76e3cc/Modules/CLI/CMakeLists.txt#L62,"# TODO Since the following snippet have been moved from CLI/Testing/CMakeLists.txt into
# CLI/CMakeLists.txt, the variable SLICER_BRAINWEB_DATA_ROOT won't be set properly.
# Configure the default SLICER_BRAINWEB_DATA_ROOT for the location of BrainWeb Data.
# When this data is available, additional 3D tests are enabled.",['todo'],CMake,2,62,65
26539,slicer/slicer,https://github.com/slicer/slicer/blob/f89ecbe4ca7f58a9eee0aacae0ad105f6b76e3cc/Modules/CLI/ModelMaker/CMakeLists.txt#L13,"#-----------------------------------------------------------------------------
# TODO: Remove SlicerBaseLogic once pass in color node information",['todo'],CMake,0,13,14
26539,slicer/slicer,https://github.com/slicer/slicer/blob/f89ecbe4ca7f58a9eee0aacae0ad105f6b76e3cc/Modules/Loadable/Markups/Testing/Cxx/CMakeLists.txt#L64,"# test Slicer4 annotation fiducials in a mrml file
# TODO: remove this after annotation fiducials have been removed",['todo'],CMake,0,64,65
26539,slicer/slicer,https://github.com/slicer/slicer/blob/f89ecbe4ca7f58a9eee0aacae0ad105f6b76e3cc/Modules/Scripted/CropVolumeSequence/CMakeLists.txt#L37,# TODO: slicer_add_python_unittest should take care of adding the additional module paths,"['todo', 'take care']",CMake,4,37,37
26539,slicer/slicer,https://github.com/slicer/slicer/blob/f89ecbe4ca7f58a9eee0aacae0ad105f6b76e3cc/Modules/Scripted/SegmentEditor/CMakeLists.txt#L37,# TODO: slicer_add_python_unittest should take care of adding the additional module paths,"['todo', 'take care']",CMake,2,37,37
26539,slicer/slicer,https://github.com/slicer/slicer/blob/f89ecbe4ca7f58a9eee0aacae0ad105f6b76e3cc/Utilities/Doxygen/CMakeLists.txt#L58,"# TODO Let's disable target 'doc-dev', it crashes using doxygen 1.7.3
#add_custom_target( doc-dev
#  ${DOXYGEN_EXECUTABLE} ${CMAKE_CURRENT_BINARY_DIR}/DevDoxyfile.txt
#  DEPENDS ${CMAKE_CURRENT_BINARY_DIR}/DevDoxyfile.txt
#  )
#set_target_properties(doc-dev PROPERTIES LABELS Documentation)",['todo'],CMake,4,58,63
26539,slicer/slicer,https://github.com/slicer/slicer/blob/f89ecbe4ca7f58a9eee0aacae0ad105f6b76e3cc/Utilities/Templates/CMakeLists.txt#L15,"# Test LoadableCustomMarkups module.
# TODO: it would be nicer to instantiate the template so that it has a more
# descriptive name than the default ""TemplateKey"".",['todo'],CMake,0,15,17
26539,slicer/slicer,https://github.com/slicer/slicer/blob/f89ecbe4ca7f58a9eee0aacae0ad105f6b76e3cc/SuperBuild.cmake#L31,"# Verify that the global git config has been updated with the expected ""insteadOf"" option.
# XXX CMake 3.8: Replace this with use of GIT_CONFIG option provided by ExternalProject",['xxx'],CMake,2,31,32
26539,slicer/slicer,https://github.com/slicer/slicer/blob/f89ecbe4ca7f58a9eee0aacae0ad105f6b76e3cc/CMake/BundleUtilitiesWithRPath.cmake#L1,"#.rst:
# BundleUtilities
# ---------------
#
# Functions to help assemble a standalone bundle application.
#
# A collection of CMake utility functions useful for dealing with .app
# bundles on the Mac and bundle-like directories on any OS.
#
# The following functions are provided by this module:
#
# ::
#
#    fixup_bundle
#    copy_and_fixup_bundle
#    verify_app
#    get_bundle_main_executable
#    get_dotapp_dir
#    get_bundle_and_executable
#    get_bundle_all_executables
#    get_item_key
#    clear_bundle_keys
#    set_bundle_key_values
#    get_bundle_keys
#    copy_resolved_item_into_bundle
#    copy_resolved_framework_into_bundle
#    fixup_bundle_item
#    verify_bundle_prerequisites
#    verify_bundle_symlinks
#
# Requires CMake 2.6 or greater because it uses function, break and
# PARENT_SCOPE.  Also depends on GetPrerequisites.cmake.
#
# ::
#
#   FIXUP_BUNDLE(<app> <libs> <dirs>)
#
# Fix up a bundle in-place and make it standalone, such that it can be
# drag-n-drop copied to another machine and run on that machine as long
# as all of the system libraries are compatible.
#
# If you pass plugins to fixup_bundle as the libs parameter, you should
# install them or copy them into the bundle before calling fixup_bundle.
# The ""libs"" parameter is a list of libraries that must be fixed up, but
# that cannot be determined by otool output analysis.  (i.e., plugins)
#
# Gather all the keys for all the executables and libraries in a bundle,
# and then, for each key, copy each prerequisite into the bundle.  Then
# fix each one up according to its own list of prerequisites.
#
# Then clear all the keys and call verify_app on the final bundle to
# ensure that it is truly standalone.
#
# ::
#
#   COPY_AND_FIXUP_BUNDLE(<src> <dst> <libs> <dirs>)
#
# Makes a copy of the bundle <src> at location <dst> and then fixes up
# the new copied bundle in-place at <dst>...
#
# ::
#
#   VERIFY_APP(<app>)
#
# Verifies that an application <app> appears valid based on running
# analysis tools on it.  Calls ""message(FATAL_ERROR"" if the application
# is not verified.
#
# ::
#
#   GET_BUNDLE_MAIN_EXECUTABLE(<bundle> <result_var>)
#
# The result will be the full path name of the bundle's main executable
# file or an ""error:"" prefixed string if it could not be determined.
#
# ::
#
#   GET_DOTAPP_DIR(<exe> <dotapp_dir_var>)
#
# Returns the nearest parent dir whose name ends with "".app"" given the
# full path to an executable.  If there is no such parent dir, then
# simply return the dir containing the executable.
#
# The returned directory may or may not exist.
#
# ::
#
#   GET_BUNDLE_AND_EXECUTABLE(<app> <bundle_var> <executable_var> <valid_var>)
#
# Takes either a "".app"" directory name or the name of an executable
# nested inside a "".app"" directory and returns the path to the "".app""
# directory in <bundle_var> and the path to its main executable in
# <executable_var>
#
# ::
#
#   GET_BUNDLE_ALL_EXECUTABLES(<bundle> <exes_var>)
#
# Scans the given bundle recursively for all executable files and
# accumulates them into a variable.
#
# ::
#
#   GET_ITEM_KEY(<item> <key_var>)
#
# Given a file (item) name, generate a key that should be unique
# considering the set of libraries that need copying or fixing up to
# make a bundle standalone.  This is essentially the file name including
# extension with ""."" replaced by ""_""
#
# This key is used as a prefix for CMake variables so that we can
# associate a set of variables with a given item based on its key.
#
# ::
#
#   CLEAR_BUNDLE_KEYS(<keys_var>)
#
# Loop over the list of keys, clearing all the variables associated with
# each key.  After the loop, clear the list of keys itself.
#
# Caller of get_bundle_keys should call clear_bundle_keys when done with
# list of keys.
#
# ::
#
#   SET_BUNDLE_KEY_VALUES(<keys_var> <context> <item> <exepath> <dirs>
#                         <copyflag>)
#
# Add a key to the list (if necessary) for the given item.  If added,
# also set all the variables associated with that key.
#
# ::
#
#   GET_BUNDLE_KEYS(<app> <libs> <dirs> <keys_var>)
#
# Loop over all the executable and library files within the bundle (and
# given as extra <libs>) and accumulate a list of keys representing
# them.  Set values associated with each key such that we can loop over
# all of them and copy prerequisite libs into the bundle and then do
# appropriate install_name_tool fixups.
#
# ::
#
#   COPY_RESOLVED_ITEM_INTO_BUNDLE(<resolved_item> <resolved_embedded_item>)
#
# Copy a resolved item into the bundle if necessary.  Copy is not
# necessary if the resolved_item is ""the same as"" the
# resolved_embedded_item.
#
# ::
#
#   COPY_RESOLVED_FRAMEWORK_INTO_BUNDLE(<resolved_item> <resolved_embedded_item>)
#
# Copy a resolved framework into the bundle if necessary.  Copy is not
# necessary if the resolved_item is ""the same as"" the
# resolved_embedded_item.
#
# By default, BU_COPY_FULL_FRAMEWORK_CONTENTS is not set.  If you want
# full frameworks embedded in your bundles, set
# BU_COPY_FULL_FRAMEWORK_CONTENTS to ON before calling fixup_bundle.  By
# default, COPY_RESOLVED_FRAMEWORK_INTO_BUNDLE copies the framework
# dylib itself plus the framework Resources directory.
#
# ::
#
#   IS_RESOLVED_ITEM_EMBEDDED(<resolved_item> <exepath> <verbose> <is_embedded_var>)
#
# Set variable <is_embedded_var> to True if the resolved item is
# embedded into the bundle. The function does NOT check for the existence of the
# item, instead if checks if the provided path would correspond to an embeddable
# item. If <verbose> is True, extra information will be displayed in case the item
# is not embedded.
#
# ::
#
#   FIXUP_BUNDLE_ITEM(<resolved_embedded_item> <exepath> <dirs>)
#
# Get the direct/non-system prerequisites of the resolved embedded item.
# For each prerequisite, change the way it is referenced to the value of
# the _EMBEDDED_ITEM keyed variable for that prerequisite.  (Most likely
# changing to an ""@executable_path"" style reference.)
#
# This function requires that the resolved_embedded_item be ""inside"" the
# bundle already.  In other words, if you pass plugins to fixup_bundle
# as the libs parameter, you should install them or copy them into the
# bundle before calling fixup_bundle.  The ""libs"" parameter is a list of
# libraries that must be fixed up, but that cannot be determined by
# otool output analysis.  (i.e., plugins)
#
# Also, change the id of the item being fixed up to its own
# _EMBEDDED_ITEM value.
#
# Accumulate changes in a local variable and make *one* call to
# install_name_tool at the end of the function with all the changes at
# once.
#
# If the BU_CHMOD_BUNDLE_ITEMS variable is set then bundle items will be
# marked writable before install_name_tool tries to change them.
#
# ::
#
#   VERIFY_BUNDLE_PREREQUISITES(<bundle> <result_var> <info_var>)
#
# Verifies that the sum of all prerequisites of all files inside the
# bundle are contained within the bundle or are ""system"" libraries,
# presumed to exist everywhere.
#
# ::
#
#   VERIFY_BUNDLE_SYMLINKS(<bundle> <result_var> <info_var>)
#
# Verifies that any symlinks found in the bundle point to other files
# that are already also in the bundle...  Anything that points to an
# external file causes this function to fail the verification.",['fix'],CMake,0,1,214
26539,slicer/slicer,https://github.com/slicer/slicer/blob/f89ecbe4ca7f58a9eee0aacae0ad105f6b76e3cc/CMake/BundleUtilitiesWithRPath.cmake#L474,"# For executables inside the bundle, extract the expected path.
# This remove the hack introduced in commit 6f8bdd27 consisting in
# resetting the value of 'resolved_embedded_item' with 'resolved_item'.",['hack'],CMake,8,474,476
26539,slicer/slicer,https://github.com/slicer/slicer/blob/f89ecbe4ca7f58a9eee0aacae0ad105f6b76e3cc/CMake/BundleUtilitiesWithRPath.cmake#L612,# fix permissions in staging dir,['fix'],CMake,6,612,612
26539,slicer/slicer,https://github.com/slicer/slicer/blob/f89ecbe4ca7f58a9eee0aacae0ad105f6b76e3cc/CMake/BundleUtilitiesWithRPath.cmake#L647,# fix permissions in staging dir,['fix'],CMake,8,647,647
26539,slicer/slicer,https://github.com/slicer/slicer/blob/f89ecbe4ca7f58a9eee0aacae0ad105f6b76e3cc/CMake/BundleUtilitiesWithRPath.cmake#L657,# fix permissions in staging dir,['fix'],CMake,8,657,657
26539,slicer/slicer,https://github.com/slicer/slicer/blob/f89ecbe4ca7f58a9eee0aacae0ad105f6b76e3cc/CMake/BundleUtilitiesWithRPath.cmake#L668,# fix permissions in staging dir,['fix'],CMake,18,668,668
26539,slicer/slicer,https://github.com/slicer/slicer/blob/f89ecbe4ca7f58a9eee0aacae0ad105f6b76e3cc/CMake/BundleUtilitiesWithRPath.cmake#L684,# fix permissions in staging dir,['fix'],CMake,20,684,684
26539,slicer/slicer,https://github.com/slicer/slicer/blob/f89ecbe4ca7f58a9eee0aacae0ad105f6b76e3cc/CMake/BundleUtilitiesWithRPath.cmake#L691,# Check if framework is versioned and fix it layout,['fix'],CMake,6,691,691
26539,slicer/slicer,https://github.com/slicer/slicer/blob/f89ecbe4ca7f58a9eee0aacae0ad105f6b76e3cc/CMake/BundleUtilitiesWithRPath.cmake#L714,# fix permissions in staging dir,['fix'],CMake,6,714,714
26539,slicer/slicer,https://github.com/slicer/slicer/blob/f89ecbe4ca7f58a9eee0aacae0ad105f6b76e3cc/CMake/BundleUtilitiesWithRPath.cmake#L810,"# TODO: Extract list of rpath dirs automatically. On macOS, the following could be
#       done: otool -l path/to/executable | grep -A 3 LC_RPATH | grep path
#       See https://www.mikeash.com/pyblog/friday-qa-2009-11-06-linking-and-install-names.html#comment-87ea054b4839586412727dcfc94c79d2",['todo'],CMake,4,810,812
26539,slicer/slicer,https://github.com/slicer/slicer/blob/f89ecbe4ca7f58a9eee0aacae0ad105f6b76e3cc/CMake/BundleUtilitiesWithRPath.cmake#L882,# fix permissions in staging dir,['fix'],CMake,12,882,882
26539,slicer/slicer,https://github.com/slicer/slicer/blob/f89ecbe4ca7f58a9eee0aacae0ad105f6b76e3cc/CMake/BundleUtilitiesWithRPath.cmake#L955,"# TODO: implement this function for real...
# Right now, it is just a stub that verifies unconditionally...","['todo', 'implement']",CMake,2,955,956
26539,slicer/slicer,https://github.com/slicer/slicer/blob/f89ecbe4ca7f58a9eee0aacae0ad105f6b76e3cc/CMake/CTestPackage.cmake#L52,# TODO Display errors so that they can be sent to CDash,['todo'],CMake,2,52,52
26539,slicer/slicer,https://github.com/slicer/slicer/blob/f89ecbe4ca7f58a9eee0aacae0ad105f6b76e3cc/CMake/ExternalData.cmake#L444,"# The hash/timestamp file is the output from the build perspective.
# List the real file as a second output in case it is a broken link.
# The files must be listed in this order so CMake can hide from the
# make tool that a symlink target may not be newer than the input.",['broken'],CMake,10,444,447
26539,slicer/slicer,https://github.com/slicer/slicer/blob/f89ecbe4ca7f58a9eee0aacae0ad105f6b76e3cc/CMake/ExternalProjectDependency.cmake#L189,# XXX Display warning with variable type is also specified for cache variable.,['xxx'],CMake,4,189,189
26539,slicer/slicer,https://github.com/slicer/slicer/blob/f89ecbe4ca7f58a9eee0aacae0ad105f6b76e3cc/CMake/FindGit.cmake#L71,"# Note: Due to a bug in 'git.cmd' preventing it from returning the exit code of 'git',
#       we excluded it from the list of executables to search.
# See https://code.google.com/p/msysgit/issues/detail?id=428
# TODO Check if 'git' exists, get the associated version, if the corresponding version
#      is known to have a working version of 'git.cmd', use it.",['todo'],CMake,4,71,75
26539,slicer/slicer,https://github.com/slicer/slicer/blob/f89ecbe4ca7f58a9eee0aacae0ad105f6b76e3cc/CMake/SlicerBlockInstallQt.cmake#L95,# XXX Workaround for QTBUG-66346 fixed in Qt >= 5.11 (See https://github.com/Slicer/Slicer/pull/944),"['xxx', 'workaround']",CMake,6,95,95
26539,slicer/slicer,https://github.com/slicer/slicer/blob/f89ecbe4ca7f58a9eee0aacae0ad105f6b76e3cc/CMake/SlicerCPack.cmake#L154,"# XXX Note that installation of OpenMP libraries is available only
#     when using msvc compiler.",['xxx'],CMake,2,154,155
26539,slicer/slicer,https://github.com/slicer/slicer/blob/f89ecbe4ca7f58a9eee0aacae0ad105f6b76e3cc/CMake/SlicerCPack.cmake#L166,"#------------------------------------------------------------------------------
# macOS specific configuration used by the ""fix-up"" script
#------------------------------------------------------------------------------",['fix'],CMake,2,166,168
26539,slicer/slicer,https://github.com/slicer/slicer/blob/f89ecbe4ca7f58a9eee0aacae0ad105f6b76e3cc/CMake/SlicerCPack.cmake#L190,"#
# Setting this variable in the CMakeLists.txt of an extension allows to update
# the list of directories used by the ""fix-up"" script to look up libraries
# that should be copied into the Slicer package when the extension is bundled.
#
# To ensure the extension can be bundled, the variable should be set as a CACHE
# variable.
#",['fix'],CMake,2,190,197
26539,slicer/slicer,https://github.com/slicer/slicer/blob/f89ecbe4ca7f58a9eee0aacae0ad105f6b76e3cc/CMake/SlicerCPack.cmake#L213,"#------------------------------------------------------------------------------
# Configure ""fix-up"" script
#------------------------------------------------------------------------------",['fix'],CMake,2,213,215
26539,slicer/slicer,https://github.com/slicer/slicer/blob/f89ecbe4ca7f58a9eee0aacae0ad105f6b76e3cc/CMake/SlicerCPack.cmake#L222,"# HACK - For a given directory, ""install(SCRIPT ...)"" rule will be evaluated first,
#        let's make sure the following install rule is evaluated within its own directory.
#        Otherwise, the associated script will be executed before any other relevant install rules.",['hack'],CMake,2,222,224
26539,slicer/slicer,https://github.com/slicer/slicer/blob/f89ecbe4ca7f58a9eee0aacae0ad105f6b76e3cc/CMake/SlicerDashboardDriverScript.cmake#L613,"# HACK Unfortunately ctest_coverage ignores the BUILD argument, try to force it...",['hack'],CMake,6,613,613
26539,slicer/slicer,https://github.com/slicer/slicer/blob/f89ecbe4ca7f58a9eee0aacae0ad105f6b76e3cc/CMake/SlicerExtensionCPack.cmake#L187,"#------------------------------------------------------------------------------
# macOS specific configuration used by the ""fix-up"" script
#------------------------------------------------------------------------------",['fix'],CMake,0,187,189
26539,slicer/slicer,https://github.com/slicer/slicer/blob/f89ecbe4ca7f58a9eee0aacae0ad105f6b76e3cc/CMake/SlicerExtensionCPack.cmake#L201,"#
# Setting this variable in the CMakeLists.txt of an extension allows to update
# the list of directories used by the ""fix-up"" script to look up libraries
# that should be copied into the extension package.
#
# To ensure the extension can be bundled, the variable should be set as a CACHE
# variable.
#",['fix'],CMake,2,201,208
26539,slicer/slicer,https://github.com/slicer/slicer/blob/f89ecbe4ca7f58a9eee0aacae0ad105f6b76e3cc/CMake/SlicerExtensionCPack.cmake#L222,"#------------------------------------------------------------------------------
# Configure ""fix-up"" script
#------------------------------------------------------------------------------",['fix'],CMake,2,222,224
26539,slicer/slicer,https://github.com/slicer/slicer/blob/f89ecbe4ca7f58a9eee0aacae0ad105f6b76e3cc/CMake/SlicerExtensionCPack.cmake#L230,"#------------------------------------------------------------------------------
# Add install rule ensuring the ""fix-up"" script is executed at packaging time
#------------------------------------------------------------------------------",['fix'],CMake,2,230,232
26539,slicer/slicer,https://github.com/slicer/slicer/blob/f89ecbe4ca7f58a9eee0aacae0ad105f6b76e3cc/CMake/SlicerExtensionCPack.cmake#L236,"# HACK - For a given directory, ""install(SCRIPT ...)"" rule will be evaluated first,
#        let's make sure the following install rule is evaluated within its own directory.
#        Otherwise, the associated script will be executed before any other relevant install rules.",['hack'],CMake,4,236,238
26539,slicer/slicer,https://github.com/slicer/slicer/blob/f89ecbe4ca7f58a9eee0aacae0ad105f6b76e3cc/CMake/SlicerMacroBuildApplication.cmake#L478,# HACK - See https://mantisarchive.slicer.org/view.php?id=1180,['hack'],CMake,6,478,478
26539,slicer/slicer,https://github.com/slicer/slicer/blob/f89ecbe4ca7f58a9eee0aacae0ad105f6b76e3cc/CMake/SlicerMacroBuildModuleLogic.cmake#L73,"# HACK Explicitly list transitive VTK dependencies because _get_dependencies_recurse
# used in vtkAddon/CMake/vtkMacroKitPythonWrap.cmake only recurses over dependencies
# that are VTK python wrapped.",['hack'],CMake,4,73,75
26539,slicer/slicer,https://github.com/slicer/slicer/blob/f89ecbe4ca7f58a9eee0aacae0ad105f6b76e3cc/Extensions/Testing/SuperBuildExtensionTemplate/SuperBuild/External_Foo.cmake#L58,"# Install directories
# XXX The following two variables should be updated to match the
#     requirements of a real CMake based external project
# XXX Then, this comment and the one above should be removed. Really.",['xxx'],CMake,6,58,61
26539,slicer/slicer,https://github.com/slicer/slicer/blob/f89ecbe4ca7f58a9eee0aacae0ad105f6b76e3cc/SuperBuild/External_CTKAppLauncherLib.cmake#L56,# XXX Revisit this when visibility flags will directly be used in Slicer,['xxx'],CMake,6,56,56
26539,slicer/slicer,https://github.com/slicer/slicer/blob/f89ecbe4ca7f58a9eee0aacae0ad105f6b76e3cc/SuperBuild/External_ITK.cmake#L53,"# XXX Ensure python executable used for ITKModuleHeaderTest
#     is the same as Slicer.
#     This will keep the sanity check implemented in SlicerConfig.cmake
#     quiet.",['xxx'],CMake,4,53,56
26539,slicer/slicer,https://github.com/slicer/slicer/blob/f89ecbe4ca7f58a9eee0aacae0ad105f6b76e3cc/SuperBuild/External_ITK.cmake#L153,#${BUILD_SHARED_LIBS} ## HACK:  QUICK CHANGE,['hack'],CMake,30,153,153
26539,slicer/slicer,https://github.com/slicer/slicer/blob/f89ecbe4ca7f58a9eee0aacae0ad105f6b76e3cc/SuperBuild/External_OpenSSL.cmake#L68,"# Workaround linking error when building against non-system zlib on macOS
# See https://github.com/openssl/openssl/pull/12238",['workaround'],CMake,4,68,69
26539,slicer/slicer,https://github.com/slicer/slicer/blob/f89ecbe4ca7f58a9eee0aacae0ad105f6b76e3cc/SuperBuild/External_OpenSSL.cmake#L202,"# Starting with Qt 4.8.6, we compiled [1] OpenSSL binaries specifically for each
# version of Microsoft Visual Studio. To understand the motivation, read below.
#
# As explained in [2][3], if a library meets these two conditions:
#   (a) exposes a pure C interface
#   (b) is linked against static version of the CRT
# the version of the compiler and runtime used to build the library
# shouldn't matter.
#
# That said, since OpenSSL is built as a shared library using the '/MD' [4]
# flag, it is not possible to use the same library with different runtime
# libraries.
#
# We found out that '/MD' was used by inspecting the the file 'ms/ntdll.mak'
# generated atfer configuring OpenSSL.
#
# If you find mistake in this explanation, do not hesitate to submit a patch
# to fix this text. Thanks.
#
# [1] Script used to compile OpenSSL: https://gist.github.com/jcfr/6030240
# [2] https://siomsystems.com/mixing-visual-studio-versions/
# [3] https://bytes.com/topic/net/answers/505515-compile-different-versions-visual-studio
# [4] https://msdn.microsoft.com/en-us/library/2kzt1wy3.aspx",['fix'],CMake,4,202,224
26539,slicer/slicer,https://github.com/slicer/slicer/blob/f89ecbe4ca7f58a9eee0aacae0ad105f6b76e3cc/SuperBuild/External_OpenSSL.cmake#L387,# XXX What should we do when OpenSSL is on the system or in a custom location ?,['xxx'],CMake,0,387,387
26539,slicer/slicer,https://github.com/slicer/slicer/blob/f89ecbe4ca7f58a9eee0aacae0ad105f6b76e3cc/SuperBuild/External_curl.cmake#L10,# XXX - Add a test checking if system curl support OpenSSL,['xxx'],CMake,4,10,10
26539,slicer/slicer,https://github.com/slicer/slicer/blob/f89ecbe4ca7f58a9eee0aacae0ad105f6b76e3cc/Utilities/Templates/Extensions/SuperBuild/SuperBuild/External_Foo.cmake#L58,"# Install directories
# XXX The following two variables should be updated to match the
#     requirements of a real CMake based external project
# XXX Then, this comment and the one above should be removed. Really.",['xxx'],CMake,6,58,61
