repoIndex,repoName,linkLocation,comment,keywords,buildSysteminFile,charPosition,startLine,endLine
2679,ndilieto/uacme,https://github.com/ndilieto/uacme/blob/1eae686fb556beb7df51e50619fd1aec99533867/aclocal.m4#L379,"# Microsoft lib, so override with the ar-lib wrapper script.
# FIXME: It is wrong to rewrite AR.
# But if we don't then we get into trouble of one sort or another.
# A longer-term fix would be to have automake use am__AR in this case,
# and then we could set am__AR=""$am_aux_dir/ar-lib \$(AR)"" or something
# similar.","['fix', 'fixme']",Autotool,2,379,384
2679,ndilieto/uacme,https://github.com/ndilieto/uacme/blob/1eae686fb556beb7df51e50619fd1aec99533867/aclocal.m4#L681,"# Older Autoconf quotes --file arguments for eval, but not when files
# are listed without --file.  Let's play safe and only enable the eval
# if we detect the quoting.
# TODO: see whether this extra hack can be removed once we start
# requiring Autoconf 2.70 or later.","['todo', 'hack']",Autotool,2,681,685
2679,ndilieto/uacme,https://github.com/ndilieto/uacme/blob/1eae686fb556beb7df51e50619fd1aec99533867/aclocal.m4#L1158,"# Losing compiler, so override with the script.
# FIXME: It is wrong to rewrite CC.
# But if we don't then we get into trouble of one sort or another.
# A longer-term fix would be to have automake use am__CC in this case,
# and then we could set am__CC=""\$(top_srcdir)/compile \$(CC)""","['fix', 'fixme']",Autotool,3,1158,1162
2679,ndilieto/uacme,https://github.com/ndilieto/uacme/blob/1eae686fb556beb7df51e50619fd1aec99533867/aclocal.m4#L1229,"# If neither matched, then we have a broken ls.  This can happen
# if, for instance, CONFIG_SHELL is bash and it inherits a
# broken ls alias from the environment.  This has actually
# happened.  Such a system could not be considered ""sane"".",['broken'],Autotool,1,1229,1232
