repoIndex,repoName,linkLocation,comment,keywords,buildSysteminFile,charPosition,startLine,endLine
26869,xolentum/xolentum,https://github.com/xolentum/xolentum/blob/2fd5e25a25cddf2df9d153fa3f22648ad88bb6bb/CMakeLists.txt#L363,"# TODO: check bsdi, NetBSD, to see if they need the same FreeBSD changes
#
# elseif(CMAKE_SYSTEM_NAME MATCHES ""kNetBSD.*|NetBSD.*"")
#   set(NETBSD TRUE)
# elseif(CMAKE_SYSTEM_NAME MATCHES "".*BSDI.*"")
#   set(BSDI TRUE)",['todo'],CMake,0,363,368
26869,xolentum/xolentum,https://github.com/xolentum/xolentum/blob/2fd5e25a25cddf2df9d153fa3f22648ad88bb6bb/CMakeLists.txt#L810,"#NB NEON hardware does not fully implement the IEEE 754 standard for floating-point arithmetic
#Need custom assembly code to take full advantage of NEON SIMD",['implement'],CMake,4,810,811
26869,xolentum/xolentum,https://github.com/xolentum/xolentum/blob/2fd5e25a25cddf2df9d153fa3f22648ad88bb6bb/external/CMakeLists.txt#L32,"# This is broken up into two parts: first we check for miniupnp, compile it if we can't
# find it, and thereafter we check for libunbound, and compile it if we can't find it.
# We always compile if we are building statically to reduce static dependency issues...
# ...except for FreeBSD, because FreeBSD is a special case that doesn't play well with
# others.",['broken'],CMake,0,32,36
26869,xolentum/xolentum,https://github.com/xolentum/xolentum/blob/2fd5e25a25cddf2df9d153fa3f22648ad88bb6bb/tests/gtest/cmake/internal_utils.cmake#L56,"# Newlines inside flags variables break CMake's NMake generator.
# TODO(vladl@google.com): Add -RTCs and -RTCu to debug builds.",['todo'],CMake,4,56,57
