repoIndex,repoName,linkLocation,comment,keywords,buildSysteminFile,charPosition,startLine,endLine
26868,ths-rwth/smtrat,https://github.com/ths-rwth/smtrat/blob/18d2069a26674f638396071d82c109d33bc1857d/CMakeLists.txt#L64,# TODO: iteratively search for cmake files and include them here.,['todo'],CMake,0,64,64
26868,ths-rwth/smtrat,https://github.com/ths-rwth/smtrat/blob/18d2069a26674f638396071d82c109d33bc1857d/src/cli/CMakeLists.txt#L24,#TODO: are all these directories really necessary?,['todo'],CMake,0,24,24
26868,ths-rwth/smtrat,https://github.com/ths-rwth/smtrat/blob/18d2069a26674f638396071d82c109d33bc1857d/src/cli/CMakeLists.txt#L30,"#TODO: we only link against the library, which is copied to the binary root dir. We should somehow save that in a variable.",['todo'],CMake,0,30,30
26868,ths-rwth/smtrat,https://github.com/ths-rwth/smtrat/blob/18d2069a26674f638396071d82c109d33bc1857d/src/tests/onecellcad/CMakeLists.txt#L1,"# TODO test not compiling, enable when fixed",['todo'],CMake,0,1,1
26868,ths-rwth/smtrat,https://github.com/ths-rwth/smtrat/blob/18d2069a26674f638396071d82c109d33bc1857d/src/tests/onecellcad/CMakeLists.txt#L10,"# TODO test not compiling, enable when fixed",['todo'],CMake,0,10,10
26868,ths-rwth/smtrat,https://github.com/ths-rwth/smtrat/blob/18d2069a26674f638396071d82c109d33bc1857d/cmake/GetGitRevisionDescription.cmake#L90,"# TODO sanitize
#if((${ARGN}"" MATCHES ""&&"") OR
# (ARGN MATCHES ""||"") OR
# (ARGN MATCHES ""\\;""))
# message(""Please report the following error to the project!"")
# message(FATAL_ERROR ""Looks like someone's doing something nefarious with git_describe! Passed arguments ${ARGN}"")
#endif()",['todo'],CMake,0,90,96
26868,ths-rwth/smtrat,https://github.com/ths-rwth/smtrat/blob/18d2069a26674f638396071d82c109d33bc1857d/cmake/cotire.cmake#L894,"# fix header's inside status on stack, it is ignored by extension now",['fix'],CMake,8,894,894
26868,ths-rwth/smtrat,https://github.com/ths-rwth/smtrat/blob/18d2069a26674f638396071d82c109d33bc1857d/cmake/smtratmacros.cmake#L118,# Workaround from https://cmake.org/Bug/view.php?id=15052,['workaround'],CMake,1,118,118
