repoIndex,repoName,linkLocation,comment,keywords,buildSysteminFile,charPosition,startLine,endLine
26894,ashaduri/gsmartcontrol,https://github.com/ashaduri/gsmartcontrol/blob/6b02bf5df066a2aa8f0da8e70c30f2af2b9c8d53/packaging/cpack_options.cmake#L73,"#	""/0.*""  # build dirs (broken if full path contains 0)",['broken'],CMake,0,73,73
26894,ashaduri/gsmartcontrol,https://github.com/ashaduri/gsmartcontrol/blob/6b02bf5df066a2aa8f0da8e70c30f2af2b9c8d53/packaging/cpack_options.cmake#L181,# TODO unix2dos doc/*.txt,['todo'],CMake,1,181,181
26894,ashaduri/gsmartcontrol,https://github.com/ashaduri/gsmartcontrol/blob/6b02bf5df066a2aa8f0da8e70c30f2af2b9c8d53/packaging/cpack_options.cmake#L361,# Disable installing icons for now. TODO: Update this for msys2.,['todo'],CMake,1,361,361
26894,ashaduri/gsmartcontrol,https://github.com/ashaduri/gsmartcontrol/blob/6b02bf5df066a2aa8f0da8e70c30f2af2b9c8d53/packaging/cpack_options.cmake#L466,"# TODO Support NSIS from Linux
#	cd nsis-dist && @NSIS_EXEC@ gsmartcontrol.nsi",['todo'],CMake,1,466,467
