repoIndex,repoName,linkLocation,comment,keywords,buildSysteminFile,charPosition,startLine,endLine
2692,getsentry/sentry-native,https://github.com/getsentry/sentry-native/blob/b0fab1048643e7eaa89d81c816efd2e31783c4f2/CMakeLists.txt#L337,"# The modulefinder and symbolizer need these two settings, and they are exported
# as `PUBLIC`, so libraries that depend on sentry get these too:
# `-E`: To have all symbols in the dynamic symbol table.
# `--build-id`: To have a build-id in the ELF object.
# FIXME: cmake 3.13 introduced target_link_options",['fixme'],CMake,0,337,341
2692,getsentry/sentry-native,https://github.com/getsentry/sentry-native/blob/b0fab1048643e7eaa89d81c816efd2e31783c4f2/CMakeLists.txt#L430,"# FIXME: required for cmake 3.12 and lower:
# - NEW behavior lets normal variable override option",['fixme'],CMake,2,430,431
2692,getsentry/sentry-native,https://github.com/getsentry/sentry-native/blob/b0fab1048643e7eaa89d81c816efd2e31783c4f2/external/CMakeLists.txt#L171,"# breakpad has includes directly to `third_party/lss/...`,
# which are being resolved correctly when we add the current directory to
# the include directories. A giant hack, yes, but it works",['hack'],CMake,0,171,173
2692,getsentry/sentry-native,https://github.com/getsentry/sentry-native/blob/b0fab1048643e7eaa89d81c816efd2e31783c4f2/tests/unit/CMakeLists.txt#L47,# FIXME: cmake 3.13 introduced target_link_options,['fixme'],CMake,0,47,47
