repoIndex,repoName,linkLocation,comment,keywords,buildSysteminFile,charPosition,startLine,endLine
27008,xrpl-labs/xrpld-hooks,https://github.com/xrpl-labs/xrpld-hooks/blob/e99ffe29a301323c1c935bdb11f94ac5ecbace21/Builds/CMake/RippledCompiler.cmake#L5,"#[=========================================================[
   TODO some/most of these common settings belong in a
   toolchain file, especially the ABI-impacting ones
#]=========================================================]",['todo'],CMake,0,5,8
27008,xrpl-labs/xrpld-hooks,https://github.com/xrpl-labs/xrpld-hooks/blob/e99ffe29a301323c1c935bdb11f94ac5ecbace21/Builds/CMake/RippledCompiler.cmake#L86,"# TODO: Resolve these warnings, don't just silence them",['todo'],CMake,6,86,86
27008,xrpl-labs/xrpld-hooks,https://github.com/xrpl-labs/xrpld-hooks/blob/e99ffe29a301323c1c935bdb11f94ac5ecbace21/Builds/CMake/RippledCompiler.cmake#L94,"# HACK : because these need to come first, before any warning demotion",['hack'],CMake,2,94,94
27008,xrpl-labs/xrpld-hooks,https://github.com/xrpl-labs/xrpld-hooks/blob/e99ffe29a301323c1c935bdb11f94ac5ecbace21/Builds/CMake/RippledCore.cmake#L17,"#[===============================[
    beast/legacy FILES:
    TODO: review these sources for removal or replacement
#]===============================]",['todo'],CMake,0,17,20
27008,xrpl-labs/xrpld-hooks,https://github.com/xrpl-labs/xrpld-hooks/blob/e99ffe29a301323c1c935bdb11f94ac5ecbace21/Builds/CMake/RippledInstall.cmake#L48,"# sample configs should not overwrite existing files
# install if-not-exists workaround as suggested by
# https://cmake.org/Bug/view.php?id=12646",['workaround'],CMake,2,48,50
27008,xrpl-labs/xrpld-hooks,https://github.com/xrpl-labs/xrpld-hooks/blob/e99ffe29a301323c1c935bdb11f94ac5ecbace21/Builds/CMake/RippledInterface.cmake#L47,## TODO see if we can use the BUILD_RPATH target property (is it transitive?),['todo'],CMake,2,47,47
27008,xrpl-labs/xrpld-hooks,https://github.com/xrpl-labs/xrpld-hooks/blob/e99ffe29a301323c1c935bdb11f94ac5ecbace21/Builds/CMake/RippledNIH.cmake#L9,"# HACK: trying to shorten paths for windows CI (which hits 260 MAXPATH easily)
# @see:  https://issues.jenkins-ci.org/browse/JENKINS-38706?focusedCommentId=339847",['hack'],CMake,0,9,10
27008,xrpl-labs/xrpld-hooks,https://github.com/xrpl-labs/xrpld-hooks/blob/e99ffe29a301323c1c935bdb11f94ac5ecbace21/Builds/CMake/RippledSanity.cmake#L45,# TODO min AppleClang version check ?,['todo'],CMake,2,45,45
27008,xrpl-labs/xrpld-hooks,https://github.com/xrpl-labs/xrpld-hooks/blob/e99ffe29a301323c1c935bdb11f94ac5ecbace21/Builds/CMake/soci_patch.cmake#L5,"# Some versions of CMake erroneously patch external projects on every build.
# If the patch makes no changes, skip it. This workaround can be
# removed once we stop supporting vulnerable versions of CMake.
# https://gitlab.kitware.com/cmake/cmake/-/issues/21086",['workaround'],CMake,0,5,8
27008,xrpl-labs/xrpld-hooks,https://github.com/xrpl-labs/xrpld-hooks/blob/e99ffe29a301323c1c935bdb11f94ac5ecbace21/Builds/CMake/soci_patch.cmake#L30,# also fix Boost.cmake so that it just returns when we override the Boost_FOUND var,['fix'],CMake,0,30,30
27008,xrpl-labs/xrpld-hooks,https://github.com/xrpl-labs/xrpld-hooks/blob/e99ffe29a301323c1c935bdb11f94ac5ecbace21/Builds/CMake/deps/Boost.cmake#L10,# Workaround for MSVC having two boost versions - x86 and x64 on same PC in stage folders,['workaround'],CMake,2,10,10
27008,xrpl-labs/xrpld-hooks,https://github.com/xrpl-labs/xrpld-hooks/blob/e99ffe29a301323c1c935bdb11f94ac5ecbace21/Builds/CMake/deps/Boost.cmake#L85,"# TODO: gcc does not support -fsanitize-blacklist...can we do something else
# for gcc ?",['todo'],CMake,2,85,86
27008,xrpl-labs/xrpld-hooks,https://github.com/xrpl-labs/xrpld-hooks/blob/e99ffe29a301323c1c935bdb11f94ac5ecbace21/Builds/CMake/deps/Ed25519-donna.cmake#L13,"#[=========================================================[
   NOTE for macos:
   https://github.com/floodyberry/ed25519-donna/issues/29
   our source for ed25519-donna-portable.h has been
   patched to workaround this.
#]=========================================================]",['workaround'],CMake,0,13,18
27008,xrpl-labs/xrpld-hooks,https://github.com/xrpl-labs/xrpld-hooks/blob/e99ffe29a301323c1c935bdb11f94ac5ecbace21/Builds/CMake/deps/FindBoost.cmake#L381,# FIXME: This probably should be set for both cases,['fixme'],CMake,6,381,381
27008,xrpl-labs/xrpld-hooks,https://github.com/xrpl-labs/xrpld-hooks/blob/e99ffe29a301323c1c935bdb11f94ac5ecbace21/Builds/CMake/deps/FindBoost.cmake#L608,# TODO: Find out any Boost version constraints vs clang support.,['todo'],CMake,6,608,608
27008,xrpl-labs/xrpld-hooks,https://github.com/xrpl-labs/xrpld-hooks/blob/e99ffe29a301323c1c935bdb11f94ac5ecbace21/Builds/CMake/deps/FindBoost.cmake#L1115,"#
# Some boost libraries may require particular set of compler features.
# The very first one was `boost::fiber` introduced in Boost 1.62.
# One can check required compiler features of it in
# - `${Boost_ROOT}/libs/fiber/build/Jamfile.v2`;
# - `${Boost_ROOT}/libs/context/build/Jamfile.v2`.
#
# TODO (Re)Check compiler features on (every?) release ???
# One may use the following command to get the files to check:
#
#   $ find . -name Jamfile.v2 | grep build | xargs grep -l cxx1
#",['todo'],CMake,0,1115,1126
27008,xrpl-labs/xrpld-hooks,https://github.com/xrpl-labs/xrpld-hooks/blob/e99ffe29a301323c1c935bdb11f94ac5ecbace21/Builds/CMake/deps/Nudb.cmake#L1,"#[===================================================================[
   NIH dep: nudb

   NuDB is header-only, thus is an INTERFACE lib in CMake.
   TODO: move the library definition into NuDB repo and add
   proper targets and export/install
#]===================================================================]",['todo'],CMake,0,1,7
27008,xrpl-labs/xrpld-hooks,https://github.com/xrpl-labs/xrpld-hooks/blob/e99ffe29a301323c1c935bdb11f94ac5ecbace21/Builds/CMake/deps/OpenSSL.cmake#L33,"#[=========================================================[
   https://gitlab.kitware.com/cmake/cmake/issues/16885
   depending on how openssl is built, it might depend
   on zlib. In fact, the openssl find package should
   figure this out for us, but it does not currently...
   so let's add zlib ourselves to the lib list
   TODO: investigate linking to static zlib for static
   build option
#]=========================================================]",['todo'],CMake,0,33,41
27008,xrpl-labs/xrpld-hooks,https://github.com/xrpl-labs/xrpld-hooks/blob/e99ffe29a301323c1c935bdb11f94ac5ecbace21/Builds/CMake/deps/Soci.cmake#L73,"# hacks to workaround the fact that soci doesn't currently use
# boost imported targets in its cmake. If they switch to
# proper imported targets, this next line can be removed
# (as well as the get_property above that sets _boost_incs)",['workaround'],CMake,6,73,76
