repoIndex,repoName,linkLocation,comment,keywords,buildSysteminFile,charPosition,startLine,endLine
27155,hits-mbm/gromacs-fda,https://github.com/hits-mbm/gromacs-fda/blob/df2cd772affcce4f9dd9bcab6d02b4642e5296c8/CMakeLists.txt#L339,"# These variables should be used for CMake-style lists (ie. separated
# by semicolons) of additional compiler flags which are not generated
# in gmxCFlags nor are SIMD or MPI related.
#
# TODO These variables should be consolidated into
# EXTRA_COMPILER_FLAGS so that we we don't perpetrate bugs where
# things that work in C compilation (e.g. merging from old branches)
# might not also work for C++ compilation.",['todo'],CMake,0,339,346
27155,hits-mbm/gromacs-fda,https://github.com/hits-mbm/gromacs-fda/blob/df2cd772affcce4f9dd9bcab6d02b4642e5296c8/CMakeLists.txt#L354,"# Implement double-precision option. This is complicated because we
# need installed headers to use the precision mode of the build that
# produced the library, but cannot use config.h in that case. We also
# want such variables to always have a definition, because #if is more
# robust than #ifdef. So, we put this value on the compiler command
# line in all cases.
#
# GMX_RELAXED_DOUBLE_PRECISION does not need to be handled here,
# because no installed header needs it",['implement'],CMake,0,354,362
27155,hits-mbm/gromacs-fda,https://github.com/hits-mbm/gromacs-fda/blob/df2cd772affcce4f9dd9bcab6d02b4642e5296c8/CMakeLists.txt#L686,"# Darwin has system XDR, but it uses a three-argument flavour of
# xdrproc_t that it guarantees will still work if you pass the normal
# two-argument xdr filters, but gcc 8 warns about the cast necessary
# to do that, so it's simpler to just use our own XDR library.
#
# TODO It would be better to craft a cmake test which fails if such
# XDR operations cause warnings, and succeeds otherwise, because it is
# generally preferable to use system libraries where possible.",['todo'],CMake,0,686,693
27155,hits-mbm/gromacs-fda,https://github.com/hits-mbm/gromacs-fda/blob/df2cd772affcce4f9dd9bcab6d02b4642e5296c8/CMakeLists.txt#L766,# TODO: Is this still necessary with the check for its presence?,['todo'],CMake,2,766,766
27155,hits-mbm/gromacs-fda,https://github.com/hits-mbm/gromacs-fda/blob/df2cd772affcce4f9dd9bcab6d02b4642e5296c8/CMakeLists.txt#L828,# TODO: Make GMXRC adapt if this is changed,['todo'],CMake,0,828,828
27155,hits-mbm/gromacs-fda,https://github.com/hits-mbm/gromacs-fda/blob/df2cd772affcce4f9dd9bcab6d02b4642e5296c8/CMakeLists.txt#L883,"# TODO: Determine control flow and defaults for package installation and testing use cases.
# Ref: http://redmine.gromacs.org/issues/2896",['todo'],CMake,0,883,884
27155,hits-mbm/gromacs-fda,https://github.com/hits-mbm/gromacs-fda/blob/df2cd772affcce4f9dd9bcab6d02b4642e5296c8/CMakeLists.txt#L902,"# Note: PythonLibs will be found later by pybind11.
# TODO: (issue #2998) When CMake >= 3.12 is required, update detection.
# I.e.  find_package(Python3 3.5 COMPONENTS Interpreter Development REQUIRED)",['todo'],CMake,8,902,904
27155,hits-mbm/gromacs-fda,https://github.com/hits-mbm/gromacs-fda/blob/df2cd772affcce4f9dd9bcab6d02b4642e5296c8/CMakeLists.txt#L911,"# TODO: Resolve circular dependency between docs, gromacs, and python_packaging",['todo'],CMake,4,911,911
27155,hits-mbm/gromacs-fda,https://github.com/hits-mbm/gromacs-fda/blob/df2cd772affcce4f9dd9bcab6d02b4642e5296c8/docs/CMakeLists.txt#L92,"# TODO: Consider whether this could just be replaced by using
# GMX_DEVELOPER_BUILD to control this as well.",['todo'],CMake,0,92,93
27155,hits-mbm/gromacs-fda,https://github.com/hits-mbm/gromacs-fda/blob/df2cd772affcce4f9dd9bcab6d02b4642e5296c8/docs/CMakeLists.txt#L121,"# TODO Later, identify other dependencies like bibtex,
# make_index, date, some graphics conversion program,
# etc. Perhaps patch UseLATEX.cmake and contribute upstream.",['todo'],CMake,8,121,123
27155,hits-mbm/gromacs-fda,https://github.com/hits-mbm/gromacs-fda/blob/df2cd772affcce4f9dd9bcab6d02b4642e5296c8/docs/CMakeLists.txt#L480,"# TODO: Resolve circular reference. We would like to get the CMake build-time directory for
# the gmxapi Python package from the _gmxapi target, as we do when building sample_restraint.
# Instead of the above hard-coded path, how can we do
# get_target_property(GMXAPI_PYTHON_STAGING_DIR _gmxapi staging_dir)
# in this context?",['todo'],CMake,8,480,484
27155,hits-mbm/gromacs-fda,https://github.com/hits-mbm/gromacs-fda/blob/df2cd772affcce4f9dd9bcab6d02b4642e5296c8/docs/CMakeLists.txt#L563,"# TODO: Make this remove obsolete .rst files.
# TODO: This does not work in cross-compilation scenarios; disable up to
# the necessary level.",['todo'],CMake,4,563,565
27155,hits-mbm/gromacs-fda,https://github.com/hits-mbm/gromacs-fda/blob/df2cd772affcce4f9dd9bcab6d02b4642e5296c8/docs/CMakeLists.txt#L721,"# Make the PDF reference guide
# TODO Try to make the PDF arrive directly in ${HTML_OUTPUT_DIR}
# TODO Make this depend on the output of the manual build, so that the
# file actually gets copied multiple times.",['todo'],CMake,8,721,724
27155,hits-mbm/gromacs-fda,https://github.com/hits-mbm/gromacs-fda/blob/df2cd772affcce4f9dd9bcab6d02b4642e5296c8/docs/doxygen/CMakeLists.txt#L64,"# Note that if you relocate this file, you also need to change gmxtree.py.
# TODO: Try to find a solution where this would be hard-coded here, completely
# separate from the logic that generates it.",['todo'],CMake,0,64,66
27155,hits-mbm/gromacs-fda,https://github.com/hits-mbm/gromacs-fda/blob/df2cd772affcce4f9dd9bcab6d02b4642e5296c8/docs/doxygen/CMakeLists.txt#L96,"# Add a stamp that gets updated whenever a source file that contributes to
# Doxygen is updated.  All Doxygen targets can then depend on this stamp,
# instead of each specifying this massive set of dependencies.
# TODO: The set of files that affects Doxygen is not exactly the same as
# that which affects the dependency graphs, and neither is captured
# perfectly with this set, but this can be improved if it becomes a real
# issue (the differences are mainly in the generated group kernel files,
# but there are some minor other differences as well).",['todo'],CMake,4,96,103
27155,hits-mbm/gromacs-fda,https://github.com/hits-mbm/gromacs-fda/blob/df2cd772affcce4f9dd9bcab6d02b4642e5296c8/docs/doxygen/CMakeLists.txt#L208,"# TODO: Consider whether this is the best location for this code,
# since not all of it is Doxygen-specific (but nearly all of it
# relies on the Doxygen XML documentation).
# The output .log file currently needs to be here, since Jenkins
# expects that.",['todo'],CMake,8,208,212
27155,hits-mbm/gromacs-fda,https://github.com/hits-mbm/gromacs-fda/blob/df2cd772affcce4f9dd9bcab6d02b4642e5296c8/docs/manual/CMakeLists.txt#L69,"# TODO The whole script needs to be part of a subprocess called at make
# time so that the generated gromacs.tex file is available for ADD_LATEX_DOCUMENT
# when it searches for it.
# Note: The gromacs.tex file is not actually copied by the UseLatex.cmake script,
# but generated by Sphinx during the make step. ",['todo'],CMake,4,69,73
27155,hits-mbm/gromacs-fda,https://github.com/hits-mbm/gromacs-fda/blob/df2cd772affcce4f9dd9bcab6d02b4642e5296c8/python_packaging/sample_restraint/CMakeLists.txt#L16,"# TODO: (Issue #3027) Handle pybind sources both for forked projects and
#  for GROMACS-project-internal testing.
# Projects based on this subtree should bundle pybind11 sources.
# The GROMACS project already bundles one copy of pybind sources for the gmxapi
# Python package, and should package them with source distribution archives of
# the paackage that should be installed with GROMACS, but the pybind sources
# would only be available to this project with some additional management by
# the parent project CMake configuration.
# Also reference https://redmine.gromacs.org/issues/2896",['todo'],CMake,0,16,24
27155,hits-mbm/gromacs-fda,https://github.com/hits-mbm/gromacs-fda/blob/df2cd772affcce4f9dd9bcab6d02b4642e5296c8/python_packaging/sample_restraint/CMakeLists.txt#L26,# TODO: (Issue #3027) Handle locally available sources.,['todo'],CMake,4,26,26
27155,hits-mbm/gromacs-fda,https://github.com/hits-mbm/gromacs-fda/blob/df2cd772affcce4f9dd9bcab6d02b4642e5296c8/python_packaging/sample_restraint/CMakeLists.txt#L180,"# TODO: (Issue #3027) Handle Googletest sources both for forked projects and
#  for GROMACS-project-internal testing.
# Projects based on this subtree should bundle googletest sources.
# The GROMACS project already bundles googletest sources for internal use, but
# they will only be available to this project with some additional management by
# the parent project CMake configuration.",['todo'],CMake,0,180,185
27155,hits-mbm/gromacs-fda,https://github.com/hits-mbm/gromacs-fda/blob/df2cd772affcce4f9dd9bcab6d02b4642e5296c8/python_packaging/sample_restraint/tests/CMakeLists.txt#L52,"# TODO: Deduplicate and leverage CMake dependencies.
# We also build a test file in the spc_water_box pytest test fixture, but we can
# presumably extract both of those from the GROMACS installation, or at least
# through the gmxapi Python package resources.
# Ref: https://redmine.gromacs.org/issues/2961",['todo'],CMake,4,52,56
27155,hits-mbm/gromacs-fda,https://github.com/hits-mbm/gromacs-fda/blob/df2cd772affcce4f9dd9bcab6d02b4642e5296c8/python_packaging/src/CMakeLists.txt#L100,"# TODO: Provide user hints for mpi4py installation.
# Note that neither the Python package nor the Gromacs::gmxapi CMake target are
# built with MPI in any case, but they _should_ be built with a C++ compiler
# that is compatible with the available MPI compiler wrappers, and technically
# _that_ is what we want to help the user identify when installing mpi4py, even
# if libgromacs is not built with MPI support either.
# For convenience, it is fine if libgmxapi and _gmxapi are built with the mpi
# compiler wrapper.",['todo'],CMake,0,100,107
27155,hits-mbm/gromacs-fda,https://github.com/hits-mbm/gromacs-fda/blob/df2cd772affcce4f9dd9bcab6d02b4642e5296c8/python_packaging/src/CMakeLists.txt#L166,"# TODO: Determine packaging and installation cases and implementation.
# Reference https://redmine.gromacs.org/issues/2896 for additional discussion.
# Currently, CMake should be run by scikit-build through setup.py for proper Python packaging.
# We don't want to install by default in the outer scope of the GROMACS
# CMake procedure because we could end up trying to install to a system directory
# the user did not intend, or a user might install a Python-installation-specific
# package into an overly generic GROMACS path.",['todo'],CMake,4,166,172
27155,hits-mbm/gromacs-fda,https://github.com/hits-mbm/gromacs-fda/blob/df2cd772affcce4f9dd9bcab6d02b4642e5296c8/python_packaging/src/CMakeLists.txt#L174,"# Instead, we should probably build a source package and alert the user of its location.
# We can use CMake to call the Python packaging tools to create an 'sdist'
# source distribution archive to be installed in the GROMACS installation
# destination. We can use the build directory as the working directory for
# easier clean-up, as well.
# TODO: (ref issue #2896) Build and install 'sdist' with GROMACS.",['todo'],CMake,4,174,179
27155,hits-mbm/gromacs-fda,https://github.com/hits-mbm/gromacs-fda/blob/df2cd772affcce4f9dd9bcab6d02b4642e5296c8/python_packaging/src/test/CMakeLists.txt#L64,# TODO: (#2961) Let the Python package discover required resources instead of passing GMXBIN,['todo'],CMake,0,64,64
27155,hits-mbm/gromacs-fda,https://github.com/hits-mbm/gromacs-fda/blob/df2cd772affcce4f9dd9bcab6d02b4642e5296c8/src/CMakeLists.txt#L68,# TODO uncomment the next few ignore lines when we upgrade to test with clang 8 in Jenkins,['todo'],CMake,4,68,68
27155,hits-mbm/gromacs-fda,https://github.com/hits-mbm/gromacs-fda/blob/df2cd772affcce4f9dd9bcab6d02b4642e5296c8/src/CMakeLists.txt#L81,#Following ones are undecided/TODO,['todo'],CMake,4,81,81
27155,hits-mbm/gromacs-fda,https://github.com/hits-mbm/gromacs-fda/blob/df2cd772affcce4f9dd9bcab6d02b4642e5296c8/src/CMakeLists.txt#L140,"# Note: this conditional should check for the existence of a libgromacs target supporting PIC
# using the POSITION_INDEPENDENT_CODE property, but for now the only facility we have is the global
# variable, BUILD_SHARED_LIBS.
# TODO: gmxapi should gracefully build for dynamic linking or static linking for PIC or without.",['todo'],CMake,7,140,143
27155,hits-mbm/gromacs-fda,https://github.com/hits-mbm/gromacs-fda/blob/df2cd772affcce4f9dd9bcab6d02b4642e5296c8/src/api/cpp/tests/CMakeLists.txt#L61,"# GPU resources may not be properly reinitialized between simulations in
# the same process.
# TODO: include this with the other test sources once the issue is resolved
# Ref https://redmine.gromacs.org/issues/2689",['todo'],CMake,4,61,64
27155,hits-mbm/gromacs-fda,https://github.com/hits-mbm/gromacs-fda/blob/df2cd772affcce4f9dd9bcab6d02b4642e5296c8/src/api/cpp/tests/CMakeLists.txt#L93,"# GPU resources may not be properly reinitialized between simulations in
# the same process.
# TODO: include this with the other test sources once the issue is resolved
# Ref https://redmine.gromacs.org/issues/2689",['todo'],CMake,4,93,96
27155,hits-mbm/gromacs-fda,https://github.com/hits-mbm/gromacs-fda/blob/df2cd772affcce4f9dd9bcab6d02b4642e5296c8/src/gromacs/CMakeLists.txt#L63,"# TODO Reconsider this, as the CUDA driver API is probably a simpler
# approach, at least for the build system. See Redmine #2530",['todo'],CMake,0,63,64
27155,hits-mbm/gromacs-fda,https://github.com/hits-mbm/gromacs-fda/blob/df2cd772affcce4f9dd9bcab6d02b4642e5296c8/src/gromacs/CMakeLists.txt#L152,"# This code is here instead of utility/CMakeLists.txt, because CMake
# custom commands and source file properties can only be set in the directory
# that contains the target that uses them.
# TODO: Generate a header instead that can be included from baseversion.cpp.
# That probably simplifies things somewhat.",['todo'],CMake,0,152,156
27155,hits-mbm/gromacs-fda,https://github.com/hits-mbm/gromacs-fda/blob/df2cd772affcce4f9dd9bcab6d02b4642e5296c8/src/gromacs/CMakeLists.txt#L266,"# Permit GROMACS code to include externally developed headers, such as
# the functionality from the nonstd project that we use for
# gmx::compat::optional. These are included as system headers so that
# no warnings are issued from them.
#
# TODO Perhaps generalize this for all headers from src/external",['todo'],CMake,0,266,271
27155,hits-mbm/gromacs-fda,https://github.com/hits-mbm/gromacs-fda/blob/df2cd772affcce4f9dd9bcab6d02b4642e5296c8/src/gromacs/CMakeLists.txt#L307,"# Fix everything found by the latest version of clang that we use in
# Jenkins testing. This should be updated when we update the latest
# tested version of clang.",['fix'],CMake,0,307,309
27155,hits-mbm/gromacs-fda,https://github.com/hits-mbm/gromacs-fda/blob/df2cd772affcce4f9dd9bcab6d02b4642e5296c8/src/gromacs/CMakeLists.txt#L328,#Ill-defined for-loop,['ill'],CMake,14,328,328
27155,hits-mbm/gromacs-fda,https://github.com/hits-mbm/gromacs-fda/blob/df2cd772affcce4f9dd9bcab6d02b4642e5296c8/src/gromacs/CMakeLists.txt#L334,#TODO,['todo'],CMake,5,334,334
27155,hits-mbm/gromacs-fda,https://github.com/hits-mbm/gromacs-fda/blob/df2cd772affcce4f9dd9bcab6d02b4642e5296c8/src/gromacs/ewald/CMakeLists.txt#L50,# Files that implement stubs,['implement'],CMake,4,50,50
27155,hits-mbm/gromacs-fda,https://github.com/hits-mbm/gromacs-fda/blob/df2cd772affcce4f9dd9bcab6d02b4642e5296c8/src/gromacs/ewald/CMakeLists.txt#L89,# Files that implement stubs,['implement'],CMake,8,89,89
27155,hits-mbm/gromacs-fda,https://github.com/hits-mbm/gromacs-fda/blob/df2cd772affcce4f9dd9bcab6d02b4642e5296c8/src/gromacs/gpu_utils/tests/CMakeLists.txt#L52,"# TODO Making a separate library is heavy handed, but nothing else
# seems to work. Also don't use a hyphen in its name, because nvcc
# can't cope with that.
#
# Perhaps FindCUDA's support for single compilation units will help?",['todo'],CMake,4,52,56
27155,hits-mbm/gromacs-fda,https://github.com/hits-mbm/gromacs-fda/blob/df2cd772affcce4f9dd9bcab6d02b4642e5296c8/src/gromacs/math/CMakeLists.txt#L38,# TODO: (https://redmine.gromacs.org/issues/988) Find a new convention for defining public API.,['todo'],CMake,0,38,38
27155,hits-mbm/gromacs-fda,https://github.com/hits-mbm/gromacs-fda/blob/df2cd772affcce4f9dd9bcab6d02b4642e5296c8/src/gromacs/mdlib/tests/CMakeLists.txt#L53,# TODO: Make CUDA source to compile inside the testing framework,['todo'],CMake,0,53,53
27155,hits-mbm/gromacs-fda,https://github.com/hits-mbm/gromacs-fda/blob/df2cd772affcce4f9dd9bcab6d02b4642e5296c8/src/gromacs/mdrun/CMakeLists.txt#L51,"# TODO import this from src/programs/mdrun/tests
#    add_subdirectory(tests)",['todo'],CMake,0,51,52
27155,hits-mbm/gromacs-fda,https://github.com/hits-mbm/gromacs-fda/blob/df2cd772affcce4f9dd9bcab6d02b4642e5296c8/src/gromacs/mdrunutility/tests/CMakeLists.txt#L44,"# TODO This target does not exist in a non-MPI build. It would be preferable
# to change functions like gmx_add_mpi_unit_test to add link-time dependencies
# as well as source files.",['todo'],CMake,0,44,46
27155,hits-mbm/gromacs-fda,https://github.com/hits-mbm/gromacs-fda/blob/df2cd772affcce4f9dd9bcab6d02b4642e5296c8/src/gromacs/nbnxm/opencl/CMakeLists.txt#L57,# TODO: remove readability-isolate-declaration when the nbnxm OpenCL kernels get modernized,['todo'],CMake,3,57,57
27155,hits-mbm/gromacs-fda,https://github.com/hits-mbm/gromacs-fda/blob/df2cd772affcce4f9dd9bcab6d02b4642e5296c8/src/gromacs/restraint/CMakeLists.txt#L40,# TODO this is a hacky way to expose things for the API and needs to be changed to something proper,"['todo', 'hacky']",CMake,0,40,40
27155,hits-mbm/gromacs-fda,https://github.com/hits-mbm/gromacs-fda/blob/df2cd772affcce4f9dd9bcab6d02b4642e5296c8/src/gromacs/utility/CMakeLists.txt#L41,# TODO: (https://redmine.gromacs.org/issues/988) Find a new convention for defining public API.,['todo'],CMake,0,41,41
27155,hits-mbm/gromacs-fda,https://github.com/hits-mbm/gromacs-fda/blob/df2cd772affcce4f9dd9bcab6d02b4642e5296c8/src/testutils/CMakeLists.txt#L83,# TODO Use gmx_add_missing_tests_notice() instead of the messages below.,['todo'],CMake,0,83,83
27155,hits-mbm/gromacs-fda,https://github.com/hits-mbm/gromacs-fda/blob/df2cd772affcce4f9dd9bcab6d02b4642e5296c8/tests/CMakeLists.txt#L92,"# TODO: It would be nicer to do these checks before potentially downloading the tests.
# Cross-compiling toolchains require us to compile both front-end and
# back-end binaries to run gmxtest.pl.
# Testing an mdrun-only builds require supporting binaries from a full build",['todo'],CMake,4,92,95
27155,hits-mbm/gromacs-fda,https://github.com/hits-mbm/gromacs-fda/blob/df2cd772affcce4f9dd9bcab6d02b4642e5296c8/tests/CMakeLists.txt#L158,"#replacing \ with / shouldn't be neccessary. But otherwise ""..\bin\;c:\..""
#gets turned into ""...\bin\\c:\.."" don't know why and don't have a better
#workaround. This workaround doesn't hurt.",['workaround'],CMake,8,158,160
27155,hits-mbm/gromacs-fda,https://github.com/hits-mbm/gromacs-fda/blob/df2cd772affcce4f9dd9bcab6d02b4642e5296c8/tests/CMakeLists.txt#L210,"# The following comment is copied from regression tests:
#     Cross-compiling toolchains require us to compile both front-end and
#     back-end binaries to run gmxtest.pl.
#     Testing an mdrun-only builds require supporting binaries from a full build
# TODO: Look into the details of this.
# For now, turn it off - our python-gmx interface is probably not that stable for special cases anyway",['todo'],CMake,8,210,215
27155,hits-mbm/gromacs-fda,https://github.com/hits-mbm/gromacs-fda/blob/df2cd772affcce4f9dd9bcab6d02b4642e5296c8/tests/CMakeLists.txt#L273,"#replacing \ with / shouldn't be neccessary. But otherwise ""..\bin\;c:\..""
#gets turned into ""...\bin\\c:\.."" don't know why and don't have a better
#workaround. This workaround doesn't hurt.",['workaround'],CMake,12,273,275
27155,hits-mbm/gromacs-fda,https://github.com/hits-mbm/gromacs-fda/blob/df2cd772affcce4f9dd9bcab6d02b4642e5296c8/CPackInit.cmake#L45,# TODO: add check that source doesn't contain any untracked files,['todo'],CMake,4,45,45
27155,hits-mbm/gromacs-fda,https://github.com/hits-mbm/gromacs-fda/blob/df2cd772affcce4f9dd9bcab6d02b4642e5296c8/CPackInit.cmake#L47,"# TODO: The list could be generated at the same time as the list of
# directories to include to keep the probe file names at the same place.
# And this does not detect if things have been built in the past, but are
# outdated.",['todo'],CMake,4,47,50
27155,hits-mbm/gromacs-fda,https://github.com/hits-mbm/gromacs-fda/blob/df2cd772affcce4f9dd9bcab6d02b4642e5296c8/CPackInit.cmake#L62,"# TODO: If GMX_BUILD_HELP is AUTO, it may happen that the generation
# fails, and things are silently left out.
# Also, it is currently impossible to get these files into the binary
# package for cross-compilation.  However, binary packages are not
# currently used much, either...",['todo'],CMake,4,62,66
27155,hits-mbm/gromacs-fda,https://github.com/hits-mbm/gromacs-fda/blob/df2cd772affcce4f9dd9bcab6d02b4642e5296c8/cmake/FindCUDA.cmake#L35,"#.rst:
# FindCUDA
# --------
#
# GROMACS developers README
# -------------------------
#
# This file is taken from CMake git tag v.3.4.3 Modules/FindCUDA.cmake
# and modified to use --include-path and --system-include for the
# include paths required for nvcc to function. Those are the supported
# flags for nvcc, so should continue to function. Several other
# supporting cmake files from Modules/FindCUDA/*cmake are also
# required, and these are also copied from the CMake repo, unmodified.
#
# The main file is modified further to make
# FindPackageHandleStandardArgs able to find those required supporting
# cmake files.
#
# Once CMake 3.7.0 is required for GROMACS, then the fix for CMake
# issue #14201 contained therein may remove the need for GROMACS to
# import these files. Or CMake 3.8 supports CUDA natively (but 3.9
# required for MSVC support also) if that proves useful for
# GROMACS. However, the FindCUDA.cmake in CMake 3.9.0 still does not
# use include functionality for headers internal to CUDA that would
# permit the GROMACS use of -Wundef to lead to warning-free CUDA
# compilation.
#
# Standard FindCUDA documentation
# -------------------------------
#
# Tools for building CUDA C files: libraries and build dependencies.
#
# This script locates the NVIDIA CUDA C tools.  It should work on linux,
# windows, and mac and should be reasonably up to date with CUDA C
# releases.
#
# This script makes use of the standard find_package arguments of
# <VERSION>, REQUIRED and QUIET.  CUDA_FOUND will report if an
# acceptable version of CUDA was found.
#
# The script will prompt the user to specify CUDA_TOOLKIT_ROOT_DIR if
# the prefix cannot be determined by the location of nvcc in the system
# path and REQUIRED is specified to find_package().  To use a different
# installed version of the toolkit set the environment variable
# CUDA_BIN_PATH before running cmake (e.g.
# CUDA_BIN_PATH=/usr/local/cuda1.0 instead of the default
# /usr/local/cuda) or set CUDA_TOOLKIT_ROOT_DIR after configuring.  If
# you change the value of CUDA_TOOLKIT_ROOT_DIR, various components that
# depend on the path will be relocated.
#
# It might be necessary to set CUDA_TOOLKIT_ROOT_DIR manually on certain
# platforms, or to use a cuda runtime not installed in the default
# location.  In newer versions of the toolkit the cuda library is
# included with the graphics driver- be sure that the driver version
# matches what is needed by the cuda runtime version.
#
# The following variables affect the behavior of the macros in the
# script (in alphebetical order).  Note that any of these flags can be
# changed multiple times in the same directory before calling
# CUDA_ADD_EXECUTABLE, CUDA_ADD_LIBRARY, CUDA_COMPILE, CUDA_COMPILE_PTX,
# CUDA_COMPILE_FATBIN, CUDA_COMPILE_CUBIN or CUDA_WRAP_SRCS::
#
#   CUDA_64_BIT_DEVICE_CODE (Default matches host bit size)
#   -- Set to ON to compile for 64 bit device code, OFF for 32 bit device code.
#      Note that making this different from the host code when generating object
#      or C files from CUDA code just won't work, because size_t gets defined by
#      nvcc in the generated source.  If you compile to PTX and then load the
#      file yourself, you can mix bit sizes between device and host.
#
#   CUDA_ATTACH_VS_BUILD_RULE_TO_CUDA_FILE (Default ON)
#   -- Set to ON if you want the custom build rule to be attached to the source
#      file in Visual Studio.  Turn OFF if you add the same cuda file to multiple
#      targets.
#
#      This allows the user to build the target from the CUDA file; however, bad
#      things can happen if the CUDA source file is added to multiple targets.
#      When performing parallel builds it is possible for the custom build
#      command to be run more than once and in parallel causing cryptic build
#      errors.  VS runs the rules for every source file in the target, and a
#      source can have only one rule no matter how many projects it is added to.
#      When the rule is run from multiple targets race conditions can occur on
#      the generated file.  Eventually everything will get built, but if the user
#      is unaware of this behavior, there may be confusion.  It would be nice if
#      this script could detect the reuse of source files across multiple targets
#      and turn the option off for the user, but no good solution could be found.
#
#   CUDA_BUILD_CUBIN (Default OFF)
#   -- Set to ON to enable and extra compilation pass with the -cubin option in
#      Device mode. The output is parsed and register, shared memory usage is
#      printed during build.
#
#   CUDA_BUILD_EMULATION (Default OFF for device mode)
#   -- Set to ON for Emulation mode. -D_DEVICEEMU is defined for CUDA C files
#      when CUDA_BUILD_EMULATION is TRUE.
#
#   CUDA_GENERATED_OUTPUT_DIR (Default CMAKE_CURRENT_BINARY_DIR)
#   -- Set to the path you wish to have the generated files placed.  If it is
#      blank output files will be placed in CMAKE_CURRENT_BINARY_DIR.
#      Intermediate files will always be placed in
#      CMAKE_CURRENT_BINARY_DIR/CMakeFiles.
#
#   CUDA_HOST_COMPILATION_CPP (Default ON)
#   -- Set to OFF for C compilation of host code.
#
#   CUDA_HOST_COMPILER (Default CMAKE_C_COMPILER, $(VCInstallDir)/bin for VS)
#   -- Set the host compiler to be used by nvcc.  Ignored if -ccbin or
#      --compiler-bindir is already present in the CUDA_NVCC_FLAGS or
#      CUDA_NVCC_FLAGS_<CONFIG> variables.  For Visual Studio targets
#      $(VCInstallDir)/bin is a special value that expands out to the path when
#      the command is run from withing VS.
#
#   CUDA_NVCC_FLAGS
#   CUDA_NVCC_FLAGS_<CONFIG>
#   -- Additional NVCC command line arguments.  NOTE: multiple arguments must be
#      semi-colon delimited (e.g. --compiler-options;-Wall)
#
#   CUDA_PROPAGATE_HOST_FLAGS (Default ON)
#   -- Set to ON to propagate CMAKE_{C,CXX}_FLAGS and their configuration
#      dependent counterparts (e.g. CMAKE_C_FLAGS_DEBUG) automatically to the
#      host compiler through nvcc's -Xcompiler flag.  This helps make the
#      generated host code match the rest of the system better.  Sometimes
#      certain flags give nvcc problems, and this will help you turn the flag
#      propagation off.  This does not affect the flags supplied directly to nvcc
#      via CUDA_NVCC_FLAGS or through the OPTION flags specified through
#      CUDA_ADD_LIBRARY, CUDA_ADD_EXECUTABLE, or CUDA_WRAP_SRCS.  Flags used for
#      shared library compilation are not affected by this flag.
#
#   CUDA_SEPARABLE_COMPILATION (Default OFF)
#   -- If set this will enable separable compilation for all CUDA runtime object
#      files.  If used outside of CUDA_ADD_EXECUTABLE and CUDA_ADD_LIBRARY
#      (e.g. calling CUDA_WRAP_SRCS directly),
#      CUDA_COMPUTE_SEPARABLE_COMPILATION_OBJECT_FILE_NAME and
#      CUDA_LINK_SEPARABLE_COMPILATION_OBJECTS should be called.
#
#   CUDA_SOURCE_PROPERTY_FORMAT
#   -- If this source file property is set, it can override the format specified
#      to CUDA_WRAP_SRCS (OBJ, PTX, CUBIN, or FATBIN).  If an input source file
#      is not a .cu file, setting this file will cause it to be treated as a .cu
#      file. See documentation for set_source_files_properties on how to set
#      this property.
#
#   CUDA_USE_STATIC_CUDA_RUNTIME (Default ON)
#   -- When enabled the static version of the CUDA runtime library will be used
#      in CUDA_LIBRARIES.  If the version of CUDA configured doesn't support
#      this option, then it will be silently disabled.
#
#   CUDA_VERBOSE_BUILD (Default OFF)
#   -- Set to ON to see all the commands used when building the CUDA file.  When
#      using a Makefile generator the value defaults to VERBOSE (run make
#      VERBOSE=1 to see output), although setting CUDA_VERBOSE_BUILD to ON will
#      always print the output.
#
# The script creates the following macros (in alphebetical order)::
#
#   CUDA_ADD_CUFFT_TO_TARGET( cuda_target )
#   -- Adds the cufft library to the target (can be any target).  Handles whether
#      you are in emulation mode or not.
#
#   CUDA_ADD_CUBLAS_TO_TARGET( cuda_target )
#   -- Adds the cublas library to the target (can be any target).  Handles
#      whether you are in emulation mode or not.
#
#   CUDA_ADD_EXECUTABLE( cuda_target file0 file1 ...
#                        [WIN32] [MACOSX_BUNDLE] [EXCLUDE_FROM_ALL] [OPTIONS ...] )
#   -- Creates an executable ""cuda_target"" which is made up of the files
#      specified.  All of the non CUDA C files are compiled using the standard
#      build rules specified by CMAKE and the cuda files are compiled to object
#      files using nvcc and the host compiler.  In addition CUDA_INCLUDE_DIRS is
#      added automatically to include_directories().  Some standard CMake target
#      calls can be used on the target after calling this macro
#      (e.g. set_target_properties and target_link_libraries), but setting
#      properties that adjust compilation flags will not affect code compiled by
#      nvcc.  Such flags should be modified before calling CUDA_ADD_EXECUTABLE,
#      CUDA_ADD_LIBRARY or CUDA_WRAP_SRCS.
#
#   CUDA_ADD_LIBRARY( cuda_target file0 file1 ...
#                     [STATIC | SHARED | MODULE] [EXCLUDE_FROM_ALL] [OPTIONS ...] )
#   -- Same as CUDA_ADD_EXECUTABLE except that a library is created.
#
#   CUDA_BUILD_CLEAN_TARGET()
#   -- Creates a convience target that deletes all the dependency files
#      generated.  You should make clean after running this target to ensure the
#      dependency files get regenerated.
#
#   CUDA_COMPILE( generated_files file0 file1 ... [STATIC | SHARED | MODULE]
#                 [OPTIONS ...] )
#   -- Returns a list of generated files from the input source files to be used
#      with ADD_LIBRARY or ADD_EXECUTABLE.
#
#   CUDA_COMPILE_PTX( generated_files file0 file1 ... [OPTIONS ...] )
#   -- Returns a list of PTX files generated from the input source files.
#
#   CUDA_COMPILE_FATBIN( generated_files file0 file1 ... [OPTIONS ...] )
#   -- Returns a list of FATBIN files generated from the input source files.
#
#   CUDA_COMPILE_CUBIN( generated_files file0 file1 ... [OPTIONS ...] )
#   -- Returns a list of CUBIN files generated from the input source files.
#
#   CUDA_COMPUTE_SEPARABLE_COMPILATION_OBJECT_FILE_NAME( output_file_var
#                                                        cuda_target
#                                                        object_files )
#   -- Compute the name of the intermediate link file used for separable
#      compilation.  This file name is typically passed into
#      CUDA_LINK_SEPARABLE_COMPILATION_OBJECTS.  output_file_var is produced
#      based on cuda_target the list of objects files that need separable
#      compilation as specified by object_files.  If the object_files list is
#      empty, then output_file_var will be empty.  This function is called
#      automatically for CUDA_ADD_LIBRARY and CUDA_ADD_EXECUTABLE.  Note that
#      this is a function and not a macro.
#
#   CUDA_INCLUDE_DIRECTORIES( path0 path1 ... )
#   -- Sets the directories that should be passed to nvcc
#      (e.g. nvcc -Ipath0 -Ipath1 ... ). These paths usually contain other .cu
#      files.
#
#
#
#   CUDA_LINK_SEPARABLE_COMPILATION_OBJECTS( output_file_var cuda_target
#                                            nvcc_flags object_files)
#
#   -- Generates the link object required by separable compilation from the given
#      object files.  This is called automatically for CUDA_ADD_EXECUTABLE and
#      CUDA_ADD_LIBRARY, but can be called manually when using CUDA_WRAP_SRCS
#      directly.  When called from CUDA_ADD_LIBRARY or CUDA_ADD_EXECUTABLE the
#      nvcc_flags passed in are the same as the flags passed in via the OPTIONS
#      argument.  The only nvcc flag added automatically is the bitness flag as
#      specified by CUDA_64_BIT_DEVICE_CODE.  Note that this is a function
#      instead of a macro.
#
#   CUDA_WRAP_SRCS ( cuda_target format generated_files file0 file1 ...
#                    [STATIC | SHARED | MODULE] [OPTIONS ...] )
#   -- This is where all the magic happens.  CUDA_ADD_EXECUTABLE,
#      CUDA_ADD_LIBRARY, CUDA_COMPILE, and CUDA_COMPILE_PTX all call this
#      function under the hood.
#
#      Given the list of files (file0 file1 ... fileN) this macro generates
#      custom commands that generate either PTX or linkable objects (use ""PTX"" or
#      ""OBJ"" for the format argument to switch).  Files that don't end with .cu
#      or have the HEADER_FILE_ONLY property are ignored.
#
#      The arguments passed in after OPTIONS are extra command line options to
#      give to nvcc.  You can also specify per configuration options by
#      specifying the name of the configuration followed by the options.  General
#      options must preceed configuration specific options.  Not all
#      configurations need to be specified, only the ones provided will be used.
#
#         OPTIONS -DFLAG=2 ""-DFLAG_OTHER=space in flag""
#         DEBUG -g
#         RELEASE --use_fast_math
#         RELWITHDEBINFO --use_fast_math;-g
#         MINSIZEREL --use_fast_math
#
#      For certain configurations (namely VS generating object files with
#      CUDA_ATTACH_VS_BUILD_RULE_TO_CUDA_FILE set to ON), no generated file will
#      be produced for the given cuda file.  This is because when you add the
#      cuda file to Visual Studio it knows that this file produces an object file
#      and will link in the resulting object file automatically.
#
#      This script will also generate a separate cmake script that is used at
#      build time to invoke nvcc.  This is for several reasons.
#
#        1. nvcc can return negative numbers as return values which confuses
#        Visual Studio into thinking that the command succeeded.  The script now
#        checks the error codes and produces errors when there was a problem.
#
#        2. nvcc has been known to not delete incomplete results when it
#        encounters problems.  This confuses build systems into thinking the
#        target was generated when in fact an unusable file exists.  The script
#        now deletes the output files if there was an error.
#
#        3. By putting all the options that affect the build into a file and then
#        make the build rule dependent on the file, the output files will be
#        regenerated when the options change.
#
#      This script also looks at optional arguments STATIC, SHARED, or MODULE to
#      determine when to target the object compilation for a shared library.
#      BUILD_SHARED_LIBS is ignored in CUDA_WRAP_SRCS, but it is respected in
#      CUDA_ADD_LIBRARY.  On some systems special flags are added for building
#      objects intended for shared libraries.  A preprocessor macro,
#      <target_name>_EXPORTS is defined when a shared library compilation is
#      detected.
#
#      Flags passed into add_definitions with -D or /D are passed along to nvcc.
#
#
#
# The script defines the following variables::
#
#   CUDA_VERSION_MAJOR    -- The major version of cuda as reported by nvcc.
#   CUDA_VERSION_MINOR    -- The minor version.
#   CUDA_VERSION
#   CUDA_VERSION_STRING   -- CUDA_VERSION_MAJOR.CUDA_VERSION_MINOR
#
#   CUDA_TOOLKIT_ROOT_DIR -- Path to the CUDA Toolkit (defined if not set).
#   CUDA_SDK_ROOT_DIR     -- Path to the CUDA SDK.  Use this to find files in the
#                            SDK.  This script will not directly support finding
#                            specific libraries or headers, as that isn't
#                            supported by NVIDIA.  If you want to change
#                            libraries when the path changes see the
#                            FindCUDA.cmake script for an example of how to clear
#                            these variables.  There are also examples of how to
#                            use the CUDA_SDK_ROOT_DIR to locate headers or
#                            libraries, if you so choose (at your own risk).
#   CUDA_INCLUDE_DIRS     -- Include directory for cuda headers.  Added automatically
#                            for CUDA_ADD_EXECUTABLE and CUDA_ADD_LIBRARY.
#   CUDA_LIBRARIES        -- Cuda RT library.
#   CUDA_CUFFT_LIBRARIES  -- Device or emulation library for the Cuda FFT
#                            implementation (alternative to:
#                            CUDA_ADD_CUFFT_TO_TARGET macro)
#   CUDA_CUBLAS_LIBRARIES -- Device or emulation library for the Cuda BLAS
#                            implementation (alterative to:
#                            CUDA_ADD_CUBLAS_TO_TARGET macro).
#   CUDA_cudart_static_LIBRARY -- Statically linkable cuda runtime library.
#                                 Only available for CUDA version 5.5+
#   CUDA_cupti_LIBRARY    -- CUDA Profiling Tools Interface library.
#                            Only available for CUDA version 4.0+.
#   CUDA_curand_LIBRARY   -- CUDA Random Number Generation library.
#                            Only available for CUDA version 3.2+.
#   CUDA_cusolver_LIBRARY -- CUDA Direct Solver library.
#                            Only available for CUDA version 7.0+.
#   CUDA_cusparse_LIBRARY -- CUDA Sparse Matrix library.
#                            Only available for CUDA version 3.2+.
#   CUDA_npp_LIBRARY      -- NVIDIA Performance Primitives lib.
#                            Only available for CUDA version 4.0+.
#   CUDA_nppc_LIBRARY     -- NVIDIA Performance Primitives lib (core).
#                            Only available for CUDA version 5.5+.
#   CUDA_nppi_LIBRARY     -- NVIDIA Performance Primitives lib (image processing).
#                            Only available for CUDA version 5.5+.
#   CUDA_npps_LIBRARY     -- NVIDIA Performance Primitives lib (signal processing).
#                            Only available for CUDA version 5.5+.
#   CUDA_nvcuvenc_LIBRARY -- CUDA Video Encoder library.
#                            Only available for CUDA version 3.2+.
#                            Windows only.
#   CUDA_nvcuvid_LIBRARY  -- CUDA Video Decoder library.
#                            Only available for CUDA version 3.2+.
#                            Windows only.
#",['fix'],CMake,0,35,371
27155,hits-mbm/gromacs-fda,https://github.com/hits-mbm/gromacs-fda/blob/df2cd772affcce4f9dd9bcab6d02b4642e5296c8/cmake/FindCUDA.cmake#L1136,"##############################################################################
# Helper to avoid clashes of files with the same basename but different paths.
# This doesn't attempt to do exactly what CMake internals do, which is to only
# add this path when there is a conflict, since by the time a second collision
# in names is detected it's already too late to fix the first one.  For
# consistency sake the relative path will be added to all files.",['fix'],CMake,0,1136,1141
27155,hits-mbm/gromacs-fda,https://github.com/hits-mbm/gromacs-fda/blob/df2cd772affcce4f9dd9bcab6d02b4642e5296c8/cmake/FindEXTRAE.cmake#L56,# TODO: Add support for the following combinations when available in a future release:,['todo'],CMake,0,56,56
27155,hits-mbm/gromacs-fda,https://github.com/hits-mbm/gromacs-fda/blob/df2cd772affcce4f9dd9bcab6d02b4642e5296c8/cmake/ThreadMPI.cmake#L51,"# If the check fails, we want to be able to check again,
# in case the user has been able to fix this without
# needing to delete the cache. Thus we only cache
# positive results.",['fix'],CMake,12,51,54
27155,hits-mbm/gromacs-fda,https://github.com/hits-mbm/gromacs-fda/blob/df2cd772affcce4f9dd9bcab6d02b4642e5296c8/cmake/gmxBuildTypeTSAN.cmake#L35,"# Custom build type ""TSAN"", to be used for compiling GROMACS with
# clang or gcc with ThreadSanitizer (aka ""TSan"") turned on, so that
# the tests can be run to detect data races.
#
# The main advantage of the clang version is that there can be a
# suppressions file that acts at compile time, though there is no use of 
# that yet. The main advantage of the gcc version is that it can be used
# with a OpenMP (if gomp is compiled with --disable-linux-futex).
#
# Unfortunately, out of the box Thread-MPI provokes several false
# positives. One example is that tMPI_Event_t contains an atomic int
# field ""sync"" that is initialized before thread spawn. During a
# collective, this is atomically updated by the source thread, and the
# update is observed by sink threads in tMPI_Event_wait, which do a
# yield wait when no change has occured. This means the read can
# happen before the write (by design, whether or not the read is
# atomic), but the surrounding logic prevents action until the write
# has happened. There is no way for the sink thread(s) to avoid
# reading until the write has happened - that is the point of the
# implementation.
#
# This ought to be able to be suppressed, but my attempts to apply
# suppressions on individual functions don't suppress reporting of the
# race event. Applying the suppression to the whole thread-MPI library
# might work, but seems to defeat the point. We want to be able to
# detect mis-use of the primitives provided by thread-MPI.
#
# This means there needs to be a way for this build type to trigger
# the use of the generic mutex-based fallback implementation within
# thread-MPI.
#
# Later, if a blacklist is needed, use something like
# ""-fsanitize-blacklist=${CMAKE_SOURCE_DIR}/cmake/thread-sanitizer.supp""
# TODO find a better home for this and other suppression files",['todo'],CMake,0,35,68
27155,hits-mbm/gromacs-fda,https://github.com/hits-mbm/gromacs-fda/blob/df2cd772affcce4f9dd9bcab6d02b4642e5296c8/cmake/gmxCFlags.cmake#L146,"# Add the WARNING_FLAG to the compile options for TARGET if the
# compiler supports that flag. VARNAME is used to cache the result of
# the check whether the compiler supports that flag, as multiple
# targets may use the same suppression.
#
# This is generally used to suppress warnings judged not worth fixing
# in code external to, or generated by, GROMACS, or code that is
# more efficient to work around and later replace, rather than fix.",['fix'],CMake,0,146,153
27155,hits-mbm/gromacs-fda,https://github.com/hits-mbm/gromacs-fda/blob/df2cd772affcce4f9dd9bcab6d02b4642e5296c8/cmake/gmxCFlags.cmake#L161,"# Add the WARNING_FLAG to the compile flags for SOURCE_FILE if the
# compiler supports that flag. VARNAME is used to cache the result of
# the check whether the compiler supports that flag, as multiple
# targets may use the same suppression.
#
# This is generally used to suppress warnings judged not worth fixing
# in code external to, or generated by, GROMACS, or code that is
# more efficient to work around and later replace, rather than fix.",['fix'],CMake,0,161,168
27155,hits-mbm/gromacs-fda,https://github.com/hits-mbm/gromacs-fda/blob/df2cd772affcce4f9dd9bcab6d02b4642e5296c8/cmake/gmxCFlags.cmake#L421,"# Mac OS Catalina ships with a horribly broken compiler (version 11.0.0.11000033)
# that checks stack alignment by default, but their own C library
# does not align the stack properly. Embarrassing, Apple...",['broken'],CMake,12,421,423
27155,hits-mbm/gromacs-fda,https://github.com/hits-mbm/gromacs-fda/blob/df2cd772affcce4f9dd9bcab6d02b4642e5296c8/cmake/gmxCFlags.cmake#L430,"# Mac OS Catalina ships with a horribly broken compiler (version 11.0.0.11000033)
# that checks stack alignment by default, but their own C library
# does not align the stack properly. Embarrassing, Apple...",['broken'],CMake,12,430,432
27155,hits-mbm/gromacs-fda,https://github.com/hits-mbm/gromacs-fda/blob/df2cd772affcce4f9dd9bcab6d02b4642e5296c8/cmake/gmxCFlags.cmake#L440,"# Mac OS Catalina ships with a horribly broken compiler (version 11.0.0.11000033)
# that checks stack alignment by default, but their own C library
# does not align the stack properly. Embarrassing, Apple...",['broken'],CMake,12,440,442
27155,hits-mbm/gromacs-fda,https://github.com/hits-mbm/gromacs-fda/blob/df2cd772affcce4f9dd9bcab6d02b4642e5296c8/cmake/gmxCFlags.cmake#L449,"# Mac OS Catalina ships with a horribly broken compiler (version 11.0.0.11000033)
# that checks stack alignment by default, but their own C library
# does not align the stack properly. Embarrassing, Apple...",['broken'],CMake,12,449,451
27155,hits-mbm/gromacs-fda,https://github.com/hits-mbm/gromacs-fda/blob/df2cd772affcce4f9dd9bcab6d02b4642e5296c8/cmake/gmxDetectCpu.cmake#L68,# TODO Need we explain that we're not detecting because we are cross compiling?,['todo'],CMake,8,68,68
27155,hits-mbm/gromacs-fda,https://github.com/hits-mbm/gromacs-fda/blob/df2cd772affcce4f9dd9bcab6d02b4642e5296c8/cmake/gmxDetectGpu.cmake#L86,"# try to find the nvidia-smi binary
# TODO add location hints",['todo'],CMake,12,86,87
27155,hits-mbm/gromacs-fda,https://github.com/hits-mbm/gromacs-fda/blob/df2cd772affcce4f9dd9bcab6d02b4642e5296c8/cmake/gmxManageClangCudaConfig.cmake#L84,# Workaround for clang>=9 (Bug 45533). No CUDA file uses OpenMP.,['workaround'],CMake,0,84,84
27155,hits-mbm/gromacs-fda,https://github.com/hits-mbm/gromacs-fda/blob/df2cd772affcce4f9dd9bcab6d02b4642e5296c8/cmake/gmxManageFFTLibraries.cmake#L170,"# Hack to help the user vary MKL settings until they work.
# TODO Make this logic more useful.","['todo', 'hack']",CMake,8,170,171
27155,hits-mbm/gromacs-fda,https://github.com/hits-mbm/gromacs-fda/blob/df2cd772affcce4f9dd9bcab6d02b4642e5296c8/cmake/gmxManageGPU.cmake#L103,"# TODO remove the second part of the message when we'll have compute
# capability information from the detection.",['todo'],CMake,8,103,104
27155,hits-mbm/gromacs-fda,https://github.com/hits-mbm/gromacs-fda/blob/df2cd772affcce4f9dd9bcab6d02b4642e5296c8/cmake/gmxManageGPU.cmake#L169,"# Fix multi-line mess: Replace newline with "";"" so we can use it in a define",['fix'],CMake,16,169,169
27155,hits-mbm/gromacs-fda,https://github.com/hits-mbm/gromacs-fda/blob/df2cd772affcce4f9dd9bcab6d02b4642e5296c8/cmake/gmxManageNvccConfig.cmake#L46,"# glibc 2.23 changed string.h in a way that breaks CUDA compilation in
# many projects, but which has a trivial workaround. It would be nicer
# to compile with nvcc and see that the workaround is necessary and
# effective, but it is unclear how to do that. Also, grepping in the
# glibc source shows that _FORCE_INLINES is only used in this string.h
# feature and performance of memcpy variants is unimportant for CUDA
# code in GROMACS. So this workaround is good enough to keep problems
# away from users installing GROMACS. See Redmine 1942.",['workaround'],CMake,0,46,53
27155,hits-mbm/gromacs-fda,https://github.com/hits-mbm/gromacs-fda/blob/df2cd772affcce4f9dd9bcab6d02b4642e5296c8/cmake/gmxManagePluginSupport.cmake#L46,"# TODO Make a proper find_package for dlopen to find
# dlfcn.h. The CMake variable CMAKE_DL_LIBS works magically
# for the library, however.",['todo'],CMake,8,46,48
27155,hits-mbm/gromacs-fda,https://github.com/hits-mbm/gromacs-fda/blob/df2cd772affcce4f9dd9bcab6d02b4642e5296c8/cmake/gmxSimdFlags.cmake#L75,"# Enable power9 vector extensions on such platforms.
# TODO consider whether adding "" -mpower9-vector -mpower9-fusion""
# is an advantage.",['todo'],CMake,12,75,77
27155,hits-mbm/gromacs-fda,https://github.com/hits-mbm/gromacs-fda/blob/df2cd772affcce4f9dd9bcab6d02b4642e5296c8/cmake/gmxTestLibXml2.cmake#L59,"# Linking MSan-enabled libxml2 and zlib in a way that can be
# tested with try_compile setup is tricky, but someone doing
# an MSan build can take care of themselves (for now, at
# least).",['take care'],CMake,8,59,62
27155,hits-mbm/gromacs-fda,https://github.com/hits-mbm/gromacs-fda/blob/df2cd772affcce4f9dd9bcab6d02b4642e5296c8/cmake/gmxTestZLib.cmake#L54,"# Linking MSan-enabled zlib in a way that can be tested with
# try_compile setup is tricky, but someone doing an MSan build
# can take care of themselves.",['take care'],CMake,8,54,56
27155,hits-mbm/gromacs-fda,https://github.com/hits-mbm/gromacs-fda/blob/df2cd772affcce4f9dd9bcab6d02b4642e5296c8/cmake/gmxVersionInfo.cmake#L35,"# Sets version information variables and provides CMake functions for
# generating files based on them
#
# This script provides the following basic version variables that need to be
# maintained manually:
#   GMX_VERSION_MAJOR      Major version number.
#   GMX_VERSION_PATCH      Patch version number.
#       Should always be defined: zero for, e.g., 2016.
#   GMX_VERSION_SUFFIX     String suffix to add to numeric version string.
#       ""-dev"" is automatically added when not building from a source package,
#       and does not need to be kept here. This mechanism is not quite enough
#       for building a tarball, but setting the CMake cache variable
#       GMX_BUILD_TARBALL=on will suppress the addition of ""-dev"" to the
#       version string.
#   LIBRARY_SOVERSION_MAJOR so major version for the built libraries.
#       Should be increased for each binary incompatible release. In GROMACS,
#       the typical policy is to increase it at the start of the development
#       cycle for each major/minor version change, but not for patch releases,
#       even if the latter may not always be fully binary compatible.
#       Table of historical values
#         GROMACS     5.0    0
#         GROMACS     5.1    1
#         GROMACS     2016   2
#         GROMACS     2018   3
#         GROMACS     2019   4
#         GROMACS     2020   5
#   LIBRARY_SOVERSION_MINOR so minor version for the built libraries.
#       Should be increased for each release that changes only the implementation.
#       In GROMACS, the typical policy is to increase it for each patch version
#       change, even if they may not always be fully binary compatible.
#       If it is somehow clear that the ABI implementation has not changed
#       in a patch release, this variable should not increase. Release candidate
#       and beta versions will not increase this number, since nobody should
#       write code against such versions.
#   LIBRARY_VERSION        Full library version.
#   REGRESSIONTEST_BRANCH  For builds not from source packages, name of the
#       regressiontests branch at gerrit.gromacs.org whose HEAD can test this
#       code, *if* this code is recent enough (i.e., contains all changes from
#       the corresponding code branch that affects the regression test
#       results). Even after a release branch is forked for the source
#       repository, the correct regressiontests branch can still be master,
#       because we do not fork it until behaviour needs to change.
#   REGRESSIONTEST_MD5SUM
#       The MD5 checksum of the regressiontest tarball. Only used when building
#       from a source package.
#   GMX_SOURCE_DOI_ID
#       ID collected from Zenodo connected to the doi for a released version
#       used to identify the source when building an official released version.
#       This ID is used for the source code tarball.
#   GMX_MANUAL_DOI_ID
#       Same as above, but for the reference manual.
# They are collected into a single section below.
# The following variables are set based on these:
#   GMX_VERSION            String composed from GMX_VERSION_* numeric variables
#       above. Example: 4.6.1, 5.0, 2016
#   GMX_VERSION_STRING     String with GMX_VERSION suffixed with the given
#       suffix and possibly ""-dev"" for builds not from a source package.
#   GMX_VERSION_NUMERIC    Numeric version number (e.g., 40601 for 4.6.1, 20160001 for 2016.1).
#   GMX_API_VERSION        Numeric API version.
#       This is currently set automatically to GMX_VERSION_NUMERIC, but may
#       become manually maintained in the future if there will be releases
#       where the API does not change, but programs/libraries do.
#       In such a case, this should be the first version where the current API
#       appeared.
#   REGRESSIONTEST_VERSION For source packages, version number of the
#       matching regressiontests tarball.  Not used for builds not from source
#       packages.
# The latter two are used to generate gromacs/version.h to allow software
# written against the GROMACS API to provide some #ifdef'ed code to support
# multiple GROMACS versions.
#
# This script also declares machinery to generate and obtain version
# information from a git repository.  This is enabled by default if the source
# tree is a git, but can be disabled with
#   GMX_GIT_VERSION_INFO           Advanced CMake variable to disable git
#                                  version info generation.
# If the version generation is disabled, then the source and manual doi
# will be based on the stored values for the ID.
# The main interface to this machinery is the gmx_configure_version_file()
# CMake function.  The signature is
#   gmx_configure_version_file(<input> <output>
#                              [REMOTE_HASH]
#                              [TARGET <target>]
#                              [COMMENT <comment>])
#   <input>      Specify the input and output files as for configure_file().
#   <output>     The configuration is done with configure_file(... @ONLY) with
#                the following variables defined (as well as all the
#                GMX_VERSION* variables from above):
#                  GMX_VERSION_STRING_FULL
#                  GMX_VERSION_FULL_HASH
#                  GMX_VERSION_CENTRAL_BASE_HASH
#                The output file is created during build time, so any dependent
#                targets should specify it as a dependency.
#   REMOTE_HASH  Currently, this has no effect, but it signifies that the
#                <input> file is using the CENTRAL_BASE_HASH variable.
#                This variable is much more expensive to initialize than the
#                others, so this allows local changes in this file to only
#                compute that value when required if that becomes necessary.
#   TARGET       By default, this function uses add_custom_command() to
#                generate the output file.  If TARGET is specified, then
#                add_custom_target() is used to create a target with the given
#                name <target> that runs this custom command.  Use this if
#                the same file will be used for multiple downstream targets,
#                or if the explicit target for the file is otherwise
#                necessary.
#   COMMENT      Set a custom comment to be shown when building the rule
#                (see add_custom_command(... COMMENT <comment>)).
# As an alternative to using this script, also the following variables are
# provided (can be useful when generating more complex CMake scripts that do
# build-time tasks):
#   VERSION_INFO_CMAKE_SCRIPT
#       Absolute path to a CMake script that can be included using include()
#       to declare the GMX_VERSION_* variables documented for
#       gmx_configure_version_file().
#   VERSION_INFO_DEPS
#       If a custom command depends on VERSION_INFO_CMAKE_SCRIPT, then it
#       should add ${VERSION_INFO_DEPS} to its DEPENDS list to get the
#       appropriate dependencies.
# TODO: If someone wants to add a custom target that depends on
# VERSION_INFO_CMAKE_SCRIPT, a separate variable may be needed for those
# dependencies.
#
# The version string printed by 'gmx -version' (and also printed in the startup
# header) can provide useful information for, e.g., diagnosing bug reports and
# identifying what exact version the user was using.  The following formats are
# possible (with examples given for a particular version):
#   2018.1       Plain version number without any suffix signifies a build from
#                a released source tarball.
#   2018.1-dev   '-dev' suffix signifies all other builds. If there is no other
#                information, either the user built the code outside any git
#                repository, or disabled the version info generation.
#   2018.1-dev-YYYYMMDD-1234abc
#                The YYYYMMDD part shows the commit date (not author date) of
#                the HEAD commit from which the code was built.  The abbreviated
#                hash is the hash of that commit (the full hash is available in
#                'gmx -version' output).
#                If the HEAD hash is not identified as coming from branches in
#                ""authoritative"" GROMACS repositories, 'gmx -version' will show
#                the nearest ancestor commit that is identified as such (but see
#                the '-local' and '-unknown' suffixes below).
#   2018.1-dev-YYYYMMDD-1234abc-dirty
#                As above, but there were local modifications in the source tree
#                when the code was built.
#   2018.1-dev-YYYYMMDD-1234abc-unknown
#                As above, but there were no remotes in the repository that
#                could be identified as ""authoritative"" GROMACS repositories.
#                This happens if the code is not cloned from git.gromacs.org
#                or gerrit.gromacs.org.
#   2018.1-dev-YYYYMMDD-1234abc-local
#                As above, but there were no commits in the recent history of
#                the branch that could be identified as coming from
#                ""authoritative"" GROMACS repositories.  This should be
#                relatively rare.
#
# Other variables set here are not intended for use outside this file.
# The scripts gmxGenerateVersionInfo.cmake and gmxConfigureVersionInfo.cmake
# are used internally by this machinery, as well as VersionInfo.cmake.cmakein.",['todo'],CMake,0,35,191
27155,hits-mbm/gromacs-fda,https://github.com/hits-mbm/gromacs-fda/blob/df2cd772affcce4f9dd9bcab6d02b4642e5296c8/cmake/FindCUDA/run_nvcc.cmake#L135,"# Now we need to build up our command string.  We are accounting for quotes
# and spaces, anything else is left up to the user to fix if they want to
# copy and paste a runnable command line.",['fix'],CMake,4,135,137
27155,hits-mbm/gromacs-fda,https://github.com/hits-mbm/gromacs-fda/blob/df2cd772affcce4f9dd9bcab6d02b4642e5296c8/docs/manual/UseLATEX.cmake#L1,"# File: UseLATEX.cmake
# CMAKE commands to actually use the LaTeX compiler
# Version: 1.7.4
# Author: Kenneth Moreland (kmorel at sandia dot gov)
#
# Copyright 2004 Sandia Corporation.
# Under the terms of Contract DE-AC04-94AL85000, there is a non-exclusive
# license for use of this work by or on behalf of the
# U.S. Government. Redistribution and use in source and binary forms, with
# or without modification, are permitted provided that this Notice and any
# statement of authorship are reproduced on all copies.
#
# The following MACROS are defined:
#
# ADD_LATEX_DOCUMENT(<tex_file>
#                       [BIBFILES <bib_files>]
#                       [INPUTS <input_tex_files>]
#                       [IMAGE_DIRS] <image_directories>
#                       [IMAGES] <image_files>
#                       [CONFIGURE] <tex_files>
#                       [DEPENDS] <tex_files>
#                       [USE_INDEX] [USE_GLOSSARY]
#                       [DEFAULT_PDF] [DEFAULT_SAFEPDF]
#                       [MANGLE_TARGET_NAMES])
#       Adds targets that compile <tex_file>.  The latex output is placed
#       in LATEX_OUTPUT_PATH or CMAKE_CURRENT_BINARY_DIR if the former is
#       not set.  The latex program is picky about where files are located,
#       so all input files are copied from the source directory to the
#       output directory.  This includes the target tex file, any tex file
#       listed with the INPUTS option, the bibliography files listed with
#       the BIBFILES option, and any .cls, .bst, and .clo files found in
#       the current source directory.  Images found in the IMAGE_DIRS
#       directories or listed by IMAGES are also copied to the output
#       directory and coverted to an appropriate format if necessary.  Any
#       tex files also listed with the CONFIGURE option are also processed
#       with the CMake CONFIGURE_FILE command (with the @ONLY flag.  Any
#       file listed in CONFIGURE but not the target tex file or listed with
#       INPUTS has no effect. DEPENDS can be used to specify generated files
#       that are needed to compile the latex target.
#
#       The following targets are made:
#               dvi: Makes <name>.dvi
#               pdf: Makes <name>.pdf using pdflatex.
#               safepdf: Makes <name>.pdf using ps2pdf.  If using the default
#                       program arguments, this will ensure all fonts are
#                       embedded and no lossy compression has been performed
#                       on images.
#               ps: Makes <name>.ps
#               html: Makes <name>.html
#               auxclean: Deletes <name>.aux.  This is sometimes necessary
#                       if a LaTeX error occurs and writes a bad aux file.
#
#       The dvi target is added to the ALL.  That is, it will be the target
#       built by default.  If the DEFAULT_PDF argument is given, then the
#       pdf target will be the default instead of dvi.  In GROMACS, we
#       have hacked this - no target is ever added to ALL.
#
#       If the argument MANGLE_TARGET_NAMES is given, then each of the
#       target names above will be mangled with the <tex_file> name.  This
#       is to make the targets unique if ADD_LATEX_DOCUMENT is called for
#       multiple documents.  If the argument USE_INDEX is given, then
#       commands to build an index are made.  If the argument USE_GLOSSARY
#       is given, then commands to build a glossary are made.
#
# History:
#
# 1.7.4 Added the DEFAULT_SAFEPDF option (thanks to Raymond Wan).
#
#       Added warnings when image directories are not found (and were
#       probably not given relative to the source directory).
#
# 1.7.3 Fix some issues with interactions between makeglossaries and bibtex
#       (thanks to Mark de Wever).
#
# 1.7.2 Use ps2pdf to convert eps to pdf to get around the problem with
#       ImageMagick dropping the bounding box (thanks to Lukasz Lis).
#
# 1.7.1 Fixed some dependency issues.
#
# 1.7.0 Added DEPENDS options (thanks to Theodore Papadopoulo).
#
# 1.6.1 Ported the makeglossaries command to CMake and embedded the port
#       into UseLATEX.cmake.
#
# 1.6.0 Allow the use of the makeglossaries command.  Thanks to Oystein
#       S. Haaland for the patch.
#
# 1.5.0 Allow any type of file in the INPUTS lists, not just tex file
#       (suggested by Eric Noulard).  As a consequence, the ability to
#       specify tex files without the .tex extension is removed.  The removed
#       function is of dubious value anyway.
#
#       When copying input files, skip over any file that exists in the
#       binary directory but does not exist in the source directory with the
#       assumption that these files were added by some other mechanism.  I
#       find this useful when creating large documents with multiple
#       chapters that I want to build separately (for speed) as I work on
#       them.  I use the same boilerplate as the starting point for all
#       and just copy it with different configurations.  This was what the
#       separate ADD_LATEX_DOCUMENT method was supposed to originally be for.
#       Since its external use is pretty much deprecated, I removed that
#       documentation.
#
# 1.4.1 Copy .sty files along with the other class and package files.
#
# 1.4.0 Added a MANGLE_TARGET_NAMES option that will mangle the target names.
#
#       Fixed problem with copying bib files that became apparent with
#       CMake 2.4.
#
# 1.3.0 Added a LATEX_OUTPUT_PATH variable that allows you or the user to
#       specify where the built latex documents to go.  This is especially
#       handy if you want to do in-source builds.
#
#       Removed the ADD_LATEX_IMAGES macro and absorbed the functionality
#       into ADD_LATEX_DOCUMENT.  The old interface was always kind of
#       clunky anyway since you had to specify the image directory in both
#       places.  It also made supporting LATEX_OUTPUT_PATH problematic.
#
#       Added support for jpeg files.
#
# 1.2.0 Changed the configuration options yet again.  Removed the NO_CONFIGURE
#       Replaced it with a CONFIGURE option that lists input files for which
#       configure should be run.
#
#       The pdf target no longer depends on the dvi target.  This allows you
#       to build latex documents that require pdflatex.  Also added an option
#       to make the pdf target the default one.
#
# 1.1.1 Added the NO_CONFIGURE option.  The @ character can be used when
#       specifying table column separators.  If two or more are used, then
#       will incorrectly substitute them.
#
# 1.1.0 Added ability include multiple bib files.  Added ability to do copy
#       sub-tex files for multipart tex files.
#
# 1.0.0 If both ps and pdf type images exist, just copy the one that
#       matches the current render mode.  Replaced a bunch of STRING
#       commands with GET_FILENAME_COMPONENT commands that were made to do
#       the desired function.
#
# 0.4.0 First version posted to CMake Wiki.
#",['fix'],CMake,0,1,143
27155,hits-mbm/gromacs-fda,https://github.com/hits-mbm/gromacs-fda/blob/df2cd772affcce4f9dd9bcab6d02b4642e5296c8/docs/manual/UseLATEX.cmake#L398,"# ImageMagick has broken eps to pdf conversion
# use ps2pdf instead",['broken'],CMake,2,398,399
27155,hits-mbm/gromacs-fda,https://github.com/hits-mbm/gromacs-fda/blob/df2cd772affcce4f9dd9bcab6d02b4642e5296c8/src/external/googletest/googletest/cmake/internal_utils.cmake#L56,"# Newlines inside flags variables break CMake's NMake generator.
# TODO(vladl@google.com): Add -RTCs and -RTCu to debug builds.",['todo'],CMake,4,56,57
27155,hits-mbm/gromacs-fda,https://github.com/hits-mbm/gromacs-fda/blob/df2cd772affcce4f9dd9bcab6d02b4642e5296c8/src/gromacs/InstallLibInfo.cmake#L65,"# Install import definitions that take care of the library locations and
# library dependencies.",['take care'],CMake,4,65,66
27155,hits-mbm/gromacs-fda,https://github.com/hits-mbm/gromacs-fda/blob/df2cd772affcce4f9dd9bcab6d02b4642e5296c8/src/testutils/TestMacros.cmake#L113,"# This function can be called with extra options and arguments:
#   OPENMP_THREADS <N>    declares the requirement to run the test binary with N OpenMP
#                           threads (when supported by the build configuration)
#   MPI_RANKS <N>         declares the requirement to run the test binary with N ranks
#   INTEGRATION_TEST      requires the use of the IntegrationTest label in CTest
#   SLOW_TEST             requires the use of the SlowTest label in CTest, and
#                         increase the length of the ctest timeout.
#
# TODO When a test case needs it, generalize the MPI_RANKS mechanism so
# that ctest can run the test binary over a range of numbers of MPI
# ranks.",['todo'],CMake,0,113,123
