repoIndex,repoName,linkLocation,comment,keywords,buildSysteminFile,charPosition,startLine,endLine
27156,reef3d/reef3d,https://github.com/reef3d/reef3d/blob/e1c56abc3968cd030e52cef21d04036a131430f0/ThirdParty/eigen-3.3.8/cmake/EigenDetermineVSServicePack.cmake#L19,"# temporary fix, until CMake catches up",['fix'],CMake,16,19,19
27156,reef3d/reef3d,https://github.com/reef3d/reef3d/blob/e1c56abc3968cd030e52cef21d04036a131430f0/ThirdParty/eigen-3.3.8/cmake/FindMetis.cmake#L262,"#
# TODO: Add possibility to check for specific functions in the library
#",['todo'],CMake,0,262,264
27156,reef3d/reef3d,https://github.com/reef3d/reef3d/blob/e1c56abc3968cd030e52cef21d04036a131430f0/ThirdParty/eigen-3.3.8/cmake/FindPTSCOTCH.cmake#L421,"#
# TODO: Add possibility to check for specific functions in the library
#",['todo'],CMake,0,421,423
27156,reef3d/reef3d,https://github.com/reef3d/reef3d/blob/e1c56abc3968cd030e52cef21d04036a131430f0/ThirdParty/eigen-3.3.8/cmake/FindScotch.cmake#L367,"#
# TODO: Add possibility to check for specific functions in the library
#",['todo'],CMake,0,367,369
27156,reef3d/reef3d,https://github.com/reef3d/reef3d/blob/e1c56abc3968cd030e52cef21d04036a131430f0/ThirdParty/eigen-3.3.8/cmake/language_support.cmake#L6,"# This additional function definition is needed to provide a workaround for
# CMake bug 9220.",['workaround'],CMake,0,6,7
27156,reef3d/reef3d,https://github.com/reef3d/reef3d/blob/e1c56abc3968cd030e52cef21d04036a131430f0/ThirdParty/eigen-3.3.8/cmake/language_support.cmake#L9,"# On debian testing (cmake 2.6.2), I get return code zero when calling 
# cmake the first time, but cmake crashes when running a second time
# as follows:
#
#  -- The Fortran compiler identification is unknown
#  CMake Error at /usr/share/cmake-2.6/Modules/CMakeFortranInformation.cmake:7 (GET_FILENAME_COMPONENT):
#    get_filename_component called with incorrect number of arguments
#  Call Stack (most recent call first):
#    CMakeLists.txt:3 (enable_language)
#
# My workaround is to invoke cmake twice.  If both return codes are zero, 
# it is safe to invoke ENABLE_LANGUAGE(Fortran OPTIONAL)",['workaround'],CMake,0,9,20
