repoIndex,repoName,linkLocation,comment,keywords,buildSysteminFile,charPosition,startLine,endLine
27181,darbyjohnston/tlrender,https://github.com/darbyjohnston/tlrender/blob/cf73445bd1448054caa0951e0329d32b5c4dd27d/lib/tlIO/CMakeLists.txt#L50,# \todo Make this library private.,['todo'],CMake,1,50,50
27181,darbyjohnston/tlrender,https://github.com/darbyjohnston/tlrender/blob/cf73445bd1448054caa0951e0329d32b5c4dd27d/etc/SuperBuild/OCIO-patch/share/cmake/modules/Findexpat.cmake#L196,# Hack to let imported target be built from ExternalProject_Add,['hack'],CMake,8,196,196
27181,darbyjohnston/tlrender,https://github.com/darbyjohnston/tlrender/blob/cf73445bd1448054caa0951e0329d32b5c4dd27d/etc/SuperBuild/OCIO-patch/share/cmake/modules/Findpystring.cmake#L111,#TODO: Find a way to merge in the static libs when built with internal pystring,['todo'],CMake,12,111,111
27181,darbyjohnston/tlrender,https://github.com/darbyjohnston/tlrender/blob/cf73445bd1448054caa0951e0329d32b5c4dd27d/etc/SuperBuild/OCIO-patch/share/cmake/modules/Findpystring.cmake#L118,# Hack to let imported target be built from ExternalProject_Add,['hack'],CMake,8,118,118
27181,darbyjohnston/tlrender,https://github.com/darbyjohnston/tlrender/blob/cf73445bd1448054caa0951e0329d32b5c4dd27d/etc/SuperBuild/OCIO-patch/share/cmake/modules/Findyaml-cpp.cmake#L132,"# TODO: yaml-cpp master is using GNUInstallDirs to define include and lib 
#       dir names. Once that change is released and OCIO updates the 
#       minimum yaml-cpp version, toggle the three disabled lines below.
#include(GNUInstallDirs)",['todo'],CMake,4,132,135
27181,darbyjohnston/tlrender,https://github.com/darbyjohnston/tlrender/blob/cf73445bd1448054caa0951e0329d32b5c4dd27d/etc/SuperBuild/OCIO-patch/share/cmake/modules/Findyaml-cpp.cmake#L200,#TODO: Find a way to merge in the static libs when built with internal yamlcpp,['todo'],CMake,12,200,200
27181,darbyjohnston/tlrender,https://github.com/darbyjohnston/tlrender/blob/cf73445bd1448054caa0951e0329d32b5c4dd27d/etc/SuperBuild/OCIO-patch/share/cmake/modules/Findyaml-cpp.cmake#L209,# Hack to let imported target be built from ExternalProject_Add,['hack'],CMake,8,209,209
