repoIndex,repoName,linkLocation,comment,keywords,buildSysteminFile,charPosition,startLine,endLine
2719,codespecs/daikon,https://github.com/codespecs/daikon/blob/7edbae81d0f2dce0bc0dbf9d9ada8fc9a964f6ef/tests/kvasir-tests/povray/source/aclocal.m4#L1567,"# FIXME - insert some real tests, host_os isn't really good enough",['fixme'],Autotool,0,1567,1567
2719,codespecs/daikon,https://github.com/codespecs/daikon/blob/7edbae81d0f2dce0bc0dbf9d9ada8fc9a964f6ef/tests/kvasir-tests/povray/source/aclocal.m4#L1758,# FIXME: first we should search . and the directory the executable is in,['fixme'],Autotool,2,1758,1758
2719,codespecs/daikon,https://github.com/codespecs/daikon/blob/7edbae81d0f2dce0bc0dbf9d9ada8fc9a964f6ef/tests/kvasir-tests/povray/source/aclocal.m4#L1955,"# We used to test for /lib/ld.so.1 and disable shared libraries on
# powerpc, because MkLinux only supported shared libraries with the
# GNU dynamic linker.  Since this was broken with cross compilers,
# most powerpc-linux boxes support dynamic linking these days and
# people can always --disable-shared, the test was removed, and we
# assume the GNU/Linux dynamic linker is in use.",['broken'],Autotool,2,1955,1960
2719,codespecs/daikon,https://github.com/codespecs/daikon/blob/7edbae81d0f2dce0bc0dbf9d9ada8fc9a964f6ef/tests/kvasir-tests/povray/source/aclocal.m4#L2248,"# AC_ENABLE_SHARED([DEFAULT])
# ---------------------------
# implement the --enable-shared flag
# DEFAULT is either `yes' or `no'.  If omitted, it defaults to `yes'.",['implement'],Autotool,0,2248,2251
2719,codespecs/daikon,https://github.com/codespecs/daikon/blob/7edbae81d0f2dce0bc0dbf9d9ada8fc9a964f6ef/tests/kvasir-tests/povray/source/aclocal.m4#L2287,"# AC_ENABLE_STATIC([DEFAULT])
# ---------------------------
# implement the --enable-static flag
# DEFAULT is either `yes' or `no'.  If omitted, it defaults to `yes'.",['implement'],Autotool,0,2287,2290
2719,codespecs/daikon,https://github.com/codespecs/daikon/blob/7edbae81d0f2dce0bc0dbf9d9ada8fc9a964f6ef/tests/kvasir-tests/povray/source/aclocal.m4#L2326,"# AC_ENABLE_FAST_INSTALL([DEFAULT])
# ---------------------------------
# implement the --enable-fast-install flag
# DEFAULT is either `yes' or `no'.  If omitted, it defaults to `yes'.",['implement'],Autotool,0,2326,2329
2719,codespecs/daikon,https://github.com/codespecs/daikon/blob/7edbae81d0f2dce0bc0dbf9d9ada8fc9a964f6ef/tests/kvasir-tests/povray/source/aclocal.m4#L2365,"# AC_LIBTOOL_PICMODE([MODE])
# --------------------------
# implement the --with-pic flag
# MODE is either `yes' or `no'.  If omitted, it defaults to `both'.",['implement'],Autotool,0,2365,2368
2719,codespecs/daikon,https://github.com/codespecs/daikon/blob/7edbae81d0f2dce0bc0dbf9d9ada8fc9a964f6ef/tests/kvasir-tests/povray/source/aclocal.m4#L3082,"# Don't fix this by using the ld -exported_symbols_list flag, it doesn't exist in older darwin ld's",['fix'],Autotool,4,3082,3082
2719,codespecs/daikon,https://github.com/codespecs/daikon/blob/7edbae81d0f2dce0bc0dbf9d9ada8fc9a964f6ef/tests/kvasir-tests/povray/source/aclocal.m4#L3207,"# If archive_cmds runs LD, not CC, wlarc should be empty
# XXX I think wlarc can be eliminated in ltcf-cxx, but I need to
#     investigate it a little bit more. (MM)",['xxx'],Autotool,4,3207,3209
2719,codespecs/daikon,https://github.com/codespecs/daikon/blob/7edbae81d0f2dce0bc0dbf9d9ada8fc9a964f6ef/tests/kvasir-tests/povray/source/aclocal.m4#L3247,# FIXME: insert proper C++ library support,['fixme'],Autotool,4,3247,3247
2719,codespecs/daikon,https://github.com/codespecs/daikon/blob/7edbae81d0f2dce0bc0dbf9d9ada8fc9a964f6ef/tests/kvasir-tests/povray/source/aclocal.m4#L3278,"# When large executables or shared objects are built, AIX ld can
# have problems creating the table of contents.  If linking a library
# or program results in ""error TOC overflow"" add -mminimal-toc to
# CXXFLAGS/CFLAGS for g++/gcc.  In the cases where that is not
# enough to fix the problem, add -Wl,-bbigtoc to LDFLAGS.",['fix'],Autotool,4,3278,3282
2719,codespecs/daikon,https://github.com/codespecs/daikon/blob/7edbae81d0f2dce0bc0dbf9d9ada8fc9a964f6ef/tests/kvasir-tests/povray/source/aclocal.m4#L3291,"# We only want to do this on AIX 4.2 and lower, the check
# below for broken collect2 doesn't work under 4.3+",['broken'],Autotool,6,3291,3292
2719,codespecs/daikon,https://github.com/codespecs/daikon/blob/7edbae81d0f2dce0bc0dbf9d9ada8fc9a964f6ef/tests/kvasir-tests/povray/source/aclocal.m4#L3330,"# Warning - without using the other runtime loading flags (-brtl),
# -berok will link without error, but may produce a broken library.",['broken'],Autotool,6,3330,3331
2719,codespecs/daikon,https://github.com/codespecs/daikon/blob/7edbae81d0f2dce0bc0dbf9d9ada8fc9a964f6ef/tests/kvasir-tests/povray/source/aclocal.m4#L3347,"# Warning - without using the other run time loading flags,
# -berok will link without error, but may produce a broken library.",['broken'],Autotool,1,3347,3348
2719,codespecs/daikon,https://github.com/codespecs/daikon/blob/7edbae81d0f2dce0bc0dbf9d9ada8fc9a964f6ef/tests/kvasir-tests/povray/source/aclocal.m4#L3428,"# Don't fix this by using the ld -exported_symbols_list flag, it doesn't exist in older darwin ld's",['fix'],Autotool,4,3428,3428
2719,codespecs/daikon,https://github.com/codespecs/daikon/blob/7edbae81d0f2dce0bc0dbf9d9ada8fc9a964f6ef/tests/kvasir-tests/povray/source/aclocal.m4#L3448,# FIXME: insert proper C++ library support,['fixme'],Autotool,1,3448,3448
2719,codespecs/daikon,https://github.com/codespecs/daikon/blob/7edbae81d0f2dce0bc0dbf9d9ada8fc9a964f6ef/tests/kvasir-tests/povray/source/aclocal.m4#L3452,"# Green Hills C++ Compiler
# FIXME: insert proper C++ library support",['fixme'],Autotool,1,3452,3453
2719,codespecs/daikon,https://github.com/codespecs/daikon/blob/7edbae81d0f2dce0bc0dbf9d9ada8fc9a964f6ef/tests/kvasir-tests/povray/source/aclocal.m4#L3457,# FIXME: insert proper C++ library support,['fixme'],Autotool,1,3457,3457
2719,codespecs/daikon,https://github.com/codespecs/daikon/blob/7edbae81d0f2dce0bc0dbf9d9ada8fc9a964f6ef/tests/kvasir-tests/povray/source/aclocal.m4#L3463,# C++ shared libraries reported to be fairly broken before switch to ELF,['broken'],Autotool,4,3463,3463
2719,codespecs/daikon,https://github.com/codespecs/daikon/blob/7edbae81d0f2dce0bc0dbf9d9ada8fc9a964f6ef/tests/kvasir-tests/povray/source/aclocal.m4#L3487,# FIXME: insert proper C++ library support,['fixme'],Autotool,6,3487,3487
2719,codespecs/daikon,https://github.com/codespecs/daikon/blob/7edbae81d0f2dce0bc0dbf9d9ada8fc9a964f6ef/tests/kvasir-tests/povray/source/aclocal.m4#L3506,# FIXME: insert proper C++ library support,['fixme'],Autotool,8,3506,3506
2719,codespecs/daikon,https://github.com/codespecs/daikon/blob/7edbae81d0f2dce0bc0dbf9d9ada8fc9a964f6ef/tests/kvasir-tests/povray/source/aclocal.m4#L3552,# FIXME: insert proper C++ library support,['fixme'],Autotool,1,3552,3552
2719,codespecs/daikon,https://github.com/codespecs/daikon/blob/7edbae81d0f2dce0bc0dbf9d9ada8fc9a964f6ef/tests/kvasir-tests/povray/source/aclocal.m4#L3587,# FIXME: insert proper C++ library support,['fixme'],Autotool,3,3587,3587
2719,codespecs/daikon,https://github.com/codespecs/daikon/blob/7edbae81d0f2dce0bc0dbf9d9ada8fc9a964f6ef/tests/kvasir-tests/povray/source/aclocal.m4#L3678,# FIXME: insert proper C++ library support,['fixme'],Autotool,4,3678,3678
2719,codespecs/daikon,https://github.com/codespecs/daikon/blob/7edbae81d0f2dce0bc0dbf9d9ada8fc9a964f6ef/tests/kvasir-tests/povray/source/aclocal.m4#L3682,# FIXME: insert proper C++ library support,['fixme'],Autotool,4,3682,3682
2719,codespecs/daikon,https://github.com/codespecs/daikon/blob/7edbae81d0f2dce0bc0dbf9d9ada8fc9a964f6ef/tests/kvasir-tests/povray/source/aclocal.m4#L3688,# FIXME: insert proper C++ library support,['fixme'],Autotool,1,3688,3688
2719,codespecs/daikon,https://github.com/codespecs/daikon/blob/7edbae81d0f2dce0bc0dbf9d9ada8fc9a964f6ef/tests/kvasir-tests/povray/source/aclocal.m4#L3692,# FIXME: insert proper C++ library support,['fixme'],Autotool,1,3692,3692
2719,codespecs/daikon,https://github.com/codespecs/daikon/blob/7edbae81d0f2dce0bc0dbf9d9ada8fc9a964f6ef/tests/kvasir-tests/povray/source/aclocal.m4#L3705,# Workaround some broken pre-1.5 toolchains,"['broken', 'workaround']",Autotool,4,3705,3705
2719,codespecs/daikon,https://github.com/codespecs/daikon/blob/7edbae81d0f2dce0bc0dbf9d9ada8fc9a964f6ef/tests/kvasir-tests/povray/source/aclocal.m4#L3727,"# Rational C++ 2.4.1
# FIXME: insert proper C++ library support",['fixme'],Autotool,1,3727,3728
2719,codespecs/daikon,https://github.com/codespecs/daikon/blob/7edbae81d0f2dce0bc0dbf9d9ada8fc9a964f6ef/tests/kvasir-tests/povray/source/aclocal.m4#L3762,# FIXME: insert proper C++ library support,['fixme'],Autotool,3,3762,3762
2719,codespecs/daikon,https://github.com/codespecs/daikon/blob/7edbae81d0f2dce0bc0dbf9d9ada8fc9a964f6ef/tests/kvasir-tests/povray/source/aclocal.m4#L3786,"# Rational C++ 2.4.1
# FIXME: insert proper C++ library support",['fixme'],Autotool,1,3786,3787
2719,codespecs/daikon,https://github.com/codespecs/daikon/blob/7edbae81d0f2dce0bc0dbf9d9ada8fc9a964f6ef/tests/kvasir-tests/povray/source/aclocal.m4#L3949,"# NonStop-UX NCC 3.20
# FIXME: insert proper C++ library support",['fixme'],Autotool,1,3949,3950
2719,codespecs/daikon,https://github.com/codespecs/daikon/blob/7edbae81d0f2dce0bc0dbf9d9ada8fc9a964f6ef/tests/kvasir-tests/povray/source/aclocal.m4#L3954,# FIXME: insert proper C++ library support,['fixme'],Autotool,1,3954,3954
2719,codespecs/daikon,https://github.com/codespecs/daikon/blob/7edbae81d0f2dce0bc0dbf9d9ada8fc9a964f6ef/tests/kvasir-tests/povray/source/aclocal.m4#L3960,# FIXME: insert proper C++ library support,['fixme'],Autotool,4,3960,3960
2719,codespecs/daikon,https://github.com/codespecs/daikon/blob/7edbae81d0f2dce0bc0dbf9d9ada8fc9a964f6ef/tests/kvasir-tests/povray/source/aclocal.m4#L3964,# FIXME: insert proper C++ library support,['fixme'],Autotool,4,3964,3964
2719,codespecs/daikon,https://github.com/codespecs/daikon/blob/7edbae81d0f2dce0bc0dbf9d9ada8fc9a964f6ef/tests/kvasir-tests/povray/source/aclocal.m4#L5722,"# Neither direct hardcoding nor static linking is supported with a
# broken collect2.",['broken'],Autotool,1,5722,5723
2719,codespecs/daikon,https://github.com/codespecs/daikon/blob/7edbae81d0f2dce0bc0dbf9d9ada8fc9a964f6ef/tests/kvasir-tests/povray/source/aclocal.m4#L5761,"# When large executables or shared objects are built, AIX ld can
# have problems creating the table of contents.  If linking a library
# or program results in ""error TOC overflow"" add -mminimal-toc to
# CXXFLAGS/CFLAGS for g++/gcc.  In the cases where that is not
# enough to fix the problem, add -Wl,-bbigtoc to LDFLAGS.",['fix'],Autotool,6,5761,5765
2719,codespecs/daikon,https://github.com/codespecs/daikon/blob/7edbae81d0f2dce0bc0dbf9d9ada8fc9a964f6ef/tests/kvasir-tests/povray/source/aclocal.m4#L5774,"# We only want to do this on AIX 4.2 and lower, the check
# below for broken collect2 doesn't work under 4.3+",['broken'],Autotool,1,5774,5775
2719,codespecs/daikon,https://github.com/codespecs/daikon/blob/7edbae81d0f2dce0bc0dbf9d9ada8fc9a964f6ef/tests/kvasir-tests/povray/source/aclocal.m4#L5813,"# Warning - without using the other runtime loading flags (-brtl),
# -berok will link without error, but may produce a broken library.",['broken'],Autotool,1,5813,5814
2719,codespecs/daikon,https://github.com/codespecs/daikon/blob/7edbae81d0f2dce0bc0dbf9d9ada8fc9a964f6ef/tests/kvasir-tests/povray/source/aclocal.m4#L5829,"# Warning - without using the other run time loading flags,
# -berok will link without error, but may produce a broken library.",['broken'],Autotool,3,5829,5830
2719,codespecs/daikon,https://github.com/codespecs/daikon/blob/7edbae81d0f2dce0bc0dbf9d9ada8fc9a964f6ef/tests/kvasir-tests/povray/source/aclocal.m4#L5867,# FIXME: Setting linknames here is a bad hack.,"['hack', 'fixme']",Autotool,6,5867,5867
2719,codespecs/daikon,https://github.com/codespecs/daikon/blob/7edbae81d0f2dce0bc0dbf9d9ada8fc9a964f6ef/tests/kvasir-tests/povray/source/aclocal.m4#L5910,"# Don't fix this by using the ld -exported_symbols_list flag, it doesn't exist in older darwin ld's",['fix'],Autotool,6,5910,5910
2719,codespecs/daikon,https://github.com/codespecs/daikon/blob/7edbae81d0f2dce0bc0dbf9d9ada8fc9a964f6ef/tests/kvasir-tests/povray/source/aclocal.m4#L6265,# FIXME: we may have to deal with multi-command sequences.,['fixme'],Autotool,6,6265,6265
2719,codespecs/daikon,https://github.com/codespecs/daikon/blob/7edbae81d0f2dce0bc0dbf9d9ada8fc9a964f6ef/tests/kvasir-tests/povray/source/aclocal.m4#L6679,"# If neither matched, then we have a broken ls.  This can happen
# if, for instance, CONFIG_SHELL is bash and it inherits a
# broken ls alias from the environment.  This has actually
# happened.  Such a system could not be considered ""sane"".",['broken'],Autotool,6,6679,6682
2719,codespecs/daikon,https://github.com/codespecs/daikon/blob/7edbae81d0f2dce0bc0dbf9d9ada8fc9a964f6ef/tests/kvasir-tests/povray/source/aclocal.m4#L7138,"# AM_OUTPUT_DEPENDENCY_COMMANDS
# -----------------------------
# This macro should only be invoked once -- use via AC_REQUIRE.
#
# This code is only required when automatic dependency tracking
# is enabled.  FIXME.  This creates each `.P' file that we will
# need in order to bootstrap the dependency handling code.",['fixme'],Autotool,0,7138,7144
2719,codespecs/daikon,https://github.com/codespecs/daikon/blob/7edbae81d0f2dce0bc0dbf9d9ada8fc9a964f6ef/tests/kvasir-tests/povray/source/libraries/png/aclocal.m4#L257,"# If neither matched, then we have a broken ls.  This can happen
# if, for instance, CONFIG_SHELL is bash and it inherits a
# broken ls alias from the environment.  This has actually
# happened.  Such a system could not be considered ""sane"".",['broken'],Autotool,6,257,260
2719,codespecs/daikon,https://github.com/codespecs/daikon/blob/7edbae81d0f2dce0bc0dbf9d9ada8fc9a964f6ef/tests/kvasir-tests/povray/source/libraries/png/aclocal.m4#L716,"# AM_OUTPUT_DEPENDENCY_COMMANDS
# -----------------------------
# This macro should only be invoked once -- use via AC_REQUIRE.
#
# This code is only required when automatic dependency tracking
# is enabled.  FIXME.  This creates each `.P' file that we will
# need in order to bootstrap the dependency handling code.",['fixme'],Autotool,0,716,722
2719,codespecs/daikon,https://github.com/codespecs/daikon/blob/7edbae81d0f2dce0bc0dbf9d9ada8fc9a964f6ef/tests/kvasir-tests/povray/source/libraries/zlib/aclocal.m4#L257,"# If neither matched, then we have a broken ls.  This can happen
# if, for instance, CONFIG_SHELL is bash and it inherits a
# broken ls alias from the environment.  This has actually
# happened.  Such a system could not be considered ""sane"".",['broken'],Autotool,6,257,260
2719,codespecs/daikon,https://github.com/codespecs/daikon/blob/7edbae81d0f2dce0bc0dbf9d9ada8fc9a964f6ef/tests/kvasir-tests/povray/source/libraries/zlib/aclocal.m4#L716,"# AM_OUTPUT_DEPENDENCY_COMMANDS
# -----------------------------
# This macro should only be invoked once -- use via AC_REQUIRE.
#
# This code is only required when automatic dependency tracking
# is enabled.  FIXME.  This creates each `.P' file that we will
# need in order to bootstrap the dependency handling code.",['fixme'],Autotool,0,716,722
