repoIndex,repoName,linkLocation,comment,keywords,buildSysteminFile,charPosition,startLine,endLine
27234,poncateam/ponca,https://github.com/poncateam/ponca/blob/c7ccb9ac23d1f1266aae6875e09049dad621d74a/cmake/PoncaConfigureCommon.cmake#L39,"#############################################
# HACK: have the files showing in the IDE, under the name 'ponca-src'
#target_sources(Fitting INTERFACE $<BUILD_INTERFACE:${ponca_INCLUDE}> )",['hack'],CMake,0,39,41
27234,poncateam/ponca,https://github.com/poncateam/ponca/blob/c7ccb9ac23d1f1266aae6875e09049dad621d74a/cmake/PoncaConfigureFitting.cmake#L77,"#############################################
# HACK: have the files showing in the IDE, under the name 'ponca-src'
#target_sources(Fitting INTERFACE $<BUILD_INTERFACE:${ponca_INCLUDE}> )",['hack'],CMake,0,77,79
27234,poncateam/ponca,https://github.com/poncateam/ponca/blob/c7ccb9ac23d1f1266aae6875e09049dad621d74a/cmake/PoncaConfigureSpatialPartitioning.cmake#L60,"#############################################
# HACK: have the files showing in the IDE, under the name 'ponca-src'
#target_sources(SpatialPartitioning INTERFACE $<BUILD_INTERFACE:${ponca_INCLUDE}> )",['hack'],CMake,0,60,62
