repoIndex,repoName,linkLocation,comment,keywords,buildSysteminFile,charPosition,startLine,endLine
27343,wohlsoft/moondust-project,https://github.com/wohlsoft/moondust-project/blob/527f53acfc8e72031f7e53b04914daeca5689b60/Editor/CMakeLists.txt#L458,# Workaround for MOC,['workaround'],CMake,33,458,458
27343,wohlsoft/moondust-project,https://github.com/wohlsoft/moondust-project/blob/527f53acfc8e72031f7e53b04914daeca5689b60/Maintainer/CMakeLists.txt#L118,# Workaround for MOC,['workaround'],CMake,33,118,118
27343,wohlsoft/moondust-project,https://github.com/wohlsoft/moondust-project/blob/527f53acfc8e72031f7e53b04914daeca5689b60/MusicPlayer/CMakeLists.txt#L38,# WORKAROUND: Avoid ImpLib file creation on a non-library project,['workaround'],CMake,0,38,38
27343,wohlsoft/moondust-project,https://github.com/wohlsoft/moondust-project/blob/527f53acfc8e72031f7e53b04914daeca5689b60/PlayableCalibrator/CMakeLists.txt#L114,# Workaround for MOC,['workaround'],CMake,33,114,114
27343,wohlsoft/moondust-project,https://github.com/wohlsoft/moondust-project/blob/527f53acfc8e72031f7e53b04914daeca5689b60/_common/fmt/orig/CMakeLists.txt#L30,"# Fix rpmlint warning:
# unused-direct-shlib-dependency /usr/lib/libformat.so.1.1.0 /lib/libm.so.6.",['fix'],CMake,4,30,31
27343,wohlsoft/moondust-project,https://github.com/wohlsoft/moondust-project/blob/527f53acfc8e72031f7e53b04914daeca5689b60/MusicPlayer/sources.cmake#L63,# Workaround for MOC,['workaround'],CMake,33,63,63
27343,wohlsoft/moondust-project,https://github.com/wohlsoft/moondust-project/blob/527f53acfc8e72031f7e53b04914daeca5689b60/_common/deployment_windows.cmake#L59,"# WORKAROUND: when styles DLLs realy not used, just make empty folder",['workaround'],CMake,75,59,59
27343,wohlsoft/moondust-project,https://github.com/wohlsoft/moondust-project/blob/527f53acfc8e72031f7e53b04914daeca5689b60/_common/executable_build_props.cmake#L18,# WORKAROUND: Avoid ImpLib file creation on a non-library project,['workaround'],CMake,0,18,18
27343,wohlsoft/moondust-project,https://github.com/wohlsoft/moondust-project/blob/527f53acfc8e72031f7e53b04914daeca5689b60/_common/find_linguist.cmake#L1,# FIXME: Remove this ugly workaround when implement proper recursive search per Qt directory,"['ugly', 'fixme', 'implement', 'workaround']",CMake,0,1,1
27343,wohlsoft/moondust-project,https://github.com/wohlsoft/moondust-project/blob/527f53acfc8e72031f7e53b04914daeca5689b60/_common/static_qt.cmake#L7,"# TODO: Make more accurate detection of Static Qt build than
# based on detection of Qt-side built third-part libraries
# are may appear in any Qt build (static or shared)
# if a target platform has no those libraries",['todo'],CMake,0,7,10
