repoIndex,repoName,linkLocation,comment,keywords,buildSysteminFile,charPosition,startLine,endLine
27592,yaclib/yaclib,https://github.com/yaclib/yaclib/blob/86f6c5520849e284cfa54dfed263525fa0bcd233/test/CMakeLists.txt#L16,# TODO(MBkkt) We can install and reuse in CI?,['todo'],CMake,45,16,16
27592,yaclib/yaclib,https://github.com/yaclib/yaclib/blob/86f6c5520849e284cfa54dfed263525fa0bcd233/test/CMakeLists.txt#L85,"#TODO(MBkkt) Add options which shuffle tests list, maybe just use gtest options?",['todo'],CMake,0,85,85
27592,yaclib/yaclib,https://github.com/yaclib/yaclib/blob/86f6c5520849e284cfa54dfed263525fa0bcd233/cmake/yaclib_asan.cmake#L13,"# -fsanitize=pointer-subtract removed because detect_invalid_pointer_pairs fails with fiber fault injection
# on test initialization, probably caused by GTest
# TODO(MBkkt) add -fsanitize=pointer-compare when will be fixed:
# https://github.com/google/sanitizers/issues/1324 also see mentioned issue",['todo'],CMake,4,13,16
27592,yaclib/yaclib,https://github.com/yaclib/yaclib/blob/86f6c5520849e284cfa54dfed263525fa0bcd233/cmake/yaclib_coro.cmake#L5,"# TODO(MBkkt) /await:heapelide experimental but maybe useful for performance
#  But I hear it works only for generators",['todo'],CMake,2,5,6
27592,yaclib/yaclib,https://github.com/yaclib/yaclib/blob/86f6c5520849e284cfa54dfed263525fa0bcd233/cmake/yaclib_flags.cmake#L50,# TODO(MBkkt) Fucking atomic::wait bugged,['todo'],CMake,20,50,50
27592,yaclib/yaclib,https://github.com/yaclib/yaclib/blob/86f6c5520849e284cfa54dfed263525fa0bcd233/cmake/yaclib_warn_lib.cmake#L2,"# TODO(MBkkt) We have to use /Wall. But MSVC is dumb and uses this flag for external projects, like gtest.",['todo'],CMake,2,2,2
27592,yaclib/yaclib,https://github.com/yaclib/yaclib/blob/86f6c5520849e284cfa54dfed263525fa0bcd233/cmake/yaclib_warn_lib.cmake#L9,# TODO(MBkkt) Fix it (unreferenced inline function has been removed),"['fix', 'todo']",CMake,12,9,9
27592,yaclib/yaclib,https://github.com/yaclib/yaclib/blob/86f6c5520849e284cfa54dfed263525fa0bcd233/cmake/yaclib_warn_lib.cmake#L10,# TODO(MBkkt) Maybe ix it (bytes padding added after data member),['todo'],CMake,12,10,10
27592,yaclib/yaclib,https://github.com/yaclib/yaclib/blob/86f6c5520849e284cfa54dfed263525fa0bcd233/cmake/yaclib_warn_lib.cmake#L21,# TODO(MBkkt) Maybe fix it,"['fix', 'todo']",CMake,33,21,21
27592,yaclib/yaclib,https://github.com/yaclib/yaclib/blob/86f6c5520849e284cfa54dfed263525fa0bcd233/cmake/yaclib_warn_lib.cmake#L22,# TODO(MBkkt) Maybe fix it,"['fix', 'todo']",CMake,33,22,22
27592,yaclib/yaclib,https://github.com/yaclib/yaclib/blob/86f6c5520849e284cfa54dfed263525fa0bcd233/cmake/yaclib_warn_lib.cmake#L23,# TODO(MBkkt) Fix it,"['fix', 'todo']",CMake,33,23,23
27592,yaclib/yaclib,https://github.com/yaclib/yaclib/blob/86f6c5520849e284cfa54dfed263525fa0bcd233/cmake/yaclib_warn_test.cmake#L2,"# TODO(MBkkt) We have to use /Wall. We need to disable some paranoid warnings, but I don't have windows.",['todo'],CMake,2,2,2
27592,yaclib/yaclib,https://github.com/yaclib/yaclib/blob/86f6c5520849e284cfa54dfed263525fa0bcd233/cmake/yaclib_warn_test.cmake#L15,# TODO(MBkkt) Maybe fix it,"['fix', 'todo']",CMake,33,15,15
27592,yaclib/yaclib,https://github.com/yaclib/yaclib/blob/86f6c5520849e284cfa54dfed263525fa0bcd233/cmake/yaclib_warn_test.cmake#L16,# TODO(MBkkt) Maybe fix it,"['fix', 'todo']",CMake,33,16,16
27592,yaclib/yaclib,https://github.com/yaclib/yaclib/blob/86f6c5520849e284cfa54dfed263525fa0bcd233/cmake/yaclib_warn_test.cmake#L17,# TODO(MBkkt) Fix it,"['fix', 'todo']",CMake,33,17,17
27592,yaclib/yaclib,https://github.com/yaclib/yaclib/blob/86f6c5520849e284cfa54dfed263525fa0bcd233/cmake/yaclib_warn_test.cmake#L18,# TODO(MBkkt) Maybe fix it: Needed only for tests,"['fix', 'todo']",CMake,31,18,18
27592,yaclib/yaclib,https://github.com/yaclib/yaclib/blob/86f6c5520849e284cfa54dfed263525fa0bcd233/cmake/yaclib_warn_test.cmake#L19,# TODO(MBkkt) Maybe fix it: Needed only for tests,"['fix', 'todo']",CMake,31,19,19
27592,yaclib/yaclib,https://github.com/yaclib/yaclib/blob/86f6c5520849e284cfa54dfed263525fa0bcd233/cmake/yaclib_warn_test.cmake#L20,# TODO(MBkkt) Fix it: Needed only for tests,"['fix', 'todo']",CMake,44,20,20
27592,yaclib/yaclib,https://github.com/yaclib/yaclib/blob/86f6c5520849e284cfa54dfed263525fa0bcd233/cmake/yaclib_warn_test.cmake#L21,# TODO(MBkkt) Fix it: test/unit/algo/when_any.cpp,"['fix', 'todo']",CMake,33,21,21
27592,yaclib/yaclib,https://github.com/yaclib/yaclib/blob/86f6c5520849e284cfa54dfed263525fa0bcd233/cmake/yaclib_warn_test.cmake#L22,# TODO(MBkkt) Fix it: test/unit/algo/when_any.cpp,"['fix', 'todo']",CMake,33,22,22
