repoIndex,repoName,linkLocation,comment,keywords,buildSysteminFile,charPosition,startLine,endLine
27747,hguo/ftk,https://github.com/hguo/ftk/blob/f1d5387d6353cf2bd165c51fc717eb5d6b2675ef/CMakeLists.txt#L282,#FIXME: FTK_HAVE_CUDA in AUTO mode,['fixme'],CMake,34,282,282
27747,hguo/ftk,https://github.com/hguo/ftk/blob/f1d5387d6353cf2bd165c51fc717eb5d6b2675ef/cmake/FindSYCL.cmake#L61,"# TODO add dependency package module checks, if any",['todo'],CMake,2,61,61
27747,hguo/ftk,https://github.com/hguo/ftk/blob/f1d5387d6353cf2bd165c51fc717eb5d6b2675ef/cmake/FindSYCL.cmake#L65,"# TODO: can't use find_program to override the CMAKE_CXX_COMPILER as
# Platform/ files are executed, potentially for a different compiler.
# Safer approach is to make user to define CMAKE_CXX_COMPILER.",['todo'],CMake,0,65,67
27747,hguo/ftk,https://github.com/hguo/ftk/blob/f1d5387d6353cf2bd165c51fc717eb5d6b2675ef/cmake/FindSYCL.cmake#L140,# TODO: what to do if it doesn't build,['todo'],CMake,2,140,140
27747,hguo/ftk,https://github.com/hguo/ftk/blob/f1d5387d6353cf2bd165c51fc717eb5d6b2675ef/cmake/FindSYCL.cmake#L163,# TODO: what iff the result is false.. error or ignore?,['todo'],CMake,2,163,163
27747,hguo/ftk,https://github.com/hguo/ftk/blob/f1d5387d6353cf2bd165c51fc717eb5d6b2675ef/cmake/FindSYCL.cmake#L188,"# TODO ensure CMAKE_LINKER and CMAKE_CXX_COMPILER are same/supports SYCL.
# set(CMAKE_LINKER ${SYCL_COMPILER})",['todo'],CMake,2,188,189
27747,hguo/ftk,https://github.com/hguo/ftk/blob/f1d5387d6353cf2bd165c51fc717eb5d6b2675ef/cmake/FindSYCL.cmake#L230,"# TODO veirfy if this is needed
# Windows: Add Exception handling",['todo'],CMake,0,230,231
