repoIndex,repoName,linkLocation,comment,keywords,buildSysteminFile,charPosition,startLine,endLine
27815,sandialabs/albany,https://github.com/sandialabs/albany/blob/bc7ed363d77d0e81aa07fbf0005d58c00cc1a76a/tests/small/LandIce/FO_ISMIP/CMakeLists.txt#L30,"# Currently broken
# set(testName ${testNameRoot}_TestB)",['broken'],CMake,0,30,31
27815,sandialabs/albany,https://github.com/sandialabs/albany/blob/bc7ed363d77d0e81aa07fbf0005d58c00cc1a76a/tests/small/LandIce/FO_ISMIP/CMakeLists.txt#L69,"# Currently broken
# set(testName ${testNameRoot}_TestD)",['broken'],CMake,0,69,70
27815,sandialabs/albany,https://github.com/sandialabs/albany/blob/bc7ed363d77d0e81aa07fbf0005d58c00cc1a76a/doc/LandIce/build/snl_helpers.cmake#L115,"#TODO: the following call may not be appropriate when
#this script is used by others besides LCM",['todo'],CMake,2,115,116
