repoIndex,repoName,linkLocation,comment,keywords,buildSysteminFile,charPosition,startLine,endLine
28113,scanberg/viamd,https://github.com/scanberg/viamd/blob/63ba73795d31ad89ee0e280883c3efa03005a71e/ext/nativefiledialog/cmake/FindGTK3.cmake#L153,# fix for Ubuntu == 11.04 (Natty Narwhal),['fix'],CMake,12,153,153
28113,scanberg/viamd,https://github.com/scanberg/viamd/blob/63ba73795d31ad89ee0e280883c3efa03005a71e/ext/nativefiledialog/cmake/FindGTK3.cmake#L156,"# end
# fix for Ubuntu >= 11.10 (Oneiric Ocelot)",['fix'],CMake,12,156,157
28113,scanberg/viamd,https://github.com/scanberg/viamd/blob/63ba73795d31ad89ee0e280883c3efa03005a71e/ext/nativefiledialog/cmake/FindGTK3.cmake#L250,"# For some silly reason the MSVC libraries use _ instead of .
# in the version fields",['silly'],CMake,4,250,251
