repoIndex,repoName,linkLocation,comment,keywords,buildSysteminFile,charPosition,startLine,endLine
28299,robotology/wearables,https://github.com/robotology/wearables/blob/56c3db149f073ef4ff54322a11c5f2bd7364cbed/msgs/CMakeLists.txt#L5,"# TODO: these libraries are enforced to be static. In order to let the devices
#       find them on Windows from the build directory, their Release / Debug
#       folder should be added to the PATH. However, this does not work as expected.",['todo'],CMake,0,5,7
28299,robotology/wearables,https://github.com/robotology/wearables/blob/56c3db149f073ef4ff54322a11c5f2bd7364cbed/cmake/InstallBasicPackageFiles.cmake#L239,"# TODO check that _Name does not contain ""-"" characters",['todo'],CMake,2,239,239
28299,robotology/wearables,https://github.com/robotology/wearables/blob/56c3db149f073ef4ff54322a11c5f2bd7364cbed/cmake/InstallBasicPackageFiles.cmake#L575,"# FIXME When CMake 3.9 or greater is required, remove this madness and just
#       use find_dependency",['fixme'],CMake,4,575,576
