repoIndex,repoName,linkLocation,comment,keywords,buildSysteminFile,charPosition,startLine,endLine
28312,tecsar-uncc/gem5-salam,https://github.com/tecsar-uncc/gem5-salam/blob/dc1c2561d9ea47b6b3f719760ac2d629f81bf3e6/ext/pybind11/CMakeLists.txt#L10,"# The `cmake_minimum_required(VERSION 3.4...3.18)` syntax does not work with
# some versions of VS that have a patched CMake 3.11. This forces us to emulate
# the behavior using the following workaround:",['workaround'],CMake,0,10,12
28312,tecsar-uncc/gem5-salam,https://github.com/tecsar-uncc/gem5-salam/blob/dc1c2561d9ea47b6b3f719760ac2d629f81bf3e6/ext/pybind11/tests/CMakeLists.txt#L10,"# The `cmake_minimum_required(VERSION 3.4...3.18)` syntax does not work with
# some versions of VS that have a patched CMake 3.11. This forces us to emulate
# the behavior using the following workaround:",['workaround'],CMake,0,10,12
28312,tecsar-uncc/gem5-salam,https://github.com/tecsar-uncc/gem5-salam/blob/dc1c2561d9ea47b6b3f719760ac2d629f81bf3e6/ext/pybind11/tests/test_cmake_build/installed_embed/CMakeLists.txt#L3,"# The `cmake_minimum_required(VERSION 3.4...3.18)` syntax does not work with
# some versions of VS that have a patched CMake 3.11. This forces us to emulate
# the behavior using the following workaround:",['workaround'],CMake,0,3,5
28312,tecsar-uncc/gem5-salam,https://github.com/tecsar-uncc/gem5-salam/blob/dc1c2561d9ea47b6b3f719760ac2d629f81bf3e6/ext/pybind11/tests/test_cmake_build/installed_function/CMakeLists.txt#L4,"# The `cmake_minimum_required(VERSION 3.4...3.18)` syntax does not work with
# some versions of VS that have a patched CMake 3.11. This forces us to emulate
# the behavior using the following workaround:",['workaround'],CMake,0,4,6
28312,tecsar-uncc/gem5-salam,https://github.com/tecsar-uncc/gem5-salam/blob/dc1c2561d9ea47b6b3f719760ac2d629f81bf3e6/ext/pybind11/tests/test_cmake_build/installed_target/CMakeLists.txt#L3,"# The `cmake_minimum_required(VERSION 3.4...3.18)` syntax does not work with
# some versions of VS that have a patched CMake 3.11. This forces us to emulate
# the behavior using the following workaround:",['workaround'],CMake,0,3,5
28312,tecsar-uncc/gem5-salam,https://github.com/tecsar-uncc/gem5-salam/blob/dc1c2561d9ea47b6b3f719760ac2d629f81bf3e6/ext/pybind11/tests/test_cmake_build/subdirectory_embed/CMakeLists.txt#L3,"# The `cmake_minimum_required(VERSION 3.4...3.18)` syntax does not work with
# some versions of VS that have a patched CMake 3.11. This forces us to emulate
# the behavior using the following workaround:",['workaround'],CMake,0,3,5
28312,tecsar-uncc/gem5-salam,https://github.com/tecsar-uncc/gem5-salam/blob/dc1c2561d9ea47b6b3f719760ac2d629f81bf3e6/ext/pybind11/tests/test_cmake_build/subdirectory_function/CMakeLists.txt#L3,"# The `cmake_minimum_required(VERSION 3.4...3.18)` syntax does not work with
# some versions of VS that have a patched CMake 3.11. This forces us to emulate
# the behavior using the following workaround:",['workaround'],CMake,0,3,5
28312,tecsar-uncc/gem5-salam,https://github.com/tecsar-uncc/gem5-salam/blob/dc1c2561d9ea47b6b3f719760ac2d629f81bf3e6/ext/pybind11/tests/test_cmake_build/subdirectory_target/CMakeLists.txt#L3,"# The `cmake_minimum_required(VERSION 3.4...3.18)` syntax does not work with
# some versions of VS that have a patched CMake 3.11. This forces us to emulate
# the behavior using the following workaround:",['workaround'],CMake,0,3,5
28312,tecsar-uncc/gem5-salam,https://github.com/tecsar-uncc/gem5-salam/blob/dc1c2561d9ea47b6b3f719760ac2d629f81bf3e6/ext/googletest/googletest/cmake/internal_utils.cmake#L73,"# Newlines inside flags variables break CMake's NMake generator.
# TODO(vladl@google.com): Add -RTCs and -RTCu to debug builds.",['todo'],CMake,4,73,74
28312,tecsar-uncc/gem5-salam,https://github.com/tecsar-uncc/gem5-salam/blob/dc1c2561d9ea47b6b3f719760ac2d629f81bf3e6/ext/pybind11/tools/pybind11Common.cmake#L70,"# Workaround for Python 2.7 and C++17 (C++14 as a warning) incompatibility
# This adds the flags -Wno-register and -Wno-deprecated-register if the compiler
# is Clang 3.9+ or AppleClang and the compile language is CXX, or /wd5033 for MSVC (all languages,
# since MSVC didn't recognize COMPILE_LANGUAGE until CMake 3.11+).",['workaround'],CMake,0,70,73
