repoIndex,repoName,linkLocation,comment,keywords,buildSysteminFile,charPosition,startLine,endLine
28461,eons-finance/alqo,https://github.com/eons-finance/alqo/blob/b993c07397f91860311e2f9e207cb84fdd3a3ffa/src/Makefile.am#L497,## FIXME: How to get the appropriate modulename_CPPFLAGS in here?,['fixme'],Autotool,1,497,497
28461,eons-finance/alqo,https://github.com/eons-finance/alqo/blob/b993c07397f91860311e2f9e207cb84fdd3a3ffa/configure.ac#L1018,"dnl Boost >= 1.50 uses sleep_for rather than the now-deprecated sleep, however
dnl it was broken from 1.50 to 1.52 when backed by nanosleep. Use sleep_for if
dnl a working version is available, else fall back to sleep. sleep was removed
dnl after 1.56.
dnl If neither is available, abort.",['broken'],Autotool,0,1018,1022
28461,eons-finance/alqo,https://github.com/eons-finance/alqo/blob/b993c07397f91860311e2f9e207cb84fdd3a3ffa/src/qt/CMakeLists.txt#L181,# Workaround until the old rpcconsole UI window is fully removed,['workaround'],CMake,0,181,181
