repoIndex,repoName,linkLocation,comment,keywords,buildSysteminFile,charPosition,startLine,endLine
28517,samcz/aurora,https://github.com/samcz/aurora/blob/f9e82ae5e50b2117ba53e6c7123ea918837107d3/lib/freetype/builds/unix/configure.ac#L228,"# get compiler flags right
#
#   We try to make the compiler work for C89-strict source.  Even if the
#   C compiler is gcc and C89 flags are available, some system headers
#   (e.g., Android Bionic libc) are broken in C89 mode.  We have to check
#   whether the compilation finishes successfully.
#
#   Due to bugs in mingwrt 4.0.3 we don't use `-ansi' for MinGW.
#
#   To avoid zillions of
#
#     ISO C90 does not support 'long long'
#
#   warnings, we disable `-pedantic' for gcc version < 4.6.
#",['broken'],Autotool,0,228,242
28517,samcz/aurora,https://github.com/samcz/aurora/blob/f9e82ae5e50b2117ba53e6c7123ea918837107d3/lib/freetype/builds/unix/configure.ac#L335,"# All library tests below try `pkg-config' first.  If that fails, a function
# from the library is tested in the traditional autoconf way (zlib, bzip2),
# or a config script is called (libpng).
#
# The `xxx_reqpriv' variables are for the `Requires.private' field in
# `freetype2.pc'.  The `xxx_libspriv' variables are for the `Libs.private'
# field in `freetype2.pc' if pkg-config doesn't find a proper .pc file.
#
# The `xxx_libsstaticconf' variables are for the `freetype-config' script.
#
# Note that a call to PKG_CHECK_MODULES(XXX, ...) sets and creates the
# output variables `XXX_CFLAGS' and `XXX_LIBS'.  In case one or both are set
# for a library by the user, no entry for this library is added to
# `Requires.private'.  Instead, it gets added to `Libs.private'",['xxx'],Autotool,0,335,348
28517,samcz/aurora,https://github.com/samcz/aurora/blob/f9e82ae5e50b2117ba53e6c7123ea918837107d3/lib/freetype/builds/unix/aclocal.m4#L2220,"# FIXME - insert some real tests, host_os isn't really good enough",['fixme'],Autotool,0,2220,2220
28517,samcz/aurora,https://github.com/samcz/aurora/blob/f9e82ae5e50b2117ba53e6c7123ea918837107d3/lib/freetype/builds/unix/aclocal.m4#L2611,"# FIXME: find the short name or the path components, as spaces are
# common. (e.g. ""Program Files"" -> ""PROGRA~1"")",['fixme'],Autotool,6,2611,2612
28517,samcz/aurora,https://github.com/samcz/aurora/blob/f9e82ae5e50b2117ba53e6c7123ea918837107d3/lib/freetype/builds/unix/aclocal.m4#L2635,# FIXME: first we should search . and the directory the executable is in,['fixme'],Autotool,2,2635,2635
28517,samcz/aurora,https://github.com/samcz/aurora/blob/f9e82ae5e50b2117ba53e6c7123ea918837107d3/lib/freetype/builds/unix/aclocal.m4#L2664,"# DragonFly does not have aout.  When/if they implement a new
# versioning mechanism, adjust this.",['implement'],Autotool,2,2664,2665
28517,samcz/aurora,https://github.com/samcz/aurora/blob/f9e82ae5e50b2117ba53e6c7123ea918837107d3/lib/freetype/builds/unix/aclocal.m4#L2886,"# We used to test for /lib/ld.so.1 and disable shared libraries on
# powerpc, because MkLinux only supported shared libraries with the
# GNU dynamic linker.  Since this was broken with cross compilers,
# most powerpc-linux boxes support dynamic linking these days and
# people can always --disable-shared, the test was removed, and we
# assume the GNU/Linux dynamic linker is in use.",['broken'],Autotool,2,2886,2891
28517,samcz/aurora,https://github.com/samcz/aurora/blob/f9e82ae5e50b2117ba53e6c7123ea918837107d3/lib/freetype/builds/unix/aclocal.m4#L4219,"# FIXME: we need at least 68020 code to build shared libraries, but
# adding the '-m68020' flag to GCC prevents building anything better,
# like '-m68040'.",['fixme'],Autotool,12,4219,4221
28517,samcz/aurora,https://github.com/samcz/aurora/blob/f9e82ae5e50b2117ba53e6c7123ea918837107d3/lib/freetype/builds/unix/aclocal.m4#L4231,"# This hack is so that the source file can tell whether it is being
# built for inclusion in a dll (and should export symbols for example).
# Although the cygwin gcc ignores -fPIC, still need this for old-style
# (--disable-auto-import) libraries",['hack'],Autotool,6,4231,4234
28517,samcz/aurora,https://github.com/samcz/aurora/blob/f9e82ae5e50b2117ba53e6c7123ea918837107d3/lib/freetype/builds/unix/aclocal.m4#L4253,"# PIC is the default for Haiku.
# The ""-static"" flag exists, but is broken.",['broken'],Autotool,6,4253,4254
28517,samcz/aurora,https://github.com/samcz/aurora/blob/f9e82ae5e50b2117ba53e6c7123ea918837107d3/lib/freetype/builds/unix/aclocal.m4#L4258,"# Interix 3.x gcc -fpic/-fPIC options generate broken code.
# Instead, we relocate shared libraries at runtime.",['broken'],Autotool,6,4258,4259
28517,samcz/aurora,https://github.com/samcz/aurora/blob/f9e82ae5e50b2117ba53e6c7123ea918837107d3/lib/freetype/builds/unix/aclocal.m4#L4307,"# This hack is so that the source file can tell whether it is being
# built for inclusion in a dll (and should export symbols for example).",['hack'],Autotool,1,4307,4308
28517,samcz/aurora,https://github.com/samcz/aurora/blob/f9e82ae5e50b2117ba53e6c7123ea918837107d3/lib/freetype/builds/unix/aclocal.m4#L4542,"# FIXME: we need at least 68020 code to build shared libraries, but
# adding the '-m68020' flag to GCC prevents building anything better,
# like '-m68040'.",['fixme'],Autotool,12,4542,4544
28517,samcz/aurora,https://github.com/samcz/aurora/blob/f9e82ae5e50b2117ba53e6c7123ea918837107d3/lib/freetype/builds/unix/aclocal.m4#L4555,"# This hack is so that the source file can tell whether it is being
# built for inclusion in a dll (and should export symbols for example).
# Although the cygwin gcc ignores -fPIC, still need this for old-style
# (--disable-auto-import) libraries",['hack'],Autotool,6,4555,4558
28517,samcz/aurora,https://github.com/samcz/aurora/blob/f9e82ae5e50b2117ba53e6c7123ea918837107d3/lib/freetype/builds/unix/aclocal.m4#L4575,"# PIC is the default for Haiku.
# The ""-static"" flag exists, but is broken.",['broken'],Autotool,6,4575,4576
28517,samcz/aurora,https://github.com/samcz/aurora/blob/f9e82ae5e50b2117ba53e6c7123ea918837107d3/lib/freetype/builds/unix/aclocal.m4#L4595,"# Interix 3.x gcc -fpic/-fPIC options generate broken code.
# Instead, we relocate shared libraries at runtime.",['broken'],Autotool,6,4595,4596
28517,samcz/aurora,https://github.com/samcz/aurora/blob/f9e82ae5e50b2117ba53e6c7123ea918837107d3/lib/freetype/builds/unix/aclocal.m4#L4659,"# This hack is so that the source file can tell whether it is being
# built for inclusion in a dll (and should export symbols for example).",['hack'],Autotool,6,4659,4660
28517,samcz/aurora,https://github.com/samcz/aurora/blob/f9e82ae5e50b2117ba53e6c7123ea918837107d3/lib/freetype/builds/unix/aclocal.m4#L5064,"# On AIX/PPC, the GNU linker is very broken",['broken'],Autotool,6,5064,5064
28517,samcz/aurora,https://github.com/samcz/aurora/blob/f9e82ae5e50b2117ba53e6c7123ea918837107d3/lib/freetype/builds/unix/aclocal.m4#L5171,"# Hack: On Interix 3.x, we cannot compile PIC because of a broken gcc.
# Instead, shared libraries are loaded at an image base (0x10000000 by
# default) and relocated if they conflict, which is a slow very memory
# consuming and fragmenting process.  To avoid this, we pick a random,
# 256 KiB-aligned image base between 0x50000000 and 0x6FFC0000 at link
# time.  Moving up from 0x10000000 also allows more sbrk(2) space.","['hack', 'broken']",Autotool,6,5171,5176
28517,samcz/aurora,https://github.com/samcz/aurora/blob/f9e82ae5e50b2117ba53e6c7123ea918837107d3/lib/freetype/builds/unix/aclocal.m4#L5356,"# Neither direct hardcoding nor static linking is supported with a
# broken collect2.",['broken'],Autotool,1,5356,5357
28517,samcz/aurora,https://github.com/samcz/aurora/blob/f9e82ae5e50b2117ba53e6c7123ea918837107d3/lib/freetype/builds/unix/aclocal.m4#L5421,"# When large executables or shared objects are built, AIX ld can
# have problems creating the table of contents.  If linking a library
# or program results in ""error TOC overflow"" add -mminimal-toc to
# CXXFLAGS/CFLAGS for g++/gcc.  In the cases where that is not
# enough to fix the problem, add -Wl,-bbigtoc to LDFLAGS.",['fix'],Autotool,6,5421,5425
28517,samcz/aurora,https://github.com/samcz/aurora/blob/f9e82ae5e50b2117ba53e6c7123ea918837107d3/lib/freetype/builds/unix/aclocal.m4#L5444,"# We only want to do this on AIX 4.2 and lower, the check
# below for broken collect2 doesn't work under 4.3+",['broken'],Autotool,1,5444,5445
28517,samcz/aurora,https://github.com/samcz/aurora/blob/f9e82ae5e50b2117ba53e6c7123ea918837107d3/lib/freetype/builds/unix/aclocal.m4#L5495,"# Warning - without using the other runtime loading flags (-brtl),
# -berok will link without error, but may produce a broken library.",['broken'],Autotool,1,5495,5496
28517,samcz/aurora,https://github.com/samcz/aurora/blob/f9e82ae5e50b2117ba53e6c7123ea918837107d3/lib/freetype/builds/unix/aclocal.m4#L5513,"# Warning - without using the other run time loading flags,
# -berok will link without error, but may produce a broken library.",['broken'],Autotool,3,5513,5514
28517,samcz/aurora,https://github.com/samcz/aurora/blob/f9e82ae5e50b2117ba53e6c7123ea918837107d3/lib/freetype/builds/unix/aclocal.m4#L6078,# FIXME: we may have to deal with multi-command sequences.,['fixme'],Autotool,6,6078,6078
28517,samcz/aurora,https://github.com/samcz/aurora/blob/f9e82ae5e50b2117ba53e6c7123ea918837107d3/lib/freetype/builds/unix/aclocal.m4#L6191,"dnl FIXME: Not yet implemented
dnl _LT_TAGDECL([], [thread_safe_flag_spec], [1],
dnl    [Compiler flag to generate thread safe objects])",['fixme'],Autotool,0,6191,6193
28517,samcz/aurora,https://github.com/samcz/aurora/blob/f9e82ae5e50b2117ba53e6c7123ea918837107d3/lib/freetype/builds/unix/aclocal.m4#L6397,"# If archive_cmds runs LD, not CC, wlarc should be empty
# XXX I think wlarc can be eliminated in ltcf-cxx, but I need to
#     investigate it a little bit more. (MM)",['xxx'],Autotool,8,6397,6399
28517,samcz/aurora,https://github.com/samcz/aurora/blob/f9e82ae5e50b2117ba53e6c7123ea918837107d3/lib/freetype/builds/unix/aclocal.m4#L6437,# FIXME: insert proper C++ library support,['fixme'],Autotool,8,6437,6437
28517,samcz/aurora,https://github.com/samcz/aurora/blob/f9e82ae5e50b2117ba53e6c7123ea918837107d3/lib/freetype/builds/unix/aclocal.m4#L6488,"# When large executables or shared objects are built, AIX ld can
# have problems creating the table of contents.  If linking a library
# or program results in ""error TOC overflow"" add -mminimal-toc to
# CXXFLAGS/CFLAGS for g++/gcc.  In the cases where that is not
# enough to fix the problem, add -Wl,-bbigtoc to LDFLAGS.",['fix'],Autotool,8,6488,6492
28517,samcz/aurora,https://github.com/samcz/aurora/blob/f9e82ae5e50b2117ba53e6c7123ea918837107d3/lib/freetype/builds/unix/aclocal.m4#L6511,"# We only want to do this on AIX 4.2 and lower, the check
# below for broken collect2 doesn't work under 4.3+",['broken'],Autotool,10,6511,6512
28517,samcz/aurora,https://github.com/samcz/aurora/blob/f9e82ae5e50b2117ba53e6c7123ea918837107d3/lib/freetype/builds/unix/aclocal.m4#L6562,"# Warning - without using the other runtime loading flags (-brtl),
# -berok will link without error, but may produce a broken library.
# The ""-G"" linker flag allows undefined symbols.",['broken'],Autotool,10,6562,6564
28517,samcz/aurora,https://github.com/samcz/aurora/blob/f9e82ae5e50b2117ba53e6c7123ea918837107d3/lib/freetype/builds/unix/aclocal.m4#L6582,"# Warning - without using the other run time loading flags,
# -berok will link without error, but may produce a broken library.",['broken'],Autotool,5,6582,6583
28517,samcz/aurora,https://github.com/samcz/aurora/blob/f9e82ae5e50b2117ba53e6c7123ea918837107d3/lib/freetype/builds/unix/aclocal.m4#L6739,# FIXME: insert proper C++ library support,['fixme'],Autotool,5,6739,6739
28517,samcz/aurora,https://github.com/samcz/aurora/blob/f9e82ae5e50b2117ba53e6c7123ea918837107d3/lib/freetype/builds/unix/aclocal.m4#L6743,"# Green Hills C++ Compiler
# FIXME: insert proper C++ library support",['fixme'],Autotool,5,6743,6744
28517,samcz/aurora,https://github.com/samcz/aurora/blob/f9e82ae5e50b2117ba53e6c7123ea918837107d3/lib/freetype/builds/unix/aclocal.m4#L6748,# FIXME: insert proper C++ library support,['fixme'],Autotool,5,6748,6748
28517,samcz/aurora,https://github.com/samcz/aurora/blob/f9e82ae5e50b2117ba53e6c7123ea918837107d3/lib/freetype/builds/unix/aclocal.m4#L6755,# C++ shared libraries reported to be fairly broken before,['broken'],Autotool,8,6755,6755
28517,samcz/aurora,https://github.com/samcz/aurora/blob/f9e82ae5e50b2117ba53e6c7123ea918837107d3/lib/freetype/builds/unix/aclocal.m4#L6786,# FIXME: insert proper C++ library support,['fixme'],Autotool,12,6786,6786
28517,samcz/aurora,https://github.com/samcz/aurora/blob/f9e82ae5e50b2117ba53e6c7123ea918837107d3/lib/freetype/builds/unix/aclocal.m4#L6805,# FIXME: insert proper C++ library support,['fixme'],Autotool,14,6805,6805
28517,samcz/aurora,https://github.com/samcz/aurora/blob/f9e82ae5e50b2117ba53e6c7123ea918837107d3/lib/freetype/builds/unix/aclocal.m4#L6841,# FIXME: insert proper C++ library support,['fixme'],Autotool,5,6841,6841
28517,samcz/aurora,https://github.com/samcz/aurora/blob/f9e82ae5e50b2117ba53e6c7123ea918837107d3/lib/freetype/builds/unix/aclocal.m4#L6882,# FIXME: insert proper C++ library support,['fixme'],Autotool,7,6882,6882
28517,samcz/aurora,https://github.com/samcz/aurora/blob/f9e82ae5e50b2117ba53e6c7123ea918837107d3/lib/freetype/builds/unix/aclocal.m4#L6894,"# Hack: On Interix 3.x, we cannot compile PIC because of a broken gcc.
# Instead, shared libraries are loaded at an image base (0x10000000 by
# default) and relocated if they conflict, which is a slow very memory
# consuming and fragmenting process.  To avoid this, we pick a random,
# 256 KiB-aligned image base between 0x50000000 and 0x6FFC0000 at link
# time.  Moving up from 0x10000000 also allows more sbrk(2) space.","['hack', 'broken']",Autotool,1,6894,6899
28517,samcz/aurora,https://github.com/samcz/aurora/blob/f9e82ae5e50b2117ba53e6c7123ea918837107d3/lib/freetype/builds/unix/aclocal.m4#L7074,# FIXME: insert proper C++ library support,['fixme'],Autotool,8,7074,7074
28517,samcz/aurora,https://github.com/samcz/aurora/blob/f9e82ae5e50b2117ba53e6c7123ea918837107d3/lib/freetype/builds/unix/aclocal.m4#L7079,# FIXME: insert proper C++ library support,['fixme'],Autotool,8,7079,7079
28517,samcz/aurora,https://github.com/samcz/aurora/blob/f9e82ae5e50b2117ba53e6c7123ea918837107d3/lib/freetype/builds/unix/aclocal.m4#L7086,# FIXME: insert proper C++ library support,['fixme'],Autotool,5,7086,7086
28517,samcz/aurora,https://github.com/samcz/aurora/blob/f9e82ae5e50b2117ba53e6c7123ea918837107d3/lib/freetype/builds/unix/aclocal.m4#L7090,# FIXME: insert proper C++ library support,['fixme'],Autotool,5,7090,7090
28517,samcz/aurora,https://github.com/samcz/aurora/blob/f9e82ae5e50b2117ba53e6c7123ea918837107d3/lib/freetype/builds/unix/aclocal.m4#L7104,# Workaround some broken pre-1.5 toolchains,"['broken', 'workaround']",Autotool,1,7104,7104
28517,samcz/aurora,https://github.com/samcz/aurora/blob/f9e82ae5e50b2117ba53e6c7123ea918837107d3/lib/freetype/builds/unix/aclocal.m4#L7151,"# Rational C++ 2.4.1
# FIXME: insert proper C++ library support",['fixme'],Autotool,5,7151,7152
28517,samcz/aurora,https://github.com/samcz/aurora/blob/f9e82ae5e50b2117ba53e6c7123ea918837107d3/lib/freetype/builds/unix/aclocal.m4#L7367,"# NonStop-UX NCC 3.20
# FIXME: insert proper C++ library support",['fixme'],Autotool,5,7367,7368
28517,samcz/aurora,https://github.com/samcz/aurora/blob/f9e82ae5e50b2117ba53e6c7123ea918837107d3/lib/freetype/builds/unix/aclocal.m4#L7372,# FIXME: insert proper C++ library support,['fixme'],Autotool,5,7372,7372
28517,samcz/aurora,https://github.com/samcz/aurora/blob/f9e82ae5e50b2117ba53e6c7123ea918837107d3/lib/freetype/builds/unix/aclocal.m4#L7379,# FIXME: insert proper C++ library support,['fixme'],Autotool,8,7379,7379
28517,samcz/aurora,https://github.com/samcz/aurora/blob/f9e82ae5e50b2117ba53e6c7123ea918837107d3/lib/freetype/builds/unix/aclocal.m4#L7384,# FIXME: insert proper C++ library support,['fixme'],Autotool,8,7384,7384
28517,samcz/aurora,https://github.com/samcz/aurora/blob/f9e82ae5e50b2117ba53e6c7123ea918837107d3/lib/freetype/builds/unix/aclocal.m4#L7618,# PORTME: override above test on systems where it is broken,['broken'],Autotool,0,7618,7618
28517,samcz/aurora,https://github.com/samcz/aurora/blob/f9e82ae5e50b2117ba53e6c7123ea918837107d3/lib/freetype/builds/unix/aclocal.m4#L7622,"# Interix 3.5 installs completely hosed .la files for C++, so rather than
# hack all around it, let's just trust ""g++"" to DTRT.",['hack'],Autotool,2,7622,7623
28517,samcz/aurora,https://github.com/samcz/aurora/blob/f9e82ae5e50b2117ba53e6c7123ea918837107d3/lib/freetype/builds/unix/aclocal.m4#L8686,"# _LT_ENABLE_STATIC([DEFAULT])
# ----------------------------
# implement the --enable-static flag, and support the 'static' and
# 'disable-static' LT_INIT options.
# DEFAULT is either 'yes' or 'no'.  If omitted, it defaults to 'yes'.",['implement'],Autotool,0,8686,8690
28517,samcz/aurora,https://github.com/samcz/aurora/blob/f9e82ae5e50b2117ba53e6c7123ea918837107d3/lib/freetype/builds/unix/aclocal.m4#L8740,"# _LT_ENABLE_FAST_INSTALL([DEFAULT])
# ----------------------------------
# implement the --enable-fast-install flag, and support the 'fast-install'
# and 'disable-fast-install' LT_INIT options.
# DEFAULT is either 'yes' or 'no'.  If omitted, it defaults to 'yes'.",['implement'],Autotool,0,8740,8744
28517,samcz/aurora,https://github.com/samcz/aurora/blob/f9e82ae5e50b2117ba53e6c7123ea918837107d3/lib/freetype/builds/unix/aclocal.m4#L8849,"# _LT_WITH_PIC([MODE])
# --------------------
# implement the --with-pic flag, and support the 'pic-only' and 'no-pic'
# LT_INIT options.
# MODE is either 'yes' or 'no'.  If omitted, it defaults to 'both'.",['implement'],Autotool,0,8849,8853
28517,samcz/aurora,https://github.com/samcz/aurora/blob/f9e82ae5e50b2117ba53e6c7123ea918837107d3/lib/freetype/CMakeLists.txt#L1,"# CMakeLists.txt
#
# Copyright (C) 2013-2020 by
# David Turner, Robert Wilhelm, and Werner Lemberg.
#
# Written originally by John Cary <cary@txcorp.com>
#
# This file is part of the FreeType project, and may only be used, modified,
# and distributed under the terms of the FreeType project license,
# LICENSE.TXT.  By continuing to use, modify, or distribute this file you
# indicate that you have read the license and understand and accept it
# fully.
#
#
# The following will 1. create a build directory and 2. change into it and
# call cmake to configure the build with default parameters as a static
# library. See https://cmake.org/cmake/help/latest/variable/CMAKE_BUILD_TYPE.html
# for information about Debug, Release, etc. builds.
#
#   cmake -B build -D CMAKE_BUILD_TYPE=Release
#
# For a dynamic library, use
#
#   cmake -B build -D BUILD_SHARED_LIBS=true -D CMAKE_BUILD_TYPE=Release
#
# For a framework on OS X, use
#
#   cmake -E chdir build cmake -G Xcode -D BUILD_FRAMEWORK:BOOL=true ..
#
# For an iOS static library, use
#
#   cmake -E chdir build cmake -G Xcode -D IOS_PLATFORM=OS ..
#
# or
#
#   cmake -E chdir build cmake -G Xcode -D IOS_PLATFORM=SIMULATOR ..
#
# or
#
#   cmake -E chdir build cmake -G Xcode -D IOS_PLATFORM=SIMULATOR64 ..
#
# Finally, build the project with:
#
#   cmake --build build
#
# Install it with
#
#   (sudo) cmake --build build --target install
#
# A binary distribution can be made with
#
#   cmake --build build --config Release --target package
#
# Please refer to the cmake manual for further options, in particular, how
# to modify compilation and linking parameters.
#
# Some notes.
#
# . `cmake' creates configuration files in
#
#     <build-directory>/include/freetype/config
#
#   which should be further modified if necessary.
#
# . You can use `cmake' directly on a freshly cloned FreeType git
#   repository.
#
# . `CMakeLists.txt' is provided as-is since it is normally not used by the
#   developer team.
#
# . Set the `FT_WITH_ZLIB', `FT_WITH_BZIP2', `FT_WITH_PNG',
#   `FT_WITH_HARFBUZZ', and `FT_WITH_BROTLI' CMake variables to `ON' to
#   force using a dependency.  Leave a variable undefined (which is the
#   default) to use the dependency only if it is available. Example:
#
#     cmake -B build -D FT_WITH_ZLIB=ON \
#                    -D FT_WITH_BZIP2=ON \
#                    -D FT_WITH_PNG=ON \
#                    -D FT_WITH_HARFBUZZ=ON \
#                    -D FT_WITH_BROTLI=ON [...]
#
#   Set `CMAKE_DISABLE_FIND_PACKAGE_XXX=TRUE' to disable a dependency completely
#   (where `XXX' is a CMake package name like `BZip2').  Example for disabling all
#   dependencies:
#
#     cmake -B build -D CMAKE_DISABLE_FIND_PACKAGE_ZLIB=TRUE \
#                    -D CMAKE_DISABLE_FIND_PACKAGE_BZip2=TRUE \
#                    -D CMAKE_DISABLE_FIND_PACKAGE_PNG=TRUE \
#                    -D CMAKE_DISABLE_FIND_PACKAGE_HarfBuzz=TRUE \
#                    -D CMAKE_DISABLE_FIND_PACKAGE_BrotliDec=TRUE [...]
#
# . Installation of FreeType can be controlled with the CMake variables
#   `SKIP_INSTALL_HEADERS', `SKIP_INSTALL_LIBRARIES', and `SKIP_INSTALL_ALL'
#   (this is compatible with the same CMake variables in zlib's CMake
#   support).",['xxx'],CMake,0,1,95
28517,samcz/aurora,https://github.com/samcz/aurora/blob/f9e82ae5e50b2117ba53e6c7123ea918837107d3/lib/freetype/builds/cmake/iOS.cmake#L131,"# hack: If a new cmake (which uses CMAKE_INSTALL_NAME_TOOL) runs on an old
#       build tree (where `install_name_tool' was hardcoded), and where
#       CMAKE_INSTALL_NAME_TOOL isn't in the cache and still cmake didn't
#       fail in `CMakeFindBinUtils.cmake' (because it isn't rerun), hardcode
#       CMAKE_INSTALL_NAME_TOOL here to `install_name_tool' so it behaves as
#       it did before.",['hack'],CMake,0,131,136
