repoIndex,repoName,linkLocation,comment,keywords,buildSysteminFile,charPosition,startLine,endLine
28662,symforce-org/symforce,https://github.com/symforce-org/symforce/blob/f17d8b2055efd8d97209e8af1e82ae5f669e7299/CMakeLists.txt#L215,"# Install eigen_lcm headers.  Probably only want this when SYMFORCE_USE_EXTERNAL_LCM==OFF, but not
# sure
# TODO(aaron): Move this into skymarshal when we move eigen_lcm into skymarshal",['todo'],CMake,2,215,217
28662,symforce-org/symforce,https://github.com/symforce-org/symforce/blob/f17d8b2055efd8d97209e8af1e82ae5f669e7299/CMakeLists.txt#L325,# TODO(aaron): Put this somewhere smarter,['todo'],CMake,32,325,325
28662,symforce-org/symforce,https://github.com/symforce-org/symforce/blob/f17d8b2055efd8d97209e8af1e82ae5f669e7299/CMakeLists.txt#L368,"# TODO(aaron): This depends on SYMFORCE_PYTHON, which can change between builds (e.g. when
# running `python -m build` multiple times on the same build directory), currently if you're
# doing that you need to clean this manually",['todo'],CMake,4,368,370
28662,symforce-org/symforce,https://github.com/symforce-org/symforce/blob/f17d8b2055efd8d97209e8af1e82ae5f669e7299/symforce/examples/CMakeLists.txt#L6,# TODO(aaron): Split this into targets per example,['todo'],CMake,0,6,6
28662,symforce-org/symforce,https://github.com/symforce-org/symforce/blob/f17d8b2055efd8d97209e8af1e82ae5f669e7299/symforce/pybind/CMakeLists.txt#L48,"# TODO(aaron): Should there be an install action here?  This is currently installed by setup.py if
# you do `pip install .`",['todo'],CMake,0,48,49
28662,symforce-org/symforce,https://github.com/symforce-org/symforce/blob/f17d8b2055efd8d97209e8af1e82ae5f669e7299/third_party/symengine/CMakeLists.txt#L309,# Workaround for https://github.com/fredrik-johansson/arb/issues/24,['workaround'],CMake,4,309,309
28662,symforce-org/symforce,https://github.com/symforce-org/symforce/blob/f17d8b2055efd8d97209e8af1e82ae5f669e7299/third_party/symengine/CMakeLists.txt#L321,# Workaround for https://github.com/fredrik-johansson/arb/issues/24,['workaround'],CMake,4,321,321
28662,symforce-org/symforce,https://github.com/symforce-org/symforce/blob/f17d8b2055efd8d97209e8af1e82ae5f669e7299/third_party/symengine/cmake/cotire.cmake#L1157,"# fix header's inside status on stack, it is ignored by extension now",['fix'],CMake,8,1157,1157
