repoIndex,repoName,linkLocation,comment,keywords,buildSysteminFile,charPosition,startLine,endLine
28676,lihpc-computational-geometry/gmds,https://github.com/lihpc-computational-geometry/gmds/blob/ba71c242ddddb29007c606be6433c5a82285a327/external/glpk/src/glpk/aclocal.m4#L396,"# AM_OUTPUT_DEPENDENCY_COMMANDS
# -----------------------------
# This macro should only be invoked once -- use via AC_REQUIRE.
#
# This code is only required when automatic dependency tracking
# is enabled.  FIXME.  This creates each '.P' file that we will
# need in order to bootstrap the dependency handling code.",['fixme'],Autotool,0,396,402
28676,lihpc-computational-geometry/gmds,https://github.com/lihpc-computational-geometry/gmds/blob/ba71c242ddddb29007c606be6433c5a82285a327/external/glpk/src/glpk/aclocal.m4#L764,"# If neither matched, then we have a broken ls.  This can happen
# if, for instance, CONFIG_SHELL is bash and it inherits a
# broken ls alias from the environment.  This has actually
# happened.  Such a system could not be considered ""sane"".",['broken'],Autotool,1,764,767
28676,lihpc-computational-geometry/gmds,https://github.com/lihpc-computational-geometry/gmds/blob/ba71c242ddddb29007c606be6433c5a82285a327/blocking/CMakeLists.txt#L32,"# Deactivate the CGAL warning about not liking CMAKE_BUILD_TYPE=Debug
# because of
# TODO it does not seem to work, the message is still displayed ?",['todo'],CMake,0,32,34
28676,lihpc-computational-geometry/gmds,https://github.com/lihpc-computational-geometry/gmds/blob/ba71c242ddddb29007c606be6433c5a82285a327/pygmds/pybind11/CMakeLists.txt#L10,"# The `cmake_minimum_required(VERSION 3.4...3.21)` syntax does not work with
# some versions of VS that have a patched CMake 3.11. This forces us to emulate
# the behavior using the following workaround:",['workaround'],CMake,0,10,12
28676,lihpc-computational-geometry/gmds,https://github.com/lihpc-computational-geometry/gmds/blob/ba71c242ddddb29007c606be6433c5a82285a327/pygmds/pybind11/tests/CMakeLists.txt#L10,"# The `cmake_minimum_required(VERSION 3.4...3.18)` syntax does not work with
# some versions of VS that have a patched CMake 3.11. This forces us to emulate
# the behavior using the following workaround:",['workaround'],CMake,0,10,12
28676,lihpc-computational-geometry/gmds,https://github.com/lihpc-computational-geometry/gmds/blob/ba71c242ddddb29007c606be6433c5a82285a327/pygmds/pybind11/tests/test_cmake_build/installed_embed/CMakeLists.txt#L3,"# The `cmake_minimum_required(VERSION 3.4...3.18)` syntax does not work with
# some versions of VS that have a patched CMake 3.11. This forces us to emulate
# the behavior using the following workaround:",['workaround'],CMake,0,3,5
28676,lihpc-computational-geometry/gmds,https://github.com/lihpc-computational-geometry/gmds/blob/ba71c242ddddb29007c606be6433c5a82285a327/pygmds/pybind11/tests/test_cmake_build/installed_function/CMakeLists.txt#L4,"# The `cmake_minimum_required(VERSION 3.4...3.18)` syntax does not work with
# some versions of VS that have a patched CMake 3.11. This forces us to emulate
# the behavior using the following workaround:",['workaround'],CMake,0,4,6
28676,lihpc-computational-geometry/gmds,https://github.com/lihpc-computational-geometry/gmds/blob/ba71c242ddddb29007c606be6433c5a82285a327/pygmds/pybind11/tests/test_cmake_build/installed_target/CMakeLists.txt#L3,"# The `cmake_minimum_required(VERSION 3.4...3.18)` syntax does not work with
# some versions of VS that have a patched CMake 3.11. This forces us to emulate
# the behavior using the following workaround:",['workaround'],CMake,0,3,5
28676,lihpc-computational-geometry/gmds,https://github.com/lihpc-computational-geometry/gmds/blob/ba71c242ddddb29007c606be6433c5a82285a327/pygmds/pybind11/tests/test_cmake_build/subdirectory_embed/CMakeLists.txt#L3,"# The `cmake_minimum_required(VERSION 3.4...3.18)` syntax does not work with
# some versions of VS that have a patched CMake 3.11. This forces us to emulate
# the behavior using the following workaround:",['workaround'],CMake,0,3,5
28676,lihpc-computational-geometry/gmds,https://github.com/lihpc-computational-geometry/gmds/blob/ba71c242ddddb29007c606be6433c5a82285a327/pygmds/pybind11/tests/test_cmake_build/subdirectory_function/CMakeLists.txt#L3,"# The `cmake_minimum_required(VERSION 3.4...3.18)` syntax does not work with
# some versions of VS that have a patched CMake 3.11. This forces us to emulate
# the behavior using the following workaround:",['workaround'],CMake,0,3,5
28676,lihpc-computational-geometry/gmds,https://github.com/lihpc-computational-geometry/gmds/blob/ba71c242ddddb29007c606be6433c5a82285a327/pygmds/pybind11/tests/test_cmake_build/subdirectory_target/CMakeLists.txt#L3,"# The `cmake_minimum_required(VERSION 3.4...3.18)` syntax does not work with
# some versions of VS that have a patched CMake 3.11. This forces us to emulate
# the behavior using the following workaround:",['workaround'],CMake,0,3,5
28676,lihpc-computational-geometry/gmds,https://github.com/lihpc-computational-geometry/gmds/blob/ba71c242ddddb29007c606be6433c5a82285a327/external/googletest/googletest/cmake/internal_utils.cmake#L73,"# Newlines inside flags variables break CMake's NMake generator.
# TODO(vladl@google.com): Add -RTCs and -RTCu to debug builds.",['todo'],CMake,4,73,74
28676,lihpc-computational-geometry/gmds,https://github.com/lihpc-computational-geometry/gmds/blob/ba71c242ddddb29007c606be6433c5a82285a327/pygmds/pybind11/tools/pybind11Common.cmake#L70,"# Workaround for Python 2.7 and C++17 (C++14 as a warning) incompatibility
# This adds the flags -Wno-register and -Wno-deprecated-register if the compiler
# is Clang 3.9+ or AppleClang and the compile language is CXX, or /wd5033 for MSVC (all languages,
# since MSVC didn't recognize COMPILE_LANGUAGE until CMake 3.11+).",['workaround'],CMake,0,70,73
