repoIndex,repoName,linkLocation,comment,keywords,buildSysteminFile,charPosition,startLine,endLine
28675,libretro/ecwolf,https://github.com/libretro/ecwolf/blob/1c82ef94f25a358774d4b9daa44537ab406a1203/android-libs/libpng/CMakeLists.txt#L70,"# Use the prebuilt pnglibconf.h file from the scripts folder
# TODO: fix this by building with awk; without this no cmake build can be
# configured directly (to do so indirectly use your local awk to build a
# pnglibconf.h in the build directory.)","['fix', 'todo']",CMake,0,70,73
28675,libretro/ecwolf,https://github.com/libretro/ecwolf/blob/1c82ef94f25a358774d4b9daa44537ab406a1203/android-libs/libpng/CMakeLists.txt#L276,"# If CMake > 2.4.x, we set a variable used below to export
# targets to an export file.
# TODO: Use VERSION_GREATER after our cmake_minimum_required >= 2.6.2",['todo'],CMake,0,276,278
28675,libretro/ecwolf,https://github.com/libretro/ecwolf/blob/1c82ef94f25a358774d4b9daa44537ab406a1203/src/CMakeLists.txt#L167,# TODO: Autodetect when we compile for RS90,['todo'],CMake,11,167,167
28675,libretro/ecwolf,https://github.com/libretro/ecwolf/blob/1c82ef94f25a358774d4b9daa44537ab406a1203/src/CMakeLists.txt#L342,# Fix stat in v140_xp (broken in RTM and Update 1 so far),"['fix', 'broken']",CMake,1,342,342
