repoIndex,repoName,linkLocation,comment,keywords,buildSysteminFile,charPosition,startLine,endLine
28717,hikogui/hikogui,https://github.com/hikogui/hikogui/blob/84829873b3c9104a0e186901495dbcc9e44a5306/CMakeLists.txt#L231,# The Microsoft version of clang does not implement all clang command line arguments.,['implement'],CMake,4,231,231
28717,hikogui/hikogui,https://github.com/hikogui/hikogui/blob/84829873b3c9104a0e186901495dbcc9e44a5306/CMake/SetupVcpkg.cmake#L84,"#
# -- VCPKG_DIR
#
# VCPKG_DIR is the root folder for all compiled packages, e.g.
# the local /project/vcpkg_installed/x64-windows
# or the global /opt/vcpkg/installed/x64-windows.
#
# Because finding dependencies automatically is still on the todo list of vcpkg, we need to guide it.
#
# Please use this variable to point to the locations of your packages share folder like below:
# set(spdlog_DIR ""${VCPKG_DIR}/share/spdlog"")
# find_package(spdlog CONFIG REQUIRED)
#
# TODO: define VCPKG_DIR for globally installed packages (in the vcpkg root)
#",['todo'],CMake,0,84,98
