repoIndex,repoName,linkLocation,comment,keywords,buildSysteminFile,charPosition,startLine,endLine
28715,boomingtech/pilot,https://github.com/boomingtech/pilot/blob/a2a01cceeedb9b320f6fa749cfe9d918f4a32e7a/engine/3rdparty/glfw/CMakeLists.txt#L75,# Workaround for VS 2008 not shipping with the DirectX 9 SDK,['workaround'],CMake,8,75,75
28715,boomingtech/pilot,https://github.com/boomingtech/pilot/blob/a2a01cceeedb9b320f6fa749cfe9d918f4a32e7a/engine/3rdparty/glfw/CMakeLists.txt#L81,# Workaround for VS 2008 not shipping with stdint.h,['workaround'],CMake,8,81,81
28715,boomingtech/pilot,https://github.com/boomingtech/pilot/blob/a2a01cceeedb9b320f6fa749cfe9d918f4a32e7a/engine/3rdparty/glfw/CMakeLists.txt#L108,# Workaround for legacy MinGW not providing XInput and DirectInput,['workaround'],CMake,4,108,108
28715,boomingtech/pilot,https://github.com/boomingtech/pilot/blob/a2a01cceeedb9b320f6fa749cfe9d918f4a32e7a/engine/3rdparty/glfw/examples/CMakeLists.txt#L10,# Workaround for the MS CRT deprecating parts of the standard library,['workaround'],CMake,0,10,10
28715,boomingtech/pilot,https://github.com/boomingtech/pilot/blob/a2a01cceeedb9b320f6fa749cfe9d918f4a32e7a/engine/3rdparty/glfw/src/CMakeLists.txt#L84,# Workaround for CMake not knowing about .m files before version 3.16,['workaround'],CMake,0,84,84
28715,boomingtech/pilot,https://github.com/boomingtech/pilot/blob/a2a01cceeedb9b320f6fa749cfe9d918f4a32e7a/engine/3rdparty/glfw/src/CMakeLists.txt#L147,"# HACK: When building on MinGW, WINVER and UNICODE need to be defined before
# the inclusion of stddef.h (by glfw3.h), which is itself included before
# win32_platform.h.  We define them here until a saner solution can be found
# NOTE: MinGW-w64 and Visual C++ do /not/ need this hack.",['hack'],CMake,0,147,150
28715,boomingtech/pilot,https://github.com/boomingtech/pilot/blob/a2a01cceeedb9b320f6fa749cfe9d918f4a32e7a/engine/3rdparty/glfw/tests/CMakeLists.txt#L10,# Workaround for the MS CRT deprecating parts of the standard library,['workaround'],CMake,0,10,10
