repoIndex,repoName,linkLocation,comment,keywords,buildSysteminFile,charPosition,startLine,endLine
2876,implementedrobotics/nomad,https://github.com/implementedrobotics/nomad/blob/cf5afe1e249b28623b33bc76fde2bb1436ea1243/Hardware/Actuator/NomadBLDC/Drivers/CAN/CMakeLists.txt#L16,"# TODO: Make Options ""Build Test/Examples etc""",['todo'],CMake,0,16,16
2876,implementedrobotics/nomad,https://github.com/implementedrobotics/nomad/blob/cf5afe1e249b28623b33bc76fde2bb1436ea1243/Hardware/Actuator/NomadBLDC/Drivers/NomadBLDC/CMakeLists.txt#L19,"# TODO: Make Options ""Build Test/Examples etc""",['todo'],CMake,0,19,19
2876,implementedrobotics/nomad,https://github.com/implementedrobotics/nomad/blob/cf5afe1e249b28623b33bc76fde2bb1436ea1243/Software/Common/CMakeLists.txt#L20,"# TODO: Make Options ""Build Test/Examples etc""",['todo'],CMake,0,20,20
2876,implementedrobotics/nomad,https://github.com/implementedrobotics/nomad/blob/cf5afe1e249b28623b33bc76fde2bb1436ea1243/Software/Core/Controllers/CMakeLists.txt#L29,"# TODO: Make Options ""Build Test/Examples etc""",['todo'],CMake,0,29,29
2876,implementedrobotics/nomad,https://github.com/implementedrobotics/nomad/blob/cf5afe1e249b28623b33bc76fde2bb1436ea1243/Software/Plotting/CMakeLists.txt#L19,"# TODO: Make Options ""Build Test/Examples etc""",['todo'],CMake,0,19,19
2876,implementedrobotics/nomad,https://github.com/implementedrobotics/nomad/blob/cf5afe1e249b28623b33bc76fde2bb1436ea1243/Software/Robot/CMakeLists.txt#L41,"# TODO: Make Options ""Build Test/Examples etc""",['todo'],CMake,0,41,41
2876,implementedrobotics/nomad,https://github.com/implementedrobotics/nomad/blob/cf5afe1e249b28623b33bc76fde2bb1436ea1243/Software/Robot/Nomad/src/OperatorInterface/CMakeLists.txt#L21,"# TODO: Make Options ""Build Test/Examples etc""
#add_subdirectory(test)",['todo'],CMake,0,21,22
2876,implementedrobotics/nomad,https://github.com/implementedrobotics/nomad/blob/cf5afe1e249b28623b33bc76fde2bb1436ea1243/Software/ThirdParty/yaml-cpp/test/gtest-1.10.0/googletest/cmake/internal_utils.cmake#L73,"# Newlines inside flags variables break CMake's NMake generator.
# TODO(vladl@google.com): Add -RTCs and -RTCu to debug builds.",['todo'],CMake,4,73,74
