repoIndex,repoName,linkLocation,comment,keywords,buildSysteminFile,charPosition,startLine,endLine
29018,paddlepaddle/fastdeploy,https://github.com/paddlepaddle/fastdeploy/blob/32596b3b894083ba1575f5e9956a076199ba47e8/third_party/pybind11/CMakeLists.txt#L10,"# The `cmake_minimum_required(VERSION 3.4...3.22)` syntax does not work with
# some versions of VS that have a patched CMake 3.11. This forces us to emulate
# the behavior using the following workaround:",['workaround'],CMake,0,10,12
29018,paddlepaddle/fastdeploy,https://github.com/paddlepaddle/fastdeploy/blob/32596b3b894083ba1575f5e9956a076199ba47e8/third_party/pybind11/tests/CMakeLists.txt#L10,"# The `cmake_minimum_required(VERSION 3.4...3.18)` syntax does not work with
# some versions of VS that have a patched CMake 3.11. This forces us to emulate
# the behavior using the following workaround:",['workaround'],CMake,0,10,12
29018,paddlepaddle/fastdeploy,https://github.com/paddlepaddle/fastdeploy/blob/32596b3b894083ba1575f5e9956a076199ba47e8/third_party/pybind11/tests/test_cmake_build/installed_embed/CMakeLists.txt#L3,"# The `cmake_minimum_required(VERSION 3.4...3.18)` syntax does not work with
# some versions of VS that have a patched CMake 3.11. This forces us to emulate
# the behavior using the following workaround:",['workaround'],CMake,0,3,5
29018,paddlepaddle/fastdeploy,https://github.com/paddlepaddle/fastdeploy/blob/32596b3b894083ba1575f5e9956a076199ba47e8/third_party/pybind11/tests/test_cmake_build/installed_function/CMakeLists.txt#L4,"# The `cmake_minimum_required(VERSION 3.4...3.18)` syntax does not work with
# some versions of VS that have a patched CMake 3.11. This forces us to emulate
# the behavior using the following workaround:",['workaround'],CMake,0,4,6
29018,paddlepaddle/fastdeploy,https://github.com/paddlepaddle/fastdeploy/blob/32596b3b894083ba1575f5e9956a076199ba47e8/third_party/pybind11/tests/test_cmake_build/installed_target/CMakeLists.txt#L3,"# The `cmake_minimum_required(VERSION 3.4...3.18)` syntax does not work with
# some versions of VS that have a patched CMake 3.11. This forces us to emulate
# the behavior using the following workaround:",['workaround'],CMake,0,3,5
29018,paddlepaddle/fastdeploy,https://github.com/paddlepaddle/fastdeploy/blob/32596b3b894083ba1575f5e9956a076199ba47e8/third_party/pybind11/tests/test_cmake_build/subdirectory_embed/CMakeLists.txt#L3,"# The `cmake_minimum_required(VERSION 3.4...3.18)` syntax does not work with
# some versions of VS that have a patched CMake 3.11. This forces us to emulate
# the behavior using the following workaround:",['workaround'],CMake,0,3,5
29018,paddlepaddle/fastdeploy,https://github.com/paddlepaddle/fastdeploy/blob/32596b3b894083ba1575f5e9956a076199ba47e8/third_party/pybind11/tests/test_cmake_build/subdirectory_function/CMakeLists.txt#L3,"# The `cmake_minimum_required(VERSION 3.4...3.18)` syntax does not work with
# some versions of VS that have a patched CMake 3.11. This forces us to emulate
# the behavior using the following workaround:",['workaround'],CMake,0,3,5
29018,paddlepaddle/fastdeploy,https://github.com/paddlepaddle/fastdeploy/blob/32596b3b894083ba1575f5e9956a076199ba47e8/third_party/pybind11/tests/test_cmake_build/subdirectory_target/CMakeLists.txt#L3,"# The `cmake_minimum_required(VERSION 3.4...3.18)` syntax does not work with
# some versions of VS that have a patched CMake 3.11. This forces us to emulate
# the behavior using the following workaround:",['workaround'],CMake,0,3,5
29018,paddlepaddle/fastdeploy,https://github.com/paddlepaddle/fastdeploy/blob/32596b3b894083ba1575f5e9956a076199ba47e8/third_party/yaml-cpp/CMakeLists.txt#L151,"# FIXME(felix2012): A more common place for the cmake export would be
# `CMAKE_INSTALL_LIBDIR`, as e.g. done in ubuntu or in this project for GTest",['fixme'],CMake,0,151,152
29018,paddlepaddle/fastdeploy,https://github.com/paddlepaddle/fastdeploy/blob/32596b3b894083ba1575f5e9956a076199ba47e8/third_party/yaml-cpp/test/gtest-1.11.0/googletest/cmake/internal_utils.cmake#L73,"# Newlines inside flags variables break CMake's NMake generator.
# TODO(vladl@google.com): Add -RTCs and -RTCu to debug builds.",['todo'],CMake,4,73,74
