repoIndex,repoName,linkLocation,comment,keywords,buildSysteminFile,charPosition,startLine,endLine
2901,espressif/esp8266_rtos_sdk,https://github.com/espressif/esp8266_rtos_sdk/blob/7085cc760c5f0444baed93f204421ec76523eb3d/components/protobuf-c/protobuf-c/configure.ac#L64,# Horrible hack for systems where the pkg-config install directory is simply wrong!,['hack'],Autotool,4,64,64
2901,espressif/esp8266_rtos_sdk,https://github.com/espressif/esp8266_rtos_sdk/blob/7085cc760c5f0444baed93f204421ec76523eb3d/components/coap/CMakeLists.txt#L34,"# Needed for coap headers in public builds, also.
#
# TODO: find a way to move this to a port header",['todo'],CMake,4,34,36
2901,espressif/esp8266_rtos_sdk,https://github.com/espressif/esp8266_rtos_sdk/blob/7085cc760c5f0444baed93f204421ec76523eb3d/components/nvs_flash/CMakeLists.txt#L37,# TODO: this is a workaround until IDF-2085 is fixed,"['todo', 'workaround']",CMake,4,37,37
2901,espressif/esp8266_rtos_sdk,https://github.com/espressif/esp8266_rtos_sdk/blob/7085cc760c5f0444baed93f204421ec76523eb3d/components/bootloader/project_include.cmake#L120,"# this is a hack due to an (annoying) shortcoming in cmake, it can't
# extend the 'clean' target to the external project
# see thread: https://cmake.org/pipermail/cmake/2016-December/064660.html
#
# So for now we just have the top-level build remove the final build products...",['hack'],CMake,0,120,124
2901,espressif/esp8266_rtos_sdk,https://github.com/espressif/esp8266_rtos_sdk/blob/7085cc760c5f0444baed93f204421ec76523eb3d/tools/cmake/component.cmake#L422,"# Unfortunately add_definitions() does not support generator expressions. A new command
# add_compile_definition() does but is only available on CMake 3.12 or newer. This uses
# add_compile_options(), which can add any option as the workaround.
#
# TODO: Use add_compile_definitions() once minimum supported version is 3.12 or newer.","['todo', 'workaround']",CMake,4,422,426
2901,espressif/esp8266_rtos_sdk,https://github.com/espressif/esp8266_rtos_sdk/blob/7085cc760c5f0444baed93f204421ec76523eb3d/tools/cmake/utilities.cmake#L20,"# spaces2list
#
# Take a variable whose value was space-delimited values, convert to a cmake
# list (semicolon-delimited)
#
# Note: if using this for directories, keeps the issue in place that
# directories can't contain spaces...
#
# TODO: look at cmake separate_arguments, which is quote-aware",['todo'],CMake,0,20,28
2901,espressif/esp8266_rtos_sdk,https://github.com/espressif/esp8266_rtos_sdk/blob/7085cc760c5f0444baed93f204421ec76523eb3d/tools/cmake/utilities.cmake#L189,"# fail_at_build_time
#
# Creates a phony target which fails the build and touches CMakeCache.txt to cause a cmake run next time.
#
# This is used when a missing file is required at CMake runtime, but we can't fail the build if it is not found,
# because the ""menuconfig"" target may be required to fix the problem.
#
# We cannot use CMAKE_CONFIGURE_DEPENDS instead because it only works for files which exist at CMake runtime.
#",['fix'],CMake,0,189,197
2901,espressif/esp8266_rtos_sdk,https://github.com/espressif/esp8266_rtos_sdk/blob/7085cc760c5f0444baed93f204421ec76523eb3d/tools/cmake/third_party/GetGitRevisionDescription.cmake#L100,"# TODO sanitize
#if((${ARGN}"" MATCHES ""&&"") OR
#	(ARGN MATCHES ""||"") OR
#	(ARGN MATCHES ""\\;""))
#	message(""Please report the following error to the project!"")
#	message(FATAL_ERROR ""Looks like someone's doing something nefarious with git_describe! Passed arguments ${ARGN}"")
#endif()",['todo'],CMake,1,100,106
