repoIndex,repoName,linkLocation,comment,keywords,buildSysteminFile,charPosition,startLine,endLine
29024,gazebosim/gz-physics,https://github.com/gazebosim/gz-physics/blob/4ef1d65648276f79c470552cb08f98e4a4e17514/bullet/CMakeLists.txt#L12,# TODO(MXG): Think about an ign_add_plugin(~) macro for ign-cmake,['todo'],CMake,0,12,12
29024,gazebosim/gz-physics,https://github.com/gazebosim/gz-physics/blob/4ef1d65648276f79c470552cb08f98e4a4e17514/dartsim/CMakeLists.txt#L20,# TODO(MXG): Think about an ign_add_plugin(~) macro for ign-cmake,['todo'],CMake,0,20,20
29024,gazebosim/gz-physics,https://github.com/gazebosim/gz-physics/blob/4ef1d65648276f79c470552cb08f98e4a4e17514/tpe/plugin/CMakeLists.txt#L12,# TODO(MXG): Think about an ign_add_plugin(~) macro for ign-cmake,['todo'],CMake,0,12,12
29024,gazebosim/gz-physics,https://github.com/gazebosim/gz-physics/blob/4ef1d65648276f79c470552cb08f98e4a4e17514/test/gtest/cmake/internal_utils.cmake#L63,"# Newlines inside flags variables break CMake's NMake generator.
# TODO(vladl@google.com): Add -RTCs and -RTCu to debug builds.",['todo'],CMake,4,63,64
