repoIndex,repoName,linkLocation,comment,keywords,buildSysteminFile,charPosition,startLine,endLine
29622,gnustep/libs-base,https://github.com/gnustep/libs-base/blob/e48cfb9587e8bd9b06eaba87f3a3626b231f32c6/Headers/GNUstepBase/config.h.in#L21,/* Define if SO_REUSEADDR is broken on this system */,['broken'],Autotool,0,21,21
29622,gnustep/libs-base,https://github.com/gnustep/libs-base/blob/e48cfb9587e8bd9b06eaba87f3a3626b231f32c6/configure.ac#L26,"#
# DEPENDENCIES POLICY
#
# Generally the aim in the base library is to minimise dependencies on
# external libraries which may not come as standard on all systems, and
# you should not, as a rule, add such dependencies.
#
# However, in some cases there are large areas of functionality where it
# would just be too much effort to implement things ourselves and it makes
# sense to use external software to do the job.
#
# In such cases this configure.ac script should include options to allow
# people to build with the dependency or to disable those parts of the
# base library which require the external dependency and build without it.
# The configure script should support a --disable-xxx option in such a case,
# where 'xxx' is the name of the dependency.
#
# If a major dependency is NOT specifically disabled, the configuration
# process must fail with an error message ... all builds of gnustep-base
# should support all expected functionality unless the person configuring
# and building is very certain they don't want it.
#
# Where a dependency is introduced this script should do this by setting
# HAVE_XXX to 1 or 0 and calling AC_SUBST(XXX) to substitute the information
# into the make files:
#   config.mak.in: used to build the base library itsself
#   base.make.in: the makefile fragment used to build software which uses base
# These files then define GNUSTEP_BASE_HAVE_XXX to 1 or 0 so that the variable
# may be used to control conditional compilation of particular files.
#
# In addition the values should be substituted into the header file
# Headers/GNUstepBase/GSConfig.h.in so that it can define a
# preprocessor constant of the form GS_USE_XXX to 1 or 0, providing a
# standard mechanism for parts of a particular file to compile to make
# use of the external code or not.
# This file is included by all the base library source code, and may also
# be included by code which uses the base library.
#","['xxx', 'implement']",Autotool,0,26,63
29622,gnustep/libs-base,https://github.com/gnustep/libs-base/blob/e48cfb9587e8bd9b06eaba87f3a3626b231f32c6/configure.ac#L412,"# TODO/FIXME: We should really have better checks once the situation
# has stabilized.  This is a reasonable hack for now.","['todo', 'hack', 'fixme']",Autotool,0,412,413
29622,gnustep/libs-base,https://github.com/gnustep/libs-base/blob/e48cfb9587e8bd9b06eaba87f3a3626b231f32c6/configure.ac#L538,"# TODO: Improve this hack.
# According to Wikipedia, this is the default for Windows 2000,
# Windows XP and Windows Server 2003.  For Windows Vista this will
# change to C:\Users.  The directory name needs to be localized though
# (and the disk may need changing as well ?).","['todo', 'hack']",Autotool,4,538,542
29622,gnustep/libs-base,https://github.com/gnustep/libs-base/blob/e48cfb9587e8bd9b06eaba87f3a3626b231f32c6/configure.ac#L547,"# TODO: It would be nice to use the 'short' output of
# relative_path.sh, but older versions of relative_path.sh
# did not support specifying the type of output and
# would abort if they were given more than 2 parameters,
# so we can not use the 'short' option if we want gnustep-base
# to work with older versions of gnustep-make.
# Once everyone has upgraded to gnustep-make >= 2.0.5 (I'd say
# two years after it has been released ?), we could switch to the
# 'short' output though.",['todo'],Autotool,4,547,555
29622,gnustep/libs-base,https://github.com/gnustep/libs-base/blob/e48cfb9587e8bd9b06eaba87f3a3626b231f32c6/configure.ac#L1061,"# FIXME: Cross-compiling should read the target from the configure
# options and use it.   GNUSTEP_TARGET_* variables do not exist in
# this context (so ""$GNUSTEP_TARGET_CPU"" will always be """")",['fixme'],Autotool,2,1061,1063
29622,gnustep/libs-base,https://github.com/gnustep/libs-base/blob/e48cfb9587e8bd9b06eaba87f3a3626b231f32c6/configure.ac#L1176,"# FIXME: Forcing -march=i568 for any i568 or later CPU is a
# stop gap measure to make the compiler emit native assembly
# for atomic operations on i586 or latter processors (GCC by
# default emits code compatible with the original i386 and
# requires library functions to emulate atomic operations).
# When gnustep-make takes care of this kind of target setting,
# the check can safely be removed.",['fixme'],Autotool,6,1176,1182
29622,gnustep/libs-base,https://github.com/gnustep/libs-base/blob/e48cfb9587e8bd9b06eaba87f3a3626b231f32c6/configure.ac#L1679,"# support for other OS's with broken macros to be added here (HP-UX, IRIX being known)",['broken'],Autotool,6,1679,1679
29622,gnustep/libs-base,https://github.com/gnustep/libs-base/blob/e48cfb9587e8bd9b06eaba87f3a3626b231f32c6/configure.ac#L2195,"# TODO: These checks are not really needed if native exceptions are
# disabled.  So maybe we should not run them at all in that case.  On
# the other hand, that case is going to become more and more unusual.",['todo'],Autotool,0,2195,2197
29622,gnustep/libs-base,https://github.com/gnustep/libs-base/blob/e48cfb9587e8bd9b06eaba87f3a3626b231f32c6/configure.ac#L2243,"# TODO: It would also be nice to actually test that native Objective-C
# exceptions work.",['todo'],Autotool,0,2243,2244
29622,gnustep/libs-base,https://github.com/gnustep/libs-base/blob/e48cfb9587e8bd9b06eaba87f3a3626b231f32c6/configure.ac#L2330,# Twisted header checks for some BSDs with stupid interdependencies,['stupid'],Autotool,0,2330,2330
