repoIndex,repoName,linkLocation,comment,keywords,buildSysteminFile,charPosition,startLine,endLine
3177,swami/libinstpatch,https://github.com/swami/libinstpatch/blob/568dea966dc32c112e16fd6b4756d94e99c12d3f/CMakeLists.txt#L23,"# libinstpatch - Library version
# *** NOTICE ***
# Update library version upon each release (follow these steps in order)
# if any source code changes: REVISION++
# if any interfaces added/removed/changed: REVISION=0
# if any interfaces removed/changed (compatibility broken): CURRENT++
# if any interfaces have been added: AGE++
# if any interfaces have been removed/changed (compatibility broken): AGE=0
# This is not exactly the same algorithm as the libtool one, but the results are the same.",['broken'],CMake,0,23,31
