repoIndex,repoName,linkLocation,comment,keywords,buildSysteminFile,charPosition,startLine,endLine
3201,glfw/glfw,https://github.com/glfw/glfw/blob/d299d9f78857e921b66bdab42c7ea27fe2e31810/examples/CMakeLists.txt#L10,# Workaround for the MS CRT deprecating parts of the standard library,['workaround'],CMake,0,10,10
3201,glfw/glfw,https://github.com/glfw/glfw/blob/d299d9f78857e921b66bdab42c7ea27fe2e31810/src/CMakeLists.txt#L148,# Workaround for CMake not knowing about .m files before version 3.16,['workaround'],CMake,0,148,148
3201,glfw/glfw,https://github.com/glfw/glfw/blob/d299d9f78857e921b66bdab42c7ea27fe2e31810/src/CMakeLists.txt#L280,"# HACK: When building on MinGW, WINVER and UNICODE need to be defined before
# the inclusion of stddef.h (by glfw3.h), which is itself included before
# win32_platform.h.  We define them here until a saner solution can be found
# NOTE: MinGW-w64 and Visual C++ do /not/ need this hack.",['hack'],CMake,0,280,283
3201,glfw/glfw,https://github.com/glfw/glfw/blob/d299d9f78857e921b66bdab42c7ea27fe2e31810/src/CMakeLists.txt#L288,# Workaround for legacy MinGW not providing XInput and DirectInput,['workaround'],CMake,0,288,288
3201,glfw/glfw,https://github.com/glfw/glfw/blob/d299d9f78857e921b66bdab42c7ea27fe2e31810/src/CMakeLists.txt#L298,# Workaround for the MS CRT deprecating parts of the standard library,['workaround'],CMake,0,298,298
3201,glfw/glfw,https://github.com/glfw/glfw/blob/d299d9f78857e921b66bdab42c7ea27fe2e31810/src/CMakeLists.txt#L303,# Workaround for VS 2008 not shipping with stdint.h,['workaround'],CMake,0,303,303
3201,glfw/glfw,https://github.com/glfw/glfw/blob/d299d9f78857e921b66bdab42c7ea27fe2e31810/src/CMakeLists.txt#L317,# Workaround for -std=c99 on Linux disabling _DEFAULT_SOURCE (POSIX 2008 and more),['workaround'],CMake,0,317,317
3201,glfw/glfw,https://github.com/glfw/glfw/blob/d299d9f78857e921b66bdab42c7ea27fe2e31810/tests/CMakeLists.txt#L10,# Workaround for the MS CRT deprecating parts of the standard library,['workaround'],CMake,0,10,10
