repoIndex,repoName,linkLocation,comment,keywords,buildSysteminFile,charPosition,startLine,endLine
3389,oofem/oofem,https://github.com/oofem/oofem/blob/a09447982a2d3d5ce7b986f6e687d40317aa5108/CMakeLists.txt#L787,# TODO: Manuals not done yet,['todo'],CMake,0,787,787
3389,oofem/oofem,https://github.com/oofem/oofem/blob/a09447982a2d3d5ce7b986f6e687d40317aa5108/cmake/Modules/FindPETSc.cmake#L328,"# Note that we have forced values for all these choices.  If you
# change these, you are telling the system to trust you that they
# work.  It is likely that you will end up with a broken build.",['broken'],CMake,2,328,330
3389,oofem/oofem,https://github.com/oofem/oofem/blob/a09447982a2d3d5ce7b986f6e687d40317aa5108/cmake/Modules/FindPackageMultipass.cmake#L82,"# This is a ridiculous hack.  CHECK_${language}_SOURCE_* thinks that if the
# *name* of the return variable doesn't change, then the test does
# not need to be re-run.  We keep an internal count which we
# increment to guarantee that every test name is unique.  If we've
# gotten here, then the configuration has changed enough that the
# test *needs* to be rerun.",['hack'],CMake,2,82,87
