repoIndex,repoName,linkLocation,comment,keywords,buildSysteminFile,charPosition,startLine,endLine
3599,llnl/sundials,https://github.com/llnl/sundials/blob/1375f0563ef953e0972277a0af71fc4388f5787a/benchmarks/diffusion_2D/mpi_gpu/CMakeLists.txt#L108,# Workaround bug in CMake < 3.17.3 when using MPI::MPI_CXX,['workaround'],CMake,2,108,108
3599,llnl/sundials,https://github.com/llnl/sundials/blob/1375f0563ef953e0972277a0af71fc4388f5787a/examples/idas/C_openmp/CMakeLists.txt#L61,# LEB NOTE: This goes away with TestRunner fix for OpenMP,['fix'],CMake,2,61,61
3599,llnl/sundials,https://github.com/llnl/sundials/blob/1375f0563ef953e0972277a0af71fc4388f5787a/examples/nvector/mpicuda/CMakeLists.txt#L63,# Workaround bug in CMake < 3.17.3 when using MPI::MPI_CXX,['workaround'],CMake,4,63,63
3599,llnl/sundials,https://github.com/llnl/sundials/blob/1375f0563ef953e0972277a0af71fc4388f5787a/src/sundials/CMakeLists.txt#L102,# Workaround bug in CMake < 3.17.3 when using MPI::MPI_CXX and CUDA,['workaround'],CMake,4,102,102
3599,llnl/sundials,https://github.com/llnl/sundials/blob/1375f0563ef953e0972277a0af71fc4388f5787a/cmake/SundialsSetupCompilers.cmake#L70,"# ===============================================================
# Configure compiler flags
#
# TODO(DJG): Set flags based on CMAKE_<language>_COMPILER_ID
# ===============================================================",['todo'],CMake,0,70,74
3599,llnl/sundials,https://github.com/llnl/sundials/blob/1375f0563ef953e0972277a0af71fc4388f5787a/cmake/macros/FindPackageMultipass.cmake#L160,"# This is a ridiculous hack. CHECK_${language}_SOURCE_*
# thinks that if the *name* of the return variable doesn't change,
# then the test does not need to be re-run.  We keep an internal count
# which we increment to guarantee that every test name is unique. If we've
# gotten here, then the configuration has changed enough that the
# test *needs* to be rerun.",['hack'],CMake,2,160,165
3599,llnl/sundials,https://github.com/llnl/sundials/blob/1375f0563ef953e0972277a0af71fc4388f5787a/cmake/macros/SundialsAddLibrary.cmake#L240,"# We use target_sources since target_link_libraries does not work
# as expected with CMake 3.12 (see CMake issues 18090 and 18692).
# TODO(DJG): Update whenever we require CMake 3.14 or 3.21",['todo'],CMake,10,240,242
3599,llnl/sundials,https://github.com/llnl/sundials/blob/1375f0563ef953e0972277a0af71fc4388f5787a/cmake/macros/SundialsAddLibrary.cmake#L260,"# Workaround issues with sundials_generic object library dependency on
# MPI not getting propagated when building examples.
# Workaround bug in CMake < 3.17.3 when using MPI::MPI_C and CUDA",['workaround'],CMake,10,260,262
3599,llnl/sundials,https://github.com/llnl/sundials/blob/1375f0563ef953e0972277a0af71fc4388f5787a/cmake/tpl/FindPETSC.cmake#L706,"# If PETSC_WORKS is set override the executable test results. This variable
# can be manually set to ON to force CMake to accept a given PETSC
# configuration, but this will almost always result in a broken build.",['broken'],CMake,2,706,708
3599,llnl/sundials,https://github.com/llnl/sundials/blob/1375f0563ef953e0972277a0af71fc4388f5787a/cmake/tpl/FindPETSC.cmake#L731,"# Note that we have forced values for all these choices.  If you
# change these, you are telling the system to trust you that they
# work.  It is likely that you will end up with a broken build.",['broken'],CMake,2,731,733
