repoIndex,repoName,linkLocation,comment,keywords,buildSysteminFile,charPosition,startLine,endLine
3606,hasse69/rar2fs,https://github.com/hasse69/rar2fs/blob/f2e789373665ea91d5306e40c659fd255b325152/configure.ac#L538,"# FIXME: Some versions of sched_setaffinity return ENOSYS (!),
# so we should test for the unfriendly and useless behavior",['fixme'],Autotool,8,538,539
3606,hasse69/rar2fs,https://github.com/hasse69/rar2fs/blob/f2e789373665ea91d5306e40c659fd255b325152/configure.ac#L586,"# Check how compiler handles -Wno-unused-result
# If HAVE_NO_UNUSED_RESULT is defined to 1 there is no need for
# a run-time workaround.
# The functions declared with attribute warn_unused_result can 
# then be called like this:
#    NO_UNUSED_RESULT fscanf(...)",['workaround'],Autotool,0,586,591
