repoIndex,repoName,linkLocation,comment,keywords,buildSysteminFile,charPosition,startLine,endLine
3771,nlnetlabs/unbound,https://github.com/nlnetlabs/unbound/blob/f02d6bddd12c26ccd19e62c18b96e5258164ccf7/config.h.in#L875,/* Define this to enable an EVP workaround for older openssl */,['workaround'],Autotool,0,875,875
3771,nlnetlabs/unbound,https://github.com/nlnetlabs/unbound/blob/f02d6bddd12c26ccd19e62c18b96e5258164ccf7/aclocal.m4#L2221,"# FIXME - insert some real tests, host_os isn't really good enough",['fixme'],Autotool,0,2221,2221
3771,nlnetlabs/unbound,https://github.com/nlnetlabs/unbound/blob/f02d6bddd12c26ccd19e62c18b96e5258164ccf7/aclocal.m4#L2612,"# FIXME: find the short name or the path components, as spaces are
# common. (e.g. ""Program Files"" -> ""PROGRA~1"")",['fixme'],Autotool,6,2612,2613
3771,nlnetlabs/unbound,https://github.com/nlnetlabs/unbound/blob/f02d6bddd12c26ccd19e62c18b96e5258164ccf7/aclocal.m4#L2636,# FIXME: first we should search . and the directory the executable is in,['fixme'],Autotool,2,2636,2636
3771,nlnetlabs/unbound,https://github.com/nlnetlabs/unbound/blob/f02d6bddd12c26ccd19e62c18b96e5258164ccf7/aclocal.m4#L2665,"# DragonFly does not have aout.  When/if they implement a new
# versioning mechanism, adjust this.",['implement'],Autotool,2,2665,2666
3771,nlnetlabs/unbound,https://github.com/nlnetlabs/unbound/blob/f02d6bddd12c26ccd19e62c18b96e5258164ccf7/aclocal.m4#L2890,"# We used to test for /lib/ld.so.1 and disable shared libraries on
# powerpc, because MkLinux only supported shared libraries with the
# GNU dynamic linker.  Since this was broken with cross compilers,
# most powerpc-linux boxes support dynamic linking these days and
# people can always --disable-shared, the test was removed, and we
# assume the GNU/Linux dynamic linker is in use.",['broken'],Autotool,2,2890,2895
3771,nlnetlabs/unbound,https://github.com/nlnetlabs/unbound/blob/f02d6bddd12c26ccd19e62c18b96e5258164ccf7/aclocal.m4#L4223,"# FIXME: we need at least 68020 code to build shared libraries, but
# adding the '-m68020' flag to GCC prevents building anything better,
# like '-m68040'.",['fixme'],Autotool,12,4223,4225
3771,nlnetlabs/unbound,https://github.com/nlnetlabs/unbound/blob/f02d6bddd12c26ccd19e62c18b96e5258164ccf7/aclocal.m4#L4235,"# This hack is so that the source file can tell whether it is being
# built for inclusion in a dll (and should export symbols for example).
# Although the cygwin gcc ignores -fPIC, still need this for old-style
# (--disable-auto-import) libraries",['hack'],Autotool,6,4235,4238
3771,nlnetlabs/unbound,https://github.com/nlnetlabs/unbound/blob/f02d6bddd12c26ccd19e62c18b96e5258164ccf7/aclocal.m4#L4257,"# PIC is the default for Haiku.
# The ""-static"" flag exists, but is broken.",['broken'],Autotool,6,4257,4258
3771,nlnetlabs/unbound,https://github.com/nlnetlabs/unbound/blob/f02d6bddd12c26ccd19e62c18b96e5258164ccf7/aclocal.m4#L4262,"# Interix 3.x gcc -fpic/-fPIC options generate broken code.
# Instead, we relocate shared libraries at runtime.",['broken'],Autotool,6,4262,4263
3771,nlnetlabs/unbound,https://github.com/nlnetlabs/unbound/blob/f02d6bddd12c26ccd19e62c18b96e5258164ccf7/aclocal.m4#L4311,"# This hack is so that the source file can tell whether it is being
# built for inclusion in a dll (and should export symbols for example).",['hack'],Autotool,1,4311,4312
3771,nlnetlabs/unbound,https://github.com/nlnetlabs/unbound/blob/f02d6bddd12c26ccd19e62c18b96e5258164ccf7/aclocal.m4#L4546,"# FIXME: we need at least 68020 code to build shared libraries, but
# adding the '-m68020' flag to GCC prevents building anything better,
# like '-m68040'.",['fixme'],Autotool,12,4546,4548
3771,nlnetlabs/unbound,https://github.com/nlnetlabs/unbound/blob/f02d6bddd12c26ccd19e62c18b96e5258164ccf7/aclocal.m4#L4559,"# This hack is so that the source file can tell whether it is being
# built for inclusion in a dll (and should export symbols for example).
# Although the cygwin gcc ignores -fPIC, still need this for old-style
# (--disable-auto-import) libraries",['hack'],Autotool,6,4559,4562
3771,nlnetlabs/unbound,https://github.com/nlnetlabs/unbound/blob/f02d6bddd12c26ccd19e62c18b96e5258164ccf7/aclocal.m4#L4579,"# PIC is the default for Haiku.
# The ""-static"" flag exists, but is broken.",['broken'],Autotool,6,4579,4580
3771,nlnetlabs/unbound,https://github.com/nlnetlabs/unbound/blob/f02d6bddd12c26ccd19e62c18b96e5258164ccf7/aclocal.m4#L4599,"# Interix 3.x gcc -fpic/-fPIC options generate broken code.
# Instead, we relocate shared libraries at runtime.",['broken'],Autotool,6,4599,4600
3771,nlnetlabs/unbound,https://github.com/nlnetlabs/unbound/blob/f02d6bddd12c26ccd19e62c18b96e5258164ccf7/aclocal.m4#L4663,"# This hack is so that the source file can tell whether it is being
# built for inclusion in a dll (and should export symbols for example).",['hack'],Autotool,6,4663,4664
3771,nlnetlabs/unbound,https://github.com/nlnetlabs/unbound/blob/f02d6bddd12c26ccd19e62c18b96e5258164ccf7/aclocal.m4#L5068,"# On AIX/PPC, the GNU linker is very broken",['broken'],Autotool,6,5068,5068
3771,nlnetlabs/unbound,https://github.com/nlnetlabs/unbound/blob/f02d6bddd12c26ccd19e62c18b96e5258164ccf7/aclocal.m4#L5175,"# Hack: On Interix 3.x, we cannot compile PIC because of a broken gcc.
# Instead, shared libraries are loaded at an image base (0x10000000 by
# default) and relocated if they conflict, which is a slow very memory
# consuming and fragmenting process.  To avoid this, we pick a random,
# 256 KiB-aligned image base between 0x50000000 and 0x6FFC0000 at link
# time.  Moving up from 0x10000000 also allows more sbrk(2) space.","['hack', 'broken']",Autotool,6,5175,5180
3771,nlnetlabs/unbound,https://github.com/nlnetlabs/unbound/blob/f02d6bddd12c26ccd19e62c18b96e5258164ccf7/aclocal.m4#L5360,"# Neither direct hardcoding nor static linking is supported with a
# broken collect2.",['broken'],Autotool,1,5360,5361
3771,nlnetlabs/unbound,https://github.com/nlnetlabs/unbound/blob/f02d6bddd12c26ccd19e62c18b96e5258164ccf7/aclocal.m4#L5425,"# When large executables or shared objects are built, AIX ld can
# have problems creating the table of contents.  If linking a library
# or program results in ""error TOC overflow"" add -mminimal-toc to
# CXXFLAGS/CFLAGS for g++/gcc.  In the cases where that is not
# enough to fix the problem, add -Wl,-bbigtoc to LDFLAGS.",['fix'],Autotool,6,5425,5429
3771,nlnetlabs/unbound,https://github.com/nlnetlabs/unbound/blob/f02d6bddd12c26ccd19e62c18b96e5258164ccf7/aclocal.m4#L5448,"# We only want to do this on AIX 4.2 and lower, the check
# below for broken collect2 doesn't work under 4.3+",['broken'],Autotool,1,5448,5449
3771,nlnetlabs/unbound,https://github.com/nlnetlabs/unbound/blob/f02d6bddd12c26ccd19e62c18b96e5258164ccf7/aclocal.m4#L5499,"# Warning - without using the other runtime loading flags (-brtl),
# -berok will link without error, but may produce a broken library.",['broken'],Autotool,1,5499,5500
3771,nlnetlabs/unbound,https://github.com/nlnetlabs/unbound/blob/f02d6bddd12c26ccd19e62c18b96e5258164ccf7/aclocal.m4#L5517,"# Warning - without using the other run time loading flags,
# -berok will link without error, but may produce a broken library.",['broken'],Autotool,3,5517,5518
3771,nlnetlabs/unbound,https://github.com/nlnetlabs/unbound/blob/f02d6bddd12c26ccd19e62c18b96e5258164ccf7/aclocal.m4#L6082,# FIXME: we may have to deal with multi-command sequences.,['fixme'],Autotool,6,6082,6082
3771,nlnetlabs/unbound,https://github.com/nlnetlabs/unbound/blob/f02d6bddd12c26ccd19e62c18b96e5258164ccf7/aclocal.m4#L6195,"dnl FIXME: Not yet implemented
dnl _LT_TAGDECL([], [thread_safe_flag_spec], [1],
dnl    [Compiler flag to generate thread safe objects])",['fixme'],Autotool,0,6195,6197
3771,nlnetlabs/unbound,https://github.com/nlnetlabs/unbound/blob/f02d6bddd12c26ccd19e62c18b96e5258164ccf7/aclocal.m4#L6401,"# If archive_cmds runs LD, not CC, wlarc should be empty
# XXX I think wlarc can be eliminated in ltcf-cxx, but I need to
#     investigate it a little bit more. (MM)",['xxx'],Autotool,8,6401,6403
3771,nlnetlabs/unbound,https://github.com/nlnetlabs/unbound/blob/f02d6bddd12c26ccd19e62c18b96e5258164ccf7/aclocal.m4#L6441,# FIXME: insert proper C++ library support,['fixme'],Autotool,8,6441,6441
3771,nlnetlabs/unbound,https://github.com/nlnetlabs/unbound/blob/f02d6bddd12c26ccd19e62c18b96e5258164ccf7/aclocal.m4#L6492,"# When large executables or shared objects are built, AIX ld can
# have problems creating the table of contents.  If linking a library
# or program results in ""error TOC overflow"" add -mminimal-toc to
# CXXFLAGS/CFLAGS for g++/gcc.  In the cases where that is not
# enough to fix the problem, add -Wl,-bbigtoc to LDFLAGS.",['fix'],Autotool,8,6492,6496
3771,nlnetlabs/unbound,https://github.com/nlnetlabs/unbound/blob/f02d6bddd12c26ccd19e62c18b96e5258164ccf7/aclocal.m4#L6515,"# We only want to do this on AIX 4.2 and lower, the check
# below for broken collect2 doesn't work under 4.3+",['broken'],Autotool,10,6515,6516
3771,nlnetlabs/unbound,https://github.com/nlnetlabs/unbound/blob/f02d6bddd12c26ccd19e62c18b96e5258164ccf7/aclocal.m4#L6566,"# Warning - without using the other runtime loading flags (-brtl),
# -berok will link without error, but may produce a broken library.
# The ""-G"" linker flag allows undefined symbols.",['broken'],Autotool,10,6566,6568
3771,nlnetlabs/unbound,https://github.com/nlnetlabs/unbound/blob/f02d6bddd12c26ccd19e62c18b96e5258164ccf7/aclocal.m4#L6586,"# Warning - without using the other run time loading flags,
# -berok will link without error, but may produce a broken library.",['broken'],Autotool,5,6586,6587
3771,nlnetlabs/unbound,https://github.com/nlnetlabs/unbound/blob/f02d6bddd12c26ccd19e62c18b96e5258164ccf7/aclocal.m4#L6743,# FIXME: insert proper C++ library support,['fixme'],Autotool,5,6743,6743
3771,nlnetlabs/unbound,https://github.com/nlnetlabs/unbound/blob/f02d6bddd12c26ccd19e62c18b96e5258164ccf7/aclocal.m4#L6747,"# Green Hills C++ Compiler
# FIXME: insert proper C++ library support",['fixme'],Autotool,5,6747,6748
3771,nlnetlabs/unbound,https://github.com/nlnetlabs/unbound/blob/f02d6bddd12c26ccd19e62c18b96e5258164ccf7/aclocal.m4#L6752,# FIXME: insert proper C++ library support,['fixme'],Autotool,5,6752,6752
3771,nlnetlabs/unbound,https://github.com/nlnetlabs/unbound/blob/f02d6bddd12c26ccd19e62c18b96e5258164ccf7/aclocal.m4#L6759,# C++ shared libraries reported to be fairly broken before,['broken'],Autotool,8,6759,6759
3771,nlnetlabs/unbound,https://github.com/nlnetlabs/unbound/blob/f02d6bddd12c26ccd19e62c18b96e5258164ccf7/aclocal.m4#L6790,# FIXME: insert proper C++ library support,['fixme'],Autotool,12,6790,6790
3771,nlnetlabs/unbound,https://github.com/nlnetlabs/unbound/blob/f02d6bddd12c26ccd19e62c18b96e5258164ccf7/aclocal.m4#L6809,# FIXME: insert proper C++ library support,['fixme'],Autotool,14,6809,6809
3771,nlnetlabs/unbound,https://github.com/nlnetlabs/unbound/blob/f02d6bddd12c26ccd19e62c18b96e5258164ccf7/aclocal.m4#L6845,# FIXME: insert proper C++ library support,['fixme'],Autotool,5,6845,6845
3771,nlnetlabs/unbound,https://github.com/nlnetlabs/unbound/blob/f02d6bddd12c26ccd19e62c18b96e5258164ccf7/aclocal.m4#L6886,# FIXME: insert proper C++ library support,['fixme'],Autotool,7,6886,6886
3771,nlnetlabs/unbound,https://github.com/nlnetlabs/unbound/blob/f02d6bddd12c26ccd19e62c18b96e5258164ccf7/aclocal.m4#L6898,"# Hack: On Interix 3.x, we cannot compile PIC because of a broken gcc.
# Instead, shared libraries are loaded at an image base (0x10000000 by
# default) and relocated if they conflict, which is a slow very memory
# consuming and fragmenting process.  To avoid this, we pick a random,
# 256 KiB-aligned image base between 0x50000000 and 0x6FFC0000 at link
# time.  Moving up from 0x10000000 also allows more sbrk(2) space.","['hack', 'broken']",Autotool,1,6898,6903
3771,nlnetlabs/unbound,https://github.com/nlnetlabs/unbound/blob/f02d6bddd12c26ccd19e62c18b96e5258164ccf7/aclocal.m4#L7078,# FIXME: insert proper C++ library support,['fixme'],Autotool,8,7078,7078
3771,nlnetlabs/unbound,https://github.com/nlnetlabs/unbound/blob/f02d6bddd12c26ccd19e62c18b96e5258164ccf7/aclocal.m4#L7083,# FIXME: insert proper C++ library support,['fixme'],Autotool,8,7083,7083
3771,nlnetlabs/unbound,https://github.com/nlnetlabs/unbound/blob/f02d6bddd12c26ccd19e62c18b96e5258164ccf7/aclocal.m4#L7090,# FIXME: insert proper C++ library support,['fixme'],Autotool,5,7090,7090
3771,nlnetlabs/unbound,https://github.com/nlnetlabs/unbound/blob/f02d6bddd12c26ccd19e62c18b96e5258164ccf7/aclocal.m4#L7094,# FIXME: insert proper C++ library support,['fixme'],Autotool,5,7094,7094
3771,nlnetlabs/unbound,https://github.com/nlnetlabs/unbound/blob/f02d6bddd12c26ccd19e62c18b96e5258164ccf7/aclocal.m4#L7108,# Workaround some broken pre-1.5 toolchains,"['broken', 'workaround']",Autotool,1,7108,7108
3771,nlnetlabs/unbound,https://github.com/nlnetlabs/unbound/blob/f02d6bddd12c26ccd19e62c18b96e5258164ccf7/aclocal.m4#L7155,"# Rational C++ 2.4.1
# FIXME: insert proper C++ library support",['fixme'],Autotool,5,7155,7156
3771,nlnetlabs/unbound,https://github.com/nlnetlabs/unbound/blob/f02d6bddd12c26ccd19e62c18b96e5258164ccf7/aclocal.m4#L7371,"# NonStop-UX NCC 3.20
# FIXME: insert proper C++ library support",['fixme'],Autotool,5,7371,7372
3771,nlnetlabs/unbound,https://github.com/nlnetlabs/unbound/blob/f02d6bddd12c26ccd19e62c18b96e5258164ccf7/aclocal.m4#L7376,# FIXME: insert proper C++ library support,['fixme'],Autotool,5,7376,7376
3771,nlnetlabs/unbound,https://github.com/nlnetlabs/unbound/blob/f02d6bddd12c26ccd19e62c18b96e5258164ccf7/aclocal.m4#L7383,# FIXME: insert proper C++ library support,['fixme'],Autotool,8,7383,7383
3771,nlnetlabs/unbound,https://github.com/nlnetlabs/unbound/blob/f02d6bddd12c26ccd19e62c18b96e5258164ccf7/aclocal.m4#L7388,# FIXME: insert proper C++ library support,['fixme'],Autotool,8,7388,7388
3771,nlnetlabs/unbound,https://github.com/nlnetlabs/unbound/blob/f02d6bddd12c26ccd19e62c18b96e5258164ccf7/aclocal.m4#L7622,# PORTME: override above test on systems where it is broken,['broken'],Autotool,0,7622,7622
3771,nlnetlabs/unbound,https://github.com/nlnetlabs/unbound/blob/f02d6bddd12c26ccd19e62c18b96e5258164ccf7/aclocal.m4#L7626,"# Interix 3.5 installs completely hosed .la files for C++, so rather than
# hack all around it, let's just trust ""g++"" to DTRT.",['hack'],Autotool,2,7626,7627
3771,nlnetlabs/unbound,https://github.com/nlnetlabs/unbound/blob/f02d6bddd12c26ccd19e62c18b96e5258164ccf7/aclocal.m4#L8576,"# _LT_ENABLE_STATIC([DEFAULT])
# ----------------------------
# implement the --enable-static flag, and support the 'static' and
# 'disable-static' LT_INIT options.
# DEFAULT is either 'yes' or 'no'.  If omitted, it defaults to 'yes'.",['implement'],Autotool,0,8576,8580
3771,nlnetlabs/unbound,https://github.com/nlnetlabs/unbound/blob/f02d6bddd12c26ccd19e62c18b96e5258164ccf7/aclocal.m4#L8630,"# _LT_ENABLE_FAST_INSTALL([DEFAULT])
# ----------------------------------
# implement the --enable-fast-install flag, and support the 'fast-install'
# and 'disable-fast-install' LT_INIT options.
# DEFAULT is either 'yes' or 'no'.  If omitted, it defaults to 'yes'.",['implement'],Autotool,0,8630,8634
3771,nlnetlabs/unbound,https://github.com/nlnetlabs/unbound/blob/f02d6bddd12c26ccd19e62c18b96e5258164ccf7/aclocal.m4#L8739,"# _LT_WITH_PIC([MODE])
# --------------------
# implement the --with-pic flag, and support the 'pic-only' and 'no-pic'
# LT_INIT options.
# MODE is either 'yes' or 'no'.  If omitted, it defaults to 'both'.",['implement'],Autotool,0,8739,8743
