repoIndex,repoName,linkLocation,comment,keywords,buildSysteminFile,charPosition,startLine,endLine
3836,jbruchon/elks,https://github.com/jbruchon/elks/blob/d30bceb25a9f76f13bb2fd49f20f358b757c83ab/elkscmd/nano/ncurses-5.2/configure.in#L552,###   use option --enable-broken-linker to force on use of broken-linker support,['broken'],Autotool,0,552,552
3836,jbruchon/elks,https://github.com/jbruchon/elks/blob/d30bceb25a9f76f13bb2fd49f20f358b757c83ab/elkscmd/nano/ncurses-5.2/configure.in#L896,dnl FIXME (may need this) AC_SYS_RESTARTABLE_SYSCALLS,['fixme'],Autotool,0,896,896
3836,jbruchon/elks,https://github.com/jbruchon/elks/blob/d30bceb25a9f76f13bb2fd49f20f358b757c83ab/elkscmd/nano/ncurses-5.2/configure.in#L1031,"### It's not possible to appease gcc 2.6.3's conversion-warnings if we're
### using a 'char' for bools.  gcc 2.7.0's conversion-warnings are broken too
### badly to consider using for development purposes, but 2.5.8 is okay.",['broken'],Autotool,0,1031,1033
3836,jbruchon/elks,https://github.com/jbruchon/elks/blob/d30bceb25a9f76f13bb2fd49f20f358b757c83ab/elkscmd/nano/nano-2.0.6/aclocal.m4#L330,"# AM_OUTPUT_DEPENDENCY_COMMANDS
# -----------------------------
# This macro should only be invoked once -- use via AC_REQUIRE.
#
# This code is only required when automatic dependency tracking
# is enabled.  FIXME.  This creates each `.P' file that we will
# need in order to bootstrap the dependency handling code.",['fixme'],Autotool,0,330,336
3836,jbruchon/elks,https://github.com/jbruchon/elks/blob/d30bceb25a9f76f13bb2fd49f20f358b757c83ab/elkscmd/nano/nano-2.0.6/aclocal.m4#L609,"# We used to keeping the `.' as first argument, in order to
# allow $(mkdir_p) to be used without argument.  As in
#   $(mkdir_p) $(somedir)
# where $(somedir) is conditionally defined.  However this is wrong
# for two reasons:
#  1. if the package is installed by a user who cannot write `.'
#     make install will fail,
#  2. the above comment should most certainly read
#     $(mkdir_p) $(DESTDIR)$(somedir)
#     so it does not work when $(somedir) is undefined and
#     $(DESTDIR) is not.
#  To support the latter case, we have to write
#     test -z ""$(somedir)"" || $(mkdir_p) $(DESTDIR)$(somedir),
#  so the `.' trick is pointless.",['this is wrong'],Autotool,2,609,622
3836,jbruchon/elks,https://github.com/jbruchon/elks/blob/d30bceb25a9f76f13bb2fd49f20f358b757c83ab/elkscmd/nano/nano-2.0.6/aclocal.m4#L708,"# If neither matched, then we have a broken ls.  This can happen
# if, for instance, CONFIG_SHELL is bash and it inherits a
# broken ls alias from the environment.  This has actually
# happened.  Such a system could not be considered ""sane"".",['broken'],Autotool,6,708,711
3836,jbruchon/elks,https://github.com/jbruchon/elks/blob/d30bceb25a9f76f13bb2fd49f20f358b757c83ab/elkscmd/nano/ncurses-5.2/aclocal.m4#L496,"dnl ---------------------------------------------------------------------------
dnl Some old/broken variations define tcgetattr() only as a macro in
dnl termio(s).h",['broken'],Autotool,0,496,498
3836,jbruchon/elks,https://github.com/jbruchon/elks/blob/d30bceb25a9f76f13bb2fd49f20f358b757c83ab/elkscmd/nano/ncurses-5.2/aclocal.m4#L523,"dnl ---------------------------------------------------------------------------
dnl Test for availability of useful gcc __attribute__ directives to quiet
dnl compiler warnings.  Though useful, not all are supported -- and contrary
dnl to documentation, unrecognized directives cause older compilers to barf.",['barf'],Autotool,0,523,526
3836,jbruchon/elks,https://github.com/jbruchon/elks/blob/d30bceb25a9f76f13bb2fd49f20f358b757c83ab/elkscmd/nano/ncurses-5.2/aclocal.m4#L1199,"dnl ---------------------------------------------------------------------------
dnl Most Unix systems have both link and symlink, a few don't have symlink.
dnl A few non-Unix systems implement symlink, but not link.
dnl A few non-systems implement neither (or have nonfunctional versions).",['implement'],Autotool,0,1199,1202
3836,jbruchon/elks,https://github.com/jbruchon/elks/blob/d30bceb25a9f76f13bb2fd49f20f358b757c83ab/elkscmd/nano/ncurses-5.2/aclocal.m4#L1723,"dnl ---------------------------------------------------------------------------
dnl Check the argument to see that it looks like a pathname.  Rewrite it if it
dnl begins with one of the prefix/exec_prefix variables, and then again if the
dnl result begins with 'NONE'.  This is necessary to workaround autoconf's
dnl delayed evaluation of those symbols.",['workaround'],Autotool,0,1723,1727
3836,jbruchon/elks,https://github.com/jbruchon/elks/blob/d30bceb25a9f76f13bb2fd49f20f358b757c83ab/elkscmd/nano/ncurses-5.2/aclocal.m4#L2057,"dnl ---------------------------------------------------------------------------
dnl Check for definitions & structures needed for window size-changing
dnl FIXME: check that this works with ""snake"" (HP-UX 10.x)",['fixme'],Autotool,0,2057,2059
