repoIndex,repoName,linkLocation,comment,keywords,buildSysteminFile,charPosition,startLine,endLine
4023,shiftmediaproject/libgcrypt,https://github.com/shiftmediaproject/libgcrypt/blob/45e71f74bd590c2066d7ce525e71c861e174fb31/compat/Makefile.am#L21,"# We use this libcompat to work around problems with LIBOBJ stuff.
# For example, we need some of the compat files also in tests/ but the
# suggested way to do this (using the automake option subdir-objects)
# leads to problems with ""make distclean"": The distclean target in
# tests is run before the one src and it removes the deps files of the
# libobj files which are in src.  Now when it comes to run make in src
# the icnluded files are gone - bummer.  Instead of try to fix this
# issue it seems better not to use subdir-objects but build them all
# into a compat library and always link against that library.  This
# also avoids the problem that a dependency on LTLIBOBJ is not setup
# if -- disable-static was used.",['fix'],Autotool,0,21,31
4023,shiftmediaproject/libgcrypt,https://github.com/shiftmediaproject/libgcrypt/blob/45e71f74bd590c2066d7ce525e71c861e174fb31/mpi/Makefile.am#L59,"# And we need to have conditionals for all modules because
# we don't know whether they are .c or .S.  Very ugly; I know.
# Remember to define them all in configure.ac",['ugly'],Autotool,0,59,61
