repoIndex,repoName,linkLocation,comment,keywords,buildSysteminFile,charPosition,startLine,endLine
4157,tats/w3m,https://github.com/tats/w3m/blob/c515ea8a47b62408943390f579b2f377464f6658/aclocal.m4#L1230,"dnl FIXME: Not sure whether we should use
dnl ""-L$found_dir -l$name"" or ""-L$found_dir $found_so""
dnl here.",['fixme'],Autotool,22,1230,1232
4157,tats/w3m,https://github.com/tats/w3m/blob/c515ea8a47b62408943390f579b2f377464f6658/aclocal.m4#L1235,"dnl We cannot use $acl_hardcode_runpath_var and LD_RUN_PATH
dnl here, because this doesn't fit in flags passed to the
dnl compiler. So give up. No hardcoding. This affects only
dnl very old systems.
dnl FIXME: Not sure whether we should use
dnl ""-L$found_dir -l$name"" or ""-L$found_dir $found_so""
dnl here.","['fixme', 'give up']",Autotool,22,1235,1241
