repoIndex,repoName,linkLocation,comment,keywords,buildSysteminFile,charPosition,startLine,endLine
4169,rstudio/httpuv,https://github.com/rstudio/httpuv/blob/ab8d70229ed6f5bfe2059cbd56d022d55b500b1f/src/libuv/aclocal.m4#L103,"# Microsoft lib, so override with the ar-lib wrapper script.
# FIXME: It is wrong to rewrite AR.
# But if we don't then we get into trouble of one sort or another.
# A longer-term fix would be to have automake use am__AR in this case,
# and then we could set am__AR=""$am_aux_dir/ar-lib \$(AR)"" or something
# similar.","['fix', 'fixme']",Autotool,2,103,108
4169,rstudio/httpuv,https://github.com/rstudio/httpuv/blob/ab8d70229ed6f5bfe2059cbd56d022d55b500b1f/src/libuv/aclocal.m4#L405,"# Older Autoconf quotes --file arguments for eval, but not when files
# are listed without --file.  Let's play safe and only enable the eval
# if we detect the quoting.
# TODO: see whether this extra hack can be removed once we start
# requiring Autoconf 2.70 or later.","['todo', 'hack']",Autotool,2,405,409
4169,rstudio/httpuv,https://github.com/rstudio/httpuv/blob/ab8d70229ed6f5bfe2059cbd56d022d55b500b1f/src/libuv/aclocal.m4#L861,"# Losing compiler, so override with the script.
# FIXME: It is wrong to rewrite CC.
# But if we don't then we get into trouble of one sort or another.
# A longer-term fix would be to have automake use am__CC in this case,
# and then we could set am__CC=""\$(top_srcdir)/compile \$(CC)""","['fix', 'fixme']",Autotool,3,861,865
4169,rstudio/httpuv,https://github.com/rstudio/httpuv/blob/ab8d70229ed6f5bfe2059cbd56d022d55b500b1f/src/libuv/aclocal.m4#L932,"# If neither matched, then we have a broken ls.  This can happen
# if, for instance, CONFIG_SHELL is bash and it inherits a
# broken ls alias from the environment.  This has actually
# happened.  Such a system could not be considered ""sane"".",['broken'],Autotool,1,932,935
4169,rstudio/httpuv,https://github.com/rstudio/httpuv/blob/ab8d70229ed6f5bfe2059cbd56d022d55b500b1f/src/libuv/CMakeLists.txt#L75,# TODO: Place these into its own function,['todo'],CMake,0,75,75
4169,rstudio/httpuv,https://github.com/rstudio/httpuv/blob/ab8d70229ed6f5bfe2059cbd56d022d55b500b1f/src/libuv/CMakeLists.txt#L174,"# TODO: This should be replaced with find_package(Threads) if possible
# Android has pthread as part of its c library, not as a separate
# libpthread.so.",['todo'],CMake,4,174,176
4169,rstudio/httpuv,https://github.com/rstudio/httpuv/blob/ab8d70229ed6f5bfe2059cbd56d022d55b500b1f/src/libuv/CMakeLists.txt#L411,"# Small hack: use ${uv_test_sources} now to get the runner skeleton,
# before the actual tests are added.",['hack'],CMake,2,411,412
