repoIndex,repoName,linkLocation,comment,keywords,buildSysteminFile,charPosition,startLine,endLine
4181,rt-thread-studio/sdk-bsp-stm32h750-realthread-artpi,https://github.com/rt-thread-studio/sdk-bsp-stm32h750-realthread-artpi/blob/bd130bcc6bbddaeaf240faafd0d4c8cb5c752f8b/rt-thread/tools/kconfig-frontends/configure.ac#L310,"# Stupid syntax-coloring in vim: ""])",['stupid'],Autotool,15,310,310
4181,rt-thread-studio/sdk-bsp-stm32h750-realthread-artpi,https://github.com/rt-thread-studio/sdk-bsp-stm32h750-realthread-artpi/blob/bd130bcc6bbddaeaf240faafd0d4c8cb5c752f8b/rt-thread/tools/kconfig-frontends/aclocal.m4#L379,"# Microsoft lib, so override with the ar-lib wrapper script.
# FIXME: It is wrong to rewrite AR.
# But if we don't then we get into trouble of one sort or another.
# A longer-term fix would be to have automake use am__AR in this case,
# and then we could set am__AR=""$am_aux_dir/ar-lib \$(AR)"" or something
# similar.","['fix', 'fixme']",Autotool,2,379,384
4181,rt-thread-studio/sdk-bsp-stm32h750-realthread-artpi,https://github.com/rt-thread-studio/sdk-bsp-stm32h750-realthread-artpi/blob/bd130bcc6bbddaeaf240faafd0d4c8cb5c752f8b/rt-thread/tools/kconfig-frontends/aclocal.m4#L732,"# AM_OUTPUT_DEPENDENCY_COMMANDS
# -----------------------------
# This macro should only be invoked once -- use via AC_REQUIRE.
#
# This code is only required when automatic dependency tracking
# is enabled.  FIXME.  This creates each '.P' file that we will
# need in order to bootstrap the dependency handling code.",['fixme'],Autotool,0,732,738
4181,rt-thread-studio/sdk-bsp-stm32h750-realthread-artpi,https://github.com/rt-thread-studio/sdk-bsp-stm32h750-realthread-artpi/blob/bd130bcc6bbddaeaf240faafd0d4c8cb5c752f8b/rt-thread/tools/kconfig-frontends/aclocal.m4#L1139,"# Losing compiler, so override with the script.
# FIXME: It is wrong to rewrite CC.
# But if we don't then we get into trouble of one sort or another.
# A longer-term fix would be to have automake use am__CC in this case,
# and then we could set am__CC=""\$(top_srcdir)/compile \$(CC)""","['fix', 'fixme']",Autotool,3,1139,1143
4181,rt-thread-studio/sdk-bsp-stm32h750-realthread-artpi,https://github.com/rt-thread-studio/sdk-bsp-stm32h750-realthread-artpi/blob/bd130bcc6bbddaeaf240faafd0d4c8cb5c752f8b/rt-thread/tools/kconfig-frontends/aclocal.m4#L1210,"# If neither matched, then we have a broken ls.  This can happen
# if, for instance, CONFIG_SHELL is bash and it inherits a
# broken ls alias from the environment.  This has actually
# happened.  Such a system could not be considered ""sane"".",['broken'],Autotool,1,1210,1213
4181,rt-thread-studio/sdk-bsp-stm32h750-realthread-artpi,https://github.com/rt-thread-studio/sdk-bsp-stm32h750-realthread-artpi/blob/bd130bcc6bbddaeaf240faafd0d4c8cb5c752f8b/projects/art_pi_lvgl/packages/LVGL-v8.2.0/tests/CMakeLists.txt#L334,"# Some examples `#include ""lvgl/lvgl.h""` - which is a path which is not
# in this source repository. If this repo is in a directory names 'lvgl'
# then we can add our parent directory to the include path.
# TODO: This is not good practice and should be fixed.",['todo'],CMake,0,334,337
4181,rt-thread-studio/sdk-bsp-stm32h750-realthread-artpi,https://github.com/rt-thread-studio/sdk-bsp-stm32h750-realthread-artpi/blob/bd130bcc6bbddaeaf240faafd0d4c8cb5c752f8b/rt-thread/components/net/lwip/lwip-2.1.2/src/Filelists.cmake#L78,# APIFILES: The files which implement the sequential and socket APIs.,['implement'],CMake,0,78,78
