repoIndex,repoName,linkLocation,comment,keywords,buildSysteminFile,charPosition,startLine,endLine
4182,zenkovich/o2,https://github.com/zenkovich/o2/blob/161c2143068b55bed1f5c01797ed10becec7591a/Framework/3rdPartyLibs/jerryscript/CMakeLists.txt#L220,# TODO: Remove workaround for gcc 7 bug if the fallthrough comment detection is fixed.,"['todo', 'workaround']",CMake,2,220,220
4182,zenkovich/o2,https://github.com/zenkovich/o2/blob/161c2143068b55bed1f5c01797ed10becec7591a/Framework/3rdPartyLibs/jerryscript/jerry-math/CMakeLists.txt#L19,"# Compiler / linker flags
# TODO: Reduce the below list of warning/error disablings as much as possible",['todo'],CMake,0,19,20
4182,zenkovich/o2,https://github.com/zenkovich/o2/blob/161c2143068b55bed1f5c01797ed10becec7591a/Framework/3rdPartyLibs/jerryscript/jerry-port/default/CMakeLists.txt#L93,# FIXME: remove this dependency as soon as possible,['fixme'],CMake,61,93,93
