repoIndex,repoName,linkLocation,comment,keywords,buildSysteminFile,charPosition,startLine,endLine
4194,lsh123/xmlsec,https://github.com/lsh123/xmlsec/blob/6361f2f86e6d66f596fada39b58de158772260ac/docs/api/Makefile.am#L66,"#
# This script removes gtkdoc crap from final html
#",['crap'],Autotool,0,66,68
4194,lsh123/xmlsec,https://github.com/lsh123/xmlsec/blob/6361f2f86e6d66f596fada39b58de158772260ac/docs/api/Makefile.am#L104,"#
# Prepeare sgml files from sources for each library. We are also
# doing some ""magic"" here by automatically adding links to XML DSig and 
# XML Enc specification, we also remove ""Ptr"" from the end of the link
# targets to make more references.
#
# We also fix a bunch of stupid errors from gtkdoc 
#","['fix', 'stupid']",Autotool,0,104,111
4194,lsh123/xmlsec,https://github.com/lsh123/xmlsec/blob/6361f2f86e6d66f596fada39b58de158772260ac/configure.ac#L188,"dnl ==========================================================================
dnl Hack for autoconf version mismatch
dnl ==========================================================================",['hack'],Autotool,0,188,190
4194,lsh123/xmlsec,https://github.com/lsh123/xmlsec/blob/6361f2f86e6d66f596fada39b58de158772260ac/configure.ac#L276,"dnl ==========================================================================
dnl check do we have size_t and its size,
dnl TODO: will need to replace this and the xmlSecSize define with
dnl typedef on next ABI refresh
dnl ==========================================================================",['todo'],Autotool,0,276,280
4194,lsh123/xmlsec,https://github.com/lsh123/xmlsec/blob/6361f2f86e6d66f596fada39b58de158772260ac/configure.ac#L680,"#FIXME: check if lib ""dl"" is required",['fixme'],Autotool,4,680,680
