repoIndex,repoName,linkLocation,comment,keywords,buildSysteminFile,charPosition,startLine,endLine
4220,ultravnc/ultravnc,https://github.com/ultravnc/ultravnc/blob/9fda383ba24e1cecf14193802600c3bcd7e6b1fc/libjpeg-turbo-win/config.h.in#L112,"/* Define if your (broken) compiler shifts signed values as if they were
   unsigned. */",['broken'],Autotool,0,112,113
4220,ultravnc/ultravnc,https://github.com/ultravnc/ultravnc/blob/9fda383ba24e1cecf14193802600c3bcd7e6b1fc/xz/config.h.in#L410,"/* Define to 1 to use unsafe type punning, e.g. char *x = ...; *(int *)x =
   123; which violates strict aliasing rules and thus is undefined behavior
   and might result in broken code. */",['broken'],Autotool,0,410,412
4220,ultravnc/ultravnc,https://github.com/ultravnc/ultravnc/blob/9fda383ba24e1cecf14193802600c3bcd7e6b1fc/libjpeg-turbo-win/configure.ac#L262,# Check for non-broken inline under various spellings,['broken'],Autotool,0,262,262
4220,ultravnc/ultravnc,https://github.com/ultravnc/ultravnc/blob/9fda383ba24e1cecf14193802600c3bcd7e6b1fc/xz/configure.ac#L552,"# The gnulib POSIX shell macro below may pick a shell that
# doesn't work with xzgrep. Workaround by picking a shell
# that is known to work.",['workaround'],Autotool,2,552,554
4220,ultravnc/ultravnc,https://github.com/ultravnc/ultravnc/blob/9fda383ba24e1cecf14193802600c3bcd7e6b1fc/xz/configure.ac#L601,"# These are nice to have but not mandatory.
#
# FIXME: xz uses clock_gettime if it is available and can do
# it even when threading is disabled. Moving this outside
# of pthread detection may be undesirable because then
# liblzma may get linked against librt even when librt isn't
# needed by liblzma.",['fixme'],Autotool,2,601,607
4220,ultravnc/ultravnc,https://github.com/ultravnc/ultravnc/blob/9fda383ba24e1cecf14193802600c3bcd7e6b1fc/xz/configure.ac#L823,"# Enable as much warnings as possible. These commented warnings won't
# work for this package though:
#   * -Wunreachable-code breaks several assert(0) cases, which are
#     backed up with ""return LZMA_PROG_ERROR"".
#   * -Wcast-qual would break various things where we need a non-const
#     pointer although we don't modify anything through it.
#   * -Wcast-align breaks optimized CRC32 and CRC64 implementation
#     on some architectures (not on x86), where this warning is bogus,
#     because we take care of correct alignment.
#   * -Winline, -Wdisabled-optimization, -Wunsafe-loop-optimizations
#     don't seem so useful here; at least the last one gives some
#     warnings which are not bugs.",['take care'],Autotool,1,823,834
4220,ultravnc/ultravnc,https://github.com/ultravnc/ultravnc/blob/9fda383ba24e1cecf14193802600c3bcd7e6b1fc/libjpeg-turbo-win/aclocal.m4#L2229,"# FIXME - insert some real tests, host_os isn't really good enough",['fixme'],Autotool,0,2229,2229
4220,ultravnc/ultravnc,https://github.com/ultravnc/ultravnc/blob/9fda383ba24e1cecf14193802600c3bcd7e6b1fc/libjpeg-turbo-win/aclocal.m4#L2620,"# FIXME: find the short name or the path components, as spaces are
# common. (e.g. ""Program Files"" -> ""PROGRA~1"")",['fixme'],Autotool,6,2620,2621
4220,ultravnc/ultravnc,https://github.com/ultravnc/ultravnc/blob/9fda383ba24e1cecf14193802600c3bcd7e6b1fc/libjpeg-turbo-win/aclocal.m4#L2644,# FIXME: first we should search . and the directory the executable is in,['fixme'],Autotool,2,2644,2644
4220,ultravnc/ultravnc,https://github.com/ultravnc/ultravnc/blob/9fda383ba24e1cecf14193802600c3bcd7e6b1fc/libjpeg-turbo-win/aclocal.m4#L2673,"# DragonFly does not have aout.  When/if they implement a new
# versioning mechanism, adjust this.",['implement'],Autotool,2,2673,2674
4220,ultravnc/ultravnc,https://github.com/ultravnc/ultravnc/blob/9fda383ba24e1cecf14193802600c3bcd7e6b1fc/libjpeg-turbo-win/aclocal.m4#L2895,"# We used to test for /lib/ld.so.1 and disable shared libraries on
# powerpc, because MkLinux only supported shared libraries with the
# GNU dynamic linker.  Since this was broken with cross compilers,
# most powerpc-linux boxes support dynamic linking these days and
# people can always --disable-shared, the test was removed, and we
# assume the GNU/Linux dynamic linker is in use.",['broken'],Autotool,2,2895,2900
4220,ultravnc/ultravnc,https://github.com/ultravnc/ultravnc/blob/9fda383ba24e1cecf14193802600c3bcd7e6b1fc/libjpeg-turbo-win/aclocal.m4#L4228,"# FIXME: we need at least 68020 code to build shared libraries, but
# adding the '-m68020' flag to GCC prevents building anything better,
# like '-m68040'.",['fixme'],Autotool,12,4228,4230
4220,ultravnc/ultravnc,https://github.com/ultravnc/ultravnc/blob/9fda383ba24e1cecf14193802600c3bcd7e6b1fc/libjpeg-turbo-win/aclocal.m4#L4240,"# This hack is so that the source file can tell whether it is being
# built for inclusion in a dll (and should export symbols for example).
# Although the cygwin gcc ignores -fPIC, still need this for old-style
# (--disable-auto-import) libraries",['hack'],Autotool,6,4240,4243
4220,ultravnc/ultravnc,https://github.com/ultravnc/ultravnc/blob/9fda383ba24e1cecf14193802600c3bcd7e6b1fc/libjpeg-turbo-win/aclocal.m4#L4262,"# PIC is the default for Haiku.
# The ""-static"" flag exists, but is broken.",['broken'],Autotool,6,4262,4263
4220,ultravnc/ultravnc,https://github.com/ultravnc/ultravnc/blob/9fda383ba24e1cecf14193802600c3bcd7e6b1fc/libjpeg-turbo-win/aclocal.m4#L4267,"# Interix 3.x gcc -fpic/-fPIC options generate broken code.
# Instead, we relocate shared libraries at runtime.",['broken'],Autotool,6,4267,4268
4220,ultravnc/ultravnc,https://github.com/ultravnc/ultravnc/blob/9fda383ba24e1cecf14193802600c3bcd7e6b1fc/libjpeg-turbo-win/aclocal.m4#L4316,"# This hack is so that the source file can tell whether it is being
# built for inclusion in a dll (and should export symbols for example).",['hack'],Autotool,1,4316,4317
4220,ultravnc/ultravnc,https://github.com/ultravnc/ultravnc/blob/9fda383ba24e1cecf14193802600c3bcd7e6b1fc/libjpeg-turbo-win/aclocal.m4#L4551,"# FIXME: we need at least 68020 code to build shared libraries, but
# adding the '-m68020' flag to GCC prevents building anything better,
# like '-m68040'.",['fixme'],Autotool,12,4551,4553
4220,ultravnc/ultravnc,https://github.com/ultravnc/ultravnc/blob/9fda383ba24e1cecf14193802600c3bcd7e6b1fc/libjpeg-turbo-win/aclocal.m4#L4564,"# This hack is so that the source file can tell whether it is being
# built for inclusion in a dll (and should export symbols for example).
# Although the cygwin gcc ignores -fPIC, still need this for old-style
# (--disable-auto-import) libraries",['hack'],Autotool,6,4564,4567
4220,ultravnc/ultravnc,https://github.com/ultravnc/ultravnc/blob/9fda383ba24e1cecf14193802600c3bcd7e6b1fc/libjpeg-turbo-win/aclocal.m4#L4584,"# PIC is the default for Haiku.
# The ""-static"" flag exists, but is broken.",['broken'],Autotool,6,4584,4585
4220,ultravnc/ultravnc,https://github.com/ultravnc/ultravnc/blob/9fda383ba24e1cecf14193802600c3bcd7e6b1fc/libjpeg-turbo-win/aclocal.m4#L4604,"# Interix 3.x gcc -fpic/-fPIC options generate broken code.
# Instead, we relocate shared libraries at runtime.",['broken'],Autotool,6,4604,4605
4220,ultravnc/ultravnc,https://github.com/ultravnc/ultravnc/blob/9fda383ba24e1cecf14193802600c3bcd7e6b1fc/libjpeg-turbo-win/aclocal.m4#L4668,"# This hack is so that the source file can tell whether it is being
# built for inclusion in a dll (and should export symbols for example).",['hack'],Autotool,6,4668,4669
4220,ultravnc/ultravnc,https://github.com/ultravnc/ultravnc/blob/9fda383ba24e1cecf14193802600c3bcd7e6b1fc/libjpeg-turbo-win/aclocal.m4#L5073,"# On AIX/PPC, the GNU linker is very broken",['broken'],Autotool,6,5073,5073
4220,ultravnc/ultravnc,https://github.com/ultravnc/ultravnc/blob/9fda383ba24e1cecf14193802600c3bcd7e6b1fc/libjpeg-turbo-win/aclocal.m4#L5180,"# Hack: On Interix 3.x, we cannot compile PIC because of a broken gcc.
# Instead, shared libraries are loaded at an image base (0x10000000 by
# default) and relocated if they conflict, which is a slow very memory
# consuming and fragmenting process.  To avoid this, we pick a random,
# 256 KiB-aligned image base between 0x50000000 and 0x6FFC0000 at link
# time.  Moving up from 0x10000000 also allows more sbrk(2) space.","['hack', 'broken']",Autotool,6,5180,5185
4220,ultravnc/ultravnc,https://github.com/ultravnc/ultravnc/blob/9fda383ba24e1cecf14193802600c3bcd7e6b1fc/libjpeg-turbo-win/aclocal.m4#L5365,"# Neither direct hardcoding nor static linking is supported with a
# broken collect2.",['broken'],Autotool,1,5365,5366
4220,ultravnc/ultravnc,https://github.com/ultravnc/ultravnc/blob/9fda383ba24e1cecf14193802600c3bcd7e6b1fc/libjpeg-turbo-win/aclocal.m4#L5430,"# When large executables or shared objects are built, AIX ld can
# have problems creating the table of contents.  If linking a library
# or program results in ""error TOC overflow"" add -mminimal-toc to
# CXXFLAGS/CFLAGS for g++/gcc.  In the cases where that is not
# enough to fix the problem, add -Wl,-bbigtoc to LDFLAGS.",['fix'],Autotool,6,5430,5434
4220,ultravnc/ultravnc,https://github.com/ultravnc/ultravnc/blob/9fda383ba24e1cecf14193802600c3bcd7e6b1fc/libjpeg-turbo-win/aclocal.m4#L5453,"# We only want to do this on AIX 4.2 and lower, the check
# below for broken collect2 doesn't work under 4.3+",['broken'],Autotool,1,5453,5454
4220,ultravnc/ultravnc,https://github.com/ultravnc/ultravnc/blob/9fda383ba24e1cecf14193802600c3bcd7e6b1fc/libjpeg-turbo-win/aclocal.m4#L5504,"# Warning - without using the other runtime loading flags (-brtl),
# -berok will link without error, but may produce a broken library.",['broken'],Autotool,1,5504,5505
4220,ultravnc/ultravnc,https://github.com/ultravnc/ultravnc/blob/9fda383ba24e1cecf14193802600c3bcd7e6b1fc/libjpeg-turbo-win/aclocal.m4#L5522,"# Warning - without using the other run time loading flags,
# -berok will link without error, but may produce a broken library.",['broken'],Autotool,3,5522,5523
4220,ultravnc/ultravnc,https://github.com/ultravnc/ultravnc/blob/9fda383ba24e1cecf14193802600c3bcd7e6b1fc/libjpeg-turbo-win/aclocal.m4#L6087,# FIXME: we may have to deal with multi-command sequences.,['fixme'],Autotool,6,6087,6087
4220,ultravnc/ultravnc,https://github.com/ultravnc/ultravnc/blob/9fda383ba24e1cecf14193802600c3bcd7e6b1fc/libjpeg-turbo-win/aclocal.m4#L6200,"dnl FIXME: Not yet implemented
dnl _LT_TAGDECL([], [thread_safe_flag_spec], [1],
dnl    [Compiler flag to generate thread safe objects])",['fixme'],Autotool,0,6200,6202
4220,ultravnc/ultravnc,https://github.com/ultravnc/ultravnc/blob/9fda383ba24e1cecf14193802600c3bcd7e6b1fc/libjpeg-turbo-win/aclocal.m4#L6406,"# If archive_cmds runs LD, not CC, wlarc should be empty
# XXX I think wlarc can be eliminated in ltcf-cxx, but I need to
#     investigate it a little bit more. (MM)",['xxx'],Autotool,8,6406,6408
4220,ultravnc/ultravnc,https://github.com/ultravnc/ultravnc/blob/9fda383ba24e1cecf14193802600c3bcd7e6b1fc/libjpeg-turbo-win/aclocal.m4#L6446,# FIXME: insert proper C++ library support,['fixme'],Autotool,8,6446,6446
4220,ultravnc/ultravnc,https://github.com/ultravnc/ultravnc/blob/9fda383ba24e1cecf14193802600c3bcd7e6b1fc/libjpeg-turbo-win/aclocal.m4#L6497,"# When large executables or shared objects are built, AIX ld can
# have problems creating the table of contents.  If linking a library
# or program results in ""error TOC overflow"" add -mminimal-toc to
# CXXFLAGS/CFLAGS for g++/gcc.  In the cases where that is not
# enough to fix the problem, add -Wl,-bbigtoc to LDFLAGS.",['fix'],Autotool,8,6497,6501
4220,ultravnc/ultravnc,https://github.com/ultravnc/ultravnc/blob/9fda383ba24e1cecf14193802600c3bcd7e6b1fc/libjpeg-turbo-win/aclocal.m4#L6520,"# We only want to do this on AIX 4.2 and lower, the check
# below for broken collect2 doesn't work under 4.3+",['broken'],Autotool,10,6520,6521
4220,ultravnc/ultravnc,https://github.com/ultravnc/ultravnc/blob/9fda383ba24e1cecf14193802600c3bcd7e6b1fc/libjpeg-turbo-win/aclocal.m4#L6571,"# Warning - without using the other runtime loading flags (-brtl),
# -berok will link without error, but may produce a broken library.
# The ""-G"" linker flag allows undefined symbols.",['broken'],Autotool,10,6571,6573
4220,ultravnc/ultravnc,https://github.com/ultravnc/ultravnc/blob/9fda383ba24e1cecf14193802600c3bcd7e6b1fc/libjpeg-turbo-win/aclocal.m4#L6591,"# Warning - without using the other run time loading flags,
# -berok will link without error, but may produce a broken library.",['broken'],Autotool,5,6591,6592
4220,ultravnc/ultravnc,https://github.com/ultravnc/ultravnc/blob/9fda383ba24e1cecf14193802600c3bcd7e6b1fc/libjpeg-turbo-win/aclocal.m4#L6748,# FIXME: insert proper C++ library support,['fixme'],Autotool,5,6748,6748
4220,ultravnc/ultravnc,https://github.com/ultravnc/ultravnc/blob/9fda383ba24e1cecf14193802600c3bcd7e6b1fc/libjpeg-turbo-win/aclocal.m4#L6752,"# Green Hills C++ Compiler
# FIXME: insert proper C++ library support",['fixme'],Autotool,5,6752,6753
4220,ultravnc/ultravnc,https://github.com/ultravnc/ultravnc/blob/9fda383ba24e1cecf14193802600c3bcd7e6b1fc/libjpeg-turbo-win/aclocal.m4#L6757,# FIXME: insert proper C++ library support,['fixme'],Autotool,5,6757,6757
4220,ultravnc/ultravnc,https://github.com/ultravnc/ultravnc/blob/9fda383ba24e1cecf14193802600c3bcd7e6b1fc/libjpeg-turbo-win/aclocal.m4#L6764,# C++ shared libraries reported to be fairly broken before,['broken'],Autotool,8,6764,6764
4220,ultravnc/ultravnc,https://github.com/ultravnc/ultravnc/blob/9fda383ba24e1cecf14193802600c3bcd7e6b1fc/libjpeg-turbo-win/aclocal.m4#L6795,# FIXME: insert proper C++ library support,['fixme'],Autotool,12,6795,6795
4220,ultravnc/ultravnc,https://github.com/ultravnc/ultravnc/blob/9fda383ba24e1cecf14193802600c3bcd7e6b1fc/libjpeg-turbo-win/aclocal.m4#L6814,# FIXME: insert proper C++ library support,['fixme'],Autotool,14,6814,6814
4220,ultravnc/ultravnc,https://github.com/ultravnc/ultravnc/blob/9fda383ba24e1cecf14193802600c3bcd7e6b1fc/libjpeg-turbo-win/aclocal.m4#L6850,# FIXME: insert proper C++ library support,['fixme'],Autotool,5,6850,6850
4220,ultravnc/ultravnc,https://github.com/ultravnc/ultravnc/blob/9fda383ba24e1cecf14193802600c3bcd7e6b1fc/libjpeg-turbo-win/aclocal.m4#L6891,# FIXME: insert proper C++ library support,['fixme'],Autotool,7,6891,6891
4220,ultravnc/ultravnc,https://github.com/ultravnc/ultravnc/blob/9fda383ba24e1cecf14193802600c3bcd7e6b1fc/libjpeg-turbo-win/aclocal.m4#L6903,"# Hack: On Interix 3.x, we cannot compile PIC because of a broken gcc.
# Instead, shared libraries are loaded at an image base (0x10000000 by
# default) and relocated if they conflict, which is a slow very memory
# consuming and fragmenting process.  To avoid this, we pick a random,
# 256 KiB-aligned image base between 0x50000000 and 0x6FFC0000 at link
# time.  Moving up from 0x10000000 also allows more sbrk(2) space.","['hack', 'broken']",Autotool,1,6903,6908
4220,ultravnc/ultravnc,https://github.com/ultravnc/ultravnc/blob/9fda383ba24e1cecf14193802600c3bcd7e6b1fc/libjpeg-turbo-win/aclocal.m4#L7083,# FIXME: insert proper C++ library support,['fixme'],Autotool,8,7083,7083
4220,ultravnc/ultravnc,https://github.com/ultravnc/ultravnc/blob/9fda383ba24e1cecf14193802600c3bcd7e6b1fc/libjpeg-turbo-win/aclocal.m4#L7088,# FIXME: insert proper C++ library support,['fixme'],Autotool,8,7088,7088
4220,ultravnc/ultravnc,https://github.com/ultravnc/ultravnc/blob/9fda383ba24e1cecf14193802600c3bcd7e6b1fc/libjpeg-turbo-win/aclocal.m4#L7095,# FIXME: insert proper C++ library support,['fixme'],Autotool,5,7095,7095
4220,ultravnc/ultravnc,https://github.com/ultravnc/ultravnc/blob/9fda383ba24e1cecf14193802600c3bcd7e6b1fc/libjpeg-turbo-win/aclocal.m4#L7099,# FIXME: insert proper C++ library support,['fixme'],Autotool,5,7099,7099
4220,ultravnc/ultravnc,https://github.com/ultravnc/ultravnc/blob/9fda383ba24e1cecf14193802600c3bcd7e6b1fc/libjpeg-turbo-win/aclocal.m4#L7113,# Workaround some broken pre-1.5 toolchains,"['broken', 'workaround']",Autotool,1,7113,7113
4220,ultravnc/ultravnc,https://github.com/ultravnc/ultravnc/blob/9fda383ba24e1cecf14193802600c3bcd7e6b1fc/libjpeg-turbo-win/aclocal.m4#L7160,"# Rational C++ 2.4.1
# FIXME: insert proper C++ library support",['fixme'],Autotool,5,7160,7161
4220,ultravnc/ultravnc,https://github.com/ultravnc/ultravnc/blob/9fda383ba24e1cecf14193802600c3bcd7e6b1fc/libjpeg-turbo-win/aclocal.m4#L7376,"# NonStop-UX NCC 3.20
# FIXME: insert proper C++ library support",['fixme'],Autotool,5,7376,7377
4220,ultravnc/ultravnc,https://github.com/ultravnc/ultravnc/blob/9fda383ba24e1cecf14193802600c3bcd7e6b1fc/libjpeg-turbo-win/aclocal.m4#L7381,# FIXME: insert proper C++ library support,['fixme'],Autotool,5,7381,7381
4220,ultravnc/ultravnc,https://github.com/ultravnc/ultravnc/blob/9fda383ba24e1cecf14193802600c3bcd7e6b1fc/libjpeg-turbo-win/aclocal.m4#L7388,# FIXME: insert proper C++ library support,['fixme'],Autotool,8,7388,7388
4220,ultravnc/ultravnc,https://github.com/ultravnc/ultravnc/blob/9fda383ba24e1cecf14193802600c3bcd7e6b1fc/libjpeg-turbo-win/aclocal.m4#L7393,# FIXME: insert proper C++ library support,['fixme'],Autotool,8,7393,7393
4220,ultravnc/ultravnc,https://github.com/ultravnc/ultravnc/blob/9fda383ba24e1cecf14193802600c3bcd7e6b1fc/libjpeg-turbo-win/aclocal.m4#L7627,# PORTME: override above test on systems where it is broken,['broken'],Autotool,0,7627,7627
4220,ultravnc/ultravnc,https://github.com/ultravnc/ultravnc/blob/9fda383ba24e1cecf14193802600c3bcd7e6b1fc/libjpeg-turbo-win/aclocal.m4#L7631,"# Interix 3.5 installs completely hosed .la files for C++, so rather than
# hack all around it, let's just trust ""g++"" to DTRT.",['hack'],Autotool,2,7631,7632
4220,ultravnc/ultravnc,https://github.com/ultravnc/ultravnc/blob/9fda383ba24e1cecf14193802600c3bcd7e6b1fc/libjpeg-turbo-win/aclocal.m4#L8581,"# _LT_ENABLE_STATIC([DEFAULT])
# ----------------------------
# implement the --enable-static flag, and support the 'static' and
# 'disable-static' LT_INIT options.
# DEFAULT is either 'yes' or 'no'.  If omitted, it defaults to 'yes'.",['implement'],Autotool,0,8581,8585
4220,ultravnc/ultravnc,https://github.com/ultravnc/ultravnc/blob/9fda383ba24e1cecf14193802600c3bcd7e6b1fc/libjpeg-turbo-win/aclocal.m4#L8635,"# _LT_ENABLE_FAST_INSTALL([DEFAULT])
# ----------------------------------
# implement the --enable-fast-install flag, and support the 'fast-install'
# and 'disable-fast-install' LT_INIT options.
# DEFAULT is either 'yes' or 'no'.  If omitted, it defaults to 'yes'.",['implement'],Autotool,0,8635,8639
4220,ultravnc/ultravnc,https://github.com/ultravnc/ultravnc/blob/9fda383ba24e1cecf14193802600c3bcd7e6b1fc/libjpeg-turbo-win/aclocal.m4#L8744,"# _LT_WITH_PIC([MODE])
# --------------------
# implement the --with-pic flag, and support the 'pic-only' and 'no-pic'
# LT_INIT options.
# MODE is either 'yes' or 'no'.  If omitted, it defaults to 'both'.",['implement'],Autotool,0,8744,8748
4220,ultravnc/ultravnc,https://github.com/ultravnc/ultravnc/blob/9fda383ba24e1cecf14193802600c3bcd7e6b1fc/libjpeg-turbo-win/aclocal.m4#L9132,"# Microsoft lib, so override with the ar-lib wrapper script.
# FIXME: It is wrong to rewrite AR.
# But if we don't then we get into trouble of one sort or another.
# A longer-term fix would be to have automake use am__AR in this case,
# and then we could set am__AR=""$am_aux_dir/ar-lib \$(AR)"" or something
# similar.","['fix', 'fixme']",Autotool,2,9132,9137
4220,ultravnc/ultravnc,https://github.com/ultravnc/ultravnc/blob/9fda383ba24e1cecf14193802600c3bcd7e6b1fc/libjpeg-turbo-win/aclocal.m4#L9505,"# AM_OUTPUT_DEPENDENCY_COMMANDS
# -----------------------------
# This macro should only be invoked once -- use via AC_REQUIRE.
#
# This code is only required when automatic dependency tracking
# is enabled.  FIXME.  This creates each '.P' file that we will
# need in order to bootstrap the dependency handling code.",['fixme'],Autotool,0,9505,9511
4220,ultravnc/ultravnc,https://github.com/ultravnc/ultravnc/blob/9fda383ba24e1cecf14193802600c3bcd7e6b1fc/libjpeg-turbo-win/aclocal.m4#L9912,"# Losing compiler, so override with the script.
# FIXME: It is wrong to rewrite CC.
# But if we don't then we get into trouble of one sort or another.
# A longer-term fix would be to have automake use am__CC in this case,
# and then we could set am__CC=""\$(top_srcdir)/compile \$(CC)""","['fix', 'fixme']",Autotool,3,9912,9916
4220,ultravnc/ultravnc,https://github.com/ultravnc/ultravnc/blob/9fda383ba24e1cecf14193802600c3bcd7e6b1fc/libjpeg-turbo-win/aclocal.m4#L9983,"# If neither matched, then we have a broken ls.  This can happen
# if, for instance, CONFIG_SHELL is bash and it inherits a
# broken ls alias from the environment.  This has actually
# happened.  Such a system could not be considered ""sane"".",['broken'],Autotool,1,9983,9986
4220,ultravnc/ultravnc,https://github.com/ultravnc/ultravnc/blob/9fda383ba24e1cecf14193802600c3bcd7e6b1fc/xz/aclocal.m4#L365,"# Older Autoconf quotes --file arguments for eval, but not when files
# are listed without --file.  Let's play safe and only enable the eval
# if we detect the quoting.
# TODO: see whether this extra hack can be removed once we start
# requiring Autoconf 2.70 or later.","['todo', 'hack']",Autotool,2,365,369
4220,ultravnc/ultravnc,https://github.com/ultravnc/ultravnc/blob/9fda383ba24e1cecf14193802600c3bcd7e6b1fc/xz/aclocal.m4#L806,"# Losing compiler, so override with the script.
# FIXME: It is wrong to rewrite CC.
# But if we don't then we get into trouble of one sort or another.
# A longer-term fix would be to have automake use am__CC in this case,
# and then we could set am__CC=""\$(top_srcdir)/compile \$(CC)""","['fix', 'fixme']",Autotool,3,806,810
4220,ultravnc/ultravnc,https://github.com/ultravnc/ultravnc/blob/9fda383ba24e1cecf14193802600c3bcd7e6b1fc/xz/aclocal.m4#L877,"# If neither matched, then we have a broken ls.  This can happen
# if, for instance, CONFIG_SHELL is bash and it inherits a
# broken ls alias from the environment.  This has actually
# happened.  Such a system could not be considered ""sane"".",['broken'],Autotool,1,877,880
