repoIndex,repoName,linkLocation,comment,keywords,buildSysteminFile,charPosition,startLine,endLine
425,haxefoundation/neko,https://github.com/haxefoundation/neko/blob/81c4dce93405380b732e573b319b391d21fa01b6/CMakeLists.txt#L56,"# Process common headers in libraries
# TODO libraries should not be built from this file, but rather by traversing the tree using add_subdirectory
#add_subdirectory(libs)",['todo'],CMake,0,56,58
425,haxefoundation/neko,https://github.com/haxefoundation/neko/blob/81c4dce93405380b732e573b319b391d21fa01b6/libs/mod_neko/CMakeLists.txt#L6,# FIXME,['fixme'],CMake,18,6,6
425,haxefoundation/neko,https://github.com/haxefoundation/neko/blob/81c4dce93405380b732e573b319b391d21fa01b6/cmake/patch_mariadb.cmake#L19,# Fix broken syntax on newer CMake,"['fix', 'broken']",CMake,0,19,19
