repoIndex,repoName,linkLocation,comment,keywords,buildSysteminFile,charPosition,startLine,endLine
4343,inavflight/inav,https://github.com/inavflight/inav/blob/0499a2aaae656daeb111c2df360daf3744304159/src/test/unit/CMakeLists.txt#L1,"# XXX: This should come from main project once everything
# uses cmake",['xxx'],CMake,0,1,2
4343,inavflight/inav,https://github.com/inavflight/inav/blob/0499a2aaae656daeb111c2df360daf3744304159/cmake/GetGitRevisionDescription.cmake#L107,"# TODO sanitize
#if((${ARGN}"" MATCHES ""&&"") OR
#	(ARGN MATCHES ""||"") OR
#	(ARGN MATCHES ""\\;""))
#	message(""Please report the following error to the project!"")
#	message(FATAL_ERROR ""Looks like someone's doing something nefarious with git_describe! Passed arguments ${ARGN}"")
#endif()",['todo'],CMake,1,107,113
4343,inavflight/inav,https://github.com/inavflight/inav/blob/0499a2aaae656daeb111c2df360daf3744304159/cmake/main.cmake#L56,"# XXX: Don't make SETTINGS_GENERATED_C part of the build,
# since it's compiled via #include in settings.c. This will
# change once we move off PGs",['xxx'],CMake,4,56,58
4343,inavflight/inav,https://github.com/inavflight/inav/blob/0499a2aaae656daeb111c2df360daf3744304159/cmake/stm32.cmake#L45,# XXX: This code is not STM32 specific,['xxx'],CMake,0,45,45
4343,inavflight/inav,https://github.com/inavflight/inav/blob/0499a2aaae656daeb111c2df360daf3744304159/cmake/stm32.cmake#L192,"# TODO: Overriding the start address with --set-start 0x08000000
# seems to be required due to some incorrect assumptions about .hex
# files in the configurator. Verify wether that's the case and fix
# the bug in configurator or delete this comment.","['fix', 'todo']",CMake,8,192,195
4343,inavflight/inav,https://github.com/inavflight/inav/blob/0499a2aaae656daeb111c2df360daf3744304159/cmake/stm32h7-usb.cmake#L40,"#XXX: Not working yet
#list(APPEND STM32H7_USB_SRC ${STM32H7_USBMSC_SRC})",['xxx'],CMake,0,40,41
