repoIndex,repoName,linkLocation,comment,keywords,buildSysteminFile,charPosition,startLine,endLine
4355,jbush001/nyuziprocessor,https://github.com/jbush001/nyuziprocessor/blob/a5efd627ae651f7ea2addc0cb9b18f88bb3f9f4c/hardware/fpga/de2-115/CMakeLists.txt#L19,"# The working directory for these is the source dir, which means these will
# put output files in the source hierarchy even if this is an out-of-tree
# build. This is because the Quartus project file specifies relative paths.
# XXX it might be cleaner to have this generate the .qsf file.",['xxx'],CMake,0,19,22
4355,jbush001/nyuziprocessor,https://github.com/jbush001/nyuziprocessor/blob/a5efd627ae651f7ea2addc0cb9b18f88bb3f9f4c/software/apps/sceneview/CMakeLists.txt#L30,"# XXX hack. The sceneview_fsimage target is created by add_nyuzi_executable.
# Need to make an explicit dependency so it builds resource_bin first.","['xxx', 'hack']",CMake,0,30,31
4355,jbush001/nyuziprocessor,https://github.com/jbush001/nyuziprocessor/blob/a5efd627ae651f7ea2addc0cb9b18f88bb3f9f4c/software/bootrom/CMakeLists.txt#L27,"# XXX hack: the result is written into the source directory instead of build, as the
# FPGA tools don't know how to find the latter.","['xxx', 'hack']",CMake,0,27,28
4355,jbush001/nyuziprocessor,https://github.com/jbush001/nyuziprocessor/blob/a5efd627ae651f7ea2addc0cb9b18f88bb3f9f4c/tests/CMakeLists.txt#L68,# XXX only run in emulator mode for now (because of execution time),['xxx'],CMake,0,68,68
4355,jbush001/nyuziprocessor,https://github.com/jbush001/nyuziprocessor/blob/a5efd627ae651f7ea2addc0cb9b18f88bb3f9f4c/cmake/nyuzi.cmake#L74,"#
# Create emulator run script (xxx should create at cmake eval time instead of
# as a custom target).
#",['xxx'],CMake,4,74,77
4355,jbush001/nyuziprocessor,https://github.com/jbush001/nyuziprocessor/blob/a5efd627ae651f7ea2addc0cb9b18f88bb3f9f4c/cmake/nyuzi.cmake#L118,"# Kludge: file GENERATE doesn't allow setting permissions, so do it in the makefile",['kludge'],CMake,4,118,118
