repoIndex,repoName,linkLocation,comment,keywords,buildSysteminFile,charPosition,startLine,endLine
4397,pure-data/pure-data,https://github.com/pure-data/pure-data/blob/ade0160ca291f7fb010ad15c973ed7fce7e1aae5/Makefile.am#L47,"# subdirs that are built,
# mac before src due to uninstall target order kludge (see mac/Makefile.am)",['kludge'],Autotool,0,47,48
4397,pure-data/pure-data,https://github.com/pure-data/pure-data/blob/ade0160ca291f7fb010ad15c973ed7fce7e1aae5/asio/Makefile.am#L20,# hack for /asio/ASIOSDK/common/combase.h,['hack'],Autotool,0,20,20
4397,pure-data/pure-data,https://github.com/pure-data/pure-data/blob/ade0160ca291f7fb010ad15c973ed7fce7e1aae5/mac/Makefile.am#L36,"# kludge that relies on this Makefile being called *before* the src/Makefile
# since we remove empty folders in $(libdir)/pd last in the main Makefile,
# make sure multiple calls to `make uninstall` do not fail due to missing bin dir",['kludge'],Autotool,0,36,38
4397,pure-data/pure-data,https://github.com/pure-data/pure-data/blob/ade0160ca291f7fb010ad15c973ed7fce7e1aae5/portaudio/Makefile.am#L65,# hack for /asio/ASIOSDK/common/combase.h,['hack'],Autotool,0,65,65
4397,pure-data/pure-data,https://github.com/pure-data/pure-data/blob/ade0160ca291f7fb010ad15c973ed7fce7e1aae5/src/Makefile.am#L385,"# kludge, should use auto macro __APPLE__
# but who knows what externals rely on this",['kludge'],Autotool,0,385,386
4397,pure-data/pure-data,https://github.com/pure-data/pure-data/blob/ade0160ca291f7fb010ad15c973ed7fce7e1aae5/src/Makefile.am#L450,"# same as pd.exe but without -mwindows and resources
# NOTE: this is a bit ugly. I couldn't figure out how to get automake to build
# two programs with the same basename but different suffix.",['ugly'],Autotool,0,450,452
4397,pure-data/pure-data,https://github.com/pure-data/pure-data/blob/ade0160ca291f7fb010ad15c973ed7fce7e1aae5/configure.ac#L139,# workaround for rpl_malloc/rpl_realloc bug in autoconf when cross-compiling,['workaround'],Autotool,4,139,139
4397,pure-data/pure-data,https://github.com/pure-data/pure-data/blob/ade0160ca291f7fb010ad15c973ed7fce7e1aae5/configure.ac#L650,# TODO portaudio,['todo'],Autotool,0,650,650
