repoIndex,repoName,linkLocation,comment,keywords,buildSysteminFile,charPosition,startLine,endLine
4419,holzschu/ios_system,https://github.com/holzschu/ios_system/blob/bc7c2334a36a64acb78e8d23a33507754f863608/curl/curl/configure.ac#L1037,"dnl If name is ""no"" then don't define this library at all
dnl (it's only needed if libldap.so's dependencies are broken).",['broken'],Autotool,4,1037,1038
4419,holzschu/ios_system,https://github.com/holzschu/ios_system/blob/bc7c2334a36a64acb78e8d23a33507754f863608/curl/curl/configure.ac#L2298,"# Without pkg-config, we'll kludge in some defaults",['kludge'],Autotool,6,2298,2298
4419,holzschu/ios_system,https://github.com/holzschu/ios_system/blob/bc7c2334a36a64acb78e8d23a33507754f863608/less-34/less/configure.ac#L41,# Check for systems where curses is broken.,['broken'],Autotool,0,41,41
4419,holzschu/ios_system,https://github.com/holzschu/ios_system/blob/bc7c2334a36a64acb78e8d23a33507754f863608/libarchive/libarchive/configure.ac#L313,"# TODO: Give the user the option of using a pre-existing system
# libarchive.  This will define HAVE_LIBARCHIVE which will cause
# bsdtar_platform.h to use #include <...> for the libarchive headers.
# Need to include Makefile.am magic to link against system
# -larchive in that case.
#AC_CHECK_LIB(archive,archive_version)",['todo'],Autotool,0,313,318
4419,holzschu/ios_system,https://github.com/holzschu/ios_system/blob/bc7c2334a36a64acb78e8d23a33507754f863608/libarchive/libarchive/configure.ac#L348,"# If you have uintmax_t, we assume printf supports %ju
# If you have unsigned long long, we assume printf supports %llu
# TODO: Check for %ju and %llu support directly.",['todo'],Autotool,0,348,350
4419,holzschu/ios_system,https://github.com/holzschu/ios_system/blob/bc7c2334a36a64acb78e8d23a33507754f863608/libarchive/libarchive/configure.ac#L359,"# TODO: If any of these are missing, define them right here.",['todo'],Autotool,0,359,359
4419,holzschu/ios_system,https://github.com/holzschu/ios_system/blob/bc7c2334a36a64acb78e8d23a33507754f863608/curl/curl/aclocal.m4#L396,"# AM_OUTPUT_DEPENDENCY_COMMANDS
# -----------------------------
# This macro should only be invoked once -- use via AC_REQUIRE.
#
# This code is only required when automatic dependency tracking
# is enabled.  FIXME.  This creates each '.P' file that we will
# need in order to bootstrap the dependency handling code.",['fixme'],Autotool,0,396,402
4419,holzschu/ios_system,https://github.com/holzschu/ios_system/blob/bc7c2334a36a64acb78e8d23a33507754f863608/curl/curl/aclocal.m4#L839,"# Losing compiler, so override with the script.
# FIXME: It is wrong to rewrite CC.
# But if we don't then we get into trouble of one sort or another.
# A longer-term fix would be to have automake use am__CC in this case,
# and then we could set am__CC=""\$(top_srcdir)/compile \$(CC)""","['fix', 'fixme']",Autotool,3,839,843
4419,holzschu/ios_system,https://github.com/holzschu/ios_system/blob/bc7c2334a36a64acb78e8d23a33507754f863608/curl/curl/aclocal.m4#L910,"# If neither matched, then we have a broken ls.  This can happen
# if, for instance, CONFIG_SHELL is bash and it inherits a
# broken ls alias from the environment.  This has actually
# happened.  Such a system could not be considered ""sane"".",['broken'],Autotool,1,910,913
4419,holzschu/ios_system,https://github.com/holzschu/ios_system/blob/bc7c2334a36a64acb78e8d23a33507754f863608/libarchive/libarchive/aclocal.m4#L561,# Fix-up fallback echo if it was mangled by the above quoting rules.,['fix'],Autotool,0,561,561
4419,holzschu/ios_system,https://github.com/holzschu/ios_system/blob/bc7c2334a36a64acb78e8d23a33507754f863608/libarchive/libarchive/aclocal.m4#L2025,"# FIXME - insert some real tests, host_os isn't really good enough",['fixme'],Autotool,0,2025,2025
4419,holzschu/ios_system,https://github.com/holzschu/ios_system/blob/bc7c2334a36a64acb78e8d23a33507754f863608/libarchive/libarchive/aclocal.m4#L2276,# FIXME: first we should search . and the directory the executable is in,['fixme'],Autotool,2,2276,2276
4419,holzschu/ios_system,https://github.com/holzschu/ios_system/blob/bc7c2334a36a64acb78e8d23a33507754f863608/libarchive/libarchive/aclocal.m4#L2309,"# DragonFly does not have aout.  When/if they implement a new
# versioning mechanism, adjust this.",['implement'],Autotool,2,2309,2310
4419,holzschu/ios_system,https://github.com/holzschu/ios_system/blob/bc7c2334a36a64acb78e8d23a33507754f863608/libarchive/libarchive/aclocal.m4#L2494,"# We used to test for /lib/ld.so.1 and disable shared libraries on
# powerpc, because MkLinux only supported shared libraries with the
# GNU dynamic linker.  Since this was broken with cross compilers,
# most powerpc-linux boxes support dynamic linking these days and
# people can always --disable-shared, the test was removed, and we
# assume the GNU/Linux dynamic linker is in use.",['broken'],Autotool,2,2494,2499
4419,holzschu/ios_system,https://github.com/holzschu/ios_system/blob/bc7c2334a36a64acb78e8d23a33507754f863608/libarchive/libarchive/aclocal.m4#L3578,"# FIXME: we need at least 68020 code to build shared libraries, but
# adding the `-m68020' flag to GCC prevents building anything better,
# like `-m68040'.",['fixme'],Autotool,12,3578,3580
4419,holzschu/ios_system,https://github.com/holzschu/ios_system/blob/bc7c2334a36a64acb78e8d23a33507754f863608/libarchive/libarchive/aclocal.m4#L3590,"# This hack is so that the source file can tell whether it is being
# built for inclusion in a dll (and should export symbols for example).
# Although the cygwin gcc ignores -fPIC, still need this for old-style
# (--disable-auto-import) libraries",['hack'],Autotool,6,3590,3593
4419,holzschu/ios_system,https://github.com/holzschu/ios_system/blob/bc7c2334a36a64acb78e8d23a33507754f863608/libarchive/libarchive/aclocal.m4#L3607,"# Interix 3.x gcc -fpic/-fPIC options generate broken code.
# Instead, we relocate shared libraries at runtime.",['broken'],Autotool,6,3607,3608
4419,holzschu/ios_system,https://github.com/holzschu/ios_system/blob/bc7c2334a36a64acb78e8d23a33507754f863608/libarchive/libarchive/aclocal.m4#L3884,"# FIXME: we need at least 68020 code to build shared libraries, but
# adding the `-m68020' flag to GCC prevents building anything better,
# like `-m68040'.",['fixme'],Autotool,12,3884,3886
4419,holzschu/ios_system,https://github.com/holzschu/ios_system/blob/bc7c2334a36a64acb78e8d23a33507754f863608/libarchive/libarchive/aclocal.m4#L3897,"# This hack is so that the source file can tell whether it is being
# built for inclusion in a dll (and should export symbols for example).
# Although the cygwin gcc ignores -fPIC, still need this for old-style
# (--disable-auto-import) libraries",['hack'],Autotool,6,3897,3900
4419,holzschu/ios_system,https://github.com/holzschu/ios_system/blob/bc7c2334a36a64acb78e8d23a33507754f863608/libarchive/libarchive/aclocal.m4#L3926,"# Interix 3.x gcc -fpic/-fPIC options generate broken code.
# Instead, we relocate shared libraries at runtime.",['broken'],Autotool,6,3926,3927
4419,holzschu/ios_system,https://github.com/holzschu/ios_system/blob/bc7c2334a36a64acb78e8d23a33507754f863608/libarchive/libarchive/aclocal.m4#L3967,"# This hack is so that the source file can tell whether it is being
# built for inclusion in a dll (and should export symbols for example).",['hack'],Autotool,6,3967,3968
4419,holzschu/ios_system,https://github.com/holzschu/ios_system/blob/bc7c2334a36a64acb78e8d23a33507754f863608/libarchive/libarchive/aclocal.m4#L4295,"# On AIX/PPC, the GNU linker is very broken",['broken'],Autotool,6,4295,4295
4419,holzschu/ios_system,https://github.com/holzschu/ios_system/blob/bc7c2334a36a64acb78e8d23a33507754f863608/libarchive/libarchive/aclocal.m4#L4366,"# Hack: On Interix 3.x, we cannot compile PIC because of a broken gcc.
# Instead, shared libraries are loaded at an image base (0x10000000 by
# default) and relocated if they conflict, which is a slow very memory
# consuming and fragmenting process.  To avoid this, we pick a random,
# 256 KiB-aligned image base between 0x50000000 and 0x6FFC0000 at link
# time.  Moving up from 0x10000000 also allows more sbrk(2) space.","['hack', 'broken']",Autotool,6,4366,4371
4419,holzschu/ios_system,https://github.com/holzschu/ios_system/blob/bc7c2334a36a64acb78e8d23a33507754f863608/libarchive/libarchive/aclocal.m4#L4542,"# Neither direct hardcoding nor static linking is supported with a
# broken collect2.",['broken'],Autotool,1,4542,4543
4419,holzschu/ios_system,https://github.com/holzschu/ios_system/blob/bc7c2334a36a64acb78e8d23a33507754f863608/libarchive/libarchive/aclocal.m4#L4582,"# When large executables or shared objects are built, AIX ld can
# have problems creating the table of contents.  If linking a library
# or program results in ""error TOC overflow"" add -mminimal-toc to
# CXXFLAGS/CFLAGS for g++/gcc.  In the cases where that is not
# enough to fix the problem, add -Wl,-bbigtoc to LDFLAGS.",['fix'],Autotool,6,4582,4586
4419,holzschu/ios_system,https://github.com/holzschu/ios_system/blob/bc7c2334a36a64acb78e8d23a33507754f863608/libarchive/libarchive/aclocal.m4#L4597,"# We only want to do this on AIX 4.2 and lower, the check
# below for broken collect2 doesn't work under 4.3+",['broken'],Autotool,1,4597,4598
4419,holzschu/ios_system,https://github.com/holzschu/ios_system/blob/bc7c2334a36a64acb78e8d23a33507754f863608/libarchive/libarchive/aclocal.m4#L4641,"# Warning - without using the other runtime loading flags (-brtl),
# -berok will link without error, but may produce a broken library.",['broken'],Autotool,1,4641,4642
4419,holzschu/ios_system,https://github.com/holzschu/ios_system/blob/bc7c2334a36a64acb78e8d23a33507754f863608/libarchive/libarchive/aclocal.m4#L4659,"# Warning - without using the other run time loading flags,
# -berok will link without error, but may produce a broken library.",['broken'],Autotool,3,4659,4660
4419,holzschu/ios_system,https://github.com/holzschu/ios_system/blob/bc7c2334a36a64acb78e8d23a33507754f863608/libarchive/libarchive/aclocal.m4#L4702,# FIXME: Setting linknames here is a bad hack.,"['hack', 'fixme']",Autotool,6,4702,4702
4419,holzschu/ios_system,https://github.com/holzschu/ios_system/blob/bc7c2334a36a64acb78e8d23a33507754f863608/libarchive/libarchive/aclocal.m4#L5123,# FIXME: we may have to deal with multi-command sequences.,['fixme'],Autotool,6,5123,5123
4419,holzschu/ios_system,https://github.com/holzschu/ios_system/blob/bc7c2334a36a64acb78e8d23a33507754f863608/libarchive/libarchive/aclocal.m4#L5237,"dnl FIXME: Not yet implemented
dnl _LT_TAGDECL([], [thread_safe_flag_spec], [1],
dnl    [Compiler flag to generate thread safe objects])",['fixme'],Autotool,0,5237,5239
4419,holzschu/ios_system,https://github.com/holzschu/ios_system/blob/bc7c2334a36a64acb78e8d23a33507754f863608/libarchive/libarchive/aclocal.m4#L5324,"# _LT_PROG_CXX
# ------------
# Since AC_PROG_CXX is broken, in that it returns g++ if there is no c++
# compiler, we have our own version here.",['broken'],Autotool,0,5324,5327
4419,holzschu/ios_system,https://github.com/holzschu/ios_system/blob/bc7c2334a36a64acb78e8d23a33507754f863608/libarchive/libarchive/aclocal.m4#L5451,"# If archive_cmds runs LD, not CC, wlarc should be empty
# XXX I think wlarc can be eliminated in ltcf-cxx, but I need to
#     investigate it a little bit more. (MM)",['xxx'],Autotool,8,5451,5453
4419,holzschu/ios_system,https://github.com/holzschu/ios_system/blob/bc7c2334a36a64acb78e8d23a33507754f863608/libarchive/libarchive/aclocal.m4#L5491,# FIXME: insert proper C++ library support,['fixme'],Autotool,8,5491,5491
4419,holzschu/ios_system,https://github.com/holzschu/ios_system/blob/bc7c2334a36a64acb78e8d23a33507754f863608/libarchive/libarchive/aclocal.m4#L5523,"# When large executables or shared objects are built, AIX ld can
# have problems creating the table of contents.  If linking a library
# or program results in ""error TOC overflow"" add -mminimal-toc to
# CXXFLAGS/CFLAGS for g++/gcc.  In the cases where that is not
# enough to fix the problem, add -Wl,-bbigtoc to LDFLAGS.",['fix'],Autotool,8,5523,5527
4419,holzschu/ios_system,https://github.com/holzschu/ios_system/blob/bc7c2334a36a64acb78e8d23a33507754f863608/libarchive/libarchive/aclocal.m4#L5538,"# We only want to do this on AIX 4.2 and lower, the check
# below for broken collect2 doesn't work under 4.3+",['broken'],Autotool,10,5538,5539
4419,holzschu/ios_system,https://github.com/holzschu/ios_system/blob/bc7c2334a36a64acb78e8d23a33507754f863608/libarchive/libarchive/aclocal.m4#L5582,"# Warning - without using the other runtime loading flags (-brtl),
# -berok will link without error, but may produce a broken library.",['broken'],Autotool,10,5582,5583
4419,holzschu/ios_system,https://github.com/holzschu/ios_system/blob/bc7c2334a36a64acb78e8d23a33507754f863608/libarchive/libarchive/aclocal.m4#L5601,"# Warning - without using the other run time loading flags,
# -berok will link without error, but may produce a broken library.",['broken'],Autotool,5,5601,5602
4419,holzschu/ios_system,https://github.com/holzschu/ios_system/blob/bc7c2334a36a64acb78e8d23a33507754f863608/libarchive/libarchive/aclocal.m4#L5665,# FIXME: insert proper C++ library support,['fixme'],Autotool,5,5665,5665
4419,holzschu/ios_system,https://github.com/holzschu/ios_system/blob/bc7c2334a36a64acb78e8d23a33507754f863608/libarchive/libarchive/aclocal.m4#L5669,"# Green Hills C++ Compiler
# FIXME: insert proper C++ library support",['fixme'],Autotool,5,5669,5670
4419,holzschu/ios_system,https://github.com/holzschu/ios_system/blob/bc7c2334a36a64acb78e8d23a33507754f863608/libarchive/libarchive/aclocal.m4#L5674,# FIXME: insert proper C++ library support,['fixme'],Autotool,5,5674,5674
4419,holzschu/ios_system,https://github.com/holzschu/ios_system/blob/bc7c2334a36a64acb78e8d23a33507754f863608/libarchive/libarchive/aclocal.m4#L5681,# C++ shared libraries reported to be fairly broken before,['broken'],Autotool,8,5681,5681
4419,holzschu/ios_system,https://github.com/holzschu/ios_system/blob/bc7c2334a36a64acb78e8d23a33507754f863608/libarchive/libarchive/aclocal.m4#L5710,# FIXME: insert proper C++ library support,['fixme'],Autotool,12,5710,5710
4419,holzschu/ios_system,https://github.com/holzschu/ios_system/blob/bc7c2334a36a64acb78e8d23a33507754f863608/libarchive/libarchive/aclocal.m4#L5729,# FIXME: insert proper C++ library support,['fixme'],Autotool,14,5729,5729
4419,holzschu/ios_system,https://github.com/holzschu/ios_system/blob/bc7c2334a36a64acb78e8d23a33507754f863608/libarchive/libarchive/aclocal.m4#L5765,# FIXME: insert proper C++ library support,['fixme'],Autotool,5,5765,5765
4419,holzschu/ios_system,https://github.com/holzschu/ios_system/blob/bc7c2334a36a64acb78e8d23a33507754f863608/libarchive/libarchive/aclocal.m4#L5806,# FIXME: insert proper C++ library support,['fixme'],Autotool,7,5806,5806
4419,holzschu/ios_system,https://github.com/holzschu/ios_system/blob/bc7c2334a36a64acb78e8d23a33507754f863608/libarchive/libarchive/aclocal.m4#L5818,"# Hack: On Interix 3.x, we cannot compile PIC because of a broken gcc.
# Instead, shared libraries are loaded at an image base (0x10000000 by
# default) and relocated if they conflict, which is a slow very memory
# consuming and fragmenting process.  To avoid this, we pick a random,
# 256 KiB-aligned image base between 0x50000000 and 0x6FFC0000 at link
# time.  Moving up from 0x10000000 also allows more sbrk(2) space.","['hack', 'broken']",Autotool,1,5818,5823
4419,holzschu/ios_system,https://github.com/holzschu/ios_system/blob/bc7c2334a36a64acb78e8d23a33507754f863608/libarchive/libarchive/aclocal.m4#L5998,# FIXME: insert proper C++ library support,['fixme'],Autotool,8,5998,5998
4419,holzschu/ios_system,https://github.com/holzschu/ios_system/blob/bc7c2334a36a64acb78e8d23a33507754f863608/libarchive/libarchive/aclocal.m4#L6003,# FIXME: insert proper C++ library support,['fixme'],Autotool,8,6003,6003
4419,holzschu/ios_system,https://github.com/holzschu/ios_system/blob/bc7c2334a36a64acb78e8d23a33507754f863608/libarchive/libarchive/aclocal.m4#L6010,# FIXME: insert proper C++ library support,['fixme'],Autotool,5,6010,6010
4419,holzschu/ios_system,https://github.com/holzschu/ios_system/blob/bc7c2334a36a64acb78e8d23a33507754f863608/libarchive/libarchive/aclocal.m4#L6014,# FIXME: insert proper C++ library support,['fixme'],Autotool,5,6014,6014
4419,holzschu/ios_system,https://github.com/holzschu/ios_system/blob/bc7c2334a36a64acb78e8d23a33507754f863608/libarchive/libarchive/aclocal.m4#L6028,# Workaround some broken pre-1.5 toolchains,"['broken', 'workaround']",Autotool,1,6028,6028
4419,holzschu/ios_system,https://github.com/holzschu/ios_system/blob/bc7c2334a36a64acb78e8d23a33507754f863608/libarchive/libarchive/aclocal.m4#L6080,"# Rational C++ 2.4.1
# FIXME: insert proper C++ library support",['fixme'],Autotool,5,6080,6081
4419,holzschu/ios_system,https://github.com/holzschu/ios_system/blob/bc7c2334a36a64acb78e8d23a33507754f863608/libarchive/libarchive/aclocal.m4#L6292,"# NonStop-UX NCC 3.20
# FIXME: insert proper C++ library support",['fixme'],Autotool,5,6292,6293
4419,holzschu/ios_system,https://github.com/holzschu/ios_system/blob/bc7c2334a36a64acb78e8d23a33507754f863608/libarchive/libarchive/aclocal.m4#L6297,# FIXME: insert proper C++ library support,['fixme'],Autotool,5,6297,6297
4419,holzschu/ios_system,https://github.com/holzschu/ios_system/blob/bc7c2334a36a64acb78e8d23a33507754f863608/libarchive/libarchive/aclocal.m4#L6304,# FIXME: insert proper C++ library support,['fixme'],Autotool,8,6304,6304
4419,holzschu/ios_system,https://github.com/holzschu/ios_system/blob/bc7c2334a36a64acb78e8d23a33507754f863608/libarchive/libarchive/aclocal.m4#L6309,# FIXME: insert proper C++ library support,['fixme'],Autotool,8,6309,6309
4419,holzschu/ios_system,https://github.com/holzschu/ios_system/blob/bc7c2334a36a64acb78e8d23a33507754f863608/libarchive/libarchive/aclocal.m4#L6492,# PORTME: override above test on systems where it is broken,['broken'],Autotool,0,6492,6492
4419,holzschu/ios_system,https://github.com/holzschu/ios_system/blob/bc7c2334a36a64acb78e8d23a33507754f863608/libarchive/libarchive/aclocal.m4#L6496,"# Interix 3.5 installs completely hosed .la files for C++, so rather than
# hack all around it, let's just trust ""g++"" to DTRT.",['hack'],Autotool,2,6496,6497
4419,holzschu/ios_system,https://github.com/holzschu/ios_system/blob/bc7c2334a36a64acb78e8d23a33507754f863608/libarchive/libarchive/aclocal.m4#L6571,"# _LT_PROG_F77
# ------------
# Since AC_PROG_F77 is broken, in that it returns the empty string
# if there is no fortran compiler, we have our own version here.",['broken'],Autotool,0,6571,6574
4419,holzschu/ios_system,https://github.com/holzschu/ios_system/blob/bc7c2334a36a64acb78e8d23a33507754f863608/libarchive/libarchive/aclocal.m4#L6714,"# _LT_PROG_FC
# -----------
# Since AC_PROG_FC is broken, in that it returns the empty string
# if there is no fortran compiler, we have our own version here.",['broken'],Autotool,0,6714,6717
4419,holzschu/ios_system,https://github.com/holzschu/ios_system/blob/bc7c2334a36a64acb78e8d23a33507754f863608/libarchive/libarchive/aclocal.m4#L7517,"# _LT_ENABLE_SHARED([DEFAULT])
# ----------------------------
# implement the --enable-shared flag, and supports the `shared' and
# `disable-shared' LT_INIT options.
# DEFAULT is either `yes' or `no'.  If omitted, it defaults to `yes'.",['implement'],Autotool,0,7517,7521
4419,holzschu/ios_system,https://github.com/holzschu/ios_system/blob/bc7c2334a36a64acb78e8d23a33507754f863608/libarchive/libarchive/aclocal.m4#L7571,"# _LT_ENABLE_STATIC([DEFAULT])
# ----------------------------
# implement the --enable-static flag, and support the `static' and
# `disable-static' LT_INIT options.
# DEFAULT is either `yes' or `no'.  If omitted, it defaults to `yes'.",['implement'],Autotool,0,7571,7575
4419,holzschu/ios_system,https://github.com/holzschu/ios_system/blob/bc7c2334a36a64acb78e8d23a33507754f863608/libarchive/libarchive/aclocal.m4#L7625,"# _LT_ENABLE_FAST_INSTALL([DEFAULT])
# ----------------------------------
# implement the --enable-fast-install flag, and support the `fast-install'
# and `disable-fast-install' LT_INIT options.
# DEFAULT is either `yes' or `no'.  If omitted, it defaults to `yes'.",['implement'],Autotool,0,7625,7629
4419,holzschu/ios_system,https://github.com/holzschu/ios_system/blob/bc7c2334a36a64acb78e8d23a33507754f863608/libarchive/libarchive/aclocal.m4#L7681,"# _LT_WITH_PIC([MODE])
# --------------------
# implement the --with-pic flag, and support the `pic-only' and `no-pic'
# LT_INIT options.
# MODE is either `yes' or `no'.  If omitted, it defaults to `both'.",['implement'],Autotool,0,7681,7685
4419,holzschu/ios_system,https://github.com/holzschu/ios_system/blob/bc7c2334a36a64acb78e8d23a33507754f863608/libarchive/libarchive/aclocal.m4#L7886,"# These exist entirely to fool aclocal when bootstrapping libtool.
#
# In the past libtool.m4 has provided macros via AC_DEFUN (or AU_DEFUN)
# which have later been changed to m4_define as they aren't part of the
# exported API, or moved to Autoconf or Automake where they belong.
#
# The trouble is, aclocal is a bit thick.  It'll see the old AC_DEFUN
# in /usr/share/aclocal/libtool.m4 and remember it, then when it sees us
# using a macro with the same name in our local m4/libtool.m4 it'll
# pull the old libtool.m4 in (it doesn't see our shiny new m4_define
# and doesn't know about Autoconf macros at all.)
#
# So we provide this file, which has a silly filename so it's always
# included after everything else.  This provides aclocal with the
# AC_DEFUNs it wants, but when m4 processes it, it doesn't do anything
# because those macros already exist, or will be overwritten later.
# We use AC_DEFUN over AU_DEFUN for compatibility with aclocal-1.6. 
#
# Anytime we withdraw an AC_DEFUN or AU_DEFUN, remember to add it here.
# Yes, that means every name once taken will need to remain here until
# we give up compatibility with versions before 1.7, at which point
# we need to keep only those names which we still refer to.","['silly', 'give up']",Autotool,0,7886,7907
4419,holzschu/ios_system,https://github.com/holzschu/ios_system/blob/bc7c2334a36a64acb78e8d23a33507754f863608/libarchive/libarchive/aclocal.m4#L8306,"# AM_OUTPUT_DEPENDENCY_COMMANDS
# -----------------------------
# This macro should only be invoked once -- use via AC_REQUIRE.
#
# This code is only required when automatic dependency tracking
# is enabled.  FIXME.  This creates each `.P' file that we will
# need in order to bootstrap the dependency handling code.",['fixme'],Autotool,0,8306,8312
4419,holzschu/ios_system,https://github.com/holzschu/ios_system/blob/bc7c2334a36a64acb78e8d23a33507754f863608/libarchive/libarchive/aclocal.m4#L8548,"# FIXME: we rely on the cache variable name because
# there is no other way.",['fixme'],Autotool,0,8548,8549
4419,holzschu/ios_system,https://github.com/holzschu/ios_system/blob/bc7c2334a36a64acb78e8d23a33507754f863608/libarchive/libarchive/aclocal.m4#L8553,"# Losing compiler, so override with the script.
# FIXME: It is wrong to rewrite CC.
# But if we don't then we get into trouble of one sort or another.
# A longer-term fix would be to have automake use am__CC in this case,
# and then we could set am__CC=""\$(top_srcdir)/compile \$(CC)""","['fix', 'fixme']",Autotool,3,8553,8557
4419,holzschu/ios_system,https://github.com/holzschu/ios_system/blob/bc7c2334a36a64acb78e8d23a33507754f863608/libarchive/libarchive/aclocal.m4#L8694,"# If neither matched, then we have a broken ls.  This can happen
# if, for instance, CONFIG_SHELL is bash and it inherits a
# broken ls alias from the environment.  This has actually
# happened.  Such a system could not be considered ""sane"".",['broken'],Autotool,6,8694,8697
4419,holzschu/ios_system,https://github.com/holzschu/ios_system/blob/bc7c2334a36a64acb78e8d23a33507754f863608/curl/curl/CMakeLists.txt#L25,"# TODO:
# The output .so file lacks the soname number which we currently have within the lib/Makefile.am file
# Add full (4 or 5 libs) SSL support
# Add INSTALL target (EXTRA_DIST variables in Makefile.am may be moved to Makefile.inc so that CMake/CPack is aware of what's to include).
# Add CTests(?)
# Check on all possible platforms
# Test with as many configurations possible (With or without any option)
# Create scripts that help keeping the CMake build system up to date (to reduce maintenance). According to Tetetest:
#  - lists of headers that 'configure' checks for;
#  - curl-specific tests (the ones that are in m4/curl-*.m4 files);
#  - (most obvious thing:) curl version numbers.
# Add documentation subproject
#
# To check:
# (From Daniel Stenberg) The cmake build selected to run gcc with -fPIC on my box while the plain configure script did not.
# (From Daniel Stenberg) The gcc command line use neither -g nor any -O options. As a developer, I also treasure our configure scripts's --enable-debug option that sets a long range of ""picky"" compiler options.",['todo'],CMake,0,25,40
4419,holzschu/ios_system,https://github.com/holzschu/ios_system/blob/bc7c2334a36a64acb78e8d23a33507754f863608/curl/curl/CMakeLists.txt#L198,# TODO: cache NROFF/NROFF_MANOPT/USE_MANUAL vars?,['todo'],CMake,24,198,198
4419,holzschu/ios_system,https://github.com/holzschu/ios_system/blob/bc7c2334a36a64acb78e8d23a33507754f863608/curl/curl/CMakeLists.txt#L299,"# check SSL libraries
# TODO support GNUTLS, NSS, POLARSSL, AXTLS, CYASSL",['todo'],CMake,0,299,300
4419,holzschu/ios_system,https://github.com/holzschu/ios_system/blob/bc7c2334a36a64acb78e8d23a33507754f863608/curl/curl/CMakeLists.txt#L762,# TODO: need adjustment here.,['todo'],CMake,2,762,762
4419,holzschu/ios_system,https://github.com/holzschu/ios_system/blob/bc7c2334a36a64acb78e8d23a33507754f863608/curl/curl/CMakeLists.txt#L787,"# poll on macOS is unreliable, it first did not exist, then was broken until
# fixed in 10.9 only to break again in 10.12.",['broken'],CMake,0,787,788
4419,holzschu/ios_system,https://github.com/holzschu/ios_system/blob/bc7c2334a36a64acb78e8d23a33507754f863608/curl/curl/CMakeLists.txt#L978,# Fix libz / zlib.h,['fix'],CMake,0,978,978
4419,holzschu/ios_system,https://github.com/holzschu/ios_system/blob/bc7c2334a36a64acb78e8d23a33507754f863608/curl/curl/CMakeLists.txt#L1042,# TODO test which of these headers are required for the typedefs used in curlbuild.h,['todo'],CMake,0,1042,1042
4419,holzschu/ios_system,https://github.com/holzschu/ios_system/blob/bc7c2334a36a64acb78e8d23a33507754f863608/curl/curl/CMakeLists.txt#L1071,"# Ugly (but functional) way to include ""Makefile.inc"" by transforming it (= regenerate it).",['ugly'],CMake,0,1071,1071
4419,holzschu/ios_system,https://github.com/holzschu/ios_system/blob/bc7c2334a36a64acb78e8d23a33507754f863608/curl/curl/CMakeLists.txt#L1101,# TODO need to disable policy CMP0054 (CMake 3.1) to allow this indirection,['todo'],CMake,2,1101,1101
4419,holzschu/ios_system,https://github.com/holzschu/ios_system/blob/bc7c2334a36a64acb78e8d23a33507754f863608/curl/curl/CMakeLists.txt#L1120,# TODO SSP1 (WinSSL) check is missing,['todo'],CMake,0,1120,1120
4419,holzschu/ios_system,https://github.com/holzschu/ios_system/blob/bc7c2334a36a64acb78e8d23a33507754f863608/curl/curl/CMakeLists.txt#L1123,# TODO SSP1 missing for SPNEGO,['todo'],CMake,0,1123,1123
4419,holzschu/ios_system,https://github.com/holzschu/ios_system/blob/bc7c2334a36a64acb78e8d23a33507754f863608/curl/curl/CMakeLists.txt#L1128,"# NTLM support requires crypto function adaptions from various SSL libs
# TODO alternative SSL libs tests for SSP1, GNUTLS, NSS",['todo'],CMake,0,1128,1129
4419,holzschu/ios_system,https://github.com/holzschu/ios_system/blob/bc7c2334a36a64acb78e8d23a33507754f863608/curl/curl/CMakeLists.txt#L1133,# TODO missing option (autoconf: --enable-ntlm-wb),['todo'],CMake,2,1133,1133
4419,holzschu/ios_system,https://github.com/holzschu/ios_system/blob/bc7c2334a36a64acb78e8d23a33507754f863608/curl/curl/CMakeLists.txt#L1136,"# TODO missing option (--enable-tls-srp), depends on GNUTLS_SRP/OPENSSL_SRP",['todo'],CMake,0,1136,1136
4419,holzschu/ios_system,https://github.com/holzschu/ios_system/blob/bc7c2334a36a64acb78e8d23a33507754f863608/curl/curl/CMakeLists.txt#L1138,# TODO option --with-nghttp2 tests for nghttp2 lib and nghttp2/nghttp2.h header,['todo'],CMake,0,1138,1138
4419,holzschu/ios_system,https://github.com/holzschu/ios_system/blob/bc7c2334a36a64acb78e8d23a33507754f863608/curl/curl/CMakeLists.txt#L1152,"# CURL_DISABLE_LDAP implies CURL_DISABLE_LDAPS
# TODO check HAVE_LDAP_SSL (in autoconf this is enabled with --enable-ldaps)",['todo'],CMake,0,1152,1153
4419,holzschu/ios_system,https://github.com/holzschu/ios_system/blob/bc7c2334a36a64acb78e8d23a33507754f863608/curl/curl/CMakeLists.txt#L1176,# TODO probably put a -D... options here?,['todo'],CMake,0,1176,1176
4419,holzschu/ios_system,https://github.com/holzschu/ios_system/blob/bc7c2334a36a64acb78e8d23a33507754f863608/curl/curl/CMakeLists.txt#L1178,"# TODO when to set ""-DCURL_STATICLIB"" for CPPFLAG_CURL_STATICLIB?",['todo'],CMake,0,1178,1178
4419,holzschu/ios_system,https://github.com/holzschu/ios_system/blob/bc7c2334a36a64acb78e8d23a33507754f863608/curl/curl/CMakeLists.txt#L1180,# TODO need to set this (see CURL_CHECK_CA_BUNDLE in acinclude.m4),['todo'],CMake,0,1180,1180
4419,holzschu/ios_system,https://github.com/holzschu/ios_system/blob/bc7c2334a36a64acb78e8d23a33507754f863608/curl/curl/CMakeLists.txt#L1242,"# Workaround for MSVS10 to avoid the Dialog Hell
# FIXME: This could be removed with future version of CMake.","['fixme', 'workaround']",CMake,0,1242,1243
4419,holzschu/ios_system,https://github.com/holzschu/ios_system/blob/bc7c2334a36a64acb78e8d23a33507754f863608/curl/curl/docs/libcurl/CMakeLists.txt#L23,# XXX any reason why groff -Tpdf (for gropdf) is not used?,['xxx'],CMake,4,23,23
4419,holzschu/ios_system,https://github.com/holzschu/ios_system/blob/bc7c2334a36a64acb78e8d23a33507754f863608/curl/curl/tests/libtest/CMakeLists.txt#L38,"# Allows for hostname override to make tests machine independent.
# TODO this cmake build assumes a shared build, detect static linking here!",['todo'],CMake,0,38,39
4419,holzschu/ios_system,https://github.com/holzschu/ios_system/blob/bc7c2334a36a64acb78e8d23a33507754f863608/curl/curl/tests/unit/CMakeLists.txt#L13,"# Broken link on Linux
#  unit1394.c",['broken'],CMake,0,13,14
4419,holzschu/ios_system,https://github.com/holzschu/ios_system/blob/bc7c2334a36a64acb78e8d23a33507754f863608/curl/curl/tests/unit/CMakeLists.txt#L22,"# Broken link on Linux
#  unit1604.c",['broken'],CMake,0,22,23
4419,holzschu/ios_system,https://github.com/holzschu/ios_system/blob/bc7c2334a36a64acb78e8d23a33507754f863608/libarchive/libarchive/CMakeLists.txt#L38,"# Provide ADD_TEST_28 macro to approximate CMake 2.8 ADD_TEST(NAME).
# TODO: Require CMake 2.8 and drop this workaround (perhaps late 2010).","['todo', 'workaround']",CMake,0,38,39
4419,holzschu/ios_system,https://github.com/holzschu/ios_system/blob/bc7c2334a36a64acb78e8d23a33507754f863608/libarchive/libarchive/CMakeLists.txt#L491,"#
# Check for integer types
#
# XXX There must be a way to make this simpler <sigh> XXXX
#",['xxx'],CMake,0,491,495
4419,holzschu/ios_system,https://github.com/holzschu/ios_system/blob/bc7c2334a36a64acb78e8d23a33507754f863608/curl/curl/CMake/CurlSymbolHiding.cmake#L50,#present since 3.4.3 but broken,['broken'],CMake,51,50,50
