repoIndex,repoName,linkLocation,comment,keywords,buildSysteminFile,charPosition,startLine,endLine
4432,genericmappingtools/gmt,https://github.com/genericmappingtools/gmt/blob/08937a98d810728f10af8959a9985e68a512c459/cmake/dist/CMakeLists.txt#L139,# Fix bundle:,['fix'],CMake,1,139,139
4432,genericmappingtools/gmt,https://github.com/genericmappingtools/gmt/blob/08937a98d810728f10af8959a9985e68a512c459/cmake/dist/CMakeLists.txt#L168,# Fix bundle:,['fix'],CMake,1,168,168
4432,genericmappingtools/gmt,https://github.com/genericmappingtools/gmt/blob/08937a98d810728f10af8959a9985e68a512c459/src/CMakeLists.txt#L329,# extra ugly definitions for triangle,['ugly'],CMake,1,329,329
4432,genericmappingtools/gmt,https://github.com/genericmappingtools/gmt/blob/08937a98d810728f10af8959a9985e68a512c459/cmake/modules/ConfigureChecks.cmake#L164,# Note: trailing underscore = GDAL workaround,['workaround'],CMake,0,164,164
4432,genericmappingtools/gmt,https://github.com/genericmappingtools/gmt/blob/08937a98d810728f10af8959a9985e68a512c459/cmake/modules/ConfigureChecks.cmake#L188,# Note: trailing underscore = GDAL workaround,['workaround'],CMake,0,188,188
4432,genericmappingtools/gmt,https://github.com/genericmappingtools/gmt/blob/08937a98d810728f10af8959a9985e68a512c459/cmake/modules/FindGEOS.cmake#L122,"### XXX - mloskot: geos-config --libs does not return -lgeos_c, so set it manually
## split off the name
## use regular expression to match wildcard equivalent ""-l*<endchar>""
## with <endchar> is a space or a semicolon
#STRING(REGEX MATCHALL ""[-][l]([^ ;])+""
#  GEOS_LIB_NAME_WITH_PREFIX
#  ""${GEOS_CONFIG_LIBS}"" )
#MESSAGE(""DBG  GEOS_CONFIG_LIBS=${GEOS_CONFIG_LIBS}"")
#MESSAGE(""DBG  GEOS_LIB_NAME_WITH_PREFIX=${GEOS_LIB_NAME_WITH_PREFIX}"")",['xxx'],CMake,8,122,130
4432,genericmappingtools/gmt,https://github.com/genericmappingtools/gmt/blob/08937a98d810728f10af8959a9985e68a512c459/cmake/modules/FindGEOS.cmake#L142,"# work around empty GEOS_LIBRARY left by framework check
# while still preserving user setting if given
# ***FIXME*** need to improve framework check so below not needed",['fixme'],CMake,12,142,144
