repoIndex,repoName,linkLocation,comment,keywords,buildSysteminFile,charPosition,startLine,endLine
4553,nco/nco,https://github.com/nco/nco/blob/8fb7b0279825494bb2aa92211aec51aa5ca78181/configure.ac#L37,"# Autotools glossary:
# AC_ARG_ENABLE(foo,...) Create configure option --enable-foo
# AC_ARG_VAR Add token TKN to influential environment variables ingested by configure, reported by configure --help
# AC_CHECK_DECL Find token TKN defined in header, define ${flg} accordingly
# AC_CHECK_FUNC Find fnc_nm() in libXXX.a, define ${flg} accordingly
# AC_CHECK_HEADER Find XXX.h and define HAVE_XXX_H
# AC_CHECK_LIB Find libXXX.a, prepend -lXXX to LIBS, define HAVE_LIBXXX
# AC_CHECK_PROG Find whether prg_nm is on ${PATH}, define ${flg} accordingly
# AC_DEFINE Define token TKN to value VAL with comment CMNT in config.h
# AC_DEFINE_UNQUOTED Define token TKN to value VAL with comment CMNT in config.h. Use when TKN or VAL are shell variables.
# AC_EGREP_HEADER Search CPP output of header.h (NB: CPP outputs C-code only), define ${flg} accordingly
# AC_MSG_NOTICE Print MSG to output
# AC_MSG_WARN Print MSG to output
# AC_SUBST fxm
# NCO_CHECK_FUNC Sets HAVE_XXX = 0 _and_ NEED_XXX = 1 when xxx() not found",['xxx'],Autotool,0,37,51
4553,nco/nco,https://github.com/nco/nco/blob/8fb7b0279825494bb2aa92211aec51aa5ca78181/configure.ac#L154,# 20131120: Workaround for Cygwin64,['workaround'],Autotool,0,154,154
4553,nco/nco,https://github.com/nco/nco/blob/8fb7b0279825494bb2aa92211aec51aa5ca78181/configure.ac#L193,# Until fix for libtool error is found,['fix'],Autotool,0,193,193
4553,nco/nco,https://github.com/nco/nco/blob/8fb7b0279825494bb2aa92211aec51aa5ca78181/configure.ac#L211,"# Check for header files
# Autoupdate added the next two lines to ensure that your configure
# script's behavior did not change.  They are probably safe to remove.
# 20210515: Following line broke pre-autoconf 2.7.0 builds on Debian and Cygwin
# Commenting out next line is workaround suggested by Bas Couwenburg
#AC_CHECK_INCLUDES_DEFAULT",['workaround'],Autotool,0,211,216
4553,nco/nco,https://github.com/nco/nco/blob/8fb7b0279825494bb2aa92211aec51aa5ca78181/configure.ac#L330,"# 20171218: nc_open_mem() is defined in netCDF >= 4.4.0, however ...
# Ubuntu (Xenial at least) used broken netCDF CMake (not autoconf) to package 4.4.0 (it does not install netcdf_mem.h):
# https://github.com/nco/nco/issues/44
# Symptom of ""missing netcdf_mem.h"" and/or ""unresolved nc_open_mem()"" occurs with NCO 4.6.2+
# Until 20171112 we used (Option 1): 
# #if NC_LIB_VERSION >= 440 
# which forces Ubuntu netCDF 4.4.0 users to build netCDF with autoconf and install, e.g., into /usr/local, or
# to manually copy netcdf_mem.h into /usr/include (has anyone tested whether that really solves the problem?)
# Option 2 is to add test/symbol in build-engine, e.g., 
#  #if defined(HAVE_NETCDF_MEM_H)
# which requires additional build tests in Autoconf/CMake/Makefile */
# 20191212 Dave Allured suggests correct procedure is to always include netcdf.h during autoconf header checks. This ensures tokens like EXTERNL (from netcdf.h) are defined in netcdf_mem.h etc.",['broken'],Autotool,0,330,341
4553,nco/nco,https://github.com/nco/nco/blob/8fb7b0279825494bb2aa92211aec51aa5ca78181/configure.ac#L420,"# NCO_CHECK_FUNC, defined in acinclude.m4, does 
# ""#define HAVE_XXX 1"" and ""#undef NEED_XXX"" when function xxx() is found and
# ""#undef HAVE_XXX"" and ""#define NEED_XXX 1"" when function xxx() is not found
# Purpose: CPP macros like ""if(NEED_XXX)"" are simpler to read than ""if(!HAVE_xxx)""",['xxx'],Autotool,0,420,423
4553,nco/nco,https://github.com/nco/nco/blob/8fb7b0279825494bb2aa92211aec51aa5ca78181/configure.ac#L572,"# Begin largefile
# If --enable-largefile define ENABLE_LARGEFILE
# fxm: TODO bld45 Obsolete! Replace with test for 64-bit offset support (i.e., netCDF 3.6)",['todo'],Autotool,0,572,574
4553,nco/nco,https://github.com/nco/nco/blob/8fb7b0279825494bb2aa92211aec51aa5ca78181/configure.ac#L1049,"# fxm: TODO #303 go through GCC manual and add more speedy flags
# Until then, GCC has interesting property that --enable-optimize-custom flags equal --enable-optimize-debug flags!",['todo'],Autotool,0,1049,1050
4553,nco/nco,https://github.com/nco/nco/blob/8fb7b0279825494bb2aa92211aec51aa5ca78181/aclocal.m4#L345,"# Older Autoconf quotes --file arguments for eval, but not when files
# are listed without --file.  Let's play safe and only enable the eval
# if we detect the quoting.
# TODO: see whether this extra hack can be removed once we start
# requiring Autoconf 2.70 or later.","['todo', 'hack']",Autotool,2,345,349
4553,nco/nco,https://github.com/nco/nco/blob/8fb7b0279825494bb2aa92211aec51aa5ca78181/aclocal.m4#L837,"# Losing compiler, so override with the script.
# FIXME: It is wrong to rewrite CC.
# But if we don't then we get into trouble of one sort or another.
# A longer-term fix would be to have automake use am__CC in this case,
# and then we could set am__CC=""\$(top_srcdir)/compile \$(CC)""","['fix', 'fixme']",Autotool,3,837,841
4553,nco/nco,https://github.com/nco/nco/blob/8fb7b0279825494bb2aa92211aec51aa5ca78181/aclocal.m4#L908,"# If neither matched, then we have a broken ls.  This can happen
# if, for instance, CONFIG_SHELL is bash and it inherits a
# broken ls alias from the environment.  This has actually
# happened.  Such a system could not be considered ""sane"".",['broken'],Autotool,1,908,911
