repoIndex,repoName,linkLocation,comment,keywords,buildSysteminFile,charPosition,startLine,endLine
4627,mentorembedded/nvptx-tools,https://github.com/mentorembedded/nvptx-tools/blob/472b6e78b3ba918d727698f79911360b7c808247/libiberty/Makefile.in#L103,# FIXME: add @BUILD_INFO@ once we're sure it works for everyone.,['fixme'],Autotool,0,103,103
4627,mentorembedded/nvptx-tools,https://github.com/mentorembedded/nvptx-tools/blob/472b6e78b3ba918d727698f79911360b7c808247/libiberty/configure.ac#L596,"# Under some versions of uwin, vfork is notoriously buggy and the test 
# can hang configure; on other versions, vfork exists just as a stub.
# FIXME: This should be removed once vfork in uwin's runtime is fixed.",['fixme'],Autotool,4,596,598
4627,mentorembedded/nvptx-tools,https://github.com/mentorembedded/nvptx-tools/blob/472b6e78b3ba918d727698f79911360b7c808247/libiberty/configure.ac#L625,# We only need _doprnt if we might use it to implement v*printf.,['implement'],Autotool,2,625,625
4627,mentorembedded/nvptx-tools,https://github.com/mentorembedded/nvptx-tools/blob/472b6e78b3ba918d727698f79911360b7c808247/aclocal.m4#L41,"# Find a good install program.  We prefer a C program (faster),
# so one script is as good as another.  But avoid the broken or
# incompatible versions:
# SysV /etc/install, /usr/sbin/install
# SunOS /usr/etc/install
# IRIX /sbin/install
# AIX /bin/install
# AFS /usr/afsws/bin/install, which mishandles nonexistent args
# SVR4 /usr/ucb/install, which tries to use the nonexistent group ""staff""
# ./install, which can be erroneously created by make from ./install.sh.",['broken'],Autotool,0,41,50
