repoIndex,repoName,linkLocation,comment,keywords,buildSysteminFile,charPosition,startLine,endLine
4800,civetweb/civetweb,https://github.com/civetweb/civetweb/blob/4245a37b436da23e1e148fd35513732169f80b11/CMakeLists.txt#L566,# TODO: add support for -march,['todo'],CMake,0,566,566
4800,civetweb/civetweb,https://github.com/civetweb/civetweb/blob/4245a37b436da23e1e148fd35513732169f80b11/CMakeLists.txt#L684,"# WiX Packaging
# TODO: www.cmake.org/cmake/help/v3.0/module/CPackWIX.html",['todo'],CMake,0,684,685
4800,civetweb/civetweb,https://github.com/civetweb/civetweb/blob/4245a37b436da23e1e148fd35513732169f80b11/src/CMakeLists.txt#L184,"# Old:
#    URL ""http://viremo.eludi.net/LuaXML/${LUA_XML_FILENAME}""
#    URL_MD5 ${CIVETWEB_LUA_XML_MD5_HASH}
#    PREFIX ""${CIVETWEB_THIRD_PARTY_DIR}""
#
# TODO: find current sourde
# viremo.eludi.net does no longer exist
# An extended version is available at https://github.com/n1tehawk/LuaXML
# but the last commit there was in 2015
#",['todo'],CMake,0,184,193
4800,civetweb/civetweb,https://github.com/civetweb/civetweb/blob/4245a37b436da23e1e148fd35513732169f80b11/src/CMakeLists.txt#L196,"#
# TODO: fix this patch command (needs someone with deeper CMake know how)","['fix', 'todo']",CMake,0,196,197
