repoIndex,repoName,linkLocation,comment,keywords,buildSysteminFile,charPosition,startLine,endLine
4962,chan-sccp/chan-sccp,https://github.com/chan-sccp/chan-sccp/blob/c1533a6b5ab5aa77fd55f432884a56d1c9601588/aclocal.m4#L51,"dnl if have system argz functions, allow forced use of
dnl libltdl-supplied implementation (and default to do so
dnl on ""known bad"" systems). Could use a runtime check, but
dnl (a) detecting malloc issues is notoriously unreliable
dnl (b) only known system that declares argz functions,
dnl     provides them, yet they are broken, is cygwin
dnl     releases prior to 16-Mar-2007 (1.5.24 and earlier)
dnl So, it's more straightforward simply to special case
dnl this for known bad systems.",['broken'],Autotool,0,51,59
4962,chan-sccp/chan-sccp,https://github.com/chan-sccp/chan-sccp/blob/c1533a6b5ab5aa77fd55f432884a56d1c9601588/aclocal.m4#L487,"# In order that ltdl.c can compile, find out the first AC_CONFIG_HEADERS
# the user used.  This is so that ltdl.h can pick up the parent projects
# config.h file, The first file in AC_CONFIG_HEADERS must contain the
# definitions required by ltdl.c.
# FIXME: Remove use of undocumented AC_LIST_HEADERS (2.59 compatibility).",['fixme'],Autotool,0,487,491
4962,chan-sccp/chan-sccp,https://github.com/chan-sccp/chan-sccp/blob/c1533a6b5ab5aa77fd55f432884a56d1c9601588/aclocal.m4#L1367,"# Older Autoconf quotes --file arguments for eval, but not when files
# are listed without --file.  Let's play safe and only enable the eval
# if we detect the quoting.
# TODO: see whether this extra hack can be removed once we start
# requiring Autoconf 2.70 or later.","['todo', 'hack']",Autotool,2,1367,1371
4962,chan-sccp/chan-sccp,https://github.com/chan-sccp/chan-sccp/blob/c1533a6b5ab5aa77fd55f432884a56d1c9601588/aclocal.m4#L1855,"# Losing compiler, so override with the script.
# FIXME: It is wrong to rewrite CC.
# But if we don't then we get into trouble of one sort or another.
# A longer-term fix would be to have automake use am__CC in this case,
# and then we could set am__CC=""\$(top_srcdir)/compile \$(CC)""","['fix', 'fixme']",Autotool,3,1855,1859
4962,chan-sccp/chan-sccp,https://github.com/chan-sccp/chan-sccp/blob/c1533a6b5ab5aa77fd55f432884a56d1c9601588/aclocal.m4#L1926,"# If neither matched, then we have a broken ls.  This can happen
# if, for instance, CONFIG_SHELL is bash and it inherits a
# broken ls alias from the environment.  This has actually
# happened.  Such a system could not be considered ""sane"".",['broken'],Autotool,1,1926,1929
