repoIndex,repoName,linkLocation,comment,keywords,buildSysteminFile,charPosition,startLine,endLine
5249,stellar/stellar-core,https://github.com/stellar/stellar-core/blob/f49b17389a31ba091453a164b39be0ae2ea14b1d/configure.ac#L400,"# Unfortunately libunwind seems to interfere with clang-compiled
# exception-handling, at least when linked with libgcc (which is the
# default of libcxx and a requirement for libstdc++). I think this is
# roughly caused by both libgcc and libunwind providing the C++ EH ABI
# symbols but, evidently, interacting with clang-compiled code slightly
# differently when ELF-interposed with one another, in the same binary.
#
# Haven't been able to make a reduced testcase that works. You can check
# that this is still a problem by running the stellar-core Catch2-based
# unit test suite: many of the tests do REQUIRE_THROWS_AS(...) and
# that crashes with libunwind+clang.  Haven't been able to figure out a
# workaround either.",['workaround'],Autotool,12,400,411
