repoIndex,repoName,linkLocation,comment,keywords,buildSysteminFile,charPosition,startLine,endLine
5314,ithewei/libhv,https://github.com/ithewei/libhv/blob/4ad9281ac65d6dcea3e55b9193d1cc10d6c74db1/cmake/ios.toolchain.cmake#L166,"# Get the Xcode version being used.
# Problem: CMake runs toolchain files multiple times, but can't read cache variables on some runs.
# Workaround: On first run (in which cache variables are always accessible), set an intermediary environment variable.
#
# NOTE: This pattern is used i many places in this toolchain to speed up checks of all sorts",['workaround'],CMake,0,166,170
5314,ithewei/libhv,https://github.com/ithewei/libhv/blob/4ad9281ac65d6dcea3e55b9193d1cc10d6c74db1/cmake/ios.toolchain.cmake#L193,# Temporarily fix the arm64 issues in CMake install-combined by excluding arm64 for simulator builds (needed for Apple Silicon...),['fix'],CMake,2,193,193
5314,ithewei/libhv,https://github.com/ithewei/libhv/blob/4ad9281ac65d6dcea3e55b9193d1cc10d6c74db1/cmake/ios.toolchain.cmake#L229,# Fix for PThread library not in path,['fix'],CMake,0,229,229
