repoIndex,repoName,linkLocation,comment,keywords,buildSysteminFile,charPosition,startLine,endLine
5498,obsproject/obs-studio,https://github.com/obsproject/obs-studio/blob/615728fa3be71e928842285ce3ba8f7133d1ad22/deps/jansson/CMakeLists.txt#L1,"# Notes:
#
# Author: Paul Harris, June 2012 Additions: Joakim Soderberg, Febuary 2013
#
# Supports: building static/shared, release/debug/etc, can also build html docs
# and some of the tests. Note that its designed for out-of-tree builds, so it
# will not pollute your source tree.
#
# TODO 1: Finish implementing tests. api tests are working, but the valgrind
# variants are not flagging problems.
#
# TODO 2: There is a check_exports script that would try and incorporate.
#
# TODO 3: Consolidate version numbers, currently the version number is written
# into: * cmake (here) * autotools (the configure) * source code header files.
# Should not be written directly into header files, autotools/cmake can do that
# job.
#
# Brief intro on how to use cmake: > mkdir build (somewhere - we do out-of-tree
# builds) > use cmake, ccmake, or cmake-gui to configure the project. for linux,
# you can only choose one variant: release,debug,etc... and static or shared. >>
# example: >> cd build >> ccmake -i ../path_to_jansson_dir >>  inside, configure
# your options. press C until there are no lines with * next to them. >>  note,
# I like to configure the 'install' path to ../install, so I get self-contained
# clean installs I can point other projects to. >>  press G to 'generate' the
# project files. >> make (to build the project) >> make install >> make test (to
# run the tests, if you enabled them)
#
# Brief description on how it works: There is a small heirachy of CMakeLists.txt
# files which define how the project is built. Header file detection etc is
# done, and the results are written into config.h and jansson_config.h, which
# are generated from the corresponding config.h.cmake and jansson_config.h.cmake
# template files. The generated header files end up in the build directory - not
# in the source directory. The rest is down to the usual make process.",['todo'],CMake,0,1,34
5498,obsproject/obs-studio,https://github.com/obsproject/obs-studio/blob/615728fa3be71e928842285ce3ba8f7133d1ad22/deps/jansson/CMakeLists.txt#L401,"# TODO: Add support for all sphinx builders:
# http://sphinx-doc.org/builders.html",['todo'],CMake,4,401,402
5498,obsproject/obs-studio,https://github.com/obsproject/obs-studio/blob/615728fa3be71e928842285ce3ba8f7133d1ad22/deps/jansson/CMakeLists.txt#L470,# TODO: Add FindValgrind.cmake instead of having a hardcoded path.,['todo'],CMake,4,470,470
5498,obsproject/obs-studio,https://github.com/obsproject/obs-studio/blob/615728fa3be71e928842285ce3ba8f7133d1ad22/deps/jansson/CMakeLists.txt#L662,# TODO: fix this.,"['fix', 'todo']",CMake,0,662,662
5498,obsproject/obs-studio,https://github.com/obsproject/obs-studio/blob/615728fa3be71e928842285ce3ba8f7133d1ad22/cmake/external/ObsPluginHelpers.cmake#L20,"# Old-Style plugin detected, find ""modern"" libobs variant instead and set global
# include directories to fix ""bad"" plugin behavior",['fix'],CMake,0,20,21
5498,obsproject/obs-studio,https://github.com/obsproject/obs-studio/blob/615728fa3be71e928842285ce3ba8f7133d1ad22/cmake/external/ObsPluginHelpers.cmake#L449,"# Set up install-time command to fix Qt library references to point into
# OBS.app bundle",['fix'],CMake,6,449,450
5498,obsproject/obs-studio,https://github.com/obsproject/obs-studio/blob/615728fa3be71e928842285ce3ba8f7133d1ad22/deps/jansson/cmake/Coveralls.cmake#L58,"# TODO: This is passed like: ""a b c"", not ""a;b;c""",['todo'],CMake,39,58,58
5498,obsproject/obs-studio,https://github.com/obsproject/obs-studio/blob/615728fa3be71e928842285ce3ba8f7133d1ad22/deps/jansson/cmake/CoverallsGenerateGcov.cmake#L76,# TODO: Add these git things to the coveralls json.,['todo'],CMake,0,76,76
5498,obsproject/obs-studio,https://github.com/obsproject/obs-studio/blob/615728fa3be71e928842285ce3ba8f7133d1ad22/deps/jansson/cmake/CoverallsGenerateGcov.cmake#L169,# TODO: Make these be absolute path,['todo'],CMake,0,169,169
5498,obsproject/obs-studio,https://github.com/obsproject/obs-studio/blob/615728fa3be71e928842285ce3ba8f7133d1ad22/deps/jansson/cmake/CoverallsGenerateGcov.cmake#L214,"# Is this in the list of source files?
# TODO: We want to match against relative path filenames from the source file root...",['todo'],CMake,1,214,215
5498,obsproject/obs-studio,https://github.com/obsproject/obs-studio/blob/615728fa3be71e928842285ce3ba8f7133d1ad22/deps/jansson/cmake/CoverallsGenerateGcov.cmake#L231,# TODO: Enable setting these,['todo'],CMake,0,231,231
5498,obsproject/obs-studio,https://github.com/obsproject/obs-studio/blob/615728fa3be71e928842285ce3ba8f7133d1ad22/deps/jansson/cmake/CoverallsGenerateGcov.cmake#L316,# TODO: Look for LCOV_EXCL_LINE in SOURCE to get rid of false positives.,['todo'],CMake,4,316,316
