repoIndex,repoName,linkLocation,comment,keywords,buildSysteminFile,charPosition,startLine,endLine
5499,curl/curl,https://github.com/curl/curl/blob/ae9e713c4e95deb6acc1a6190ce0c0b150f82b92/configure.ac#L1564,"dnl If name is ""no"" then don't define this library at all
dnl (it's only needed if libldap.so's dependencies are broken).",['broken'],Autotool,4,1564,1565
5499,curl/curl,https://github.com/curl/curl/blob/ae9e713c4e95deb6acc1a6190ce0c0b150f82b92/CMakeLists.txt#L27,"# TODO:
# The output .so file lacks the soname number which we currently have within the lib/Makefile.am file
# Add full (4 or 5 libs) SSL support
# Add INSTALL target (EXTRA_DIST variables in Makefile.am may be moved to Makefile.inc so that CMake/CPack is aware of what's to include).
# Check on all possible platforms
# Test with as many configurations possible (With or without any option)
# Create scripts that help keeping the CMake build system up to date (to reduce maintenance). According to Tetetest:
#  - lists of headers that 'configure' checks for;
#  - curl-specific tests (the ones that are in m4/curl-*.m4 files);
#  - (most obvious thing:) curl version numbers.
# Add documentation subproject
#
# To check:
# (From Daniel Stenberg) The cmake build selected to run gcc with -fPIC on my box while the plain configure script did not.
# (From Daniel Stenberg) The gcc command line use neither -g nor any -O options. As a developer, I also treasure our configure scripts's --enable-debug option that sets a long range of ""picky"" compiler options.",['todo'],CMake,0,27,41
5499,curl/curl,https://github.com/curl/curl/blob/ae9e713c4e95deb6acc1a6190ce0c0b150f82b92/CMakeLists.txt#L358,"# check SSL libraries
# TODO support GnuTLS",['todo'],CMake,0,358,359
5499,curl/curl,https://github.com/curl/curl/blob/ae9e713c4e95deb6acc1a6190ce0c0b150f82b92/CMakeLists.txt#L515,# TODO add GnuTLS support as vtls library.,['todo'],CMake,4,515,515
5499,curl/curl,https://github.com/curl/curl/blob/ae9e713c4e95deb6acc1a6190ce0c0b150f82b92/CMakeLists.txt#L1232,# Fix libz / zlib.h,['fix'],CMake,0,1232,1232
5499,curl/curl,https://github.com/curl/curl/blob/ae9e713c4e95deb6acc1a6190ce0c0b150f82b92/CMakeLists.txt#L1269,# TODO test which of these headers are required,['todo'],CMake,0,1269,1269
5499,curl/curl,https://github.com/curl/curl/blob/ae9e713c4e95deb6acc1a6190ce0c0b150f82b92/CMakeLists.txt#L1365,"# Ugly (but functional) way to include ""Makefile.inc"" by transforming it (= regenerate it).",['ugly'],CMake,0,1365,1365
5499,curl/curl,https://github.com/curl/curl/blob/ae9e713c4e95deb6acc1a6190ce0c0b150f82b92/CMakeLists.txt#L1415,"# NTLM support requires crypto function adaptions from various SSL libs
# TODO alternative SSL libs tests for SSP1, GNUTLS, NSS",['todo'],CMake,0,1415,1416
5499,curl/curl,https://github.com/curl/curl/blob/ae9e713c4e95deb6acc1a6190ce0c0b150f82b92/CMakeLists.txt#L1434,# TODO SSP1 (Schannel) check is missing,['todo'],CMake,0,1434,1434
5499,curl/curl,https://github.com/curl/curl/blob/ae9e713c4e95deb6acc1a6190ce0c0b150f82b92/CMakeLists.txt#L1439,# TODO SSP1 missing for SPNEGO,['todo'],CMake,0,1439,1439
5499,curl/curl,https://github.com/curl/curl/blob/ae9e713c4e95deb6acc1a6190ce0c0b150f82b92/CMakeLists.txt#L1444,"# NTLM support requires crypto function adaptions from various SSL libs
# TODO alternative SSL libs tests for SSP1, GNUTLS, NSS",['todo'],CMake,0,1444,1445
5499,curl/curl,https://github.com/curl/curl/blob/ae9e713c4e95deb6acc1a6190ce0c0b150f82b92/CMakeLists.txt#L1448,# TODO missing option (autoconf: --enable-ntlm-wb),['todo'],CMake,0,1448,1448
5499,curl/curl,https://github.com/curl/curl/blob/ae9e713c4e95deb6acc1a6190ce0c0b150f82b92/CMakeLists.txt#L1452,"# TODO missing option (--enable-tls-srp), depends on GNUTLS_SRP/OPENSSL_SRP",['todo'],CMake,0,1452,1452
5499,curl/curl,https://github.com/curl/curl/blob/ae9e713c4e95deb6acc1a6190ce0c0b150f82b92/CMakeLists.txt#L1454,# TODO option --with-nghttp2 tests for nghttp2 lib and nghttp2/nghttp2.h header,['todo'],CMake,0,1454,1454
5499,curl/curl,https://github.com/curl/curl/blob/ae9e713c4e95deb6acc1a6190ce0c0b150f82b92/CMakeLists.txt#L1475,"# CURL_DISABLE_LDAP implies CURL_DISABLE_LDAPS
# TODO check HAVE_LDAP_SSL (in autoconf this is enabled with --enable-ldaps)",['todo'],CMake,0,1475,1476
5499,curl/curl,https://github.com/curl/curl/blob/ae9e713c4e95deb6acc1a6190ce0c0b150f82b92/CMakeLists.txt#L1524,# TODO probably put a -D... options here?,['todo'],CMake,0,1524,1524
5499,curl/curl,https://github.com/curl/curl/blob/ae9e713c4e95deb6acc1a6190ce0c0b150f82b92/CMakeLists.txt#L1526,"# TODO when to set ""-DCURL_STATICLIB"" for CPPFLAG_CURL_STATICLIB?",['todo'],CMake,0,1526,1526
5499,curl/curl,https://github.com/curl/curl/blob/ae9e713c4e95deb6acc1a6190ce0c0b150f82b92/CMakeLists.txt#L1625,"# Workaround for MSVS10 to avoid the Dialog Hell
# FIXME: This could be removed with future version of CMake.","['fixme', 'workaround']",CMake,0,1625,1626
5499,curl/curl,https://github.com/curl/curl/blob/ae9e713c4e95deb6acc1a6190ce0c0b150f82b92/docs/libcurl/CMakeLists.txt#L46,# XXX any reason why groff -Tpdf (for gropdf) is not used?,['xxx'],CMake,4,46,46
5499,curl/curl,https://github.com/curl/curl/blob/ae9e713c4e95deb6acc1a6190ce0c0b150f82b92/tests/CMakeLists.txt#L31,"# Use a special '$TFLAGS' placeholder as last argument which will be
# replaced by the contents of the environment variable in runtests.pl.
# This is a workaround for CMake's limitation where commands executed by
# 'make' or 'ninja' cannot portably reference environment variables.",['workaround'],CMake,2,31,34
5499,curl/curl,https://github.com/curl/curl/blob/ae9e713c4e95deb6acc1a6190ce0c0b150f82b92/tests/libtest/CMakeLists.txt#L61,"# Allows for hostname override to make tests machine independent.
# TODO this cmake build assumes a shared build, detect static linking here!",['todo'],CMake,0,61,62
5499,curl/curl,https://github.com/curl/curl/blob/ae9e713c4e95deb6acc1a6190ce0c0b150f82b92/tests/unit/CMakeLists.txt#L25,# TODO build a special libcurlu library for unittests.,['todo'],CMake,0,25,25
5499,curl/curl,https://github.com/curl/curl/blob/ae9e713c4e95deb6acc1a6190ce0c0b150f82b92/tests/unit/CMakeLists.txt#L39,"# Broken link on Linux
#  unit1394.c",['broken'],CMake,0,39,40
5499,curl/curl,https://github.com/curl/curl/blob/ae9e713c4e95deb6acc1a6190ce0c0b150f82b92/tests/unit/CMakeLists.txt#L48,"# Broken link on Linux
#  unit1604.c",['broken'],CMake,0,48,49
5499,curl/curl,https://github.com/curl/curl/blob/ae9e713c4e95deb6acc1a6190ce0c0b150f82b92/CMake/CurlSymbolHiding.cmake#L67,#present since 3.4.3 but broken,['broken'],CMake,47,67,67
