repoIndex,repoName,linkLocation,comment,keywords,buildSysteminFile,charPosition,startLine,endLine
5511,fabrizio-caruso/cross-lib,https://github.com/fabrizio-caruso/cross-lib/blob/79b4ed211795d5f585f6685946ec71808d730ae6/tools/cc65/osic1p/srecord-1.64/Makefile.in#L1,"#
# !!!!!!!!!!!!!!!!!!!!!!!!!!!!!!!!!!!!!!!!!!!!!!!!!!!!!!!!!!!!!
#
#    W   W    A    RRRR   N   N   III  N   N  III  N   N   GGG
#    W   W   A A   R   R  NN  N    I   NN  N   I   NN  N  G   G
#    W   W  A   A  RRRR   N N N    I   N N N   I   N N N  G
#    W W W  AAAAA  R R    N  NN    I   N  NN   I   N  NN  G  GG
#    W W W  A   A  R  R   N   N    I   N   N   I   N   N  G   G
#     W W   A   A  R   R  N   N   III  N   N  III  N   N   GGG
#
# Warning: DO NOT send patches which fix this file. IT IS NOT the original
# source file. This file is GENERATED from the Aegis repository file manifest.
# If you find a bug in this file, it could well be an Aegis bug.
#
# !!!!!!!!!!!!!!!!!!!!!!!!!!!!!!!!!!!!!!!!!!!!!!!!!!!!!!!!!!!!!
#",['fix'],Autotool,0,1,16
