repoIndex,repoName,linkLocation,comment,keywords,buildSysteminFile,charPosition,startLine,endLine
5512,indigo-astronomy/indigo,https://github.com/indigo-astronomy/indigo/blob/23f5fcf998bcc02acc6ad32e499bd50990e8a6e9/indigo_libs/externals/libjpeg/configure.ac#L16,# Hack: disable autoheader so that it doesn't overwrite our cfg template.,['hack'],Autotool,0,16,16
5512,indigo-astronomy/indigo,https://github.com/indigo-astronomy/indigo/blob/23f5fcf998bcc02acc6ad32e499bd50990e8a6e9/indigo_libs/externals/libjpeg/configure.ac#L188,# Check for non-broken inline under various spellings,['broken'],Autotool,0,188,188
5512,indigo-astronomy/indigo,https://github.com/indigo-astronomy/indigo/blob/23f5fcf998bcc02acc6ad32e499bd50990e8a6e9/indigo_libs/externals/libtiff/configure.ac#L84,"# This is a special hack for OpenBSD and MirOS systems. The dynamic linker
# in OpenBSD uses some special semantics for shared libraries. Their soname
# contains only two numbers, major and minor.
# See http://bugzilla.remotesensing.org/show_bug.cgi?id=838 for details.
#case ""$host_os"" in
#    openbsd* | mirbsd*)
#	LIBTIFF_VERSION_INFO=$LIBTIFF_MAJOR_VERSION$LIBTIFF_MINOR_VERSION:$LIBTIFF_MICRO_VERSION:0
#	;;
#    *)
#	LIBTIFF_VERSION_INFO=$LIBTIFF_MAJOR_VERSION:$LIBTIFF_MINOR_VERSION:$LIBTIFF_MICRO_VERSION
#	;;
#esac",['hack'],Autotool,0,84,95
5512,indigo-astronomy/indigo,https://github.com/indigo-astronomy/indigo/blob/23f5fcf998bcc02acc6ad32e499bd50990e8a6e9/indigo_libs/externals/libtiff/configure.ac#L454,"dnl ---------------------------------------------------------------------------
dnl Set the floating point format.
dnl FIXME: write appropriate test.
dnl ---------------------------------------------------------------------------",['fixme'],Autotool,0,454,457
5512,indigo-astronomy/indigo,https://github.com/indigo-astronomy/indigo/blob/23f5fcf998bcc02acc6ad32e499bd50990e8a6e9/indigo_libs/externals/libusb/configure.ac#L44,"dnl check for -std=gnu11 compiler support (optional)
dnl note that we don't just check if the compiler accepts '-std=x11'
dnl but also that it supports the _Thread_local keyword because some compilers
dnl (e.g. gcc 4.8) accept the command line option but do not implement TLS",['implement'],Autotool,0,44,47
5512,indigo-astronomy/indigo,https://github.com/indigo-astronomy/indigo/blob/23f5fcf998bcc02acc6ad32e499bd50990e8a6e9/indigo_libs/externals/libjpeg/aclocal.m4#L2229,"# FIXME - insert some real tests, host_os isn't really good enough",['fixme'],Autotool,0,2229,2229
5512,indigo-astronomy/indigo,https://github.com/indigo-astronomy/indigo/blob/23f5fcf998bcc02acc6ad32e499bd50990e8a6e9/indigo_libs/externals/libjpeg/aclocal.m4#L2620,"# FIXME: find the short name or the path components, as spaces are
# common. (e.g. ""Program Files"" -> ""PROGRA~1"")",['fixme'],Autotool,6,2620,2621
5512,indigo-astronomy/indigo,https://github.com/indigo-astronomy/indigo/blob/23f5fcf998bcc02acc6ad32e499bd50990e8a6e9/indigo_libs/externals/libjpeg/aclocal.m4#L2644,# FIXME: first we should search . and the directory the executable is in,['fixme'],Autotool,2,2644,2644
5512,indigo-astronomy/indigo,https://github.com/indigo-astronomy/indigo/blob/23f5fcf998bcc02acc6ad32e499bd50990e8a6e9/indigo_libs/externals/libjpeg/aclocal.m4#L2673,"# DragonFly does not have aout.  When/if they implement a new
# versioning mechanism, adjust this.",['implement'],Autotool,2,2673,2674
5512,indigo-astronomy/indigo,https://github.com/indigo-astronomy/indigo/blob/23f5fcf998bcc02acc6ad32e499bd50990e8a6e9/indigo_libs/externals/libjpeg/aclocal.m4#L2895,"# We used to test for /lib/ld.so.1 and disable shared libraries on
# powerpc, because MkLinux only supported shared libraries with the
# GNU dynamic linker.  Since this was broken with cross compilers,
# most powerpc-linux boxes support dynamic linking these days and
# people can always --disable-shared, the test was removed, and we
# assume the GNU/Linux dynamic linker is in use.",['broken'],Autotool,2,2895,2900
5512,indigo-astronomy/indigo,https://github.com/indigo-astronomy/indigo/blob/23f5fcf998bcc02acc6ad32e499bd50990e8a6e9/indigo_libs/externals/libjpeg/aclocal.m4#L4228,"# FIXME: we need at least 68020 code to build shared libraries, but
# adding the '-m68020' flag to GCC prevents building anything better,
# like '-m68040'.",['fixme'],Autotool,12,4228,4230
5512,indigo-astronomy/indigo,https://github.com/indigo-astronomy/indigo/blob/23f5fcf998bcc02acc6ad32e499bd50990e8a6e9/indigo_libs/externals/libjpeg/aclocal.m4#L4240,"# This hack is so that the source file can tell whether it is being
# built for inclusion in a dll (and should export symbols for example).
# Although the cygwin gcc ignores -fPIC, still need this for old-style
# (--disable-auto-import) libraries",['hack'],Autotool,6,4240,4243
5512,indigo-astronomy/indigo,https://github.com/indigo-astronomy/indigo/blob/23f5fcf998bcc02acc6ad32e499bd50990e8a6e9/indigo_libs/externals/libjpeg/aclocal.m4#L4262,"# PIC is the default for Haiku.
# The ""-static"" flag exists, but is broken.",['broken'],Autotool,6,4262,4263
5512,indigo-astronomy/indigo,https://github.com/indigo-astronomy/indigo/blob/23f5fcf998bcc02acc6ad32e499bd50990e8a6e9/indigo_libs/externals/libjpeg/aclocal.m4#L4267,"# Interix 3.x gcc -fpic/-fPIC options generate broken code.
# Instead, we relocate shared libraries at runtime.",['broken'],Autotool,6,4267,4268
5512,indigo-astronomy/indigo,https://github.com/indigo-astronomy/indigo/blob/23f5fcf998bcc02acc6ad32e499bd50990e8a6e9/indigo_libs/externals/libjpeg/aclocal.m4#L4316,"# This hack is so that the source file can tell whether it is being
# built for inclusion in a dll (and should export symbols for example).",['hack'],Autotool,1,4316,4317
5512,indigo-astronomy/indigo,https://github.com/indigo-astronomy/indigo/blob/23f5fcf998bcc02acc6ad32e499bd50990e8a6e9/indigo_libs/externals/libjpeg/aclocal.m4#L4551,"# FIXME: we need at least 68020 code to build shared libraries, but
# adding the '-m68020' flag to GCC prevents building anything better,
# like '-m68040'.",['fixme'],Autotool,12,4551,4553
5512,indigo-astronomy/indigo,https://github.com/indigo-astronomy/indigo/blob/23f5fcf998bcc02acc6ad32e499bd50990e8a6e9/indigo_libs/externals/libjpeg/aclocal.m4#L4564,"# This hack is so that the source file can tell whether it is being
# built for inclusion in a dll (and should export symbols for example).
# Although the cygwin gcc ignores -fPIC, still need this for old-style
# (--disable-auto-import) libraries",['hack'],Autotool,6,4564,4567
5512,indigo-astronomy/indigo,https://github.com/indigo-astronomy/indigo/blob/23f5fcf998bcc02acc6ad32e499bd50990e8a6e9/indigo_libs/externals/libjpeg/aclocal.m4#L4584,"# PIC is the default for Haiku.
# The ""-static"" flag exists, but is broken.",['broken'],Autotool,6,4584,4585
5512,indigo-astronomy/indigo,https://github.com/indigo-astronomy/indigo/blob/23f5fcf998bcc02acc6ad32e499bd50990e8a6e9/indigo_libs/externals/libjpeg/aclocal.m4#L4604,"# Interix 3.x gcc -fpic/-fPIC options generate broken code.
# Instead, we relocate shared libraries at runtime.",['broken'],Autotool,6,4604,4605
5512,indigo-astronomy/indigo,https://github.com/indigo-astronomy/indigo/blob/23f5fcf998bcc02acc6ad32e499bd50990e8a6e9/indigo_libs/externals/libjpeg/aclocal.m4#L4668,"# This hack is so that the source file can tell whether it is being
# built for inclusion in a dll (and should export symbols for example).",['hack'],Autotool,6,4668,4669
5512,indigo-astronomy/indigo,https://github.com/indigo-astronomy/indigo/blob/23f5fcf998bcc02acc6ad32e499bd50990e8a6e9/indigo_libs/externals/libjpeg/aclocal.m4#L5073,"# On AIX/PPC, the GNU linker is very broken",['broken'],Autotool,6,5073,5073
5512,indigo-astronomy/indigo,https://github.com/indigo-astronomy/indigo/blob/23f5fcf998bcc02acc6ad32e499bd50990e8a6e9/indigo_libs/externals/libjpeg/aclocal.m4#L5180,"# Hack: On Interix 3.x, we cannot compile PIC because of a broken gcc.
# Instead, shared libraries are loaded at an image base (0x10000000 by
# default) and relocated if they conflict, which is a slow very memory
# consuming and fragmenting process.  To avoid this, we pick a random,
# 256 KiB-aligned image base between 0x50000000 and 0x6FFC0000 at link
# time.  Moving up from 0x10000000 also allows more sbrk(2) space.","['hack', 'broken']",Autotool,6,5180,5185
5512,indigo-astronomy/indigo,https://github.com/indigo-astronomy/indigo/blob/23f5fcf998bcc02acc6ad32e499bd50990e8a6e9/indigo_libs/externals/libjpeg/aclocal.m4#L5365,"# Neither direct hardcoding nor static linking is supported with a
# broken collect2.",['broken'],Autotool,1,5365,5366
5512,indigo-astronomy/indigo,https://github.com/indigo-astronomy/indigo/blob/23f5fcf998bcc02acc6ad32e499bd50990e8a6e9/indigo_libs/externals/libjpeg/aclocal.m4#L5430,"# When large executables or shared objects are built, AIX ld can
# have problems creating the table of contents.  If linking a library
# or program results in ""error TOC overflow"" add -mminimal-toc to
# CXXFLAGS/CFLAGS for g++/gcc.  In the cases where that is not
# enough to fix the problem, add -Wl,-bbigtoc to LDFLAGS.",['fix'],Autotool,6,5430,5434
5512,indigo-astronomy/indigo,https://github.com/indigo-astronomy/indigo/blob/23f5fcf998bcc02acc6ad32e499bd50990e8a6e9/indigo_libs/externals/libjpeg/aclocal.m4#L5453,"# We only want to do this on AIX 4.2 and lower, the check
# below for broken collect2 doesn't work under 4.3+",['broken'],Autotool,1,5453,5454
5512,indigo-astronomy/indigo,https://github.com/indigo-astronomy/indigo/blob/23f5fcf998bcc02acc6ad32e499bd50990e8a6e9/indigo_libs/externals/libjpeg/aclocal.m4#L5504,"# Warning - without using the other runtime loading flags (-brtl),
# -berok will link without error, but may produce a broken library.",['broken'],Autotool,1,5504,5505
5512,indigo-astronomy/indigo,https://github.com/indigo-astronomy/indigo/blob/23f5fcf998bcc02acc6ad32e499bd50990e8a6e9/indigo_libs/externals/libjpeg/aclocal.m4#L5522,"# Warning - without using the other run time loading flags,
# -berok will link without error, but may produce a broken library.",['broken'],Autotool,3,5522,5523
5512,indigo-astronomy/indigo,https://github.com/indigo-astronomy/indigo/blob/23f5fcf998bcc02acc6ad32e499bd50990e8a6e9/indigo_libs/externals/libjpeg/aclocal.m4#L6087,# FIXME: we may have to deal with multi-command sequences.,['fixme'],Autotool,6,6087,6087
5512,indigo-astronomy/indigo,https://github.com/indigo-astronomy/indigo/blob/23f5fcf998bcc02acc6ad32e499bd50990e8a6e9/indigo_libs/externals/libjpeg/aclocal.m4#L6200,"dnl FIXME: Not yet implemented
dnl _LT_TAGDECL([], [thread_safe_flag_spec], [1],
dnl    [Compiler flag to generate thread safe objects])",['fixme'],Autotool,0,6200,6202
5512,indigo-astronomy/indigo,https://github.com/indigo-astronomy/indigo/blob/23f5fcf998bcc02acc6ad32e499bd50990e8a6e9/indigo_libs/externals/libjpeg/aclocal.m4#L6406,"# If archive_cmds runs LD, not CC, wlarc should be empty
# XXX I think wlarc can be eliminated in ltcf-cxx, but I need to
#     investigate it a little bit more. (MM)",['xxx'],Autotool,8,6406,6408
5512,indigo-astronomy/indigo,https://github.com/indigo-astronomy/indigo/blob/23f5fcf998bcc02acc6ad32e499bd50990e8a6e9/indigo_libs/externals/libjpeg/aclocal.m4#L6446,# FIXME: insert proper C++ library support,['fixme'],Autotool,8,6446,6446
5512,indigo-astronomy/indigo,https://github.com/indigo-astronomy/indigo/blob/23f5fcf998bcc02acc6ad32e499bd50990e8a6e9/indigo_libs/externals/libjpeg/aclocal.m4#L6497,"# When large executables or shared objects are built, AIX ld can
# have problems creating the table of contents.  If linking a library
# or program results in ""error TOC overflow"" add -mminimal-toc to
# CXXFLAGS/CFLAGS for g++/gcc.  In the cases where that is not
# enough to fix the problem, add -Wl,-bbigtoc to LDFLAGS.",['fix'],Autotool,8,6497,6501
5512,indigo-astronomy/indigo,https://github.com/indigo-astronomy/indigo/blob/23f5fcf998bcc02acc6ad32e499bd50990e8a6e9/indigo_libs/externals/libjpeg/aclocal.m4#L6520,"# We only want to do this on AIX 4.2 and lower, the check
# below for broken collect2 doesn't work under 4.3+",['broken'],Autotool,10,6520,6521
5512,indigo-astronomy/indigo,https://github.com/indigo-astronomy/indigo/blob/23f5fcf998bcc02acc6ad32e499bd50990e8a6e9/indigo_libs/externals/libjpeg/aclocal.m4#L6571,"# Warning - without using the other runtime loading flags (-brtl),
# -berok will link without error, but may produce a broken library.
# The ""-G"" linker flag allows undefined symbols.",['broken'],Autotool,10,6571,6573
5512,indigo-astronomy/indigo,https://github.com/indigo-astronomy/indigo/blob/23f5fcf998bcc02acc6ad32e499bd50990e8a6e9/indigo_libs/externals/libjpeg/aclocal.m4#L6591,"# Warning - without using the other run time loading flags,
# -berok will link without error, but may produce a broken library.",['broken'],Autotool,5,6591,6592
5512,indigo-astronomy/indigo,https://github.com/indigo-astronomy/indigo/blob/23f5fcf998bcc02acc6ad32e499bd50990e8a6e9/indigo_libs/externals/libjpeg/aclocal.m4#L6748,# FIXME: insert proper C++ library support,['fixme'],Autotool,5,6748,6748
5512,indigo-astronomy/indigo,https://github.com/indigo-astronomy/indigo/blob/23f5fcf998bcc02acc6ad32e499bd50990e8a6e9/indigo_libs/externals/libjpeg/aclocal.m4#L6752,"# Green Hills C++ Compiler
# FIXME: insert proper C++ library support",['fixme'],Autotool,5,6752,6753
5512,indigo-astronomy/indigo,https://github.com/indigo-astronomy/indigo/blob/23f5fcf998bcc02acc6ad32e499bd50990e8a6e9/indigo_libs/externals/libjpeg/aclocal.m4#L6757,# FIXME: insert proper C++ library support,['fixme'],Autotool,5,6757,6757
5512,indigo-astronomy/indigo,https://github.com/indigo-astronomy/indigo/blob/23f5fcf998bcc02acc6ad32e499bd50990e8a6e9/indigo_libs/externals/libjpeg/aclocal.m4#L6764,# C++ shared libraries reported to be fairly broken before,['broken'],Autotool,8,6764,6764
5512,indigo-astronomy/indigo,https://github.com/indigo-astronomy/indigo/blob/23f5fcf998bcc02acc6ad32e499bd50990e8a6e9/indigo_libs/externals/libjpeg/aclocal.m4#L6795,# FIXME: insert proper C++ library support,['fixme'],Autotool,12,6795,6795
5512,indigo-astronomy/indigo,https://github.com/indigo-astronomy/indigo/blob/23f5fcf998bcc02acc6ad32e499bd50990e8a6e9/indigo_libs/externals/libjpeg/aclocal.m4#L6814,# FIXME: insert proper C++ library support,['fixme'],Autotool,14,6814,6814
5512,indigo-astronomy/indigo,https://github.com/indigo-astronomy/indigo/blob/23f5fcf998bcc02acc6ad32e499bd50990e8a6e9/indigo_libs/externals/libjpeg/aclocal.m4#L6850,# FIXME: insert proper C++ library support,['fixme'],Autotool,5,6850,6850
5512,indigo-astronomy/indigo,https://github.com/indigo-astronomy/indigo/blob/23f5fcf998bcc02acc6ad32e499bd50990e8a6e9/indigo_libs/externals/libjpeg/aclocal.m4#L6891,# FIXME: insert proper C++ library support,['fixme'],Autotool,7,6891,6891
5512,indigo-astronomy/indigo,https://github.com/indigo-astronomy/indigo/blob/23f5fcf998bcc02acc6ad32e499bd50990e8a6e9/indigo_libs/externals/libjpeg/aclocal.m4#L6903,"# Hack: On Interix 3.x, we cannot compile PIC because of a broken gcc.
# Instead, shared libraries are loaded at an image base (0x10000000 by
# default) and relocated if they conflict, which is a slow very memory
# consuming and fragmenting process.  To avoid this, we pick a random,
# 256 KiB-aligned image base between 0x50000000 and 0x6FFC0000 at link
# time.  Moving up from 0x10000000 also allows more sbrk(2) space.","['hack', 'broken']",Autotool,1,6903,6908
5512,indigo-astronomy/indigo,https://github.com/indigo-astronomy/indigo/blob/23f5fcf998bcc02acc6ad32e499bd50990e8a6e9/indigo_libs/externals/libjpeg/aclocal.m4#L7083,# FIXME: insert proper C++ library support,['fixme'],Autotool,8,7083,7083
5512,indigo-astronomy/indigo,https://github.com/indigo-astronomy/indigo/blob/23f5fcf998bcc02acc6ad32e499bd50990e8a6e9/indigo_libs/externals/libjpeg/aclocal.m4#L7088,# FIXME: insert proper C++ library support,['fixme'],Autotool,8,7088,7088
5512,indigo-astronomy/indigo,https://github.com/indigo-astronomy/indigo/blob/23f5fcf998bcc02acc6ad32e499bd50990e8a6e9/indigo_libs/externals/libjpeg/aclocal.m4#L7095,# FIXME: insert proper C++ library support,['fixme'],Autotool,5,7095,7095
5512,indigo-astronomy/indigo,https://github.com/indigo-astronomy/indigo/blob/23f5fcf998bcc02acc6ad32e499bd50990e8a6e9/indigo_libs/externals/libjpeg/aclocal.m4#L7099,# FIXME: insert proper C++ library support,['fixme'],Autotool,5,7099,7099
5512,indigo-astronomy/indigo,https://github.com/indigo-astronomy/indigo/blob/23f5fcf998bcc02acc6ad32e499bd50990e8a6e9/indigo_libs/externals/libjpeg/aclocal.m4#L7113,# Workaround some broken pre-1.5 toolchains,"['broken', 'workaround']",Autotool,1,7113,7113
5512,indigo-astronomy/indigo,https://github.com/indigo-astronomy/indigo/blob/23f5fcf998bcc02acc6ad32e499bd50990e8a6e9/indigo_libs/externals/libjpeg/aclocal.m4#L7160,"# Rational C++ 2.4.1
# FIXME: insert proper C++ library support",['fixme'],Autotool,5,7160,7161
5512,indigo-astronomy/indigo,https://github.com/indigo-astronomy/indigo/blob/23f5fcf998bcc02acc6ad32e499bd50990e8a6e9/indigo_libs/externals/libjpeg/aclocal.m4#L7376,"# NonStop-UX NCC 3.20
# FIXME: insert proper C++ library support",['fixme'],Autotool,5,7376,7377
5512,indigo-astronomy/indigo,https://github.com/indigo-astronomy/indigo/blob/23f5fcf998bcc02acc6ad32e499bd50990e8a6e9/indigo_libs/externals/libjpeg/aclocal.m4#L7381,# FIXME: insert proper C++ library support,['fixme'],Autotool,5,7381,7381
5512,indigo-astronomy/indigo,https://github.com/indigo-astronomy/indigo/blob/23f5fcf998bcc02acc6ad32e499bd50990e8a6e9/indigo_libs/externals/libjpeg/aclocal.m4#L7388,# FIXME: insert proper C++ library support,['fixme'],Autotool,8,7388,7388
5512,indigo-astronomy/indigo,https://github.com/indigo-astronomy/indigo/blob/23f5fcf998bcc02acc6ad32e499bd50990e8a6e9/indigo_libs/externals/libjpeg/aclocal.m4#L7393,# FIXME: insert proper C++ library support,['fixme'],Autotool,8,7393,7393
5512,indigo-astronomy/indigo,https://github.com/indigo-astronomy/indigo/blob/23f5fcf998bcc02acc6ad32e499bd50990e8a6e9/indigo_libs/externals/libjpeg/aclocal.m4#L7627,# PORTME: override above test on systems where it is broken,['broken'],Autotool,0,7627,7627
5512,indigo-astronomy/indigo,https://github.com/indigo-astronomy/indigo/blob/23f5fcf998bcc02acc6ad32e499bd50990e8a6e9/indigo_libs/externals/libjpeg/aclocal.m4#L7631,"# Interix 3.5 installs completely hosed .la files for C++, so rather than
# hack all around it, let's just trust ""g++"" to DTRT.",['hack'],Autotool,2,7631,7632
5512,indigo-astronomy/indigo,https://github.com/indigo-astronomy/indigo/blob/23f5fcf998bcc02acc6ad32e499bd50990e8a6e9/indigo_libs/externals/libjpeg/aclocal.m4#L8581,"# _LT_ENABLE_STATIC([DEFAULT])
# ----------------------------
# implement the --enable-static flag, and support the 'static' and
# 'disable-static' LT_INIT options.
# DEFAULT is either 'yes' or 'no'.  If omitted, it defaults to 'yes'.",['implement'],Autotool,0,8581,8585
5512,indigo-astronomy/indigo,https://github.com/indigo-astronomy/indigo/blob/23f5fcf998bcc02acc6ad32e499bd50990e8a6e9/indigo_libs/externals/libjpeg/aclocal.m4#L8635,"# _LT_ENABLE_FAST_INSTALL([DEFAULT])
# ----------------------------------
# implement the --enable-fast-install flag, and support the 'fast-install'
# and 'disable-fast-install' LT_INIT options.
# DEFAULT is either 'yes' or 'no'.  If omitted, it defaults to 'yes'.",['implement'],Autotool,0,8635,8639
5512,indigo-astronomy/indigo,https://github.com/indigo-astronomy/indigo/blob/23f5fcf998bcc02acc6ad32e499bd50990e8a6e9/indigo_libs/externals/libjpeg/aclocal.m4#L8744,"# _LT_WITH_PIC([MODE])
# --------------------
# implement the --with-pic flag, and support the 'pic-only' and 'no-pic'
# LT_INIT options.
# MODE is either 'yes' or 'no'.  If omitted, it defaults to 'both'.",['implement'],Autotool,0,8744,8748
5512,indigo-astronomy/indigo,https://github.com/indigo-astronomy/indigo/blob/23f5fcf998bcc02acc6ad32e499bd50990e8a6e9/indigo_libs/externals/libjpeg/aclocal.m4#L9132,"# Microsoft lib, so override with the ar-lib wrapper script.
# FIXME: It is wrong to rewrite AR.
# But if we don't then we get into trouble of one sort or another.
# A longer-term fix would be to have automake use am__AR in this case,
# and then we could set am__AR=""$am_aux_dir/ar-lib \$(AR)"" or something
# similar.","['fix', 'fixme']",Autotool,2,9132,9137
5512,indigo-astronomy/indigo,https://github.com/indigo-astronomy/indigo/blob/23f5fcf998bcc02acc6ad32e499bd50990e8a6e9/indigo_libs/externals/libjpeg/aclocal.m4#L9485,"# AM_OUTPUT_DEPENDENCY_COMMANDS
# -----------------------------
# This macro should only be invoked once -- use via AC_REQUIRE.
#
# This code is only required when automatic dependency tracking
# is enabled.  FIXME.  This creates each '.P' file that we will
# need in order to bootstrap the dependency handling code.",['fixme'],Autotool,0,9485,9491
5512,indigo-astronomy/indigo,https://github.com/indigo-astronomy/indigo/blob/23f5fcf998bcc02acc6ad32e499bd50990e8a6e9/indigo_libs/externals/libjpeg/aclocal.m4#L9928,"# Losing compiler, so override with the script.
# FIXME: It is wrong to rewrite CC.
# But if we don't then we get into trouble of one sort or another.
# A longer-term fix would be to have automake use am__CC in this case,
# and then we could set am__CC=""\$(top_srcdir)/compile \$(CC)""","['fix', 'fixme']",Autotool,3,9928,9932
5512,indigo-astronomy/indigo,https://github.com/indigo-astronomy/indigo/blob/23f5fcf998bcc02acc6ad32e499bd50990e8a6e9/indigo_libs/externals/libjpeg/aclocal.m4#L9999,"# If neither matched, then we have a broken ls.  This can happen
# if, for instance, CONFIG_SHELL is bash and it inherits a
# broken ls alias from the environment.  This has actually
# happened.  Such a system could not be considered ""sane"".",['broken'],Autotool,1,9999,10002
5512,indigo-astronomy/indigo,https://github.com/indigo-astronomy/indigo/blob/23f5fcf998bcc02acc6ad32e499bd50990e8a6e9/indigo_libs/externals/libtiff/aclocal.m4#L345,"# Older Autoconf quotes --file arguments for eval, but not when files
# are listed without --file.  Let's play safe and only enable the eval
# if we detect the quoting.
# TODO: see whether this extra hack can be removed once we start
# requiring Autoconf 2.70 or later.","['todo', 'hack']",Autotool,2,345,349
5512,indigo-astronomy/indigo,https://github.com/indigo-astronomy/indigo/blob/23f5fcf998bcc02acc6ad32e499bd50990e8a6e9/indigo_libs/externals/libtiff/aclocal.m4#L822,"# Losing compiler, so override with the script.
# FIXME: It is wrong to rewrite CC.
# But if we don't then we get into trouble of one sort or another.
# A longer-term fix would be to have automake use am__CC in this case,
# and then we could set am__CC=""\$(top_srcdir)/compile \$(CC)""","['fix', 'fixme']",Autotool,3,822,826
5512,indigo-astronomy/indigo,https://github.com/indigo-astronomy/indigo/blob/23f5fcf998bcc02acc6ad32e499bd50990e8a6e9/indigo_libs/externals/libtiff/aclocal.m4#L893,"# If neither matched, then we have a broken ls.  This can happen
# if, for instance, CONFIG_SHELL is bash and it inherits a
# broken ls alias from the environment.  This has actually
# happened.  Such a system could not be considered ""sane"".",['broken'],Autotool,1,893,896
