repoIndex,repoName,linkLocation,comment,keywords,buildSysteminFile,charPosition,startLine,endLine
5539,libsdl-org/sdl,https://github.com/libsdl-org/sdl/blob/3f5c46663ece98872badf50e5743fcbfc7e07d1b/configure.ac#L39,"# For historical reasons, the library name redundantly includes the major
# version twice: libSDL2-2.0.so.0.
# TODO: in SDL 3, stop using -release, which will simplify it to libSDL3.so.0",['todo'],Autotool,0,39,41
5539,libsdl-org/sdl,https://github.com/libsdl-org/sdl/blob/3f5c46663ece98872badf50e5743fcbfc7e07d1b/configure.ac#L1680,dnl FIXME: Do BSD and OS X need special cases?,['fixme'],Autotool,0,1680,1680
5539,libsdl-org/sdl,https://github.com/libsdl-org/sdl/blob/3f5c46663ece98872badf50e5743fcbfc7e07d1b/configure.ac#L3306,"# FIXME: latest Cygwin finds dinput headers, but we die on other win32 headers.
# FIXME:  ...so force it off for now.",['fixme'],Autotool,8,3306,3307
5539,libsdl-org/sdl,https://github.com/libsdl-org/sdl/blob/3f5c46663ece98872badf50e5743fcbfc7e07d1b/configure.ac#L4301,"# This could be either full ""Mac OS X"", or plain ""Darwin"" which is
# just the OS X kernel sans upper layers like Carbon and Cocoa.
# Next line is broken, and a few files below require Mac OS X (full)",['broken'],Autotool,8,4301,4303
5539,libsdl-org/sdl,https://github.com/libsdl-org/sdl/blob/3f5c46663ece98872badf50e5743fcbfc7e07d1b/CMakeLists.txt#L48,"# !!! FIXME: this should probably do ""MACOSX_RPATH ON"" as a target property
# !!! FIXME:  for the SDL2 shared library (so you get an
# !!! FIXME:  install_name (""soname"") of ""@rpath/libSDL-whatever.dylib""
# !!! FIXME:  instead of ""/usr/local/lib/libSDL-whatever.dylib""), but I'm
# !!! FIXME:  punting for now and leaving the existing behavior. Until this
# !!! FIXME:  properly resolved, this line silences a warning in CMake 3.0+.
# !!! FIXME:  remove it and this comment entirely once the problem is
# !!! FIXME:  properly resolved.
#cmake_policy(SET CMP0042 OLD)",['fixme'],CMake,0,48,56
5539,libsdl-org/sdl,https://github.com/libsdl-org/sdl/blob/3f5c46663ece98872badf50e5743fcbfc7e07d1b/CMakeLists.txt#L111,"# For historical reasons, the library name redundantly includes the major
# version twice: libSDL2-2.0.so.0.
# TODO: in SDL 3, set the OUTPUT_NAME to plain SDL3, which will simplify
# it to libSDL3.so.0",['todo'],CMake,0,111,114
5539,libsdl-org/sdl,https://github.com/libsdl-org/sdl/blob/3f5c46663ece98872badf50e5743fcbfc7e07d1b/CMakeLists.txt#L188,# !!! FIXME: remove the version check when we start requiring >= 3.14.0,['fixme'],CMake,4,188,188
5539,libsdl-org/sdl,https://github.com/libsdl-org/sdl/blob/3f5c46663ece98872badf50e5743fcbfc7e07d1b/CMakeLists.txt#L231,"# The hidraw support doesn't catch Xbox, PS4 and Nintendo controllers,
#  so we'll just use libusb when it's available. libusb does not support iOS,
#  so we default to yes on iOS.
#  TODO: Windows can support libusb, the hid.c file just depends on Unix APIs",['todo'],CMake,0,231,234
5539,libsdl-org/sdl,https://github.com/libsdl-org/sdl/blob/3f5c46663ece98872badf50e5743fcbfc7e07d1b/CMakeLists.txt#L357,# !!! FIXME: do we _need_ to mess with CMAKE_C_FLAGS here?,['fixme'],CMake,2,357,357
5539,libsdl-org/sdl,https://github.com/libsdl-org/sdl/blob/3f5c46663ece98872badf50e5743fcbfc7e07d1b/CMakeLists.txt#L371,"# SDL_THREADS_ENABLED_BY_DEFAULT now defaults to ON, but pthread support might be disabled by default.
# !!! FIXME: most of these subsystems should default to ON if there are dummy implementations to be used.",['fixme'],CMake,2,371,372
5539,libsdl-org/sdl,https://github.com/libsdl-org/sdl/blob/3f5c46663ece98872badf50e5743fcbfc7e07d1b/CMakeLists.txt#L666,# FIXME: use generator expression instead of appending to EXTRA_LDFLAGS_BUILD,['fixme'],CMake,4,666,666
5539,libsdl-org/sdl,https://github.com/libsdl-org/sdl/blob/3f5c46663ece98872badf50e5743fcbfc7e07d1b/CMakeLists.txt#L707,"# TODO: Those all seem to be quite GCC specific - needs to be
# reworked for better compiler support",['todo'],CMake,4,707,708
5539,libsdl-org/sdl,https://github.com/libsdl-org/sdl/blob/3f5c46663ece98872badf50e5743fcbfc7e07d1b/CMakeLists.txt#L914,"# TODO: SDL_cpuinfo.h needs to support the user's configuration wish
# for MSVC - right now it is always activated",['todo'],CMake,4,914,915
5539,libsdl-org/sdl,https://github.com/libsdl-org/sdl/blob/3f5c46663ece98872badf50e5743fcbfc7e07d1b/CMakeLists.txt#L927,"# TODO: Can't deactivate on FreeBSD? w/o LIBC, SDL_stdinc.h can't define
# anything.",['todo'],CMake,0,927,928
5539,libsdl-org/sdl,https://github.com/libsdl-org/sdl/blob/3f5c46663ece98872badf50e5743fcbfc7e07d1b/CMakeLists.txt#L970,# TODO: refine the mprotect check,['todo'],CMake,4,970,970
5539,libsdl-org/sdl,https://github.com/libsdl-org/sdl/blob/3f5c46663ece98872badf50e5743fcbfc7e07d1b/CMakeLists.txt#L1223,"# Core stuff
# find_library(ANDROID_DL_LIBRARY dl)
# FIXME failing dlopen https://github.com/android-ndk/ndk/issues/929",['fixme'],CMake,4,1223,1225
5539,libsdl-org/sdl,https://github.com/libsdl-org/sdl/blob/3f5c46663ece98872badf50e5743fcbfc7e07d1b/CMakeLists.txt#L1369,# FIXME: implement CheckVulkan(),"['fixme', 'implement']",CMake,4,1369,1369
5539,libsdl-org/sdl,https://github.com/libsdl-org/sdl/blob/3f5c46663ece98872badf50e5743fcbfc7e07d1b/CMakeLists.txt#L1673,# TODO: change $ENV{DXSDL_DIR} to get the path from the include checks,['todo'],CMake,6,1673,1673
5539,libsdl-org/sdl,https://github.com/libsdl-org/sdl/blob/3f5c46663ece98872badf50e5743fcbfc7e07d1b/CMakeLists.txt#L1931,"# TODO: rework this all for proper MacOS X, iOS and Darwin support",['todo'],CMake,2,1931,1931
5539,libsdl-org/sdl,https://github.com/libsdl-org/sdl/blob/3f5c46663ece98872badf50e5743fcbfc7e07d1b/CMakeLists.txt#L1933,"# We always need these libs on macOS at the moment.
# !!! FIXME: we need Carbon for some very old API calls in
# !!! FIXME:  src/video/cocoa/SDL_cocoakeyboard.c, but we should figure out
# !!! FIXME:  how to dump those.",['fixme'],CMake,2,1933,1936
5539,libsdl-org/sdl,https://github.com/libsdl-org/sdl/blob/3f5c46663ece98872badf50e5743fcbfc7e07d1b/CMakeLists.txt#L2080,# iOS hack needed - http://code.google.com/p/ios-cmake/ ?,['hack'],CMake,2,2080,2080
5539,libsdl-org/sdl,https://github.com/libsdl-org/sdl/blob/3f5c46663ece98872badf50e5743fcbfc7e07d1b/CMakeLists.txt#L2246,# TODO: Use FIND_PACKAGE(OpenGL) instead,['todo'],CMake,6,2246,2246
5539,libsdl-org/sdl,https://github.com/libsdl-org/sdl/blob/3f5c46663ece98872badf50e5743fcbfc7e07d1b/CMakeLists.txt#L3111,"# FIXME: if CMAKE_VERSION >= 3.13, use target_link_options for EXTRA_LDFLAGS",['fixme'],CMake,2,3111,3111
5539,libsdl-org/sdl,https://github.com/libsdl-org/sdl/blob/3f5c46663ece98872badf50e5743fcbfc7e07d1b/CMakeLists.txt#L3146,"# TODO: Win32 platforms keep the same suffix .lib for import and static
# libraries - do we need to consider this?",['todo'],CMake,2,3146,3147
5539,libsdl-org/sdl,https://github.com/libsdl-org/sdl/blob/3f5c46663ece98872badf50e5743fcbfc7e07d1b/CMakeLists.txt#L3322,# TODO: what about the .spec file? Is it only needed for RPM creation?,['todo'],CMake,4,3322,3322
5539,libsdl-org/sdl,https://github.com/libsdl-org/sdl/blob/3f5c46663ece98872badf50e5743fcbfc7e07d1b/CMakeLists.txt#L3349,##### Fix Objective C builds #####,['fix'],CMake,0,3349,3349
5539,libsdl-org/sdl,https://github.com/libsdl-org/sdl/blob/3f5c46663ece98872badf50e5743fcbfc7e07d1b/test/CMakeLists.txt#L55,"# FIXME: Parent directory CMakeLists.txt only sets these for mingw/cygwin,
# but we need them for VS as well.",['fixme'],CMake,4,55,56
5539,libsdl-org/sdl,https://github.com/libsdl-org/sdl/blob/3f5c46663ece98872badf50e5743fcbfc7e07d1b/cmake/sdlchecks.cmake#L265,# TODO,['todo'],CMake,8,265,265
5539,libsdl-org/sdl,https://github.com/libsdl-org/sdl/blob/3f5c46663ece98872badf50e5743fcbfc7e07d1b/cmake/sdlchecks.cmake#L283,"# TODO: set include paths properly, so the NAS headers are found",['todo'],CMake,4,283,283
5539,libsdl-org/sdl,https://github.com/libsdl-org/sdl/blob/3f5c46663ece98872badf50e5743fcbfc7e07d1b/cmake/sdlchecks.cmake#L313,"# TODO: set include paths properly, so the sndio headers are found",['todo'],CMake,4,313,313
5539,libsdl-org/sdl,https://github.com/libsdl-org/sdl/blob/3f5c46663ece98872badf50e5743fcbfc7e07d1b/cmake/sdlchecks.cmake#L466,# !!! FIXME: why is this disabled for Apple?,['fixme'],CMake,6,466,466
5539,libsdl-org/sdl,https://github.com/libsdl-org/sdl/blob/3f5c46663ece98872badf50e5743fcbfc7e07d1b/cmake/sdlchecks.cmake#L1265,"# !!! FIXME: shouldn't be using CMAKE_C_FLAGS, right?",['fixme'],CMake,6,1265,1265
