repoIndex,repoName,linkLocation,comment,keywords,buildSysteminFile,charPosition,startLine,endLine
5739,aws-samples/containerized-game-servers,https://github.com/aws-samples/containerized-game-servers/blob/3d693b1a35db79e6a98752974b3c16090aa4cf76/craft/deps/glfw/CMakeLists.txt#L163,"# HACK: When building on MinGW, WINVER and UNICODE need to be defined before
# the inclusion of stddef.h (by glfw3.h), which is itself included before
# win32_platform.h.  We define them here until a saner solution can be found
# NOTE: MinGW-w64 and Visual C++ do /not/ need this hack.",['hack'],CMake,4,163,166
