repoIndex,repoName,linkLocation,comment,keywords,buildSysteminFile,charPosition,startLine,endLine
578,jhu-information-security-institute/nwsec,https://github.com/jhu-information-security-institute/nwsec/blob/f578b9a5cdfc5da90761cf8d27e887af1a9be503/applications/working/inetutils/inetutils-1.9.4/configure.ac#L276,"# FIXME: Presently rshd and rlogind prefer iruserok(3), which is not
# universally available.  Replacement code?  A fallback is being built
# from ruserok(3) and inet_ntoa(3).  Calls using iruserok/rusersok are
# used for non-PAM configured executables rshd/rlogind.",['fixme'],Autotool,0,276,279
578,jhu-information-security-institute/nwsec,https://github.com/jhu-information-security-institute/nwsec/blob/f578b9a5cdfc5da90761cf8d27e887af1a9be503/applications/working/inetutils/inetutils-1.9.4/configure.ac#L311,# FIXME: Make this test case a bit more robust.  Remove KRB4,['fixme'],Autotool,0,311,311
578,jhu-information-security-institute/nwsec,https://github.com/jhu-information-security-institute/nwsec/blob/f578b9a5cdfc5da90761cf8d27e887af1a9be503/applications/working/inetutils/inetutils-1.9.4/configure.ac#L332,# FIXME: Fix this to one test case.,"['fix', 'fixme']",Autotool,6,332,332
578,jhu-information-security-institute/nwsec,https://github.com/jhu-information-security-institute/nwsec/blob/f578b9a5cdfc5da90761cf8d27e887af1a9be503/applications/working/inetutils/inetutils-1.9.4/configure.ac#L351,# FIXME,['fixme'],Autotool,25,351,351
578,jhu-information-security-institute/nwsec,https://github.com/jhu-information-security-institute/nwsec/blob/f578b9a5cdfc5da90761cf8d27e887af1a9be503/applications/working/inetutils/inetutils-1.9.4/configure.ac#L525,"# There exist strange systems (FIXME: which ones?) where
# RECVHOPLIMIT might not be defined, but HOPLIMIT is.  So define
# that.",['fixme'],Autotool,6,525,527
578,jhu-information-security-institute/nwsec,https://github.com/jhu-information-security-institute/nwsec/blob/f578b9a5cdfc5da90761cf8d27e887af1a9be503/applications/working/inetutils/inetutils-1.9.4/configure.ac#L930,"# FIXME: Isn't this wrong? Shouldn't the declaration check define
#        this if we find h_errno?",['fixme'],Autotool,2,930,931
578,jhu-information-security-institute/nwsec,https://github.com/jhu-information-security-institute/nwsec/blob/f578b9a5cdfc5da90761cf8d27e887af1a9be503/applications/working/inetutils/inetutils-1.9.4/.pc/01_disable_useless_man_pages.patch/configure.ac#L277,"# FIXME: Presently rshd and rlogind prefer iruserok(3), which is not
# universally available.  Replacement code?  A fallback is being built
# from ruserok(3) and inet_ntoa(3).  Calls using iruserok/rusersok are
# used for non-PAM configured executables rshd/rlogind.",['fixme'],Autotool,0,277,280
578,jhu-information-security-institute/nwsec,https://github.com/jhu-information-security-institute/nwsec/blob/f578b9a5cdfc5da90761cf8d27e887af1a9be503/applications/working/inetutils/inetutils-1.9.4/.pc/01_disable_useless_man_pages.patch/configure.ac#L312,# FIXME: Make this test case a bit more robust.  Remove KRB4,['fixme'],Autotool,0,312,312
578,jhu-information-security-institute/nwsec,https://github.com/jhu-information-security-institute/nwsec/blob/f578b9a5cdfc5da90761cf8d27e887af1a9be503/applications/working/inetutils/inetutils-1.9.4/.pc/01_disable_useless_man_pages.patch/configure.ac#L333,# FIXME: Fix this to one test case.,"['fix', 'fixme']",Autotool,6,333,333
578,jhu-information-security-institute/nwsec,https://github.com/jhu-information-security-institute/nwsec/blob/f578b9a5cdfc5da90761cf8d27e887af1a9be503/applications/working/inetutils/inetutils-1.9.4/.pc/01_disable_useless_man_pages.patch/configure.ac#L352,# FIXME,['fixme'],Autotool,25,352,352
578,jhu-information-security-institute/nwsec,https://github.com/jhu-information-security-institute/nwsec/blob/f578b9a5cdfc5da90761cf8d27e887af1a9be503/applications/working/inetutils/inetutils-1.9.4/.pc/01_disable_useless_man_pages.patch/configure.ac#L526,"# There exist strange systems (FIXME: which ones?) where
# RECVHOPLIMIT might not be defined, but HOPLIMIT is.  So define
# that.",['fixme'],Autotool,6,526,528
578,jhu-information-security-institute/nwsec,https://github.com/jhu-information-security-institute/nwsec/blob/f578b9a5cdfc5da90761cf8d27e887af1a9be503/applications/working/inetutils/inetutils-1.9.4/.pc/01_disable_useless_man_pages.patch/configure.ac#L931,"# FIXME: Isn't this wrong? Shouldn't the declaration check define
#        this if we find h_errno?",['fixme'],Autotool,2,931,932
578,jhu-information-security-institute/nwsec,https://github.com/jhu-information-security-institute/nwsec/blob/f578b9a5cdfc5da90761cf8d27e887af1a9be503/applications/working/inetutils/inetutils-1.9.4/aclocal.m4#L103,"# Microsoft lib, so override with the ar-lib wrapper script.
# FIXME: It is wrong to rewrite AR.
# But if we don't then we get into trouble of one sort or another.
# A longer-term fix would be to have automake use am__AR in this case,
# and then we could set am__AR=""$am_aux_dir/ar-lib \$(AR)"" or something
# similar.","['fix', 'fixme']",Autotool,2,103,108
578,jhu-information-security-institute/nwsec,https://github.com/jhu-information-security-institute/nwsec/blob/f578b9a5cdfc5da90761cf8d27e887af1a9be503/applications/working/inetutils/inetutils-1.9.4/aclocal.m4#L456,"# AM_OUTPUT_DEPENDENCY_COMMANDS
# -----------------------------
# This macro should only be invoked once -- use via AC_REQUIRE.
#
# This code is only required when automatic dependency tracking
# is enabled.  FIXME.  This creates each '.P' file that we will
# need in order to bootstrap the dependency handling code.",['fixme'],Autotool,0,456,462
578,jhu-information-security-institute/nwsec,https://github.com/jhu-information-security-institute/nwsec/blob/f578b9a5cdfc5da90761cf8d27e887af1a9be503/applications/working/inetutils/inetutils-1.9.4/aclocal.m4#L863,"# Losing compiler, so override with the script.
# FIXME: It is wrong to rewrite CC.
# But if we don't then we get into trouble of one sort or another.
# A longer-term fix would be to have automake use am__CC in this case,
# and then we could set am__CC=""\$(top_srcdir)/compile \$(CC)""","['fix', 'fixme']",Autotool,3,863,867
578,jhu-information-security-institute/nwsec,https://github.com/jhu-information-security-institute/nwsec/blob/f578b9a5cdfc5da90761cf8d27e887af1a9be503/applications/working/inetutils/inetutils-1.9.4/aclocal.m4#L934,"# If neither matched, then we have a broken ls.  This can happen
# if, for instance, CONFIG_SHELL is bash and it inherits a
# broken ls alias from the environment.  This has actually
# happened.  Such a system could not be considered ""sane"".",['broken'],Autotool,1,934,937
