repoIndex,repoName,linkLocation,comment,keywords,buildSysteminFile,charPosition,startLine,endLine
5868,edgetx/edgetx,https://github.com/edgetx/edgetx/blob/7e540594fa426309750d8f59111f46e063a7f890/companion/src/CMakeLists.txt#L234,# TODO move to own lib with other dialogs,['todo'],CMake,37,234,234
5868,edgetx/edgetx,https://github.com/edgetx/edgetx/blob/7e540594fa426309750d8f59111f46e063a7f890/companion/src/CMakeLists.txt#L462,"# Qt5 + Cmake + Mac is poorly documented. A lot of this is guesswork
# and trial and error. Do not hesitate to fix it for the better","['fix', 'trial and error']",CMake,0,462,463
5868,edgetx/edgetx,https://github.com/edgetx/edgetx/blob/7e540594fa426309750d8f59111f46e063a7f890/companion/src/CMakeLists.txt#L500,# Todo is there a nicer way to get the QT Plugin directory name?!,['todo'],CMake,4,500,500
5868,edgetx/edgetx,https://github.com/edgetx/edgetx/blob/7e540594fa426309750d8f59111f46e063a7f890/companion/src/CMakeLists.txt#L523,"# Include depencies (adding frameworks, fixing the embbeded libraries)
# I get write errors without setting BU_CHMOD_BUNDLE_ITEMS even though it is
# technically a hack (that is already is in the Bundle library ...)",['hack'],CMake,2,523,525
5868,edgetx/edgetx,https://github.com/edgetx/edgetx/blob/7e540594fa426309750d8f59111f46e063a7f890/radio/src/CMakeLists.txt#L215,# TODO: LUA CMAKE,['todo'],CMake,2,215,215
5868,edgetx/edgetx,https://github.com/edgetx/edgetx/blob/7e540594fa426309750d8f59111f46e063a7f890/radio/src/storage/yaml/CMakeLists.txt#L76,"# Force to build 32 bit binaries (Fix for Apple Silicon M1 hosts)
# TODO: find a way to detect APPLE & M1
# set(YAML_GEN_ARGS ${YAML_GEN_ARGS} -m32)","['fix', 'todo']",CMake,0,76,78
5868,edgetx/edgetx,https://github.com/edgetx/edgetx/blob/7e540594fa426309750d8f59111f46e063a7f890/radio/src/targets/common/arm/stm32/bootloader/CMakeLists.txt#L1,"# TODO if the files order is different (these 2 SRC sections exchanged), the bootloader hangs for 20s in USB init. Why?",['todo'],CMake,0,1,1
5868,edgetx/edgetx,https://github.com/edgetx/edgetx/blob/7e540594fa426309750d8f59111f46e063a7f890/radio/src/targets/simu/CMakeLists.txt#L78,"# Introduced at 2.5 - TODO replace with a code change
# When compiled shared simulators using libopenui and Companion have classes named MainWindow
# When the simulator is launched from Companion the runtime dynamic linking can result in Companion overiding the simulator
# and crashing the simulator under some OSes
# The flag forces the runtime linker to always look for references in the simulator first",['todo'],CMake,2,78,82
5868,edgetx/edgetx,https://github.com/edgetx/edgetx/blob/7e540594fa426309750d8f59111f46e063a7f890/cmake/FindXercesC.cmake#L48,"# FIXME: There should be a better way of handling this?
# FIXME: How can we test to see if the lib dir isn't
# FIXME: one of the default dirs?",['fixme'],CMake,4,48,50
5868,edgetx/edgetx,https://github.com/edgetx/edgetx/blob/7e540594fa426309750d8f59111f46e063a7f890/cmake/NativeTargets.cmake#L40,# TODO: is that still necessary?,['todo'],CMake,2,40,40
