repoIndex,repoName,linkLocation,comment,keywords,buildSysteminFile,charPosition,startLine,endLine
5908,shiftmediaproject/libiconv,https://github.com/shiftmediaproject/libiconv/blob/8e459cd311abb24f3b39141f622c214a5f43085c/configure.ac#L40,dnl           hack,['hack'],Autotool,0,40,40
5908,shiftmediaproject/libiconv,https://github.com/shiftmediaproject/libiconv/blob/8e459cd311abb24f3b39141f622c214a5f43085c/configure.ac#L42,"dnl Hack to work around limitations of automake and error.m4 regarding LIBOBJS.
dnl ""srclib/Makefile.am:32: automatically discovered file `error.h' should not be explicitly mentioned""",['hack'],Autotool,0,42,43
5908,shiftmediaproject/libiconv,https://github.com/shiftmediaproject/libiconv/blob/8e459cd311abb24f3b39141f622c214a5f43085c/configure.ac#L162,dnl           hack,['hack'],Autotool,0,162,162
5908,shiftmediaproject/libiconv,https://github.com/shiftmediaproject/libiconv/blob/8e459cd311abb24f3b39141f622c214a5f43085c/configure.ac#L164,dnl End of hack to work around limitations of automake and error.m4.,['hack'],Autotool,0,164,164
