repoIndex,repoName,linkLocation,comment,keywords,buildSysteminFile,charPosition,startLine,endLine
591,julnadeauca/libagar,https://github.com/julnadeauca/libagar/blob/18cd02b82b1c1865f3155637f8f89e414c009c95/mk/libtool/aclocal.m4#L2130,"# FIXME - insert some real tests, host_os isn't really good enough",['fixme'],Autotool,0,2130,2130
591,julnadeauca/libagar,https://github.com/julnadeauca/libagar/blob/18cd02b82b1c1865f3155637f8f89e414c009c95/mk/libtool/aclocal.m4#L2419,"# FIXME: find the short name or the path components, as spaces are
# common. (e.g. ""Program Files"" -> ""PROGRA~1"")",['fixme'],Autotool,6,2419,2420
591,julnadeauca/libagar,https://github.com/julnadeauca/libagar/blob/18cd02b82b1c1865f3155637f8f89e414c009c95/mk/libtool/aclocal.m4#L2443,# FIXME: first we should search . and the directory the executable is in,['fixme'],Autotool,2,2443,2443
591,julnadeauca/libagar,https://github.com/julnadeauca/libagar/blob/18cd02b82b1c1865f3155637f8f89e414c009c95/mk/libtool/aclocal.m4#L2472,"# DragonFly does not have aout.  When/if they implement a new
# versioning mechanism, adjust this.",['implement'],Autotool,2,2472,2473
591,julnadeauca/libagar,https://github.com/julnadeauca/libagar/blob/18cd02b82b1c1865f3155637f8f89e414c009c95/mk/libtool/aclocal.m4#L2678,"# We used to test for /lib/ld.so.1 and disable shared libraries on
# powerpc, because MkLinux only supported shared libraries with the
# GNU dynamic linker.  Since this was broken with cross compilers,
# most powerpc-linux boxes support dynamic linking these days and
# people can always --disable-shared, the test was removed, and we
# assume the GNU/Linux dynamic linker is in use.",['broken'],Autotool,2,2678,2683
591,julnadeauca/libagar,https://github.com/julnadeauca/libagar/blob/18cd02b82b1c1865f3155637f8f89e414c009c95/mk/libtool/aclocal.m4#L3896,"# FIXME: we need at least 68020 code to build shared libraries, but
# adding the `-m68020' flag to GCC prevents building anything better,
# like `-m68040'.",['fixme'],Autotool,12,3896,3898
591,julnadeauca/libagar,https://github.com/julnadeauca/libagar/blob/18cd02b82b1c1865f3155637f8f89e414c009c95/mk/libtool/aclocal.m4#L3908,"# This hack is so that the source file can tell whether it is being
# built for inclusion in a dll (and should export symbols for example).
# Although the cygwin gcc ignores -fPIC, still need this for old-style
# (--disable-auto-import) libraries",['hack'],Autotool,6,3908,3911
591,julnadeauca/libagar,https://github.com/julnadeauca/libagar/blob/18cd02b82b1c1865f3155637f8f89e414c009c95/mk/libtool/aclocal.m4#L3925,"# PIC is the default for Haiku.
# The ""-static"" flag exists, but is broken.",['broken'],Autotool,6,3925,3926
591,julnadeauca/libagar,https://github.com/julnadeauca/libagar/blob/18cd02b82b1c1865f3155637f8f89e414c009c95/mk/libtool/aclocal.m4#L3930,"# Interix 3.x gcc -fpic/-fPIC options generate broken code.
# Instead, we relocate shared libraries at runtime.",['broken'],Autotool,6,3930,3931
591,julnadeauca/libagar,https://github.com/julnadeauca/libagar/blob/18cd02b82b1c1865f3155637f8f89e414c009c95/mk/libtool/aclocal.m4#L3979,"# This hack is so that the source file can tell whether it is being
# built for inclusion in a dll (and should export symbols for example).",['hack'],Autotool,1,3979,3980
591,julnadeauca/libagar,https://github.com/julnadeauca/libagar/blob/18cd02b82b1c1865f3155637f8f89e414c009c95/mk/libtool/aclocal.m4#L4213,"# FIXME: we need at least 68020 code to build shared libraries, but
# adding the `-m68020' flag to GCC prevents building anything better,
# like `-m68040'.",['fixme'],Autotool,12,4213,4215
591,julnadeauca/libagar,https://github.com/julnadeauca/libagar/blob/18cd02b82b1c1865f3155637f8f89e414c009c95/mk/libtool/aclocal.m4#L4226,"# This hack is so that the source file can tell whether it is being
# built for inclusion in a dll (and should export symbols for example).
# Although the cygwin gcc ignores -fPIC, still need this for old-style
# (--disable-auto-import) libraries",['hack'],Autotool,6,4226,4229
591,julnadeauca/libagar,https://github.com/julnadeauca/libagar/blob/18cd02b82b1c1865f3155637f8f89e414c009c95/mk/libtool/aclocal.m4#L4241,"# PIC is the default for Haiku.
# The ""-static"" flag exists, but is broken.",['broken'],Autotool,6,4241,4242
591,julnadeauca/libagar,https://github.com/julnadeauca/libagar/blob/18cd02b82b1c1865f3155637f8f89e414c009c95/mk/libtool/aclocal.m4#L4261,"# Interix 3.x gcc -fpic/-fPIC options generate broken code.
# Instead, we relocate shared libraries at runtime.",['broken'],Autotool,6,4261,4262
591,julnadeauca/libagar,https://github.com/julnadeauca/libagar/blob/18cd02b82b1c1865f3155637f8f89e414c009c95/mk/libtool/aclocal.m4#L4311,"# This hack is so that the source file can tell whether it is being
# built for inclusion in a dll (and should export symbols for example).",['hack'],Autotool,6,4311,4312
591,julnadeauca/libagar,https://github.com/julnadeauca/libagar/blob/18cd02b82b1c1865f3155637f8f89e414c009c95/mk/libtool/aclocal.m4#L4701,"# On AIX/PPC, the GNU linker is very broken",['broken'],Autotool,6,4701,4701
591,julnadeauca/libagar,https://github.com/julnadeauca/libagar/blob/18cd02b82b1c1865f3155637f8f89e414c009c95/mk/libtool/aclocal.m4#L4780,"# Hack: On Interix 3.x, we cannot compile PIC because of a broken gcc.
# Instead, shared libraries are loaded at an image base (0x10000000 by
# default) and relocated if they conflict, which is a slow very memory
# consuming and fragmenting process.  To avoid this, we pick a random,
# 256 KiB-aligned image base between 0x50000000 and 0x6FFC0000 at link
# time.  Moving up from 0x10000000 also allows more sbrk(2) space.","['hack', 'broken']",Autotool,6,4780,4785
591,julnadeauca/libagar,https://github.com/julnadeauca/libagar/blob/18cd02b82b1c1865f3155637f8f89e414c009c95/mk/libtool/aclocal.m4#L4960,"# Neither direct hardcoding nor static linking is supported with a
# broken collect2.",['broken'],Autotool,1,4960,4961
591,julnadeauca/libagar,https://github.com/julnadeauca/libagar/blob/18cd02b82b1c1865f3155637f8f89e414c009c95/mk/libtool/aclocal.m4#L5002,"# When large executables or shared objects are built, AIX ld can
# have problems creating the table of contents.  If linking a library
# or program results in ""error TOC overflow"" add -mminimal-toc to
# CXXFLAGS/CFLAGS for g++/gcc.  In the cases where that is not
# enough to fix the problem, add -Wl,-bbigtoc to LDFLAGS.",['fix'],Autotool,6,5002,5006
591,julnadeauca/libagar,https://github.com/julnadeauca/libagar/blob/18cd02b82b1c1865f3155637f8f89e414c009c95/mk/libtool/aclocal.m4#L5017,"# We only want to do this on AIX 4.2 and lower, the check
# below for broken collect2 doesn't work under 4.3+",['broken'],Autotool,1,5017,5018
591,julnadeauca/libagar,https://github.com/julnadeauca/libagar/blob/18cd02b82b1c1865f3155637f8f89e414c009c95/mk/libtool/aclocal.m4#L5061,"# Warning - without using the other runtime loading flags (-brtl),
# -berok will link without error, but may produce a broken library.",['broken'],Autotool,1,5061,5062
591,julnadeauca/libagar,https://github.com/julnadeauca/libagar/blob/18cd02b82b1c1865f3155637f8f89e414c009c95/mk/libtool/aclocal.m4#L5079,"# Warning - without using the other run time loading flags,
# -berok will link without error, but may produce a broken library.",['broken'],Autotool,3,5079,5080
591,julnadeauca/libagar,https://github.com/julnadeauca/libagar/blob/18cd02b82b1c1865f3155637f8f89e414c009c95/mk/libtool/aclocal.m4#L5132,# FIXME: Setting linknames here is a bad hack.,"['hack', 'fixme']",Autotool,1,5132,5132
591,julnadeauca/libagar,https://github.com/julnadeauca/libagar/blob/18cd02b82b1c1865f3155637f8f89e414c009c95/mk/libtool/aclocal.m4#L5170,# FIXME: Setting linknames here is a bad hack.,"['hack', 'fixme']",Autotool,1,5170,5170
591,julnadeauca/libagar,https://github.com/julnadeauca/libagar/blob/18cd02b82b1c1865f3155637f8f89e414c009c95/mk/libtool/aclocal.m4#L5609,# FIXME: we may have to deal with multi-command sequences.,['fixme'],Autotool,6,5609,5609
591,julnadeauca/libagar,https://github.com/julnadeauca/libagar/blob/18cd02b82b1c1865f3155637f8f89e414c009c95/mk/libtool/aclocal.m4#L5722,"dnl FIXME: Not yet implemented
dnl _LT_TAGDECL([], [thread_safe_flag_spec], [1],
dnl    [Compiler flag to generate thread safe objects])",['fixme'],Autotool,0,5722,5724
591,julnadeauca/libagar,https://github.com/julnadeauca/libagar/blob/18cd02b82b1c1865f3155637f8f89e414c009c95/mk/libtool/aclocal.m4#L5928,"# If archive_cmds runs LD, not CC, wlarc should be empty
# XXX I think wlarc can be eliminated in ltcf-cxx, but I need to
#     investigate it a little bit more. (MM)",['xxx'],Autotool,8,5928,5930
591,julnadeauca/libagar,https://github.com/julnadeauca/libagar/blob/18cd02b82b1c1865f3155637f8f89e414c009c95/mk/libtool/aclocal.m4#L5968,# FIXME: insert proper C++ library support,['fixme'],Autotool,8,5968,5968
591,julnadeauca/libagar,https://github.com/julnadeauca/libagar/blob/18cd02b82b1c1865f3155637f8f89e414c009c95/mk/libtool/aclocal.m4#L6000,"# When large executables or shared objects are built, AIX ld can
# have problems creating the table of contents.  If linking a library
# or program results in ""error TOC overflow"" add -mminimal-toc to
# CXXFLAGS/CFLAGS for g++/gcc.  In the cases where that is not
# enough to fix the problem, add -Wl,-bbigtoc to LDFLAGS.",['fix'],Autotool,8,6000,6004
591,julnadeauca/libagar,https://github.com/julnadeauca/libagar/blob/18cd02b82b1c1865f3155637f8f89e414c009c95/mk/libtool/aclocal.m4#L6015,"# We only want to do this on AIX 4.2 and lower, the check
# below for broken collect2 doesn't work under 4.3+",['broken'],Autotool,10,6015,6016
591,julnadeauca/libagar,https://github.com/julnadeauca/libagar/blob/18cd02b82b1c1865f3155637f8f89e414c009c95/mk/libtool/aclocal.m4#L6059,"# Warning - without using the other runtime loading flags (-brtl),
# -berok will link without error, but may produce a broken library.",['broken'],Autotool,10,6059,6060
591,julnadeauca/libagar,https://github.com/julnadeauca/libagar/blob/18cd02b82b1c1865f3155637f8f89e414c009c95/mk/libtool/aclocal.m4#L6078,"# Warning - without using the other run time loading flags,
# -berok will link without error, but may produce a broken library.",['broken'],Autotool,5,6078,6079
591,julnadeauca/libagar,https://github.com/julnadeauca/libagar/blob/18cd02b82b1c1865f3155637f8f89e414c009c95/mk/libtool/aclocal.m4#L6131,# FIXME: Setting linknames here is a bad hack.,"['hack', 'fixme']",Autotool,3,6131,6131
591,julnadeauca/libagar,https://github.com/julnadeauca/libagar/blob/18cd02b82b1c1865f3155637f8f89e414c009c95/mk/libtool/aclocal.m4#L6194,# FIXME: insert proper C++ library support,['fixme'],Autotool,5,6194,6194
591,julnadeauca/libagar,https://github.com/julnadeauca/libagar/blob/18cd02b82b1c1865f3155637f8f89e414c009c95/mk/libtool/aclocal.m4#L6198,"# Green Hills C++ Compiler
# FIXME: insert proper C++ library support",['fixme'],Autotool,5,6198,6199
591,julnadeauca/libagar,https://github.com/julnadeauca/libagar/blob/18cd02b82b1c1865f3155637f8f89e414c009c95/mk/libtool/aclocal.m4#L6203,# FIXME: insert proper C++ library support,['fixme'],Autotool,5,6203,6203
591,julnadeauca/libagar,https://github.com/julnadeauca/libagar/blob/18cd02b82b1c1865f3155637f8f89e414c009c95/mk/libtool/aclocal.m4#L6210,# C++ shared libraries reported to be fairly broken before,['broken'],Autotool,8,6210,6210
591,julnadeauca/libagar,https://github.com/julnadeauca/libagar/blob/18cd02b82b1c1865f3155637f8f89e414c009c95/mk/libtool/aclocal.m4#L6244,# FIXME: insert proper C++ library support,['fixme'],Autotool,12,6244,6244
591,julnadeauca/libagar,https://github.com/julnadeauca/libagar/blob/18cd02b82b1c1865f3155637f8f89e414c009c95/mk/libtool/aclocal.m4#L6263,# FIXME: insert proper C++ library support,['fixme'],Autotool,14,6263,6263
591,julnadeauca/libagar,https://github.com/julnadeauca/libagar/blob/18cd02b82b1c1865f3155637f8f89e414c009c95/mk/libtool/aclocal.m4#L6299,# FIXME: insert proper C++ library support,['fixme'],Autotool,5,6299,6299
591,julnadeauca/libagar,https://github.com/julnadeauca/libagar/blob/18cd02b82b1c1865f3155637f8f89e414c009c95/mk/libtool/aclocal.m4#L6340,# FIXME: insert proper C++ library support,['fixme'],Autotool,7,6340,6340
591,julnadeauca/libagar,https://github.com/julnadeauca/libagar/blob/18cd02b82b1c1865f3155637f8f89e414c009c95/mk/libtool/aclocal.m4#L6352,"# Hack: On Interix 3.x, we cannot compile PIC because of a broken gcc.
# Instead, shared libraries are loaded at an image base (0x10000000 by
# default) and relocated if they conflict, which is a slow very memory
# consuming and fragmenting process.  To avoid this, we pick a random,
# 256 KiB-aligned image base between 0x50000000 and 0x6FFC0000 at link
# time.  Moving up from 0x10000000 also allows more sbrk(2) space.","['hack', 'broken']",Autotool,1,6352,6357
591,julnadeauca/libagar,https://github.com/julnadeauca/libagar/blob/18cd02b82b1c1865f3155637f8f89e414c009c95/mk/libtool/aclocal.m4#L6532,# FIXME: insert proper C++ library support,['fixme'],Autotool,8,6532,6532
591,julnadeauca/libagar,https://github.com/julnadeauca/libagar/blob/18cd02b82b1c1865f3155637f8f89e414c009c95/mk/libtool/aclocal.m4#L6537,# FIXME: insert proper C++ library support,['fixme'],Autotool,8,6537,6537
591,julnadeauca/libagar,https://github.com/julnadeauca/libagar/blob/18cd02b82b1c1865f3155637f8f89e414c009c95/mk/libtool/aclocal.m4#L6544,# FIXME: insert proper C++ library support,['fixme'],Autotool,5,6544,6544
591,julnadeauca/libagar,https://github.com/julnadeauca/libagar/blob/18cd02b82b1c1865f3155637f8f89e414c009c95/mk/libtool/aclocal.m4#L6548,# FIXME: insert proper C++ library support,['fixme'],Autotool,5,6548,6548
591,julnadeauca/libagar,https://github.com/julnadeauca/libagar/blob/18cd02b82b1c1865f3155637f8f89e414c009c95/mk/libtool/aclocal.m4#L6562,# Workaround some broken pre-1.5 toolchains,"['broken', 'workaround']",Autotool,1,6562,6562
591,julnadeauca/libagar,https://github.com/julnadeauca/libagar/blob/18cd02b82b1c1865f3155637f8f89e414c009c95/mk/libtool/aclocal.m4#L6614,"# Rational C++ 2.4.1
# FIXME: insert proper C++ library support",['fixme'],Autotool,5,6614,6615
591,julnadeauca/libagar,https://github.com/julnadeauca/libagar/blob/18cd02b82b1c1865f3155637f8f89e414c009c95/mk/libtool/aclocal.m4#L6830,"# NonStop-UX NCC 3.20
# FIXME: insert proper C++ library support",['fixme'],Autotool,5,6830,6831
591,julnadeauca/libagar,https://github.com/julnadeauca/libagar/blob/18cd02b82b1c1865f3155637f8f89e414c009c95/mk/libtool/aclocal.m4#L6835,# FIXME: insert proper C++ library support,['fixme'],Autotool,5,6835,6835
591,julnadeauca/libagar,https://github.com/julnadeauca/libagar/blob/18cd02b82b1c1865f3155637f8f89e414c009c95/mk/libtool/aclocal.m4#L6842,# FIXME: insert proper C++ library support,['fixme'],Autotool,8,6842,6842
591,julnadeauca/libagar,https://github.com/julnadeauca/libagar/blob/18cd02b82b1c1865f3155637f8f89e414c009c95/mk/libtool/aclocal.m4#L6847,# FIXME: insert proper C++ library support,['fixme'],Autotool,8,6847,6847
591,julnadeauca/libagar,https://github.com/julnadeauca/libagar/blob/18cd02b82b1c1865f3155637f8f89e414c009c95/mk/libtool/aclocal.m4#L7080,# PORTME: override above test on systems where it is broken,['broken'],Autotool,0,7080,7080
591,julnadeauca/libagar,https://github.com/julnadeauca/libagar/blob/18cd02b82b1c1865f3155637f8f89e414c009c95/mk/libtool/aclocal.m4#L7084,"# Interix 3.5 installs completely hosed .la files for C++, so rather than
# hack all around it, let's just trust ""g++"" to DTRT.",['hack'],Autotool,2,7084,7085
591,julnadeauca/libagar,https://github.com/julnadeauca/libagar/blob/18cd02b82b1c1865f3155637f8f89e414c009c95/mk/libtool/aclocal.m4#L8140,"# _LT_ENABLE_SHARED([DEFAULT])
# ----------------------------
# implement the --enable-shared flag, and supports the `shared' and
# `disable-shared' LT_INIT options.
# DEFAULT is either `yes' or `no'.  If omitted, it defaults to `yes'.",['implement'],Autotool,0,8140,8144
591,julnadeauca/libagar,https://github.com/julnadeauca/libagar/blob/18cd02b82b1c1865f3155637f8f89e414c009c95/mk/libtool/aclocal.m4#L8194,"# _LT_ENABLE_STATIC([DEFAULT])
# ----------------------------
# implement the --enable-static flag, and support the `static' and
# `disable-static' LT_INIT options.
# DEFAULT is either `yes' or `no'.  If omitted, it defaults to `yes'.",['implement'],Autotool,0,8194,8198
591,julnadeauca/libagar,https://github.com/julnadeauca/libagar/blob/18cd02b82b1c1865f3155637f8f89e414c009c95/mk/libtool/aclocal.m4#L8248,"# _LT_ENABLE_FAST_INSTALL([DEFAULT])
# ----------------------------------
# implement the --enable-fast-install flag, and support the `fast-install'
# and `disable-fast-install' LT_INIT options.
# DEFAULT is either `yes' or `no'.  If omitted, it defaults to `yes'.",['implement'],Autotool,0,8248,8252
591,julnadeauca/libagar,https://github.com/julnadeauca/libagar/blob/18cd02b82b1c1865f3155637f8f89e414c009c95/mk/libtool/aclocal.m4#L8304,"# _LT_WITH_PIC([MODE])
# --------------------
# implement the --with-pic flag, and support the `pic-only' and `no-pic'
# LT_INIT options.
# MODE is either `yes' or `no'.  If omitted, it defaults to `both'.",['implement'],Autotool,0,8304,8308
591,julnadeauca/libagar,https://github.com/julnadeauca/libagar/blob/18cd02b82b1c1865f3155637f8f89e414c009c95/mk/libtool/aclocal.m4#L8524,"# These exist entirely to fool aclocal when bootstrapping libtool.
#
# In the past libtool.m4 has provided macros via AC_DEFUN (or AU_DEFUN)
# which have later been changed to m4_define as they aren't part of the
# exported API, or moved to Autoconf or Automake where they belong.
#
# The trouble is, aclocal is a bit thick.  It'll see the old AC_DEFUN
# in /usr/share/aclocal/libtool.m4 and remember it, then when it sees us
# using a macro with the same name in our local m4/libtool.m4 it'll
# pull the old libtool.m4 in (it doesn't see our shiny new m4_define
# and doesn't know about Autoconf macros at all.)
#
# So we provide this file, which has a silly filename so it's always
# included after everything else.  This provides aclocal with the
# AC_DEFUNs it wants, but when m4 processes it, it doesn't do anything
# because those macros already exist, or will be overwritten later.
# We use AC_DEFUN over AU_DEFUN for compatibility with aclocal-1.6. 
#
# Anytime we withdraw an AC_DEFUN or AU_DEFUN, remember to add it here.
# Yes, that means every name once taken will need to remain here until
# we give up compatibility with versions before 1.7, at which point
# we need to keep only those names which we still refer to.","['silly', 'give up']",Autotool,0,8524,8545
