repoIndex,repoName,linkLocation,comment,keywords,buildSysteminFile,charPosition,startLine,endLine
592,jedisct1/pincaster,https://github.com/jedisct1/pincaster/blob/07a7c04650aa37a1ad9730696aa05847f3ad083c/src/levent2/CMakeLists.txt#L152,# TODO: Add --disable-largefile     omit support for large files,['todo'],CMake,0,152,152
592,jedisct1/pincaster,https://github.com/jedisct1/pincaster/blob/07a7c04650aa37a1ad9730696aa05847f3ad083c/src/levent2/CMakeLists.txt#L317,# we use this hack in tests,['hack'],CMake,9,317,317
592,jedisct1/pincaster,https://github.com/jedisct1/pincaster/blob/07a7c04650aa37a1ad9730696aa05847f3ad083c/src/levent2/CMakeLists.txt#L342,# TODO: Add --gc-sections support. We need some checks for NetBSD to ensure this works.,['todo'],CMake,8,342,342
592,jedisct1/pincaster,https://github.com/jedisct1/pincaster/blob/07a7c04650aa37a1ad9730696aa05847f3ad083c/src/levent2/CMakeLists.txt#L657,# XXX we should functionalize these size and type sets. --elley,['xxx'],CMake,0,657,657
592,jedisct1/pincaster,https://github.com/jedisct1/pincaster/blob/07a7c04650aa37a1ad9730696aa05847f3ad083c/src/levent2/CMakeLists.txt#L701,"# Tests file offset bits.
# TODO: Add AIX test for if -D_LARGE_FILES is needed.",['todo'],CMake,0,701,702
592,jedisct1/pincaster,https://github.com/jedisct1/pincaster/blob/07a7c04650aa37a1ad9730696aa05847f3ad083c/src/levent2/CMakeLists.txt#L704,"# XXX: Why is this here? we don't even use it. Well, we don't even use it
#      on top of that, why is it set in the config.h?! IT_MAKES_NO_SENSE
#      I'm commenting it out for now.
#      - ellzey",['xxx'],CMake,0,704,707
