repoIndex,repoName,linkLocation,comment,keywords,buildSysteminFile,charPosition,startLine,endLine
593,kfish/xsel,https://github.com/kfish/xsel/blob/9fc4e3e4e3f1231cabfdc2e1438155f9390bc517/aclocal.m4#L397,"# AM_OUTPUT_DEPENDENCY_COMMANDS
# -----------------------------
# This macro should only be invoked once -- use via AC_REQUIRE.
#
# This code is only required when automatic dependency tracking
# is enabled.  FIXME.  This creates each '.P' file that we will
# need in order to bootstrap the dependency handling code.",['fixme'],Autotool,0,397,403
593,kfish/xsel,https://github.com/kfish/xsel/blob/9fc4e3e4e3f1231cabfdc2e1438155f9390bc517/aclocal.m4#L829,"# Losing compiler, so override with the script.
# FIXME: It is wrong to rewrite CC.
# But if we don't then we get into trouble of one sort or another.
# A longer-term fix would be to have automake use am__CC in this case,
# and then we could set am__CC=""\$(top_srcdir)/compile \$(CC)""","['fix', 'fixme']",Autotool,3,829,833
593,kfish/xsel,https://github.com/kfish/xsel/blob/9fc4e3e4e3f1231cabfdc2e1438155f9390bc517/aclocal.m4#L900,"# If neither matched, then we have a broken ls.  This can happen
# if, for instance, CONFIG_SHELL is bash and it inherits a
# broken ls alias from the environment.  This has actually
# happened.  Such a system could not be considered ""sane"".",['broken'],Autotool,1,900,903
