repoIndex,repoName,linkLocation,comment,keywords,buildSysteminFile,charPosition,startLine,endLine
6,zhonghuasheng/projects,https://github.com/zhonghuasheng/projects/blob/92a23e0a8c771d7ab253e395300ac88dc9f2a4ba/redis3.0-sourcecode/deps/jemalloc/configure.ac#L990,"dnl Check whether the BSD-specific _pthread_mutex_init_calloc_cb() exists.  If
dnl so, mutex initialization causes allocation, and we need to implement this
dnl callback function in order to prevent recursive allocation.",['implement'],Autotool,0,990,992
6,zhonghuasheng/projects,https://github.com/zhonghuasheng/projects/blob/92a23e0a8c771d7ab253e395300ac88dc9f2a4ba/redis6.2.6-sourcecode/deps/jemalloc/configure.ac#L1675,"dnl Check whether the BSD-specific _pthread_mutex_init_calloc_cb() exists.  If
dnl so, mutex initialization causes allocation, and we need to implement this
dnl callback function in order to prevent recursive allocation.",['implement'],Autotool,0,1675,1677
