repoIndex,repoName,linkLocation,comment,keywords,buildSysteminFile,charPosition,startLine,endLine
6032,sneeds-feed-and-seed/sneedacity,https://github.com/sneeds-feed-and-seed/sneedacity/blob/1f69f052f9154f5f4433cdad9afbb80ed6f5b2f8/lib-src/libflac/src/libFLAC/Makefile.am#L39,"# FIXME: The following logic should be part of configure, not of Makefile.am",['fixme'],Autotool,0,39,39
6032,sneeds-feed-and-seed/sneedacity,https://github.com/sneeds-feed-and-seed/sneedacity/blob/1f69f052f9154f5f4433cdad9afbb80ed6f5b2f8/lib-src/libflac/src/plugin_xmms/Makefile.am#L48,"# work around the bug in libtool where its relinking fails with a different DESTDIR
# for libtool bug info see:
#   http://mail.gnu.org/pipermail/bug-libtool/2002-February/003018.html
#   http://mail.gnu.org/pipermail/libtool/2002-April/006244.html
#   http://mail.gnu.org/pipermail/libtool/2002-April/006250.html
# for fix info see:
#   http://lists.freshrpms.net/pipermail/rpm-list/2002-April/000746.html
# the workaround is the extra '-L$(top_builddir)/src/libFLAC/.libs'","['fix', 'workaround']",Autotool,0,48,55
6032,sneeds-feed-and-seed/sneedacity,https://github.com/sneeds-feed-and-seed/sneedacity/blob/1f69f052f9154f5f4433cdad9afbb80ed6f5b2f8/lib-src/libvorbis/doc/Makefile.am#L51,"# FIXME: also needed here
#	white-xifish.png ",['fixme'],Autotool,0,51,52
6032,sneeds-feed-and-seed/sneedacity,https://github.com/sneeds-feed-and-seed/sneedacity/blob/1f69f052f9154f5f4433cdad9afbb80ed6f5b2f8/lib-src/libflac/src/libFLAC/Makefile.in#L468,"# FIXME: The following logic should be part of configure, not of Makefile.am",['fixme'],Autotool,0,468,468
6032,sneeds-feed-and-seed/sneedacity,https://github.com/sneeds-feed-and-seed/sneedacity/blob/1f69f052f9154f5f4433cdad9afbb80ed6f5b2f8/lib-src/libflac/src/plugin_xmms/Makefile.in#L403,"# work around the bug in libtool where its relinking fails with a different DESTDIR
# for libtool bug info see:
#   http://mail.gnu.org/pipermail/bug-libtool/2002-February/003018.html
#   http://mail.gnu.org/pipermail/libtool/2002-April/006244.html
#   http://mail.gnu.org/pipermail/libtool/2002-April/006250.html
# for fix info see:
#   http://lists.freshrpms.net/pipermail/rpm-list/2002-April/000746.html
# the workaround is the extra '-L$(top_builddir)/src/libFLAC/.libs'","['fix', 'workaround']",Autotool,0,403,410
6032,sneeds-feed-and-seed/sneedacity,https://github.com/sneeds-feed-and-seed/sneedacity/blob/1f69f052f9154f5f4433cdad9afbb80ed6f5b2f8/lib-src/libvorbis/doc/Makefile.in#L396,"# FIXME: also needed here
#	white-xifish.png ",['fixme'],Autotool,0,396,397
6032,sneeds-feed-and-seed/sneedacity,https://github.com/sneeds-feed-and-seed/sneedacity/blob/1f69f052f9154f5f4433cdad9afbb80ed6f5b2f8/lib-src/libmad/configure.ac#L306,# FIXME: need to test for 64-bit long long...,['fixme'],Autotool,1,306,306
6032,sneeds-feed-and-seed/sneedacity,https://github.com/sneeds-feed-and-seed/sneedacity/blob/1f69f052f9154f5f4433cdad9afbb80ed6f5b2f8/lib-src/libsndfile/configure.ac#L601,"dnl Disable -Wall, -pedantic and -Wshadow for Apple Darwin/Rhapsody.
dnl System headers on these systems are broken.",['broken'],Autotool,4,601,602
6032,sneeds-feed-and-seed/sneedacity,https://github.com/sneeds-feed-and-seed/sneedacity/blob/1f69f052f9154f5f4433cdad9afbb80ed6f5b2f8/CMakeLists.txt#L179,"# uninstall target, adding this before anything stupid (wxwidgets) does",['stupid'],CMake,0,179,179
6032,sneeds-feed-and-seed/sneedacity,https://github.com/sneeds-feed-and-seed/sneedacity/blob/1f69f052f9154f5f4433cdad9afbb80ed6f5b2f8/cmake-proxies/wxWidgets/CMakeLists.txt#L82,# XXX: Look into importing instead of adding to this project,['xxx'],CMake,6,82,82
6032,sneeds-feed-and-seed/sneedacity,https://github.com/sneeds-feed-and-seed/sneedacity/blob/1f69f052f9154f5f4433cdad9afbb80ed6f5b2f8/lib-src/portmidi/CMakeLists.txt#L44,"# Problem: if there was an old Debug build and you change
#  CMAKE_BUILD_TYPE to Release, then the OUTPUT_DIRECTORY's will
#  still be Debug. Try to fix this by checking if the DIRECTORY's
#  look wrong, and if so, force them to the defaults:",['fix'],CMake,2,44,47
6032,sneeds-feed-and-seed/sneedacity,https://github.com/sneeds-feed-and-seed/sneedacity/blob/1f69f052f9154f5f4433cdad9afbb80ed6f5b2f8/lib-src/portmidi/pm_dylib/CMakeLists.txt#L67,"# message(STATUS ""JAVA_JVM_LIB_PATH is "" ${JAVA_JVM_LIB_PATH})
# message(STATUS ""JAVA_INCLUDE_PATH is "" ${JAVA_INCLUDE_PATH})
# note: should use JAVA_JVM_LIB_PATH, but it is not set properly
# note: user might need to set JAVA_INCLUDE_PATH manually
#
# this will probably break on BSD and other Unix systems; the fix
# depends on whether FindJNI can find Java or not. If yes, then
# we should try to rely on automatically set JAVA_INCLUDE_PATH and
# JAVA_INCLUDE_PATH2; if no, then we need to make both JAVA_INCLUDE_PATH
# and JAVA_INCLUDE_PATH2 set by user (will need clear documentation
# because JAVA_INCLUDE_PATH2 is pretty obscure)",['fix'],CMake,4,67,77
6032,sneeds-feed-and-seed/sneedacity,https://github.com/sneeds-feed-and-seed/sneedacity/blob/1f69f052f9154f5f4433cdad9afbb80ed6f5b2f8/nyquist/CMakeLists.txt#L61,# Fix this when reorganizing the Nyquist sources,['fix'],CMake,3,61,61
6032,sneeds-feed-and-seed/sneedacity,https://github.com/sneeds-feed-and-seed/sneedacity/blob/1f69f052f9154f5f4433cdad9afbb80ed6f5b2f8/src/CMakeLists.txt#L1245,"# Bug 2400 workaround
#
# Replaces the SDK version in the built executable with 10.13 to
# prevent high CPU usage and slow drawing on Mojave or newer",['workaround'],CMake,3,1245,1248
6032,sneeds-feed-and-seed/sneedacity,https://github.com/sneeds-feed-and-seed/sneedacity/blob/1f69f052f9154f5f4433cdad9afbb80ed6f5b2f8/cmake-proxies/cmake-modules/FindwxWidgets.cmake#L111,"#
# FIXME: check this and provide a correct sample usage...
#        Remember to connect back to the upper text.
# Sample usage with monolithic wx build:
#
#   find_package(wxWidgets COMPONENTS mono)
#   ...",['fixme'],CMake,0,111,117
6032,sneeds-feed-and-seed/sneedacity,https://github.com/sneeds-feed-and-seed/sneedacity/blob/1f69f052f9154f5f4433cdad9afbb80ed6f5b2f8/cmake-proxies/cmake-modules/FindwxWidgets.cmake#L139,"# TODO/ideas
#
# (1) Option/Setting to use all available wx libs
# In contrast to expert developer who lists the
# minimal set of required libs in wxWidgets_USE_LIBS
# there is the newbie user:
#   - who just wants to link against WX with more 'magic'
#   - doesn't know the internal structure of WX or how it was built,
#     in particular if it is monolithic or not
#   - want to link against all available WX libs
# Basically, the intent here is to mimic what wx-config would do by
# default (i.e., `wx-config --libs`).
#
# Possible solution:
#   Add a reserved keyword ""std"" that initializes to what wx-config
# would default to. If the user has not set the wxWidgets_USE_LIBS,
# default to ""std"" instead of ""base core"" as it is now. To implement
# ""std"" will basically boil down to a FOR_EACH lib-FOUND, but maybe
# checking whether a minimal set was found.","['todo', 'implement']",CMake,0,139,157
6032,sneeds-feed-and-seed/sneedacity,https://github.com/sneeds-feed-and-seed/sneedacity/blob/1f69f052f9154f5f4433cdad9afbb80ed6f5b2f8/cmake-proxies/cmake-modules/FindwxWidgets.cmake#L160,"# FIXME: This and all the DBG_MSG calls should be removed after the
# module stabilizes.
#
# Helper macro to control the debugging output globally. There are
# two versions for controlling how verbose your output should be.",['fixme'],CMake,0,160,164
6032,sneeds-feed-and-seed/sneedacity,https://github.com/sneeds-feed-and-seed/sneedacity/blob/1f69f052f9154f5f4433cdad9afbb80ed6f5b2f8/cmake-proxies/cmake-modules/FindwxWidgets.cmake#L268,"# FIXME: What if both regex libs are available. regex should be
# found outside the loop and only wx${LIB}${_UCD}${_DBG}.
# Find wxWidgets common libraries.",['fixme'],CMake,4,268,270
6032,sneeds-feed-and-seed/sneedacity,https://github.com/sneeds-feed-and-seed/sneedacity/blob/1f69f052f9154f5f4433cdad9afbb80ed6f5b2f8/cmake-proxies/cmake-modules/FindwxWidgets.cmake#L1066,"# FIXME: set wxWidgets_<comp>_FOUND for wx-config branch
#        and use HANDLE_COMPONENTS on Unix too",['fixme'],CMake,0,1066,1067
6032,sneeds-feed-and-seed/sneedacity,https://github.com/sneeds-feed-and-seed/sneedacity/blob/1f69f052f9154f5f4433cdad9afbb80ed6f5b2f8/cmake-proxies/cmake-modules/FindwxWidgets.cmake#L1116,"# FIXME: Document that the input variables will be cleared.
#list(APPEND ${_leftvar}  """")
#list(APPEND ${_rightvar} """")",['fixme'],CMake,2,1116,1118
6032,sneeds-feed-and-seed/sneedacity,https://github.com/sneeds-feed-and-seed/sneedacity/blob/1f69f052f9154f5f4433cdad9afbb80ed6f5b2f8/cmake-proxies/cmake-modules/FindwxWidgets.cmake#L1139,"#
# WX_GET_DEPENDENCIES_FROM_XML(
#   <depends>
#   <match_pattern>
#   <clean_pattern>
#   <xml_contents>
#   <depends_path>
#   )
#
# FIXME: Add documentation here...
#",['fixme'],CMake,0,1139,1149
6032,sneeds-feed-and-seed/sneedacity,https://github.com/sneeds-feed-and-seed/sneedacity/blob/1f69f052f9154f5f4433cdad9afbb80ed6f5b2f8/cmake-proxies/cmake-modules/PrintProperties.cmake#L14,# Fix https://stackoverflow.com/questions/32197663/how-can-i-remove-the-the-location-property-may-not-be-read-from-target-error-i,['fix'],CMake,3,14,14
6032,sneeds-feed-and-seed/sneedacity,https://github.com/sneeds-feed-and-seed/sneedacity/blob/1f69f052f9154f5f4433cdad9afbb80ed6f5b2f8/src/Experimental.cmake#L67,"# THEMING is mostly mainstream now.
# the define is still present to mark out old code before theming, that we might
# conceivably need.
# TODO: Agree on and then tidy this code.",['todo'],CMake,3,67,70
6032,sneeds-feed-and-seed/sneedacity,https://github.com/sneeds-feed-and-seed/sneedacity/blob/1f69f052f9154f5f4433cdad9afbb80ed6f5b2f8/src/Experimental.cmake#L123,"# JKC, 17 Aug 2017
# Enables the MIDI note stretching feature, which currently
# a) Is broken on Linux (Bug 1646)
# b) Crashes with Sync-Lock (Bug 1719)
# c) Needs UI design review.
#MIDI_STRETCHING",['broken'],CMake,3,123,128
6032,sneeds-feed-and-seed/sneedacity,https://github.com/sneeds-feed-and-seed/sneedacity/blob/1f69f052f9154f5f4433cdad9afbb80ed6f5b2f8/src/Experimental.cmake#L184,"# PRL 11 Jul 2017
# Highlight more things in TrackPanel when the mouse moves over them,
# using delibrately ugly pens and brushes until there is better cooperation
# with themes
#TRACK_PANEL_HIGHLIGHTING",['ugly'],CMake,3,184,188
