repoIndex,repoName,linkLocation,comment,keywords,buildSysteminFile,charPosition,startLine,endLine
6224,internetnews/inn,https://github.com/internetnews/inn/blob/4c105898a3f257dc7eb8af92134f372e5778a8db/configure.ac#L208,"dnl If PIC objects are not wanted (--with-pic=no), an error occurs during
dnl the build of shared libraries.  Unfortunately, $pic_mode is set after
dnl calling LT_INIT whereas AC_DISABLE_SHARED must be given before, so we
dnl cannot automatically disable it.  Just bail out with an error.",['bail out'],Autotool,0,208,211
