repoIndex,repoName,linkLocation,comment,keywords,buildSysteminFile,charPosition,startLine,endLine
6230,firmament-autopilot/fmt-firmware,https://github.com/firmament-autopilot/fmt-firmware/blob/1253be13f21ee5f927d272c25e466982d4957d2c/target/pixhawk/fmt-io/tools/kconfig-frontends/configure.ac#L310,"# Stupid syntax-coloring in vim: ""])",['stupid'],Autotool,15,310,310
6230,firmament-autopilot/fmt-firmware,https://github.com/firmament-autopilot/fmt-firmware/blob/1253be13f21ee5f927d272c25e466982d4957d2c/target/pixhawk/fmt-io/tools/kconfig-frontends/aclocal.m4#L379,"# Microsoft lib, so override with the ar-lib wrapper script.
# FIXME: It is wrong to rewrite AR.
# But if we don't then we get into trouble of one sort or another.
# A longer-term fix would be to have automake use am__AR in this case,
# and then we could set am__AR=""$am_aux_dir/ar-lib \$(AR)"" or something
# similar.","['fix', 'fixme']",Autotool,2,379,384
6230,firmament-autopilot/fmt-firmware,https://github.com/firmament-autopilot/fmt-firmware/blob/1253be13f21ee5f927d272c25e466982d4957d2c/target/pixhawk/fmt-io/tools/kconfig-frontends/aclocal.m4#L732,"# AM_OUTPUT_DEPENDENCY_COMMANDS
# -----------------------------
# This macro should only be invoked once -- use via AC_REQUIRE.
#
# This code is only required when automatic dependency tracking
# is enabled.  FIXME.  This creates each '.P' file that we will
# need in order to bootstrap the dependency handling code.",['fixme'],Autotool,0,732,738
6230,firmament-autopilot/fmt-firmware,https://github.com/firmament-autopilot/fmt-firmware/blob/1253be13f21ee5f927d272c25e466982d4957d2c/target/pixhawk/fmt-io/tools/kconfig-frontends/aclocal.m4#L1139,"# Losing compiler, so override with the script.
# FIXME: It is wrong to rewrite CC.
# But if we don't then we get into trouble of one sort or another.
# A longer-term fix would be to have automake use am__CC in this case,
# and then we could set am__CC=""\$(top_srcdir)/compile \$(CC)""","['fix', 'fixme']",Autotool,3,1139,1143
6230,firmament-autopilot/fmt-firmware,https://github.com/firmament-autopilot/fmt-firmware/blob/1253be13f21ee5f927d272c25e466982d4957d2c/target/pixhawk/fmt-io/tools/kconfig-frontends/aclocal.m4#L1210,"# If neither matched, then we have a broken ls.  This can happen
# if, for instance, CONFIG_SHELL is bash and it inherits a
# broken ls alias from the environment.  This has actually
# happened.  Such a system could not be considered ""sane"".",['broken'],Autotool,1,1210,1213
