repoIndex,repoName,linkLocation,comment,keywords,buildSysteminFile,charPosition,startLine,endLine
6583,eeems-org/oxide,https://github.com/eeems-org/oxide/blob/532e39666126e59270424e305aaa776042e14614/shared/sentry/external/breakpad/aclocal.m4#L103,"# Microsoft lib, so override with the ar-lib wrapper script.
# FIXME: It is wrong to rewrite AR.
# But if we don't then we get into trouble of one sort or another.
# A longer-term fix would be to have automake use am__AR in this case,
# and then we could set am__AR=""$am_aux_dir/ar-lib \$(AR)"" or something
# similar.","['fix', 'fixme']",Autotool,2,103,108
6583,eeems-org/oxide,https://github.com/eeems-org/oxide/blob/532e39666126e59270424e305aaa776042e14614/shared/sentry/external/breakpad/aclocal.m4#L425,"# Older Autoconf quotes --file arguments for eval, but not when files
# are listed without --file.  Let's play safe and only enable the eval
# if we detect the quoting.
# TODO: see whether this extra hack can be removed once we start
# requiring Autoconf 2.70 or later.","['todo', 'hack']",Autotool,2,425,429
6583,eeems-org/oxide,https://github.com/eeems-org/oxide/blob/532e39666126e59270424e305aaa776042e14614/shared/sentry/external/breakpad/aclocal.m4#L928,"# Losing compiler, so override with the script.
# FIXME: It is wrong to rewrite CC.
# But if we don't then we get into trouble of one sort or another.
# A longer-term fix would be to have automake use am__CC in this case,
# and then we could set am__CC=""\$(top_srcdir)/compile \$(CC)""","['fix', 'fixme']",Autotool,3,928,932
6583,eeems-org/oxide,https://github.com/eeems-org/oxide/blob/532e39666126e59270424e305aaa776042e14614/shared/sentry/external/breakpad/aclocal.m4#L999,"# If neither matched, then we have a broken ls.  This can happen
# if, for instance, CONFIG_SHELL is bash and it inherits a
# broken ls alias from the environment.  This has actually
# happened.  Such a system could not be considered ""sane"".",['broken'],Autotool,1,999,1002
6583,eeems-org/oxide,https://github.com/eeems-org/oxide/blob/532e39666126e59270424e305aaa776042e14614/shared/sentry/CMakeLists.txt#L337,"# The modulefinder and symbolizer need these two settings, and they are exported
# as `PUBLIC`, so libraries that depend on sentry get these too:
# `-E`: To have all symbols in the dynamic symbol table.
# `--build-id`: To have a build-id in the ELF object.
# FIXME: cmake 3.13 introduced target_link_options",['fixme'],CMake,0,337,341
6583,eeems-org/oxide,https://github.com/eeems-org/oxide/blob/532e39666126e59270424e305aaa776042e14614/shared/sentry/CMakeLists.txt#L430,"# FIXME: required for cmake 3.12 and lower:
# - NEW behavior lets normal variable override option",['fixme'],CMake,2,430,431
6583,eeems-org/oxide,https://github.com/eeems-org/oxide/blob/532e39666126e59270424e305aaa776042e14614/shared/sentry/external/CMakeLists.txt#L166,"# breakpad has includes directly to `third_party/lss/...`,
# which are being resolved correctly when we add the current directory to
# the include directories. A giant hack, yes, but it works",['hack'],CMake,0,166,168
6583,eeems-org/oxide,https://github.com/eeems-org/oxide/blob/532e39666126e59270424e305aaa776042e14614/shared/sentry/external/crashpad/CMakeLists.txt#L104,"# redirect to wmain
# FIXME: cmake 3.13 added target_link_options",['fixme'],CMake,4,104,105
6583,eeems-org/oxide,https://github.com/eeems-org/oxide/blob/532e39666126e59270424e305aaa776042e14614/shared/sentry/external/crashpad/libunwind/src/CMakeLists.txt#L28,# See add_asm_sources() in compiler-rt for explanation of this workaround.,['workaround'],CMake,0,28,28
6583,eeems-org/oxide,https://github.com/eeems-org/oxide/blob/532e39666126e59270424e305aaa776042e14614/shared/sentry/external/crashpad/tools/CMakeLists.txt#L50,# FIXME: cmake 3.13 added target_link_options,['fixme'],CMake,8,50,50
6583,eeems-org/oxide,https://github.com/eeems-org/oxide/blob/532e39666126e59270424e305aaa776042e14614/shared/sentry/external/crashpad/tools/CMakeLists.txt#L88,# FIXME: cmake 3.13 added target_link_options,['fixme'],CMake,8,88,88
6583,eeems-org/oxide,https://github.com/eeems-org/oxide/blob/532e39666126e59270424e305aaa776042e14614/shared/sentry/external/crashpad/util/CMakeLists.txt#L418,"# When building for Xcode, the `CMAKE_OSX_SYSROOT` is not set to a proper
# directory, but rather is `iphoneos`, which confuses `mig`.
# Also, Xcode uses a different `SDKROOT` depending on the `-sdk` flag
# provided to `xcodebuild`.
# Similarly, we don't know the arch at configure-time, because it changes
# at build time depending on the `-sdk` flag as well.
# We hack around this by consuming the arch list from the env.",['hack'],CMake,4,418,424
6583,eeems-org/oxide,https://github.com/eeems-org/oxide/blob/532e39666126e59270424e305aaa776042e14614/shared/sentry/tests/unit/CMakeLists.txt#L46,# FIXME: cmake 3.13 introduced target_link_options,['fixme'],CMake,0,46,46
6583,eeems-org/oxide,https://github.com/eeems-org/oxide/blob/532e39666126e59270424e305aaa776042e14614/shared/sentry/external/crashpad/libunwind/cmake/config-ix.cmake#L19,"# libunwind is using -nostdlib++ at the link step when available,
# otherwise -nodefaultlibs is used. We want all our checks to also
# use one of these options, otherwise we may end up with an inconsistency between
# the flags we think we require during configuration (if the checks are
# performed without one of those options) and the flags that are actually
# required during compilation (which has the -nostdlib++ or -nodefaultlibs). libc is
# required for the link to go through. We remove sanitizers from the
# configuration checks to avoid spurious link errors.",['inconsistency'],CMake,0,19,26
