repoIndex,repoName,linkLocation,comment,keywords,buildSysteminFile,charPosition,startLine,endLine
6959,lavabit/pahoehoe,https://github.com/lavabit/pahoehoe/blob/a017d2b3a5b08b166fef1c48382cc5376cf5e2f5/android/ics-openvpn/main/src/main/cpp/lzo/aclocal.m4#L2417,"# FIXME - insert some real tests, host_os isn't really good enough",['fixme'],Autotool,0,2417,2417
6959,lavabit/pahoehoe,https://github.com/lavabit/pahoehoe/blob/a017d2b3a5b08b166fef1c48382cc5376cf5e2f5/android/ics-openvpn/main/src/main/cpp/lzo/aclocal.m4#L2713,"# FIXME: find the short name or the path components, as spaces are
# common. (e.g. ""Program Files"" -> ""PROGRA~1"")",['fixme'],Autotool,6,2713,2714
6959,lavabit/pahoehoe,https://github.com/lavabit/pahoehoe/blob/a017d2b3a5b08b166fef1c48382cc5376cf5e2f5/android/ics-openvpn/main/src/main/cpp/lzo/aclocal.m4#L2737,# FIXME: first we should search . and the directory the executable is in,['fixme'],Autotool,2,2737,2737
6959,lavabit/pahoehoe,https://github.com/lavabit/pahoehoe/blob/a017d2b3a5b08b166fef1c48382cc5376cf5e2f5/android/ics-openvpn/main/src/main/cpp/lzo/aclocal.m4#L2766,"# DragonFly does not have aout.  When/if they implement a new
# versioning mechanism, adjust this.",['implement'],Autotool,2,2766,2767
6959,lavabit/pahoehoe,https://github.com/lavabit/pahoehoe/blob/a017d2b3a5b08b166fef1c48382cc5376cf5e2f5/android/ics-openvpn/main/src/main/cpp/lzo/aclocal.m4#L2985,"# We used to test for /lib/ld.so.1 and disable shared libraries on
# powerpc, because MkLinux only supported shared libraries with the
# GNU dynamic linker.  Since this was broken with cross compilers,
# most powerpc-linux boxes support dynamic linking these days and
# people can always --disable-shared, the test was removed, and we
# assume the GNU/Linux dynamic linker is in use.",['broken'],Autotool,2,2985,2990
6959,lavabit/pahoehoe,https://github.com/lavabit/pahoehoe/blob/a017d2b3a5b08b166fef1c48382cc5376cf5e2f5/android/ics-openvpn/main/src/main/cpp/lzo/aclocal.m4#L4240,"# FIXME: we need at least 68020 code to build shared libraries, but
# adding the '-m68020' flag to GCC prevents building anything better,
# like '-m68040'.",['fixme'],Autotool,12,4240,4242
6959,lavabit/pahoehoe,https://github.com/lavabit/pahoehoe/blob/a017d2b3a5b08b166fef1c48382cc5376cf5e2f5/android/ics-openvpn/main/src/main/cpp/lzo/aclocal.m4#L4252,"# This hack is so that the source file can tell whether it is being
# built for inclusion in a dll (and should export symbols for example).
# Although the cygwin gcc ignores -fPIC, still need this for old-style
# (--disable-auto-import) libraries",['hack'],Autotool,6,4252,4255
6959,lavabit/pahoehoe,https://github.com/lavabit/pahoehoe/blob/a017d2b3a5b08b166fef1c48382cc5376cf5e2f5/android/ics-openvpn/main/src/main/cpp/lzo/aclocal.m4#L4269,"# PIC is the default for Haiku.
# The ""-static"" flag exists, but is broken.",['broken'],Autotool,6,4269,4270
6959,lavabit/pahoehoe,https://github.com/lavabit/pahoehoe/blob/a017d2b3a5b08b166fef1c48382cc5376cf5e2f5/android/ics-openvpn/main/src/main/cpp/lzo/aclocal.m4#L4274,"# Interix 3.x gcc -fpic/-fPIC options generate broken code.
# Instead, we relocate shared libraries at runtime.",['broken'],Autotool,6,4274,4275
6959,lavabit/pahoehoe,https://github.com/lavabit/pahoehoe/blob/a017d2b3a5b08b166fef1c48382cc5376cf5e2f5/android/ics-openvpn/main/src/main/cpp/lzo/aclocal.m4#L4323,"# This hack is so that the source file can tell whether it is being
# built for inclusion in a dll (and should export symbols for example).",['hack'],Autotool,1,4323,4324
6959,lavabit/pahoehoe,https://github.com/lavabit/pahoehoe/blob/a017d2b3a5b08b166fef1c48382cc5376cf5e2f5/android/ics-openvpn/main/src/main/cpp/lzo/aclocal.m4#L4558,"# FIXME: we need at least 68020 code to build shared libraries, but
# adding the '-m68020' flag to GCC prevents building anything better,
# like '-m68040'.",['fixme'],Autotool,12,4558,4560
6959,lavabit/pahoehoe,https://github.com/lavabit/pahoehoe/blob/a017d2b3a5b08b166fef1c48382cc5376cf5e2f5/android/ics-openvpn/main/src/main/cpp/lzo/aclocal.m4#L4571,"# This hack is so that the source file can tell whether it is being
# built for inclusion in a dll (and should export symbols for example).
# Although the cygwin gcc ignores -fPIC, still need this for old-style
# (--disable-auto-import) libraries",['hack'],Autotool,6,4571,4574
6959,lavabit/pahoehoe,https://github.com/lavabit/pahoehoe/blob/a017d2b3a5b08b166fef1c48382cc5376cf5e2f5/android/ics-openvpn/main/src/main/cpp/lzo/aclocal.m4#L4586,"# PIC is the default for Haiku.
# The ""-static"" flag exists, but is broken.",['broken'],Autotool,6,4586,4587
6959,lavabit/pahoehoe,https://github.com/lavabit/pahoehoe/blob/a017d2b3a5b08b166fef1c48382cc5376cf5e2f5/android/ics-openvpn/main/src/main/cpp/lzo/aclocal.m4#L4606,"# Interix 3.x gcc -fpic/-fPIC options generate broken code.
# Instead, we relocate shared libraries at runtime.",['broken'],Autotool,6,4606,4607
6959,lavabit/pahoehoe,https://github.com/lavabit/pahoehoe/blob/a017d2b3a5b08b166fef1c48382cc5376cf5e2f5/android/ics-openvpn/main/src/main/cpp/lzo/aclocal.m4#L4670,"# This hack is so that the source file can tell whether it is being
# built for inclusion in a dll (and should export symbols for example).",['hack'],Autotool,6,4670,4671
6959,lavabit/pahoehoe,https://github.com/lavabit/pahoehoe/blob/a017d2b3a5b08b166fef1c48382cc5376cf5e2f5/android/ics-openvpn/main/src/main/cpp/lzo/aclocal.m4#L5066,"# On AIX/PPC, the GNU linker is very broken",['broken'],Autotool,6,5066,5066
6959,lavabit/pahoehoe,https://github.com/lavabit/pahoehoe/blob/a017d2b3a5b08b166fef1c48382cc5376cf5e2f5/android/ics-openvpn/main/src/main/cpp/lzo/aclocal.m4#L5327,"# Neither direct hardcoding nor static linking is supported with a
# broken collect2.",['broken'],Autotool,1,5327,5328
6959,lavabit/pahoehoe,https://github.com/lavabit/pahoehoe/blob/a017d2b3a5b08b166fef1c48382cc5376cf5e2f5/android/ics-openvpn/main/src/main/cpp/lzo/aclocal.m4#L5369,"# When large executables or shared objects are built, AIX ld can
# have problems creating the table of contents.  If linking a library
# or program results in ""error TOC overflow"" add -mminimal-toc to
# CXXFLAGS/CFLAGS for g++/gcc.  In the cases where that is not
# enough to fix the problem, add -Wl,-bbigtoc to LDFLAGS.",['fix'],Autotool,6,5369,5373
6959,lavabit/pahoehoe,https://github.com/lavabit/pahoehoe/blob/a017d2b3a5b08b166fef1c48382cc5376cf5e2f5/android/ics-openvpn/main/src/main/cpp/lzo/aclocal.m4#L5384,"# We only want to do this on AIX 4.2 and lower, the check
# below for broken collect2 doesn't work under 4.3+",['broken'],Autotool,1,5384,5385
6959,lavabit/pahoehoe,https://github.com/lavabit/pahoehoe/blob/a017d2b3a5b08b166fef1c48382cc5376cf5e2f5/android/ics-openvpn/main/src/main/cpp/lzo/aclocal.m4#L5428,"# Warning - without using the other runtime loading flags (-brtl),
# -berok will link without error, but may produce a broken library.",['broken'],Autotool,1,5428,5429
6959,lavabit/pahoehoe,https://github.com/lavabit/pahoehoe/blob/a017d2b3a5b08b166fef1c48382cc5376cf5e2f5/android/ics-openvpn/main/src/main/cpp/lzo/aclocal.m4#L5446,"# Warning - without using the other run time loading flags,
# -berok will link without error, but may produce a broken library.",['broken'],Autotool,3,5446,5447
6959,lavabit/pahoehoe,https://github.com/lavabit/pahoehoe/blob/a017d2b3a5b08b166fef1c48382cc5376cf5e2f5/android/ics-openvpn/main/src/main/cpp/lzo/aclocal.m4#L5969,# FIXME: we may have to deal with multi-command sequences.,['fixme'],Autotool,6,5969,5969
6959,lavabit/pahoehoe,https://github.com/lavabit/pahoehoe/blob/a017d2b3a5b08b166fef1c48382cc5376cf5e2f5/android/ics-openvpn/main/src/main/cpp/lzo/aclocal.m4#L6082,"dnl FIXME: Not yet implemented
dnl _LT_TAGDECL([], [thread_safe_flag_spec], [1],
dnl    [Compiler flag to generate thread safe objects])",['fixme'],Autotool,0,6082,6084
6959,lavabit/pahoehoe,https://github.com/lavabit/pahoehoe/blob/a017d2b3a5b08b166fef1c48382cc5376cf5e2f5/android/ics-openvpn/main/src/main/cpp/lzo/aclocal.m4#L6284,"# If archive_cmds runs LD, not CC, wlarc should be empty
# XXX I think wlarc can be eliminated in ltcf-cxx, but I need to
#     investigate it a little bit more. (MM)",['xxx'],Autotool,8,6284,6286
6959,lavabit/pahoehoe,https://github.com/lavabit/pahoehoe/blob/a017d2b3a5b08b166fef1c48382cc5376cf5e2f5/android/ics-openvpn/main/src/main/cpp/lzo/aclocal.m4#L6324,# FIXME: insert proper C++ library support,['fixme'],Autotool,8,6324,6324
6959,lavabit/pahoehoe,https://github.com/lavabit/pahoehoe/blob/a017d2b3a5b08b166fef1c48382cc5376cf5e2f5/android/ics-openvpn/main/src/main/cpp/lzo/aclocal.m4#L6356,"# When large executables or shared objects are built, AIX ld can
# have problems creating the table of contents.  If linking a library
# or program results in ""error TOC overflow"" add -mminimal-toc to
# CXXFLAGS/CFLAGS for g++/gcc.  In the cases where that is not
# enough to fix the problem, add -Wl,-bbigtoc to LDFLAGS.",['fix'],Autotool,8,6356,6360
6959,lavabit/pahoehoe,https://github.com/lavabit/pahoehoe/blob/a017d2b3a5b08b166fef1c48382cc5376cf5e2f5/android/ics-openvpn/main/src/main/cpp/lzo/aclocal.m4#L6371,"# We only want to do this on AIX 4.2 and lower, the check
# below for broken collect2 doesn't work under 4.3+",['broken'],Autotool,10,6371,6372
6959,lavabit/pahoehoe,https://github.com/lavabit/pahoehoe/blob/a017d2b3a5b08b166fef1c48382cc5376cf5e2f5/android/ics-openvpn/main/src/main/cpp/lzo/aclocal.m4#L6415,"# Warning - without using the other runtime loading flags (-brtl),
# -berok will link without error, but may produce a broken library.",['broken'],Autotool,10,6415,6416
6959,lavabit/pahoehoe,https://github.com/lavabit/pahoehoe/blob/a017d2b3a5b08b166fef1c48382cc5376cf5e2f5/android/ics-openvpn/main/src/main/cpp/lzo/aclocal.m4#L6434,"# Warning - without using the other run time loading flags,
# -berok will link without error, but may produce a broken library.",['broken'],Autotool,5,6434,6435
6959,lavabit/pahoehoe,https://github.com/lavabit/pahoehoe/blob/a017d2b3a5b08b166fef1c48382cc5376cf5e2f5/android/ics-openvpn/main/src/main/cpp/lzo/aclocal.m4#L6617,# FIXME: insert proper C++ library support,['fixme'],Autotool,14,6617,6617
6959,lavabit/pahoehoe,https://github.com/lavabit/pahoehoe/blob/a017d2b3a5b08b166fef1c48382cc5376cf5e2f5/android/ics-openvpn/main/src/main/cpp/lzo/aclocal.m4#L6653,# FIXME: insert proper C++ library support,['fixme'],Autotool,5,6653,6653
6959,lavabit/pahoehoe,https://github.com/lavabit/pahoehoe/blob/a017d2b3a5b08b166fef1c48382cc5376cf5e2f5/android/ics-openvpn/main/src/main/cpp/lzo/aclocal.m4#L6694,# FIXME: insert proper C++ library support,['fixme'],Autotool,7,6694,6694
6959,lavabit/pahoehoe,https://github.com/lavabit/pahoehoe/blob/a017d2b3a5b08b166fef1c48382cc5376cf5e2f5/android/ics-openvpn/main/src/main/cpp/lzo/aclocal.m4#L6706,"# Hack: On Interix 3.x, we cannot compile PIC because of a broken gcc.
# Instead, shared libraries are loaded at an image base (0x10000000 by
# default) and relocated if they conflict, which is a slow very memory
# consuming and fragmenting process.  To avoid this, we pick a random,
# 256 KiB-aligned image base between 0x50000000 and 0x6FFC0000 at link
# time.  Moving up from 0x10000000 also allows more sbrk(2) space.","['hack', 'broken']",Autotool,1,6706,6711
6959,lavabit/pahoehoe,https://github.com/lavabit/pahoehoe/blob/a017d2b3a5b08b166fef1c48382cc5376cf5e2f5/android/ics-openvpn/main/src/main/cpp/lzo/aclocal.m4#L6886,# FIXME: insert proper C++ library support,['fixme'],Autotool,8,6886,6886
6959,lavabit/pahoehoe,https://github.com/lavabit/pahoehoe/blob/a017d2b3a5b08b166fef1c48382cc5376cf5e2f5/android/ics-openvpn/main/src/main/cpp/lzo/aclocal.m4#L6891,# FIXME: insert proper C++ library support,['fixme'],Autotool,8,6891,6891
6959,lavabit/pahoehoe,https://github.com/lavabit/pahoehoe/blob/a017d2b3a5b08b166fef1c48382cc5376cf5e2f5/android/ics-openvpn/main/src/main/cpp/lzo/aclocal.m4#L6898,# FIXME: insert proper C++ library support,['fixme'],Autotool,5,6898,6898
6959,lavabit/pahoehoe,https://github.com/lavabit/pahoehoe/blob/a017d2b3a5b08b166fef1c48382cc5376cf5e2f5/android/ics-openvpn/main/src/main/cpp/lzo/aclocal.m4#L6902,# FIXME: insert proper C++ library support,['fixme'],Autotool,5,6902,6902
6959,lavabit/pahoehoe,https://github.com/lavabit/pahoehoe/blob/a017d2b3a5b08b166fef1c48382cc5376cf5e2f5/android/ics-openvpn/main/src/main/cpp/lzo/aclocal.m4#L6916,# Workaround some broken pre-1.5 toolchains,"['broken', 'workaround']",Autotool,1,6916,6916
6959,lavabit/pahoehoe,https://github.com/lavabit/pahoehoe/blob/a017d2b3a5b08b166fef1c48382cc5376cf5e2f5/android/ics-openvpn/main/src/main/cpp/lzo/aclocal.m4#L6963,"# Rational C++ 2.4.1
# FIXME: insert proper C++ library support",['fixme'],Autotool,5,6963,6964
6959,lavabit/pahoehoe,https://github.com/lavabit/pahoehoe/blob/a017d2b3a5b08b166fef1c48382cc5376cf5e2f5/android/ics-openvpn/main/src/main/cpp/lzo/aclocal.m4#L7179,"# NonStop-UX NCC 3.20
# FIXME: insert proper C++ library support",['fixme'],Autotool,5,7179,7180
6959,lavabit/pahoehoe,https://github.com/lavabit/pahoehoe/blob/a017d2b3a5b08b166fef1c48382cc5376cf5e2f5/android/ics-openvpn/main/src/main/cpp/lzo/aclocal.m4#L7184,# FIXME: insert proper C++ library support,['fixme'],Autotool,5,7184,7184
6959,lavabit/pahoehoe,https://github.com/lavabit/pahoehoe/blob/a017d2b3a5b08b166fef1c48382cc5376cf5e2f5/android/ics-openvpn/main/src/main/cpp/lzo/aclocal.m4#L7191,# FIXME: insert proper C++ library support,['fixme'],Autotool,8,7191,7191
6959,lavabit/pahoehoe,https://github.com/lavabit/pahoehoe/blob/a017d2b3a5b08b166fef1c48382cc5376cf5e2f5/android/ics-openvpn/main/src/main/cpp/lzo/aclocal.m4#L7196,# FIXME: insert proper C++ library support,['fixme'],Autotool,8,7196,7196
6959,lavabit/pahoehoe,https://github.com/lavabit/pahoehoe/blob/a017d2b3a5b08b166fef1c48382cc5376cf5e2f5/android/ics-openvpn/main/src/main/cpp/lzo/aclocal.m4#L7429,# PORTME: override above test on systems where it is broken,['broken'],Autotool,0,7429,7429
6959,lavabit/pahoehoe,https://github.com/lavabit/pahoehoe/blob/a017d2b3a5b08b166fef1c48382cc5376cf5e2f5/android/ics-openvpn/main/src/main/cpp/lzo/aclocal.m4#L7433,"# Interix 3.5 installs completely hosed .la files for C++, so rather than
# hack all around it, let's just trust ""g++"" to DTRT.",['hack'],Autotool,2,7433,7434
6959,lavabit/pahoehoe,https://github.com/lavabit/pahoehoe/blob/a017d2b3a5b08b166fef1c48382cc5376cf5e2f5/android/ics-openvpn/main/src/main/cpp/lzo/aclocal.m4#L8418,"# _LT_ENABLE_STATIC([DEFAULT])
# ----------------------------
# implement the --enable-static flag, and support the 'static' and
# 'disable-static' LT_INIT options.
# DEFAULT is either 'yes' or 'no'.  If omitted, it defaults to 'yes'.",['implement'],Autotool,0,8418,8422
6959,lavabit/pahoehoe,https://github.com/lavabit/pahoehoe/blob/a017d2b3a5b08b166fef1c48382cc5376cf5e2f5/android/ics-openvpn/main/src/main/cpp/lzo/aclocal.m4#L8472,"# _LT_ENABLE_FAST_INSTALL([DEFAULT])
# ----------------------------------
# implement the --enable-fast-install flag, and support the 'fast-install'
# and 'disable-fast-install' LT_INIT options.
# DEFAULT is either 'yes' or 'no'.  If omitted, it defaults to 'yes'.",['implement'],Autotool,0,8472,8476
6959,lavabit/pahoehoe,https://github.com/lavabit/pahoehoe/blob/a017d2b3a5b08b166fef1c48382cc5376cf5e2f5/android/ics-openvpn/main/src/main/cpp/lzo/aclocal.m4#L8916,"# Microsoft lib, so override with the ar-lib wrapper script.
# FIXME: It is wrong to rewrite AR.
# But if we don't then we get into trouble of one sort or another.
# A longer-term fix would be to have automake use am__AR in this case,
# and then we could set am__AR=""$am_aux_dir/ar-lib \$(AR)"" or something
# similar.","['fix', 'fixme']",Autotool,2,8916,8921
6959,lavabit/pahoehoe,https://github.com/lavabit/pahoehoe/blob/a017d2b3a5b08b166fef1c48382cc5376cf5e2f5/android/ics-openvpn/main/src/main/cpp/lzo/aclocal.m4#L9289,"# AM_OUTPUT_DEPENDENCY_COMMANDS
# -----------------------------
# This macro should only be invoked once -- use via AC_REQUIRE.
#
# This code is only required when automatic dependency tracking
# is enabled.  FIXME.  This creates each '.P' file that we will
# need in order to bootstrap the dependency handling code.",['fixme'],Autotool,0,9289,9295
6959,lavabit/pahoehoe,https://github.com/lavabit/pahoehoe/blob/a017d2b3a5b08b166fef1c48382cc5376cf5e2f5/android/ics-openvpn/main/src/main/cpp/lzo/aclocal.m4#L9732,"# Losing compiler, so override with the script.
# FIXME: It is wrong to rewrite CC.
# But if we don't then we get into trouble of one sort or another.
# A longer-term fix would be to have automake use am__CC in this case,
# and then we could set am__CC=""\$(top_srcdir)/compile \$(CC)""","['fix', 'fixme']",Autotool,3,9732,9736
6959,lavabit/pahoehoe,https://github.com/lavabit/pahoehoe/blob/a017d2b3a5b08b166fef1c48382cc5376cf5e2f5/android/ics-openvpn/main/src/main/cpp/lzo/aclocal.m4#L9803,"# If neither matched, then we have a broken ls.  This can happen
# if, for instance, CONFIG_SHELL is bash and it inherits a
# broken ls alias from the environment.  This has actually
# happened.  Such a system could not be considered ""sane"".",['broken'],Autotool,1,9803,9806
6959,lavabit/pahoehoe,https://github.com/lavabit/pahoehoe/blob/a017d2b3a5b08b166fef1c48382cc5376cf5e2f5/android/ics-openvpn/main/src/main/cpp/CMakeLists.txt#L35,# Super hacky way to determine flavour,['hacky'],CMake,4,35,35
6959,lavabit/pahoehoe,https://github.com/lavabit/pahoehoe/blob/a017d2b3a5b08b166fef1c48382cc5376cf5e2f5/android/ics-openvpn/main/src/main/cpp/CMakeLists.txt#L116,# The magic Jellybean keystore signing hack. Beware dragons and dlsyms magic ahead,['hack'],CMake,0,116,116
6959,lavabit/pahoehoe,https://github.com/lavabit/pahoehoe/blob/a017d2b3a5b08b166fef1c48382cc5376cf5e2f5/android/ics-openvpn/main/src/main/cpp/CMakeLists.txt#L251,# Hack to copy OpenVPN binaries to assets directory,['hack'],CMake,0,251,251
6959,lavabit/pahoehoe,https://github.com/lavabit/pahoehoe/blob/a017d2b3a5b08b166fef1c48382cc5376cf5e2f5/android/ics-openvpn/main/src/main/cpp/CMakeLists.txt#L271,# Hack that these targets are really executed,['hack'],CMake,0,271,271
6959,lavabit/pahoehoe,https://github.com/lavabit/pahoehoe/blob/a017d2b3a5b08b166fef1c48382cc5376cf5e2f5/android/ics-openvpn/main/src/main/cpp/lzo/CMakeLists.txt#L168,"# disable silly warnings about using ""deprecated"" POSIX functions like fopen()",['silly'],CMake,4,168,168
6959,lavabit/pahoehoe,https://github.com/lavabit/pahoehoe/blob/a017d2b3a5b08b166fef1c48382cc5376cf5e2f5/android/ics-openvpn/main/src/main/cpp/GetGitRevisionDescription.cmake#L104,"# TODO sanitize
#if((${ARGN}"" MATCHES ""&&"") OR
#	(ARGN MATCHES ""||"") OR
#	(ARGN MATCHES ""\\;""))
#	message(""Please report the following error to the project!"")
#	message(FATAL_ERROR ""Looks like someone's doing something nefarious with git_describe! Passed arguments ${ARGN}"")
#endif()",['todo'],CMake,1,104,110
