repoIndex,repoName,linkLocation,comment,keywords,buildSysteminFile,charPosition,startLine,endLine
6966,fumiyas/libiconv-utf8mac,https://github.com/fumiyas/libiconv-utf8mac/blob/2677394480f0d67d6f64b74045b9b4ad08097592/configure.ac#L41,dnl           hack,['hack'],Autotool,0,41,41
6966,fumiyas/libiconv-utf8mac,https://github.com/fumiyas/libiconv-utf8mac/blob/2677394480f0d67d6f64b74045b9b4ad08097592/configure.ac#L43,"dnl Hack to work around limitations of automake and error.m4 regarding LIBOBJS.
dnl ""srclib/Makefile.am:32: automatically discovered file `error.h' should not be explicitly mentioned""",['hack'],Autotool,0,43,44
6966,fumiyas/libiconv-utf8mac,https://github.com/fumiyas/libiconv-utf8mac/blob/2677394480f0d67d6f64b74045b9b4ad08097592/configure.ac#L163,dnl           hack,['hack'],Autotool,0,163,163
6966,fumiyas/libiconv-utf8mac,https://github.com/fumiyas/libiconv-utf8mac/blob/2677394480f0d67d6f64b74045b9b4ad08097592/configure.ac#L165,dnl End of hack to work around limitations of automake and error.m4.,['hack'],Autotool,0,165,165
