repoIndex,repoName,linkLocation,comment,keywords,buildSysteminFile,charPosition,startLine,endLine
7067,iu-parfunc/gibbon,https://github.com/iu-parfunc/gibbon/blob/e86c7531355cc4b432ae7e1205c578e5c0d84029/deps/sexpr-1.3/aclocal.m4#L406,"# AM_OUTPUT_DEPENDENCY_COMMANDS
# -----------------------------
# This macro should only be invoked once -- use via AC_REQUIRE.
#
# This code is only required when automatic dependency tracking
# is enabled.  FIXME.  This creates each `.P' file that we will
# need in order to bootstrap the dependency handling code.",['fixme'],Autotool,0,406,412
7067,iu-parfunc/gibbon,https://github.com/iu-parfunc/gibbon/blob/e86c7531355cc4b432ae7e1205c578e5c0d84029/deps/sexpr-1.3/aclocal.m4#L807,"# If neither matched, then we have a broken ls.  This can happen
# if, for instance, CONFIG_SHELL is bash and it inherits a
# broken ls alias from the environment.  This has actually
# happened.  Such a system could not be considered ""sane"".",['broken'],Autotool,6,807,810
