repoIndex,repoName,linkLocation,comment,keywords,buildSysteminFile,charPosition,startLine,endLine
7113,utoni/ndpid,https://github.com/utoni/ndpid/blob/3c7bd6a4ba410729a8b91dffaaf4a08bedc67036/cmake/FindPCAP.cmake#L67,"# Now, get the library directories and libraries for static linking.
# (XXX - what about AIX?)",['xxx'],CMake,6,67,68
7113,utoni/ndpid,https://github.com/utoni/ndpid/blob/3c7bd6a4ba410729a8b91dffaaf4a08bedc67036/cmake/FindPCAP.cmake#L129,# Try to find the static library (XXX - what about AIX?),['xxx'],CMake,2,129,129
7113,utoni/ndpid,https://github.com/utoni/ndpid/blob/3c7bd6a4ba410729a8b91dffaaf4a08bedc67036/cmake/FindPCAP.cmake#L217,"#
# XXX - this *should* be checked for independently of checking
# for pcap_open(), as you might have pcap_setsampling() without
# remote capture support.
#
# However, 1) the sampling options are treated as remote options
# in the GUI and and 2) having pcap_setsampling() doesn't mean
# you have sampling support.  libpcap needs a way to indicate
# whether a given device supports sampling, and the GUI should
# be changed to decouple them.
#
# (Actually, libpcap needs a general mechanism to offer options
# for particular devices, and Wireshark needs to use that
# mechanism.  The former is a work in progress.)
#
# (Note: another work in progress is support for remote
# capturing using pcap_create()/pcap_activate(), which we
# also need to support once it's available.)
#",['xxx'],CMake,6,217,235
