repoIndex,repoName,linkLocation,comment,keywords,buildSysteminFile,charPosition,startLine,endLine
744,servalproject/serval-dna,https://github.com/servalproject/serval-dna/blob/029adc177f7d86572bd34495003ae529ec67c41c/configure.ac#L278,"dnl Check for a working Java compiler, keep going if unsuccessful.
dnl *** Kludge: override AC_MSG_ERROR because AC_PROG_JAVAC does not have
dnl *** [if-found] and [if-not-found] action parameters.",['kludge'],Autotool,0,278,280
744,servalproject/serval-dna,https://github.com/servalproject/serval-dna/blob/029adc177f7d86572bd34495003ae529ec67c41c/configure.ac#L303,"dnl Discover the locations of JNI header files
dnl *** Kludge: override AC_MSG_ERROR because AC_JNI_INCLUDE_DIR does not have
dnl *** [if-found] and [if-not-found] action parameters.",['kludge'],Autotool,4,303,305
744,servalproject/serval-dna,https://github.com/servalproject/serval-dna/blob/029adc177f7d86572bd34495003ae529ec67c41c/configure.ac#L314,dnl XXX Isn't this pointless? we are always linked against libc,['xxx'],Autotool,0,314,314
