repoIndex,repoName,linkLocation,comment,keywords,buildSysteminFile,charPosition,startLine,endLine
7648,jboss-developer/jboss-jdg-quickstarts,https://github.com/jboss-developer/jboss-jdg-quickstarts/blob/7fd8f1049eb7ce47d842ba73d7ee12d1808c1dd6/caching-service/pom.xml#L38,"<!--
                The following dependency is defined in the infinispan-bom above,
                using a ${version.caffeine} property. However, the property
                is not being resolved for some reason, causing the build to fail.
                We'll redefine it here with the same version as used in the bom (for 7.2.x)
                as a quick workaround.
            -->",['workaround'],Maven,12,38,44
7648,jboss-developer/jboss-jdg-quickstarts,https://github.com/jboss-developer/jboss-jdg-quickstarts/blob/7fd8f1049eb7ce47d842ba73d7ee12d1808c1dd6/camel-jbossdatagrid-fuse/pom.xml#L54,"<!--
             The following dependency is defined in the infinispan-bom above,
             using a ${version.caffeine} property. However, the property
             is not being resolved for some reason, causing the build to fail.
             We'll redefine it here with the same version as used in the bom (for 7.2.x)
             as a quick workaround.
         -->",['workaround'],Maven,9,54,60
7648,jboss-developer/jboss-jdg-quickstarts,https://github.com/jboss-developer/jboss-jdg-quickstarts/blob/7fd8f1049eb7ce47d842ba73d7ee12d1808c1dd6/hadoop/pom.xml#L64,"<!--
                The following dependency is defined in the infinispan-bom above,
                using a ${version.caffeine} property. However, the property
                is not being resolved for some reason, causing the build to fail.
                We'll redefine it here with the same version as used in the bom (for 7.2.x)
                as a quick workaround.
            -->",['workaround'],Maven,12,64,70
7648,jboss-developer/jboss-jdg-quickstarts,https://github.com/jboss-developer/jboss-jdg-quickstarts/blob/7fd8f1049eb7ce47d842ba73d7ee12d1808c1dd6/openshift/cache-service/create-cache/pom.xml#L34,"<!--
                The following dependency is defined in the infinispan-bom above,
                using a ${version.caffeine} property. However, the property
                is not being resolved for some reason, causing the build to fail.
                We'll redefine it here with the same version as used in the bom (for 7.2.x)
                as a quick workaround.
            -->",['workaround'],Maven,12,34,40
7648,jboss-developer/jboss-jdg-quickstarts,https://github.com/jboss-developer/jboss-jdg-quickstarts/blob/7fd8f1049eb7ce47d842ba73d7ee12d1808c1dd6/openshift/datagrid-service/create-cache/pom.xml#L34,"<!--
                The following dependency is defined in the infinispan-bom above,
                using a ${version.caffeine} property. However, the property
                is not being resolved for some reason, causing the build to fail.
                We'll redefine it here with the same version as used in the bom (for 7.2.x)
                as a quick workaround.
            -->",['workaround'],Maven,12,34,40
7648,jboss-developer/jboss-jdg-quickstarts,https://github.com/jboss-developer/jboss-jdg-quickstarts/blob/7fd8f1049eb7ce47d842ba73d7ee12d1808c1dd6/openshift/datagrid-service/user-config/pom.xml#L34,"<!--
                The following dependency is defined in the infinispan-bom above,
                using a ${version.caffeine} property. However, the property
                is not being resolved for some reason, causing the build to fail.
                We'll redefine it here with the same version as used in the bom (for 7.2.x)
                as a quick workaround.
            -->",['workaround'],Maven,12,34,40
7648,jboss-developer/jboss-jdg-quickstarts,https://github.com/jboss-developer/jboss-jdg-quickstarts/blob/7fd8f1049eb7ce47d842ba73d7ee12d1808c1dd6/openshift/datagrid-service/xsite/pom.xml#L34,"<!--
                The following dependency is defined in the infinispan-bom above,
                using a ${version.caffeine} property. However, the property
                is not being resolved for some reason, causing the build to fail.
                We'll redefine it here with the same version as used in the bom (for 7.2.x)
                as a quick workaround.
            -->",['workaround'],Maven,12,34,40
7648,jboss-developer/jboss-jdg-quickstarts,https://github.com/jboss-developer/jboss-jdg-quickstarts/blob/7fd8f1049eb7ce47d842ba73d7ee12d1808c1dd6/openshift/shared/external-access/pom.xml#L20,<!-- TODO move to product when released -->,['todo'],Maven,8,20,20
7648,jboss-developer/jboss-jdg-quickstarts,https://github.com/jboss-developer/jboss-jdg-quickstarts/blob/7fd8f1049eb7ce47d842ba73d7ee12d1808c1dd6/openshift/shared/hello-world/pom.xml#L22,<!-- TODO move to product when released -->,['todo'],Maven,8,22,22
7648,jboss-developer/jboss-jdg-quickstarts,https://github.com/jboss-developer/jboss-jdg-quickstarts/blob/7fd8f1049eb7ce47d842ba73d7ee12d1808c1dd6/remote-tasks-with-streams/pom.xml#L55,"<!--
                The following dependency is defined in the infinispan-bom above,
                using a ${version.caffeine} property. However, the property
                is not being resolved for some reason, causing the build to fail.
                We'll redefine it here with the same version as used in the bom (for 7.2.x)
                as a quick workaround.
            -->",['workaround'],Maven,12,55,61
