repoIndex,repoName,linkLocation,comment,keywords,buildSysteminFile,charPosition,startLine,endLine
778,evilnet/nefarious2,https://github.com/evilnet/nefarious2/blob/1c4719d6bd68a9fa3f987053f34166803c7cb5c1/configure.in#L36,"dnl HACK WARNING: We are referencing an autoconf internal variable.  This is
dnl the only way to force the prefix to be retrieved from the config.cache
dnl file!",['hack'],Autotool,0,36,38
778,evilnet/nefarious2,https://github.com/evilnet/nefarious2/blob/1c4719d6bd68a9fa3f987053f34166803c7cb5c1/configure.in#L548,"dnl Determine some default directory names
dnl
dnl HACK WARNING: We are referencing an autoconf internal variable.  This is
dnl the only way to figure out what value $prefix will have when we go to do
dnl the install--and the only way we can stick that value in our definitions
dnl of SPATH, etc.",['hack'],Autotool,0,548,553
778,evilnet/nefarious2,https://github.com/evilnet/nefarious2/blob/1c4719d6bd68a9fa3f987053f34166803c7cb5c1/config.h.in#L21,/* Define to implement epoll system calls */,['implement'],Autotool,0,21,21
