repoIndex,repoName,linkLocation,comment,keywords,buildSysteminFile,charPosition,startLine,endLine
793,sergiud/suitesparse,https://github.com/sergiud/suitesparse/blob/5fa24ce1d67472e0e5cffd79d79b16000cd0f3c4/GraphBLAS/CMakeLists.txt#L38,# SuiteSparse:GraphBLAS v6.0.0 and later fully implement the v2 spec,['implement'],CMake,4,38,38
793,sergiud/suitesparse,https://github.com/sergiud/suitesparse/blob/5fa24ce1d67472e0e5cffd79d79b16000cd0f3c4/GraphBLAS/CMakeLists.txt#L59,"# TODO: use something like this:
# if ( set some flag to ignore cuda )
#   set ( CMAKE_CUDA off )
#   message ( STATUS ""CUDA: disabled"" )
# elseif ( ${CMAKE_VERSION} VERSION_LESS ""3.17.0"" )
#   ...",['todo'],CMake,0,59,64
793,sergiud/suitesparse,https://github.com/sergiud/suitesparse/blob/5fa24ce1d67472e0e5cffd79d79b16000cd0f3c4/GraphBLAS/CMakeLists.txt#L272,"# The -g option is useful for the Intel VTune tool, but it should be
# removed in production.  Comment this line out if not in use:
# set ( CMAKE_C_FLAGS  ""${CMAKE_C_FLAGS} -g"" )
# cmake 2.8 workaround: gcc needs to be told to do ANSI C11.
# cmake 3.0 doesn't have this problem.",['workaround'],CMake,4,272,276
793,sergiud/suitesparse,https://github.com/sergiud/suitesparse/blob/5fa24ce1d67472e0e5cffd79d79b16000cd0f3c4/GraphBLAS/CMakeLists.txt#L320,"# options for PGI pgcc compiler.  The compiler has a bug, and the
# -DPGI_COMPILER_BUG causes GraphBLAS to use a workaround.",['workaround'],CMake,4,320,321
793,sergiud/suitesparse,https://github.com/sergiud/suitesparse/blob/5fa24ce1d67472e0e5cffd79d79b16000cd0f3c4/GraphBLAS/CUDA/CMakeLists.txt#L52,# TODO: Need to do this piece in cmake,['todo'],CMake,0,52,52
793,sergiud/suitesparse,https://github.com/sergiud/suitesparse/blob/5fa24ce1d67472e0e5cffd79d79b16000cd0f3c4/GraphBLAS/CUDA/CMakeLists.txt#L68,# TODO: Update testGen.py to accept the above CUDA_TEST_* params as arguments,['todo'],CMake,0,68,68
793,sergiud/suitesparse,https://github.com/sergiud/suitesparse/blob/5fa24ce1d67472e0e5cffd79d79b16000cd0f3c4/GraphBLAS/CUDA/CMakeLists.txt#L81,"# TODO: Have Python script also build separate cudaTest.cpp (named something
# like AxB_dot3_cuda_tests.cpp) for each suite. This way we should be able to
# easily ignore them from the build",['todo'],CMake,12,81,83
793,sergiud/suitesparse,https://github.com/sergiud/suitesparse/blob/5fa24ce1d67472e0e5cffd79d79b16000cd0f3c4/GraphBLAS/GraphBLAS/CMakeLists.txt#L41,# SuiteSparse:GraphBLAS v6.0.0 and later fully implement the v2 spec,['implement'],CMake,4,41,41
793,sergiud/suitesparse,https://github.com/sergiud/suitesparse/blob/5fa24ce1d67472e0e5cffd79d79b16000cd0f3c4/cmake/superbuild/CMakeLists.txt#L73,# HACK,['hack'],CMake,2,73,73
793,sergiud/suitesparse,https://github.com/sergiud/suitesparse/blob/5fa24ce1d67472e0e5cffd79d79b16000cd0f3c4/cmake/superbuild/CMakeLists.txt#L157,"# HACK: CMAKE_CACHE_ARGS will not work otherwise. The semicolon after the
# first entry is omitted. So we add an empty (dummy) entry.",['hack'],CMake,2,157,158
