repoIndex,repoName,linkLocation,comment,keywords,buildSysteminFile,charPosition,startLine,endLine
828,sagb/alttab,https://github.com/sagb/alttab/blob/2ed36d5846d1e9c3e2a7b5b03f25745e3fc80283/aclocal.m4#L621,"# Older Autoconf quotes --file arguments for eval, but not when files
# are listed without --file.  Let's play safe and only enable the eval
# if we detect the quoting.
# TODO: see whether this extra hack can be removed once we start
# requiring Autoconf 2.70 or later.","['todo', 'hack']",Autotool,2,621,625
828,sagb/alttab,https://github.com/sagb/alttab/blob/2ed36d5846d1e9c3e2a7b5b03f25745e3fc80283/aclocal.m4#L1059,"# Losing compiler, so override with the script.
# FIXME: It is wrong to rewrite CC.
# But if we don't then we get into trouble of one sort or another.
# A longer-term fix would be to have automake use am__CC in this case,
# and then we could set am__CC=""\$(top_srcdir)/compile \$(CC)""","['fix', 'fixme']",Autotool,3,1059,1063
828,sagb/alttab,https://github.com/sagb/alttab/blob/2ed36d5846d1e9c3e2a7b5b03f25745e3fc80283/aclocal.m4#L1130,"# If neither matched, then we have a broken ls.  This can happen
# if, for instance, CONFIG_SHELL is bash and it inherits a
# broken ls alias from the environment.  This has actually
# happened.  Such a system could not be considered ""sane"".",['broken'],Autotool,1,1130,1133
