repoIndex,repoName,linkLocation,comment,keywords,buildSysteminFile,charPosition,startLine,endLine
8552,exist-db/exist,https://github.com/exist-db/exist/blob/9e710a9a73a5be91019bc1548052b4e2e79fd8ad/exist-core/pom.xml#L775,<!-- TODO(AR) Consider upstreaming to Apache Commons IO project -->,['todo'],Maven,32,775,775
8552,exist-db/exist,https://github.com/exist-db/exist/blob/9e710a9a73a5be91019bc1548052b4e2e79fd8ad/exist-distribution/pom.xml#L187,<!-- TODO(AR) EXI module is effectively GPL -->,['todo'],Maven,8,187,187
8552,exist-db/exist,https://github.com/exist-db/exist/blob/9e710a9a73a5be91019bc1548052b4e2e79fd8ad/exist-distribution/pom.xml#L1332,<!-- This is needed in a profile to workaround https://github.com/jutzig/github-release-plugin/issues/50 -->,['workaround'],Maven,20,1332,1332
8552,exist-db/exist,https://github.com/exist-db/exist/blob/9e710a9a73a5be91019bc1548052b4e2e79fd8ad/exist-installer/pom.xml#L179,<!-- This is needed in a profile to workaround https://github.com/jutzig/github-release-plugin/issues/50 -->,['workaround'],Maven,20,179,179
8552,exist-db/exist,https://github.com/exist-db/exist/blob/9e710a9a73a5be91019bc1548052b4e2e79fd8ad/exist-parent/pom.xml#L790,<!-- TODO(AR) disabled due to slow `mvn site` build times -->,['todo'],Maven,84,790,790
8552,exist-db/exist,https://github.com/exist-db/exist/blob/9e710a9a73a5be91019bc1548052b4e2e79fd8ad/exist-parent/pom.xml#L1064,<!-- TODO(AR) disabled due to slow `mvn site` build times -->,['todo'],Maven,12,1064,1064
8552,exist-db/exist,https://github.com/exist-db/exist/blob/9e710a9a73a5be91019bc1548052b4e2e79fd8ad/extensions/indexes/spatial/pom.xml#L212,"<!-- TODO the version of GeoTools that we use is not compatible with Java 9+
                    so we skip the tests by default, and only enable them in a profile (below) if Java 8
                    See: https://medium.com/codefx-weekly/geotools-on-java-9-e8717e347a1f
                    See: https://github.com/geotools/geotools/pull/1670
                    -->",['todo'],Maven,20,212,216
