repoIndex,repoName,linkLocation,comment,keywords,buildSysteminFile,charPosition,startLine,endLine
8592,opencb/opencga,https://github.com/opencb/opencga/blob/8594e0aac60bf9b0c3ee943488048356f27bc2d3/opencga-core/pom.xml#L37,<!-- TODO remove oskar-analysis dependency and add these ones:       -->,['todo'],Maven,8,37,37
8592,opencb/opencga,https://github.com/opencb/opencga/blob/8594e0aac60bf9b0c3ee943488048356f27bc2d3/opencga-core/pom.xml#L51,<!-- TODO this is only needed in one line of UriUtils       -->,['todo'],Maven,8,51,51
8592,opencb/opencga,https://github.com/opencb/opencga/blob/8594e0aac60bf9b0c3ee943488048356f27bc2d3/opencga-storage/opencga-storage-hadoop/opencga-storage-hadoop-deps/pom.xml#L290,<!-- Dependency broken due to optional parent      -->,['broken'],Maven,8,290,290
8592,opencb/opencga,https://github.com/opencb/opencga/blob/8594e0aac60bf9b0c3ee943488048356f27bc2d3/opencga-storage/opencga-storage-hadoop/opencga-storage-hadoop-deps/opencga-storage-hadoop-deps-cdh5.13/pom.xml#L128,<!-- Dependency broken due to optional parent      -->,['broken'],Maven,8,128,128
8592,opencb/opencga,https://github.com/opencb/opencga/blob/8594e0aac60bf9b0c3ee943488048356f27bc2d3/opencga-storage/opencga-storage-hadoop/opencga-storage-hadoop-deps/opencga-storage-hadoop-deps-emr5.31/pom.xml#L159,<!-- Dependency broken due to optional parent      -->,['broken'],Maven,8,159,159
8592,opencb/opencga,https://github.com/opencb/opencga/blob/8594e0aac60bf9b0c3ee943488048356f27bc2d3/opencga-storage/opencga-storage-hadoop/opencga-storage-hadoop-deps/opencga-storage-hadoop-deps-emr5.8/pom.xml#L125,<!-- Dependency broken due to optional parent      -->,['broken'],Maven,8,125,125
8592,opencb/opencga,https://github.com/opencb/opencga/blob/8594e0aac60bf9b0c3ee943488048356f27bc2d3/opencga-storage/opencga-storage-hadoop/opencga-storage-hadoop-deps/opencga-storage-hadoop-deps-emr6.1/pom.xml#L186,<!-- Dependency broken due to optional parent      -->,['broken'],Maven,8,186,186
8592,opencb/opencga,https://github.com/opencb/opencga/blob/8594e0aac60bf9b0c3ee943488048356f27bc2d3/opencga-storage/opencga-storage-hadoop/opencga-storage-hadoop-deps/opencga-storage-hadoop-deps-hdp2.5/pom.xml#L134,<!-- Dependency broken due to optional parent      -->,['broken'],Maven,8,134,134
8592,opencb/opencga,https://github.com/opencb/opencga/blob/8594e0aac60bf9b0c3ee943488048356f27bc2d3/opencga-storage/opencga-storage-hadoop/opencga-storage-hadoop-deps/opencga-storage-hadoop-deps-hdp2.6/pom.xml#L156,<!-- Dependency broken due to optional parent      -->,['broken'],Maven,8,156,156
8592,opencb/opencga,https://github.com/opencb/opencga/blob/8594e0aac60bf9b0c3ee943488048356f27bc2d3/opencga-storage/opencga-storage-hadoop/opencga-storage-hadoop-deps/opencga-storage-hadoop-deps-hdp3.1/pom.xml#L167,<!-- Dependency broken due to optional parent      -->,['broken'],Maven,8,167,167
