repoIndex,repoName,linkLocation,comment,keywords,buildSysteminFile,charPosition,startLine,endLine
8802,raphw/byte-buddy,https://github.com/raphw/byte-buddy/blob/dc18b405d3912e72b5258265ad72edd6397374d8/byte-buddy-android-test/pom.xml#L25,"<!--
      Be aware that not all IDEs automatically add all dependencies and their transitive dependencies to the
      build path of the built APK. Therefore, the dx.jar dependency sometimes needs to be added explicitly
      to the project build. This is further described here:
      http://stackoverflow.com/questions/14765910/could-not-find-class-xxx-referenced-from-method-xxx-yyy

      This module is activated by the 'android' Maven profile.
    -->",['xxx'],Maven,4,25,32
