repoIndex,repoName,linkLocation,comment,keywords,buildSysteminFile,charPosition,startLine,endLine
9248,xtreemfs/xtreemfs,https://github.com/xtreemfs/xtreemfs/blob/8ec21f694f784d2dfdf8c5e5462b0ff784f68391/cpp/thirdparty/gtest-1.7.0/configure.ac#L32,"# TODO(chandlerc@google.com): Currently we aren't running the Python tests
# against the interpreter detected by AM_PATH_PYTHON, and so we condition
# HAVE_PYTHON by requiring ""python"" to be in the PATH, and that interpreter's
# version to be >= 2.3. This will allow the scripts to use a ""/usr/bin/env""
# hashbang.",['todo'],Autotool,0,32,36
9248,xtreemfs/xtreemfs,https://github.com/xtreemfs/xtreemfs/blob/8ec21f694f784d2dfdf8c5e5462b0ff784f68391/cpp/thirdparty/gtest-1.7.0/configure.ac#L62,# TODO(chandlerc@google.com) Check for the necessary system headers.,['todo'],Autotool,0,62,62
9248,xtreemfs/xtreemfs,https://github.com/xtreemfs/xtreemfs/blob/8ec21f694f784d2dfdf8c5e5462b0ff784f68391/cpp/thirdparty/gtest-1.7.0/configure.ac#L64,"# TODO(chandlerc@google.com) Check the types, structures, and other compiler
# and architecture characteristics.",['todo'],Autotool,0,64,65
9248,xtreemfs/xtreemfs,https://github.com/xtreemfs/xtreemfs/blob/8ec21f694f784d2dfdf8c5e5462b0ff784f68391/cpp/thirdparty/protobuf-2.6.1/configure.ac#L151,"# HACK:  Make gtest's configure script pick up our copy of CFLAGS and CXXFLAGS,
#   since the flags added by ACX_CHECK_SUNCC must be used when compiling gtest
#   too.",['hack'],Autotool,0,151,153
9248,xtreemfs/xtreemfs,https://github.com/xtreemfs/xtreemfs/blob/8ec21f694f784d2dfdf8c5e5462b0ff784f68391/cpp/thirdparty/protobuf-2.6.1/gtest/configure.ac#L32,"# TODO(chandlerc@google.com): Currently we aren't running the Python tests
# against the interpreter detected by AM_PATH_PYTHON, and so we condition
# HAVE_PYTHON by requiring ""python"" to be in the PATH, and that interpreter's
# version to be >= 2.3. This will allow the scripts to use a ""/usr/bin/env""
# hashbang.",['todo'],Autotool,0,32,36
9248,xtreemfs/xtreemfs,https://github.com/xtreemfs/xtreemfs/blob/8ec21f694f784d2dfdf8c5e5462b0ff784f68391/cpp/thirdparty/protobuf-2.6.1/gtest/configure.ac#L62,# TODO(chandlerc@google.com) Check for the necessary system headers.,['todo'],Autotool,0,62,62
9248,xtreemfs/xtreemfs,https://github.com/xtreemfs/xtreemfs/blob/8ec21f694f784d2dfdf8c5e5462b0ff784f68391/cpp/thirdparty/protobuf-2.6.1/gtest/configure.ac#L64,"# TODO(chandlerc@google.com) Check the types, structures, and other compiler
# and architecture characteristics.",['todo'],Autotool,0,64,65
9248,xtreemfs/xtreemfs,https://github.com/xtreemfs/xtreemfs/blob/8ec21f694f784d2dfdf8c5e5462b0ff784f68391/cpp/thirdparty/gtest-1.7.0/aclocal.m4#L406,"# AM_OUTPUT_DEPENDENCY_COMMANDS
# -----------------------------
# This macro should only be invoked once -- use via AC_REQUIRE.
#
# This code is only required when automatic dependency tracking
# is enabled.  FIXME.  This creates each `.P' file that we will
# need in order to bootstrap the dependency handling code.",['fixme'],Autotool,0,406,412
9248,xtreemfs/xtreemfs,https://github.com/xtreemfs/xtreemfs/blob/8ec21f694f784d2dfdf8c5e5462b0ff784f68391/cpp/thirdparty/gtest-1.7.0/aclocal.m4#L1029,"# If neither matched, then we have a broken ls.  This can happen
# if, for instance, CONFIG_SHELL is bash and it inherits a
# broken ls alias from the environment.  This has actually
# happened.  Such a system could not be considered ""sane"".",['broken'],Autotool,6,1029,1032
9248,xtreemfs/xtreemfs,https://github.com/xtreemfs/xtreemfs/blob/8ec21f694f784d2dfdf8c5e5462b0ff784f68391/cpp/thirdparty/protobuf-2.6.1/aclocal.m4#L397,"# AM_OUTPUT_DEPENDENCY_COMMANDS
# -----------------------------
# This macro should only be invoked once -- use via AC_REQUIRE.
#
# This code is only required when automatic dependency tracking
# is enabled.  FIXME.  This creates each '.P' file that we will
# need in order to bootstrap the dependency handling code.",['fixme'],Autotool,0,397,403
9248,xtreemfs/xtreemfs,https://github.com/xtreemfs/xtreemfs/blob/8ec21f694f784d2dfdf8c5e5462b0ff784f68391/cpp/thirdparty/protobuf-2.6.1/aclocal.m4#L836,"# Losing compiler, so override with the script.
# FIXME: It is wrong to rewrite CC.
# But if we don't then we get into trouble of one sort or another.
# A longer-term fix would be to have automake use am__CC in this case,
# and then we could set am__CC=""\$(top_srcdir)/compile \$(CC)""","['fix', 'fixme']",Autotool,3,836,840
9248,xtreemfs/xtreemfs,https://github.com/xtreemfs/xtreemfs/blob/8ec21f694f784d2dfdf8c5e5462b0ff784f68391/cpp/thirdparty/protobuf-2.6.1/aclocal.m4#L907,"# If neither matched, then we have a broken ls.  This can happen
# if, for instance, CONFIG_SHELL is bash and it inherits a
# broken ls alias from the environment.  This has actually
# happened.  Such a system could not be considered ""sane"".",['broken'],Autotool,1,907,910
9248,xtreemfs/xtreemfs,https://github.com/xtreemfs/xtreemfs/blob/8ec21f694f784d2dfdf8c5e5462b0ff784f68391/cpp/thirdparty/protobuf-2.6.1/gtest/aclocal.m4#L397,"# AM_OUTPUT_DEPENDENCY_COMMANDS
# -----------------------------
# This macro should only be invoked once -- use via AC_REQUIRE.
#
# This code is only required when automatic dependency tracking
# is enabled.  FIXME.  This creates each '.P' file that we will
# need in order to bootstrap the dependency handling code.",['fixme'],Autotool,0,397,403
9248,xtreemfs/xtreemfs,https://github.com/xtreemfs/xtreemfs/blob/8ec21f694f784d2dfdf8c5e5462b0ff784f68391/cpp/thirdparty/protobuf-2.6.1/gtest/aclocal.m4#L800,"# Losing compiler, so override with the script.
# FIXME: It is wrong to rewrite CC.
# But if we don't then we get into trouble of one sort or another.
# A longer-term fix would be to have automake use am__CC in this case,
# and then we could set am__CC=""\$(top_srcdir)/compile \$(CC)""","['fix', 'fixme']",Autotool,3,800,804
9248,xtreemfs/xtreemfs,https://github.com/xtreemfs/xtreemfs/blob/8ec21f694f784d2dfdf8c5e5462b0ff784f68391/cpp/thirdparty/protobuf-2.6.1/gtest/aclocal.m4#L1106,"# If neither matched, then we have a broken ls.  This can happen
# if, for instance, CONFIG_SHELL is bash and it inherits a
# broken ls alias from the environment.  This has actually
# happened.  Such a system could not be considered ""sane"".",['broken'],Autotool,1,1106,1109
9248,xtreemfs/xtreemfs,https://github.com/xtreemfs/xtreemfs/blob/8ec21f694f784d2dfdf8c5e5462b0ff784f68391/cpp/CMakeLists.txt#L220,"#message(STATUS ""checking for library: ${LIB}"")
# For unknown reasons, setting ""FIND_LIBRARY_USE_LIB64_PATHS"" does not fix the issue that libraries in /usr/lib64/ are not found under openSuse.
# Therefore we just specify a list of possible library directories.",['fix'],CMake,2,220,222
9248,xtreemfs/xtreemfs,https://github.com/xtreemfs/xtreemfs/blob/8ec21f694f784d2dfdf8c5e5462b0ff784f68391/cpp/CMakeLists.txt#L393,"# Workaround to pass -D defines to SWIG -> fixed in modified UseSWIG.cmake
# set(CMAKE_SWIG_FLAGS ""$(CXX_DEFINES)"")",['workaround'],CMake,4,393,394
9248,xtreemfs/xtreemfs,https://github.com/xtreemfs/xtreemfs/blob/8ec21f694f784d2dfdf8c5e5462b0ff784f68391/cpp/thirdparty/gtest-1.7.0/cmake/internal_utils.cmake#L56,"# Newlines inside flags variables break CMake's NMake generator.
# TODO(vladl@google.com): Add -RTCs and -RTCu to debug builds.",['todo'],CMake,4,56,57
9248,xtreemfs/xtreemfs,https://github.com/xtreemfs/xtreemfs/blob/8ec21f694f784d2dfdf8c5e5462b0ff784f68391/cpp/thirdparty/protobuf-2.6.1/gtest/cmake/internal_utils.cmake#L56,"# Newlines inside flags variables break CMake's NMake generator.
# TODO(vladl@google.com): Add -RTCs and -RTCu to debug builds.",['todo'],CMake,4,56,57
