repoIndex,repoName,linkLocation,comment,keywords,buildSysteminFile,charPosition,startLine,endLine
9499,jwtk/jjwt,https://github.com/jwtk/jjwt/blob/a85815351806a35461d951d41fcc3c2ce14b7904/pom.xml#L88,<!-- temporary fix until official release of coverall-maven-plugin with clover support: -->,['fix'],Maven,8,88,88
9499,jwtk/jjwt,https://github.com/jwtk/jjwt/blob/a85815351806a35461d951d41fcc3c2ce14b7904/pom.xml#L99,<!-- temporary fix until official release of coverall-maven-plugin with clover support: -->,['fix'],Maven,8,99,99
9499,jwtk/jjwt,https://github.com/jwtk/jjwt/blob/a85815351806a35461d951d41fcc3c2ce14b7904/pom.xml#L339,<!-- Workaround for Java 9 -->,['workaround'],Maven,24,339,339
9499,jwtk/jjwt,https://github.com/jwtk/jjwt/blob/a85815351806a35461d951d41fcc3c2ce14b7904/pom.xml#L393,<!-- TODO: enable after 1.0 -->,['todo'],Maven,28,393,393
9499,jwtk/jjwt,https://github.com/jwtk/jjwt/blob/a85815351806a35461d951d41fcc3c2ce14b7904/pom.xml#L410,<!-- TODO: remove these deprecated packages and this config before v1.0 -->,['todo'],Maven,16,410,410
9499,jwtk/jjwt,https://github.com/jwtk/jjwt/blob/a85815351806a35461d951d41fcc3c2ce14b7904/extensions/jackson/pom.xml#L52,<!-- TODO: remove these deprecated packages and this config before v1.0 -->,['todo'],Maven,12,52,52
9499,jwtk/jjwt,https://github.com/jwtk/jjwt/blob/a85815351806a35461d951d41fcc3c2ce14b7904/extensions/orgjson/pom.xml#L52,<!-- TODO: remove these deprecated packages and this config before v1.0 -->,['todo'],Maven,12,52,52
