repoIndex,repoName,linkLocation,comment,keywords,buildSysteminFile,charPosition,startLine,endLine
960,hypermail-project/hypermail,https://github.com/hypermail-project/hypermail/blob/10c9cbe6e60e77e16e21b870e6c78eb1050f0438/src/pcre/config.h.in#L276,/* Define to any value if linking statically (TODO: make nice with Libtool) */,['todo'],Autotool,0,276,276
960,hypermail-project/hypermail,https://github.com/hypermail-project/hypermail/blob/10c9cbe6e60e77e16e21b870e6c78eb1050f0438/src/pcre/configure.ac#L501,"# We try to run the linker with this new ld flag.  If the link fails,
# we give up and remove the new flag from LDFLAGS.",['give up'],Autotool,2,501,502
960,hypermail-project/hypermail,https://github.com/hypermail-project/hypermail/blob/10c9cbe6e60e77e16e21b870e6c78eb1050f0438/aclocal.m4#L3,"dnl
dnl APR_SUBDIR_CONFIG(dir [, sub-package-cmdline-args, args-to-drop])
dnl
dnl dir: directory to find configure in
dnl sub-package-cmdline-args: arguments to add to the invocation (optional)
dnl args-to-drop: arguments to drop from the invocation (optional)
dnl
dnl Note: This macro relies on ac_configure_args being set properly.
dnl
dnl The args-to-drop argument is shoved into a case statement, so
dnl multiple arguments can be separated with a |.
dnl
dnl Note: Older versions of autoconf do not single-quote args, while 2.54+
dnl places quotes around every argument.  So, if you want to drop the
dnl argument called --enable-layout, you must pass the third argument as:
dnl [--enable-layout=*|\'--enable-layout=*]
dnl
dnl Trying to optimize this is left as an exercise to the reader who wants
dnl to put up with more autoconf craziness.  I give up.
dnl",['give up'],Autotool,0,3,22
960,hypermail-project/hypermail,https://github.com/hypermail-project/hypermail/blob/10c9cbe6e60e77e16e21b870e6c78eb1050f0438/src/fnv/aclocal.m4#L812,"## FIXME: this should be a separate macro
##",['fixme'],Autotool,0,812,813
960,hypermail-project/hypermail,https://github.com/hypermail-project/hypermail/blob/10c9cbe6e60e77e16e21b870e6c78eb1050f0438/src/fnv/aclocal.m4#L825,"##
## END FIXME",['fixme'],Autotool,0,825,826
960,hypermail-project/hypermail,https://github.com/hypermail-project/hypermail/blob/10c9cbe6e60e77e16e21b870e6c78eb1050f0438/src/fnv/aclocal.m4#L829,"## FIXME: this should be a separate macro
##",['fixme'],Autotool,0,829,830
960,hypermail-project/hypermail,https://github.com/hypermail-project/hypermail/blob/10c9cbe6e60e77e16e21b870e6c78eb1050f0438/src/fnv/aclocal.m4#L854,"# Below there is a dirty hack to force normal static linking with -ldl
# The problem is because libdl dynamically linked with both libc and
# libC (AIX C++ library), which obviously doesn't included in libraries
# list by gcc. This cause undefined symbols with -static flags.
# This hack allows C programs to be linked with ""-static -ldl"", but
# not sure about C++ programs.",['hack'],Autotool,6,854,859
960,hypermail-project/hypermail,https://github.com/hypermail-project/hypermail/blob/10c9cbe6e60e77e16e21b870e6c78eb1050f0438/src/fnv/aclocal.m4#L863,"# FIXME: we need at least 68020 code to build shared libraries, but
# adding the `-m68020' flag to GCC prevents building anything better,
# like `-m68040'.",['fixme'],Autotool,6,863,865
960,hypermail-project/hypermail,https://github.com/hypermail-project/hypermail/blob/10c9cbe6e60e77e16e21b870e6c78eb1050f0438/src/fnv/aclocal.m4#L877,"# This hack is so that the source file can tell whether it is being
# built for inclusion in a dll (and should export symbols for example).",['hack'],Autotool,6,877,878
960,hypermail-project/hypermail,https://github.com/hypermail-project/hypermail/blob/10c9cbe6e60e77e16e21b870e6c78eb1050f0438/src/fnv/aclocal.m4#L918,"# This hack is so that the source file can tell whether it is being
# built for inclusion in a dll (and should export symbols for example).",['hack'],Autotool,6,918,919
960,hypermail-project/hypermail,https://github.com/hypermail-project/hypermail/blob/10c9cbe6e60e77e16e21b870e6c78eb1050f0438/src/fnv/aclocal.m4#L1021,"##
## END FIXME",['fixme'],Autotool,0,1021,1022
960,hypermail-project/hypermail,https://github.com/hypermail-project/hypermail/blob/10c9cbe6e60e77e16e21b870e6c78eb1050f0438/src/fnv/aclocal.m4#L1034,"## FIXME: this should be a separate macro
##",['fixme'],Autotool,0,1034,1035
960,hypermail-project/hypermail,https://github.com/hypermail-project/hypermail/blob/10c9cbe6e60e77e16e21b870e6c78eb1050f0438/src/fnv/aclocal.m4#L1055,"##
## END FIXME",['fixme'],Autotool,0,1055,1056
960,hypermail-project/hypermail,https://github.com/hypermail-project/hypermail/blob/10c9cbe6e60e77e16e21b870e6c78eb1050f0438/src/fnv/aclocal.m4#L1059,"## FIXME: this should be a separate macro
##
# Check to see if options -o and -c are simultaneously supported by compiler",['fixme'],Autotool,0,1059,1061
960,hypermail-project/hypermail,https://github.com/hypermail-project/hypermail/blob/10c9cbe6e60e77e16e21b870e6c78eb1050f0438/src/fnv/aclocal.m4#L1128,"##
## END FIXME",['fixme'],Autotool,0,1128,1129
960,hypermail-project/hypermail,https://github.com/hypermail-project/hypermail/blob/10c9cbe6e60e77e16e21b870e6c78eb1050f0438/src/fnv/aclocal.m4#L1131,"## FIXME: this should be a separate macro
##
# Check to see if we can do hard links to lock some files if needed",['fixme'],Autotool,0,1131,1133
960,hypermail-project/hypermail,https://github.com/hypermail-project/hypermail/blob/10c9cbe6e60e77e16e21b870e6c78eb1050f0438/src/fnv/aclocal.m4#L1152,"##
## END FIXME",['fixme'],Autotool,0,1152,1153
960,hypermail-project/hypermail,https://github.com/hypermail-project/hypermail/blob/10c9cbe6e60e77e16e21b870e6c78eb1050f0438/src/fnv/aclocal.m4#L1155,"## FIXME: this should be a separate macro
##",['fixme'],Autotool,0,1155,1156
960,hypermail-project/hypermail,https://github.com/hypermail-project/hypermail/blob/10c9cbe6e60e77e16e21b870e6c78eb1050f0438/src/fnv/aclocal.m4#L1182,"##
## END FIXME",['fixme'],Autotool,0,1182,1183
960,hypermail-project/hypermail,https://github.com/hypermail-project/hypermail/blob/10c9cbe6e60e77e16e21b870e6c78eb1050f0438/src/fnv/aclocal.m4#L1185,"## FIXME: this should be a separate macro
##
# See if the linker supports building shared libraries.",['fixme'],Autotool,0,1185,1187
960,hypermail-project/hypermail,https://github.com/hypermail-project/hypermail/blob/10c9cbe6e60e77e16e21b870e6c78eb1050f0438/src/fnv/aclocal.m4#L1230,"# FIXME: the MSVC++ port hasn't been tested in a loooong time
# When not using gcc, we currently assume that we are using
# Microsoft Visual C++.",['fixme'],Autotool,2,1230,1232
960,hypermail-project/hypermail,https://github.com/hypermail-project/hypermail/blob/10c9cbe6e60e77e16e21b870e6c78eb1050f0438/src/fnv/aclocal.m4#L1250,"# On AIX, the GNU linker is very broken
# Note:Check GNU linker on AIX 5-IA64 when/if it becomes available.",['broken'],Autotool,4,1250,1251
960,hypermail-project/hypermail,https://github.com/hypermail-project/hypermail/blob/10c9cbe6e60e77e16e21b870e6c78eb1050f0438/src/fnv/aclocal.m4#L1305,"# cygwin and mingw dlls have different entry points and sets of symbols
# to exclude.
# FIXME: what about values for MSVC?",['fixme'],Autotool,4,1305,1307
960,hypermail-project/hypermail,https://github.com/hypermail-project/hypermail/blob/10c9cbe6e60e77e16e21b870e6c78eb1050f0438/src/fnv/aclocal.m4#L1444,"# Neither direct hardcoding nor static linking is supported with a
# broken collect2.",['broken'],Autotool,6,1444,1445
960,hypermail-project/hypermail,https://github.com/hypermail-project/hypermail/blob/10c9cbe6e60e77e16e21b870e6c78eb1050f0438/src/fnv/aclocal.m4#L1476,"# When large executables or shared objects are built, AIX ld can
# have problems creating the table of contents.  If linking a library
# or program results in ""error TOC overflow"" add -mminimal-toc to
# CXXFLAGS/CFLAGS for g++/gcc.  In the cases where that is not
# enough to fix the problem, add -Wl,-bbigtoc to LDFLAGS.",['fix'],Autotool,4,1476,1480
960,hypermail-project/hypermail,https://github.com/hypermail-project/hypermail/blob/10c9cbe6e60e77e16e21b870e6c78eb1050f0438/src/fnv/aclocal.m4#L1523,"# Warning - without using the other runtime loading flags (-brtl),
# -berok will link without error, but may produce a broken library.",['broken'],Autotool,6,1523,1524
960,hypermail-project/hypermail,https://github.com/hypermail-project/hypermail/blob/10c9cbe6e60e77e16e21b870e6c78eb1050f0438/src/fnv/aclocal.m4#L1535,"# Warning - without using the other run time loading flags,
# -berok will link without error, but may produce a broken library.",['broken'],Autotool,1,1535,1536
960,hypermail-project/hypermail,https://github.com/hypermail-project/hypermail/blob/10c9cbe6e60e77e16e21b870e6c78eb1050f0438/src/fnv/aclocal.m4#L1580,"# FIXME: Relying on posixy $() will cause problems for
#        cross-compilation, but unfortunately the echo tests do not
#        yet detect zsh echo's removal of \ escapes.  Also zsh mangles
#	     `""' quotes if we put them in here... so don't!",['fixme'],Autotool,4,1580,1583
960,hypermail-project/hypermail,https://github.com/hypermail-project/hypermail/blob/10c9cbe6e60e77e16e21b870e6c78eb1050f0438/src/fnv/aclocal.m4#L1870,"##
## END FIXME",['fixme'],Autotool,0,1870,1871
960,hypermail-project/hypermail,https://github.com/hypermail-project/hypermail/blob/10c9cbe6e60e77e16e21b870e6c78eb1050f0438/src/fnv/aclocal.m4#L1873,"## FIXME: this should be a separate macro
##
# Check hardcoding attributes.",['fixme'],Autotool,0,1873,1875
960,hypermail-project/hypermail,https://github.com/hypermail-project/hypermail/blob/10c9cbe6e60e77e16e21b870e6c78eb1050f0438/src/fnv/aclocal.m4#L1900,"##
## END FIXME",['fixme'],Autotool,0,1900,1901
960,hypermail-project/hypermail,https://github.com/hypermail-project/hypermail/blob/10c9cbe6e60e77e16e21b870e6c78eb1050f0438/src/fnv/aclocal.m4#L1903,"## FIXME: this should be a separate macro
##",['fixme'],Autotool,0,1903,1904
960,hypermail-project/hypermail,https://github.com/hypermail-project/hypermail/blob/10c9cbe6e60e77e16e21b870e6c78eb1050f0438/src/fnv/aclocal.m4#L1915,"##
## END FIXME",['fixme'],Autotool,0,1915,1916
960,hypermail-project/hypermail,https://github.com/hypermail-project/hypermail/blob/10c9cbe6e60e77e16e21b870e6c78eb1050f0438/src/fnv/aclocal.m4#L1921,"## FIXME: this should be a separate macro
##
# PORTME Fill in your ld.so characteristics",['fixme'],Autotool,0,1921,1923
960,hypermail-project/hypermail,https://github.com/hypermail-project/hypermail/blob/10c9cbe6e60e77e16e21b870e6c78eb1050f0438/src/fnv/aclocal.m4#L2046,# FIXME: first we should search . and the directory the executable is in,['fixme'],Autotool,2,2046,2046
960,hypermail-project/hypermail,https://github.com/hypermail-project/hypermail/blob/10c9cbe6e60e77e16e21b870e6c78eb1050f0438/src/fnv/aclocal.m4#L2055,"# FIXME: Relying on posixy $() will cause problems for
#        cross-compilation, but unfortunately the echo tests do not
#        yet detect zsh echo's removal of \ escapes.",['fixme'],Autotool,2,2055,2057
960,hypermail-project/hypermail,https://github.com/hypermail-project/hypermail/blob/10c9cbe6e60e77e16e21b870e6c78eb1050f0438/src/fnv/aclocal.m4#L2167,"# We used to test for /lib/ld.so.1 and disable shared libraries on
# powerpc, because MkLinux only supported shared libraries with the
# GNU dynamic linker.  Since this was broken with cross compilers,
# most powerpc-linux boxes support dynamic linking these days and
# people can always --disable-shared, the test was removed, and we
# assume the GNU/Linux dynamic linker is in use.",['broken'],Autotool,2,2167,2172
960,hypermail-project/hypermail,https://github.com/hypermail-project/hypermail/blob/10c9cbe6e60e77e16e21b870e6c78eb1050f0438/src/fnv/aclocal.m4#L2322,"##
## END FIXME",['fixme'],Autotool,0,2322,2323
960,hypermail-project/hypermail,https://github.com/hypermail-project/hypermail/blob/10c9cbe6e60e77e16e21b870e6c78eb1050f0438/src/fnv/aclocal.m4#L2325,"## FIXME: this should be a separate macro
##
# Report the final consequences.",['fixme'],Autotool,0,2325,2327
960,hypermail-project/hypermail,https://github.com/hypermail-project/hypermail/blob/10c9cbe6e60e77e16e21b870e6c78eb1050f0438/src/fnv/aclocal.m4#L2330,"##
## END FIXME",['fixme'],Autotool,0,2330,2331
960,hypermail-project/hypermail,https://github.com/hypermail-project/hypermail/blob/10c9cbe6e60e77e16e21b870e6c78eb1050f0438/src/fnv/aclocal.m4#L2333,"## FIXME: this should be a separate macro
##",['fixme'],Autotool,0,2333,2334
960,hypermail-project/hypermail,https://github.com/hypermail-project/hypermail/blob/10c9cbe6e60e77e16e21b870e6c78eb1050f0438/src/fnv/aclocal.m4#L2356,"##
## END FIXME",['fixme'],Autotool,0,2356,2357
960,hypermail-project/hypermail,https://github.com/hypermail-project/hypermail/blob/10c9cbe6e60e77e16e21b870e6c78eb1050f0438/src/fnv/aclocal.m4#L2359,"## FIXME: this should be a separate macro
##",['fixme'],Autotool,0,2359,2360
960,hypermail-project/hypermail,https://github.com/hypermail-project/hypermail/blob/10c9cbe6e60e77e16e21b870e6c78eb1050f0438/src/fnv/aclocal.m4#L2365,"##
## END FIXME",['fixme'],Autotool,0,2365,2366
960,hypermail-project/hypermail,https://github.com/hypermail-project/hypermail/blob/10c9cbe6e60e77e16e21b870e6c78eb1050f0438/src/fnv/aclocal.m4#L2384,"## FIXME: this should be a separate macro
##",['fixme'],Autotool,0,2384,2385
960,hypermail-project/hypermail,https://github.com/hypermail-project/hypermail/blob/10c9cbe6e60e77e16e21b870e6c78eb1050f0438/src/fnv/aclocal.m4#L2389,# FIXME: we may have to deal with multi-command sequences.,['fixme'],Autotool,4,2389,2389
960,hypermail-project/hypermail,https://github.com/hypermail-project/hypermail/blob/10c9cbe6e60e77e16e21b870e6c78eb1050f0438/src/fnv/aclocal.m4#L2428,"##
## END FIXME",['fixme'],Autotool,0,2428,2429
960,hypermail-project/hypermail,https://github.com/hypermail-project/hypermail/blob/10c9cbe6e60e77e16e21b870e6c78eb1050f0438/src/fnv/aclocal.m4#L2431,"## FIXME: this should be a separate macro
##
# The second clause should only fire when bootstrapping the
# libtool distribution, otherwise you forgot to ship ltmain.sh
# with your package, and you will get complaints that there are
# no rules to generate ltmain.sh.",['fixme'],Autotool,0,2431,2436
960,hypermail-project/hypermail,https://github.com/hypermail-project/hypermail/blob/10c9cbe6e60e77e16e21b870e6c78eb1050f0438/src/fnv/aclocal.m4#L2755,# Fix the shell variable \$srcfile for the compiler.,['fix'],Autotool,0,2755,2755
960,hypermail-project/hypermail,https://github.com/hypermail-project/hypermail/blob/10c9cbe6e60e77e16e21b870e6c78eb1050f0438/src/fnv/aclocal.m4#L2982,"##
## END FIXME",['fixme'],Autotool,0,2982,2983
960,hypermail-project/hypermail,https://github.com/hypermail-project/hypermail/blob/10c9cbe6e60e77e16e21b870e6c78eb1050f0438/src/fnv/aclocal.m4#L2993,"# AC_ENABLE_SHARED - implement the --enable-shared flag
# Usage: AC_ENABLE_SHARED[(DEFAULT)]
#   Where DEFAULT is either `yes' or `no'.  If omitted, it defaults to
#   `yes'.",['implement'],Autotool,0,2993,2996
960,hypermail-project/hypermail,https://github.com/hypermail-project/hypermail/blob/10c9cbe6e60e77e16e21b870e6c78eb1050f0438/src/fnv/aclocal.m4#L3027,"# AC_ENABLE_STATIC - implement the --enable-static flag
# Usage: AC_ENABLE_STATIC[(DEFAULT)]
#   Where DEFAULT is either `yes' or `no'.  If omitted, it defaults to
#   `yes'.",['implement'],Autotool,0,3027,3030
960,hypermail-project/hypermail,https://github.com/hypermail-project/hypermail/blob/10c9cbe6e60e77e16e21b870e6c78eb1050f0438/src/fnv/aclocal.m4#L3062,"# AC_ENABLE_FAST_INSTALL - implement the --enable-fast-install flag
# Usage: AC_ENABLE_FAST_INSTALL[(DEFAULT)]
#   Where DEFAULT is either `yes' or `no'.  If omitted, it defaults to
#   `yes'.",['implement'],Autotool,0,3062,3065
960,hypermail-project/hypermail,https://github.com/hypermail-project/hypermail/blob/10c9cbe6e60e77e16e21b870e6c78eb1050f0438/src/fnv/aclocal.m4#L3096,"# AC_LIBTOOL_PICMODE - implement the --with-pic flag
# Usage: AC_LIBTOOL_PICMODE[(MODE)]
#   Where MODE is either `yes' or `no'.  If omitted, it defaults to
#   `both'.",['implement'],Autotool,0,3096,3099
960,hypermail-project/hypermail,https://github.com/hypermail-project/hypermail/blob/10c9cbe6e60e77e16e21b870e6c78eb1050f0438/src/pcre/aclocal.m4#L447,"# Microsoft lib, so override with the ar-lib wrapper script.
# FIXME: It is wrong to rewrite AR.
# But if we don't then we get into trouble of one sort or another.
# A longer-term fix would be to have automake use am__AR in this case,
# and then we could set am__AR=""$am_aux_dir/ar-lib \$(AR)"" or something
# similar.","['fix', 'fixme']",Autotool,2,447,452
960,hypermail-project/hypermail,https://github.com/hypermail-project/hypermail/blob/10c9cbe6e60e77e16e21b870e6c78eb1050f0438/src/pcre/aclocal.m4#L749,"# Older Autoconf quotes --file arguments for eval, but not when files
# are listed without --file.  Let's play safe and only enable the eval
# if we detect the quoting.
# TODO: see whether this extra hack can be removed once we start
# requiring Autoconf 2.70 or later.","['todo', 'hack']",Autotool,2,749,753
960,hypermail-project/hypermail,https://github.com/hypermail-project/hypermail/blob/10c9cbe6e60e77e16e21b870e6c78eb1050f0438/src/pcre/aclocal.m4#L1190,"# Losing compiler, so override with the script.
# FIXME: It is wrong to rewrite CC.
# But if we don't then we get into trouble of one sort or another.
# A longer-term fix would be to have automake use am__CC in this case,
# and then we could set am__CC=""\$(top_srcdir)/compile \$(CC)""","['fix', 'fixme']",Autotool,3,1190,1194
960,hypermail-project/hypermail,https://github.com/hypermail-project/hypermail/blob/10c9cbe6e60e77e16e21b870e6c78eb1050f0438/src/pcre/aclocal.m4#L1261,"# If neither matched, then we have a broken ls.  This can happen
# if, for instance, CONFIG_SHELL is bash and it inherits a
# broken ls alias from the environment.  This has actually
# happened.  Such a system could not be considered ""sane"".",['broken'],Autotool,1,1261,1264
960,hypermail-project/hypermail,https://github.com/hypermail-project/hypermail/blob/10c9cbe6e60e77e16e21b870e6c78eb1050f0438/src/pcre/CMakeLists.txt#L577,"# Fix static compilation with MSVC: https://bugs.exim.org/show_bug.cgi?id=1681
# This code was taken from the CMake wiki, not from WebM.",['fix'],CMake,0,577,578
