repoIndex,repoName,linkLocation,comment,keywords,buildSysteminFile,charPosition,startLine,endLine
9670,openimaj/openimaj,https://github.com/openimaj/openimaj/blob/545969f7a99c13bb5bd02c0a30f55013e4abca72/web/core-web/pom.xml#L66,"<!-- 
		OS and platform specific profiles for QtJambi binaries;
		A fat cross-platform jar is not practical because of
		the size of the native libraries...
		
		The profiles are done here instead of importing the
		net.sf.qtjambi:qtjambi dependency directly because the
		dependency is currently broken and doesn't include the
		mac64 profile.
	 -->",['broken'],Maven,2,66,75
