repoIndex,repoName,linkLocation,comment,keywords,buildSysteminFile,charPosition,startLine,endLine
9704,apache/openmeetings,https://github.com/apache/openmeetings/blob/c9c253f83eea3697edc9be33094d1908ec468e33/pom.xml#L127,<!-- other versions are broken! -->,['broken'],Maven,46,127,127
9704,apache/openmeetings,https://github.com/apache/openmeetings/blob/c9c253f83eea3697edc9be33094d1908ec468e33/pom.xml#L1240,<!-- FIXME TODO: should be removed after checkstyle plugin will be updated -->,"['todo', 'fixme']",Maven,33,1240,1240
9704,apache/openmeetings,https://github.com/apache/openmeetings/blob/c9c253f83eea3697edc9be33094d1908ec468e33/openmeetings-core/pom.xml#L96,<!-- FIXME TODO -->,"['todo', 'fixme']",Maven,2,96,96
9704,apache/openmeetings,https://github.com/apache/openmeetings/blob/c9c253f83eea3697edc9be33094d1908ec468e33/openmeetings-install/pom.xml#L57,<!-- FIXME TODO -->,"['todo', 'fixme']",Maven,2,57,57
9704,apache/openmeetings,https://github.com/apache/openmeetings/blob/c9c253f83eea3697edc9be33094d1908ec468e33/openmeetings-server/pom.xml#L121,<!-- TODO should be in-sync with global property -->,['todo'],Maven,63,121,121
